train_number,train_name,station_code,station_name,arrival_time,departure_time,day,sequence,distance_km,source_station_code,source_station_name,destination_station_code,destination_station_name,source,source_url
6001.0,Ms-Ten Speci,MS,Chennai Egmo,21:50:00,21:50:00,,1.0,0.0,MS,Chennai Egmore,TEN,Tirunelveli Jn,OGD_Train_details_22122017,https://data.gov.in/resource/train-details
6001.0,Ms-Ten Speci,TBM,Tambaram,22:18:00,22:20:00,,2.0,24.0,MS,Chennai Egmore,TEN,Tirunelveli Jn,OGD_Train_details_22122017,https://data.gov.in/resource/train-details
6001.0,Ms-Ten Speci,CGL,Chengalpattu,22:48:00,22:50:00,,3.0,55.0,MS,Chennai Egmore,TEN,Tirunelveli Jn,OGD_Train_details_22122017,https://data.gov.in/resource/train-details
6001.0,Ms-Ten Speci,VM,Villupuram J,00:25:00,00:30:00,,4.0,158.0,MS,Chennai Egmore,TEN,Tirunelveli Jn,OGD_Train_details_22122017,https://data.gov.in/resource/train-details
6001.0,Ms-Ten Speci,VRI,Vridha Chala,01:20:00,01:22:00,,5.0,212.0,MS,Chennai Egmore,TEN,Tirunelveli Jn,OGD_Train_details_22122017,https://data.gov.in/resource/train-details
6001.0,Ms-Ten Speci,TPJ,Tiruchirappa,04:00:00,04:10:00,,6.0,335.0,MS,Chennai Egmore,TEN,Tirunelveli Jn,OGD_Train_details_22122017,https://data.gov.in/resource/train-details
6001.0,Ms-Ten Speci,DG,Dindigul Jn,05:15:00,05:17:00,,7.0,429.0,MS,Chennai Egmore,TEN,Tirunelveli Jn,OGD_Train_details_22122017,https://data.gov.in/resource/train-details
6001.0,Ms-Ten Speci,KQN,Kodaikkanal,05:33:00,05:35:00,,8.0,451.0,MS,Chennai Egmore,TEN,Tirunelveli Jn,OGD_Train_details_22122017,https://data.gov.in/resource/train-details
6001.0,Ms-Ten Speci,MDU,Madurai Jn,06:30:00,06:35:00,,9.0,492.0,MS,Chennai Egmore,TEN,Tirunelveli Jn,OGD_Train_details_22122017,https://data.gov.in/resource/train-details
6001.0,Ms-Ten Speci,VPT,Virudunagar,07:20:00,07:22:00,,10.0,535.0,MS,Chennai Egmore,TEN,Tirunelveli Jn,OGD_Train_details_22122017,https://data.gov.in/resource/train-details
6001.0,Ms-Ten Speci,SRT,Satur,07:40:00,07:42:00,,11.0,562.0,MS,Chennai Egmore,TEN,Tirunelveli Jn,OGD_Train_details_22122017,https://data.gov.in/resource/train-details
6001.0,Ms-Ten Speci,CVP,Kovilpatti,07:58:00,08:00:00,,12.0,584.0,MS,Chennai Egmore,TEN,Tirunelveli Jn,OGD_Train_details_22122017,https://data.gov.in/resource/train-details
6001.0,Ms-Ten Speci,MEJ,Vanchi Maniy,08:38:00,08:40:00,,13.0,620.0,MS,Chennai Egmore,TEN,Tirunelveli Jn,OGD_Train_details_22122017,https://data.gov.in/resource/train-details
6001.0,Ms-Ten Speci,TEN,Tirunelveli,10:30:00,10:30:00,,14.0,649.0,MS,Chennai Egmore,TEN,Tirunelveli Jn,OGD_Train_details_22122017,https://data.gov.in/resource/train-details
6002.0,Ten - Ms Spe,TEN,Tirunelveli,15:00:00,15:00:00,,1.0,0.0,TEN,Tirunelveli Jn,MS,Chennai Egmore,OGD_Train_details_22122017,https://data.gov.in/resource/train-details
6002.0,Ten - Ms Spe,MEJ,Vanchi Maniy,15:25:00,15:27:00,,2.0,28.0,TEN,Tirunelveli Jn,MS,Chennai Egmore,OGD_Train_details_22122017,https://data.gov.in/resource/train-details
6002.0,Ten - Ms Spe,CVP,Kovilpatti,15:58:00,16:00:00,,3.0,65.0,TEN,Tirunelveli Jn,MS,Chennai Egmore,OGD_Train_details_22122017,https://data.gov.in/resource/train-details
6002.0,Ten - Ms Spe,SRT,Satur,16:18:00,16:20:00,,4.0,86.0,TEN,Tirunelveli Jn,MS,Chennai Egmore,OGD_Train_details_22122017,https://data.gov.in/resource/train-details
6002.0,Ten - Ms Spe,VPT,Virudunagar,16:48:00,16:50:00,,5.0,113.0,TEN,Tirunelveli Jn,MS,Chennai Egmore,OGD_Train_details_22122017,https://data.gov.in/resource/train-details
6002.0,Ten - Ms Spe,MDU,Madurai Jn,17:35:00,17:40:00,,6.0,156.0,TEN,Tirunelveli Jn,MS,Chennai Egmore,OGD_Train_details_22122017,https://data.gov.in/resource/train-details
6002.0,Ten - Ms Spe,KQN,Kodaikkanal,18:13:00,18:15:00,,7.0,196.0,TEN,Tirunelveli Jn,MS,Chennai Egmore,OGD_Train_details_22122017,https://data.gov.in/resource/train-details
6002.0,Ten - Ms Spe,DG,Dindigul Jn,18:35:00,18:40:00,,8.0,218.0,TEN,Tirunelveli Jn,MS,Chennai Egmore,OGD_Train_details_22122017,https://data.gov.in/resource/train-details
6002.0,Ten - Ms Spe,TPJ,Tiruchirappa,20:35:00,20:50:00,,9.0,313.0,TEN,Tirunelveli Jn,MS,Chennai Egmore,OGD_Train_details_22122017,https://data.gov.in/resource/train-details
6002.0,Ten - Ms Spe,VRI,Vridha Chala,22:33:00,22:35:00,,10.0,436.0,TEN,Tirunelveli Jn,MS,Chennai Egmore,OGD_Train_details_22122017,https://data.gov.in/resource/train-details
6002.0,Ten - Ms Spe,VM,Villupuram J,23:40:00,23:45:00,,11.0,490.0,TEN,Tirunelveli Jn,MS,Chennai Egmore,OGD_Train_details_22122017,https://data.gov.in/resource/train-details
6002.0,Ten - Ms Spe,CGL,Chengalpattu,01:55:00,02:00:00,,12.0,593.0,TEN,Tirunelveli Jn,MS,Chennai Egmore,OGD_Train_details_22122017,https://data.gov.in/resource/train-details
6002.0,Ten - Ms Spe,TBM,Tambaram,02:30:00,02:32:00,,13.0,624.0,TEN,Tirunelveli Jn,MS,Chennai Egmore,OGD_Train_details_22122017,https://data.gov.in/resource/train-details
6002.0,Ten - Ms Spe,MBM,Mambalam,02:53:00,02:55:00,,14.0,642.0,TEN,Tirunelveli Jn,MS,Chennai Egmore,OGD_Train_details_22122017,https://data.gov.in/resource/train-details
6002.0,Ten - Ms Spe,MS,Chennai Egmo,03:30:00,03:30:00,,15.0,649.0,TEN,Tirunelveli Jn,MS,Chennai Egmore,OGD_Train_details_22122017,https://data.gov.in/resource/train-details
12605.0,Ms-Kkdi Pall,MS,Chennai Egmo,15:45:00,15:45:00,,1.0,0.0,MS,Chennai Egmore,KKDI,Karaikkudi,OGD_Train_details_22122017,https://data.gov.in/resource/train-details
12605.0,Ms-Kkdi Pall,TBM,Tambaram,16:13:00,16:15:00,,2.0,24.0,MS,Chennai Egmore,KKDI,Karaikkudi,OGD_Train_details_22122017,https://data.gov.in/resource/train-details
12605.0,Ms-Kkdi Pall,CGL,Chengalpattu,16:43:00,16:45:00,,3.0,55.0,MS,Chennai Egmore,KKDI,Karaikkudi,OGD_Train_details_22122017,https://data.gov.in/resource/train-details
12605.0,Ms-Kkdi Pall,MLMR,Melmaruvathu,17:08:00,17:10:00,,4.0,91.0,MS,Chennai Egmore,KKDI,Karaikkudi,OGD_Train_details_22122017,https://data.gov.in/resource/train-details
12605.0,Ms-Kkdi Pall,VM,Villupuram J,18:05:00,18:10:00,,5.0,158.0,MS,Chennai Egmore,KKDI,Karaikkudi,OGD_Train_details_22122017,https://data.gov.in/resource/train-details
12605.0,Ms-Kkdi Pall,VRI,Vridha Chala,18:45:00,18:47:00,,6.0,212.0,MS,Chennai Egmore,KKDI,Karaikkudi,OGD_Train_details_22122017,https://data.gov.in/resource/train-details
12605.0,Ms-Kkdi Pall,ALU,Ariyalur,19:26:00,19:27:00,,7.0,266.0,MS,Chennai Egmore,KKDI,Karaikkudi,OGD_Train_details_22122017,https://data.gov.in/resource/train-details
12605.0,Ms-Kkdi Pall,LLI,Lalgudi,20:01:00,20:02:00,,8.0,309.0,MS,Chennai Egmore,KKDI,Karaikkudi,OGD_Train_details_22122017,https://data.gov.in/resource/train-details
12605.0,Ms-Kkdi Pall,SRGM,Srirangam,20:17:00,20:18:00,,9.0,324.0,MS,Chennai Egmore,KKDI,Karaikkudi,OGD_Train_details_22122017,https://data.gov.in/resource/train-details
12605.0,Ms-Kkdi Pall,GOC,Ponmalai (Go,20:32:00,20:33:00,,10.0,333.0,MS,Chennai Egmore,KKDI,Karaikkudi,OGD_Train_details_22122017,https://data.gov.in/resource/train-details
12605.0,Ms-Kkdi Pall,TPJ,Tiruchirappa,21:00:00,21:10:00,,11.0,335.0,MS,Chennai Egmore,KKDI,Karaikkudi,OGD_Train_details_22122017,https://data.gov.in/resource/train-details
12605.0,Ms-Kkdi Pall,PDKT,Pudukkottai,21:59:00,22:00:00,,12.0,388.0,MS,Chennai Egmore,KKDI,Karaikkudi,OGD_Train_details_22122017,https://data.gov.in/resource/train-details
12605.0,Ms-Kkdi Pall,KKDI,Karaikkudi,23:00:00,23:00:00,,13.0,425.0,MS,Chennai Egmore,KKDI,Karaikkudi,OGD_Train_details_22122017,https://data.gov.in/resource/train-details
12606.0,Kkdi-Ms Pall,KKDI,Karaikkudi,05:05:00,05:05:00,,1.0,0.0,KKDI,Karaikkudi,MS,Chennai Egmore,OGD_Train_details_22122017,https://data.gov.in/resource/train-details
12606.0,Kkdi-Ms Pall,PDKT,Pudukkottai,05:34:00,05:35:00,,2.0,36.0,KKDI,Karaikkudi,MS,Chennai Egmore,OGD_Train_details_22122017,https://data.gov.in/resource/train-details
12606.0,Kkdi-Ms Pall,TPJ,Tiruchirappa,06:30:00,06:40:00,,3.0,89.0,KKDI,Karaikkudi,MS,Chennai Egmore,OGD_Train_details_22122017,https://data.gov.in/resource/train-details
12606.0,Kkdi-Ms Pall,SRGM,Srirangam,06:58:00,07:00:00,,4.0,101.0,KKDI,Karaikkudi,MS,Chennai Egmore,OGD_Train_details_22122017,https://data.gov.in/resource/train-details
12606.0,Kkdi-Ms Pall,LLI,Lalgudi,07:14:00,07:15:00,,5.0,116.0,KKDI,Karaikkudi,MS,Chennai Egmore,OGD_Train_details_22122017,https://data.gov.in/resource/train-details
12606.0,Kkdi-Ms Pall,ALU,Ariyalur,07:49:00,07:50:00,,6.0,159.0,KKDI,Karaikkudi,MS,Chennai Egmore,OGD_Train_details_22122017,https://data.gov.in/resource/train-details
12606.0,Kkdi-Ms Pall,VRI,Vridha Chala,08:30:00,08:32:00,,7.0,212.0,KKDI,Karaikkudi,MS,Chennai Egmore,OGD_Train_details_22122017,https://data.gov.in/resource/train-details
12606.0,Kkdi-Ms Pall,VM,Villupuram J,09:20:00,09:22:00,,8.0,266.0,KKDI,Karaikkudi,MS,Chennai Egmore,OGD_Train_details_22122017,https://data.gov.in/resource/train-details
12606.0,Kkdi-Ms Pall,MLMR,Melmaruvathu,10:18:00,10:20:00,,9.0,334.0,KKDI,Karaikkudi,MS,Chennai Egmore,OGD_Train_details_22122017,https://data.gov.in/resource/train-details
12606.0,Kkdi-Ms Pall,CGL,Chengalpattu,10:53:00,10:55:00,,10.0,369.0,KKDI,Karaikkudi,MS,Chennai Egmore,OGD_Train_details_22122017,https://data.gov.in/resource/train-details
12606.0,Kkdi-Ms Pall,TBM,Tambaram,11:23:00,11:25:00,,11.0,400.0,KKDI,Karaikkudi,MS,Chennai Egmore,OGD_Train_details_22122017,https://data.gov.in/resource/train-details
12606.0,Kkdi-Ms Pall,MBM,Mambalam,11:43:00,11:45:00,,12.0,418.0,KKDI,Karaikkudi,MS,Chennai Egmore,OGD_Train_details_22122017,https://data.gov.in/resource/train-details
12606.0,Kkdi-Ms Pall,MS,Chennai Egmo,12:10:00,12:10:00,,13.0,425.0,KKDI,Karaikkudi,MS,Chennai Egmore,OGD_Train_details_22122017,https://data.gov.in/resource/train-details
12631.0,Ms-Ten Nella,MS,Chennai Egmo,20:10:00,20:10:00,,1.0,0.0,MS,Chennai Egmore,TEN,Tirunelveli Jn,OGD_Train_details_22122017,https://data.gov.in/resource/train-details
12631.0,Ms-Ten Nella,TBM,Tambaram,20:38:00,20:40:00,,2.0,24.0,MS,Chennai Egmore,TEN,Tirunelveli Jn,OGD_Train_details_22122017,https://data.gov.in/resource/train-details
12631.0,Ms-Ten Nella,CGL,Chengalpattu,21:08:00,21:10:00,,3.0,55.0,MS,Chennai Egmore,TEN,Tirunelveli Jn,OGD_Train_details_22122017,https://data.gov.in/resource/train-details
12631.0,Ms-Ten Nella,MLMR,Melmaruvathu,21:33:00,21:35:00,,4.0,91.0,MS,Chennai Egmore,TEN,Tirunelveli Jn,OGD_Train_details_22122017,https://data.gov.in/resource/train-details
12631.0,Ms-Ten Nella,TMV,Tindivanam,21:58:00,22:00:00,,5.0,121.0,MS,Chennai Egmore,TEN,Tirunelveli Jn,OGD_Train_details_22122017,https://data.gov.in/resource/train-details
12631.0,Ms-Ten Nella,VM,Villupuram J,22:40:00,22:45:00,,6.0,158.0,MS,Chennai Egmore,TEN,Tirunelveli Jn,OGD_Train_details_22122017,https://data.gov.in/resource/train-details
12631.0,Ms-Ten Nella,VRI,Vridha Chala,23:30:00,23:32:00,,7.0,212.0,MS,Chennai Egmore,TEN,Tirunelveli Jn,OGD_Train_details_22122017,https://data.gov.in/resource/train-details
12631.0,Ms-Ten Nella,TPJ,Tiruchirappa,01:30:00,01:35:00,,8.0,335.0,MS,Chennai Egmore,TEN,Tirunelveli Jn,OGD_Train_details_22122017,https://data.gov.in/resource/train-details
12631.0,Ms-Ten Nella,DG,Dindigul Jn,02:48:00,02:50:00,,9.0,429.0,MS,Chennai Egmore,TEN,Tirunelveli Jn,OGD_Train_details_22122017,https://data.gov.in/resource/train-details
12631.0,Ms-Ten Nella,SDN,Sholavandan,03:18:00,03:19:00,,10.0,470.0,MS,Chennai Egmore,TEN,Tirunelveli Jn,OGD_Train_details_22122017,https://data.gov.in/resource/train-details
12631.0,Ms-Ten Nella,MDU,Madurai Jn,03:50:00,03:55:00,,11.0,492.0,MS,Chennai Egmore,TEN,Tirunelveli Jn,OGD_Train_details_22122017,https://data.gov.in/resource/train-details
12631.0,Ms-Ten Nella,VPT,Virudunagar,04:34:00,04:35:00,,12.0,535.0,MS,Chennai Egmore,TEN,Tirunelveli Jn,OGD_Train_details_22122017,https://data.gov.in/resource/train-details
12631.0,Ms-Ten Nella,SRT,Satur,04:54:00,04:55:00,,13.0,562.0,MS,Chennai Egmore,TEN,Tirunelveli Jn,OGD_Train_details_22122017,https://data.gov.in/resource/train-details
12631.0,Ms-Ten Nella,CVP,Kovilpatti,05:16:00,05:17:00,,14.0,584.0,MS,Chennai Egmore,TEN,Tirunelveli Jn,OGD_Train_details_22122017,https://data.gov.in/resource/train-details
12631.0,Ms-Ten Nella,TEN,Tirunelveli,07:10:00,07:10:00,,15.0,649.0,MS,Chennai Egmore,TEN,Tirunelveli Jn,OGD_Train_details_22122017,https://data.gov.in/resource/train-details
12632.0,Ten-Ms Nella,TEN,Tirunelveli,19:45:00,19:45:00,,1.0,0.0,TEN,Tirunelveli Jn,MS,Chennai Egmore,OGD_Train_details_22122017,https://data.gov.in/resource/train-details
12632.0,Ten-Ms Nella,CVP,Kovilpatti,20:33:00,20:35:00,,2.0,65.0,TEN,Tirunelveli Jn,MS,Chennai Egmore,OGD_Train_details_22122017,https://data.gov.in/resource/train-details
12632.0,Ten-Ms Nella,SRT,Satur,20:54:00,20:55:00,,3.0,86.0,TEN,Tirunelveli Jn,MS,Chennai Egmore,OGD_Train_details_22122017,https://data.gov.in/resource/train-details
12632.0,Ten-Ms Nella,VPT,Virudunagar,21:18:00,21:20:00,,4.0,113.0,TEN,Tirunelveli Jn,MS,Chennai Egmore,OGD_Train_details_22122017,https://data.gov.in/resource/train-details
12632.0,Ten-Ms Nella,MDU,Madurai Jn,22:10:00,22:15:00,,5.0,156.0,TEN,Tirunelveli Jn,MS,Chennai Egmore,OGD_Train_details_22122017,https://data.gov.in/resource/train-details
12632.0,Ten-Ms Nella,SDN,Sholavandan,22:29:00,22:30:00,,6.0,177.0,TEN,Tirunelveli Jn,MS,Chennai Egmore,OGD_Train_details_22122017,https://data.gov.in/resource/train-details
12632.0,Ten-Ms Nella,DG,Dindigul Jn,23:13:00,23:15:00,,7.0,218.0,TEN,Tirunelveli Jn,MS,Chennai Egmore,OGD_Train_details_22122017,https://data.gov.in/resource/train-details
12632.0,Ten-Ms Nella,TPJ,Tiruchirappa,00:50:00,00:55:00,,8.0,313.0,TEN,Tirunelveli Jn,MS,Chennai Egmore,OGD_Train_details_22122017,https://data.gov.in/resource/train-details
12632.0,Ten-Ms Nella,VRI,Vridha Chala,02:38:00,02:40:00,,9.0,436.0,TEN,Tirunelveli Jn,MS,Chennai Egmore,OGD_Train_details_22122017,https://data.gov.in/resource/train-details
12632.0,Ten-Ms Nella,VM,Villupuram J,03:40:00,03:45:00,,10.0,490.0,TEN,Tirunelveli Jn,MS,Chennai Egmore,OGD_Train_details_22122017,https://data.gov.in/resource/train-details
12632.0,Ten-Ms Nella,TMV,Tindivanam,04:18:00,04:20:00,,11.0,528.0,TEN,Tirunelveli Jn,MS,Chennai Egmore,OGD_Train_details_22122017,https://data.gov.in/resource/train-details
12632.0,Ten-Ms Nella,MLMR,Melmaruvathu,04:43:00,04:45:00,,12.0,558.0,TEN,Tirunelveli Jn,MS,Chennai Egmore,OGD_Train_details_22122017,https://data.gov.in/resource/train-details
12632.0,Ten-Ms Nella,CGL,Chengalpattu,05:18:00,05:20:00,,13.0,593.0,TEN,Tirunelveli Jn,MS,Chennai Egmore,OGD_Train_details_22122017,https://data.gov.in/resource/train-details
12632.0,Ten-Ms Nella,TBM,Tambaram,05:48:00,05:50:00,,14.0,624.0,TEN,Tirunelveli Jn,MS,Chennai Egmore,OGD_Train_details_22122017,https://data.gov.in/resource/train-details
12632.0,Ten-Ms Nella,MBM,Mambalam,06:09:00,06:10:00,,15.0,642.0,TEN,Tirunelveli Jn,MS,Chennai Egmore,OGD_Train_details_22122017,https://data.gov.in/resource/train-details
12632.0,Ten-Ms Nella,MS,Chennai Egmo,06:55:00,06:55:00,,16.0,649.0,TEN,Tirunelveli Jn,MS,Chennai Egmore,OGD_Train_details_22122017,https://data.gov.in/resource/train-details
12633.0,Ms-Cape Exp.,MS,Chennai Egmo,00:00:00,17:15:00,,1.0,0.0,MS,Chennai Egmore,CAPE,Kanniyakumari,OGD_Train_details_22122017,https://data.gov.in/resource/train-details
12633.0,Ms-Cape Exp.,TBM,Tambaram,17:43:00,17:45:00,,2.0,24.0,MS,Chennai Egmore,CAPE,Kanniyakumari,OGD_Train_details_22122017,https://data.gov.in/resource/train-details
12633.0,Ms-Cape Exp.,CGL,Chengalpattu,18:13:00,18:15:00,,3.0,55.0,MS,Chennai Egmore,CAPE,Kanniyakumari,OGD_Train_details_22122017,https://data.gov.in/resource/train-details
12633.0,Ms-Cape Exp.,MLMR,Melmaruvathu,18:38:00,18:40:00,,4.0,91.0,MS,Chennai Egmore,CAPE,Kanniyakumari,OGD_Train_details_22122017,https://data.gov.in/resource/train-details
12633.0,Ms-Cape Exp.,TMV,Tindivanam,19:03:00,19:05:00,,5.0,121.0,MS,Chennai Egmore,CAPE,Kanniyakumari,OGD_Train_details_22122017,https://data.gov.in/resource/train-details
12633.0,Ms-Cape Exp.,VM,Villupuram J,19:50:00,19:55:00,,6.0,158.0,MS,Chennai Egmore,CAPE,Kanniyakumari,OGD_Train_details_22122017,https://data.gov.in/resource/train-details
12633.0,Ms-Cape Exp.,VRI,Vridha Chala,20:35:00,20:37:00,,7.0,212.0,MS,Chennai Egmore,CAPE,Kanniyakumari,OGD_Train_details_22122017,https://data.gov.in/resource/train-details
12633.0,Ms-Cape Exp.,TPJ,Tiruchirappa,22:25:00,22:30:00,,8.0,335.0,MS,Chennai Egmore,CAPE,Kanniyakumari,OGD_Train_details_22122017,https://data.gov.in/resource/train-details
12633.0,Ms-Cape Exp.,DG,Dindigul Jn,00:03:00,00:05:00,,9.0,429.0,MS,Chennai Egmore,CAPE,Kanniyakumari,OGD_Train_details_22122017,https://data.gov.in/resource/train-details
12633.0,Ms-Cape Exp.,MDU,Madurai Jn,01:00:00,01:05:00,,10.0,492.0,MS,Chennai Egmore,CAPE,Kanniyakumari,OGD_Train_details_22122017,https://data.gov.in/resource/train-details
12633.0,Ms-Cape Exp.,VPT,Virudunagar,02:00:00,02:02:00,,11.0,535.0,MS,Chennai Egmore,CAPE,Kanniyakumari,OGD_Train_details_22122017,https://data.gov.in/resource/train-details
12633.0,Ms-Cape Exp.,SRT,Satur,02:21:00,02:22:00,,12.0,562.0,MS,Chennai Egmore,CAPE,Kanniyakumari,OGD_Train_details_22122017,https://data.gov.in/resource/train-details
12633.0,Ms-Cape Exp.,CVP,Kovilpatti,02:41:00,02:42:00,,13.0,584.0,MS,Chennai Egmore,CAPE,Kanniyakumari,OGD_Train_details_22122017,https://data.gov.in/resource/train-details
12633.0,Ms-Cape Exp.,TEN,Tirunelveli,04:00:00,04:05:00,,14.0,649.0,MS,Chennai Egmore,CAPE,Kanniyakumari,OGD_Train_details_22122017,https://data.gov.in/resource/train-details
12633.0,Ms-Cape Exp.,VLY,Valliyur,04:55:00,04:56:00,,15.0,691.0,MS,Chennai Egmore,CAPE,Kanniyakumari,OGD_Train_details_22122017,https://data.gov.in/resource/train-details
12633.0,Ms-Cape Exp.,NCJ,Nagercoil Jn,05:30:00,05:35:00,,16.0,722.0,MS,Chennai Egmore,CAPE,Kanniyakumari,OGD_Train_details_22122017,https://data.gov.in/resource/train-details
12633.0,Ms-Cape Exp.,CAPE,Kanniyakumar,06:15:00,00:00:00,,17.0,738.0,MS,Chennai Egmore,CAPE,Kanniyakumari,OGD_Train_details_22122017,https://data.gov.in/resource/train-details
12634.0,Cape-Ms Exp.,CAPE,Kanniyakumar,00:00:00,17:20:00,,1.0,0.0,CAPE,Kanniyakumari,MS,Chennai Egmore,OGD_Train_details_22122017,https://data.gov.in/resource/train-details
12634.0,Cape-Ms Exp.,NCJ,Nagercoil Jn,17:35:00,17:40:00,,2.0,15.0,CAPE,Kanniyakumari,MS,Chennai Egmore,OGD_Train_details_22122017,https://data.gov.in/resource/train-details
12634.0,Cape-Ms Exp.,VLY,Valliyur,18:10:00,18:11:00,,3.0,46.0,CAPE,Kanniyakumari,MS,Chennai Egmore,OGD_Train_details_22122017,https://data.gov.in/resource/train-details
12634.0,Cape-Ms Exp.,TEN,Tirunelveli,18:55:00,19:05:00,,4.0,88.0,CAPE,Kanniyakumari,MS,Chennai Egmore,OGD_Train_details_22122017,https://data.gov.in/resource/train-details
12634.0,Cape-Ms Exp.,CVP,Kovilpatti,20:09:00,20:10:00,,5.0,153.0,CAPE,Kanniyakumari,MS,Chennai Egmore,OGD_Train_details_22122017,https://data.gov.in/resource/train-details
12634.0,Cape-Ms Exp.,SRT,Satur,20:29:00,20:30:00,,6.0,175.0,CAPE,Kanniyakumari,MS,Chennai Egmore,OGD_Train_details_22122017,https://data.gov.in/resource/train-details
12634.0,Cape-Ms Exp.,VPT,Virudunagar,21:03:00,21:05:00,,7.0,202.0,CAPE,Kanniyakumari,MS,Chennai Egmore,OGD_Train_details_22122017,https://data.gov.in/resource/train-details
12634.0,Cape-Ms Exp.,MDU,Madurai Jn,21:50:00,21:55:00,,8.0,245.0,CAPE,Kanniyakumari,MS,Chennai Egmore,OGD_Train_details_22122017,https://data.gov.in/resource/train-details
12634.0,Cape-Ms Exp.,DG,Dindigul Jn,22:50:00,22:52:00,,9.0,307.0,CAPE,Kanniyakumari,MS,Chennai Egmore,OGD_Train_details_22122017,https://data.gov.in/resource/train-details
12634.0,Cape-Ms Exp.,TPJ,Tiruchirappa,00:20:00,00:25:00,,10.0,402.0,CAPE,Kanniyakumari,MS,Chennai Egmore,OGD_Train_details_22122017,https://data.gov.in/resource/train-details
12634.0,Cape-Ms Exp.,VRI,Vridha Chala,02:10:00,02:12:00,,11.0,524.0,CAPE,Kanniyakumari,MS,Chennai Egmore,OGD_Train_details_22122017,https://data.gov.in/resource/train-details
12634.0,Cape-Ms Exp.,VM,Villupuram J,03:10:00,03:15:00,,12.0,579.0,CAPE,Kanniyakumari,MS,Chennai Egmore,OGD_Train_details_22122017,https://data.gov.in/resource/train-details
12634.0,Cape-Ms Exp.,TMV,Tindivanam,03:48:00,03:50:00,,13.0,616.0,CAPE,Kanniyakumari,MS,Chennai Egmore,OGD_Train_details_22122017,https://data.gov.in/resource/train-details
12634.0,Cape-Ms Exp.,MLMR,Melmaruvathu,04:13:00,04:15:00,,14.0,646.0,CAPE,Kanniyakumari,MS,Chennai Egmore,OGD_Train_details_22122017,https://data.gov.in/resource/train-details
12634.0,Cape-Ms Exp.,CGL,Chengalpattu,04:48:00,04:50:00,,15.0,682.0,CAPE,Kanniyakumari,MS,Chennai Egmore,OGD_Train_details_22122017,https://data.gov.in/resource/train-details
12634.0,Cape-Ms Exp.,TBM,Tambaram,05:18:00,05:20:00,,16.0,713.0,CAPE,Kanniyakumari,MS,Chennai Egmore,OGD_Train_details_22122017,https://data.gov.in/resource/train-details
12634.0,Cape-Ms Exp.,MBM,Mambalam,05:39:00,05:40:00,,17.0,731.0,CAPE,Kanniyakumari,MS,Chennai Egmore,OGD_Train_details_22122017,https://data.gov.in/resource/train-details
12634.0,Cape-Ms Exp.,MS,Chennai Egmo,06:25:00,00:00:00,,18.0,737.0,CAPE,Kanniyakumari,MS,Chennai Egmore,OGD_Train_details_22122017,https://data.gov.in/resource/train-details
12635.0,Ms-Mdu Vaiga,MS,Chennai Egmo,13:40:00,13:40:00,,1.0,0.0,MS,Chennai Egmore,MDU,Madurai Jn,OGD_Train_details_22122017,https://data.gov.in/resource/train-details
12635.0,Ms-Mdu Vaiga,TBM,Tambaram,14:08:00,14:10:00,,2.0,24.0,MS,Chennai Egmore,MDU,Madurai Jn,OGD_Train_details_22122017,https://data.gov.in/resource/train-details
12635.0,Ms-Mdu Vaiga,CGL,Chengalpattu,14:38:00,14:40:00,,3.0,55.0,MS,Chennai Egmore,MDU,Madurai Jn,OGD_Train_details_22122017,https://data.gov.in/resource/train-details
12635.0,Ms-Mdu Vaiga,VM,Villupuram J,15:50:00,15:55:00,,4.0,158.0,MS,Chennai Egmore,MDU,Madurai Jn,OGD_Train_details_22122017,https://data.gov.in/resource/train-details
12635.0,Ms-Mdu Vaiga,VRI,Vridha Chala,16:28:00,16:30:00,,5.0,212.0,MS,Chennai Egmore,MDU,Madurai Jn,OGD_Train_details_22122017,https://data.gov.in/resource/train-details
12635.0,Ms-Mdu Vaiga,ALU,Ariyalur,17:04:00,17:05:00,,6.0,266.0,MS,Chennai Egmore,MDU,Madurai Jn,OGD_Train_details_22122017,https://data.gov.in/resource/train-details
12635.0,Ms-Mdu Vaiga,TPJ,Tiruchirappa,18:30:00,18:35:00,,7.0,335.0,MS,Chennai Egmore,MDU,Madurai Jn,OGD_Train_details_22122017,https://data.gov.in/resource/train-details
12635.0,Ms-Mdu Vaiga,DG,Dindigul Jn,20:03:00,20:05:00,,8.0,429.0,MS,Chennai Egmore,MDU,Madurai Jn,OGD_Train_details_22122017,https://data.gov.in/resource/train-details
12635.0,Ms-Mdu Vaiga,SDN,Sholavandan,20:34:00,20:35:00,,9.0,470.0,MS,Chennai Egmore,MDU,Madurai Jn,OGD_Train_details_22122017,https://data.gov.in/resource/train-details
12635.0,Ms-Mdu Vaiga,MDU,Madurai Jn,21:20:00,21:20:00,,10.0,492.0,MS,Chennai Egmore,MDU,Madurai Jn,OGD_Train_details_22122017,https://data.gov.in/resource/train-details
12636.0,Mdu-Ms Vaiga,MDU,Madurai Jn,07:00:00,07:00:00,,1.0,0.0,MDU,Madurai Jn,MS,Chennai Egmore,OGD_Train_details_22122017,https://data.gov.in/resource/train-details
12636.0,Mdu-Ms Vaiga,SDN,Sholavandan,07:14:00,07:15:00,,2.0,21.0,MDU,Madurai Jn,MS,Chennai Egmore,OGD_Train_details_22122017,https://data.gov.in/resource/train-details
12636.0,Mdu-Ms Vaiga,DG,Dindigul Jn,07:53:00,07:55:00,,3.0,62.0,MDU,Madurai Jn,MS,Chennai Egmore,OGD_Train_details_22122017,https://data.gov.in/resource/train-details
12636.0,Mdu-Ms Vaiga,TPJ,Tiruchirappa,09:00:00,09:05:00,,4.0,156.0,MDU,Madurai Jn,MS,Chennai Egmore,OGD_Train_details_22122017,https://data.gov.in/resource/train-details
12636.0,Mdu-Ms Vaiga,ALU,Ariyalur,10:04:00,10:05:00,,5.0,226.0,MDU,Madurai Jn,MS,Chennai Egmore,OGD_Train_details_22122017,https://data.gov.in/resource/train-details
12636.0,Mdu-Ms Vaiga,VRI,Vridha Chala,10:38:00,10:40:00,,6.0,279.0,MDU,Madurai Jn,MS,Chennai Egmore,OGD_Train_details_22122017,https://data.gov.in/resource/train-details
12636.0,Mdu-Ms Vaiga,VM,Villupuram J,11:45:00,11:50:00,,7.0,334.0,MDU,Madurai Jn,MS,Chennai Egmore,OGD_Train_details_22122017,https://data.gov.in/resource/train-details
12636.0,Mdu-Ms Vaiga,CGL,Chengalpattu,13:18:00,13:20:00,,8.0,437.0,MDU,Madurai Jn,MS,Chennai Egmore,OGD_Train_details_22122017,https://data.gov.in/resource/train-details
12636.0,Mdu-Ms Vaiga,TBM,Tambaram,13:48:00,13:50:00,,9.0,467.0,MDU,Madurai Jn,MS,Chennai Egmore,OGD_Train_details_22122017,https://data.gov.in/resource/train-details
12636.0,Mdu-Ms Vaiga,MBM,Mambalam,14:08:00,14:10:00,,10.0,485.0,MDU,Madurai Jn,MS,Chennai Egmore,OGD_Train_details_22122017,https://data.gov.in/resource/train-details
12636.0,Mdu-Ms Vaiga,MS,Chennai Egmo,14:35:00,14:35:00,,11.0,492.0,MDU,Madurai Jn,MS,Chennai Egmore,OGD_Train_details_22122017,https://data.gov.in/resource/train-details
12637.0,Pandian Exp,MS,Chennai Egmo,21:40:00,21:40:00,,1.0,0.0,MS,Chennai Egmore,MDU,Madurai Jn,OGD_Train_details_22122017,https://data.gov.in/resource/train-details
12637.0,Pandian Exp,TBM,Tambaram,22:08:00,22:10:00,,2.0,24.0,MS,Chennai Egmore,MDU,Madurai Jn,OGD_Train_details_22122017,https://data.gov.in/resource/train-details
12637.0,Pandian Exp,CGL,Chengalpattu,22:38:00,22:40:00,,3.0,55.0,MS,Chennai Egmore,MDU,Madurai Jn,OGD_Train_details_22122017,https://data.gov.in/resource/train-details
12637.0,Pandian Exp,VM,Villupuram J,23:53:00,23:58:00,,4.0,158.0,MS,Chennai Egmore,MDU,Madurai Jn,OGD_Train_details_22122017,https://data.gov.in/resource/train-details
12637.0,Pandian Exp,VRI,Vridha Chala,00:38:00,00:40:00,,5.0,212.0,MS,Chennai Egmore,MDU,Madurai Jn,OGD_Train_details_22122017,https://data.gov.in/resource/train-details
12637.0,Pandian Exp,TPJ,Tiruchirappa,02:45:00,02:50:00,,6.0,335.0,MS,Chennai Egmore,MDU,Madurai Jn,OGD_Train_details_22122017,https://data.gov.in/resource/train-details
12637.0,Pandian Exp,MPA,Manaparai,03:20:00,03:21:00,,7.0,372.0,MS,Chennai Egmore,MDU,Madurai Jn,OGD_Train_details_22122017,https://data.gov.in/resource/train-details
12637.0,Pandian Exp,DG,Dindigul Jn,04:15:00,04:20:00,,8.0,429.0,MS,Chennai Egmore,MDU,Madurai Jn,OGD_Train_details_22122017,https://data.gov.in/resource/train-details
12637.0,Pandian Exp,ABI,Ambaturai,04:30:00,04:31:00,,9.0,440.0,MS,Chennai Egmore,MDU,Madurai Jn,OGD_Train_details_22122017,https://data.gov.in/resource/train-details
12637.0,Pandian Exp,KQN,Kodaikkanal,04:40:00,04:41:00,,10.0,451.0,MS,Chennai Egmore,MDU,Madurai Jn,OGD_Train_details_22122017,https://data.gov.in/resource/train-details
12637.0,Pandian Exp,MDU,Madurai Jn,05:55:00,05:55:00,,11.0,492.0,MS,Chennai Egmore,MDU,Madurai Jn,OGD_Train_details_22122017,https://data.gov.in/resource/train-details
12638.0,Mdu-Ms Pandi,MDU,Madurai Jn,20:35:00,20:35:00,,1.0,0.0,MDU,Madurai Jn,MS,Chennai Egmore,OGD_Train_details_22122017,https://data.gov.in/resource/train-details
12638.0,Mdu-Ms Pandi,KQN,Kodaikkanal,21:09:00,21:10:00,,2.0,40.0,MDU,Madurai Jn,MS,Chennai Egmore,OGD_Train_details_22122017,https://data.gov.in/resource/train-details
12638.0,Mdu-Ms Pandi,ABI,Ambaturai,21:23:00,21:24:00,,3.0,51.0,MDU,Madurai Jn,MS,Chennai Egmore,OGD_Train_details_22122017,https://data.gov.in/resource/train-details
12638.0,Mdu-Ms Pandi,DG,Dindigul Jn,21:39:00,21:40:00,,4.0,62.0,MDU,Madurai Jn,MS,Chennai Egmore,OGD_Train_details_22122017,https://data.gov.in/resource/train-details
12638.0,Mdu-Ms Pandi,MPA,Manaparai,22:24:00,22:25:00,,5.0,119.0,MDU,Madurai Jn,MS,Chennai Egmore,OGD_Train_details_22122017,https://data.gov.in/resource/train-details
12638.0,Mdu-Ms Pandi,TPJ,Tiruchirappa,23:05:00,23:10:00,,6.0,156.0,MDU,Madurai Jn,MS,Chennai Egmore,OGD_Train_details_22122017,https://data.gov.in/resource/train-details
12638.0,Mdu-Ms Pandi,VRI,Vridha Chala,00:38:00,00:40:00,,7.0,279.0,MDU,Madurai Jn,MS,Chennai Egmore,OGD_Train_details_22122017,https://data.gov.in/resource/train-details
12638.0,Mdu-Ms Pandi,VM,Villupuram J,01:55:00,02:00:00,,8.0,334.0,MDU,Madurai Jn,MS,Chennai Egmore,OGD_Train_details_22122017,https://data.gov.in/resource/train-details
12638.0,Mdu-Ms Pandi,CGL,Chengalpattu,03:33:00,03:35:00,,9.0,437.0,MDU,Madurai Jn,MS,Chennai Egmore,OGD_Train_details_22122017,https://data.gov.in/resource/train-details
12638.0,Mdu-Ms Pandi,TBM,Tambaram,04:03:00,04:05:00,,10.0,467.0,MDU,Madurai Jn,MS,Chennai Egmore,OGD_Train_details_22122017,https://data.gov.in/resource/train-details
12638.0,Mdu-Ms Pandi,MBM,Mambalam,04:24:00,04:25:00,,11.0,485.0,MDU,Madurai Jn,MS,Chennai Egmore,OGD_Train_details_22122017,https://data.gov.in/resource/train-details
12638.0,Mdu-Ms Pandi,MS,Chennai Egmo,04:55:00,04:55:00,,12.0,492.0,MDU,Madurai Jn,MS,Chennai Egmore,OGD_Train_details_22122017,https://data.gov.in/resource/train-details
12641.0,Cape- Nzm Ti,CAPE,Kanniyakumar,19:15:00,19:15:00,,1.0,0.0,CAPE,Kanniyakumari,NZM,Hazrat Nizamuddin Jn,OGD_Train_details_22122017,https://data.gov.in/resource/train-details
12641.0,Cape- Nzm Ti,NCJ,Nagercoil Jn,19:35:00,19:40:00,,2.0,15.0,CAPE,Kanniyakumari,NZM,Hazrat Nizamuddin Jn,OGD_Train_details_22122017,https://data.gov.in/resource/train-details
12641.0,Cape- Nzm Ti,TEN,Tirunelveli,21:10:00,21:15:00,,3.0,88.0,CAPE,Kanniyakumari,NZM,Hazrat Nizamuddin Jn,OGD_Train_details_22122017,https://data.gov.in/resource/train-details
12641.0,Cape- Nzm Ti,MEJ,Vanchi Maniy,21:40:00,21:41:00,,4.0,117.0,CAPE,Kanniyakumari,NZM,Hazrat Nizamuddin Jn,OGD_Train_details_22122017,https://data.gov.in/resource/train-details
12641.0,Cape- Nzm Ti,CVP,Kovilpatti,22:14:00,22:15:00,,5.0,153.0,CAPE,Kanniyakumari,NZM,Hazrat Nizamuddin Jn,OGD_Train_details_22122017,https://data.gov.in/resource/train-details
12641.0,Cape- Nzm Ti,SRT,Satur,22:34:00,22:35:00,,6.0,175.0,CAPE,Kanniyakumari,NZM,Hazrat Nizamuddin Jn,OGD_Train_details_22122017,https://data.gov.in/resource/train-details
12641.0,Cape- Nzm Ti,VPT,Virudunagar,23:06:00,23:07:00,,7.0,202.0,CAPE,Kanniyakumari,NZM,Hazrat Nizamuddin Jn,OGD_Train_details_22122017,https://data.gov.in/resource/train-details
12641.0,Cape- Nzm Ti,MDU,Madurai Jn,00:25:00,00:30:00,,8.0,245.0,CAPE,Kanniyakumari,NZM,Hazrat Nizamuddin Jn,OGD_Train_details_22122017,https://data.gov.in/resource/train-details
12641.0,Cape- Nzm Ti,KQN,Kodaikkanal,01:04:00,01:05:00,,9.0,285.0,CAPE,Kanniyakumari,NZM,Hazrat Nizamuddin Jn,OGD_Train_details_22122017,https://data.gov.in/resource/train-details
12641.0,Cape- Nzm Ti,DG,Dindigul Jn,01:26:00,01:27:00,,10.0,307.0,CAPE,Kanniyakumari,NZM,Hazrat Nizamuddin Jn,OGD_Train_details_22122017,https://data.gov.in/resource/train-details
12641.0,Cape- Nzm Ti,TPJ,Tiruchirappa,02:55:00,03:00:00,,11.0,402.0,CAPE,Kanniyakumari,NZM,Hazrat Nizamuddin Jn,OGD_Train_details_22122017,https://data.gov.in/resource/train-details
12641.0,Cape- Nzm Ti,VRI,Vridha Chala,04:45:00,04:47:00,,12.0,524.0,CAPE,Kanniyakumari,NZM,Hazrat Nizamuddin Jn,OGD_Train_details_22122017,https://data.gov.in/resource/train-details
12641.0,Cape- Nzm Ti,VM,Villupuram J,05:50:00,05:55:00,,13.0,579.0,CAPE,Kanniyakumari,NZM,Hazrat Nizamuddin Jn,OGD_Train_details_22122017,https://data.gov.in/resource/train-details
12641.0,Cape- Nzm Ti,CGL,Chengalpattu,07:28:00,07:30:00,,14.0,682.0,CAPE,Kanniyakumari,NZM,Hazrat Nizamuddin Jn,OGD_Train_details_22122017,https://data.gov.in/resource/train-details
12641.0,Cape- Nzm Ti,TBM,Tambaram,07:58:00,08:00:00,,15.0,713.0,CAPE,Kanniyakumari,NZM,Hazrat Nizamuddin Jn,OGD_Train_details_22122017,https://data.gov.in/resource/train-details
12641.0,Cape- Nzm Ti,MS,Chennai Egmo,08:50:00,09:05:00,,16.0,737.0,CAPE,Kanniyakumari,NZM,Hazrat Nizamuddin Jn,OGD_Train_details_22122017,https://data.gov.in/resource/train-details
12641.0,Cape- Nzm Ti,BZA,Vijaywada Jn,15:55:00,16:10:00,,17.0,1172.0,CAPE,Kanniyakumari,NZM,Hazrat Nizamuddin Jn,OGD_Train_details_22122017,https://data.gov.in/resource/train-details
12641.0,Cape- Nzm Ti,BPQ,Balharshah,23:05:00,23:15:00,,18.0,1623.0,CAPE,Kanniyakumari,NZM,Hazrat Nizamuddin Jn,OGD_Train_details_22122017,https://data.gov.in/resource/train-details
12641.0,Cape- Nzm Ti,NGP,Nagpur Jn.(C,02:00:00,02:10:00,,19.0,1835.0,CAPE,Kanniyakumari,NZM,Hazrat Nizamuddin Jn,OGD_Train_details_22122017,https://data.gov.in/resource/train-details
12641.0,Cape- Nzm Ti,BZU,Betul,04:32:00,04:33:00,,20.0,2025.0,CAPE,Kanniyakumari,NZM,Hazrat Nizamuddin Jn,OGD_Train_details_22122017,https://data.gov.in/resource/train-details
12641.0,Cape- Nzm Ti,ET,Itarsi,06:25:00,06:30:00,,21.0,2132.0,CAPE,Kanniyakumari,NZM,Hazrat Nizamuddin Jn,OGD_Train_details_22122017,https://data.gov.in/resource/train-details
12641.0,Cape- Nzm Ti,BPL,Bhopal,08:05:00,08:15:00,,22.0,2224.0,CAPE,Kanniyakumari,NZM,Hazrat Nizamuddin Jn,OGD_Train_details_22122017,https://data.gov.in/resource/train-details
12641.0,Cape- Nzm Ti,JHS,Jhansi Jn,12:00:00,12:10:00,,23.0,2513.0,CAPE,Kanniyakumari,NZM,Hazrat Nizamuddin Jn,OGD_Train_details_22122017,https://data.gov.in/resource/train-details
12641.0,Cape- Nzm Ti,AGC,Agra Cantt,15:10:00,15:15:00,,24.0,2717.0,CAPE,Kanniyakumari,NZM,Hazrat Nizamuddin Jn,OGD_Train_details_22122017,https://data.gov.in/resource/train-details
12641.0,Cape- Nzm Ti,NZM,Hazrat Nizam,18:00:00,18:00:00,,25.0,2899.0,CAPE,Kanniyakumari,NZM,Hazrat Nizamuddin Jn,OGD_Train_details_22122017,https://data.gov.in/resource/train-details
12642.0,Nzm-Cape Thi,NZM,Hazrat Nizam,07:10:00,07:10:00,,1.0,0.0,NZM,Hazrat Nizamuddin Jn,CAPE,Kanniyakumari,OGD_Train_details_22122017,https://data.gov.in/resource/train-details
12642.0,Nzm-Cape Thi,AGC,Agra Cantt,10:05:00,10:10:00,,2.0,183.0,NZM,Hazrat Nizamuddin Jn,CAPE,Kanniyakumari,OGD_Train_details_22122017,https://data.gov.in/resource/train-details
12642.0,Nzm-Cape Thi,JHS,Jhansi Jn,13:45:00,13:55:00,,3.0,388.0,NZM,Hazrat Nizamuddin Jn,CAPE,Kanniyakumari,OGD_Train_details_22122017,https://data.gov.in/resource/train-details
12642.0,Nzm-Cape Thi,BPL,Bhopal,17:45:00,17:55:00,,4.0,677.0,NZM,Hazrat Nizamuddin Jn,CAPE,Kanniyakumari,OGD_Train_details_22122017,https://data.gov.in/resource/train-details
12642.0,Nzm-Cape Thi,ET,Itarsi,19:35:00,19:40:00,,5.0,769.0,NZM,Hazrat Nizamuddin Jn,CAPE,Kanniyakumari,OGD_Train_details_22122017,https://data.gov.in/resource/train-details
12642.0,Nzm-Cape Thi,BZU,Betul,21:12:00,21:15:00,,6.0,876.0,NZM,Hazrat Nizamuddin Jn,CAPE,Kanniyakumari,OGD_Train_details_22122017,https://data.gov.in/resource/train-details
12642.0,Nzm-Cape Thi,NGP,Nagpur Jn.(C,00:05:00,00:15:00,,7.0,1066.0,NZM,Hazrat Nizamuddin Jn,CAPE,Kanniyakumari,OGD_Train_details_22122017,https://data.gov.in/resource/train-details
12642.0,Nzm-Cape Thi,BPQ,Balharshah,03:30:00,03:40:00,,8.0,1277.0,NZM,Hazrat Nizamuddin Jn,CAPE,Kanniyakumari,OGD_Train_details_22122017,https://data.gov.in/resource/train-details
12642.0,Nzm-Cape Thi,BZA,Vijaywada Jn,10:35:00,10:50:00,,9.0,1725.0,NZM,Hazrat Nizamuddin Jn,CAPE,Kanniyakumari,OGD_Train_details_22122017,https://data.gov.in/resource/train-details
12642.0,Nzm-Cape Thi,GDR,Gudur Jn.,15:03:00,15:05:00,,10.0,2018.0,NZM,Hazrat Nizamuddin Jn,CAPE,Kanniyakumari,OGD_Train_details_22122017,https://data.gov.in/resource/train-details
12642.0,Nzm-Cape Thi,MS,Chennai Egmo,18:05:00,18:20:00,,11.0,2160.0,NZM,Hazrat Nizamuddin Jn,CAPE,Kanniyakumari,OGD_Train_details_22122017,https://data.gov.in/resource/train-details
12642.0,Nzm-Cape Thi,TBM,Tambaram,18:48:00,18:50:00,,12.0,2185.0,NZM,Hazrat Nizamuddin Jn,CAPE,Kanniyakumari,OGD_Train_details_22122017,https://data.gov.in/resource/train-details
12642.0,Nzm-Cape Thi,CGL,Chengalpattu,19:18:00,19:20:00,,13.0,2215.0,NZM,Hazrat Nizamuddin Jn,CAPE,Kanniyakumari,OGD_Train_details_22122017,https://data.gov.in/resource/train-details
12642.0,Nzm-Cape Thi,VM,Villupuram J,20:45:00,20:50:00,,14.0,2318.0,NZM,Hazrat Nizamuddin Jn,CAPE,Kanniyakumari,OGD_Train_details_22122017,https://data.gov.in/resource/train-details
12642.0,Nzm-Cape Thi,VRI,Vridha Chala,21:28:00,21:30:00,,15.0,2373.0,NZM,Hazrat Nizamuddin Jn,CAPE,Kanniyakumari,OGD_Train_details_22122017,https://data.gov.in/resource/train-details
12642.0,Nzm-Cape Thi,TPJ,Tiruchirappa,23:55:00,00:05:00,,16.0,2496.0,NZM,Hazrat Nizamuddin Jn,CAPE,Kanniyakumari,OGD_Train_details_22122017,https://data.gov.in/resource/train-details
12642.0,Nzm-Cape Thi,DG,Dindigul Jn,01:28:00,01:30:00,,17.0,2590.0,NZM,Hazrat Nizamuddin Jn,CAPE,Kanniyakumari,OGD_Train_details_22122017,https://data.gov.in/resource/train-details
12642.0,Nzm-Cape Thi,KQN,Kodaikkanal,01:49:00,01:50:00,,18.0,2612.0,NZM,Hazrat Nizamuddin Jn,CAPE,Kanniyakumari,OGD_Train_details_22122017,https://data.gov.in/resource/train-details
12642.0,Nzm-Cape Thi,MDU,Madurai Jn,02:35:00,02:40:00,,19.0,2652.0,NZM,Hazrat Nizamuddin Jn,CAPE,Kanniyakumari,OGD_Train_details_22122017,https://data.gov.in/resource/train-details
12642.0,Nzm-Cape Thi,VPT,Virudunagar,03:18:00,03:20:00,,20.0,2695.0,NZM,Hazrat Nizamuddin Jn,CAPE,Kanniyakumari,OGD_Train_details_22122017,https://data.gov.in/resource/train-details
12642.0,Nzm-Cape Thi,SRT,Satur,03:39:00,03:40:00,,21.0,2722.0,NZM,Hazrat Nizamuddin Jn,CAPE,Kanniyakumari,OGD_Train_details_22122017,https://data.gov.in/resource/train-details
12642.0,Nzm-Cape Thi,CVP,Kovilpatti,04:04:00,04:05:00,,22.0,2744.0,NZM,Hazrat Nizamuddin Jn,CAPE,Kanniyakumari,OGD_Train_details_22122017,https://data.gov.in/resource/train-details
12642.0,Nzm-Cape Thi,MEJ,Vanchi Maniy,04:44:00,04:45:00,,23.0,2780.0,NZM,Hazrat Nizamuddin Jn,CAPE,Kanniyakumari,OGD_Train_details_22122017,https://data.gov.in/resource/train-details
12642.0,Nzm-Cape Thi,TEN,Tirunelveli,06:00:00,06:05:00,,24.0,2809.0,NZM,Hazrat Nizamuddin Jn,CAPE,Kanniyakumari,OGD_Train_details_22122017,https://data.gov.in/resource/train-details
12642.0,Nzm-Cape Thi,NCJ,Nagercoil Jn,08:05:00,08:10:00,,25.0,2882.0,NZM,Hazrat Nizamuddin Jn,CAPE,Kanniyakumari,OGD_Train_details_22122017,https://data.gov.in/resource/train-details
12642.0,Nzm-Cape Thi,CAPE,Kanniyakumar,08:45:00,08:45:00,,26.0,2898.0,NZM,Hazrat Nizamuddin Jn,CAPE,Kanniyakumari,OGD_Train_details_22122017,https://data.gov.in/resource/train-details
12651.0,Mdu-Nzm  Exp,MDU,Madurai Jn,00:30:00,00:30:00,,1.0,0.0,MDU,Madurai Jn,NZM,Hazrat Nizamuddin Jn,OGD_Train_details_22122017,https://data.gov.in/resource/train-details
12651.0,Mdu-Nzm  Exp,DG,Dindigul Jn,01:25:00,01:27:00,,2.0,62.0,MDU,Madurai Jn,NZM,Hazrat Nizamuddin Jn,OGD_Train_details_22122017,https://data.gov.in/resource/train-details
12651.0,Mdu-Nzm  Exp,TPJ,Tiruchirappa,02:55:00,03:00:00,,3.0,156.0,MDU,Madurai Jn,NZM,Hazrat Nizamuddin Jn,OGD_Train_details_22122017,https://data.gov.in/resource/train-details
12651.0,Mdu-Nzm  Exp,ALU,Ariyalur,03:58:00,03:59:00,,4.0,226.0,MDU,Madurai Jn,NZM,Hazrat Nizamuddin Jn,OGD_Train_details_22122017,https://data.gov.in/resource/train-details
12651.0,Mdu-Nzm  Exp,VRI,Vridha Chala,04:45:00,04:47:00,,5.0,279.0,MDU,Madurai Jn,NZM,Hazrat Nizamuddin Jn,OGD_Train_details_22122017,https://data.gov.in/resource/train-details
12651.0,Mdu-Nzm  Exp,VM,Villupuram J,05:50:00,05:55:00,,6.0,334.0,MDU,Madurai Jn,NZM,Hazrat Nizamuddin Jn,OGD_Train_details_22122017,https://data.gov.in/resource/train-details
12651.0,Mdu-Nzm  Exp,CGL,Chengalpattu,07:28:00,07:30:00,,7.0,437.0,MDU,Madurai Jn,NZM,Hazrat Nizamuddin Jn,OGD_Train_details_22122017,https://data.gov.in/resource/train-details
12651.0,Mdu-Nzm  Exp,TBM,Tambaram,07:58:00,08:00:00,,8.0,467.0,MDU,Madurai Jn,NZM,Hazrat Nizamuddin Jn,OGD_Train_details_22122017,https://data.gov.in/resource/train-details
12651.0,Mdu-Nzm  Exp,MS,Chennai Egmo,08:50:00,09:05:00,,9.0,492.0,MDU,Madurai Jn,NZM,Hazrat Nizamuddin Jn,OGD_Train_details_22122017,https://data.gov.in/resource/train-details
12651.0,Mdu-Nzm  Exp,BZA,Vijaywada Jn,15:55:00,16:10:00,,10.0,927.0,MDU,Madurai Jn,NZM,Hazrat Nizamuddin Jn,OGD_Train_details_22122017,https://data.gov.in/resource/train-details
12651.0,Mdu-Nzm  Exp,BPQ,Balharshah,23:05:00,23:15:00,,11.0,1377.0,MDU,Madurai Jn,NZM,Hazrat Nizamuddin Jn,OGD_Train_details_22122017,https://data.gov.in/resource/train-details
12651.0,Mdu-Nzm  Exp,NGP,Nagpur Jn.(C,02:00:00,02:10:00,,12.0,1590.0,MDU,Madurai Jn,NZM,Hazrat Nizamuddin Jn,OGD_Train_details_22122017,https://data.gov.in/resource/train-details
12651.0,Mdu-Nzm  Exp,BPL,Bhopal,08:05:00,08:15:00,,13.0,1978.0,MDU,Madurai Jn,NZM,Hazrat Nizamuddin Jn,OGD_Train_details_22122017,https://data.gov.in/resource/train-details
12651.0,Mdu-Nzm  Exp,JHS,Jhansi Jn,12:00:00,12:10:00,,14.0,2268.0,MDU,Madurai Jn,NZM,Hazrat Nizamuddin Jn,OGD_Train_details_22122017,https://data.gov.in/resource/train-details
12651.0,Mdu-Nzm  Exp,NZM,Hazrat Nizam,18:00:00,18:00:00,,15.0,2653.0,MDU,Madurai Jn,NZM,Hazrat Nizamuddin Jn,OGD_Train_details_22122017,https://data.gov.in/resource/train-details
12652.0,Nzm-Mdu Exp.,NZM,Hazrat Nizam,07:10:00,07:10:00,,1.0,0.0,NZM,Hazrat Nizamuddin Jn,MDU,Madurai Jn,OGD_Train_details_22122017,https://data.gov.in/resource/train-details
12652.0,Nzm-Mdu Exp.,JHS,Jhansi Jn,13:45:00,13:55:00,,2.0,388.0,NZM,Hazrat Nizamuddin Jn,MDU,Madurai Jn,OGD_Train_details_22122017,https://data.gov.in/resource/train-details
12652.0,Nzm-Mdu Exp.,BPL,Bhopal,17:45:00,17:55:00,,3.0,677.0,NZM,Hazrat Nizamuddin Jn,MDU,Madurai Jn,OGD_Train_details_22122017,https://data.gov.in/resource/train-details
12652.0,Nzm-Mdu Exp.,NGP,Nagpur Jn.(C,00:05:00,00:15:00,,4.0,1066.0,NZM,Hazrat Nizamuddin Jn,MDU,Madurai Jn,OGD_Train_details_22122017,https://data.gov.in/resource/train-details
12652.0,Nzm-Mdu Exp.,BPQ,Balharshah,03:30:00,03:40:00,,5.0,1277.0,NZM,Hazrat Nizamuddin Jn,MDU,Madurai Jn,OGD_Train_details_22122017,https://data.gov.in/resource/train-details
12652.0,Nzm-Mdu Exp.,BZA,Vijaywada Jn,10:35:00,10:50:00,,6.0,1725.0,NZM,Hazrat Nizamuddin Jn,MDU,Madurai Jn,OGD_Train_details_22122017,https://data.gov.in/resource/train-details
12652.0,Nzm-Mdu Exp.,MS,Chennai Egmo,18:05:00,18:20:00,,7.0,2160.0,NZM,Hazrat Nizamuddin Jn,MDU,Madurai Jn,OGD_Train_details_22122017,https://data.gov.in/resource/train-details
12652.0,Nzm-Mdu Exp.,TBM,Tambaram,18:48:00,18:50:00,,8.0,2185.0,NZM,Hazrat Nizamuddin Jn,MDU,Madurai Jn,OGD_Train_details_22122017,https://data.gov.in/resource/train-details
12652.0,Nzm-Mdu Exp.,CGL,Chengalpattu,19:18:00,19:20:00,,9.0,2215.0,NZM,Hazrat Nizamuddin Jn,MDU,Madurai Jn,OGD_Train_details_22122017,https://data.gov.in/resource/train-details
12652.0,Nzm-Mdu Exp.,VM,Villupuram J,20:45:00,20:50:00,,10.0,2318.0,NZM,Hazrat Nizamuddin Jn,MDU,Madurai Jn,OGD_Train_details_22122017,https://data.gov.in/resource/train-details
12652.0,Nzm-Mdu Exp.,VRI,Vridha Chala,21:28:00,21:30:00,,11.0,2373.0,NZM,Hazrat Nizamuddin Jn,MDU,Madurai Jn,OGD_Train_details_22122017,https://data.gov.in/resource/train-details
12652.0,Nzm-Mdu Exp.,ALU,Ariyalur,22:07:00,22:08:00,,12.0,2426.0,NZM,Hazrat Nizamuddin Jn,MDU,Madurai Jn,OGD_Train_details_22122017,https://data.gov.in/resource/train-details
12652.0,Nzm-Mdu Exp.,TPJ,Tiruchirappa,23:55:00,00:05:00,,13.0,2496.0,NZM,Hazrat Nizamuddin Jn,MDU,Madurai Jn,OGD_Train_details_22122017,https://data.gov.in/resource/train-details
12652.0,Nzm-Mdu Exp.,DG,Dindigul Jn,01:28:00,01:30:00,,14.0,2590.0,NZM,Hazrat Nizamuddin Jn,MDU,Madurai Jn,OGD_Train_details_22122017,https://data.gov.in/resource/train-details
12652.0,Nzm-Mdu Exp.,MDU,Madurai Jn,03:25:00,03:25:00,,15.0,2652.0,NZM,Hazrat Nizamuddin Jn,MDU,Madurai Jn,OGD_Train_details_22122017,https://data.gov.in/resource/train-details
12653.0,Rockfort Exp,MS,Chennai Egmo,23:30:00,23:30:00,,1.0,0.0,MS,Chennai Egmore,TPJ,Tiruchirappalli Jn.,OGD_Train_details_22122017,https://data.gov.in/resource/train-details
12653.0,Rockfort Exp,MBM,Mambalam,23:41:00,23:42:00,,2.0,7.0,MS,Chennai Egmore,TPJ,Tiruchirappalli Jn.,OGD_Train_details_22122017,https://data.gov.in/resource/train-details
12653.0,Rockfort Exp,TBM,Tambaram,00:03:00,00:05:00,,3.0,25.0,MS,Chennai Egmore,TPJ,Tiruchirappalli Jn.,OGD_Train_details_22122017,https://data.gov.in/resource/train-details
12653.0,Rockfort Exp,CGL,Chengalpattu,00:33:00,00:35:00,,4.0,55.0,MS,Chennai Egmore,TPJ,Tiruchirappalli Jn.,OGD_Train_details_22122017,https://data.gov.in/resource/train-details
12653.0,Rockfort Exp,TMV,Tindivanam,01:18:00,01:20:00,,5.0,121.0,MS,Chennai Egmore,TPJ,Tiruchirappalli Jn.,OGD_Train_details_22122017,https://data.gov.in/resource/train-details
12653.0,Rockfort Exp,VM,Villupuram J,02:05:00,02:10:00,,6.0,158.0,MS,Chennai Egmore,TPJ,Tiruchirappalli Jn.,OGD_Train_details_22122017,https://data.gov.in/resource/train-details
12653.0,Rockfort Exp,VRI,Vridha Chala,02:53:00,02:55:00,,7.0,213.0,MS,Chennai Egmore,TPJ,Tiruchirappalli Jn.,OGD_Train_details_22122017,https://data.gov.in/resource/train-details
12653.0,Rockfort Exp,ALU,Ariyalur,03:23:00,03:25:00,,8.0,266.0,MS,Chennai Egmore,TPJ,Tiruchirappalli Jn.,OGD_Train_details_22122017,https://data.gov.in/resource/train-details
12653.0,Rockfort Exp,KKPM,Kallakkudi-P,03:41:00,03:42:00,,9.0,291.0,MS,Chennai Egmore,TPJ,Tiruchirappalli Jn.,OGD_Train_details_22122017,https://data.gov.in/resource/train-details
12653.0,Rockfort Exp,LLI,Lalgudi,03:54:00,03:55:00,,10.0,309.0,MS,Chennai Egmore,TPJ,Tiruchirappalli Jn.,OGD_Train_details_22122017,https://data.gov.in/resource/train-details
12653.0,Rockfort Exp,SRGM,Srirangam,04:08:00,04:10:00,,11.0,324.0,MS,Chennai Egmore,TPJ,Tiruchirappalli Jn.,OGD_Train_details_22122017,https://data.gov.in/resource/train-details
12653.0,Rockfort Exp,TPTN,Tiruchirappa,04:14:00,04:15:00,,12.0,329.0,MS,Chennai Egmore,TPJ,Tiruchirappalli Jn.,OGD_Train_details_22122017,https://data.gov.in/resource/train-details
12653.0,Rockfort Exp,GOC,Ponmalai (Go,04:23:00,04:25:00,,13.0,333.0,MS,Chennai Egmore,TPJ,Tiruchirappalli Jn.,OGD_Train_details_22122017,https://data.gov.in/resource/train-details
12653.0,Rockfort Exp,TPJ,Tiruchirappa,05:15:00,05:15:00,,14.0,336.0,MS,Chennai Egmore,TPJ,Tiruchirappalli Jn.,OGD_Train_details_22122017,https://data.gov.in/resource/train-details
12654.0,Rockfort Exp,TPJ,Tiruchirappa,22:40:00,22:40:00,,1.0,0.0,TPJ,Tiruchirappalli Jn.,MS,Chennai Egmore,OGD_Train_details_22122017,https://data.gov.in/resource/train-details
12654.0,Rockfort Exp,GOC,Ponmalai (Go,22:47:00,22:48:00,,2.0,2.0,TPJ,Tiruchirappalli Jn.,MS,Chennai Egmore,OGD_Train_details_22122017,https://data.gov.in/resource/train-details
12654.0,Rockfort Exp,TPTN,Tiruchirappa,22:54:00,22:55:00,,3.0,7.0,TPJ,Tiruchirappalli Jn.,MS,Chennai Egmore,OGD_Train_details_22122017,https://data.gov.in/resource/train-details
12654.0,Rockfort Exp,SRGM,Srirangam,23:00:00,23:02:00,,4.0,11.0,TPJ,Tiruchirappalli Jn.,MS,Chennai Egmore,OGD_Train_details_22122017,https://data.gov.in/resource/train-details
12654.0,Rockfort Exp,LLI,Lalgudi,23:17:00,23:18:00,,5.0,26.0,TPJ,Tiruchirappalli Jn.,MS,Chennai Egmore,OGD_Train_details_22122017,https://data.gov.in/resource/train-details
12654.0,Rockfort Exp,KKPM,Kallakkudi-P,23:29:00,23:30:00,,6.0,45.0,TPJ,Tiruchirappalli Jn.,MS,Chennai Egmore,OGD_Train_details_22122017,https://data.gov.in/resource/train-details
12654.0,Rockfort Exp,ALU,Ariyalur,23:48:00,23:50:00,,7.0,69.0,TPJ,Tiruchirappalli Jn.,MS,Chennai Egmore,OGD_Train_details_22122017,https://data.gov.in/resource/train-details
12654.0,Rockfort Exp,PNDM,Pennadam,00:10:00,00:11:00,,8.0,104.0,TPJ,Tiruchirappalli Jn.,MS,Chennai Egmore,OGD_Train_details_22122017,https://data.gov.in/resource/train-details
12654.0,Rockfort Exp,VRI,Vridha Chala,00:23:00,00:25:00,,9.0,122.0,TPJ,Tiruchirappalli Jn.,MS,Chennai Egmore,OGD_Train_details_22122017,https://data.gov.in/resource/train-details
12654.0,Rockfort Exp,VM,Villupuram J,01:25:00,01:30:00,,10.0,177.0,TPJ,Tiruchirappalli Jn.,MS,Chennai Egmore,OGD_Train_details_22122017,https://data.gov.in/resource/train-details
12654.0,Rockfort Exp,TMV,Tindivanam,02:03:00,02:05:00,,11.0,214.0,TPJ,Tiruchirappalli Jn.,MS,Chennai Egmore,OGD_Train_details_22122017,https://data.gov.in/resource/train-details
12654.0,Rockfort Exp,CGL,Chengalpattu,03:03:00,03:05:00,,12.0,280.0,TPJ,Tiruchirappalli Jn.,MS,Chennai Egmore,OGD_Train_details_22122017,https://data.gov.in/resource/train-details
12654.0,Rockfort Exp,TBM,Tambaram,03:33:00,03:35:00,,13.0,311.0,TPJ,Tiruchirappalli Jn.,MS,Chennai Egmore,OGD_Train_details_22122017,https://data.gov.in/resource/train-details
12654.0,Rockfort Exp,MBM,Mambalam,03:54:00,03:55:00,,14.0,329.0,TPJ,Tiruchirappalli Jn.,MS,Chennai Egmore,OGD_Train_details_22122017,https://data.gov.in/resource/train-details
12654.0,Rockfort Exp,MS,Chennai Egmo,04:40:00,04:40:00,,15.0,335.0,TPJ,Tiruchirappalli Jn.,MS,Chennai Egmore,OGD_Train_details_22122017,https://data.gov.in/resource/train-details
12661.0,Ms-Sct Pothi,MS,Chennai Egmo,21:05:00,21:05:00,,1.0,0.0,MS,Chennai Egmore,SCT,Sengottai Jn,OGD_Train_details_22122017,https://data.gov.in/resource/train-details
12661.0,Ms-Sct Pothi,TBM,Tambaram,21:33:00,21:35:00,,2.0,24.0,MS,Chennai Egmore,SCT,Sengottai Jn,OGD_Train_details_22122017,https://data.gov.in/resource/train-details
12661.0,Ms-Sct Pothi,CGL,Chengalpattu,22:03:00,22:05:00,,3.0,55.0,MS,Chennai Egmore,SCT,Sengottai Jn,OGD_Train_details_22122017,https://data.gov.in/resource/train-details
12661.0,Ms-Sct Pothi,VM,Villupuram J,23:25:00,23:30:00,,4.0,158.0,MS,Chennai Egmore,SCT,Sengottai Jn,OGD_Train_details_22122017,https://data.gov.in/resource/train-details
12661.0,Ms-Sct Pothi,VRI,Vridha Chala,00:03:00,00:05:00,,5.0,212.0,MS,Chennai Egmore,SCT,Sengottai Jn,OGD_Train_details_22122017,https://data.gov.in/resource/train-details
12661.0,Ms-Sct Pothi,TPJ,Tiruchirappa,02:15:00,02:20:00,,6.0,335.0,MS,Chennai Egmore,SCT,Sengottai Jn,OGD_Train_details_22122017,https://data.gov.in/resource/train-details
12661.0,Ms-Sct Pothi,DG,Dindigul Jn,03:38:00,03:40:00,,7.0,429.0,MS,Chennai Egmore,SCT,Sengottai Jn,OGD_Train_details_22122017,https://data.gov.in/resource/train-details
12661.0,Ms-Sct Pothi,MDU,Madurai Jn,05:00:00,05:05:00,,8.0,492.0,MS,Chennai Egmore,SCT,Sengottai Jn,OGD_Train_details_22122017,https://data.gov.in/resource/train-details
12661.0,Ms-Sct Pothi,VPT,Virudunagar,05:48:00,05:50:00,,9.0,535.0,MS,Chennai Egmore,SCT,Sengottai Jn,OGD_Train_details_22122017,https://data.gov.in/resource/train-details
12661.0,Ms-Sct Pothi,TTL,Tiruttangal,06:07:00,06:08:00,,10.0,557.0,MS,Chennai Egmore,SCT,Sengottai Jn,OGD_Train_details_22122017,https://data.gov.in/resource/train-details
12661.0,Ms-Sct Pothi,SVKS,Sivakasi,06:12:00,06:13:00,,11.0,559.0,MS,Chennai Egmore,SCT,Sengottai Jn,OGD_Train_details_22122017,https://data.gov.in/resource/train-details
12661.0,Ms-Sct Pothi,SVPR,Srivilliputt,06:27:00,06:28:00,,12.0,576.0,MS,Chennai Egmore,SCT,Sengottai Jn,OGD_Train_details_22122017,https://data.gov.in/resource/train-details
12661.0,Ms-Sct Pothi,RJPM,Rajapalayam,06:39:00,06:40:00,,13.0,588.0,MS,Chennai Egmore,SCT,Sengottai Jn,OGD_Train_details_22122017,https://data.gov.in/resource/train-details
12661.0,Ms-Sct Pothi,SNKL,Sankarankovi,07:01:00,07:02:00,,14.0,620.0,MS,Chennai Egmore,SCT,Sengottai Jn,OGD_Train_details_22122017,https://data.gov.in/resource/train-details
12661.0,Ms-Sct Pothi,PBKS,Pambakovil S,07:12:00,07:13:00,,15.0,632.0,MS,Chennai Egmore,SCT,Sengottai Jn,OGD_Train_details_22122017,https://data.gov.in/resource/train-details
12661.0,Ms-Sct Pothi,KDNL,Kadayanallur,07:23:00,07:24:00,,16.0,641.0,MS,Chennai Egmore,SCT,Sengottai Jn,OGD_Train_details_22122017,https://data.gov.in/resource/train-details
12661.0,Ms-Sct Pothi,TSI,Tenkasi,07:39:00,07:40:00,,17.0,657.0,MS,Chennai Egmore,SCT,Sengottai Jn,OGD_Train_details_22122017,https://data.gov.in/resource/train-details
12661.0,Ms-Sct Pothi,SCT,Sengottai Jn,08:50:00,08:50:00,,18.0,665.0,MS,Chennai Egmore,SCT,Sengottai Jn,OGD_Train_details_22122017,https://data.gov.in/resource/train-details
12662.0,Sct-Ms Pothi,SCT,Sengottai Jn,18:15:00,18:15:00,,1.0,0.0,SCT,Sengottai Jn,MS,Chennai Egmore,OGD_Train_details_22122017,https://data.gov.in/resource/train-details
12662.0,Sct-Ms Pothi,TSI,Tenkasi,18:28:00,18:30:00,,2.0,7.0,SCT,Sengottai Jn,MS,Chennai Egmore,OGD_Train_details_22122017,https://data.gov.in/resource/train-details
12662.0,Sct-Ms Pothi,KDNL,Kadayanallur,18:43:00,18:45:00,,3.0,23.0,SCT,Sengottai Jn,MS,Chennai Egmore,OGD_Train_details_22122017,https://data.gov.in/resource/train-details
12662.0,Sct-Ms Pothi,PBKS,Pambakovil S,18:57:00,18:58:00,,4.0,32.0,SCT,Sengottai Jn,MS,Chennai Egmore,OGD_Train_details_22122017,https://data.gov.in/resource/train-details
12662.0,Sct-Ms Pothi,SNKL,Sankarankovi,19:09:00,19:10:00,,5.0,44.0,SCT,Sengottai Jn,MS,Chennai Egmore,OGD_Train_details_22122017,https://data.gov.in/resource/train-details
12662.0,Sct-Ms Pothi,RJPM,Rajapalayam,19:34:00,19:35:00,,6.0,77.0,SCT,Sengottai Jn,MS,Chennai Egmore,OGD_Train_details_22122017,https://data.gov.in/resource/train-details
12662.0,Sct-Ms Pothi,SVPR,Srivilliputt,19:45:00,19:46:00,,7.0,88.0,SCT,Sengottai Jn,MS,Chennai Egmore,OGD_Train_details_22122017,https://data.gov.in/resource/train-details
12662.0,Sct-Ms Pothi,SVKS,Sivakasi,19:59:00,20:00:00,,8.0,105.0,SCT,Sengottai Jn,MS,Chennai Egmore,OGD_Train_details_22122017,https://data.gov.in/resource/train-details
12662.0,Sct-Ms Pothi,TTL,Tiruttangal,20:05:00,20:06:00,,9.0,108.0,SCT,Sengottai Jn,MS,Chennai Egmore,OGD_Train_details_22122017,https://data.gov.in/resource/train-details
12662.0,Sct-Ms Pothi,VPT,Virudunagar,20:25:00,20:27:00,,10.0,129.0,SCT,Sengottai Jn,MS,Chennai Egmore,OGD_Train_details_22122017,https://data.gov.in/resource/train-details
12662.0,Sct-Ms Pothi,MDU,Madurai Jn,21:35:00,21:40:00,,11.0,173.0,SCT,Sengottai Jn,MS,Chennai Egmore,OGD_Train_details_22122017,https://data.gov.in/resource/train-details
12662.0,Sct-Ms Pothi,DG,Dindigul Jn,22:38:00,22:40:00,,12.0,235.0,SCT,Sengottai Jn,MS,Chennai Egmore,OGD_Train_details_22122017,https://data.gov.in/resource/train-details
12662.0,Sct-Ms Pothi,TPJ,Tiruchirappa,00:05:00,00:10:00,,13.0,329.0,SCT,Sengottai Jn,MS,Chennai Egmore,OGD_Train_details_22122017,https://data.gov.in/resource/train-details
12662.0,Sct-Ms Pothi,VRI,Vridha Chala,02:00:00,02:02:00,,14.0,452.0,SCT,Sengottai Jn,MS,Chennai Egmore,OGD_Train_details_22122017,https://data.gov.in/resource/train-details
12662.0,Sct-Ms Pothi,VM,Villupuram J,02:50:00,02:55:00,,15.0,507.0,SCT,Sengottai Jn,MS,Chennai Egmore,OGD_Train_details_22122017,https://data.gov.in/resource/train-details
12662.0,Sct-Ms Pothi,CGL,Chengalpattu,04:28:00,04:30:00,,16.0,610.0,SCT,Sengottai Jn,MS,Chennai Egmore,OGD_Train_details_22122017,https://data.gov.in/resource/train-details
12662.0,Sct-Ms Pothi,TBM,Tambaram,04:58:00,05:00:00,,17.0,641.0,SCT,Sengottai Jn,MS,Chennai Egmore,OGD_Train_details_22122017,https://data.gov.in/resource/train-details
12662.0,Sct-Ms Pothi,MS,Chennai Egmo,05:55:00,05:55:00,,18.0,665.0,SCT,Sengottai Jn,MS,Chennai Egmore,OGD_Train_details_22122017,https://data.gov.in/resource/train-details
12663.0,Hwh-Tpj Expr,HWH,Howrah Jn.,16:10:00,16:10:00,,1.0,0.0,HWH,Howrah Jn.,TPJ,Tiruchirappalli Jn.,OGD_Train_details_22122017,https://data.gov.in/resource/train-details
12663.0,Hwh-Tpj Expr,KGP,Kharagpur,17:55:00,18:00:00,,2.0,116.0,HWH,Howrah Jn.,TPJ,Tiruchirappalli Jn.,OGD_Train_details_22122017,https://data.gov.in/resource/train-details
12663.0,Hwh-Tpj Expr,BLS,Balasore,19:24:00,19:26:00,,3.0,237.0,HWH,Howrah Jn.,TPJ,Tiruchirappalli Jn.,OGD_Train_details_22122017,https://data.gov.in/resource/train-details
12663.0,Hwh-Tpj Expr,BHC,Bhadrakh,20:23:00,20:25:00,,4.0,299.0,HWH,Howrah Jn.,TPJ,Tiruchirappalli Jn.,OGD_Train_details_22122017,https://data.gov.in/resource/train-details
12663.0,Hwh-Tpj Expr,CTC,Cuttack Jn.,21:50:00,21:55:00,,5.0,415.0,HWH,Howrah Jn.,TPJ,Tiruchirappalli Jn.,OGD_Train_details_22122017,https://data.gov.in/resource/train-details
12663.0,Hwh-Tpj Expr,BBS,Bhubaneswar,22:30:00,22:35:00,,6.0,442.0,HWH,Howrah Jn.,TPJ,Tiruchirappalli Jn.,OGD_Train_details_22122017,https://data.gov.in/resource/train-details
12663.0,Hwh-Tpj Expr,KUR,Khurda Road,23:10:00,23:25:00,,7.0,460.0,HWH,Howrah Jn.,TPJ,Tiruchirappalli Jn.,OGD_Train_details_22122017,https://data.gov.in/resource/train-details
12663.0,Hwh-Tpj Expr,BAM,Berhampur,01:20:00,01:25:00,,8.0,607.0,HWH,Howrah Jn.,TPJ,Tiruchirappalli Jn.,OGD_Train_details_22122017,https://data.gov.in/resource/train-details
12663.0,Hwh-Tpj Expr,VZM,Vizianagaram,04:30:00,04:32:00,,9.0,823.0,HWH,Howrah Jn.,TPJ,Tiruchirappalli Jn.,OGD_Train_details_22122017,https://data.gov.in/resource/train-details
12663.0,Hwh-Tpj Expr,VSKP,Visakhapatna,05:35:00,05:55:00,,10.0,884.0,HWH,Howrah Jn.,TPJ,Tiruchirappalli Jn.,OGD_Train_details_22122017,https://data.gov.in/resource/train-details
12663.0,Hwh-Tpj Expr,RJY,Rajahmundry,08:50:00,08:52:00,,11.0,1085.0,HWH,Howrah Jn.,TPJ,Tiruchirappalli Jn.,OGD_Train_details_22122017,https://data.gov.in/resource/train-details
12663.0,Hwh-Tpj Expr,EE,Eluru,09:59:00,10:00:00,,12.0,1175.0,HWH,Howrah Jn.,TPJ,Tiruchirappalli Jn.,OGD_Train_details_22122017,https://data.gov.in/resource/train-details
12663.0,Hwh-Tpj Expr,BZA,Vijaywada Jn,11:30:00,11:45:00,,13.0,1234.0,HWH,Howrah Jn.,TPJ,Tiruchirappalli Jn.,OGD_Train_details_22122017,https://data.gov.in/resource/train-details
12663.0,Hwh-Tpj Expr,OGL,Ongole,14:08:00,14:09:00,,14.0,1373.0,HWH,Howrah Jn.,TPJ,Tiruchirappalli Jn.,OGD_Train_details_22122017,https://data.gov.in/resource/train-details
12663.0,Hwh-Tpj Expr,NLR,Nellore,15:59:00,16:00:00,,15.0,1489.0,HWH,Howrah Jn.,TPJ,Tiruchirappalli Jn.,OGD_Train_details_22122017,https://data.gov.in/resource/train-details
12663.0,Hwh-Tpj Expr,MS,Chennai Egmo,19:55:00,20:20:00,,16.0,1669.0,HWH,Howrah Jn.,TPJ,Tiruchirappalli Jn.,OGD_Train_details_22122017,https://data.gov.in/resource/train-details
12663.0,Hwh-Tpj Expr,TBM,Tambaram,20:48:00,20:50:00,,17.0,1694.0,HWH,Howrah Jn.,TPJ,Tiruchirappalli Jn.,OGD_Train_details_22122017,https://data.gov.in/resource/train-details
12663.0,Hwh-Tpj Expr,CGL,Chengalpattu,21:18:00,21:20:00,,18.0,1724.0,HWH,Howrah Jn.,TPJ,Tiruchirappalli Jn.,OGD_Train_details_22122017,https://data.gov.in/resource/train-details
12663.0,Hwh-Tpj Expr,MLMR,Melmaruvathu,21:43:00,21:45:00,,19.0,1760.0,HWH,Howrah Jn.,TPJ,Tiruchirappalli Jn.,OGD_Train_details_22122017,https://data.gov.in/resource/train-details
12663.0,Hwh-Tpj Expr,VM,Villupuram J,22:50:00,22:55:00,,20.0,1827.0,HWH,Howrah Jn.,TPJ,Tiruchirappalli Jn.,OGD_Train_details_22122017,https://data.gov.in/resource/train-details
12663.0,Hwh-Tpj Expr,VRI,Vridha Chala,23:40:00,23:42:00,,21.0,1882.0,HWH,Howrah Jn.,TPJ,Tiruchirappalli Jn.,OGD_Train_details_22122017,https://data.gov.in/resource/train-details
12663.0,Hwh-Tpj Expr,ALU,Ariyalur,00:29:00,00:30:00,,22.0,1935.0,HWH,Howrah Jn.,TPJ,Tiruchirappalli Jn.,OGD_Train_details_22122017,https://data.gov.in/resource/train-details
12663.0,Hwh-Tpj Expr,SRGM,Srirangam,01:28:00,01:30:00,,23.0,1993.0,HWH,Howrah Jn.,TPJ,Tiruchirappalli Jn.,OGD_Train_details_22122017,https://data.gov.in/resource/train-details
12663.0,Hwh-Tpj Expr,TPJ,Tiruchirappa,03:30:00,03:30:00,,24.0,2005.0,HWH,Howrah Jn.,TPJ,Tiruchirappalli Jn.,OGD_Train_details_22122017,https://data.gov.in/resource/train-details
12664.0,Tpj-Hwh Exp,TPJ,Tiruchirappa,16:20:00,16:20:00,,1.0,0.0,TPJ,Tiruchirappalli Jn.,HWH,Howrah Jn.,OGD_Train_details_22122017,https://data.gov.in/resource/train-details
12664.0,Tpj-Hwh Exp,SRGM,Srirangam,16:36:00,16:37:00,,2.0,11.0,TPJ,Tiruchirappalli Jn.,HWH,Howrah Jn.,OGD_Train_details_22122017,https://data.gov.in/resource/train-details
12664.0,Tpj-Hwh Exp,ALU,Ariyalur,17:04:00,17:05:00,,3.0,69.0,TPJ,Tiruchirappalli Jn.,HWH,Howrah Jn.,OGD_Train_details_22122017,https://data.gov.in/resource/train-details
12664.0,Tpj-Hwh Exp,VRI,Vridha Chala,17:50:00,17:52:00,,4.0,122.0,TPJ,Tiruchirappalli Jn.,HWH,Howrah Jn.,OGD_Train_details_22122017,https://data.gov.in/resource/train-details
12664.0,Tpj-Hwh Exp,VM,Villupuram J,19:10:00,19:15:00,,5.0,177.0,TPJ,Tiruchirappalli Jn.,HWH,Howrah Jn.,OGD_Train_details_22122017,https://data.gov.in/resource/train-details
12664.0,Tpj-Hwh Exp,MLMR,Melmaruvathu,20:13:00,20:15:00,,6.0,244.0,TPJ,Tiruchirappalli Jn.,HWH,Howrah Jn.,OGD_Train_details_22122017,https://data.gov.in/resource/train-details
12664.0,Tpj-Hwh Exp,CGL,Chengalpattu,20:53:00,20:55:00,,7.0,280.0,TPJ,Tiruchirappalli Jn.,HWH,Howrah Jn.,OGD_Train_details_22122017,https://data.gov.in/resource/train-details
12664.0,Tpj-Hwh Exp,TBM,Tambaram,21:23:00,21:25:00,,8.0,311.0,TPJ,Tiruchirappalli Jn.,HWH,Howrah Jn.,OGD_Train_details_22122017,https://data.gov.in/resource/train-details
12664.0,Tpj-Hwh Exp,MS,Chennai Egmo,22:05:00,22:30:00,,9.0,335.0,TPJ,Tiruchirappalli Jn.,HWH,Howrah Jn.,OGD_Train_details_22122017,https://data.gov.in/resource/train-details
12664.0,Tpj-Hwh Exp,NLR,Nellore,01:42:00,01:43:00,,10.0,516.0,TPJ,Tiruchirappalli Jn.,HWH,Howrah Jn.,OGD_Train_details_22122017,https://data.gov.in/resource/train-details
12664.0,Tpj-Hwh Exp,OGL,Ongole,03:09:00,03:10:00,,11.0,632.0,TPJ,Tiruchirappalli Jn.,HWH,Howrah Jn.,OGD_Train_details_22122017,https://data.gov.in/resource/train-details
12664.0,Tpj-Hwh Exp,BZA,Vijaywada Jn,05:30:00,05:40:00,,12.0,770.0,TPJ,Tiruchirappalli Jn.,HWH,Howrah Jn.,OGD_Train_details_22122017,https://data.gov.in/resource/train-details
12664.0,Tpj-Hwh Exp,EE,Eluru,06:26:00,06:27:00,,13.0,830.0,TPJ,Tiruchirappalli Jn.,HWH,Howrah Jn.,OGD_Train_details_22122017,https://data.gov.in/resource/train-details
12664.0,Tpj-Hwh Exp,RJY,Rajahmundry,07:51:00,07:53:00,,14.0,920.0,TPJ,Tiruchirappalli Jn.,HWH,Howrah Jn.,OGD_Train_details_22122017,https://data.gov.in/resource/train-details
12664.0,Tpj-Hwh Exp,VSKP,Visakhapatna,11:40:00,12:00:00,,15.0,1120.0,TPJ,Tiruchirappalli Jn.,HWH,Howrah Jn.,OGD_Train_details_22122017,https://data.gov.in/resource/train-details
12664.0,Tpj-Hwh Exp,VZM,Vizianagaram,12:55:00,12:57:00,,16.0,1181.0,TPJ,Tiruchirappalli Jn.,HWH,Howrah Jn.,OGD_Train_details_22122017,https://data.gov.in/resource/train-details
12664.0,Tpj-Hwh Exp,BAM,Berhampur,15:51:00,15:53:00,,17.0,1397.0,TPJ,Tiruchirappalli Jn.,HWH,Howrah Jn.,OGD_Train_details_22122017,https://data.gov.in/resource/train-details
12664.0,Tpj-Hwh Exp,KUR,Khurda Road,18:10:00,18:30:00,,18.0,1544.0,TPJ,Tiruchirappalli Jn.,HWH,Howrah Jn.,OGD_Train_details_22122017,https://data.gov.in/resource/train-details
12664.0,Tpj-Hwh Exp,BBS,Bhubaneswar,18:50:00,18:55:00,,19.0,1563.0,TPJ,Tiruchirappalli Jn.,HWH,Howrah Jn.,OGD_Train_details_22122017,https://data.gov.in/resource/train-details
12664.0,Tpj-Hwh Exp,CTC,Cuttack Jn.,19:25:00,19:30:00,,20.0,1590.0,TPJ,Tiruchirappalli Jn.,HWH,Howrah Jn.,OGD_Train_details_22122017,https://data.gov.in/resource/train-details
12664.0,Tpj-Hwh Exp,BHC,Bhadrakh,22:00:00,22:02:00,,21.0,1706.0,TPJ,Tiruchirappalli Jn.,HWH,Howrah Jn.,OGD_Train_details_22122017,https://data.gov.in/resource/train-details
12664.0,Tpj-Hwh Exp,BLS,Balasore,22:46:00,22:48:00,,22.0,1768.0,TPJ,Tiruchirappalli Jn.,HWH,Howrah Jn.,OGD_Train_details_22122017,https://data.gov.in/resource/train-details
12664.0,Tpj-Hwh Exp,KGP,Kharagpur,00:30:00,01:00:00,,23.0,1889.0,TPJ,Tiruchirappalli Jn.,HWH,Howrah Jn.,OGD_Train_details_22122017,https://data.gov.in/resource/train-details
12664.0,Tpj-Hwh Exp,HWH,Howrah Jn.,03:10:00,03:10:00,,24.0,2004.0,TPJ,Tiruchirappalli Jn.,HWH,Howrah Jn.,OGD_Train_details_22122017,https://data.gov.in/resource/train-details
12665.0,Hwh-Cape Exp,HWH,Howrah Jn.,16:10:00,16:10:00,,1.0,0.0,HWH,Howrah Jn.,CAPE,Kanniyakumari,OGD_Train_details_22122017,https://data.gov.in/resource/train-details
12665.0,Hwh-Cape Exp,KGP,Kharagpur,17:55:00,18:00:00,,2.0,116.0,HWH,Howrah Jn.,CAPE,Kanniyakumari,OGD_Train_details_22122017,https://data.gov.in/resource/train-details
12665.0,Hwh-Cape Exp,BLS,Balasore,19:24:00,19:26:00,,3.0,237.0,HWH,Howrah Jn.,CAPE,Kanniyakumari,OGD_Train_details_22122017,https://data.gov.in/resource/train-details
12665.0,Hwh-Cape Exp,CTC,Cuttack Jn.,21:50:00,21:55:00,,4.0,415.0,HWH,Howrah Jn.,CAPE,Kanniyakumari,OGD_Train_details_22122017,https://data.gov.in/resource/train-details
12665.0,Hwh-Cape Exp,BBS,Bhubaneswar,22:30:00,22:35:00,,5.0,442.0,HWH,Howrah Jn.,CAPE,Kanniyakumari,OGD_Train_details_22122017,https://data.gov.in/resource/train-details
12665.0,Hwh-Cape Exp,KUR,Khurda Road,23:10:00,23:25:00,,6.0,460.0,HWH,Howrah Jn.,CAPE,Kanniyakumari,OGD_Train_details_22122017,https://data.gov.in/resource/train-details
12665.0,Hwh-Cape Exp,BAM,Berhampur,01:20:00,01:25:00,,7.0,607.0,HWH,Howrah Jn.,CAPE,Kanniyakumari,OGD_Train_details_22122017,https://data.gov.in/resource/train-details
12665.0,Hwh-Cape Exp,VSKP,Visakhapatna,05:35:00,05:55:00,,8.0,884.0,HWH,Howrah Jn.,CAPE,Kanniyakumari,OGD_Train_details_22122017,https://data.gov.in/resource/train-details
12665.0,Hwh-Cape Exp,RJY,Rajahmundry,08:50:00,08:52:00,,9.0,1085.0,HWH,Howrah Jn.,CAPE,Kanniyakumari,OGD_Train_details_22122017,https://data.gov.in/resource/train-details
12665.0,Hwh-Cape Exp,EE,Eluru,09:59:00,10:00:00,,10.0,1175.0,HWH,Howrah Jn.,CAPE,Kanniyakumari,OGD_Train_details_22122017,https://data.gov.in/resource/train-details
12665.0,Hwh-Cape Exp,BZA,Vijaywada Jn,11:40:00,11:55:00,,11.0,1234.0,HWH,Howrah Jn.,CAPE,Kanniyakumari,OGD_Train_details_22122017,https://data.gov.in/resource/train-details
12665.0,Hwh-Cape Exp,OGL,Ongole,14:08:00,14:09:00,,12.0,1373.0,HWH,Howrah Jn.,CAPE,Kanniyakumari,OGD_Train_details_22122017,https://data.gov.in/resource/train-details
12665.0,Hwh-Cape Exp,NLR,Nellore,15:59:00,16:00:00,,13.0,1489.0,HWH,Howrah Jn.,CAPE,Kanniyakumari,OGD_Train_details_22122017,https://data.gov.in/resource/train-details
12665.0,Hwh-Cape Exp,MS,Chennai Egmo,19:55:00,20:20:00,,14.0,1669.0,HWH,Howrah Jn.,CAPE,Kanniyakumari,OGD_Train_details_22122017,https://data.gov.in/resource/train-details
12665.0,Hwh-Cape Exp,TBM,Tambaram,20:48:00,20:50:00,,15.0,1694.0,HWH,Howrah Jn.,CAPE,Kanniyakumari,OGD_Train_details_22122017,https://data.gov.in/resource/train-details
12665.0,Hwh-Cape Exp,CGL,Chengalpattu,21:18:00,21:20:00,,16.0,1724.0,HWH,Howrah Jn.,CAPE,Kanniyakumari,OGD_Train_details_22122017,https://data.gov.in/resource/train-details
12665.0,Hwh-Cape Exp,MLMR,Melmaruvathu,21:48:00,21:50:00,,17.0,1760.0,HWH,Howrah Jn.,CAPE,Kanniyakumari,OGD_Train_details_22122017,https://data.gov.in/resource/train-details
12665.0,Hwh-Cape Exp,VM,Villupuram J,22:50:00,22:55:00,,18.0,1827.0,HWH,Howrah Jn.,CAPE,Kanniyakumari,OGD_Train_details_22122017,https://data.gov.in/resource/train-details
12665.0,Hwh-Cape Exp,VRI,Vridha Chala,23:40:00,23:42:00,,19.0,1882.0,HWH,Howrah Jn.,CAPE,Kanniyakumari,OGD_Train_details_22122017,https://data.gov.in/resource/train-details
12665.0,Hwh-Cape Exp,ALU,Ariyalur,00:29:00,00:30:00,,20.0,1935.0,HWH,Howrah Jn.,CAPE,Kanniyakumari,OGD_Train_details_22122017,https://data.gov.in/resource/train-details
12665.0,Hwh-Cape Exp,SRGM,Srirangam,01:28:00,01:30:00,,21.0,1993.0,HWH,Howrah Jn.,CAPE,Kanniyakumari,OGD_Train_details_22122017,https://data.gov.in/resource/train-details
12665.0,Hwh-Cape Exp,TPJ,Tiruchirappa,01:50:00,01:55:00,,22.0,2005.0,HWH,Howrah Jn.,CAPE,Kanniyakumari,OGD_Train_details_22122017,https://data.gov.in/resource/train-details
12665.0,Hwh-Cape Exp,DG,Dindigul Jn,03:13:00,03:15:00,,23.0,2099.0,HWH,Howrah Jn.,CAPE,Kanniyakumari,OGD_Train_details_22122017,https://data.gov.in/resource/train-details
12665.0,Hwh-Cape Exp,KQN,Kodaikkanal,03:34:00,03:35:00,,24.0,2121.0,HWH,Howrah Jn.,CAPE,Kanniyakumari,OGD_Train_details_22122017,https://data.gov.in/resource/train-details
12665.0,Hwh-Cape Exp,MDU,Madurai Jn,04:20:00,04:25:00,,25.0,2161.0,HWH,Howrah Jn.,CAPE,Kanniyakumari,OGD_Train_details_22122017,https://data.gov.in/resource/train-details
12665.0,Hwh-Cape Exp,VPT,Virudunagar,05:14:00,05:15:00,,26.0,2204.0,HWH,Howrah Jn.,CAPE,Kanniyakumari,OGD_Train_details_22122017,https://data.gov.in/resource/train-details
12665.0,Hwh-Cape Exp,SRT,Satur,05:34:00,05:35:00,,27.0,2231.0,HWH,Howrah Jn.,CAPE,Kanniyakumari,OGD_Train_details_22122017,https://data.gov.in/resource/train-details
12665.0,Hwh-Cape Exp,CVP,Kovilpatti,05:59:00,06:00:00,,28.0,2253.0,HWH,Howrah Jn.,CAPE,Kanniyakumari,OGD_Train_details_22122017,https://data.gov.in/resource/train-details
12665.0,Hwh-Cape Exp,MEJ,Vanchi Maniy,06:34:00,06:35:00,,29.0,2289.0,HWH,Howrah Jn.,CAPE,Kanniyakumari,OGD_Train_details_22122017,https://data.gov.in/resource/train-details
12665.0,Hwh-Cape Exp,TEN,Tirunelveli,08:20:00,08:25:00,,30.0,2318.0,HWH,Howrah Jn.,CAPE,Kanniyakumari,OGD_Train_details_22122017,https://data.gov.in/resource/train-details
12665.0,Hwh-Cape Exp,NCJ,Nagercoil Jn,09:55:00,10:00:00,,31.0,2391.0,HWH,Howrah Jn.,CAPE,Kanniyakumari,OGD_Train_details_22122017,https://data.gov.in/resource/train-details
12665.0,Hwh-Cape Exp,CAPE,Kanniyakumar,10:25:00,10:25:00,,32.0,2407.0,HWH,Howrah Jn.,CAPE,Kanniyakumari,OGD_Train_details_22122017,https://data.gov.in/resource/train-details
12666.0,Cape Hwh Exp,CAPE,Kanniyakumar,07:50:00,07:50:00,,1.0,0.0,CAPE,Kanniyakumari,HWH,Howrah Jn.,OGD_Train_details_22122017,https://data.gov.in/resource/train-details
12666.0,Cape Hwh Exp,NCJ,Nagercoil Jn,08:05:00,08:10:00,,2.0,15.0,CAPE,Kanniyakumari,HWH,Howrah Jn.,OGD_Train_details_22122017,https://data.gov.in/resource/train-details
12666.0,Cape Hwh Exp,TEN,Tirunelveli,09:35:00,09:40:00,,3.0,88.0,CAPE,Kanniyakumari,HWH,Howrah Jn.,OGD_Train_details_22122017,https://data.gov.in/resource/train-details
12666.0,Cape Hwh Exp,MEJ,Vanchi Maniy,10:13:00,10:15:00,,4.0,117.0,CAPE,Kanniyakumari,HWH,Howrah Jn.,OGD_Train_details_22122017,https://data.gov.in/resource/train-details
12666.0,Cape Hwh Exp,CVP,Kovilpatti,10:39:00,10:40:00,,5.0,153.0,CAPE,Kanniyakumari,HWH,Howrah Jn.,OGD_Train_details_22122017,https://data.gov.in/resource/train-details
12666.0,Cape Hwh Exp,SRT,Satur,10:59:00,11:00:00,,6.0,175.0,CAPE,Kanniyakumari,HWH,Howrah Jn.,OGD_Train_details_22122017,https://data.gov.in/resource/train-details
12666.0,Cape Hwh Exp,VPT,Virudunagar,11:33:00,11:35:00,,7.0,202.0,CAPE,Kanniyakumari,HWH,Howrah Jn.,OGD_Train_details_22122017,https://data.gov.in/resource/train-details
12666.0,Cape Hwh Exp,MDU,Madurai Jn,12:45:00,12:50:00,,8.0,245.0,CAPE,Kanniyakumari,HWH,Howrah Jn.,OGD_Train_details_22122017,https://data.gov.in/resource/train-details
12666.0,Cape Hwh Exp,KQN,Kodaikkanal,13:20:00,13:22:00,,9.0,285.0,CAPE,Kanniyakumari,HWH,Howrah Jn.,OGD_Train_details_22122017,https://data.gov.in/resource/train-details
12666.0,Cape Hwh Exp,DG,Dindigul Jn,13:49:00,13:50:00,,10.0,307.0,CAPE,Kanniyakumari,HWH,Howrah Jn.,OGD_Train_details_22122017,https://data.gov.in/resource/train-details
12666.0,Cape Hwh Exp,TPJ,Tiruchirappa,15:40:00,16:20:00,,11.0,402.0,CAPE,Kanniyakumari,HWH,Howrah Jn.,OGD_Train_details_22122017,https://data.gov.in/resource/train-details
12666.0,Cape Hwh Exp,SRGM,Srirangam,16:35:00,16:37:00,,12.0,413.0,CAPE,Kanniyakumari,HWH,Howrah Jn.,OGD_Train_details_22122017,https://data.gov.in/resource/train-details
12666.0,Cape Hwh Exp,ALU,Ariyalur,17:19:00,17:20:00,,13.0,471.0,CAPE,Kanniyakumari,HWH,Howrah Jn.,OGD_Train_details_22122017,https://data.gov.in/resource/train-details
12666.0,Cape Hwh Exp,VRI,Vridha Chala,17:50:00,17:52:00,,14.0,524.0,CAPE,Kanniyakumari,HWH,Howrah Jn.,OGD_Train_details_22122017,https://data.gov.in/resource/train-details
12666.0,Cape Hwh Exp,VM,Villupuram J,19:10:00,19:15:00,,15.0,579.0,CAPE,Kanniyakumari,HWH,Howrah Jn.,OGD_Train_details_22122017,https://data.gov.in/resource/train-details
12666.0,Cape Hwh Exp,MLMR,Melmaruvathu,20:13:00,20:15:00,,16.0,646.0,CAPE,Kanniyakumari,HWH,Howrah Jn.,OGD_Train_details_22122017,https://data.gov.in/resource/train-details
12666.0,Cape Hwh Exp,CGL,Chengalpattu,20:53:00,20:55:00,,17.0,682.0,CAPE,Kanniyakumari,HWH,Howrah Jn.,OGD_Train_details_22122017,https://data.gov.in/resource/train-details
12666.0,Cape Hwh Exp,TBM,Tambaram,21:23:00,21:25:00,,18.0,713.0,CAPE,Kanniyakumari,HWH,Howrah Jn.,OGD_Train_details_22122017,https://data.gov.in/resource/train-details
12666.0,Cape Hwh Exp,MS,Chennai Egmo,22:05:00,22:30:00,,19.0,737.0,CAPE,Kanniyakumari,HWH,Howrah Jn.,OGD_Train_details_22122017,https://data.gov.in/resource/train-details
12666.0,Cape Hwh Exp,NLR,Nellore,01:42:00,01:43:00,,20.0,918.0,CAPE,Kanniyakumari,HWH,Howrah Jn.,OGD_Train_details_22122017,https://data.gov.in/resource/train-details
12666.0,Cape Hwh Exp,OGL,Ongole,03:09:00,03:10:00,,21.0,1034.0,CAPE,Kanniyakumari,HWH,Howrah Jn.,OGD_Train_details_22122017,https://data.gov.in/resource/train-details
12666.0,Cape Hwh Exp,BZA,Vijaywada Jn,05:30:00,05:40:00,,22.0,1172.0,CAPE,Kanniyakumari,HWH,Howrah Jn.,OGD_Train_details_22122017,https://data.gov.in/resource/train-details
12666.0,Cape Hwh Exp,EE,Eluru,06:26:00,06:27:00,,23.0,1232.0,CAPE,Kanniyakumari,HWH,Howrah Jn.,OGD_Train_details_22122017,https://data.gov.in/resource/train-details
12666.0,Cape Hwh Exp,RJY,Rajahmundry,07:51:00,07:53:00,,24.0,1322.0,CAPE,Kanniyakumari,HWH,Howrah Jn.,OGD_Train_details_22122017,https://data.gov.in/resource/train-details
12666.0,Cape Hwh Exp,VSKP,Visakhapatna,11:40:00,12:00:00,,25.0,1523.0,CAPE,Kanniyakumari,HWH,Howrah Jn.,OGD_Train_details_22122017,https://data.gov.in/resource/train-details
12666.0,Cape Hwh Exp,BAM,Berhampur,15:51:00,15:53:00,,26.0,1799.0,CAPE,Kanniyakumari,HWH,Howrah Jn.,OGD_Train_details_22122017,https://data.gov.in/resource/train-details
12666.0,Cape Hwh Exp,KUR,Khurda Road,18:10:00,18:30:00,,27.0,1946.0,CAPE,Kanniyakumari,HWH,Howrah Jn.,OGD_Train_details_22122017,https://data.gov.in/resource/train-details
12666.0,Cape Hwh Exp,BBS,Bhubaneswar,18:50:00,18:55:00,,28.0,1965.0,CAPE,Kanniyakumari,HWH,Howrah Jn.,OGD_Train_details_22122017,https://data.gov.in/resource/train-details
12666.0,Cape Hwh Exp,CTC,Cuttack Jn.,19:25:00,19:30:00,,29.0,1992.0,CAPE,Kanniyakumari,HWH,Howrah Jn.,OGD_Train_details_22122017,https://data.gov.in/resource/train-details
12666.0,Cape Hwh Exp,BLS,Balasore,22:46:00,22:48:00,,30.0,2170.0,CAPE,Kanniyakumari,HWH,Howrah Jn.,OGD_Train_details_22122017,https://data.gov.in/resource/train-details
12666.0,Cape Hwh Exp,KGP,Kharagpur,00:30:00,01:00:00,,31.0,2291.0,CAPE,Kanniyakumari,HWH,Howrah Jn.,OGD_Train_details_22122017,https://data.gov.in/resource/train-details
12666.0,Cape Hwh Exp,HWH,Howrah Jn.,03:10:00,03:10:00,,32.0,2406.0,CAPE,Kanniyakumari,HWH,Howrah Jn.,OGD_Train_details_22122017,https://data.gov.in/resource/train-details
12667.0,Ms-Ncj Exp.,MS,Chennai Egmo,18:55:00,18:55:00,,1.0,0.0,MS,Chennai Egmore,NCJ,Nagercoil Jn.,OGD_Train_details_22122017,https://data.gov.in/resource/train-details
12667.0,Ms-Ncj Exp.,CGL,Chengalpattu,19:48:00,19:50:00,,2.0,55.0,MS,Chennai Egmore,NCJ,Nagercoil Jn.,OGD_Train_details_22122017,https://data.gov.in/resource/train-details
12667.0,Ms-Ncj Exp.,VM,Villupuram J,21:10:00,21:15:00,,3.0,158.0,MS,Chennai Egmore,NCJ,Nagercoil Jn.,OGD_Train_details_22122017,https://data.gov.in/resource/train-details
12667.0,Ms-Ncj Exp.,VRI,Vridha Chala,21:53:00,21:55:00,,4.0,212.0,MS,Chennai Egmore,NCJ,Nagercoil Jn.,OGD_Train_details_22122017,https://data.gov.in/resource/train-details
12667.0,Ms-Ncj Exp.,TPJ,Tiruchirappa,23:55:00,00:05:00,,5.0,335.0,MS,Chennai Egmore,NCJ,Nagercoil Jn.,OGD_Train_details_22122017,https://data.gov.in/resource/train-details
12667.0,Ms-Ncj Exp.,DG,Dindigul Jn,01:25:00,01:30:00,,6.0,429.0,MS,Chennai Egmore,NCJ,Nagercoil Jn.,OGD_Train_details_22122017,https://data.gov.in/resource/train-details
12667.0,Ms-Ncj Exp.,MDU,Madurai Jn,02:35:00,02:40:00,,7.0,492.0,MS,Chennai Egmore,NCJ,Nagercoil Jn.,OGD_Train_details_22122017,https://data.gov.in/resource/train-details
12667.0,Ms-Ncj Exp.,VPT,Virudunagar,03:19:00,03:20:00,,8.0,535.0,MS,Chennai Egmore,NCJ,Nagercoil Jn.,OGD_Train_details_22122017,https://data.gov.in/resource/train-details
12667.0,Ms-Ncj Exp.,SRT,Satur,03:39:00,03:40:00,,9.0,562.0,MS,Chennai Egmore,NCJ,Nagercoil Jn.,OGD_Train_details_22122017,https://data.gov.in/resource/train-details
12667.0,Ms-Ncj Exp.,TEN,Tirunelveli,06:00:00,06:05:00,,10.0,649.0,MS,Chennai Egmore,NCJ,Nagercoil Jn.,OGD_Train_details_22122017,https://data.gov.in/resource/train-details
12667.0,Ms-Ncj Exp.,NCJ,Nagercoil Jn,08:10:00,08:10:00,,11.0,722.0,MS,Chennai Egmore,NCJ,Nagercoil Jn.,OGD_Train_details_22122017,https://data.gov.in/resource/train-details
12668.0,Ncj-Ms Exp.,NCJ,Nagercoil Jn,17:05:00,17:05:00,,1.0,0.0,NCJ,Nagercoil Jn.,MS,Chennai Egmore,OGD_Train_details_22122017,https://data.gov.in/resource/train-details
12668.0,Ncj-Ms Exp.,TEN,Tirunelveli,18:15:00,18:20:00,,2.0,73.0,NCJ,Nagercoil Jn.,MS,Chennai Egmore,OGD_Train_details_22122017,https://data.gov.in/resource/train-details
12668.0,Ncj-Ms Exp.,SRT,Satur,19:44:00,19:45:00,,3.0,159.0,NCJ,Nagercoil Jn.,MS,Chennai Egmore,OGD_Train_details_22122017,https://data.gov.in/resource/train-details
12668.0,Ncj-Ms Exp.,VPT,Virudunagar,20:16:00,20:17:00,,4.0,186.0,NCJ,Nagercoil Jn.,MS,Chennai Egmore,OGD_Train_details_22122017,https://data.gov.in/resource/train-details
12668.0,Ncj-Ms Exp.,MDU,Madurai Jn,21:10:00,21:15:00,,5.0,229.0,NCJ,Nagercoil Jn.,MS,Chennai Egmore,OGD_Train_details_22122017,https://data.gov.in/resource/train-details
12668.0,Ncj-Ms Exp.,DG,Dindigul Jn,22:10:00,22:12:00,,6.0,292.0,NCJ,Nagercoil Jn.,MS,Chennai Egmore,OGD_Train_details_22122017,https://data.gov.in/resource/train-details
12668.0,Ncj-Ms Exp.,TPJ,Tiruchirappa,23:40:00,23:50:00,,7.0,386.0,NCJ,Nagercoil Jn.,MS,Chennai Egmore,OGD_Train_details_22122017,https://data.gov.in/resource/train-details
12668.0,Ncj-Ms Exp.,VRI,Vridha Chala,01:33:00,01:35:00,,8.0,509.0,NCJ,Nagercoil Jn.,MS,Chennai Egmore,OGD_Train_details_22122017,https://data.gov.in/resource/train-details
12668.0,Ncj-Ms Exp.,VM,Villupuram J,02:30:00,02:35:00,,9.0,564.0,NCJ,Nagercoil Jn.,MS,Chennai Egmore,OGD_Train_details_22122017,https://data.gov.in/resource/train-details
12668.0,Ncj-Ms Exp.,CGL,Chengalpattu,04:13:00,04:15:00,,10.0,666.0,NCJ,Nagercoil Jn.,MS,Chennai Egmore,OGD_Train_details_22122017,https://data.gov.in/resource/train-details
12668.0,Ncj-Ms Exp.,MS,Chennai Egmo,05:30:00,05:30:00,,11.0,722.0,NCJ,Nagercoil Jn.,MS,Chennai Egmore,OGD_Train_details_22122017,https://data.gov.in/resource/train-details
12687.0,Mdu-Ddn/Cdg,MDU,Madurai Jn,23:35:00,23:35:00,,1.0,0.0,MDU,Madurai Jn,DDN,Dehra Dun,OGD_Train_details_22122017,https://data.gov.in/resource/train-details
12687.0,Mdu-Ddn/Cdg,DG,Dindigul Jn,00:30:00,00:35:00,,2.0,62.0,MDU,Madurai Jn,DDN,Dehra Dun,OGD_Train_details_22122017,https://data.gov.in/resource/train-details
12687.0,Mdu-Ddn/Cdg,KRR,Karur Jn.,01:42:00,01:45:00,,3.0,136.0,MDU,Madurai Jn,DDN,Dehra Dun,OGD_Train_details_22122017,https://data.gov.in/resource/train-details
12687.0,Mdu-Ddn/Cdg,ED,Erode Jn.,02:55:00,03:05:00,,4.0,201.0,MDU,Madurai Jn,DDN,Dehra Dun,OGD_Train_details_22122017,https://data.gov.in/resource/train-details
12687.0,Mdu-Ddn/Cdg,SA,Salem Jn.,03:55:00,04:00:00,,5.0,260.0,MDU,Madurai Jn,DDN,Dehra Dun,OGD_Train_details_22122017,https://data.gov.in/resource/train-details
12687.0,Mdu-Ddn/Cdg,JTJ,Jolarpettai,05:48:00,05:50:00,,6.0,381.0,MDU,Madurai Jn,DDN,Dehra Dun,OGD_Train_details_22122017,https://data.gov.in/resource/train-details
12687.0,Mdu-Ddn/Cdg,VN,Vaniyambadi,06:08:00,06:10:00,,7.0,397.0,MDU,Madurai Jn,DDN,Dehra Dun,OGD_Train_details_22122017,https://data.gov.in/resource/train-details
12687.0,Mdu-Ddn/Cdg,AB,Ambur,06:23:00,06:25:00,,8.0,413.0,MDU,Madurai Jn,DDN,Dehra Dun,OGD_Train_details_22122017,https://data.gov.in/resource/train-details
12687.0,Mdu-Ddn/Cdg,KPD,Katpadi Jn,07:03:00,07:05:00,,9.0,465.0,MDU,Madurai Jn,DDN,Dehra Dun,OGD_Train_details_22122017,https://data.gov.in/resource/train-details
12687.0,Mdu-Ddn/Cdg,AJJ,Arakkonam Jn,07:53:00,07:55:00,,10.0,526.0,MDU,Madurai Jn,DDN,Dehra Dun,OGD_Train_details_22122017,https://data.gov.in/resource/train-details
12687.0,Mdu-Ddn/Cdg,MAS,Chennai Cent,09:20:00,09:45:00,,11.0,594.0,MDU,Madurai Jn,DDN,Dehra Dun,OGD_Train_details_22122017,https://data.gov.in/resource/train-details
12687.0,Mdu-Ddn/Cdg,NYP,Nayudupeta,11:13:00,11:15:00,,12.0,704.0,MDU,Madurai Jn,DDN,Dehra Dun,OGD_Train_details_22122017,https://data.gov.in/resource/train-details
12687.0,Mdu-Ddn/Cdg,BZA,Vijaywada Jn,16:40:00,16:55:00,,13.0,1024.0,MDU,Madurai Jn,DDN,Dehra Dun,OGD_Train_details_22122017,https://data.gov.in/resource/train-details
12687.0,Mdu-Ddn/Cdg,WL,Warangal,20:20:00,20:25:00,,14.0,1231.0,MDU,Madurai Jn,DDN,Dehra Dun,OGD_Train_details_22122017,https://data.gov.in/resource/train-details
12687.0,Mdu-Ddn/Cdg,RDM,Ramgundam,21:49:00,21:50:00,,15.0,1333.0,MDU,Madurai Jn,DDN,Dehra Dun,OGD_Train_details_22122017,https://data.gov.in/resource/train-details
12687.0,Mdu-Ddn/Cdg,BPQ,Balharshah,00:30:00,00:40:00,,16.0,1475.0,MDU,Madurai Jn,DDN,Dehra Dun,OGD_Train_details_22122017,https://data.gov.in/resource/train-details
12687.0,Mdu-Ddn/Cdg,SEGM,Sewagram,02:35:00,02:36:00,,17.0,1611.0,MDU,Madurai Jn,DDN,Dehra Dun,OGD_Train_details_22122017,https://data.gov.in/resource/train-details
12687.0,Mdu-Ddn/Cdg,NGP,Nagpur Jn.(C,03:40:00,03:50:00,,18.0,1687.0,MDU,Madurai Jn,DDN,Dehra Dun,OGD_Train_details_22122017,https://data.gov.in/resource/train-details
12687.0,Mdu-Ddn/Cdg,BPL,Bhopal,09:40:00,09:50:00,,19.0,2076.0,MDU,Madurai Jn,DDN,Dehra Dun,OGD_Train_details_22122017,https://data.gov.in/resource/train-details
12687.0,Mdu-Ddn/Cdg,JHS,Jhansi Jn,14:00:00,14:12:00,,20.0,2365.0,MDU,Madurai Jn,DDN,Dehra Dun,OGD_Train_details_22122017,https://data.gov.in/resource/train-details
12687.0,Mdu-Ddn/Cdg,GWL,Gwalior Jn,15:30:00,15:35:00,,21.0,2462.0,MDU,Madurai Jn,DDN,Dehra Dun,OGD_Train_details_22122017,https://data.gov.in/resource/train-details
12687.0,Mdu-Ddn/Cdg,AGC,Agra Cantt,17:25:00,17:30:00,,22.0,2569.0,MDU,Madurai Jn,DDN,Dehra Dun,OGD_Train_details_22122017,https://data.gov.in/resource/train-details
12687.0,Mdu-Ddn/Cdg,NZM,Hazrat Nizam,20:40:00,21:10:00,,23.0,2751.0,MDU,Madurai Jn,DDN,Dehra Dun,OGD_Train_details_22122017,https://data.gov.in/resource/train-details
12687.0,Mdu-Ddn/Cdg,GZB,Ghaziabad Jn,22:08:00,22:10:00,,24.0,2778.0,MDU,Madurai Jn,DDN,Dehra Dun,OGD_Train_details_22122017,https://data.gov.in/resource/train-details
12687.0,Mdu-Ddn/Cdg,MTC,Meerut City,22:50:00,22:53:00,,25.0,2826.0,MDU,Madurai Jn,DDN,Dehra Dun,OGD_Train_details_22122017,https://data.gov.in/resource/train-details
12687.0,Mdu-Ddn/Cdg,MOZ,Muzaffarnaga,23:30:00,23:32:00,,26.0,2881.0,MDU,Madurai Jn,DDN,Dehra Dun,OGD_Train_details_22122017,https://data.gov.in/resource/train-details
12687.0,Mdu-Ddn/Cdg,SRE,Saharanpur J,01:10:00,01:30:00,,27.0,2939.0,MDU,Madurai Jn,DDN,Dehra Dun,OGD_Train_details_22122017,https://data.gov.in/resource/train-details
12687.0,Mdu-Ddn/Cdg,RK,Roorkee,02:00:00,02:02:00,,28.0,2974.0,MDU,Madurai Jn,DDN,Dehra Dun,OGD_Train_details_22122017,https://data.gov.in/resource/train-details
12687.0,Mdu-Ddn/Cdg,HW,Haridwar Jn,03:05:00,03:15:00,,29.0,3015.0,MDU,Madurai Jn,DDN,Dehra Dun,OGD_Train_details_22122017,https://data.gov.in/resource/train-details
12687.0,Mdu-Ddn/Cdg,DDN,Dehra Dun,04:45:00,04:45:00,,30.0,3067.0,MDU,Madurai Jn,DDN,Dehra Dun,OGD_Train_details_22122017,https://data.gov.in/resource/train-details
12688.0,Ddn/Cdg-Mas,DDN,Dehra Dun,06:45:00,06:45:00,,1.0,0.0,DDN,Dehra Dun,MDU,Madurai Jn,OGD_Train_details_22122017,https://data.gov.in/resource/train-details
12688.0,Ddn/Cdg-Mas,HW,Haridwar Jn,08:25:00,08:35:00,,2.0,51.0,DDN,Dehra Dun,MDU,Madurai Jn,OGD_Train_details_22122017,https://data.gov.in/resource/train-details
12688.0,Ddn/Cdg-Mas,RK,Roorkee,09:22:00,09:27:00,,3.0,92.0,DDN,Dehra Dun,MDU,Madurai Jn,OGD_Train_details_22122017,https://data.gov.in/resource/train-details
12688.0,Ddn/Cdg-Mas,SRE,Saharanpur J,10:20:00,10:50:00,,4.0,127.0,DDN,Dehra Dun,MDU,Madurai Jn,OGD_Train_details_22122017,https://data.gov.in/resource/train-details
12688.0,Ddn/Cdg-Mas,MOZ,Muzaffarnaga,11:33:00,11:35:00,,5.0,185.0,DDN,Dehra Dun,MDU,Madurai Jn,OGD_Train_details_22122017,https://data.gov.in/resource/train-details
12688.0,Ddn/Cdg-Mas,MTC,Meerut City,12:15:00,12:17:00,,6.0,241.0,DDN,Dehra Dun,MDU,Madurai Jn,OGD_Train_details_22122017,https://data.gov.in/resource/train-details
12688.0,Ddn/Cdg-Mas,GZB,Ghaziabad Jn,13:19:00,13:21:00,,7.0,288.0,DDN,Dehra Dun,MDU,Madurai Jn,OGD_Train_details_22122017,https://data.gov.in/resource/train-details
12688.0,Ddn/Cdg-Mas,NZM,Hazrat Nizam,14:05:00,14:30:00,,8.0,316.0,DDN,Dehra Dun,MDU,Madurai Jn,OGD_Train_details_22122017,https://data.gov.in/resource/train-details
12688.0,Ddn/Cdg-Mas,FDB,Faridabad,14:56:00,14:58:00,,9.0,333.0,DDN,Dehra Dun,MDU,Madurai Jn,OGD_Train_details_22122017,https://data.gov.in/resource/train-details
12688.0,Ddn/Cdg-Mas,AGC,Agra Cantt,18:12:00,18:17:00,,10.0,500.0,DDN,Dehra Dun,MDU,Madurai Jn,OGD_Train_details_22122017,https://data.gov.in/resource/train-details
12688.0,Ddn/Cdg-Mas,GWL,Gwalior Jn,20:12:00,20:15:00,,11.0,607.0,DDN,Dehra Dun,MDU,Madurai Jn,OGD_Train_details_22122017,https://data.gov.in/resource/train-details
12688.0,Ddn/Cdg-Mas,JHS,Jhansi Jn,21:35:00,21:45:00,,12.0,704.0,DDN,Dehra Dun,MDU,Madurai Jn,OGD_Train_details_22122017,https://data.gov.in/resource/train-details
12688.0,Ddn/Cdg-Mas,BPL,Bhopal,01:40:00,01:50:00,,13.0,993.0,DDN,Dehra Dun,MDU,Madurai Jn,OGD_Train_details_22122017,https://data.gov.in/resource/train-details
12688.0,Ddn/Cdg-Mas,NGP,Nagpur Jn.(C,08:25:00,08:40:00,,14.0,1382.0,DDN,Dehra Dun,MDU,Madurai Jn,OGD_Train_details_22122017,https://data.gov.in/resource/train-details
12688.0,Ddn/Cdg-Mas,SEGM,Sewagram,09:39:00,09:41:00,,15.0,1458.0,DDN,Dehra Dun,MDU,Madurai Jn,OGD_Train_details_22122017,https://data.gov.in/resource/train-details
12688.0,Ddn/Cdg-Mas,BPQ,Balharshah,11:50:00,12:10:00,,16.0,1593.0,DDN,Dehra Dun,MDU,Madurai Jn,OGD_Train_details_22122017,https://data.gov.in/resource/train-details
12688.0,Ddn/Cdg-Mas,RDM,Ramgundam,13:50:00,13:52:00,,17.0,1735.0,DDN,Dehra Dun,MDU,Madurai Jn,OGD_Train_details_22122017,https://data.gov.in/resource/train-details
12688.0,Ddn/Cdg-Mas,WL,Warangal,15:33:00,15:38:00,,18.0,1835.0,DDN,Dehra Dun,MDU,Madurai Jn,OGD_Train_details_22122017,https://data.gov.in/resource/train-details
12688.0,Ddn/Cdg-Mas,BZA,Vijaywada Jn,19:05:00,19:20:00,,19.0,2041.0,DDN,Dehra Dun,MDU,Madurai Jn,OGD_Train_details_22122017,https://data.gov.in/resource/train-details
12688.0,Ddn/Cdg-Mas,NYP,Nayudupeta,00:03:00,00:05:00,,20.0,2362.0,DDN,Dehra Dun,MDU,Madurai Jn,OGD_Train_details_22122017,https://data.gov.in/resource/train-details
12688.0,Ddn/Cdg-Mas,MAS,Chennai Cent,02:10:00,02:35:00,,21.0,2471.0,DDN,Dehra Dun,MDU,Madurai Jn,OGD_Train_details_22122017,https://data.gov.in/resource/train-details
12688.0,Ddn/Cdg-Mas,AJJ,Arakkonam Jn,03:28:00,03:30:00,,22.0,2540.0,DDN,Dehra Dun,MDU,Madurai Jn,OGD_Train_details_22122017,https://data.gov.in/resource/train-details
12688.0,Ddn/Cdg-Mas,KPD,Katpadi Jn,04:18:00,04:20:00,,23.0,2600.0,DDN,Dehra Dun,MDU,Madurai Jn,OGD_Train_details_22122017,https://data.gov.in/resource/train-details
12688.0,Ddn/Cdg-Mas,AB,Ambur,05:03:00,05:05:00,,24.0,2653.0,DDN,Dehra Dun,MDU,Madurai Jn,OGD_Train_details_22122017,https://data.gov.in/resource/train-details
12688.0,Ddn/Cdg-Mas,VN,Vaniyambadi,05:18:00,05:20:00,,25.0,2669.0,DDN,Dehra Dun,MDU,Madurai Jn,OGD_Train_details_22122017,https://data.gov.in/resource/train-details
12688.0,Ddn/Cdg-Mas,JTJ,Jolarpettai,05:58:00,06:00:00,,26.0,2684.0,DDN,Dehra Dun,MDU,Madurai Jn,OGD_Train_details_22122017,https://data.gov.in/resource/train-details
12688.0,Ddn/Cdg-Mas,SA,Salem Jn.,07:25:00,07:30:00,,27.0,2803.0,DDN,Dehra Dun,MDU,Madurai Jn,OGD_Train_details_22122017,https://data.gov.in/resource/train-details
12688.0,Ddn/Cdg-Mas,ED,Erode Jn.,08:40:00,08:50:00,,28.0,2862.0,DDN,Dehra Dun,MDU,Madurai Jn,OGD_Train_details_22122017,https://data.gov.in/resource/train-details
12688.0,Ddn/Cdg-Mas,KRR,Karur Jn.,09:47:00,09:50:00,,29.0,2928.0,DDN,Dehra Dun,MDU,Madurai Jn,OGD_Train_details_22122017,https://data.gov.in/resource/train-details
12688.0,Ddn/Cdg-Mas,DG,Dindigul Jn,11:10:00,11:15:00,,30.0,3002.0,DDN,Dehra Dun,MDU,Madurai Jn,OGD_Train_details_22122017,https://data.gov.in/resource/train-details
12688.0,Ddn/Cdg-Mas,MDU,Madurai Jn,12:45:00,12:45:00,,31.0,3064.0,DDN,Dehra Dun,MDU,Madurai Jn,OGD_Train_details_22122017,https://data.gov.in/resource/train-details
12689.0,Mas-Ncj Exp.,MAS,Chennai Cent,18:20:00,18:20:00,,1.0,0.0,MAS,Chennai Central,NCJ,Nagercoil Jn.,OGD_Train_details_22122017,https://data.gov.in/resource/train-details
12689.0,Mas-Ncj Exp.,AJJ,Arakkonam Jn,19:08:00,19:10:00,,2.0,68.0,MAS,Chennai Central,NCJ,Nagercoil Jn.,OGD_Train_details_22122017,https://data.gov.in/resource/train-details
12689.0,Mas-Ncj Exp.,KPD,Katpadi Jn,19:58:00,20:00:00,,3.0,128.0,MAS,Chennai Central,NCJ,Nagercoil Jn.,OGD_Train_details_22122017,https://data.gov.in/resource/train-details
12689.0,Mas-Ncj Exp.,JTJ,Jolarpettai,21:28:00,21:30:00,,4.0,212.0,MAS,Chennai Central,NCJ,Nagercoil Jn.,OGD_Train_details_22122017,https://data.gov.in/resource/train-details
12689.0,Mas-Ncj Exp.,TPT,Tirupattur,21:41:00,21:42:00,,5.0,220.0,MAS,Chennai Central,NCJ,Nagercoil Jn.,OGD_Train_details_22122017,https://data.gov.in/resource/train-details
12689.0,Mas-Ncj Exp.,MAP,Morappur,22:09:00,22:10:00,,6.0,266.0,MAS,Chennai Central,NCJ,Nagercoil Jn.,OGD_Train_details_22122017,https://data.gov.in/resource/train-details
12689.0,Mas-Ncj Exp.,SA,Salem Jn.,23:02:00,23:05:00,,7.0,331.0,MAS,Chennai Central,NCJ,Nagercoil Jn.,OGD_Train_details_22122017,https://data.gov.in/resource/train-details
12689.0,Mas-Ncj Exp.,ED,Erode Jn.,00:20:00,00:30:00,,8.0,390.0,MAS,Chennai Central,NCJ,Nagercoil Jn.,OGD_Train_details_22122017,https://data.gov.in/resource/train-details
12689.0,Mas-Ncj Exp.,KRR,Karur Jn.,01:32:00,01:35:00,,9.0,456.0,MAS,Chennai Central,NCJ,Nagercoil Jn.,OGD_Train_details_22122017,https://data.gov.in/resource/train-details
12689.0,Mas-Ncj Exp.,TPJ,Tiruchirappa,03:25:00,03:35:00,,10.0,531.0,MAS,Chennai Central,NCJ,Nagercoil Jn.,OGD_Train_details_22122017,https://data.gov.in/resource/train-details
12689.0,Mas-Ncj Exp.,DG,Dindigul Jn,04:48:00,04:50:00,,11.0,625.0,MAS,Chennai Central,NCJ,Nagercoil Jn.,OGD_Train_details_22122017,https://data.gov.in/resource/train-details
12689.0,Mas-Ncj Exp.,KQN,Kodaikkanal,05:09:00,05:10:00,,12.0,647.0,MAS,Chennai Central,NCJ,Nagercoil Jn.,OGD_Train_details_22122017,https://data.gov.in/resource/train-details
12689.0,Mas-Ncj Exp.,MDU,Madurai Jn,06:05:00,06:10:00,,13.0,688.0,MAS,Chennai Central,NCJ,Nagercoil Jn.,OGD_Train_details_22122017,https://data.gov.in/resource/train-details
12689.0,Mas-Ncj Exp.,VPT,Virudunagar,06:48:00,06:50:00,,14.0,731.0,MAS,Chennai Central,NCJ,Nagercoil Jn.,OGD_Train_details_22122017,https://data.gov.in/resource/train-details
12689.0,Mas-Ncj Exp.,SRT,Satur,07:09:00,07:10:00,,15.0,758.0,MAS,Chennai Central,NCJ,Nagercoil Jn.,OGD_Train_details_22122017,https://data.gov.in/resource/train-details
12689.0,Mas-Ncj Exp.,CVP,Kovilpatti,07:29:00,07:30:00,,16.0,780.0,MAS,Chennai Central,NCJ,Nagercoil Jn.,OGD_Train_details_22122017,https://data.gov.in/resource/train-details
12689.0,Mas-Ncj Exp.,MEJ,Vanchi Maniy,08:14:00,08:15:00,,17.0,816.0,MAS,Chennai Central,NCJ,Nagercoil Jn.,OGD_Train_details_22122017,https://data.gov.in/resource/train-details
12689.0,Mas-Ncj Exp.,TEN,Tirunelveli,09:35:00,09:40:00,,18.0,845.0,MAS,Chennai Central,NCJ,Nagercoil Jn.,OGD_Train_details_22122017,https://data.gov.in/resource/train-details
12689.0,Mas-Ncj Exp.,NCJ,Nagercoil Jn,11:05:00,11:05:00,,19.0,918.0,MAS,Chennai Central,NCJ,Nagercoil Jn.,OGD_Train_details_22122017,https://data.gov.in/resource/train-details
12690.0,Ncj-Mas Exp,NCJ,Nagercoil Jn,19:40:00,19:40:00,,1.0,0.0,NCJ,Nagercoil Jn.,MAS,Chennai Central,OGD_Train_details_22122017,https://data.gov.in/resource/train-details
12690.0,Ncj-Mas Exp,TEN,Tirunelveli,21:10:00,21:15:00,,2.0,73.0,NCJ,Nagercoil Jn.,MAS,Chennai Central,OGD_Train_details_22122017,https://data.gov.in/resource/train-details
12690.0,Ncj-Mas Exp,MEJ,Vanchi Maniy,21:40:00,21:41:00,,3.0,102.0,NCJ,Nagercoil Jn.,MAS,Chennai Central,OGD_Train_details_22122017,https://data.gov.in/resource/train-details
12690.0,Ncj-Mas Exp,CVP,Kovilpatti,22:14:00,22:15:00,,4.0,138.0,NCJ,Nagercoil Jn.,MAS,Chennai Central,OGD_Train_details_22122017,https://data.gov.in/resource/train-details
12690.0,Ncj-Mas Exp,SRT,Satur,22:34:00,22:35:00,,5.0,159.0,NCJ,Nagercoil Jn.,MAS,Chennai Central,OGD_Train_details_22122017,https://data.gov.in/resource/train-details
12690.0,Ncj-Mas Exp,VPT,Virudunagar,23:06:00,23:07:00,,6.0,186.0,NCJ,Nagercoil Jn.,MAS,Chennai Central,OGD_Train_details_22122017,https://data.gov.in/resource/train-details
12690.0,Ncj-Mas Exp,MDU,Madurai Jn,00:25:00,00:30:00,,7.0,229.0,NCJ,Nagercoil Jn.,MAS,Chennai Central,OGD_Train_details_22122017,https://data.gov.in/resource/train-details
12690.0,Ncj-Mas Exp,KQN,Kodaikkanal,01:04:00,01:05:00,,8.0,270.0,NCJ,Nagercoil Jn.,MAS,Chennai Central,OGD_Train_details_22122017,https://data.gov.in/resource/train-details
12690.0,Ncj-Mas Exp,DG,Dindigul Jn,01:25:00,01:27:00,,9.0,292.0,NCJ,Nagercoil Jn.,MAS,Chennai Central,OGD_Train_details_22122017,https://data.gov.in/resource/train-details
12690.0,Ncj-Mas Exp,TPJ,Tiruchirappa,03:00:00,03:10:00,,10.0,386.0,NCJ,Nagercoil Jn.,MAS,Chennai Central,OGD_Train_details_22122017,https://data.gov.in/resource/train-details
12690.0,Ncj-Mas Exp,KRR,Karur Jn.,04:13:00,04:15:00,,11.0,462.0,NCJ,Nagercoil Jn.,MAS,Chennai Central,OGD_Train_details_22122017,https://data.gov.in/resource/train-details
12690.0,Ncj-Mas Exp,ED,Erode Jn.,05:50:00,06:00:00,,12.0,527.0,NCJ,Nagercoil Jn.,MAS,Chennai Central,OGD_Train_details_22122017,https://data.gov.in/resource/train-details
12690.0,Ncj-Mas Exp,SA,Salem Jn.,06:52:00,06:55:00,,13.0,586.0,NCJ,Nagercoil Jn.,MAS,Chennai Central,OGD_Train_details_22122017,https://data.gov.in/resource/train-details
12690.0,Ncj-Mas Exp,MAP,Morappur,07:44:00,07:45:00,,14.0,652.0,NCJ,Nagercoil Jn.,MAS,Chennai Central,OGD_Train_details_22122017,https://data.gov.in/resource/train-details
12690.0,Ncj-Mas Exp,TPT,Tirupattur,08:24:00,08:25:00,,15.0,699.0,NCJ,Nagercoil Jn.,MAS,Chennai Central,OGD_Train_details_22122017,https://data.gov.in/resource/train-details
12690.0,Ncj-Mas Exp,JTJ,Jolarpettai,08:48:00,08:50:00,,16.0,707.0,NCJ,Nagercoil Jn.,MAS,Chennai Central,OGD_Train_details_22122017,https://data.gov.in/resource/train-details
12690.0,Ncj-Mas Exp,KPD,Katpadi Jn,09:58:00,10:00:00,,17.0,791.0,NCJ,Nagercoil Jn.,MAS,Chennai Central,OGD_Train_details_22122017,https://data.gov.in/resource/train-details
12690.0,Ncj-Mas Exp,AJJ,Arakkonam Jn,10:53:00,10:55:00,,18.0,852.0,NCJ,Nagercoil Jn.,MAS,Chennai Central,OGD_Train_details_22122017,https://data.gov.in/resource/train-details
12690.0,Ncj-Mas Exp,PER,Perambur,11:43:00,11:45:00,,19.0,915.0,NCJ,Nagercoil Jn.,MAS,Chennai Central,OGD_Train_details_22122017,https://data.gov.in/resource/train-details
12690.0,Ncj-Mas Exp,MAS,Chennai Cent,12:25:00,12:25:00,,20.0,920.0,NCJ,Nagercoil Jn.,MAS,Chennai Central,OGD_Train_details_22122017,https://data.gov.in/resource/train-details
12693.0,Ms-Tn Pearl,MS,Chennai Egmo,19:30:00,19:30:00,,1.0,0.0,MS,Chennai Egmore,TN,Tuticorin,OGD_Train_details_22122017,https://data.gov.in/resource/train-details
12693.0,Ms-Tn Pearl,TBM,Tambaram,19:58:00,20:00:00,,2.0,24.0,MS,Chennai Egmore,TN,Tuticorin,OGD_Train_details_22122017,https://data.gov.in/resource/train-details
12693.0,Ms-Tn Pearl,CGL,Chengalpattu,20:28:00,20:30:00,,3.0,55.0,MS,Chennai Egmore,TN,Tuticorin,OGD_Train_details_22122017,https://data.gov.in/resource/train-details
12693.0,Ms-Tn Pearl,MMK,Madurantakam,20:48:00,20:50:00,,4.0,80.0,MS,Chennai Egmore,TN,Tuticorin,OGD_Train_details_22122017,https://data.gov.in/resource/train-details
12693.0,Ms-Tn Pearl,MLMR,Melmaruvathu,20:58:00,21:00:00,,5.0,91.0,MS,Chennai Egmore,TN,Tuticorin,OGD_Train_details_22122017,https://data.gov.in/resource/train-details
12693.0,Ms-Tn Pearl,TMV,Tindivanam,21:23:00,21:25:00,,6.0,121.0,MS,Chennai Egmore,TN,Tuticorin,OGD_Train_details_22122017,https://data.gov.in/resource/train-details
12693.0,Ms-Tn Pearl,VM,Villupuram J,22:05:00,22:10:00,,7.0,158.0,MS,Chennai Egmore,TN,Tuticorin,OGD_Train_details_22122017,https://data.gov.in/resource/train-details
12693.0,Ms-Tn Pearl,VRI,Vridha Chala,22:48:00,22:50:00,,8.0,212.0,MS,Chennai Egmore,TN,Tuticorin,OGD_Train_details_22122017,https://data.gov.in/resource/train-details
12693.0,Ms-Tn Pearl,ALU,Ariyalur,23:29:00,23:30:00,,9.0,266.0,MS,Chennai Egmore,TN,Tuticorin,OGD_Train_details_22122017,https://data.gov.in/resource/train-details
12693.0,Ms-Tn Pearl,TPJ,Tiruchirappa,00:45:00,00:50:00,,10.0,335.0,MS,Chennai Egmore,TN,Tuticorin,OGD_Train_details_22122017,https://data.gov.in/resource/train-details
12693.0,Ms-Tn Pearl,DG,Dindigul Jn,02:05:00,02:10:00,,11.0,429.0,MS,Chennai Egmore,TN,Tuticorin,OGD_Train_details_22122017,https://data.gov.in/resource/train-details
12693.0,Ms-Tn Pearl,KQN,Kodaikkanal,02:29:00,02:30:00,,12.0,451.0,MS,Chennai Egmore,TN,Tuticorin,OGD_Train_details_22122017,https://data.gov.in/resource/train-details
12693.0,Ms-Tn Pearl,MDU,Madurai Jn,03:15:00,03:20:00,,13.0,492.0,MS,Chennai Egmore,TN,Tuticorin,OGD_Train_details_22122017,https://data.gov.in/resource/train-details
12693.0,Ms-Tn Pearl,TMQ,Tirumangalam,03:37:00,03:38:00,,14.0,510.0,MS,Chennai Egmore,TN,Tuticorin,OGD_Train_details_22122017,https://data.gov.in/resource/train-details
12693.0,Ms-Tn Pearl,VPT,Virudunagar,04:00:00,04:02:00,,15.0,535.0,MS,Chennai Egmore,TN,Tuticorin,OGD_Train_details_22122017,https://data.gov.in/resource/train-details
12693.0,Ms-Tn Pearl,SRT,Satur,04:24:00,04:25:00,,16.0,562.0,MS,Chennai Egmore,TN,Tuticorin,OGD_Train_details_22122017,https://data.gov.in/resource/train-details
12693.0,Ms-Tn Pearl,CVP,Kovilpatti,04:44:00,04:45:00,,17.0,584.0,MS,Chennai Egmore,TN,Tuticorin,OGD_Train_details_22122017,https://data.gov.in/resource/train-details
12693.0,Ms-Tn Pearl,KDU,Kadambur,05:04:00,05:05:00,,18.0,606.0,MS,Chennai Egmore,TN,Tuticorin,OGD_Train_details_22122017,https://data.gov.in/resource/train-details
12693.0,Ms-Tn Pearl,MEJ,Vanchi Maniy,05:19:00,05:20:00,,19.0,620.0,MS,Chennai Egmore,TN,Tuticorin,OGD_Train_details_22122017,https://data.gov.in/resource/train-details
12693.0,Ms-Tn Pearl,MVN,Milavittan,05:59:00,06:00:00,,20.0,644.0,MS,Chennai Egmore,TN,Tuticorin,OGD_Train_details_22122017,https://data.gov.in/resource/train-details
12693.0,Ms-Tn Pearl,TME,Tutimelur,06:09:00,06:10:00,,21.0,651.0,MS,Chennai Egmore,TN,Tuticorin,OGD_Train_details_22122017,https://data.gov.in/resource/train-details
12693.0,Ms-Tn Pearl,TN,Tuticorin,06:35:00,06:35:00,,22.0,652.0,MS,Chennai Egmore,TN,Tuticorin,OGD_Train_details_22122017,https://data.gov.in/resource/train-details
12694.0,Tn-Ms Pearl,TN,Tuticorin,20:00:00,20:00:00,,1.0,0.0,TN,Tuticorin,MS,Chennai Egmore,OGD_Train_details_22122017,https://data.gov.in/resource/train-details
12694.0,Tn-Ms Pearl,MVN,Milavittan,20:09:00,20:10:00,,2.0,7.0,TN,Tuticorin,MS,Chennai Egmore,OGD_Train_details_22122017,https://data.gov.in/resource/train-details
12694.0,Tn-Ms Pearl,MEJ,Vanchi Maniy,20:29:00,20:30:00,,3.0,31.0,TN,Tuticorin,MS,Chennai Egmore,OGD_Train_details_22122017,https://data.gov.in/resource/train-details
12694.0,Tn-Ms Pearl,KDU,Kadambur,20:41:00,20:42:00,,4.0,45.0,TN,Tuticorin,MS,Chennai Egmore,OGD_Train_details_22122017,https://data.gov.in/resource/train-details
12694.0,Tn-Ms Pearl,CVP,Kovilpatti,21:04:00,21:05:00,,5.0,67.0,TN,Tuticorin,MS,Chennai Egmore,OGD_Train_details_22122017,https://data.gov.in/resource/train-details
12694.0,Tn-Ms Pearl,SRT,Satur,21:24:00,21:25:00,,6.0,88.0,TN,Tuticorin,MS,Chennai Egmore,OGD_Train_details_22122017,https://data.gov.in/resource/train-details
12694.0,Tn-Ms Pearl,VPT,Virudunagar,21:54:00,21:55:00,,7.0,115.0,TN,Tuticorin,MS,Chennai Egmore,OGD_Train_details_22122017,https://data.gov.in/resource/train-details
12694.0,Tn-Ms Pearl,TMQ,Tirumangalam,22:15:00,22:16:00,,8.0,141.0,TN,Tuticorin,MS,Chennai Egmore,OGD_Train_details_22122017,https://data.gov.in/resource/train-details
12694.0,Tn-Ms Pearl,MDU,Madurai Jn,22:45:00,22:50:00,,9.0,158.0,TN,Tuticorin,MS,Chennai Egmore,OGD_Train_details_22122017,https://data.gov.in/resource/train-details
12694.0,Tn-Ms Pearl,KQN,Kodaikkanal,23:19:00,23:20:00,,10.0,199.0,TN,Tuticorin,MS,Chennai Egmore,OGD_Train_details_22122017,https://data.gov.in/resource/train-details
12694.0,Tn-Ms Pearl,DG,Dindigul Jn,23:45:00,23:50:00,,11.0,221.0,TN,Tuticorin,MS,Chennai Egmore,OGD_Train_details_22122017,https://data.gov.in/resource/train-details
12694.0,Tn-Ms Pearl,TPJ,Tiruchirappa,01:25:00,01:30:00,,12.0,315.0,TN,Tuticorin,MS,Chennai Egmore,OGD_Train_details_22122017,https://data.gov.in/resource/train-details
12694.0,Tn-Ms Pearl,ALU,Ariyalur,02:34:00,02:35:00,,13.0,385.0,TN,Tuticorin,MS,Chennai Egmore,OGD_Train_details_22122017,https://data.gov.in/resource/train-details
12694.0,Tn-Ms Pearl,VRI,Vridha Chala,03:14:00,03:15:00,,14.0,438.0,TN,Tuticorin,MS,Chennai Egmore,OGD_Train_details_22122017,https://data.gov.in/resource/train-details
12694.0,Tn-Ms Pearl,VM,Villupuram J,04:15:00,04:25:00,,15.0,493.0,TN,Tuticorin,MS,Chennai Egmore,OGD_Train_details_22122017,https://data.gov.in/resource/train-details
12694.0,Tn-Ms Pearl,TMV,Tindivanam,04:58:00,05:00:00,,16.0,530.0,TN,Tuticorin,MS,Chennai Egmore,OGD_Train_details_22122017,https://data.gov.in/resource/train-details
12694.0,Tn-Ms Pearl,MLMR,Melmaruvathu,05:23:00,05:25:00,,17.0,560.0,TN,Tuticorin,MS,Chennai Egmore,OGD_Train_details_22122017,https://data.gov.in/resource/train-details
12694.0,Tn-Ms Pearl,MMK,Madurantakam,05:38:00,05:40:00,,18.0,571.0,TN,Tuticorin,MS,Chennai Egmore,OGD_Train_details_22122017,https://data.gov.in/resource/train-details
12694.0,Tn-Ms Pearl,CGL,Chengalpattu,06:08:00,06:10:00,,19.0,595.0,TN,Tuticorin,MS,Chennai Egmore,OGD_Train_details_22122017,https://data.gov.in/resource/train-details
12694.0,Tn-Ms Pearl,TBM,Tambaram,06:38:00,06:40:00,,20.0,626.0,TN,Tuticorin,MS,Chennai Egmore,OGD_Train_details_22122017,https://data.gov.in/resource/train-details
12694.0,Tn-Ms Pearl,MBM,Mambalam,06:59:00,07:00:00,,21.0,644.0,TN,Tuticorin,MS,Chennai Egmore,OGD_Train_details_22122017,https://data.gov.in/resource/train-details
12694.0,Tn-Ms Pearl,MS,Chennai Egmo,07:40:00,07:40:00,,22.0,651.0,TN,Tuticorin,MS,Chennai Egmore,OGD_Train_details_22122017,https://data.gov.in/resource/train-details
15119.0,Rmm-Muv Expr,RMM,Rameswaram,00:00:00,23:00:00,,1.0,0.0,RMM,Rameswaram,MUV,Manduadih,OGD_Train_details_22122017,https://data.gov.in/resource/train-details
15119.0,Rmm-Muv Expr,RMD,Ramanathapur,23:53:00,23:55:00,,2.0,46.0,RMM,Rameswaram,MUV,Manduadih,OGD_Train_details_22122017,https://data.gov.in/resource/train-details
15119.0,Rmm-Muv Expr,PMK,Paramakkudi,00:24:00,00:25:00,,3.0,82.0,RMM,Rameswaram,MUV,Manduadih,OGD_Train_details_22122017,https://data.gov.in/resource/train-details
15119.0,Rmm-Muv Expr,MNM,Manamadurai,00:55:00,01:00:00,,4.0,106.0,RMM,Rameswaram,MUV,Manduadih,OGD_Train_details_22122017,https://data.gov.in/resource/train-details
15119.0,Rmm-Muv Expr,SVGA,Sivaganga,01:26:00,01:27:00,,5.0,126.0,RMM,Rameswaram,MUV,Manduadih,OGD_Train_details_22122017,https://data.gov.in/resource/train-details
15119.0,Rmm-Muv Expr,DKO,Devakottai R,02:02:00,02:03:00,,6.0,162.0,RMM,Rameswaram,MUV,Manduadih,OGD_Train_details_22122017,https://data.gov.in/resource/train-details
15119.0,Rmm-Muv Expr,KKDI,Karaikkudi,02:24:00,02:25:00,,7.0,167.0,RMM,Rameswaram,MUV,Manduadih,OGD_Train_details_22122017,https://data.gov.in/resource/train-details
15119.0,Rmm-Muv Expr,PDKT,Pudukkottai,02:56:00,02:57:00,,8.0,203.0,RMM,Rameswaram,MUV,Manduadih,OGD_Train_details_22122017,https://data.gov.in/resource/train-details
15119.0,Rmm-Muv Expr,TPJ,Tiruchirappa,04:10:00,04:15:00,,9.0,256.0,RMM,Rameswaram,MUV,Manduadih,OGD_Train_details_22122017,https://data.gov.in/resource/train-details
15119.0,Rmm-Muv Expr,TJ,Thanjavur Jn,04:58:00,05:00:00,,10.0,306.0,RMM,Rameswaram,MUV,Manduadih,OGD_Train_details_22122017,https://data.gov.in/resource/train-details
15119.0,Rmm-Muv Expr,KMU,Kumbakonam,05:33:00,05:35:00,,11.0,345.0,RMM,Rameswaram,MUV,Manduadih,OGD_Train_details_22122017,https://data.gov.in/resource/train-details
15119.0,Rmm-Muv Expr,MV,Mayiladutura,07:13:00,07:15:00,,12.0,376.0,RMM,Rameswaram,MUV,Manduadih,OGD_Train_details_22122017,https://data.gov.in/resource/train-details
15119.0,Rmm-Muv Expr,SY,Sirkazhi,07:30:00,07:31:00,,13.0,396.0,RMM,Rameswaram,MUV,Manduadih,OGD_Train_details_22122017,https://data.gov.in/resource/train-details
15119.0,Rmm-Muv Expr,CDM,Chidambaram,07:44:00,07:45:00,,14.0,413.0,RMM,Rameswaram,MUV,Manduadih,OGD_Train_details_22122017,https://data.gov.in/resource/train-details
15119.0,Rmm-Muv Expr,CUPJ,Cuddalore Po,08:29:00,08:30:00,,15.0,452.0,RMM,Rameswaram,MUV,Manduadih,OGD_Train_details_22122017,https://data.gov.in/resource/train-details
15119.0,Rmm-Muv Expr,VM,Villupuram J,09:55:00,10:00:00,,16.0,498.0,RMM,Rameswaram,MUV,Manduadih,OGD_Train_details_22122017,https://data.gov.in/resource/train-details
15119.0,Rmm-Muv Expr,CGL,Chengalpattu,11:23:00,11:25:00,,17.0,601.0,RMM,Rameswaram,MUV,Manduadih,OGD_Train_details_22122017,https://data.gov.in/resource/train-details
15119.0,Rmm-Muv Expr,MS,Chennai Egmo,12:40:00,13:00:00,,18.0,657.0,RMM,Rameswaram,MUV,Manduadih,OGD_Train_details_22122017,https://data.gov.in/resource/train-details
15119.0,Rmm-Muv Expr,GDR,Gudur Jn.,15:50:00,15:52:00,,19.0,799.0,RMM,Rameswaram,MUV,Manduadih,OGD_Train_details_22122017,https://data.gov.in/resource/train-details
15119.0,Rmm-Muv Expr,NLR,Nellore,16:17:00,16:18:00,,20.0,837.0,RMM,Rameswaram,MUV,Manduadih,OGD_Train_details_22122017,https://data.gov.in/resource/train-details
15119.0,Rmm-Muv Expr,OGL,Ongole,17:44:00,17:45:00,,21.0,953.0,RMM,Rameswaram,MUV,Manduadih,OGD_Train_details_22122017,https://data.gov.in/resource/train-details
15119.0,Rmm-Muv Expr,TEL,Tenali Jn.,18:57:00,18:58:00,,22.0,1060.0,RMM,Rameswaram,MUV,Manduadih,OGD_Train_details_22122017,https://data.gov.in/resource/train-details
15119.0,Rmm-Muv Expr,BZA,Vijaywada Jn,20:05:00,20:20:00,,23.0,1091.0,RMM,Rameswaram,MUV,Manduadih,OGD_Train_details_22122017,https://data.gov.in/resource/train-details
15119.0,Rmm-Muv Expr,WL,Warangal,23:40:00,23:45:00,,24.0,1298.0,RMM,Rameswaram,MUV,Manduadih,OGD_Train_details_22122017,https://data.gov.in/resource/train-details
15119.0,Rmm-Muv Expr,RDM,Ramgundam,01:09:00,01:10:00,,25.0,1400.0,RMM,Rameswaram,MUV,Manduadih,OGD_Train_details_22122017,https://data.gov.in/resource/train-details
15119.0,Rmm-Muv Expr,SKZR,Sirpurkaghaz,02:10:00,02:11:00,,26.0,1472.0,RMM,Rameswaram,MUV,Manduadih,OGD_Train_details_22122017,https://data.gov.in/resource/train-details
15119.0,Rmm-Muv Expr,BPQ,Balharshah,04:10:00,04:20:00,,27.0,1542.0,RMM,Rameswaram,MUV,Manduadih,OGD_Train_details_22122017,https://data.gov.in/resource/train-details
15119.0,Rmm-Muv Expr,CD,Chandrapur (,04:38:00,04:39:00,,28.0,1556.0,RMM,Rameswaram,MUV,Manduadih,OGD_Train_details_22122017,https://data.gov.in/resource/train-details
15119.0,Rmm-Muv Expr,SEGM,Sewagram,06:12:00,06:13:00,,29.0,1678.0,RMM,Rameswaram,MUV,Manduadih,OGD_Train_details_22122017,https://data.gov.in/resource/train-details
15119.0,Rmm-Muv Expr,NGP,Nagpur Jn.(C,07:35:00,07:45:00,,30.0,1754.0,RMM,Rameswaram,MUV,Manduadih,OGD_Train_details_22122017,https://data.gov.in/resource/train-details
15119.0,Rmm-Muv Expr,ET,Itarsi,13:40:00,13:50:00,,31.0,2051.0,RMM,Rameswaram,MUV,Manduadih,OGD_Train_details_22122017,https://data.gov.in/resource/train-details
15119.0,Rmm-Muv Expr,JBP,Jabalpur,17:10:00,17:15:00,,32.0,2296.0,RMM,Rameswaram,MUV,Manduadih,OGD_Train_details_22122017,https://data.gov.in/resource/train-details
15119.0,Rmm-Muv Expr,KTE,Katni,18:35:00,18:40:00,,33.0,2387.0,RMM,Rameswaram,MUV,Manduadih,OGD_Train_details_22122017,https://data.gov.in/resource/train-details
15119.0,Rmm-Muv Expr,STA,Satna,20:15:00,20:25:00,,34.0,2486.0,RMM,Rameswaram,MUV,Manduadih,OGD_Train_details_22122017,https://data.gov.in/resource/train-details
15119.0,Rmm-Muv Expr,ALD,Allahabad Jn,01:00:00,01:25:00,,35.0,2669.0,RMM,Rameswaram,MUV,Manduadih,OGD_Train_details_22122017,https://data.gov.in/resource/train-details
15119.0,Rmm-Muv Expr,GYN,Gyanpur Road,02:48:00,02:50:00,,36.0,2734.0,RMM,Rameswaram,MUV,Manduadih,OGD_Train_details_22122017,https://data.gov.in/resource/train-details
15119.0,Rmm-Muv Expr,MUV,Manduadih,04:45:00,00:00:00,,37.0,2790.0,RMM,Rameswaram,MUV,Manduadih,OGD_Train_details_22122017,https://data.gov.in/resource/train-details
15120.0,Muv-Rmm Expr,MUV,Manduadih,21:00:00,21:00:00,,1.0,0.0,MUV,Manduadih,RMM,Rameswaram,OGD_Train_details_22122017,https://data.gov.in/resource/train-details
15120.0,Muv-Rmm Expr,GYN,Gyanpur Road,21:48:00,21:50:00,,2.0,56.0,MUV,Manduadih,RMM,Rameswaram,OGD_Train_details_22122017,https://data.gov.in/resource/train-details
15120.0,Muv-Rmm Expr,ALD,Allahabad Jn,00:05:00,00:55:00,,3.0,120.0,MUV,Manduadih,RMM,Rameswaram,OGD_Train_details_22122017,https://data.gov.in/resource/train-details
15120.0,Muv-Rmm Expr,STA,Satna,03:45:00,03:55:00,,4.0,303.0,MUV,Manduadih,RMM,Rameswaram,OGD_Train_details_22122017,https://data.gov.in/resource/train-details
15120.0,Muv-Rmm Expr,KTE,Katni,05:00:00,05:05:00,,5.0,401.0,MUV,Manduadih,RMM,Rameswaram,OGD_Train_details_22122017,https://data.gov.in/resource/train-details
15120.0,Muv-Rmm Expr,JBP,Jabalpur,06:25:00,06:35:00,,6.0,492.0,MUV,Manduadih,RMM,Rameswaram,OGD_Train_details_22122017,https://data.gov.in/resource/train-details
15120.0,Muv-Rmm Expr,ET,Itarsi,10:35:00,10:45:00,,7.0,737.0,MUV,Manduadih,RMM,Rameswaram,OGD_Train_details_22122017,https://data.gov.in/resource/train-details
15120.0,Muv-Rmm Expr,NGP,Nagpur Jn.(C,15:10:00,15:20:00,,8.0,1034.0,MUV,Manduadih,RMM,Rameswaram,OGD_Train_details_22122017,https://data.gov.in/resource/train-details
15120.0,Muv-Rmm Expr,SEGM,Sewagram,16:19:00,16:21:00,,9.0,1111.0,MUV,Manduadih,RMM,Rameswaram,OGD_Train_details_22122017,https://data.gov.in/resource/train-details
15120.0,Muv-Rmm Expr,CD,Chandrapur (,17:57:00,18:00:00,,10.0,1232.0,MUV,Manduadih,RMM,Rameswaram,OGD_Train_details_22122017,https://data.gov.in/resource/train-details
15120.0,Muv-Rmm Expr,BPQ,Balharshah,19:00:00,19:10:00,,11.0,1246.0,MUV,Manduadih,RMM,Rameswaram,OGD_Train_details_22122017,https://data.gov.in/resource/train-details
15120.0,Muv-Rmm Expr,SKZR,Sirpurkaghaz,19:59:00,20:00:00,,12.0,1315.0,MUV,Manduadih,RMM,Rameswaram,OGD_Train_details_22122017,https://data.gov.in/resource/train-details
15120.0,Muv-Rmm Expr,RDM,Ramgundam,20:49:00,20:50:00,,13.0,1387.0,MUV,Manduadih,RMM,Rameswaram,OGD_Train_details_22122017,https://data.gov.in/resource/train-details
15120.0,Muv-Rmm Expr,WL,Warangal,23:10:00,23:12:00,,14.0,1488.0,MUV,Manduadih,RMM,Rameswaram,OGD_Train_details_22122017,https://data.gov.in/resource/train-details
15120.0,Muv-Rmm Expr,BZA,Vijaywada Jn,02:50:00,03:00:00,,15.0,1694.0,MUV,Manduadih,RMM,Rameswaram,OGD_Train_details_22122017,https://data.gov.in/resource/train-details
15120.0,Muv-Rmm Expr,TEL,Tenali Jn.,03:26:00,03:28:00,,16.0,1725.0,MUV,Manduadih,RMM,Rameswaram,OGD_Train_details_22122017,https://data.gov.in/resource/train-details
15120.0,Muv-Rmm Expr,OGL,Ongole,04:51:00,04:53:00,,17.0,1832.0,MUV,Manduadih,RMM,Rameswaram,OGD_Train_details_22122017,https://data.gov.in/resource/train-details
15120.0,Muv-Rmm Expr,NLR,Nellore,06:27:00,06:29:00,,18.0,1948.0,MUV,Manduadih,RMM,Rameswaram,OGD_Train_details_22122017,https://data.gov.in/resource/train-details
15120.0,Muv-Rmm Expr,GDR,Gudur Jn.,07:53:00,07:55:00,,19.0,1987.0,MUV,Manduadih,RMM,Rameswaram,OGD_Train_details_22122017,https://data.gov.in/resource/train-details
15120.0,Muv-Rmm Expr,MS,Chennai Egmo,10:35:00,10:50:00,,20.0,2128.0,MUV,Manduadih,RMM,Rameswaram,OGD_Train_details_22122017,https://data.gov.in/resource/train-details
15120.0,Muv-Rmm Expr,CGL,Chengalpattu,11:43:00,11:45:00,,21.0,2184.0,MUV,Manduadih,RMM,Rameswaram,OGD_Train_details_22122017,https://data.gov.in/resource/train-details
15120.0,Muv-Rmm Expr,VM,Villupuram J,13:10:00,13:15:00,,22.0,2287.0,MUV,Manduadih,RMM,Rameswaram,OGD_Train_details_22122017,https://data.gov.in/resource/train-details
15120.0,Muv-Rmm Expr,CUPJ,Cuddalore Po,14:04:00,14:05:00,,23.0,2333.0,MUV,Manduadih,RMM,Rameswaram,OGD_Train_details_22122017,https://data.gov.in/resource/train-details
15120.0,Muv-Rmm Expr,CDM,Chidambaram,14:33:00,14:35:00,,24.0,2372.0,MUV,Manduadih,RMM,Rameswaram,OGD_Train_details_22122017,https://data.gov.in/resource/train-details
15120.0,Muv-Rmm Expr,SY,Sirkazhi,14:54:00,14:55:00,,25.0,2389.0,MUV,Manduadih,RMM,Rameswaram,OGD_Train_details_22122017,https://data.gov.in/resource/train-details
15120.0,Muv-Rmm Expr,MV,Mayiladutura,15:18:00,15:20:00,,26.0,2409.0,MUV,Manduadih,RMM,Rameswaram,OGD_Train_details_22122017,https://data.gov.in/resource/train-details
15120.0,Muv-Rmm Expr,KMU,Kumbakonam,16:03:00,16:05:00,,27.0,2440.0,MUV,Manduadih,RMM,Rameswaram,OGD_Train_details_22122017,https://data.gov.in/resource/train-details
15120.0,Muv-Rmm Expr,TJ,Thanjavur Jn,16:38:00,16:40:00,,28.0,2479.0,MUV,Manduadih,RMM,Rameswaram,OGD_Train_details_22122017,https://data.gov.in/resource/train-details
15120.0,Muv-Rmm Expr,TPJ,Tiruchirappa,17:50:00,18:00:00,,29.0,2529.0,MUV,Manduadih,RMM,Rameswaram,OGD_Train_details_22122017,https://data.gov.in/resource/train-details
15120.0,Muv-Rmm Expr,PDKT,Pudukkottai,18:54:00,18:55:00,,30.0,2581.0,MUV,Manduadih,RMM,Rameswaram,OGD_Train_details_22122017,https://data.gov.in/resource/train-details
15120.0,Muv-Rmm Expr,KKDI,Karaikkudi,20:29:00,20:30:00,,31.0,2618.0,MUV,Manduadih,RMM,Rameswaram,OGD_Train_details_22122017,https://data.gov.in/resource/train-details
15120.0,Muv-Rmm Expr,DKO,Devakottai R,20:36:00,20:37:00,,32.0,2623.0,MUV,Manduadih,RMM,Rameswaram,OGD_Train_details_22122017,https://data.gov.in/resource/train-details
15120.0,Muv-Rmm Expr,SVGA,Sivaganga,21:24:00,21:25:00,,33.0,2659.0,MUV,Manduadih,RMM,Rameswaram,OGD_Train_details_22122017,https://data.gov.in/resource/train-details
15120.0,Muv-Rmm Expr,MNM,Manamadurai,21:38:00,21:40:00,,34.0,2679.0,MUV,Manduadih,RMM,Rameswaram,OGD_Train_details_22122017,https://data.gov.in/resource/train-details
15120.0,Muv-Rmm Expr,PMK,Paramakkudi,22:09:00,22:10:00,,35.0,2703.0,MUV,Manduadih,RMM,Rameswaram,OGD_Train_details_22122017,https://data.gov.in/resource/train-details
15120.0,Muv-Rmm Expr,RMD,Ramanathapur,22:34:00,22:35:00,,36.0,2739.0,MUV,Manduadih,RMM,Rameswaram,OGD_Train_details_22122017,https://data.gov.in/resource/train-details
15120.0,Muv-Rmm Expr,RMM,Rameswaram,00:35:00,00:35:00,,37.0,2785.0,MUV,Manduadih,RMM,Rameswaram,OGD_Train_details_22122017,https://data.gov.in/resource/train-details
16101.0,Ms-Rmm Exp,MS,Chennai Egmo,19:15:00,19:15:00,,1.0,0.0,MS,Chennai Egmore,RMM,Rameswaram,OGD_Train_details_22122017,https://data.gov.in/resource/train-details
16101.0,Ms-Rmm Exp,TBM,Tambaram,19:43:00,19:45:00,,2.0,24.0,MS,Chennai Egmore,RMM,Rameswaram,OGD_Train_details_22122017,https://data.gov.in/resource/train-details
16101.0,Ms-Rmm Exp,CGL,Chengalpattu,20:13:00,20:15:00,,3.0,55.0,MS,Chennai Egmore,RMM,Rameswaram,OGD_Train_details_22122017,https://data.gov.in/resource/train-details
16101.0,Ms-Rmm Exp,MLMR,Melmaruvathu,20:38:00,20:40:00,,4.0,91.0,MS,Chennai Egmore,RMM,Rameswaram,OGD_Train_details_22122017,https://data.gov.in/resource/train-details
16101.0,Ms-Rmm Exp,VM,Villupuram J,21:45:00,21:55:00,,5.0,158.0,MS,Chennai Egmore,RMM,Rameswaram,OGD_Train_details_22122017,https://data.gov.in/resource/train-details
16101.0,Ms-Rmm Exp,CUPJ,Cuddalore Po,22:34:00,22:35:00,,6.0,204.0,MS,Chennai Egmore,RMM,Rameswaram,OGD_Train_details_22122017,https://data.gov.in/resource/train-details
16101.0,Ms-Rmm Exp,CDM,Chidambaram,23:14:00,23:15:00,,7.0,243.0,MS,Chennai Egmore,RMM,Rameswaram,OGD_Train_details_22122017,https://data.gov.in/resource/train-details
16101.0,Ms-Rmm Exp,SY,Sirkazhi,23:26:00,23:27:00,,8.0,260.0,MS,Chennai Egmore,RMM,Rameswaram,OGD_Train_details_22122017,https://data.gov.in/resource/train-details
16101.0,Ms-Rmm Exp,MV,Mayiladutura,00:28:00,00:30:00,,9.0,280.0,MS,Chennai Egmore,RMM,Rameswaram,OGD_Train_details_22122017,https://data.gov.in/resource/train-details
16101.0,Ms-Rmm Exp,KMU,Kumbakonam,01:00:00,01:02:00,,10.0,311.0,MS,Chennai Egmore,RMM,Rameswaram,OGD_Train_details_22122017,https://data.gov.in/resource/train-details
16101.0,Ms-Rmm Exp,TJ,Thanjavur Jn,01:53:00,01:55:00,,11.0,350.0,MS,Chennai Egmore,RMM,Rameswaram,OGD_Train_details_22122017,https://data.gov.in/resource/train-details
16101.0,Ms-Rmm Exp,TPJ,Tiruchirappa,03:15:00,03:20:00,,12.0,400.0,MS,Chennai Egmore,RMM,Rameswaram,OGD_Train_details_22122017,https://data.gov.in/resource/train-details
16101.0,Ms-Rmm Exp,PDKT,Pudukkottai,04:01:00,04:02:00,,13.0,453.0,MS,Chennai Egmore,RMM,Rameswaram,OGD_Train_details_22122017,https://data.gov.in/resource/train-details
16101.0,Ms-Rmm Exp,CTND,Chettinad,04:23:00,04:24:00,,14.0,477.0,MS,Chennai Egmore,RMM,Rameswaram,OGD_Train_details_22122017,https://data.gov.in/resource/train-details
16101.0,Ms-Rmm Exp,KKDI,Karaikkudi,04:39:00,04:40:00,,15.0,489.0,MS,Chennai Egmore,RMM,Rameswaram,OGD_Train_details_22122017,https://data.gov.in/resource/train-details
16101.0,Ms-Rmm Exp,DKO,Devakottai R,04:46:00,04:47:00,,16.0,494.0,MS,Chennai Egmore,RMM,Rameswaram,OGD_Train_details_22122017,https://data.gov.in/resource/train-details
16101.0,Ms-Rmm Exp,KAL,Kallal,04:54:00,04:55:00,,17.0,507.0,MS,Chennai Egmore,RMM,Rameswaram,OGD_Train_details_22122017,https://data.gov.in/resource/train-details
16101.0,Ms-Rmm Exp,SVGA,Sivaganga,05:09:00,05:10:00,,18.0,530.0,MS,Chennai Egmore,RMM,Rameswaram,OGD_Train_details_22122017,https://data.gov.in/resource/train-details
16101.0,Ms-Rmm Exp,MNM,Manamadurai,05:30:00,05:35:00,,19.0,550.0,MS,Chennai Egmore,RMM,Rameswaram,OGD_Train_details_22122017,https://data.gov.in/resource/train-details
16101.0,Ms-Rmm Exp,PMK,Paramakkudi,05:59:00,06:00:00,,20.0,574.0,MS,Chennai Egmore,RMM,Rameswaram,OGD_Train_details_22122017,https://data.gov.in/resource/train-details
16101.0,Ms-Rmm Exp,RMD,Ramanathapur,06:29:00,06:30:00,,21.0,610.0,MS,Chennai Egmore,RMM,Rameswaram,OGD_Train_details_22122017,https://data.gov.in/resource/train-details
16101.0,Ms-Rmm Exp,MMM,Mandapam,07:08:00,07:10:00,,22.0,647.0,MS,Chennai Egmore,RMM,Rameswaram,OGD_Train_details_22122017,https://data.gov.in/resource/train-details
16101.0,Ms-Rmm Exp,PBM,Pamban,07:23:00,07:24:00,,23.0,653.0,MS,Chennai Egmore,RMM,Rameswaram,OGD_Train_details_22122017,https://data.gov.in/resource/train-details
16101.0,Ms-Rmm Exp,RMM,Rameswaram,08:25:00,08:25:00,,24.0,664.0,MS,Chennai Egmore,RMM,Rameswaram,OGD_Train_details_22122017,https://data.gov.in/resource/train-details
16102.0,Rmm Ms Exp,RMM,Rameswaram,17:00:00,17:00:00,,1.0,0.0,RMM,Rameswaram,MS,Chennai Egmore,OGD_Train_details_22122017,https://data.gov.in/resource/train-details
16102.0,Rmm Ms Exp,PBM,Pamban,17:13:00,17:14:00,,2.0,11.0,RMM,Rameswaram,MS,Chennai Egmore,OGD_Train_details_22122017,https://data.gov.in/resource/train-details
16102.0,Rmm Ms Exp,MMM,Mandapam,17:29:00,17:30:00,,3.0,17.0,RMM,Rameswaram,MS,Chennai Egmore,OGD_Train_details_22122017,https://data.gov.in/resource/train-details
16102.0,Rmm Ms Exp,RMD,Ramanathapur,17:59:00,18:00:00,,4.0,53.0,RMM,Rameswaram,MS,Chennai Egmore,OGD_Train_details_22122017,https://data.gov.in/resource/train-details
16102.0,Rmm Ms Exp,PMK,Paramakkudi,18:29:00,18:30:00,,5.0,89.0,RMM,Rameswaram,MS,Chennai Egmore,OGD_Train_details_22122017,https://data.gov.in/resource/train-details
16102.0,Rmm Ms Exp,MNM,Manamadurai,19:03:00,19:05:00,,6.0,113.0,RMM,Rameswaram,MS,Chennai Egmore,OGD_Train_details_22122017,https://data.gov.in/resource/train-details
16102.0,Rmm Ms Exp,SVGA,Sivaganga,19:29:00,19:30:00,,7.0,134.0,RMM,Rameswaram,MS,Chennai Egmore,OGD_Train_details_22122017,https://data.gov.in/resource/train-details
16102.0,Rmm Ms Exp,KAL,Kallal,19:54:00,19:55:00,,8.0,156.0,RMM,Rameswaram,MS,Chennai Egmore,OGD_Train_details_22122017,https://data.gov.in/resource/train-details
16102.0,Rmm Ms Exp,DKO,Devakottai R,20:09:00,20:10:00,,9.0,169.0,RMM,Rameswaram,MS,Chennai Egmore,OGD_Train_details_22122017,https://data.gov.in/resource/train-details
16102.0,Rmm Ms Exp,KKDI,Karaikkudi,20:34:00,20:35:00,,10.0,174.0,RMM,Rameswaram,MS,Chennai Egmore,OGD_Train_details_22122017,https://data.gov.in/resource/train-details
16102.0,Rmm Ms Exp,CTND,Chettinad,20:50:00,20:51:00,,11.0,186.0,RMM,Rameswaram,MS,Chennai Egmore,OGD_Train_details_22122017,https://data.gov.in/resource/train-details
16102.0,Rmm Ms Exp,PDKT,Pudukkottai,21:14:00,21:15:00,,12.0,211.0,RMM,Rameswaram,MS,Chennai Egmore,OGD_Train_details_22122017,https://data.gov.in/resource/train-details
16102.0,Rmm Ms Exp,TPJ,Tiruchirappa,22:25:00,22:30:00,,13.0,264.0,RMM,Rameswaram,MS,Chennai Egmore,OGD_Train_details_22122017,https://data.gov.in/resource/train-details
16102.0,Rmm Ms Exp,TJ,Thanjavur Jn,23:18:00,23:20:00,,14.0,313.0,RMM,Rameswaram,MS,Chennai Egmore,OGD_Train_details_22122017,https://data.gov.in/resource/train-details
16102.0,Rmm Ms Exp,KMU,Kumbakonam,23:48:00,23:50:00,,15.0,353.0,RMM,Rameswaram,MS,Chennai Egmore,OGD_Train_details_22122017,https://data.gov.in/resource/train-details
16102.0,Rmm Ms Exp,MV,Mayiladutura,00:43:00,00:45:00,,16.0,384.0,RMM,Rameswaram,MS,Chennai Egmore,OGD_Train_details_22122017,https://data.gov.in/resource/train-details
16102.0,Rmm Ms Exp,SY,Sirkazhi,01:09:00,01:10:00,,17.0,404.0,RMM,Rameswaram,MS,Chennai Egmore,OGD_Train_details_22122017,https://data.gov.in/resource/train-details
16102.0,Rmm Ms Exp,CDM,Chidambaram,01:29:00,01:30:00,,18.0,421.0,RMM,Rameswaram,MS,Chennai Egmore,OGD_Train_details_22122017,https://data.gov.in/resource/train-details
16102.0,Rmm Ms Exp,CUPJ,Cuddalore Po,02:14:00,02:15:00,,19.0,459.0,RMM,Rameswaram,MS,Chennai Egmore,OGD_Train_details_22122017,https://data.gov.in/resource/train-details
16102.0,Rmm Ms Exp,VM,Villupuram J,03:15:00,03:25:00,,20.0,506.0,RMM,Rameswaram,MS,Chennai Egmore,OGD_Train_details_22122017,https://data.gov.in/resource/train-details
16102.0,Rmm Ms Exp,MLMR,Melmaruvathu,04:28:00,04:30:00,,21.0,573.0,RMM,Rameswaram,MS,Chennai Egmore,OGD_Train_details_22122017,https://data.gov.in/resource/train-details
16102.0,Rmm Ms Exp,CGL,Chengalpattu,05:03:00,05:05:00,,22.0,609.0,RMM,Rameswaram,MS,Chennai Egmore,OGD_Train_details_22122017,https://data.gov.in/resource/train-details
16102.0,Rmm Ms Exp,TBM,Tambaram,05:33:00,05:35:00,,23.0,639.0,RMM,Rameswaram,MS,Chennai Egmore,OGD_Train_details_22122017,https://data.gov.in/resource/train-details
16102.0,Rmm Ms Exp,MBM,Mambalam,05:54:00,05:55:00,,24.0,657.0,RMM,Rameswaram,MS,Chennai Egmore,OGD_Train_details_22122017,https://data.gov.in/resource/train-details
16102.0,Rmm Ms Exp,MS,Chennai Egmo,06:35:00,06:35:00,,25.0,664.0,RMM,Rameswaram,MS,Chennai Egmore,OGD_Train_details_22122017,https://data.gov.in/resource/train-details
16105.0,Ms - Tcn Exp,MS,Chennai Egmo,16:05:00,16:05:00,,1.0,0.0,MS,Chennai Egmore,TCN,Tiruchendur,OGD_Train_details_22122017,https://data.gov.in/resource/train-details
16105.0,Ms - Tcn Exp,TBM,Tambaram,16:33:00,16:35:00,,2.0,24.0,MS,Chennai Egmore,TCN,Tiruchendur,OGD_Train_details_22122017,https://data.gov.in/resource/train-details
16105.0,Ms - Tcn Exp,CGL,Chengalpattu,17:03:00,17:05:00,,3.0,55.0,MS,Chennai Egmore,TCN,Tiruchendur,OGD_Train_details_22122017,https://data.gov.in/resource/train-details
16105.0,Ms - Tcn Exp,MLMR,Melmaruvathu,17:28:00,17:30:00,,4.0,91.0,MS,Chennai Egmore,TCN,Tiruchendur,OGD_Train_details_22122017,https://data.gov.in/resource/train-details
16105.0,Ms - Tcn Exp,TMV,Tindivanam,17:53:00,17:55:00,,5.0,121.0,MS,Chennai Egmore,TCN,Tiruchendur,OGD_Train_details_22122017,https://data.gov.in/resource/train-details
16105.0,Ms - Tcn Exp,VM,Villupuram J,18:40:00,18:50:00,,6.0,158.0,MS,Chennai Egmore,TCN,Tiruchendur,OGD_Train_details_22122017,https://data.gov.in/resource/train-details
16105.0,Ms - Tcn Exp,TDPR,Tiruppadirip,19:25:00,19:27:00,,7.0,200.0,MS,Chennai Egmore,TCN,Tiruchendur,OGD_Train_details_22122017,https://data.gov.in/resource/train-details
16105.0,Ms - Tcn Exp,CDM,Chidambaram,20:08:00,20:10:00,,8.0,243.0,MS,Chennai Egmore,TCN,Tiruchendur,OGD_Train_details_22122017,https://data.gov.in/resource/train-details
16105.0,Ms - Tcn Exp,SY,Sirkazhi,20:24:00,20:25:00,,9.0,260.0,MS,Chennai Egmore,TCN,Tiruchendur,OGD_Train_details_22122017,https://data.gov.in/resource/train-details
16105.0,Ms - Tcn Exp,MV,Mayiladutura,20:58:00,21:00:00,,10.0,280.0,MS,Chennai Egmore,TCN,Tiruchendur,OGD_Train_details_22122017,https://data.gov.in/resource/train-details
16105.0,Ms - Tcn Exp,KMU,Kumbakonam,21:28:00,21:30:00,,11.0,311.0,MS,Chennai Egmore,TCN,Tiruchendur,OGD_Train_details_22122017,https://data.gov.in/resource/train-details
16105.0,Ms - Tcn Exp,PML,Papanasam,21:44:00,21:45:00,,12.0,325.0,MS,Chennai Egmore,TCN,Tiruchendur,OGD_Train_details_22122017,https://data.gov.in/resource/train-details
16105.0,Ms - Tcn Exp,TJ,Thanjavur Jn,22:08:00,22:10:00,,13.0,350.0,MS,Chennai Egmore,TCN,Tiruchendur,OGD_Train_details_22122017,https://data.gov.in/resource/train-details
16105.0,Ms - Tcn Exp,TPJ,Tiruchirappa,23:30:00,23:35:00,,14.0,400.0,MS,Chennai Egmore,TCN,Tiruchendur,OGD_Train_details_22122017,https://data.gov.in/resource/train-details
16105.0,Ms - Tcn Exp,DG,Dindigul Jn,01:00:00,01:05:00,,15.0,494.0,MS,Chennai Egmore,TCN,Tiruchendur,OGD_Train_details_22122017,https://data.gov.in/resource/train-details
16105.0,Ms - Tcn Exp,KQN,Kodaikkanal,01:24:00,01:25:00,,16.0,516.0,MS,Chennai Egmore,TCN,Tiruchendur,OGD_Train_details_22122017,https://data.gov.in/resource/train-details
16105.0,Ms - Tcn Exp,MDU,Madurai Jn,02:05:00,02:10:00,,17.0,556.0,MS,Chennai Egmore,TCN,Tiruchendur,OGD_Train_details_22122017,https://data.gov.in/resource/train-details
16105.0,Ms - Tcn Exp,VPT,Virudunagar,02:49:00,02:50:00,,18.0,600.0,MS,Chennai Egmore,TCN,Tiruchendur,OGD_Train_details_22122017,https://data.gov.in/resource/train-details
16105.0,Ms - Tcn Exp,SRT,Satur,03:14:00,03:15:00,,19.0,627.0,MS,Chennai Egmore,TCN,Tiruchendur,OGD_Train_details_22122017,https://data.gov.in/resource/train-details
16105.0,Ms - Tcn Exp,CVP,Kovilpatti,03:34:00,03:35:00,,20.0,649.0,MS,Chennai Egmore,TCN,Tiruchendur,OGD_Train_details_22122017,https://data.gov.in/resource/train-details
16105.0,Ms - Tcn Exp,MEJ,Vanchi Maniy,04:29:00,04:30:00,,21.0,685.0,MS,Chennai Egmore,TCN,Tiruchendur,OGD_Train_details_22122017,https://data.gov.in/resource/train-details
16105.0,Ms - Tcn Exp,TEN,Tirunelveli,06:05:00,06:20:00,,22.0,713.0,MS,Chennai Egmore,TCN,Tiruchendur,OGD_Train_details_22122017,https://data.gov.in/resource/train-details
16105.0,Ms - Tcn Exp,SDNR,Seydunganall,06:37:00,06:38:00,,23.0,729.0,MS,Chennai Egmore,TCN,Tiruchendur,OGD_Train_details_22122017,https://data.gov.in/resource/train-details
16105.0,Ms - Tcn Exp,SVV,Srivaikuntam,06:51:00,06:52:00,,24.0,742.0,MS,Chennai Egmore,TCN,Tiruchendur,OGD_Train_details_22122017,https://data.gov.in/resource/train-details
16105.0,Ms - Tcn Exp,NZT,Nazareth,07:06:00,07:07:00,,25.0,752.0,MS,Chennai Egmore,TCN,Tiruchendur,OGD_Train_details_22122017,https://data.gov.in/resource/train-details
16105.0,Ms - Tcn Exp,KZB,Kurumbur,07:16:00,07:17:00,,26.0,760.0,MS,Chennai Egmore,TCN,Tiruchendur,OGD_Train_details_22122017,https://data.gov.in/resource/train-details
16105.0,Ms - Tcn Exp,ANY,Arumuganeri,07:22:00,07:23:00,,27.0,765.0,MS,Chennai Egmore,TCN,Tiruchendur,OGD_Train_details_22122017,https://data.gov.in/resource/train-details
16105.0,Ms - Tcn Exp,KZY,Kayalpattina,07:29:00,07:30:00,,28.0,767.0,MS,Chennai Egmore,TCN,Tiruchendur,OGD_Train_details_22122017,https://data.gov.in/resource/train-details
16105.0,Ms - Tcn Exp,TCN,Tiruchendur,08:20:00,08:20:00,,29.0,775.0,MS,Chennai Egmore,TCN,Tiruchendur,OGD_Train_details_22122017,https://data.gov.in/resource/train-details
16106.0,Tcn - Ms Exp,TCN,Tiruchendur,19:00:00,19:00:00,,1.0,0.0,TCN,Tiruchendur,MS,Chennai Egmore,OGD_Train_details_22122017,https://data.gov.in/resource/train-details
16106.0,Tcn - Ms Exp,KZY,Kayalpattina,19:09:00,19:10:00,,2.0,7.0,TCN,Tiruchendur,MS,Chennai Egmore,OGD_Train_details_22122017,https://data.gov.in/resource/train-details
16106.0,Tcn - Ms Exp,ANY,Arumuganeri,19:14:00,19:15:00,,3.0,9.0,TCN,Tiruchendur,MS,Chennai Egmore,OGD_Train_details_22122017,https://data.gov.in/resource/train-details
16106.0,Tcn - Ms Exp,KZB,Kurumbur,19:21:00,19:22:00,,4.0,15.0,TCN,Tiruchendur,MS,Chennai Egmore,OGD_Train_details_22122017,https://data.gov.in/resource/train-details
16106.0,Tcn - Ms Exp,NZT,Nazareth,19:29:00,19:30:00,,5.0,22.0,TCN,Tiruchendur,MS,Chennai Egmore,OGD_Train_details_22122017,https://data.gov.in/resource/train-details
16106.0,Tcn - Ms Exp,SVV,Srivaikuntam,19:42:00,19:43:00,,6.0,33.0,TCN,Tiruchendur,MS,Chennai Egmore,OGD_Train_details_22122017,https://data.gov.in/resource/train-details
16106.0,Tcn - Ms Exp,SDNR,Seydunganall,19:54:00,19:55:00,,7.0,45.0,TCN,Tiruchendur,MS,Chennai Egmore,OGD_Train_details_22122017,https://data.gov.in/resource/train-details
16106.0,Tcn - Ms Exp,TEN,Tirunelveli,20:25:00,20:30:00,,8.0,61.0,TCN,Tiruchendur,MS,Chennai Egmore,OGD_Train_details_22122017,https://data.gov.in/resource/train-details
16106.0,Tcn - Ms Exp,MEJ,Vanchi Maniy,20:59:00,21:00:00,,9.0,90.0,TCN,Tiruchendur,MS,Chennai Egmore,OGD_Train_details_22122017,https://data.gov.in/resource/train-details
16106.0,Tcn - Ms Exp,CVP,Kovilpatti,21:29:00,21:30:00,,10.0,126.0,TCN,Tiruchendur,MS,Chennai Egmore,OGD_Train_details_22122017,https://data.gov.in/resource/train-details
16106.0,Tcn - Ms Exp,SRT,Satur,21:49:00,21:50:00,,11.0,147.0,TCN,Tiruchendur,MS,Chennai Egmore,OGD_Train_details_22122017,https://data.gov.in/resource/train-details
16106.0,Tcn - Ms Exp,VPT,Virudunagar,22:18:00,22:20:00,,12.0,174.0,TCN,Tiruchendur,MS,Chennai Egmore,OGD_Train_details_22122017,https://data.gov.in/resource/train-details
16106.0,Tcn - Ms Exp,MDU,Madurai Jn,23:40:00,23:45:00,,13.0,217.0,TCN,Tiruchendur,MS,Chennai Egmore,OGD_Train_details_22122017,https://data.gov.in/resource/train-details
16106.0,Tcn - Ms Exp,KQN,Kodaikkanal,00:20:00,00:22:00,,14.0,258.0,TCN,Tiruchendur,MS,Chennai Egmore,OGD_Train_details_22122017,https://data.gov.in/resource/train-details
16106.0,Tcn - Ms Exp,DG,Dindigul Jn,01:08:00,01:10:00,,15.0,280.0,TCN,Tiruchendur,MS,Chennai Egmore,OGD_Train_details_22122017,https://data.gov.in/resource/train-details
16106.0,Tcn - Ms Exp,TPJ,Tiruchirappa,03:20:00,03:25:00,,16.0,374.0,TCN,Tiruchendur,MS,Chennai Egmore,OGD_Train_details_22122017,https://data.gov.in/resource/train-details
16106.0,Tcn - Ms Exp,TJ,Thanjavur Jn,04:13:00,04:15:00,,17.0,424.0,TCN,Tiruchendur,MS,Chennai Egmore,OGD_Train_details_22122017,https://data.gov.in/resource/train-details
16106.0,Tcn - Ms Exp,PML,Papanasam,04:37:00,04:38:00,,18.0,449.0,TCN,Tiruchendur,MS,Chennai Egmore,OGD_Train_details_22122017,https://data.gov.in/resource/train-details
16106.0,Tcn - Ms Exp,KMU,Kumbakonam,04:58:00,05:00:00,,19.0,463.0,TCN,Tiruchendur,MS,Chennai Egmore,OGD_Train_details_22122017,https://data.gov.in/resource/train-details
16106.0,Tcn - Ms Exp,MV,Mayiladutura,05:53:00,05:55:00,,20.0,494.0,TCN,Tiruchendur,MS,Chennai Egmore,OGD_Train_details_22122017,https://data.gov.in/resource/train-details
16106.0,Tcn - Ms Exp,SY,Sirkazhi,06:14:00,06:15:00,,21.0,514.0,TCN,Tiruchendur,MS,Chennai Egmore,OGD_Train_details_22122017,https://data.gov.in/resource/train-details
16106.0,Tcn - Ms Exp,CDM,Chidambaram,06:28:00,06:30:00,,22.0,531.0,TCN,Tiruchendur,MS,Chennai Egmore,OGD_Train_details_22122017,https://data.gov.in/resource/train-details
16106.0,Tcn - Ms Exp,TDPR,Tiruppadirip,07:03:00,07:05:00,,23.0,574.0,TCN,Tiruchendur,MS,Chennai Egmore,OGD_Train_details_22122017,https://data.gov.in/resource/train-details
16106.0,Tcn - Ms Exp,VM,Villupuram J,08:15:00,08:25:00,,24.0,616.0,TCN,Tiruchendur,MS,Chennai Egmore,OGD_Train_details_22122017,https://data.gov.in/resource/train-details
16106.0,Tcn - Ms Exp,TMV,Tindivanam,08:58:00,09:00:00,,25.0,653.0,TCN,Tiruchendur,MS,Chennai Egmore,OGD_Train_details_22122017,https://data.gov.in/resource/train-details
16106.0,Tcn - Ms Exp,MLMR,Melmaruvathu,09:23:00,09:25:00,,26.0,683.0,TCN,Tiruchendur,MS,Chennai Egmore,OGD_Train_details_22122017,https://data.gov.in/resource/train-details
16106.0,Tcn - Ms Exp,CGL,Chengalpattu,09:58:00,10:00:00,,27.0,719.0,TCN,Tiruchendur,MS,Chennai Egmore,OGD_Train_details_22122017,https://data.gov.in/resource/train-details
16106.0,Tcn - Ms Exp,TBM,Tambaram,10:28:00,10:30:00,,28.0,750.0,TCN,Tiruchendur,MS,Chennai Egmore,OGD_Train_details_22122017,https://data.gov.in/resource/train-details
16106.0,Tcn - Ms Exp,MS,Chennai Egmo,11:25:00,11:25:00,,29.0,774.0,TCN,Tiruchendur,MS,Chennai Egmore,OGD_Train_details_22122017,https://data.gov.in/resource/train-details
16127.0,Ms Guruvayur,MS,Chennai Egmo,08:15:00,08:15:00,,1.0,0.0,MS,Chennai Egmore,GUV,Guruvayur,OGD_Train_details_22122017,https://data.gov.in/resource/train-details
16127.0,Ms Guruvayur,TBM,Tambaram,08:43:00,08:45:00,,2.0,24.0,MS,Chennai Egmore,GUV,Guruvayur,OGD_Train_details_22122017,https://data.gov.in/resource/train-details
16127.0,Ms Guruvayur,CGL,Chengalpattu,09:13:00,09:15:00,,3.0,55.0,MS,Chennai Egmore,GUV,Guruvayur,OGD_Train_details_22122017,https://data.gov.in/resource/train-details
16127.0,Ms Guruvayur,MLMR,Melmaruvathu,09:43:00,09:45:00,,4.0,91.0,MS,Chennai Egmore,GUV,Guruvayur,OGD_Train_details_22122017,https://data.gov.in/resource/train-details
16127.0,Ms Guruvayur,TMV,Tindivanam,10:08:00,10:10:00,,5.0,121.0,MS,Chennai Egmore,GUV,Guruvayur,OGD_Train_details_22122017,https://data.gov.in/resource/train-details
16127.0,Ms Guruvayur,VM,Villupuram J,10:50:00,10:55:00,,6.0,158.0,MS,Chennai Egmore,GUV,Guruvayur,OGD_Train_details_22122017,https://data.gov.in/resource/train-details
16127.0,Ms Guruvayur,VRI,Vridha Chala,11:31:00,11:33:00,,7.0,212.0,MS,Chennai Egmore,GUV,Guruvayur,OGD_Train_details_22122017,https://data.gov.in/resource/train-details
16127.0,Ms Guruvayur,PNDM,Pennadam,11:44:00,11:45:00,,8.0,231.0,MS,Chennai Egmore,GUV,Guruvayur,OGD_Train_details_22122017,https://data.gov.in/resource/train-details
16127.0,Ms Guruvayur,ALU,Ariyalur,12:13:00,12:15:00,,9.0,266.0,MS,Chennai Egmore,GUV,Guruvayur,OGD_Train_details_22122017,https://data.gov.in/resource/train-details
16127.0,Ms Guruvayur,SRGM,Srirangam,12:58:00,13:00:00,,10.0,324.0,MS,Chennai Egmore,GUV,Guruvayur,OGD_Train_details_22122017,https://data.gov.in/resource/train-details
16127.0,Ms Guruvayur,TPJ,Tiruchirappa,13:30:00,13:35:00,,11.0,335.0,MS,Chennai Egmore,GUV,Guruvayur,OGD_Train_details_22122017,https://data.gov.in/resource/train-details
16127.0,Ms Guruvayur,MPA,Manaparai,13:59:00,14:00:00,,12.0,372.0,MS,Chennai Egmore,GUV,Guruvayur,OGD_Train_details_22122017,https://data.gov.in/resource/train-details
16127.0,Ms Guruvayur,DG,Dindigul Jn,14:48:00,14:50:00,,13.0,429.0,MS,Chennai Egmore,GUV,Guruvayur,OGD_Train_details_22122017,https://data.gov.in/resource/train-details
16127.0,Ms Guruvayur,SDN,Sholavandan,15:15:00,15:16:00,,14.0,470.0,MS,Chennai Egmore,GUV,Guruvayur,OGD_Train_details_22122017,https://data.gov.in/resource/train-details
16127.0,Ms Guruvayur,KON,Kudalnagar,15:34:00,15:35:00,,15.0,488.0,MS,Chennai Egmore,GUV,Guruvayur,OGD_Train_details_22122017,https://data.gov.in/resource/train-details
16127.0,Ms Guruvayur,MDU,Madurai Jn,16:05:00,16:15:00,,16.0,492.0,MS,Chennai Egmore,GUV,Guruvayur,OGD_Train_details_22122017,https://data.gov.in/resource/train-details
16127.0,Ms Guruvayur,VPT,Virudunagar,16:53:00,16:55:00,,17.0,535.0,MS,Chennai Egmore,GUV,Guruvayur,OGD_Train_details_22122017,https://data.gov.in/resource/train-details
16127.0,Ms Guruvayur,SRT,Satur,17:14:00,17:15:00,,18.0,562.0,MS,Chennai Egmore,GUV,Guruvayur,OGD_Train_details_22122017,https://data.gov.in/resource/train-details
16127.0,Ms Guruvayur,CVP,Kovilpatti,17:34:00,17:35:00,,19.0,584.0,MS,Chennai Egmore,GUV,Guruvayur,OGD_Train_details_22122017,https://data.gov.in/resource/train-details
16127.0,Ms Guruvayur,MEJ,Vanchi Maniy,18:24:00,18:25:00,,20.0,620.0,MS,Chennai Egmore,GUV,Guruvayur,OGD_Train_details_22122017,https://data.gov.in/resource/train-details
16127.0,Ms Guruvayur,TEN,Tirunelveli,19:30:00,19:35:00,,21.0,649.0,MS,Chennai Egmore,GUV,Guruvayur,OGD_Train_details_22122017,https://data.gov.in/resource/train-details
16127.0,Ms Guruvayur,NNN,Nanguneri,20:19:00,20:20:00,,22.0,677.0,MS,Chennai Egmore,GUV,Guruvayur,OGD_Train_details_22122017,https://data.gov.in/resource/train-details
16127.0,Ms Guruvayur,VLY,Valliyur,20:29:00,20:30:00,,23.0,691.0,MS,Chennai Egmore,GUV,Guruvayur,OGD_Train_details_22122017,https://data.gov.in/resource/train-details
16127.0,Ms Guruvayur,AAY,Aralvaymoli,20:45:00,20:46:00,,24.0,709.0,MS,Chennai Egmore,GUV,Guruvayur,OGD_Train_details_22122017,https://data.gov.in/resource/train-details
16127.0,Ms Guruvayur,NCJ,Nagercoil Jn,21:30:00,21:40:00,,25.0,722.0,MS,Chennai Egmore,GUV,Guruvayur,OGD_Train_details_22122017,https://data.gov.in/resource/train-details
16127.0,Ms Guruvayur,ERL,Eraniel,21:51:00,21:52:00,,26.0,741.0,MS,Chennai Egmore,GUV,Guruvayur,OGD_Train_details_22122017,https://data.gov.in/resource/train-details
16127.0,Ms Guruvayur,KZT,Kulitturai,22:15:00,22:16:00,,27.0,755.0,MS,Chennai Egmore,GUV,Guruvayur,OGD_Train_details_22122017,https://data.gov.in/resource/train-details
16127.0,Ms Guruvayur,NYY,Neyyattinkar,22:41:00,22:42:00,,28.0,776.0,MS,Chennai Egmore,GUV,Guruvayur,OGD_Train_details_22122017,https://data.gov.in/resource/train-details
16127.0,Ms Guruvayur,TVC,Trivandrum C,23:15:00,23:20:00,,29.0,793.0,MS,Chennai Egmore,GUV,Guruvayur,OGD_Train_details_22122017,https://data.gov.in/resource/train-details
16127.0,Ms Guruvayur,CRY,Chirayinkil,23:41:00,23:42:00,,30.0,822.0,MS,Chennai Egmore,GUV,Guruvayur,OGD_Train_details_22122017,https://data.gov.in/resource/train-details
16127.0,Ms Guruvayur,KVU,Kadakavur,23:49:00,23:50:00,,31.0,825.0,MS,Chennai Egmore,GUV,Guruvayur,OGD_Train_details_22122017,https://data.gov.in/resource/train-details
16127.0,Ms Guruvayur,VAK,Varkala,00:01:00,00:02:00,,32.0,834.0,MS,Chennai Egmore,GUV,Guruvayur,OGD_Train_details_22122017,https://data.gov.in/resource/train-details
16127.0,Ms Guruvayur,PVU,Paravur,00:15:00,00:16:00,,33.0,845.0,MS,Chennai Egmore,GUV,Guruvayur,OGD_Train_details_22122017,https://data.gov.in/resource/train-details
16127.0,Ms Guruvayur,QLN,Quilon,00:30:00,00:35:00,,34.0,858.0,MS,Chennai Egmore,GUV,Guruvayur,OGD_Train_details_22122017,https://data.gov.in/resource/train-details
16127.0,Ms Guruvayur,KYJ,Kayankulam J,01:18:00,01:20:00,,35.0,899.0,MS,Chennai Egmore,GUV,Guruvayur,OGD_Train_details_22122017,https://data.gov.in/resource/train-details
16127.0,Ms Guruvayur,HAD,Haripad,01:35:00,01:36:00,,36.0,912.0,MS,Chennai Egmore,GUV,Guruvayur,OGD_Train_details_22122017,https://data.gov.in/resource/train-details
16127.0,Ms Guruvayur,AMPA,Ambalapuzha,01:50:00,01:51:00,,37.0,930.0,MS,Chennai Egmore,GUV,Guruvayur,OGD_Train_details_22122017,https://data.gov.in/resource/train-details
16127.0,Ms Guruvayur,ALLP,Alleppey,02:02:00,02:05:00,,38.0,942.0,MS,Chennai Egmore,GUV,Guruvayur,OGD_Train_details_22122017,https://data.gov.in/resource/train-details
16127.0,Ms Guruvayur,SRTL,Shertalai,02:20:00,02:21:00,,39.0,966.0,MS,Chennai Egmore,GUV,Guruvayur,OGD_Train_details_22122017,https://data.gov.in/resource/train-details
16127.0,Ms Guruvayur,ERS,Ernakulam. J,03:20:00,03:25:00,,40.0,999.0,MS,Chennai Egmore,GUV,Guruvayur,OGD_Train_details_22122017,https://data.gov.in/resource/train-details
16127.0,Ms Guruvayur,ERN,Ernakulam To,03:30:00,03:32:00,,41.0,1001.0,MS,Chennai Egmore,GUV,Guruvayur,OGD_Train_details_22122017,https://data.gov.in/resource/train-details
16127.0,Ms Guruvayur,AWY,Alwaye,03:50:00,03:52:00,,42.0,1018.0,MS,Chennai Egmore,GUV,Guruvayur,OGD_Train_details_22122017,https://data.gov.in/resource/train-details
16127.0,Ms Guruvayur,AFK,Angamali (Fo,04:12:00,04:13:00,,43.0,1027.0,MS,Chennai Egmore,GUV,Guruvayur,OGD_Train_details_22122017,https://data.gov.in/resource/train-details
16127.0,Ms Guruvayur,CKI,Chalakudi,04:30:00,04:31:00,,44.0,1043.0,MS,Chennai Egmore,GUV,Guruvayur,OGD_Train_details_22122017,https://data.gov.in/resource/train-details
16127.0,Ms Guruvayur,IJK,Irinjalakuda,04:39:00,04:40:00,,45.0,1049.0,MS,Chennai Egmore,GUV,Guruvayur,OGD_Train_details_22122017,https://data.gov.in/resource/train-details
16127.0,Ms Guruvayur,TCR,Trichur,05:00:00,05:03:00,,46.0,1073.0,MS,Chennai Egmore,GUV,Guruvayur,OGD_Train_details_22122017,https://data.gov.in/resource/train-details
16127.0,Ms Guruvayur,PNQ,Punkunnam,05:06:00,05:07:00,,47.0,1075.0,MS,Chennai Egmore,GUV,Guruvayur,OGD_Train_details_22122017,https://data.gov.in/resource/train-details
16127.0,Ms Guruvayur,GUV,Guruvayur,05:50:00,05:50:00,,48.0,1095.0,MS,Chennai Egmore,GUV,Guruvayur,OGD_Train_details_22122017,https://data.gov.in/resource/train-details
16128.0,Guv Chennai,GUV,Guruvayur,21:25:00,21:25:00,,1.0,0.0,GUV,Guruvayur,MS,Chennai Egmore,OGD_Train_details_22122017,https://data.gov.in/resource/train-details
16128.0,Guv Chennai,PNQ,Punkunnam,21:45:00,21:46:00,,2.0,20.0,GUV,Guruvayur,MS,Chennai Egmore,OGD_Train_details_22122017,https://data.gov.in/resource/train-details
16128.0,Guv Chennai,TCR,Trichur,21:50:00,21:53:00,,3.0,22.0,GUV,Guruvayur,MS,Chennai Egmore,OGD_Train_details_22122017,https://data.gov.in/resource/train-details
16128.0,Guv Chennai,IJK,Irinjalakuda,22:14:00,22:15:00,,4.0,46.0,GUV,Guruvayur,MS,Chennai Egmore,OGD_Train_details_22122017,https://data.gov.in/resource/train-details
16128.0,Guv Chennai,CKI,Chalakudi,22:23:00,22:24:00,,5.0,52.0,GUV,Guruvayur,MS,Chennai Egmore,OGD_Train_details_22122017,https://data.gov.in/resource/train-details
16128.0,Guv Chennai,AFK,Angamali (Fo,22:38:00,22:39:00,,6.0,68.0,GUV,Guruvayur,MS,Chennai Egmore,OGD_Train_details_22122017,https://data.gov.in/resource/train-details
16128.0,Guv Chennai,AWY,Alwaye,22:53:00,22:55:00,,7.0,77.0,GUV,Guruvayur,MS,Chennai Egmore,OGD_Train_details_22122017,https://data.gov.in/resource/train-details
16128.0,Guv Chennai,ERN,Ernakulam To,23:15:00,23:17:00,,8.0,94.0,GUV,Guruvayur,MS,Chennai Egmore,OGD_Train_details_22122017,https://data.gov.in/resource/train-details
16128.0,Guv Chennai,ERS,Ernakulam. J,23:40:00,23:45:00,,9.0,96.0,GUV,Guruvayur,MS,Chennai Egmore,OGD_Train_details_22122017,https://data.gov.in/resource/train-details
16128.0,Guv Chennai,SRTL,Shertalai,00:30:00,00:31:00,,10.0,129.0,GUV,Guruvayur,MS,Chennai Egmore,OGD_Train_details_22122017,https://data.gov.in/resource/train-details
16128.0,Guv Chennai,ALLP,Alleppey,00:47:00,00:50:00,,11.0,153.0,GUV,Guruvayur,MS,Chennai Egmore,OGD_Train_details_22122017,https://data.gov.in/resource/train-details
16128.0,Guv Chennai,AMPA,Ambalapuzha,01:05:00,01:06:00,,12.0,165.0,GUV,Guruvayur,MS,Chennai Egmore,OGD_Train_details_22122017,https://data.gov.in/resource/train-details
16128.0,Guv Chennai,HAD,Haripad,01:29:00,01:30:00,,13.0,183.0,GUV,Guruvayur,MS,Chennai Egmore,OGD_Train_details_22122017,https://data.gov.in/resource/train-details
16128.0,Guv Chennai,KYJ,Kayankulam J,01:48:00,01:50:00,,14.0,196.0,GUV,Guruvayur,MS,Chennai Egmore,OGD_Train_details_22122017,https://data.gov.in/resource/train-details
16128.0,Guv Chennai,QLN,Quilon,02:30:00,02:35:00,,15.0,237.0,GUV,Guruvayur,MS,Chennai Egmore,OGD_Train_details_22122017,https://data.gov.in/resource/train-details
16128.0,Guv Chennai,PVU,Paravur,02:49:00,02:50:00,,16.0,250.0,GUV,Guruvayur,MS,Chennai Egmore,OGD_Train_details_22122017,https://data.gov.in/resource/train-details
16128.0,Guv Chennai,VAK,Varkala,03:00:00,03:01:00,,17.0,261.0,GUV,Guruvayur,MS,Chennai Egmore,OGD_Train_details_22122017,https://data.gov.in/resource/train-details
16128.0,Guv Chennai,KVU,Kadakavur,03:10:00,03:11:00,,18.0,270.0,GUV,Guruvayur,MS,Chennai Egmore,OGD_Train_details_22122017,https://data.gov.in/resource/train-details
16128.0,Guv Chennai,CRY,Chirayinkil,03:16:00,03:17:00,,19.0,273.0,GUV,Guruvayur,MS,Chennai Egmore,OGD_Train_details_22122017,https://data.gov.in/resource/train-details
16128.0,Guv Chennai,TVC,Trivandrum C,03:55:00,04:00:00,,20.0,302.0,GUV,Guruvayur,MS,Chennai Egmore,OGD_Train_details_22122017,https://data.gov.in/resource/train-details
16128.0,Guv Chennai,NYY,Neyyattinkar,04:20:00,04:21:00,,21.0,319.0,GUV,Guruvayur,MS,Chennai Egmore,OGD_Train_details_22122017,https://data.gov.in/resource/train-details
16128.0,Guv Chennai,KZT,Kulitturai,04:42:00,04:43:00,,22.0,340.0,GUV,Guruvayur,MS,Chennai Egmore,OGD_Train_details_22122017,https://data.gov.in/resource/train-details
16128.0,Guv Chennai,ERL,Eraniel,05:10:00,05:11:00,,23.0,355.0,GUV,Guruvayur,MS,Chennai Egmore,OGD_Train_details_22122017,https://data.gov.in/resource/train-details
16128.0,Guv Chennai,NCJ,Nagercoil Jn,05:45:00,05:55:00,,24.0,373.0,GUV,Guruvayur,MS,Chennai Egmore,OGD_Train_details_22122017,https://data.gov.in/resource/train-details
16128.0,Guv Chennai,AAY,Aralvaymoli,06:14:00,06:15:00,,25.0,386.0,GUV,Guruvayur,MS,Chennai Egmore,OGD_Train_details_22122017,https://data.gov.in/resource/train-details
16128.0,Guv Chennai,VLY,Valliyur,06:33:00,06:34:00,,26.0,404.0,GUV,Guruvayur,MS,Chennai Egmore,OGD_Train_details_22122017,https://data.gov.in/resource/train-details
16128.0,Guv Chennai,NNN,Nanguneri,06:45:00,06:46:00,,27.0,418.0,GUV,Guruvayur,MS,Chennai Egmore,OGD_Train_details_22122017,https://data.gov.in/resource/train-details
16128.0,Guv Chennai,TEN,Tirunelveli,07:40:00,07:45:00,,28.0,447.0,GUV,Guruvayur,MS,Chennai Egmore,OGD_Train_details_22122017,https://data.gov.in/resource/train-details
16128.0,Guv Chennai,MEJ,Vanchi Maniy,08:25:00,08:35:00,,29.0,475.0,GUV,Guruvayur,MS,Chennai Egmore,OGD_Train_details_22122017,https://data.gov.in/resource/train-details
16128.0,Guv Chennai,CVP,Kovilpatti,09:14:00,09:15:00,,30.0,512.0,GUV,Guruvayur,MS,Chennai Egmore,OGD_Train_details_22122017,https://data.gov.in/resource/train-details
16128.0,Guv Chennai,SRT,Satur,09:36:00,09:37:00,,31.0,533.0,GUV,Guruvayur,MS,Chennai Egmore,OGD_Train_details_22122017,https://data.gov.in/resource/train-details
16128.0,Guv Chennai,VPT,Virudunagar,09:58:00,10:00:00,,32.0,560.0,GUV,Guruvayur,MS,Chennai Egmore,OGD_Train_details_22122017,https://data.gov.in/resource/train-details
16128.0,Guv Chennai,MDU,Madurai Jn,11:15:00,11:20:00,,33.0,603.0,GUV,Guruvayur,MS,Chennai Egmore,OGD_Train_details_22122017,https://data.gov.in/resource/train-details
16128.0,Guv Chennai,SDN,Sholavandan,11:39:00,11:40:00,,34.0,624.0,GUV,Guruvayur,MS,Chennai Egmore,OGD_Train_details_22122017,https://data.gov.in/resource/train-details
16128.0,Guv Chennai,DG,Dindigul Jn,12:19:00,12:20:00,,35.0,665.0,GUV,Guruvayur,MS,Chennai Egmore,OGD_Train_details_22122017,https://data.gov.in/resource/train-details
16128.0,Guv Chennai,MPA,Manaparai,13:04:00,13:05:00,,36.0,723.0,GUV,Guruvayur,MS,Chennai Egmore,OGD_Train_details_22122017,https://data.gov.in/resource/train-details
16128.0,Guv Chennai,TPJ,Tiruchirappa,14:00:00,14:05:00,,37.0,760.0,GUV,Guruvayur,MS,Chennai Egmore,OGD_Train_details_22122017,https://data.gov.in/resource/train-details
16128.0,Guv Chennai,SRGM,Srirangam,14:24:00,14:25:00,,38.0,772.0,GUV,Guruvayur,MS,Chennai Egmore,OGD_Train_details_22122017,https://data.gov.in/resource/train-details
16128.0,Guv Chennai,ALU,Ariyalur,15:19:00,15:20:00,,39.0,830.0,GUV,Guruvayur,MS,Chennai Egmore,OGD_Train_details_22122017,https://data.gov.in/resource/train-details
16128.0,Guv Chennai,PNDM,Pennadam,15:43:00,15:44:00,,40.0,864.0,GUV,Guruvayur,MS,Chennai Egmore,OGD_Train_details_22122017,https://data.gov.in/resource/train-details
16128.0,Guv Chennai,VRI,Vridha Chala,16:08:00,16:10:00,,41.0,883.0,GUV,Guruvayur,MS,Chennai Egmore,OGD_Train_details_22122017,https://data.gov.in/resource/train-details
16128.0,Guv Chennai,VM,Villupuram J,17:10:00,17:15:00,,42.0,937.0,GUV,Guruvayur,MS,Chennai Egmore,OGD_Train_details_22122017,https://data.gov.in/resource/train-details
16128.0,Guv Chennai,TMV,Tindivanam,17:48:00,17:50:00,,43.0,975.0,GUV,Guruvayur,MS,Chennai Egmore,OGD_Train_details_22122017,https://data.gov.in/resource/train-details
16128.0,Guv Chennai,MLMR,Melmaruvathu,18:13:00,18:15:00,,44.0,1005.0,GUV,Guruvayur,MS,Chennai Egmore,OGD_Train_details_22122017,https://data.gov.in/resource/train-details
16128.0,Guv Chennai,CGL,Chengalpattu,19:08:00,19:10:00,,45.0,1040.0,GUV,Guruvayur,MS,Chennai Egmore,OGD_Train_details_22122017,https://data.gov.in/resource/train-details
16128.0,Guv Chennai,TBM,Tambaram,19:38:00,19:40:00,,46.0,1071.0,GUV,Guruvayur,MS,Chennai Egmore,OGD_Train_details_22122017,https://data.gov.in/resource/train-details
16128.0,Guv Chennai,MBM,Mambalam,19:58:00,20:00:00,,47.0,1089.0,GUV,Guruvayur,MS,Chennai Egmore,OGD_Train_details_22122017,https://data.gov.in/resource/train-details
16128.0,Guv Chennai,MS,Chennai Egmo,20:30:00,20:30:00,,48.0,1096.0,GUV,Guruvayur,MS,Chennai Egmore,OGD_Train_details_22122017,https://data.gov.in/resource/train-details
16181.0,Ms-Sct Silam,MS,Chennai Egmo,20:20:00,20:20:00,,1.0,0.0,MS,Chennai Egmore,SCT,Sengottai Jn,OGD_Train_details_22122017,https://data.gov.in/resource/train-details
16181.0,Ms-Sct Silam,TBM,Tambaram,20:48:00,20:50:00,,2.0,24.0,MS,Chennai Egmore,SCT,Sengottai Jn,OGD_Train_details_22122017,https://data.gov.in/resource/train-details
16181.0,Ms-Sct Silam,CGL,Chengalpattu,21:18:00,21:20:00,,3.0,55.0,MS,Chennai Egmore,SCT,Sengottai Jn,OGD_Train_details_22122017,https://data.gov.in/resource/train-details
16181.0,Ms-Sct Silam,MLMR,Melmaruvathu,21:44:00,21:45:00,,4.0,91.0,MS,Chennai Egmore,SCT,Sengottai Jn,OGD_Train_details_22122017,https://data.gov.in/resource/train-details
16181.0,Ms-Sct Silam,VM,Villupuram J,22:50:00,22:55:00,,5.0,158.0,MS,Chennai Egmore,SCT,Sengottai Jn,OGD_Train_details_22122017,https://data.gov.in/resource/train-details
16181.0,Ms-Sct Silam,VRI,Vridha Chala,23:40:00,23:42:00,,6.0,212.0,MS,Chennai Egmore,SCT,Sengottai Jn,OGD_Train_details_22122017,https://data.gov.in/resource/train-details
16181.0,Ms-Sct Silam,TPJ,Tiruchirappa,02:10:00,02:25:00,,7.0,335.0,MS,Chennai Egmore,SCT,Sengottai Jn,OGD_Train_details_22122017,https://data.gov.in/resource/train-details
16181.0,Ms-Sct Silam,PDKT,Pudukkottai,03:04:00,03:05:00,,8.0,388.0,MS,Chennai Egmore,SCT,Sengottai Jn,OGD_Train_details_22122017,https://data.gov.in/resource/train-details
16181.0,Ms-Sct Silam,CTND,Chettinad,03:24:00,03:25:00,,9.0,413.0,MS,Chennai Egmore,SCT,Sengottai Jn,OGD_Train_details_22122017,https://data.gov.in/resource/train-details
16181.0,Ms-Sct Silam,KKDI,Karaikkudi,03:38:00,03:40:00,,10.0,425.0,MS,Chennai Egmore,SCT,Sengottai Jn,OGD_Train_details_22122017,https://data.gov.in/resource/train-details
16181.0,Ms-Sct Silam,DKO,Devakottai R,03:46:00,03:47:00,,11.0,430.0,MS,Chennai Egmore,SCT,Sengottai Jn,OGD_Train_details_22122017,https://data.gov.in/resource/train-details
16181.0,Ms-Sct Silam,SVGA,Sivaganga,04:19:00,04:20:00,,12.0,465.0,MS,Chennai Egmore,SCT,Sengottai Jn,OGD_Train_details_22122017,https://data.gov.in/resource/train-details
16181.0,Ms-Sct Silam,MNM,Manamadurai,04:55:00,05:00:00,,13.0,486.0,MS,Chennai Egmore,SCT,Sengottai Jn,OGD_Train_details_22122017,https://data.gov.in/resource/train-details
16181.0,Ms-Sct Silam,NKK,Narikkudi,05:24:00,05:25:00,,14.0,507.0,MS,Chennai Egmore,SCT,Sengottai Jn,OGD_Train_details_22122017,https://data.gov.in/resource/train-details
16181.0,Ms-Sct Silam,TCH,Tiruchchuli,05:34:00,05:35:00,,15.0,520.0,MS,Chennai Egmore,SCT,Sengottai Jn,OGD_Train_details_22122017,https://data.gov.in/resource/train-details
16181.0,Ms-Sct Silam,APK,Aruppukkotta,05:45:00,05:46:00,,16.0,531.0,MS,Chennai Egmore,SCT,Sengottai Jn,OGD_Train_details_22122017,https://data.gov.in/resource/train-details
16181.0,Ms-Sct Silam,VPT,Virudunagar,06:08:00,06:10:00,,17.0,552.0,MS,Chennai Egmore,SCT,Sengottai Jn,OGD_Train_details_22122017,https://data.gov.in/resource/train-details
16181.0,Ms-Sct Silam,TTL,Tiruttangal,06:27:00,06:28:00,,18.0,574.0,MS,Chennai Egmore,SCT,Sengottai Jn,OGD_Train_details_22122017,https://data.gov.in/resource/train-details
16181.0,Ms-Sct Silam,SVKS,Sivakasi,06:34:00,06:35:00,,19.0,577.0,MS,Chennai Egmore,SCT,Sengottai Jn,OGD_Train_details_22122017,https://data.gov.in/resource/train-details
16181.0,Ms-Sct Silam,SVPR,Srivilliputt,06:49:00,06:50:00,,20.0,594.0,MS,Chennai Egmore,SCT,Sengottai Jn,OGD_Train_details_22122017,https://data.gov.in/resource/train-details
16181.0,Ms-Sct Silam,RJPM,Rajapalayam,07:01:00,07:02:00,,21.0,605.0,MS,Chennai Egmore,SCT,Sengottai Jn,OGD_Train_details_22122017,https://data.gov.in/resource/train-details
16181.0,Ms-Sct Silam,SNKL,Sankarankovi,07:25:00,07:26:00,,22.0,638.0,MS,Chennai Egmore,SCT,Sengottai Jn,OGD_Train_details_22122017,https://data.gov.in/resource/train-details
16181.0,Ms-Sct Silam,PBKS,Pambakovil S,07:37:00,07:38:00,,23.0,650.0,MS,Chennai Egmore,SCT,Sengottai Jn,OGD_Train_details_22122017,https://data.gov.in/resource/train-details
16181.0,Ms-Sct Silam,KDNL,Kadayanallur,07:48:00,07:49:00,,24.0,659.0,MS,Chennai Egmore,SCT,Sengottai Jn,OGD_Train_details_22122017,https://data.gov.in/resource/train-details
16181.0,Ms-Sct Silam,TSI,Tenkasi,08:04:00,08:05:00,,25.0,675.0,MS,Chennai Egmore,SCT,Sengottai Jn,OGD_Train_details_22122017,https://data.gov.in/resource/train-details
16181.0,Ms-Sct Silam,SCT,Sengottai Jn,09:20:00,09:20:00,,26.0,682.0,MS,Chennai Egmore,SCT,Sengottai Jn,OGD_Train_details_22122017,https://data.gov.in/resource/train-details
16182.0,Sct-Ms Silam,SCT,Sengottai Jn,16:00:00,16:00:00,,1.0,0.0,SCT,Sengottai Jn,MS,Chennai Egmore,OGD_Train_details_22122017,https://data.gov.in/resource/train-details
16182.0,Sct-Ms Silam,TSI,Tenkasi,16:10:00,16:12:00,,2.0,7.0,SCT,Sengottai Jn,MS,Chennai Egmore,OGD_Train_details_22122017,https://data.gov.in/resource/train-details
16182.0,Sct-Ms Silam,KDNL,Kadayanallur,16:28:00,16:29:00,,3.0,23.0,SCT,Sengottai Jn,MS,Chennai Egmore,OGD_Train_details_22122017,https://data.gov.in/resource/train-details
16182.0,Sct-Ms Silam,PBKS,Pambakovil S,16:41:00,16:42:00,,4.0,32.0,SCT,Sengottai Jn,MS,Chennai Egmore,OGD_Train_details_22122017,https://data.gov.in/resource/train-details
16182.0,Sct-Ms Silam,SNKL,Sankarankovi,16:55:00,16:56:00,,5.0,44.0,SCT,Sengottai Jn,MS,Chennai Egmore,OGD_Train_details_22122017,https://data.gov.in/resource/train-details
16182.0,Sct-Ms Silam,RJPM,Rajapalayam,17:19:00,17:20:00,,6.0,77.0,SCT,Sengottai Jn,MS,Chennai Egmore,OGD_Train_details_22122017,https://data.gov.in/resource/train-details
16182.0,Sct-Ms Silam,SVPR,Srivilliputt,17:34:00,17:35:00,,7.0,88.0,SCT,Sengottai Jn,MS,Chennai Egmore,OGD_Train_details_22122017,https://data.gov.in/resource/train-details
16182.0,Sct-Ms Silam,SVKS,Sivakasi,17:52:00,17:53:00,,8.0,105.0,SCT,Sengottai Jn,MS,Chennai Egmore,OGD_Train_details_22122017,https://data.gov.in/resource/train-details
16182.0,Sct-Ms Silam,TTL,Tiruttangal,17:58:00,17:59:00,,9.0,108.0,SCT,Sengottai Jn,MS,Chennai Egmore,OGD_Train_details_22122017,https://data.gov.in/resource/train-details
16182.0,Sct-Ms Silam,VPT,Virudunagar,18:18:00,18:20:00,,10.0,129.0,SCT,Sengottai Jn,MS,Chennai Egmore,OGD_Train_details_22122017,https://data.gov.in/resource/train-details
16182.0,Sct-Ms Silam,APK,Aruppukkotta,18:46:00,18:47:00,,11.0,151.0,SCT,Sengottai Jn,MS,Chennai Egmore,OGD_Train_details_22122017,https://data.gov.in/resource/train-details
16182.0,Sct-Ms Silam,TCH,Tiruchchuli,19:01:00,19:02:00,,12.0,162.0,SCT,Sengottai Jn,MS,Chennai Egmore,OGD_Train_details_22122017,https://data.gov.in/resource/train-details
16182.0,Sct-Ms Silam,NKK,Narikkudi,19:14:00,19:15:00,,13.0,175.0,SCT,Sengottai Jn,MS,Chennai Egmore,OGD_Train_details_22122017,https://data.gov.in/resource/train-details
16182.0,Sct-Ms Silam,MNM,Manamadurai,20:05:00,20:10:00,,14.0,196.0,SCT,Sengottai Jn,MS,Chennai Egmore,OGD_Train_details_22122017,https://data.gov.in/resource/train-details
16182.0,Sct-Ms Silam,SVGA,Sivaganga,20:28:00,20:30:00,,15.0,217.0,SCT,Sengottai Jn,MS,Chennai Egmore,OGD_Train_details_22122017,https://data.gov.in/resource/train-details
16182.0,Sct-Ms Silam,DKO,Devakottai R,20:55:00,20:56:00,,16.0,252.0,SCT,Sengottai Jn,MS,Chennai Egmore,OGD_Train_details_22122017,https://data.gov.in/resource/train-details
16182.0,Sct-Ms Silam,KKDI,Karaikkudi,21:13:00,21:15:00,,17.0,257.0,SCT,Sengottai Jn,MS,Chennai Egmore,OGD_Train_details_22122017,https://data.gov.in/resource/train-details
16182.0,Sct-Ms Silam,CTND,Chettinad,21:28:00,21:30:00,,18.0,269.0,SCT,Sengottai Jn,MS,Chennai Egmore,OGD_Train_details_22122017,https://data.gov.in/resource/train-details
16182.0,Sct-Ms Silam,PDKT,Pudukkottai,21:54:00,21:55:00,,19.0,294.0,SCT,Sengottai Jn,MS,Chennai Egmore,OGD_Train_details_22122017,https://data.gov.in/resource/train-details
16182.0,Sct-Ms Silam,TPJ,Tiruchirappa,23:40:00,23:50:00,,20.0,346.0,SCT,Sengottai Jn,MS,Chennai Egmore,OGD_Train_details_22122017,https://data.gov.in/resource/train-details
16182.0,Sct-Ms Silam,VRI,Vridha Chala,01:33:00,01:35:00,,21.0,469.0,SCT,Sengottai Jn,MS,Chennai Egmore,OGD_Train_details_22122017,https://data.gov.in/resource/train-details
16182.0,Sct-Ms Silam,VM,Villupuram J,02:30:00,02:35:00,,22.0,524.0,SCT,Sengottai Jn,MS,Chennai Egmore,OGD_Train_details_22122017,https://data.gov.in/resource/train-details
16182.0,Sct-Ms Silam,MLMR,Melmaruvathu,03:38:00,03:40:00,,23.0,591.0,SCT,Sengottai Jn,MS,Chennai Egmore,OGD_Train_details_22122017,https://data.gov.in/resource/train-details
16182.0,Sct-Ms Silam,CGL,Chengalpattu,04:13:00,04:15:00,,24.0,627.0,SCT,Sengottai Jn,MS,Chennai Egmore,OGD_Train_details_22122017,https://data.gov.in/resource/train-details
16182.0,Sct-Ms Silam,TBM,Tambaram,04:43:00,04:45:00,,25.0,658.0,SCT,Sengottai Jn,MS,Chennai Egmore,OGD_Train_details_22122017,https://data.gov.in/resource/train-details
16182.0,Sct-Ms Silam,MBM,Mambalam,05:04:00,05:05:00,,26.0,675.0,SCT,Sengottai Jn,MS,Chennai Egmore,OGD_Train_details_22122017,https://data.gov.in/resource/train-details
16182.0,Sct-Ms Silam,MS,Chennai Egmo,05:35:00,05:35:00,,27.0,682.0,SCT,Sengottai Jn,MS,Chennai Egmore,OGD_Train_details_22122017,https://data.gov.in/resource/train-details
16723.0,Ms-Qln Anant,MS,Chennai Egmo,19:50:00,19:50:00,,1.0,0.0,MS,Chennai Egmore,QLN,Quilon,OGD_Train_details_22122017,https://data.gov.in/resource/train-details
16723.0,Ms-Qln Anant,TBM,Tambaram,20:18:00,20:20:00,,2.0,24.0,MS,Chennai Egmore,QLN,Quilon,OGD_Train_details_22122017,https://data.gov.in/resource/train-details
16723.0,Ms-Qln Anant,CGL,Chengalpattu,20:48:00,20:50:00,,3.0,55.0,MS,Chennai Egmore,QLN,Quilon,OGD_Train_details_22122017,https://data.gov.in/resource/train-details
16723.0,Ms-Qln Anant,MMK,Madurantakam,21:08:00,21:10:00,,4.0,80.0,MS,Chennai Egmore,QLN,Quilon,OGD_Train_details_22122017,https://data.gov.in/resource/train-details
16723.0,Ms-Qln Anant,MLMR,Melmaruvathu,21:18:00,21:20:00,,5.0,91.0,MS,Chennai Egmore,QLN,Quilon,OGD_Train_details_22122017,https://data.gov.in/resource/train-details
16723.0,Ms-Qln Anant,TMV,Tindivanam,21:43:00,21:45:00,,6.0,121.0,MS,Chennai Egmore,QLN,Quilon,OGD_Train_details_22122017,https://data.gov.in/resource/train-details
16723.0,Ms-Qln Anant,VM,Villupuram J,22:25:00,22:30:00,,7.0,158.0,MS,Chennai Egmore,QLN,Quilon,OGD_Train_details_22122017,https://data.gov.in/resource/train-details
16723.0,Ms-Qln Anant,VRI,Vridha Chala,23:08:00,23:10:00,,8.0,212.0,MS,Chennai Egmore,QLN,Quilon,OGD_Train_details_22122017,https://data.gov.in/resource/train-details
16723.0,Ms-Qln Anant,TPJ,Tiruchirappa,01:05:00,01:10:00,,9.0,335.0,MS,Chennai Egmore,QLN,Quilon,OGD_Train_details_22122017,https://data.gov.in/resource/train-details
16723.0,Ms-Qln Anant,DG,Dindigul Jn,02:38:00,02:40:00,,10.0,429.0,MS,Chennai Egmore,QLN,Quilon,OGD_Train_details_22122017,https://data.gov.in/resource/train-details
16723.0,Ms-Qln Anant,KQN,Kodaikkanal,02:57:00,02:58:00,,11.0,451.0,MS,Chennai Egmore,QLN,Quilon,OGD_Train_details_22122017,https://data.gov.in/resource/train-details
16723.0,Ms-Qln Anant,MDU,Madurai Jn,04:05:00,04:10:00,,12.0,492.0,MS,Chennai Egmore,QLN,Quilon,OGD_Train_details_22122017,https://data.gov.in/resource/train-details
16723.0,Ms-Qln Anant,TMQ,Tirumangalam,04:27:00,04:28:00,,13.0,510.0,MS,Chennai Egmore,QLN,Quilon,OGD_Train_details_22122017,https://data.gov.in/resource/train-details
16723.0,Ms-Qln Anant,VPT,Virudunagar,04:59:00,05:00:00,,14.0,535.0,MS,Chennai Egmore,QLN,Quilon,OGD_Train_details_22122017,https://data.gov.in/resource/train-details
16723.0,Ms-Qln Anant,SRT,Satur,05:21:00,05:22:00,,15.0,562.0,MS,Chennai Egmore,QLN,Quilon,OGD_Train_details_22122017,https://data.gov.in/resource/train-details
16723.0,Ms-Qln Anant,CVP,Kovilpatti,05:44:00,05:45:00,,16.0,584.0,MS,Chennai Egmore,QLN,Quilon,OGD_Train_details_22122017,https://data.gov.in/resource/train-details
16723.0,Ms-Qln Anant,KDU,Kadambur,06:04:00,06:05:00,,17.0,606.0,MS,Chennai Egmore,QLN,Quilon,OGD_Train_details_22122017,https://data.gov.in/resource/train-details
16723.0,Ms-Qln Anant,MEJ,Vanchi Maniy,06:13:00,06:14:00,,18.0,620.0,MS,Chennai Egmore,QLN,Quilon,OGD_Train_details_22122017,https://data.gov.in/resource/train-details
16723.0,Ms-Qln Anant,TEN,Tirunelveli,07:55:00,08:00:00,,19.0,649.0,MS,Chennai Egmore,QLN,Quilon,OGD_Train_details_22122017,https://data.gov.in/resource/train-details
16723.0,Ms-Qln Anant,NNN,Nanguneri,08:24:00,08:25:00,,20.0,677.0,MS,Chennai Egmore,QLN,Quilon,OGD_Train_details_22122017,https://data.gov.in/resource/train-details
16723.0,Ms-Qln Anant,VLY,Valliyur,08:35:00,08:36:00,,21.0,691.0,MS,Chennai Egmore,QLN,Quilon,OGD_Train_details_22122017,https://data.gov.in/resource/train-details
16723.0,Ms-Qln Anant,NPK,N.Panakudi,08:44:00,08:45:00,,22.0,699.0,MS,Chennai Egmore,QLN,Quilon,OGD_Train_details_22122017,https://data.gov.in/resource/train-details
16723.0,Ms-Qln Anant,AAY,Aralvaymoli,08:55:00,08:56:00,,23.0,709.0,MS,Chennai Egmore,QLN,Quilon,OGD_Train_details_22122017,https://data.gov.in/resource/train-details
16723.0,Ms-Qln Anant,NCJ,Nagercoil Jn,09:30:00,09:40:00,,24.0,722.0,MS,Chennai Egmore,QLN,Quilon,OGD_Train_details_22122017,https://data.gov.in/resource/train-details
16723.0,Ms-Qln Anant,ERL,Eraniel,09:59:00,10:00:00,,25.0,741.0,MS,Chennai Egmore,QLN,Quilon,OGD_Train_details_22122017,https://data.gov.in/resource/train-details
16723.0,Ms-Qln Anant,KZT,Kulitturai,10:15:00,10:16:00,,26.0,755.0,MS,Chennai Egmore,QLN,Quilon,OGD_Train_details_22122017,https://data.gov.in/resource/train-details
16723.0,Ms-Qln Anant,PASA,Parassala,10:27:00,10:28:00,,27.0,764.0,MS,Chennai Egmore,QLN,Quilon,OGD_Train_details_22122017,https://data.gov.in/resource/train-details
16723.0,Ms-Qln Anant,NYY,Neyyattinkar,11:00:00,11:01:00,,28.0,776.0,MS,Chennai Egmore,QLN,Quilon,OGD_Train_details_22122017,https://data.gov.in/resource/train-details
16723.0,Ms-Qln Anant,TVC,Trivandrum C,11:40:00,11:45:00,,29.0,793.0,MS,Chennai Egmore,QLN,Quilon,OGD_Train_details_22122017,https://data.gov.in/resource/train-details
16723.0,Ms-Qln Anant,VAK,Varkala,12:25:00,12:26:00,,30.0,834.0,MS,Chennai Egmore,QLN,Quilon,OGD_Train_details_22122017,https://data.gov.in/resource/train-details
16723.0,Ms-Qln Anant,QLN,Quilon,13:00:00,13:00:00,,31.0,858.0,MS,Chennai Egmore,QLN,Quilon,OGD_Train_details_22122017,https://data.gov.in/resource/train-details
16724.0,Qln-Ms Anant,QLN,Quilon,15:00:00,15:00:00,,1.0,0.0,QLN,Quilon,MS,Chennai Egmore,OGD_Train_details_22122017,https://data.gov.in/resource/train-details
16724.0,Qln-Ms Anant,VAK,Varkala,15:18:00,15:19:00,,2.0,23.0,QLN,Quilon,MS,Chennai Egmore,OGD_Train_details_22122017,https://data.gov.in/resource/train-details
16724.0,Qln-Ms Anant,TVC,Trivandrum C,16:05:00,16:10:00,,3.0,64.0,QLN,Quilon,MS,Chennai Egmore,OGD_Train_details_22122017,https://data.gov.in/resource/train-details
16724.0,Qln-Ms Anant,NYY,Neyyattinkar,16:36:00,16:37:00,,4.0,81.0,QLN,Quilon,MS,Chennai Egmore,OGD_Train_details_22122017,https://data.gov.in/resource/train-details
16724.0,Qln-Ms Anant,PASA,Parassala,16:49:00,16:50:00,,5.0,94.0,QLN,Quilon,MS,Chennai Egmore,OGD_Train_details_22122017,https://data.gov.in/resource/train-details
16724.0,Qln-Ms Anant,KZT,Kulitturai,17:00:00,17:01:00,,6.0,102.0,QLN,Quilon,MS,Chennai Egmore,OGD_Train_details_22122017,https://data.gov.in/resource/train-details
16724.0,Qln-Ms Anant,ERL,Eraniel,17:15:00,17:16:00,,7.0,117.0,QLN,Quilon,MS,Chennai Egmore,OGD_Train_details_22122017,https://data.gov.in/resource/train-details
16724.0,Qln-Ms Anant,NCJ,Nagercoil Jn,17:50:00,18:00:00,,8.0,135.0,QLN,Quilon,MS,Chennai Egmore,OGD_Train_details_22122017,https://data.gov.in/resource/train-details
16724.0,Qln-Ms Anant,AAY,Aralvaymoli,18:23:00,18:24:00,,9.0,148.0,QLN,Quilon,MS,Chennai Egmore,OGD_Train_details_22122017,https://data.gov.in/resource/train-details
16724.0,Qln-Ms Anant,NPK,N.Panakudi,18:34:00,18:35:00,,10.0,159.0,QLN,Quilon,MS,Chennai Egmore,OGD_Train_details_22122017,https://data.gov.in/resource/train-details
16724.0,Qln-Ms Anant,VLY,Valliyur,18:45:00,18:46:00,,11.0,167.0,QLN,Quilon,MS,Chennai Egmore,OGD_Train_details_22122017,https://data.gov.in/resource/train-details
16724.0,Qln-Ms Anant,NNN,Nanguneri,18:59:00,19:00:00,,12.0,181.0,QLN,Quilon,MS,Chennai Egmore,OGD_Train_details_22122017,https://data.gov.in/resource/train-details
16724.0,Qln-Ms Anant,TEN,Tirunelveli,19:50:00,19:55:00,,13.0,209.0,QLN,Quilon,MS,Chennai Egmore,OGD_Train_details_22122017,https://data.gov.in/resource/train-details
16724.0,Qln-Ms Anant,MEJ,Vanchi Maniy,20:38:00,20:40:00,,14.0,237.0,QLN,Quilon,MS,Chennai Egmore,OGD_Train_details_22122017,https://data.gov.in/resource/train-details
16724.0,Qln-Ms Anant,KDU,Kadambur,20:51:00,20:52:00,,15.0,251.0,QLN,Quilon,MS,Chennai Egmore,OGD_Train_details_22122017,https://data.gov.in/resource/train-details
16724.0,Qln-Ms Anant,CVP,Kovilpatti,21:14:00,21:15:00,,16.0,274.0,QLN,Quilon,MS,Chennai Egmore,OGD_Train_details_22122017,https://data.gov.in/resource/train-details
16724.0,Qln-Ms Anant,SRT,Satur,21:34:00,21:35:00,,17.0,295.0,QLN,Quilon,MS,Chennai Egmore,OGD_Train_details_22122017,https://data.gov.in/resource/train-details
16724.0,Qln-Ms Anant,VPT,Virudunagar,22:08:00,22:10:00,,18.0,322.0,QLN,Quilon,MS,Chennai Egmore,OGD_Train_details_22122017,https://data.gov.in/resource/train-details
16724.0,Qln-Ms Anant,TMQ,Tirumangalam,22:29:00,22:30:00,,19.0,348.0,QLN,Quilon,MS,Chennai Egmore,OGD_Train_details_22122017,https://data.gov.in/resource/train-details
16724.0,Qln-Ms Anant,MDU,Madurai Jn,22:55:00,23:05:00,,20.0,365.0,QLN,Quilon,MS,Chennai Egmore,OGD_Train_details_22122017,https://data.gov.in/resource/train-details
16724.0,Qln-Ms Anant,KQN,Kodaikkanal,23:39:00,23:40:00,,21.0,405.0,QLN,Quilon,MS,Chennai Egmore,OGD_Train_details_22122017,https://data.gov.in/resource/train-details
16724.0,Qln-Ms Anant,DG,Dindigul Jn,00:08:00,00:10:00,,22.0,427.0,QLN,Quilon,MS,Chennai Egmore,OGD_Train_details_22122017,https://data.gov.in/resource/train-details
16724.0,Qln-Ms Anant,TPJ,Tiruchirappa,01:50:00,01:55:00,,23.0,522.0,QLN,Quilon,MS,Chennai Egmore,OGD_Train_details_22122017,https://data.gov.in/resource/train-details
16724.0,Qln-Ms Anant,VRI,Vridha Chala,03:38:00,03:40:00,,24.0,645.0,QLN,Quilon,MS,Chennai Egmore,OGD_Train_details_22122017,https://data.gov.in/resource/train-details
16724.0,Qln-Ms Anant,VM,Villupuram J,04:45:00,04:50:00,,25.0,699.0,QLN,Quilon,MS,Chennai Egmore,OGD_Train_details_22122017,https://data.gov.in/resource/train-details
16724.0,Qln-Ms Anant,TMV,Tindivanam,05:23:00,05:25:00,,26.0,737.0,QLN,Quilon,MS,Chennai Egmore,OGD_Train_details_22122017,https://data.gov.in/resource/train-details
16724.0,Qln-Ms Anant,MLMR,Melmaruvathu,05:48:00,05:50:00,,27.0,767.0,QLN,Quilon,MS,Chennai Egmore,OGD_Train_details_22122017,https://data.gov.in/resource/train-details
16724.0,Qln-Ms Anant,MMK,Madurantakam,06:03:00,06:05:00,,28.0,778.0,QLN,Quilon,MS,Chennai Egmore,OGD_Train_details_22122017,https://data.gov.in/resource/train-details
16724.0,Qln-Ms Anant,CGL,Chengalpattu,06:28:00,06:30:00,,29.0,802.0,QLN,Quilon,MS,Chennai Egmore,OGD_Train_details_22122017,https://data.gov.in/resource/train-details
16724.0,Qln-Ms Anant,TBM,Tambaram,06:58:00,07:00:00,,30.0,833.0,QLN,Quilon,MS,Chennai Egmore,OGD_Train_details_22122017,https://data.gov.in/resource/train-details
16724.0,Qln-Ms Anant,MBM,Mambalam,07:18:00,07:20:00,,31.0,851.0,QLN,Quilon,MS,Chennai Egmore,OGD_Train_details_22122017,https://data.gov.in/resource/train-details
16724.0,Qln-Ms Anant,MS,Chennai Egmo,08:05:00,08:05:00,,32.0,858.0,QLN,Quilon,MS,Chennai Egmore,OGD_Train_details_22122017,https://data.gov.in/resource/train-details
16793.0,Shraddha Set,RMM,Rameswaram,23:00:00,23:00:00,,1.0,0.0,RMM,Rameswaram,FD,Faizabad Jn.,OGD_Train_details_22122017,https://data.gov.in/resource/train-details
16793.0,Shraddha Set,MNM,Manamadurai,00:55:00,01:00:00,,2.0,106.0,RMM,Rameswaram,FD,Faizabad Jn.,OGD_Train_details_22122017,https://data.gov.in/resource/train-details
16793.0,Shraddha Set,TPJ,Tiruchirappa,04:10:00,04:15:00,,3.0,256.0,RMM,Rameswaram,FD,Faizabad Jn.,OGD_Train_details_22122017,https://data.gov.in/resource/train-details
16793.0,Shraddha Set,TJ,Thanjavur Jn,04:58:00,05:00:00,,4.0,306.0,RMM,Rameswaram,FD,Faizabad Jn.,OGD_Train_details_22122017,https://data.gov.in/resource/train-details
16793.0,Shraddha Set,KMU,Kumbakonam,05:33:00,05:35:00,,5.0,345.0,RMM,Rameswaram,FD,Faizabad Jn.,OGD_Train_details_22122017,https://data.gov.in/resource/train-details
16793.0,Shraddha Set,VM,Villupuram J,09:55:00,10:00:00,,6.0,498.0,RMM,Rameswaram,FD,Faizabad Jn.,OGD_Train_details_22122017,https://data.gov.in/resource/train-details
16793.0,Shraddha Set,MS,Chennai Egmo,12:40:00,13:00:00,,7.0,657.0,RMM,Rameswaram,FD,Faizabad Jn.,OGD_Train_details_22122017,https://data.gov.in/resource/train-details
16793.0,Shraddha Set,GDR,Gudur Jn.,15:50:00,15:52:00,,8.0,799.0,RMM,Rameswaram,FD,Faizabad Jn.,OGD_Train_details_22122017,https://data.gov.in/resource/train-details
16793.0,Shraddha Set,BZA,Vijaywada Jn,20:10:00,20:20:00,,9.0,1091.0,RMM,Rameswaram,FD,Faizabad Jn.,OGD_Train_details_22122017,https://data.gov.in/resource/train-details
16793.0,Shraddha Set,WL,Warangal,23:40:00,23:45:00,,10.0,1298.0,RMM,Rameswaram,FD,Faizabad Jn.,OGD_Train_details_22122017,https://data.gov.in/resource/train-details
16793.0,Shraddha Set,BPQ,Balharshah,04:10:00,04:20:00,,11.0,1542.0,RMM,Rameswaram,FD,Faizabad Jn.,OGD_Train_details_22122017,https://data.gov.in/resource/train-details
16793.0,Shraddha Set,CD,Chandrapur (,04:37:00,04:39:00,,12.0,1556.0,RMM,Rameswaram,FD,Faizabad Jn.,OGD_Train_details_22122017,https://data.gov.in/resource/train-details
16793.0,Shraddha Set,NGP,Nagpur Jn.(C,07:35:00,07:45:00,,13.0,1754.0,RMM,Rameswaram,FD,Faizabad Jn.,OGD_Train_details_22122017,https://data.gov.in/resource/train-details
16793.0,Shraddha Set,ET,Itarsi,13:40:00,13:50:00,,14.0,2051.0,RMM,Rameswaram,FD,Faizabad Jn.,OGD_Train_details_22122017,https://data.gov.in/resource/train-details
16793.0,Shraddha Set,JBP,Jabalpur,17:05:00,17:15:00,,15.0,2296.0,RMM,Rameswaram,FD,Faizabad Jn.,OGD_Train_details_22122017,https://data.gov.in/resource/train-details
16793.0,Shraddha Set,STA,Satna,20:15:00,20:25:00,,16.0,2486.0,RMM,Rameswaram,FD,Faizabad Jn.,OGD_Train_details_22122017,https://data.gov.in/resource/train-details
16793.0,Shraddha Set,ALD,Allahabad Jn,01:00:00,01:25:00,,17.0,2669.0,RMM,Rameswaram,FD,Faizabad Jn.,OGD_Train_details_22122017,https://data.gov.in/resource/train-details
16793.0,Shraddha Set,JNU,Jaunpur Jn.,04:19:00,04:21:00,,18.0,2778.0,RMM,Rameswaram,FD,Faizabad Jn.,OGD_Train_details_22122017,https://data.gov.in/resource/train-details
16793.0,Shraddha Set,AY,Ayodhya,07:45:00,07:50:00,,19.0,2909.0,RMM,Rameswaram,FD,Faizabad Jn.,OGD_Train_details_22122017,https://data.gov.in/resource/train-details
16793.0,Shraddha Set,FD,Faizabad Jn.,08:30:00,08:30:00,,20.0,2916.0,RMM,Rameswaram,FD,Faizabad Jn.,OGD_Train_details_22122017,https://data.gov.in/resource/train-details
16794.0,Shraddha Set,FD,Faizabad Jn.,23:55:00,23:55:00,,1.0,0.0,FD,Faizabad Jn.,RMM,Rameswaram,OGD_Train_details_22122017,https://data.gov.in/resource/train-details
16794.0,Shraddha Set,AY,Ayodhya,00:07:00,00:12:00,,2.0,7.0,FD,Faizabad Jn.,RMM,Rameswaram,OGD_Train_details_22122017,https://data.gov.in/resource/train-details
16794.0,Shraddha Set,JNU,Jaunpur Jn.,02:53:00,02:55:00,,3.0,138.0,FD,Faizabad Jn.,RMM,Rameswaram,OGD_Train_details_22122017,https://data.gov.in/resource/train-details
16794.0,Shraddha Set,ALD,Allahabad Jn,06:35:00,07:00:00,,4.0,247.0,FD,Faizabad Jn.,RMM,Rameswaram,OGD_Train_details_22122017,https://data.gov.in/resource/train-details
16794.0,Shraddha Set,STA,Satna,10:10:00,10:15:00,,5.0,430.0,FD,Faizabad Jn.,RMM,Rameswaram,OGD_Train_details_22122017,https://data.gov.in/resource/train-details
16794.0,Shraddha Set,JBP,Jabalpur,12:55:00,13:05:00,,6.0,619.0,FD,Faizabad Jn.,RMM,Rameswaram,OGD_Train_details_22122017,https://data.gov.in/resource/train-details
16794.0,Shraddha Set,ET,Itarsi,17:25:00,17:35:00,,7.0,864.0,FD,Faizabad Jn.,RMM,Rameswaram,OGD_Train_details_22122017,https://data.gov.in/resource/train-details
16794.0,Shraddha Set,NGP,Nagpur Jn.(C,22:30:00,22:40:00,,8.0,1161.0,FD,Faizabad Jn.,RMM,Rameswaram,OGD_Train_details_22122017,https://data.gov.in/resource/train-details
16794.0,Shraddha Set,CD,Chandrapur (,01:47:00,01:50:00,,9.0,1358.0,FD,Faizabad Jn.,RMM,Rameswaram,OGD_Train_details_22122017,https://data.gov.in/resource/train-details
16794.0,Shraddha Set,BPQ,Balharshah,02:55:00,03:05:00,,10.0,1372.0,FD,Faizabad Jn.,RMM,Rameswaram,OGD_Train_details_22122017,https://data.gov.in/resource/train-details
16794.0,Shraddha Set,WL,Warangal,06:27:00,06:32:00,,11.0,1614.0,FD,Faizabad Jn.,RMM,Rameswaram,OGD_Train_details_22122017,https://data.gov.in/resource/train-details
16794.0,Shraddha Set,BZA,Vijaywada Jn,09:55:00,10:10:00,,12.0,1820.0,FD,Faizabad Jn.,RMM,Rameswaram,OGD_Train_details_22122017,https://data.gov.in/resource/train-details
16794.0,Shraddha Set,GDR,Gudur Jn.,14:25:00,14:27:00,,13.0,2113.0,FD,Faizabad Jn.,RMM,Rameswaram,OGD_Train_details_22122017,https://data.gov.in/resource/train-details
16794.0,Shraddha Set,MS,Chennai Egmo,16:55:00,17:30:00,,14.0,2255.0,FD,Faizabad Jn.,RMM,Rameswaram,OGD_Train_details_22122017,https://data.gov.in/resource/train-details
16794.0,Shraddha Set,VM,Villupuram J,20:00:00,20:10:00,,15.0,2413.0,FD,Faizabad Jn.,RMM,Rameswaram,OGD_Train_details_22122017,https://data.gov.in/resource/train-details
16794.0,Shraddha Set,KMU,Kumbakonam,22:43:00,22:45:00,,16.0,2566.0,FD,Faizabad Jn.,RMM,Rameswaram,OGD_Train_details_22122017,https://data.gov.in/resource/train-details
16794.0,Shraddha Set,TJ,Thanjavur Jn,23:28:00,23:30:00,,17.0,2606.0,FD,Faizabad Jn.,RMM,Rameswaram,OGD_Train_details_22122017,https://data.gov.in/resource/train-details
16794.0,Shraddha Set,TPJ,Tiruchirappa,01:40:00,01:45:00,,18.0,2655.0,FD,Faizabad Jn.,RMM,Rameswaram,OGD_Train_details_22122017,https://data.gov.in/resource/train-details
16794.0,Shraddha Set,MNM,Manamadurai,04:13:00,04:15:00,,19.0,2806.0,FD,Faizabad Jn.,RMM,Rameswaram,OGD_Train_details_22122017,https://data.gov.in/resource/train-details
16794.0,Shraddha Set,RMM,Rameswaram,07:10:00,07:10:00,,20.0,2912.0,FD,Faizabad Jn.,RMM,Rameswaram,OGD_Train_details_22122017,https://data.gov.in/resource/train-details
16853.0,Cholan Exp,MS,Chennai Egmo,08:30:00,08:30:00,,1.0,0.0,MS,Chennai Egmore,TPJ,Tiruchirappalli Jn.,OGD_Train_details_22122017,https://data.gov.in/resource/train-details
16853.0,Cholan Exp,TBM,Tambaram,08:58:00,09:00:00,,2.0,24.0,MS,Chennai Egmore,TPJ,Tiruchirappalli Jn.,OGD_Train_details_22122017,https://data.gov.in/resource/train-details
16853.0,Cholan Exp,CGL,Chengalpattu,09:28:00,09:30:00,,3.0,55.0,MS,Chennai Egmore,TPJ,Tiruchirappalli Jn.,OGD_Train_details_22122017,https://data.gov.in/resource/train-details
16853.0,Cholan Exp,MLMR,Melmaruvathu,09:53:00,09:55:00,,4.0,91.0,MS,Chennai Egmore,TPJ,Tiruchirappalli Jn.,OGD_Train_details_22122017,https://data.gov.in/resource/train-details
16853.0,Cholan Exp,TMV,Tindivanam,10:19:00,10:20:00,,5.0,121.0,MS,Chennai Egmore,TPJ,Tiruchirappalli Jn.,OGD_Train_details_22122017,https://data.gov.in/resource/train-details
16853.0,Cholan Exp,VM,Villupuram J,11:05:00,11:10:00,,6.0,158.0,MS,Chennai Egmore,TPJ,Tiruchirappalli Jn.,OGD_Train_details_22122017,https://data.gov.in/resource/train-details
16853.0,Cholan Exp,PRT,Panruti,11:29:00,11:30:00,,7.0,178.0,MS,Chennai Egmore,TPJ,Tiruchirappalli Jn.,OGD_Train_details_22122017,https://data.gov.in/resource/train-details
16853.0,Cholan Exp,TDPR,Tiruppadirip,11:44:00,11:45:00,,8.0,200.0,MS,Chennai Egmore,TPJ,Tiruchirappalli Jn.,OGD_Train_details_22122017,https://data.gov.in/resource/train-details
16853.0,Cholan Exp,CUPJ,Cuddalore Po,11:52:00,11:53:00,,9.0,204.0,MS,Chennai Egmore,TPJ,Tiruchirappalli Jn.,OGD_Train_details_22122017,https://data.gov.in/resource/train-details
16853.0,Cholan Exp,CDM,Chidambaram,12:24:00,12:25:00,,10.0,243.0,MS,Chennai Egmore,TPJ,Tiruchirappalli Jn.,OGD_Train_details_22122017,https://data.gov.in/resource/train-details
16853.0,Cholan Exp,SY,Sirkazhi,12:39:00,12:40:00,,11.0,260.0,MS,Chennai Egmore,TPJ,Tiruchirappalli Jn.,OGD_Train_details_22122017,https://data.gov.in/resource/train-details
16853.0,Cholan Exp,VDL,Vaithisvaran,12:47:00,12:48:00,,12.0,266.0,MS,Chennai Egmore,TPJ,Tiruchirappalli Jn.,OGD_Train_details_22122017,https://data.gov.in/resource/train-details
16853.0,Cholan Exp,MV,Mayiladutura,13:03:00,13:05:00,,13.0,280.0,MS,Chennai Egmore,TPJ,Tiruchirappalli Jn.,OGD_Train_details_22122017,https://data.gov.in/resource/train-details
16853.0,Cholan Exp,ADT,Aduthurai,13:24:00,13:25:00,,14.0,300.0,MS,Chennai Egmore,TPJ,Tiruchirappalli Jn.,OGD_Train_details_22122017,https://data.gov.in/resource/train-details
16853.0,Cholan Exp,KMU,Kumbakonam,13:48:00,13:50:00,,15.0,311.0,MS,Chennai Egmore,TPJ,Tiruchirappalli Jn.,OGD_Train_details_22122017,https://data.gov.in/resource/train-details
16853.0,Cholan Exp,PML,Papanasam,14:04:00,14:05:00,,16.0,325.0,MS,Chennai Egmore,TPJ,Tiruchirappalli Jn.,OGD_Train_details_22122017,https://data.gov.in/resource/train-details
16853.0,Cholan Exp,TJ,Thanjavur Jn,14:33:00,14:35:00,,17.0,350.0,MS,Chennai Egmore,TPJ,Tiruchirappalli Jn.,OGD_Train_details_22122017,https://data.gov.in/resource/train-details
16853.0,Cholan Exp,BAL,Budalur,14:49:00,14:50:00,,18.0,367.0,MS,Chennai Egmore,TPJ,Tiruchirappalli Jn.,OGD_Train_details_22122017,https://data.gov.in/resource/train-details
16853.0,Cholan Exp,TPJ,Tiruchirappa,16:15:00,16:15:00,,19.0,400.0,MS,Chennai Egmore,TPJ,Tiruchirappalli Jn.,OGD_Train_details_22122017,https://data.gov.in/resource/train-details
16854.0,Cholan Exp,TPJ,Tiruchirappa,10:00:00,10:00:00,,1.0,0.0,TPJ,Tiruchirappalli Jn.,MS,Chennai Egmore,OGD_Train_details_22122017,https://data.gov.in/resource/train-details
16854.0,Cholan Exp,BAL,Budalur,10:29:00,10:30:00,,2.0,32.0,TPJ,Tiruchirappalli Jn.,MS,Chennai Egmore,OGD_Train_details_22122017,https://data.gov.in/resource/train-details
16854.0,Cholan Exp,TJ,Thanjavur Jn,10:43:00,10:45:00,,3.0,49.0,TPJ,Tiruchirappalli Jn.,MS,Chennai Egmore,OGD_Train_details_22122017,https://data.gov.in/resource/train-details
16854.0,Cholan Exp,PML,Papanasam,11:04:00,11:05:00,,4.0,74.0,TPJ,Tiruchirappalli Jn.,MS,Chennai Egmore,OGD_Train_details_22122017,https://data.gov.in/resource/train-details
16854.0,Cholan Exp,KMU,Kumbakonam,11:19:00,11:20:00,,5.0,89.0,TPJ,Tiruchirappalli Jn.,MS,Chennai Egmore,OGD_Train_details_22122017,https://data.gov.in/resource/train-details
16854.0,Cholan Exp,ADT,Aduthurai,11:29:00,11:30:00,,6.0,100.0,TPJ,Tiruchirappalli Jn.,MS,Chennai Egmore,OGD_Train_details_22122017,https://data.gov.in/resource/train-details
16854.0,Cholan Exp,MV,Mayiladutura,11:48:00,11:50:00,,7.0,120.0,TPJ,Tiruchirappalli Jn.,MS,Chennai Egmore,OGD_Train_details_22122017,https://data.gov.in/resource/train-details
16854.0,Cholan Exp,VDL,Vaithisvaran,12:04:00,12:05:00,,8.0,134.0,TPJ,Tiruchirappalli Jn.,MS,Chennai Egmore,OGD_Train_details_22122017,https://data.gov.in/resource/train-details
16854.0,Cholan Exp,SY,Sirkazhi,12:12:00,12:13:00,,9.0,140.0,TPJ,Tiruchirappalli Jn.,MS,Chennai Egmore,OGD_Train_details_22122017,https://data.gov.in/resource/train-details
16854.0,Cholan Exp,CDM,Chidambaram,12:28:00,12:30:00,,10.0,157.0,TPJ,Tiruchirappalli Jn.,MS,Chennai Egmore,OGD_Train_details_22122017,https://data.gov.in/resource/train-details
16854.0,Cholan Exp,CUPJ,Cuddalore Po,13:14:00,13:15:00,,11.0,195.0,TPJ,Tiruchirappalli Jn.,MS,Chennai Egmore,OGD_Train_details_22122017,https://data.gov.in/resource/train-details
16854.0,Cholan Exp,TDPR,Tiruppadirip,13:24:00,13:25:00,,12.0,199.0,TPJ,Tiruchirappalli Jn.,MS,Chennai Egmore,OGD_Train_details_22122017,https://data.gov.in/resource/train-details
16854.0,Cholan Exp,PRT,Panruti,13:44:00,13:45:00,,13.0,222.0,TPJ,Tiruchirappalli Jn.,MS,Chennai Egmore,OGD_Train_details_22122017,https://data.gov.in/resource/train-details
16854.0,Cholan Exp,VM,Villupuram J,14:50:00,14:55:00,,14.0,242.0,TPJ,Tiruchirappalli Jn.,MS,Chennai Egmore,OGD_Train_details_22122017,https://data.gov.in/resource/train-details
16854.0,Cholan Exp,TMV,Tindivanam,15:28:00,15:30:00,,15.0,279.0,TPJ,Tiruchirappalli Jn.,MS,Chennai Egmore,OGD_Train_details_22122017,https://data.gov.in/resource/train-details
16854.0,Cholan Exp,MLMR,Melmaruvathu,15:53:00,15:55:00,,16.0,309.0,TPJ,Tiruchirappalli Jn.,MS,Chennai Egmore,OGD_Train_details_22122017,https://data.gov.in/resource/train-details
16854.0,Cholan Exp,CGL,Chengalpattu,16:28:00,16:30:00,,17.0,344.0,TPJ,Tiruchirappalli Jn.,MS,Chennai Egmore,OGD_Train_details_22122017,https://data.gov.in/resource/train-details
16854.0,Cholan Exp,TBM,Tambaram,16:58:00,17:00:00,,18.0,375.0,TPJ,Tiruchirappalli Jn.,MS,Chennai Egmore,OGD_Train_details_22122017,https://data.gov.in/resource/train-details
16854.0,Cholan Exp,MS,Chennai Egmo,17:50:00,17:50:00,,19.0,400.0,TPJ,Tiruchirappalli Jn.,MS,Chennai Egmore,OGD_Train_details_22122017,https://data.gov.in/resource/train-details
16859.0,Ms-Maq Expre,MS,Chennai Egmo,23:15:00,23:15:00,,1.0,0.0,MS,Chennai Egmore,MAQ,Mangalore Central,OGD_Train_details_22122017,https://data.gov.in/resource/train-details
16859.0,Ms-Maq Expre,MBM,Mambalam,23:25:00,23:27:00,,2.0,7.0,MS,Chennai Egmore,MAQ,Mangalore Central,OGD_Train_details_22122017,https://data.gov.in/resource/train-details
16859.0,Ms-Maq Expre,TBM,Tambaram,23:48:00,23:50:00,,3.0,25.0,MS,Chennai Egmore,MAQ,Mangalore Central,OGD_Train_details_22122017,https://data.gov.in/resource/train-details
16859.0,Ms-Maq Expre,CGL,Chengalpattu,00:18:00,00:20:00,,4.0,55.0,MS,Chennai Egmore,MAQ,Mangalore Central,OGD_Train_details_22122017,https://data.gov.in/resource/train-details
16859.0,Ms-Maq Expre,MLMR,Melmaruvathu,00:43:00,00:45:00,,5.0,91.0,MS,Chennai Egmore,MAQ,Mangalore Central,OGD_Train_details_22122017,https://data.gov.in/resource/train-details
16859.0,Ms-Maq Expre,TMV,Tindivanam,01:08:00,01:10:00,,6.0,121.0,MS,Chennai Egmore,MAQ,Mangalore Central,OGD_Train_details_22122017,https://data.gov.in/resource/train-details
16859.0,Ms-Maq Expre,VM,Villupuram J,01:50:00,01:55:00,,7.0,158.0,MS,Chennai Egmore,MAQ,Mangalore Central,OGD_Train_details_22122017,https://data.gov.in/resource/train-details
16859.0,Ms-Maq Expre,VRI,Vridha Chala,02:40:00,02:42:00,,8.0,213.0,MS,Chennai Egmore,MAQ,Mangalore Central,OGD_Train_details_22122017,https://data.gov.in/resource/train-details
16859.0,Ms-Maq Expre,ALU,Ariyalur,03:09:00,03:10:00,,9.0,266.0,MS,Chennai Egmore,MAQ,Mangalore Central,OGD_Train_details_22122017,https://data.gov.in/resource/train-details
16859.0,Ms-Maq Expre,SRGM,Srirangam,03:49:00,03:50:00,,10.0,324.0,MS,Chennai Egmore,MAQ,Mangalore Central,OGD_Train_details_22122017,https://data.gov.in/resource/train-details
16859.0,Ms-Maq Expre,TPJ,Tiruchirappa,04:45:00,04:55:00,,11.0,336.0,MS,Chennai Egmore,MAQ,Mangalore Central,OGD_Train_details_22122017,https://data.gov.in/resource/train-details
16859.0,Ms-Maq Expre,TP,Tiruchirappa,05:03:00,05:05:00,,12.0,340.0,MS,Chennai Egmore,MAQ,Mangalore Central,OGD_Train_details_22122017,https://data.gov.in/resource/train-details
16859.0,Ms-Maq Expre,KLT,Kulitalai,05:33:00,05:35:00,,13.0,373.0,MS,Chennai Egmore,MAQ,Mangalore Central,OGD_Train_details_22122017,https://data.gov.in/resource/train-details
16859.0,Ms-Maq Expre,KRR,Karur Jn.,06:17:00,06:20:00,,14.0,412.0,MS,Chennai Egmore,MAQ,Mangalore Central,OGD_Train_details_22122017,https://data.gov.in/resource/train-details
16859.0,Ms-Maq Expre,MPLM,Murthipalaya,06:39:00,06:40:00,,15.0,422.0,MS,Chennai Egmore,MAQ,Mangalore Central,OGD_Train_details_22122017,https://data.gov.in/resource/train-details
16859.0,Ms-Maq Expre,PGR,Pugalur,06:49:00,06:50:00,,16.0,427.0,MS,Chennai Egmore,MAQ,Mangalore Central,OGD_Train_details_22122017,https://data.gov.in/resource/train-details
16859.0,Ms-Maq Expre,KMD,Kodumudi,07:04:00,07:05:00,,17.0,439.0,MS,Chennai Egmore,MAQ,Mangalore Central,OGD_Train_details_22122017,https://data.gov.in/resource/train-details
16859.0,Ms-Maq Expre,URL,Unjalur,07:14:00,07:15:00,,18.0,445.0,MS,Chennai Egmore,MAQ,Mangalore Central,OGD_Train_details_22122017,https://data.gov.in/resource/train-details
16859.0,Ms-Maq Expre,ED,Erode Jn.,08:25:00,08:35:00,,19.0,477.0,MS,Chennai Egmore,MAQ,Mangalore Central,OGD_Train_details_22122017,https://data.gov.in/resource/train-details
16859.0,Ms-Maq Expre,UKL,Uttukuli,09:09:00,09:10:00,,20.0,514.0,MS,Chennai Egmore,MAQ,Mangalore Central,OGD_Train_details_22122017,https://data.gov.in/resource/train-details
16859.0,Ms-Maq Expre,TUP,Tiruppur,09:25:00,09:30:00,,21.0,527.0,MS,Chennai Egmore,MAQ,Mangalore Central,OGD_Train_details_22122017,https://data.gov.in/resource/train-details
16859.0,Ms-Maq Expre,PLMD,Pilamedu,10:09:00,10:10:00,,22.0,568.0,MS,Chennai Egmore,MAQ,Mangalore Central,OGD_Train_details_22122017,https://data.gov.in/resource/train-details
16859.0,Ms-Maq Expre,CBF,Coimbatore N,10:18:00,10:20:00,,23.0,575.0,MS,Chennai Egmore,MAQ,Mangalore Central,OGD_Train_details_22122017,https://data.gov.in/resource/train-details
16859.0,Ms-Maq Expre,CBE,Coimbatore,10:30:00,10:35:00,,24.0,577.0,MS,Chennai Egmore,MAQ,Mangalore Central,OGD_Train_details_22122017,https://data.gov.in/resource/train-details
16859.0,Ms-Maq Expre,PTJ,Podanur Jn.,11:38:00,11:40:00,,25.0,583.0,MS,Chennai Egmore,MAQ,Mangalore Central,OGD_Train_details_22122017,https://data.gov.in/resource/train-details
16859.0,Ms-Maq Expre,PGT,Palakkad Jn,12:40:00,12:45:00,,26.0,632.0,MS,Chennai Egmore,MAQ,Mangalore Central,OGD_Train_details_22122017,https://data.gov.in/resource/train-details
16859.0,Ms-Maq Expre,OTP,Ottappalam,13:18:00,13:20:00,,27.0,663.0,MS,Chennai Egmore,MAQ,Mangalore Central,OGD_Train_details_22122017,https://data.gov.in/resource/train-details
16859.0,Ms-Maq Expre,SRR,Shoranur Jn.,14:05:00,14:10:00,,28.0,676.0,MS,Chennai Egmore,MAQ,Mangalore Central,OGD_Train_details_22122017,https://data.gov.in/resource/train-details
16859.0,Ms-Maq Expre,PTB,Pattambi,14:23:00,14:25:00,,29.0,687.0,MS,Chennai Egmore,MAQ,Mangalore Central,OGD_Train_details_22122017,https://data.gov.in/resource/train-details
16859.0,Ms-Maq Expre,KTU,Kuttippuram,14:38:00,14:40:00,,30.0,706.0,MS,Chennai Egmore,MAQ,Mangalore Central,OGD_Train_details_22122017,https://data.gov.in/resource/train-details
16859.0,Ms-Maq Expre,TIR,Tirur,14:58:00,15:00:00,,31.0,721.0,MS,Chennai Egmore,MAQ,Mangalore Central,OGD_Train_details_22122017,https://data.gov.in/resource/train-details
16859.0,Ms-Maq Expre,TA,Tanur,15:08:00,15:10:00,,32.0,729.0,MS,Chennai Egmore,MAQ,Mangalore Central,OGD_Train_details_22122017,https://data.gov.in/resource/train-details
16859.0,Ms-Maq Expre,PGI,Parpanangadi,15:23:00,15:25:00,,33.0,737.0,MS,Chennai Egmore,MAQ,Mangalore Central,OGD_Train_details_22122017,https://data.gov.in/resource/train-details
16859.0,Ms-Maq Expre,KN,Kadalundi,15:33:00,15:35:00,,34.0,747.0,MS,Chennai Egmore,MAQ,Mangalore Central,OGD_Train_details_22122017,https://data.gov.in/resource/train-details
16859.0,Ms-Maq Expre,FK,Ferok,15:43:00,15:45:00,,35.0,752.0,MS,Chennai Egmore,MAQ,Mangalore Central,OGD_Train_details_22122017,https://data.gov.in/resource/train-details
16859.0,Ms-Maq Expre,CLT,Calicut,16:50:00,17:00:00,,36.0,762.0,MS,Chennai Egmore,MAQ,Mangalore Central,OGD_Train_details_22122017,https://data.gov.in/resource/train-details
16859.0,Ms-Maq Expre,QLD,Quilandi,17:18:00,17:20:00,,37.0,786.0,MS,Chennai Egmore,MAQ,Mangalore Central,OGD_Train_details_22122017,https://data.gov.in/resource/train-details
16859.0,Ms-Maq Expre,BDJ,Vadakara,17:33:00,17:35:00,,38.0,808.0,MS,Chennai Egmore,MAQ,Mangalore Central,OGD_Train_details_22122017,https://data.gov.in/resource/train-details
16859.0,Ms-Maq Expre,MAHE,Mahe,17:43:00,17:45:00,,39.0,821.0,MS,Chennai Egmore,MAQ,Mangalore Central,OGD_Train_details_22122017,https://data.gov.in/resource/train-details
16859.0,Ms-Maq Expre,TLY,Thalassery,17:58:00,18:00:00,,40.0,830.0,MS,Chennai Egmore,MAQ,Mangalore Central,OGD_Train_details_22122017,https://data.gov.in/resource/train-details
16859.0,Ms-Maq Expre,CAN,Kannur,18:30:00,18:35:00,,41.0,851.0,MS,Chennai Egmore,MAQ,Mangalore Central,OGD_Train_details_22122017,https://data.gov.in/resource/train-details
16859.0,Ms-Maq Expre,KPQ,Kannapuram,18:49:00,18:50:00,,42.0,865.0,MS,Chennai Egmore,MAQ,Mangalore Central,OGD_Train_details_22122017,https://data.gov.in/resource/train-details
16859.0,Ms-Maq Expre,PAZ,Payangadi,18:59:00,19:00:00,,43.0,873.0,MS,Chennai Egmore,MAQ,Mangalore Central,OGD_Train_details_22122017,https://data.gov.in/resource/train-details
16859.0,Ms-Maq Expre,PAY,Payyanur,19:14:00,19:15:00,,44.0,885.0,MS,Chennai Egmore,MAQ,Mangalore Central,OGD_Train_details_22122017,https://data.gov.in/resource/train-details
16859.0,Ms-Maq Expre,CHV,Chervattur,19:29:00,19:30:00,,45.0,899.0,MS,Chennai Egmore,MAQ,Mangalore Central,OGD_Train_details_22122017,https://data.gov.in/resource/train-details
16859.0,Ms-Maq Expre,NLE,Nileshwar,19:38:00,19:40:00,,46.0,904.0,MS,Chennai Egmore,MAQ,Mangalore Central,OGD_Train_details_22122017,https://data.gov.in/resource/train-details
16859.0,Ms-Maq Expre,KZE,Kanhangad,19:49:00,19:50:00,,47.0,914.0,MS,Chennai Egmore,MAQ,Mangalore Central,OGD_Train_details_22122017,https://data.gov.in/resource/train-details
16859.0,Ms-Maq Expre,KQK,Kottikulam,19:59:00,20:00:00,,48.0,927.0,MS,Chennai Egmore,MAQ,Mangalore Central,OGD_Train_details_22122017,https://data.gov.in/resource/train-details
16859.0,Ms-Maq Expre,KGQ,Kasaragod,20:08:00,20:10:00,,49.0,937.0,MS,Chennai Egmore,MAQ,Mangalore Central,OGD_Train_details_22122017,https://data.gov.in/resource/train-details
16859.0,Ms-Maq Expre,KMQ,Kumbla,20:19:00,20:20:00,,50.0,949.0,MS,Chennai Egmore,MAQ,Mangalore Central,OGD_Train_details_22122017,https://data.gov.in/resource/train-details
16859.0,Ms-Maq Expre,MJS,Manjeshwar,20:38:00,20:40:00,,51.0,966.0,MS,Chennai Egmore,MAQ,Mangalore Central,OGD_Train_details_22122017,https://data.gov.in/resource/train-details
16859.0,Ms-Maq Expre,MAQ,Mangalore Ce,21:45:00,21:45:00,,52.0,983.0,MS,Chennai Egmore,MAQ,Mangalore Central,OGD_Train_details_22122017,https://data.gov.in/resource/train-details
16860.0,Maq Ms Exp,MAQ,Mangalore Ce,06:55:00,06:55:00,,1.0,0.0,MAQ,Mangalore Central,MS,Chennai Egmore,OGD_Train_details_22122017,https://data.gov.in/resource/train-details
16860.0,Maq Ms Exp,MJS,Manjeshwar,07:16:00,07:17:00,,2.0,16.0,MAQ,Mangalore Central,MS,Chennai Egmore,OGD_Train_details_22122017,https://data.gov.in/resource/train-details
16860.0,Maq Ms Exp,KMQ,Kumbla,07:31:00,07:32:00,,3.0,33.0,MAQ,Mangalore Central,MS,Chennai Egmore,OGD_Train_details_22122017,https://data.gov.in/resource/train-details
16860.0,Maq Ms Exp,KGQ,Kasaragod,07:43:00,07:45:00,,4.0,45.0,MAQ,Mangalore Central,MS,Chennai Egmore,OGD_Train_details_22122017,https://data.gov.in/resource/train-details
16860.0,Maq Ms Exp,KQK,Kottikulam,07:54:00,07:55:00,,5.0,55.0,MAQ,Mangalore Central,MS,Chennai Egmore,OGD_Train_details_22122017,https://data.gov.in/resource/train-details
16860.0,Maq Ms Exp,KZE,Kanhangad,08:08:00,08:10:00,,6.0,68.0,MAQ,Mangalore Central,MS,Chennai Egmore,OGD_Train_details_22122017,https://data.gov.in/resource/train-details
16860.0,Maq Ms Exp,NLE,Nileshwar,08:18:00,08:20:00,,7.0,78.0,MAQ,Mangalore Central,MS,Chennai Egmore,OGD_Train_details_22122017,https://data.gov.in/resource/train-details
16860.0,Maq Ms Exp,CHV,Chervattur,08:28:00,08:30:00,,8.0,83.0,MAQ,Mangalore Central,MS,Chennai Egmore,OGD_Train_details_22122017,https://data.gov.in/resource/train-details
16860.0,Maq Ms Exp,PAY,Payyanur,08:38:00,08:40:00,,9.0,97.0,MAQ,Mangalore Central,MS,Chennai Egmore,OGD_Train_details_22122017,https://data.gov.in/resource/train-details
16860.0,Maq Ms Exp,PAZ,Payangadi,08:48:00,08:50:00,,10.0,109.0,MAQ,Mangalore Central,MS,Chennai Egmore,OGD_Train_details_22122017,https://data.gov.in/resource/train-details
16860.0,Maq Ms Exp,KPQ,Kannapuram,08:58:00,09:00:00,,11.0,117.0,MAQ,Mangalore Central,MS,Chennai Egmore,OGD_Train_details_22122017,https://data.gov.in/resource/train-details
16860.0,Maq Ms Exp,CAN,Kannur,09:25:00,09:30:00,,12.0,131.0,MAQ,Mangalore Central,MS,Chennai Egmore,OGD_Train_details_22122017,https://data.gov.in/resource/train-details
16860.0,Maq Ms Exp,TLY,Thalassery,09:48:00,09:50:00,,13.0,152.0,MAQ,Mangalore Central,MS,Chennai Egmore,OGD_Train_details_22122017,https://data.gov.in/resource/train-details
16860.0,Maq Ms Exp,MAHE,Mahe,09:58:00,10:00:00,,14.0,161.0,MAQ,Mangalore Central,MS,Chennai Egmore,OGD_Train_details_22122017,https://data.gov.in/resource/train-details
16860.0,Maq Ms Exp,BDJ,Vadakara,10:08:00,10:10:00,,15.0,174.0,MAQ,Mangalore Central,MS,Chennai Egmore,OGD_Train_details_22122017,https://data.gov.in/resource/train-details
16860.0,Maq Ms Exp,QLD,Quilandi,10:28:00,10:30:00,,16.0,196.0,MAQ,Mangalore Central,MS,Chennai Egmore,OGD_Train_details_22122017,https://data.gov.in/resource/train-details
16860.0,Maq Ms Exp,CLT,Calicut,10:55:00,11:00:00,,17.0,220.0,MAQ,Mangalore Central,MS,Chennai Egmore,OGD_Train_details_22122017,https://data.gov.in/resource/train-details
16860.0,Maq Ms Exp,FK,Ferok,11:14:00,11:15:00,,18.0,230.0,MAQ,Mangalore Central,MS,Chennai Egmore,OGD_Train_details_22122017,https://data.gov.in/resource/train-details
16860.0,Maq Ms Exp,KN,Kadalundi,11:22:00,11:23:00,,19.0,235.0,MAQ,Mangalore Central,MS,Chennai Egmore,OGD_Train_details_22122017,https://data.gov.in/resource/train-details
16860.0,Maq Ms Exp,PGI,Parpanangadi,11:33:00,11:35:00,,20.0,245.0,MAQ,Mangalore Central,MS,Chennai Egmore,OGD_Train_details_22122017,https://data.gov.in/resource/train-details
16860.0,Maq Ms Exp,TA,Tanur,11:44:00,11:45:00,,21.0,253.0,MAQ,Mangalore Central,MS,Chennai Egmore,OGD_Train_details_22122017,https://data.gov.in/resource/train-details
16860.0,Maq Ms Exp,TIR,Tirur,11:53:00,11:55:00,,22.0,261.0,MAQ,Mangalore Central,MS,Chennai Egmore,OGD_Train_details_22122017,https://data.gov.in/resource/train-details
16860.0,Maq Ms Exp,KTU,Kuttippuram,12:08:00,12:10:00,,23.0,276.0,MAQ,Mangalore Central,MS,Chennai Egmore,OGD_Train_details_22122017,https://data.gov.in/resource/train-details
16860.0,Maq Ms Exp,PTB,Pattambi,12:28:00,12:30:00,,24.0,295.0,MAQ,Mangalore Central,MS,Chennai Egmore,OGD_Train_details_22122017,https://data.gov.in/resource/train-details
16860.0,Maq Ms Exp,SRR,Shoranur Jn.,12:50:00,12:55:00,,25.0,306.0,MAQ,Mangalore Central,MS,Chennai Egmore,OGD_Train_details_22122017,https://data.gov.in/resource/train-details
16860.0,Maq Ms Exp,OTP,Ottappalam,13:13:00,13:15:00,,26.0,319.0,MAQ,Mangalore Central,MS,Chennai Egmore,OGD_Train_details_22122017,https://data.gov.in/resource/train-details
16860.0,Maq Ms Exp,PGT,Palakkad Jn,13:40:00,13:45:00,,27.0,350.0,MAQ,Mangalore Central,MS,Chennai Egmore,OGD_Train_details_22122017,https://data.gov.in/resource/train-details
16860.0,Maq Ms Exp,PTJ,Podanur Jn.,15:24:00,15:25:00,,28.0,398.0,MAQ,Mangalore Central,MS,Chennai Egmore,OGD_Train_details_22122017,https://data.gov.in/resource/train-details
16860.0,Maq Ms Exp,CBE,Coimbatore,15:37:00,15:40:00,,29.0,404.0,MAQ,Mangalore Central,MS,Chennai Egmore,OGD_Train_details_22122017,https://data.gov.in/resource/train-details
16860.0,Maq Ms Exp,CBF,Coimbatore N,15:49:00,15:50:00,,30.0,407.0,MAQ,Mangalore Central,MS,Chennai Egmore,OGD_Train_details_22122017,https://data.gov.in/resource/train-details
16860.0,Maq Ms Exp,PLMD,Pilamedu,15:59:00,16:00:00,,31.0,414.0,MAQ,Mangalore Central,MS,Chennai Egmore,OGD_Train_details_22122017,https://data.gov.in/resource/train-details
16860.0,Maq Ms Exp,TUP,Tiruppur,16:28:00,16:30:00,,32.0,455.0,MAQ,Mangalore Central,MS,Chennai Egmore,OGD_Train_details_22122017,https://data.gov.in/resource/train-details
16860.0,Maq Ms Exp,UKL,Uttukuli,16:44:00,16:45:00,,33.0,468.0,MAQ,Mangalore Central,MS,Chennai Egmore,OGD_Train_details_22122017,https://data.gov.in/resource/train-details
16860.0,Maq Ms Exp,ED,Erode Jn.,17:45:00,17:55:00,,34.0,505.0,MAQ,Mangalore Central,MS,Chennai Egmore,OGD_Train_details_22122017,https://data.gov.in/resource/train-details
16860.0,Maq Ms Exp,URL,Unjalur,18:34:00,18:35:00,,35.0,537.0,MAQ,Mangalore Central,MS,Chennai Egmore,OGD_Train_details_22122017,https://data.gov.in/resource/train-details
16860.0,Maq Ms Exp,KMD,Kodumudi,18:44:00,18:45:00,,36.0,543.0,MAQ,Mangalore Central,MS,Chennai Egmore,OGD_Train_details_22122017,https://data.gov.in/resource/train-details
16860.0,Maq Ms Exp,PGR,Pugalur,18:59:00,19:00:00,,37.0,555.0,MAQ,Mangalore Central,MS,Chennai Egmore,OGD_Train_details_22122017,https://data.gov.in/resource/train-details
16860.0,Maq Ms Exp,MPLM,Murthipalaya,19:14:00,19:15:00,,38.0,560.0,MAQ,Mangalore Central,MS,Chennai Egmore,OGD_Train_details_22122017,https://data.gov.in/resource/train-details
16860.0,Maq Ms Exp,KRR,Karur Jn.,19:57:00,20:00:00,,39.0,570.0,MAQ,Mangalore Central,MS,Chennai Egmore,OGD_Train_details_22122017,https://data.gov.in/resource/train-details
16860.0,Maq Ms Exp,MMH,Mahadanapura,20:22:00,20:23:00,,40.0,595.0,MAQ,Mangalore Central,MS,Chennai Egmore,OGD_Train_details_22122017,https://data.gov.in/resource/train-details
16860.0,Maq Ms Exp,KLT,Kulitalai,20:39:00,20:40:00,,41.0,609.0,MAQ,Mangalore Central,MS,Chennai Egmore,OGD_Train_details_22122017,https://data.gov.in/resource/train-details
16860.0,Maq Ms Exp,TP,Tiruchirappa,21:24:00,21:25:00,,42.0,642.0,MAQ,Mangalore Central,MS,Chennai Egmore,OGD_Train_details_22122017,https://data.gov.in/resource/train-details
16860.0,Maq Ms Exp,TPJ,Tiruchirappa,21:50:00,22:00:00,,43.0,646.0,MAQ,Mangalore Central,MS,Chennai Egmore,OGD_Train_details_22122017,https://data.gov.in/resource/train-details
16860.0,Maq Ms Exp,SRGM,Srirangam,22:18:00,22:20:00,,44.0,658.0,MAQ,Mangalore Central,MS,Chennai Egmore,OGD_Train_details_22122017,https://data.gov.in/resource/train-details
16860.0,Maq Ms Exp,ALU,Ariyalur,23:09:00,23:10:00,,45.0,716.0,MAQ,Mangalore Central,MS,Chennai Egmore,OGD_Train_details_22122017,https://data.gov.in/resource/train-details
16860.0,Maq Ms Exp,VRI,Vridha Chala,00:13:00,00:15:00,,46.0,769.0,MAQ,Mangalore Central,MS,Chennai Egmore,OGD_Train_details_22122017,https://data.gov.in/resource/train-details
16860.0,Maq Ms Exp,VM,Villupuram J,01:00:00,01:10:00,,47.0,823.0,MAQ,Mangalore Central,MS,Chennai Egmore,OGD_Train_details_22122017,https://data.gov.in/resource/train-details
16860.0,Maq Ms Exp,TMV,Tindivanam,01:44:00,01:45:00,,48.0,861.0,MAQ,Mangalore Central,MS,Chennai Egmore,OGD_Train_details_22122017,https://data.gov.in/resource/train-details
16860.0,Maq Ms Exp,MLMR,Melmaruvathu,02:08:00,02:10:00,,49.0,891.0,MAQ,Mangalore Central,MS,Chennai Egmore,OGD_Train_details_22122017,https://data.gov.in/resource/train-details
16860.0,Maq Ms Exp,CGL,Chengalpattu,02:43:00,02:45:00,,50.0,926.0,MAQ,Mangalore Central,MS,Chennai Egmore,OGD_Train_details_22122017,https://data.gov.in/resource/train-details
16860.0,Maq Ms Exp,TBM,Tambaram,03:14:00,03:15:00,,51.0,957.0,MAQ,Mangalore Central,MS,Chennai Egmore,OGD_Train_details_22122017,https://data.gov.in/resource/train-details
16860.0,Maq Ms Exp,MBM,Mambalam,03:34:00,03:35:00,,52.0,975.0,MAQ,Mangalore Central,MS,Chennai Egmore,OGD_Train_details_22122017,https://data.gov.in/resource/train-details
16860.0,Maq Ms Exp,MS,Chennai Egmo,04:15:00,04:15:00,,53.0,982.0,MAQ,Mangalore Central,MS,Chennai Egmore,OGD_Train_details_22122017,https://data.gov.in/resource/train-details
18495.0,Rmm-Bbs Week,RMM,Rameswaram,08:30:00,08:30:00,,1.0,0.0,RMM,Rameswaram,BBS,Bhubaneswar,OGD_Train_details_22122017,https://data.gov.in/resource/train-details
18495.0,Rmm-Bbs Week,RMD,Ramanathapur,08:59:00,09:30:00,,2.0,46.0,RMM,Rameswaram,BBS,Bhubaneswar,OGD_Train_details_22122017,https://data.gov.in/resource/train-details
18495.0,Rmm-Bbs Week,PMK,Paramakkudi,09:59:00,10:00:00,,3.0,82.0,RMM,Rameswaram,BBS,Bhubaneswar,OGD_Train_details_22122017,https://data.gov.in/resource/train-details
18495.0,Rmm-Bbs Week,MNM,Manamadurai,10:23:00,10:25:00,,4.0,106.0,RMM,Rameswaram,BBS,Bhubaneswar,OGD_Train_details_22122017,https://data.gov.in/resource/train-details
18495.0,Rmm-Bbs Week,SVGA,Sivaganga,10:44:00,10:45:00,,5.0,126.0,RMM,Rameswaram,BBS,Bhubaneswar,OGD_Train_details_22122017,https://data.gov.in/resource/train-details
18495.0,Rmm-Bbs Week,DKO,Devakottai R,11:09:00,11:10:00,,6.0,162.0,RMM,Rameswaram,BBS,Bhubaneswar,OGD_Train_details_22122017,https://data.gov.in/resource/train-details
18495.0,Rmm-Bbs Week,KKDI,Karaikkudi,11:33:00,11:35:00,,7.0,167.0,RMM,Rameswaram,BBS,Bhubaneswar,OGD_Train_details_22122017,https://data.gov.in/resource/train-details
18495.0,Rmm-Bbs Week,PDKT,Pudukkottai,12:03:00,12:04:00,,8.0,203.0,RMM,Rameswaram,BBS,Bhubaneswar,OGD_Train_details_22122017,https://data.gov.in/resource/train-details
18495.0,Rmm-Bbs Week,TPJ,Tiruchirappa,13:25:00,13:30:00,,9.0,256.0,RMM,Rameswaram,BBS,Bhubaneswar,OGD_Train_details_22122017,https://data.gov.in/resource/train-details
18495.0,Rmm-Bbs Week,TJ,Thanjavur Jn,14:13:00,14:15:00,,10.0,306.0,RMM,Rameswaram,BBS,Bhubaneswar,OGD_Train_details_22122017,https://data.gov.in/resource/train-details
18495.0,Rmm-Bbs Week,KMU,Kumbakonam,14:53:00,14:55:00,,11.0,345.0,RMM,Rameswaram,BBS,Bhubaneswar,OGD_Train_details_22122017,https://data.gov.in/resource/train-details
18495.0,Rmm-Bbs Week,MV,Mayiladutura,15:38:00,15:40:00,,12.0,376.0,RMM,Rameswaram,BBS,Bhubaneswar,OGD_Train_details_22122017,https://data.gov.in/resource/train-details
18495.0,Rmm-Bbs Week,SY,Sirkazhi,16:01:00,16:02:00,,13.0,396.0,RMM,Rameswaram,BBS,Bhubaneswar,OGD_Train_details_22122017,https://data.gov.in/resource/train-details
18495.0,Rmm-Bbs Week,TDPR,Tiruppadirip,17:08:00,17:10:00,,14.0,456.0,RMM,Rameswaram,BBS,Bhubaneswar,OGD_Train_details_22122017,https://data.gov.in/resource/train-details
18495.0,Rmm-Bbs Week,VM,Villupuram J,19:00:00,19:15:00,,15.0,498.0,RMM,Rameswaram,BBS,Bhubaneswar,OGD_Train_details_22122017,https://data.gov.in/resource/train-details
18495.0,Rmm-Bbs Week,MS,Chennai Egmo,22:05:00,22:30:00,,16.0,657.0,RMM,Rameswaram,BBS,Bhubaneswar,OGD_Train_details_22122017,https://data.gov.in/resource/train-details
18495.0,Rmm-Bbs Week,GDR,Gudur Jn.,01:15:00,01:17:00,,17.0,799.0,RMM,Rameswaram,BBS,Bhubaneswar,OGD_Train_details_22122017,https://data.gov.in/resource/train-details
18495.0,Rmm-Bbs Week,NLR,Nellore,01:42:00,01:43:00,,18.0,837.0,RMM,Rameswaram,BBS,Bhubaneswar,OGD_Train_details_22122017,https://data.gov.in/resource/train-details
18495.0,Rmm-Bbs Week,BZA,Vijaywada Jn,05:30:00,05:40:00,,19.0,1091.0,RMM,Rameswaram,BBS,Bhubaneswar,OGD_Train_details_22122017,https://data.gov.in/resource/train-details
18495.0,Rmm-Bbs Week,DVD,Duvvada,11:10:00,11:12:00,,20.0,1424.0,RMM,Rameswaram,BBS,Bhubaneswar,OGD_Train_details_22122017,https://data.gov.in/resource/train-details
18495.0,Rmm-Bbs Week,VSKP,Visakhapatna,11:40:00,12:00:00,,21.0,1442.0,RMM,Rameswaram,BBS,Bhubaneswar,OGD_Train_details_22122017,https://data.gov.in/resource/train-details
18495.0,Rmm-Bbs Week,VZM,Vizianagaram,12:55:00,12:57:00,,22.0,1502.0,RMM,Rameswaram,BBS,Bhubaneswar,OGD_Train_details_22122017,https://data.gov.in/resource/train-details
18495.0,Rmm-Bbs Week,BAM,Berhampur,15:51:00,15:53:00,,23.0,1718.0,RMM,Rameswaram,BBS,Bhubaneswar,OGD_Train_details_22122017,https://data.gov.in/resource/train-details
18495.0,Rmm-Bbs Week,KUR,Khurda Road,18:10:00,18:15:00,,24.0,1865.0,RMM,Rameswaram,BBS,Bhubaneswar,OGD_Train_details_22122017,https://data.gov.in/resource/train-details
18495.0,Rmm-Bbs Week,BBS,Bhubaneswar,18:40:00,18:40:00,,25.0,1884.0,RMM,Rameswaram,BBS,Bhubaneswar,OGD_Train_details_22122017,https://data.gov.in/resource/train-details
18496.0,Bbs-Rmm Week,BBS,Bhubaneswar,12:00:00,12:00:00,,1.0,0.0,BBS,Bhubaneswar,RMM,Rameswaram,OGD_Train_details_22122017,https://data.gov.in/resource/train-details
18496.0,Bbs-Rmm Week,KUR,Khurda Road,12:20:00,12:25:00,,2.0,18.0,BBS,Bhubaneswar,RMM,Rameswaram,OGD_Train_details_22122017,https://data.gov.in/resource/train-details
18496.0,Bbs-Rmm Week,BAM,Berhampur,14:10:00,14:15:00,,3.0,165.0,BBS,Bhubaneswar,RMM,Rameswaram,OGD_Train_details_22122017,https://data.gov.in/resource/train-details
18496.0,Bbs-Rmm Week,VZM,Vizianagaram,17:35:00,17:40:00,,4.0,381.0,BBS,Bhubaneswar,RMM,Rameswaram,OGD_Train_details_22122017,https://data.gov.in/resource/train-details
18496.0,Bbs-Rmm Week,VSKP,Visakhapatna,18:45:00,19:05:00,,5.0,442.0,BBS,Bhubaneswar,RMM,Rameswaram,OGD_Train_details_22122017,https://data.gov.in/resource/train-details
18496.0,Bbs-Rmm Week,DVD,Duvvada,19:35:00,19:37:00,,6.0,460.0,BBS,Bhubaneswar,RMM,Rameswaram,OGD_Train_details_22122017,https://data.gov.in/resource/train-details
18496.0,Bbs-Rmm Week,BZA,Vijaywada Jn,01:10:00,01:20:00,,7.0,792.0,BBS,Bhubaneswar,RMM,Rameswaram,OGD_Train_details_22122017,https://data.gov.in/resource/train-details
18496.0,Bbs-Rmm Week,NLR,Nellore,04:29:00,04:30:00,,8.0,1047.0,BBS,Bhubaneswar,RMM,Rameswaram,OGD_Train_details_22122017,https://data.gov.in/resource/train-details
18496.0,Bbs-Rmm Week,GDR,Gudur Jn.,05:50:00,05:55:00,,9.0,1085.0,BBS,Bhubaneswar,RMM,Rameswaram,OGD_Train_details_22122017,https://data.gov.in/resource/train-details
18496.0,Bbs-Rmm Week,MS,Chennai Egmo,08:35:00,08:50:00,,10.0,1227.0,BBS,Bhubaneswar,RMM,Rameswaram,OGD_Train_details_22122017,https://data.gov.in/resource/train-details
18496.0,Bbs-Rmm Week,VM,Villupuram J,11:10:00,11:20:00,,11.0,1385.0,BBS,Bhubaneswar,RMM,Rameswaram,OGD_Train_details_22122017,https://data.gov.in/resource/train-details
18496.0,Bbs-Rmm Week,TDPR,Tiruppadirip,11:58:00,12:00:00,,12.0,1428.0,BBS,Bhubaneswar,RMM,Rameswaram,OGD_Train_details_22122017,https://data.gov.in/resource/train-details
18496.0,Bbs-Rmm Week,SY,Sirkazhi,13:04:00,13:05:00,,13.0,1487.0,BBS,Bhubaneswar,RMM,Rameswaram,OGD_Train_details_22122017,https://data.gov.in/resource/train-details
18496.0,Bbs-Rmm Week,MV,Mayiladutura,13:28:00,13:30:00,,14.0,1507.0,BBS,Bhubaneswar,RMM,Rameswaram,OGD_Train_details_22122017,https://data.gov.in/resource/train-details
18496.0,Bbs-Rmm Week,KMU,Kumbakonam,14:08:00,14:10:00,,15.0,1538.0,BBS,Bhubaneswar,RMM,Rameswaram,OGD_Train_details_22122017,https://data.gov.in/resource/train-details
18496.0,Bbs-Rmm Week,TJ,Thanjavur Jn,14:43:00,14:45:00,,16.0,1577.0,BBS,Bhubaneswar,RMM,Rameswaram,OGD_Train_details_22122017,https://data.gov.in/resource/train-details
18496.0,Bbs-Rmm Week,TPJ,Tiruchirappa,16:25:00,16:30:00,,17.0,1627.0,BBS,Bhubaneswar,RMM,Rameswaram,OGD_Train_details_22122017,https://data.gov.in/resource/train-details
18496.0,Bbs-Rmm Week,PDKT,Pudukkottai,17:04:00,17:05:00,,18.0,1680.0,BBS,Bhubaneswar,RMM,Rameswaram,OGD_Train_details_22122017,https://data.gov.in/resource/train-details
18496.0,Bbs-Rmm Week,KKDI,Karaikkudi,18:08:00,18:10:00,,19.0,1716.0,BBS,Bhubaneswar,RMM,Rameswaram,OGD_Train_details_22122017,https://data.gov.in/resource/train-details
18496.0,Bbs-Rmm Week,DKO,Devakottai R,18:15:00,18:16:00,,20.0,1721.0,BBS,Bhubaneswar,RMM,Rameswaram,OGD_Train_details_22122017,https://data.gov.in/resource/train-details
18496.0,Bbs-Rmm Week,SVGA,Sivaganga,18:48:00,18:50:00,,21.0,1757.0,BBS,Bhubaneswar,RMM,Rameswaram,OGD_Train_details_22122017,https://data.gov.in/resource/train-details
18496.0,Bbs-Rmm Week,MNM,Manamadurai,19:30:00,19:35:00,,22.0,1778.0,BBS,Bhubaneswar,RMM,Rameswaram,OGD_Train_details_22122017,https://data.gov.in/resource/train-details
18496.0,Bbs-Rmm Week,PMK,Paramakkudi,19:54:00,19:55:00,,23.0,1802.0,BBS,Bhubaneswar,RMM,Rameswaram,OGD_Train_details_22122017,https://data.gov.in/resource/train-details
18496.0,Bbs-Rmm Week,RMD,Ramanathapur,20:24:00,20:25:00,,24.0,1837.0,BBS,Bhubaneswar,RMM,Rameswaram,OGD_Train_details_22122017,https://data.gov.in/resource/train-details
18496.0,Bbs-Rmm Week,RMM,Rameswaram,23:00:00,23:00:00,,25.0,1884.0,BBS,Bhubaneswar,RMM,Rameswaram,OGD_Train_details_22122017,https://data.gov.in/resource/train-details
20601.0,Mas-Mdu Week,MAS,Chennai Cent,22:30:00,22:30:00,,1.0,0.0,MAS,Chennai Central,MDU,Madurai Jn,OGD_Train_details_22122017,https://data.gov.in/resource/train-details
20601.0,Mas-Mdu Week,KPD,Katpadi Jn,00:03:00,00:05:00,,2.0,135.0,MAS,Chennai Central,MDU,Madurai Jn,OGD_Train_details_22122017,https://data.gov.in/resource/train-details
20601.0,Mas-Mdu Week,SA,Salem Jn.,02:55:00,03:05:00,,3.0,338.0,MAS,Chennai Central,MDU,Madurai Jn,OGD_Train_details_22122017,https://data.gov.in/resource/train-details
20601.0,Mas-Mdu Week,KRR,Karur Jn.,04:38:00,04:40:00,,4.0,422.0,MAS,Chennai Central,MDU,Madurai Jn,OGD_Train_details_22122017,https://data.gov.in/resource/train-details
20601.0,Mas-Mdu Week,DG,Dindigul Jn,06:03:00,06:05:00,,5.0,496.0,MAS,Chennai Central,MDU,Madurai Jn,OGD_Train_details_22122017,https://data.gov.in/resource/train-details
20601.0,Mas-Mdu Week,MDU,Madurai Jn,07:20:00,07:20:00,,6.0,558.0,MAS,Chennai Central,MDU,Madurai Jn,OGD_Train_details_22122017,https://data.gov.in/resource/train-details
20602.0,Mdu-Mas Week,MDU,Madurai Jn,22:45:00,22:45:00,,1.0,0.0,MDU,Madurai Jn,MAS,Chennai Central,OGD_Train_details_22122017,https://data.gov.in/resource/train-details
20602.0,Mdu-Mas Week,DG,Dindigul Jn,23:43:00,23:45:00,,2.0,62.0,MDU,Madurai Jn,MAS,Chennai Central,OGD_Train_details_22122017,https://data.gov.in/resource/train-details
20602.0,Mdu-Mas Week,KRR,Karur Jn.,00:45:00,00:50:00,,3.0,136.0,MDU,Madurai Jn,MAS,Chennai Central,OGD_Train_details_22122017,https://data.gov.in/resource/train-details
20602.0,Mdu-Mas Week,SA,Salem Jn.,02:20:00,02:30:00,,4.0,220.0,MDU,Madurai Jn,MAS,Chennai Central,OGD_Train_details_22122017,https://data.gov.in/resource/train-details
20602.0,Mdu-Mas Week,KPD,Katpadi Jn,05:13:00,05:15:00,,5.0,425.0,MDU,Madurai Jn,MAS,Chennai Central,OGD_Train_details_22122017,https://data.gov.in/resource/train-details
20602.0,Mdu-Mas Week,PER,Perambur,07:03:00,07:05:00,,6.0,548.0,MDU,Madurai Jn,MAS,Chennai Central,OGD_Train_details_22122017,https://data.gov.in/resource/train-details
20602.0,Mdu-Mas Week,MAS,Chennai Cent,07:40:00,07:40:00,,7.0,554.0,MDU,Madurai Jn,MAS,Chennai Central,OGD_Train_details_22122017,https://data.gov.in/resource/train-details
22205.0,Mas-Mdu Dura,MAS,Chennai Cent,22:30:00,22:30:00,,1.0,0.0,MAS,Chennai Central,MDU,Madurai Jn,OGD_Train_details_22122017,https://data.gov.in/resource/train-details
22205.0,Mas-Mdu Dura,SA,Salem Jn.,02:55:00,03:05:00,,2.0,331.0,MAS,Chennai Central,MDU,Madurai Jn,OGD_Train_details_22122017,https://data.gov.in/resource/train-details
22205.0,Mas-Mdu Dura,MDU,Madurai Jn,07:10:00,07:10:00,,3.0,553.0,MAS,Chennai Central,MDU,Madurai Jn,OGD_Train_details_22122017,https://data.gov.in/resource/train-details
22206.0,Mdu-Mas  Dur,MDU,Madurai Jn,22:45:00,22:45:00,,1.0,0.0,MDU,Madurai Jn,MAS,Chennai Central,OGD_Train_details_22122017,https://data.gov.in/resource/train-details
22206.0,Mdu-Mas  Dur,SA,Salem Jn.,02:20:00,02:30:00,,2.0,221.0,MDU,Madurai Jn,MAS,Chennai Central,OGD_Train_details_22122017,https://data.gov.in/resource/train-details
22206.0,Mdu-Mas  Dur,MAS,Chennai Cent,07:20:00,07:20:00,,3.0,555.0,MDU,Madurai Jn,MAS,Chennai Central,OGD_Train_details_22122017,https://data.gov.in/resource/train-details
22623.0,Ms Mdu Super,MS,Chennai Egmo,22:40:00,22:40:00,,1.0,0.0,MS,Chennai Egmore,MDU,Madurai Jn,OGD_Train_details_22122017,https://data.gov.in/resource/train-details
22623.0,Ms Mdu Super,CGL,Chengalpattu,23:33:00,23:35:00,,2.0,55.0,MS,Chennai Egmore,MDU,Madurai Jn,OGD_Train_details_22122017,https://data.gov.in/resource/train-details
22623.0,Ms Mdu Super,VM,Villupuram J,01:05:00,01:15:00,,3.0,158.0,MS,Chennai Egmore,MDU,Madurai Jn,OGD_Train_details_22122017,https://data.gov.in/resource/train-details
22623.0,Ms Mdu Super,TDPR,Tiruppadirip,02:09:00,02:10:00,,4.0,200.0,MS,Chennai Egmore,MDU,Madurai Jn,OGD_Train_details_22122017,https://data.gov.in/resource/train-details
22623.0,Ms Mdu Super,CDM,Chidambaram,02:58:00,03:00:00,,5.0,243.0,MS,Chennai Egmore,MDU,Madurai Jn,OGD_Train_details_22122017,https://data.gov.in/resource/train-details
22623.0,Ms Mdu Super,MV,Mayiladutura,03:45:00,03:47:00,,6.0,280.0,MS,Chennai Egmore,MDU,Madurai Jn,OGD_Train_details_22122017,https://data.gov.in/resource/train-details
22623.0,Ms Mdu Super,KMU,Kumbakonam,04:15:00,04:17:00,,7.0,311.0,MS,Chennai Egmore,MDU,Madurai Jn,OGD_Train_details_22122017,https://data.gov.in/resource/train-details
22623.0,Ms Mdu Super,TJ,Thanjavur Jn,04:50:00,04:52:00,,8.0,350.0,MS,Chennai Egmore,MDU,Madurai Jn,OGD_Train_details_22122017,https://data.gov.in/resource/train-details
22623.0,Ms Mdu Super,TPJ,Tiruchirappa,06:00:00,06:05:00,,9.0,400.0,MS,Chennai Egmore,MDU,Madurai Jn,OGD_Train_details_22122017,https://data.gov.in/resource/train-details
22623.0,Ms Mdu Super,DG,Dindigul Jn,07:20:00,07:25:00,,10.0,494.0,MS,Chennai Egmore,MDU,Madurai Jn,OGD_Train_details_22122017,https://data.gov.in/resource/train-details
22623.0,Ms Mdu Super,MDU,Madurai Jn,08:40:00,08:40:00,,11.0,556.0,MS,Chennai Egmore,MDU,Madurai Jn,OGD_Train_details_22122017,https://data.gov.in/resource/train-details
22624.0,Mdu Ms Super,MDU,Madurai Jn,21:15:00,21:15:00,,1.0,0.0,MDU,Madurai Jn,MS,Chennai Egmore,OGD_Train_details_22122017,https://data.gov.in/resource/train-details
22624.0,Mdu Ms Super,DG,Dindigul Jn,22:10:00,22:12:00,,2.0,62.0,MDU,Madurai Jn,MS,Chennai Egmore,OGD_Train_details_22122017,https://data.gov.in/resource/train-details
22624.0,Mdu Ms Super,TPJ,Tiruchirappa,23:40:00,23:45:00,,3.0,156.0,MDU,Madurai Jn,MS,Chennai Egmore,OGD_Train_details_22122017,https://data.gov.in/resource/train-details
22624.0,Mdu Ms Super,TJ,Thanjavur Jn,00:38:00,00:40:00,,4.0,206.0,MDU,Madurai Jn,MS,Chennai Egmore,OGD_Train_details_22122017,https://data.gov.in/resource/train-details
22624.0,Mdu Ms Super,KMU,Kumbakonam,01:13:00,01:15:00,,5.0,245.0,MDU,Madurai Jn,MS,Chennai Egmore,OGD_Train_details_22122017,https://data.gov.in/resource/train-details
22624.0,Mdu Ms Super,MV,Mayiladutura,01:43:00,01:45:00,,6.0,276.0,MDU,Madurai Jn,MS,Chennai Egmore,OGD_Train_details_22122017,https://data.gov.in/resource/train-details
22624.0,Mdu Ms Super,CDM,Chidambaram,02:28:00,02:30:00,,7.0,313.0,MDU,Madurai Jn,MS,Chennai Egmore,OGD_Train_details_22122017,https://data.gov.in/resource/train-details
22624.0,Mdu Ms Super,TDPR,Tiruppadirip,03:13:00,03:15:00,,8.0,356.0,MDU,Madurai Jn,MS,Chennai Egmore,OGD_Train_details_22122017,https://data.gov.in/resource/train-details
22624.0,Mdu Ms Super,VM,Villupuram J,04:15:00,04:20:00,,9.0,398.0,MDU,Madurai Jn,MS,Chennai Egmore,OGD_Train_details_22122017,https://data.gov.in/resource/train-details
22624.0,Mdu Ms Super,CGL,Chengalpattu,05:58:00,06:00:00,,10.0,501.0,MDU,Madurai Jn,MS,Chennai Egmore,OGD_Train_details_22122017,https://data.gov.in/resource/train-details
22624.0,Mdu Ms Super,MS,Chennai Egmo,07:20:00,07:20:00,,11.0,557.0,MDU,Madurai Jn,MS,Chennai Egmore,OGD_Train_details_22122017,https://data.gov.in/resource/train-details
22661.0,Ms-Rmm Super,MS,Chennai Egmo,17:50:00,17:50:00,,1.0,0.0,MS,Chennai Egmore,RMM,Rameswaram,OGD_Train_details_22122017,https://data.gov.in/resource/train-details
22661.0,Ms-Rmm Super,TBM,Tambaram,18:18:00,18:20:00,,2.0,24.0,MS,Chennai Egmore,RMM,Rameswaram,OGD_Train_details_22122017,https://data.gov.in/resource/train-details
22661.0,Ms-Rmm Super,CGL,Chengalpattu,18:48:00,18:50:00,,3.0,55.0,MS,Chennai Egmore,RMM,Rameswaram,OGD_Train_details_22122017,https://data.gov.in/resource/train-details
22661.0,Ms-Rmm Super,MLMR,Melmaruvathu,19:13:00,19:15:00,,4.0,91.0,MS,Chennai Egmore,RMM,Rameswaram,OGD_Train_details_22122017,https://data.gov.in/resource/train-details
22661.0,Ms-Rmm Super,TMV,Tindivanam,19:38:00,19:40:00,,5.0,121.0,MS,Chennai Egmore,RMM,Rameswaram,OGD_Train_details_22122017,https://data.gov.in/resource/train-details
22661.0,Ms-Rmm Super,VM,Villupuram J,20:25:00,20:30:00,,6.0,158.0,MS,Chennai Egmore,RMM,Rameswaram,OGD_Train_details_22122017,https://data.gov.in/resource/train-details
22661.0,Ms-Rmm Super,VRI,Vridha Chala,21:08:00,21:10:00,,7.0,212.0,MS,Chennai Egmore,RMM,Rameswaram,OGD_Train_details_22122017,https://data.gov.in/resource/train-details
22661.0,Ms-Rmm Super,ALU,Ariyalur,21:49:00,21:50:00,,8.0,266.0,MS,Chennai Egmore,RMM,Rameswaram,OGD_Train_details_22122017,https://data.gov.in/resource/train-details
22661.0,Ms-Rmm Super,SRGM,Srirangam,22:29:00,22:30:00,,9.0,324.0,MS,Chennai Egmore,RMM,Rameswaram,OGD_Train_details_22122017,https://data.gov.in/resource/train-details
22661.0,Ms-Rmm Super,TPJ,Tiruchirappa,22:50:00,23:00:00,,10.0,335.0,MS,Chennai Egmore,RMM,Rameswaram,OGD_Train_details_22122017,https://data.gov.in/resource/train-details
22661.0,Ms-Rmm Super,PDKT,Pudukkottai,23:48:00,23:50:00,,11.0,388.0,MS,Chennai Egmore,RMM,Rameswaram,OGD_Train_details_22122017,https://data.gov.in/resource/train-details
22661.0,Ms-Rmm Super,KKDI,Karaikkudi,00:30:00,00:35:00,,12.0,425.0,MS,Chennai Egmore,RMM,Rameswaram,OGD_Train_details_22122017,https://data.gov.in/resource/train-details
22661.0,Ms-Rmm Super,DKO,Devakottai R,00:40:00,00:41:00,,13.0,430.0,MS,Chennai Egmore,RMM,Rameswaram,OGD_Train_details_22122017,https://data.gov.in/resource/train-details
22661.0,Ms-Rmm Super,SVGA,Sivaganga,01:13:00,01:15:00,,14.0,465.0,MS,Chennai Egmore,RMM,Rameswaram,OGD_Train_details_22122017,https://data.gov.in/resource/train-details
22661.0,Ms-Rmm Super,MNM,Manamadurai,01:48:00,01:50:00,,15.0,486.0,MS,Chennai Egmore,RMM,Rameswaram,OGD_Train_details_22122017,https://data.gov.in/resource/train-details
22661.0,Ms-Rmm Super,PMK,Paramakkudi,02:13:00,02:15:00,,16.0,510.0,MS,Chennai Egmore,RMM,Rameswaram,OGD_Train_details_22122017,https://data.gov.in/resource/train-details
22661.0,Ms-Rmm Super,RMD,Ramanathapur,02:43:00,02:45:00,,17.0,546.0,MS,Chennai Egmore,RMM,Rameswaram,OGD_Train_details_22122017,https://data.gov.in/resource/train-details
22661.0,Ms-Rmm Super,MMM,Mandapam,03:18:00,03:20:00,,18.0,582.0,MS,Chennai Egmore,RMM,Rameswaram,OGD_Train_details_22122017,https://data.gov.in/resource/train-details
22661.0,Ms-Rmm Super,RMM,Rameswaram,04:35:00,04:35:00,,19.0,592.0,MS,Chennai Egmore,RMM,Rameswaram,OGD_Train_details_22122017,https://data.gov.in/resource/train-details
22662.0,Rmm-Ms Super,RMM,Rameswaram,20:15:00,20:15:00,,1.0,0.0,RMM,Rameswaram,MS,Chennai Egmore,OGD_Train_details_22122017,https://data.gov.in/resource/train-details
22662.0,Rmm-Ms Super,MMM,Mandapam,20:43:00,20:45:00,,2.0,9.0,RMM,Rameswaram,MS,Chennai Egmore,OGD_Train_details_22122017,https://data.gov.in/resource/train-details
22662.0,Rmm-Ms Super,RMD,Ramanathapur,21:18:00,21:20:00,,3.0,46.0,RMM,Rameswaram,MS,Chennai Egmore,OGD_Train_details_22122017,https://data.gov.in/resource/train-details
22662.0,Rmm-Ms Super,PMK,Paramakkudi,21:48:00,21:50:00,,4.0,82.0,RMM,Rameswaram,MS,Chennai Egmore,OGD_Train_details_22122017,https://data.gov.in/resource/train-details
22662.0,Rmm-Ms Super,MNM,Manamadurai,22:10:00,22:12:00,,5.0,106.0,RMM,Rameswaram,MS,Chennai Egmore,OGD_Train_details_22122017,https://data.gov.in/resource/train-details
22662.0,Rmm-Ms Super,SVGA,Sivaganga,22:38:00,22:40:00,,6.0,126.0,RMM,Rameswaram,MS,Chennai Egmore,OGD_Train_details_22122017,https://data.gov.in/resource/train-details
22662.0,Rmm-Ms Super,DKO,Devakottai R,23:14:00,23:15:00,,7.0,162.0,RMM,Rameswaram,MS,Chennai Egmore,OGD_Train_details_22122017,https://data.gov.in/resource/train-details
22662.0,Rmm-Ms Super,KKDI,Karaikkudi,23:28:00,23:30:00,,8.0,167.0,RMM,Rameswaram,MS,Chennai Egmore,OGD_Train_details_22122017,https://data.gov.in/resource/train-details
22662.0,Rmm-Ms Super,PDKT,Pudukkottai,00:01:00,00:02:00,,9.0,203.0,RMM,Rameswaram,MS,Chennai Egmore,OGD_Train_details_22122017,https://data.gov.in/resource/train-details
22662.0,Rmm-Ms Super,TPJ,Tiruchirappa,01:05:00,01:15:00,,10.0,256.0,RMM,Rameswaram,MS,Chennai Egmore,OGD_Train_details_22122017,https://data.gov.in/resource/train-details
22662.0,Rmm-Ms Super,SRGM,Srirangam,01:33:00,01:35:00,,11.0,268.0,RMM,Rameswaram,MS,Chennai Egmore,OGD_Train_details_22122017,https://data.gov.in/resource/train-details
22662.0,Rmm-Ms Super,ALU,Ariyalur,02:23:00,02:25:00,,12.0,326.0,RMM,Rameswaram,MS,Chennai Egmore,OGD_Train_details_22122017,https://data.gov.in/resource/train-details
22662.0,Rmm-Ms Super,VRI,Vridha Chala,02:55:00,02:57:00,,13.0,379.0,RMM,Rameswaram,MS,Chennai Egmore,OGD_Train_details_22122017,https://data.gov.in/resource/train-details
22662.0,Rmm-Ms Super,VM,Villupuram J,04:00:00,04:05:00,,14.0,434.0,RMM,Rameswaram,MS,Chennai Egmore,OGD_Train_details_22122017,https://data.gov.in/resource/train-details
22662.0,Rmm-Ms Super,TMV,Tindivanam,04:38:00,04:40:00,,15.0,471.0,RMM,Rameswaram,MS,Chennai Egmore,OGD_Train_details_22122017,https://data.gov.in/resource/train-details
22662.0,Rmm-Ms Super,MLMR,Melmaruvathu,05:03:00,05:05:00,,16.0,501.0,RMM,Rameswaram,MS,Chennai Egmore,OGD_Train_details_22122017,https://data.gov.in/resource/train-details
22662.0,Rmm-Ms Super,CGL,Chengalpattu,05:38:00,05:40:00,,17.0,537.0,RMM,Rameswaram,MS,Chennai Egmore,OGD_Train_details_22122017,https://data.gov.in/resource/train-details
22662.0,Rmm-Ms Super,TBM,Tambaram,06:08:00,06:10:00,,18.0,567.0,RMM,Rameswaram,MS,Chennai Egmore,OGD_Train_details_22122017,https://data.gov.in/resource/train-details
22662.0,Rmm-Ms Super,MBM,Mambalam,06:28:00,06:30:00,,19.0,585.0,RMM,Rameswaram,MS,Chennai Egmore,OGD_Train_details_22122017,https://data.gov.in/resource/train-details
22662.0,Rmm-Ms Super,MS,Chennai Egmo,07:05:00,07:05:00,,20.0,592.0,RMM,Rameswaram,MS,Chennai Egmore,OGD_Train_details_22122017,https://data.gov.in/resource/train-details
82601.0,Ms Ten Suvid,MS,Chennai Egmo,21:50:00,21:50:00,,1.0,0.0,MS,Chennai Egmore,TEN,Tirunelveli Jn,OGD_Train_details_22122017,https://data.gov.in/resource/train-details
82601.0,Ms Ten Suvid,TBM,Tambaram,22:18:00,22:20:00,,2.0,24.0,MS,Chennai Egmore,TEN,Tirunelveli Jn,OGD_Train_details_22122017,https://data.gov.in/resource/train-details
82601.0,Ms Ten Suvid,CGL,Chengalpattu,22:48:00,22:50:00,,3.0,55.0,MS,Chennai Egmore,TEN,Tirunelveli Jn,OGD_Train_details_22122017,https://data.gov.in/resource/train-details
82601.0,Ms Ten Suvid,VM,Villupuram J,00:25:00,00:30:00,,4.0,158.0,MS,Chennai Egmore,TEN,Tirunelveli Jn,OGD_Train_details_22122017,https://data.gov.in/resource/train-details
82601.0,Ms Ten Suvid,TPJ,Tiruchirappa,04:00:00,04:10:00,,5.0,335.0,MS,Chennai Egmore,TEN,Tirunelveli Jn,OGD_Train_details_22122017,https://data.gov.in/resource/train-details
82601.0,Ms Ten Suvid,DG,Dindigul Jn,05:45:00,05:50:00,,6.0,429.0,MS,Chennai Egmore,TEN,Tirunelveli Jn,OGD_Train_details_22122017,https://data.gov.in/resource/train-details
82601.0,Ms Ten Suvid,MDU,Madurai Jn,07:00:00,07:05:00,,7.0,492.0,MS,Chennai Egmore,TEN,Tirunelveli Jn,OGD_Train_details_22122017,https://data.gov.in/resource/train-details
82601.0,Ms Ten Suvid,VPT,Virudunagar,07:50:00,07:52:00,,8.0,535.0,MS,Chennai Egmore,TEN,Tirunelveli Jn,OGD_Train_details_22122017,https://data.gov.in/resource/train-details
82601.0,Ms Ten Suvid,SRT,Satur,08:15:00,08:17:00,,9.0,562.0,MS,Chennai Egmore,TEN,Tirunelveli Jn,OGD_Train_details_22122017,https://data.gov.in/resource/train-details
82601.0,Ms Ten Suvid,CVP,Kovilpatti,08:35:00,08:37:00,,10.0,584.0,MS,Chennai Egmore,TEN,Tirunelveli Jn,OGD_Train_details_22122017,https://data.gov.in/resource/train-details
82601.0,Ms Ten Suvid,TEN,Tirunelveli,10:45:00,10:45:00,,11.0,649.0,MS,Chennai Egmore,TEN,Tirunelveli Jn,OGD_Train_details_22122017,https://data.gov.in/resource/train-details
82606.0,Ten-Ms Suvd,TEN,Tirunelveli,00:00:00,15:30:00,,1.0,0.0,TEN,Tirunelveli Jn,MS,Chennai Egmore,OGD_Train_details_22122017,https://data.gov.in/resource/train-details
82606.0,Ten-Ms Suvd,MEJ,Vanchi Maniy,16:02:00,16:04:00,,2.0,28.0,TEN,Tirunelveli Jn,MS,Chennai Egmore,OGD_Train_details_22122017,https://data.gov.in/resource/train-details
82606.0,Ten-Ms Suvd,CVP,Kovilpatti,16:35:00,16:37:00,,3.0,65.0,TEN,Tirunelveli Jn,MS,Chennai Egmore,OGD_Train_details_22122017,https://data.gov.in/resource/train-details
82606.0,Ten-Ms Suvd,SRT,Satur,16:59:00,17:01:00,,4.0,86.0,TEN,Tirunelveli Jn,MS,Chennai Egmore,OGD_Train_details_22122017,https://data.gov.in/resource/train-details
82606.0,Ten-Ms Suvd,VPT,Virudunagar,17:38:00,17:40:00,,5.0,113.0,TEN,Tirunelveli Jn,MS,Chennai Egmore,OGD_Train_details_22122017,https://data.gov.in/resource/train-details
82606.0,Ten-Ms Suvd,MDU,Madurai Jn,18:25:00,18:35:00,,6.0,156.0,TEN,Tirunelveli Jn,MS,Chennai Egmore,OGD_Train_details_22122017,https://data.gov.in/resource/train-details
82606.0,Ten-Ms Suvd,KQN,Kodaikkanal,19:00:00,19:02:00,,7.0,196.0,TEN,Tirunelveli Jn,MS,Chennai Egmore,OGD_Train_details_22122017,https://data.gov.in/resource/train-details
82606.0,Ten-Ms Suvd,DG,Dindigul Jn,19:30:00,19:35:00,,8.0,218.0,TEN,Tirunelveli Jn,MS,Chennai Egmore,OGD_Train_details_22122017,https://data.gov.in/resource/train-details
82606.0,Ten-Ms Suvd,TPJ,Tiruchirappa,20:40:00,20:50:00,,9.0,313.0,TEN,Tirunelveli Jn,MS,Chennai Egmore,OGD_Train_details_22122017,https://data.gov.in/resource/train-details
82606.0,Ten-Ms Suvd,VRI,Vridha Chala,22:33:00,22:35:00,,10.0,436.0,TEN,Tirunelveli Jn,MS,Chennai Egmore,OGD_Train_details_22122017,https://data.gov.in/resource/train-details
82606.0,Ten-Ms Suvd,VM,Villupuram J,23:40:00,23:45:00,,11.0,490.0,TEN,Tirunelveli Jn,MS,Chennai Egmore,OGD_Train_details_22122017,https://data.gov.in/resource/train-details
82606.0,Ten-Ms Suvd,CGL,Chengalpattu,01:55:00,02:00:00,,12.0,593.0,TEN,Tirunelveli Jn,MS,Chennai Egmore,OGD_Train_details_22122017,https://data.gov.in/resource/train-details
82606.0,Ten-Ms Suvd,TBM,Tambaram,02:30:00,02:32:00,,13.0,624.0,TEN,Tirunelveli Jn,MS,Chennai Egmore,OGD_Train_details_22122017,https://data.gov.in/resource/train-details
82606.0,Ten-Ms Suvd,MBM,Mambalam,02:53:00,03:00:00,,14.0,642.0,TEN,Tirunelveli Jn,MS,Chennai Egmore,OGD_Train_details_22122017,https://data.gov.in/resource/train-details
82606.0,Ten-Ms Suvd,MS,Chennai Egmo,03:30:00,00:00:00,,15.0,649.0,TEN,Tirunelveli Jn,MS,Chennai Egmore,OGD_Train_details_22122017,https://data.gov.in/resource/train-details
