station_code,in_timetable,in_station_master,match_status,match_confidence,has_coordinates
AABH,True,True,UNMATCHED,NONE,False
AADR,True,True,UNMATCHED,NONE,False
AAG,True,True,MATCHED,MEDIUM,True
AAH,True,True,UNMATCHED,NONE,False
AAL,True,True,UNMATCHED,NONE,False
AAM,True,True,UNMATCHED,NONE,False
AAP,True,True,UNMATCHED,NONE,False
AAR,True,True,UNMATCHED,NONE,False
AAS,True,True,UNMATCHED,NONE,False
AAY,True,True,UNMATCHED,NONE,False
AB,True,True,MATCHED,HIGH,True
ABB,True,True,UNMATCHED,NONE,False
ABD,True,True,UNMATCHED,NONE,False
ABE,True,True,UNMATCHED,NONE,False
ABFC,True,True,UNMATCHED,NONE,False
ABGT,True,True,UNMATCHED,NONE,False
ABH,True,True,UNMATCHED,NONE,False
ABI,True,True,UNMATCHED,NONE,False
ABKA,True,True,UNMATCHED,NONE,False
ABKP,True,True,UNMATCHED,NONE,False
ABLE,True,True,UNMATCHED,NONE,False
ABO,True,True,UNMATCHED,NONE,False
ABP,True,True,UNMATCHED,NONE,False
ABR,True,True,UNMATCHED,NONE,False
ABS,True,True,UNMATCHED,NONE,False
ABSA,True,True,UNMATCHED,NONE,False
ABU,True,True,MATCHED,HIGH,True
ABW,True,True,UNMATCHED,NONE,False
ABX,True,True,UNMATCHED,NONE,False
ABY,True,True,UNMATCHED,NONE,False
ACCI,True,True,UNMATCHED,NONE,False
ACG,True,True,UNMATCHED,NONE,False
ACH,True,True,UNMATCHED,NONE,False
ACL,True,True,UNMATCHED,NONE,False
ACLE,True,True,UNMATCHED,NONE,False
ACND,True,True,UNMATCHED,NONE,False
ACOI,True,True,UNMATCHED,NONE,False
ACPR,True,True,UNMATCHED,NONE,False
AD,True,True,UNMATCHED,NONE,False
ADB,True,True,UNMATCHED,NONE,False
ADD,True,True,UNMATCHED,NONE,False
ADE,True,True,UNMATCHED,NONE,False
ADF,True,True,UNMATCHED,NONE,False
ADH,True,True,UNMATCHED,NONE,False
ADHL,True,True,UNMATCHED,NONE,False
ADI,True,True,UNMATCHED,NONE,False
ADIJ,True,True,UNMATCHED,NONE,False
ADL,True,True,UNMATCHED,NONE,False
ADQ,True,True,UNMATCHED,NONE,False
ADR,True,True,UNMATCHED,NONE,False
ADRA,True,True,UNMATCHED,NONE,False
ADST,True,True,UNMATCHED,NONE,False
ADT,True,True,MATCHED,HIGH,True
ADTL,True,True,UNMATCHED,NONE,False
ADTP,True,True,UNMATCHED,NONE,False
ADVI,True,True,UNMATCHED,NONE,False
ADX,True,True,MATCHED,MEDIUM,True
AE,True,True,UNMATCHED,NONE,False
AED,True,True,UNMATCHED,NONE,False
AEH,True,True,UNMATCHED,NONE,False
AEJ,True,True,UNMATCHED,NONE,False
AEK,True,True,UNMATCHED,NONE,False
AEL,True,True,UNMATCHED,NONE,False
AEP,True,True,UNMATCHED,NONE,False
AF,True,True,UNMATCHED,NONE,False
AFK,True,True,UNMATCHED,NONE,False
AFR,True,True,UNMATCHED,NONE,False
AG,True,True,UNMATCHED,NONE,False
AGA,True,True,UNMATCHED,NONE,False
AGAE,True,True,UNMATCHED,NONE,False
AGAS,True,True,MATCHED,MEDIUM,True
AGB,True,True,UNMATCHED,NONE,False
AGC,True,True,UNMATCHED,NONE,False
AGCI,True,True,UNMATCHED,NONE,False
AGD,True,True,UNMATCHED,NONE,False
AGDL,True,True,UNMATCHED,NONE,False
AGE,True,True,UNMATCHED,NONE,False
AGI,True,True,UNMATCHED,NONE,False
AGL,True,True,UNMATCHED,NONE,False
AGM,True,True,MATCHED,HIGH,True
AGMN,True,True,UNMATCHED,NONE,False
AGN,True,True,UNMATCHED,NONE,False
AGP,True,True,UNMATCHED,NONE,False
AGQ,True,True,UNMATCHED,NONE,False
AGR,True,True,UNMATCHED,NONE,False
AGT,True,True,UNMATCHED,NONE,False
AGTL,True,True,UNMATCHED,NONE,False
AGTR,True,True,UNMATCHED,NONE,False
AGV,True,True,UNMATCHED,NONE,False
AGY,True,True,UNMATCHED,NONE,False
AGZ,True,True,UNMATCHED,NONE,False
AH,True,True,UNMATCHED,NONE,False
AHA,True,True,UNMATCHED,NONE,False
AHD,True,True,UNMATCHED,NONE,False
AHH,True,True,UNMATCHED,NONE,False
AHJU,True,True,UNMATCHED,NONE,False
AHL,True,True,UNMATCHED,NONE,False
AHLR,True,True,UNMATCHED,NONE,False
AHM,True,True,UNMATCHED,NONE,False
AHN,True,True,UNMATCHED,NONE,False
AHO,True,True,UNMATCHED,NONE,False
AHQ,True,True,UNMATCHED,NONE,False
AHU,True,True,UNMATCHED,NONE,False
AHZ,True,True,UNMATCHED,NONE,False
AI,True,True,UNMATCHED,NONE,False
AIA,True,True,UNMATCHED,NONE,False
AIG,True,True,UNMATCHED,NONE,False
AIH,True,True,UNMATCHED,NONE,False
AII,True,True,UNMATCHED,NONE,False
AILM,True,True,UNMATCHED,NONE,False
AIP,True,True,UNMATCHED,NONE,False
AIPP,True,True,UNMATCHED,NONE,False
AIR,True,True,UNMATCHED,NONE,False
AIT,True,True,UNMATCHED,NONE,False
AJ,True,True,UNMATCHED,NONE,False
AJE,True,True,UNMATCHED,NONE,False
AJH,True,True,UNMATCHED,NONE,False
AJI,True,True,UNMATCHED,NONE,False
AJIT,True,True,UNMATCHED,NONE,False
AJJ,True,True,MATCHED,HIGH,True
AJJN,True,True,UNMATCHED,NONE,False
AJK,True,True,UNMATCHED,NONE,False
AJL,True,True,UNMATCHED,NONE,False
AJM,True,True,UNMATCHED,NONE,False
AJN,True,True,UNMATCHED,NONE,False
AJNI,True,True,UNMATCHED,NONE,False
AJP,True,True,UNMATCHED,NONE,False
AJR,True,True,UNMATCHED,NONE,False
AJRE,True,True,UNMATCHED,NONE,False
AJTM,True,True,UNMATCHED,NONE,False
AJU,True,True,UNMATCHED,NONE,False
AJUG,True,True,UNMATCHED,NONE,False
AK,True,True,UNMATCHED,NONE,False
AKAH,True,True,UNMATCHED,NONE,False
AKAT,True,True,UNMATCHED,NONE,False
AKD,True,True,UNMATCHED,NONE,False
AKE,True,True,UNMATCHED,NONE,False
AKI,True,True,UNMATCHED,NONE,False
AKIP,True,True,UNMATCHED,NONE,False
AKJ,True,True,UNMATCHED,NONE,False
AKK,True,True,UNMATCHED,NONE,False
AKM,True,True,UNMATCHED,NONE,False
AKN,True,True,UNMATCHED,NONE,False
AKNR,True,True,UNMATCHED,NONE,False
AKOR,True,True,UNMATCHED,NONE,False
AKP,True,True,UNMATCHED,NONE,False
AKR,True,True,UNMATCHED,NONE,False
AKRA,True,True,UNMATCHED,NONE,False
AKRD,True,True,UNMATCHED,NONE,False
AKS,True,True,UNMATCHED,NONE,False
AKT,True,True,UNMATCHED,NONE,False
AKU,True,True,UNMATCHED,NONE,False
AKV,True,True,UNMATCHED,NONE,False
AKVD,True,True,UNMATCHED,NONE,False
AKVU,True,True,UNMATCHED,NONE,False
AKW,True,True,MATCHED,MEDIUM,True
AKZ,True,True,UNMATCHED,NONE,False
AL,True,True,UNMATCHED,NONE,False
ALAI,True,True,MATCHED,MEDIUM,True
ALAL,True,True,UNMATCHED,NONE,False
ALB,True,True,UNMATCHED,NONE,False
ALD,True,True,UNMATCHED,NONE,False
ALE,True,True,UNMATCHED,NONE,False
ALER,True,True,UNMATCHED,NONE,False
ALGP,True,True,UNMATCHED,NONE,False
ALJ,True,True,UNMATCHED,NONE,False
ALJN,True,True,UNMATCHED,NONE,False
ALK,True,True,MATCHED,HIGH,True
ALLP,True,True,UNMATCHED,NONE,False
ALM,True,True,UNMATCHED,NONE,False
ALMR,True,True,UNMATCHED,NONE,False
ALMW,True,True,UNMATCHED,NONE,False
ALN,True,True,UNMATCHED,NONE,False
ALNI,True,True,UNMATCHED,NONE,False
ALNP,True,True,UNMATCHED,NONE,False
ALP,True,True,MATCHED,HIGH,True
ALPD,True,True,UNMATCHED,NONE,False
ALPR,True,True,UNMATCHED,NONE,False
ALS,True,True,UNMATCHED,NONE,False
ALU,True,True,MATCHED,HIGH,True
ALV,True,True,UNMATCHED,NONE,False
ALW,True,True,UNMATCHED,NONE,False
ALY,True,True,UNMATCHED,NONE,False
AMA,True,True,UNMATCHED,NONE,False
AMB,True,True,UNMATCHED,NONE,False
AMBG,True,True,UNMATCHED,NONE,False
AMBR,True,True,UNMATCHED,NONE,False
AMC,True,True,UNMATCHED,NONE,False
AMD,True,True,UNMATCHED,NONE,False
AMDI,True,True,UNMATCHED,NONE,False
AME,True,True,UNMATCHED,NONE,False
AMG,True,True,UNMATCHED,NONE,False
AMGA,True,True,UNMATCHED,NONE,False
AMH,True,True,UNMATCHED,NONE,False
AMI,True,True,UNMATCHED,NONE,False
AMIN,True,True,UNMATCHED,NONE,False
AML,True,True,UNMATCHED,NONE,False
AMLA,True,True,UNMATCHED,NONE,False
AMLI,True,True,UNMATCHED,NONE,False
AMLO,True,True,UNMATCHED,NONE,False
AMLP,True,True,UNMATCHED,NONE,False
AMP,True,True,UNMATCHED,NONE,False
AMPA,True,True,UNMATCHED,NONE,False
AMPL,True,True,UNMATCHED,NONE,False
AMPR,True,True,UNMATCHED,NONE,False
AMQ,True,True,UNMATCHED,NONE,False
AMRO,True,True,UNMATCHED,NONE,False
AMS,True,True,UNMATCHED,NONE,False
AMSA,True,True,UNMATCHED,NONE,False
AMT,True,True,MATCHED,HIGH,True
AMVA,True,True,UNMATCHED,NONE,False
AMW,True,True,UNMATCHED,NONE,False
AMY,True,True,UNMATCHED,NONE,False
AMZ,True,True,UNMATCHED,NONE,False
AN,True,True,UNMATCHED,NONE,False
ANA,True,True,UNMATCHED,NONE,False
ANAS,True,True,MATCHED,MEDIUM,True
ANB,True,True,UNMATCHED,NONE,False
ANC,True,True,UNMATCHED,NONE,False
ANCR,True,True,UNMATCHED,NONE,False
ANDI,True,True,UNMATCHED,NONE,False
ANDN,True,True,UNMATCHED,NONE,False
ANE,True,True,UNMATCHED,NONE,False
ANF,True,True,UNMATCHED,NONE,False
ANG,True,True,UNMATCHED,NONE,False
ANGL,True,True,MATCHED,MEDIUM,True
ANGR,True,True,UNMATCHED,NONE,False
ANH,True,True,UNMATCHED,NONE,False
ANK,True,True,UNMATCHED,NONE,False
ANKL,True,True,UNMATCHED,NONE,False
ANM,True,True,UNMATCHED,NONE,False
ANMD,True,True,UNMATCHED,NONE,False
ANND,True,True,UNMATCHED,NONE,False
ANNR,True,True,MATCHED,HIGH,True
ANO,True,True,UNMATCHED,NONE,False
ANP,True,True,MATCHED,HIGH,True
ANPR,True,True,UNMATCHED,NONE,False
ANQ,True,True,UNMATCHED,NONE,False
ANR,True,True,UNMATCHED,NONE,False
ANSB,True,True,UNMATCHED,NONE,False
ANT,True,True,UNMATCHED,NONE,False
ANTU,True,True,UNMATCHED,NONE,False
ANU,True,True,UNMATCHED,NONE,False
ANV,True,True,UNMATCHED,NONE,False
ANVR,True,True,UNMATCHED,NONE,False
ANVT,True,True,UNMATCHED,NONE,False
ANY,True,True,MATCHED,HIGH,True
AO,True,True,UNMATCHED,NONE,False
AON,True,True,UNMATCHED,NONE,False
AONI,True,True,UNMATCHED,NONE,False
AOR,True,True,UNMATCHED,NONE,False
AP,True,True,UNMATCHED,NONE,False
APA,True,True,UNMATCHED,NONE,False
APB,True,True,UNMATCHED,NONE,False
APD,True,True,UNMATCHED,NONE,False
APDC,True,True,UNMATCHED,NONE,False
APDJ,True,True,UNMATCHED,NONE,False
APE,True,True,UNMATCHED,NONE,False
APG,True,True,UNMATCHED,NONE,False
APH,True,True,UNMATCHED,NONE,False
API,True,True,UNMATCHED,NONE,False
APJ,True,True,UNMATCHED,NONE,False
APK,True,True,MATCHED,HIGH,True
APL,True,True,UNMATCHED,NONE,False
APN,True,True,MATCHED,HIGH,True
APR,True,True,UNMATCHED,NONE,False
APRD,True,True,UNMATCHED,NONE,False
APRH,True,True,UNMATCHED,NONE,False
APT,True,True,UNMATCHED,NONE,False
APTA,True,True,UNMATCHED,NONE,False
APU,True,True,UNMATCHED,NONE,False
AQG,True,True,UNMATCHED,NONE,False
ARA,True,True,UNMATCHED,NONE,False
ARAG,True,True,UNMATCHED,NONE,False
ARCL,True,True,UNMATCHED,NONE,False
ARD,True,True,UNMATCHED,NONE,False
ARE,True,True,UNMATCHED,NONE,False
ARG,True,True,UNMATCHED,NONE,False
ARGD,True,True,UNMATCHED,NONE,False
ARGL,True,True,UNMATCHED,NONE,False
ARGP,True,True,UNMATCHED,NONE,False
ARH,True,True,UNMATCHED,NONE,False
ARI,True,True,UNMATCHED,NONE,False
ARJ,True,True,UNMATCHED,NONE,False
ARK,True,True,UNMATCHED,NONE,False
ARKA,True,True,UNMATCHED,NONE,False
ARL,True,True,UNMATCHED,NONE,False
ARMU,True,True,UNMATCHED,NONE,False
ARN,True,True,MATCHED,MEDIUM,True
ARNA,True,True,UNMATCHED,NONE,False
ARNB,True,True,UNMATCHED,NONE,False
ARNG,True,True,UNMATCHED,NONE,False
ARNH,True,True,UNMATCHED,NONE,False
AROR,True,True,UNMATCHED,NONE,False
ARP,True,True,UNMATCHED,NONE,False
ARPL,True,True,UNMATCHED,NONE,False
ARQ,True,True,UNMATCHED,NONE,False
ARR,True,True,UNMATCHED,NONE,False
ARU,True,True,UNMATCHED,NONE,False
ARV,True,True,MATCHED,HIGH,True
ARW,True,True,UNMATCHED,NONE,False
ARX,True,True,UNMATCHED,NONE,False
AS,True,True,UNMATCHED,NONE,False
ASAF,True,True,UNMATCHED,NONE,False
ASAN,True,True,MATCHED,MEDIUM,True
ASAR,True,True,UNMATCHED,NONE,False
ASB,True,True,UNMATCHED,NONE,False
ASCE,True,True,UNMATCHED,NONE,False
ASD,True,True,UNMATCHED,NONE,False
ASE,True,True,UNMATCHED,NONE,False
ASH,True,True,UNMATCHED,NONE,False
ASI,True,True,UNMATCHED,NONE,False
ASJP,True,True,UNMATCHED,NONE,False
ASK,True,True,UNMATCHED,NONE,False
ASKN,True,True,MATCHED,MEDIUM,True
ASKR,True,True,UNMATCHED,NONE,False
ASL,True,True,UNMATCHED,NONE,False
ASLU,True,True,UNMATCHED,NONE,False
ASN,True,True,UNMATCHED,NONE,False
ASO,True,True,UNMATCHED,NONE,False
ASP,True,True,UNMATCHED,NONE,False
ASR,True,True,UNMATCHED,NONE,False
AST,True,True,UNMATCHED,NONE,False
ASTG,True,True,UNMATCHED,NONE,False
AT,True,True,UNMATCHED,NONE,False
ATA,True,True,UNMATCHED,NONE,False
ATC,True,True,UNMATCHED,NONE,False
ATE,True,True,UNMATCHED,NONE,False
ATG,True,True,UNMATCHED,NONE,False
ATH,True,True,UNMATCHED,NONE,False
ATKS,True,True,UNMATCHED,NONE,False
ATL,True,True,UNMATCHED,NONE,False
ATM,True,True,UNMATCHED,NONE,False
ATMO,True,True,UNMATCHED,NONE,False
ATNR,True,True,UNMATCHED,NONE,False
ATP,True,True,UNMATCHED,NONE,False
ATPA,True,True,UNMATCHED,NONE,False
ATRR,True,True,UNMATCHED,NONE,False
ATRU,True,True,UNMATCHED,NONE,False
ATS,True,True,MATCHED,MEDIUM,True
ATT,True,True,UNMATCHED,NONE,False
ATU,True,True,MATCHED,HIGH,True
ATUL,True,True,UNMATCHED,NONE,False
ATW,True,True,UNMATCHED,NONE,False
AUB,True,True,UNMATCHED,NONE,False
AUBR,True,True,UNMATCHED,NONE,False
AUL,True,True,UNMATCHED,NONE,False
AUN,True,True,UNMATCHED,NONE,False
AUNG,True,True,UNMATCHED,NONE,False
AUR,True,True,UNMATCHED,NONE,False
AUS,True,True,UNMATCHED,NONE,False
AUWA,True,True,UNMATCHED,NONE,False
AV,True,True,UNMATCHED,NONE,False
AVC,True,True,UNMATCHED,NONE,False
AVD,True,True,MATCHED,HIGH,True
AVH,True,True,UNMATCHED,NONE,False
AVK,True,True,UNMATCHED,NONE,False
AVL,True,True,UNMATCHED,NONE,False
AVLI,True,True,UNMATCHED,NONE,False
AVN,True,True,MATCHED,HIGH,True
AVP,True,True,UNMATCHED,NONE,False
AVRD,True,True,UNMATCHED,NONE,False
AVS,True,True,UNMATCHED,NONE,False
AVT,True,True,UNMATCHED,NONE,False
AWB,True,True,UNMATCHED,NONE,False
AWG,True,True,UNMATCHED,NONE,False
AWH,True,True,UNMATCHED,NONE,False
AWL,True,True,UNMATCHED,NONE,False
AWM,True,True,UNMATCHED,NONE,False
AWP,True,True,UNMATCHED,NONE,False
AWPR,True,True,UNMATCHED,NONE,False
AWR,True,True,UNMATCHED,NONE,False
AWS,True,True,UNMATCHED,NONE,False
AWT,True,True,UNMATCHED,NONE,False
AWY,True,True,UNMATCHED,NONE,False
AXA,True,True,UNMATCHED,NONE,False
AXK,True,True,UNMATCHED,NONE,False
AXR,True,True,UNMATCHED,NONE,False
AY,True,True,MATCHED,MEDIUM,True
AYD,True,True,UNMATCHED,NONE,False
AYN,True,True,MATCHED,HIGH,True
AYR,True,True,MATCHED,HIGH,True
AYRN,True,True,UNMATCHED,NONE,False
AYU,True,True,UNMATCHED,NONE,False
AZ,True,True,UNMATCHED,NONE,False
AZA,True,True,UNMATCHED,NONE,False
AZK,True,True,UNMATCHED,NONE,False
AZP,True,True,MATCHED,HIGH,True
AZR,True,True,UNMATCHED,NONE,False
BA,True,True,UNMATCHED,NONE,False
BAA,True,True,UNMATCHED,NONE,False
BAAR,True,True,UNMATCHED,NONE,False
BAB,True,True,UNMATCHED,NONE,False
BABR,True,True,UNMATCHED,NONE,False
BAC,True,True,UNMATCHED,NONE,False
BAD,True,True,UNMATCHED,NONE,False
BADK,True,True,UNMATCHED,NONE,False
BADR,True,True,UNMATCHED,NONE,False
BAE,True,True,UNMATCHED,NONE,False
BAF,True,True,UNMATCHED,NONE,False
BAGA,True,True,UNMATCHED,NONE,False
BAGD,True,True,UNMATCHED,NONE,False
BAGJ,True,True,UNMATCHED,NONE,False
BAGL,True,True,UNMATCHED,NONE,False
BAH,True,True,UNMATCHED,NONE,False
BAHI,True,True,UNMATCHED,NONE,False
BAHL,True,True,UNMATCHED,NONE,False
BAHN,True,True,UNMATCHED,NONE,False
BAHP,True,True,UNMATCHED,NONE,False
BAHW,True,True,UNMATCHED,NONE,False
BAI,True,True,UNMATCHED,NONE,False
BAJ,True,True,UNMATCHED,NONE,False
BAJE,True,True,UNMATCHED,NONE,False
BAK,True,True,UNMATCHED,NONE,False
BAKA,True,True,UNMATCHED,NONE,False
BAKL,True,True,UNMATCHED,NONE,False
BAL,True,True,MATCHED,HIGH,True
BALE,True,True,UNMATCHED,NONE,False
BALR,True,True,UNMATCHED,NONE,False
BALU,True,True,UNMATCHED,NONE,False
BAM,True,True,UNMATCHED,NONE,False
BAMA,True,True,UNMATCHED,NONE,False
BAMR,True,True,UNMATCHED,NONE,False
BAND,True,True,UNMATCHED,NONE,False
BANE,True,True,UNMATCHED,NONE,False
BANI,True,True,UNMATCHED,NONE,False
BANO,True,True,UNMATCHED,NONE,False
BAO,True,True,UNMATCHED,NONE,False
BAOL,True,True,UNMATCHED,NONE,False
BAP,True,True,UNMATCHED,NONE,False
BAPN,True,True,UNMATCHED,NONE,False
BAPR,True,True,UNMATCHED,NONE,False
BAQ,True,True,UNMATCHED,NONE,False
BAR,True,True,UNMATCHED,NONE,False
BARA,True,True,UNMATCHED,NONE,False
BARD,True,True,UNMATCHED,NONE,False
BARH,True,True,UNMATCHED,NONE,False
BARI,True,True,UNMATCHED,NONE,False
BARJ,True,True,UNMATCHED,NONE,False
BARL,True,True,UNMATCHED,NONE,False
BARN,True,True,UNMATCHED,NONE,False
BARU,True,True,UNMATCHED,NONE,False
BASN,True,True,UNMATCHED,NONE,False
BASR,True,True,UNMATCHED,NONE,False
BAT,True,True,UNMATCHED,NONE,False
BATL,True,True,UNMATCHED,NONE,False
BATM,True,True,UNMATCHED,NONE,False
BAU,True,True,UNMATCHED,NONE,False
BAV,True,True,UNMATCHED,NONE,False
BAW,True,True,UNMATCHED,NONE,False
BAWA,True,True,UNMATCHED,NONE,False
BAY,True,True,UNMATCHED,NONE,False
BAYD,True,True,UNMATCHED,NONE,False
BAZ,True,True,UNMATCHED,NONE,False
BBA,True,True,UNMATCHED,NONE,False
BBAE,True,True,UNMATCHED,NONE,False
BBAI,True,True,UNMATCHED,NONE,False
BBAR,True,True,MATCHED,MEDIUM,True
BBC,True,True,UNMATCHED,NONE,False
BBCE,True,True,UNMATCHED,NONE,False
BBD,True,True,UNMATCHED,NONE,False
BBDB,True,True,UNMATCHED,NONE,False
BBDE,True,True,UNMATCHED,NONE,False
BBGN,True,True,UNMATCHED,NONE,False
BBHT,True,True,UNMATCHED,NONE,False
BBI,True,True,UNMATCHED,NONE,False
BBJ,True,True,UNMATCHED,NONE,False
BBK,True,True,UNMATCHED,NONE,False
BBKR,True,True,UNMATCHED,NONE,False
BBL,True,True,UNMATCHED,NONE,False
BBLA,True,True,UNMATCHED,NONE,False
BBLK,True,True,UNMATCHED,NONE,False
BBM,True,True,UNMATCHED,NONE,False
BBMN,True,True,UNMATCHED,NONE,False
BBN,True,True,UNMATCHED,NONE,False
BBO,True,True,UNMATCHED,NONE,False
BBPM,True,True,UNMATCHED,NONE,False
BBPR,True,True,UNMATCHED,NONE,False
BBQ,True,True,MATCHED,HIGH,True
BBR,True,True,UNMATCHED,NONE,False
BBS,True,True,UNMATCHED,NONE,False
BBT,True,True,UNMATCHED,NONE,False
BBTR,True,True,UNMATCHED,NONE,False
BBU,True,True,UNMATCHED,NONE,False
BBW,True,True,UNMATCHED,NONE,False
BBY,True,True,UNMATCHED,NONE,False
BC,True,True,UNMATCHED,NONE,False
BCA,True,True,UNMATCHED,NONE,False
BCB,True,True,UNMATCHED,NONE,False
BCD,True,True,UNMATCHED,NONE,False
BCF,True,True,UNMATCHED,NONE,False
BCGM,True,True,UNMATCHED,NONE,False
BCH,True,True,UNMATCHED,NONE,False
BCHL,True,True,UNMATCHED,NONE,False
BCHN,True,True,UNMATCHED,NONE,False
BCJ,True,True,UNMATCHED,NONE,False
BCK,True,True,UNMATCHED,NONE,False
BCL,True,True,UNMATCHED,NONE,False
BCN,True,True,UNMATCHED,NONE,False
BCOB,True,True,UNMATCHED,NONE,False
BCP,True,True,UNMATCHED,NONE,False
BCPR,True,True,UNMATCHED,NONE,False
BCQ,True,True,UNMATCHED,NONE,False
BCRD,True,True,UNMATCHED,NONE,False
BCT,True,True,UNMATCHED,NONE,False
BCU,True,True,UNMATCHED,NONE,False
BCW,True,True,UNMATCHED,NONE,False
BCY,True,True,UNMATCHED,NONE,False
BD,True,True,UNMATCHED,NONE,False
BDAG,True,True,UNMATCHED,NONE,False
BDB,True,True,UNMATCHED,NONE,False
BDBA,True,True,UNMATCHED,NONE,False
BDBG,True,True,UNMATCHED,NONE,False
BDBP,True,True,UNMATCHED,NONE,False
BDBS,True,True,UNMATCHED,NONE,False
BDC,True,True,UNMATCHED,NONE,False
BDCR,True,True,UNMATCHED,NONE,False
BDDR,True,True,UNMATCHED,NONE,False
BDE,True,True,UNMATCHED,NONE,False
BDGM,True,True,UNMATCHED,NONE,False
BDGP,True,True,UNMATCHED,NONE,False
BDH,True,True,UNMATCHED,NONE,False
BDHA,True,True,UNMATCHED,NONE,False
BDHL,True,True,UNMATCHED,NONE,False
BDHN,True,True,UNMATCHED,NONE,False
BDHP,True,True,UNMATCHED,NONE,False
BDHY,True,True,UNMATCHED,NONE,False
BDI,True,True,UNMATCHED,NONE,False
BDIN,True,True,UNMATCHED,NONE,False
BDJ,True,True,UNMATCHED,NONE,False
BDKN,True,True,UNMATCHED,NONE,False
BDKT,True,True,UNMATCHED,NONE,False
BDL,True,True,UNMATCHED,NONE,False
BDLN,True,True,UNMATCHED,NONE,False
BDM,True,True,UNMATCHED,NONE,False
BDMA,True,True,UNMATCHED,NONE,False
BDME,True,True,UNMATCHED,NONE,False
BDMJ,True,True,UNMATCHED,NONE,False
BDN,True,True,UNMATCHED,NONE,False
BDNP,True,True,UNMATCHED,NONE,False
BDO,True,True,UNMATCHED,NONE,False
BDPA,True,True,UNMATCHED,NONE,False
BDPG,True,True,UNMATCHED,NONE,False
BDPK,True,True,UNMATCHED,NONE,False
BDPL,True,True,UNMATCHED,NONE,False
BDPR,True,True,UNMATCHED,NONE,False
BDQ,True,True,UNMATCHED,NONE,False
BDRI,True,True,UNMATCHED,NONE,False
BDRL,True,True,UNMATCHED,NONE,False
BDS,True,True,UNMATCHED,NONE,False
BDSW,True,True,UNMATCHED,NONE,False
BDT,True,True,UNMATCHED,NONE,False
BDTS,True,True,UNMATCHED,NONE,False
BDU,True,True,UNMATCHED,NONE,False
BDUA,True,True,UNMATCHED,NONE,False
BDVL,True,True,UNMATCHED,NONE,False
BDVR,True,True,UNMATCHED,NONE,False
BDVT,True,True,UNMATCHED,NONE,False
BDW,True,True,UNMATCHED,NONE,False
BDWA,True,True,UNMATCHED,NONE,False
BDWD,True,True,UNMATCHED,NONE,False
BDWL,True,True,UNMATCHED,NONE,False
BDWS,True,True,UNMATCHED,NONE,False
BDXT,True,True,UNMATCHED,NONE,False
BDXX,True,True,UNMATCHED,NONE,False
BDY,True,True,MATCHED,HIGH,True
BDYK,True,True,UNMATCHED,NONE,False
BDYP,True,True,UNMATCHED,NONE,False
BDYR,True,True,UNMATCHED,NONE,False
BDZ,True,True,UNMATCHED,NONE,False
BE,True,True,UNMATCHED,NONE,False
BEA,True,True,UNMATCHED,NONE,False
BEAS,True,True,UNMATCHED,NONE,False
BEB,True,True,UNMATCHED,NONE,False
BED,True,True,UNMATCHED,NONE,False
BEDM,True,True,UNMATCHED,NONE,False
BEE,True,True,UNMATCHED,NONE,False
BEF,True,True,UNMATCHED,NONE,False
BEG,True,True,UNMATCHED,NONE,False
BEH,True,True,UNMATCHED,NONE,False
BEHJ,True,True,UNMATCHED,NONE,False
BEHR,True,True,UNMATCHED,NONE,False
BEHS,True,True,UNMATCHED,NONE,False
BEHT,True,True,UNMATCHED,NONE,False
BEJ,True,True,UNMATCHED,NONE,False
BEK,True,True,UNMATCHED,NONE,False
BELA,True,True,UNMATCHED,NONE,False
BELD,True,True,UNMATCHED,NONE,False
BELT,True,True,UNMATCHED,NONE,False
BEM,True,True,UNMATCHED,NONE,False
BEML,True,True,UNMATCHED,NONE,False
BENL,True,True,UNMATCHED,NONE,False
BEO,True,True,UNMATCHED,NONE,False
BEP,True,True,UNMATCHED,NONE,False
BEPR,True,True,UNMATCHED,NONE,False
BEQ,True,True,UNMATCHED,NONE,False
BER,True,True,UNMATCHED,NONE,False
BERO,True,True,UNMATCHED,NONE,False
BES,True,True,UNMATCHED,NONE,False
BET,True,True,UNMATCHED,NONE,False
BETI,True,True,UNMATCHED,NONE,False
BEW,True,True,UNMATCHED,NONE,False
BEX,True,True,UNMATCHED,NONE,False
BEY,True,True,UNMATCHED,NONE,False
BFD,True,True,UNMATCHED,NONE,False
BFE,True,True,UNMATCHED,NONE,False
BFF,True,True,UNMATCHED,NONE,False
BFG,True,True,UNMATCHED,NONE,False
BFJ,True,True,UNMATCHED,NONE,False
BFM,True,True,UNMATCHED,NONE,False
BFP,True,True,UNMATCHED,NONE,False
BFPA,True,True,UNMATCHED,NONE,False
BFQ,True,True,UNMATCHED,NONE,False
BFR,True,True,UNMATCHED,NONE,False
BFT,True,True,UNMATCHED,NONE,False
BFW,True,True,MATCHED,HIGH,True
BFZ,True,True,UNMATCHED,NONE,False
BG,True,True,UNMATCHED,NONE,False
BGA,True,True,UNMATCHED,NONE,False
BGAE,True,True,UNMATCHED,NONE,False
BGAR,True,True,UNMATCHED,NONE,False
BGB,True,True,UNMATCHED,NONE,False
BGBR,True,True,UNMATCHED,NONE,False
BGD,True,True,UNMATCHED,NONE,False
BGDI,True,True,UNMATCHED,NONE,False
BGDS,True,True,UNMATCHED,NONE,False
BGF,True,True,UNMATCHED,NONE,False
BGG,True,True,UNMATCHED,NONE,False
BGH,True,True,UNMATCHED,NONE,False
BGHI,True,True,UNMATCHED,NONE,False
BGHU,True,True,UNMATCHED,NONE,False
BGJT,True,True,UNMATCHED,NONE,False
BGK,True,True,UNMATCHED,NONE,False
BGKA,True,True,UNMATCHED,NONE,False
BGKT,True,True,UNMATCHED,NONE,False
BGL,True,True,UNMATCHED,NONE,False
BGLI,True,True,UNMATCHED,NONE,False
BGM,True,True,UNMATCHED,NONE,False
BGMR,True,True,UNMATCHED,NONE,False
BGMU,True,True,UNMATCHED,NONE,False
BGN,True,True,UNMATCHED,NONE,False
BGNA,True,True,UNMATCHED,NONE,False
BGND,True,True,UNMATCHED,NONE,False
BGNP,True,True,UNMATCHED,NONE,False
BGNR,True,True,UNMATCHED,NONE,False
BGO,True,True,UNMATCHED,NONE,False
BGP,True,True,UNMATCHED,NONE,False
BGPA,True,True,UNMATCHED,NONE,False
BGPL,True,True,UNMATCHED,NONE,False
BGQ,True,True,UNMATCHED,NONE,False
BGRA,True,True,UNMATCHED,NONE,False
BGRD,True,True,UNMATCHED,NONE,False
BGRM,True,True,UNMATCHED,NONE,False
BGRR,True,True,UNMATCHED,NONE,False
BGS,True,True,UNMATCHED,NONE,False
BGSF,True,True,UNMATCHED,NONE,False
BGTA,True,True,UNMATCHED,NONE,False
BGTN,True,True,UNMATCHED,NONE,False
BGU,True,True,UNMATCHED,NONE,False
BGUA,True,True,UNMATCHED,NONE,False
BGVN,True,True,UNMATCHED,NONE,False
BGWD,True,True,UNMATCHED,NONE,False
BGWI,True,True,UNMATCHED,NONE,False
BGY,True,True,UNMATCHED,NONE,False
BGZ,True,True,UNMATCHED,NONE,False
BH,True,True,UNMATCHED,NONE,False
BHA,True,True,UNMATCHED,NONE,False
BHAL,True,True,UNMATCHED,NONE,False
BHAN,True,True,UNMATCHED,NONE,False
BHAS,True,True,UNMATCHED,NONE,False
BHAT,True,True,UNMATCHED,NONE,False
BHAU,True,True,UNMATCHED,NONE,False
BHAW,True,True,UNMATCHED,NONE,False
BHB,True,True,UNMATCHED,NONE,False
BHBK,True,True,UNMATCHED,NONE,False
BHBR,True,True,UNMATCHED,NONE,False
BHBV,True,True,UNMATCHED,NONE,False
BHC,True,True,UNMATCHED,NONE,False
BHCL,True,True,UNMATCHED,NONE,False
BHD,True,True,UNMATCHED,NONE,False
BHDH,True,True,UNMATCHED,NONE,False
BHDR,True,True,UNMATCHED,NONE,False
BHET,True,True,UNMATCHED,NONE,False
BHGH,True,True,UNMATCHED,NONE,False
BHGN,True,True,UNMATCHED,NONE,False
BHGP,True,True,UNMATCHED,NONE,False
BHHZ,True,True,UNMATCHED,NONE,False
BHI,True,True,UNMATCHED,NONE,False
BHJ,True,True,UNMATCHED,NONE,False
BHJA,True,True,UNMATCHED,NONE,False
BHK,True,True,UNMATCHED,NONE,False
BHKA,True,True,UNMATCHED,NONE,False
BHKD,True,True,UNMATCHED,NONE,False
BHKH,True,True,UNMATCHED,NONE,False
BHKL,True,True,UNMATCHED,NONE,False
BHL,True,True,UNMATCHED,NONE,False
BHLA,True,True,UNMATCHED,NONE,False
BHLE,True,True,UNMATCHED,NONE,False
BHLK,True,True,UNMATCHED,NONE,False
BHLP,True,True,UNMATCHED,NONE,False
BHM,True,True,UNMATCHED,NONE,False
BHMA,True,True,UNMATCHED,NONE,False
BHME,True,True,UNMATCHED,NONE,False
BHMW,True,True,UNMATCHED,NONE,False
BHN,True,True,UNMATCHED,NONE,False
BHNA,True,True,UNMATCHED,NONE,False
BHNE,True,True,UNMATCHED,NONE,False
BHNG,True,True,UNMATCHED,NONE,False
BHNP,True,True,UNMATCHED,NONE,False
BHNS,True,True,UNMATCHED,NONE,False
BHP,True,True,UNMATCHED,NONE,False
BHPA,True,True,UNMATCHED,NONE,False
BHR,True,True,UNMATCHED,NONE,False
BHRB,True,True,UNMATCHED,NONE,False
BHRH,True,True,UNMATCHED,NONE,False
BHRJ,True,True,UNMATCHED,NONE,False
BHRL,True,True,UNMATCHED,NONE,False
BHRM,True,True,UNMATCHED,NONE,False
BHS,True,True,UNMATCHED,NONE,False
BHSA,True,True,UNMATCHED,NONE,False
BHT,True,True,UNMATCHED,NONE,False
BHTA,True,True,UNMATCHED,NONE,False
BHTK,True,True,UNMATCHED,NONE,False
BHTL,True,True,UNMATCHED,NONE,False
BHTN,True,True,UNMATCHED,NONE,False
BHTR,True,True,UNMATCHED,NONE,False
BHTS,True,True,UNMATCHED,NONE,False
BHU,True,True,UNMATCHED,NONE,False
BHUA,True,True,UNMATCHED,NONE,False
BHUJ,True,True,UNMATCHED,NONE,False
BHW,True,True,UNMATCHED,NONE,False
BHX,True,True,UNMATCHED,NONE,False
BHY,True,True,UNMATCHED,NONE,False
BHZ,True,True,UNMATCHED,NONE,False
BIA,True,True,UNMATCHED,NONE,False
BIB,True,True,UNMATCHED,NONE,False
BIC,True,True,UNMATCHED,NONE,False
BICI,True,True,UNMATCHED,NONE,False
BID,True,True,UNMATCHED,NONE,False
BIDD,True,True,UNMATCHED,NONE,False
BIDR,True,True,UNMATCHED,NONE,False
BIF,True,True,UNMATCHED,NONE,False
BIG,True,True,UNMATCHED,NONE,False
BIGA,True,True,UNMATCHED,NONE,False
BIH,True,True,UNMATCHED,NONE,False
BII,True,True,UNMATCHED,NONE,False
BIJ,True,True,UNMATCHED,NONE,False
BIJR,True,True,UNMATCHED,NONE,False
BIK,True,True,UNMATCHED,NONE,False
BILA,True,True,UNMATCHED,NONE,False
BILD,True,True,UNMATCHED,NONE,False
BILK,True,True,UNMATCHED,NONE,False
BILP,True,True,UNMATCHED,NONE,False
BIM,True,True,UNMATCHED,NONE,False
BIML,True,True,UNMATCHED,NONE,False
BINA,True,True,UNMATCHED,NONE,False
BINR,True,True,UNMATCHED,NONE,False
BIO,True,True,UNMATCHED,NONE,False
BIP,True,True,UNMATCHED,NONE,False
BIPR,True,True,UNMATCHED,NONE,False
BIQ,True,True,UNMATCHED,NONE,False
BIR,True,True,UNMATCHED,NONE,False
BIRA,True,True,MATCHED,MEDIUM,True
BIRD,True,True,UNMATCHED,NONE,False
BIRL,True,True,UNMATCHED,NONE,False
BIRP,True,True,UNMATCHED,NONE,False
BIS,True,True,UNMATCHED,NONE,False
BISH,True,True,UNMATCHED,NONE,False
BIWK,True,True,UNMATCHED,NONE,False
BIX,True,True,UNMATCHED,NONE,False
BIY,True,True,UNMATCHED,NONE,False
BIZ,True,True,UNMATCHED,NONE,False
BJ,True,True,UNMATCHED,NONE,False
BJA,True,True,UNMATCHED,NONE,False
BJBA,True,True,UNMATCHED,NONE,False
BJD,True,True,UNMATCHED,NONE,False
BJE,True,True,UNMATCHED,NONE,False
BJF,True,True,UNMATCHED,NONE,False
BJG,True,True,UNMATCHED,NONE,False
BJI,True,True,UNMATCHED,NONE,False
BJIH,True,True,UNMATCHED,NONE,False
BJK,True,True,UNMATCHED,NONE,False
BJKN,True,True,UNMATCHED,NONE,False
BJL,True,True,UNMATCHED,NONE,False
BJM,True,True,UNMATCHED,NONE,False
BJMD,True,True,UNMATCHED,NONE,False
BJMR,True,True,UNMATCHED,NONE,False
BJN,True,True,UNMATCHED,NONE,False
BJNR,True,True,UNMATCHED,NONE,False
BJO,True,True,UNMATCHED,NONE,False
BJP,True,True,UNMATCHED,NONE,False
BJPL,True,True,UNMATCHED,NONE,False
BJPR,True,True,UNMATCHED,NONE,False
BJQ,True,True,UNMATCHED,NONE,False
BJR,True,True,UNMATCHED,NONE,False
BJRA,True,True,UNMATCHED,NONE,False
BJRI,True,True,UNMATCHED,NONE,False
BJT,True,True,UNMATCHED,NONE,False
BJU,True,True,UNMATCHED,NONE,False
BJUD,True,True,UNMATCHED,NONE,False
BJV,True,True,UNMATCHED,NONE,False
BJW,True,True,UNMATCHED,NONE,False
BJWS,True,True,UNMATCHED,NONE,False
BJY,True,True,UNMATCHED,NONE,False
BK,True,True,UNMATCHED,NONE,False
BKA,True,True,UNMATCHED,NONE,False
BKAC,True,True,UNMATCHED,NONE,False
BKC,True,True,UNMATCHED,NONE,False
BKD,True,True,UNMATCHED,NONE,False
BKDE,True,True,UNMATCHED,NONE,False
BKDR,True,True,UNMATCHED,NONE,False
BKG,True,True,UNMATCHED,NONE,False
BKH,True,True,UNMATCHED,NONE,False
BKHR,True,True,UNMATCHED,NONE,False
BKI,True,True,UNMATCHED,NONE,False
BKIT,True,True,UNMATCHED,NONE,False
BKJ,True,True,UNMATCHED,NONE,False
BKKA,True,True,UNMATCHED,NONE,False
BKKI,True,True,UNMATCHED,NONE,False
BKKS,True,True,UNMATCHED,NONE,False
BKL,True,True,UNMATCHED,NONE,False
BKLA,True,True,UNMATCHED,NONE,False
BKLE,True,True,UNMATCHED,NONE,False
BKN,True,True,UNMATCHED,NONE,False
BKNA,True,True,UNMATCHED,NONE,False
BKNG,True,True,UNMATCHED,NONE,False
BKNM,True,True,UNMATCHED,NONE,False
BKNO,True,True,UNMATCHED,NONE,False
BKO,True,True,UNMATCHED,NONE,False
BKP,True,True,UNMATCHED,NONE,False
BKPR,True,True,UNMATCHED,NONE,False
BKPT,True,True,UNMATCHED,NONE,False
BKRD,True,True,UNMATCHED,NONE,False
BKRH,True,True,UNMATCHED,NONE,False
BKRL,True,True,UNMATCHED,NONE,False
BKRO,True,True,UNMATCHED,NONE,False
BKS,True,True,UNMATCHED,NONE,False
BKSA,True,True,UNMATCHED,NONE,False
BKSC,True,True,UNMATCHED,NONE,False
BKSL,True,True,UNMATCHED,NONE,False
BKTB,True,True,UNMATCHED,NONE,False
BKTH,True,True,UNMATCHED,NONE,False
BKTL,True,True,UNMATCHED,NONE,False
BKTS,True,True,UNMATCHED,NONE,False
BKTW,True,True,UNMATCHED,NONE,False
BKU,True,True,UNMATCHED,NONE,False
BKWA,True,True,UNMATCHED,NONE,False
BL,True,True,UNMATCHED,NONE,False
BLA,True,True,UNMATCHED,NONE,False
BLAE,True,True,UNMATCHED,NONE,False
BLAX,True,True,UNMATCHED,NONE,False
BLC,True,True,UNMATCHED,NONE,False
BLD,True,True,UNMATCHED,NONE,False
BLDA,True,True,UNMATCHED,NONE,False
BLDI,True,True,UNMATCHED,NONE,False
BLDK,True,True,UNMATCHED,NONE,False
BLDL,True,True,UNMATCHED,NONE,False
BLG,True,True,UNMATCHED,NONE,False
BLGA,True,True,UNMATCHED,NONE,False
BLGH,True,True,UNMATCHED,NONE,False
BLGR,True,True,UNMATCHED,NONE,False
BLGT,True,True,UNMATCHED,NONE,False
BLH,True,True,UNMATCHED,NONE,False
BLJA,True,True,UNMATCHED,NONE,False
BLK,True,True,UNMATCHED,NONE,False
BLKR,True,True,UNMATCHED,NONE,False
BLL,True,True,UNMATCHED,NONE,False
BLLI,True,True,UNMATCHED,NONE,False
BLM,True,True,UNMATCHED,NONE,False
BLME,True,True,UNMATCHED,NONE,False
BLMK,True,True,UNMATCHED,NONE,False
BLMR,True,True,UNMATCHED,NONE,False
BLN,True,True,UNMATCHED,NONE,False
BLND,True,True,UNMATCHED,NONE,False
BLNG,True,True,UNMATCHED,NONE,False
BLNI,True,True,UNMATCHED,NONE,False
BLNK,True,True,UNMATCHED,NONE,False
BLNR,True,True,UNMATCHED,NONE,False
BLO,True,True,UNMATCHED,NONE,False
BLP,True,True,UNMATCHED,NONE,False
BLPE,True,True,UNMATCHED,NONE,False
BLPR,True,True,UNMATCHED,NONE,False
BLPU,True,True,UNMATCHED,NONE,False
BLQR,True,True,UNMATCHED,NONE,False
BLR,True,True,UNMATCHED,NONE,False
BLRD,True,True,UNMATCHED,NONE,False
BLRE,True,True,UNMATCHED,NONE,False
BLRG,True,True,UNMATCHED,NONE,False
BLRR,True,True,UNMATCHED,NONE,False
BLS,True,True,UNMATCHED,NONE,False
BLSA,True,True,UNMATCHED,NONE,False
BLSD,True,True,UNMATCHED,NONE,False
BLSN,True,True,UNMATCHED,NONE,False
BLSR,True,True,UNMATCHED,NONE,False
BLT,True,True,UNMATCHED,NONE,False
BLTR,True,True,UNMATCHED,NONE,False
BLU,True,True,UNMATCHED,NONE,False
BLW,True,True,UNMATCHED,NONE,False
BLWD,True,True,UNMATCHED,NONE,False
BLWR,True,True,UNMATCHED,NONE,False
BLX,True,True,UNMATCHED,NONE,False
BLY,True,True,UNMATCHED,NONE,False
BLYG,True,True,UNMATCHED,NONE,False
BLYH,True,True,UNMATCHED,NONE,False
BLZ,True,True,UNMATCHED,NONE,False
BMA,True,True,UNMATCHED,NONE,False
BMAE,True,True,UNMATCHED,NONE,False
BMB,True,True,UNMATCHED,NONE,False
BMBE,True,True,UNMATCHED,NONE,False
BMCK,True,True,UNMATCHED,NONE,False
BMD,True,True,UNMATCHED,NONE,False
BME,True,True,UNMATCHED,NONE,False
BMF,True,True,UNMATCHED,NONE,False
BMG,True,True,UNMATCHED,NONE,False
BMGA,True,True,UNMATCHED,NONE,False
BMGM,True,True,UNMATCHED,NONE,False
BMGN,True,True,UNMATCHED,NONE,False
BMGR,True,True,UNMATCHED,NONE,False
BMH,True,True,UNMATCHED,NONE,False
BMHR,True,True,UNMATCHED,NONE,False
BMHT,True,True,UNMATCHED,NONE,False
BMI,True,True,UNMATCHED,NONE,False
BMJ,True,True,UNMATCHED,NONE,False
BMK,True,True,UNMATCHED,NONE,False
BMKD,True,True,UNMATCHED,NONE,False
BMKI,True,True,UNMATCHED,NONE,False
BMKJ,True,True,UNMATCHED,NONE,False
BMLL,True,True,UNMATCHED,NONE,False
BMN,True,True,UNMATCHED,NONE,False
BMNI,True,True,UNMATCHED,NONE,False
BMNL,True,True,UNMATCHED,NONE,False
BMO,True,True,UNMATCHED,NONE,False
BMP,True,True,UNMATCHED,NONE,False
BMPL,True,True,UNMATCHED,NONE,False
BMPR,True,True,UNMATCHED,NONE,False
BMPT,True,True,UNMATCHED,NONE,False
BMQ,True,True,UNMATCHED,NONE,False
BMR,True,True,UNMATCHED,NONE,False
BMRN,True,True,UNMATCHED,NONE,False
BMSB,True,True,UNMATCHED,NONE,False
BMSN,True,True,UNMATCHED,NONE,False
BMT,True,True,UNMATCHED,NONE,False
BMU,True,True,UNMATCHED,NONE,False
BMVR,True,True,UNMATCHED,NONE,False
BMW,True,True,UNMATCHED,NONE,False
BMY,True,True,UNMATCHED,NONE,False
BMZ,True,True,UNMATCHED,NONE,False
BN,True,True,UNMATCHED,NONE,False
BNA,True,True,UNMATCHED,NONE,False
BNAA,True,True,UNMATCHED,NONE,False
BNAR,True,True,UNMATCHED,NONE,False
BNB,True,True,UNMATCHED,NONE,False
BNBH,True,True,UNMATCHED,NONE,False
BNBR,True,True,UNMATCHED,NONE,False
BNC,True,True,UNMATCHED,NONE,False
BNCE,True,True,UNMATCHED,NONE,False
BNCR,True,True,UNMATCHED,NONE,False
BND,True,True,UNMATCHED,NONE,False
BNDA,True,True,UNMATCHED,NONE,False
BNDI,True,True,UNMATCHED,NONE,False
BNDM,True,True,UNMATCHED,NONE,False
BNDP,True,True,UNMATCHED,NONE,False
BNE,True,True,UNMATCHED,NONE,False
BNF,True,True,UNMATCHED,NONE,False
BNG,True,True,UNMATCHED,NONE,False
BNGL,True,True,UNMATCHED,NONE,False
BNGM,True,True,UNMATCHED,NONE,False
BNGN,True,True,UNMATCHED,NONE,False
BNGY,True,True,UNMATCHED,NONE,False
BNH,True,True,UNMATCHED,NONE,False
BNHR,True,True,UNMATCHED,NONE,False
BNI,True,True,UNMATCHED,NONE,False
BNJ,True,True,UNMATCHED,NONE,False
BNJL,True,True,UNMATCHED,NONE,False
BNK,True,True,UNMATCHED,NONE,False
BNKA,True,True,UNMATCHED,NONE,False
BNKH,True,True,UNMATCHED,NONE,False
BNKI,True,True,UNMATCHED,NONE,False
BNL,True,True,UNMATCHED,NONE,False
BNLS,True,True,UNMATCHED,NONE,False
BNLW,True,True,UNMATCHED,NONE,False
BNM,True,True,UNMATCHED,NONE,False
BNN,True,True,UNMATCHED,NONE,False
BNO,True,True,UNMATCHED,NONE,False
BNOD,True,True,UNMATCHED,NONE,False
BNP,True,True,UNMATCHED,NONE,False
BNPT,True,True,UNMATCHED,NONE,False
BNQ,True,True,UNMATCHED,NONE,False
BNQL,True,True,UNMATCHED,NONE,False
BNR,True,True,UNMATCHED,NONE,False
BNRD,True,True,UNMATCHED,NONE,False
BNS,True,True,UNMATCHED,NONE,False
BNSL,True,True,UNMATCHED,NONE,False
BNSR,True,True,UNMATCHED,NONE,False
BNT,True,True,UNMATCHED,NONE,False
BNTH,True,True,UNMATCHED,NONE,False
BNTL,True,True,UNMATCHED,NONE,False
BNU,True,True,UNMATCHED,NONE,False
BNV,True,True,UNMATCHED,NONE,False
BNVD,True,True,UNMATCHED,NONE,False
BNW,True,True,UNMATCHED,NONE,False
BNWC,True,True,UNMATCHED,NONE,False
BNWD,True,True,UNMATCHED,NONE,False
BNXR,True,True,UNMATCHED,NONE,False
BNY,True,True,UNMATCHED,NONE,False
BNZ,True,True,UNMATCHED,NONE,False
BO,True,True,UNMATCHED,NONE,False
BOBS,True,True,UNMATCHED,NONE,False
BOD,True,True,UNMATCHED,NONE,False
BOE,True,True,UNMATCHED,NONE,False
BOF,True,True,UNMATCHED,NONE,False
BOG,True,True,UNMATCHED,NONE,False
BOI,True,True,UNMATCHED,NONE,False
BOJ,True,True,UNMATCHED,NONE,False
BOK,True,True,UNMATCHED,NONE,False
BOKE,True,True,UNMATCHED,NONE,False
BOKO,True,True,UNMATCHED,NONE,False
BOKR,True,True,UNMATCHED,NONE,False
BOM,True,True,UNMATCHED,NONE,False
BOMN,True,True,UNMATCHED,NONE,False
BON,True,True,UNMATCHED,NONE,False
BONA,True,True,UNMATCHED,NONE,False
BOP,True,True,UNMATCHED,NONE,False
BOR,True,True,UNMATCHED,NONE,False
BORA,True,True,UNMATCHED,NONE,False
BORD,True,True,UNMATCHED,NONE,False
BORT,True,True,UNMATCHED,NONE,False
BOT,True,True,UNMATCHED,NONE,False
BOTR,True,True,UNMATCHED,NONE,False
BOW,True,True,UNMATCHED,NONE,False
BOY,True,True,UNMATCHED,NONE,False
BOZ,True,True,UNMATCHED,NONE,False
BP,True,True,UNMATCHED,NONE,False
BPA,True,True,UNMATCHED,NONE,False
BPAE,True,True,UNMATCHED,NONE,False
BPB,True,True,UNMATCHED,NONE,False
BPC,True,True,UNMATCHED,NONE,False
BPD,True,True,UNMATCHED,NONE,False
BPE,True,True,UNMATCHED,NONE,False
BPF,True,True,UNMATCHED,NONE,False
BPGR,True,True,UNMATCHED,NONE,False
BPH,True,True,UNMATCHED,NONE,False
BPHB,True,True,UNMATCHED,NONE,False
BPJ,True,True,UNMATCHED,NONE,False
BPK,True,True,UNMATCHED,NONE,False
BPKA,True,True,UNMATCHED,NONE,False
BPKH,True,True,UNMATCHED,NONE,False
BPL,True,True,UNMATCHED,NONE,False
BPM,True,True,UNMATCHED,NONE,False
BPN,True,True,UNMATCHED,NONE,False
BPO,True,True,UNMATCHED,NONE,False
BPP,True,True,UNMATCHED,NONE,False
BPQ,True,True,UNMATCHED,NONE,False
BPR,True,True,UNMATCHED,NONE,False
BPRA,True,True,UNMATCHED,NONE,False
BPRD,True,True,UNMATCHED,NONE,False
BPRH,True,True,UNMATCHED,NONE,False
BPRS,True,True,UNMATCHED,NONE,False
BPS,True,True,UNMATCHED,NONE,False
BPU,True,True,UNMATCHED,NONE,False
BPV,True,True,UNMATCHED,NONE,False
BPW,True,True,UNMATCHED,NONE,False
BPY,True,True,UNMATCHED,NONE,False
BPZ,True,True,UNMATCHED,NONE,False
BQA,True,True,UNMATCHED,NONE,False
BQE,True,True,UNMATCHED,NONE,False
BQG,True,True,UNMATCHED,NONE,False
BQH,True,True,UNMATCHED,NONE,False
BQI,True,True,MATCHED,HIGH,True
BQM,True,True,UNMATCHED,NONE,False
BQN,True,True,UNMATCHED,NONE,False
BQP,True,True,UNMATCHED,NONE,False
BQQ,True,True,UNMATCHED,NONE,False
BQR,True,True,UNMATCHED,NONE,False
BQU,True,True,UNMATCHED,NONE,False
BQW,True,True,UNMATCHED,NONE,False
BQY,True,True,UNMATCHED,NONE,False
BQZ,True,True,UNMATCHED,NONE,False
BR,True,True,UNMATCHED,NONE,False
BRA,True,True,UNMATCHED,NONE,False
BRAG,True,True,UNMATCHED,NONE,False
BRAM,True,True,UNMATCHED,NONE,False
BRB,True,True,UNMATCHED,NONE,False
BRBD,True,True,UNMATCHED,NONE,False
BRBL,True,True,UNMATCHED,NONE,False
BRBS,True,True,UNMATCHED,NONE,False
BRC,True,True,UNMATCHED,NONE,False
BRCK,True,True,UNMATCHED,NONE,False
BRD,True,True,UNMATCHED,NONE,False
BRDB,True,True,UNMATCHED,NONE,False
BRDT,True,True,UNMATCHED,NONE,False
BRDV,True,True,UNMATCHED,NONE,False
BRE,True,True,UNMATCHED,NONE,False
BRG,True,True,UNMATCHED,NONE,False
BRGA,True,True,UNMATCHED,NONE,False
BRGJ,True,True,UNMATCHED,NONE,False
BRGL,True,True,UNMATCHED,NONE,False
BRGM,True,True,UNMATCHED,NONE,False
BRGT,True,True,UNMATCHED,NONE,False
BRGW,True,True,UNMATCHED,NONE,False
BRH,True,True,UNMATCHED,NONE,False
BRHI,True,True,UNMATCHED,NONE,False
BRHL,True,True,UNMATCHED,NONE,False
BRHT,True,True,UNMATCHED,NONE,False
BRHU,True,True,UNMATCHED,NONE,False
BRI,True,True,UNMATCHED,NONE,False
BRIH,True,True,UNMATCHED,NONE,False
BRJ,True,True,UNMATCHED,NONE,False
BRJN,True,True,UNMATCHED,NONE,False
BRK,True,True,UNMATCHED,NONE,False
BRKA,True,True,UNMATCHED,NONE,False
BRKB,True,True,UNMATCHED,NONE,False
BRKP,True,True,UNMATCHED,NONE,False
BRKY,True,True,UNMATCHED,NONE,False
BRL,True,True,UNMATCHED,NONE,False
BRLA,True,True,UNMATCHED,NONE,False
BRLF,True,True,UNMATCHED,NONE,False
BRLY,True,True,UNMATCHED,NONE,False
BRM,True,True,UNMATCHED,NONE,False
BRMA,True,True,UNMATCHED,NONE,False
BRMD,True,True,UNMATCHED,NONE,False
BRMH,True,True,UNMATCHED,NONE,False
BRMI,True,True,UNMATCHED,NONE,False
BRML,True,True,UNMATCHED,NONE,False
BRMO,True,True,UNMATCHED,NONE,False
BRMP,True,True,UNMATCHED,NONE,False
BRMR,True,True,UNMATCHED,NONE,False
BRMT,True,True,UNMATCHED,NONE,False
BRMX,True,True,UNMATCHED,NONE,False
BRN,True,True,UNMATCHED,NONE,False
BRNA,True,True,UNMATCHED,NONE,False
BRND,True,True,UNMATCHED,NONE,False
BRNI,True,True,UNMATCHED,NONE,False
BRNR,True,True,UNMATCHED,NONE,False
BROR,True,True,UNMATCHED,NONE,False
BRP,True,True,UNMATCHED,NONE,False
BRPA,True,True,UNMATCHED,NONE,False
BRPK,True,True,UNMATCHED,NONE,False
BRPL,True,True,UNMATCHED,NONE,False
BRPS,True,True,UNMATCHED,NONE,False
BRPT,True,True,UNMATCHED,NONE,False
BRQ,True,True,UNMATCHED,NONE,False
BRR,True,True,UNMATCHED,NONE,False
BRRD,True,True,UNMATCHED,NONE,False
BRRG,True,True,UNMATCHED,NONE,False
BRRI,True,True,UNMATCHED,NONE,False
BRRZ,True,True,UNMATCHED,NONE,False
BRS,True,True,UNMATCHED,NONE,False
BRSA,True,True,UNMATCHED,NONE,False
BRSQ,True,True,UNMATCHED,NONE,False
BRST,True,True,UNMATCHED,NONE,False
BRTA,True,True,UNMATCHED,NONE,False
BRTG,True,True,UNMATCHED,NONE,False
BRTK,True,True,UNMATCHED,NONE,False
BRU,True,True,UNMATCHED,NONE,False
BRUD,True,True,UNMATCHED,NONE,False
BRVR,True,True,UNMATCHED,NONE,False
BRW,True,True,UNMATCHED,NONE,False
BRWD,True,True,UNMATCHED,NONE,False
BRWH,True,True,UNMATCHED,NONE,False
BRY,True,True,UNMATCHED,NONE,False
BRYA,True,True,UNMATCHED,NONE,False
BRYC,True,True,UNMATCHED,NONE,False
BRZ,True,True,UNMATCHED,NONE,False
BS,True,True,UNMATCHED,NONE,False
BSA,True,True,UNMATCHED,NONE,False
BSAE,True,True,UNMATCHED,NONE,False
BSB,True,True,UNMATCHED,NONE,False
BSBP,True,True,UNMATCHED,NONE,False
BSBR,True,True,UNMATCHED,NONE,False
BSC,True,True,UNMATCHED,NONE,False
BSCK,True,True,UNMATCHED,NONE,False
BSCP,True,True,UNMATCHED,NONE,False
BSD,True,True,UNMATCHED,NONE,False
BSDA,True,True,UNMATCHED,NONE,False
BSDL,True,True,UNMATCHED,NONE,False
BSDP,True,True,UNMATCHED,NONE,False
BSDR,True,True,UNMATCHED,NONE,False
BSE,True,True,UNMATCHED,NONE,False
BSGN,True,True,UNMATCHED,NONE,False
BSGR,True,True,UNMATCHED,NONE,False
BSHT,True,True,UNMATCHED,NONE,False
BSI,True,True,UNMATCHED,NONE,False
BSJ,True,True,UNMATCHED,NONE,False
BSKH,True,True,UNMATCHED,NONE,False
BSKO,True,True,UNMATCHED,NONE,False
BSKR,True,True,UNMATCHED,NONE,False
BSL,True,True,UNMATCHED,NONE,False
BSLA,True,True,UNMATCHED,NONE,False
BSLE,True,True,UNMATCHED,NONE,False
BSM,True,True,MATCHED,HIGH,True
BSN,True,True,UNMATCHED,NONE,False
BSP,True,True,UNMATCHED,NONE,False
BSPH,True,True,UNMATCHED,NONE,False
BSPL,True,True,UNMATCHED,NONE,False
BSPN,True,True,UNMATCHED,NONE,False
BSPR,True,True,UNMATCHED,NONE,False
BSPX,True,True,UNMATCHED,NONE,False
BSQ,True,True,UNMATCHED,NONE,False
BSQP,True,True,UNMATCHED,NONE,False
BSR,True,True,UNMATCHED,NONE,False
BSRI,True,True,UNMATCHED,NONE,False
BSRL,True,True,UNMATCHED,NONE,False
BSRX,True,True,UNMATCHED,NONE,False
BSS,True,True,UNMATCHED,NONE,False
BSSL,True,True,UNMATCHED,NONE,False
BST,True,True,UNMATCHED,NONE,False
BSTP,True,True,UNMATCHED,NONE,False
BSUR,True,True,UNMATCHED,NONE,False
BSW,True,True,UNMATCHED,NONE,False
BSWA,True,True,UNMATCHED,NONE,False
BSWD,True,True,UNMATCHED,NONE,False
BSX,True,True,UNMATCHED,NONE,False
BSY,True,True,UNMATCHED,NONE,False
BSYA,True,True,UNMATCHED,NONE,False
BSZ,True,True,UNMATCHED,NONE,False
BT,True,True,UNMATCHED,NONE,False
BTA,True,True,UNMATCHED,NONE,False
BTBR,True,True,UNMATCHED,NONE,False
BTC,True,True,UNMATCHED,NONE,False
BTD,True,True,UNMATCHED,NONE,False
BTDF,True,True,UNMATCHED,NONE,False
BTDR,True,True,UNMATCHED,NONE,False
BTE,True,True,UNMATCHED,NONE,False
BTF,True,True,UNMATCHED,NONE,False
BTG,True,True,UNMATCHED,NONE,False
BTGH,True,True,UNMATCHED,NONE,False
BTH,True,True,UNMATCHED,NONE,False
BTHL,True,True,UNMATCHED,NONE,False
BTI,True,True,UNMATCHED,NONE,False
BTIC,True,True,UNMATCHED,NONE,False
BTJ,True,True,UNMATCHED,NONE,False
BTJL,True,True,UNMATCHED,NONE,False
BTK,True,True,UNMATCHED,NONE,False
BTKB,True,True,UNMATCHED,NONE,False
BTKD,True,True,UNMATCHED,NONE,False
BTKP,True,True,UNMATCHED,NONE,False
BTL,True,True,UNMATCHED,NONE,False
BTM,True,True,UNMATCHED,NONE,False
BTNR,True,True,UNMATCHED,NONE,False
BTO,True,True,UNMATCHED,NONE,False
BTP,True,True,UNMATCHED,NONE,False
BTPD,True,True,UNMATCHED,NONE,False
BTPG,True,True,UNMATCHED,NONE,False
BTQ,True,True,UNMATCHED,NONE,False
BTR,True,True,UNMATCHED,NONE,False
BTRA,True,True,UNMATCHED,NONE,False
BTRB,True,True,UNMATCHED,NONE,False
BTRH,True,True,UNMATCHED,NONE,False
BTRI,True,True,UNMATCHED,NONE,False
BTRO,True,True,UNMATCHED,NONE,False
BTS,True,True,UNMATCHED,NONE,False
BTSD,True,True,UNMATCHED,NONE,False
BTSI,True,True,UNMATCHED,NONE,False
BTSR,True,True,UNMATCHED,NONE,False
BTT,True,True,UNMATCHED,NONE,False
BTTN,True,True,UNMATCHED,NONE,False
BTTR,True,True,UNMATCHED,NONE,False
BTU,True,True,UNMATCHED,NONE,False
BTV,True,True,UNMATCHED,NONE,False
BTVA,True,True,UNMATCHED,NONE,False
BTW,True,True,UNMATCHED,NONE,False
BTX,True,True,UNMATCHED,NONE,False
BTY,True,True,UNMATCHED,NONE,False
BTZ,True,True,UNMATCHED,NONE,False
BU,True,True,UNMATCHED,NONE,False
BUA,True,True,UNMATCHED,NONE,False
BUB,True,True,UNMATCHED,NONE,False
BUBR,True,True,UNMATCHED,NONE,False
BUBT,True,True,UNMATCHED,NONE,False
BUD,True,True,UNMATCHED,NONE,False
BUDA,True,True,UNMATCHED,NONE,False
BUDI,True,True,UNMATCHED,NONE,False
BUDM,True,True,UNMATCHED,NONE,False
BUDR,True,True,UNMATCHED,NONE,False
BUE,True,True,UNMATCHED,NONE,False
BUF,True,True,UNMATCHED,NONE,False
BUG,True,True,UNMATCHED,NONE,False
BUGL,True,True,UNMATCHED,NONE,False
BUGM,True,True,UNMATCHED,NONE,False
BUGY,True,True,UNMATCHED,NONE,False
BUH,True,True,UNMATCHED,NONE,False
BUI,True,True,UNMATCHED,NONE,False
BUJ,True,True,UNMATCHED,NONE,False
BUL,True,True,UNMATCHED,NONE,False
BUM,True,True,UNMATCHED,NONE,False
BUP,True,True,UNMATCHED,NONE,False
BUPH,True,True,UNMATCHED,NONE,False
BUQ,True,True,UNMATCHED,NONE,False
BUR,True,True,UNMATCHED,NONE,False
BURA,True,True,UNMATCHED,NONE,False
BURN,True,True,UNMATCHED,NONE,False
BUS,True,True,UNMATCHED,NONE,False
BUT,True,True,UNMATCHED,NONE,False
BUTA,True,True,UNMATCHED,NONE,False
BUTN,True,True,UNMATCHED,NONE,False
BUU,True,True,UNMATCHED,NONE,False
BUW,True,True,UNMATCHED,NONE,False
BUX,True,True,UNMATCHED,NONE,False
BV,True,True,UNMATCHED,NONE,False
BVA,True,True,UNMATCHED,NONE,False
BVC,True,True,UNMATCHED,NONE,False
BVH,True,True,UNMATCHED,NONE,False
BVI,True,True,UNMATCHED,NONE,False
BVL,True,True,UNMATCHED,NONE,False
BVM,True,True,UNMATCHED,NONE,False
BVN,True,True,UNMATCHED,NONE,False
BVNR,True,True,UNMATCHED,NONE,False
BVO,True,True,UNMATCHED,NONE,False
BVP,True,True,UNMATCHED,NONE,False
BVQ,True,True,UNMATCHED,NONE,False
BVR,True,True,UNMATCHED,NONE,False
BVRM,True,True,UNMATCHED,NONE,False
BVRT,True,True,UNMATCHED,NONE,False
BVS,True,True,UNMATCHED,NONE,False
BVU,True,True,UNMATCHED,NONE,False
BVV,True,True,UNMATCHED,NONE,False
BVW,True,True,UNMATCHED,NONE,False
BVZ,True,True,UNMATCHED,NONE,False
BW,True,True,UNMATCHED,NONE,False
BWA,True,True,UNMATCHED,NONE,False
BWB,True,True,UNMATCHED,NONE,False
BWBN,True,True,UNMATCHED,NONE,False
BWC,True,True,UNMATCHED,NONE,False
BWCN,True,True,UNMATCHED,NONE,False
BWD,True,True,UNMATCHED,NONE,False
BWF,True,True,UNMATCHED,NONE,False
BWH,True,True,UNMATCHED,NONE,False
BWI,True,True,UNMATCHED,NONE,False
BWIP,True,True,UNMATCHED,NONE,False
BWK,True,True,UNMATCHED,NONE,False
BWL,True,True,UNMATCHED,NONE,False
BWM,True,True,UNMATCHED,NONE,False
BWN,True,True,UNMATCHED,NONE,False
BWO,True,True,UNMATCHED,NONE,False
BWP,True,True,UNMATCHED,NONE,False
BWPB,True,True,UNMATCHED,NONE,False
BWPL,True,True,UNMATCHED,NONE,False
BWR,True,True,UNMATCHED,NONE,False
BWRA,True,True,UNMATCHED,NONE,False
BWS,True,True,UNMATCHED,NONE,False
BWSN,True,True,UNMATCHED,NONE,False
BWT,True,True,MATCHED,HIGH,True
BWV,True,True,UNMATCHED,NONE,False
BWW,True,True,UNMATCHED,NONE,False
BWX,True,True,UNMATCHED,NONE,False
BWZ,True,True,UNMATCHED,NONE,False
BXA,True,True,UNMATCHED,NONE,False
BXB,True,True,MATCHED,MEDIUM,True
BXC,True,True,UNMATCHED,NONE,False
BXF,True,True,UNMATCHED,NONE,False
BXG,True,True,UNMATCHED,NONE,False
BXHT,True,True,UNMATCHED,NONE,False
BXJ,True,True,UNMATCHED,NONE,False
BXK,True,True,UNMATCHED,NONE,False
BXL,True,True,UNMATCHED,NONE,False
BXLL,True,True,UNMATCHED,NONE,False
BXM,True,True,UNMATCHED,NONE,False
BXN,True,True,UNMATCHED,NONE,False
BXP,True,True,UNMATCHED,NONE,False
BXQ,True,True,UNMATCHED,NONE,False
BXR,True,True,UNMATCHED,NONE,False
BXS,True,True,UNMATCHED,NONE,False
BXT,True,True,UNMATCHED,NONE,False
BXY,True,True,UNMATCHED,NONE,False
BY,True,True,UNMATCHED,NONE,False
BYC,True,True,UNMATCHED,NONE,False
BYD,True,True,UNMATCHED,NONE,False
BYH,True,True,UNMATCHED,NONE,False
BYHA,True,True,UNMATCHED,NONE,False
BYL,True,True,UNMATCHED,NONE,False
BYN,True,True,UNMATCHED,NONE,False
BYNR,True,True,UNMATCHED,NONE,False
BYP,True,True,UNMATCHED,NONE,False
BYPL,True,True,UNMATCHED,NONE,False
BYQ,True,True,UNMATCHED,NONE,False
BYR,True,True,UNMATCHED,NONE,False
BYS,True,True,UNMATCHED,NONE,False
BYSA,True,True,UNMATCHED,NONE,False
BYT,True,True,UNMATCHED,NONE,False
BYXA,True,True,UNMATCHED,NONE,False
BYY,True,True,UNMATCHED,NONE,False
BYZA,True,True,UNMATCHED,NONE,False
BZ,True,True,UNMATCHED,NONE,False
BZA,True,True,UNMATCHED,NONE,False
BZB,True,True,UNMATCHED,NONE,False
BZC,True,True,UNMATCHED,NONE,False
BZG,True,True,UNMATCHED,NONE,False
BZGT,True,True,UNMATCHED,NONE,False
BZJT,True,True,UNMATCHED,NONE,False
BZK,True,True,UNMATCHED,NONE,False
BZL,True,True,UNMATCHED,NONE,False
BZLE,True,True,UNMATCHED,NONE,False
BZM,True,True,UNMATCHED,NONE,False
BZN,True,True,UNMATCHED,NONE,False
BZO,True,True,UNMATCHED,NONE,False
BZR,True,True,UNMATCHED,NONE,False
BZU,True,True,UNMATCHED,NONE,False
BZY,True,True,UNMATCHED,NONE,False
CAA,True,True,UNMATCHED,NONE,False
CABN,True,True,UNMATCHED,NONE,False
CAER,True,True,UNMATCHED,NONE,False
CAF,True,True,UNMATCHED,NONE,False
CAG,True,True,UNMATCHED,NONE,False
CAI,True,True,UNMATCHED,NONE,False
CAJ,True,True,UNMATCHED,NONE,False
CAM,True,True,UNMATCHED,NONE,False
CAMU,True,True,UNMATCHED,NONE,False
CAN,True,True,UNMATCHED,NONE,False
CAO,True,True,UNMATCHED,NONE,False
CAP,True,True,UNMATCHED,NONE,False
CAPC,True,True,UNMATCHED,NONE,False
CAPE,True,True,UNMATCHED,NONE,False
CAPG,True,True,UNMATCHED,NONE,False
CAR,True,True,UNMATCHED,NONE,False
CAS,True,True,UNMATCHED,NONE,False
CASA,True,True,UNMATCHED,NONE,False
CAT,True,True,UNMATCHED,NONE,False
CATA,True,True,UNMATCHED,NONE,False
CATD,True,True,UNMATCHED,NONE,False
CAZ,True,True,UNMATCHED,NONE,False
CBD,True,True,UNMATCHED,NONE,False
CBE,True,True,UNMATCHED,NONE,False
CBF,True,True,UNMATCHED,NONE,False
CBG,True,True,UNMATCHED,NONE,False
CBH,True,True,UNMATCHED,NONE,False
CBJ,True,True,UNMATCHED,NONE,False
CBK,True,True,UNMATCHED,NONE,False
CBM,True,True,UNMATCHED,NONE,False
CBN,True,True,UNMATCHED,NONE,False
CBP,True,True,UNMATCHED,NONE,False
CBR,True,True,UNMATCHED,NONE,False
CBSA,True,True,UNMATCHED,NONE,False
CBT,True,True,UNMATCHED,NONE,False
CBU,True,True,MATCHED,HIGH,True
CBX,True,True,UNMATCHED,NONE,False
CBY,True,True,UNMATCHED,NONE,False
CBZ,True,True,UNMATCHED,NONE,False
CC,True,True,UNMATCHED,NONE,False
CCA,True,True,UNMATCHED,NONE,False
CCAB,True,True,UNMATCHED,NONE,False
CCBG,True,True,UNMATCHED,NONE,False
CCD,True,True,UNMATCHED,NONE,False
CCG,True,True,UNMATCHED,NONE,False
CCH,True,True,UNMATCHED,NONE,False
CCI,True,True,UNMATCHED,NONE,False
CCK,True,True,UNMATCHED,NONE,False
CCL,True,True,UNMATCHED,NONE,False
CCO,True,True,UNMATCHED,NONE,False
CCP,True,True,UNMATCHED,NONE,False
CCT,True,True,UNMATCHED,NONE,False
CD,True,True,UNMATCHED,NONE,False
CDA,True,True,UNMATCHED,NONE,False
CDAE,True,True,UNMATCHED,NONE,False
CDB,True,True,UNMATCHED,NONE,False
CDBH,True,True,UNMATCHED,NONE,False
CDBN,True,True,UNMATCHED,NONE,False
CDG,True,True,UNMATCHED,NONE,False
CDGR,True,True,UNMATCHED,NONE,False
CDH,True,True,UNMATCHED,NONE,False
CDI,True,True,UNMATCHED,NONE,False
CDK,True,True,UNMATCHED,NONE,False
CDL,True,True,UNMATCHED,NONE,False
CDM,True,True,MATCHED,HIGH,True
CDMR,True,True,UNMATCHED,NONE,False
CDNR,True,True,UNMATCHED,NONE,False
CDP,True,True,UNMATCHED,NONE,False
CDRA,True,True,UNMATCHED,NONE,False
CDRL,True,True,UNMATCHED,NONE,False
CDS,True,True,UNMATCHED,NONE,False
CDSL,True,True,UNMATCHED,NONE,False
CE,True,True,UNMATCHED,NONE,False
CEL,True,True,UNMATCHED,NONE,False
CEM,True,True,UNMATCHED,NONE,False
CEME,True,True,UNMATCHED,NONE,False
CEU,True,True,UNMATCHED,NONE,False
CFG,True,True,UNMATCHED,NONE,False
CG,True,True,UNMATCHED,NONE,False
CGA,True,True,UNMATCHED,NONE,False
CGF,True,True,UNMATCHED,NONE,False
CGH,True,True,UNMATCHED,NONE,False
CGHD,True,True,UNMATCHED,NONE,False
CGI,True,True,UNMATCHED,NONE,False
CGKR,True,True,UNMATCHED,NONE,False
CGL,True,True,MATCHED,HIGH,True
CGN,True,True,UNMATCHED,NONE,False
CGON,True,True,UNMATCHED,NONE,False
CGR,True,True,UNMATCHED,NONE,False
CGS,True,True,UNMATCHED,NONE,False
CGTA,True,True,UNMATCHED,NONE,False
CGV,True,True,UNMATCHED,NONE,False
CGX,True,True,UNMATCHED,NONE,False
CGY,True,True,UNMATCHED,NONE,False
CH,True,True,UNMATCHED,NONE,False
CHA,True,True,UNMATCHED,NONE,False
CHAF,True,True,UNMATCHED,NONE,False
CHAR,True,True,UNMATCHED,NONE,False
CHB,True,True,UNMATCHED,NONE,False
CHBN,True,True,UNMATCHED,NONE,False
CHBR,True,True,UNMATCHED,NONE,False
CHBS,True,True,UNMATCHED,NONE,False
CHBT,True,True,UNMATCHED,NONE,False
CHC,True,True,UNMATCHED,NONE,False
CHCR,True,True,UNMATCHED,NONE,False
CHD,True,True,UNMATCHED,NONE,False
CHDX,True,True,UNMATCHED,NONE,False
CHE,True,True,UNMATCHED,NONE,False
CHG,True,True,UNMATCHED,NONE,False
CHH,True,True,UNMATCHED,NONE,False
CHHU,True,True,UNMATCHED,NONE,False
CHI,True,True,UNMATCHED,NONE,False
CHIB,True,True,UNMATCHED,NONE,False
CHIT,True,True,UNMATCHED,NONE,False
CHJ,True,True,UNMATCHED,NONE,False
CHJC,True,True,UNMATCHED,NONE,False
CHK,True,True,UNMATCHED,NONE,False
CHKE,True,True,UNMATCHED,NONE,False
CHL,True,True,UNMATCHED,NONE,False
CHLK,True,True,UNMATCHED,NONE,False
CHLR,True,True,UNMATCHED,NONE,False
CHM,True,True,UNMATCHED,NONE,False
CHN,True,True,UNMATCHED,NONE,False
CHNN,True,True,UNMATCHED,NONE,False
CHNR,True,True,UNMATCHED,NONE,False
CHOD,True,True,UNMATCHED,NONE,False
CHOK,True,True,UNMATCHED,NONE,False
CHP,True,True,UNMATCHED,NONE,False
CHPD,True,True,UNMATCHED,NONE,False
CHPT,True,True,UNMATCHED,NONE,False
CHR,True,True,UNMATCHED,NONE,False
CHRA,True,True,UNMATCHED,NONE,False
CHRG,True,True,UNMATCHED,NONE,False
CHRI,True,True,UNMATCHED,NONE,False
CHRK,True,True,UNMATCHED,NONE,False
CHRM,True,True,UNMATCHED,NONE,False
CHRU,True,True,UNMATCHED,NONE,False
CHSM,True,True,MATCHED,HIGH,True
CHT,True,True,UNMATCHED,NONE,False
CHTL,True,True,UNMATCHED,NONE,False
CHTT,True,True,UNMATCHED,NONE,False
CHU,True,True,MATCHED,HIGH,True
CHV,True,True,MATCHED,MEDIUM,True
CHWT,True,True,UNMATCHED,NONE,False
CHZ,True,True,UNMATCHED,NONE,False
CI,True,True,UNMATCHED,NONE,False
CIA,True,True,UNMATCHED,NONE,False
CIH,True,True,UNMATCHED,NONE,False
CII,True,True,MATCHED,HIGH,True
CIK,True,True,UNMATCHED,NONE,False
CIL,True,True,UNMATCHED,NONE,False
CIT,True,True,UNMATCHED,NONE,False
CIV,True,True,UNMATCHED,NONE,False
CJ,True,True,MATCHED,HIGH,True
CJA,True,True,UNMATCHED,NONE,False
CJE,True,True,MATCHED,HIGH,True
CJL,True,True,UNMATCHED,NONE,False
CJM,True,True,UNMATCHED,NONE,False
CJN,True,True,UNMATCHED,NONE,False
CJQ,True,True,UNMATCHED,NONE,False
CJR,True,True,UNMATCHED,NONE,False
CJS,True,True,UNMATCHED,NONE,False
CJW,True,True,UNMATCHED,NONE,False
CK,True,True,UNMATCHED,NONE,False
CKA,True,True,UNMATCHED,NONE,False
CKB,True,True,UNMATCHED,NONE,False
CKD,True,True,UNMATCHED,NONE,False
CKDL,True,True,UNMATCHED,NONE,False
CKE,True,True,UNMATCHED,NONE,False
CKG,True,True,UNMATCHED,NONE,False
CKH,True,True,UNMATCHED,NONE,False
CKHS,True,True,UNMATCHED,NONE,False
CKI,True,True,UNMATCHED,NONE,False
CKKD,True,True,UNMATCHED,NONE,False
CKLA,True,True,UNMATCHED,NONE,False
CKLT,True,True,UNMATCHED,NONE,False
CKM,True,True,UNMATCHED,NONE,False
CKMI,True,True,UNMATCHED,NONE,False
CKN,True,True,UNMATCHED,NONE,False
CKNI,True,True,UNMATCHED,NONE,False
CKOD,True,True,UNMATCHED,NONE,False
CKP,True,True,UNMATCHED,NONE,False
CKR,True,True,UNMATCHED,NONE,False
CKRD,True,True,UNMATCHED,NONE,False
CKS,True,True,UNMATCHED,NONE,False
CKSR,True,True,UNMATCHED,NONE,False
CKTD,True,True,UNMATCHED,NONE,False
CKU,True,True,UNMATCHED,NONE,False
CKV,True,True,UNMATCHED,NONE,False
CKVD,True,True,MATCHED,MEDIUM,True
CKW,True,True,UNMATCHED,NONE,False
CKX,True,True,UNMATCHED,NONE,False
CKYD,True,True,UNMATCHED,NONE,False
CLA,True,True,UNMATCHED,NONE,False
CLC,True,True,UNMATCHED,NONE,False
CLD,True,True,UNMATCHED,NONE,False
CLDB,True,True,UNMATCHED,NONE,False
CLDR,True,True,UNMATCHED,NONE,False
CLDY,True,True,UNMATCHED,NONE,False
CLE,True,True,UNMATCHED,NONE,False
CLF,True,True,UNMATCHED,NONE,False
CLG,True,True,UNMATCHED,NONE,False
CLI,True,True,UNMATCHED,NONE,False
CLJ,True,True,UNMATCHED,NONE,False
CLKA,True,True,UNMATCHED,NONE,False
CLKN,True,True,UNMATCHED,NONE,False
CLN,True,True,MATCHED,HIGH,True
CLO,True,True,UNMATCHED,NONE,False
CLPE,True,True,UNMATCHED,NONE,False
CLR,True,True,UNMATCHED,NONE,False
CLT,True,True,UNMATCHED,NONE,False
CLU,True,True,UNMATCHED,NONE,False
CLVR,True,True,UNMATCHED,NONE,False
CLX,True,True,UNMATCHED,NONE,False
CM,True,True,UNMATCHED,NONE,False
CMA,True,True,UNMATCHED,NONE,False
CMBR,True,True,UNMATCHED,NONE,False
CMC,True,True,UNMATCHED,NONE,False
CMDG,True,True,UNMATCHED,NONE,False
CMDP,True,True,UNMATCHED,NONE,False
CMGR,True,True,UNMATCHED,NONE,False
CMJ,True,True,UNMATCHED,NONE,False
CMMG,True,True,UNMATCHED,NONE,False
CMNR,True,True,UNMATCHED,NONE,False
CMP,True,True,MATCHED,HIGH,True
CMR,True,True,UNMATCHED,NONE,False
CMU,True,True,UNMATCHED,NONE,False
CMW,True,True,UNMATCHED,NONE,False
CMX,True,True,UNMATCHED,NONE,False
CMY,True,True,UNMATCHED,NONE,False
CMZ,True,True,UNMATCHED,NONE,False
CNA,True,True,UNMATCHED,NONE,False
CNB,True,True,UNMATCHED,NONE,False
CNBI,True,True,UNMATCHED,NONE,False
CNC,True,True,UNMATCHED,NONE,False
CND,True,True,UNMATCHED,NONE,False
CNDB,True,True,UNMATCHED,NONE,False
CNDM,True,True,UNMATCHED,NONE,False
CNDN,True,True,UNMATCHED,NONE,False
CNE,True,True,UNMATCHED,NONE,False
CNF,True,True,UNMATCHED,NONE,False
CNGR,True,True,UNMATCHED,NONE,False
CNH,True,True,UNMATCHED,NONE,False
CNI,True,True,UNMATCHED,NONE,False
CNJ,True,True,UNMATCHED,NONE,False
CNJW,True,True,UNMATCHED,NONE,False
CNK,True,True,UNMATCHED,NONE,False
CNKP,True,True,UNMATCHED,NONE,False
CNL,True,True,UNMATCHED,NONE,False
CNO,True,True,UNMATCHED,NONE,False
CNPA,True,True,UNMATCHED,NONE,False
CNPI,True,True,UNMATCHED,NONE,False
CNPR,True,True,UNMATCHED,NONE,False
CNR,True,True,UNMATCHED,NONE,False
CNS,True,True,UNMATCHED,NONE,False
CNV,True,True,UNMATCHED,NONE,False
CNX,True,True,UNMATCHED,NONE,False
COA,True,True,UNMATCHED,NONE,False
COB,True,True,UNMATCHED,NONE,False
COE,True,True,UNMATCHED,NONE,False
COL,True,True,MATCHED,HIGH,True
COO,True,True,UNMATCHED,NONE,False
COR,True,True,UNMATCHED,NONE,False
CPA,True,True,UNMATCHED,NONE,False
CPB,True,True,UNMATCHED,NONE,False
CPBH,True,True,UNMATCHED,NONE,False
CPD,True,True,UNMATCHED,NONE,False
CPDR,True,True,UNMATCHED,NONE,False
CPE,True,True,UNMATCHED,NONE,False
CPH,True,True,UNMATCHED,NONE,False
CPHT,True,True,UNMATCHED,NONE,False
CPJ,True,True,UNMATCHED,NONE,False
CPK,True,True,UNMATCHED,NONE,False
CPL,True,True,UNMATCHED,NONE,False
CPLE,True,True,UNMATCHED,NONE,False
CPN,True,True,UNMATCHED,NONE,False
CPP,True,True,UNMATCHED,NONE,False
CPQ,True,True,UNMATCHED,NONE,False
CPR,True,True,UNMATCHED,NONE,False
CPS,True,True,UNMATCHED,NONE,False
CPT,True,True,UNMATCHED,NONE,False
CPU,True,True,UNMATCHED,NONE,False
CPW,True,True,UNMATCHED,NONE,False
CQA,True,True,UNMATCHED,NONE,False
CQL,True,True,UNMATCHED,NONE,False
CQR,True,True,UNMATCHED,NONE,False
CQS,True,True,MATCHED,HIGH,True
CRAE,True,True,UNMATCHED,NONE,False
CRC,True,True,UNMATCHED,NONE,False
CRD,True,True,UNMATCHED,NONE,False
CRE,True,True,UNMATCHED,NONE,False
CRJ,True,True,UNMATCHED,NONE,False
CRK,True,True,UNMATCHED,NONE,False
CRKR,True,True,UNMATCHED,NONE,False
CRL,True,True,UNMATCHED,NONE,False
CRLM,True,True,UNMATCHED,NONE,False
CROA,True,True,UNMATCHED,NONE,False
CRP,True,True,UNMATCHED,NONE,False
CRQ,True,True,UNMATCHED,NONE,False
CRR,True,True,UNMATCHED,NONE,False
CRU,True,True,UNMATCHED,NONE,False
CRV,True,True,UNMATCHED,NONE,False
CRW,True,True,UNMATCHED,NONE,False
CRWA,True,True,UNMATCHED,NONE,False
CRWL,True,True,UNMATCHED,NONE,False
CRX,True,True,UNMATCHED,NONE,False
CRY,True,True,UNMATCHED,NONE,False
CRZ,True,True,UNMATCHED,NONE,False
CS,True,True,UNMATCHED,NONE,False
CSA,True,True,UNMATCHED,NONE,False
CSB,True,True,UNMATCHED,NONE,False
CSDR,True,True,UNMATCHED,NONE,False
CSM,True,True,UNMATCHED,NONE,False
CSMA,True,True,UNMATCHED,NONE,False
CSMT,True,True,UNMATCHED,NONE,False
CSN,True,True,UNMATCHED,NONE,False
CSR,True,True,UNMATCHED,NONE,False
CSZ,True,True,UNMATCHED,NONE,False
CT,True,True,UNMATCHED,NONE,False
CTA,True,True,UNMATCHED,NONE,False
CTC,True,True,UNMATCHED,NONE,False
CTD,True,True,UNMATCHED,NONE,False
CTF,True,True,UNMATCHED,NONE,False
CTH,True,True,UNMATCHED,NONE,False
CTHR,True,True,UNMATCHED,NONE,False
CTJ,True,True,UNMATCHED,NONE,False
CTKT,True,True,UNMATCHED,NONE,False
CTL,True,True,UNMATCHED,NONE,False
CTM,True,True,MATCHED,HIGH,True
CTMP,True,True,UNMATCHED,NONE,False
CTND,True,True,MATCHED,HIGH,True
CTO,True,True,UNMATCHED,NONE,False
CTPE,True,True,UNMATCHED,NONE,False
CTPR,True,True,UNMATCHED,NONE,False
CTQ,True,True,UNMATCHED,NONE,False
CTR,True,True,MATCHED,MEDIUM,True
CTRD,True,True,UNMATCHED,NONE,False
CTRE,True,True,MATCHED,HIGH,True
CTS,True,True,UNMATCHED,NONE,False
CTT,True,True,UNMATCHED,NONE,False
CTTP,True,True,UNMATCHED,NONE,False
CTW,True,True,UNMATCHED,NONE,False
CTYL,True,True,UNMATCHED,NONE,False
CTZ,True,True,UNMATCHED,NONE,False
CU,True,True,UNMATCHED,NONE,False
CUE,True,True,UNMATCHED,NONE,False
CUK,True,True,UNMATCHED,NONE,False
CUPJ,True,True,MATCHED,HIGH,True
CUR,True,True,UNMATCHED,NONE,False
CUX,True,True,UNMATCHED,NONE,False
CV,True,True,UNMATCHED,NONE,False
CVB,True,True,UNMATCHED,NONE,False
CVD,True,True,MATCHED,MEDIUM,True
CVJ,True,True,UNMATCHED,NONE,False
CVP,True,True,UNMATCHED,NONE,False
CVR,True,True,UNMATCHED,NONE,False
CVV,True,True,UNMATCHED,NONE,False
CW,True,True,UNMATCHED,NONE,False
CWA,True,True,UNMATCHED,NONE,False
CWDA,True,True,UNMATCHED,NONE,False
CWI,True,True,UNMATCHED,NONE,False
CWLE,True,True,UNMATCHED,NONE,False
CWN,True,True,UNMATCHED,NONE,False
CWR,True,True,UNMATCHED,NONE,False
CX,True,True,UNMATCHED,NONE,False
CXA,True,True,UNMATCHED,NONE,False
CYI,True,True,UNMATCHED,NONE,False
CYN,True,True,UNMATCHED,NONE,False
D,True,True,UNMATCHED,NONE,False
DAA,True,True,UNMATCHED,NONE,False
DAB,True,True,UNMATCHED,NONE,False
DABN,True,True,UNMATCHED,NONE,False
DAC,True,True,UNMATCHED,NONE,False
DAD,True,True,UNMATCHED,NONE,False
DADN,True,True,UNMATCHED,NONE,False
DAE,True,True,UNMATCHED,NONE,False
DAG,True,True,UNMATCHED,NONE,False
DAJ,True,True,UNMATCHED,NONE,False
DAKE,True,True,UNMATCHED,NONE,False
DAL,True,True,UNMATCHED,NONE,False
DAM,True,True,UNMATCHED,NONE,False
DAN,True,True,UNMATCHED,NONE,False
DAO,True,True,UNMATCHED,NONE,False
DAP,True,True,UNMATCHED,NONE,False
DAPD,True,True,UNMATCHED,NONE,False
DAQ,True,True,UNMATCHED,NONE,False
DAR,True,True,UNMATCHED,NONE,False
DARA,True,True,MATCHED,MEDIUM,True
DARI,True,True,UNMATCHED,NONE,False
DAS,True,True,UNMATCHED,NONE,False
DASF,True,True,UNMATCHED,NONE,False
DAU,True,True,UNMATCHED,NONE,False
DAV,True,True,UNMATCHED,NONE,False
DAVC,True,True,UNMATCHED,NONE,False
DAVJ,True,True,UNMATCHED,NONE,False
DAVM,True,True,UNMATCHED,NONE,False
DAYG,True,True,UNMATCHED,NONE,False
DAZ,True,True,UNMATCHED,NONE,False
DB,True,True,UNMATCHED,NONE,False
DBA,True,True,UNMATCHED,NONE,False
DBB,True,True,UNMATCHED,NONE,False
DBD,True,True,UNMATCHED,NONE,False
DBEC,True,True,UNMATCHED,NONE,False
DBF,True,True,UNMATCHED,NONE,False
DBG,True,True,UNMATCHED,NONE,False
DBI,True,True,UNMATCHED,NONE,False
DBL,True,True,UNMATCHED,NONE,False
DBLA,True,True,UNMATCHED,NONE,False
DBLG,True,True,UNMATCHED,NONE,False
DBLI,True,True,UNMATCHED,NONE,False
DBM,True,True,UNMATCHED,NONE,False
DBN,True,True,UNMATCHED,NONE,False
DBNK,True,True,UNMATCHED,NONE,False
DBNR,True,True,UNMATCHED,NONE,False
DBP,True,True,UNMATCHED,NONE,False
DBR,True,True,UNMATCHED,NONE,False
DBRG,True,True,UNMATCHED,NONE,False
DBRT,True,True,UNMATCHED,NONE,False
DBS,True,True,UNMATCHED,NONE,False
DBSI,True,True,UNMATCHED,NONE,False
DBT,True,True,UNMATCHED,NONE,False
DBU,True,True,UNMATCHED,NONE,False
DBV,True,True,UNMATCHED,NONE,False
DBW,True,True,UNMATCHED,NONE,False
DBY,True,True,UNMATCHED,NONE,False
DBZ,True,True,UNMATCHED,NONE,False
DC,True,True,UNMATCHED,NONE,False
DCA,True,True,UNMATCHED,NONE,False
DCAB,True,True,UNMATCHED,NONE,False
DCH,True,True,UNMATCHED,NONE,False
DCK,True,True,UNMATCHED,NONE,False
DCP,True,True,UNMATCHED,NONE,False
DCU,True,True,UNMATCHED,NONE,False
DCX,True,True,UNMATCHED,NONE,False
DD,True,True,UNMATCHED,NONE,False
DDA,True,True,UNMATCHED,NONE,False
DDC,True,True,UNMATCHED,NONE,False
DDCE,True,True,UNMATCHED,NONE,False
DDCL,True,True,UNMATCHED,NONE,False
DDD,True,True,UNMATCHED,NONE,False
DDE,True,True,UNMATCHED,NONE,False
DDG,True,True,UNMATCHED,NONE,False
DDGA,True,True,UNMATCHED,NONE,False
DDGJ,True,True,UNMATCHED,NONE,False
DDJ,True,True,UNMATCHED,NONE,False
DDK,True,True,UNMATCHED,NONE,False
DDL,True,True,UNMATCHED,NONE,False
DDM,True,True,UNMATCHED,NONE,False
DDMT,True,True,UNMATCHED,NONE,False
DDN,True,True,UNMATCHED,NONE,False
DDNA,True,True,UNMATCHED,NONE,False
DDNI,True,True,UNMATCHED,NONE,False
DDP,True,True,UNMATCHED,NONE,False
DDR,True,True,UNMATCHED,NONE,False
DDS,True,True,UNMATCHED,NONE,False
DDV,True,True,UNMATCHED,NONE,False
DDW,True,True,UNMATCHED,NONE,False
DDX,True,True,UNMATCHED,NONE,False
DDY,True,True,UNMATCHED,NONE,False
DEA,True,True,UNMATCHED,NONE,False
DEB,True,True,UNMATCHED,NONE,False
DEC,True,True,UNMATCHED,NONE,False
DEE,True,True,UNMATCHED,NONE,False
DEEG,True,True,UNMATCHED,NONE,False
DEG,True,True,UNMATCHED,NONE,False
DEHR,True,True,UNMATCHED,NONE,False
DEL,True,True,UNMATCHED,NONE,False
DELO,True,True,UNMATCHED,NONE,False
DEMU,True,True,UNMATCHED,NONE,False
DEOR,True,True,UNMATCHED,NONE,False
DEOS,True,True,UNMATCHED,NONE,False
DEP,True,True,UNMATCHED,NONE,False
DER,True,True,UNMATCHED,NONE,False
DES,True,True,UNMATCHED,NONE,False
DET,True,True,UNMATCHED,NONE,False
DEV,True,True,UNMATCHED,NONE,False
DEW,True,True,UNMATCHED,NONE,False
DFR,True,True,UNMATCHED,NONE,False
DG,True,True,UNMATCHED,NONE,False
DGA,True,True,UNMATCHED,NONE,False
DGB,True,True,UNMATCHED,NONE,False
DGBH,True,True,UNMATCHED,NONE,False
DGBZ,True,True,UNMATCHED,NONE,False
DGD,True,True,UNMATCHED,NONE,False
DGDG,True,True,UNMATCHED,NONE,False
DGF,True,True,UNMATCHED,NONE,False
DGFJ,True,True,UNMATCHED,NONE,False
DGG,True,True,UNMATCHED,NONE,False
DGHA,True,True,UNMATCHED,NONE,False
DGHL,True,True,UNMATCHED,NONE,False
DGHR,True,True,UNMATCHED,NONE,False
DGI,True,True,UNMATCHED,NONE,False
DGJ,True,True,UNMATCHED,NONE,False
DGLE,True,True,UNMATCHED,NONE,False
DGN,True,True,UNMATCHED,NONE,False
DGNR,True,True,UNMATCHED,NONE,False
DGO,True,True,UNMATCHED,NONE,False
DGPI,True,True,UNMATCHED,NONE,False
DGPP,True,True,UNMATCHED,NONE,False
DGQ,True,True,UNMATCHED,NONE,False
DGR,True,True,UNMATCHED,NONE,False
DGS,True,True,UNMATCHED,NONE,False
DGU,True,True,UNMATCHED,NONE,False
DGW,True,True,UNMATCHED,NONE,False
DGX,True,True,UNMATCHED,NONE,False
DGY,True,True,UNMATCHED,NONE,False
DH,True,True,UNMATCHED,NONE,False
DHA,True,True,UNMATCHED,NONE,False
DHAE,True,True,UNMATCHED,NONE,False
DHD,True,True,UNMATCHED,NONE,False
DHE,True,True,UNMATCHED,NONE,False
DHG,True,True,UNMATCHED,NONE,False
DHH,True,True,UNMATCHED,NONE,False
DHI,True,True,UNMATCHED,NONE,False
DHJ,True,True,UNMATCHED,NONE,False
DHK,True,True,UNMATCHED,NONE,False
DHKR,True,True,UNMATCHED,NONE,False
DHL,True,True,UNMATCHED,NONE,False
DHLI,True,True,UNMATCHED,NONE,False
DHM,True,True,UNMATCHED,NONE,False
DHMZ,True,True,UNMATCHED,NONE,False
DHN,True,True,UNMATCHED,NONE,False
DHNA,True,True,UNMATCHED,NONE,False
DHND,True,True,UNMATCHED,NONE,False
DHNE,True,True,UNMATCHED,NONE,False
DHNR,True,True,UNMATCHED,NONE,False
DHO,True,True,UNMATCHED,NONE,False
DHOA,True,True,UNMATCHED,NONE,False
DHP,True,True,UNMATCHED,NONE,False
DHPD,True,True,UNMATCHED,NONE,False
DHPR,True,True,UNMATCHED,NONE,False
DHQ,True,True,UNMATCHED,NONE,False
DHR,True,True,UNMATCHED,NONE,False
DHRJ,True,True,UNMATCHED,NONE,False
DHRN,True,True,UNMATCHED,NONE,False
DHRR,True,True,UNMATCHED,NONE,False
DHRY,True,True,UNMATCHED,NONE,False
DHS,True,True,UNMATCHED,NONE,False
DHT,True,True,UNMATCHED,NONE,False
DHU,True,True,UNMATCHED,NONE,False
DHW,True,True,UNMATCHED,NONE,False
DHWN,True,True,UNMATCHED,NONE,False
DHY,True,True,UNMATCHED,NONE,False
DI,True,True,UNMATCHED,NONE,False
DIA,True,True,UNMATCHED,NONE,False
DIB,True,True,UNMATCHED,NONE,False
DIBL,True,True,UNMATCHED,NONE,False
DIG,True,True,UNMATCHED,NONE,False
DIH,True,True,UNMATCHED,NONE,False
DIL,True,True,UNMATCHED,NONE,False
DIM,True,True,UNMATCHED,NONE,False
DING,True,True,MATCHED,MEDIUM,True
DINR,True,True,UNMATCHED,NONE,False
DIP,True,True,UNMATCHED,NONE,False
DIPA,True,True,UNMATCHED,NONE,False
DIR,True,True,UNMATCHED,NONE,False
DISA,True,True,UNMATCHED,NONE,False
DIT,True,True,UNMATCHED,NONE,False
DIU,True,True,UNMATCHED,NONE,False
DIVA,True,True,UNMATCHED,NONE,False
DIW,True,True,UNMATCHED,NONE,False
DJ,True,True,UNMATCHED,NONE,False
DJA,True,True,UNMATCHED,NONE,False
DJD,True,True,UNMATCHED,NONE,False
DJG,True,True,UNMATCHED,NONE,False
DJHR,True,True,UNMATCHED,NONE,False
DJI,True,True,UNMATCHED,NONE,False
DJKR,True,True,UNMATCHED,NONE,False
DJL,True,True,UNMATCHED,NONE,False
DJR,True,True,UNMATCHED,NONE,False
DJS,True,True,UNMATCHED,NONE,False
DJX,True,True,UNMATCHED,NONE,False
DK,True,True,UNMATCHED,NONE,False
DKAE,True,True,UNMATCHED,NONE,False
DKB,True,True,UNMATCHED,NONE,False
DKC,True,True,UNMATCHED,NONE,False
DKD,True,True,UNMATCHED,NONE,False
DKDE,True,True,UNMATCHED,NONE,False
DKDP,True,True,UNMATCHED,NONE,False
DKE,True,True,UNMATCHED,NONE,False
DKGN,True,True,UNMATCHED,NONE,False
DKGS,True,True,UNMATCHED,NONE,False
DKI,True,True,UNMATCHED,NONE,False
DKJ,True,True,UNMATCHED,NONE,False
DKJR,True,True,UNMATCHED,NONE,False
DKLU,True,True,UNMATCHED,NONE,False
DKM,True,True,UNMATCHED,NONE,False
DKN,True,True,UNMATCHED,NONE,False
DKNT,True,True,UNMATCHED,NONE,False
DKO,True,True,MATCHED,HIGH,True
DKRA,True,True,UNMATCHED,NONE,False
DKS,True,True,UNMATCHED,NONE,False
DKSA,True,True,UNMATCHED,NONE,False
DKT,True,True,UNMATCHED,NONE,False
DKU,True,True,UNMATCHED,NONE,False
DKUR,True,True,UNMATCHED,NONE,False
DKW,True,True,UNMATCHED,NONE,False
DKWA,True,True,UNMATCHED,NONE,False
DKX,True,True,UNMATCHED,NONE,False
DKY,True,True,UNMATCHED,NONE,False
DKZ,True,True,UNMATCHED,NONE,False
DL,True,True,UNMATCHED,NONE,False
DLA,True,True,UNMATCHED,NONE,False
DLB,True,True,UNMATCHED,NONE,False
DLC,True,True,UNMATCHED,NONE,False
DLCR,True,True,UNMATCHED,NONE,False
DLD,True,True,UNMATCHED,NONE,False
DLDE,True,True,UNMATCHED,NONE,False
DLF,True,True,UNMATCHED,NONE,False
DLGN,True,True,UNMATCHED,NONE,False
DLI,True,True,UNMATCHED,NONE,False
DLJ,True,True,UNMATCHED,NONE,False
DLK,True,True,UNMATCHED,NONE,False
DLMH,True,True,UNMATCHED,NONE,False
DLN,True,True,UNMATCHED,NONE,False
DLO,True,True,UNMATCHED,NONE,False
DLP,True,True,UNMATCHED,NONE,False
DLPH,True,True,UNMATCHED,NONE,False
DLPI,True,True,UNMATCHED,NONE,False
DLPT,True,True,UNMATCHED,NONE,False
DLQ,True,True,UNMATCHED,NONE,False
DLR,True,True,UNMATCHED,NONE,False
DLSR,True,True,UNMATCHED,NONE,False
DLW,True,True,UNMATCHED,NONE,False
DLX,True,True,UNMATCHED,NONE,False
DLZ,True,True,UNMATCHED,NONE,False
DMA,True,True,UNMATCHED,NONE,False
DMBR,True,True,UNMATCHED,NONE,False
DMC,True,True,UNMATCHED,NONE,False
DMD,True,True,UNMATCHED,NONE,False
DME,True,True,UNMATCHED,NONE,False
DMF,True,True,UNMATCHED,NONE,False
DMG,True,True,UNMATCHED,NONE,False
DMGN,True,True,UNMATCHED,NONE,False
DMH,True,True,UNMATCHED,NONE,False
DMJR,True,True,UNMATCHED,NONE,False
DMK,True,True,UNMATCHED,NONE,False
DML,True,True,UNMATCHED,NONE,False
DMLE,True,True,UNMATCHED,NONE,False
DMM,True,True,UNMATCHED,NONE,False
DMN,True,True,UNMATCHED,NONE,False
DMNJ,True,True,UNMATCHED,NONE,False
DMO,True,True,UNMATCHED,NONE,False
DMP,True,True,UNMATCHED,NONE,False
DMPR,True,True,UNMATCHED,NONE,False
DMR,True,True,UNMATCHED,NONE,False
DMRT,True,True,UNMATCHED,NONE,False
DMRX,True,True,UNMATCHED,NONE,False
DMSR,True,True,UNMATCHED,NONE,False
DMT,True,True,UNMATCHED,NONE,False
DMU,True,True,UNMATCHED,NONE,False
DMV,True,True,UNMATCHED,NONE,False
DMW,True,True,UNMATCHED,NONE,False
DMYA,True,True,UNMATCHED,NONE,False
DMZ,True,True,UNMATCHED,NONE,False
DN,True,True,UNMATCHED,NONE,False
DNA,True,True,UNMATCHED,NONE,False
DND,True,True,UNMATCHED,NONE,False
DNDI,True,True,UNMATCHED,NONE,False
DNDL,True,True,UNMATCHED,NONE,False
DNE,True,True,UNMATCHED,NONE,False
DNEA,True,True,UNMATCHED,NONE,False
DNGI,True,True,UNMATCHED,NONE,False
DNHL,True,True,UNMATCHED,NONE,False
DNI,True,True,UNMATCHED,NONE,False
DNJ,True,True,UNMATCHED,NONE,False
DNK,True,True,UNMATCHED,NONE,False
DNKL,True,True,UNMATCHED,NONE,False
DNL,True,True,UNMATCHED,NONE,False
DNM,True,True,UNMATCHED,NONE,False
DNN,True,True,UNMATCHED,NONE,False
DNPR,True,True,UNMATCHED,NONE,False
DNQ,True,True,UNMATCHED,NONE,False
DNR,True,True,MATCHED,MEDIUM,True
DNRA,True,True,UNMATCHED,NONE,False
DNRE,True,True,UNMATCHED,NONE,False
DNT,True,True,UNMATCHED,NONE,False
DNU,True,True,UNMATCHED,NONE,False
DNUA,True,True,UNMATCHED,NONE,False
DNV,True,True,UNMATCHED,NONE,False
DNW,True,True,UNMATCHED,NONE,False
DNWH,True,True,UNMATCHED,NONE,False
DNWR,True,True,UNMATCHED,NONE,False
DNX,True,True,UNMATCHED,NONE,False
DO,True,True,UNMATCHED,NONE,False
DOA,True,True,UNMATCHED,NONE,False
DOB,True,True,UNMATCHED,NONE,False
DOC,True,True,UNMATCHED,NONE,False
DOD,True,True,UNMATCHED,NONE,False
DODH,True,True,UNMATCHED,NONE,False
DOE,True,True,UNMATCHED,NONE,False
DOH,True,True,UNMATCHED,NONE,False
DOHM,True,True,UNMATCHED,NONE,False
DOI,True,True,UNMATCHED,NONE,False
DOK,True,True,UNMATCHED,NONE,False
DOKM,True,True,UNMATCHED,NONE,False
DOKY,True,True,UNMATCHED,NONE,False
DOL,True,True,UNMATCHED,NONE,False
DOR,True,True,UNMATCHED,NONE,False
DORD,True,True,UNMATCHED,NONE,False
DOS,True,True,UNMATCHED,NONE,False
DOT,True,True,UNMATCHED,NONE,False
DOTL,True,True,UNMATCHED,NONE,False
DOW,True,True,UNMATCHED,NONE,False
DOY,True,True,UNMATCHED,NONE,False
DOZ,True,True,UNMATCHED,NONE,False
DPA,True,True,UNMATCHED,NONE,False
DPC,True,True,UNMATCHED,NONE,False
DPD,True,True,UNMATCHED,NONE,False
DPDP,True,True,UNMATCHED,NONE,False
DPE,True,True,UNMATCHED,NONE,False
DPH,True,True,UNMATCHED,NONE,False
DPI,True,True,MATCHED,HIGH,True
DPJ,True,True,MATCHED,HIGH,True
DPK,True,True,UNMATCHED,NONE,False
DPL,True,True,UNMATCHED,NONE,False
DPLN,True,True,UNMATCHED,NONE,False
DPP,True,True,UNMATCHED,NONE,False
DPR,True,True,UNMATCHED,NONE,False
DPRA,True,True,UNMATCHED,NONE,False
DPS,True,True,UNMATCHED,NONE,False
DPSR,True,True,UNMATCHED,NONE,False
DPT,True,True,UNMATCHED,NONE,False
DPU,True,True,UNMATCHED,NONE,False
DPUR,True,True,UNMATCHED,NONE,False
DPX,True,True,UNMATCHED,NONE,False
DPZ,True,True,UNMATCHED,NONE,False
DQG,True,True,UNMATCHED,NONE,False
DQL,True,True,UNMATCHED,NONE,False
DQN,True,True,UNMATCHED,NONE,False
DQR,True,True,UNMATCHED,NONE,False
DR,True,True,UNMATCHED,NONE,False
DRA,True,True,UNMATCHED,NONE,False
DRB,True,True,UNMATCHED,NONE,False
DRBR,True,True,UNMATCHED,NONE,False
DRD,True,True,UNMATCHED,NONE,False
DRG,True,True,UNMATCHED,NONE,False
DRGJ,True,True,UNMATCHED,NONE,False
DRGM,True,True,UNMATCHED,NONE,False
DRGU,True,True,UNMATCHED,NONE,False
DRH,True,True,UNMATCHED,NONE,False
DRHI,True,True,UNMATCHED,NONE,False
DRI,True,True,UNMATCHED,NONE,False
DRL,True,True,UNMATCHED,NONE,False
DRLA,True,True,UNMATCHED,NONE,False
DRN,True,True,UNMATCHED,NONE,False
DRO,True,True,UNMATCHED,NONE,False
DRPH,True,True,UNMATCHED,NONE,False
DRQ,True,True,UNMATCHED,NONE,False
DRR,True,True,UNMATCHED,NONE,False
DRS,True,True,UNMATCHED,NONE,False
DRSN,True,True,UNMATCHED,NONE,False
DRTP,True,True,UNMATCHED,NONE,False
DRU,True,True,UNMATCHED,NONE,False
DRV,True,True,UNMATCHED,NONE,False
DRW,True,True,UNMATCHED,NONE,False
DRWN,True,True,UNMATCHED,NONE,False
DRZ,True,True,UNMATCHED,NONE,False
DS,True,True,UNMATCHED,NONE,False
DSA,True,True,UNMATCHED,NONE,False
DSB,True,True,UNMATCHED,NONE,False
DSD,True,True,UNMATCHED,NONE,False
DSJ,True,True,UNMATCHED,NONE,False
DSK,True,True,UNMATCHED,NONE,False
DSKG,True,True,UNMATCHED,NONE,False
DSL,True,True,UNMATCHED,NONE,False
DSM,True,True,UNMATCHED,NONE,False
DSME,True,True,UNMATCHED,NONE,False
DSNI,True,True,UNMATCHED,NONE,False
DSNR,True,True,UNMATCHED,NONE,False
DSO,True,True,UNMATCHED,NONE,False
DSPN,True,True,UNMATCHED,NONE,False
DSPT,True,True,MATCHED,HIGH,True
DSR,True,True,UNMATCHED,NONE,False
DSS,True,True,UNMATCHED,NONE,False
DST,True,True,MATCHED,HIGH,True
DSVS,True,True,UNMATCHED,NONE,False
DSX,True,True,UNMATCHED,NONE,False
DTAE,True,True,UNMATCHED,NONE,False
DTC,True,True,UNMATCHED,NONE,False
DTE,True,True,UNMATCHED,NONE,False
DTF,True,True,UNMATCHED,NONE,False
DTJ,True,True,UNMATCHED,NONE,False
DTK,True,True,UNMATCHED,NONE,False
DTL,True,True,UNMATCHED,NONE,False
DTN,True,True,UNMATCHED,NONE,False
DTO,True,True,UNMATCHED,NONE,False
DTP,True,True,UNMATCHED,NONE,False
DTQ,True,True,UNMATCHED,NONE,False
DTR,True,True,UNMATCHED,NONE,False
DTRA,True,True,UNMATCHED,NONE,False
DTRD,True,True,UNMATCHED,NONE,False
DTT,True,True,UNMATCHED,NONE,False
DTV,True,True,UNMATCHED,NONE,False
DTVL,True,True,UNMATCHED,NONE,False
DTW,True,True,UNMATCHED,NONE,False
DTX,True,True,UNMATCHED,NONE,False
DUA,True,True,UNMATCHED,NONE,False
DUAN,True,True,UNMATCHED,NONE,False
DUB,True,True,UNMATCHED,NONE,False
DUBH,True,True,UNMATCHED,NONE,False
DUD,True,True,UNMATCHED,NONE,False
DUE,True,True,UNMATCHED,NONE,False
DUI,True,True,UNMATCHED,NONE,False
DUJ,True,True,UNMATCHED,NONE,False
DUK,True,True,UNMATCHED,NONE,False
DULP,True,True,UNMATCHED,NONE,False
DUM,True,True,UNMATCHED,NONE,False
DUMK,True,True,UNMATCHED,NONE,False
DUMR,True,True,UNMATCHED,NONE,False
DUN,True,True,UNMATCHED,NONE,False
DUO,True,True,UNMATCHED,NONE,False
DUR,True,True,UNMATCHED,NONE,False
DURE,True,True,UNMATCHED,NONE,False
DURG,True,True,UNMATCHED,NONE,False
DURP,True,True,UNMATCHED,NONE,False
DUS,True,True,UNMATCHED,NONE,False
DUSI,True,True,UNMATCHED,NONE,False
DUT,True,True,UNMATCHED,NONE,False
DUU,True,True,UNMATCHED,NONE,False
DV,True,True,UNMATCHED,NONE,False
DVA,True,True,UNMATCHED,NONE,False
DVD,True,True,UNMATCHED,NONE,False
DVG,True,True,UNMATCHED,NONE,False
DVGM,True,True,UNMATCHED,NONE,False
DVJ,True,True,UNMATCHED,NONE,False
DVL,True,True,UNMATCHED,NONE,False
DVM,True,True,UNMATCHED,NONE,False
DVN,True,True,UNMATCHED,NONE,False
DVR,True,True,UNMATCHED,NONE,False
DWA,True,True,UNMATCHED,NONE,False
DWD,True,True,UNMATCHED,NONE,False
DWDI,True,True,UNMATCHED,NONE,False
DWG,True,True,UNMATCHED,NONE,False
DWI,True,True,UNMATCHED,NONE,False
DWJ,True,True,UNMATCHED,NONE,False
DWK,True,True,UNMATCHED,NONE,False
DWL,True,True,UNMATCHED,NONE,False
DWLE,True,True,UNMATCHED,NONE,False
DWNA,True,True,UNMATCHED,NONE,False
DWO,True,True,UNMATCHED,NONE,False
DWP,True,True,UNMATCHED,NONE,False
DWR,True,True,UNMATCHED,NONE,False
DWT,True,True,UNMATCHED,NONE,False
DWV,True,True,UNMATCHED,NONE,False
DWX,True,True,UNMATCHED,NONE,False
DWZ,True,True,UNMATCHED,NONE,False
DXD,True,True,UNMATCHED,NONE,False
DXG,True,True,UNMATCHED,NONE,False
DXH,True,True,UNMATCHED,NONE,False
DXK,True,True,UNMATCHED,NONE,False
DXN,True,True,UNMATCHED,NONE,False
DXR,True,True,UNMATCHED,NONE,False
DXU,True,True,UNMATCHED,NONE,False
DY,True,True,UNMATCHED,NONE,False
DYD,True,True,UNMATCHED,NONE,False
DYE,True,True,UNMATCHED,NONE,False
DYK,True,True,UNMATCHED,NONE,False
DYP,True,True,UNMATCHED,NONE,False
DYU,True,True,UNMATCHED,NONE,False
DZA,True,True,UNMATCHED,NONE,False
DZB,True,True,UNMATCHED,NONE,False
DZK,True,True,UNMATCHED,NONE,False
DZKT,True,True,UNMATCHED,NONE,False
DZL,True,True,UNMATCHED,NONE,False
DZP,True,True,UNMATCHED,NONE,False
ED,True,True,UNMATCHED,NONE,False
EDD,True,True,UNMATCHED,NONE,False
EDG,True,True,UNMATCHED,NONE,False
EDN,True,True,UNMATCHED,NONE,False
EDU,True,True,MATCHED,HIGH,True
EE,True,True,UNMATCHED,NONE,False
EGT,True,True,MATCHED,MEDIUM,True
EGU,True,True,UNMATCHED,NONE,False
EKC,True,True,UNMATCHED,NONE,False
EKI,True,True,UNMATCHED,NONE,False
EKL,True,True,UNMATCHED,NONE,False
EKM,True,True,UNMATCHED,NONE,False
EKMA,True,True,UNMATCHED,NONE,False
EKN,True,True,UNMATCHED,NONE,False
EKR,True,True,UNMATCHED,NONE,False
EL,True,True,MATCHED,HIGH,True
ELL,True,True,UNMATCHED,NONE,False
ELM,True,True,UNMATCHED,NONE,False
ELR,True,True,UNMATCHED,NONE,False
EN,True,True,UNMATCHED,NONE,False
ENB,True,True,UNMATCHED,NONE,False
ENR,True,True,UNMATCHED,NONE,False
ERC,True,True,UNMATCHED,NONE,False
ERL,True,True,UNMATCHED,NONE,False
ERN,True,True,UNMATCHED,NONE,False
ERS,True,True,UNMATCHED,NONE,False
ESV,True,True,UNMATCHED,NONE,False
ET,True,True,UNMATCHED,NONE,False
ETAH,True,True,UNMATCHED,NONE,False
ETK,True,True,UNMATCHED,NONE,False
ETM,True,True,UNMATCHED,NONE,False
ETMD,True,True,UNMATCHED,NONE,False
ETP,True,True,MATCHED,HIGH,True
ETR,True,True,MATCHED,MEDIUM,True
ETUE,True,True,UNMATCHED,NONE,False
ETW,True,True,UNMATCHED,NONE,False
EVA,True,True,UNMATCHED,NONE,False
EZP,True,True,UNMATCHED,NONE,False
FA,True,True,UNMATCHED,NONE,False
FAB,True,True,UNMATCHED,NONE,False
FAN,True,True,UNMATCHED,NONE,False
FAP,True,True,UNMATCHED,NONE,False
FAR,True,True,UNMATCHED,NONE,False
FBD,True,True,UNMATCHED,NONE,False
FBG,True,True,UNMATCHED,NONE,False
FD,True,True,UNMATCHED,NONE,False
FDB,True,True,UNMATCHED,NONE,False
FDK,True,True,UNMATCHED,NONE,False
FDN,True,True,UNMATCHED,NONE,False
FGCN,True,True,UNMATCHED,NONE,False
FGH,True,True,UNMATCHED,NONE,False
FGR,True,True,UNMATCHED,NONE,False
FGSB,True,True,UNMATCHED,NONE,False
FHT,True,True,UNMATCHED,NONE,False
FK,True,True,UNMATCHED,NONE,False
FKA,True,True,UNMATCHED,NONE,False
FKB,True,True,UNMATCHED,NONE,False
FKG,True,True,UNMATCHED,NONE,False
FKM,True,True,UNMATCHED,NONE,False
FL,True,True,UNMATCHED,NONE,False
FLD,True,True,UNMATCHED,NONE,False
FLK,True,True,UNMATCHED,NONE,False
FLM,True,True,UNMATCHED,NONE,False
FLR,True,True,UNMATCHED,NONE,False
FLU,True,True,UNMATCHED,NONE,False
FM,True,True,UNMATCHED,NONE,False
FN,True,True,UNMATCHED,NONE,False
FNB,True,True,UNMATCHED,NONE,False
FNO,True,True,UNMATCHED,NONE,False
FPS,True,True,UNMATCHED,NONE,False
FRD,True,True,UNMATCHED,NONE,False
FRDH,True,True,UNMATCHED,NONE,False
FRH,True,True,UNMATCHED,NONE,False
FSG,True,True,UNMATCHED,NONE,False
FSP,True,True,UNMATCHED,NONE,False
FSR,True,True,UNMATCHED,NONE,False
FSW,True,True,UNMATCHED,NONE,False
FTC,True,True,UNMATCHED,NONE,False
FTD,True,True,UNMATCHED,NONE,False
FTG,True,True,UNMATCHED,NONE,False
FTH,True,True,UNMATCHED,NONE,False
FTP,True,True,UNMATCHED,NONE,False
FTS,True,True,UNMATCHED,NONE,False
FUT,True,True,UNMATCHED,NONE,False
FYZ,True,True,UNMATCHED,NONE,False
FZD,True,True,UNMATCHED,NONE,False
FZL,True,True,UNMATCHED,NONE,False
FZP,True,True,UNMATCHED,NONE,False
FZR,True,True,UNMATCHED,NONE,False
G,True,True,UNMATCHED,NONE,False
GA,True,True,UNMATCHED,NONE,False
GAA,True,True,UNMATCHED,NONE,False
GAD,True,True,UNMATCHED,NONE,False
GADH,True,True,UNMATCHED,NONE,False
GADJ,True,True,UNMATCHED,NONE,False
GAE,True,True,UNMATCHED,NONE,False
GAG,True,True,UNMATCHED,NONE,False
GAGA,True,True,UNMATCHED,NONE,False
GAHT,True,True,UNMATCHED,NONE,False
GAI,True,True,UNMATCHED,NONE,False
GAJ,True,True,UNMATCHED,NONE,False
GAJB,True,True,UNMATCHED,NONE,False
GAJU,True,True,UNMATCHED,NONE,False
GAL,True,True,UNMATCHED,NONE,False
GALE,True,True,MATCHED,MEDIUM,True
GAM,True,True,UNMATCHED,NONE,False
GAMI,True,True,UNMATCHED,NONE,False
GAMN,True,True,MATCHED,MEDIUM,True
GANG,True,True,UNMATCHED,NONE,False
GANL,True,True,UNMATCHED,NONE,False
GAO,True,True,UNMATCHED,NONE,False
GAP,True,True,UNMATCHED,NONE,False
GAQ,True,True,UNMATCHED,NONE,False
GAR,True,True,UNMATCHED,NONE,False
GARA,True,True,UNMATCHED,NONE,False
GATD,True,True,UNMATCHED,NONE,False
GAUR,True,True,UNMATCHED,NONE,False
GAW,True,True,UNMATCHED,NONE,False
GAYA,True,True,UNMATCHED,NONE,False
GB,True,True,UNMATCHED,NONE,False
GBA,True,True,UNMATCHED,NONE,False
GBB,True,True,UNMATCHED,NONE,False
GBD,True,True,UNMATCHED,NONE,False
GBE,True,True,UNMATCHED,NONE,False
GBG,True,True,UNMATCHED,NONE,False
GBK,True,True,UNMATCHED,NONE,False
GBN,True,True,UNMATCHED,NONE,False
GBP,True,True,UNMATCHED,NONE,False
GBQ,True,True,UNMATCHED,NONE,False
GBRA,True,True,UNMATCHED,NONE,False
GBRI,True,True,UNMATCHED,NONE,False
GBX,True,True,UNMATCHED,NONE,False
GC,True,True,UNMATCHED,NONE,False
GCAB,True,True,UNMATCHED,NONE,False
GCH,True,True,UNMATCHED,NONE,False
GCN,True,True,UNMATCHED,NONE,False
GCT,True,True,UNMATCHED,NONE,False
GD,True,True,UNMATCHED,NONE,False
GDA,True,True,UNMATCHED,NONE,False
GDB,True,True,UNMATCHED,NONE,False
GDBR,True,True,UNMATCHED,NONE,False
GDD,True,True,UNMATCHED,NONE,False
GDE,True,True,UNMATCHED,NONE,False
GDG,True,True,UNMATCHED,NONE,False
GDGN,True,True,UNMATCHED,NONE,False
GDH,True,True,UNMATCHED,NONE,False
GDHA,True,True,UNMATCHED,NONE,False
GDI,True,True,UNMATCHED,NONE,False
GDK,True,True,UNMATCHED,NONE,False
GDKP,True,True,UNMATCHED,NONE,False
GDL,True,True,UNMATCHED,NONE,False
GDM,True,True,UNMATCHED,NONE,False
GDN,True,True,UNMATCHED,NONE,False
GDO,True,True,UNMATCHED,NONE,False
GDP,True,True,MATCHED,HIGH,True
GDPL,True,True,UNMATCHED,NONE,False
GDPT,True,True,UNMATCHED,NONE,False
GDQ,True,True,UNMATCHED,NONE,False
GDR,True,True,UNMATCHED,NONE,False
GDRA,True,True,UNMATCHED,NONE,False
GDV,True,True,UNMATCHED,NONE,False
GDW,True,True,UNMATCHED,NONE,False
GDX,True,True,UNMATCHED,NONE,False
GDY,True,True,MATCHED,HIGH,True
GDYA,True,True,UNMATCHED,NONE,False
GDZ,True,True,UNMATCHED,NONE,False
GEA,True,True,UNMATCHED,NONE,False
GED,True,True,UNMATCHED,NONE,False
GEDE,True,True,UNMATCHED,NONE,False
GEG,True,True,UNMATCHED,NONE,False
GEK,True,True,UNMATCHED,NONE,False
GEOR,True,True,UNMATCHED,NONE,False
GER,True,True,UNMATCHED,NONE,False
GFAE,True,True,UNMATCHED,NONE,False
GG,True,True,UNMATCHED,NONE,False
GGA,True,True,UNMATCHED,NONE,False
GGAR,True,True,UNMATCHED,NONE,False
GGB,True,True,UNMATCHED,NONE,False
GGC,True,True,UNMATCHED,NONE,False
GGD,True,True,UNMATCHED,NONE,False
GGG,True,True,UNMATCHED,NONE,False
GGGS,True,True,UNMATCHED,NONE,False
GGJ,True,True,UNMATCHED,NONE,False
GGKR,True,True,UNMATCHED,NONE,False
GGLE,True,True,UNMATCHED,NONE,False
GGN,True,True,UNMATCHED,NONE,False
GGNP,True,True,UNMATCHED,NONE,False
GGO,True,True,UNMATCHED,NONE,False
GGP,True,True,UNMATCHED,NONE,False
GGR,True,True,UNMATCHED,NONE,False
GGT,True,True,UNMATCHED,NONE,False
GGTA,True,True,UNMATCHED,NONE,False
GGV,True,True,UNMATCHED,NONE,False
GGY,True,True,UNMATCHED,NONE,False
GH,True,True,UNMATCHED,NONE,False
GHA,True,True,UNMATCHED,NONE,False
GHAI,True,True,UNMATCHED,NONE,False
GHB,True,True,UNMATCHED,NONE,False
GHD,True,True,UNMATCHED,NONE,False
GHE,True,True,UNMATCHED,NONE,False
GHG,True,True,UNMATCHED,NONE,False
GHGL,True,True,UNMATCHED,NONE,False
GHH,True,True,UNMATCHED,NONE,False
GHJ,True,True,UNMATCHED,NONE,False
GHL,True,True,UNMATCHED,NONE,False
GHLE,True,True,UNMATCHED,NONE,False
GHNA,True,True,UNMATCHED,NONE,False
GHNH,True,True,UNMATCHED,NONE,False
GHPU,True,True,UNMATCHED,NONE,False
GHQ,True,True,UNMATCHED,NONE,False
GHR,True,True,UNMATCHED,NONE,False
GHRI,True,True,UNMATCHED,NONE,False
GHS,True,True,UNMATCHED,NONE,False
GHSR,True,True,UNMATCHED,NONE,False
GHT,True,True,UNMATCHED,NONE,False
GHUM,True,True,UNMATCHED,NONE,False
GHX,True,True,UNMATCHED,NONE,False
GHY,True,True,UNMATCHED,NONE,False
GI,True,True,MATCHED,HIGH,True
GIA,True,True,UNMATCHED,NONE,False
GIBP,True,True,UNMATCHED,NONE,False
GID,True,True,UNMATCHED,NONE,False
GIF,True,True,UNMATCHED,NONE,False
GIHT,True,True,UNMATCHED,NONE,False
GII,True,True,UNMATCHED,NONE,False
GIL,True,True,UNMATCHED,NONE,False
GILA,True,True,UNMATCHED,NONE,False
GILL,True,True,UNMATCHED,NONE,False
GIMB,True,True,UNMATCHED,NONE,False
GIN,True,True,UNMATCHED,NONE,False
GIR,True,True,UNMATCHED,NONE,False
GIS,True,True,UNMATCHED,NONE,False
GIW,True,True,UNMATCHED,NONE,False
GIZ,True,True,UNMATCHED,NONE,False
GJ,True,True,UNMATCHED,NONE,False
GJD,True,True,UNMATCHED,NONE,False
GJH,True,True,UNMATCHED,NONE,False
GJJ,True,True,UNMATCHED,NONE,False
GJL,True,True,UNMATCHED,NONE,False
GJMB,True,True,UNMATCHED,NONE,False
GJN,True,True,UNMATCHED,NONE,False
GJS,True,True,UNMATCHED,NONE,False
GJT,True,True,UNMATCHED,NONE,False
GJTA,True,True,UNMATCHED,NONE,False
GJUT,True,True,UNMATCHED,NONE,False
GJW,True,True,UNMATCHED,NONE,False
GKB,True,True,UNMATCHED,NONE,False
GKC,True,True,UNMATCHED,NONE,False
GKD,True,True,UNMATCHED,NONE,False
GKG,True,True,UNMATCHED,NONE,False
GKH,True,True,UNMATCHED,NONE,False
GKHT,True,True,UNMATCHED,NONE,False
GKJ,True,True,UNMATCHED,NONE,False
GKK,True,True,UNMATCHED,NONE,False
GKL,True,True,UNMATCHED,NONE,False
GKM,True,True,UNMATCHED,NONE,False
GKP,True,True,UNMATCHED,NONE,False
GKT,True,True,UNMATCHED,NONE,False
GKX,True,True,UNMATCHED,NONE,False
GLA,True,True,UNMATCHED,NONE,False
GLBA,True,True,UNMATCHED,NONE,False
GLBN,True,True,UNMATCHED,NONE,False
GLE,True,True,UNMATCHED,NONE,False
GLG,True,True,UNMATCHED,NONE,False
GLGT,True,True,UNMATCHED,NONE,False
GLH,True,True,UNMATCHED,NONE,False
GLI,True,True,UNMATCHED,NONE,False
GLKN,True,True,UNMATCHED,NONE,False
GLMA,True,True,UNMATCHED,NONE,False
GLNA,True,True,UNMATCHED,NONE,False
GLP,True,True,UNMATCHED,NONE,False
GLPT,True,True,UNMATCHED,NONE,False
GLTA,True,True,UNMATCHED,NONE,False
GLU,True,True,UNMATCHED,NONE,False
GLY,True,True,UNMATCHED,NONE,False
GM,True,True,UNMATCHED,NONE,False
GMA,True,True,UNMATCHED,NONE,False
GMAN,True,True,UNMATCHED,NONE,False
GMC,True,True,UNMATCHED,NONE,False
GMD,True,True,UNMATCHED,NONE,False
GMDA,True,True,UNMATCHED,NONE,False
GMDN,True,True,UNMATCHED,NONE,False
GMDP,True,True,UNMATCHED,NONE,False
GME,True,True,UNMATCHED,NONE,False
GMG,True,True,UNMATCHED,NONE,False
GMGM,True,True,UNMATCHED,NONE,False
GMH,True,True,UNMATCHED,NONE,False
GMI,True,True,UNMATCHED,NONE,False
GMIA,True,True,UNMATCHED,NONE,False
GMM,True,True,UNMATCHED,NONE,False
GMMG,True,True,UNMATCHED,NONE,False
GMO,True,True,UNMATCHED,NONE,False
GMR,True,True,UNMATCHED,NONE,False
GMS,True,True,UNMATCHED,NONE,False
GMTO,True,True,UNMATCHED,NONE,False
GMU,True,True,UNMATCHED,NONE,False
GMX,True,True,UNMATCHED,NONE,False
GN,True,True,UNMATCHED,NONE,False
GNA,True,True,UNMATCHED,NONE,False
GNB,True,True,UNMATCHED,NONE,False
GNC,True,True,UNMATCHED,NONE,False
GNDM,True,True,UNMATCHED,NONE,False
GNG,True,True,UNMATCHED,NONE,False
GNGD,True,True,UNMATCHED,NONE,False
GNGL,True,True,UNMATCHED,NONE,False
GNH,True,True,UNMATCHED,NONE,False
GNJ,True,True,UNMATCHED,NONE,False
GNJB,True,True,UNMATCHED,NONE,False
GNK,True,True,UNMATCHED,NONE,False
GNL,True,True,UNMATCHED,NONE,False
GNN,True,True,UNMATCHED,NONE,False
GNNA,True,True,UNMATCHED,NONE,False
GNO,True,True,UNMATCHED,NONE,False
GNP,True,True,UNMATCHED,NONE,False
GNPR,True,True,UNMATCHED,NONE,False
GNQ,True,True,UNMATCHED,NONE,False
GNR,True,True,UNMATCHED,NONE,False
GNRL,True,True,UNMATCHED,NONE,False
GNS,True,True,UNMATCHED,NONE,False
GNST,True,True,UNMATCHED,NONE,False
GNT,True,True,UNMATCHED,NONE,False
GNTR,True,True,UNMATCHED,NONE,False
GNU,True,True,UNMATCHED,NONE,False
GNW,True,True,UNMATCHED,NONE,False
GNZ,True,True,UNMATCHED,NONE,False
GO,True,True,UNMATCHED,NONE,False
GOA,True,True,UNMATCHED,NONE,False
GOC,True,True,MATCHED,HIGH,True
GOD,True,True,UNMATCHED,NONE,False
GOE,True,True,UNMATCHED,NONE,False
GOF,True,True,UNMATCHED,NONE,False
GOG,True,True,UNMATCHED,NONE,False
GOGH,True,True,UNMATCHED,NONE,False
GOH,True,True,UNMATCHED,NONE,False
GOK,True,True,UNMATCHED,NONE,False
GOL,True,True,UNMATCHED,NONE,False
GOLE,True,True,UNMATCHED,NONE,False
GOM,True,True,UNMATCHED,NONE,False
GOP,True,True,UNMATCHED,NONE,False
GOPA,True,True,UNMATCHED,NONE,False
GOPG,True,True,UNMATCHED,NONE,False
GOR,True,True,UNMATCHED,NONE,False
GOS,True,True,UNMATCHED,NONE,False
GOT,True,True,UNMATCHED,NONE,False
GOTN,True,True,UNMATCHED,NONE,False
GOVR,True,True,UNMATCHED,NONE,False
GOX,True,True,UNMATCHED,NONE,False
GOY,True,True,UNMATCHED,NONE,False
GOZ,True,True,UNMATCHED,NONE,False
GP,True,True,UNMATCHED,NONE,False
GPAE,True,True,UNMATCHED,NONE,False
GPB,True,True,UNMATCHED,NONE,False
GPC,True,True,UNMATCHED,NONE,False
GPD,True,True,UNMATCHED,NONE,False
GPDE,True,True,UNMATCHED,NONE,False
GPE,True,True,UNMATCHED,NONE,False
GPH,True,True,UNMATCHED,NONE,False
GPI,True,True,UNMATCHED,NONE,False
GPJ,True,True,UNMATCHED,NONE,False
GPR,True,True,UNMATCHED,NONE,False
GPU,True,True,UNMATCHED,NONE,False
GPX,True,True,UNMATCHED,NONE,False
GPY,True,True,UNMATCHED,NONE,False
GPZ,True,True,UNMATCHED,NONE,False
GQD,True,True,UNMATCHED,NONE,False
GQL,True,True,UNMATCHED,NONE,False
GQN,True,True,UNMATCHED,NONE,False
GR,True,True,UNMATCHED,NONE,False
GRA,True,True,UNMATCHED,NONE,False
GRAE,True,True,UNMATCHED,NONE,False
GRAK,True,True,UNMATCHED,NONE,False
GRB,True,True,UNMATCHED,NONE,False
GRBH,True,True,UNMATCHED,NONE,False
GRBL,True,True,UNMATCHED,NONE,False
GRCP,True,True,MATCHED,MEDIUM,True
GRD,True,True,UNMATCHED,NONE,False
GRE,True,True,UNMATCHED,NONE,False
GRF,True,True,UNMATCHED,NONE,False
GRG,True,True,UNMATCHED,NONE,False
GRH,True,True,UNMATCHED,NONE,False
GRHM,True,True,UNMATCHED,NONE,False
GRHX,True,True,UNMATCHED,NONE,False
GRI,True,True,UNMATCHED,NONE,False
GRJ,True,True,UNMATCHED,NONE,False
GRJA,True,True,UNMATCHED,NONE,False
GRKA,True,True,UNMATCHED,NONE,False
GRKN,True,True,UNMATCHED,NONE,False
GRL,True,True,UNMATCHED,NONE,False
GRM,True,True,UNMATCHED,NONE,False
GRMA,True,True,UNMATCHED,NONE,False
GRMP,True,True,UNMATCHED,NONE,False
GRMR,True,True,UNMATCHED,NONE,False
GRMT,True,True,UNMATCHED,NONE,False
GRN,True,True,UNMATCHED,NONE,False
GRO,True,True,UNMATCHED,NONE,False
GRP,True,True,UNMATCHED,NONE,False
GRR,True,True,UNMATCHED,NONE,False
GRRG,True,True,UNMATCHED,NONE,False
GRRU,True,True,UNMATCHED,NONE,False
GRU,True,True,UNMATCHED,NONE,False
GRWD,True,True,UNMATCHED,NONE,False
GRX,True,True,UNMATCHED,NONE,False
GRY,True,True,UNMATCHED,NONE,False
GRZ,True,True,UNMATCHED,NONE,False
GS,True,True,UNMATCHED,NONE,False
GSA,True,True,UNMATCHED,NONE,False
GSB,True,True,UNMATCHED,NONE,False
GSD,True,True,UNMATCHED,NONE,False
GSGB,True,True,UNMATCHED,NONE,False
GSGJ,True,True,UNMATCHED,NONE,False
GSI,True,True,UNMATCHED,NONE,False
GSL,True,True,UNMATCHED,NONE,False
GSO,True,True,UNMATCHED,NONE,False
GSP,True,True,UNMATCHED,NONE,False
GSPR,True,True,UNMATCHED,NONE,False
GSQ,True,True,UNMATCHED,NONE,False
GSR,True,True,UNMATCHED,NONE,False
GSRM,True,True,UNMATCHED,NONE,False
GSW,True,True,UNMATCHED,NONE,False
GT,True,True,UNMATCHED,NONE,False
GTA,True,True,UNMATCHED,NONE,False
GTD,True,True,UNMATCHED,NONE,False
GTE,True,True,UNMATCHED,NONE,False
GTF,True,True,UNMATCHED,NONE,False
GTI,True,True,UNMATCHED,NONE,False
GTJT,True,True,UNMATCHED,NONE,False
GTK,True,True,UNMATCHED,NONE,False
GTL,True,True,UNMATCHED,NONE,False
GTLM,True,True,UNMATCHED,NONE,False
GTM,True,True,UNMATCHED,NONE,False
GTNR,True,True,UNMATCHED,NONE,False
GTP,True,True,UNMATCHED,NONE,False
GTQ,True,True,UNMATCHED,NONE,False
GTRA,True,True,UNMATCHED,NONE,False
GTS,True,True,UNMATCHED,NONE,False
GTST,True,True,UNMATCHED,NONE,False
GTT,True,True,UNMATCHED,NONE,False
GTU,True,True,UNMATCHED,NONE,False
GTW,True,True,UNMATCHED,NONE,False
GTWD,True,True,UNMATCHED,NONE,False
GTX,True,True,UNMATCHED,NONE,False
GTY,True,True,UNMATCHED,NONE,False
GUA,True,True,UNMATCHED,NONE,False
GUB,True,True,UNMATCHED,NONE,False
GUD,True,True,UNMATCHED,NONE,False
GUDM,True,True,UNMATCHED,NONE,False
GUG,True,True,UNMATCHED,NONE,False
GUH,True,True,UNMATCHED,NONE,False
GUK,True,True,UNMATCHED,NONE,False
GULR,True,True,UNMATCHED,NONE,False
GUMA,True,True,UNMATCHED,NONE,False
GUMI,True,True,UNMATCHED,NONE,False
GUNA,True,True,UNMATCHED,NONE,False
GUNS,True,True,UNMATCHED,NONE,False
GUP,True,True,UNMATCHED,NONE,False
GUR,True,True,UNMATCHED,NONE,False
GURN,True,True,UNMATCHED,NONE,False
GUU,True,True,UNMATCHED,NONE,False
GUV,True,True,UNMATCHED,NONE,False
GUZ,True,True,UNMATCHED,NONE,False
GVA,True,True,UNMATCHED,NONE,False
GVB,True,True,UNMATCHED,NONE,False
GVD,True,True,UNMATCHED,NONE,False
GVDP,True,True,UNMATCHED,NONE,False
GVG,True,True,UNMATCHED,NONE,False
GVH,True,True,UNMATCHED,NONE,False
GVI,True,True,UNMATCHED,NONE,False
GVL,True,True,UNMATCHED,NONE,False
GVMH,True,True,UNMATCHED,NONE,False
GVMR,True,True,UNMATCHED,NONE,False
GVN,True,True,UNMATCHED,NONE,False
GVR,True,True,UNMATCHED,NONE,False
GW,True,True,UNMATCHED,NONE,False
GWA,True,True,UNMATCHED,NONE,False
GWD,True,True,UNMATCHED,NONE,False
GWH,True,True,UNMATCHED,NONE,False
GWL,True,True,UNMATCHED,NONE,False
GWM,True,True,UNMATCHED,NONE,False
GWO,True,True,UNMATCHED,NONE,False
GWP,True,True,UNMATCHED,NONE,False
GWS,True,True,UNMATCHED,NONE,False
GWSB,True,True,UNMATCHED,NONE,False
GWV,True,True,UNMATCHED,NONE,False
GXG,True,True,UNMATCHED,NONE,False
GY,True,True,UNMATCHED,NONE,False
GYM,True,True,MATCHED,HIGH,True
GYN,True,True,UNMATCHED,NONE,False
GZA,True,True,UNMATCHED,NONE,False
GZB,True,True,UNMATCHED,NONE,False
GZH,True,True,UNMATCHED,NONE,False
GZL,True,True,UNMATCHED,NONE,False
GZM,True,True,UNMATCHED,NONE,False
GZN,True,True,UNMATCHED,NONE,False
GZO,True,True,UNMATCHED,NONE,False
GZS,True,True,UNMATCHED,NONE,False
GZT,True,True,UNMATCHED,NONE,False
HAA,True,True,UNMATCHED,NONE,False
HAB,True,True,UNMATCHED,NONE,False
HAD,True,True,UNMATCHED,NONE,False
HAH,True,True,UNMATCHED,NONE,False
HAM,True,True,UNMATCHED,NONE,False
HAN,True,True,UNMATCHED,NONE,False
HAPA,True,True,UNMATCHED,NONE,False
HAQ,True,True,UNMATCHED,NONE,False
HAR,True,True,UNMATCHED,NONE,False
HAS,True,True,UNMATCHED,NONE,False
HAT,True,True,UNMATCHED,NONE,False
HATB,True,True,UNMATCHED,NONE,False
HATI,True,True,UNMATCHED,NONE,False
HAUR,True,True,UNMATCHED,NONE,False
HB,True,True,UNMATCHED,NONE,False
HBD,True,True,UNMATCHED,NONE,False
HBE,True,True,UNMATCHED,NONE,False
HBF,True,True,UNMATCHED,NONE,False
HBJ,True,True,UNMATCHED,NONE,False
HBL,True,True,UNMATCHED,NONE,False
HBLN,True,True,UNMATCHED,NONE,False
HBN,True,True,UNMATCHED,NONE,False
HBP,True,True,UNMATCHED,NONE,False
HBQ,True,True,UNMATCHED,NONE,False
HBS,True,True,UNMATCHED,NONE,False
HBU,True,True,UNMATCHED,NONE,False
HBW,True,True,UNMATCHED,NONE,False
HC,True,True,MATCHED,HIGH,True
HCAB,True,True,UNMATCHED,NONE,False
HCM,True,True,UNMATCHED,NONE,False
HCNR,True,True,UNMATCHED,NONE,False
HCP,True,True,UNMATCHED,NONE,False
HCR,True,True,UNMATCHED,NONE,False
HD,True,True,UNMATCHED,NONE,False
HDA,True,True,UNMATCHED,NONE,False
HDB,True,True,UNMATCHED,NONE,False
HDC,True,True,UNMATCHED,NONE,False
HDD,True,True,UNMATCHED,NONE,False
HDE,True,True,UNMATCHED,NONE,False
HDGR,True,True,UNMATCHED,NONE,False
HDIH,True,True,UNMATCHED,NONE,False
HDK,True,True,UNMATCHED,NONE,False
HDL,True,True,UNMATCHED,NONE,False
HDM,True,True,UNMATCHED,NONE,False
HDN,True,True,UNMATCHED,NONE,False
HDP,True,True,UNMATCHED,NONE,False
HDS,True,True,UNMATCHED,NONE,False
HDT,True,True,UNMATCHED,NONE,False
HDU,True,True,UNMATCHED,NONE,False
HDW,True,True,UNMATCHED,NONE,False
HDWL,True,True,UNMATCHED,NONE,False
HEB,True,True,UNMATCHED,NONE,False
HEI,True,True,UNMATCHED,NONE,False
HEM,True,True,UNMATCHED,NONE,False
HEN,True,True,UNMATCHED,NONE,False
HER,True,True,UNMATCHED,NONE,False
HET,True,True,UNMATCHED,NONE,False
HFZ,True,True,UNMATCHED,NONE,False
HG,True,True,UNMATCHED,NONE,False
HGA,True,True,UNMATCHED,NONE,False
HGH,True,True,UNMATCHED,NONE,False
HGI,True,True,UNMATCHED,NONE,False
HGJ,True,True,UNMATCHED,NONE,False
HGL,True,True,UNMATCHED,NONE,False
HGR,True,True,UNMATCHED,NONE,False
HGT,True,True,UNMATCHED,NONE,False
HGY,True,True,UNMATCHED,NONE,False
HHD,True,True,UNMATCHED,NONE,False
HHG,True,True,UNMATCHED,NONE,False
HHL,True,True,UNMATCHED,NONE,False
HHP,True,True,UNMATCHED,NONE,False
HHR,True,True,UNMATCHED,NONE,False
HHT,True,True,UNMATCHED,NONE,False
HIH,True,True,UNMATCHED,NONE,False
HIJ,True,True,UNMATCHED,NONE,False
HIL,True,True,UNMATCHED,NONE,False
HIND,True,True,MATCHED,MEDIUM,True
HIP,True,True,UNMATCHED,NONE,False
HIR,True,True,UNMATCHED,NONE,False
HISE,True,True,UNMATCHED,NONE,False
HJI,True,True,UNMATCHED,NONE,False
HJL,True,True,UNMATCHED,NONE,False
HJLI,True,True,UNMATCHED,NONE,False
HJP,True,True,UNMATCHED,NONE,False
HK,True,True,UNMATCHED,NONE,False
HKD,True,True,UNMATCHED,NONE,False
HKG,True,True,UNMATCHED,NONE,False
HKL,True,True,UNMATCHED,NONE,False
HKP,True,True,UNMATCHED,NONE,False
HLAR,True,True,UNMATCHED,NONE,False
HLB,True,True,UNMATCHED,NONE,False
HLD,True,True,UNMATCHED,NONE,False
HLDD,True,True,UNMATCHED,NONE,False
HLDR,True,True,UNMATCHED,NONE,False
HLE,True,True,UNMATCHED,NONE,False
HLK,True,True,UNMATCHED,NONE,False
HLKH,True,True,UNMATCHED,NONE,False
HLKK,True,True,UNMATCHED,NONE,False
HLKT,True,True,UNMATCHED,NONE,False
HLN,True,True,UNMATCHED,NONE,False
HLP,True,True,UNMATCHED,NONE,False
HLR,True,True,UNMATCHED,NONE,False
HLV,True,True,UNMATCHED,NONE,False
HLW,True,True,UNMATCHED,NONE,False
HLX,True,True,UNMATCHED,NONE,False
HLZ,True,True,UNMATCHED,NONE,False
HM,True,True,UNMATCHED,NONE,False
HMA,True,True,UNMATCHED,NONE,False
HMBD,True,True,UNMATCHED,NONE,False
HME,True,True,UNMATCHED,NONE,False
HMG,True,True,UNMATCHED,NONE,False
HMH,True,True,UNMATCHED,NONE,False
HMI,True,True,UNMATCHED,NONE,False
HMK,True,True,UNMATCHED,NONE,False
HML,True,True,UNMATCHED,NONE,False
HMO,True,True,UNMATCHED,NONE,False
HMP,True,True,UNMATCHED,NONE,False
HMPR,True,True,UNMATCHED,NONE,False
HMQ,True,True,UNMATCHED,NONE,False
HMR,True,True,UNMATCHED,NONE,False
HMRR,True,True,UNMATCHED,NONE,False
HMY,True,True,UNMATCHED,NONE,False
HMZ,True,True,UNMATCHED,NONE,False
HN,True,True,UNMATCHED,NONE,False
HNA,True,True,UNMATCHED,NONE,False
HNB,True,True,UNMATCHED,NONE,False
HND,True,True,UNMATCHED,NONE,False
HNDR,True,True,UNMATCHED,NONE,False
HNG,True,True,UNMATCHED,NONE,False
HNH,True,True,UNMATCHED,NONE,False
HNK,True,True,UNMATCHED,NONE,False
HNL,True,True,UNMATCHED,NONE,False
HNM,True,True,UNMATCHED,NONE,False
HNMN,True,True,UNMATCHED,NONE,False
HNN,True,True,UNMATCHED,NONE,False
HNPA,True,True,UNMATCHED,NONE,False
HNR,True,True,UNMATCHED,NONE,False
HNS,True,True,UNMATCHED,NONE,False
HNSL,True,True,UNMATCHED,NONE,False
HNU,True,True,UNMATCHED,NONE,False
HOD,True,True,UNMATCHED,NONE,False
HOH,True,True,UNMATCHED,NONE,False
HOJ,True,True,UNMATCHED,NONE,False
HOL,True,True,UNMATCHED,NONE,False
HP,True,True,UNMATCHED,NONE,False
HPA,True,True,UNMATCHED,NONE,False
HPG,True,True,UNMATCHED,NONE,False
HPGM,True,True,UNMATCHED,NONE,False
HPKA,True,True,UNMATCHED,NONE,False
HPL,True,True,UNMATCHED,NONE,False
HPLE,True,True,UNMATCHED,NONE,False
HPO,True,True,UNMATCHED,NONE,False
HPP,True,True,UNMATCHED,NONE,False
HPR,True,True,UNMATCHED,NONE,False
HPT,True,True,UNMATCHED,NONE,False
HPU,True,True,UNMATCHED,NONE,False
HQR,True,True,UNMATCHED,NONE,False
HR,True,True,UNMATCHED,NONE,False
HRB,True,True,UNMATCHED,NONE,False
HRBR,True,True,UNMATCHED,NONE,False
HRDR,True,True,UNMATCHED,NONE,False
HRE,True,True,UNMATCHED,NONE,False
HRF,True,True,UNMATCHED,NONE,False
HRG,True,True,UNMATCHED,NONE,False
HRH,True,True,UNMATCHED,NONE,False
HRI,True,True,UNMATCHED,NONE,False
HRM,True,True,UNMATCHED,NONE,False
HRN,True,True,UNMATCHED,NONE,False
HRNG,True,True,UNMATCHED,NONE,False
HRNR,True,True,UNMATCHED,NONE,False
HRNS,True,True,UNMATCHED,NONE,False
HRO,True,True,UNMATCHED,NONE,False
HRPG,True,True,UNMATCHED,NONE,False
HRR,True,True,UNMATCHED,NONE,False
HRS,True,True,UNMATCHED,NONE,False
HRSB,True,True,UNMATCHED,NONE,False
HRSN,True,True,UNMATCHED,NONE,False
HRSR,True,True,UNMATCHED,NONE,False
HRT,True,True,UNMATCHED,NONE,False
HRV,True,True,UNMATCHED,NONE,False
HRW,True,True,UNMATCHED,NONE,False
HSA,True,True,UNMATCHED,NONE,False
HSB,True,True,UNMATCHED,NONE,False
HSD,True,True,UNMATCHED,NONE,False
HSDA,True,True,UNMATCHED,NONE,False
HSI,True,True,UNMATCHED,NONE,False
HSK,True,True,UNMATCHED,NONE,False
HSL,True,True,UNMATCHED,NONE,False
HSP,True,True,UNMATCHED,NONE,False
HSQ,True,True,UNMATCHED,NONE,False
HSR,True,True,UNMATCHED,NONE,False
HSRA,True,True,UNMATCHED,NONE,False
HSWS,True,True,UNMATCHED,NONE,False
HSX,True,True,UNMATCHED,NONE,False
HSY,True,True,UNMATCHED,NONE,False
HT,True,True,UNMATCHED,NONE,False
HTC,True,True,UNMATCHED,NONE,False
HTCY,True,True,UNMATCHED,NONE,False
HTD,True,True,UNMATCHED,NONE,False
HTE,True,True,UNMATCHED,NONE,False
HTGR,True,True,UNMATCHED,NONE,False
HTJ,True,True,UNMATCHED,NONE,False
HTK,True,True,UNMATCHED,NONE,False
HTL,True,True,UNMATCHED,NONE,False
HTN,True,True,UNMATCHED,NONE,False
HTNL,True,True,UNMATCHED,NONE,False
HTT,True,True,UNMATCHED,NONE,False
HTW,True,True,UNMATCHED,NONE,False
HTZ,True,True,UNMATCHED,NONE,False
HTZU,True,True,UNMATCHED,NONE,False
HUK,True,True,UNMATCHED,NONE,False
HUN,True,True,UNMATCHED,NONE,False
HUP,True,True,UNMATCHED,NONE,False
HVD,True,True,UNMATCHED,NONE,False
HVL,True,True,UNMATCHED,NONE,False
HVM,True,True,UNMATCHED,NONE,False
HVR,True,True,UNMATCHED,NONE,False
HW,True,True,UNMATCHED,NONE,False
HWH,True,True,UNMATCHED,NONE,False
HWR,True,True,UNMATCHED,NONE,False
HWT,True,True,UNMATCHED,NONE,False
HWX,True,True,UNMATCHED,NONE,False
HX,True,True,UNMATCHED,NONE,False
HYA,True,True,UNMATCHED,NONE,False
HYB,True,True,UNMATCHED,NONE,False
HYG,True,True,UNMATCHED,NONE,False
HYL,True,True,UNMATCHED,NONE,False
HYT,True,True,UNMATCHED,NONE,False
HZBN,True,True,UNMATCHED,NONE,False
HZD,True,True,UNMATCHED,NONE,False
HZN,True,True,UNMATCHED,NONE,False
HZR,True,True,UNMATCHED,NONE,False
IAA,True,True,UNMATCHED,NONE,False
IAM,True,True,UNMATCHED,NONE,False
IB,True,True,UNMATCHED,NONE,False
IBL,True,True,UNMATCHED,NONE,False
ICG,True,True,MATCHED,HIGH,True
ICL,True,True,UNMATCHED,NONE,False
IDG,True,True,UNMATCHED,NONE,False
IDGJ,True,True,UNMATCHED,NONE,False
IDH,True,True,UNMATCHED,NONE,False
IDJ,True,True,UNMATCHED,NONE,False
IDL,True,True,UNMATCHED,NONE,False
IDM,True,True,UNMATCHED,NONE,False
IDP,True,True,UNMATCHED,NONE,False
IDR,True,True,UNMATCHED,NONE,False
IDS,True,True,UNMATCHED,NONE,False
IDT,True,True,UNMATCHED,NONE,False
IGL,True,True,UNMATCHED,NONE,False
IGP,True,True,UNMATCHED,NONE,False
IGR,True,True,UNMATCHED,NONE,False
IGRL,True,True,UNMATCHED,NONE,False
IGTA,True,True,UNMATCHED,NONE,False
IGU,True,True,UNMATCHED,NONE,False
IHP,True,True,UNMATCHED,NONE,False
IJK,True,True,UNMATCHED,NONE,False
IK,True,True,UNMATCHED,NONE,False
IKD,True,True,UNMATCHED,NONE,False
IKI,True,True,UNMATCHED,NONE,False
IKK,True,True,UNMATCHED,NONE,False
IKR,True,True,UNMATCHED,NONE,False
ILA,True,True,MATCHED,HIGH,True
ILO,True,True,UNMATCHED,NONE,False
IMGE,True,True,UNMATCHED,NONE,False
IMLI,True,True,UNMATCHED,NONE,False
IMR,True,True,UNMATCHED,NONE,False
INDB,True,True,UNMATCHED,NONE,False
INJ,True,True,UNMATCHED,NONE,False
INK,True,True,UNMATCHED,NONE,False
INP,True,True,UNMATCHED,NONE,False
INS,True,True,UNMATCHED,NONE,False
IP,True,True,UNMATCHED,NONE,False
IPL,True,True,UNMATCHED,NONE,False
IPM,True,True,UNMATCHED,NONE,False
IPPM,True,True,UNMATCHED,NONE,False
IPR,True,True,UNMATCHED,NONE,False
IQB,True,True,UNMATCHED,NONE,False
IQG,True,True,UNMATCHED,NONE,False
IRA,True,True,UNMATCHED,NONE,False
IRN,True,True,UNMATCHED,NONE,False
IRP,True,True,UNMATCHED,NONE,False
ISA,True,True,UNMATCHED,NONE,False
ISH,True,True,UNMATCHED,NONE,False
ISHN,True,True,UNMATCHED,NONE,False
ISM,True,True,UNMATCHED,NONE,False
ISRI,True,True,UNMATCHED,NONE,False
ITA,True,True,UNMATCHED,NONE,False
ITE,True,True,UNMATCHED,NONE,False
ITKY,True,True,UNMATCHED,NONE,False
ITR,True,True,UNMATCHED,NONE,False
ITRN,True,True,UNMATCHED,NONE,False
IZN,True,True,UNMATCHED,NONE,False
J,True,True,UNMATCHED,NONE,False
JA,True,True,UNMATCHED,NONE,False
JAA,True,True,UNMATCHED,NONE,False
JAB,True,True,UNMATCHED,NONE,False
JAC,True,True,UNMATCHED,NONE,False
JACN,True,True,UNMATCHED,NONE,False
JAG,True,True,UNMATCHED,NONE,False
JAIS,True,True,UNMATCHED,NONE,False
JAJ,True,True,UNMATCHED,NONE,False
JAK,True,True,UNMATCHED,NONE,False
JAL,True,True,UNMATCHED,NONE,False
JALD,True,True,UNMATCHED,NONE,False
JAM,True,True,UNMATCHED,NONE,False
JAMA,True,True,UNMATCHED,NONE,False
JAN,True,True,UNMATCHED,NONE,False
JAO,True,True,UNMATCHED,NONE,False
JAQ,True,True,UNMATCHED,NONE,False
JARI,True,True,UNMATCHED,NONE,False
JAT,True,True,UNMATCHED,NONE,False
JATP,True,True,UNMATCHED,NONE,False
JAU,True,True,UNMATCHED,NONE,False
JAUA,True,True,UNMATCHED,NONE,False
JBB,True,True,MATCHED,MEDIUM,True
JBD,True,True,UNMATCHED,NONE,False
JBG,True,True,UNMATCHED,NONE,False
JBK,True,True,UNMATCHED,NONE,False
JBN,True,True,UNMATCHED,NONE,False
JBO,True,True,UNMATCHED,NONE,False
JBP,True,True,UNMATCHED,NONE,False
JBR,True,True,UNMATCHED,NONE,False
JBS,True,True,UNMATCHED,NONE,False
JBU,True,True,UNMATCHED,NONE,False
JBW,True,True,UNMATCHED,NONE,False
JBX,True,True,UNMATCHED,NONE,False
JCH,True,True,UNMATCHED,NONE,False
JCL,True,True,UNMATCHED,NONE,False
JCN,True,True,UNMATCHED,NONE,False
JCNR,True,True,UNMATCHED,NONE,False
JCY,True,True,UNMATCHED,NONE,False
JDA,True,True,UNMATCHED,NONE,False
JDB,True,True,UNMATCHED,NONE,False
JDD,True,True,UNMATCHED,NONE,False
JDDA,True,True,UNMATCHED,NONE,False
JDH,True,True,UNMATCHED,NONE,False
JDI,True,True,UNMATCHED,NONE,False
JDL,True,True,UNMATCHED,NONE,False
JDN,True,True,UNMATCHED,NONE,False
JDNX,True,True,UNMATCHED,NONE,False
JDP,True,True,UNMATCHED,NONE,False
JDPT,True,True,UNMATCHED,NONE,False
JDR,True,True,UNMATCHED,NONE,False
JDW,True,True,UNMATCHED,NONE,False
JEA,True,True,UNMATCHED,NONE,False
JEN,True,True,UNMATCHED,NONE,False
JEP,True,True,UNMATCHED,NONE,False
JER,True,True,UNMATCHED,NONE,False
JES,True,True,UNMATCHED,NONE,False
JET,True,True,UNMATCHED,NONE,False
JEUR,True,True,UNMATCHED,NONE,False
JFD,True,True,UNMATCHED,NONE,False
JFG,True,True,UNMATCHED,NONE,False
JGA,True,True,UNMATCHED,NONE,False
JGBR,True,True,UNMATCHED,NONE,False
JGD,True,True,UNMATCHED,NONE,False
JGDL,True,True,UNMATCHED,NONE,False
JGE,True,True,UNMATCHED,NONE,False
JGF,True,True,UNMATCHED,NONE,False
JGG,True,True,UNMATCHED,NONE,False
JGI,True,True,UNMATCHED,NONE,False
JGJ,True,True,UNMATCHED,NONE,False
JGJN,True,True,UNMATCHED,NONE,False
JGKS,True,True,UNMATCHED,NONE,False
JGLP,True,True,UNMATCHED,NONE,False
JGM,True,True,UNMATCHED,NONE,False
JGN,True,True,UNMATCHED,NONE,False
JGNR,True,True,UNMATCHED,NONE,False
JGP,True,True,UNMATCHED,NONE,False
JGR,True,True,UNMATCHED,NONE,False
JGW,True,True,UNMATCHED,NONE,False
JGWL,True,True,UNMATCHED,NONE,False
JHA,True,True,UNMATCHED,NONE,False
JHBN,True,True,UNMATCHED,NONE,False
JHD,True,True,UNMATCHED,NONE,False
JHDC,True,True,UNMATCHED,NONE,False
JHG,True,True,UNMATCHED,NONE,False
JHH,True,True,UNMATCHED,NONE,False
JHIR,True,True,UNMATCHED,NONE,False
JHJ,True,True,UNMATCHED,NONE,False
JHK,True,True,UNMATCHED,NONE,False
JHL,True,True,UNMATCHED,NONE,False
JHMR,True,True,UNMATCHED,NONE,False
JHN,True,True,UNMATCHED,NONE,False
JHS,True,True,UNMATCHED,NONE,False
JHSA,True,True,UNMATCHED,NONE,False
JHT,True,True,UNMATCHED,NONE,False
JHW,True,True,UNMATCHED,NONE,False
JHWR,True,True,UNMATCHED,NONE,False
JI,True,True,UNMATCHED,NONE,False
JIA,True,True,UNMATCHED,NONE,False
JID,True,True,UNMATCHED,NONE,False
JIGT,True,True,UNMATCHED,NONE,False
JIL,True,True,UNMATCHED,NONE,False
JIND,True,True,UNMATCHED,NONE,False
JIR,True,True,UNMATCHED,NONE,False
JIT,True,True,UNMATCHED,NONE,False
JITE,True,True,UNMATCHED,NONE,False
JJ,True,True,UNMATCHED,NONE,False
JJA,True,True,UNMATCHED,NONE,False
JJG,True,True,UNMATCHED,NONE,False
JJJ,True,True,UNMATCHED,NONE,False
JJK,True,True,UNMATCHED,NONE,False
JJKR,True,True,UNMATCHED,NONE,False
JJN,True,True,UNMATCHED,NONE,False
JJR,True,True,UNMATCHED,NONE,False
JJT,True,True,UNMATCHED,NONE,False
JJW,True,True,UNMATCHED,NONE,False
JK,True,True,MATCHED,MEDIUM,True
JKA,True,True,UNMATCHED,NONE,False
JKAR,True,True,UNMATCHED,NONE,False
JKB,True,True,UNMATCHED,NONE,False
JKDP,True,True,UNMATCHED,NONE,False
JKE,True,True,UNMATCHED,NONE,False
JKH,True,True,UNMATCHED,NONE,False
JKHI,True,True,UNMATCHED,NONE,False
JKI,True,True,UNMATCHED,NONE,False
JKL,True,True,UNMATCHED,NONE,False
JKM,True,True,UNMATCHED,NONE,False
JKN,True,True,UNMATCHED,NONE,False
JKNI,True,True,UNMATCHED,NONE,False
JKO,True,True,UNMATCHED,NONE,False
JKPR,True,True,UNMATCHED,NONE,False
JKR,True,True,UNMATCHED,NONE,False
JKS,True,True,UNMATCHED,NONE,False
JKT,True,True,UNMATCHED,NONE,False
JKZ,True,True,UNMATCHED,NONE,False
JL,True,True,UNMATCHED,NONE,False
JLBR,True,True,UNMATCHED,NONE,False
JLD,True,True,UNMATCHED,NONE,False
JLF,True,True,UNMATCHED,NONE,False
JLG,True,True,UNMATCHED,NONE,False
JLHI,True,True,UNMATCHED,NONE,False
JLI,True,True,UNMATCHED,NONE,False
JLL,True,True,UNMATCHED,NONE,False
JLLO,True,True,UNMATCHED,NONE,False
JLN,True,True,UNMATCHED,NONE,False
JLQ,True,True,UNMATCHED,NONE,False
JLR,True,True,UNMATCHED,NONE,False
JLRF,True,True,UNMATCHED,NONE,False
JLS,True,True,UNMATCHED,NONE,False
JLT,True,True,UNMATCHED,NONE,False
JLW,True,True,UNMATCHED,NONE,False
JLWC,True,True,UNMATCHED,NONE,False
JM,True,True,UNMATCHED,NONE,False
JMBL,True,True,UNMATCHED,NONE,False
JMD,True,True,UNMATCHED,NONE,False
JMDG,True,True,UNMATCHED,NONE,False
JMG,True,True,UNMATCHED,NONE,False
JMI,True,True,UNMATCHED,NONE,False
JMIR,True,True,UNMATCHED,NONE,False
JMK,True,True,UNMATCHED,NONE,False
JMKR,True,True,UNMATCHED,NONE,False
JMKT,True,True,UNMATCHED,NONE,False
JML,True,True,UNMATCHED,NONE,False
JMP,True,True,UNMATCHED,NONE,False
JMPT,True,True,UNMATCHED,NONE,False
JMQ,True,True,UNMATCHED,NONE,False
JMRA,True,True,UNMATCHED,NONE,False
JMS,True,True,UNMATCHED,NONE,False
JMT,True,True,UNMATCHED,NONE,False
JMU,True,True,UNMATCHED,NONE,False
JMV,True,True,UNMATCHED,NONE,False
JNA,True,True,UNMATCHED,NONE,False
JND,True,True,UNMATCHED,NONE,False
JNE,True,True,UNMATCHED,NONE,False
JNH,True,True,UNMATCHED,NONE,False
JNK,True,True,UNMATCHED,NONE,False
JNKR,True,True,UNMATCHED,NONE,False
JNL,True,True,UNMATCHED,NONE,False
JNM,True,True,UNMATCHED,NONE,False
JNN,True,True,UNMATCHED,NONE,False
JNNA,True,True,UNMATCHED,NONE,False
JNO,True,True,UNMATCHED,NONE,False
JNP,True,True,UNMATCHED,NONE,False
JNR,True,True,UNMATCHED,NONE,False
JNRD,True,True,UNMATCHED,NONE,False
JNRI,True,True,UNMATCHED,NONE,False
JNT,True,True,UNMATCHED,NONE,False
JNTR,True,True,UNMATCHED,NONE,False
JNU,True,True,UNMATCHED,NONE,False
JNX,True,True,UNMATCHED,NONE,False
JNZ,True,True,UNMATCHED,NONE,False
JOA,True,True,UNMATCHED,NONE,False
JOB,True,True,UNMATCHED,NONE,False
JOBA,True,True,UNMATCHED,NONE,False
JOC,True,True,UNMATCHED,NONE,False
JOH,True,True,UNMATCHED,NONE,False
JOK,True,True,UNMATCHED,NONE,False
JOL,True,True,UNMATCHED,NONE,False
JOM,True,True,UNMATCHED,NONE,False
JON,True,True,UNMATCHED,NONE,False
JONR,True,True,UNMATCHED,NONE,False
JOO,True,True,UNMATCHED,NONE,False
JOP,True,True,UNMATCHED,NONE,False
JOQ,True,True,UNMATCHED,NONE,False
JOR,True,True,UNMATCHED,NONE,False
JOX,True,True,UNMATCHED,NONE,False
JP,True,True,UNMATCHED,NONE,False
JPD,True,True,UNMATCHED,NONE,False
JPE,True,True,UNMATCHED,NONE,False
JPG,True,True,UNMATCHED,NONE,False
JPH,True,True,UNMATCHED,NONE,False
JPI,True,True,UNMATCHED,NONE,False
JPL,True,True,UNMATCHED,NONE,False
JPM,True,True,UNMATCHED,NONE,False
JPO,True,True,UNMATCHED,NONE,False
JPP,True,True,UNMATCHED,NONE,False
JPQ,True,True,UNMATCHED,NONE,False
JPR,True,True,UNMATCHED,NONE,False
JPRD,True,True,UNMATCHED,NONE,False
JPS,True,True,UNMATCHED,NONE,False
JPV,True,True,UNMATCHED,NONE,False
JPZ,True,True,UNMATCHED,NONE,False
JRA,True,True,UNMATCHED,NONE,False
JRAE,True,True,UNMATCHED,NONE,False
JRBM,True,True,UNMATCHED,NONE,False
JRC,True,True,UNMATCHED,NONE,False
JRG,True,True,UNMATCHED,NONE,False
JRJ,True,True,UNMATCHED,NONE,False
JRK,True,True,UNMATCHED,NONE,False
JRKN,True,True,UNMATCHED,NONE,False
JRKT,True,True,UNMATCHED,NONE,False
JRL,True,True,UNMATCHED,NONE,False
JRLE,True,True,UNMATCHED,NONE,False
JRLI,True,True,UNMATCHED,NONE,False
JRMG,True,True,UNMATCHED,NONE,False
JRNA,True,True,UNMATCHED,NONE,False
JRO,True,True,UNMATCHED,NONE,False
JRPD,True,True,UNMATCHED,NONE,False
JRQ,True,True,UNMATCHED,NONE,False
JRR,True,True,UNMATCHED,NONE,False
JRS,True,True,UNMATCHED,NONE,False
JRT,True,True,UNMATCHED,NONE,False
JRU,True,True,UNMATCHED,NONE,False
JRV,True,True,UNMATCHED,NONE,False
JRW,True,True,UNMATCHED,NONE,False
JRX,True,True,UNMATCHED,NONE,False
JRZ,True,True,UNMATCHED,NONE,False
JSA,True,True,UNMATCHED,NONE,False
JSB,True,True,UNMATCHED,NONE,False
JSC,True,True,UNMATCHED,NONE,False
JSD,True,True,UNMATCHED,NONE,False
JSG,True,True,UNMATCHED,NONE,False
JSGR,True,True,UNMATCHED,NONE,False
JSI,True,True,UNMATCHED,NONE,False
JSKA,True,True,UNMATCHED,NONE,False
JSL,True,True,UNMATCHED,NONE,False
JSM,True,True,UNMATCHED,NONE,False
JSME,True,True,UNMATCHED,NONE,False
JSP,True,True,UNMATCHED,NONE,False
JSPR,True,True,UNMATCHED,NONE,False
JSR,True,True,UNMATCHED,NONE,False
JSRD,True,True,UNMATCHED,NONE,False
JSS,True,True,UNMATCHED,NONE,False
JSV,True,True,UNMATCHED,NONE,False
JTB,True,True,UNMATCHED,NONE,False
JTDM,True,True,UNMATCHED,NONE,False
JTH,True,True,UNMATCHED,NONE,False
JTI,True,True,UNMATCHED,NONE,False
JTIN,True,True,UNMATCHED,NONE,False
JTJ,True,True,MATCHED,HIGH,True
JTK,True,True,UNMATCHED,NONE,False
JTKN,True,True,UNMATCHED,NONE,False
JTL,True,True,UNMATCHED,NONE,False
JTN,True,True,UNMATCHED,NONE,False
JTO,True,True,UNMATCHED,NONE,False
JTP,True,True,UNMATCHED,NONE,False
JTR,True,True,UNMATCHED,NONE,False
JTRD,True,True,UNMATCHED,NONE,False
JTS,True,True,UNMATCHED,NONE,False
JTTN,True,True,UNMATCHED,NONE,False
JTU,True,True,UNMATCHED,NONE,False
JTV,True,True,UNMATCHED,NONE,False
JTW,True,True,UNMATCHED,NONE,False
JTY,True,True,UNMATCHED,NONE,False
JU,True,True,UNMATCHED,NONE,False
JUA,True,True,UNMATCHED,NONE,False
JUBS,True,True,UNMATCHED,NONE,False
JUC,True,True,UNMATCHED,NONE,False
JUCT,True,True,UNMATCHED,NONE,False
JUDW,True,True,UNMATCHED,NONE,False
JUJA,True,True,UNMATCHED,NONE,False
JUK,True,True,UNMATCHED,NONE,False
JUL,True,True,UNMATCHED,NONE,False
JUNX,True,True,UNMATCHED,NONE,False
JUP,True,True,UNMATCHED,NONE,False
JUR,True,True,UNMATCHED,NONE,False
JVA,True,True,UNMATCHED,NONE,False
JVL,True,True,UNMATCHED,NONE,False
JVN,True,True,UNMATCHED,NONE,False
JVT,True,True,UNMATCHED,NONE,False
JW,True,True,UNMATCHED,NONE,False
JWB,True,True,UNMATCHED,NONE,False
JWK,True,True,UNMATCHED,NONE,False
JWL,True,True,UNMATCHED,NONE,False
JWLS,True,True,UNMATCHED,NONE,False
JWN,True,True,UNMATCHED,NONE,False
JWNR,True,True,UNMATCHED,NONE,False
JWO,True,True,UNMATCHED,NONE,False
JWP,True,True,UNMATCHED,NONE,False
JWS,True,True,UNMATCHED,NONE,False
JXN,True,True,UNMATCHED,NONE,False
JYG,True,True,UNMATCHED,NONE,False
JYK,True,True,UNMATCHED,NONE,False
JYP,True,True,UNMATCHED,NONE,False
KAA,True,True,UNMATCHED,NONE,False
KAD,True,True,UNMATCHED,NONE,False
KADH,True,True,UNMATCHED,NONE,False
KADI,True,True,UNMATCHED,NONE,False
KADL,True,True,UNMATCHED,NONE,False
KAG,True,True,UNMATCHED,NONE,False
KAGA,True,True,UNMATCHED,NONE,False
KAGR,True,True,UNMATCHED,NONE,False
KAH,True,True,UNMATCHED,NONE,False
KAI,True,True,UNMATCHED,NONE,False
KAJ,True,True,UNMATCHED,NONE,False
KAJG,True,True,UNMATCHED,NONE,False
KAKN,True,True,UNMATCHED,NONE,False
KAL,True,True,MATCHED,HIGH,True
KALI,True,True,UNMATCHED,NONE,False
KALN,True,True,UNMATCHED,NONE,False
KALS,True,True,UNMATCHED,NONE,False
KAMG,True,True,UNMATCHED,NONE,False
KAMP,True,True,UNMATCHED,NONE,False
KAN,True,True,UNMATCHED,NONE,False
KANJ,True,True,UNMATCHED,NONE,False
KANO,True,True,UNMATCHED,NONE,False
KANS,True,True,UNMATCHED,NONE,False
KAO,True,True,UNMATCHED,NONE,False
KAOT,True,True,UNMATCHED,NONE,False
KAP,True,True,UNMATCHED,NONE,False
KAPE,True,True,UNMATCHED,NONE,False
KAPG,True,True,UNMATCHED,NONE,False
KAPP,True,True,UNMATCHED,NONE,False
KAQ,True,True,UNMATCHED,NONE,False
KAR,True,True,UNMATCHED,NONE,False
KARD,True,True,MATCHED,MEDIUM,True
KARH,True,True,UNMATCHED,NONE,False
KARJ,True,True,UNMATCHED,NONE,False
KARK,True,True,UNMATCHED,NONE,False
KARO,True,True,UNMATCHED,NONE,False
KARR,True,True,UNMATCHED,NONE,False
KART,True,True,UNMATCHED,NONE,False
KASH,True,True,UNMATCHED,NONE,False
KASR,True,True,UNMATCHED,NONE,False
KASU,True,True,UNMATCHED,NONE,False
KAT,True,True,UNMATCHED,NONE,False
KATB,True,True,UNMATCHED,NONE,False
KATI,True,True,UNMATCHED,NONE,False
KATL,True,True,UNMATCHED,NONE,False
KAU,True,True,UNMATCHED,NONE,False
KAUA,True,True,UNMATCHED,NONE,False
KAV,True,True,UNMATCHED,NONE,False
KAVM,True,True,UNMATCHED,NONE,False
KAVR,True,True,UNMATCHED,NONE,False
KAW,True,True,UNMATCHED,NONE,False
KAWL,True,True,UNMATCHED,NONE,False
KAWR,True,True,UNMATCHED,NONE,False
KAWT,True,True,UNMATCHED,NONE,False
KAY,True,True,UNMATCHED,NONE,False
KAYI,True,True,UNMATCHED,NONE,False
KAYR,True,True,UNMATCHED,NONE,False
KBA,True,True,UNMATCHED,NONE,False
KBE,True,True,UNMATCHED,NONE,False
KBGH,True,True,UNMATCHED,NONE,False
KBH,True,True,UNMATCHED,NONE,False
KBI,True,True,UNMATCHED,NONE,False
KBJ,True,True,UNMATCHED,NONE,False
KBK,True,True,UNMATCHED,NONE,False
KBKN,True,True,UNMATCHED,NONE,False
KBL,True,True,UNMATCHED,NONE,False
KBM,True,True,UNMATCHED,NONE,False
KBN,True,True,UNMATCHED,NONE,False
KBP,True,True,UNMATCHED,NONE,False
KBPR,True,True,UNMATCHED,NONE,False
KBQ,True,True,UNMATCHED,NONE,False
KBR,True,True,UNMATCHED,NONE,False
KBRV,True,True,UNMATCHED,NONE,False
KBSH,True,True,UNMATCHED,NONE,False
KBSN,True,True,UNMATCHED,NONE,False
KBT,True,True,MATCHED,HIGH,True
KBU,True,True,UNMATCHED,NONE,False
KBY,True,True,UNMATCHED,NONE,False
KCA,True,True,UNMATCHED,NONE,False
KCAB,True,True,UNMATCHED,NONE,False
KCC,True,True,UNMATCHED,NONE,False
KCD,True,True,UNMATCHED,NONE,False
KCF,True,True,UNMATCHED,NONE,False
KCG,True,True,UNMATCHED,NONE,False
KCHV,True,True,MATCHED,HIGH,True
KCI,True,True,UNMATCHED,NONE,False
KCJ,True,True,UNMATCHED,NONE,False
KCKI,True,True,UNMATCHED,NONE,False
KCLA,True,True,UNMATCHED,NONE,False
KCM,True,True,UNMATCHED,NONE,False
KCN,True,True,UNMATCHED,NONE,False
KCO,True,True,UNMATCHED,NONE,False
KCP,True,True,UNMATCHED,NONE,False
KCR,True,True,UNMATCHED,NONE,False
KCT,True,True,UNMATCHED,NONE,False
KCU,True,True,UNMATCHED,NONE,False
KCV,True,True,UNMATCHED,NONE,False
KCVL,True,True,UNMATCHED,NONE,False
KCY,True,True,UNMATCHED,NONE,False
KD,True,True,UNMATCHED,NONE,False
KDAG,True,True,UNMATCHED,NONE,False
KDBA,True,True,UNMATCHED,NONE,False
KDBR,True,True,UNMATCHED,NONE,False
KDE,True,True,MATCHED,HIGH,True
KDF,True,True,UNMATCHED,NONE,False
KDG,True,True,UNMATCHED,NONE,False
KDGH,True,True,UNMATCHED,NONE,False
KDGI,True,True,UNMATCHED,NONE,False
KDH,True,True,UNMATCHED,NONE,False
KDHA,True,True,UNMATCHED,NONE,False
KDHI,True,True,UNMATCHED,NONE,False
KDHL,True,True,UNMATCHED,NONE,False
KDHN,True,True,UNMATCHED,NONE,False
KDI,True,True,UNMATCHED,NONE,False
KDJ,True,True,UNMATCHED,NONE,False
KDJR,True,True,UNMATCHED,NONE,False
KDK,True,True,UNMATCHED,NONE,False
KDKN,True,True,UNMATCHED,NONE,False
KDL,True,True,UNMATCHED,NONE,False
KDLR,True,True,UNMATCHED,NONE,False
KDM,True,True,UNMATCHED,NONE,False
KDMD,True,True,MATCHED,HIGH,True
KDMR,True,True,UNMATCHED,NONE,False
KDN,True,True,UNMATCHED,NONE,False
KDNL,True,True,UNMATCHED,NONE,False
KDO,True,True,UNMATCHED,NONE,False
KDP,True,True,UNMATCHED,NONE,False
KDPA,True,True,UNMATCHED,NONE,False
KDPR,True,True,UNMATCHED,NONE,False
KDQ,True,True,UNMATCHED,NONE,False
KDRD,True,True,UNMATCHED,NONE,False
KDRI,True,True,UNMATCHED,NONE,False
KDRP,True,True,UNMATCHED,NONE,False
KDS,True,True,UNMATCHED,NONE,False
KDSB,True,True,UNMATCHED,NONE,False
KDSD,True,True,UNMATCHED,NONE,False
KDT,True,True,UNMATCHED,NONE,False
KDTN,True,True,UNMATCHED,NONE,False
KDTR,True,True,UNMATCHED,NONE,False
KDTY,True,True,UNMATCHED,NONE,False
KDU,True,True,MATCHED,MEDIUM,True
KDUH,True,True,UNMATCHED,NONE,False
KDV,True,True,UNMATCHED,NONE,False
KDX,True,True,UNMATCHED,NONE,False
KDY,True,True,MATCHED,HIGH,True
KDZ,True,True,UNMATCHED,NONE,False
KE,True,True,UNMATCHED,NONE,False
KEA,True,True,UNMATCHED,NONE,False
KEB,True,True,UNMATCHED,NONE,False
KED,True,True,UNMATCHED,NONE,False
KEE,True,True,UNMATCHED,NONE,False
KEF,True,True,UNMATCHED,NONE,False
KEG,True,True,UNMATCHED,NONE,False
KEH,True,True,UNMATCHED,NONE,False
KEI,True,True,UNMATCHED,NONE,False
KEJ,True,True,UNMATCHED,NONE,False
KEK,True,True,UNMATCHED,NONE,False
KEM,True,True,UNMATCHED,NONE,False
KEMA,True,True,UNMATCHED,NONE,False
KEMK,True,True,UNMATCHED,NONE,False
KEMP,True,True,UNMATCHED,NONE,False
KEMR,True,True,UNMATCHED,NONE,False
KEN,True,True,UNMATCHED,NONE,False
KEP,True,True,UNMATCHED,NONE,False
KEPR,True,True,UNMATCHED,NONE,False
KER,True,True,UNMATCHED,NONE,False
KES,True,True,UNMATCHED,NONE,False
KESR,True,True,UNMATCHED,NONE,False
KEV,True,True,UNMATCHED,NONE,False
KEX,True,True,UNMATCHED,NONE,False
KEY,True,True,MATCHED,HIGH,True
KEZ,True,True,UNMATCHED,NONE,False
KFA,True,True,UNMATCHED,NONE,False
KFC,True,True,MATCHED,HIGH,True
KFD,True,True,UNMATCHED,NONE,False
KFE,True,True,UNMATCHED,NONE,False
KFF,True,True,UNMATCHED,NONE,False
KFH,True,True,UNMATCHED,NONE,False
KFI,True,True,UNMATCHED,NONE,False
KFK,True,True,UNMATCHED,NONE,False
KFPR,True,True,UNMATCHED,NONE,False
KFQ,True,True,UNMATCHED,NONE,False
KFT,True,True,UNMATCHED,NONE,False
KFU,True,True,UNMATCHED,NONE,False
KFV,True,True,UNMATCHED,NONE,False
KFX,True,True,UNMATCHED,NONE,False
KFY,True,True,UNMATCHED,NONE,False
KGA,True,True,UNMATCHED,NONE,False
KGB,True,True,UNMATCHED,NONE,False
KGBS,True,True,UNMATCHED,NONE,False
KGD,True,True,UNMATCHED,NONE,False
KGE,True,True,UNMATCHED,NONE,False
KGF,True,True,UNMATCHED,NONE,False
KGG,True,True,UNMATCHED,NONE,False
KGI,True,True,UNMATCHED,NONE,False
KGIH,True,True,UNMATCHED,NONE,False
KGK,True,True,UNMATCHED,NONE,False
KGKD,True,True,UNMATCHED,NONE,False
KGL,True,True,UNMATCHED,NONE,False
KGLE,True,True,UNMATCHED,NONE,False
KGM,True,True,UNMATCHED,NONE,False
KGMR,True,True,UNMATCHED,NONE,False
KGN,True,True,UNMATCHED,NONE,False
KGP,True,True,UNMATCHED,NONE,False
KGQ,True,True,UNMATCHED,NONE,False
KGRA,True,True,UNMATCHED,NONE,False
KGS,True,True,UNMATCHED,NONE,False
KGW,True,True,UNMATCHED,NONE,False
KGX,True,True,UNMATCHED,NONE,False
KGY,True,True,UNMATCHED,NONE,False
KGZ,True,True,MATCHED,HIGH,True
KH,True,True,UNMATCHED,NONE,False
KHA,True,True,UNMATCHED,NONE,False
KHAI,True,True,UNMATCHED,NONE,False
KHAT,True,True,UNMATCHED,NONE,False
KHBJ,True,True,UNMATCHED,NONE,False
KHBV,True,True,UNMATCHED,NONE,False
KHC,True,True,UNMATCHED,NONE,False
KHD,True,True,UNMATCHED,NONE,False
KHDB,True,True,UNMATCHED,NONE,False
KHDI,True,True,UNMATCHED,NONE,False
KHDP,True,True,UNMATCHED,NONE,False
KHDR,True,True,UNMATCHED,NONE,False
KHE,True,True,UNMATCHED,NONE,False
KHED,True,True,UNMATCHED,NONE,False
KHF,True,True,UNMATCHED,NONE,False
KHGP,True,True,UNMATCHED,NONE,False
KHGR,True,True,UNMATCHED,NONE,False
KHH,True,True,UNMATCHED,NONE,False
KHHJ,True,True,UNMATCHED,NONE,False
KHI,True,True,UNMATCHED,NONE,False
KHJ,True,True,UNMATCHED,NONE,False
KHJA,True,True,UNMATCHED,NONE,False
KHKN,True,True,UNMATCHED,NONE,False
KHKT,True,True,UNMATCHED,NONE,False
KHLL,True,True,UNMATCHED,NONE,False
KHM,True,True,UNMATCHED,NONE,False
KHN,True,True,UNMATCHED,NONE,False
KHNM,True,True,UNMATCHED,NONE,False
KHNP,True,True,UNMATCHED,NONE,False
KHNR,True,True,UNMATCHED,NONE,False
KHOH,True,True,UNMATCHED,NONE,False
KHPL,True,True,UNMATCHED,NONE,False
KHQ,True,True,UNMATCHED,NONE,False
KHRA,True,True,UNMATCHED,NONE,False
KHRI,True,True,UNMATCHED,NONE,False
KHRJ,True,True,UNMATCHED,NONE,False
KHRK,True,True,UNMATCHED,NONE,False
KHRY,True,True,UNMATCHED,NONE,False
KHS,True,True,UNMATCHED,NONE,False
KHSN,True,True,UNMATCHED,NONE,False
KHST,True,True,UNMATCHED,NONE,False
KHT,True,True,UNMATCHED,NONE,False
KHTG,True,True,UNMATCHED,NONE,False
KHTU,True,True,UNMATCHED,NONE,False
KHTX,True,True,UNMATCHED,NONE,False
KHU,True,True,UNMATCHED,NONE,False
KHV,True,True,UNMATCHED,NONE,False
KI,True,True,UNMATCHED,NONE,False
KIAT,True,True,UNMATCHED,NONE,False
KIB,True,True,MATCHED,MEDIUM,True
KIC,True,True,UNMATCHED,NONE,False
KID,True,True,UNMATCHED,NONE,False
KIE,True,True,UNMATCHED,NONE,False
KIF,True,True,MATCHED,MEDIUM,True
KIG,True,True,UNMATCHED,NONE,False
KIGL,True,True,UNMATCHED,NONE,False
KII,True,True,MATCHED,HIGH,True
KIJ,True,True,UNMATCHED,NONE,False
KIK,True,True,MATCHED,HIGH,True
KIKA,True,True,UNMATCHED,NONE,False
KIM,True,True,UNMATCHED,NONE,False
KIN,True,True,UNMATCHED,NONE,False
KIP,True,True,UNMATCHED,NONE,False
KIQ,True,True,UNMATCHED,NONE,False
KIR,True,True,UNMATCHED,NONE,False
KIRP,True,True,UNMATCHED,NONE,False
KIS,True,True,UNMATCHED,NONE,False
KISN,True,True,UNMATCHED,NONE,False
KIT,True,True,UNMATCHED,NONE,False
KITA,True,True,UNMATCHED,NONE,False
KIU,True,True,UNMATCHED,NONE,False
KIUL,True,True,UNMATCHED,NONE,False
KIV,True,True,UNMATCHED,NONE,False
KIW,True,True,UNMATCHED,NONE,False
KIY,True,True,UNMATCHED,NONE,False
KIZ,True,True,UNMATCHED,NONE,False
KJ,True,True,UNMATCHED,NONE,False
KJA,True,True,UNMATCHED,NONE,False
KJC,True,True,UNMATCHED,NONE,False
KJG,True,True,UNMATCHED,NONE,False
KJH,True,True,UNMATCHED,NONE,False
KJI,True,True,UNMATCHED,NONE,False
KJJ,True,True,UNMATCHED,NONE,False
KJKD,True,True,UNMATCHED,NONE,False
KJL,True,True,UNMATCHED,NONE,False
KJLU,True,True,UNMATCHED,NONE,False
KJM,True,True,UNMATCHED,NONE,False
KJME,True,True,UNMATCHED,NONE,False
KJN,True,True,UNMATCHED,NONE,False
KJNC,True,True,UNMATCHED,NONE,False
KJP,True,True,UNMATCHED,NONE,False
KJPD,True,True,MATCHED,HIGH,True
KJRA,True,True,UNMATCHED,NONE,False
KJRM,True,True,UNMATCHED,NONE,False
KJS,True,True,UNMATCHED,NONE,False
KJT,True,True,UNMATCHED,NONE,False
KJTW,True,True,UNMATCHED,NONE,False
KJU,True,True,UNMATCHED,NONE,False
KJV,True,True,UNMATCHED,NONE,False
KJW,True,True,UNMATCHED,NONE,False
KJY,True,True,UNMATCHED,NONE,False
KJZ,True,True,UNMATCHED,NONE,False
KK,True,True,UNMATCHED,NONE,False
KKA,True,True,UNMATCHED,NONE,False
KKAE,True,True,UNMATCHED,NONE,False
KKAH,True,True,UNMATCHED,NONE,False
KKAS,True,True,UNMATCHED,NONE,False
KKB,True,True,UNMATCHED,NONE,False
KKBA,True,True,UNMATCHED,NONE,False
KKD,True,True,UNMATCHED,NONE,False
KKDE,True,True,UNMATCHED,NONE,False
KKDI,True,True,MATCHED,HIGH,True
KKET,True,True,UNMATCHED,NONE,False
KKG,True,True,UNMATCHED,NONE,False
KKGM,True,True,UNMATCHED,NONE,False
KKGT,True,True,UNMATCHED,NONE,False
KKHT,True,True,UNMATCHED,NONE,False
KKI,True,True,UNMATCHED,NONE,False
KKJ,True,True,UNMATCHED,NONE,False
KKK,True,True,UNMATCHED,NONE,False
KKL,True,True,UNMATCHED,NONE,False
KKLR,True,True,UNMATCHED,NONE,False
KKLU,True,True,UNMATCHED,NONE,False
KKM,True,True,UNMATCHED,NONE,False
KKMB,True,True,UNMATCHED,NONE,False
KKN,True,True,UNMATCHED,NONE,False
KKNA,True,True,UNMATCHED,NONE,False
KKNH,True,True,UNMATCHED,NONE,False
KKP,True,True,UNMATCHED,NONE,False
KKPM,True,True,MATCHED,HIGH,True
KKPR,True,True,UNMATCHED,NONE,False
KKQ,True,True,UNMATCHED,NONE,False
KKR,True,True,UNMATCHED,NONE,False
KKRD,True,True,UNMATCHED,NONE,False
KKRH,True,True,UNMATCHED,NONE,False
KKRL,True,True,UNMATCHED,NONE,False
KKRM,True,True,UNMATCHED,NONE,False
KKS,True,True,UNMATCHED,NONE,False
KKT,True,True,UNMATCHED,NONE,False
KKTA,True,True,UNMATCHED,NONE,False
KKTI,True,True,UNMATCHED,NONE,False
KKU,True,True,UNMATCHED,NONE,False
KKV,True,True,UNMATCHED,NONE,False
KKW,True,True,UNMATCHED,NONE,False
KKY,True,True,UNMATCHED,NONE,False
KKZ,True,True,UNMATCHED,NONE,False
KL,True,True,UNMATCHED,NONE,False
KLA,True,True,UNMATCHED,NONE,False
KLAD,True,True,UNMATCHED,NONE,False
KLAR,True,True,UNMATCHED,NONE,False
KLB,True,True,UNMATCHED,NONE,False
KLBA,True,True,UNMATCHED,NONE,False
KLCR,True,True,UNMATCHED,NONE,False
KLD,True,True,UNMATCHED,NONE,False
KLDI,True,True,UNMATCHED,NONE,False
KLE,True,True,UNMATCHED,NONE,False
KLG,True,True,UNMATCHED,NONE,False
KLGD,True,True,UNMATCHED,NONE,False
KLGM,True,True,MATCHED,HIGH,True
KLGN,True,True,MATCHED,HIGH,True
KLGR,True,True,UNMATCHED,NONE,False
KLH,True,True,UNMATCHED,NONE,False
KLHD,True,True,UNMATCHED,NONE,False
KLI,True,True,UNMATCHED,NONE,False
KLJ,True,True,UNMATCHED,NONE,False
KLJI,True,True,UNMATCHED,NONE,False
KLK,True,True,UNMATCHED,NONE,False
KLKA,True,True,UNMATCHED,NONE,False
KLKR,True,True,UNMATCHED,NONE,False
KLL,True,True,UNMATCHED,NONE,False
KLLF,True,True,UNMATCHED,NONE,False
KLM,True,True,UNMATCHED,NONE,False
KLMG,True,True,UNMATCHED,NONE,False
KLMR,True,True,UNMATCHED,NONE,False
KLNK,True,True,UNMATCHED,NONE,False
KLNP,True,True,UNMATCHED,NONE,False
KLNT,True,True,UNMATCHED,NONE,False
KLP,True,True,UNMATCHED,NONE,False
KLPG,True,True,UNMATCHED,NONE,False
KLPM,True,True,UNMATCHED,NONE,False
KLQ,True,True,UNMATCHED,NONE,False
KLRE,True,True,UNMATCHED,NONE,False
KLRS,True,True,MATCHED,MEDIUM,True
KLS,True,True,MATCHED,HIGH,True
KLSP,True,True,UNMATCHED,NONE,False
KLSX,True,True,UNMATCHED,NONE,False
KLT,True,True,MATCHED,HIGH,True
KLTR,True,True,UNMATCHED,NONE,False
KLU,True,True,UNMATCHED,NONE,False
KLV,True,True,UNMATCHED,NONE,False
KLVA,True,True,UNMATCHED,NONE,False
KLW,True,True,UNMATCHED,NONE,False
KLWD,True,True,MATCHED,MEDIUM,True
KLWL,True,True,UNMATCHED,NONE,False
KLWN,True,True,UNMATCHED,NONE,False
KLX,True,True,UNMATCHED,NONE,False
KLYG,True,True,UNMATCHED,NONE,False
KLYH,True,True,UNMATCHED,NONE,False
KLYM,True,True,UNMATCHED,NONE,False
KLYN,True,True,UNMATCHED,NONE,False
KLYS,True,True,UNMATCHED,NONE,False
KLYT,True,True,UNMATCHED,NONE,False
KM,True,True,UNMATCHED,NONE,False
KMA,True,True,UNMATCHED,NONE,False
KMAE,True,True,UNMATCHED,NONE,False
KMAH,True,True,UNMATCHED,NONE,False
KMBL,True,True,UNMATCHED,NONE,False
KMC,True,True,UNMATCHED,NONE,False
KMD,True,True,UNMATCHED,NONE,False
KMDR,True,True,UNMATCHED,NONE,False
KMEZ,True,True,UNMATCHED,NONE,False
KMGE,True,True,UNMATCHED,NONE,False
KMGH,True,True,UNMATCHED,NONE,False
KMH,True,True,UNMATCHED,NONE,False
KMHT,True,True,UNMATCHED,NONE,False
KMI,True,True,UNMATCHED,NONE,False
KMJ,True,True,UNMATCHED,NONE,False
KMK,True,True,UNMATCHED,NONE,False
KMKD,True,True,UNMATCHED,NONE,False
KML,True,True,UNMATCHED,NONE,False
KMLI,True,True,UNMATCHED,NONE,False
KMLK,True,True,UNMATCHED,NONE,False
KMLM,True,True,UNMATCHED,NONE,False
KMLR,True,True,UNMATCHED,NONE,False
KMM,True,True,MATCHED,HIGH,True
KMMD,True,True,UNMATCHED,NONE,False
KMME,True,True,UNMATCHED,NONE,False
KMNC,True,True,UNMATCHED,NONE,False
KMND,True,True,UNMATCHED,NONE,False
KMNG,True,True,UNMATCHED,NONE,False
KMNP,True,True,UNMATCHED,NONE,False
KMNR,True,True,UNMATCHED,NONE,False
KMPH,True,True,UNMATCHED,NONE,False
KMPS,True,True,UNMATCHED,NONE,False
KMQ,True,True,UNMATCHED,NONE,False
KMQA,True,True,UNMATCHED,NONE,False
KMRA,True,True,UNMATCHED,NONE,False
KMRD,True,True,UNMATCHED,NONE,False
KMRJ,True,True,UNMATCHED,NONE,False
KMRL,True,True,UNMATCHED,NONE,False
KMS,True,True,UNMATCHED,NONE,False
KMSD,True,True,UNMATCHED,NONE,False
KMSI,True,True,UNMATCHED,NONE,False
KMST,True,True,UNMATCHED,NONE,False
KMT,True,True,UNMATCHED,NONE,False
KMTI,True,True,UNMATCHED,NONE,False
KMU,True,True,MATCHED,HIGH,True
KMV,True,True,UNMATCHED,NONE,False
KMX,True,True,UNMATCHED,NONE,False
KMZ,True,True,UNMATCHED,NONE,False
KMZA,True,True,UNMATCHED,NONE,False
KN,True,True,UNMATCHED,NONE,False
KNAD,True,True,UNMATCHED,NONE,False
KNAR,True,True,UNMATCHED,NONE,False
KNB,True,True,MATCHED,HIGH,True
KNBR,True,True,UNMATCHED,NONE,False
KNC,True,True,UNMATCHED,NONE,False
KND,True,True,UNMATCHED,NONE,False
KNDG,True,True,UNMATCHED,NONE,False
KNDI,True,True,UNMATCHED,NONE,False
KNDL,True,True,UNMATCHED,NONE,False
KNDP,True,True,UNMATCHED,NONE,False
KNDV,True,True,UNMATCHED,NONE,False
KNE,True,True,UNMATCHED,NONE,False
KNF,True,True,UNMATCHED,NONE,False
KNG,True,True,UNMATCHED,NONE,False
KNGN,True,True,UNMATCHED,NONE,False
KNGR,True,True,UNMATCHED,NONE,False
KNH,True,True,UNMATCHED,NONE,False
KNHE,True,True,UNMATCHED,NONE,False
KNHN,True,True,UNMATCHED,NONE,False
KNHP,True,True,UNMATCHED,NONE,False
KNJ,True,True,UNMATCHED,NONE,False
KNJI,True,True,UNMATCHED,NONE,False
KNJJ,True,True,UNMATCHED,NONE,False
KNKT,True,True,UNMATCHED,NONE,False
KNL,True,True,UNMATCHED,NONE,False
KNLP,True,True,UNMATCHED,NONE,False
KNLS,True,True,UNMATCHED,NONE,False
KNM,True,True,UNMATCHED,NONE,False
KNN,True,True,UNMATCHED,NONE,False
KNNA,True,True,UNMATCHED,NONE,False
KNNK,True,True,UNMATCHED,NONE,False
KNNT,True,True,UNMATCHED,NONE,False
KNO,True,True,UNMATCHED,NONE,False
KNP,True,True,UNMATCHED,NONE,False
KNPR,True,True,UNMATCHED,NONE,False
KNPS,True,True,UNMATCHED,NONE,False
KNR,True,True,UNMATCHED,NONE,False
KNRG,True,True,UNMATCHED,NONE,False
KNRI,True,True,UNMATCHED,NONE,False
KNRN,True,True,UNMATCHED,NONE,False
KNRT,True,True,UNMATCHED,NONE,False
KNS,True,True,UNMATCHED,NONE,False
KNSN,True,True,UNMATCHED,NONE,False
KNSR,True,True,UNMATCHED,NONE,False
KNT,True,True,UNMATCHED,NONE,False
KNVT,True,True,UNMATCHED,NONE,False
KNW,True,True,UNMATCHED,NONE,False
KNYR,True,True,UNMATCHED,NONE,False
KNZ,True,True,UNMATCHED,NONE,False
KO,True,True,UNMATCHED,NONE,False
KOA,True,True,UNMATCHED,NONE,False
KOAA,True,True,UNMATCHED,NONE,False
KODI,True,True,UNMATCHED,NONE,False
KODN,True,True,UNMATCHED,NONE,False
KODR,True,True,UNMATCHED,NONE,False
KOF,True,True,UNMATCHED,NONE,False
KOG,True,True,UNMATCHED,NONE,False
KOHL,True,True,UNMATCHED,NONE,False
KOHR,True,True,UNMATCHED,NONE,False
KOI,True,True,UNMATCHED,NONE,False
KOJ,True,True,UNMATCHED,NONE,False
KOK,True,True,MATCHED,HIGH,True
KOKA,True,True,UNMATCHED,NONE,False
KOL,True,True,UNMATCHED,NONE,False
KOLA,True,True,UNMATCHED,NONE,False
KOLE,True,True,UNMATCHED,NONE,False
KOLI,True,True,UNMATCHED,NONE,False
KOLR,True,True,UNMATCHED,NONE,False
KON,True,True,MATCHED,HIGH,True
KONA,True,True,UNMATCHED,NONE,False
KONN,True,True,UNMATCHED,NONE,False
KONY,True,True,UNMATCHED,NONE,False
KOO,True,True,UNMATCHED,NONE,False
KOP,True,True,UNMATCHED,NONE,False
KOPR,True,True,UNMATCHED,NONE,False
KORI,True,True,UNMATCHED,NONE,False
KOTA,True,True,MATCHED,MEDIUM,True
KOTI,True,True,UNMATCHED,NONE,False
KOTR,True,True,MATCHED,HIGH,True
KOTT,True,True,UNMATCHED,NONE,False
KOU,True,True,UNMATCHED,NONE,False
KOV,True,True,UNMATCHED,NONE,False
KOVH,True,True,UNMATCHED,NONE,False
KOWN,True,True,UNMATCHED,NONE,False
KOX,True,True,UNMATCHED,NONE,False
KOZ,True,True,UNMATCHED,NONE,False
KP,True,True,UNMATCHED,NONE,False
KPA,True,True,UNMATCHED,NONE,False
KPB,True,True,UNMATCHED,NONE,False
KPCM,True,True,UNMATCHED,NONE,False
KPD,True,True,UNMATCHED,NONE,False
KPE,True,True,UNMATCHED,NONE,False
KPG,True,True,UNMATCHED,NONE,False
KPGM,True,True,UNMATCHED,NONE,False
KPI,True,True,UNMATCHED,NONE,False
KPJ,True,True,UNMATCHED,NONE,False
KPJG,True,True,UNMATCHED,NONE,False
KPK,True,True,UNMATCHED,NONE,False
KPKI,True,True,UNMATCHED,NONE,False
KPL,True,True,UNMATCHED,NONE,False
KPLD,True,True,UNMATCHED,NONE,False
KPLE,True,True,UNMATCHED,NONE,False
KPLH,True,True,UNMATCHED,NONE,False
KPLL,True,True,MATCHED,MEDIUM,True
KPLR,True,True,UNMATCHED,NONE,False
KPN,True,True,MATCHED,HIGH,True
KPNA,True,True,UNMATCHED,NONE,False
KPO,True,True,UNMATCHED,NONE,False
KPP,True,True,UNMATCHED,NONE,False
KPPR,True,True,MATCHED,HIGH,True
KPQ,True,True,UNMATCHED,NONE,False
KPRD,True,True,UNMATCHED,NONE,False
KPRR,True,True,UNMATCHED,NONE,False
KPS,True,True,UNMATCHED,NONE,False
KPTM,True,True,UNMATCHED,NONE,False
KPTN,True,True,UNMATCHED,NONE,False
KPTO,True,True,UNMATCHED,NONE,False
KPU,True,True,UNMATCHED,NONE,False
KPV,True,True,UNMATCHED,NONE,False
KPXR,True,True,UNMATCHED,NONE,False
KPY,True,True,UNMATCHED,NONE,False
KPZ,True,True,UNMATCHED,NONE,False
KQA,True,True,UNMATCHED,NONE,False
KQD,True,True,UNMATCHED,NONE,False
KQE,True,True,UNMATCHED,NONE,False
KQI,True,True,UNMATCHED,NONE,False
KQK,True,True,UNMATCHED,NONE,False
KQL,True,True,UNMATCHED,NONE,False
KQLS,True,True,UNMATCHED,NONE,False
KQN,True,True,UNMATCHED,NONE,False
KQQ,True,True,UNMATCHED,NONE,False
KQR,True,True,UNMATCHED,NONE,False
KQRT,True,True,UNMATCHED,NONE,False
KQS,True,True,UNMATCHED,NONE,False
KQT,True,True,UNMATCHED,NONE,False
KQU,True,True,UNMATCHED,NONE,False
KQW,True,True,UNMATCHED,NONE,False
KQY,True,True,UNMATCHED,NONE,False
KQZ,True,True,MATCHED,HIGH,True
KRA,True,True,UNMATCHED,NONE,False
KRAI,True,True,UNMATCHED,NONE,False
KRAN,True,True,UNMATCHED,NONE,False
KRAP,True,True,UNMATCHED,NONE,False
KRAR,True,True,UNMATCHED,NONE,False
KRBA,True,True,UNMATCHED,NONE,False
KRBP,True,True,UNMATCHED,NONE,False
KRC,True,True,UNMATCHED,NONE,False
KRCA,True,True,UNMATCHED,NONE,False
KRD,True,True,UNMATCHED,NONE,False
KRDL,True,True,UNMATCHED,NONE,False
KRDN,True,True,UNMATCHED,NONE,False
KRE,True,True,UNMATCHED,NONE,False
KRG,True,True,UNMATCHED,NONE,False
KRGN,True,True,UNMATCHED,NONE,False
KRH,True,True,UNMATCHED,NONE,False
KRHA,True,True,UNMATCHED,NONE,False
KRHT,True,True,UNMATCHED,NONE,False
KRI,True,True,UNMATCHED,NONE,False
KRIH,True,True,UNMATCHED,NONE,False
KRJ,True,True,UNMATCHED,NONE,False
KRJD,True,True,UNMATCHED,NONE,False
KRJR,True,True,UNMATCHED,NONE,False
KRKD,True,True,UNMATCHED,NONE,False
KRKM,True,True,UNMATCHED,NONE,False
KRKN,True,True,UNMATCHED,NONE,False
KRKP,True,True,UNMATCHED,NONE,False
KRKR,True,True,UNMATCHED,NONE,False
KRL,True,True,UNMATCHED,NONE,False
KRLA,True,True,UNMATCHED,NONE,False
KRLI,True,True,UNMATCHED,NONE,False
KRLR,True,True,UNMATCHED,NONE,False
KRLS,True,True,UNMATCHED,NONE,False
KRMA,True,True,UNMATCHED,NONE,False
KRMB,True,True,UNMATCHED,NONE,False
KRMD,True,True,UNMATCHED,NONE,False
KRMG,True,True,MATCHED,HIGH,True
KRMI,True,True,UNMATCHED,NONE,False
KRMP,True,True,UNMATCHED,NONE,False
KRMR,True,True,UNMATCHED,NONE,False
KRND,True,True,UNMATCHED,NONE,False
KRNH,True,True,UNMATCHED,NONE,False
KRNI,True,True,UNMATCHED,NONE,False
KRNR,True,True,UNMATCHED,NONE,False
KRNT,True,True,UNMATCHED,NONE,False
KRNU,True,True,UNMATCHED,NONE,False
KRON,True,True,UNMATCHED,NONE,False
KRP,True,True,UNMATCHED,NONE,False
KRPP,True,True,UNMATCHED,NONE,False
KRPR,True,True,UNMATCHED,NONE,False
KRPU,True,True,UNMATCHED,NONE,False
KRQ,True,True,UNMATCHED,NONE,False
KRR,True,True,MATCHED,HIGH,True
KRRA,True,True,UNMATCHED,NONE,False
KRS,True,True,UNMATCHED,NONE,False
KRSA,True,True,UNMATCHED,NONE,False
KRSL,True,True,UNMATCHED,NONE,False
KRSW,True,True,UNMATCHED,NONE,False
KRT,True,True,UNMATCHED,NONE,False
KRTA,True,True,UNMATCHED,NONE,False
KRTH,True,True,UNMATCHED,NONE,False
KRTL,True,True,UNMATCHED,NONE,False
KRTN,True,True,UNMATCHED,NONE,False
KRTR,True,True,UNMATCHED,NONE,False
KRUR,True,True,MATCHED,HIGH,True
KRV,True,True,MATCHED,MEDIUM,True
KRW,True,True,UNMATCHED,NONE,False
KRX,True,True,UNMATCHED,NONE,False
KRXA,True,True,UNMATCHED,NONE,False
KRXM,True,True,UNMATCHED,NONE,False
KRY,True,True,UNMATCHED,NONE,False
KRYA,True,True,UNMATCHED,NONE,False
KRYR,True,True,UNMATCHED,NONE,False
KRZ,True,True,UNMATCHED,NONE,False
KS,True,True,UNMATCHED,NONE,False
KSA,True,True,MATCHED,MEDIUM,True
KSAE,True,True,UNMATCHED,NONE,False
KSAR,True,True,UNMATCHED,NONE,False
KSB,True,True,UNMATCHED,NONE,False
KSBI,True,True,UNMATCHED,NONE,False
KSBP,True,True,UNMATCHED,NONE,False
KSC,True,True,UNMATCHED,NONE,False
KSD,True,True,UNMATCHED,NONE,False
KSDE,True,True,UNMATCHED,NONE,False
KSE,True,True,UNMATCHED,NONE,False
KSF,True,True,UNMATCHED,NONE,False
KSG,True,True,UNMATCHED,NONE,False
KSH,True,True,UNMATCHED,NONE,False
KSHR,True,True,UNMATCHED,NONE,False
KSHT,True,True,UNMATCHED,NONE,False
KSI,True,True,UNMATCHED,NONE,False
KSIH,True,True,UNMATCHED,NONE,False
KSJ,True,True,UNMATCHED,NONE,False
KSK,True,True,UNMATCHED,NONE,False
KSM,True,True,MATCHED,HIGH,True
KSN,True,True,UNMATCHED,NONE,False
KSNA,True,True,UNMATCHED,NONE,False
KSNG,True,True,UNMATCHED,NONE,False
KSNR,True,True,UNMATCHED,NONE,False
KSO,True,True,UNMATCHED,NONE,False
KSP,True,True,UNMATCHED,NONE,False
KSPR,True,True,UNMATCHED,NONE,False
KSQ,True,True,UNMATCHED,NONE,False
KSR,True,True,UNMATCHED,NONE,False
KSRA,True,True,UNMATCHED,NONE,False
KSTA,True,True,UNMATCHED,NONE,False
KSTE,True,True,UNMATCHED,NONE,False
KSTH,True,True,UNMATCHED,NONE,False
KSU,True,True,UNMATCHED,NONE,False
KSUA,True,True,UNMATCHED,NONE,False
KSV,True,True,UNMATCHED,NONE,False
KSVM,True,True,UNMATCHED,NONE,False
KSW,True,True,UNMATCHED,NONE,False
KSWD,True,True,UNMATCHED,NONE,False
KSWR,True,True,UNMATCHED,NONE,False
KSX,True,True,UNMATCHED,NONE,False
KSY,True,True,UNMATCHED,NONE,False
KT,True,True,UNMATCHED,NONE,False
KTA,True,True,UNMATCHED,NONE,False
KTAL,True,True,UNMATCHED,NONE,False
KTCE,True,True,UNMATCHED,NONE,False
KTCH,True,True,UNMATCHED,NONE,False
KTCR,True,True,UNMATCHED,NONE,False
KTD,True,True,UNMATCHED,NONE,False
KTDD,True,True,UNMATCHED,NONE,False
KTE,True,True,UNMATCHED,NONE,False
KTES,True,True,UNMATCHED,NONE,False
KTF,True,True,UNMATCHED,NONE,False
KTGA,True,True,UNMATCHED,NONE,False
KTGD,True,True,UNMATCHED,NONE,False
KTGM,True,True,UNMATCHED,NONE,False
KTGN,True,True,UNMATCHED,NONE,False
KTGO,True,True,UNMATCHED,NONE,False
KTHA,True,True,UNMATCHED,NONE,False
KTHD,True,True,UNMATCHED,NONE,False
KTHE,True,True,UNMATCHED,NONE,False
KTHL,True,True,UNMATCHED,NONE,False
KTHU,True,True,UNMATCHED,NONE,False
KTI,True,True,UNMATCHED,NONE,False
KTJ,True,True,UNMATCHED,NONE,False
KTJI,True,True,UNMATCHED,NONE,False
KTK,True,True,UNMATCHED,NONE,False
KTKA,True,True,UNMATCHED,NONE,False
KTKD,True,True,UNMATCHED,NONE,False
KTKL,True,True,UNMATCHED,NONE,False
KTKR,True,True,UNMATCHED,NONE,False
KTKS,True,True,UNMATCHED,NONE,False
KTLA,True,True,UNMATCHED,NONE,False
KTLP,True,True,UNMATCHED,NONE,False
KTLR,True,True,UNMATCHED,NONE,False
KTM,True,True,MATCHED,HIGH,True
KTMA,True,True,UNMATCHED,NONE,False
KTNA,True,True,UNMATCHED,NONE,False
KTNR,True,True,UNMATCHED,NONE,False
KTO,True,True,UNMATCHED,NONE,False
KTOR,True,True,UNMATCHED,NONE,False
KTP,True,True,UNMATCHED,NONE,False
KTPK,True,True,UNMATCHED,NONE,False
KTPR,True,True,UNMATCHED,NONE,False
KTQ,True,True,UNMATCHED,NONE,False
KTR,True,True,UNMATCHED,NONE,False
KTRA,True,True,UNMATCHED,NONE,False
KTRD,True,True,UNMATCHED,NONE,False
KTRH,True,True,UNMATCHED,NONE,False
KTRK,True,True,UNMATCHED,NONE,False
KTRR,True,True,UNMATCHED,NONE,False
KTSH,True,True,UNMATCHED,NONE,False
KTT,True,True,UNMATCHED,NONE,False
KTU,True,True,UNMATCHED,NONE,False
KTV,True,True,UNMATCHED,NONE,False
KTW,True,True,UNMATCHED,NONE,False
KTWS,True,True,UNMATCHED,NONE,False
KTX,True,True,UNMATCHED,NONE,False
KTYM,True,True,UNMATCHED,NONE,False
KTYR,True,True,UNMATCHED,NONE,False
KU,True,True,MATCHED,HIGH,True
KUA,True,True,UNMATCHED,NONE,False
KUB,True,True,UNMATCHED,NONE,False
KUC,True,True,UNMATCHED,NONE,False
KUCH,True,True,UNMATCHED,NONE,False
KUD,True,True,UNMATCHED,NONE,False
KUDA,True,True,UNMATCHED,NONE,False
KUDL,True,True,MATCHED,MEDIUM,True
KUDN,True,True,UNMATCHED,NONE,False
KUE,True,True,UNMATCHED,NONE,False
KUF,True,True,UNMATCHED,NONE,False
KUG,True,True,UNMATCHED,NONE,False
KUGT,True,True,UNMATCHED,NONE,False
KUH,True,True,UNMATCHED,NONE,False
KUHI,True,True,UNMATCHED,NONE,False
KUI,True,True,UNMATCHED,NONE,False
KUJU,True,True,UNMATCHED,NONE,False
KUK,True,True,UNMATCHED,NONE,False
KUKA,True,True,UNMATCHED,NONE,False
KUL,True,True,UNMATCHED,NONE,False
KULH,True,True,UNMATCHED,NONE,False
KUM,True,True,UNMATCHED,NONE,False
KUMB,True,True,UNMATCHED,NONE,False
KUMM,True,True,UNMATCHED,NONE,False
KUMT,True,True,UNMATCHED,NONE,False
KUN,True,True,UNMATCHED,NONE,False
KUND,True,True,MATCHED,MEDIUM,True
KUP,True,True,UNMATCHED,NONE,False
KUPR,True,True,UNMATCHED,NONE,False
KUQ,True,True,UNMATCHED,NONE,False
KUR,True,True,UNMATCHED,NONE,False
KURJ,True,True,UNMATCHED,NONE,False
KURN,True,True,UNMATCHED,NONE,False
KURO,True,True,UNMATCHED,NONE,False
KURT,True,True,UNMATCHED,NONE,False
KURV,True,True,UNMATCHED,NONE,False
KUT,True,True,UNMATCHED,NONE,False
KUTI,True,True,UNMATCHED,NONE,False
KUU,True,True,UNMATCHED,NONE,False
KUV,True,True,MATCHED,MEDIUM,True
KUW,True,True,UNMATCHED,NONE,False
KUX,True,True,UNMATCHED,NONE,False
KVA,True,True,UNMATCHED,NONE,False
KVC,True,True,UNMATCHED,NONE,False
KVD,True,True,UNMATCHED,NONE,False
KVDU,True,True,UNMATCHED,NONE,False
KVE,True,True,UNMATCHED,NONE,False
KVG,True,True,UNMATCHED,NONE,False
KVGM,True,True,UNMATCHED,NONE,False
KVH,True,True,UNMATCHED,NONE,False
KVJ,True,True,UNMATCHED,NONE,False
KVK,True,True,UNMATCHED,NONE,False
KVL,True,True,MATCHED,HIGH,True
KVLR,True,True,MATCHED,HIGH,True
KVLS,True,True,UNMATCHED,NONE,False
KVM,True,True,UNMATCHED,NONE,False
KVN,True,True,MATCHED,HIGH,True
KVNJ,True,True,UNMATCHED,NONE,False
KVP,True,True,UNMATCHED,NONE,False
KVQ,True,True,UNMATCHED,NONE,False
KVR,True,True,UNMATCHED,NONE,False
KVS,True,True,UNMATCHED,NONE,False
KVTA,True,True,UNMATCHED,NONE,False
KVU,True,True,UNMATCHED,NONE,False
KVX,True,True,UNMATCHED,NONE,False
KVZ,True,True,UNMATCHED,NONE,False
KW,True,True,UNMATCHED,NONE,False
KWAE,True,True,UNMATCHED,NONE,False
KWAR,True,True,UNMATCHED,NONE,False
KWC,True,True,UNMATCHED,NONE,False
KWD,True,True,UNMATCHED,NONE,False
KWDP,True,True,UNMATCHED,NONE,False
KWE,True,True,UNMATCHED,NONE,False
KWGN,True,True,UNMATCHED,NONE,False
KWH,True,True,UNMATCHED,NONE,False
KWI,True,True,UNMATCHED,NONE,False
KWJ,True,True,UNMATCHED,NONE,False
KWM,True,True,UNMATCHED,NONE,False
KWMD,True,True,UNMATCHED,NONE,False
KWN,True,True,UNMATCHED,NONE,False
KWO,True,True,UNMATCHED,NONE,False
KWP,True,True,UNMATCHED,NONE,False
KWR,True,True,UNMATCHED,NONE,False
KWV,True,True,UNMATCHED,NONE,False
KWW,True,True,UNMATCHED,NONE,False
KXA,True,True,UNMATCHED,NONE,False
KXB,True,True,UNMATCHED,NONE,False
KXE,True,True,UNMATCHED,NONE,False
KXF,True,True,UNMATCHED,NONE,False
KXG,True,True,UNMATCHED,NONE,False
KXH,True,True,UNMATCHED,NONE,False
KXI,True,True,UNMATCHED,NONE,False
KXJ,True,True,UNMATCHED,NONE,False
KXK,True,True,UNMATCHED,NONE,False
KXL,True,True,UNMATCHED,NONE,False
KXM,True,True,UNMATCHED,NONE,False
KXN,True,True,UNMATCHED,NONE,False
KXO,True,True,UNMATCHED,NONE,False
KXP,True,True,UNMATCHED,NONE,False
KXT,True,True,UNMATCHED,NONE,False
KXX,True,True,UNMATCHED,NONE,False
KY,True,True,UNMATCHED,NONE,False
KYB,True,True,UNMATCHED,NONE,False
KYBR,True,True,UNMATCHED,NONE,False
KYE,True,True,UNMATCHED,NONE,False
KYF,True,True,UNMATCHED,NONE,False
KYG,True,True,UNMATCHED,NONE,False
KYH,True,True,UNMATCHED,NONE,False
KYI,True,True,UNMATCHED,NONE,False
KYJ,True,True,UNMATCHED,NONE,False
KYM,True,True,UNMATCHED,NONE,False
KYN,True,True,UNMATCHED,NONE,False
KYNT,True,True,UNMATCHED,NONE,False
KYO,True,True,UNMATCHED,NONE,False
KYOP,True,True,UNMATCHED,NONE,False
KYP,True,True,UNMATCHED,NONE,False
KYQ,True,True,UNMATCHED,NONE,False
KYS,True,True,UNMATCHED,NONE,False
KYT,True,True,UNMATCHED,NONE,False
KYV,True,True,UNMATCHED,NONE,False
KYW,True,True,UNMATCHED,NONE,False
KYX,True,True,UNMATCHED,NONE,False
KYY,True,True,UNMATCHED,NONE,False
KYZ,True,True,UNMATCHED,NONE,False
KZA,True,True,UNMATCHED,NONE,False
KZB,True,True,MATCHED,HIGH,True
KZC,True,True,UNMATCHED,NONE,False
KZE,True,True,UNMATCHED,NONE,False
KZH,True,True,UNMATCHED,NONE,False
KZI,True,True,UNMATCHED,NONE,False
KZJ,True,True,UNMATCHED,NONE,False
KZJE,True,True,UNMATCHED,NONE,False
KZJF,True,True,UNMATCHED,NONE,False
KZK,True,True,UNMATCHED,NONE,False
KZPE,True,True,UNMATCHED,NONE,False
KZPR,True,True,UNMATCHED,NONE,False
KZQ,True,True,UNMATCHED,NONE,False
KZS,True,True,UNMATCHED,NONE,False
KZT,True,True,UNMATCHED,NONE,False
KZTW,True,True,UNMATCHED,NONE,False
KZU,True,True,UNMATCHED,NONE,False
KZW,True,True,UNMATCHED,NONE,False
KZX,True,True,UNMATCHED,NONE,False
KZY,True,True,MATCHED,HIGH,True
LAA,True,True,UNMATCHED,NONE,False
LAD,True,True,UNMATCHED,NONE,False
LAE,True,True,UNMATCHED,NONE,False
LAK,True,True,UNMATCHED,NONE,False
LAL,True,True,UNMATCHED,NONE,False
LAN,True,True,UNMATCHED,NONE,False
LAP,True,True,UNMATCHED,NONE,False
LAR,True,True,UNMATCHED,NONE,False
LAT,True,True,UNMATCHED,NONE,False
LATH,True,True,UNMATCHED,NONE,False
LAU,True,True,UNMATCHED,NONE,False
LAUL,True,True,UNMATCHED,NONE,False
LAV,True,True,UNMATCHED,NONE,False
LB,True,True,UNMATCHED,NONE,False
LBA,True,True,UNMATCHED,NONE,False
LBG,True,True,UNMATCHED,NONE,False
LBH,True,True,UNMATCHED,NONE,False
LBI,True,True,UNMATCHED,NONE,False
LBN,True,True,UNMATCHED,NONE,False
LBO,True,True,UNMATCHED,NONE,False
LBTL,True,True,UNMATCHED,NONE,False
LBW,True,True,UNMATCHED,NONE,False
LBZ,True,True,UNMATCHED,NONE,False
LC,True,True,UNMATCHED,NONE,False
LCAE,True,True,UNMATCHED,NONE,False
LCH,True,True,UNMATCHED,NONE,False
LCR,True,True,MATCHED,HIGH,True
LCT,True,True,UNMATCHED,NONE,False
LD,True,True,UNMATCHED,NONE,False
LDA,True,True,UNMATCHED,NONE,False
LDCY,True,True,UNMATCHED,NONE,False
LDH,True,True,UNMATCHED,NONE,False
LDK,True,True,UNMATCHED,NONE,False
LDM,True,True,UNMATCHED,NONE,False
LDP,True,True,UNMATCHED,NONE,False
LDR,True,True,UNMATCHED,NONE,False
LDU,True,True,UNMATCHED,NONE,False
LDW,True,True,UNMATCHED,NONE,False
LDX,True,True,UNMATCHED,NONE,False
LDY,True,True,UNMATCHED,NONE,False
LEDO,True,True,UNMATCHED,NONE,False
LEK,True,True,UNMATCHED,NONE,False
LER,True,True,UNMATCHED,NONE,False
LGCE,True,True,UNMATCHED,NONE,False
LGDH,True,True,UNMATCHED,NONE,False
LGH,True,True,UNMATCHED,NONE,False
LGI,True,True,UNMATCHED,NONE,False
LGL,True,True,UNMATCHED,NONE,False
LGO,True,True,UNMATCHED,NONE,False
LGRE,True,True,UNMATCHED,NONE,False
LGT,True,True,UNMATCHED,NONE,False
LGTR,True,True,UNMATCHED,NONE,False
LH,True,True,UNMATCHED,NONE,False
LHA,True,True,UNMATCHED,NONE,False
LHB,True,True,UNMATCHED,NONE,False
LHBK,True,True,UNMATCHED,NONE,False
LHD,True,True,UNMATCHED,NONE,False
LHL,True,True,UNMATCHED,NONE,False
LHLL,True,True,UNMATCHED,NONE,False
LHM,True,True,UNMATCHED,NONE,False
LHN,True,True,UNMATCHED,NONE,False
LHNR,True,True,UNMATCHED,NONE,False
LHU,True,True,UNMATCHED,NONE,False
LIJ,True,True,UNMATCHED,NONE,False
LIM,True,True,UNMATCHED,NONE,False
LIN,True,True,UNMATCHED,NONE,False
LIR,True,True,UNMATCHED,NONE,False
LJN,True,True,UNMATCHED,NONE,False
LJR,True,True,UNMATCHED,NONE,False
LKA,True,True,MATCHED,MEDIUM,True
LKB,True,True,UNMATCHED,NONE,False
LKBL,True,True,UNMATCHED,NONE,False
LKD,True,True,UNMATCHED,NONE,False
LKDU,True,True,UNMATCHED,NONE,False
LKE,True,True,UNMATCHED,NONE,False
LKF,True,True,UNMATCHED,NONE,False
LKG,True,True,UNMATCHED,NONE,False
LKJN,True,True,UNMATCHED,NONE,False
LKKD,True,True,UNMATCHED,NONE,False
LKMN,True,True,UNMATCHED,NONE,False
LKMR,True,True,UNMATCHED,NONE,False
LKN,True,True,UNMATCHED,NONE,False
LKNA,True,True,UNMATCHED,NONE,False
LKNR,True,True,UNMATCHED,NONE,False
LKO,True,True,UNMATCHED,NONE,False
LKPL,True,True,UNMATCHED,NONE,False
LKPR,True,True,UNMATCHED,NONE,False
LKR,True,True,UNMATCHED,NONE,False
LKS,True,True,UNMATCHED,NONE,False
LKSH,True,True,UNMATCHED,NONE,False
LKT,True,True,UNMATCHED,NONE,False
LKU,True,True,UNMATCHED,NONE,False
LKW,True,True,UNMATCHED,NONE,False
LKX,True,True,UNMATCHED,NONE,False
LKY,True,True,UNMATCHED,NONE,False
LKZ,True,True,UNMATCHED,NONE,False
LLBR,True,True,UNMATCHED,NONE,False
LLD,True,True,UNMATCHED,NONE,False
LLGM,True,True,UNMATCHED,NONE,False
LLH,True,True,UNMATCHED,NONE,False
LLI,True,True,MATCHED,HIGH,True
LLJ,True,True,UNMATCHED,NONE,False
LLKN,True,True,UNMATCHED,NONE,False
LLPR,True,True,UNMATCHED,NONE,False
LLR,True,True,UNMATCHED,NONE,False
LLU,True,True,UNMATCHED,NONE,False
LM,True,True,UNMATCHED,NONE,False
LMA,True,True,UNMATCHED,NONE,False
LMC,True,True,UNMATCHED,NONE,False
LMD,True,True,UNMATCHED,NONE,False
LMG,True,True,UNMATCHED,NONE,False
LMK,True,True,UNMATCHED,NONE,False
LMM,True,True,UNMATCHED,NONE,False
LMN,True,True,UNMATCHED,NONE,False
LMNR,True,True,UNMATCHED,NONE,False
LMO,True,True,UNMATCHED,NONE,False
LMT,True,True,UNMATCHED,NONE,False
LMY,True,True,UNMATCHED,NONE,False
LNH,True,True,UNMATCHED,NONE,False
LNK,True,True,UNMATCHED,NONE,False
LNKC,True,True,UNMATCHED,NONE,False
LNL,True,True,UNMATCHED,NONE,False
LNN,True,True,UNMATCHED,NONE,False
LNP,True,True,UNMATCHED,NONE,False
LNR,True,True,UNMATCHED,NONE,False
LNS,True,True,UNMATCHED,NONE,False
LNT,True,True,UNMATCHED,NONE,False
LNW,True,True,UNMATCHED,NONE,False
LNWT,True,True,UNMATCHED,NONE,False
LO,True,True,UNMATCHED,NONE,False
LOA,True,True,UNMATCHED,NONE,False
LOG,True,True,UNMATCHED,NONE,False
LOGH,True,True,UNMATCHED,NONE,False
LOHA,True,True,UNMATCHED,NONE,False
LOK,True,True,UNMATCHED,NONE,False
LOL,True,True,UNMATCHED,NONE,False
LOM,True,True,UNMATCHED,NONE,False
LONI,True,True,UNMATCHED,NONE,False
LOT,True,True,UNMATCHED,NONE,False
LOV,True,True,UNMATCHED,NONE,False
LP,True,True,MATCHED,HIGH,True
LPG,True,True,UNMATCHED,NONE,False
LPH,True,True,UNMATCHED,NONE,False
LPI,True,True,UNMATCHED,NONE,False
LPJ,True,True,UNMATCHED,NONE,False
LPJL,True,True,UNMATCHED,NONE,False
LPK,True,True,UNMATCHED,NONE,False
LPN,True,True,UNMATCHED,NONE,False
LPNR,True,True,UNMATCHED,NONE,False
LPR,True,True,UNMATCHED,NONE,False
LPTA,True,True,UNMATCHED,NONE,False
LPW,True,True,UNMATCHED,NONE,False
LR,True,True,UNMATCHED,NONE,False
LRB,True,True,UNMATCHED,NONE,False
LRD,True,True,UNMATCHED,NONE,False
LRI,True,True,UNMATCHED,NONE,False
LRJ,True,True,UNMATCHED,NONE,False
LRU,True,True,UNMATCHED,NONE,False
LS,True,True,UNMATCHED,NONE,False
LSE,True,True,UNMATCHED,NONE,False
LSG,True,True,UNMATCHED,NONE,False
LSGS,True,True,UNMATCHED,NONE,False
LSI,True,True,UNMATCHED,NONE,False
LSR,True,True,UNMATCHED,NONE,False
LSX,True,True,UNMATCHED,NONE,False
LT,True,True,UNMATCHED,NONE,False
LTD,True,True,UNMATCHED,NONE,False
LTG,True,True,UNMATCHED,NONE,False
LTHR,True,True,UNMATCHED,NONE,False
LTI,True,True,MATCHED,HIGH,True
LTK,True,True,UNMATCHED,NONE,False
LTKR,True,True,UNMATCHED,NONE,False
LTMD,True,True,UNMATCHED,NONE,False
LTR,True,True,UNMATCHED,NONE,False
LTRR,True,True,UNMATCHED,NONE,False
LTT,True,True,UNMATCHED,NONE,False
LUA,True,True,UNMATCHED,NONE,False
LUNI,True,True,UNMATCHED,NONE,False
LUR,True,True,MATCHED,MEDIUM,True
LUSA,True,True,UNMATCHED,NONE,False
LVK,True,True,UNMATCHED,NONE,False
LVR,True,True,UNMATCHED,NONE,False
LW,True,True,UNMATCHED,NONE,False
LWR,True,True,UNMATCHED,NONE,False
LWS,True,True,UNMATCHED,NONE,False
LXA,True,True,UNMATCHED,NONE,False
LXD,True,True,UNMATCHED,NONE,False
LXR,True,True,UNMATCHED,NONE,False
LYD,True,True,UNMATCHED,NONE,False
MA,True,True,UNMATCHED,NONE,False
MAA,True,True,UNMATCHED,NONE,False
MAAR,True,True,UNMATCHED,NONE,False
MABA,True,True,UNMATCHED,NONE,False
MABB,True,True,UNMATCHED,NONE,False
MABD,True,True,UNMATCHED,NONE,False
MABN,True,True,UNMATCHED,NONE,False
MACR,True,True,UNMATCHED,NONE,False
MAD,True,True,UNMATCHED,NONE,False
MADA,True,True,UNMATCHED,NONE,False
MADR,True,True,UNMATCHED,NONE,False
MADU,True,True,UNMATCHED,NONE,False
MAEL,True,True,UNMATCHED,NONE,False
MAF,True,True,MATCHED,HIGH,True
MAG,True,True,UNMATCHED,NONE,False
MAGH,True,True,UNMATCHED,NONE,False
MAH,True,True,UNMATCHED,NONE,False
MAHE,True,True,MATCHED,MEDIUM,True
MAHO,True,True,UNMATCHED,NONE,False
MAI,True,True,UNMATCHED,NONE,False
MAJ,True,True,UNMATCHED,NONE,False
MAJN,True,True,UNMATCHED,NONE,False
MAK,True,True,UNMATCHED,NONE,False
MAKH,True,True,UNMATCHED,NONE,False
MAKM,True,True,UNMATCHED,NONE,False
MAKP,True,True,UNMATCHED,NONE,False
MAKR,True,True,UNMATCHED,NONE,False
MALA,True,True,MATCHED,MEDIUM,True
MALB,True,True,UNMATCHED,NONE,False
MALK,True,True,UNMATCHED,NONE,False
MALM,True,True,UNMATCHED,NONE,False
MALR,True,True,MATCHED,HIGH,True
MAM,True,True,UNMATCHED,NONE,False
MAN,True,True,UNMATCHED,NONE,False
MANA,True,True,MATCHED,MEDIUM,True
MAND,True,True,UNMATCHED,NONE,False
MANE,True,True,UNMATCHED,NONE,False
MANG,True,True,UNMATCHED,NONE,False
MANI,True,True,UNMATCHED,NONE,False
MANK,True,True,UNMATCHED,NONE,False
MANU,True,True,MATCHED,MEDIUM,True
MAO,True,True,UNMATCHED,NONE,False
MAP,True,True,MATCHED,HIGH,True
MAQ,True,True,UNMATCHED,NONE,False
MAR,True,True,MATCHED,HIGH,True
MAS,True,True,MATCHED,HIGH,True
MASK,True,True,UNMATCHED,NONE,False
MAU,True,True,UNMATCHED,NONE,False
MAUL,True,True,UNMATCHED,NONE,False
MAUR,True,True,UNMATCHED,NONE,False
MAV,True,True,UNMATCHED,NONE,False
MAY,True,True,UNMATCHED,NONE,False
MAYP,True,True,UNMATCHED,NONE,False
MAYR,True,True,UNMATCHED,NONE,False
MAZ,True,True,UNMATCHED,NONE,False
MB,True,True,UNMATCHED,NONE,False
MBA,True,True,UNMATCHED,NONE,False
MBB,True,True,UNMATCHED,NONE,False
MBC,True,True,UNMATCHED,NONE,False
MBD,True,True,UNMATCHED,NONE,False
MBE,True,True,UNMATCHED,NONE,False
MBF,True,True,UNMATCHED,NONE,False
MBG,True,True,UNMATCHED,NONE,False
MBGA,True,True,UNMATCHED,NONE,False
MBI,True,True,UNMATCHED,NONE,False
MBL,True,True,UNMATCHED,NONE,False
MBM,True,True,MATCHED,HIGH,True
MBNL,True,True,UNMATCHED,NONE,False
MBNR,True,True,UNMATCHED,NONE,False
MBO,True,True,UNMATCHED,NONE,False
MBQ,True,True,UNMATCHED,NONE,False
MBS,True,True,UNMATCHED,NONE,False
MBSK,True,True,UNMATCHED,NONE,False
MBT,True,True,UNMATCHED,NONE,False
MBU,True,True,MATCHED,HIGH,True
MBV,True,True,UNMATCHED,NONE,False
MBW,True,True,UNMATCHED,NONE,False
MBY,True,True,UNMATCHED,NONE,False
MC,True,True,MATCHED,MEDIUM,True
MCA,True,True,UNMATCHED,NONE,False
MCF,True,True,UNMATCHED,NONE,False
MCI,True,True,UNMATCHED,NONE,False
MCJ,True,True,MATCHED,HIGH,True
MCL,True,True,UNMATCHED,NONE,False
MCLA,True,True,UNMATCHED,NONE,False
MCLE,True,True,UNMATCHED,NONE,False
MCN,True,True,MATCHED,HIGH,True
MCO,True,True,UNMATCHED,NONE,False
MCPE,True,True,UNMATCHED,NONE,False
MCQ,True,True,UNMATCHED,NONE,False
MCRD,True,True,UNMATCHED,NONE,False
MCS,True,True,UNMATCHED,NONE,False
MCSC,True,True,UNMATCHED,NONE,False
MCU,True,True,UNMATCHED,NONE,False
MCV,True,True,UNMATCHED,NONE,False
MCVM,True,True,UNMATCHED,NONE,False
MCZ,True,True,UNMATCHED,NONE,False
MDA,True,True,UNMATCHED,NONE,False
MDB,True,True,UNMATCHED,NONE,False
MDBP,True,True,UNMATCHED,NONE,False
MDC,True,True,UNMATCHED,NONE,False
MDDG,True,True,UNMATCHED,NONE,False
MDDP,True,True,UNMATCHED,NONE,False
MDE,True,True,UNMATCHED,NONE,False
MDF,True,True,UNMATCHED,NONE,False
MDG,True,True,UNMATCHED,NONE,False
MDGR,True,True,UNMATCHED,NONE,False
MDH,True,True,UNMATCHED,NONE,False
MDHA,True,True,UNMATCHED,NONE,False
MDJ,True,True,UNMATCHED,NONE,False
MDJN,True,True,UNMATCHED,NONE,False
MDKD,True,True,UNMATCHED,NONE,False
MDKI,True,True,UNMATCHED,NONE,False
MDKU,True,True,UNMATCHED,NONE,False
MDL,True,True,UNMATCHED,NONE,False
MDLA,True,True,UNMATCHED,NONE,False
MDLE,True,True,UNMATCHED,NONE,False
MDLL,True,True,UNMATCHED,NONE,False
MDN,True,True,UNMATCHED,NONE,False
MDNR,True,True,UNMATCHED,NONE,False
MDP,True,True,UNMATCHED,NONE,False
MDPA,True,True,UNMATCHED,NONE,False
MDPB,True,True,UNMATCHED,NONE,False
MDPD,True,True,UNMATCHED,NONE,False
MDPJ,True,True,UNMATCHED,NONE,False
MDPR,True,True,UNMATCHED,NONE,False
MDR,True,True,UNMATCHED,NONE,False
MDRR,True,True,UNMATCHED,NONE,False
MDS,True,True,UNMATCHED,NONE,False
MDSA,True,True,UNMATCHED,NONE,False
MDSE,True,True,UNMATCHED,NONE,False
MDT,True,True,UNMATCHED,NONE,False
MDU,True,True,MATCHED,HIGH,True
MDUN,True,True,UNMATCHED,NONE,False
MDVB,True,True,UNMATCHED,NONE,False
MDVE,True,True,MATCHED,HIGH,True
MDVK,True,True,UNMATCHED,NONE,False
MDVL,True,True,UNMATCHED,NONE,False
MDVR,True,True,UNMATCHED,NONE,False
MDW,True,True,UNMATCHED,NONE,False
MDXR,True,True,UNMATCHED,NONE,False
ME,True,True,UNMATCHED,NONE,False
MEC,True,True,UNMATCHED,NONE,False
MED,True,True,UNMATCHED,NONE,False
MEE,True,True,UNMATCHED,NONE,False
MEH,True,True,MATCHED,HIGH,True
MEJ,True,True,UNMATCHED,NONE,False
MEKM,True,True,MATCHED,HIGH,True
MELH,True,True,UNMATCHED,NONE,False
MEM,True,True,UNMATCHED,NONE,False
MENP,True,True,UNMATCHED,NONE,False
MEP,True,True,UNMATCHED,NONE,False
MEQ,True,True,UNMATCHED,NONE,False
MER,True,True,UNMATCHED,NONE,False
MES,True,True,MATCHED,HIGH,True
MET,True,True,UNMATCHED,NONE,False
METR,True,True,UNMATCHED,NONE,False
MEU,True,True,UNMATCHED,NONE,False
MEW,True,True,UNMATCHED,NONE,False
MEX,True,True,UNMATCHED,NONE,False
MFA,True,True,UNMATCHED,NONE,False
MFB,True,True,UNMATCHED,NONE,False
MFC,True,True,UNMATCHED,NONE,False
MFH,True,True,UNMATCHED,NONE,False
MFJ,True,True,UNMATCHED,NONE,False
MFKA,True,True,UNMATCHED,NONE,False
MFL,True,True,UNMATCHED,NONE,False
MFM,True,True,UNMATCHED,NONE,False
MFP,True,True,UNMATCHED,NONE,False
MFQ,True,True,UNMATCHED,NONE,False
MFX,True,True,UNMATCHED,NONE,False
MFZ,True,True,UNMATCHED,NONE,False
MG,True,True,UNMATCHED,NONE,False
MGAE,True,True,UNMATCHED,NONE,False
MGB,True,True,UNMATCHED,NONE,False
MGC,True,True,UNMATCHED,NONE,False
MGD,True,True,UNMATCHED,NONE,False
MGE,True,True,UNMATCHED,NONE,False
MGF,True,True,UNMATCHED,NONE,False
MGG,True,True,UNMATCHED,NONE,False
MGK,True,True,UNMATCHED,NONE,False
MGKM,True,True,UNMATCHED,NONE,False
MGKP,True,True,UNMATCHED,NONE,False
MGL,True,True,UNMATCHED,NONE,False
MGLE,True,True,UNMATCHED,NONE,False
MGLI,True,True,UNMATCHED,NONE,False
MGLP,True,True,UNMATCHED,NONE,False
MGM,True,True,UNMATCHED,NONE,False
MGME,True,True,UNMATCHED,NONE,False
MGN,True,True,UNMATCHED,NONE,False
MGPA,True,True,UNMATCHED,NONE,False
MGPI,True,True,UNMATCHED,NONE,False
MGR,True,True,UNMATCHED,NONE,False
MGRD,True,True,UNMATCHED,NONE,False
MGRL,True,True,UNMATCHED,NONE,False
MGRP,True,True,UNMATCHED,NONE,False
MGRR,True,True,UNMATCHED,NONE,False
MGS,True,True,UNMATCHED,NONE,False
MGT,True,True,UNMATCHED,NONE,False
MGTD,True,True,UNMATCHED,NONE,False
MGV,True,True,UNMATCHED,NONE,False
MGW,True,True,UNMATCHED,NONE,False
MGWD,True,True,UNMATCHED,NONE,False
MGWN,True,True,UNMATCHED,NONE,False
MGZ,True,True,UNMATCHED,NONE,False
MHA,True,True,UNMATCHED,NONE,False
MHAD,True,True,UNMATCHED,NONE,False
MHBA,True,True,UNMATCHED,NONE,False
MHBG,True,True,UNMATCHED,NONE,False
MHBT,True,True,UNMATCHED,NONE,False
MHBZ,True,True,UNMATCHED,NONE,False
MHC,True,True,UNMATCHED,NONE,False
MHD,True,True,UNMATCHED,NONE,False
MHDA,True,True,UNMATCHED,NONE,False
MHDB,True,True,UNMATCHED,NONE,False
MHF,True,True,UNMATCHED,NONE,False
MHH,True,True,UNMATCHED,NONE,False
MHHR,True,True,UNMATCHED,NONE,False
MHI,True,True,UNMATCHED,NONE,False
MHJ,True,True,UNMATCHED,NONE,False
MHKT,True,True,UNMATCHED,NONE,False
MHL,True,True,UNMATCHED,NONE,False
MHLN,True,True,UNMATCHED,NONE,False
MHMB,True,True,UNMATCHED,NONE,False
MHN,True,True,UNMATCHED,NONE,False
MHO,True,True,UNMATCHED,NONE,False
MHP,True,True,UNMATCHED,NONE,False
MHPE,True,True,UNMATCHED,NONE,False
MHPR,True,True,UNMATCHED,NONE,False
MHQ,True,True,UNMATCHED,NONE,False
MHRG,True,True,UNMATCHED,NONE,False
MHRI,True,True,UNMATCHED,NONE,False
MHRN,True,True,UNMATCHED,NONE,False
MHSA,True,True,UNMATCHED,NONE,False
MHT,True,True,UNMATCHED,NONE,False
MHTR,True,True,UNMATCHED,NONE,False
MHU,True,True,UNMATCHED,NONE,False
MHUA,True,True,UNMATCHED,NONE,False
MHUL,True,True,UNMATCHED,NONE,False
MHUR,True,True,UNMATCHED,NONE,False
MHV,True,True,UNMATCHED,NONE,False
MIA,True,True,UNMATCHED,NONE,False
MIAL,True,True,UNMATCHED,NONE,False
MIAN,True,True,UNMATCHED,NONE,False
MID,True,True,UNMATCHED,NONE,False
MIH,True,True,UNMATCHED,NONE,False
MIJ,True,True,UNMATCHED,NONE,False
MIK,True,True,UNMATCHED,NONE,False
MIL,True,True,UNMATCHED,NONE,False
MIM,True,True,UNMATCHED,NONE,False
MIN,True,True,UNMATCHED,NONE,False
MINA,True,True,UNMATCHED,NONE,False
MINJ,True,True,UNMATCHED,NONE,False
MIO,True,True,UNMATCHED,NONE,False
MIPM,True,True,UNMATCHED,NONE,False
MIQ,True,True,UNMATCHED,NONE,False
MIR,True,True,UNMATCHED,NONE,False
MITA,True,True,UNMATCHED,NONE,False
MIU,True,True,UNMATCHED,NONE,False
MIW,True,True,UNMATCHED,NONE,False
MIYN,True,True,UNMATCHED,NONE,False
MJ,True,True,UNMATCHED,NONE,False
MJA,True,True,UNMATCHED,NONE,False
MJBK,True,True,UNMATCHED,NONE,False
MJBT,True,True,UNMATCHED,NONE,False
MJE,True,True,UNMATCHED,NONE,False
MJF,True,True,UNMATCHED,NONE,False
MJG,True,True,UNMATCHED,NONE,False
MJGP,True,True,UNMATCHED,NONE,False
MJH,True,True,UNMATCHED,NONE,False
MJHL,True,True,UNMATCHED,NONE,False
MJHR,True,True,UNMATCHED,NONE,False
MJKN,True,True,UNMATCHED,NONE,False
MJL,True,True,UNMATCHED,NONE,False
MJM,True,True,UNMATCHED,NONE,False
MJN,True,True,UNMATCHED,NONE,False
MJNL,True,True,UNMATCHED,NONE,False
MJO,True,True,UNMATCHED,NONE,False
MJP,True,True,UNMATCHED,NONE,False
MJPB,True,True,UNMATCHED,NONE,False
MJR,True,True,UNMATCHED,NONE,False
MJRI,True,True,UNMATCHED,NONE,False
MJS,True,True,UNMATCHED,NONE,False
MJT,True,True,UNMATCHED,NONE,False
MJTA,True,True,UNMATCHED,NONE,False
MJV,True,True,UNMATCHED,NONE,False
MJY,True,True,UNMATCHED,NONE,False
MJZ,True,True,UNMATCHED,NONE,False
MK,True,True,UNMATCHED,NONE,False
MKA,True,True,UNMATCHED,NONE,False
MKB,True,True,UNMATCHED,NONE,False
MKBH,True,True,UNMATCHED,NONE,False
MKC,True,True,UNMATCHED,NONE,False
MKD,True,True,UNMATCHED,NONE,False
MKDD,True,True,UNMATCHED,NONE,False
MKDI,True,True,UNMATCHED,NONE,False
MKDN,True,True,UNMATCHED,NONE,False
MKG,True,True,UNMATCHED,NONE,False
MKH,True,True,UNMATCHED,NONE,False
MKHI,True,True,UNMATCHED,NONE,False
MKHR,True,True,UNMATCHED,NONE,False
MKJ,True,True,UNMATCHED,NONE,False
MKK,True,True,MATCHED,HIGH,True
MKL,True,True,UNMATCHED,NONE,False
MKLI,True,True,UNMATCHED,NONE,False
MKM,True,True,MATCHED,HIGH,True
MKN,True,True,UNMATCHED,NONE,False
MKO,True,True,UNMATCHED,NONE,False
MKP,True,True,UNMATCHED,NONE,False
MKPR,True,True,UNMATCHED,NONE,False
MKPT,True,True,UNMATCHED,NONE,False
MKR,True,True,UNMATCHED,NONE,False
MKRA,True,True,UNMATCHED,NONE,False
MKRD,True,True,UNMATCHED,NONE,False
MKRH,True,True,UNMATCHED,NONE,False
MKRN,True,True,UNMATCHED,NONE,False
MKS,True,True,UNMATCHED,NONE,False
MKSP,True,True,MATCHED,HIGH,True
MKSR,True,True,UNMATCHED,NONE,False
MKT,True,True,UNMATCHED,NONE,False
MKTP,True,True,UNMATCHED,NONE,False
MKU,True,True,UNMATCHED,NONE,False
MKWI,True,True,UNMATCHED,NONE,False
MKX,True,True,UNMATCHED,NONE,False
MKY,True,True,UNMATCHED,NONE,False
MKZ,True,True,UNMATCHED,NONE,False
ML,True,True,UNMATCHED,NONE,False
MLAR,True,True,UNMATCHED,NONE,False
MLB,True,True,UNMATCHED,NONE,False
MLBZ,True,True,UNMATCHED,NONE,False
MLC,True,True,UNMATCHED,NONE,False
MLD,True,True,UNMATCHED,NONE,False
MLDE,True,True,UNMATCHED,NONE,False
MLDT,True,True,UNMATCHED,NONE,False
MLFC,True,True,UNMATCHED,NONE,False
MLG,True,True,UNMATCHED,NONE,False
MLGH,True,True,UNMATCHED,NONE,False
MLGT,True,True,UNMATCHED,NONE,False
MLHA,True,True,UNMATCHED,NONE,False
MLI,True,True,UNMATCHED,NONE,False
MLJ,True,True,UNMATCHED,NONE,False
MLK,True,True,UNMATCHED,NONE,False
MLKA,True,True,UNMATCHED,NONE,False
MLKH,True,True,UNMATCHED,NONE,False
MLKP,True,True,UNMATCHED,NONE,False
MLM,True,True,UNMATCHED,NONE,False
MLMG,True,True,UNMATCHED,NONE,False
MLMR,True,True,MATCHED,HIGH,True
MLN,True,True,UNMATCHED,NONE,False
MLND,True,True,UNMATCHED,NONE,False
MLNH,True,True,UNMATCHED,NONE,False
MLO,True,True,MATCHED,MEDIUM,True
MLP,True,True,UNMATCHED,NONE,False
MLPM,True,True,UNMATCHED,NONE,False
MLPR,True,True,UNMATCHED,NONE,False
MLQ,True,True,UNMATCHED,NONE,False
MLR,True,True,UNMATCHED,NONE,False
MLS,True,True,UNMATCHED,NONE,False
MLSA,True,True,UNMATCHED,NONE,False
MLSU,True,True,UNMATCHED,NONE,False
MLT,True,True,UNMATCHED,NONE,False
MLTR,True,True,UNMATCHED,NONE,False
MLU,True,True,UNMATCHED,NONE,False
MLV,True,True,UNMATCHED,NONE,False
MLW,True,True,UNMATCHED,NONE,False
MLX,True,True,UNMATCHED,NONE,False
MLY,True,True,UNMATCHED,NONE,False
MLYA,True,True,UNMATCHED,NONE,False
MLYR,True,True,UNMATCHED,NONE,False
MLZ,True,True,UNMATCHED,NONE,False
MMA,True,True,UNMATCHED,NONE,False
MMB,True,True,UNMATCHED,NONE,False
MMC,True,True,UNMATCHED,NONE,False
MMCC,True,True,UNMATCHED,NONE,False
MMD,True,True,UNMATCHED,NONE,False
MMDA,True,True,UNMATCHED,NONE,False
MME,True,True,UNMATCHED,NONE,False
MMG,True,True,UNMATCHED,NONE,False
MMH,True,True,MATCHED,HIGH,True
MMK,True,True,MATCHED,HIGH,True
MMKB,True,True,UNMATCHED,NONE,False
MML,True,True,UNMATCHED,NONE,False
MMLN,True,True,UNMATCHED,NONE,False
MMM,True,True,MATCHED,HIGH,True
MMP,True,True,MATCHED,HIGH,True
MMPL,True,True,UNMATCHED,NONE,False
MMR,True,True,UNMATCHED,NONE,False
MMS,True,True,UNMATCHED,NONE,False
MMU,True,True,UNMATCHED,NONE,False
MMV,True,True,UNMATCHED,NONE,False
MMVR,True,True,UNMATCHED,NONE,False
MMY,True,True,UNMATCHED,NONE,False
MMZ,True,True,UNMATCHED,NONE,False
MN,True,True,MATCHED,HIGH,True
MNAE,True,True,UNMATCHED,NONE,False
MNC,True,True,UNMATCHED,NONE,False
MNCR,True,True,UNMATCHED,NONE,False
MND,True,True,UNMATCHED,NONE,False
MNDA,True,True,UNMATCHED,NONE,False
MNDH,True,True,UNMATCHED,NONE,False
MNDP,True,True,UNMATCHED,NONE,False
MNDR,True,True,UNMATCHED,NONE,False
MNDU,True,True,UNMATCHED,NONE,False
MNE,True,True,UNMATCHED,NONE,False
MNF,True,True,UNMATCHED,NONE,False
MNGD,True,True,UNMATCHED,NONE,False
MNGR,True,True,UNMATCHED,NONE,False
MNH,True,True,UNMATCHED,NONE,False
MNHA,True,True,UNMATCHED,NONE,False
MNHL,True,True,UNMATCHED,NONE,False
MNI,True,True,UNMATCHED,NONE,False
MNJ,True,True,UNMATCHED,NONE,False
MNJR,True,True,UNMATCHED,NONE,False
MNKB,True,True,UNMATCHED,NONE,False
MNKD,True,True,UNMATCHED,NONE,False
MNKN,True,True,UNMATCHED,NONE,False
MNL,True,True,UNMATCHED,NONE,False
MNM,True,True,MATCHED,HIGH,True
MNMU,True,True,UNMATCHED,NONE,False
MNO,True,True,UNMATCHED,NONE,False
MNP,True,True,UNMATCHED,NONE,False
MNPR,True,True,UNMATCHED,NONE,False
MNPT,True,True,UNMATCHED,NONE,False
MNQ,True,True,UNMATCHED,NONE,False
MNR,True,True,UNMATCHED,NONE,False
MNS,True,True,UNMATCHED,NONE,False
MNSR,True,True,UNMATCHED,NONE,False
MNTT,True,True,UNMATCHED,NONE,False
MNU,True,True,UNMATCHED,NONE,False
MNUR,True,True,MATCHED,MEDIUM,True
MNV,True,True,UNMATCHED,NONE,False
MNWL,True,True,UNMATCHED,NONE,False
MNX,True,True,UNMATCHED,NONE,False
MNY,True,True,UNMATCHED,NONE,False
MNZ,True,True,UNMATCHED,NONE,False
MO,True,True,UNMATCHED,NONE,False
MOA,True,True,UNMATCHED,NONE,False
MOAR,True,True,UNMATCHED,NONE,False
MOB,True,True,UNMATCHED,NONE,False
MOBD,True,True,UNMATCHED,NONE,False
MOF,True,True,UNMATCHED,NONE,False
MOG,True,True,UNMATCHED,NONE,False
MOGA,True,True,UNMATCHED,NONE,False
MOHR,True,True,UNMATCHED,NONE,False
MOI,True,True,UNMATCHED,NONE,False
MOJ,True,True,UNMATCHED,NONE,False
MOL,True,True,UNMATCHED,NONE,False
MOM,True,True,UNMATCHED,NONE,False
MOMU,True,True,UNMATCHED,NONE,False
MON,True,True,UNMATCHED,NONE,False
MONJ,True,True,UNMATCHED,NONE,False
MONR,True,True,MATCHED,HIGH,True
MOO,True,True,UNMATCHED,NONE,False
MOP,True,True,UNMATCHED,NONE,False
MOPR,True,True,UNMATCHED,NONE,False
MOR,True,True,UNMATCHED,NONE,False
MORA,True,True,UNMATCHED,NONE,False
MOT,True,True,UNMATCHED,NONE,False
MOTA,True,True,UNMATCHED,NONE,False
MOTC,True,True,UNMATCHED,NONE,False
MOTG,True,True,UNMATCHED,NONE,False
MOTH,True,True,UNMATCHED,NONE,False
MOU,True,True,UNMATCHED,NONE,False
MOW,True,True,UNMATCHED,NONE,False
MOX,True,True,UNMATCHED,NONE,False
MOY,True,True,UNMATCHED,NONE,False
MOZ,True,True,UNMATCHED,NONE,False
MP,True,True,UNMATCHED,NONE,False
MPA,True,True,MATCHED,HIGH,True
MPC,True,True,UNMATCHED,NONE,False
MPD,True,True,UNMATCHED,NONE,False
MPE,True,True,UNMATCHED,NONE,False
MPF,True,True,UNMATCHED,NONE,False
MPG,True,True,UNMATCHED,NONE,False
MPH,True,True,UNMATCHED,NONE,False
MPI,True,True,MATCHED,HIGH,True
MPJ,True,True,UNMATCHED,NONE,False
MPK,True,True,MATCHED,HIGH,True
MPL,True,True,UNMATCHED,NONE,False
MPLE,True,True,UNMATCHED,NONE,False
MPLI,True,True,MATCHED,HIGH,True
MPLM,True,True,MATCHED,HIGH,True
MPLR,True,True,UNMATCHED,NONE,False
MPLY,True,True,UNMATCHED,NONE,False
MPN,True,True,UNMATCHED,NONE,False
MPNH,True,True,UNMATCHED,NONE,False
MPO,True,True,UNMATCHED,NONE,False
MPR,True,True,UNMATCHED,NONE,False
MPRA,True,True,UNMATCHED,NONE,False
MPRD,True,True,MATCHED,MEDIUM,True
MPT,True,True,UNMATCHED,NONE,False
MPU,True,True,UNMATCHED,NONE,False
MPUE,True,True,UNMATCHED,NONE,False
MPUR,True,True,UNMATCHED,NONE,False
MPY,True,True,UNMATCHED,NONE,False
MQ,True,True,MATCHED,HIGH,True
MQA,True,True,UNMATCHED,NONE,False
MQC,True,True,UNMATCHED,NONE,False
MQE,True,True,UNMATCHED,NONE,False
MQG,True,True,UNMATCHED,NONE,False
MQL,True,True,UNMATCHED,NONE,False
MQN,True,True,UNMATCHED,NONE,False
MQO,True,True,UNMATCHED,NONE,False
MQP,True,True,UNMATCHED,NONE,False
MQR,True,True,UNMATCHED,NONE,False
MQS,True,True,UNMATCHED,NONE,False
MQU,True,True,UNMATCHED,NONE,False
MQW,True,True,UNMATCHED,NONE,False
MQX,True,True,UNMATCHED,NONE,False
MQZ,True,True,UNMATCHED,NONE,False
MR,True,True,UNMATCHED,NONE,False
MRA,True,True,UNMATCHED,NONE,False
MRB,True,True,UNMATCHED,NONE,False
MRBD,True,True,UNMATCHED,NONE,False
MRBL,True,True,UNMATCHED,NONE,False
MRC,True,True,UNMATCHED,NONE,False
MRDG,True,True,UNMATCHED,NONE,False
MRDL,True,True,UNMATCHED,NONE,False
MRDP,True,True,UNMATCHED,NONE,False
MRDW,True,True,UNMATCHED,NONE,False
MRE,True,True,UNMATCHED,NONE,False
MRF,True,True,UNMATCHED,NONE,False
MRG,True,True,UNMATCHED,NONE,False
MRGA,True,True,UNMATCHED,NONE,False
MRGM,True,True,UNMATCHED,NONE,False
MRHA,True,True,UNMATCHED,NONE,False
MRHT,True,True,UNMATCHED,NONE,False
MRIJ,True,True,UNMATCHED,NONE,False
MRJ,True,True,UNMATCHED,NONE,False
MRK,True,True,UNMATCHED,NONE,False
MRKL,True,True,UNMATCHED,NONE,False
MRL,True,True,UNMATCHED,NONE,False
MRM,True,True,UNMATCHED,NONE,False
MRN,True,True,UNMATCHED,NONE,False
MRND,True,True,UNMATCHED,NONE,False
MROA,True,True,MATCHED,MEDIUM,True
MRPL,True,True,UNMATCHED,NONE,False
MRPR,True,True,UNMATCHED,NONE,False
MRQ,True,True,UNMATCHED,NONE,False
MRR,True,True,UNMATCHED,NONE,False
MRSH,True,True,UNMATCHED,NONE,False
MRT,True,True,MATCHED,MEDIUM,True
MRTA,True,True,UNMATCHED,NONE,False
MRTD,True,True,UNMATCHED,NONE,False
MRTL,True,True,UNMATCHED,NONE,False
MRTY,True,True,UNMATCHED,NONE,False
MRV,True,True,UNMATCHED,NONE,False
MRWS,True,True,UNMATCHED,NONE,False
MRX,True,True,UNMATCHED,NONE,False
MRYA,True,True,UNMATCHED,NONE,False
MRZA,True,True,UNMATCHED,NONE,False
MS,True,True,MATCHED,HIGH,True
MSAE,True,True,UNMATCHED,NONE,False
MSB,True,True,MATCHED,HIGH,True
MSC,True,True,MATCHED,HIGH,True
MSD,True,True,UNMATCHED,NONE,False
MSDG,True,True,UNMATCHED,NONE,False
MSDH,True,True,UNMATCHED,NONE,False
MSDL,True,True,UNMATCHED,NONE,False
MSDN,True,True,UNMATCHED,NONE,False
MSDR,True,True,UNMATCHED,NONE,False
MSE,True,True,UNMATCHED,NONE,False
MSF,True,True,MATCHED,HIGH,True
MSH,True,True,UNMATCHED,NONE,False
MSHW,True,True,UNMATCHED,NONE,False
MSK,True,True,UNMATCHED,NONE,False
MSL,True,True,UNMATCHED,NONE,False
MSMD,True,True,UNMATCHED,NONE,False
MSMI,True,True,UNMATCHED,NONE,False
MSN,True,True,UNMATCHED,NONE,False
MSO,True,True,UNMATCHED,NONE,False
MSOD,True,True,UNMATCHED,NONE,False
MSP,True,True,UNMATCHED,NONE,False
MSQ,True,True,UNMATCHED,NONE,False
MSR,True,True,UNMATCHED,NONE,False
MSRP,True,True,UNMATCHED,NONE,False
MSS,True,True,UNMATCHED,NONE,False
MSSD,True,True,UNMATCHED,NONE,False
MSSN,True,True,UNMATCHED,NONE,False
MST,True,True,UNMATCHED,NONE,False
MSTH,True,True,UNMATCHED,NONE,False
MSU,True,True,MATCHED,HIGH,True
MSV,True,True,UNMATCHED,NONE,False
MSW,True,True,UNMATCHED,NONE,False
MSWA,True,True,UNMATCHED,NONE,False
MSZ,True,True,UNMATCHED,NONE,False
MT,True,True,UNMATCHED,NONE,False
MTA,True,True,UNMATCHED,NONE,False
MTB,True,True,UNMATCHED,NONE,False
MTBG,True,True,UNMATCHED,NONE,False
MTC,True,True,UNMATCHED,NONE,False
MTD,True,True,UNMATCHED,NONE,False
MTDI,True,True,UNMATCHED,NONE,False
MTDM,True,True,UNMATCHED,NONE,False
MTE,True,True,UNMATCHED,NONE,False
MTFA,True,True,UNMATCHED,NONE,False
MTGE,True,True,UNMATCHED,NONE,False
MTH,True,True,UNMATCHED,NONE,False
MTHP,True,True,UNMATCHED,NONE,False
MTI,True,True,UNMATCHED,NONE,False
MTIP,True,True,UNMATCHED,NONE,False
MTJ,True,True,MATCHED,MEDIUM,True
MTJL,True,True,UNMATCHED,NONE,False
MTJR,True,True,UNMATCHED,NONE,False
MTL,True,True,MATCHED,HIGH,True
MTM,True,True,UNMATCHED,NONE,False
MTMI,True,True,UNMATCHED,NONE,False
MTMY,True,True,MATCHED,HIGH,True
MTN,True,True,UNMATCHED,NONE,False
MTND,True,True,UNMATCHED,NONE,False
MTNL,True,True,MATCHED,HIGH,True
MTO,True,True,UNMATCHED,NONE,False
MTP,True,True,UNMATCHED,NONE,False
MTPC,True,True,UNMATCHED,NONE,False
MTPI,True,True,UNMATCHED,NONE,False
MTPR,True,True,UNMATCHED,NONE,False
MTR,True,True,UNMATCHED,NONE,False
MTRA,True,True,UNMATCHED,NONE,False
MTSK,True,True,UNMATCHED,NONE,False
MTU,True,True,UNMATCHED,NONE,False
MTUR,True,True,MATCHED,HIGH,True
MTV,True,True,UNMATCHED,NONE,False
MTWN,True,True,UNMATCHED,NONE,False
MTY,True,True,UNMATCHED,NONE,False
MU,True,True,UNMATCHED,NONE,False
MUA,True,True,UNMATCHED,NONE,False
MUC,True,True,UNMATCHED,NONE,False
MUD,True,True,UNMATCHED,NONE,False
MUE,True,True,UNMATCHED,NONE,False
MUG,True,True,UNMATCHED,NONE,False
MUGA,True,True,UNMATCHED,NONE,False
MUGN,True,True,UNMATCHED,NONE,False
MUGR,True,True,UNMATCHED,NONE,False
MUH,True,True,UNMATCHED,NONE,False
MUK,True,True,UNMATCHED,NONE,False
MUKE,True,True,UNMATCHED,NONE,False
MULK,True,True,UNMATCHED,NONE,False
MUM,True,True,UNMATCHED,NONE,False
MUO,True,True,UNMATCHED,NONE,False
MUP,True,True,UNMATCHED,NONE,False
MUPA,True,True,UNMATCHED,NONE,False
MUQ,True,True,UNMATCHED,NONE,False
MUR,True,True,UNMATCHED,NONE,False
MURD,True,True,UNMATCHED,NONE,False
MURI,True,True,UNMATCHED,NONE,False
MUT,True,True,UNMATCHED,NONE,False
MUU,True,True,UNMATCHED,NONE,False
MUUA,True,True,UNMATCHED,NONE,False
MUV,True,True,UNMATCHED,NONE,False
MUW,True,True,MATCHED,MEDIUM,True
MUY,True,True,UNMATCHED,NONE,False
MUZ,True,True,UNMATCHED,NONE,False
MV,True,True,MATCHED,HIGH,True
MVA,True,True,UNMATCHED,NONE,False
MVC,True,True,UNMATCHED,NONE,False
MVD,True,True,UNMATCHED,NONE,False
MVE,True,True,UNMATCHED,NONE,False
MVF,True,True,UNMATCHED,NONE,False
MVG,True,True,UNMATCHED,NONE,False
MVH,True,True,UNMATCHED,NONE,False
MVI,True,True,UNMATCHED,NONE,False
MVJ,True,True,UNMATCHED,NONE,False
MVKR,True,True,UNMATCHED,NONE,False
MVL,True,True,UNMATCHED,NONE,False
MVLK,True,True,UNMATCHED,NONE,False
MVN,True,True,MATCHED,HIGH,True
MVO,True,True,UNMATCHED,NONE,False
MVP,True,True,UNMATCHED,NONE,False
MVPM,True,True,UNMATCHED,NONE,False
MVRD,True,True,UNMATCHED,NONE,False
MVV,True,True,UNMATCHED,NONE,False
MVW,True,True,UNMATCHED,NONE,False
MW,True,True,UNMATCHED,NONE,False
MWA,True,True,UNMATCHED,NONE,False
MWAD,True,True,UNMATCHED,NONE,False
MWAI,True,True,UNMATCHED,NONE,False
MWC,True,True,UNMATCHED,NONE,False
MWD,True,True,UNMATCHED,NONE,False
MWE,True,True,UNMATCHED,NONE,False
MWF,True,True,UNMATCHED,NONE,False
MWG,True,True,UNMATCHED,NONE,False
MWH,True,True,UNMATCHED,NONE,False
MWJ,True,True,UNMATCHED,NONE,False
MWK,True,True,UNMATCHED,NONE,False
MWM,True,True,UNMATCHED,NONE,False
MWP,True,True,UNMATCHED,NONE,False
MWQ,True,True,UNMATCHED,NONE,False
MWR,True,True,UNMATCHED,NONE,False
MWRN,True,True,UNMATCHED,NONE,False
MWT,True,True,UNMATCHED,NONE,False
MWUE,True,True,UNMATCHED,NONE,False
MWW,True,True,UNMATCHED,NONE,False
MWX,True,True,UNMATCHED,NONE,False
MWY,True,True,UNMATCHED,NONE,False
MWZ,True,True,UNMATCHED,NONE,False
MXA,True,True,UNMATCHED,NONE,False
MXH,True,True,UNMATCHED,NONE,False
MXJ,True,True,UNMATCHED,NONE,False
MXK,True,True,UNMATCHED,NONE,False
MXL,True,True,UNMATCHED,NONE,False
MXM,True,True,UNMATCHED,NONE,False
MXN,True,True,UNMATCHED,NONE,False
MXO,True,True,UNMATCHED,NONE,False
MXP,True,True,UNMATCHED,NONE,False
MXR,True,True,UNMATCHED,NONE,False
MXS,True,True,UNMATCHED,NONE,False
MXT,True,True,UNMATCHED,NONE,False
MXW,True,True,UNMATCHED,NONE,False
MXY,True,True,UNMATCHED,NONE,False
MXZ,True,True,UNMATCHED,NONE,False
MY,True,True,UNMATCHED,NONE,False
MYA,True,True,UNMATCHED,NONE,False
MYD,True,True,UNMATCHED,NONE,False
MYE,True,True,UNMATCHED,NONE,False
MYG,True,True,UNMATCHED,NONE,False
MYGD,True,True,UNMATCHED,NONE,False
MYHT,True,True,UNMATCHED,NONE,False
MYJ,True,True,UNMATCHED,NONE,False
MYK,True,True,UNMATCHED,NONE,False
MYL,True,True,UNMATCHED,NONE,False
MYM,True,True,UNMATCHED,NONE,False
MYO,True,True,UNMATCHED,NONE,False
MYP,True,True,MATCHED,HIGH,True
MYR,True,True,UNMATCHED,NONE,False
MYS,True,True,UNMATCHED,NONE,False
MYU,True,True,MATCHED,HIGH,True
MYX,True,True,UNMATCHED,NONE,False
MYY,True,True,UNMATCHED,NONE,False
MZA,True,True,UNMATCHED,NONE,False
MZB,True,True,UNMATCHED,NONE,False
MZC,True,True,UNMATCHED,NONE,False
MZGI,True,True,UNMATCHED,NONE,False
MZH,True,True,UNMATCHED,NONE,False
MZHL,True,True,UNMATCHED,NONE,False
MZL,True,True,UNMATCHED,NONE,False
MZM,True,True,UNMATCHED,NONE,False
MZMA,True,True,UNMATCHED,NONE,False
MZP,True,True,UNMATCHED,NONE,False
MZQ,True,True,UNMATCHED,NONE,False
MZR,True,True,UNMATCHED,NONE,False
MZS,True,True,UNMATCHED,NONE,False
MZU,True,True,MATCHED,HIGH,True
MZV,True,True,MATCHED,HIGH,True
MZX,True,True,UNMATCHED,NONE,False
MZY,True,True,UNMATCHED,NONE,False
MZZ,True,True,UNMATCHED,NONE,False
NAB,True,True,UNMATCHED,NONE,False
NABN,True,True,UNMATCHED,NONE,False
NAC,True,True,UNMATCHED,NONE,False
NACC,True,True,UNMATCHED,NONE,False
NAD,True,True,UNMATCHED,NONE,False
NAG,True,True,UNMATCHED,NONE,False
NAI,True,True,UNMATCHED,NONE,False
NAK,True,True,UNMATCHED,NONE,False
NAKD,True,True,UNMATCHED,NONE,False
NAL,True,True,UNMATCHED,NONE,False
NALR,True,True,UNMATCHED,NONE,False
NAM,True,True,UNMATCHED,NONE,False
NAN,True,False,NOT_IN_MASTER,NONE,False
NANA,True,True,UNMATCHED,NONE,False
NAND,True,True,UNMATCHED,NONE,False
NANR,True,True,UNMATCHED,NONE,False
NARA,True,True,UNMATCHED,NONE,False
NAS,True,True,UNMATCHED,NONE,False
NASP,True,True,UNMATCHED,NONE,False
NAT,True,True,UNMATCHED,NONE,False
NAU,True,True,UNMATCHED,NONE,False
NAVI,True,True,UNMATCHED,NONE,False
NAW,True,True,UNMATCHED,NONE,False
NAWN,True,True,UNMATCHED,NONE,False
NAZJ,True,True,UNMATCHED,NONE,False
NB,True,True,UNMATCHED,NONE,False
NBA,True,True,UNMATCHED,NONE,False
NBAE,True,True,UNMATCHED,NONE,False
NBD,True,True,UNMATCHED,NONE,False
NBE,True,True,UNMATCHED,NONE,False
NBG,True,True,UNMATCHED,NONE,False
NBH,True,True,UNMATCHED,NONE,False
NBI,True,True,UNMATCHED,NONE,False
NBK,True,True,MATCHED,HIGH,True
NBKH,True,True,UNMATCHED,NONE,False
NBL,True,True,UNMATCHED,NONE,False
NBM,True,True,UNMATCHED,NONE,False
NBP,True,True,UNMATCHED,NONE,False
NBPH,True,True,UNMATCHED,NONE,False
NBQ,True,True,UNMATCHED,NONE,False
NBR,True,True,MATCHED,MEDIUM,True
NBRN,True,True,UNMATCHED,NONE,False
NBS,True,True,UNMATCHED,NONE,False
NBT,True,True,UNMATCHED,NONE,False
NBU,True,True,UNMATCHED,NONE,False
NBUE,True,True,UNMATCHED,NONE,False
NBX,True,True,UNMATCHED,NONE,False
NCA,True,True,UNMATCHED,NONE,False
NCB,True,True,UNMATCHED,NONE,False
NCBD,True,True,UNMATCHED,NONE,False
NCE,True,True,UNMATCHED,NONE,False
NCH,True,True,UNMATCHED,NONE,False
NCHS,True,True,UNMATCHED,NONE,False
NCJ,True,True,UNMATCHED,NONE,False
NCN,True,True,UNMATCHED,NONE,False
NCP,True,True,UNMATCHED,NONE,False
NCR,True,True,MATCHED,HIGH,True
NCU,True,True,UNMATCHED,NONE,False
ND,True,True,UNMATCHED,NONE,False
NDAE,True,True,UNMATCHED,NONE,False
NDB,True,True,UNMATCHED,NONE,False
NDBT,True,True,UNMATCHED,NONE,False
NDD,True,True,UNMATCHED,NONE,False
NDE,True,True,UNMATCHED,NONE,False
NDGJ,True,True,UNMATCHED,NONE,False
NDJ,True,True,UNMATCHED,NONE,False
NDK,True,True,UNMATCHED,NONE,False
NDKD,True,True,UNMATCHED,NONE,False
NDKR,True,True,UNMATCHED,NONE,False
NDL,True,True,UNMATCHED,NONE,False
NDLS,True,True,UNMATCHED,NONE,False
NDM,True,True,UNMATCHED,NONE,False
NDN,True,True,UNMATCHED,NONE,False
NDNI,True,True,UNMATCHED,NONE,False
NDO,True,True,UNMATCHED,NONE,False
NDPR,True,True,UNMATCHED,NONE,False
NDPU,True,True,UNMATCHED,NONE,False
NDR,True,True,UNMATCHED,NONE,False
NDRT,True,True,UNMATCHED,NONE,False
NDT,True,True,UNMATCHED,NONE,False
NDU,True,True,UNMATCHED,NONE,False
NDV,True,True,UNMATCHED,NONE,False
NDW,True,True,UNMATCHED,NONE,False
NDY,True,True,UNMATCHED,NONE,False
NDZ,True,True,UNMATCHED,NONE,False
NED,True,True,UNMATCHED,NONE,False
NEM,True,True,UNMATCHED,NONE,False
NEMA,True,True,UNMATCHED,NONE,False
NEO,True,True,UNMATCHED,NONE,False
NEP,True,True,UNMATCHED,NONE,False
NERH,True,True,UNMATCHED,NONE,False
NERI,True,True,MATCHED,MEDIUM,True
NEU,True,True,UNMATCHED,NONE,False
NEW,True,True,UNMATCHED,NONE,False
NEWC,True,True,UNMATCHED,NONE,False
NEYT,True,True,UNMATCHED,NONE,False
NFK,True,True,UNMATCHED,NONE,False
NG,True,True,UNMATCHED,NONE,False
NGA,True,True,UNMATCHED,NONE,False
NGAN,True,True,UNMATCHED,NONE,False
NGB,True,True,UNMATCHED,NONE,False
NGD,True,True,UNMATCHED,NONE,False
NGDM,True,True,UNMATCHED,NONE,False
NGE,True,True,MATCHED,MEDIUM,True
NGF,True,True,UNMATCHED,NONE,False
NGG,True,True,UNMATCHED,NONE,False
NGHW,True,True,UNMATCHED,NONE,False
NGI,True,True,UNMATCHED,NONE,False
NGJA,True,True,UNMATCHED,NONE,False
NGL,True,True,UNMATCHED,NONE,False
NGLT,True,True,UNMATCHED,NONE,False
NGM,True,True,UNMATCHED,NONE,False
NGMN,True,True,UNMATCHED,NONE,False
NGMP,True,True,UNMATCHED,NONE,False
NGN,True,True,UNMATCHED,NONE,False
NGNT,True,True,UNMATCHED,NONE,False
NGO,True,True,UNMATCHED,NONE,False
NGP,True,True,UNMATCHED,NONE,False
NGR,True,True,UNMATCHED,NONE,False
NGRD,True,True,UNMATCHED,NONE,False
NGRS,True,True,UNMATCHED,NONE,False
NGRT,True,True,UNMATCHED,NONE,False
NGS,True,True,UNMATCHED,NONE,False
NGT,True,True,MATCHED,HIGH,True
NGTG,True,True,UNMATCHED,NONE,False
NGTN,True,True,UNMATCHED,NONE,False
NGW,True,True,UNMATCHED,NONE,False
NGWN,True,True,UNMATCHED,NONE,False
NGX,True,True,UNMATCHED,NONE,False
NGY,True,True,UNMATCHED,NONE,False
NGZ,True,True,UNMATCHED,NONE,False
NH,True,True,UNMATCHED,NONE,False
NHB,True,True,UNMATCHED,NONE,False
NHF,True,True,UNMATCHED,NONE,False
NHGJ,True,True,UNMATCHED,NONE,False
NHH,True,True,UNMATCHED,NONE,False
NHK,True,True,UNMATCHED,NONE,False
NHLG,True,True,UNMATCHED,NONE,False
NHLN,True,True,UNMATCHED,NONE,False
NHN,True,True,UNMATCHED,NONE,False
NHR,True,True,UNMATCHED,NONE,False
NHT,True,True,UNMATCHED,NONE,False
NHU,True,True,UNMATCHED,NONE,False
NHX,True,True,UNMATCHED,NONE,False
NHY,True,True,UNMATCHED,NONE,False
NI,True,True,UNMATCHED,NONE,False
NIA,True,True,UNMATCHED,NONE,False
NID,True,True,MATCHED,HIGH,True
NIDI,True,True,UNMATCHED,NONE,False
NIIJ,True,True,UNMATCHED,NONE,False
NIL,True,True,MATCHED,MEDIUM,True
NILE,True,True,UNMATCHED,NONE,False
NIM,True,True,UNMATCHED,NONE,False
NIN,True,True,UNMATCHED,NONE,False
NIP,True,True,UNMATCHED,NONE,False
NIQ,True,True,UNMATCHED,NONE,False
NIR,True,True,UNMATCHED,NONE,False
NIRA,True,True,UNMATCHED,NONE,False
NIT,True,True,UNMATCHED,NONE,False
NIU,True,True,UNMATCHED,NONE,False
NIV,True,True,UNMATCHED,NONE,False
NJA,True,True,UNMATCHED,NONE,False
NJB,True,True,UNMATCHED,NONE,False
NJN,True,True,UNMATCHED,NONE,False
NJP,True,True,UNMATCHED,NONE,False
NJT,True,True,UNMATCHED,NONE,False
NK,True,True,UNMATCHED,NONE,False
NKB,True,True,UNMATCHED,NONE,False
NKBR,True,True,UNMATCHED,NONE,False
NKD,True,True,UNMATCHED,NONE,False
NKDO,True,True,UNMATCHED,NONE,False
NKE,True,True,UNMATCHED,NONE,False
NKH,True,True,UNMATCHED,NONE,False
NKI,True,True,UNMATCHED,NONE,False
NKJ,True,True,UNMATCHED,NONE,False
NKK,True,True,MATCHED,HIGH,True
NKL,True,True,UNMATCHED,NONE,False
NKM,True,True,UNMATCHED,NONE,False
NKN,True,True,UNMATCHED,NONE,False
NKP,True,True,UNMATCHED,NONE,False
NKRA,True,True,UNMATCHED,NONE,False
NKW,True,True,UNMATCHED,NONE,False
NKX,True,True,UNMATCHED,NONE,False
NLA,True,True,UNMATCHED,NONE,False
NLBR,True,True,UNMATCHED,NONE,False
NLD,True,True,UNMATCHED,NONE,False
NLDA,True,True,UNMATCHED,NONE,False
NLDM,True,True,UNMATCHED,NONE,False
NLE,True,True,UNMATCHED,NONE,False
NLH,True,True,UNMATCHED,NONE,False
NLI,True,True,UNMATCHED,NONE,False
NLKR,True,True,UNMATCHED,NONE,False
NLKT,True,True,UNMATCHED,NONE,False
NLN,True,True,UNMATCHED,NONE,False
NLNR,True,True,UNMATCHED,NONE,False
NLP,True,True,UNMATCHED,NONE,False
NLPD,True,True,UNMATCHED,NONE,False
NLQ,True,True,UNMATCHED,NONE,False
NLR,True,True,UNMATCHED,NONE,False
NLRD,True,True,UNMATCHED,NONE,False
NLS,True,True,UNMATCHED,NONE,False
NLSF,True,True,UNMATCHED,NONE,False
NLV,True,True,UNMATCHED,NONE,False
NM,True,True,UNMATCHED,NONE,False
NMBR,True,True,UNMATCHED,NONE,False
NMD,True,True,UNMATCHED,NONE,False
NMDA,True,True,UNMATCHED,NONE,False
NMDR,True,True,UNMATCHED,NONE,False
NMF,True,True,UNMATCHED,NONE,False
NMG,True,True,UNMATCHED,NONE,False
NMGA,True,True,UNMATCHED,NONE,False
NMGT,True,True,UNMATCHED,NONE,False
NMGY,True,True,UNMATCHED,NONE,False
NMH,True,True,UNMATCHED,NONE,False
NMJ,True,True,MATCHED,HIGH,True
NMK,True,True,UNMATCHED,NONE,False
NMKA,True,True,UNMATCHED,NONE,False
NMKL,True,True,MATCHED,HIGH,True
NML,True,True,UNMATCHED,NONE,False
NMLU,True,True,UNMATCHED,NONE,False
NMM,True,True,UNMATCHED,NONE,False
NMN,True,True,UNMATCHED,NONE,False
NMT,True,True,UNMATCHED,NONE,False
NMX,True,True,UNMATCHED,NONE,False
NMZ,True,True,UNMATCHED,NONE,False
NN,True,True,UNMATCHED,NONE,False
NNA,True,True,UNMATCHED,NONE,False
NNE,True,True,UNMATCHED,NONE,False
NNGE,True,True,UNMATCHED,NONE,False
NNGL,True,True,UNMATCHED,NONE,False
NNHT,True,True,UNMATCHED,NONE,False
NNKR,True,True,UNMATCHED,NONE,False
NNL,True,True,UNMATCHED,NONE,False
NNM,True,True,MATCHED,HIGH,True
NNN,True,True,UNMATCHED,NONE,False
NNNL,True,True,UNMATCHED,NONE,False
NNO,True,True,UNMATCHED,NONE,False
NNP,True,True,UNMATCHED,NONE,False
NNPR,True,True,UNMATCHED,NONE,False
NNR,True,True,UNMATCHED,NONE,False
NNU,True,True,UNMATCHED,NONE,False
NNW,True,True,UNMATCHED,NONE,False
NNWH,True,True,UNMATCHED,NONE,False
NNX,True,True,UNMATCHED,NONE,False
NOA,True,True,UNMATCHED,NONE,False
NOB,True,True,UNMATCHED,NONE,False
NOH,True,True,UNMATCHED,NONE,False
NOI,True,True,UNMATCHED,NONE,False
NOK,True,True,UNMATCHED,NONE,False
NOLB,True,True,UNMATCHED,NONE,False
NOLI,True,True,UNMATCHED,NONE,False
NOMD,True,True,UNMATCHED,NONE,False
NON,True,True,UNMATCHED,NONE,False
NOQ,True,True,UNMATCHED,NONE,False
NOR,True,True,UNMATCHED,NONE,False
NOSM,True,True,UNMATCHED,NONE,False
NPD,True,True,UNMATCHED,NONE,False
NPH,True,True,UNMATCHED,NONE,False
NPI,True,True,UNMATCHED,NONE,False
NPJE,True,True,UNMATCHED,NONE,False
NPK,True,True,UNMATCHED,NONE,False
NPKM,True,True,UNMATCHED,NONE,False
NPL,True,True,UNMATCHED,NONE,False
NPM,True,True,MATCHED,HIGH,True
NPMR,True,True,UNMATCHED,NONE,False
NPNR,True,True,UNMATCHED,NONE,False
NPR,True,True,UNMATCHED,NONE,False
NPRD,True,True,UNMATCHED,NONE,False
NPS,True,True,UNMATCHED,NONE,False
NPT,True,True,UNMATCHED,NONE,False
NPTY,True,True,UNMATCHED,NONE,False
NPU,True,True,UNMATCHED,NONE,False
NPW,True,True,UNMATCHED,NONE,False
NPX,True,True,UNMATCHED,NONE,False
NQH,True,True,UNMATCHED,NONE,False
NQR,True,True,UNMATCHED,NONE,False
NR,True,True,UNMATCHED,NONE,False
NRA,True,True,UNMATCHED,NONE,False
NRDP,True,True,UNMATCHED,NONE,False
NRE,True,True,UNMATCHED,NONE,False
NRF,True,True,UNMATCHED,NONE,False
NRG,True,True,UNMATCHED,NONE,False
NRGO,True,True,UNMATCHED,NONE,False
NRGR,True,True,UNMATCHED,NONE,False
NRI,True,True,UNMATCHED,NONE,False
NRJ,True,True,UNMATCHED,NONE,False
NRK,True,True,UNMATCHED,NONE,False
NRKE,True,True,UNMATCHED,NONE,False
NRKP,True,True,UNMATCHED,NONE,False
NRKR,True,True,UNMATCHED,NONE,False
NRL,True,True,UNMATCHED,NONE,False
NRLR,True,True,UNMATCHED,NONE,False
NRM,True,True,UNMATCHED,NONE,False
NRN,True,True,UNMATCHED,NONE,False
NRNR,True,True,UNMATCHED,NONE,False
NRO,True,True,UNMATCHED,NONE,False
NRP,True,True,UNMATCHED,NONE,False
NRPA,True,True,UNMATCHED,NONE,False
NRPR,True,True,UNMATCHED,NONE,False
NRR,True,True,UNMATCHED,NONE,False
NRS,True,True,UNMATCHED,NONE,False
NRSD,True,True,UNMATCHED,NONE,False
NRSP,True,True,UNMATCHED,NONE,False
NRT,True,True,UNMATCHED,NONE,False
NRV,True,True,UNMATCHED,NONE,False
NRVR,True,True,UNMATCHED,NONE,False
NRW,True,True,UNMATCHED,NONE,False
NRWI,True,True,UNMATCHED,NONE,False
NRX,True,True,UNMATCHED,NONE,False
NRY,True,True,UNMATCHED,NONE,False
NRYP,True,True,UNMATCHED,NONE,False
NRZB,True,True,UNMATCHED,NONE,False
NS,True,True,UNMATCHED,NONE,False
NSA,True,True,UNMATCHED,NONE,False
NSCL,True,True,UNMATCHED,NONE,False
NSD,True,True,UNMATCHED,NONE,False
NSF,True,True,UNMATCHED,NONE,False
NSI,True,True,UNMATCHED,NONE,False
NSL,True,True,UNMATCHED,NONE,False
NSP,True,True,UNMATCHED,NONE,False
NSPH,True,True,UNMATCHED,NONE,False
NSRH,True,True,UNMATCHED,NONE,False
NSS,True,True,UNMATCHED,NONE,False
NSU,True,True,UNMATCHED,NONE,False
NSVP,True,True,UNMATCHED,NONE,False
NSX,True,True,UNMATCHED,NONE,False
NTA,True,True,UNMATCHED,NONE,False
NTG,True,True,UNMATCHED,NONE,False
NTN,True,True,UNMATCHED,NONE,False
NTR,True,True,UNMATCHED,NONE,False
NTSK,True,True,UNMATCHED,NONE,False
NTT,True,True,UNMATCHED,NONE,False
NTU,True,True,UNMATCHED,NONE,False
NTV,True,True,UNMATCHED,NONE,False
NTVT,True,True,UNMATCHED,NONE,False
NTW,True,True,UNMATCHED,NONE,False
NTWL,True,True,UNMATCHED,NONE,False
NTZ,True,True,UNMATCHED,NONE,False
NU,True,True,UNMATCHED,NONE,False
NUA,True,True,UNMATCHED,NONE,False
NUB,True,True,UNMATCHED,NONE,False
NUD,True,True,UNMATCHED,NONE,False
NUH,True,True,UNMATCHED,NONE,False
NUJ,True,True,UNMATCHED,NONE,False
NUPR,True,True,UNMATCHED,NONE,False
NUQ,True,True,UNMATCHED,NONE,False
NUR,True,True,UNMATCHED,NONE,False
NVC,True,True,UNMATCHED,NONE,False
NVD,True,True,UNMATCHED,NONE,False
NVF,True,True,UNMATCHED,NONE,False
NVG,True,True,UNMATCHED,NONE,False
NVL,True,True,MATCHED,HIGH,True
NVLN,True,True,UNMATCHED,NONE,False
NVRD,True,True,UNMATCHED,NONE,False
NVS,True,True,UNMATCHED,NONE,False
NVT,True,True,UNMATCHED,NONE,False
NVU,True,True,UNMATCHED,NONE,False
NW,True,True,UNMATCHED,NONE,False
NWB,True,True,UNMATCHED,NONE,False
NWBV,True,True,UNMATCHED,NONE,False
NWC,True,True,UNMATCHED,NONE,False
NWD,True,True,UNMATCHED,NONE,False
NWDH,True,True,UNMATCHED,NONE,False
NWH,True,True,UNMATCHED,NONE,False
NWMS,True,True,UNMATCHED,NONE,False
NWN,True,True,UNMATCHED,NONE,False
NWP,True,True,UNMATCHED,NONE,False
NWR,True,True,UNMATCHED,NONE,False
NWSI,True,True,UNMATCHED,NONE,False
NWU,True,True,UNMATCHED,NONE,False
NXH,True,True,UNMATCHED,NONE,False
NXN,True,True,UNMATCHED,NONE,False
NXR,True,True,UNMATCHED,NONE,False
NYA,True,True,UNMATCHED,NONE,False
NYG,True,True,UNMATCHED,NONE,False
NYGT,True,True,UNMATCHED,NONE,False
NYH,True,True,UNMATCHED,NONE,False
NYI,True,True,UNMATCHED,NONE,False
NYK,True,True,UNMATCHED,NONE,False
NYM,True,True,UNMATCHED,NONE,False
NYN,True,True,UNMATCHED,NONE,False
NYO,True,True,UNMATCHED,NONE,False
NYP,True,True,UNMATCHED,NONE,False
NYRH,True,True,UNMATCHED,NONE,False
NYT,True,True,UNMATCHED,NONE,False
NYY,True,True,UNMATCHED,NONE,False
NZB,True,True,UNMATCHED,NONE,False
NZD,True,True,UNMATCHED,NONE,False
NZG,True,True,UNMATCHED,NONE,False
NZM,True,True,UNMATCHED,NONE,False
NZP,True,True,UNMATCHED,NONE,False
NZR,True,True,UNMATCHED,NONE,False
NZT,True,True,UNMATCHED,NONE,False
OBM,True,True,UNMATCHED,NONE,False
OBR,True,True,UNMATCHED,NONE,False
OBVP,True,True,UNMATCHED,NONE,False
OCH,True,True,UNMATCHED,NONE,False
OCR,True,True,UNMATCHED,NONE,False
OD,True,True,UNMATCHED,NONE,False
ODB,True,True,UNMATCHED,NONE,False
ODC,True,True,UNMATCHED,NONE,False
ODG,True,True,UNMATCHED,NONE,False
ODHA,True,True,UNMATCHED,NONE,False
ODM,True,True,UNMATCHED,NONE,False
ODUR,True,True,UNMATCHED,NONE,False
OEA,True,True,UNMATCHED,NONE,False
OGL,True,True,UNMATCHED,NONE,False
OGM,True,True,MATCHED,HIGH,True
OHAN,True,True,UNMATCHED,NONE,False
OKA,True,True,UNMATCHED,NONE,False
OKD,True,True,UNMATCHED,NONE,False
OKHA,True,True,UNMATCHED,NONE,False
OLA,True,True,MATCHED,HIGH,True
OLP,True,True,UNMATCHED,NONE,False
OLR,True,True,UNMATCHED,NONE,False
OM,True,True,UNMATCHED,NONE,False
OMB,True,True,UNMATCHED,NONE,False
OML,True,True,MATCHED,HIGH,True
OMLF,True,True,UNMATCHED,NONE,False
ON,True,True,UNMATCHED,NONE,False
OND,True,True,UNMATCHED,NONE,False
ONR,True,True,UNMATCHED,NONE,False
OPL,True,True,UNMATCHED,NONE,False
ORAI,True,True,UNMATCHED,NONE,False
ORC,True,True,UNMATCHED,NONE,False
ORDI,True,True,UNMATCHED,NONE,False
OREH,True,True,UNMATCHED,NONE,False
ORGA,True,True,MATCHED,MEDIUM,True
ORH,True,True,UNMATCHED,NONE,False
ORKI,True,True,UNMATCHED,NONE,False
ORR,True,True,UNMATCHED,NONE,False
ORW,True,True,UNMATCHED,NONE,False
OSA,True,True,UNMATCHED,NONE,False
OSH,True,True,UNMATCHED,NONE,False
OSN,True,True,UNMATCHED,NONE,False
OSRA,True,True,UNMATCHED,NONE,False
OTD,True,True,UNMATCHED,NONE,False
OTK,True,True,MATCHED,HIGH,True
OTN,True,True,UNMATCHED,NONE,False
OTP,True,True,UNMATCHED,NONE,False
OTR,True,True,UNMATCHED,NONE,False
OV,True,True,MATCHED,HIGH,True
OYR,True,True,UNMATCHED,NONE,False
PAA,True,True,UNMATCHED,NONE,False
PAAL,True,True,MATCHED,MEDIUM,True
PAD,True,True,UNMATCHED,NONE,False
PADH,True,True,UNMATCHED,NONE,False
PAE,True,True,UNMATCHED,NONE,False
PAGM,True,True,UNMATCHED,NONE,False
PAI,True,True,UNMATCHED,NONE,False
PAIL,True,True,UNMATCHED,NONE,False
PAJ,True,True,UNMATCHED,NONE,False
PAK,True,True,UNMATCHED,NONE,False
PAL,True,True,UNMATCHED,NONE,False
PALM,True,True,MATCHED,HIGH,True
PALR,True,True,MATCHED,HIGH,True
PAM,True,True,UNMATCHED,NONE,False
PAN,True,True,UNMATCHED,NONE,False
PANP,True,True,UNMATCHED,NONE,False
PAO,True,True,UNMATCHED,NONE,False
PAP,True,True,UNMATCHED,NONE,False
PAPM,True,True,UNMATCHED,NONE,False
PAQ,True,True,UNMATCHED,NONE,False
PAR,True,True,UNMATCHED,NONE,False
PARD,True,True,UNMATCHED,NONE,False
PARH,True,True,UNMATCHED,NONE,False
PAS,True,True,UNMATCHED,NONE,False
PASA,True,True,UNMATCHED,NONE,False
PASG,True,True,UNMATCHED,NONE,False
PASR,True,True,UNMATCHED,NONE,False
PATA,True,True,UNMATCHED,NONE,False
PATI,True,True,UNMATCHED,NONE,False
PATL,True,True,UNMATCHED,NONE,False
PATM,True,True,UNMATCHED,NONE,False
PATR,True,True,UNMATCHED,NONE,False
PAU,True,True,UNMATCHED,NONE,False
PAV,True,True,UNMATCHED,NONE,False
PAVI,True,True,UNMATCHED,NONE,False
PAVP,True,True,UNMATCHED,NONE,False
PAW,True,True,UNMATCHED,NONE,False
PAX,True,True,MATCHED,MEDIUM,True
PAY,True,True,UNMATCHED,NONE,False
PAZ,True,True,UNMATCHED,NONE,False
PB,True,True,UNMATCHED,NONE,False
PBA,True,True,UNMATCHED,NONE,False
PBB,True,True,UNMATCHED,NONE,False
PBC,True,True,UNMATCHED,NONE,False
PBD,True,True,UNMATCHED,NONE,False
PBE,True,True,UNMATCHED,NONE,False
PBH,True,True,UNMATCHED,NONE,False
PBJM,True,True,UNMATCHED,NONE,False
PBKS,True,True,UNMATCHED,NONE,False
PBL,True,True,UNMATCHED,NONE,False
PBM,True,True,MATCHED,HIGH,True
PBN,True,True,UNMATCHED,NONE,False
PBP,True,True,UNMATCHED,NONE,False
PBR,True,True,UNMATCHED,NONE,False
PBV,True,True,UNMATCHED,NONE,False
PBW,True,True,UNMATCHED,NONE,False
PBZ,True,True,UNMATCHED,NONE,False
PC,True,True,UNMATCHED,NONE,False
PCC,True,True,UNMATCHED,NONE,False
PCH,True,True,UNMATCHED,NONE,False
PCHT,True,True,UNMATCHED,NONE,False
PCK,True,True,UNMATCHED,NONE,False
PCKM,True,True,MATCHED,HIGH,True
PCL,True,True,UNMATCHED,NONE,False
PCLI,True,True,UNMATCHED,NONE,False
PCM,True,True,UNMATCHED,NONE,False
PCMK,True,True,UNMATCHED,NONE,False
PCN,True,True,UNMATCHED,NONE,False
PCO,True,True,UNMATCHED,NONE,False
PCQ,True,True,UNMATCHED,NONE,False
PCR,True,True,UNMATCHED,NONE,False
PCT,True,True,UNMATCHED,NONE,False
PCTM,True,True,UNMATCHED,NONE,False
PCU,True,True,UNMATCHED,NONE,False
PCV,True,True,MATCHED,HIGH,True
PCX,True,True,UNMATCHED,NONE,False
PCY,True,True,UNMATCHED,NONE,False
PCZ,True,True,UNMATCHED,NONE,False
PDA,True,True,UNMATCHED,NONE,False
PDD,True,True,UNMATCHED,NONE,False
PDE,True,True,UNMATCHED,NONE,False
PDF,True,True,UNMATCHED,NONE,False
PDG,True,True,UNMATCHED,NONE,False
PDGL,True,True,UNMATCHED,NONE,False
PDGM,True,True,UNMATCHED,NONE,False
PDGN,True,True,UNMATCHED,NONE,False
PDH,True,True,UNMATCHED,NONE,False
PDI,True,True,UNMATCHED,NONE,False
PDJ,True,True,UNMATCHED,NONE,False
PDKM,True,True,MATCHED,HIGH,True
PDKN,True,True,UNMATCHED,NONE,False
PDKT,True,True,MATCHED,HIGH,True
PDL,True,True,UNMATCHED,NONE,False
PDMA,True,True,UNMATCHED,NONE,False
PDMI,True,True,UNMATCHED,NONE,False
PDNA,True,True,UNMATCHED,NONE,False
PDNR,True,True,UNMATCHED,NONE,False
PDO,True,True,UNMATCHED,NONE,False
PDP,True,True,UNMATCHED,NONE,False
PDPH,True,True,UNMATCHED,NONE,False
PDPK,True,True,UNMATCHED,NONE,False
PDPL,True,True,UNMATCHED,NONE,False
PDPR,True,True,UNMATCHED,NONE,False
PDRD,True,True,UNMATCHED,NONE,False
PDS,True,True,UNMATCHED,NONE,False
PDSN,True,True,UNMATCHED,NONE,False
PDT,True,True,UNMATCHED,NONE,False
PDU,True,True,UNMATCHED,NONE,False
PDV,True,True,MATCHED,HIGH,True
PDW,True,True,UNMATCHED,NONE,False
PDX,True,True,UNMATCHED,NONE,False
PDY,True,True,MATCHED,HIGH,True
PDZ,True,True,UNMATCHED,NONE,False
PEA,True,True,MATCHED,MEDIUM,True
PEC,True,True,UNMATCHED,NONE,False
PEE,True,True,UNMATCHED,NONE,False
PEH,True,True,UNMATCHED,NONE,False
PEI,True,True,MATCHED,HIGH,True
PEL,True,True,UNMATCHED,NONE,False
PEM,True,True,MATCHED,HIGH,True
PEN,True,True,UNMATCHED,NONE,False
PEP,True,True,UNMATCHED,NONE,False
PER,True,True,MATCHED,HIGH,True
PERN,True,True,UNMATCHED,NONE,False
PES,True,True,UNMATCHED,NONE,False
PETA,True,True,UNMATCHED,NONE,False
PEU,True,True,UNMATCHED,NONE,False
PFL,True,True,UNMATCHED,NONE,False
PFM,True,True,UNMATCHED,NONE,False
PFR,True,True,UNMATCHED,NONE,False
PFT,True,True,UNMATCHED,NONE,False
PFU,True,True,UNMATCHED,NONE,False
PG,True,True,UNMATCHED,NONE,False
PGA,True,True,UNMATCHED,NONE,False
PGG,True,True,UNMATCHED,NONE,False
PGI,True,True,UNMATCHED,NONE,False
PGK,True,True,UNMATCHED,NONE,False
PGL,True,True,UNMATCHED,NONE,False
PGMD,True,True,UNMATCHED,NONE,False
PGN,True,True,MATCHED,HIGH,True
PGP,True,True,UNMATCHED,NONE,False
PGR,True,True,UNMATCHED,NONE,False
PGRL,True,True,UNMATCHED,NONE,False
PGT,True,True,UNMATCHED,NONE,False
PGTN,True,True,UNMATCHED,NONE,False
PGU,True,True,UNMATCHED,NONE,False
PGW,True,True,UNMATCHED,NONE,False
PGZ,True,True,UNMATCHED,NONE,False
PH,True,True,UNMATCHED,NONE,False
PHA,True,True,UNMATCHED,NONE,False
PHC,True,True,UNMATCHED,NONE,False
PHD,True,True,UNMATCHED,NONE,False
PHE,True,True,UNMATCHED,NONE,False
PHI,True,True,UNMATCHED,NONE,False
PHK,True,True,UNMATCHED,NONE,False
PHLG,True,True,UNMATCHED,NONE,False
PHM,True,True,UNMATCHED,NONE,False
PHN,True,True,UNMATCHED,NONE,False
PHQ,True,True,UNMATCHED,NONE,False
PHR,True,True,UNMATCHED,NONE,False
PHRH,True,True,UNMATCHED,NONE,False
PHS,True,True,UNMATCHED,NONE,False
PHV,True,True,UNMATCHED,NONE,False
PHWR,True,True,UNMATCHED,NONE,False
PHX,True,True,UNMATCHED,NONE,False
PHY,True,True,UNMATCHED,NONE,False
PI,True,True,UNMATCHED,NONE,False
PIA,True,True,UNMATCHED,NONE,False
PIC,True,True,UNMATCHED,NONE,False
PIGT,True,True,UNMATCHED,NONE,False
PIH,True,True,UNMATCHED,NONE,False
PIL,True,True,UNMATCHED,NONE,False
PIO,True,True,UNMATCHED,NONE,False
PIP,True,True,UNMATCHED,NONE,False
PIRO,True,True,UNMATCHED,NONE,False
PIS,True,True,UNMATCHED,NONE,False
PIT,True,True,UNMATCHED,NONE,False
PIZ,True,True,UNMATCHED,NONE,False
PJ,True,True,UNMATCHED,NONE,False
PJA,True,True,UNMATCHED,NONE,False
PJB,True,True,UNMATCHED,NONE,False
PJGM,True,True,UNMATCHED,NONE,False
PJH,True,True,UNMATCHED,NONE,False
PJK,True,True,UNMATCHED,NONE,False
PJLE,True,True,UNMATCHED,NONE,False
PJN,True,True,UNMATCHED,NONE,False
PJP,True,True,UNMATCHED,NONE,False
PJPR,True,True,UNMATCHED,NONE,False
PJPT,True,True,UNMATCHED,NONE,False
PJR,True,True,UNMATCHED,NONE,False
PJY,True,True,UNMATCHED,NONE,False
PK,True,True,UNMATCHED,NONE,False
PKA,True,True,UNMATCHED,NONE,False
PKB,True,True,UNMATCHED,NONE,False
PKBS,True,True,UNMATCHED,NONE,False
PKC,True,True,UNMATCHED,NONE,False
PKD,True,True,UNMATCHED,NONE,False
PKDE,True,True,UNMATCHED,NONE,False
PKE,True,True,UNMATCHED,NONE,False
PKF,True,True,UNMATCHED,NONE,False
PKGM,True,True,UNMATCHED,NONE,False
PKJN,True,True,UNMATCHED,NONE,False
PKK,True,True,UNMATCHED,NONE,False
PKL,True,True,UNMATCHED,NONE,False
PKNA,True,True,UNMATCHED,NONE,False
PKNS,True,True,UNMATCHED,NONE,False
PKO,True,True,UNMATCHED,NONE,False
PKPU,True,True,UNMATCHED,NONE,False
PKQ,True,True,UNMATCHED,NONE,False
PKR,True,True,UNMATCHED,NONE,False
PKRA,True,True,UNMATCHED,NONE,False
PKRD,True,True,UNMATCHED,NONE,False
PKRH,True,True,UNMATCHED,NONE,False
PKU,True,True,UNMATCHED,NONE,False
PKW,True,True,UNMATCHED,NONE,False
PKX,True,True,UNMATCHED,NONE,False
PKY,True,True,UNMATCHED,NONE,False
PKZ,True,True,UNMATCHED,NONE,False
PLA,True,True,UNMATCHED,NONE,False
PLAE,True,True,UNMATCHED,NONE,False
PLCJ,True,True,UNMATCHED,NONE,False
PLD,True,True,UNMATCHED,NONE,False
PLE,True,True,UNMATCHED,NONE,False
PLF,True,True,UNMATCHED,NONE,False
PLG,True,True,UNMATCHED,NONE,False
PLGH,True,True,UNMATCHED,NONE,False
PLH,True,True,UNMATCHED,NONE,False
PLHW,True,True,UNMATCHED,NONE,False
PLI,True,True,MATCHED,HIGH,True
PLJ,True,True,UNMATCHED,NONE,False
PLJE,True,True,UNMATCHED,NONE,False
PLK,True,True,UNMATCHED,NONE,False
PLL,True,True,UNMATCHED,NONE,False
PLM,True,True,UNMATCHED,NONE,False
PLMD,True,True,UNMATCHED,NONE,False
PLMG,True,True,MATCHED,HIGH,True
PLMX,True,True,UNMATCHED,NONE,False
PLNI,True,True,MATCHED,MEDIUM,True
PLO,True,True,UNMATCHED,NONE,False
PLP,True,True,UNMATCHED,NONE,False
PLPM,True,True,UNMATCHED,NONE,False
PLS,True,True,UNMATCHED,NONE,False
PLSG,True,True,UNMATCHED,NONE,False
PLT,True,True,UNMATCHED,NONE,False
PLU,True,True,UNMATCHED,NONE,False
PLV,True,True,UNMATCHED,NONE,False
PLVA,True,True,UNMATCHED,NONE,False
PLW,True,True,UNMATCHED,NONE,False
PLWR,True,True,UNMATCHED,NONE,False
PLY,True,True,UNMATCHED,NONE,False
PM,True,True,UNMATCHED,NONE,False
PMB,True,True,MATCHED,HIGH,True
PMD,True,True,UNMATCHED,NONE,False
PMH,True,True,UNMATCHED,NONE,False
PMK,True,True,MATCHED,HIGH,True
PMKT,True,True,UNMATCHED,NONE,False
PML,True,True,MATCHED,HIGH,True
PMN,True,True,UNMATCHED,NONE,False
PMO,True,True,UNMATCHED,NONE,False
PMP,True,True,UNMATCHED,NONE,False
PMPE,True,True,UNMATCHED,NONE,False
PMPR,True,True,UNMATCHED,NONE,False
PMQ,True,True,UNMATCHED,NONE,False
PMR,True,True,UNMATCHED,NONE,False
PMS,True,True,UNMATCHED,NONE,False
PMT,True,True,UNMATCHED,NONE,False
PMU,True,True,UNMATCHED,NONE,False
PMY,True,True,UNMATCHED,NONE,False
PN,True,True,UNMATCHED,NONE,False
PNB,True,True,UNMATCHED,NONE,False
PNBE,True,True,UNMATCHED,NONE,False
PNC,True,True,UNMATCHED,NONE,False
PNCB,True,True,UNMATCHED,NONE,False
PND,True,True,UNMATCHED,NONE,False
PNDM,True,True,MATCHED,HIGH,True
PNDP,True,True,MATCHED,MEDIUM,True
PNDR,True,True,UNMATCHED,NONE,False
PNE,True,True,UNMATCHED,NONE,False
PNF,True,True,UNMATCHED,NONE,False
PNGI,True,True,MATCHED,HIGH,True
PNGM,True,True,UNMATCHED,NONE,False
PNGR,True,True,UNMATCHED,NONE,False
PNHI,True,True,UNMATCHED,NONE,False
PNHR,True,True,UNMATCHED,NONE,False
PNI,True,True,UNMATCHED,NONE,False
PNK,True,True,UNMATCHED,NONE,False
PNM,True,True,UNMATCHED,NONE,False
PNME,True,True,UNMATCHED,NONE,False
PNP,True,True,UNMATCHED,NONE,False
PNPL,True,True,UNMATCHED,NONE,False
PNPN,True,True,UNMATCHED,NONE,False
PNPR,True,True,UNMATCHED,NONE,False
PNQ,True,True,UNMATCHED,NONE,False
PNRA,True,True,UNMATCHED,NONE,False
PNSA,True,True,UNMATCHED,NONE,False
PNSD,True,True,UNMATCHED,NONE,False
PNT,True,True,UNMATCHED,NONE,False
PNU,True,True,UNMATCHED,NONE,False
PNUG,True,True,UNMATCHED,NONE,False
PNV,True,True,UNMATCHED,NONE,False
PNVL,True,True,UNMATCHED,NONE,False
PNVT,True,True,UNMATCHED,NONE,False
PNW,True,True,UNMATCHED,NONE,False
PNWN,True,True,UNMATCHED,NONE,False
PNYA,True,True,UNMATCHED,NONE,False
PO,True,True,MATCHED,HIGH,True
POA,True,True,UNMATCHED,NONE,False
POE,True,True,UNMATCHED,NONE,False
POF,True,True,UNMATCHED,NONE,False
POI,True,True,UNMATCHED,NONE,False
POK,True,True,UNMATCHED,NONE,False
POKL,True,True,UNMATCHED,NONE,False
POM,True,True,UNMATCHED,NONE,False
PON,True,True,UNMATCHED,NONE,False
POO,True,True,UNMATCHED,NONE,False
POR,True,True,UNMATCHED,NONE,False
PORA,True,True,UNMATCHED,NONE,False
POT,True,True,UNMATCHED,NONE,False
POU,True,True,UNMATCHED,NONE,False
POX,True,True,UNMATCHED,NONE,False
POY,True,True,UNMATCHED,NONE,False
POZ,True,True,UNMATCHED,NONE,False
PP,True,True,UNMATCHED,NONE,False
PPA,True,True,UNMATCHED,NONE,False
PPB,True,True,UNMATCHED,NONE,False
PPC,True,True,UNMATCHED,NONE,False
PPCK,True,True,UNMATCHED,NONE,False
PPD,True,True,UNMATCHED,NONE,False
PPDA,True,True,UNMATCHED,NONE,False
PPDE,True,True,UNMATCHED,NONE,False
PPDI,True,True,UNMATCHED,NONE,False
PPE,True,True,UNMATCHED,NONE,False
PPEA,True,True,UNMATCHED,NONE,False
PPF,True,True,UNMATCHED,NONE,False
PPG,True,True,UNMATCHED,NONE,False
PPGT,True,True,UNMATCHED,NONE,False
PPH,True,True,UNMATCHED,NONE,False
PPI,True,True,UNMATCHED,NONE,False
PPJ,True,True,UNMATCHED,NONE,False
PPKD,True,True,UNMATCHED,NONE,False
PPLC,True,True,UNMATCHED,NONE,False
PPLI,True,True,UNMATCHED,NONE,False
PPM,True,True,UNMATCHED,NONE,False
PPN,True,True,UNMATCHED,NONE,False
PPNS,True,True,UNMATCHED,NONE,False
PPO,True,True,UNMATCHED,NONE,False
PPR,True,True,UNMATCHED,NONE,False
PPRH,True,True,UNMATCHED,NONE,False
PPS,True,True,UNMATCHED,NONE,False
PPT,True,True,UNMATCHED,NONE,False
PPTA,True,True,UNMATCHED,NONE,False
PPTN,True,True,UNMATCHED,NONE,False
PPTR,True,True,MATCHED,MEDIUM,True
PPU,True,True,UNMATCHED,NONE,False
PPW,True,True,UNMATCHED,NONE,False
PPY,True,True,UNMATCHED,NONE,False
PPZ,True,True,UNMATCHED,NONE,False
PQD,True,True,UNMATCHED,NONE,False
PQH,True,True,UNMATCHED,NONE,False
PQL,True,True,UNMATCHED,NONE,False
PQN,True,True,UNMATCHED,NONE,False
PQS,True,True,UNMATCHED,NONE,False
PQT,True,True,UNMATCHED,NONE,False
PQU,True,True,UNMATCHED,NONE,False
PQY,True,True,UNMATCHED,NONE,False
PQZ,True,True,UNMATCHED,NONE,False
PR,True,True,UNMATCHED,NONE,False
PRAE,True,True,UNMATCHED,NONE,False
PRAR,True,True,UNMATCHED,NONE,False
PRB,True,True,UNMATCHED,NONE,False
PRBG,True,True,UNMATCHED,NONE,False
PRBZ,True,True,UNMATCHED,NONE,False
PRCA,True,True,UNMATCHED,NONE,False
PRDG,True,True,UNMATCHED,NONE,False
PRDL,True,True,UNMATCHED,NONE,False
PRDP,True,True,UNMATCHED,NONE,False
PRDT,True,True,UNMATCHED,NONE,False
PRE,True,True,UNMATCHED,NONE,False
PRES,True,True,MATCHED,HIGH,True
PRF,True,True,UNMATCHED,NONE,False
PRG,True,True,UNMATCHED,NONE,False
PRGA,True,True,UNMATCHED,NONE,False
PRGR,True,True,UNMATCHED,NONE,False
PRH,True,True,UNMATCHED,NONE,False
PRI,True,True,UNMATCHED,NONE,False
PRK,True,True,UNMATCHED,NONE,False
PRKD,True,True,UNMATCHED,NONE,False
PRKE,True,True,UNMATCHED,NONE,False
PRKH,True,True,UNMATCHED,NONE,False
PRKL,True,True,MATCHED,HIGH,True
PRL,True,True,MATCHED,HIGH,True
PRLI,True,True,UNMATCHED,NONE,False
PRM,True,True,UNMATCHED,NONE,False
PRN,True,True,UNMATCHED,NONE,False
PRNA,True,True,UNMATCHED,NONE,False
PRNC,True,True,UNMATCHED,NONE,False
PRND,True,True,UNMATCHED,NONE,False
PRNG,True,True,UNMATCHED,NONE,False
PRNR,True,True,UNMATCHED,NONE,False
PRNT,True,True,UNMATCHED,NONE,False
PRP,True,True,UNMATCHED,NONE,False
PRPM,True,True,UNMATCHED,NONE,False
PRR,True,True,UNMATCHED,NONE,False
PRSL,True,True,UNMATCHED,NONE,False
PRSP,True,True,UNMATCHED,NONE,False
PRSR,True,True,UNMATCHED,NONE,False
PRT,True,True,MATCHED,HIGH,True
PRTL,True,True,UNMATCHED,NONE,False
PRTN,True,True,UNMATCHED,NONE,False
PRTP,True,True,UNMATCHED,NONE,False
PRTR,True,True,UNMATCHED,NONE,False
PRU,True,True,UNMATCHED,NONE,False
PRUR,True,True,UNMATCHED,NONE,False
PRV,True,True,MATCHED,HIGH,True
PRWA,True,True,UNMATCHED,NONE,False
PRWD,True,True,UNMATCHED,NONE,False
PRWS,True,True,UNMATCHED,NONE,False
PRY,True,True,UNMATCHED,NONE,False
PRZ,True,True,UNMATCHED,NONE,False
PS,True,True,UNMATCHED,NONE,False
PSA,True,True,UNMATCHED,NONE,False
PSAE,True,True,UNMATCHED,NONE,False
PSB,True,True,UNMATCHED,NONE,False
PSD,True,True,UNMATCHED,NONE,False
PSDA,True,True,UNMATCHED,NONE,False
PSE,True,True,UNMATCHED,NONE,False
PSF,True,True,UNMATCHED,NONE,False
PSJ,True,True,UNMATCHED,NONE,False
PSL,True,True,UNMATCHED,NONE,False
PSLI,True,True,UNMATCHED,NONE,False
PSLP,True,True,UNMATCHED,NONE,False
PSN,True,True,UNMATCHED,NONE,False
PSO,True,True,UNMATCHED,NONE,False
PSPY,True,True,UNMATCHED,NONE,False
PSR,True,True,UNMATCHED,NONE,False
PST,True,True,UNMATCHED,NONE,False
PSV,True,True,UNMATCHED,NONE,False
PSZ,True,True,UNMATCHED,NONE,False
PT,True,True,UNMATCHED,NONE,False
PTA,True,True,UNMATCHED,NONE,False
PTAB,True,True,UNMATCHED,NONE,False
PTAE,True,True,UNMATCHED,NONE,False
PTB,True,True,UNMATCHED,NONE,False
PTD,True,True,UNMATCHED,NONE,False
PTE,True,True,UNMATCHED,NONE,False
PTF,True,True,UNMATCHED,NONE,False
PTG,True,True,UNMATCHED,NONE,False
PTH,True,True,UNMATCHED,NONE,False
PTHD,True,True,UNMATCHED,NONE,False
PTHL,True,True,UNMATCHED,NONE,False
PTI,True,True,UNMATCHED,NONE,False
PTJ,True,True,UNMATCHED,NONE,False
PTK,True,True,UNMATCHED,NONE,False
PTKC,True,True,UNMATCHED,NONE,False
PTKD,True,True,UNMATCHED,NONE,False
PTKP,True,True,UNMATCHED,NONE,False
PTKR,True,True,UNMATCHED,NONE,False
PTLD,True,True,UNMATCHED,NONE,False
PTLI,True,True,UNMATCHED,NONE,False
PTLR,True,True,UNMATCHED,NONE,False
PTMS,True,True,MATCHED,HIGH,True
PTN,True,True,UNMATCHED,NONE,False
PTNR,True,True,UNMATCHED,NONE,False
PTP,True,True,UNMATCHED,NONE,False
PTPL,True,True,UNMATCHED,NONE,False
PTPR,True,True,UNMATCHED,NONE,False
PTRD,True,True,UNMATCHED,NONE,False
PTRE,True,True,UNMATCHED,NONE,False
PTRJ,True,True,UNMATCHED,NONE,False
PTRL,True,True,UNMATCHED,NONE,False
PTRU,True,True,UNMATCHED,NONE,False
PTSC,True,True,UNMATCHED,NONE,False
PTT,True,True,UNMATCHED,NONE,False
PTTN,True,True,MATCHED,MEDIUM,True
PTU,True,True,UNMATCHED,NONE,False
PTWA,True,True,UNMATCHED,NONE,False
PTYR,True,True,UNMATCHED,NONE,False
PU,True,True,MATCHED,HIGH,True
PUA,True,True,MATCHED,MEDIUM,True
PUC,True,True,UNMATCHED,NONE,False
PUD,True,True,UNMATCHED,NONE,False
PUDI,True,True,UNMATCHED,NONE,False
PUF,True,True,UNMATCHED,NONE,False
PUG,True,True,MATCHED,HIGH,True
PUHT,True,True,UNMATCHED,NONE,False
PUK,True,True,UNMATCHED,NONE,False
PUL,True,True,UNMATCHED,NONE,False
PUM,True,True,UNMATCHED,NONE,False
PUMU,True,True,UNMATCHED,NONE,False
PUN,True,True,MATCHED,MEDIUM,True
PUNE,True,True,UNMATCHED,NONE,False
PUO,True,True,UNMATCHED,NONE,False
PUQ,True,True,UNMATCHED,NONE,False
PURI,True,True,MATCHED,MEDIUM,True
PUS,True,True,UNMATCHED,NONE,False
PUSA,True,True,UNMATCHED,NONE,False
PUT,True,True,MATCHED,MEDIUM,True
PUU,True,True,UNMATCHED,NONE,False
PUW,True,True,UNMATCHED,NONE,False
PUWA,True,True,UNMATCHED,NONE,False
PUX,True,True,UNMATCHED,NONE,False
PUY,True,True,UNMATCHED,NONE,False
PV,True,True,MATCHED,HIGH,True
PVD,True,True,UNMATCHED,NONE,False
PVL,True,True,MATCHED,HIGH,True
PVM,True,True,MATCHED,HIGH,True
PVN,True,True,MATCHED,HIGH,True
PVP,True,True,UNMATCHED,NONE,False
PVPT,True,True,UNMATCHED,NONE,False
PVR,True,True,UNMATCHED,NONE,False
PVRD,True,True,UNMATCHED,NONE,False
PVU,True,True,UNMATCHED,NONE,False
PVZ,True,True,UNMATCHED,NONE,False
PW,True,True,UNMATCHED,NONE,False
PWBN,True,True,UNMATCHED,NONE,False
PWK,True,True,UNMATCHED,NONE,False
PWL,True,True,UNMATCHED,NONE,False
PWS,True,True,UNMATCHED,NONE,False
PWU,True,True,UNMATCHED,NONE,False
PXR,True,True,UNMATCHED,NONE,False
PY,True,True,UNMATCHED,NONE,False
PYA,True,True,UNMATCHED,NONE,False
PYD,True,True,UNMATCHED,NONE,False
PYI,True,True,UNMATCHED,NONE,False
PYLA,True,True,UNMATCHED,NONE,False
PYOL,True,True,UNMATCHED,NONE,False
PYV,True,True,MATCHED,HIGH,True
PYX,True,True,UNMATCHED,NONE,False
PZA,True,True,MATCHED,HIGH,True
QDN,True,True,UNMATCHED,NONE,False
QG,True,True,UNMATCHED,NONE,False
QLD,True,True,UNMATCHED,NONE,False
QLM,True,True,UNMATCHED,NONE,False
QLN,True,True,UNMATCHED,NONE,False
QMRS,True,True,UNMATCHED,NONE,False
QRP,True,True,UNMATCHED,NONE,False
QSR,True,True,UNMATCHED,NONE,False
QTP,True,True,UNMATCHED,NONE,False
QXR,True,True,UNMATCHED,NONE,False
R,True,True,UNMATCHED,NONE,False
RA,True,True,UNMATCHED,NONE,False
RAA,True,True,UNMATCHED,NONE,False
RAG,True,True,UNMATCHED,NONE,False
RAGM,True,True,UNMATCHED,NONE,False
RAH,True,True,UNMATCHED,NONE,False
RAHA,True,True,UNMATCHED,NONE,False
RAI,True,True,UNMATCHED,NONE,False
RAIR,True,True,UNMATCHED,NONE,False
RAJ,True,True,UNMATCHED,NONE,False
RAJP,True,True,UNMATCHED,NONE,False
RAK,True,True,UNMATCHED,NONE,False
RAKL,True,True,UNMATCHED,NONE,False
RAL,True,True,UNMATCHED,NONE,False
RAM,True,True,MATCHED,HIGH,True
RAMA,True,True,UNMATCHED,NONE,False
RAMR,True,True,UNMATCHED,NONE,False
RANI,True,True,MATCHED,MEDIUM,True
RAPU,True,True,UNMATCHED,NONE,False
RASP,True,True,MATCHED,HIGH,True
RAU,True,True,UNMATCHED,NONE,False
RAY,True,True,UNMATCHED,NONE,False
RAYA,True,True,MATCHED,MEDIUM,True
RBA,True,True,UNMATCHED,NONE,False
RBCS,True,True,UNMATCHED,NONE,False
RBD,True,True,UNMATCHED,NONE,False
RBG,True,True,UNMATCHED,NONE,False
RBGJ,True,True,UNMATCHED,NONE,False
RBH,True,True,UNMATCHED,NONE,False
RBHR,True,True,UNMATCHED,NONE,False
RBHT,True,True,UNMATCHED,NONE,False
RBJ,True,True,UNMATCHED,NONE,False
RBK,True,True,UNMATCHED,NONE,False
RBL,True,True,UNMATCHED,NONE,False
RBR,True,True,UNMATCHED,NONE,False
RBS,True,True,UNMATCHED,NONE,False
RBZ,True,True,UNMATCHED,NONE,False
RC,True,True,UNMATCHED,NONE,False
RCA,True,True,UNMATCHED,NONE,False
RCD,True,True,UNMATCHED,NONE,False
RCF,True,True,UNMATCHED,NONE,False
RCG,True,True,UNMATCHED,NONE,False
RCGT,True,True,UNMATCHED,NONE,False
RCJ,True,True,UNMATCHED,NONE,False
RCP,True,True,UNMATCHED,NONE,False
RCR,True,True,UNMATCHED,NONE,False
RCRA,True,True,UNMATCHED,NONE,False
RCTC,True,True,UNMATCHED,NONE,False
RD,True,True,UNMATCHED,NONE,False
RDDE,True,True,UNMATCHED,NONE,False
RDE,True,True,UNMATCHED,NONE,False
RDF,True,True,UNMATCHED,NONE,False
RDG,True,True,UNMATCHED,NONE,False
RDHP,True,True,UNMATCHED,NONE,False
RDI,True,True,UNMATCHED,NONE,False
RDK,True,True,UNMATCHED,NONE,False
RDL,True,True,UNMATCHED,NONE,False
RDM,True,True,UNMATCHED,NONE,False
RDN,True,True,UNMATCHED,NONE,False
RDP,True,True,UNMATCHED,NONE,False
RDRA,True,True,UNMATCHED,NONE,False
RDS,True,True,UNMATCHED,NONE,False
RDT,True,True,UNMATCHED,NONE,False
RDU,True,True,UNMATCHED,NONE,False
RDUM,True,True,UNMATCHED,NONE,False
RDV,True,True,UNMATCHED,NONE,False
RDY,True,True,UNMATCHED,NONE,False
RE,True,True,UNMATCHED,NONE,False
RECH,True,True,UNMATCHED,NONE,False
REG,True,True,UNMATCHED,NONE,False
REI,True,True,UNMATCHED,NONE,False
REJ,True,True,UNMATCHED,NONE,False
REM,True,True,UNMATCHED,NONE,False
REMA,True,True,UNMATCHED,NONE,False
REN,True,True,UNMATCHED,NONE,False
RES,True,True,UNMATCHED,NONE,False
RET,True,True,UNMATCHED,NONE,False
REWA,True,True,UNMATCHED,NONE,False
RF,True,True,UNMATCHED,NONE,False
RFJ,True,True,UNMATCHED,NONE,False
RFR,True,True,UNMATCHED,NONE,False
RG,True,True,UNMATCHED,NONE,False
RGA,True,True,UNMATCHED,NONE,False
RGB,True,True,UNMATCHED,NONE,False
RGD,True,True,UNMATCHED,NONE,False
RGDA,True,True,UNMATCHED,NONE,False
RGG,True,True,UNMATCHED,NONE,False
RGH,True,True,UNMATCHED,NONE,False
RGI,True,True,UNMATCHED,NONE,False
RGJ,True,True,UNMATCHED,NONE,False
RGJI,True,True,UNMATCHED,NONE,False
RGL,True,True,UNMATCHED,NONE,False
RGLI,True,True,UNMATCHED,NONE,False
RGM,True,True,UNMATCHED,NONE,False
RGNH,True,True,UNMATCHED,NONE,False
RGO,True,True,UNMATCHED,NONE,False
RGP,True,True,UNMATCHED,NONE,False
RGPM,True,True,UNMATCHED,NONE,False
RGS,True,True,UNMATCHED,NONE,False
RGT,True,True,UNMATCHED,NONE,False
RGU,True,True,UNMATCHED,NONE,False
RGX,True,True,UNMATCHED,NONE,False
RHA,True,True,UNMATCHED,NONE,False
RHE,True,True,UNMATCHED,NONE,False
RHG,True,True,UNMATCHED,NONE,False
RHI,True,True,UNMATCHED,NONE,False
RHMA,True,True,UNMATCHED,NONE,False
RHN,True,True,UNMATCHED,NONE,False
RHR,True,True,UNMATCHED,NONE,False
RHW,True,True,UNMATCHED,NONE,False
RIG,True,True,UNMATCHED,NONE,False
RIGA,True,True,UNMATCHED,NONE,False
RIKA,True,True,UNMATCHED,NONE,False
RIKD,True,True,UNMATCHED,NONE,False
RIM,True,True,UNMATCHED,NONE,False
RIS,True,True,UNMATCHED,NONE,False
RJ,True,True,UNMATCHED,NONE,False
RJA,True,True,UNMATCHED,NONE,False
RJAK,True,True,UNMATCHED,NONE,False
RJAP,True,True,UNMATCHED,NONE,False
RJB,True,True,UNMATCHED,NONE,False
RJD,True,True,UNMATCHED,NONE,False
RJG,True,True,UNMATCHED,NONE,False
RJGR,True,True,UNMATCHED,NONE,False
RJI,True,True,UNMATCHED,NONE,False
RJK,True,True,UNMATCHED,NONE,False
RJL,True,True,UNMATCHED,NONE,False
RJLK,True,True,UNMATCHED,NONE,False
RJMP,True,True,UNMATCHED,NONE,False
RJN,True,True,UNMATCHED,NONE,False
RJO,True,True,UNMATCHED,NONE,False
RJP,True,True,UNMATCHED,NONE,False
RJPB,True,True,UNMATCHED,NONE,False
RJPM,True,True,UNMATCHED,NONE,False
RJQ,True,True,UNMATCHED,NONE,False
RJR,True,True,UNMATCHED,NONE,False
RJS,True,True,UNMATCHED,NONE,False
RJT,True,True,UNMATCHED,NONE,False
RJU,True,True,UNMATCHED,NONE,False
RJW,True,True,UNMATCHED,NONE,False
RJY,True,True,UNMATCHED,NONE,False
RK,True,True,UNMATCHED,NONE,False
RKB,True,True,UNMATCHED,NONE,False
RKD,True,True,UNMATCHED,NONE,False
RKI,True,True,UNMATCHED,NONE,False
RKJE,True,True,UNMATCHED,NONE,False
RKK,True,True,UNMATCHED,NONE,False
RKL,True,True,UNMATCHED,NONE,False
RKM,True,True,UNMATCHED,NONE,False
RKN,True,True,UNMATCHED,NONE,False
RKO,True,True,UNMATCHED,NONE,False
RKS,True,True,UNMATCHED,NONE,False
RKSH,True,True,UNMATCHED,NONE,False
RKSN,True,True,UNMATCHED,NONE,False
RKX,True,True,UNMATCHED,NONE,False
RKY,True,True,UNMATCHED,NONE,False
RKZ,True,True,UNMATCHED,NONE,False
RLA,True,True,UNMATCHED,NONE,False
RLG,True,True,UNMATCHED,NONE,False
RLK,True,True,UNMATCHED,NONE,False
RLL,True,True,UNMATCHED,NONE,False
RLO,True,True,UNMATCHED,NONE,False
RLP,True,True,UNMATCHED,NONE,False
RLR,True,True,UNMATCHED,NONE,False
RLS,True,True,UNMATCHED,NONE,False
RLX,True,True,UNMATCHED,NONE,False
RM,True,True,UNMATCHED,NONE,False
RMA,True,True,UNMATCHED,NONE,False
RMB,True,True,UNMATCHED,NONE,False
RMBG,True,True,UNMATCHED,NONE,False
RMC,True,True,UNMATCHED,NONE,False
RMD,True,True,MATCHED,HIGH,True
RMF,True,True,UNMATCHED,NONE,False
RMGJ,True,True,UNMATCHED,NONE,False
RMGM,True,True,UNMATCHED,NONE,False
RMH,True,True,UNMATCHED,NONE,False
RMJ,True,True,UNMATCHED,NONE,False
RMJK,True,True,UNMATCHED,NONE,False
RML,True,True,UNMATCHED,NONE,False
RMM,True,True,MATCHED,HIGH,True
RMN,True,True,MATCHED,MEDIUM,True
RMNP,True,True,UNMATCHED,NONE,False
RMNR,True,True,UNMATCHED,NONE,False
RMP,True,True,UNMATCHED,NONE,False
RMPB,True,True,UNMATCHED,NONE,False
RMPH,True,True,UNMATCHED,NONE,False
RMPR,True,True,UNMATCHED,NONE,False
RMR,True,True,UNMATCHED,NONE,False
RMRB,True,True,UNMATCHED,NONE,False
RMSR,True,True,UNMATCHED,NONE,False
RMT,True,True,UNMATCHED,NONE,False
RMTR,True,True,UNMATCHED,NONE,False
RMU,True,True,UNMATCHED,NONE,False
RMV,True,True,UNMATCHED,NONE,False
RMW,True,True,UNMATCHED,NONE,False
RMX,True,True,UNMATCHED,NONE,False
RMY,True,True,UNMATCHED,NONE,False
RMZ,True,True,UNMATCHED,NONE,False
RN,True,True,UNMATCHED,NONE,False
RNA,True,True,UNMATCHED,NONE,False
RNB,True,True,UNMATCHED,NONE,False
RNBD,True,True,UNMATCHED,NONE,False
RNBT,True,True,UNMATCHED,NONE,False
RNC,True,True,UNMATCHED,NONE,False
RNE,True,True,UNMATCHED,NONE,False
RNG,True,True,UNMATCHED,NONE,False
RNGG,True,True,UNMATCHED,NONE,False
RNGN,True,True,UNMATCHED,NONE,False
RNGR,True,True,UNMATCHED,NONE,False
RNH,True,True,UNMATCHED,NONE,False
RNI,True,True,UNMATCHED,NONE,False
RNJ,True,True,UNMATCHED,NONE,False
RNJD,True,True,UNMATCHED,NONE,False
RNKA,True,True,UNMATCHED,NONE,False
RNL,True,True,UNMATCHED,NONE,False
RNN,True,True,UNMATCHED,NONE,False
RNO,True,True,UNMATCHED,NONE,False
RNPR,True,True,UNMATCHED,NONE,False
RNQ,True,True,UNMATCHED,NONE,False
RNR,True,True,UNMATCHED,NONE,False
RNRD,True,True,UNMATCHED,NONE,False
RNT,True,True,UNMATCHED,NONE,False
RNTL,True,True,UNMATCHED,NONE,False
RNV,True,True,UNMATCHED,NONE,False
RNW,True,True,UNMATCHED,NONE,False
RNX,True,True,UNMATCHED,NONE,False
RNY,True,True,UNMATCHED,NONE,False
ROA,True,True,UNMATCHED,NONE,False
ROB,True,True,UNMATCHED,NONE,False
ROHA,True,True,UNMATCHED,NONE,False
ROHN,True,True,UNMATCHED,NONE,False
ROI,True,True,UNMATCHED,NONE,False
ROK,True,True,UNMATCHED,NONE,False
ROL,True,True,UNMATCHED,NONE,False
ROP,True,True,UNMATCHED,NONE,False
RORA,True,True,UNMATCHED,NONE,False
ROS,True,True,UNMATCHED,NONE,False
ROU,True,True,UNMATCHED,NONE,False
ROZA,True,True,UNMATCHED,NONE,False
RPAN,True,True,UNMATCHED,NONE,False
RPAR,True,True,UNMATCHED,NONE,False
RPB,True,True,UNMATCHED,NONE,False
RPD,True,True,UNMATCHED,NONE,False
RPGU,True,True,UNMATCHED,NONE,False
RPH,True,True,UNMATCHED,NONE,False
RPHR,True,True,UNMATCHED,NONE,False
RPI,True,True,UNMATCHED,NONE,False
RPJ,True,True,UNMATCHED,NONE,False
RPK,True,True,UNMATCHED,NONE,False
RPL,True,True,UNMATCHED,NONE,False
RPM,True,True,MATCHED,HIGH,True
RPMN,True,True,UNMATCHED,NONE,False
RPO,True,True,UNMATCHED,NONE,False
RPR,True,True,UNMATCHED,NONE,False
RPRD,True,True,UNMATCHED,NONE,False
RPRL,True,True,UNMATCHED,NONE,False
RPSC,True,True,UNMATCHED,NONE,False
RPUR,True,True,UNMATCHED,NONE,False
RPV,True,True,UNMATCHED,NONE,False
RPY,True,True,UNMATCHED,NONE,False
RPZ,True,True,UNMATCHED,NONE,False
RQJ,True,True,UNMATCHED,NONE,False
RQP,True,True,UNMATCHED,NONE,False
RR,True,True,UNMATCHED,NONE,False
RRB,True,True,UNMATCHED,NONE,False
RRGA,True,True,UNMATCHED,NONE,False
RRI,True,True,UNMATCHED,NONE,False
RRJ,True,True,UNMATCHED,NONE,False
RRL,True,True,UNMATCHED,NONE,False
RRME,True,True,UNMATCHED,NONE,False
RRP,True,True,UNMATCHED,NONE,False
RRS,True,True,UNMATCHED,NONE,False
RRU,True,True,UNMATCHED,NONE,False
RRW,True,True,UNMATCHED,NONE,False
RS,True,True,UNMATCHED,NONE,False
RSA,True,True,UNMATCHED,NONE,False
RSG,True,True,UNMATCHED,NONE,False
RSH,True,True,UNMATCHED,NONE,False
RSI,True,True,UNMATCHED,NONE,False
RSJ,True,True,UNMATCHED,NONE,False
RSKA,True,True,UNMATCHED,NONE,False
RSLR,True,True,UNMATCHED,NONE,False
RSM,True,True,UNMATCHED,NONE,False
RSMN,True,True,UNMATCHED,NONE,False
RSNR,True,True,UNMATCHED,NONE,False
RSR,True,True,UNMATCHED,NONE,False
RSWN,True,True,UNMATCHED,NONE,False
RSWT,True,True,UNMATCHED,NONE,False
RSYI,True,True,UNMATCHED,NONE,False
RT,True,True,UNMATCHED,NONE,False
RTA,True,True,UNMATCHED,NONE,False
RTB,True,True,UNMATCHED,NONE,False
RTBR,True,True,UNMATCHED,NONE,False
RTG,True,True,UNMATCHED,NONE,False
RTGH,True,True,UNMATCHED,NONE,False
RTGN,True,True,UNMATCHED,NONE,False
RTI,True,True,UNMATCHED,NONE,False
RTJ,True,True,UNMATCHED,NONE,False
RTK,True,True,UNMATCHED,NONE,False
RTM,True,True,UNMATCHED,NONE,False
RTN,True,True,UNMATCHED,NONE,False
RTP,True,True,UNMATCHED,NONE,False
RTR,True,True,UNMATCHED,NONE,False
RTRA,True,True,UNMATCHED,NONE,False
RTU,True,True,UNMATCHED,NONE,False
RTWS,True,True,UNMATCHED,NONE,False
RTZ,True,True,UNMATCHED,NONE,False
RU,True,True,UNMATCHED,NONE,False
RUB,True,True,UNMATCHED,NONE,False
RUG,True,True,UNMATCHED,NONE,False
RUI,True,True,UNMATCHED,NONE,False
RUJ,True,True,UNMATCHED,NONE,False
RUL,True,True,UNMATCHED,NONE,False
RUM,True,True,UNMATCHED,NONE,False
RUP,True,True,UNMATCHED,NONE,False
RUPC,True,True,UNMATCHED,NONE,False
RUR,True,True,UNMATCHED,NONE,False
RURA,True,True,UNMATCHED,NONE,False
RUSD,True,True,UNMATCHED,NONE,False
RUT,True,True,UNMATCHED,NONE,False
RV,True,True,UNMATCHED,NONE,False
RVD,True,True,UNMATCHED,NONE,False
RVG,True,True,UNMATCHED,NONE,False
RVH,True,True,UNMATCHED,NONE,False
RVJ,True,True,UNMATCHED,NONE,False
RVK,True,True,UNMATCHED,NONE,False
RVKH,True,True,UNMATCHED,NONE,False
RVN,True,True,UNMATCHED,NONE,False
RVS,True,True,UNMATCHED,NONE,False
RWA,True,True,UNMATCHED,NONE,False
RWH,True,True,UNMATCHED,NONE,False
RWJ,True,True,UNMATCHED,NONE,False
RWL,True,True,UNMATCHED,NONE,False
RWO,True,True,UNMATCHED,NONE,False
RWTB,True,True,UNMATCHED,NONE,False
RXL,True,True,UNMATCHED,NONE,False
RXM,True,True,UNMATCHED,NONE,False
RXN,True,True,UNMATCHED,NONE,False
RXR,True,True,UNMATCHED,NONE,False
RXRX,True,True,UNMATCHED,NONE,False
RY,True,True,UNMATCHED,NONE,False
RYC,True,True,MATCHED,HIGH,True
RYP,True,True,UNMATCHED,NONE,False
RYS,True,True,UNMATCHED,NONE,False
RYT,True,True,UNMATCHED,NONE,False
RZN,True,True,UNMATCHED,NONE,False
S,True,True,UNMATCHED,NONE,False
SA,True,True,MATCHED,HIGH,True
SAA,True,True,UNMATCHED,NONE,False
SAB,True,True,UNMATCHED,NONE,False
SAC,True,True,UNMATCHED,NONE,False
SAD,True,True,UNMATCHED,NONE,False
SADP,True,True,UNMATCHED,NONE,False
SAF,True,True,UNMATCHED,NONE,False
SAG,True,True,UNMATCHED,NONE,False
SAGM,True,True,UNMATCHED,NONE,False
SAGR,True,True,UNMATCHED,NONE,False
SAH,True,True,UNMATCHED,NONE,False
SAHA,True,True,UNMATCHED,NONE,False
SAHI,True,True,UNMATCHED,NONE,False
SAHL,True,True,UNMATCHED,NONE,False
SAHR,True,True,UNMATCHED,NONE,False
SAI,True,True,UNMATCHED,NONE,False
SAJH,True,True,UNMATCHED,NONE,False
SAK,True,True,UNMATCHED,NONE,False
SAKD,True,True,UNMATCHED,NONE,False
SAL,True,True,MATCHED,HIGH,True
SALE,True,True,UNMATCHED,NONE,False
SALI,True,True,UNMATCHED,NONE,False
SALR,True,True,UNMATCHED,NONE,False
SAMN,True,True,UNMATCHED,NONE,False
SAMT,True,True,MATCHED,HIGH,True
SAN,True,True,MATCHED,HIGH,True
SANH,True,True,UNMATCHED,NONE,False
SANK,True,True,UNMATCHED,NONE,False
SANR,True,True,UNMATCHED,NONE,False
SAO,True,True,UNMATCHED,NONE,False
SAP,True,True,MATCHED,HIGH,True
SAPE,True,True,UNMATCHED,NONE,False
SAPR,True,True,UNMATCHED,NONE,False
SAPT,True,True,UNMATCHED,NONE,False
SAR,True,True,MATCHED,HIGH,True
SAS,True,True,UNMATCHED,NONE,False
SASG,True,True,UNMATCHED,NONE,False
SASN,True,True,UNMATCHED,NONE,False
SAT,True,True,MATCHED,HIGH,True
SATR,True,True,UNMATCHED,NONE,False
SAU,True,True,UNMATCHED,NONE,False
SAV,True,True,UNMATCHED,NONE,False
SAW,True,True,UNMATCHED,NONE,False
SAWN,True,True,UNMATCHED,NONE,False
SAY,True,True,UNMATCHED,NONE,False
SB,True,True,UNMATCHED,NONE,False
SBB,True,True,UNMATCHED,NONE,False
SBBJ,True,True,UNMATCHED,NONE,False
SBC,True,True,UNMATCHED,NONE,False
SBD,True,True,UNMATCHED,NONE,False
SBDP,True,True,UNMATCHED,NONE,False
SBE,True,True,UNMATCHED,NONE,False
SBG,True,True,UNMATCHED,NONE,False
SBGA,True,True,UNMATCHED,NONE,False
SBGN,True,True,UNMATCHED,NONE,False
SBGR,True,True,UNMATCHED,NONE,False
SBH,True,True,UNMATCHED,NONE,False
SBHR,True,True,UNMATCHED,NONE,False
SBI,True,True,UNMATCHED,NONE,False
SBIC,True,True,UNMATCHED,NONE,False
SBJ,True,True,UNMATCHED,NONE,False
SBK,True,True,UNMATCHED,NONE,False
SBL,True,True,UNMATCHED,NONE,False
SBLJ,True,True,UNMATCHED,NONE,False
SBLT,True,True,UNMATCHED,NONE,False
SBM,True,True,UNMATCHED,NONE,False
SBNM,True,True,UNMATCHED,NONE,False
SBNR,True,True,UNMATCHED,NONE,False
SBO,True,True,UNMATCHED,NONE,False
SBP,True,True,UNMATCHED,NONE,False
SBPD,True,True,UNMATCHED,NONE,False
SBPY,True,True,UNMATCHED,NONE,False
SBR,True,True,UNMATCHED,NONE,False
SBRA,True,True,UNMATCHED,NONE,False
SBT,True,True,UNMATCHED,NONE,False
SBV,True,True,UNMATCHED,NONE,False
SBW,True,True,UNMATCHED,NONE,False
SBZ,True,True,UNMATCHED,NONE,False
SC,True,True,UNMATCHED,NONE,False
SCA,True,True,UNMATCHED,NONE,False
SCC,True,True,MATCHED,HIGH,True
SCE,True,True,UNMATCHED,NONE,False
SCH,True,True,UNMATCHED,NONE,False
SCI,True,True,UNMATCHED,NONE,False
SCKR,True,True,UNMATCHED,NONE,False
SCL,True,True,UNMATCHED,NONE,False
SCM,True,True,MATCHED,HIGH,True
SCMN,True,True,UNMATCHED,NONE,False
SCN,True,True,UNMATCHED,NONE,False
SCO,True,True,UNMATCHED,NONE,False
SCP,True,True,UNMATCHED,NONE,False
SCPD,True,True,UNMATCHED,NONE,False
SCPR,True,True,UNMATCHED,NONE,False
SCQ,True,True,UNMATCHED,NONE,False
SCT,True,True,UNMATCHED,NONE,False
SCV,True,True,UNMATCHED,NONE,False
SCY,True,True,UNMATCHED,NONE,False
SDAH,True,True,UNMATCHED,NONE,False
SDAM,True,True,UNMATCHED,NONE,False
SDB,True,True,UNMATCHED,NONE,False
SDBH,True,True,UNMATCHED,NONE,False
SDC,True,True,UNMATCHED,NONE,False
SDD,True,True,UNMATCHED,NONE,False
SDE,True,True,UNMATCHED,NONE,False
SDF,True,True,UNMATCHED,NONE,False
SDG,True,True,UNMATCHED,NONE,False
SDGH,True,True,UNMATCHED,NONE,False
SDH,True,True,UNMATCHED,NONE,False
SDHA,True,True,UNMATCHED,NONE,False
SDHR,True,True,UNMATCHED,NONE,False
SDI,True,True,UNMATCHED,NONE,False
SDL,True,True,UNMATCHED,NONE,False
SDLE,True,True,UNMATCHED,NONE,False
SDLK,True,True,UNMATCHED,NONE,False
SDLP,True,True,UNMATCHED,NONE,False
SDM,True,True,UNMATCHED,NONE,False
SDMD,True,True,UNMATCHED,NONE,False
SDMK,True,True,UNMATCHED,NONE,False
SDN,True,True,UNMATCHED,NONE,False
SDNR,True,True,UNMATCHED,NONE,False
SDPR,True,True,UNMATCHED,NONE,False
SDRA,True,True,UNMATCHED,NONE,False
SDS,True,True,UNMATCHED,NONE,False
SDT,True,True,UNMATCHED,NONE,False
SDUA,True,True,UNMATCHED,NONE,False
SDV,True,True,UNMATCHED,NONE,False
SDVL,True,True,UNMATCHED,NONE,False
SDY,True,True,UNMATCHED,NONE,False
SDZ,True,True,UNMATCHED,NONE,False
SEB,True,True,UNMATCHED,NONE,False
SED,True,True,UNMATCHED,NONE,False
SEE,True,True,UNMATCHED,NONE,False
SEG,True,True,MATCHED,HIGH,True
SEGM,True,True,UNMATCHED,NONE,False
SEH,True,True,UNMATCHED,NONE,False
SEI,True,True,UNMATCHED,NONE,False
SEJ,True,True,UNMATCHED,NONE,False
SEL,True,True,UNMATCHED,NONE,False
SELU,True,True,UNMATCHED,NONE,False
SEM,True,True,UNMATCHED,NONE,False
SEN,True,True,UNMATCHED,NONE,False
SEO,True,True,UNMATCHED,NONE,False
SEP,True,True,UNMATCHED,NONE,False
SEPN,True,True,UNMATCHED,NONE,False
SEPR,True,True,UNMATCHED,NONE,False
SEQ,True,True,UNMATCHED,NONE,False
SER,True,True,MATCHED,HIGH,True
SET,True,True,UNMATCHED,NONE,False
SEU,True,True,UNMATCHED,NONE,False
SEV,True,True,MATCHED,HIGH,True
SEW,True,True,UNMATCHED,NONE,False
SEX,True,True,UNMATCHED,NONE,False
SF,True,True,UNMATCHED,NONE,False
SFA,True,True,UNMATCHED,NONE,False
SFC,True,True,UNMATCHED,NONE,False
SFDE,True,True,UNMATCHED,NONE,False
SFE,True,True,UNMATCHED,NONE,False
SFG,True,True,UNMATCHED,NONE,False
SFH,True,True,UNMATCHED,NONE,False
SFK,True,True,UNMATCHED,NONE,False
SFM,True,True,UNMATCHED,NONE,False
SFMU,True,True,UNMATCHED,NONE,False
SFNR,True,True,UNMATCHED,NONE,False
SFPR,True,True,UNMATCHED,NONE,False
SFR,True,True,UNMATCHED,NONE,False
SFW,True,True,UNMATCHED,NONE,False
SFX,True,True,UNMATCHED,NONE,False
SFY,True,True,UNMATCHED,NONE,False
SFZ,True,True,UNMATCHED,NONE,False
SG,True,True,UNMATCHED,NONE,False
SGA,True,True,UNMATCHED,NONE,False
SGAM,True,True,UNMATCHED,NONE,False
SGBA,True,True,UNMATCHED,NONE,False
SGBJ,True,True,UNMATCHED,NONE,False
SGC,True,True,UNMATCHED,NONE,False
SGD,True,True,UNMATCHED,NONE,False
SGDM,True,True,UNMATCHED,NONE,False
SGDP,True,True,UNMATCHED,NONE,False
SGE,True,True,MATCHED,HIGH,True
SGF,True,True,UNMATCHED,NONE,False
SGG,True,True,UNMATCHED,NONE,False
SGJ,True,True,UNMATCHED,NONE,False
SGKM,True,True,UNMATCHED,NONE,False
SGL,True,True,UNMATCHED,NONE,False
SGLA,True,True,UNMATCHED,NONE,False
SGLM,True,True,UNMATCHED,NONE,False
SGM,True,True,MATCHED,HIGH,True
SGND,True,True,UNMATCHED,NONE,False
SGNR,True,True,UNMATCHED,NONE,False
SGO,True,True,UNMATCHED,NONE,False
SGP,True,True,UNMATCHED,NONE,False
SGPA,True,True,UNMATCHED,NONE,False
SGR,True,True,UNMATCHED,NONE,False
SGRA,True,True,UNMATCHED,NONE,False
SGRD,True,True,UNMATCHED,NONE,False
SGRE,True,True,UNMATCHED,NONE,False
SGRL,True,True,UNMATCHED,NONE,False
SGRM,True,True,UNMATCHED,NONE,False
SGRP,True,True,UNMATCHED,NONE,False
SGRR,True,True,UNMATCHED,NONE,False
SGS,True,True,UNMATCHED,NONE,False
SGUJ,True,True,UNMATCHED,NONE,False
SGUT,True,True,UNMATCHED,NONE,False
SGV,True,True,UNMATCHED,NONE,False
SGW,True,True,UNMATCHED,NONE,False
SGZ,True,True,UNMATCHED,NONE,False
SHAD,True,True,UNMATCHED,NONE,False
SHAN,True,True,UNMATCHED,NONE,False
SHBA,True,True,UNMATCHED,NONE,False
SHBC,True,True,UNMATCHED,NONE,False
SHBL,True,True,UNMATCHED,NONE,False
SHC,True,True,MATCHED,HIGH,True
SHDM,True,True,UNMATCHED,NONE,False
SHDR,True,True,UNMATCHED,NONE,False
SHE,True,True,UNMATCHED,NONE,False
SHEO,True,True,UNMATCHED,NONE,False
SHER,True,True,UNMATCHED,NONE,False
SHF,True,True,UNMATCHED,NONE,False
SHG,True,True,UNMATCHED,NONE,False
SHGN,True,True,UNMATCHED,NONE,False
SHH,True,True,UNMATCHED,NONE,False
SHI,True,True,UNMATCHED,NONE,False
SHIV,True,True,UNMATCHED,NONE,False
SHJP,True,True,UNMATCHED,NONE,False
SHK,True,True,UNMATCHED,NONE,False
SHKL,True,True,UNMATCHED,NONE,False
SHLK,True,True,UNMATCHED,NONE,False
SHM,True,True,UNMATCHED,NONE,False
SHMI,True,True,UNMATCHED,NONE,False
SHMR,True,True,UNMATCHED,NONE,False
SHN,True,True,UNMATCHED,NONE,False
SHNG,True,True,UNMATCHED,NONE,False
SHNR,True,True,UNMATCHED,NONE,False
SHNX,True,True,UNMATCHED,NONE,False
SHR,True,True,UNMATCHED,NONE,False
SHRG,True,True,UNMATCHED,NONE,False
SHRM,True,True,UNMATCHED,NONE,False
SHSK,True,True,UNMATCHED,NONE,False
SHTS,True,True,UNMATCHED,NONE,False
SHTT,True,True,UNMATCHED,NONE,False
SHU,True,True,MATCHED,HIGH,True
SHV,True,True,UNMATCHED,NONE,False
SHW,True,True,UNMATCHED,NONE,False
SHWL,True,True,UNMATCHED,NONE,False
SHX,True,True,UNMATCHED,NONE,False
SHYP,True,True,UNMATCHED,NONE,False
SHZ,True,True,UNMATCHED,NONE,False
SI,True,True,UNMATCHED,NONE,False
SIA,True,True,UNMATCHED,NONE,False
SIBR,True,True,UNMATCHED,NONE,False
SIC,True,True,UNMATCHED,NONE,False
SID,True,True,UNMATCHED,NONE,False
SIDP,True,True,UNMATCHED,NONE,False
SIE,True,True,MATCHED,HIGH,True
SIF,True,True,UNMATCHED,NONE,False
SIGA,True,True,UNMATCHED,NONE,False
SIHO,True,True,UNMATCHED,NONE,False
SII,True,True,UNMATCHED,NONE,False
SIKD,True,True,UNMATCHED,NONE,False
SIKR,True,True,UNMATCHED,NONE,False
SIL,True,True,UNMATCHED,NONE,False
SILO,True,True,UNMATCHED,NONE,False
SILR,True,True,UNMATCHED,NONE,False
SIM,True,True,UNMATCHED,NONE,False
SINA,True,True,UNMATCHED,NONE,False
SINI,True,True,UNMATCHED,NONE,False
SIOB,True,True,UNMATCHED,NONE,False
SIP,True,True,UNMATCHED,NONE,False
SIPA,True,True,UNMATCHED,NONE,False
SIPR,True,True,UNMATCHED,NONE,False
SIQ,True,True,UNMATCHED,NONE,False
SIR,True,True,UNMATCHED,NONE,False
SIRA,True,True,UNMATCHED,NONE,False
SIRD,True,True,UNMATCHED,NONE,False
SISN,True,True,UNMATCHED,NONE,False
SIU,True,True,UNMATCHED,NONE,False
SIW,True,True,UNMATCHED,NONE,False
SIY,True,True,UNMATCHED,NONE,False
SIZ,True,True,UNMATCHED,NONE,False
SJDA,True,True,UNMATCHED,NONE,False
SJDR,True,True,UNMATCHED,NONE,False
SJER,True,True,UNMATCHED,NONE,False
SJF,True,True,UNMATCHED,NONE,False
SJGH,True,True,UNMATCHED,NONE,False
SJGM,True,True,UNMATCHED,NONE,False
SJJ,True,True,UNMATCHED,NONE,False
SJKL,True,True,UNMATCHED,NONE,False
SJL,True,True,UNMATCHED,NONE,False
SJM,True,True,UNMATCHED,NONE,False
SJMA,True,True,UNMATCHED,NONE,False
SJN,True,True,UNMATCHED,NONE,False
SJNP,True,True,UNMATCHED,NONE,False
SJP,True,True,UNMATCHED,NONE,False
SJPA,True,True,UNMATCHED,NONE,False
SJPM,True,True,UNMATCHED,NONE,False
SJPR,True,True,UNMATCHED,NONE,False
SJQ,True,True,UNMATCHED,NONE,False
SJRR,True,True,UNMATCHED,NONE,False
SJSM,True,True,UNMATCHED,NONE,False
SJT,True,True,UNMATCHED,NONE,False
SJV,True,True,UNMATCHED,NONE,False
SJVP,True,True,UNMATCHED,NONE,False
SK,True,True,UNMATCHED,NONE,False
SKA,True,True,UNMATCHED,NONE,False
SKAP,True,True,UNMATCHED,NONE,False
SKAR,True,True,UNMATCHED,NONE,False
SKB,True,True,UNMATCHED,NONE,False
SKBR,True,True,UNMATCHED,NONE,False
SKF,True,True,UNMATCHED,NONE,False
SKG,True,True,UNMATCHED,NONE,False
SKGH,True,True,UNMATCHED,NONE,False
SKI,True,True,UNMATCHED,NONE,False
SKIP,True,True,UNMATCHED,NONE,False
SKJ,True,True,UNMATCHED,NONE,False
SKJS,True,True,UNMATCHED,NONE,False
SKK,True,True,UNMATCHED,NONE,False
SKKE,True,True,UNMATCHED,NONE,False
SKL,True,True,MATCHED,HIGH,True
SKLI,True,True,UNMATCHED,NONE,False
SKLP,True,True,UNMATCHED,NONE,False
SKLR,True,True,UNMATCHED,NONE,False
SKM,True,True,MATCHED,HIGH,True
SKN,True,True,UNMATCHED,NONE,False
SKND,True,True,UNMATCHED,NONE,False
SKNP,True,True,UNMATCHED,NONE,False
SKNR,True,True,UNMATCHED,NONE,False
SKP,True,True,MATCHED,HIGH,True
SKPA,True,True,UNMATCHED,NONE,False
SKPI,True,True,UNMATCHED,NONE,False
SKPT,True,True,MATCHED,HIGH,True
SKQ,True,True,UNMATCHED,NONE,False
SKR,True,True,UNMATCHED,NONE,False
SKRI,True,True,UNMATCHED,NONE,False
SKS,True,True,UNMATCHED,NONE,False
SKSO,True,True,UNMATCHED,NONE,False
SKT,True,True,UNMATCHED,NONE,False
SKTN,True,True,UNMATCHED,NONE,False
SKU,True,True,UNMATCHED,NONE,False
SKVL,True,True,UNMATCHED,NONE,False
SKW,True,True,UNMATCHED,NONE,False
SKX,True,True,UNMATCHED,NONE,False
SKY,True,True,UNMATCHED,NONE,False
SKZR,True,True,UNMATCHED,NONE,False
SL,True,True,UNMATCHED,NONE,False
SLB,True,True,UNMATCHED,NONE,False
SLBN,True,True,UNMATCHED,NONE,False
SLD,True,True,UNMATCHED,NONE,False
SLF,True,True,UNMATCHED,NONE,False
SLG,True,True,UNMATCHED,NONE,False
SLGE,True,True,UNMATCHED,NONE,False
SLGH,True,True,UNMATCHED,NONE,False
SLGR,True,True,UNMATCHED,NONE,False
SLH,True,True,UNMATCHED,NONE,False
SLHA,True,True,UNMATCHED,NONE,False
SLHI,True,True,UNMATCHED,NONE,False
SLHP,True,True,UNMATCHED,NONE,False
SLI,True,True,MATCHED,HIGH,True
SLJ,True,True,UNMATCHED,NONE,False
SLJR,True,True,UNMATCHED,NONE,False
SLKN,True,True,UNMATCHED,NONE,False
SLKR,True,True,UNMATCHED,NONE,False
SLKX,True,True,UNMATCHED,NONE,False
SLM,True,True,MATCHED,HIGH,True
SLN,True,True,UNMATCHED,NONE,False
SLNA,True,True,UNMATCHED,NONE,False
SLO,True,True,UNMATCHED,NONE,False
SLON,True,True,UNMATCHED,NONE,False
SLOR,True,True,UNMATCHED,NONE,False
SLP,True,True,UNMATCHED,NONE,False
SLPM,True,True,UNMATCHED,NONE,False
SLR,True,True,UNMATCHED,NONE,False
SLRA,True,True,UNMATCHED,NONE,False
SLRD,True,True,UNMATCHED,NONE,False
SLRP,True,True,UNMATCHED,NONE,False
SLS,True,True,UNMATCHED,NONE,False
SLT,True,True,UNMATCHED,NONE,False
SLTH,True,True,MATCHED,HIGH,True
SLTP,True,True,UNMATCHED,NONE,False
SLU,True,True,UNMATCHED,NONE,False
SLV,True,True,UNMATCHED,NONE,False
SLW,True,True,UNMATCHED,NONE,False
SLWR,True,True,UNMATCHED,NONE,False
SLX,True,True,UNMATCHED,NONE,False
SLY,True,True,MATCHED,HIGH,True
SLZ,True,True,UNMATCHED,NONE,False
SM,True,True,UNMATCHED,NONE,False
SMAE,True,True,UNMATCHED,NONE,False
SMBH,True,True,UNMATCHED,NONE,False
SMBJ,True,True,UNMATCHED,NONE,False
SMBL,True,True,UNMATCHED,NONE,False
SMBX,True,True,UNMATCHED,NONE,False
SMCK,True,True,UNMATCHED,NONE,False
SMCP,True,True,UNMATCHED,NONE,False
SMD,True,True,UNMATCHED,NONE,False
SMDM,True,True,MATCHED,MEDIUM,True
SMDP,True,True,UNMATCHED,NONE,False
SMDT,True,True,UNMATCHED,NONE,False
SME,True,True,MATCHED,HIGH,True
SMET,True,True,UNMATCHED,NONE,False
SMF,True,True,UNMATCHED,NONE,False
SMGR,True,True,UNMATCHED,NONE,False
SMH,True,True,UNMATCHED,NONE,False
SMI,True,True,UNMATCHED,NONE,False
SMK,True,True,UNMATCHED,NONE,False
SMKR,True,True,UNMATCHED,NONE,False
SMKT,True,True,UNMATCHED,NONE,False
SML,True,True,UNMATCHED,NONE,False
SMLA,True,True,UNMATCHED,NONE,False
SMLG,True,True,UNMATCHED,NONE,False
SMLT,True,True,UNMATCHED,NONE,False
SMM,True,True,MATCHED,HIGH,True
SMND,True,True,UNMATCHED,NONE,False
SMNE,True,True,UNMATCHED,NONE,False
SMNH,True,True,UNMATCHED,NONE,False
SMNN,True,True,UNMATCHED,NONE,False
SMO,True,True,UNMATCHED,NONE,False
SMP,True,True,UNMATCHED,NONE,False
SMPA,True,True,UNMATCHED,NONE,False
SMPR,True,True,UNMATCHED,NONE,False
SMQL,True,True,UNMATCHED,NONE,False
SMR,True,True,UNMATCHED,NONE,False
SMRL,True,True,UNMATCHED,NONE,False
SMRR,True,True,UNMATCHED,NONE,False
SMT,True,True,UNMATCHED,NONE,False
SMTA,True,True,UNMATCHED,NONE,False
SMTG,True,True,UNMATCHED,NONE,False
SMTL,True,True,UNMATCHED,NONE,False
SMU,True,True,UNMATCHED,NONE,False
SMV,True,True,UNMATCHED,NONE,False
SMWA,True,True,UNMATCHED,NONE,False
SMX,True,True,UNMATCHED,NONE,False
SMZ,True,True,UNMATCHED,NONE,False
SN,True,True,UNMATCHED,NONE,False
SNA,True,True,UNMATCHED,NONE,False
SNAP,True,True,UNMATCHED,NONE,False
SNAR,True,True,UNMATCHED,NONE,False
SNB,True,True,UNMATCHED,NONE,False
SNBD,True,True,UNMATCHED,NONE,False
SNBR,True,True,UNMATCHED,NONE,False
SNC,True,True,UNMATCHED,NONE,False
SNCA,True,True,UNMATCHED,NONE,False
SND,True,True,UNMATCHED,NONE,False
SNDD,True,True,UNMATCHED,NONE,False
SNDI,True,True,MATCHED,HIGH,True
SNDT,True,True,UNMATCHED,NONE,False
SNDY,True,True,UNMATCHED,NONE,False
SNE,True,True,UNMATCHED,NONE,False
SNF,True,True,UNMATCHED,NONE,False
SNGN,True,True,UNMATCHED,NONE,False
SNGP,True,True,UNMATCHED,NONE,False
SNGR,True,True,UNMATCHED,NONE,False
SNH,True,True,UNMATCHED,NONE,False
SNHR,True,True,UNMATCHED,NONE,False
SNHT,True,True,UNMATCHED,NONE,False
SNI,True,True,UNMATCHED,NONE,False
SNIE,True,True,UNMATCHED,NONE,False
SNK,True,True,UNMATCHED,NONE,False
SNKB,True,True,UNMATCHED,NONE,False
SNKE,True,True,UNMATCHED,NONE,False
SNKG,True,True,UNMATCHED,NONE,False
SNKL,True,True,UNMATCHED,NONE,False
SNKR,True,True,UNMATCHED,NONE,False
SNKX,True,True,UNMATCHED,NONE,False
SNL,True,True,UNMATCHED,NONE,False
SNLR,True,True,UNMATCHED,NONE,False
SNM,True,True,UNMATCHED,NONE,False
SNMY,True,True,UNMATCHED,NONE,False
SNN,True,True,UNMATCHED,NONE,False
SNO,True,True,UNMATCHED,NONE,False
SNP,True,True,MATCHED,HIGH,True
SNPH,True,True,UNMATCHED,NONE,False
SNPR,True,True,UNMATCHED,NONE,False
SNQ,True,True,UNMATCHED,NONE,False
SNR,True,True,UNMATCHED,NONE,False
SNRA,True,True,UNMATCHED,NONE,False
SNRD,True,True,UNMATCHED,NONE,False
SNRR,True,True,UNMATCHED,NONE,False
SNS,True,True,UNMATCHED,NONE,False
SNSI,True,True,UNMATCHED,NONE,False
SNSL,True,True,UNMATCHED,NONE,False
SNT,True,True,UNMATCHED,NONE,False
SNTD,True,True,UNMATCHED,NONE,False
SNU,True,True,UNMATCHED,NONE,False
SNV,True,True,UNMATCHED,NONE,False
SNVR,True,True,UNMATCHED,NONE,False
SNX,True,True,UNMATCHED,NONE,False
SNYN,True,True,UNMATCHED,NONE,False
SNZ,True,True,UNMATCHED,NONE,False
SOA,True,True,UNMATCHED,NONE,False
SOAE,True,True,UNMATCHED,NONE,False
SOB,True,True,UNMATCHED,NONE,False
SOD,True,True,UNMATCHED,NONE,False
SOE,True,True,UNMATCHED,NONE,False
SOF,True,True,UNMATCHED,NONE,False
SOG,True,True,UNMATCHED,NONE,False
SOGR,True,True,UNMATCHED,NONE,False
SOH,True,True,UNMATCHED,NONE,False
SOHL,True,True,UNMATCHED,NONE,False
SOJ,True,True,UNMATCHED,NONE,False
SOJN,True,True,UNMATCHED,NONE,False
SOL,True,True,UNMATCHED,NONE,False
SOLA,True,True,UNMATCHED,NONE,False
SOLR,True,True,UNMATCHED,NONE,False
SOM,True,True,UNMATCHED,NONE,False
SONA,True,True,UNMATCHED,NONE,False
SONI,True,True,UNMATCHED,NONE,False
SOP,True,True,UNMATCHED,NONE,False
SOQ,True,True,UNMATCHED,NONE,False
SOR,True,True,UNMATCHED,NONE,False
SORI,True,True,UNMATCHED,NONE,False
SORO,True,True,UNMATCHED,NONE,False
SOS,True,True,UNMATCHED,NONE,False
SOT,True,True,MATCHED,HIGH,True
SOY,True,True,UNMATCHED,NONE,False
SP,True,True,MATCHED,HIGH,True
SPAM,True,True,UNMATCHED,NONE,False
SPB,True,True,UNMATCHED,NONE,False
SPC,True,True,MATCHED,HIGH,True
SPD,True,True,UNMATCHED,NONE,False
SPDM,True,True,UNMATCHED,NONE,False
SPDR,True,True,UNMATCHED,NONE,False
SPE,True,True,UNMATCHED,NONE,False
SPF,True,True,UNMATCHED,NONE,False
SPGL,True,True,UNMATCHED,NONE,False
SPGR,True,True,UNMATCHED,NONE,False
SPHL,True,True,UNMATCHED,NONE,False
SPHT,True,True,UNMATCHED,NONE,False
SPJ,True,True,UNMATCHED,NONE,False
SPJB,True,True,UNMATCHED,NONE,False
SPK,True,True,UNMATCHED,NONE,False
SPL,True,True,MATCHED,HIGH,True
SPLE,True,True,UNMATCHED,NONE,False
SPN,True,True,UNMATCHED,NONE,False
SPO,True,True,UNMATCHED,NONE,False
SPP,True,True,UNMATCHED,NONE,False
SPPR,True,True,UNMATCHED,NONE,False
SPQ,True,True,UNMATCHED,NONE,False
SPR,True,True,UNMATCHED,NONE,False
SPRA,True,True,UNMATCHED,NONE,False
SPRD,True,True,UNMATCHED,NONE,False
SPRM,True,True,UNMATCHED,NONE,False
SPRN,True,True,UNMATCHED,NONE,False
SPS,True,True,UNMATCHED,NONE,False
SPSR,True,True,UNMATCHED,NONE,False
SPT,True,True,UNMATCHED,NONE,False
SPTR,True,True,UNMATCHED,NONE,False
SPV,True,True,UNMATCHED,NONE,False
SPX,True,True,UNMATCHED,NONE,False
SPY,True,True,UNMATCHED,NONE,False
SPYA,True,True,UNMATCHED,NONE,False
SPZ,True,True,UNMATCHED,NONE,False
SQB,True,True,UNMATCHED,NONE,False
SQD,True,True,MATCHED,HIGH,True
SQE,True,True,UNMATCHED,NONE,False
SQF,True,True,UNMATCHED,NONE,False
SQJ,True,True,UNMATCHED,NONE,False
SQL,True,True,UNMATCHED,NONE,False
SQN,True,True,UNMATCHED,NONE,False
SQQ,True,True,UNMATCHED,NONE,False
SQR,True,True,UNMATCHED,NONE,False
SQS,True,True,UNMATCHED,NONE,False
SQW,True,True,UNMATCHED,NONE,False
SR,True,True,UNMATCHED,NONE,False
SRA,True,True,UNMATCHED,NONE,False
SRAS,True,True,UNMATCHED,NONE,False
SRBA,True,True,UNMATCHED,NONE,False
SRBG,True,True,UNMATCHED,NONE,False
SRBZ,True,True,UNMATCHED,NONE,False
SRC,True,True,UNMATCHED,NONE,False
SRDR,True,True,UNMATCHED,NONE,False
SRDW,True,True,UNMATCHED,NONE,False
SRE,True,True,UNMATCHED,NONE,False
SRF,True,True,UNMATCHED,NONE,False
SRGH,True,True,UNMATCHED,NONE,False
SRGM,True,True,MATCHED,HIGH,True
SRGP,True,True,UNMATCHED,NONE,False
SRGT,True,True,UNMATCHED,NONE,False
SRI,True,True,UNMATCHED,NONE,False
SRID,True,True,UNMATCHED,NONE,False
SRJ,True,True,UNMATCHED,NONE,False
SRJK,True,True,UNMATCHED,NONE,False
SRJM,True,True,UNMATCHED,NONE,False
SRJN,True,True,UNMATCHED,NONE,False
SRK,True,True,UNMATCHED,NONE,False
SRKI,True,True,UNMATCHED,NONE,False
SRKN,True,True,UNMATCHED,NONE,False
SRKR,True,True,UNMATCHED,NONE,False
SRL,True,True,UNMATCHED,NONE,False
SRM,True,True,UNMATCHED,NONE,False
SRMN,True,True,UNMATCHED,NONE,False
SRMP,True,True,UNMATCHED,NONE,False
SRMR,True,True,UNMATCHED,NONE,False
SRMT,True,True,UNMATCHED,NONE,False
SRNK,True,True,UNMATCHED,NONE,False
SRNR,True,True,UNMATCHED,NONE,False
SRNT,True,True,UNMATCHED,NONE,False
SRO,True,True,UNMATCHED,NONE,False
SRP,True,True,UNMATCHED,NONE,False
SRPB,True,True,UNMATCHED,NONE,False
SRPJ,True,True,UNMATCHED,NONE,False
SRPM,True,True,UNMATCHED,NONE,False
SRPN,True,True,UNMATCHED,NONE,False
SRPR,True,True,UNMATCHED,NONE,False
SRPU,True,True,UNMATCHED,NONE,False
SRR,True,True,UNMATCHED,NONE,False
SRRG,True,True,UNMATCHED,NONE,False
SRSI,True,True,UNMATCHED,NONE,False
SRSL,True,True,UNMATCHED,NONE,False
SRT,True,True,UNMATCHED,NONE,False
SRTE,True,True,UNMATCHED,NONE,False
SRTL,True,True,UNMATCHED,NONE,False
SRTN,True,True,UNMATCHED,NONE,False
SRU,True,True,UNMATCHED,NONE,False
SRUR,True,True,UNMATCHED,NONE,False
SRVN,True,True,UNMATCHED,NONE,False
SRVT,True,True,MATCHED,MEDIUM,True
SRVX,True,True,UNMATCHED,NONE,False
SRW,True,True,UNMATCHED,NONE,False
SRWN,True,True,UNMATCHED,NONE,False
SRX,True,True,UNMATCHED,NONE,False
SRY,True,True,UNMATCHED,NONE,False
SRZ,True,True,UNMATCHED,NONE,False
SS,True,True,UNMATCHED,NONE,False
SSA,True,True,MATCHED,HIGH,True
SSB,True,True,UNMATCHED,NONE,False
SSC,True,True,UNMATCHED,NONE,False
SSCR,True,True,UNMATCHED,NONE,False
SSD,True,True,UNMATCHED,NONE,False
SSDT,True,True,UNMATCHED,NONE,False
SSF,True,True,UNMATCHED,NONE,False
SSG,True,True,UNMATCHED,NONE,False
SSGJ,True,True,UNMATCHED,NONE,False
SSGR,True,True,UNMATCHED,NONE,False
SSI,True,True,MATCHED,HIGH,True
SSIA,True,True,UNMATCHED,NONE,False
SSKA,True,True,UNMATCHED,NONE,False
SSKL,True,True,UNMATCHED,NONE,False
SSL,True,True,UNMATCHED,NONE,False
SSM,True,True,UNMATCHED,NONE,False
SSN,True,True,MATCHED,HIGH,True
SSNH,True,True,UNMATCHED,NONE,False
SSNR,True,True,UNMATCHED,NONE,False
SSNS,True,True,UNMATCHED,NONE,False
SSP,True,True,UNMATCHED,NONE,False
SSPD,True,True,UNMATCHED,NONE,False
SSPH,True,True,UNMATCHED,NONE,False
SSPN,True,True,UNMATCHED,NONE,False
SSPR,True,True,UNMATCHED,NONE,False
SSR,True,True,UNMATCHED,NONE,False
SSRD,True,True,UNMATCHED,NONE,False
SSU,True,True,UNMATCHED,NONE,False
SSV,True,True,UNMATCHED,NONE,False
SSW,True,True,UNMATCHED,NONE,False
SSZ,True,True,UNMATCHED,NONE,False
ST,True,True,UNMATCHED,NONE,False
STA,True,True,UNMATCHED,NONE,False
STB,True,True,UNMATCHED,NONE,False
STBB,True,True,UNMATCHED,NONE,False
STBD,True,True,UNMATCHED,NONE,False
STBJ,True,True,UNMATCHED,NONE,False
STD,True,True,UNMATCHED,NONE,False
STDB,True,True,UNMATCHED,NONE,False
STDR,True,True,UNMATCHED,NONE,False
STE,True,True,MATCHED,HIGH,True
STH,True,True,UNMATCHED,NONE,False
STJT,True,True,UNMATCHED,NONE,False
STKT,True,True,UNMATCHED,NONE,False
STKW,True,True,UNMATCHED,NONE,False
STL,True,True,MATCHED,HIGH,True
STLB,True,True,UNMATCHED,NONE,False
STLI,True,True,UNMATCHED,NONE,False
STLR,True,True,UNMATCHED,NONE,False
STM,True,True,MATCHED,HIGH,True
STN,True,True,UNMATCHED,NONE,False
STNL,True,True,UNMATCHED,NONE,False
STNR,True,True,UNMATCHED,NONE,False
STPD,True,True,UNMATCHED,NONE,False
STPT,True,True,UNMATCHED,NONE,False
STR,True,True,MATCHED,HIGH,True
STRK,True,True,UNMATCHED,NONE,False
STSN,True,True,UNMATCHED,NONE,False
STUR,True,True,UNMATCHED,NONE,False
STVA,True,True,UNMATCHED,NONE,False
STW,True,True,UNMATCHED,NONE,False
STZ,True,True,UNMATCHED,NONE,False
SUA,True,True,UNMATCHED,NONE,False
SUAL,True,True,UNMATCHED,NONE,False
SUBL,True,True,UNMATCHED,NONE,False
SUBR,True,True,UNMATCHED,NONE,False
SUD,True,True,UNMATCHED,NONE,False
SUDV,True,True,UNMATCHED,NONE,False
SUH,True,True,UNMATCHED,NONE,False
SUI,True,True,UNMATCHED,NONE,False
SUJ,True,True,UNMATCHED,NONE,False
SUJH,True,True,UNMATCHED,NONE,False
SUJR,True,True,UNMATCHED,NONE,False
SUKU,True,True,UNMATCHED,NONE,False
SUL,True,True,UNMATCHED,NONE,False
SULH,True,True,UNMATCHED,NONE,False
SUM,True,True,UNMATCHED,NONE,False
SUMR,True,True,UNMATCHED,NONE,False
SUNM,True,True,UNMATCHED,NONE,False
SUNR,True,True,UNMATCHED,NONE,False
SUP,True,True,UNMATCHED,NONE,False
SUPP,True,True,UNMATCHED,NONE,False
SUR,True,True,UNMATCHED,NONE,False
SURI,True,True,UNMATCHED,NONE,False
SURL,True,True,UNMATCHED,NONE,False
SURP,True,True,UNMATCHED,NONE,False
SURR,True,True,UNMATCHED,NONE,False
SUT,True,True,UNMATCHED,NONE,False
SUU,True,True,UNMATCHED,NONE,False
SUW,True,True,UNMATCHED,NONE,False
SUX,True,True,MATCHED,HIGH,True
SUZ,True,True,UNMATCHED,NONE,False
SV,True,True,UNMATCHED,NONE,False
SVA,True,True,MATCHED,HIGH,True
SVB,True,True,UNMATCHED,NONE,False
SVC,True,True,UNMATCHED,NONE,False
SVD,True,True,UNMATCHED,NONE,False
SVDK,True,True,UNMATCHED,NONE,False
SVF,True,True,UNMATCHED,NONE,False
SVG,True,True,UNMATCHED,NONE,False
SVGA,True,True,MATCHED,HIGH,True
SVH,True,True,UNMATCHED,NONE,False
SVHE,True,True,UNMATCHED,NONE,False
SVI,True,True,UNMATCHED,NONE,False
SVJR,True,True,UNMATCHED,NONE,False
SVKD,True,True,UNMATCHED,NONE,False
SVKS,True,True,UNMATCHED,NONE,False
SVL,True,True,UNMATCHED,NONE,False
SVM,True,True,UNMATCHED,NONE,False
SVN,True,True,UNMATCHED,NONE,False
SVNR,True,True,UNMATCHED,NONE,False
SVO,True,True,UNMATCHED,NONE,False
SVPI,True,True,UNMATCHED,NONE,False
SVPM,True,True,UNMATCHED,NONE,False
SVPR,True,True,UNMATCHED,NONE,False
SVQ,True,True,UNMATCHED,NONE,False
SVR,True,True,MATCHED,HIGH,True
SVRP,True,True,UNMATCHED,NONE,False
SVS,True,True,UNMATCHED,NONE,False
SVT,True,True,UNMATCHED,NONE,False
SVTN,True,True,UNMATCHED,NONE,False
SVUR,True,True,MATCHED,HIGH,True
SVV,True,True,UNMATCHED,NONE,False
SVW,True,True,UNMATCHED,NONE,False
SVX,True,True,UNMATCHED,NONE,False
SVZ,True,True,MATCHED,HIGH,True
SW,True,True,UNMATCHED,NONE,False
SWA,True,True,MATCHED,HIGH,True
SWAR,True,True,UNMATCHED,NONE,False
SWC,True,True,UNMATCHED,NONE,False
SWD,True,True,UNMATCHED,NONE,False
SWDE,True,True,UNMATCHED,NONE,False
SWE,True,True,UNMATCHED,NONE,False
SWF,True,True,UNMATCHED,NONE,False
SWG,True,True,UNMATCHED,NONE,False
SWI,True,True,UNMATCHED,NONE,False
SWJ,True,True,UNMATCHED,NONE,False
SWM,True,True,UNMATCHED,NONE,False
SWNI,True,True,UNMATCHED,NONE,False
SWNR,True,True,UNMATCHED,NONE,False
SWO,True,True,UNMATCHED,NONE,False
SWPR,True,True,UNMATCHED,NONE,False
SWR,True,True,UNMATCHED,NONE,False
SWRT,True,True,UNMATCHED,NONE,False
SWS,True,True,UNMATCHED,NONE,False
SWT,True,True,UNMATCHED,NONE,False
SWV,True,True,UNMATCHED,NONE,False
SWW,True,True,UNMATCHED,NONE,False
SWX,True,True,UNMATCHED,NONE,False
SXA,True,True,UNMATCHED,NONE,False
SXB,True,True,UNMATCHED,NONE,False
SXC,True,True,UNMATCHED,NONE,False
SXD,True,True,UNMATCHED,NONE,False
SXE,True,True,UNMATCHED,NONE,False
SXF,True,True,UNMATCHED,NONE,False
SXK,True,True,UNMATCHED,NONE,False
SXN,True,True,UNMATCHED,NONE,False
SXP,True,True,UNMATCHED,NONE,False
SXQ,True,True,UNMATCHED,NONE,False
SXR,True,True,MATCHED,HIGH,True
SXT,True,True,MATCHED,HIGH,True
SXX,True,True,UNMATCHED,NONE,False
SXZM,True,True,UNMATCHED,NONE,False
SY,True,True,MATCHED,HIGH,True
SYA,True,True,UNMATCHED,NONE,False
SYC,True,True,UNMATCHED,NONE,False
SYE,True,True,UNMATCHED,NONE,False
SYF,True,True,UNMATCHED,NONE,False
SYH,True,True,UNMATCHED,NONE,False
SYJ,True,True,UNMATCHED,NONE,False
SYK,True,True,UNMATCHED,NONE,False
SYL,True,True,UNMATCHED,NONE,False
SYM,True,True,UNMATCHED,NONE,False
SYN,True,True,UNMATCHED,NONE,False
SYQ,True,True,UNMATCHED,NONE,False
SYU,True,True,UNMATCHED,NONE,False
SYW,True,True,UNMATCHED,NONE,False
SYWN,True,True,UNMATCHED,NONE,False
SYZ,True,True,UNMATCHED,NONE,False
SZ,True,True,UNMATCHED,NONE,False
SZA,True,True,UNMATCHED,NONE,False
SZB,True,True,UNMATCHED,NONE,False
SZE,True,True,UNMATCHED,NONE,False
SZF,True,True,UNMATCHED,NONE,False
SZM,True,True,UNMATCHED,NONE,False
SZN,True,True,UNMATCHED,NONE,False
SZP,True,True,UNMATCHED,NONE,False
SZR,True,True,UNMATCHED,NONE,False
SZV,True,True,MATCHED,MEDIUM,True
SZY,True,True,UNMATCHED,NONE,False
SZZ,True,True,UNMATCHED,NONE,False
TA,True,True,UNMATCHED,NONE,False
TAA,True,True,UNMATCHED,NONE,False
TABU,True,True,UNMATCHED,NONE,False
TAC,True,True,UNMATCHED,NONE,False
TADA,True,True,MATCHED,MEDIUM,True
TAE,True,True,UNMATCHED,NONE,False
TAK,True,True,UNMATCHED,NONE,False
TAKU,True,True,UNMATCHED,NONE,False
TALA,True,True,UNMATCHED,NONE,False
TALL,True,True,UNMATCHED,NONE,False
TAN,True,True,UNMATCHED,NONE,False
TAO,True,True,UNMATCHED,NONE,False
TAP,True,True,UNMATCHED,NONE,False
TAPA,True,True,UNMATCHED,NONE,False
TAR,True,True,UNMATCHED,NONE,False
TAS,True,True,UNMATCHED,NONE,False
TASA,True,True,UNMATCHED,NONE,False
TAT,True,True,UNMATCHED,NONE,False
TATA,True,True,UNMATCHED,NONE,False
TATI,True,True,MATCHED,MEDIUM,True
TAV,True,True,UNMATCHED,NONE,False
TAY,True,True,UNMATCHED,NONE,False
TAZ,True,True,UNMATCHED,NONE,False
TBA,True,True,UNMATCHED,NONE,False
TBAE,True,True,UNMATCHED,NONE,False
TBB,True,True,UNMATCHED,NONE,False
TBH,True,True,UNMATCHED,NONE,False
TBL,True,True,UNMATCHED,NONE,False
TBM,True,True,MATCHED,HIGH,True
TBMS,True,True,MATCHED,HIGH,True
TBN,True,True,UNMATCHED,NONE,False
TBR,True,True,UNMATCHED,NONE,False
TBT,True,True,UNMATCHED,NONE,False
TBTN,True,True,UNMATCHED,NONE,False
TBU,True,True,UNMATCHED,NONE,False
TBV,True,True,UNMATCHED,NONE,False
TBX,True,True,UNMATCHED,NONE,False
TCH,True,True,MATCHED,HIGH,True
TCL,True,True,MATCHED,HIGH,True
TCN,True,True,MATCHED,HIGH,True
TCNR,True,True,UNMATCHED,NONE,False
TCR,True,True,UNMATCHED,NONE,False
TDD,True,True,UNMATCHED,NONE,False
TDH,True,True,UNMATCHED,NONE,False
TDK,True,True,UNMATCHED,NONE,False
TDL,True,True,UNMATCHED,NONE,False
TDLE,True,True,UNMATCHED,NONE,False
TDN,True,True,MATCHED,HIGH,True
TDO,True,True,UNMATCHED,NONE,False
TDP,True,True,UNMATCHED,NONE,False
TDPM,True,True,UNMATCHED,NONE,False
TDPR,True,True,MATCHED,HIGH,True
TDR,True,True,UNMATCHED,NONE,False
TDU,True,True,UNMATCHED,NONE,False
TDV,True,True,UNMATCHED,NONE,False
TDW,True,True,UNMATCHED,NONE,False
TEA,True,True,UNMATCHED,NONE,False
TEG,True,True,UNMATCHED,NONE,False
TEK,True,True,UNMATCHED,NONE,False
TEL,True,True,UNMATCHED,NONE,False
TELO,True,True,UNMATCHED,NONE,False
TELY,True,True,UNMATCHED,NONE,False
TEN,True,True,UNMATCHED,NONE,False
TEO,True,True,UNMATCHED,NONE,False
TEP,True,True,UNMATCHED,NONE,False
TERH,True,True,UNMATCHED,NONE,False
TET,True,True,UNMATCHED,NONE,False
TETA,True,True,UNMATCHED,NONE,False
TFGN,True,True,UNMATCHED,NONE,False
TGA,True,True,UNMATCHED,NONE,False
TGB,True,True,UNMATCHED,NONE,False
TGDE,True,True,UNMATCHED,NONE,False
TGE,True,True,UNMATCHED,NONE,False
TGH,True,True,UNMATCHED,NONE,False
TGL,True,True,UNMATCHED,NONE,False
TGM,True,True,UNMATCHED,NONE,False
TGN,True,True,UNMATCHED,NONE,False
TGP,True,True,UNMATCHED,NONE,False
TGQ,True,True,UNMATCHED,NONE,False
TGRL,True,True,UNMATCHED,NONE,False
TGT,True,True,UNMATCHED,NONE,False
TGU,True,True,UNMATCHED,NONE,False
TH,True,True,UNMATCHED,NONE,False
THA,True,True,UNMATCHED,NONE,False
THAN,True,True,MATCHED,MEDIUM,True
THB,True,True,UNMATCHED,NONE,False
THBN,True,True,UNMATCHED,NONE,False
THDR,True,True,UNMATCHED,NONE,False
THE,True,True,UNMATCHED,NONE,False
THEA,True,True,UNMATCHED,NONE,False
THED,True,True,UNMATCHED,NONE,False
THJ,True,True,UNMATCHED,NONE,False
THK,True,True,UNMATCHED,NONE,False
THKU,True,True,UNMATCHED,NONE,False
THL,True,True,MATCHED,HIGH,True
THM,True,True,UNMATCHED,NONE,False
THMA,True,True,MATCHED,MEDIUM,True
THMR,True,True,UNMATCHED,NONE,False
THN,True,True,UNMATCHED,NONE,False
THO,True,True,UNMATCHED,NONE,False
THP,True,True,UNMATCHED,NONE,False
THPR,True,True,UNMATCHED,NONE,False
THR,True,True,UNMATCHED,NONE,False
THS,True,True,UNMATCHED,NONE,False
THUR,True,True,UNMATCHED,NONE,False
THV,True,True,UNMATCHED,NONE,False
THVM,True,True,UNMATCHED,NONE,False
THW,True,True,UNMATCHED,NONE,False
THX,True,True,UNMATCHED,NONE,False
THY,True,True,UNMATCHED,NONE,False
TI,True,True,MATCHED,HIGH,True
TIA,True,True,UNMATCHED,NONE,False
TIBI,True,True,UNMATCHED,NONE,False
TIC,True,True,MATCHED,HIGH,True
TID,True,True,UNMATCHED,NONE,False
TIG,True,True,UNMATCHED,NONE,False
TIHU,True,True,UNMATCHED,NONE,False
TII,True,True,UNMATCHED,NONE,False
TIK,True,True,UNMATCHED,NONE,False
TIL,True,True,UNMATCHED,NONE,False
TILA,True,True,UNMATCHED,NONE,False
TIM,True,True,UNMATCHED,NONE,False
TIP,True,True,MATCHED,HIGH,True
TIR,True,True,UNMATCHED,NONE,False
TIS,True,True,UNMATCHED,NONE,False
TISI,True,True,UNMATCHED,NONE,False
TIT,True,True,UNMATCHED,NONE,False
TIU,True,True,UNMATCHED,NONE,False
TIW,True,True,UNMATCHED,NONE,False
TJ,True,True,MATCHED,HIGH,True
TJD,True,True,UNMATCHED,NONE,False
TJH,True,True,UNMATCHED,NONE,False
TJM,True,True,MATCHED,HIGH,True
TJP,True,True,UNMATCHED,NONE,False
TJW,True,True,UNMATCHED,NONE,False
TK,True,True,UNMATCHED,NONE,False
TKA,True,True,UNMATCHED,NONE,False
TKB,True,True,UNMATCHED,NONE,False
TKBG,True,True,UNMATCHED,NONE,False
TKBN,True,True,UNMATCHED,NONE,False
TKC,True,True,UNMATCHED,NONE,False
TKD,True,True,UNMATCHED,NONE,False
TKE,True,True,UNMATCHED,NONE,False
TKF,True,True,UNMATCHED,NONE,False
TKG,True,True,UNMATCHED,NONE,False
TKH,True,True,UNMATCHED,NONE,False
TKHA,True,True,UNMATCHED,NONE,False
TKHE,True,True,UNMATCHED,NONE,False
TKI,True,True,UNMATCHED,NONE,False
TKJ,True,True,UNMATCHED,NONE,False
TKLE,True,True,UNMATCHED,NONE,False
TKLN,True,True,UNMATCHED,NONE,False
TKMG,True,True,UNMATCHED,NONE,False
TKMY,True,True,UNMATCHED,NONE,False
TKN,True,True,UNMATCHED,NONE,False
TKND,True,True,UNMATCHED,NONE,False
TKNR,True,True,UNMATCHED,NONE,False
TKOT,True,True,UNMATCHED,NONE,False
TKP,True,True,UNMATCHED,NONE,False
TKPH,True,True,UNMATCHED,NONE,False
TKPL,True,True,UNMATCHED,NONE,False
TKPY,True,True,UNMATCHED,NONE,False
TKQ,True,True,UNMATCHED,NONE,False
TKR,True,True,UNMATCHED,NONE,False
TKRA,True,True,UNMATCHED,NONE,False
TKRI,True,True,UNMATCHED,NONE,False
TKRP,True,True,UNMATCHED,NONE,False
TKRU,True,True,UNMATCHED,NONE,False
TKS,True,True,UNMATCHED,NONE,False
TKT,True,True,UNMATCHED,NONE,False
TKTB,True,True,UNMATCHED,NONE,False
TKU,True,True,UNMATCHED,NONE,False
TKUR,True,True,UNMATCHED,NONE,False
TKVR,True,True,UNMATCHED,NONE,False
TKWD,True,True,UNMATCHED,NONE,False
TKYR,True,True,UNMATCHED,NONE,False
TL,True,True,UNMATCHED,NONE,False
TLA,True,True,UNMATCHED,NONE,False
TLAM,True,True,UNMATCHED,NONE,False
TLC,True,True,UNMATCHED,NONE,False
TLD,True,True,UNMATCHED,NONE,False
TLE,True,True,UNMATCHED,NONE,False
TLG,True,True,UNMATCHED,NONE,False
TLGP,True,True,UNMATCHED,NONE,False
TLGR,True,True,UNMATCHED,NONE,False
TLH,True,True,UNMATCHED,NONE,False
TLHD,True,True,UNMATCHED,NONE,False
TLHR,True,True,UNMATCHED,NONE,False
TLI,True,True,UNMATCHED,NONE,False
TLJ,True,True,UNMATCHED,NONE,False
TLKH,True,True,UNMATCHED,NONE,False
TLL,True,True,UNMATCHED,NONE,False
TLM,True,True,MATCHED,HIGH,True
TLMD,True,True,UNMATCHED,NONE,False
TLMG,True,True,UNMATCHED,NONE,False
TLMR,True,True,UNMATCHED,NONE,False
TLN,True,True,UNMATCHED,NONE,False
TLNH,True,True,UNMATCHED,NONE,False
TLNR,True,True,MATCHED,HIGH,True
TLO,True,True,UNMATCHED,NONE,False
TLPH,True,True,UNMATCHED,NONE,False
TLR,True,True,UNMATCHED,NONE,False
TLRA,True,True,UNMATCHED,NONE,False
TLS,True,True,UNMATCHED,NONE,False
TLT,True,True,UNMATCHED,NONE,False
TLU,True,True,UNMATCHED,NONE,False
TLV,True,True,UNMATCHED,NONE,False
TLWA,True,True,UNMATCHED,NONE,False
TLX,True,True,UNMATCHED,NONE,False
TLY,True,True,UNMATCHED,NONE,False
TLZ,True,True,UNMATCHED,NONE,False
TMB,True,True,UNMATCHED,NONE,False
TMC,True,True,UNMATCHED,NONE,False
TMD,True,True,UNMATCHED,NONE,False
TME,True,True,UNMATCHED,NONE,False
TMGN,True,True,UNMATCHED,NONE,False
TMH,True,True,UNMATCHED,NONE,False
TMKA,True,True,UNMATCHED,NONE,False
TMLP,True,True,MATCHED,HIGH,True
TMLU,True,True,UNMATCHED,NONE,False
TMP,True,True,MATCHED,HIGH,True
TMPM,True,True,UNMATCHED,NONE,False
TMPT,True,True,UNMATCHED,NONE,False
TMPY,True,True,UNMATCHED,NONE,False
TMQ,True,True,UNMATCHED,NONE,False
TMR,True,True,UNMATCHED,NONE,False
TMS,True,True,UNMATCHED,NONE,False
TMT,True,True,UNMATCHED,NONE,False
TMU,True,True,MATCHED,HIGH,True
TMUR,True,True,UNMATCHED,NONE,False
TMV,True,True,MATCHED,HIGH,True
TMVL,True,True,MATCHED,HIGH,True
TMX,True,True,UNMATCHED,NONE,False
TMZ,True,True,UNMATCHED,NONE,False
TN,True,True,MATCHED,HIGH,True
TNA,True,True,UNMATCHED,NONE,False
TNDE,True,True,UNMATCHED,NONE,False
TNGL,True,True,UNMATCHED,NONE,False
TNGM,True,True,UNMATCHED,NONE,False
TNGR,True,True,UNMATCHED,NONE,False
TNH,True,True,UNMATCHED,NONE,False
TNI,True,True,MATCHED,HIGH,True
TNJR,True,True,UNMATCHED,NONE,False
TNKU,True,True,UNMATCHED,NONE,False
TNL,True,True,UNMATCHED,NONE,False
TNM,True,True,MATCHED,HIGH,True
TNO,True,True,UNMATCHED,NONE,False
TNP,True,True,MATCHED,HIGH,True
TNPR,True,True,UNMATCHED,NONE,False
TNR,True,True,UNMATCHED,NONE,False
TNRI,True,True,UNMATCHED,NONE,False
TNRU,True,True,UNMATCHED,NONE,False
TNT,True,True,MATCHED,HIGH,True
TNUE,True,True,UNMATCHED,NONE,False
TNW,True,True,UNMATCHED,NONE,False
TNX,True,True,UNMATCHED,NONE,False
TO,True,True,MATCHED,HIGH,True
TOI,True,True,UNMATCHED,NONE,False
TOK,True,True,UNMATCHED,NONE,False
TOM,True,True,MATCHED,HIGH,True
TOP,True,True,UNMATCHED,NONE,False
TOR,True,True,UNMATCHED,NONE,False
TORA,True,True,UNMATCHED,NONE,False
TORI,True,True,MATCHED,MEDIUM,True
TOU,True,True,UNMATCHED,NONE,False
TP,True,True,MATCHED,HIGH,True
TPB,True,True,UNMATCHED,NONE,False
TPC,True,True,MATCHED,HIGH,True
TPE,True,True,MATCHED,HIGH,True
TPF,True,True,UNMATCHED,NONE,False
TPG,True,True,UNMATCHED,NONE,False
TPH,True,True,UNMATCHED,NONE,False
TPJ,True,True,MATCHED,HIGH,True
TPK,True,True,UNMATCHED,NONE,False
TPKR,True,True,UNMATCHED,NONE,False
TPM,True,True,UNMATCHED,NONE,False
TPND,True,True,UNMATCHED,NONE,False
TPO,True,True,UNMATCHED,NONE,False
TPP,True,True,MATCHED,HIGH,True
TPPI,True,True,UNMATCHED,NONE,False
TPQ,True,True,UNMATCHED,NONE,False
TPT,True,True,MATCHED,HIGH,True
TPTN,True,True,MATCHED,HIGH,True
TPTY,True,True,UNMATCHED,NONE,False
TPV,True,True,UNMATCHED,NONE,False
TPW,True,True,UNMATCHED,NONE,False
TPY,True,True,UNMATCHED,NONE,False
TPZ,True,True,UNMATCHED,NONE,False
TQA,True,True,UNMATCHED,NONE,False
TQL,True,True,UNMATCHED,NONE,False
TQM,True,True,UNMATCHED,NONE,False
TQN,True,True,UNMATCHED,NONE,False
TQR,True,True,UNMATCHED,NONE,False
TR,True,True,UNMATCHED,NONE,False
TRA,True,True,UNMATCHED,NONE,False
TRAN,True,True,UNMATCHED,NONE,False
TRB,True,True,MATCHED,HIGH,True
TRBE,True,True,UNMATCHED,NONE,False
TRDI,True,True,UNMATCHED,NONE,False
TRE,True,True,UNMATCHED,NONE,False
TRF,True,True,UNMATCHED,NONE,False
TRG,True,True,UNMATCHED,NONE,False
TRJ,True,True,UNMATCHED,NONE,False
TRK,True,True,MATCHED,HIGH,True
TRKR,True,True,UNMATCHED,NONE,False
TRL,True,True,MATCHED,HIGH,True
TRM,True,True,UNMATCHED,NONE,False
TRN,True,True,UNMATCHED,NONE,False
TRO,True,True,UNMATCHED,NONE,False
TRP,True,True,UNMATCHED,NONE,False
TRPL,True,True,UNMATCHED,NONE,False
TRR,True,True,UNMATCHED,NONE,False
TRS,True,True,UNMATCHED,NONE,False
TRSR,True,True,UNMATCHED,NONE,False
TRT,True,True,MATCHED,HIGH,True
TRTR,True,True,UNMATCHED,NONE,False
TRVL,True,True,UNMATCHED,NONE,False
TRVZ,True,True,UNMATCHED,NONE,False
TRWT,True,True,UNMATCHED,NONE,False
TRZ,True,True,UNMATCHED,NONE,False
TSA,True,True,UNMATCHED,NONE,False
TSAH,True,True,UNMATCHED,NONE,False
TSD,True,True,UNMATCHED,NONE,False
TSF,True,True,UNMATCHED,NONE,False
TSI,True,True,UNMATCHED,NONE,False
TSK,True,True,UNMATCHED,NONE,False
TSL,True,True,UNMATCHED,NONE,False
TSR,True,True,UNMATCHED,NONE,False
TSS,True,True,UNMATCHED,NONE,False
TT,True,True,MATCHED,HIGH,True
TTB,True,True,UNMATCHED,NONE,False
TTI,True,True,UNMATCHED,NONE,False
TTL,True,True,UNMATCHED,NONE,False
TTLA,True,True,UNMATCHED,NONE,False
TTO,True,True,UNMATCHED,NONE,False
TTQ,True,True,UNMATCHED,NONE,False
TTR,True,True,UNMATCHED,NONE,False
TTU,True,True,UNMATCHED,NONE,False
TU,True,True,UNMATCHED,NONE,False
TUA,True,True,UNMATCHED,NONE,False
TUD,True,True,UNMATCHED,NONE,False
TUG,True,True,MATCHED,HIGH,True
TUJ,True,True,UNMATCHED,NONE,False
TUL,True,True,UNMATCHED,NONE,False
TUN,True,True,UNMATCHED,NONE,False
TUNG,True,True,UNMATCHED,NONE,False
TUNI,True,True,UNMATCHED,NONE,False
TUP,True,True,UNMATCHED,NONE,False
TUR,True,True,UNMATCHED,NONE,False
TUV,True,True,UNMATCHED,NONE,False
TUVR,True,True,UNMATCHED,NONE,False
TUWA,True,True,UNMATCHED,NONE,False
TUX,True,True,UNMATCHED,NONE,False
TUY,True,True,MATCHED,HIGH,True
TVC,True,True,UNMATCHED,NONE,False
TVG,True,True,UNMATCHED,NONE,False
TVI,True,True,UNMATCHED,NONE,False
TVL,True,True,UNMATCHED,NONE,False
TVN,True,True,MATCHED,HIGH,True
TVNL,True,True,MATCHED,HIGH,True
TVP,True,True,UNMATCHED,NONE,False
TVR,True,True,MATCHED,HIGH,True
TVS,True,True,UNMATCHED,NONE,False
TVT,True,True,MATCHED,HIGH,True
TWB,True,True,UNMATCHED,NONE,False
TWG,True,True,UNMATCHED,NONE,False
TWI,True,True,UNMATCHED,NONE,False
TWL,True,True,UNMATCHED,NONE,False
TWV,True,True,UNMATCHED,NONE,False
TXD,True,True,UNMATCHED,NONE,False
TXM,True,True,UNMATCHED,NONE,False
TY,True,True,UNMATCHED,NONE,False
TYAE,True,True,UNMATCHED,NONE,False
TYM,True,True,MATCHED,HIGH,True
TYT,True,True,UNMATCHED,NONE,False
TZD,True,True,MATCHED,HIGH,True
TZH,True,True,UNMATCHED,NONE,False
TZR,True,True,UNMATCHED,NONE,False
UA,True,True,UNMATCHED,NONE,False
UAA,True,True,UNMATCHED,NONE,False
UAM,True,True,UNMATCHED,NONE,False
UB,True,True,UNMATCHED,NONE,False
UBC,True,True,UNMATCHED,NONE,False
UBL,True,True,UNMATCHED,NONE,False
UBN,True,True,UNMATCHED,NONE,False
UBR,True,True,UNMATCHED,NONE,False
UCA,True,True,UNMATCHED,NONE,False
UCB,True,True,UNMATCHED,NONE,False
UCH,True,True,UNMATCHED,NONE,False
UCP,True,True,MATCHED,HIGH,True
UCR,True,True,UNMATCHED,NONE,False
UD,True,True,UNMATCHED,NONE,False
UDGR,True,True,UNMATCHED,NONE,False
UDK,True,True,UNMATCHED,NONE,False
UDKN,True,True,UNMATCHED,NONE,False
UDL,True,True,UNMATCHED,NONE,False
UDM,True,True,UNMATCHED,NONE,False
UDMR,True,True,UNMATCHED,NONE,False
UDN,True,True,UNMATCHED,NONE,False
UDPR,True,True,UNMATCHED,NONE,False
UDPU,True,True,UNMATCHED,NONE,False
UDR,True,True,UNMATCHED,NONE,False
UDS,True,True,UNMATCHED,NONE,False
UDT,True,True,UNMATCHED,NONE,False
UDZ,True,True,UNMATCHED,NONE,False
UGD,True,True,UNMATCHED,NONE,False
UGN,True,True,UNMATCHED,NONE,False
UGNA,True,True,UNMATCHED,NONE,False
UGP,True,True,UNMATCHED,NONE,False
UGR,True,True,UNMATCHED,NONE,False
UGU,True,True,UNMATCHED,NONE,False
UHL,True,True,UNMATCHED,NONE,False
UHP,True,True,UNMATCHED,NONE,False
UHR,True,True,UNMATCHED,NONE,False
UJ,True,True,UNMATCHED,NONE,False
UJA,True,True,UNMATCHED,NONE,False
UJH,True,True,UNMATCHED,NONE,False
UJN,True,True,UNMATCHED,NONE,False
UJP,True,True,UNMATCHED,NONE,False
UKA,True,True,UNMATCHED,NONE,False
UKC,True,True,UNMATCHED,NONE,False
UKD,True,True,UNMATCHED,NONE,False
UKE,True,True,UNMATCHED,NONE,False
UKH,True,True,UNMATCHED,NONE,False
UKL,True,True,UNMATCHED,NONE,False
UKN,True,True,UNMATCHED,NONE,False
UKR,True,True,UNMATCHED,NONE,False
UKV,True,True,MATCHED,HIGH,True
ULB,True,True,UNMATCHED,NONE,False
ULD,True,True,UNMATCHED,NONE,False
ULG,True,True,UNMATCHED,NONE,False
ULL,True,True,UNMATCHED,NONE,False
ULM,True,True,UNMATCHED,NONE,False
ULN,True,True,UNMATCHED,NONE,False
ULNR,True,True,UNMATCHED,NONE,False
ULT,True,True,UNMATCHED,NONE,False
ULU,True,True,MATCHED,HIGH,True
UM,True,True,UNMATCHED,NONE,False
UMB,True,True,UNMATCHED,NONE,False
UMD,True,True,UNMATCHED,NONE,False
UMED,True,True,UNMATCHED,NONE,False
UMG,True,True,MATCHED,HIGH,True
UMH,True,True,UNMATCHED,NONE,False
UML,True,True,UNMATCHED,NONE,False
UMM,True,True,UNMATCHED,NONE,False
UMN,True,True,UNMATCHED,NONE,False
UMNF,True,True,UNMATCHED,NONE,False
UMNR,True,True,UNMATCHED,NONE,False
UMR,True,True,UNMATCHED,NONE,False
UMRI,True,True,UNMATCHED,NONE,False
UMS,True,True,UNMATCHED,NONE,False
UNA,True,True,UNMATCHED,NONE,False
UND,True,True,UNMATCHED,NONE,False
UNDI,True,True,MATCHED,MEDIUM,True
UNK,True,True,UNMATCHED,NONE,False
UNL,True,True,UNMATCHED,NONE,False
UNLA,True,True,UNMATCHED,NONE,False
UOI,True,True,UNMATCHED,NONE,False
UPA,True,True,UNMATCHED,NONE,False
UPD,True,True,UNMATCHED,NONE,False
UPL,True,True,MATCHED,MEDIUM,True
UPR,True,True,UNMATCHED,NONE,False
UPW,True,True,UNMATCHED,NONE,False
UR,True,True,UNMATCHED,NONE,False
URD,True,True,UNMATCHED,NONE,False
UREN,True,True,UNMATCHED,NONE,False
URGA,True,True,UNMATCHED,NONE,False
URI,True,True,UNMATCHED,NONE,False
URK,True,True,UNMATCHED,NONE,False
URL,True,True,UNMATCHED,NONE,False
URMA,True,True,UNMATCHED,NONE,False
URML,True,True,UNMATCHED,NONE,False
URN,True,True,UNMATCHED,NONE,False
URP,True,True,UNMATCHED,NONE,False
URPR,True,True,UNMATCHED,NONE,False
URR,True,True,UNMATCHED,NONE,False
USD,True,True,UNMATCHED,NONE,False
USK,True,True,UNMATCHED,NONE,False
USL,True,True,UNMATCHED,NONE,False
USRA,True,True,UNMATCHED,NONE,False
UTA,True,True,UNMATCHED,NONE,False
UTD,True,True,UNMATCHED,NONE,False
UTL,True,True,UNMATCHED,NONE,False
UTN,True,True,UNMATCHED,NONE,False
UTP,True,True,UNMATCHED,NONE,False
UTR,True,True,UNMATCHED,NONE,False
UVD,True,True,UNMATCHED,NONE,False
UWAN,True,True,UNMATCHED,NONE,False
UWNR,True,True,UNMATCHED,NONE,False
VAA,True,True,UNMATCHED,NONE,False
VADR,True,True,UNMATCHED,NONE,False
VAK,True,True,UNMATCHED,NONE,False
VAL,True,True,MATCHED,MEDIUM,True
VAN,True,True,UNMATCHED,NONE,False
VAPI,True,True,UNMATCHED,NONE,False
VAPM,True,True,UNMATCHED,NONE,False
VAR,True,True,UNMATCHED,NONE,False
VARD,True,True,UNMATCHED,NONE,False
VAT,True,True,UNMATCHED,NONE,False
VAY,True,True,UNMATCHED,NONE,False
VB,True,True,UNMATCHED,NONE,False
VBH,True,True,UNMATCHED,NONE,False
VBL,True,True,UNMATCHED,NONE,False
VBR,True,True,UNMATCHED,NONE,False
VBW,True,True,UNMATCHED,NONE,False
VCN,True,True,UNMATCHED,NONE,False
VD,True,True,UNMATCHED,NONE,False
VDA,True,True,UNMATCHED,NONE,False
VDD,True,True,UNMATCHED,NONE,False
VDE,True,True,UNMATCHED,NONE,False
VDH,True,True,UNMATCHED,NONE,False
VDI,True,True,UNMATCHED,NONE,False
VDK,True,True,UNMATCHED,NONE,False
VDKS,True,True,UNMATCHED,NONE,False
VDL,True,True,MATCHED,HIGH,True
VDLR,True,True,UNMATCHED,NONE,False
VDM,True,True,MATCHED,HIGH,True
VDN,True,True,UNMATCHED,NONE,False
VDP,True,True,UNMATCHED,NONE,False
VDR,True,True,MATCHED,HIGH,True
VDS,True,True,UNMATCHED,NONE,False
VDV,True,True,UNMATCHED,NONE,False
VEER,True,True,UNMATCHED,NONE,False
VEI,True,True,MATCHED,HIGH,True
VEK,True,True,UNMATCHED,NONE,False
VEL,True,True,MATCHED,HIGH,True
VELI,True,True,UNMATCHED,NONE,False
VEN,True,True,UNMATCHED,NONE,False
VER,True,True,UNMATCHED,NONE,False
VEU,True,True,MATCHED,HIGH,True
VG,True,True,UNMATCHED,NONE,False
VGA,True,True,UNMATCHED,NONE,False
VGE,True,True,UNMATCHED,NONE,False
VGH,True,True,UNMATCHED,NONE,False
VGI,True,True,UNMATCHED,NONE,False
VGL,True,True,UNMATCHED,NONE,False
VGM,True,True,MATCHED,HIGH,True
VGN,True,True,UNMATCHED,NONE,False
VGRA,True,True,UNMATCHED,NONE,False
VGT,True,True,UNMATCHED,NONE,False
VH,True,True,UNMATCHED,NONE,False
VHGN,True,True,UNMATCHED,NONE,False
VI,True,True,UNMATCHED,NONE,False
VID,True,True,UNMATCHED,NONE,False
VINH,True,True,UNMATCHED,NONE,False
VJA,True,True,UNMATCHED,NONE,False
VJD,True,True,UNMATCHED,NONE,False
VJF,True,True,UNMATCHED,NONE,False
VJK,True,True,UNMATCHED,NONE,False
VJP,True,True,UNMATCHED,NONE,False
VJPJ,True,True,UNMATCHED,NONE,False
VJR,True,True,UNMATCHED,NONE,False
VK,True,True,UNMATCHED,NONE,False
VKA,True,True,UNMATCHED,NONE,False
VKB,True,True,UNMATCHED,NONE,False
VKD,True,True,UNMATCHED,NONE,False
VKG,True,True,MATCHED,MEDIUM,True
VKH,True,True,UNMATCHED,NONE,False
VKI,True,True,UNMATCHED,NONE,False
VKM,True,True,MATCHED,HIGH,True
VKN,True,True,UNMATCHED,NONE,False
VKNR,True,True,UNMATCHED,NONE,False
VKP,True,True,UNMATCHED,NONE,False
VKR,True,True,UNMATCHED,NONE,False
VKT,True,True,UNMATCHED,NONE,False
VKZ,True,True,UNMATCHED,NONE,False
VL,True,True,UNMATCHED,NONE,False
VLA,True,True,UNMATCHED,NONE,False
VLCY,True,True,MATCHED,HIGH,True
VLD,True,True,UNMATCHED,NONE,False
VLDE,True,True,MATCHED,HIGH,True
VLDI,True,True,UNMATCHED,NONE,False
VLDR,True,True,UNMATCHED,NONE,False
VLE,True,True,UNMATCHED,NONE,False
VLG,True,True,UNMATCHED,NONE,False
VLI,True,True,UNMATCHED,NONE,False
VLK,True,True,MATCHED,HIGH,True
VLL,True,True,UNMATCHED,NONE,False
VLNK,True,True,MATCHED,HIGH,True
VLR,True,True,MATCHED,HIGH,True
VLT,True,True,MATCHED,HIGH,True
VLTR,True,True,UNMATCHED,NONE,False
VLU,True,True,MATCHED,HIGH,True
VLV,True,True,UNMATCHED,NONE,False
VLY,True,True,UNMATCHED,NONE,False
VLYN,True,True,UNMATCHED,NONE,False
VM,True,True,MATCHED,HIGH,True
VMA,True,True,UNMATCHED,NONE,False
VMD,True,True,UNMATCHED,NONE,False
VML,True,True,UNMATCHED,NONE,False
VMP,True,True,UNMATCHED,NONE,False
VMU,True,True,UNMATCHED,NONE,False
VN,True,True,MATCHED,HIGH,True
VNA,True,True,UNMATCHED,NONE,False
VNB,True,True,UNMATCHED,NONE,False
VND,True,True,UNMATCHED,NONE,False
VNE,True,True,UNMATCHED,NONE,False
VNGL,True,True,UNMATCHED,NONE,False
VNGP,True,True,UNMATCHED,NONE,False
VNJ,True,True,UNMATCHED,NONE,False
VNK,True,True,UNMATCHED,NONE,False
VNM,True,True,UNMATCHED,NONE,False
VNN,True,True,UNMATCHED,NONE,False
VNR,True,True,UNMATCHED,NONE,False
VNRD,True,True,UNMATCHED,NONE,False
VNUP,True,True,UNMATCHED,NONE,False
VONB,True,True,UNMATCHED,NONE,False
VP,True,True,UNMATCHED,NONE,False
VPDA,True,True,UNMATCHED,NONE,False
VPG,True,True,UNMATCHED,NONE,False
VPJ,True,True,MATCHED,HIGH,True
VPL,True,True,UNMATCHED,NONE,False
VPO,True,True,UNMATCHED,NONE,False
VPR,True,True,UNMATCHED,NONE,False
VPT,True,True,UNMATCHED,NONE,False
VPU,True,True,UNMATCHED,NONE,False
VPY,True,True,UNMATCHED,NONE,False
VPZ,True,True,UNMATCHED,NONE,False
VR,True,True,MATCHED,MEDIUM,True
VRA,True,True,MATCHED,HIGH,True
VRB,True,True,UNMATCHED,NONE,False
VRBD,True,True,UNMATCHED,NONE,False
VRDP,True,True,MATCHED,HIGH,True
VRE,True,True,UNMATCHED,NONE,False
VRG,True,True,UNMATCHED,NONE,False
VRH,True,True,UNMATCHED,NONE,False
VRI,True,True,MATCHED,HIGH,True
VRL,True,True,UNMATCHED,NONE,False
VRLF,True,True,UNMATCHED,NONE,False
VRLI,True,True,UNMATCHED,NONE,False
VRLR,True,True,UNMATCHED,NONE,False
VRM,True,True,UNMATCHED,NONE,False
VRN,True,True,UNMATCHED,NONE,False
VRPD,True,True,MATCHED,HIGH,True
VRQ,True,True,MATCHED,HIGH,True
VRR,True,True,UNMATCHED,NONE,False
VRT,True,True,MATCHED,HIGH,True
VRVL,True,True,UNMATCHED,NONE,False
VRX,True,True,UNMATCHED,NONE,False
VS,True,True,UNMATCHED,NONE,False
VSD,True,True,UNMATCHED,NONE,False
VSG,True,True,UNMATCHED,NONE,False
VSH,True,True,UNMATCHED,NONE,False
VSKP,True,True,UNMATCHED,NONE,False
VSPR,True,True,UNMATCHED,NONE,False
VST,True,True,UNMATCHED,NONE,False
VSU,True,True,UNMATCHED,NONE,False
VSW,True,True,UNMATCHED,NONE,False
VT,True,True,UNMATCHED,NONE,False
VTA,True,True,UNMATCHED,NONE,False
VTE,True,True,UNMATCHED,NONE,False
VTG,True,True,UNMATCHED,NONE,False
VTJ,True,True,UNMATCHED,NONE,False
VTK,True,True,UNMATCHED,NONE,False
VTL,True,True,UNMATCHED,NONE,False
VTM,True,True,UNMATCHED,NONE,False
VTN,True,True,UNMATCHED,NONE,False
VTP,True,True,UNMATCHED,NONE,False
VTV,True,True,UNMATCHED,NONE,False
VU,True,True,UNMATCHED,NONE,False
VV,True,True,UNMATCHED,NONE,False
VVA,True,True,UNMATCHED,NONE,False
VVB,True,True,UNMATCHED,NONE,False
VVD,True,True,UNMATCHED,NONE,False
VVH,True,True,UNMATCHED,NONE,False
VVKN,True,True,UNMATCHED,NONE,False
VVKP,True,True,UNMATCHED,NONE,False
VVM,True,True,UNMATCHED,NONE,False
VVN,True,True,MATCHED,HIGH,True
VVR,True,True,UNMATCHED,NONE,False
VVV,True,True,UNMATCHED,NONE,False
VWA,True,True,UNMATCHED,NONE,False
VXD,True,True,UNMATCHED,NONE,False
VXM,True,True,MATCHED,HIGH,True
VYA,True,True,UNMATCHED,NONE,False
VYK,True,True,UNMATCHED,NONE,False
VYN,True,True,UNMATCHED,NONE,False
VZ,True,True,UNMATCHED,NONE,False
VZM,True,True,UNMATCHED,NONE,False
VZPH,True,True,UNMATCHED,NONE,False
VZR,True,True,UNMATCHED,NONE,False
WAB,True,True,UNMATCHED,NONE,False
WADI,True,True,UNMATCHED,NONE,False
WADO,True,True,UNMATCHED,NONE,False
WAIR,True,True,UNMATCHED,NONE,False
WANI,True,True,UNMATCHED,NONE,False
WC,True,True,UNMATCHED,NONE,False
WCN,True,True,MATCHED,HIGH,True
WDA,True,True,UNMATCHED,NONE,False
WDG,True,True,UNMATCHED,NONE,False
WDJ,True,True,UNMATCHED,NONE,False
WDL,True,True,UNMATCHED,NONE,False
WDLN,True,True,UNMATCHED,NONE,False
WDM,True,True,UNMATCHED,NONE,False
WDN,True,True,UNMATCHED,NONE,False
WDR,True,True,UNMATCHED,NONE,False
WDS,True,True,UNMATCHED,NONE,False
WEL,True,True,UNMATCHED,NONE,False
WENA,True,True,UNMATCHED,NONE,False
WFD,True,True,UNMATCHED,NONE,False
WG,True,True,UNMATCHED,NONE,False
WGA,True,True,UNMATCHED,NONE,False
WGJ,True,True,UNMATCHED,NONE,False
WH,True,True,UNMATCHED,NONE,False
WHM,True,True,UNMATCHED,NONE,False
WIRR,True,True,UNMATCHED,NONE,False
WJ,True,True,MATCHED,HIGH,True
WJR,True,True,MATCHED,HIGH,True
WKA,True,True,UNMATCHED,NONE,False
WKI,True,True,UNMATCHED,NONE,False
WKR,True,True,UNMATCHED,NONE,False
WKRC,True,True,UNMATCHED,NONE,False
WL,True,True,UNMATCHED,NONE,False
WLGN,True,True,UNMATCHED,NONE,False
WLH,True,True,UNMATCHED,NONE,False
WNG,True,True,UNMATCHED,NONE,False
WOC,True,True,UNMATCHED,NONE,False
WP,True,True,UNMATCHED,NONE,False
WPR,True,True,UNMATCHED,NONE,False
WR,True,True,UNMATCHED,NONE,False
WRA,True,True,UNMATCHED,NONE,False
WRC,True,True,UNMATCHED,NONE,False
WRGN,True,True,UNMATCHED,NONE,False
WRI,True,True,UNMATCHED,NONE,False
WRR,True,True,UNMATCHED,NONE,False
WRS,True,True,UNMATCHED,NONE,False
WSA,True,True,UNMATCHED,NONE,False
WSB,True,True,UNMATCHED,NONE,False
WSC,True,True,UNMATCHED,NONE,False
WSD,True,True,UNMATCHED,NONE,False
WSJ,True,True,UNMATCHED,NONE,False
WST,True,True,MATCHED,HIGH,True
WTJ,True,True,UNMATCHED,NONE,False
WTR,True,True,UNMATCHED,NONE,False
WW,True,True,UNMATCHED,NONE,False
WWA,True,True,UNMATCHED,NONE,False
WZJ,True,True,UNMATCHED,NONE,False
XBKJ,True,True,UNMATCHED,NONE,False
Y,True,True,UNMATCHED,NONE,False
YA,True,True,UNMATCHED,NONE,False
YAD,True,True,UNMATCHED,NONE,False
YADA,True,True,UNMATCHED,NONE,False
YAG,True,True,UNMATCHED,NONE,False
YDD,True,True,UNMATCHED,NONE,False
YDLP,True,True,UNMATCHED,NONE,False
YDM,True,True,UNMATCHED,NONE,False
YDP,True,True,UNMATCHED,NONE,False
YDV,True,True,UNMATCHED,NONE,False
YFP,True,True,UNMATCHED,NONE,False
YG,True,True,UNMATCHED,NONE,False
YGA,True,True,UNMATCHED,NONE,False
YGD,True,True,UNMATCHED,NONE,False
YGL,True,True,UNMATCHED,NONE,False
YGM,True,True,UNMATCHED,NONE,False
YJUD,True,True,UNMATCHED,NONE,False
YKA,True,True,UNMATCHED,NONE,False
YL,True,True,UNMATCHED,NONE,False
YLG,True,True,UNMATCHED,NONE,False
YLK,True,True,UNMATCHED,NONE,False
YLM,True,True,UNMATCHED,NONE,False
YNG,True,True,UNMATCHED,NONE,False
YNK,True,True,UNMATCHED,NONE,False
YP,True,True,UNMATCHED,NONE,False
YPD,True,True,UNMATCHED,NONE,False
YPR,True,True,UNMATCHED,NONE,False
YPRA,True,True,UNMATCHED,NONE,False
YS,True,True,UNMATCHED,NONE,False
YSI,True,True,UNMATCHED,NONE,False
YT,True,True,UNMATCHED,NONE,False
YVP,True,True,UNMATCHED,NONE,False
YY,True,True,UNMATCHED,NONE,False
ZARP,True,True,UNMATCHED,NONE,False
ZB,True,True,UNMATCHED,NONE,False
ZBD,True,True,UNMATCHED,NONE,False
ZN,True,True,UNMATCHED,NONE,False
ZNA,True,True,UNMATCHED,NONE,False
ZNP,True,True,UNMATCHED,NONE,False
ZP,True,True,UNMATCHED,NONE,False
ZPI,True,True,UNMATCHED,NONE,False
ZPL,True,True,UNMATCHED,NONE,False
ZPR,True,True,UNMATCHED,NONE,False
ZRDE,True,True,UNMATCHED,NONE,False
