segment_id,section_id,start_km,end_km,latitude_start,longitude_start,latitude_end,longitude_end
SEG_00001,SEC_001,0.0,0.221,13.077749,80.261257,13.078083,80.259245
SEG_00002,SEC_001,0.221,0.425,13.078083,80.259245,13.077644,80.257414
SEG_00003,SEC_001,0.425,0.636,13.077644,80.257414,13.077237,80.255511
SEG_00004,SEC_001,0.636,0.922,13.077237,80.255511,13.076766,80.252918
SEG_00005,SEC_001,0.922,1.14,13.076766,80.252918,13.076437,80.250938
SEG_00006,SEC_001,1.14,4.49,13.076437,80.250938,13.05332,80.231106
SEG_00007,SEC_001,4.49,4.719,13.05332,80.231106,13.051283,80.230801
SEG_00008,SEC_001,4.719,4.993,13.051283,80.230801,13.048845,80.230441
SEG_00009,SEC_001,4.993,5.342,13.048845,80.230441,13.04574,80.22996
SEG_00010,SEC_001,5.342,5.569,13.04574,80.22996,13.043754,80.229488
SEG_00011,SEC_001,5.569,5.85,13.043754,80.229488,13.041313,80.228822
SEG_00012,SEC_001,5.85,6.079,13.041313,80.228822,13.039397,80.228044
SEG_00013,SEC_001,6.079,6.229,13.039397,80.228044,13.038066,80.227775
SEG_00014,SEC_002,6.229,6.531,13.038066,80.227775,13.035407,80.227213
SEG_00015,SEC_002,6.531,7.341,13.035407,80.227213,13.028364,80.225286
SEG_00016,SEC_002,7.341,7.543,13.028364,80.225286,13.026608,80.224809
SEG_00017,SEC_002,7.543,7.743,13.026608,80.224809,13.024862,80.22435
SEG_00018,SEC_002,7.743,8.011,13.024862,80.22435,13.022532,80.223713
SEG_00019,SEC_002,8.011,8.31,13.022532,80.223713,13.020115,80.222498
SEG_00020,SEC_002,8.31,8.725,13.020115,80.222498,13.016755,80.220834
SEG_00021,SEC_002,8.725,9.05,13.016755,80.220834,13.014128,80.219522
SEG_00022,SEC_002,9.05,9.271,13.014128,80.219522,13.012583,80.21824
SEG_00023,SEC_002,9.271,9.569,13.012583,80.21824,13.010929,80.216075
SEG_00024,SEC_002,9.569,9.794,13.010929,80.216075,13.009718,80.214405
SEG_00025,SEC_002,9.794,10.021,13.009718,80.214405,13.008669,80.212606
SEG_00026,SEC_003,10.022,10.224,13.008669,80.212606,13.007417,80.211261
SEG_00027,SEC_003,10.224,10.48,13.007417,80.211261,13.005368,80.210194
SEG_00028,SEC_003,10.48,10.76,13.005368,80.210194,13.003191,80.208901
SEG_00029,SEC_003,10.76,10.968,13.003191,80.208901,13.001491,80.208103
SEG_00030,SEC_003,10.968,11.173,13.001491,80.208103,12.999854,80.207235
SEG_00031,SEC_003,11.173,11.462,12.999854,80.207235,12.997789,80.205622
SEG_00032,SEC_003,11.462,11.703,12.997789,80.205622,12.996578,80.203775
SEG_00033,SEC_003,11.703,11.916,12.996578,80.203775,12.995785,80.201982
SEG_00034,SEC_003,11.916,12.135,12.995785,80.201982,12.994973,80.200145
SEG_00035,SEC_003,12.135,12.22,12.994973,80.200145,12.994765,80.199371
SEG_00036,SEC_004,12.22,12.434,12.994765,80.199371,12.994056,80.197534
SEG_00037,SEC_004,12.434,12.661,12.994056,80.197534,12.993139,80.195666
SEG_00038,SEC_004,12.661,12.991,12.993139,80.195666,12.990172,80.195524
SEG_00039,SEC_004,12.991,13.212,12.990172,80.195524,12.988186,80.195463
SEG_00040,SEC_004,13.212,13.434,12.988186,80.195463,12.986238,80.195933
SEG_00041,SEC_004,13.434,14.189,12.986238,80.195933,12.992508,80.193259
SEG_00042,SEC_004,14.189,14.398,12.992508,80.193259,12.991789,80.191477
SEG_00043,SEC_004,14.398,14.598,12.991789,80.191477,12.991304,80.189696
SEG_00044,SEC_004,14.598,14.802,12.991304,80.189696,12.990638,80.18794
SEG_00045,SEC_005,14.803,15.003,12.990638,80.18794,12.989974,80.18622
SEG_00046,SEC_005,15.003,15.236,12.989974,80.18622,12.98888,80.184382
SEG_00047,SEC_005,15.236,15.46,12.98888,80.184382,12.987961,80.182539
SEG_00048,SEC_005,15.46,15.752,12.987961,80.182539,12.986848,80.180094
SEG_00049,SEC_005,15.752,16.006,12.986848,80.180094,12.985829,80.177996
SEG_00050,SEC_005,16.006,16.238,12.985829,80.177996,12.985189,80.175962
SEG_00051,SEC_005,16.238,16.347,12.985189,80.175962,12.984698,80.175093
SEG_00052,SEC_006,16.348,16.549,12.984698,80.175093,12.983955,80.1734
SEG_00053,SEC_006,16.549,16.781,12.983955,80.1734,12.982799,80.171613
SEG_00054,SEC_006,16.781,17.01,12.982799,80.171613,12.981979,80.169673
SEG_00055,SEC_006,17.01,17.21,12.981979,80.169673,12.981256,80.167981
SEG_00056,SEC_006,17.21,17.463,12.981256,80.167981,12.980461,80.165793
SEG_00057,SEC_007,17.464,17.689,12.980461,80.165793,12.979232,80.164138
SEG_00058,SEC_007,17.689,17.921,12.979232,80.164138,12.977794,80.162593
SEG_00059,SEC_007,17.921,18.22,12.977794,80.162593,12.975979,80.160554
SEG_00060,SEC_007,18.22,18.486,12.975979,80.160554,12.974383,80.158728
SEG_00061,SEC_007,18.486,18.707,12.974383,80.158728,12.972976,80.157282
SEG_00062,SEC_007,18.707,18.981,12.972976,80.157282,12.971339,80.155398
SEG_00063,SEC_007,18.981,19.189,12.971339,80.155398,12.970014,80.15404
SEG_00064,SEC_007,19.189,19.391,12.970014,80.15404,12.968599,80.152871
SEG_00065,SEC_007,19.391,19.536,12.968599,80.152871,12.967574,80.15205
SEG_00066,SEC_008,19.536,19.792,12.967574,80.15205,12.965581,80.150862
SEG_00067,SEC_008,19.792,20.05,12.965581,80.150862,12.963687,80.149491
SEG_00068,SEC_008,20.05,20.33,12.963687,80.149491,12.961652,80.147967
SEG_00069,SEC_008,20.33,20.606,12.961652,80.147967,12.959608,80.146524
SEG_00070,SEC_008,20.606,20.853,12.959608,80.146524,12.957716,80.145339
SEG_00071,SEC_008,20.853,21.087,12.957716,80.145339,12.955949,80.144167
SEG_00072,SEC_008,21.087,21.455,12.955949,80.144167,12.953312,80.142114
SEG_00073,SEC_008,21.455,21.616,12.953312,80.142114,12.95219,80.141168
SEG_00074,SEC_009,21.616,21.859,12.95219,80.141168,12.950279,80.140087
SEG_00075,SEC_009,21.859,22.18,12.950279,80.140087,12.947846,80.138501
SEG_00076,SEC_009,22.18,22.423,12.947846,80.138501,12.946089,80.137166
SEG_00077,SEC_009,22.423,22.679,12.946089,80.137166,12.944195,80.135828
SEG_00078,SEC_009,22.679,23.157,12.944195,80.135828,12.940593,80.133422
SEG_00079,SEC_009,23.157,23.395,12.940593,80.133422,12.938791,80.132242
SEG_00080,SEC_009,23.395,23.657,12.938791,80.132242,12.936959,80.130703
SEG_00081,SEC_010,23.657,23.887,12.936959,80.130703,12.935209,80.129563
SEG_00082,SEC_010,23.887,24.123,12.935209,80.129563,12.933489,80.128293
SEG_00083,SEC_010,24.123,24.37,12.933489,80.128293,12.932114,80.126502
SEG_00084,SEC_010,24.37,24.578,12.932114,80.126502,12.930954,80.124996
SEG_00085,SEC_010,24.578,24.788,12.930954,80.124996,12.929396,80.123904
SEG_00086,SEC_010,24.788,25.002,12.929396,80.123904,12.928657,80.122076
SEG_00087,SEC_010,25.002,25.215,12.928657,80.122076,12.927551,80.120474
SEG_00088,SEC_010,25.215,25.449,12.927551,80.120474,12.925696,80.119455
SEG_00089,SEC_010,25.449,25.616,12.925696,80.119455,12.925792,80.117919
SEG_00090,SEC_011,25.616,25.822,12.925792,80.117919,12.924191,80.116959
SEG_00091,SEC_011,25.822,26.027,12.924191,80.116959,12.923281,80.115314
SEG_00092,SEC_011,26.027,26.385,12.923281,80.115314,12.921189,80.112809
SEG_00093,SEC_011,26.385,26.609,12.921189,80.112809,12.91989,80.111226
SEG_00094,SEC_011,26.609,26.962,12.91989,80.111226,12.917868,80.108713
SEG_00095,SEC_011,26.962,27.377,12.917868,80.108713,12.915513,80.105738
SEG_00096,SEC_011,27.377,27.656,12.915513,80.105738,12.913917,80.103758
SEG_00097,SEC_011,27.656,27.898,12.913917,80.103758,12.912486,80.10208
SEG_00098,SEC_011,27.898,28.203,12.912486,80.10208,12.91069,80.099949
SEG_00099,SEC_011,28.203,28.463,12.91069,80.099949,12.909176,80.098126
SEG_00100,SEC_011,28.463,28.677,12.909176,80.098126,12.907703,80.09685
SEG_00101,SEC_011,28.677,28.898,12.907703,80.09685,12.90614,80.095592
SEG_00102,SEC_011,28.898,29.014,12.90614,80.095592,12.905243,80.095046
SEG_00103,SEC_012,29.014,29.244,12.905243,80.095046,12.903593,80.093771
SEG_00104,SEC_012,29.244,29.57,12.903593,80.093771,12.901297,80.091904
SEG_00105,SEC_012,29.57,29.79,12.901297,80.091904,12.89967,80.09075
SEG_00106,SEC_012,29.79,30.002,12.89967,80.09075,12.898111,80.089619
SEG_00107,SEC_012,30.002,30.295,12.898111,80.089619,12.896061,80.087923
SEG_00108,SEC_012,30.295,30.5,12.896061,80.087923,12.894526,80.08688
SEG_00109,SEC_012,30.5,30.711,12.894526,80.08688,12.893077,80.085623
SEG_00110,SEC_012,30.711,30.888,12.893077,80.085623,12.891606,80.084974
SEG_00111,SEC_013,30.888,31.099,12.891606,80.084974,12.890209,80.083658
SEG_00112,SEC_013,31.099,31.875,12.890209,80.083658,12.883816,80.080789
SEG_00113,SEC_013,31.875,32.221,12.883816,80.080789,12.880984,80.079468
SEG_00114,SEC_013,32.221,32.749,12.880984,80.079468,12.876654,80.07747
SEG_00115,SEC_013,32.749,32.984,12.876654,80.07747,12.874737,80.076559
SEG_00116,SEC_013,32.984,33.246,12.874737,80.076559,12.872682,80.075369
SEG_00117,SEC_013,33.246,33.56,12.872682,80.075369,12.870268,80.073865
SEG_00118,SEC_013,33.56,33.837,12.870268,80.073865,12.868106,80.07259
SEG_00119,SEC_013,33.837,33.94,12.868106,80.07259,12.867366,80.072022
SEG_00120,SEC_014,33.94,34.216,12.867366,80.072022,12.865298,80.07061
SEG_00121,SEC_014,34.216,34.533,12.865298,80.07061,12.862897,80.069031
SEG_00122,SEC_014,34.533,35.002,12.862897,80.069031,12.859315,80.066748
SEG_00123,SEC_014,35.002,35.335,12.859315,80.066748,12.8568,80.065084
SEG_00124,SEC_014,35.335,35.558,12.8568,80.065084,12.855139,80.063938
SEG_00125,SEC_014,35.558,35.774,12.855139,80.063938,12.853528,80.062819
SEG_00126,SEC_014,35.774,36.054,12.853528,80.062819,12.851347,80.061525
SEG_00127,SEC_014,36.054,36.268,12.851347,80.061525,12.849733,80.060458
SEG_00128,SEC_014,36.268,36.468,12.849733,80.060458,12.848276,80.059373
SEG_00129,SEC_014,36.468,36.731,12.848276,80.059373,12.846184,80.058241
SEG_00130,SEC_014,36.731,36.855,12.846184,80.058241,12.84523,80.05765
SEG_00131,SEC_015,36.855,37.086,12.84523,80.05765,12.843765,80.056136
SEG_00132,SEC_015,37.086,37.291,12.843765,80.056136,12.842472,80.054787
SEG_00133,SEC_015,37.291,37.506,12.842472,80.054787,12.84125,80.053246
SEG_00134,SEC_015,37.506,37.723,12.84125,80.053246,12.83983,80.051867
SEG_00135,SEC_015,37.723,38.06,12.83983,80.051867,12.837573,80.04979
SEG_00136,SEC_015,38.06,38.573,12.837573,80.04979,12.834321,80.046438
SEG_00137,SEC_015,38.573,38.795,12.834321,80.046438,12.832856,80.045053
SEG_00138,SEC_015,38.795,39.004,12.832856,80.045053,12.831292,80.043979
SEG_00139,SEC_015,39.004,39.39,12.831292,80.043979,12.828432,80.041953
SEG_00140,SEC_015,39.39,39.973,12.828432,80.041953,12.824092,80.038932
SEG_00141,SEC_015,39.973,40.29,12.824092,80.038932,12.821771,80.037234
SEG_00142,SEC_015,40.29,40.58,12.821771,80.037234,12.819525,80.035868
SEG_00143,SEC_015,40.58,41.232,12.819525,80.035868,12.814672,80.032485
SEG_00144,SEC_015,41.232,41.441,12.814672,80.032485,12.813153,80.03135
SEG_00145,SEC_015,41.441,41.871,12.813153,80.03135,12.809908,80.029192
SEG_00146,SEC_015,41.871,42.117,12.809908,80.029192,12.808067,80.027935
SEG_00147,SEC_015,42.117,42.43,12.808067,80.027935,12.805558,80.026634
SEG_00148,SEC_016,42.432,42.714,12.805558,80.026634,12.803634,80.024934
SEG_00149,SEC_016,42.714,43.223,12.803634,80.024934,12.799906,80.022214
SEG_00150,SEC_016,43.223,43.639,12.799906,80.022214,12.796811,80.020056
SEG_00151,SEC_016,43.639,43.857,12.796811,80.020056,12.795153,80.018988
SEG_00152,SEC_016,43.857,44.06,12.795153,80.018988,12.793683,80.017877
SEG_00153,SEC_016,44.06,44.297,12.793683,80.017877,12.791888,80.016692
SEG_00154,SEC_016,44.297,44.5,12.791888,80.016692,12.790319,80.015729
SEG_00155,SEC_016,44.5,44.716,12.790319,80.015729,12.78857,80.014861
SEG_00156,SEC_016,44.716,44.941,12.78857,80.014861,12.786674,80.014144
SEG_00157,SEC_016,44.941,45.16,12.786674,80.014144,12.784874,80.013327
SEG_00158,SEC_016,45.16,45.391,12.784874,80.013327,12.783034,80.012349
SEG_00159,SEC_016,45.391,45.608,12.783034,80.012349,12.781189,80.011706
SEG_00160,SEC_016,45.608,45.827,12.781189,80.011706,12.779454,80.010758
SEG_00161,SEC_016,45.827,46.161,12.779454,80.010758,12.776663,80.009622
SEG_00162,SEC_016,46.161,46.385,12.776663,80.009622,12.77481,80.008807
SEG_00163,SEC_016,46.385,46.618,12.77481,80.008807,12.772895,80.007937
SEG_00164,SEC_016,46.618,46.824,12.772895,80.007937,12.77125,80.007058
SEG_00165,SEC_016,46.824,47.071,12.77125,80.007058,12.769285,80.006001
SEG_00166,SEC_016,47.071,47.323,12.769285,80.006001,12.767458,80.004633
SEG_00167,SEC_016,47.323,47.574,12.767458,80.004633,12.765594,80.003335
SEG_00168,SEC_016,47.574,47.787,12.765594,80.003335,12.764007,80.002236
SEG_00169,SEC_016,47.787,48.066,12.764007,80.002236,12.761923,80.00078
SEG_00170,SEC_017,48.066,48.351,12.761923,80.00078,12.760051,79.998979
SEG_00171,SEC_017,48.351,48.625,12.760051,79.998979,12.758084,79.99745
SEG_00172,SEC_017,48.625,48.826,12.758084,79.99745,12.756537,79.996486
SEG_00173,SEC_017,48.826,49.034,12.756537,79.996486,12.755141,79.995212
SEG_00174,SEC_017,49.034,49.294,12.755141,79.995212,12.753155,79.993939
SEG_00175,SEC_017,49.294,49.512,12.753155,79.993939,12.751559,79.992766
SEG_00176,SEC_017,49.512,49.717,12.751559,79.992766,12.750068,79.991654
SEG_00177,SEC_017,49.717,49.999,12.750068,79.991654,12.748109,79.990007
SEG_00178,SEC_017,49.999,50.204,12.748109,79.990007,12.746541,79.989007
SEG_00179,SEC_017,50.204,52.067,12.746541,79.989007,12.730534,79.983936
SEG_00180,SEC_017,52.067,52.291,12.730534,79.983936,12.728533,79.983679
SEG_00181,SEC_017,52.291,52.532,12.728533,79.983679,12.72639,79.983327
SEG_00182,SEC_017,52.532,52.776,12.72639,79.983327,12.724221,79.983011
SEG_00183,SEC_017,52.776,52.98,12.724221,79.983011,12.722414,79.982703
SEG_00184,SEC_017,52.98,53.249,12.722414,79.982703,12.720003,79.982515
SEG_00185,SEC_017,53.249,53.488,12.720003,79.982515,12.717878,79.98219
SEG_00186,SEC_017,53.488,53.69,12.717878,79.98219,12.716128,79.981707
SEG_00187,SEC_017,53.69,53.928,12.716128,79.981707,12.714215,79.980718
SEG_00188,SEC_017,53.928,54.187,12.714215,79.980718,12.712127,79.979667
SEG_00189,SEC_017,54.187,54.421,12.712127,79.979667,12.710282,79.978628
SEG_00190,SEC_017,54.421,54.733,12.710282,79.978628,12.707492,79.978329
SEG_00191,SEC_017,54.733,54.982,12.707492,79.978329,12.705257,79.97821
SEG_00192,SEC_017,54.982,55.256,12.705257,79.97821,12.702852,79.977665
SEG_00193,SEC_017,55.256,55.483,12.702852,79.977665,12.700831,79.977356
SEG_00194,SEC_017,55.483,55.695,12.700831,79.977356,12.698942,79.977071
SEG_00195,SEC_017,55.695,55.897,12.698942,79.977071,12.697362,79.977982
SEG_00196,SEC_017,55.897,56.137,12.697362,79.977982,12.695813,79.97952
SEG_00197,SEC_017,56.137,56.42,12.695813,79.97952,12.693465,79.980516
SEG_00198,SEC_018,56.42,56.69,12.693465,79.980516,12.691764,79.982293
SEG_00199,SEC_018,56.69,56.901,12.691764,79.982293,12.68995,79.982853
SEG_00200,SEC_018,56.901,57.188,12.68995,79.982853,12.687681,79.984108
SEG_00201,SEC_018,57.188,57.436,12.687681,79.984108,12.685506,79.98462
SEG_00202,SEC_018,57.436,57.684,12.685506,79.98462,12.683337,79.985142
SEG_00203,SEC_018,57.684,57.907,12.683337,79.985142,12.681386,79.985597
SEG_00204,SEC_018,57.907,58.135,12.681386,79.985597,12.679403,79.986124
SEG_00205,SEC_018,58.135,58.4,12.679403,79.986124,12.677067,79.98661
SEG_00206,SEC_018,58.4,63.732,12.677067,79.98661,12.629319,79.982042
SEG_00207,SEC_018,63.732,63.993,12.629319,79.982042,12.627679,79.980321
SEG_00208,SEC_018,63.993,64.236,12.627679,79.980321,12.626171,79.978696
SEG_00209,SEC_018,64.236,64.497,12.626171,79.978696,12.624559,79.976942
SEG_00210,SEC_018,64.497,64.77,12.624559,79.976942,12.622725,79.975262
SEG_00211,SEC_019,64.77,65.073,12.622725,79.975262,12.620319,79.973951
SEG_00212,SEC_019,65.073,65.353,12.620319,79.973951,12.61796,79.973042
SEG_00213,SEC_019,65.353,65.568,12.61796,79.973042,12.616144,79.972358
SEG_00214,SEC_019,65.568,66.068,12.616144,79.972358,12.61193,79.970762
SEG_00215,SEC_019,66.068,66.517,12.61193,79.970762,12.608142,79.969332
SEG_00216,SEC_019,66.517,66.751,12.608142,79.969332,12.606187,79.968538
SEG_00217,SEC_019,66.751,66.957,12.606187,79.968538,12.604658,79.967463
SEG_00218,SEC_019,66.957,67.209,12.604658,79.967463,12.602991,79.965888
SEG_00219,SEC_019,67.209,67.466,12.602991,79.965888,12.601495,79.964089
SEG_00220,SEC_019,67.466,67.723,12.601495,79.964089,12.599965,79.962307
SEG_00221,SEC_019,67.723,68.168,12.599965,79.962307,12.597405,79.959151
SEG_00222,SEC_019,68.168,68.878,12.597405,79.959151,12.593193,79.954236
SEG_00223,SEC_019,68.878,69.083,12.593193,79.954236,12.591964,79.952827
SEG_00224,SEC_019,69.083,69.296,12.591964,79.952827,12.590675,79.95138
SEG_00225,SEC_019,69.296,69.56,12.590675,79.95138,12.58912,79.94954
SEG_00226,SEC_019,69.56,69.762,12.58912,79.94954,12.587877,79.948181
SEG_00227,SEC_019,69.762,69.975,12.587877,79.948181,12.586305,79.947061
SEG_00228,SEC_019,69.975,70.202,12.586305,79.947061,12.584604,79.945897
SEG_00229,SEC_019,70.202,70.542,12.584604,79.945897,12.581858,79.944515
SEG_00230,SEC_019,70.542,70.815,12.581858,79.944515,12.579608,79.943519
SEG_00231,SEC_019,70.815,71.099,12.579608,79.943519,12.577262,79.942483
SEG_00232,SEC_019,71.099,71.456,12.577262,79.942483,12.574314,79.941181
SEG_00233,SEC_019,71.456,71.707,12.574314,79.941181,12.57224,79.940271
SEG_00234,SEC_019,71.707,71.921,12.57224,79.940271,12.570433,79.939585
SEG_00235,SEC_019,71.921,72.153,12.570433,79.939585,12.568545,79.938671
SEG_00236,SEC_019,72.153,72.421,12.568545,79.938671,12.566333,79.937687
SEG_00237,SEC_019,72.421,72.648,12.566333,79.937687,12.564436,79.936922
SEG_00238,SEC_019,72.648,72.887,12.564436,79.936922,12.562501,79.935974
SEG_00239,SEC_019,72.887,73.124,12.562501,79.935974,12.560543,79.935119
SEG_00240,SEC_019,73.124,73.511,12.560543,79.935119,12.557324,79.933762
SEG_00241,SEC_019,73.511,73.788,12.557324,79.933762,12.555067,79.932687
SEG_00242,SEC_019,73.788,74.023,12.555067,79.932687,12.553177,79.931714
SEG_00243,SEC_019,74.023,74.352,12.553177,79.931714,12.550916,79.929751
SEG_00244,SEC_019,74.352,74.796,12.550916,79.929751,12.548041,79.926918
SEG_00245,SEC_019,74.796,75.116,12.548041,79.926918,12.545883,79.924963
SEG_00246,SEC_019,75.116,76.014,12.545883,79.924963,12.540027,79.91926
SEG_00247,SEC_019,76.014,76.448,12.540027,79.91926,12.537175,79.916529
SEG_00248,SEC_019,76.448,76.8,12.537175,79.916529,12.534857,79.914327
SEG_00249,SEC_019,76.8,77.232,12.534857,79.914327,12.532107,79.911518
SEG_00250,SEC_020,77.232,77.516,12.532107,79.911518,12.530167,79.909817
SEG_00251,SEC_020,77.516,77.741,12.530167,79.909817,12.528637,79.908459
SEG_00252,SEC_020,77.741,78.153,12.528637,79.908459,12.525932,79.905867
SEG_00253,SEC_020,78.153,78.405,12.525932,79.905867,12.524275,79.904288
SEG_00254,SEC_020,78.405,78.646,12.524275,79.904288,12.522498,79.90302
SEG_00255,SEC_020,78.646,78.885,12.522498,79.90302,12.520558,79.902073
SEG_00256,SEC_020,78.885,79.102,12.520558,79.902073,12.518856,79.901102
SEG_00257,SEC_020,79.102,79.345,12.518856,79.901102,12.516847,79.900225
SEG_00258,SEC_020,79.345,79.669,12.516847,79.900225,12.514216,79.898951
SEG_00259,SEC_020,79.669,79.987,12.514216,79.898951,12.511639,79.897674
SEG_00260,SEC_020,79.987,80.226,12.511639,79.897674,12.509714,79.89669
SEG_00261,SEC_020,80.226,80.429,12.509714,79.89669,12.508011,79.896017
SEG_00262,SEC_020,80.429,80.671,12.508011,79.896017,12.506146,79.894869
SEG_00263,SEC_020,80.671,80.898,12.506146,79.894869,12.504743,79.893334
SEG_00264,SEC_021,80.898,81.147,12.504743,79.893334,12.503411,79.891496
SEG_00265,SEC_021,81.147,81.548,12.503411,79.891496,12.501507,79.888359
SEG_00266,SEC_021,81.548,81.766,12.501507,79.888359,12.500474,79.886652
SEG_00267,SEC_021,81.766,82.061,12.500474,79.886652,12.499073,79.884339
SEG_00268,SEC_021,82.061,82.394,12.499073,79.884339,12.497494,79.881729
SEG_00269,SEC_021,82.394,82.636,12.497494,79.881729,12.496357,79.879827
SEG_00270,SEC_021,82.636,82.962,12.496357,79.879827,12.494816,79.877271
SEG_00271,SEC_021,82.962,88.5,12.494816,79.877271,12.455799,79.845577
SEG_00272,SEC_021,88.5,88.878,12.455799,79.845577,12.452519,79.844652
SEG_00273,SEC_021,88.878,89.255,12.452519,79.844652,12.449258,79.843698
SEG_00274,SEC_021,89.255,89.48,12.449258,79.843698,12.447418,79.842834
SEG_00275,SEC_021,89.48,90.047,12.447418,79.842834,12.442837,79.840543
SEG_00276,SEC_021,90.047,90.501,12.442837,79.840543,12.439191,79.838663
SEG_00277,SEC_021,90.501,90.775,12.439191,79.838663,12.436995,79.837522
SEG_00278,SEC_021,90.775,90.98,12.436995,79.837522,12.435373,79.836619
SEG_00279,SEC_021,90.98,91.258,12.435373,79.836619,12.433125,79.835499
SEG_00280,SEC_021,91.258,91.499,12.433125,79.835499,12.431178,79.834519
SEG_00281,SEC_021,91.499,91.83,12.431178,79.834519,12.428675,79.832866
SEG_00282,SEC_022,91.831,92.161,12.428675,79.832866,12.425863,79.831881
SEG_00283,SEC_022,92.161,92.432,12.425863,79.831881,12.423689,79.83075
SEG_00284,SEC_022,92.432,92.65,12.423689,79.83075,12.421937,79.829841
SEG_00285,SEC_022,92.65,93.291,12.421937,79.829841,12.416856,79.827044
SEG_00286,SEC_022,93.291,93.649,12.416856,79.827044,12.413934,79.825654
SEG_00287,SEC_022,93.649,94.067,12.413934,79.825654,12.410583,79.823919
SEG_00288,SEC_022,94.067,94.354,12.410583,79.823919,12.408311,79.822656
SEG_00289,SEC_022,94.354,94.81,12.408311,79.822656,12.404623,79.820823
SEG_00290,SEC_022,94.81,95.129,12.404623,79.820823,12.402105,79.819424
SEG_00291,SEC_022,95.129,95.391,12.402105,79.819424,12.399978,79.818395
SEG_00292,SEC_022,95.391,95.594,12.399978,79.818395,12.398517,79.817271
SEG_00293,SEC_022,95.594,95.795,12.398517,79.817271,12.397232,79.815972
SEG_00294,SEC_022,95.795,96.201,12.397232,79.815972,12.394698,79.813278
SEG_00295,SEC_022,96.201,96.44,12.394698,79.813278,12.393264,79.81164
SEG_00296,SEC_022,96.44,96.849,12.393264,79.81164,12.390747,79.808891
SEG_00297,SEC_022,96.849,97.094,12.390747,79.808891,12.389235,79.807255
SEG_00298,SEC_022,97.094,97.825,12.389235,79.807255,12.384766,79.802325
SEG_00299,SEC_022,97.825,98.027,12.384766,79.802325,12.383484,79.801005
SEG_00300,SEC_022,98.027,98.514,12.383484,79.801005,12.38055,79.797679
SEG_00301,SEC_022,98.514,98.858,12.38055,79.797679,12.378401,79.795402
SEG_00302,SEC_022,98.858,99.306,12.378401,79.795402,12.375666,79.792371
SEG_00303,SEC_022,99.306,99.666,12.375666,79.792371,12.373473,79.789935
SEG_00304,SEC_022,99.666,100.205,12.373473,79.789935,12.370154,79.786314
SEG_00305,SEC_022,100.205,100.425,12.370154,79.786314,12.368915,79.784737
SEG_00306,SEC_023,100.425,100.634,12.368915,79.784737,12.367524,79.783444
SEG_00307,SEC_023,100.634,100.879,12.367524,79.783444,12.366018,79.781794
SEG_00308,SEC_023,100.879,101.16,12.366018,79.781794,12.364296,79.779904
SEG_00309,SEC_023,101.16,101.415,12.364296,79.779904,12.362691,79.778234
SEG_00310,SEC_023,101.415,101.623,12.362691,79.778234,12.361329,79.776921
SEG_00311,SEC_023,101.623,101.909,12.361329,79.776921,12.359266,79.775352
SEG_00312,SEC_023,101.909,102.181,12.359266,79.775352,12.357327,79.773825
SEG_00313,SEC_023,102.181,102.4,12.357327,79.773825,12.355779,79.772576
SEG_00314,SEC_023,102.4,102.7,12.355779,79.772576,12.353924,79.77057
SEG_00315,SEC_023,102.7,103.035,12.353924,79.77057,12.35184,79.768339
SEG_00316,SEC_023,103.035,103.396,12.35184,79.768339,12.349569,79.765961
SEG_00317,SEC_023,103.396,103.638,12.349569,79.765961,12.34805,79.76437
SEG_00318,SEC_023,103.638,104.022,12.34805,79.76437,12.345639,79.761833
SEG_00319,SEC_023,104.022,104.409,12.345639,79.761833,12.343234,79.759256
SEG_00320,SEC_023,104.409,104.712,12.343234,79.759256,12.341327,79.757264
SEG_00321,SEC_023,104.712,105.625,12.341327,79.757264,12.335597,79.751247
SEG_00322,SEC_023,105.625,105.744,12.335597,79.751247,12.334797,79.750512
SEG_00323,SEC_024,105.744,106.193,12.334797,79.750512,12.332033,79.747501
SEG_00324,SEC_024,106.193,106.541,12.332033,79.747501,12.329837,79.745217
SEG_00325,SEC_024,106.541,107.026,12.329837,79.745217,12.326827,79.741983
SEG_00326,SEC_024,107.026,107.696,12.326827,79.741983,12.322637,79.737549
SEG_00327,SEC_024,107.696,107.957,12.322637,79.737549,12.321005,79.735822
SEG_00328,SEC_024,107.957,108.267,12.321005,79.735822,12.319059,79.733785
SEG_00329,SEC_024,108.267,108.535,12.319059,79.733785,12.317385,79.73201
SEG_00330,SEC_024,108.535,108.739,12.317385,79.73201,12.316106,79.730669
SEG_00331,SEC_024,108.739,109.032,12.316106,79.730669,12.314274,79.728725
SEG_00332,SEC_024,109.032,109.252,12.314274,79.728725,12.312933,79.727234
SEG_00333,SEC_024,109.252,109.555,12.312933,79.727234,12.310827,79.725463
SEG_00334,SEC_024,109.555,109.759,12.310827,79.725463,12.309353,79.724347
SEG_00335,SEC_024,109.759,110.003,12.309353,79.724347,12.307699,79.722871
SEG_00336,SEC_024,110.003,110.257,12.307699,79.722871,12.305919,79.721411
SEG_00337,SEC_024,110.257,110.378,12.305919,79.721411,12.304935,79.720936
SEG_00338,SEC_025,110.378,110.734,12.304935,79.720936,12.3025,79.718807
SEG_00339,SEC_025,110.734,110.972,12.3025,79.718807,12.300913,79.717339
SEG_00340,SEC_025,110.972,111.263,12.300913,79.717339,12.29887,79.715667
SEG_00341,SEC_025,111.263,111.476,12.29887,79.715667,12.297313,79.714521
SEG_00342,SEC_025,111.476,111.715,12.297313,79.714521,12.295682,79.713083
SEG_00343,SEC_025,111.715,112.166,12.295682,79.713083,12.292475,79.710537
SEG_00344,SEC_025,112.166,112.511,12.292475,79.710537,12.29004,79.708562
SEG_00345,SEC_025,112.511,112.735,12.29004,79.708562,12.288497,79.707233
SEG_00346,SEC_025,112.735,112.936,12.288497,79.707233,12.287074,79.706084
SEG_00347,SEC_025,112.936,113.321,12.287074,79.706084,12.284782,79.703429
SEG_00348,SEC_025,113.321,113.973,12.284782,79.703429,12.280999,79.698844
SEG_00349,SEC_025,113.973,114.375,12.280999,79.698844,12.278695,79.695998
SEG_00350,SEC_025,114.375,114.75,12.278695,79.695998,12.276419,79.693453
SEG_00351,SEC_025,114.75,114.989,12.276419,79.693453,12.275023,79.691785
SEG_00352,SEC_025,114.989,115.378,12.275023,79.691785,12.272878,79.688953
SEG_00353,SEC_025,115.378,115.916,12.272878,79.688953,12.269712,79.68521
SEG_00354,SEC_025,115.916,116.341,12.269712,79.68521,12.267287,79.682182
SEG_00355,SEC_025,116.341,117.231,12.267287,79.682182,12.262076,79.675969
SEG_00356,SEC_025,117.231,117.712,12.262076,79.675969,12.259277,79.672595
SEG_00357,SEC_025,117.712,118.031,12.259277,79.672595,12.25743,79.670354
SEG_00358,SEC_025,118.031,118.475,12.25743,79.670354,12.254873,79.667217
SEG_00359,SEC_025,118.475,118.903,12.254873,79.667217,12.252427,79.664175
SEG_00360,SEC_025,118.903,119.12,12.252427,79.664175,12.251079,79.662734
SEG_00361,SEC_025,119.12,119.341,12.251079,79.662734,12.249534,79.661453
SEG_00362,SEC_025,119.341,119.568,12.249534,79.661453,12.24769,79.660563
SEG_00363,SEC_025,119.568,120.034,12.24769,79.660563,12.243925,79.658682
SEG_00364,SEC_025,120.034,120.476,12.243925,79.658682,12.240368,79.656858
SEG_00365,SEC_025,120.476,120.819,12.240368,79.656858,12.237603,79.655458
SEG_00366,SEC_025,120.819,121.06,12.237603,79.655458,12.235662,79.654477
SEG_00367,SEC_025,121.06,121.288,12.235662,79.654477,12.233867,79.653462
SEG_00368,SEC_025,121.288,121.852,12.233867,79.653462,12.229161,79.651531
SEG_00369,SEC_026,121.852,122.069,12.229161,79.651531,12.227617,79.650313
SEG_00370,SEC_026,122.069,122.272,12.227617,79.650313,12.226208,79.649129
SEG_00371,SEC_026,122.272,122.476,12.226208,79.649129,12.224996,79.647723
SEG_00372,SEC_026,122.476,122.841,12.224996,79.647723,12.222861,79.645173
SEG_00373,SEC_026,122.841,123.077,12.222861,79.645173,12.221478,79.643527
SEG_00374,SEC_026,123.077,123.439,12.221478,79.643527,12.21931,79.641048
SEG_00375,SEC_026,123.439,123.678,12.21931,79.641048,12.217979,79.639324
SEG_00376,SEC_026,123.678,124.115,12.217979,79.639324,12.215372,79.636319
SEG_00377,SEC_026,124.115,124.364,12.215372,79.636319,12.213946,79.634556
SEG_00378,SEC_026,124.364,124.589,12.213946,79.634556,12.212642,79.632976
SEG_00379,SEC_026,124.589,124.817,12.212642,79.632976,12.21117,79.631518
SEG_00380,SEC_026,124.817,125.021,12.21117,79.631518,12.209705,79.630393
SEG_00381,SEC_026,125.021,125.245,12.209705,79.630393,12.207997,79.629299
SEG_00382,SEC_026,125.245,125.485,12.207997,79.629299,12.206091,79.62827
SEG_00383,SEC_026,125.485,125.689,12.206091,79.62827,12.204536,79.627271
SEG_00384,SEC_026,125.689,125.923,12.204536,79.627271,12.202709,79.626204
SEG_00385,SEC_026,125.923,126.194,12.202709,79.626204,12.200545,79.625056
SEG_00386,SEC_026,126.194,126.414,12.200545,79.625056,12.198851,79.624014
SEG_00387,SEC_026,126.414,126.625,12.198851,79.624014,12.197208,79.623038
SEG_00388,SEC_026,126.625,126.837,12.197208,79.623038,12.195536,79.622094
SEG_00389,SEC_026,126.837,127.068,12.195536,79.622094,12.193746,79.621016
SEG_00390,SEC_026,127.068,127.271,12.193746,79.621016,12.192153,79.62011
SEG_00391,SEC_026,127.271,127.492,12.192153,79.62011,12.190423,79.619103
SEG_00392,SEC_026,127.492,127.784,12.190423,79.619103,12.188134,79.617786
SEG_00393,SEC_026,127.784,128.065,12.188134,79.617786,12.185892,79.616585
SEG_00394,SEC_026,128.065,128.276,12.185892,79.616585,12.184285,79.61556
SEG_00395,SEC_026,128.276,128.554,12.184285,79.61556,12.182081,79.614359
SEG_00396,SEC_026,128.554,128.755,12.182081,79.614359,12.180533,79.613412
SEG_00397,SEC_026,128.755,129.021,12.180533,79.613412,12.178449,79.612205
SEG_00398,SEC_026,129.021,129.233,12.178449,79.612205,12.176753,79.611304
SEG_00399,SEC_026,129.233,129.504,12.176753,79.611304,12.174666,79.610019
SEG_00400,SEC_026,129.504,129.786,12.174666,79.610019,12.172445,79.608758
SEG_00401,SEC_026,129.786,129.997,12.172445,79.608758,12.170766,79.607856
SEG_00402,SEC_026,129.997,130.274,12.170766,79.607856,12.168622,79.606564
SEG_00403,SEC_026,130.274,130.532,12.168622,79.606564,12.166565,79.605476
SEG_00404,SEC_026,130.532,130.741,12.166565,79.605476,12.164962,79.604477
SEG_00405,SEC_026,130.741,131.02,12.164962,79.604477,12.162778,79.603214
SEG_00406,SEC_026,131.02,131.32,12.162778,79.603214,12.160258,79.60214
SEG_00407,SEC_027,131.32,131.59,12.160258,79.60214,12.158325,79.600637
SEG_00408,SEC_027,131.59,131.85,12.158325,79.600637,12.156264,79.599512
SEG_00409,SEC_027,131.85,132.085,12.156264,79.599512,12.15445,79.598405
SEG_00410,SEC_027,132.085,132.373,12.15445,79.598405,12.152203,79.597096
SEG_00411,SEC_027,132.373,132.616,12.152203,79.597096,12.150299,79.596004
SEG_00412,SEC_027,132.616,132.998,12.150299,79.596004,12.147302,79.594282
SEG_00413,SEC_027,132.998,133.225,12.147302,79.594282,12.145532,79.593246
SEG_00414,SEC_027,133.225,133.45,12.145532,79.593246,12.143762,79.592244
SEG_00415,SEC_027,133.45,133.787,12.143762,79.592244,12.141095,79.590768
SEG_00416,SEC_027,133.787,134.013,12.141095,79.590768,12.139506,79.589474
SEG_00417,SEC_027,134.013,134.244,12.139506,79.589474,12.138206,79.587819
SEG_00418,SEC_027,134.244,134.998,12.138206,79.587819,12.135498,79.581456
SEG_00419,SEC_027,134.998,135.307,12.135498,79.581456,12.13442,79.57884
SEG_00420,SEC_027,135.307,135.553,12.13442,79.57884,12.133586,79.576741
SEG_00421,SEC_027,135.553,135.859,12.133586,79.576741,12.132424,79.574192
SEG_00422,SEC_027,135.859,136.059,12.132424,79.574192,12.131595,79.572555
SEG_00423,SEC_027,136.059,136.31,12.131595,79.572555,12.130664,79.570448
SEG_00424,SEC_027,136.31,136.54,12.130664,79.570448,12.129581,79.568648
SEG_00425,SEC_027,136.54,136.755,12.129581,79.568648,12.128176,79.567292
SEG_00426,SEC_027,136.755,137.043,12.128176,79.567292,12.126072,79.565741
SEG_00427,SEC_027,137.043,137.279,12.126072,79.565741,12.124313,79.564527
SEG_00428,SEC_027,137.279,137.581,12.124313,79.564527,12.122042,79.562995
SEG_00429,SEC_027,137.581,137.852,12.122042,79.562995,12.12006,79.561547
SEG_00430,SEC_027,137.852,138.156,12.12006,79.561547,12.117772,79.560016
SEG_00431,SEC_027,138.156,138.382,12.117772,79.560016,12.116053,79.558908
SEG_00432,SEC_027,138.382,138.616,12.116053,79.558908,12.114251,79.557801
SEG_00433,SEC_027,138.616,138.827,12.114251,79.557801,12.112696,79.556698
SEG_00434,SEC_027,138.827,139.085,12.112696,79.556698,12.110737,79.555417
SEG_00435,SEC_027,139.085,139.306,12.110737,79.555417,12.109061,79.554327
SEG_00436,SEC_027,139.306,139.535,12.109061,79.554327,12.107137,79.553576
SEG_00437,SEC_027,139.535,139.739,12.107137,79.553576,12.10537,79.553079
SEG_00438,SEC_027,139.739,140.03,12.10537,79.553079,12.102876,79.552244
SEG_00439,SEC_028,140.03,140.258,12.102876,79.552244,12.100842,79.552004
SEG_00440,SEC_028,140.258,140.614,12.100842,79.552004,12.097729,79.551223
SEG_00441,SEC_028,140.614,140.836,12.097729,79.551223,12.09578,79.550765
SEG_00442,SEC_028,140.836,141.128,12.09578,79.550765,12.093223,79.550164
SEG_00443,SEC_028,141.128,141.366,12.093223,79.550164,12.091146,79.549651
SEG_00444,SEC_028,141.366,142.223,12.091146,79.549651,12.083632,79.547881
SEG_00445,SEC_028,142.223,142.798,12.083632,79.547881,12.078596,79.546698
SEG_00446,SEC_028,142.798,143.035,12.078596,79.546698,12.076516,79.546213
SEG_00447,SEC_028,143.035,143.261,12.076516,79.546213,12.074541,79.545727
SEG_00448,SEC_028,143.261,143.495,12.074541,79.545727,12.07249,79.545242
SEG_00449,SEC_028,143.495,143.721,12.07249,79.545242,12.070507,79.544781
SEG_00450,SEC_028,143.721,143.974,12.070507,79.544781,12.068301,79.54423
SEG_00451,SEC_028,143.974,144.229,12.068301,79.54423,12.066062,79.543727
SEG_00452,SEC_028,144.229,144.483,12.066062,79.543727,12.063805,79.543355
SEG_00453,SEC_028,144.483,144.709,12.063805,79.543355,12.061777,79.543263
SEG_00454,SEC_028,144.709,144.986,12.061777,79.543263,12.059282,79.543242
SEG_00455,SEC_028,144.986,145.214,12.059282,79.543242,12.057239,79.543115
SEG_00456,SEC_028,145.214,145.515,12.057239,79.543115,12.054536,79.543044
SEG_00457,SEC_028,145.515,145.787,12.054536,79.543044,12.052089,79.542969
SEG_00458,SEC_028,145.787,146.015,12.052089,79.542969,12.050036,79.542891
SEG_00459,SEC_028,146.015,146.273,12.050036,79.542891,12.047721,79.542833
SEG_00460,SEC_028,146.273,146.518,12.047721,79.542833,12.045515,79.542701
SEG_00461,SEC_029,146.518,146.72,12.045515,79.542701,12.043857,79.541938
SEG_00462,SEC_029,146.72,146.948,12.043857,79.541938,12.042047,79.540948
SEG_00463,SEC_029,146.948,147.199,12.042047,79.540948,12.040297,79.539498
SEG_00464,SEC_029,147.199,147.484,12.040297,79.539498,12.038229,79.537944
SEG_00465,SEC_029,147.484,147.731,12.038229,79.537944,12.036506,79.536508
SEG_00466,SEC_029,147.731,148.036,12.036506,79.536508,12.034335,79.53479
SEG_00467,SEC_029,148.036,148.253,12.034335,79.53479,12.03281,79.533551
SEG_00468,SEC_029,148.253,148.54,12.03281,79.533551,12.030769,79.531941
SEG_00469,SEC_029,148.54,148.786,12.030769,79.531941,12.029012,79.530564
SEG_00470,SEC_029,148.786,149.095,12.029012,79.530564,12.026792,79.528855
SEG_00471,SEC_029,149.095,149.303,12.026792,79.528855,12.025305,79.527692
SEG_00472,SEC_029,149.303,149.577,12.025305,79.527692,12.023347,79.526161
SEG_00473,SEC_029,149.577,149.835,12.023347,79.526161,12.021513,79.524714
SEG_00474,SEC_029,149.835,150.078,12.021513,79.524714,12.019772,79.523364
SEG_00475,SEC_029,150.078,150.283,12.019772,79.523364,12.018177,79.522427
SEG_00476,SEC_029,150.283,150.487,12.018177,79.522427,12.016429,79.521865
SEG_00477,SEC_029,150.487,150.773,12.016429,79.521865,12.013952,79.521153
SEG_00478,SEC_029,150.773,151.041,12.013952,79.521153,12.011616,79.520535
SEG_00479,SEC_029,151.041,151.277,12.011616,79.520535,12.00957,79.519969
SEG_00480,SEC_029,151.277,151.482,12.00957,79.519969,12.007926,79.519118
SEG_00481,SEC_029,151.482,151.726,12.007926,79.519118,12.006075,79.517922
SEG_00482,SEC_029,151.726,151.935,12.006075,79.517922,12.004511,79.51686
SEG_00483,SEC_029,151.935,152.262,12.004511,79.51686,12.002089,79.51515
SEG_00484,SEC_029,152.262,152.512,12.002089,79.51515,12.000133,79.514026
SEG_00485,SEC_029,152.512,152.731,12.000133,79.514026,11.998317,79.513244
SEG_00486,SEC_029,152.731,152.965,11.998317,79.513244,11.996428,79.512289
SEG_00487,SEC_029,152.965,153.125,11.996428,79.512289,11.995165,79.511568
SEG_00488,SEC_030,153.125,153.346,11.995165,79.511568,11.993273,79.510944
SEG_00489,SEC_030,153.346,153.55,11.993273,79.510944,11.99153,79.510344
SEG_00490,SEC_030,153.55,153.77,11.99153,79.510344,11.989763,79.509436
SEG_00491,SEC_030,153.77,154.078,11.989763,79.509436,11.987231,79.50828
SEG_00492,SEC_030,154.078,154.454,11.987231,79.50828,11.98411,79.506959
SEG_00493,SEC_030,154.454,154.657,11.98411,79.506959,11.982426,79.506248
SEG_00494,SEC_030,154.657,154.951,11.982426,79.506248,11.979985,79.505215
SEG_00495,SEC_030,154.951,155.206,11.979985,79.505215,11.97781,79.504486
SEG_00496,SEC_030,155.206,155.558,11.97781,79.504486,11.974687,79.503934
SEG_00497,SEC_030,155.558,155.801,11.974687,79.503934,11.972527,79.503599
SEG_00498,SEC_030,155.801,156.061,11.972527,79.503599,11.970206,79.503286
SEG_00499,SEC_030,156.061,156.326,11.970206,79.503286,11.96786,79.502845
SEG_00500,SEC_030,156.326,156.63,11.96786,79.502845,11.965163,79.502419
SEG_00501,SEC_030,156.63,156.862,11.965163,79.502419,11.963103,79.502086
SEG_00502,SEC_030,156.862,157.107,11.963103,79.502086,11.960922,79.501748
SEG_00503,SEC_030,157.107,157.353,11.960922,79.501748,11.958737,79.501389
SEG_00504,SEC_030,157.353,157.571,11.958737,79.501389,11.956785,79.501162
SEG_00505,SEC_030,157.571,157.883,11.956785,79.501162,11.954019,79.500682
SEG_00506,SEC_030,157.883,158.35,11.954019,79.500682,11.952792,79.496573
SEG_00507,SEC_030,158.35,158.578,11.952792,79.496573,11.952053,79.498531
SEG_00508,SEC_030,158.578,158.993,11.952053,79.498531,11.952879,79.494809
SEG_00509,SEC_030,158.993,159.46,11.952879,79.494809,11.951879,79.498983
SEG_00510,SEC_030,159.46,159.964,11.951879,79.498983,11.95281,79.494446
SEG_00511,SEC_030,159.964,160.527,11.95281,79.494446,11.951595,79.499475
SEG_00512,SEC_030,160.527,161.11,11.951595,79.499475,11.952756,79.494249
SEG_00513,SEC_030,161.11,161.707,11.952756,79.494249,11.951491,79.499586
SEG_00514,SEC_030,161.707,161.923,11.951491,79.499586,11.94963,79.500147
SEG_00515,SEC_030,161.923,162.167,11.94963,79.500147,11.947437,79.499995
SEG_00516,SEC_030,162.167,162.384,11.947437,79.499995,11.945488,79.499989
SEG_00517,SEC_030,162.384,162.602,11.945488,79.499989,11.943554,79.500316
SEG_00518,SEC_030,162.602,162.844,11.943554,79.500316,11.941697,79.499149
SEG_00519,SEC_031,162.847,163.098,11.941697,79.499149,11.939477,79.499547
SEG_00520,SEC_031,163.098,163.313,11.939477,79.499547,11.937573,79.499881
SEG_00521,SEC_031,163.313,163.71,11.937573,79.499881,11.934509,79.501761
SEG_00522,SEC_031,163.71,163.953,11.934509,79.501761,11.93607,79.500192
SEG_00523,SEC_031,163.953,164.172,11.93607,79.500192,11.934642,79.501574
SEG_00524,SEC_031,164.172,164.458,11.934642,79.501574,11.936478,79.499734
SEG_00525,SEC_031,164.458,164.677,11.936478,79.499734,11.935043,79.501112
SEG_00526,SEC_031,164.677,164.988,11.935043,79.501112,11.932658,79.499622
SEG_00527,SEC_031,164.988,169.749,11.932658,79.499622,11.901946,79.469131
SEG_00528,SEC_031,169.749,170.006,11.901946,79.469131,11.901081,79.466942
SEG_00529,SEC_031,170.006,170.253,11.901081,79.466942,11.900477,79.464758
SEG_00530,SEC_031,170.253,170.497,11.900477,79.464758,11.899904,79.462591
SEG_00531,SEC_031,170.497,170.722,11.899904,79.462591,11.899333,79.46061
SEG_00532,SEC_031,170.722,171.29,11.899333,79.46061,11.898338,79.455481
SEG_00533,SEC_032,171.29,171.598,11.898338,79.455481,11.897534,79.452769
SEG_00534,SEC_032,171.598,171.871,11.897534,79.452769,11.89696,79.450328
SEG_00535,SEC_032,171.871,172.105,11.89696,79.450328,11.896405,79.448258
SEG_00536,SEC_032,172.105,172.338,11.896405,79.448258,11.895577,79.446296
SEG_00537,SEC_032,172.338,172.568,11.895577,79.446296,11.894324,79.444609
SEG_00538,SEC_032,172.568,172.837,11.894324,79.444609,11.892474,79.443019
SEG_00539,SEC_032,172.837,173.109,11.892474,79.443019,11.890586,79.441427
SEG_00540,SEC_032,173.109,173.338,11.890586,79.441427,11.889009,79.440079
SEG_00541,SEC_032,173.338,173.566,11.889009,79.440079,11.887437,79.438733
SEG_00542,SEC_032,173.566,173.836,11.887437,79.438733,11.885566,79.437147
SEG_00543,SEC_032,173.836,174.062,11.885566,79.437147,11.883972,79.435856
SEG_00544,SEC_032,174.062,175.932,11.883972,79.435856,11.870399,79.425716
SEG_00545,SEC_032,175.932,176.135,11.870399,79.425716,11.868642,79.425221
SEG_00546,SEC_032,176.135,176.534,11.868642,79.425221,11.865118,79.42455
SEG_00547,SEC_032,176.534,176.817,11.865118,79.42455,11.862608,79.424104
SEG_00548,SEC_032,176.817,177.251,11.862608,79.424104,11.858765,79.423401
SEG_00549,SEC_032,177.251,177.507,11.858765,79.423401,11.856509,79.422912
SEG_00550,SEC_032,177.507,177.708,11.856509,79.422912,11.854731,79.422564
SEG_00551,SEC_032,177.708,177.908,11.854731,79.422564,11.852951,79.422303
SEG_00552,SEC_032,177.908,178.148,11.852951,79.422303,11.850883,79.421666
SEG_00553,SEC_032,178.148,178.395,11.850883,79.421666,11.848944,79.420551
SEG_00554,SEC_032,178.395,178.642,11.848944,79.420551,11.847341,79.41898
SEG_00555,SEC_032,178.642,179.067,11.847341,79.41898,11.844652,79.416199
SEG_00556,SEC_032,179.067,179.368,11.844652,79.416199,11.842786,79.414201
SEG_00557,SEC_032,179.368,179.578,11.842786,79.414201,11.84127,79.413053
SEG_00558,SEC_033,179.578,180.343,11.84127,79.413053,11.8367,79.407797
SEG_00559,SEC_033,180.343,180.781,11.8367,79.407797,11.833962,79.4049
SEG_00560,SEC_033,180.781,181.13,11.833962,79.4049,11.831738,79.402642
SEG_00561,SEC_033,181.13,190.664,11.831738,79.402642,11.75248,79.369225
SEG_00562,SEC_033,190.664,190.892,11.75248,79.369225,11.750534,79.368562
SEG_00563,SEC_033,190.892,207.123,11.750534,79.368562,11.614552,79.314369
SEG_00564,SEC_033,207.123,207.421,11.614552,79.314369,11.611884,79.314612
SEG_00565,SEC_033,207.421,207.661,11.611884,79.314612,11.60975,79.314948
SEG_00566,SEC_033,207.661,207.886,11.60975,79.314948,11.60774,79.31519
SEG_00567,SEC_033,207.886,208.648,11.60774,79.31519,11.600902,79.315716
SEG_00568,SEC_034,208.649,208.955,11.600902,79.315716,11.598207,79.316279
SEG_00569,SEC_034,208.955,209.193,11.598207,79.316279,11.596083,79.316534
SEG_00570,SEC_034,209.193,209.459,11.596083,79.316534,11.593707,79.3168
SEG_00571,SEC_034,209.459,209.712,11.593707,79.3168,11.591441,79.31694
SEG_00572,SEC_034,209.712,210.108,11.591441,79.31694,11.587882,79.317109
SEG_00573,SEC_034,210.108,210.412,11.587882,79.317109,11.585154,79.317337
SEG_00574,SEC_034,210.412,210.663,11.585154,79.317337,11.582899,79.317489
SEG_00575,SEC_034,210.663,210.926,11.582899,79.317489,11.580538,79.31757
SEG_00576,SEC_034,210.926,211.239,11.580538,79.31757,11.57773,79.31781
SEG_00577,SEC_034,211.239,211.686,11.57773,79.31781,11.573718,79.318055
SEG_00578,SEC_034,211.686,211.954,11.573718,79.318055,11.571306,79.318147
SEG_00579,SEC_034,211.954,212.157,11.571306,79.318147,11.569487,79.318331
SEG_00580,SEC_034,212.157,212.442,11.569487,79.318331,11.566925,79.318431
SEG_00581,SEC_034,212.442,212.751,11.566925,79.318431,11.564153,79.318666
SEG_00582,SEC_034,212.751,212.966,11.564153,79.318666,11.562228,79.318785
SEG_00583,SEC_034,212.966,213.405,11.562228,79.318785,11.558286,79.319037
SEG_00584,SEC_034,213.405,213.695,11.558286,79.319037,11.555677,79.319154
SEG_00585,SEC_034,213.695,213.897,11.555677,79.319154,11.55387,79.319337
SEG_00586,SEC_034,213.897,214.712,11.55387,79.319337,11.55192,79.312128
SEG_00587,SEC_034,214.712,215.47,11.55192,79.312128,11.55136,79.319064
SEG_00588,SEC_034,215.47,215.98,11.55136,79.319064,11.5513,79.314387
SEG_00589,SEC_034,215.98,216.206,11.5513,79.314387,11.550088,79.316052
SEG_00590,SEC_034,216.206,217.016,11.550088,79.316052,11.549918,79.323487
SEG_00591,SEC_034,217.016,217.533,11.549918,79.323487,11.549688,79.318746
SEG_00592,SEC_034,217.533,217.778,11.549688,79.318746,11.549591,79.316496
SEG_00593,SEC_034,217.778,218.329,11.549591,79.316496,11.549617,79.321558
SEG_00594,SEC_034,218.329,218.852,11.549617,79.321558,11.549226,79.316774
SEG_00595,SEC_034,218.852,219.247,11.549226,79.316774,11.549007,79.320391
SEG_00596,SEC_034,219.247,219.616,11.549007,79.320391,11.548811,79.317014
SEG_00597,SEC_034,219.616,219.934,11.548811,79.317014,11.548656,79.319926
SEG_00598,SEC_034,219.934,220.229,11.548656,79.319926,11.548395,79.317236
SEG_00599,SEC_034,220.229,220.487,11.548395,79.317236,11.548359,79.3196
SEG_00600,SEC_034,220.487,220.722,11.548359,79.3196,11.547748,79.317539
SEG_00601,SEC_034,220.722,220.938,11.547748,79.317539,11.545913,79.318195
SEG_00602,SEC_034,220.938,221.142,11.545913,79.318195,11.544143,79.317714
SEG_00603,SEC_034,221.142,221.35,11.544143,79.317714,11.542304,79.317386
SEG_00604,SEC_034,221.35,221.561,11.542304,79.317386,11.540418,79.317173
SEG_00605,SEC_034,221.561,221.782,11.540418,79.317173,11.538503,79.316634
SEG_00606,SEC_034,221.782,222.042,11.538503,79.316634,11.536219,79.316119
SEG_00607,SEC_034,222.042,222.364,11.536219,79.316119,11.533336,79.316523
SEG_00608,SEC_035,222.364,222.576,11.533336,79.316523,11.531767,79.31542
SEG_00609,SEC_035,222.576,222.818,11.531767,79.31542,11.529604,79.315146
SEG_00610,SEC_035,222.818,223.092,11.529604,79.315146,11.527231,79.314481
SEG_00611,SEC_035,223.092,223.36,11.527231,79.314481,11.525056,79.313427
SEG_00612,SEC_035,223.36,223.634,11.525056,79.313427,11.522725,79.312613
SEG_00613,SEC_035,223.634,223.948,11.522725,79.312613,11.520124,79.311491
SEG_00614,SEC_035,223.948,224.24,11.520124,79.311491,11.517693,79.310483
SEG_00615,SEC_035,224.24,224.47,11.517693,79.310483,11.515878,79.309461
SEG_00616,SEC_035,224.47,224.687,11.515878,79.309461,11.51427,79.30833
SEG_00617,SEC_035,224.687,224.918,11.51427,79.30833,11.512724,79.306908
SEG_00618,SEC_035,224.918,225.128,11.512724,79.306908,11.511434,79.305497
SEG_00619,SEC_035,225.128,225.415,11.511434,79.305497,11.509644,79.3036
SEG_00620,SEC_035,225.415,225.785,11.509644,79.3036,11.507301,79.301188
SEG_00621,SEC_035,225.785,225.999,11.507301,79.301188,11.505986,79.299757
SEG_00622,SEC_035,225.999,226.204,11.505986,79.299757,11.50477,79.298347
SEG_00623,SEC_035,226.204,226.481,11.50477,79.298347,11.502868,79.296703
SEG_00624,SEC_035,226.481,226.797,11.502868,79.296703,11.500638,79.294905
SEG_00625,SEC_035,226.797,227.18,11.500638,79.294905,11.497996,79.292654
SEG_00626,SEC_035,227.18,227.451,11.497996,79.292654,11.496066,79.291129
SEG_00627,SEC_035,227.451,227.73,11.496066,79.291129,11.494126,79.289505
SEG_00628,SEC_035,227.73,228.009,11.494126,79.289505,11.492228,79.287833
SEG_00629,SEC_035,228.009,228.303,11.492228,79.287833,11.490133,79.286181
SEG_00630,SEC_035,228.303,228.545,11.490133,79.286181,11.488516,79.284694
SEG_00631,SEC_035,228.545,228.757,11.488516,79.284694,11.487055,79.283448
SEG_00632,SEC_035,228.757,229.168,11.487055,79.283448,11.484123,79.281152
SEG_00633,SEC_035,229.168,229.51,11.484123,79.281152,11.481821,79.279066
SEG_00634,SEC_035,229.51,229.903,11.481821,79.279066,11.479005,79.276884
SEG_00635,SEC_035,229.903,230.542,11.479005,79.276884,11.474635,79.273077
SEG_00636,SEC_035,230.542,230.765,11.474635,79.273077,11.473008,79.271883
SEG_00637,SEC_035,230.765,231.224,11.473008,79.271883,11.469716,79.269337
SEG_00638,SEC_036,231.225,231.5,11.469716,79.269337,11.46791,79.267617
SEG_00639,SEC_036,231.5,231.728,11.46791,79.267617,11.46633,79.266286
SEG_00640,SEC_036,231.728,231.99,11.46633,79.266286,11.464503,79.264774
SEG_00641,SEC_036,231.99,232.194,11.464503,79.264774,11.463126,79.263542
SEG_00642,SEC_036,232.194,232.783,11.463126,79.263542,11.458982,79.260178
SEG_00643,SEC_036,232.783,233.022,11.458982,79.260178,11.45731,79.258793
SEG_00644,SEC_036,233.022,233.395,11.45731,79.258793,11.454721,79.256623
SEG_00645,SEC_036,233.395,233.833,11.454721,79.256623,11.451669,79.254078
SEG_00646,SEC_036,233.833,234.133,11.451669,79.254078,11.449615,79.252287
SEG_00647,SEC_036,234.133,234.406,11.449615,79.252287,11.44769,79.250736
SEG_00648,SEC_036,234.406,234.715,11.44769,79.250736,11.44557,79.248901
SEG_00649,SEC_036,234.715,234.918,11.44557,79.248901,11.444111,79.247778
SEG_00650,SEC_036,234.918,235.128,11.444111,79.247778,11.442649,79.246563
SEG_00651,SEC_036,235.128,235.45,11.442649,79.246563,11.440409,79.244693
SEG_00652,SEC_036,235.45,235.78,11.440409,79.244693,11.438106,79.242778
SEG_00653,SEC_036,235.78,236.036,11.438106,79.242778,11.436333,79.241281
SEG_00654,SEC_036,236.036,236.262,11.436333,79.241281,11.434762,79.239972
SEG_00655,SEC_036,236.262,236.491,11.434762,79.239972,11.433199,79.238602
SEG_00656,SEC_036,236.491,236.733,11.433199,79.238602,11.431525,79.237189
SEG_00657,SEC_036,236.733,236.971,11.431525,79.237189,11.42986,79.235819
SEG_00658,SEC_036,236.971,237.255,11.42986,79.235819,11.427846,79.234212
SEG_00659,SEC_036,237.255,237.46,11.427846,79.234212,11.426411,79.23303
SEG_00660,SEC_036,237.46,237.949,11.426411,79.23303,11.423005,79.230185
SEG_00661,SEC_036,237.949,238.316,11.423005,79.230185,11.42037,79.228152
SEG_00662,SEC_036,238.316,238.628,11.42037,79.228152,11.418088,79.226487
SEG_00663,SEC_036,238.628,238.916,11.418088,79.226487,11.415984,79.224942
SEG_00664,SEC_036,238.916,239.142,11.415984,79.224942,11.414376,79.22368
SEG_00665,SEC_036,239.142,239.537,11.414376,79.22368,11.411446,79.221629
SEG_00666,SEC_036,239.537,239.777,11.411446,79.221629,11.409679,79.220363
SEG_00667,SEC_036,239.777,240.001,11.409679,79.220363,11.407837,79.219532
SEG_00668,SEC_036,240.001,240.219,11.407837,79.219532,11.405905,79.219215
SEG_00669,SEC_036,240.219,240.458,11.405905,79.219215,11.403762,79.219431
SEG_00670,SEC_036,240.458,240.7,11.403762,79.219431,11.401646,79.219967
SEG_00671,SEC_036,240.7,241.073,11.401646,79.219967,11.398439,79.220962
SEG_00672,SEC_037,241.073,241.295,11.398439,79.220962,11.396481,79.22135
SEG_00673,SEC_037,241.295,241.579,11.396481,79.22135,11.394009,79.222013
SEG_00674,SEC_037,241.579,242.137,11.394009,79.222013,11.389156,79.223304
SEG_00675,SEC_037,242.137,242.428,11.389156,79.223304,11.386619,79.223972
SEG_00676,SEC_037,242.428,242.645,11.386619,79.223972,11.384685,79.224256
SEG_00677,SEC_037,242.645,242.886,11.384685,79.224256,11.382523,79.224183
SEG_00678,SEC_037,242.886,243.122,11.382523,79.224183,11.380466,79.223647
SEG_00679,SEC_037,243.122,243.338,11.380466,79.223647,11.378686,79.222846
SEG_00680,SEC_037,243.338,243.563,11.378686,79.222846,11.376798,79.222101
SEG_00681,SEC_037,243.563,243.855,11.376798,79.222101,11.374363,79.221104
SEG_00682,SEC_037,243.855,244.1,11.374363,79.221104,11.372327,79.220241
SEG_00683,SEC_037,244.1,244.317,11.372327,79.220241,11.370574,79.219375
SEG_00684,SEC_038,244.317,244.576,11.370574,79.219375,11.368377,79.218589
SEG_00685,SEC_038,244.576,244.839,11.368377,79.218589,11.366158,79.217741
SEG_00686,SEC_038,244.839,245.183,11.366158,79.217741,11.363287,79.216554
SEG_00687,SEC_038,245.183,245.542,11.363287,79.216554,11.360288,79.215334
SEG_00688,SEC_038,245.542,245.774,11.360288,79.215334,11.358375,79.214494
SEG_00689,SEC_038,245.774,246.068,11.358375,79.214494,11.355919,79.213493
SEG_00690,SEC_038,246.068,246.271,11.355919,79.213493,11.354229,79.212793
SEG_00691,SEC_038,246.271,246.52,11.354229,79.212793,11.352163,79.211915
SEG_00692,SEC_038,246.52,246.772,11.352163,79.211915,11.350035,79.211132
SEG_00693,SEC_038,246.772,247.112,11.350035,79.211132,11.347209,79.209948
SEG_00694,SEC_038,247.112,247.386,11.347209,79.209948,11.344956,79.208941
SEG_00695,SEC_038,247.386,247.726,11.344956,79.208941,11.342096,79.207846
SEG_00696,SEC_038,247.726,247.97,11.342096,79.207846,11.340024,79.207123
SEG_00697,SEC_038,247.97,248.2,11.340024,79.207123,11.337962,79.206923
SEG_00698,SEC_038,248.2,248.406,11.337962,79.206923,11.33613,79.207209
SEG_00699,SEC_038,248.406,248.644,11.33613,79.207209,11.334076,79.207813
SEG_00700,SEC_038,248.644,248.87,11.334076,79.207813,11.332122,79.208397
SEG_00701,SEC_038,248.87,249.085,11.332122,79.208397,11.330263,79.208923
SEG_00702,SEC_038,249.085,249.304,11.330263,79.208923,11.3283,79.209069
SEG_00703,SEC_038,249.304,249.519,11.3283,79.209069,11.326405,79.208699
SEG_00704,SEC_038,249.519,249.743,11.326405,79.208699,11.324492,79.208043
SEG_00705,SEC_038,249.743,249.958,11.324492,79.208043,11.322669,79.207393
SEG_00706,SEC_038,249.958,250.176,11.322669,79.207393,11.320813,79.206743
SEG_00707,SEC_038,250.176,250.437,11.320813,79.206743,11.318521,79.206163
SEG_00708,SEC_039,250.437,250.639,11.318521,79.206163,11.316888,79.205348
SEG_00709,SEC_039,250.639,250.971,11.316888,79.205348,11.314075,79.204316
SEG_00710,SEC_039,250.971,251.378,11.314075,79.204316,11.310633,79.20306
SEG_00711,SEC_039,251.378,251.602,11.310633,79.20306,11.30871,79.202464
SEG_00712,SEC_039,251.602,251.811,11.30871,79.202464,11.306929,79.201857
SEG_00713,SEC_039,251.811,252.106,11.306929,79.201857,11.304463,79.200863
SEG_00714,SEC_039,252.106,252.338,11.304463,79.200863,11.302477,79.200222
SEG_00715,SEC_039,252.338,253.015,11.302477,79.200222,11.296722,79.198199
SEG_00716,SEC_039,253.015,253.235,11.296722,79.198199,11.294839,79.197577
SEG_00717,SEC_039,253.235,253.454,11.294839,79.197577,11.293149,79.196542
SEG_00718,SEC_039,253.454,253.735,11.293149,79.196542,11.291359,79.194723
SEG_00719,SEC_039,253.735,253.994,11.291359,79.194723,11.289784,79.192979
SEG_00720,SEC_039,253.994,254.261,11.289784,79.192979,11.288211,79.191127
SEG_00721,SEC_039,254.261,254.5,11.288211,79.191127,11.286808,79.189468
SEG_00722,SEC_039,254.5,254.724,11.286808,79.189468,11.285391,79.188006
SEG_00723,SEC_039,254.724,254.952,11.285391,79.188006,11.283697,79.186831
SEG_00724,SEC_039,254.952,255.265,11.283697,79.186831,11.281306,79.185322
SEG_00725,SEC_039,255.265,255.497,11.281306,79.185322,11.279477,79.184303
SEG_00726,SEC_039,255.497,255.747,11.279477,79.184303,11.277544,79.183129
SEG_00727,SEC_039,255.747,255.956,11.277544,79.183129,11.27583,79.182355
SEG_00728,SEC_039,255.956,256.16,11.27583,79.182355,11.274175,79.181557
SEG_00729,SEC_039,256.16,256.493,11.274175,79.181557,11.271486,79.180202
SEG_00730,SEC_039,256.493,256.695,11.271486,79.180202,11.269837,79.179421
SEG_00731,SEC_039,256.695,256.915,11.269837,79.179421,11.268015,79.178646
SEG_00732,SEC_039,256.915,257.177,11.268015,79.178646,11.265912,79.177573
SEG_00733,SEC_039,257.177,257.453,11.265912,79.177573,11.26366,79.176519
SEG_00734,SEC_039,257.453,257.669,11.26366,79.176519,11.261897,79.175682
SEG_00735,SEC_039,257.669,257.883,11.261897,79.175682,11.260158,79.174832
SEG_00736,SEC_039,257.883,258.101,11.260158,79.174832,11.258682,79.17352
SEG_00737,SEC_039,258.101,258.381,11.258682,79.17352,11.257294,79.171374
SEG_00738,SEC_039,258.381,258.606,11.257294,79.171374,11.256432,79.169511
SEG_00739,SEC_039,258.606,258.852,11.256432,79.169511,11.255281,79.16755
SEG_00740,SEC_040,258.852,259.063,11.255281,79.16755,11.254685,79.16571
SEG_00741,SEC_040,259.063,259.377,11.254685,79.16571,11.253443,79.163128
SEG_00742,SEC_040,259.377,259.589,11.253443,79.163128,11.252667,79.161357
SEG_00743,SEC_040,259.589,259.987,11.252667,79.161357,11.25125,79.158004
SEG_00744,SEC_040,259.987,260.335,11.25125,79.158004,11.249879,79.155134
SEG_00745,SEC_040,260.335,260.65,11.249879,79.155134,11.248627,79.152543
SEG_00746,SEC_040,260.65,260.992,11.248627,79.152543,11.247377,79.149681
SEG_00747,SEC_040,260.992,261.46,11.247377,79.149681,11.245532,79.145828
SEG_00748,SEC_040,261.46,261.713,11.245532,79.145828,11.244625,79.143697
SEG_00749,SEC_040,261.713,262.1,11.244625,79.143697,11.243144,79.140481
SEG_00750,SEC_040,262.1,262.412,11.243144,79.140481,11.241908,79.137916
SEG_00751,SEC_040,262.412,262.621,11.241908,79.137916,11.241112,79.136175
SEG_00752,SEC_040,262.621,262.905,11.241112,79.136175,11.240024,79.133825
SEG_00753,SEC_040,262.905,263.168,11.240024,79.133825,11.238813,79.131754
SEG_00754,SEC_040,263.168,263.369,11.238813,79.131754,11.23775,79.130263
SEG_00755,SEC_040,263.369,263.606,11.23775,79.130263,11.236539,79.128479
SEG_00756,SEC_040,263.606,263.85,11.236539,79.128479,11.23518,79.126718
SEG_00757,SEC_040,263.85,264.174,11.23518,79.126718,11.233446,79.124328
SEG_00758,SEC_040,264.174,264.385,11.233446,79.124328,11.232393,79.122723
SEG_00759,SEC_040,264.385,264.622,11.232393,79.122723,11.231106,79.120995
SEG_00760,SEC_040,264.622,265.065,11.231106,79.120995,11.228743,79.117728
SEG_00761,SEC_040,265.065,265.279,11.228743,79.117728,11.227536,79.116199
SEG_00762,SEC_040,265.279,265.621,11.227536,79.116199,11.225678,79.113697
SEG_00763,SEC_040,265.621,266.078,11.225678,79.113697,11.223244,79.110317
SEG_00764,SEC_040,266.078,266.289,11.223244,79.110317,11.222211,79.108694
SEG_00765,SEC_040,266.289,266.599,11.222211,79.108694,11.220508,79.106443
SEG_00766,SEC_040,266.599,266.852,11.220508,79.106443,11.219106,79.10462
SEG_00767,SEC_040,266.852,267.052,11.219106,79.10462,11.218069,79.103117
SEG_00768,SEC_040,267.052,267.341,11.218069,79.103117,11.216343,79.101136
SEG_00769,SEC_041,267.341,267.564,11.216343,79.101136,11.215304,79.099387
SEG_00770,SEC_041,267.564,267.793,11.215304,79.099387,11.21411,79.097675
SEG_00771,SEC_041,267.793,268.091,11.21411,79.097675,11.212515,79.095475
SEG_00772,SEC_041,268.091,268.355,11.212515,79.095475,11.210927,79.093671
SEG_00773,SEC_041,268.355,268.581,11.210927,79.093671,11.209369,79.092347
SEG_00774,SEC_041,268.581,268.812,11.209369,79.092347,11.207595,79.091248
SEG_00775,SEC_041,268.812,269.013,11.207595,79.091248,11.206083,79.090232
SEG_00776,SEC_041,269.013,269.716,11.206083,79.090232,11.200839,79.086625
SEG_00777,SEC_041,269.716,269.944,11.200839,79.086625,11.199124,79.08548
SEG_00778,SEC_041,269.944,270.183,11.199124,79.08548,11.197106,79.084726
SEG_00779,SEC_041,270.183,270.486,11.197106,79.084726,11.194416,79.084295
SEG_00780,SEC_041,270.486,270.721,11.194416,79.084295,11.192321,79.084023
SEG_00781,SEC_041,270.721,271.193,11.192321,79.084023,11.188113,79.083488
SEG_00782,SEC_041,271.193,271.548,11.188113,79.083488,11.184944,79.083078
SEG_00783,SEC_041,271.548,271.884,11.184944,79.083078,11.181954,79.082633
SEG_00784,SEC_041,271.884,272.163,11.181954,79.082633,11.179464,79.082332
SEG_00785,SEC_041,272.163,272.37,11.179464,79.082332,11.17769,79.081758
SEG_00786,SEC_041,272.37,272.624,11.17769,79.081758,11.17567,79.080667
SEG_00787,SEC_041,272.624,272.863,11.17567,79.080667,11.173726,79.079726
SEG_00788,SEC_041,272.863,273.198,11.173726,79.079726,11.171074,79.078262
SEG_00789,SEC_041,273.198,273.408,11.171074,79.078262,11.169393,79.077386
SEG_00790,SEC_041,273.408,273.664,11.169393,79.077386,11.167308,79.076385
SEG_00791,SEC_041,273.664,273.952,11.167308,79.076385,11.164992,79.075197
SEG_00792,SEC_041,273.952,274.198,11.164992,79.075197,11.163083,79.074056
SEG_00793,SEC_041,274.198,274.462,11.163083,79.074056,11.161046,79.072819
SEG_00794,SEC_041,274.462,274.734,11.161046,79.072819,11.159031,79.071412
SEG_00795,SEC_041,274.734,274.958,11.159031,79.071412,11.157229,79.0705
SEG_00796,SEC_041,274.958,275.205,11.157229,79.0705,11.155069,79.069979
SEG_00797,SEC_041,275.205,275.445,11.155069,79.069979,11.153036,79.069245
SEG_00798,SEC_041,275.445,275.657,11.153036,79.069245,11.151154,79.068928
SEG_00799,SEC_041,275.657,275.909,11.151154,79.068928,11.148906,79.068638
SEG_00800,SEC_042,275.909,276.109,11.148906,79.068638,11.147301,79.067801
SEG_00801,SEC_042,276.109,276.332,11.147301,79.067801,11.145361,79.067287
SEG_00802,SEC_042,276.332,276.557,11.145361,79.067287,11.143563,79.066338
SEG_00803,SEC_042,276.557,276.861,11.143563,79.066338,11.141217,79.064907
SEG_00804,SEC_042,276.861,277.076,11.141217,79.064907,11.13961,79.063806
SEG_00805,SEC_042,277.076,277.378,11.13961,79.063806,11.137426,79.062167
SEG_00806,SEC_042,277.378,277.69,11.137426,79.062167,11.134885,79.060947
SEG_00807,SEC_042,277.69,277.975,11.134885,79.060947,11.132477,79.060059
SEG_00808,SEC_042,277.975,278.179,11.132477,79.060059,11.130761,79.059403
SEG_00809,SEC_042,278.179,278.387,11.130761,79.059403,11.128974,79.058849
SEG_00810,SEC_042,278.387,278.607,11.128974,79.058849,11.127123,79.058128
SEG_00811,SEC_042,278.607,278.815,11.127123,79.058128,11.12533,79.057581
SEG_00812,SEC_042,278.815,279.017,11.12533,79.057581,11.123639,79.056903
SEG_00813,SEC_042,279.017,279.241,11.123639,79.056903,11.121944,79.055792
SEG_00814,SEC_042,279.241,279.442,11.121944,79.055792,11.120693,79.054461
SEG_00815,SEC_042,279.442,279.806,11.120693,79.054461,11.118881,79.051682
SEG_00816,SEC_042,279.806,280.129,11.118881,79.051682,11.117045,79.04939
SEG_00817,SEC_042,280.129,280.437,11.117045,79.04939,11.115485,79.047057
SEG_00818,SEC_042,280.437,280.732,11.115485,79.047057,11.113887,79.0449
SEG_00819,SEC_042,280.732,280.937,11.113887,79.0449,11.112601,79.043551
SEG_00820,SEC_042,280.937,281.147,11.112601,79.043551,11.110985,79.042551
SEG_00821,SEC_042,281.147,281.412,11.110985,79.042551,11.10875,79.041713
SEG_00822,SEC_042,281.412,281.682,11.10875,79.041713,11.106455,79.040897
SEG_00823,SEC_042,281.682,281.896,11.106455,79.040897,11.104653,79.040201
SEG_00824,SEC_042,281.896,282.509,11.104653,79.040201,11.099444,79.038368
SEG_00825,SEC_042,282.509,282.836,11.099444,79.038368,11.09672,79.037228
SEG_00826,SEC_043,282.838,283.174,11.09672,79.037228,11.093814,79.036383
SEG_00827,SEC_043,283.174,283.422,11.093814,79.036383,11.09171,79.035631
SEG_00828,SEC_043,283.422,283.624,11.09171,79.035631,11.089993,79.035032
SEG_00829,SEC_043,283.624,283.855,11.089993,79.035032,11.088002,79.034427
SEG_00830,SEC_043,283.855,284.078,11.088002,79.034427,11.086109,79.033762
SEG_00831,SEC_043,284.078,284.34,11.086109,79.033762,11.083848,79.033075
SEG_00832,SEC_043,284.34,284.543,11.083848,79.033075,11.08204,79.032799
SEG_00833,SEC_043,284.543,284.815,11.08204,79.032799,11.079612,79.032527
SEG_00834,SEC_043,284.815,285.072,11.079612,79.032527,11.07731,79.032383
SEG_00835,SEC_043,285.072,285.465,11.07731,79.032383,11.073783,79.032147
SEG_00836,SEC_043,285.465,285.755,11.073783,79.032147,11.071179,79.03193
SEG_00837,SEC_043,285.755,285.964,11.071179,79.03193,11.069311,79.031715
SEG_00838,SEC_043,285.964,286.239,11.069311,79.031715,11.066841,79.031546
SEG_00839,SEC_043,286.239,287.626,11.066841,79.031546,11.055351,79.026605
SEG_00840,SEC_043,287.626,287.877,11.055351,79.026605,11.053537,79.025243
SEG_00841,SEC_043,287.877,288.109,11.053537,79.025243,11.051792,79.024081
SEG_00842,SEC_043,288.109,288.371,11.051792,79.024081,11.049857,79.022719
SEG_00843,SEC_043,288.371,288.601,11.049857,79.022719,11.048158,79.021513
SEG_00844,SEC_043,288.601,288.895,11.048158,79.021513,11.046027,79.019923
SEG_00845,SEC_043,288.895,289.107,11.046027,79.019923,11.044421,79.018885
SEG_00846,SEC_043,289.107,289.316,11.044421,79.018885,11.042909,79.017752
SEG_00847,SEC_043,289.316,289.577,11.042909,79.017752,11.040941,79.016452
SEG_00848,SEC_043,289.577,289.811,11.040941,79.016452,11.039227,79.015215
SEG_00849,SEC_043,289.811,290.012,11.039227,79.015215,11.037737,79.01418
SEG_00850,SEC_043,290.012,290.311,11.037737,79.01418,11.035533,79.012618
SEG_00851,SEC_043,290.311,290.576,11.035533,79.012618,11.033572,79.011244
SEG_00852,SEC_043,290.576,290.807,11.033572,79.011244,11.031878,79.010026
SEG_00853,SEC_043,290.807,291.03,11.031878,79.010026,11.030222,79.008875
SEG_00854,SEC_043,291.03,291.267,11.030222,79.008875,11.028509,79.00758
SEG_00855,SEC_043,291.267,291.485,11.028509,79.00758,11.026889,79.00645
SEG_00856,SEC_043,291.485,291.726,11.026889,79.00645,11.02518,79.005033
SEG_00857,SEC_044,291.726,291.994,11.02518,79.005033,11.023071,79.003836
SEG_00858,SEC_044,291.994,292.225,11.023071,79.003836,11.021357,79.002635
SEG_00859,SEC_044,292.225,292.494,11.021357,79.002635,11.019391,79.001205
SEG_00860,SEC_044,292.494,292.706,11.019391,79.001205,11.017954,78.999928
SEG_00861,SEC_044,292.706,292.966,11.017954,78.999928,11.016296,78.998246
SEG_00862,SEC_044,292.966,293.284,11.016296,78.998246,11.014475,78.995995
SEG_00863,SEC_044,293.284,293.546,11.014475,78.995995,11.013065,78.994075
SEG_00864,SEC_044,293.546,293.84,11.013065,78.994075,11.011301,78.992066
SEG_00865,SEC_044,293.84,294.042,11.011301,78.992066,11.010229,78.990569
SEG_00866,SEC_044,294.042,294.333,11.010229,78.990569,11.008497,78.988575
SEG_00867,SEC_044,294.333,294.556,11.008497,78.988575,11.007256,78.986967
SEG_00868,SEC_044,294.556,294.77,11.007256,78.986967,11.005877,78.9856
SEG_00869,SEC_044,294.77,294.978,11.005877,78.9856,11.004505,78.98431
SEG_00870,SEC_044,294.978,295.273,11.004505,78.98431,11.002604,78.982421
SEG_00871,SEC_044,295.273,295.654,11.002604,78.982421,11.00004,78.980109
SEG_00872,SEC_044,295.654,295.899,11.00004,78.980109,10.998354,78.978664
SEG_00873,SEC_044,295.899,296.205,10.998354,78.978664,10.996286,78.976808
SEG_00874,SEC_044,296.205,296.552,10.996286,78.976808,10.993952,78.974698
SEG_00875,SEC_044,296.552,296.968,10.993952,78.974698,10.991136,78.972187
SEG_00876,SEC_044,296.968,297.247,10.991136,78.972187,10.989257,78.970491
SEG_00877,SEC_044,297.247,297.506,10.989257,78.970491,10.987573,78.968853
SEG_00878,SEC_044,297.506,297.837,10.987573,78.968853,10.985357,78.966833
SEG_00879,SEC_044,297.837,298.105,10.985357,78.966833,10.98349,78.965286
SEG_00880,SEC_044,298.105,298.366,10.98349,78.965286,10.981758,78.963667
SEG_00881,SEC_044,298.366,298.69,10.981758,78.963667,10.979569,78.961705
SEG_00882,SEC_044,298.69,299.114,10.979569,78.961705,10.976717,78.959127
SEG_00883,SEC_044,299.114,299.339,10.976717,78.959127,10.975199,78.957757
SEG_00884,SEC_044,299.339,299.66,10.975199,78.957757,10.973033,78.95581
SEG_00885,SEC_044,299.66,299.896,10.973033,78.95581,10.971473,78.954348
SEG_00886,SEC_044,299.896,300.117,10.971473,78.954348,10.97,78.952984
SEG_00887,SEC_044,300.117,300.341,10.97,78.952984,10.968637,78.951477
SEG_00888,SEC_044,300.341,300.649,10.968637,78.951477,10.966485,78.949703
SEG_00889,SEC_045,300.65,300.863,10.966485,78.949703,10.965322,78.948157
SEG_00890,SEC_045,300.863,301.137,10.965322,78.948157,10.963803,78.946178
SEG_00891,SEC_045,301.137,301.341,10.963803,78.946178,10.962481,78.944886
SEG_00892,SEC_045,301.341,301.882,10.962481,78.944886,10.959365,78.941084
SEG_00893,SEC_045,301.882,302.19,10.959365,78.941084,10.957483,78.939012
SEG_00894,SEC_045,302.19,302.407,10.957483,78.939012,10.956196,78.937512
SEG_00895,SEC_045,302.407,302.683,10.956196,78.937512,10.95455,78.935624
SEG_00896,SEC_045,302.683,303.026,10.95455,78.935624,10.952514,78.933261
SEG_00897,SEC_045,303.026,303.349,10.952514,78.933261,10.950589,78.931043
SEG_00898,SEC_045,303.349,303.565,10.950589,78.931043,10.949375,78.9295
SEG_00899,SEC_045,303.565,303.864,10.949375,78.9295,10.947643,78.927401
SEG_00900,SEC_045,303.864,304.064,10.947643,78.927401,10.94655,78.925941
SEG_00901,SEC_045,304.064,304.268,10.94655,78.925941,10.945431,78.924463
SEG_00902,SEC_045,304.268,304.477,10.945431,78.924463,10.944293,78.922942
SEG_00903,SEC_045,304.477,304.826,10.944293,78.922942,10.942384,78.920405
SEG_00904,SEC_045,304.826,305.042,10.942384,78.920405,10.941247,78.918796
SEG_00905,SEC_045,305.042,305.295,10.941247,78.918796,10.93968,78.917111
SEG_00906,SEC_046,305.296,305.532,10.93968,78.917111,10.938538,78.915286
SEG_00907,SEC_046,305.532,305.774,10.938538,78.915286,10.937213,78.913528
SEG_00908,SEC_046,305.774,306.021,10.937213,78.913528,10.935892,78.911706
SEG_00909,SEC_046,306.021,306.29,10.935892,78.911706,10.934853,78.909481
SEG_00910,SEC_046,306.29,306.567,10.934853,78.909481,10.933967,78.907112
SEG_00911,SEC_046,306.567,306.974,10.933967,78.907112,10.932835,78.903572
SEG_00912,SEC_046,306.974,307.311,10.932835,78.903572,10.931871,78.900648
SEG_00913,SEC_046,307.311,307.541,10.931871,78.900648,10.931218,78.898652
SEG_00914,SEC_046,307.541,307.787,10.931218,78.898652,10.930603,78.896491
SEG_00915,SEC_046,307.787,308.019,10.930603,78.896491,10.929755,78.894545
SEG_00916,SEC_046,308.019,308.378,10.929755,78.894545,10.928242,78.891644
SEG_00917,SEC_046,308.378,308.61,10.928242,78.891644,10.927173,78.889823
SEG_00918,SEC_046,308.61,308.856,10.927173,78.889823,10.926208,78.887798
SEG_00919,SEC_046,308.856,309.093,10.926208,78.887798,10.924902,78.886084
SEG_00920,SEC_046,309.093,309.479,10.924902,78.886084,10.922738,78.883316
SEG_00921,SEC_046,309.479,309.918,10.922738,78.883316,10.920242,78.8802
SEG_00922,SEC_046,309.918,310.338,10.920242,78.8802,10.917866,78.877203
SEG_00923,SEC_046,310.338,310.574,10.917866,78.877203,10.916533,78.875522
SEG_00924,SEC_046,310.574,310.86,10.916533,78.875522,10.914955,78.873456
SEG_00925,SEC_046,310.86,311.19,10.914955,78.873456,10.913019,78.871161
SEG_00926,SEC_046,311.19,311.535,10.913019,78.871161,10.91106,78.868715
SEG_00927,SEC_046,311.535,312.056,10.91106,78.868715,10.908176,78.864956
SEG_00928,SEC_046,312.056,312.27,10.908176,78.864956,10.906855,78.863532
SEG_00929,SEC_046,312.27,312.475,10.906855,78.863532,10.905461,78.862296
SEG_00930,SEC_046,312.475,312.682,10.905461,78.862296,10.903937,78.861215
SEG_00931,SEC_046,312.682,313.06,10.903937,78.861215,10.901208,78.859147
SEG_00932,SEC_046,313.06,313.353,10.901208,78.859147,10.899041,78.857619
SEG_00933,SEC_046,313.353,313.75,10.899041,78.857619,10.896101,78.855536
SEG_00934,SEC_047,313.75,313.963,10.896101,78.855536,10.894575,78.854358
SEG_00935,SEC_047,313.963,314.226,10.894575,78.854358,10.89269,78.852898
SEG_00936,SEC_047,314.226,314.458,10.89269,78.852898,10.89097,78.851699
SEG_00937,SEC_047,314.458,314.685,10.89097,78.851699,10.889385,78.850396
SEG_00938,SEC_047,314.685,314.912,10.889385,78.850396,10.888129,78.84876
SEG_00939,SEC_047,314.912,315.269,10.888129,78.84876,10.886527,78.845932
SEG_00940,SEC_047,315.269,315.578,10.886527,78.845932,10.884941,78.843612
SEG_00941,SEC_047,315.578,315.996,10.884941,78.843612,10.882996,78.840336
SEG_00942,SEC_047,315.996,316.564,10.882996,78.840336,10.880257,78.835948
SEG_00943,SEC_047,316.564,316.849,10.880257,78.835948,10.878839,78.833776
SEG_00944,SEC_047,316.849,317.05,10.878839,78.833776,10.877942,78.832174
SEG_00945,SEC_047,317.05,317.257,10.877942,78.832174,10.87721,78.830435
SEG_00946,SEC_047,317.257,317.486,10.87721,78.830435,10.876903,78.828366
SEG_00947,SEC_047,317.486,317.753,10.876903,78.828366,10.876696,78.825928
SEG_00948,SEC_047,317.753,318.038,10.876696,78.825928,10.876418,78.823335
SEG_00949,SEC_047,318.038,318.35,10.876418,78.823335,10.876231,78.820485
SEG_00950,SEC_047,318.35,318.586,10.876231,78.820485,10.876016,78.818339
SEG_00951,SEC_047,318.586,318.789,10.876016,78.818339,10.875842,78.816491
SEG_00952,SEC_047,318.789,318.922,10.875842,78.816491,10.87542,78.815324
SEG_00953,SEC_048,318.922,319.191,10.87542,78.815324,10.875492,78.812862
SEG_00954,SEC_048,319.191,319.485,10.875492,78.812862,10.875285,78.810181
SEG_00955,SEC_048,319.485,319.685,10.875285,78.810181,10.875149,78.808353
SEG_00956,SEC_048,319.685,319.903,10.875149,78.808353,10.874976,78.806365
SEG_00957,SEC_048,319.903,320.222,10.874976,78.806365,10.874681,78.803457
SEG_00958,SEC_048,320.222,320.528,10.874681,78.803457,10.874489,78.800663
SEG_00959,SEC_048,320.528,320.754,10.874489,78.800663,10.874308,78.798603
SEG_00960,SEC_048,320.754,320.983,10.874308,78.798603,10.874058,78.796525
SEG_00961,SEC_048,320.983,321.189,10.874058,78.796525,10.873909,78.794649
SEG_00962,SEC_048,321.189,321.598,10.873909,78.794649,10.873652,78.790909
SEG_00963,SEC_048,321.598,321.872,10.873652,78.790909,10.873355,78.788418
SEG_00964,SEC_048,321.872,322.252,10.873355,78.788418,10.873043,78.784957
SEG_00965,SEC_048,322.252,322.609,10.873043,78.784957,10.872768,78.781696
SEG_00966,SEC_048,322.609,322.834,10.872768,78.781696,10.872578,78.779649
SEG_00967,SEC_048,322.834,323.209,10.872578,78.779649,10.872363,78.77622
SEG_00968,SEC_048,323.209,323.411,10.872363,78.77622,10.872132,78.774386
SEG_00969,SEC_048,323.411,323.856,10.872132,78.774386,10.871771,78.770326
SEG_00970,SEC_048,323.856,324.06,10.871771,78.770326,10.871611,78.768469
SEG_00971,SEC_048,324.06,324.265,10.871611,78.768469,10.871494,78.766596
SEG_00972,SEC_048,324.265,324.469,10.871494,78.766596,10.871606,78.764735
SEG_00973,SEC_048,324.469,324.789,10.871606,78.764735,10.871981,78.761831
SEG_00974,SEC_048,324.789,325.209,10.871981,78.761831,10.872555,78.75801
SEG_00975,SEC_049,325.209,325.52,10.872555,78.75801,10.872654,78.75516
SEG_00976,SEC_049,325.52,325.739,10.872654,78.75516,10.872879,78.753169
SEG_00977,SEC_049,325.739,326.02,10.872879,78.753169,10.873216,78.750617
SEG_00978,SEC_049,326.02,326.246,10.873216,78.750617,10.873391,78.748551
SEG_00979,SEC_049,326.246,326.453,10.873391,78.748551,10.873726,78.746687
SEG_00980,SEC_049,326.453,326.667,10.873726,78.746687,10.874176,78.744784
SEG_00981,SEC_049,326.667,327.006,10.874176,78.744784,10.8751,78.741823
SEG_00982,SEC_049,327.006,332.052,10.8751,78.741823,10.86484,78.69681
SEG_00983,SEC_049,332.052,332.293,10.86484,78.69681,10.862765,78.696178
SEG_00984,SEC_049,332.293,332.856,10.862765,78.696178,10.857703,78.695962
SEG_00985,SEC_050,332.857,333.062,10.857703,78.695962,10.855885,78.696277
SEG_00986,SEC_050,333.062,333.269,10.855885,78.696277,10.854031,78.696482
SEG_00987,SEC_050,333.269,333.486,10.854031,78.696482,10.8521,78.696799
SEG_00988,SEC_050,333.486,333.695,10.8521,78.696799,10.850387,78.697592
SEG_00989,SEC_050,333.695,333.917,10.850387,78.697592,10.848817,78.698849
SEG_00990,SEC_050,333.917,334.118,10.848817,78.698849,10.847388,78.699969
SEG_00991,SEC_050,334.118,334.325,10.847388,78.699969,10.845693,78.70075
SEG_00992,SEC_050,334.325,334.618,10.845693,78.70075,10.843057,78.700738
SEG_00993,SEC_050,334.618,335.336,10.843057,78.700738,10.83672,78.699459
SEG_00994,SEC_050,335.336,335.559,10.83672,78.699459,10.834715,78.699331
SEG_00995,SEC_050,335.559,335.789,10.834715,78.699331,10.832802,78.700122
SEG_00996,SEC_050,335.789,336.06,10.832802,78.700122,10.830963,78.701755
SEG_00997,SEC_050,336.06,336.292,10.830963,78.701755,10.829305,78.70304
SEG_00998,SEC_051,336.293,336.525,10.829305,78.70304,10.830963,78.701755
SEG_00999,SEC_051,336.525,336.742,10.830963,78.701755,10.832411,78.700421
SEG_01000,SEC_051,336.742,337.13,10.832411,78.700421,10.835745,78.699376
SEG_01001,SEC_051,337.13,337.467,10.835745,78.699376,10.832802,78.700122
SEG_01002,SEC_051,337.467,337.781,10.832802,78.700122,10.835527,78.699375
SEG_01003,SEC_051,337.781,338.059,10.835527,78.699375,10.833091,78.699959
SEG_01004,SEC_051,338.059,338.312,10.833091,78.699959,10.835291,78.699374
SEG_01005,SEC_051,338.312,338.57,10.835291,78.699374,10.83304,78.69993
SEG_01006,SEC_051,338.57,338.857,10.83304,78.69993,10.835546,78.699283
SEG_01007,SEC_051,338.857,339.115,10.835546,78.699283,10.833291,78.699858
SEG_01008,SEC_051,339.115,339.318,10.833291,78.699858,10.835051,78.699378
SEG_01009,SEC_051,339.318,339.521,10.835051,78.699378,10.833272,78.69981
SEG_01010,SEC_051,339.521,339.745,10.833272,78.69981,10.835222,78.699284
SEG_01011,SEC_051,339.745,341.285,10.835222,78.699284,10.825695,78.689051
SEG_01012,SEC_052,341.285,341.509,10.825695,78.689051,10.823695,78.689289
SEG_01013,SEC_052,341.509,341.76,10.823695,78.689289,10.821477,78.689723
SEG_01014,SEC_052,341.76,341.973,10.821477,78.689723,10.819659,78.690339
SEG_01015,SEC_052,341.973,342.353,10.819659,78.690339,10.816703,78.692091
SEG_01016,SEC_052,342.353,342.583,10.816703,78.692091,10.814856,78.693033
SEG_01017,SEC_052,342.583,342.879,10.814856,78.693033,10.812313,78.693842
SEG_01018,SEC_052,342.879,343.142,10.812313,78.693842,10.809974,78.694172
SEG_01019,SEC_052,343.142,343.38,10.809974,78.694172,10.80783,78.694159
SEG_01020,SEC_053,343.38,343.67,10.80783,78.694159,10.805248,78.693814
SEG_01021,SEC_053,343.67,343.896,10.805248,78.693814,10.803227,78.693559
SEG_01022,SEC_053,343.896,344.097,10.803227,78.693559,10.801443,78.693256
SEG_01023,SEC_053,344.097,344.306,10.801443,78.693256,10.799713,78.692503
SEG_01024,SEC_053,344.306,344.54,10.799713,78.692503,10.798042,78.691198
SEG_01025,SEC_053,344.54,344.997,10.798042,78.691198,10.795623,78.694581
SEG_01026,SEC_053,344.997,345.464,10.795623,78.694581,10.797681,78.690857
SEG_01027,SEC_053,345.464,345.827,10.797681,78.690857,10.795806,78.693573
SEG_01028,SEC_053,345.827,346.208,10.795806,78.693573,10.797267,78.690417
SEG_01029,SEC_053,346.208,346.418,10.797267,78.690417,10.796207,78.692009
SEG_01030,SEC_053,346.418,346.633,10.796207,78.692009,10.797158,78.690293
SEG_01031,SEC_053,346.633,346.844,10.797158,78.690293,10.795945,78.688809
SEG_01032,SEC_053,346.844,347.271,10.795945,78.688809,10.794268,78.685294
SEG_01033,SEC_054,347.271,347.515,10.794268,78.685294,10.792556,78.683892
SEG_01034,SEC_054,347.515,347.718,10.792556,78.683892,10.79192,78.682155
SEG_01035,SEC_054,347.718,347.925,10.79192,78.682155,10.79092,78.680553
SEG_01036,SEC_054,347.925,348.13,10.79092,78.680553,10.789939,78.678966
SEG_01037,SEC_054,348.13,348.336,10.789939,78.678966,10.788695,78.677574
SEG_01038,SEC_054,348.336,348.584,10.788695,78.677574,10.787097,78.675989
SEG_01039,SEC_054,348.584,348.805,10.787097,78.675989,10.785428,78.674899
SEG_01040,SEC_054,348.805,349.044,10.785428,78.674899,10.78332,78.674495
SEG_01041,SEC_054,349.044,349.269,10.78332,78.674495,10.78447,78.672799
SEG_01042,SEC_054,349.269,349.714,10.78447,78.672799,10.780838,78.674518
SEG_01043,SEC_054,349.714,350.142,10.780838,78.674518,10.783832,78.672062
SEG_01044,SEC_054,350.142,350.709,10.783832,78.672062,10.779342,78.67452
SEG_01045,SEC_054,350.709,351.26,10.779342,78.67452,10.783177,78.671327
SEG_01046,SEC_054,351.26,351.491,10.783177,78.671327,10.781871,78.669685
SEG_01047,SEC_054,351.491,351.788,10.781871,78.669685,10.780361,78.667445
SEG_01048,SEC_054,351.788,352.1,10.780361,78.667445,10.778866,78.665024
SEG_01049,SEC_054,352.1,352.451,10.778866,78.665024,10.777184,78.662304
SEG_01050,SEC_054,352.451,352.814,10.777184,78.662304,10.775459,78.659482
SEG_01051,SEC_054,352.814,353.054,10.775459,78.659482,10.774155,78.657731
SEG_01052,SEC_054,353.054,353.283,10.774155,78.657731,10.772968,78.656018
SEG_01053,SEC_054,353.283,353.616,10.772968,78.656018,10.77133,78.653472
SEG_01054,SEC_054,353.616,354.115,10.77133,78.653472,10.768724,78.649758
SEG_01055,SEC_054,354.115,354.568,10.768724,78.649758,10.766363,78.646379
SEG_01056,SEC_054,354.568,354.977,10.766363,78.646379,10.764189,78.643357
SEG_01057,SEC_054,354.977,355.33,10.764189,78.643357,10.762397,78.640686
SEG_01058,SEC_054,355.33,355.634,10.762397,78.640686,10.760812,78.638423
SEG_01059,SEC_054,355.634,355.856,10.760812,78.638423,10.759661,78.636758
SEG_01060,SEC_054,355.856,356.096,10.759661,78.636758,10.758399,78.634974
SEG_01061,SEC_054,356.096,356.352,10.758399,78.634974,10.757069,78.633065
SEG_01062,SEC_054,356.352,356.595,10.757069,78.633065,10.755813,78.63124
SEG_01063,SEC_054,356.595,356.994,10.755813,78.63124,10.753722,78.62827
SEG_01064,SEC_054,356.994,357.284,10.753722,78.62827,10.752171,78.626139
SEG_01065,SEC_054,357.284,357.625,10.752171,78.626139,10.750331,78.623647
SEG_01066,SEC_054,357.625,358.247,10.750331,78.623647,10.747281,78.618856
SEG_01067,SEC_055,358.247,358.571,10.747281,78.618856,10.745393,78.6166
SEG_01068,SEC_055,358.571,358.784,10.745393,78.6166,10.74437,78.614951
SEG_01069,SEC_055,358.784,359.008,10.74437,78.614951,10.743234,78.613258
SEG_01070,SEC_055,359.008,359.232,10.743234,78.613258,10.742002,78.61163
SEG_01071,SEC_055,359.232,359.566,10.742002,78.61163,10.740277,78.609127
SEG_01072,SEC_055,359.566,359.909,10.740277,78.609127,10.73853,78.606538
SEG_01073,SEC_055,359.909,360.161,10.73853,78.606538,10.737214,78.604662
SEG_01074,SEC_055,360.161,360.427,10.737214,78.604662,10.735824,78.602681
SEG_01075,SEC_055,360.427,360.757,10.735824,78.602681,10.734083,78.600233
SEG_01076,SEC_055,360.757,361.113,10.734083,78.600233,10.73224,78.597567
SEG_01077,SEC_055,361.113,361.406,10.73224,78.597567,10.730714,78.595378
SEG_01078,SEC_055,361.406,361.673,10.730714,78.595378,10.729358,78.593362
SEG_01079,SEC_055,361.673,361.932,10.729358,78.593362,10.728105,78.591368
SEG_01080,SEC_055,361.932,362.194,10.728105,78.591368,10.727052,78.58922
SEG_01081,SEC_055,362.194,362.662,10.727052,78.58922,10.725316,78.585317
SEG_01082,SEC_055,362.662,363.013,10.725316,78.585317,10.723969,78.582411
SEG_01083,SEC_055,363.013,363.326,10.723969,78.582411,10.722753,78.579827
SEG_01084,SEC_055,363.326,363.625,10.722753,78.579827,10.721582,78.577367
SEG_01085,SEC_055,363.625,363.876,10.721582,78.577367,10.720612,78.575295
SEG_01086,SEC_055,363.876,364.085,10.720612,78.575295,10.719763,78.573587
SEG_01087,SEC_055,364.085,364.368,10.719763,78.573587,10.718712,78.571224
SEG_01088,SEC_055,364.368,364.622,10.718712,78.571224,10.717673,78.569154
SEG_01089,SEC_055,364.622,365.05,10.717673,78.569154,10.716014,78.565616
SEG_01090,SEC_055,365.05,365.348,10.716014,78.565616,10.714917,78.56313
SEG_01091,SEC_055,365.348,365.569,10.714917,78.56313,10.713922,78.561378
SEG_01092,SEC_055,365.569,365.794,10.713922,78.561378,10.712613,78.559803
SEG_01093,SEC_055,365.794,366.051,10.712613,78.559803,10.710957,78.558159
SEG_01094,SEC_055,366.051,366.26,10.710957,78.558159,10.709452,78.557012
SEG_01095,SEC_055,366.26,366.594,10.709452,78.557012,10.707096,78.555117
SEG_01096,SEC_055,366.594,366.846,10.707096,78.555117,10.705321,78.553681
SEG_01097,SEC_055,366.846,367.073,10.705321,78.553681,10.703905,78.552181
SEG_01098,SEC_055,367.073,367.398,10.703905,78.552181,10.702045,78.549881
SEG_01099,SEC_055,367.398,367.741,10.702045,78.549881,10.700451,78.547197
SEG_01100,SEC_056,367.743,368.252,10.700451,78.547197,10.697497,78.543639
SEG_01101,SEC_056,368.252,368.456,10.697497,78.543639,10.696481,78.542082
SEG_01102,SEC_056,368.456,368.817,10.696481,78.542082,10.694535,78.539439
SEG_01103,SEC_056,368.817,369.056,10.694535,78.539439,10.693104,78.537808
SEG_01104,SEC_056,369.056,369.28,10.693104,78.537808,10.691782,78.536266
SEG_01105,SEC_056,369.28,369.519,10.691782,78.536266,10.690153,78.534842
SEG_01106,SEC_056,369.519,369.813,10.690153,78.534842,10.688073,78.533175
SEG_01107,SEC_056,369.813,370.053,10.688073,78.533175,10.686367,78.53183
SEG_01108,SEC_056,370.053,370.26,10.686367,78.53183,10.684932,78.530617
SEG_01109,SEC_056,370.26,370.481,10.684932,78.530617,10.68332,78.52944
SEG_01110,SEC_056,370.481,370.681,10.68332,78.52944,10.681944,78.528259
SEG_01111,SEC_056,370.681,370.923,10.681944,78.528259,10.680214,78.526909
SEG_01112,SEC_056,370.923,371.155,10.680214,78.526909,10.678576,78.5256
SEG_01113,SEC_056,371.155,371.379,10.678576,78.5256,10.676977,78.524359
SEG_01114,SEC_056,371.379,371.613,10.676977,78.524359,10.675323,78.523038
SEG_01115,SEC_056,371.613,371.816,10.675323,78.523038,10.673881,78.521899
SEG_01116,SEC_056,371.816,372.07,10.673881,78.521899,10.672398,78.52013
SEG_01117,SEC_056,372.07,372.332,10.672398,78.52013,10.671103,78.518126
SEG_01118,SEC_056,372.332,372.698,10.671103,78.518126,10.669431,78.515243
SEG_01119,SEC_056,372.698,372.929,10.669431,78.515243,10.668324,78.513454
SEG_01120,SEC_056,372.929,373.181,10.668324,78.513454,10.667223,78.511437
SEG_01121,SEC_056,373.181,373.458,10.667223,78.511437,10.665971,78.509247
SEG_01122,SEC_056,373.458,373.659,10.665971,78.509247,10.665065,78.507659
SEG_01123,SEC_056,373.659,373.86,10.665065,78.507659,10.663979,78.506185
SEG_01124,SEC_056,373.86,374.086,10.663979,78.506185,10.662638,78.504626
SEG_01125,SEC_056,374.086,374.396,10.662638,78.504626,10.660728,78.502555
SEG_01126,SEC_056,374.396,374.762,10.660728,78.502555,10.65848,78.500109
SEG_01127,SEC_056,374.762,375.065,10.65848,78.500109,10.656632,78.498075
SEG_01128,SEC_056,375.065,375.51,10.656632,78.498075,10.653948,78.495049
SEG_01129,SEC_056,375.51,377.321,10.653948,78.495049,10.644299,78.481697
SEG_01130,SEC_056,377.321,377.529,10.644299,78.481697,10.643929,78.479829
SEG_01131,SEC_056,377.529,377.73,10.643929,78.479829,10.643428,78.478065
SEG_01132,SEC_056,377.73,377.933,10.643428,78.478065,10.642714,78.47636
SEG_01133,SEC_056,377.933,378.151,10.642714,78.47636,10.641719,78.474642
SEG_01134,SEC_056,378.151,378.37,10.641719,78.474642,10.640454,78.473108
SEG_01135,SEC_056,378.37,378.613,10.640454,78.473108,10.638907,78.471536
SEG_01136,SEC_056,378.613,378.886,10.638907,78.471536,10.636847,78.470178
SEG_01137,SEC_056,378.886,380.333,10.636847,78.470178,10.628802,78.459774
SEG_01138,SEC_056,380.333,380.635,10.628802,78.459774,10.627947,78.457151
SEG_01139,SEC_056,380.635,380.931,10.627947,78.457151,10.62722,78.454548
SEG_01140,SEC_056,380.931,381.136,10.62722,78.454548,10.626499,78.452827
SEG_01141,SEC_056,381.136,381.372,10.626499,78.452827,10.625521,78.450913
SEG_01142,SEC_056,381.372,381.78,10.625521,78.450913,10.623333,78.447918
SEG_01143,SEC_056,381.78,382.179,10.623333,78.447918,10.621165,78.445009
SEG_01144,SEC_056,382.179,382.447,10.621165,78.445009,10.619656,78.443094
SEG_01145,SEC_056,382.447,382.732,10.619656,78.443094,10.618101,78.44102
SEG_01146,SEC_056,382.732,383.014,10.618101,78.44102,10.616554,78.438981
SEG_01147,SEC_056,383.014,383.255,10.616554,78.438981,10.615393,78.437122
SEG_01148,SEC_056,383.255,383.502,10.615393,78.437122,10.614498,78.435053
SEG_01149,SEC_056,383.502,383.785,10.614498,78.435053,10.613728,78.432589
SEG_01150,SEC_056,383.785,384.049,10.613728,78.432589,10.612947,78.430305
SEG_01151,SEC_056,384.049,384.372,10.612947,78.430305,10.612045,78.427492
SEG_01152,SEC_056,384.372,384.615,10.612045,78.427492,10.611335,78.42539
SEG_01153,SEC_056,384.615,384.852,10.611335,78.42539,10.610479,78.423408
SEG_01154,SEC_056,384.852,385.099,10.610479,78.423408,10.609385,78.421441
SEG_01155,SEC_056,385.099,385.526,10.609385,78.421441,10.607339,78.418111
SEG_01156,SEC_057,385.526,385.773,10.607339,78.418111,10.606476,78.416032
SEG_01157,SEC_057,385.773,386.022,10.606476,78.416032,10.605248,78.414125
SEG_01158,SEC_057,386.022,386.267,10.605248,78.414125,10.604155,78.412183
SEG_01159,SEC_057,386.267,386.477,10.604155,78.412183,10.60328,78.410477
SEG_01160,SEC_057,386.477,386.751,10.60328,78.410477,10.602052,78.408302
SEG_01161,SEC_057,386.751,387.029,10.602052,78.408302,10.600742,78.406138
SEG_01162,SEC_057,387.029,387.236,10.600742,78.406138,10.599819,78.404494
SEG_01163,SEC_057,387.236,387.467,10.599819,78.404494,10.598688,78.402721
SEG_01164,SEC_057,387.467,387.693,10.598688,78.402721,10.597371,78.40115
SEG_01165,SEC_057,387.693,387.927,10.597371,78.40115,10.59584,78.399675
SEG_01166,SEC_057,387.927,388.134,10.59584,78.399675,10.594638,78.398225
SEG_01167,SEC_057,388.134,388.371,10.594638,78.398225,10.593455,78.396418
SEG_01168,SEC_057,388.371,388.611,10.593455,78.396418,10.592476,78.394463
SEG_01169,SEC_057,388.611,388.837,10.592476,78.394463,10.591956,78.392467
SEG_01170,SEC_057,388.837,389.037,10.591956,78.392467,10.591478,78.3907
SEG_01171,SEC_057,389.037,389.271,10.591478,78.3907,10.590862,78.388656
SEG_01172,SEC_057,389.271,389.476,10.590862,78.388656,10.590047,78.386977
SEG_01173,SEC_057,389.476,389.755,10.590047,78.386977,10.588628,78.384869
SEG_01174,SEC_057,389.755,390.136,10.588628,78.384869,10.586673,78.382008
SEG_01175,SEC_057,390.136,390.375,10.586673,78.382008,10.585541,78.380145
SEG_01176,SEC_057,390.375,390.597,10.585541,78.380145,10.584874,78.378229
SEG_01177,SEC_057,390.597,390.834,10.584874,78.378229,10.583925,78.37629
SEG_01178,SEC_057,390.834,391.037,10.583925,78.37629,10.582852,78.374786
SEG_01179,SEC_057,391.037,391.315,10.582852,78.374786,10.581275,78.372807
SEG_01180,SEC_057,391.315,391.519,10.581275,78.372807,10.580038,78.371429
SEG_01181,SEC_057,391.519,391.726,10.580038,78.371429,10.578833,78.369991
SEG_01182,SEC_057,391.726,392.062,10.578833,78.369991,10.576906,78.367618
SEG_01183,SEC_057,392.062,392.264,10.576906,78.367618,10.575701,78.366232
SEG_01184,SEC_057,392.264,392.508,10.575701,78.366232,10.574225,78.364575
SEG_01185,SEC_057,392.508,392.786,10.574225,78.364575,10.572553,78.362687
SEG_01186,SEC_058,392.787,392.989,10.572553,78.362687,10.571439,78.361225
SEG_01187,SEC_058,392.989,393.197,10.571439,78.361225,10.570251,78.359752
SEG_01188,SEC_058,393.197,393.443,10.570251,78.359752,10.569056,78.357861
SEG_01189,SEC_058,393.443,393.677,10.569056,78.357861,10.568041,78.355986
SEG_01190,SEC_058,393.677,393.889,10.568041,78.355986,10.567094,78.354303
SEG_01191,SEC_058,393.889,394.09,10.567094,78.354303,10.566121,78.352752
SEG_01192,SEC_058,394.09,394.403,10.566121,78.352752,10.564699,78.350281
SEG_01193,SEC_058,394.403,394.642,10.564699,78.350281,10.563692,78.348344
SEG_01194,SEC_058,394.642,394.87,10.563692,78.348344,10.562607,78.346573
SEG_01195,SEC_058,394.87,395.077,10.562607,78.346573,10.561665,78.344935
SEG_01196,SEC_058,395.077,395.299,10.561665,78.344935,10.560669,78.343178
SEG_01197,SEC_058,395.299,395.568,10.560669,78.343178,10.55953,78.341006
SEG_01198,SEC_058,395.568,395.862,10.55953,78.341006,10.557975,78.33883
SEG_01199,SEC_058,395.862,396.203,10.557975,78.33883,10.556113,78.336351
SEG_01200,SEC_058,396.203,396.416,10.556113,78.336351,10.554896,78.334849
SEG_01201,SEC_058,396.416,396.648,10.554896,78.334849,10.553597,78.333188
SEG_01202,SEC_058,396.648,396.951,10.553597,78.333188,10.552041,78.330907
SEG_01203,SEC_058,396.951,397.256,10.552041,78.330907,10.550655,78.328502
SEG_01204,SEC_058,397.256,397.508,10.550655,78.328502,10.549549,78.326489
SEG_01205,SEC_058,397.508,397.731,10.549549,78.326489,10.548533,78.324726
SEG_01206,SEC_058,397.731,397.95,10.548533,78.324726,10.547558,78.322988
SEG_01207,SEC_058,397.95,398.186,10.547558,78.322988,10.546925,78.32093
SEG_01208,SEC_058,398.186,398.39,10.546925,78.32093,10.546391,78.319148
SEG_01209,SEC_058,398.39,398.809,10.546391,78.319148,10.545227,78.315506
SEG_01210,SEC_058,398.809,399.259,10.545227,78.315506,10.544048,78.311567
SEG_01211,SEC_058,399.259,399.593,10.544048,78.311567,10.54338,78.308589
SEG_01212,SEC_059,399.593,399.957,10.54338,78.308589,10.542255,78.305458
SEG_01213,SEC_059,399.957,400.302,10.542255,78.305458,10.541392,78.302428
SEG_01214,SEC_059,400.302,400.568,10.541392,78.302428,10.540694,78.300101
SEG_01215,SEC_059,400.568,401.214,10.540694,78.300101,10.53899,78.294451
SEG_01216,SEC_059,401.214,401.649,10.53899,78.294451,10.537861,78.290642
SEG_01217,SEC_059,401.649,402.111,10.537861,78.290642,10.536577,78.28662
SEG_01218,SEC_059,402.111,402.397,10.536577,78.28662,10.535894,78.284097
SEG_01219,SEC_059,402.397,402.604,10.535894,78.284097,10.535291,78.282306
SEG_01220,SEC_059,402.604,402.804,10.535291,78.282306,10.534856,78.280528
SEG_01221,SEC_059,402.804,403.135,10.534856,78.280528,10.534342,78.277542
SEG_01222,SEC_059,403.135,403.725,10.534342,78.277542,10.533795,78.272172
SEG_01223,SEC_059,403.725,404.292,10.533795,78.272172,10.533133,78.267031
SEG_01224,SEC_059,404.292,404.537,10.533133,78.267031,10.532862,78.264807
SEG_01225,SEC_059,404.537,404.79,10.532862,78.264807,10.532355,78.262549
SEG_01226,SEC_059,404.79,405.034,10.532355,78.262549,10.5315,78.260492
SEG_01227,SEC_059,405.034,405.282,10.5315,78.260492,10.530248,78.258614
SEG_01228,SEC_059,405.282,405.574,10.530248,78.258614,10.528658,78.256487
SEG_01229,SEC_059,405.574,405.98,10.528658,78.256487,10.526321,78.253631
SEG_01230,SEC_059,405.98,406.26,10.526321,78.253631,10.524753,78.25163
SEG_01231,SEC_059,406.26,406.467,10.524753,78.25163,10.523584,78.250163
SEG_01232,SEC_059,406.467,406.685,10.523584,78.250163,10.522596,78.248436
SEG_01233,SEC_059,406.685,406.945,10.522596,78.248436,10.521782,78.246207
SEG_01234,SEC_059,406.945,407.172,10.521782,78.246207,10.521171,78.244226
SEG_01235,SEC_059,407.172,407.5,10.521171,78.244226,10.520449,78.241322
SEG_01236,SEC_059,407.5,407.843,10.520449,78.241322,10.519708,78.23828
SEG_01237,SEC_060,407.844,408.227,10.519708,78.23828,10.518037,78.235217
SEG_01238,SEC_060,408.227,408.516,10.518037,78.235217,10.516876,78.232852
SEG_01239,SEC_060,408.516,408.793,10.516876,78.232852,10.515823,78.230556
SEG_01240,SEC_060,408.793,409.066,10.515823,78.230556,10.514785,78.228297
SEG_01241,SEC_060,409.066,409.34,10.514785,78.228297,10.51375,78.22602
SEG_01242,SEC_060,409.34,409.579,10.51375,78.22602,10.512972,78.223982
SEG_01243,SEC_060,409.579,409.832,10.512972,78.223982,10.512172,78.221819
SEG_01244,SEC_060,409.832,410.033,10.512172,78.221819,10.5116,78.220073
SEG_01245,SEC_060,410.033,410.287,10.5116,78.220073,10.510355,78.218125
SEG_01246,SEC_060,410.287,410.503,10.510355,78.218125,10.508925,78.21678
SEG_01247,SEC_060,410.503,410.753,10.508925,78.21678,10.506949,78.215698
SEG_01248,SEC_060,410.753,410.983,10.506949,78.215698,10.504931,78.215239
SEG_01249,SEC_060,410.983,411.492,10.504931,78.215239,10.508746,78.212675
SEG_01250,SEC_060,411.492,411.699,10.508746,78.212675,10.50807,78.210913
SEG_01251,SEC_060,411.699,411.943,10.50807,78.210913,10.50712,78.208899
SEG_01252,SEC_060,411.943,412.162,10.50712,78.208899,10.506051,78.207212
SEG_01253,SEC_060,412.162,412.418,10.506051,78.207212,10.504647,78.205359
SEG_01254,SEC_060,412.418,412.644,10.504647,78.205359,10.503362,78.20376
SEG_01255,SEC_060,412.644,412.951,10.503362,78.20376,10.501896,78.201384
SEG_01256,SEC_060,412.951,413.198,10.501896,78.201384,10.501045,78.199293
SEG_01257,SEC_060,413.198,413.798,10.501045,78.199293,10.495826,78.197889
SEG_01258,SEC_060,413.798,414.307,10.495826,78.197889,10.500002,78.195988
SEG_01259,SEC_060,414.307,414.762,10.500002,78.195988,10.496199,78.197514
SEG_01260,SEC_060,414.762,414.991,10.496199,78.197514,10.497412,78.195822
SEG_01261,SEC_060,414.991,415.262,10.497412,78.195822,10.49957,78.194667
SEG_01262,SEC_060,415.262,415.49,10.49957,78.194667,10.497634,78.195366
SEG_01263,SEC_060,415.49,415.714,10.497634,78.195366,10.498211,78.193399
SEG_01264,SEC_060,415.714,415.961,10.498211,78.193399,10.498241,78.191142
SEG_01265,SEC_060,415.961,416.27,10.498241,78.191142,10.49748,78.188419
SEG_01266,SEC_060,416.27,416.69,10.49748,78.188419,10.496294,78.184772
SEG_01267,SEC_060,416.69,417.297,10.496294,78.184772,10.494552,78.179509
SEG_01268,SEC_060,417.297,417.855,10.494552,78.179509,10.493055,78.174635
SEG_01269,SEC_060,417.855,418.42,10.493055,78.174635,10.491458,78.169733
SEG_01270,SEC_060,418.42,418.663,10.491458,78.169733,10.49074,78.167637
SEG_01271,SEC_060,418.663,418.887,10.49074,78.167637,10.490139,78.165683
SEG_01272,SEC_060,418.887,419.106,10.490139,78.165683,10.489377,78.163838
SEG_01273,SEC_060,419.106,419.377,10.489377,78.163838,10.48816,78.161689
SEG_01274,SEC_060,419.377,419.702,10.48816,78.161689,10.486389,78.159326
SEG_01275,SEC_061,419.702,419.924,10.486389,78.159326,10.4849,78.157973
SEG_01276,SEC_061,419.924,420.143,10.4849,78.157973,10.483554,78.156515
SEG_01277,SEC_061,420.143,420.441,10.483554,78.156515,10.481775,78.154472
SEG_01278,SEC_061,420.441,420.804,10.481775,78.154472,10.479511,78.152083
SEG_01279,SEC_061,420.804,421.079,10.479511,78.152083,10.477899,78.150182
SEG_01280,SEC_061,421.079,421.395,10.477899,78.150182,10.475918,78.148112
SEG_01281,SEC_061,421.395,421.658,10.475918,78.148112,10.474239,78.146421
SEG_01282,SEC_061,421.658,421.893,10.474239,78.146421,10.472594,78.145066
SEG_01283,SEC_061,421.893,422.098,10.472594,78.145066,10.471144,78.143903
SEG_01284,SEC_061,422.098,422.473,10.471144,78.143903,10.468515,78.141754
SEG_01285,SEC_061,422.473,422.72,10.468515,78.141754,10.466905,78.140194
SEG_01286,SEC_061,422.72,422.974,10.466905,78.140194,10.465361,78.138481
SEG_01287,SEC_061,422.974,423.205,10.465361,78.138481,10.463963,78.136917
SEG_01288,SEC_061,423.205,423.777,10.463963,78.136917,10.460569,78.132981
SEG_01289,SEC_061,423.777,424.25,10.460569,78.132981,10.457762,78.12973
SEG_01290,SEC_061,424.25,424.972,10.457762,78.12973,10.45339,78.124844
SEG_01291,SEC_061,424.972,425.252,10.45339,78.124844,10.451744,78.122912
SEG_01292,SEC_061,425.252,425.541,10.451744,78.122912,10.450079,78.120881
SEG_01293,SEC_061,425.541,425.897,10.450079,78.120881,10.447951,78.118447
SEG_01294,SEC_061,425.897,426.232,10.447951,78.118447,10.445961,78.116151
SEG_01295,SEC_061,426.232,426.817,10.445961,78.116151,10.442444,78.11217
SEG_01296,SEC_061,426.817,427.037,10.442444,78.11217,10.441179,78.110623
SEG_01297,SEC_061,427.037,427.243,10.441179,78.110623,10.439921,78.109234
SEG_01298,SEC_061,427.243,427.468,10.439921,78.109234,10.438868,78.107474
SEG_01299,SEC_061,427.468,427.67,10.438868,78.107474,10.438024,78.105843
SEG_01300,SEC_061,427.67,428.049,10.438024,78.105843,10.436791,78.102611
SEG_01301,SEC_062,428.05,455.297,10.436791,78.102611,10.191757,78.103887
SEG_01302,SEC_062,455.297,482.544,10.191757,78.103887,9.946722,78.105164
SEG_01303,SEC_063,482.544,482.811,9.946722,78.105164,9.945478,78.107247
SEG_01304,SEC_063,482.811,483.028,9.945478,78.107247,9.94469,78.109064
SEG_01305,SEC_063,483.028,483.289,9.94469,78.109064,9.94363,78.111191
SEG_01306,SEC_063,483.289,483.499,9.94363,78.111191,9.942792,78.112909
SEG_01307,SEC_063,483.499,484.842,9.942792,78.112909,9.930837,78.114687
SEG_01308,SEC_063,484.842,485.083,9.930837,78.114687,9.928796,78.113957
SEG_01309,SEC_063,485.083,485.309,9.928796,78.113957,9.926877,78.113278
SEG_01310,SEC_063,485.309,485.515,9.926877,78.113278,9.925145,78.112612
SEG_01311,SEC_063,485.515,485.728,9.925145,78.112612,9.923568,78.111505
SEG_01312,SEC_063,485.728,485.936,9.923568,78.111505,9.921939,78.110567
SEG_01313,SEC_063,485.936,486.204,9.921939,78.110567,9.91955,78.11022
SEG_01314,SEC_064,486.205,486.407,9.91955,78.11022,9.917836,78.109613
SEG_01315,SEC_064,486.407,486.616,9.917836,78.109613,9.916058,78.108984
SEG_01316,SEC_064,486.616,486.836,9.916058,78.108984,9.91408,78.109057
SEG_01317,SEC_064,486.836,487.179,9.91408,78.109057,9.91164,78.110979
SEG_01318,SEC_064,487.179,487.626,9.91164,78.110979,9.914638,78.108267
SEG_01319,SEC_064,487.626,487.92,9.914638,78.108267,9.912651,78.11004
SEG_01320,SEC_064,487.92,488.201,9.912651,78.11004,9.914484,78.108278
SEG_01321,SEC_064,488.201,488.446,9.914484,78.108278,9.912988,78.106632
SEG_01322,SEC_064,488.446,488.677,9.912988,78.106632,9.910921,78.106392
SEG_01323,SEC_064,488.677,488.879,9.910921,78.106392,9.911897,78.104836
SEG_01324,SEC_064,488.879,489.109,9.911897,78.104836,9.909973,78.105611
SEG_01325,SEC_064,489.109,489.398,9.909973,78.105611,9.911374,78.103385
SEG_01326,SEC_064,489.398,489.697,9.911374,78.103385,9.909317,78.105149
SEG_01327,SEC_064,489.697,490.001,9.909317,78.105149,9.91134,78.10328
SEG_01328,SEC_064,490.001,490.311,9.91134,78.10328,9.908996,78.10482
SEG_01329,SEC_064,490.311,490.513,9.908996,78.10482,9.907616,78.103618
SEG_01330,SEC_064,490.513,490.95,9.907616,78.103618,9.910558,78.100972
SEG_01331,SEC_064,490.95,491.407,9.910558,78.100972,9.906888,78.102844
SEG_01332,SEC_064,491.407,491.96,9.906888,78.102844,9.909838,78.098782
SEG_01333,SEC_064,491.96,492.495,9.909838,78.098782,9.905906,78.101591
SEG_01334,SEC_064,492.495,493.085,9.905906,78.101591,9.909461,78.097589
SEG_01335,SEC_064,493.085,493.67,9.909461,78.097589,9.905106,78.100589
SEG_01336,SEC_064,493.67,494.304,9.905106,78.100589,9.909218,78.096581
SEG_01337,SEC_064,494.304,494.935,9.909218,78.096581,9.904451,78.099703
SEG_01338,SEC_064,494.935,495.213,9.904451,78.099703,9.903026,78.097616
SEG_01339,SEC_064,495.213,496.051,9.903026,78.097616,9.908089,78.091952
SEG_01340,SEC_064,496.051,496.881,9.908089,78.091952,9.902272,78.096693
SEG_01341,SEC_064,496.881,497.777,9.902272,78.096693,9.907805,78.090743
SEG_01342,SEC_064,497.777,498.651,9.907805,78.090743,9.901332,78.09527
SEG_01343,SEC_064,498.651,499.655,9.901332,78.09527,9.907225,78.088323
SEG_01344,SEC_064,499.655,500.64,9.907225,78.088323,9.900339,78.093981
SEG_01345,SEC_064,500.64,501.716,9.900339,78.093981,9.906846,78.086706
SEG_01346,SEC_064,501.716,502.766,9.906846,78.086706,9.899596,78.092847
SEG_01347,SEC_064,502.766,503.851,9.899596,78.092847,9.906682,78.08604
SEG_01348,SEC_064,503.851,504.933,9.906682,78.08604,9.899088,78.092215
SEG_01349,SEC_064,504.933,506.051,9.899088,78.092215,9.906574,78.085397
SEG_01350,SEC_064,506.051,507.165,9.906574,78.085397,9.898477,78.091383
SEG_01351,SEC_064,507.165,507.373,9.898477,78.091383,9.897411,78.089826
SEG_01352,SEC_064,507.373,507.573,9.897411,78.089826,9.896333,78.088364
SEG_01353,SEC_064,507.573,507.799,9.896333,78.088364,9.895144,78.086685
SEG_01354,SEC_064,507.799,508.155,9.895144,78.086685,9.893195,78.084108
SEG_01355,SEC_064,508.155,508.509,9.893195,78.084108,9.891337,78.081487
SEG_01356,SEC_064,508.509,508.709,9.891337,78.081487,9.890202,78.080066
SEG_01357,SEC_064,508.709,508.946,9.890202,78.080066,9.888952,78.078311
SEG_01358,SEC_064,508.946,509.149,9.888952,78.078311,9.887874,78.07682
SEG_01359,SEC_064,509.149,509.457,9.887874,78.07682,9.886301,78.074501
SEG_01360,SEC_064,509.457,509.733,9.886301,78.074501,9.884792,78.072505
SEG_01361,SEC_064,509.733,510.0,9.884792,78.072505,9.883372,78.070542
SEG_01362,SEC_064,510.0,510.213,9.883372,78.070542,9.882236,78.068975
SEG_01363,SEC_064,510.213,510.429,9.882236,78.068975,9.881047,78.06741
SEG_01364,SEC_064,510.429,510.758,9.881047,78.06741,9.87909,78.065152
SEG_01365,SEC_065,510.761,511.801,9.87909,78.065152,9.871183,78.060074
SEG_01366,SEC_065,511.801,512.033,9.871183,78.060074,9.869377,78.059007
SEG_01367,SEC_065,512.033,550.668,9.869377,78.059007,9.524626,78.102881
SEG_01368,SEC_066,550.669,589.659,9.524626,78.102881,9.176194,78.063039
SEG_01369,SEC_066,589.659,628.649,9.176194,78.063039,8.827761,78.023197
SEG_01370,SEC_067,628.649,628.917,8.827761,78.023197,8.826959,78.025496
SEG_01371,SEC_067,628.917,629.124,8.826959,78.025496,8.826133,78.027179
SEG_01372,SEC_067,629.124,629.366,8.826133,78.027179,8.825285,78.029206
SEG_01373,SEC_067,629.366,629.595,8.825285,78.029206,8.824305,78.031044
SEG_01374,SEC_067,629.595,629.819,8.824305,78.031044,8.823442,78.032883
SEG_01375,SEC_067,629.819,630.144,8.823442,78.032883,8.822247,78.035587
SEG_01376,SEC_067,630.144,630.455,8.822247,78.035587,8.821345,78.038262
SEG_01377,SEC_067,630.455,630.798,8.821345,78.038262,8.820458,78.041248
SEG_01378,SEC_067,630.798,632.125,8.820458,78.041248,8.828071,78.050544
SEG_01379,SEC_067,632.125,633.157,8.828071,78.050544,8.819029,78.048425
SEG_01380,SEC_067,633.157,634.115,8.819029,78.048425,8.827393,78.05053
SEG_01381,SEC_067,634.115,635.08,8.827393,78.05053,8.818949,78.048488
SEG_01382,SEC_067,635.08,635.983,8.818949,78.048488,8.826808,78.050555
SEG_01383,SEC_067,635.983,636.188,8.826808,78.050555,8.824985,78.050839
SEG_01384,SEC_067,636.188,636.441,8.824985,78.050839,8.822845,78.051621
SEG_01385,SEC_067,636.441,636.654,8.822845,78.051621,8.8212,78.052619
SEG_01386,SEC_067,636.654,636.907,8.8212,78.052619,8.819496,78.054144
SEG_01387,SEC_067,636.907,637.154,8.819496,78.054144,8.818202,78.055971
SEG_01388,SEC_067,637.154,637.357,8.818202,78.055971,8.81723,78.057536
SEG_01389,SEC_067,637.357,637.613,8.81723,78.057536,8.816717,78.05981
SEG_01390,SEC_067,637.613,637.818,8.816717,78.05981,8.816467,78.061661
SEG_01391,SEC_067,637.818,638.266,8.816467,78.061661,8.815591,78.065641
SEG_01392,SEC_067,638.266,638.569,8.815591,78.065641,8.81517,78.068365
SEG_01393,SEC_067,638.569,638.869,8.81517,78.068365,8.814652,78.071046
SEG_01394,SEC_067,638.869,639.144,8.814652,78.071046,8.814201,78.073504
SEG_01395,SEC_067,639.144,639.381,8.814201,78.073504,8.813787,78.07562
SEG_01396,SEC_067,639.381,639.606,8.813787,78.07562,8.813398,78.077631
SEG_01397,SEC_067,639.606,639.871,8.813398,78.077631,8.812903,78.079986
SEG_01398,SEC_067,639.871,640.117,8.812903,78.079986,8.812497,78.082187
SEG_01399,SEC_067,640.117,640.465,8.812497,78.082187,8.811924,78.0853
SEG_01400,SEC_067,640.465,640.733,8.811924,78.0853,8.811644,78.087726
SEG_01401,SEC_068,640.733,641.026,8.811644,78.087726,8.810804,78.090254
SEG_01402,SEC_068,641.026,641.237,8.810804,78.090254,8.810504,78.092154
SEG_01403,SEC_068,641.237,641.498,8.810504,78.092154,8.810126,78.094497
SEG_01404,SEC_068,641.498,641.777,8.810126,78.094497,8.809653,78.096988
SEG_01405,SEC_068,641.777,642.225,8.809653,78.096988,8.809175,78.101033
SEG_01406,SEC_068,642.225,642.451,8.809175,78.101033,8.809077,78.103085
SEG_01407,SEC_068,642.451,643.231,8.809077,78.103085,8.809158,78.110184
SEG_01408,SEC_068,643.231,644.184,8.809158,78.110184,8.809214,78.11886
SEG_01409,SEC_068,644.184,645.799,8.809214,78.11886,8.809382,78.133559
SEG_01410,SEC_068,645.799,646.033,8.809382,78.133559,8.809389,78.13569
SEG_01411,SEC_068,646.033,646.516,8.809389,78.13569,8.809473,78.140084
SEG_01412,SEC_068,646.516,646.758,8.809473,78.140084,8.80926,78.142275
SEG_01413,SEC_068,646.758,647.195,8.80926,78.142275,8.808336,78.146143
SEG_01414,SEC_068,647.195,647.413,8.808336,78.146143,8.807863,78.148069
SEG_01415,SEC_068,647.413,647.868,8.807863,78.148069,8.80688,78.152093
SEG_01416,SEC_068,647.868,648.227,8.80688,78.152093,8.806015,78.155243
