station_code,ogd_name,osm_name,osm_id,match_method,match_confidence,match_status,lat,lon,wikidata
STR,Satara,Tondiarpet,node/8430632416,exact_code,HIGH,MATCHED,13.1245276,80.2888557,
SSA,Sirsa,சைதாப்பேட்டை,node/6285857244,exact_code,HIGH,MATCHED,13.0239952,80.2281244,Q55632346
SNP,Sonipat,Nehru Park,node/5329907490,exact_code,HIGH,MATCHED,13.0787841,80.250473,Q30638924
SEG,Shegaon,Egmore,node/5329907499,exact_code,HIGH,MATCHED,13.0802807,80.2630546,Q30638926
SA,Salem Jn.,Salem Junction,node/2671295576,exact_code,HIGH,MATCHED,11.6707553,78.1135427,Q4520604
JTJ,Jolarpettai,Jolarpettai Junction,node/5311732452,exact_code,HIGH,MATCHED,12.5639905,78.5783902,Q15229704
AJJ,Arakkonam Jn,Arakkonam Junction,node/5273664184,exact_code,HIGH,MATCHED,13.0823386,79.6685253,Q15185945
MAS,Chennai Cent,Puratchi Thalaivar Dr. M. G. Ramachandran Central,node/2481969291,exact_code,HIGH,MATCHED,13.0824232,80.2759622,Q257382
SOT,Shohratgarh,Nanganallur Road,node/6285857237,exact_code,HIGH,MATCHED,12.9998798,80.1940099,Q19894462
SWA,Sahjanwa,Washermanpet,node/5337658099,exact_code,HIGH,MATCHED,13.1078469,80.280949,Q48732079
SHC,Saharsa Jn.,High Court,node/5337658083,exact_code,HIGH,MATCHED,13.0872681,80.2849845,Q62005403
MS,Chennai Egmo,Chennai Egmore,node/5275790188,exact_code,HIGH,MATCHED,13.0777493,80.2612572,Q3536643
TBM,Tambaram,Tambaram,node/5286945822,exact_code,HIGH,MATCHED,12.9257923,80.1179194,Q7681017
CGL,Chengalpattu,Chengalpatttu Junction,node/5273662388,exact_code,HIGH,MATCHED,12.6934653,79.9805157,Q15209396
VM,Villupuram J,Viluppuram Junction,node/5301034189,exact_code,HIGH,MATCHED,11.941697,79.4991491,Q16902720
VRI,Vridha Chala,Vriddhachalam Junction,node/5302069335,exact_code,HIGH,MATCHED,11.5333359,79.3165229,Q15616178
TPJ,Tiruchirappa,Tiruchchirappalli Junction,node/2669085028,exact_code,HIGH,MATCHED,10.7942683,78.6852944,Q7809309
MDU,Madurai Jn,Madurai Junction,way/757974347,exact_code,HIGH,MATCHED,9.9195505,78.1102197,Q6728812
MBM,Mambalam,Mambalam,node/2481259006,exact_code,HIGH,MATCHED,13.0380662,80.2277752,Q6745495
PER,Perambur,Perambur,node/5276205560,exact_code,HIGH,MATCHED,13.107719,80.2444143,Q7166920
PDY,Pondicherry,Puducherry,node/5301762168,exact_code,HIGH,MATCHED,11.92503,79.8281565,Q16898659
MLMR,Melmaruvathu,Melmaruvattur,node/3383990519,exact_code,HIGH,MATCHED,12.4286748,79.8328664,Q63355692
TDPR,Tiruppadirip,Tiruppadirippuliyur,node/5300620020,exact_code,HIGH,MATCHED,11.748206,79.7540567,Q24938021
CUPJ,Cuddalore Po,Cuddalore Port Junction,node/5300621421,exact_code,HIGH,MATCHED,11.7159501,79.7670526,Q17065711
MV,Mayiladutura,Mayiladuthurai Junction,node/5300704886,exact_code,HIGH,MATCHED,11.0954989,79.6288292,Q15252284
KMU,Kumbakonam,Kumbakonam,node/5300783994,exact_code,HIGH,MATCHED,10.954175,79.3900701,Q12420127
TJ,Thanjavur Jn,Thanjavur Junction,node/5300821213,exact_code,HIGH,MATCHED,10.7781963,79.1396716,Q16901472
MPA,Manaparai,Manaparai,node/5315603266,exact_code,HIGH,MATCHED,10.6073393,78.4181106,Q63356096
KRR,Karur Jn.,Karur Junction,node/367556637,exact_code,HIGH,MATCHED,10.9658076,78.0849562,Q18126624
MKM,Marikuppam,Marikuppam,node/4133754822,exact_code,HIGH,MATCHED,12.9187951,78.263739,Q63357529
CHU,Champion,Champion,node/6068892361,exact_code,HIGH,MATCHED,12.9363711,78.2629408,Q63357986
OGM,Oorgaum,Oorgaum,node/1844248845,exact_code,HIGH,MATCHED,12.9542839,78.2599832,Q63355421
COL,Coromandel,Coromandel,node/1722769520,exact_code,HIGH,MATCHED,12.9756551,78.2578048,Q87923613
BWT,Bangarpet Jn,Bangarpet Junction,node/5760183667,exact_code,HIGH,MATCHED,12.9854946,78.178224,Q17049573
TCL,Tyakal,Tyakal,node/5760183640,exact_code,HIGH,MATCHED,12.9845826,78.0711128,Q63369886
BFW,Byatrayanhal,Byatrayanahalli,node/6065388673,exact_code,HIGH,MATCHED,12.9955268,78.0174938,Q63369884
TPT,Tirupattur,Tirupattur,node/5353573546,exact_code,HIGH,MATCHED,12.4983561,78.5618167,Q24943571
KPN,Kuppam,Kuppam,node/248543645,exact_code,HIGH,MATCHED,12.74728,78.3403626,Q63369901
KIK,Karaikal,Karaikal,node/4947078339,exact_code,HIGH,MATCHED,10.9170705,79.8389621,Q16893133
NCR,Nagore,Nagore,node/5303104783,exact_code,HIGH,MATCHED,10.8189873,79.8460145,Q63356767
SAP,Sattenapalle,Chennai International Airport,node/6285857241,exact_code,HIGH,MATCHED,12.9808092,80.1642026,Q5091440
VLNK,Velankanni,Velankanni,node/3850728157,exact_code,HIGH,MATCHED,10.6868771,79.8461807,Q13119476
NGT,Nagappattina,Nagappattinam Junction,node/5303104780,exact_code,HIGH,MATCHED,10.7598214,79.8456137,Q24943209
TVR,Thiruvarur J,Thiruvarur Junction,node/3829101957,exact_code,HIGH,MATCHED,10.7650016,79.6336962,Q16901577
SY,Sirkazhi,Sirkazhi,node/5300686653,exact_code,HIGH,MATCHED,11.2430382,79.7283976,Q18359109
CDM,Chidambaram,Chidambaram,node/5300686639,exact_code,HIGH,MATCHED,11.3920706,79.703025,Q18111143
CJ,Kanchipuram,Kanchipuram,node/256777901,exact_code,HIGH,MATCHED,12.8483107,79.705073,Q15233410
TRT,Tiruttani,Tiruttani,node/5286998287,exact_code,HIGH,MATCHED,13.1792949,79.6121808,Q63369567
VN,Vaniyambadi,Vaniyambadi,node/5311732450,exact_code,HIGH,MATCHED,12.679344,78.6227478,Q63355617
SKP,Shankarpalli,Kaladipet,node/8430636715,exact_code,HIGH,MATCHED,13.1506672,80.2993928,
SLI,Sangli,எல் ஐ சி,node/5337407350,exact_code,HIGH,MATCHED,13.0643716,80.2658465,Q62005418
VLR,Vellore Cant,Vellore Cantonment,node/5301740207,exact_code,HIGH,MATCHED,12.910651,79.1278469,Q7919208
ARV,Arni Road,Arni Road,node/5301740197,exact_code,HIGH,MATCHED,12.6320942,79.2092743,Q63355739
PRL,Polur,Polur,node/5301740166,exact_code,HIGH,MATCHED,12.5103441,79.1301703,Q63357564
TNM,Tiruvannamal,Tiruvannamalai,node/5301337997,exact_code,HIGH,MATCHED,12.2384579,79.0778617,Q16867977
TRK,Tirukkovilur,Tirukkovilur,node/5301337891,exact_code,HIGH,MATCHED,11.9757138,79.223494,Q63369197
DPJ,Dharmapuri,Dharmapuri,node/358800211,exact_code,HIGH,MATCHED,12.1258613,78.154221,Q15213879
OML,Omalur,Omalur Junction,node/367666445,exact_code,HIGH,MATCHED,11.7382934,78.0449299,Q18128961
TRL,Tiruvallur,Tiruvallur,node/5310778041,exact_code,HIGH,MATCHED,13.1161924,79.9121601,Q7809454
TMV,Tindivanam,Tindivanam,node/5306585646,exact_code,HIGH,MATCHED,12.2291607,79.6515314,Q18394505
CHSM,Chinnasalem,Chinna Salem,node/1072726279,exact_code,HIGH,MATCHED,11.6314243,78.8743248,Q31292125
ATU,Attur,Attur,node/5349010077,exact_code,HIGH,MATCHED,11.595226,78.5935039,Q63371891
ETP,Ettapur Road,Ettapur Road,node/5349010103,exact_code,HIGH,MATCHED,11.6509608,78.4683602,Q63371894
APN,Ayodhyapatti,Ayodhyapattanam,node/5349010118,exact_code,HIGH,MATCHED,11.6715816,78.2342048,Q63371900
SXT,Salem Town,Salem Town,node/5349010252,exact_code,HIGH,MATCHED,11.6600537,78.1619935,Q21406838
PML,Papanasam,Papanasam,node/5300821196,exact_code,HIGH,MATCHED,10.9232734,79.2689297,Q63356875
WJR,Walajah Road,Walaja Road Junction,node/4740275882,exact_code,HIGH,MATCHED,12.9709314,79.3601973,Q63355884
SCC,Sitapur Cant,Central Metro,node/6285857253,exact_code,HIGH,MATCHED,13.0817254,80.273916,Q5091428
SVA,Suwasra,Vadapalani,node/5319972798,exact_code,HIGH,MATCHED,13.0509367,80.212065,Q17075798
SKM,Singarayakon,Kilpauk,node/5329907487,exact_code,HIGH,MATCHED,13.0776371,80.2426191,Q30638925
ALU,Ariyalur,Ariyalur,node/5303839984,exact_code,HIGH,MATCHED,11.1489062,79.0686377,Q18109776
LLI,Lalgudi,Lalgudi,node/5303840006,exact_code,HIGH,MATCHED,10.8754197,78.8153244,Q39050066
SRGM,Srirangam,Srirangam,node/5303840008,exact_code,HIGH,MATCHED,10.8577026,78.6959617,Q63356181
GOC,Ponmalai (Go,Ponmalai (Golden Rock),node/5300868168,exact_code,HIGH,MATCHED,10.7915686,78.7104342,Q16898675
PDKT,Pudukkottai,Pudukkotai,node/5304625848,exact_code,HIGH,MATCHED,10.3721881,78.8019821,Q17073332
KKDI,Karaikkudi,Karaikkudi Junction,node/1435161822,exact_code,HIGH,MATCHED,10.0696672,78.793967,Q17064041
AB,Ambur,Ambur,node/5300488135,exact_code,HIGH,MATCHED,12.784066,78.7217855,Q16868946
SHU,Sholingur,Sholinghur,node/5310778046,exact_code,HIGH,MATCHED,13.0141131,79.4867622,Q63355447
MCN,Mukundarayap,Mukundarayapuram,node/3480915452,exact_code,HIGH,MATCHED,12.9782491,79.2892009,Q63355886
GYM,Gudiattam,Gudiyattam,node/5310778049,exact_code,HIGH,MATCHED,12.9372959,78.9143466,Q31295667
AVD,Avadi,Avadi,node/3678939665,exact_code,HIGH,MATCHED,13.1182744,80.1015427,Q4827409
KKPM,Kallakkudi-P,Kallakkudi Palanganatham,node/5303839987,exact_code,HIGH,MATCHED,10.9664852,78.9497032,Q63356189
TPTN,Tiruchirappa,Tiruchchirappalli Town,node/5303840009,exact_code,HIGH,MATCHED,10.8293046,78.7030401,Q16901729
PNDM,Pennadam,Pennadam,node/5303165673,exact_code,HIGH,MATCHED,11.3984392,79.2209625,Q63356199
MAP,Morappur,Morappur,node/5615288917,exact_code,HIGH,MATCHED,12.1259048,78.394782,Q63355419
SGE,Sankaridrug,அரசினர் தோட்டம்,node/5337407354,exact_code,HIGH,MATCHED,13.0696345,80.2730362,Q62005539
BQI,Bommidi,Bommidi,node/5616004257,exact_code,HIGH,MATCHED,11.984149,78.2459633,Q25549463
MMK,Madurantakam,Madurantakam,node/5306412986,exact_code,HIGH,MATCHED,12.5047431,79.8933341,Q18127641
MVN,Milavittan,Milavittan,node/5349727264,exact_code,HIGH,MATCHED,8.811644,78.0877263,Q63358125
TN,Tuticorin,Tuticorin,node/5349727306,exact_code,HIGH,MATCHED,8.8059955,78.1553488,Q15424349
SCM,Simhachalam,CMBT,node/5321248890,exact_code,HIGH,MATCHED,13.0685197,80.2039836,Q5012859
STL,Simultala,ஆயிரம் விளக்கு,node/5337407346,exact_code,HIGH,MATCHED,13.0585155,80.2587833,Q62005544
SAN,Sandila,Ashok Nagar,node/5319972796,exact_code,HIGH,MATCHED,13.0354768,80.2111075,Q18378132
SLY,Samalpatti,Samalpatti,node/5615288574,exact_code,HIGH,MATCHED,12.3109281,78.4829444,Q85799335
RMM,Rameswaram,Rameswaram,node/10252945311,exact_code,HIGH,MATCHED,9.2819518,79.3090043,
RMD,Ramanathapur,Ramanathapuram,node/5305955338,exact_code,HIGH,MATCHED,9.3588632,78.8375276,Q24943289
PMK,Paramakkudi,Paramakkudi,node/5305909311,exact_code,HIGH,MATCHED,9.5394619,78.5910826,Q63356878
MNM,Manamadurai,Manamadurai Junction,node/5305909308,exact_code,HIGH,MATCHED,9.6829999,78.4538243,Q17071642
SVGA,Sivaganga,Sivaganga,node/5305909296,exact_code,HIGH,MATCHED,9.8552401,78.500591,Q28406477
DKO,Devakottai R,Devakottai Road,node/5305909275,exact_code,HIGH,MATCHED,10.0380356,78.7622216,Q31293190
SPC,Sitapur City,Pachaiyappa's College,node/5329907482,exact_code,HIGH,MATCHED,13.0755466,80.2328522,Q30638918
AVN,Anvardikanpe,Anavardikhanpettai,node/5273584429,exact_code,HIGH,MATCHED,13.050776,79.567244,Q63355498
TUG,Thalangai,Thalangai,node/5286998289,exact_code,HIGH,MATCHED,13.0085969,79.4470398,Q63355883
THL,Tiruvalam,Tiruvalam,node/5286998285,exact_code,HIGH,MATCHED,12.9750062,79.2459112,Q63355922
MEH,Melalathur,Melattur,node/5275675165,exact_code,HIGH,MATCHED,12.9178774,78.8752624,Q63355622
VLT,Valathoor,Valathoor,node/5287054300,exact_code,HIGH,MATCHED,12.8896867,78.8396758,Q63355614
MPI,Melpatti,Melpatti,node/5310778050,exact_code,HIGH,MATCHED,12.8583448,78.795185,Q63355615
CTRE,Chitteri,Chitteri,node/5273796758,exact_code,HIGH,MATCHED,13.0679482,79.5981218,Q63355882
CTND,Chettinad,Chettinad,node/5305909272,exact_code,HIGH,MATCHED,10.159908,78.7764148,Q31291881
KAL,Kallal,Kallal,node/5305909277,exact_code,HIGH,MATCHED,9.9723172,78.6676613,Q63357975
MMM,Mandapam,Mandapam,node/5305955343,exact_code,HIGH,MATCHED,9.280778,79.157276,Q63355261
PBM,Pamban,Pamban,node/5305955344,exact_code,HIGH,MATCHED,9.280194,79.2138929,Q63358144
KZB,Kurumbur,Kurumbur,node/5351824969,exact_code,HIGH,MATCHED,8.5856868,78.0394315,Q63355247
ANY,Arumuganeri,Arumuganeri,node/5351825019,exact_code,HIGH,MATCHED,8.5794484,78.092,Q24886232
KZY,Kayalpattina,Kayalpattinam,node/5351826024,exact_code,HIGH,MATCHED,8.5677868,78.1003644,Q63355210
TCN,Tiruchendur,Tiruchendur,node/706924007,exact_code,HIGH,MATCHED,8.5024637,78.1173,Q17118082
CBU,Chinnnababu,Chinnababu Samudram,node/5301762167,exact_code,HIGH,MATCHED,11.9196011,79.6866894,Q63357365
KON,Kudalnagar,Kudalnagar,node/5338159684,exact_code,HIGH,MATCHED,9.9467225,78.1051636,Q63355801
PEM,Peralam Jn.,Peralam Junction,node/5302474677,exact_code,HIGH,MATCHED,10.9582262,79.6570624,Q23022449
NMJ,Nidamangalam,Nidamangalam Junction,node/5303104583,exact_code,HIGH,MATCHED,10.7737675,79.4138444,Q24943229
MQ,Mannargudi,Mannargudi,node/5303104596,exact_code,HIGH,MATCHED,10.675141,79.4553714,Q24943225
NKK,Narikkudi,Narikkudi,node/5239465206,exact_code,HIGH,MATCHED,9.59257,78.2998824,Q63369306
TCH,Tiruchchuli,Tiruchchuli,node/5306231354,exact_code,HIGH,MATCHED,9.5377389,78.1984023,Q63369003
APK,Aruppukkotta,Aruppukkottai,node/5306231356,exact_code,HIGH,MATCHED,9.5246264,78.1028808,Q16868954
PRT,Panruti,Panruti,node/5300620015,exact_code,HIGH,MATCHED,11.7731017,79.5547343,Q21886145
VDL,Vaithisvaran,Vithisvarankol,node/5300704874,exact_code,HIGH,MATCHED,11.1958101,79.7038518,Q63355645
KTM,Kutralam,Kuthalam,node/5300783981,exact_code,HIGH,MATCHED,11.0699202,79.5571951,Q63355139
ADT,Aduthurai,Aduturai,node/5300783990,exact_code,HIGH,MATCHED,11.0090995,79.4784333,Q63354634
BAL,Budalur,Budalur,node/5300868131,exact_code,HIGH,MATCHED,10.7828722,78.9810094,Q25549477
TP,Tiruchirappa,Tiruchchirapalli Fort,node/5303863768,exact_code,HIGH,MATCHED,10.8256954,78.6890508,Q7809307
KLT,Kulitalai,Kulithalai,node/4112304449,exact_code,HIGH,MATCHED,10.9335519,78.4210459,Q63356512
SME,Shimoga,Meenambakkam,node/6285857239,exact_code,HIGH,MATCHED,12.9876728,80.1764787,Q19893884
TRB,Tiruverumbur,Tiruverumbur,node/5300868165,exact_code,HIGH,MATCHED,10.787533,78.7765678,Q63355599
PLI,Pettaivaytal,Pettaivaytalai,node/6026329110,exact_code,HIGH,MATCHED,10.8988575,78.4935405,Q63369382
TDN,Tiruparankun,Tiruparankundram,node/5338756137,exact_code,HIGH,MATCHED,9.8790903,78.0651521,Q63371877
PCV,Palakkodu,Palakkodu,node/1805255694,exact_code,HIGH,MATCHED,12.2970222,78.0716779,Q18129114
RASP,Rasipuram,Rasipuram,node/1106092661,exact_code,HIGH,MATCHED,11.4537338,78.1784576,Q24950046
NMKL,Namakkal,Namakkal,node/1106092848,exact_code,HIGH,MATCHED,11.2260125,78.1790621,Q18128464
SKPT,Somanayakkan,Somanayakkanpatti,node/6063945408,exact_code,HIGH,MATCHED,12.5750296,78.5422541,Q63369906
PU,Patchur,Patchur,node/248543770,exact_code,HIGH,MATCHED,12.5865309,78.4697329,Q63369903
MAR,Mulanur,Mulanur,node/248543699,exact_code,HIGH,MATCHED,12.662548,78.4067546,Q63369902
GDP,Gudupalli,Gudupulli,node/6064300323,exact_code,HIGH,MATCHED,12.8034773,78.2747707,Q63369900
KSM,Kamasamudram,Kamasamudram,node/5186077698,exact_code,HIGH,MATCHED,12.8804954,78.2005632,Q63369898
MPLM,Murthipalaya,Murthipalayam,node/6024112209,exact_code,HIGH,MATCHED,11.0214102,78.0226297,Q63358131
MMH,Mahadanapura,Mahadanapuram,node/6025348098,exact_code,HIGH,MATCHED,10.9535779,78.2995421,Q63369412
SAT,Santroad,Anna Nagar Tower,way/1314817095,exact_code,HIGH,MATCHED,13.08514,80.2086,Q30638909
BDY,Buddireddipp,Buddireddippatti,node/5616004256,exact_code,HIGH,MATCHED,12.0463079,78.3137514,Q63355342
MONR,Mohanur,Mohanur,node/3533387280,exact_code,HIGH,MATCHED,11.0689318,78.1398608,Q24950093
MSB,Chennai Beac,Chennai Beach,way/217653510,exact_code,HIGH,MATCHED,13.0915941,80.2918317,Q3532688
MSF,Chennai Fort,Chennai Fort,way/217653511,exact_code,HIGH,MATCHED,13.0835199,80.2830139,Q15148187
MPK,Chennai Park,Chennai Park,node/2481258999,exact_code,HIGH,MATCHED,13.0807537,80.2730879,Q5091452
MSC,Chennai Chet,Chennai Chetpet,node/248467412,exact_code,HIGH,MATCHED,13.0743424,80.242421,Q5094188
NBK,Nungambakkam,Nungambakkam,node/5311775881,exact_code,HIGH,MATCHED,13.065841,80.232839,Q7069830
MKK,Kodambakkam,Kodambakkam,node/2481259002,exact_code,HIGH,MATCHED,13.0516624,80.2306892,Q6425199
SP,Saidapet,Saidapet,node/2481259029,exact_code,HIGH,MATCHED,13.0233098,80.2237191,Q7399955
GDY,Guindy,Guindy,node/3264712327,exact_code,HIGH,MATCHED,13.0086685,80.2126063,Q5616431
STM,St. Thomas M,Saint Thomas Mount,node/4221752111,exact_code,HIGH,MATCHED,12.9947654,80.1993715,Q7591984
PZA,Palavanthang,Palavanthangal,node/3187977875,exact_code,HIGH,MATCHED,12.9906385,80.1879401,Q7156987
MN,Minambakkam,Meenambakkam,node/4885094689,exact_code,HIGH,MATCHED,12.9846976,80.1750925,Q6807623
TLM,Tirusulam,Tirusulam,node/4885083053,exact_code,HIGH,MATCHED,12.9804609,80.1657933,Q7809428
PV,Pallavaram,Pallavaram,node/4435694788,exact_code,HIGH,MATCHED,12.9675742,80.1520504,Q7127768
CMP,Chromepet,Chromepet,node/5273733276,exact_code,HIGH,MATCHED,12.9521897,80.1411677,Q5113793
TBMS,Tambaram San,Tambaram Sanatorium,node/5311775880,exact_code,HIGH,MATCHED,12.9369591,80.1307034,Q7681014
SKL,Singaperumal,Singaperumal Koil,node/5311775876,exact_code,HIGH,MATCHED,12.7619226,80.0007799,Q15277868
CTM,Kattangulath,Kattangulathur,node/5273746526,exact_code,HIGH,MATCHED,12.8055581,80.0266339,Q15234477
VDR,Vandalur,Vandalur,node/5311775879,exact_code,HIGH,MATCHED,12.8916061,80.084974,Q7914337
GI,Guduvancheri,Guduvancheri,node/5274260962,exact_code,HIGH,MATCHED,12.8452303,80.0576503,Q15222239
TMLP,Tirumalpur,Tirumalpur,node/267158149,exact_code,HIGH,MATCHED,12.9565668,79.6737627,Q63356220
PALR,Palur,Palur,node/3725756379,exact_code,HIGH,MATCHED,12.766346,79.9069065,Q87935381
WJ,Walajabad,Walajabad,node/261716087,exact_code,HIGH,MATCHED,12.7968265,79.8185833,Q63357286
PYV,Palayasivara,Palayasivaram,node/2048191334,exact_code,HIGH,MATCHED,12.7767905,79.8778012,Q63369216
CJE,Kanchipuram,Kanchipuram East,node/261716103,exact_code,HIGH,MATCHED,12.8408612,79.7121979,Q63356221
MTMY,Thirumayilai,Thirumayilai,node/5311755234,exact_code,HIGH,MATCHED,13.0353976,80.2675129,Q7785353
VLCY,Velacheery,Velachery,node/5311755242,exact_code,HIGH,MATCHED,12.9676192,80.2195082,Q7918772
BBQ,Basin Bridge,Basin Bridge Junction,way/217954831,exact_code,HIGH,MATCHED,13.1020272,80.2712614,Q4867482
KOK,Korukkupet,Korukkupet,node/5274761658,exact_code,HIGH,MATCHED,13.1194248,80.2784559,Q6432750
TNP,Tondiarpet,Tondiarpet,node/5311732458,exact_code,HIGH,MATCHED,13.1275202,80.2819242,Q7820800
TVT,Tiruvottiyur,Tiruvottiyur,node/5311732459,exact_code,HIGH,MATCHED,13.1586407,80.2962076,Q7809477
WCN,Wimco Nagar,Wimco Nagar,node/5311732501,exact_code,HIGH,MATCHED,13.1796833,80.3054594,Q8023547
RPM,Royapuram,Royapuram,way/26399018,exact_code,HIGH,MATCHED,13.1043166,80.2935584,Q7375145
WST,Washermanpet,Washermanpet,node/6460934200,exact_code,HIGH,MATCHED,13.1089648,80.2820095,Q7971483
VLK,Villivakkam,Villivakkam,way/235931387,exact_code,HIGH,MATCHED,13.1103186,80.209155,Q7931115
KOTR,Korattur,Korattur,node/5274761659,exact_code,HIGH,MATCHED,13.1131424,80.1841521,Q6431441
PVM,Pattaravakka,Pattaravakkam,node/248545108,exact_code,HIGH,MATCHED,13.1143904,80.1663975,Q7148328
ABU,Ambattur,Ambattur,node/5310778033,exact_code,HIGH,MATCHED,13.1140892,80.1528611,Q4741171
TMVL,Thirumullaiv,Thirumullaivoyal,node/5310778034,exact_code,HIGH,MATCHED,13.115319,80.1371368,Q7785367
ANNR,Annanur,Annanur,node/5310778035,exact_code,HIGH,MATCHED,13.1163563,80.1269127,Q4767947
HC,Hindu Colleg,Hindu College,node/5274201067,exact_code,HIGH,MATCHED,13.1184826,80.0744298,Q5766274
PRES,Pattabiram E,Pattabiram E Depot,node/5274212914,exact_code,HIGH,MATCHED,13.1460141,80.0686194,Q7148296
PTMS,Pattabiram E,Pattabiram Military Siding,node/262308384,exact_code,HIGH,MATCHED,13.1373759,80.0601177,Q63369351
TI,Tiruninravur,Tiruninravur,node/5286998286,exact_code,HIGH,MATCHED,13.123994,80.0297436,Q7785400
VEU,Veppampattu,Veppampattu,node/5310778036,exact_code,HIGH,MATCHED,13.1235994,79.9984223,Q16902611
SVR,Sevvapet Roa,Sevvapet Road,node/5310778038,exact_code,HIGH,MATCHED,13.1252677,79.9660618,Q7458116
KBT,Kadambattur,Kadambattur,node/5310778042,exact_code,HIGH,MATCHED,13.0998547,79.8631466,Q63355480
TO,Tiruvalangad,Thiruvalangadu,node/5984608795,exact_code,HIGH,MATCHED,13.0904025,79.7634037,
PLMG,Puliyamangal,Puliyamangalam,node/5310778045,exact_code,HIGH,MATCHED,13.0834033,79.6849792,Q63355510
MSU,Mosur,Mosur,node/5310778044,exact_code,HIGH,MATCHED,13.0849374,79.7122361,Q63355905
MAF,Manavur,Manavur,node/5275671388,exact_code,HIGH,MATCHED,13.096372,79.8012593,Q63355904
SSI,Shirsai,Ekkattuthangal,node/5319207378,exact_code,HIGH,MATCHED,13.0169222,80.2054236,Q19891416
SAR,Shahzad Naga,Arumbakkam,node/5319972799,exact_code,HIGH,MATCHED,13.0616746,80.2116557,Q19882103
SVZ,Sarai Harkhu,Sivadi,node/6017330755,exact_code,HIGH,MATCHED,12.0390657,78.1182781,Q63360814
SVUR,Sevur,Sevur,node/5286945821,exact_code,HIGH,MATCHED,12.9718001,79.1901017,Q63355924
MDVE,Mahendravadi,Mahendravadi,node/5275671389,exact_code,HIGH,MATCHED,13.0221211,79.517448,Q63355530
NNM,Nannilam,Nannilam,node/5302474693,exact_code,HIGH,MATCHED,10.8848471,79.6511448,Q63368850
KU,Kulikarai,Kulikarai,node/5303104751,exact_code,HIGH,MATCHED,10.7656087,79.584695,Q63357479
TMU,Tirumathikku,Tirumanthikunam,node/5303104744,exact_code,HIGH,MATCHED,10.766989,79.5402224,Q63369397
KDE,Koradacheri,Koradacheri,node/5303104738,exact_code,HIGH,MATCHED,10.7714293,79.4901604,Q63355079
KCHV,Kachchanavil,Kachchanavilai,node/5351824967,exact_code,HIGH,MATCHED,8.5783118,78.0206161,Q63356464
MTL,Mailam,Mailam,node/5275810573,exact_code,HIGH,MATCHED,12.1602585,79.6021399,Q63355686
VVN,Vikravandi,Vikravandi,node/5287054303,exact_code,HIGH,MATCHED,12.0455151,79.5427008,Q63355682
MYP,Mundiampakka,Mundiyampakkam,node/5308325636,exact_code,HIGH,MATCHED,11.9951648,79.5115683,Q63355681
VRA,Valavanur Ha,Valavanur,node/5301762158,exact_code,HIGH,MATCHED,11.9178314,79.5742203,Q63357681
OV,Ottivakkam,Otivakkam,node/5306327078,exact_code,HIGH,MATCHED,12.6227255,79.9752623,Q63355636
KGZ,Karunguzhi,Karunguzhi,node/5274698920,exact_code,HIGH,MATCHED,12.5321066,79.911518,Q63356245
TZD,Tozhuppedu,Tozhuppedu,node/5287023929,exact_code,HIGH,MATCHED,12.368915,79.7847371,Q63355690
OLA,Olakur,Olakur,node/5276145853,exact_code,HIGH,MATCHED,12.3049348,79.7209364,Q63355688
PEI,Perani,Perani,node/5276187592,exact_code,HIGH,MATCHED,12.1028764,79.5522437,Q63355683
VRPD,Virapandy Ro,Virapandy Road,node/4558948122,exact_code,HIGH,MATCHED,11.596662,78.0745388,Q51632781
MALR,Mallur,Mallur,node/6022434015,exact_code,HIGH,MATCHED,11.5541222,78.1348392,Q24950043
KLGN,Kalangani,Kalangani,node/6022434244,exact_code,HIGH,MATCHED,11.3315033,78.1760284,Q24950223
TPE,Tiruchirappa,Tiruchchirappalli Palakarai,node/5303863787,exact_code,HIGH,MATCHED,10.8078296,78.6941595,Q28182727
MTNL,Muttarasanal,Muttasaranallur,node/5585526150,exact_code,HIGH,MATCHED,10.866458,78.6484358,Q63357550
EL,Elamanur,Elamanur,node/6026356091,exact_code,HIGH,MATCHED,10.8796682,78.5738912,Q63355482
PGN,Perugamani,Perugamani,node/6026340118,exact_code,HIGH,MATCHED,10.888803,78.5475192,Q63356170
TIC,Timmachipura,Timmachipuram,node/6025360785,exact_code,HIGH,MATCHED,10.9526627,78.3725168,Q63360811
LP,Lalapet,Lalapet,node/6025355809,exact_code,HIGH,MATCHED,10.9514935,78.3397983,Q63357487
SEV,Sithalavai H,Sithalavai,node/6025339763,exact_code,HIGH,MATCHED,10.9582792,78.2740515,Q63357052
MYU,Mayanoor,Mayanoor,node/4271573964,exact_code,HIGH,MATCHED,10.9550023,78.2368598,Q63356779
VRQ,Virarakkiyam,Virarakkiyam,node/6024193345,exact_code,HIGH,MATCHED,10.9389074,78.1661261,Q63357272
KEY,Kagankarai,Kagankarai,node/5614640588,exact_code,HIGH,MATCHED,12.4101735,78.5085185,Q63355415
DST,Dasampatti,Dasampatti,node/5615288613,exact_code,HIGH,MATCHED,12.2519985,78.4396477,Q63355418
DPI,Doddampatti,Doddampatti,node/5615288835,exact_code,HIGH,MATCHED,12.1812987,78.422334,Q63354650
LCR,Lokur,Lokur,node/5616004263,exact_code,HIGH,MATCHED,11.9287483,78.1746844,Q63355345
DSPT,Danishpet,Danishpet,node/1114856501,exact_code,HIGH,MATCHED,11.8585152,78.1380371,Q63355297
TNT,Tinnapatti,Tinnappatti,node/1114856503,exact_code,HIGH,MATCHED,11.8123622,78.0983321,Q63355302
KPPR,Karuppur,Karuppur,node/1114856494,exact_code,HIGH,MATCHED,11.7241736,78.0898855,Q63355303
SPL,Sundaraperum,Sundaraperumal Kovil,node/5300821193,exact_code,HIGH,MATCHED,10.9398006,79.3111251,Q63360961
PDV,Pandaravadai,Pandaravadai,node/5300821200,exact_code,HIGH,MATCHED,10.9135631,79.2420021,Q63357568
AZP,Ayyampet,Ayyampet,node/5300821201,exact_code,HIGH,MATCHED,10.896807,79.2074454,Q63357782
PVL,Pasupatikovi,Pasupatikovil,node/5232624554,exact_code,HIGH,MATCHED,10.8826518,79.1911775,Q63355488
TT,Titte,Titte,node/5300821212,exact_code,HIGH,MATCHED,10.8375519,79.1817582,Q63355594
ALK,Alakkudi,Alakkudi,node/5300868130,exact_code,HIGH,MATCHED,10.7772662,79.0528726,Q63357372
AYN,Aiyanapuram,Aiyanapuram,node/5300868159,exact_code,HIGH,MATCHED,10.7878656,78.9388004,Q63368982
SGM,Solagampatti,ஏ ஜி டி.எம்.எஸ்,node/6285857249,exact_code,HIGH,MATCHED,13.0458852,80.2482846,Q55602937
TOM,Tondamanpatt,Tondamanpatti,node/5300868161,exact_code,HIGH,MATCHED,10.7861163,78.8225853,Q63355597
MCJ,Manjattidal,Manjattidal,node/5300868166,exact_code,HIGH,MATCHED,10.7926541,78.7316938,Q63355317
STE,Sagarakatte,தேனாம்பேட்டை,node/6285857242,exact_code,HIGH,MATCHED,13.0368003,80.2464194,Q55634996
KVLR,Karuvalli,Karuvalli,node/6017178185,exact_code,HIGH,MATCHED,11.8310154,78.0280046,Q63358092
TPP,Toppur,Toppur,node/4688900455,exact_code,HIGH,MATCHED,11.9315838,78.0700793,Q63357229
MZU,Marandahalli,Marandahalli,node/1805256059,exact_code,HIGH,MATCHED,12.3892972,78.0173547,Q63358138
RYC,Rayakottai,Rayakkottai,node/367462102,exact_code,HIGH,MATCHED,12.5145014,78.027275,Q23748829
LTI,Latteri,Latteri,node/5274913770,exact_code,HIGH,MATCHED,12.967043,79.0662384,Q63355609
KVN,Kavanur,Kavanur,node/5310778048,exact_code,HIGH,MATCHED,12.949054,78.9697816,Q63355611
PCKM,Pachchakuppa,Pachchakuppam,node/5310778051,exact_code,HIGH,MATCHED,12.8234747,78.7582384,Q63355926
VGM,Vinnamangala,Vinnamangalam,node/5311732434,exact_code,HIGH,MATCHED,12.72821,78.6786103,Q63355616
KDY,Kettandapatt,Kettandapatti,node/5311732451,exact_code,HIGH,MATCHED,12.6252815,78.5708958,Q15235823
BSM,Bisanattam,Bisanattam,node/248543525,exact_code,HIGH,MATCHED,12.8422451,78.2498583,Q63369899
VRDP,Varadapur,Varadapura,node/6064361419,exact_code,HIGH,MATCHED,12.9224513,78.1914439,Q63369896
MZV,Maralahalli,Maralahalli,node/6065355651,exact_code,HIGH,MATCHED,12.9869491,78.1243571,Q63369887
EDU,Eriodu,Eriodu,node/6026468163,exact_code,HIGH,MATCHED,10.5157226,78.0567549,Q54389911
PALM,Palayam,Palayam.I,node/367612325,exact_code,HIGH,MATCHED,10.7188161,78.1292088,Q55628428
VEI,Velliyanai,Velliyanai,node/6026414389,exact_code,HIGH,MATCHED,10.8404433,78.1155029,Q55637029
NID,Nidur,Nidur,node/5300704885,exact_code,HIGH,MATCHED,11.1276246,79.6454261,Q63356796
ANP,Anandatandav,Anandtandavpur,node/5300704883,exact_code,HIGH,MATCHED,11.1446741,79.6588291,Q63357745
CLN,Kollidam,Kollidam,node/5300686641,exact_code,HIGH,MATCHED,11.3286036,79.719238,Q63354751
KJPD,Kurinjipadi,Kurinjipadi,node/5302069214,exact_code,HIGH,MATCHED,11.5727513,79.5964024,Q63358030
VLU,Vadalur,Vadalur,node/5302069253,exact_code,HIGH,MATCHED,11.5570545,79.5462983,Q63360866
NVL,Neyveli,Neyveli,node/5302069263,exact_code,HIGH,MATCHED,11.5397233,79.4770587,Q63356853
UMG,Uttangal Man,Uttangalmangalam,node/5302069336,exact_code,HIGH,MATCHED,11.5400932,79.4311559,Q63360842
MKSP,Mukhasa Paru,Mukhasa Parur,node/5349009456,exact_code,HIGH,MATCHED,11.5661844,79.2408766,Q63371884
PRV,Pukkiravari,Pukkiravari,node/5349009486,exact_code,HIGH,MATCHED,11.6336898,78.9863058,Q63371886
PDKM,Peddanayakka,Peddanayakkanpalaiyam,node/5349010098,exact_code,HIGH,MATCHED,11.6476603,78.5054883,Q63371893
MPLI,Minnampalli,Minnampalli,node/5349010114,exact_code,HIGH,MATCHED,11.6710212,78.2852647,Q63371899
SAMT,Salem Market,Salem Market,node/5349249832,exact_code,HIGH,MATCHED,11.655,78.143917,Q63371902
PO,Parangippett,Parangipettai,node/5300664749,exact_code,HIGH,MATCHED,11.4770472,79.7368465,Q63358164
PUG,Punggudi,Punggudi,node/5315603263,exact_code,HIGH,MATCHED,10.7472805,78.6188562,Q63356134
KLS,Kolatur,Kolatur,node/5315603264,exact_code,HIGH,MATCHED,10.7004515,78.5471973,Q63356099
CII,Chettiyapatt,Chettiyapatti,node/5315603267,exact_code,HIGH,MATCHED,10.572553,78.3626866,Q63356053
VPJ,Vaiyampatti,Vaiyampatti,node/5315603268,exact_code,HIGH,MATCHED,10.5433805,78.3085888,Q63356051
KFC,Kalpattichat,Kalpattichatram,node/5315603341,exact_code,HIGH,MATCHED,10.5197078,78.2382799,Q63356050
AYR,Ayyalur,Ayyalur,node/5315603382,exact_code,HIGH,MATCHED,10.4863885,78.1593261,Q63356049
VDM,Vadamadura,Vadamadurai,node/5316869488,exact_code,HIGH,MATCHED,10.4367912,78.1026114,Q63356048
TMP,Tamaraipadi,Tamaraipadi,node/5316869489,exact_code,HIGH,MATCHED,10.4007166,78.0418736,Q63356046
KDMD,Kandambakkam,Kandambakkam,node/5303165642,exact_code,HIGH,MATCHED,11.8983376,79.4554807,Q63355680
TVNL,Tiruvennamal,Tiruvennainallur Road,node/5303165643,exact_code,HIGH,MATCHED,11.8412704,79.4130531,Q63355679
PRKL,Parikkal,Parikkal,node/5303165644,exact_code,HIGH,MATCHED,11.7757591,79.3713354,Q63356244
ULU,Ulundurpet,Ulundurpet,node/5303165645,exact_code,HIGH,MATCHED,11.7020294,79.3181777,Q18356244
PVN,Puvanur,Pavunur,node/5303165652,exact_code,HIGH,MATCHED,11.6009019,79.3157157,Q63355772
VRT,Vriddhachala,Vriddhachalam Town,node/5303165653,exact_code,HIGH,MATCHED,11.5199907,79.3115709,Q63356202
TLNR,Talanallur,Talanallur,node/5303165655,exact_code,HIGH,MATCHED,11.4697158,79.2693372,Q63356200
ICG,Ichchangadu,Ichchangadu,node/5303165674,exact_code,HIGH,MATCHED,11.3705738,79.2193748,Q63356198
MTUR,Mathur,Mathur,node/5303165678,exact_code,HIGH,MATCHED,11.3185214,79.2061625,Q63356197
SNDI,Sendurai,Sendurai,node/5303165679,exact_code,HIGH,MATCHED,11.2552809,79.1675501,Q63356196
OTK,Ottakovil,Ottakovil,node/5303839983,exact_code,HIGH,MATCHED,11.2163426,79.1011365,Q63356193
SLTH,Sillakkudi,Sillakkudi,node/5303839985,exact_code,HIGH,MATCHED,11.0967205,79.0372279,Q63356192
KLGM,Kallagam,Kallagam,node/5303839986,exact_code,HIGH,MATCHED,11.0251802,79.005033,Q63356190
PMB,Pullambadi,Pullampadi,node/1926969492,exact_code,HIGH,MATCHED,10.9396803,78.9171105,Q63356188
VLDE,Valadi,Valadi,node/2634373112,exact_code,HIGH,MATCHED,10.8725547,78.7580105,Q63356185
UKV,Uttamarkovil,Uttamar Kovil,node/2634373115,exact_code,HIGH,MATCHED,10.8775291,78.7022672,Q63356183
SER,Samayanallur,Samayanallur,node/5338159679,exact_code,HIGH,MATCHED,9.9820699,78.0336061,Q63356006
VXM,Velippalaiya,Velippalaiyam,node/5303104782,exact_code,HIGH,MATCHED,10.7761091,79.8439491,Q63357307
KVL,Kizhvelur,Kizhvelur,node/5303104776,exact_code,HIGH,MATCHED,10.7547932,79.7437158,Q63355446
AMT,Ammapet,Ammapet,node/5303104568,exact_code,HIGH,MATCHED,10.7789605,79.324827,Q63355705
SMM,Saliyamangal,Saint Thomas Mount,node/5319202812,exact_code,HIGH,MATCHED,12.995,80.198582,Q7591984
MES,Madurai East,Madurai East,node/5353573460,exact_code,HIGH,MATCHED,9.9090767,78.1345452,Q24947834
ILA,Silaiman,Silaiman,node/5353573468,exact_code,HIGH,MATCHED,9.8675104,78.2010874,Q63361482
TVN,Tiruppuvanam,Tiruppuvanam,node/5353573491,exact_code,HIGH,MATCHED,9.8218179,78.2594924,Q63357209
TPC,Tiruppachett,Tiruppachetti,node/5353573522,exact_code,HIGH,MATCHED,9.773777,78.3446512,Q63357212
SUX,Sudiyur,Sudiyur,node/5324862243,exact_code,HIGH,MATCHED,9.600482,78.4859789,Q63357604
SQD,Sattirakkudi,Sattirakkudi,node/5305909313,exact_code,HIGH,MATCHED,9.4009728,78.7053036,Q63358252
UCP,Uchippuli,Uchippuli,node/5305955340,exact_code,HIGH,MATCHED,9.308832,79.0124293,Q63357232
TIP,Tatapparai,Tattapparai,node/5349727251,exact_code,HIGH,MATCHED,8.827761,78.0231972,Q63360796
KRMG,Kumaramangal,Kumaramangalam,node/5304625828,exact_code,HIGH,MATCHED,10.6966398,78.7240373,Q63356542
KRUR,Keeranur,Keeranur,node/5304625830,exact_code,HIGH,MATCHED,10.5775765,78.7857628,Q63356579
VEL,Vellanur,Vellanur,node/5304625840,exact_code,HIGH,MATCHED,10.4676987,78.7965595,Q63357255
TYM,Tirumaiyam,Tirumayam,node/5305909268,exact_code,HIGH,MATCHED,10.2409345,78.758798,Q63355675
PNGI,Panangudi,Panangudi,node/5305909282,exact_code,HIGH,MATCHED,9.9213798,78.6125703,Q63358188
SXR,Serndanur,Serndanur,node/5300620013,exact_code,HIGH,MATCHED,11.8704144,79.5175013,Q63355549
TUY,Thiruthuraiy,Thiruthuraiyur,node/5300620014,exact_code,HIGH,MATCHED,11.8242105,79.5348963,Q63356647
MBU,Melpattambak,Melpattambakkam,node/5300620016,exact_code,HIGH,MATCHED,11.785398,79.6243363,Q63369048
NPM,Nellikuppam,Nellikuppam,node/5300620018,exact_code,HIGH,MATCHED,11.7737083,79.6699222,Q63356792
CQS,Capper Quarr,Capper Quarry,node/2618362284,exact_code,HIGH,MATCHED,11.6810217,79.7477414,Q63368980
ALP,Alappakkam,Alapakkam,node/2618227905,exact_code,HIGH,MATCHED,11.6188148,79.7276541,Q63355701
KII,Kille,Kille,node/2620614573,exact_code,HIGH,MATCHED,11.438452,79.7232584,Q63356468
KNB,Kaniyambadi,Kaniyambadi,node/5301740205,exact_code,HIGH,MATCHED,12.8128004,79.1251588,Q63369139
KMM,Kannamangala,Kannamangalam,node/5301740201,exact_code,HIGH,MATCHED,12.7537495,79.1616336,Q63357579
AGM,Agaram Sibba,Agaram Sibbandi,node/5301740123,exact_code,HIGH,MATCHED,12.3909457,79.1022989,Q63361325
TJM,Turinjapuram,Turinjapuram,node/5301739700,exact_code,HIGH,MATCHED,12.3172929,79.0846644,Q16867996
TNI,Tandarai,Tandarai,node/5301337980,exact_code,HIGH,MATCHED,12.1119059,79.1553603,Q63369259
MMP,Mambalappatt,Mambalappattu,node/5301337838,exact_code,HIGH,MATCHED,11.9524831,79.373901,Q63357503
VKM,Venkateshapu,Venkatesapuram,node/5301336409,exact_code,HIGH,MATCHED,11.9311783,79.4427667,Q63361193
RAM,Ramapuram,Ramapuram Railway Station,node/2967150483,exact_code,HIGH,MATCHED,13.098106,79.1794325,Q63369910
SIE,Siddampalli,Siddampalli,node/600364202,exact_code,HIGH,MATCHED,13.1598669,79.1371192,Q63369913
SLM,Somalapuram,சின்னமலை,node/6285857246,exact_code,HIGH,MATCHED,13.0146634,80.2241669,Q30639073
SAL,Salwa,Alandur,node/5308690568,exact_code,HIGH,MATCHED,13.0042558,80.2014525,Q4708199
SSN,Sason,Shenoy Nagar Metro,way/393560244,exact_code,HIGH,MATCHED,13.0789536,80.225201,Q30623617
KQZ,Kolar,Kolar,node/706967230,exact_code,HIGH,MATCHED,13.123993,78.1329276,Q63361502
MEKM,Melakkonnakk,Melakkonnakkulam,node/5305909298,exact_code,HIGH,MATCHED,9.7323367,78.4663467,Q63357526
SWV,Sawantwadi R,,,none,NONE,UNMATCHED,,,
THVM,Thivim,,,none,NONE,UNMATCHED,,,
KRMI,Karmali,,,none,NONE,UNMATCHED,,,
MAO,Madgoan Jn.,,,none,NONE,UNMATCHED,,,
KUDL,Kudal,Kudalnagar,node/5338159684,fuzzy_name,MEDIUM,MATCHED,9.9467225,78.1051636,Q63355801
SNDD,Sindhu Durg,,,none,NONE,UNMATCHED,,,
KKW,Kankavali,,,none,NONE,UNMATCHED,,,
VBW,Vaibhavwadi,,,none,NONE,UNMATCHED,,,
RAJP,Rajapur Road,,,none,NONE,UNMATCHED,,,
RN,Ratnagiri,,,none,NONE,UNMATCHED,,,
SGR,Sangmeshwar,,,none,NONE,UNMATCHED,,,
CHI,Chiplun,,,none,NONE,UNMATCHED,,,
KHED,Khed,,,none,NONE,UNMATCHED,,,
MNI,Mangaon,,,none,NONE,UNMATCHED,,,
ROHA,Roha,,,none,NONE,UNMATCHED,,,
PNVL,Panvel,,,none,NONE,UNMATCHED,,,
KJT,Karjat,,,none,NONE,UNMATCHED,,,
LNL,Lonavla,,,none,NONE,UNMATCHED,,,
PUNE,Pune Jn.,,,none,NONE,UNMATCHED,,,
MRJ,Miraj Jn.,,,none,NONE,UNMATCHED,,,
KOP,Chhatrapati,,,none,NONE,UNMATCHED,,,
DSJ,Delhi-Safdar,,,none,NONE,UNMATCHED,,,
GADJ,Gandhinagar,,,none,NONE,UNMATCHED,,,
JP,Jaipur Jn.,,,none,NONE,UNMATCHED,,,
DPA,Durgapura,,,none,NONE,UNMATCHED,,,
SWM,Sawai Madhop,,,none,NONE,UNMATCHED,,,
COR,Chittaurgarh,,,none,NONE,UNMATCHED,,,
UDZ,Udaipur City,,,none,NONE,UNMATCHED,,,
JSM,Jaisalmer,,,none,NONE,UNMATCHED,,,
MDB,Mandor,,,none,NONE,UNMATCHED,,,
FL,Phulera Jn.,,,none,NONE,UNMATCHED,,,
BTE,Bharatpur Jn,,,none,NONE,UNMATCHED,,,
IDH,Idgah,,,none,NONE,UNMATCHED,,,
AGC,Agra Cantt,,,none,NONE,UNMATCHED,,,
AWB,Aurangabad,,,none,NONE,UNMATCHED,,,
MMR,Manmad Jn.,,,none,NONE,UNMATCHED,,,
BSL,Bhusaval Jn.,,,none,NONE,UNMATCHED,,,
KNW,Khandwa Jn.,,,none,NONE,UNMATCHED,,,
JHS,Jhansi Jn,,,none,NONE,UNMATCHED,,,
CNB,Kanpur Centr,,,none,NONE,UNMATCHED,,,
LKO,Lucknow Jn.,,,none,NONE,UNMATCHED,,,
BBK,Bara Banki J,,,none,NONE,UNMATCHED,,,
AY,Ayodhya,Ayodhyapattanam,node/5349010118,fuzzy_name,MEDIUM,MATCHED,11.6715816,78.2342048,Q63371900
SHG,Shahganj Jn.,,,none,NONE,UNMATCHED,,,
JNU,Jaunpur Jn.,,,none,NONE,UNMATCHED,,,
BSB,Varanasi Jn.,,,none,NONE,UNMATCHED,,,
FGR,Fatehgarh,,,none,NONE,UNMATCHED,,,
KSJ,Kasganj Jn.,,,none,NONE,UNMATCHED,,,
BE,Bareilly Jn.,,,none,NONE,UNMATCHED,,,
SVDK,Shri Mata Va,,,none,NONE,UNMATCHED,,,
HSR,Hisar Jn,,,none,NONE,UNMATCHED,,,
BNW,Bhiwani Jn.,,,none,NONE,UNMATCHED,,,
ROK,Rohtak Jn.,,,none,NONE,UNMATCHED,,,
MGS,Mughal Sarai,,,none,NONE,UNMATCHED,,,
RJPB,Rajendranaga,,,none,NONE,UNMATCHED,,,
PNP,Panipat Jn.,,,none,NONE,UNMATCHED,,,
KUN,Karnal,,,none,NONE,UNMATCHED,,,
KKDE,Kurukshetra,,,none,NONE,UNMATCHED,,,
UMB,Ambala Cantt,,,none,NONE,UNMATCHED,,,
PNBE,Patna Jn.,,,none,NONE,UNMATCHED,,,
BTI,Bathinda Jn,,,none,NONE,UNMATCHED,,,
PTA,Patiala,,,none,NONE,UNMATCHED,,,
URK,Urkura,,,none,NONE,UNMATCHED,,,
PJP,Panjipara,,,none,NONE,UNMATCHED,,,
ASR,Amritsar Jn.,,,none,NONE,UNMATCHED,,,
CSMT,Cst-Mumbai,,,none,NONE,UNMATCHED,,,
DR,Dadar,,,none,NONE,UNMATCHED,,,
TNA,Thane,,,none,NONE,UNMATCHED,,,
KYN,Kalyan Jn,,,none,NONE,UNMATCHED,,,
IGP,Igatpuri,,,none,NONE,UNMATCHED,,,
NK,Nasik Road,,,none,NONE,UNMATCHED,,,
JL,Jalgaon Jn.,,,none,NONE,UNMATCHED,,,
MKU,Malkapur,,,none,NONE,UNMATCHED,,,
AK,Akola Jn.,,,none,NONE,UNMATCHED,,,
MZR,Murtajapur J,,,none,NONE,UNMATCHED,,,
BD,Badnera Jn.,,,none,NONE,UNMATCHED,,,
DMN,Dhamangaon,,,none,NONE,UNMATCHED,,,
PLO,Pulgaon Jn.,,,none,NONE,UNMATCHED,,,
WR,Wardha Jn.,,,none,NONE,UNMATCHED,,,
NGP,Nagpur Jn.(C,,,none,NONE,UNMATCHED,,,
LTT,Lokmanya Til,,,none,NONE,UNMATCHED,,,
AJNI,Ajni,,,none,NONE,UNMATCHED,,,
CSN,Chalisgaon J,,,none,NONE,UNMATCHED,,,
KAWR,Kawr,,,none,NONE,UNMATCHED,,,
KT,Kumta,,,none,NONE,UNMATCHED,,,
KUDA,Kundapura,,,none,NONE,UNMATCHED,,,
UD,Udupi,,,none,NONE,UNMATCHED,,,
MULK,Mulki,,,none,NONE,UNMATCHED,,,
MAJN,Mangalore Jn,,,none,NONE,UNMATCHED,,,
MTJ,Mathura Jn.,Mathur,node/5303165678,fuzzy_name,MEDIUM,MATCHED,11.3185214,79.2061625,Q63356197
GWL,Gwalior Jn,,,none,NONE,UNMATCHED,,,
BPL,Bhopal,,,none,NONE,UNMATCHED,,,
ET,Itarsi,,,none,NONE,UNMATCHED,,,
DD,Daund Jn.,,,none,NONE,UNMATCHED,,,
KK,Khadki,,,none,NONE,UNMATCHED,,,
ANG,Ahmadnagar,,,none,NONE,UNMATCHED,,,
KPG,Kopargaon,,,none,NONE,UNMATCHED,,,
HD,Harda,,,none,NONE,UNMATCHED,,,
PPI,Pipariya,,,none,NONE,UNMATCHED,,,
NU,Narsinghpur,,,none,NONE,UNMATCHED,,,
MML,Madanmahal,,,none,NONE,UNMATCHED,,,
JBP,Jabalpur,,,none,NONE,UNMATCHED,,,
BDTS,Bandra Termi,,,none,NONE,UNMATCHED,,,
BVI,Borivli,,,none,NONE,UNMATCHED,,,
VAPI,Vapi,,,none,NONE,UNMATCHED,,,
ST,Surat,,,none,NONE,UNMATCHED,,,
BRC,Vadodara Jn.,,,none,NONE,UNMATCHED,,,
RTM,Ratlam Jn,,,none,NONE,UNMATCHED,,,
UJN,Ujjain Jn,,,none,NONE,UNMATCHED,,,
BIH,Bairagarh,,,none,NONE,UNMATCHED,,,
HBD,Hoshangabad,,,none,NONE,UNMATCHED,,,
KMZ,Katni Murwar,,,none,NONE,UNMATCHED,,,
DMO,Damoh,,,none,NONE,UNMATCHED,,,
SGO,Saugor,,,none,NONE,UNMATCHED,,,
MAKR,Malkhedi,,,none,NONE,UNMATCHED,,,
LAR,Lalitpur,,,none,NONE,UNMATCHED,,,
NDLS,New Delhi,,,none,NONE,UNMATCHED,,,
LDH,Ludhiana Jn.,,,none,NONE,UNMATCHED,,,
JUC,Jalandhar Ci,,,none,NONE,UNMATCHED,,,
BEAS,Beas Jn,,,none,NONE,UNMATCHED,,,
ATT,Atari Jn,,,none,NONE,UNMATCHED,,,
SHR,Sihoraroad,,,none,NONE,UNMATCHED,,,
KTE,Katni,,,none,NONE,UNMATCHED,,,
UMR,Umaria,,,none,NONE,UNMATCHED,,,
SDL,Shahdol,,,none,NONE,UNMATCHED,,,
APR,Anuppur Jn.,,,none,NONE,UNMATCHED,,,
PND,Pendra Road,,,none,NONE,UNMATCHED,,,
BSP,Bilaspur Jn.,,,none,NONE,UNMATCHED,,,
CPH,Champa Jn.,,,none,NONE,UNMATCHED,,,
RIG,Raigarh,,,none,NONE,UNMATCHED,,,
JSG,Jharsuguda J,,,none,NONE,UNMATCHED,,,
ROU,Rourkela,,,none,NONE,UNMATCHED,,,
CKP,Chakaradharp,,,none,NONE,UNMATCHED,,,
TATA,Tatanagar Jn,,,none,NONE,UNMATCHED,,,
KGP,Kharagpur,,,none,NONE,UNMATCHED,,,
SRC,Santragachi,,,none,NONE,UNMATCHED,,,
REWA,Rewa,,,none,NONE,UNMATCHED,,,
STA,Satna,,,none,NONE,UNMATCHED,,,
MYR,Maihar,,,none,NONE,UNMATCHED,,,
JKE,Jukehi,,,none,NONE,UNMATCHED,,,
BINA,Bina,,,none,NONE,UNMATCHED,,,
BHS,Vidisha,,,none,NONE,UNMATCHED,,,
TVC,Trivandrum C,,,none,NONE,UNMATCHED,,,
QLN,Quilon,,,none,NONE,UNMATCHED,,,
KYJ,Kayankulam J,,,none,NONE,UNMATCHED,,,
MVLK,Mavelikara,,,none,NONE,UNMATCHED,,,
CNGR,Chengannur,,,none,NONE,UNMATCHED,,,
TRVL,Tiruvalla,,,none,NONE,UNMATCHED,,,
KTYM,Kottayam,,,none,NONE,UNMATCHED,,,
ERN,Ernakulam To,,,none,NONE,UNMATCHED,,,
AWY,Alwaye,,,none,NONE,UNMATCHED,,,
TCR,Trichur,,,none,NONE,UNMATCHED,,,
PGT,Palakkad Jn,,,none,NONE,UNMATCHED,,,
CBE,Coimbatore,,,none,NONE,UNMATCHED,,,
TUP,Tiruppur,,,none,NONE,UNMATCHED,,,
ED,Erode Jn.,,,none,NONE,UNMATCHED,,,
KPD,Katpadi Jn,,,none,NONE,UNMATCHED,,,
OGL,Ongole,,,none,NONE,UNMATCHED,,,
BZA,Vijaywada Jn,,,none,NONE,UNMATCHED,,,
RJY,Rajahmundry,,,none,NONE,UNMATCHED,,,
VSKP,Visakhapatna,,,none,NONE,UNMATCHED,,,
VZM,Vizianagaram,,,none,NONE,UNMATCHED,,,
CHE,Srikakulam R,,,none,NONE,UNMATCHED,,,
PSA,Palasa,,,none,NONE,UNMATCHED,,,
BAM,Berhampur,,,none,NONE,UNMATCHED,,,
BALU,Balugan,,,none,NONE,UNMATCHED,,,
KUR,Khurda Road,,,none,NONE,UNMATCHED,,,
BBS,Bhubaneswar,,,none,NONE,UNMATCHED,,,
CTC,Cuttack Jn.,,,none,NONE,UNMATCHED,,,
JJKR,Jajpur Keonj,,,none,NONE,UNMATCHED,,,
BHC,Bhadrakh,,,none,NONE,UNMATCHED,,,
BLS,Balasore,,,none,NONE,UNMATCHED,,,
HWH,Howrah Jn.,,,none,NONE,UNMATCHED,,,
BHP,Bolpur,,,none,NONE,UNMATCHED,,,
RPH,Rampur Hat,,,none,NONE,UNMATCHED,,,
PKR,Pakur,,,none,NONE,UNMATCHED,,,
NFK,New Farakka,,,none,NONE,UNMATCHED,,,
MLDT,Malda Town,,,none,NONE,UNMATCHED,,,
KNE,Kishanganj,,,none,NONE,UNMATCHED,,,
NJP,New Jalpaigu,,,none,NONE,UNMATCHED,,,
DQG,Dhupguri,,,none,NONE,UNMATCHED,,,
NCB,New Cooch Be,,,none,NONE,UNMATCHED,,,
NOQ,New Alipurdu,,,none,NONE,UNMATCHED,,,
KOJ,Kokrajhar,,,none,NONE,UNMATCHED,,,
NBQ,New Bongaiga,,,none,NONE,UNMATCHED,,,
BPRD,Barpeta Road,,,none,NONE,UNMATCHED,,,
RNY,Rangiya Jn.,,,none,NONE,UNMATCHED,,,
KYQ,Kamakhya Jn,,,none,NONE,UNMATCHED,,,
GHY,Guwahati,,,none,NONE,UNMATCHED,,,
HJI,Hojai,,,none,NONE,UNMATCHED,,,
LMG,Lumding Jn.,,,none,NONE,UNMATCHED,,,
NHGJ,New Harangaj,,,none,NONE,UNMATCHED,,,
BPB,Badarpur Jn.,,,none,NONE,UNMATCHED,,,
SCL,Silchar,,,none,NONE,UNMATCHED,,,
PLNI,Palani,Vadapalani,node/5319972798,fuzzy_name,MEDIUM,MATCHED,13.0509367,80.212065,Q17075798
UDT,Udumalaippet,,,none,NONE,UNMATCHED,,,
POY,Pollachi,,,none,NONE,UNMATCHED,,,
HYB,Hyderabad De,,,none,NONE,UNMATCHED,,,
SC,Secunderabad,,,none,NONE,UNMATCHED,,,
MED,Medchal,,,none,NONE,UNMATCHED,,,
KMC,Kamareddi,,,none,NONE,UNMATCHED,,,
NZB,Nizamabad,,,none,NONE,UNMATCHED,,,
DAB,Dharmabad,,,none,NONE,UNMATCHED,,,
MUE,Mudkhed Jn.,,,none,NONE,UNMATCHED,,,
NED,Nanded,,,none,NONE,UNMATCHED,,,
PAU,Purna  Jn.,,,none,NONE,UNMATCHED,,,
BMF,Basmat,,,none,NONE,UNMATCHED,,,
HNL,Hingoli(Decc,,,none,NONE,UNMATCHED,,,
WHM,Washim,,,none,NONE,UNMATCHED,,,
BAU,Burhanpur,,,none,NONE,UNMATCHED,,,
NAD,Nagda Jn,,,none,NONE,UNMATCHED,,,
MDS,Mandsor,,,none,NONE,UNMATCHED,,,
NMH,Nimach,,,none,NONE,UNMATCHED,,,
BHL,Bhilwara,,,none,NONE,UNMATCHED,,,
AII,Ajmer Jn.,,,none,NONE,UNMATCHED,,,
KSG,Kishangarh,,,none,NONE,UNMATCHED,,,
DURG,Durg,,,none,NONE,UNMATCHED,,,
R,Raipur Jn.,,,none,NONE,UNMATCHED,,,
RJT,Rajkot,,,none,NONE,UNMATCHED,,,
WKR,Wankaner,,,none,NONE,UNMATCHED,,,
SUNR,Surendranaga,,,none,NONE,UNMATCHED,,,
VG,Viramgam Jn,,,none,NONE,UNMATCHED,,,
ADI,Ahmedabad,,,none,NONE,UNMATCHED,,,
ND,Nadiad Jn.,,,none,NONE,UNMATCHED,,,
ANND,Anand Jn.,,,none,NONE,UNMATCHED,,,
BH,Bharuch Jn.,,,none,NONE,UNMATCHED,,,
NDB,Nandurbar,,,none,NONE,UNMATCHED,,,
AN,Amalner,,,none,NONE,UNMATCHED,,,
G,Gondia Jn.,,,none,NONE,UNMATCHED,,,
DVD,Duvvada,,,none,NONE,UNMATCHED,,,
NLR,Nellore,,,none,NONE,UNMATCHED,,,
HTE,Hatia,,,none,NONE,UNMATCHED,,,
KOAA,Kolkata,,,none,NONE,UNMATCHED,,,
PURI,Puri,Dharmapuri,node/358800211,fuzzy_name,MEDIUM,MATCHED,12.1258613,78.154221,Q15213879
ASN,Asansol Main,,,none,NONE,UNMATCHED,,,
BCQ,Barachak Jn.,,,none,NONE,UNMATCHED,,,
STN,Sitarampur J,,,none,NONE,UNMATCHED,,,
ULT,Kulti,,,none,NONE,UNMATCHED,,,
BRR,Barakar,,,none,NONE,UNMATCHED,,,
KMME,Kumar Dubi,,,none,NONE,UNMATCHED,,,
MMU,Mugma,,,none,NONE,UNMATCHED,,,
TNW,Thanpar Naga,,,none,NONE,UNMATCHED,,,
KAO,Kalubathan,,,none,NONE,UNMATCHED,,,
CAM,Chhota Amban,,,none,NONE,UNMATCHED,,,
PKA,Pradhan Khun,,,none,NONE,UNMATCHED,,,
DOKM,Dokra Halt,,,none,NONE,UNMATCHED,,,
DHN,Dhanbad Jn.,,,none,NONE,UNMATCHED,,,
KDS,Kusunda,,,none,NONE,UNMATCHED,,,
SZE,Sonardih,,,none,NONE,UNMATCHED,,,
TNO,Tundu,,,none,NONE,UNMATCHED,,,
BDQ,Budora,,,none,NONE,UNMATCHED,,,
PLJE,Phulwartanr,,,none,NONE,UNMATCHED,,,
JSME,Jasidih Jn.,,,none,NONE,UNMATCHED,,,
ANVT,Anand Vihar,,,none,NONE,UNMATCHED,,,
GZB,Ghaziabad Jn,,,none,NONE,UNMATCHED,,,
MTC,Meerut City,,,none,NONE,UNMATCHED,,,
MOZ,Muzaffarnaga,,,none,NONE,UNMATCHED,,,
SRE,Saharanpur J,,,none,NONE,UNMATCHED,,,
YJUD,Yamunanager,,,none,NONE,UNMATCHED,,,
JRC,Jalandhar Ca,,,none,NONE,UNMATCHED,,,
PTKC,Pathankot Ca,,,none,NONE,UNMATCHED,,,
JAT,Jammu Tawi,,,none,NONE,UNMATCHED,,,
UHP,Udhampur,,,none,NONE,UNMATCHED,,,
DLI,Delhi Jn.,,,none,NONE,UNMATCHED,,,
BSR,Vasai Road,,,none,NONE,UNMATCHED,,,
KOTA,Kota,Pudukkotai,node/5304625848,fuzzy_name,MEDIUM,MATCHED,10.3721881,78.8019821,Q17073332
NZM,Hazrat Nizam,,,none,NONE,UNMATCHED,,,
BKN,Bikaner Jn.,,,none,NONE,UNMATCHED,,,
NPS,Napasar,,,none,NONE,UNMATCHED,,,
SDF,Sudsar,,,none,NONE,UNMATCHED,,,
SDGH,Sri Dungarga,,,none,NONE,UNMATCHED,,,
RJR,Rajaldesar,,,none,NONE,UNMATCHED,,,
RTGH,Ratanagarh J,,,none,NONE,UNMATCHED,,,
CUR,Churu,,,none,NONE,UNMATCHED,,,
SDLP,Sadulpur Jn,,,none,NONE,UNMATCHED,,,
LHU,Loharu Jn,,,none,NONE,UNMATCHED,,,
MHRG,Mahendragarh,,,none,NONE,UNMATCHED,,,
RE,Rewari Jn.,,,none,NONE,UNMATCHED,,,
DSA,Delhi-Shahda,,,none,NONE,UNMATCHED,,,
SMQL,Shamli,,,none,NONE,UNMATCHED,,,
TPZ,Tapri Jn.,,,none,NONE,UNMATCHED,,,
RK,Roorkee,,,none,NONE,UNMATCHED,,,
HW,Haridwar Jn,,,none,NONE,UNMATCHED,,,
HMH,Hanumangarh,,,none,NONE,UNMATCHED,,,
JRKN,Jorkian,,,none,NONE,UNMATCHED,,,
HLW,Hirnawali,,,none,NONE,UNMATCHED,,,
DPK,Dholipal,,,none,NONE,UNMATCHED,,,
BUGL,Buglanwali,,,none,NONE,UNMATCHED,,,
BDSW,Budhsinghwal,,,none,NONE,UNMATCHED,,,
SDS,Sadulshahar,,,none,NONE,UNMATCHED,,,
FSW,Fateh Singhw,,,none,NONE,UNMATCHED,,,
BWC,Banwali,,,none,NONE,UNMATCHED,,,
SGNR,Shri Gangana,,,none,NONE,UNMATCHED,,,
NRWI,Narwasi,,,none,NONE,UNMATCHED,,,
SDMK,Sidmukh,,,none,NONE,UNMATCHED,,,
AUS,Anup Shahr,,,none,NONE,UNMATCHED,,,
TSD,Tahsil Bhadr,,,none,NONE,UNMATCHED,,,
GAMI,Gogameri,,,none,NONE,UNMATCHED,,,
DPLN,Diplana,,,none,NONE,UNMATCHED,,,
NHR,Nohar,,,none,NONE,UNMATCHED,,,
KNNA,Khinaniyan,,,none,NONE,UNMATCHED,,,
ENB,Ellenabad,,,none,NONE,UNMATCHED,,,
TLI,Talwara Jhil,,,none,NONE,UNMATCHED,,,
TIBI,Tibi,,,none,NONE,UNMATCHED,,,
SRKN,Sherekan,,,none,NONE,UNMATCHED,,,
HMO,Hanumangarh,,,none,NONE,UNMATCHED,,,
PRUR,Prithwirajpu,,,none,NONE,UNMATCHED,,,
KESR,Kesri Singhp,,,none,NONE,UNMATCHED,,,
DPT,Dalpat Singh,,,none,NONE,UNMATCHED,,,
SRW,Shri Karanpu,,,none,NONE,UNMATCHED,,,
ZPR,Zorawarpura,,,none,NONE,UNMATCHED,,,
GJS,Gajsinghpur,,,none,NONE,UNMATCHED,,,
RSNR,Rai Singh Na,,,none,NONE,UNMATCHED,,,
MNGR,Mohan Nagar,,,none,NONE,UNMATCHED,,,
MSWA,Masaniwala,,,none,NONE,UNMATCHED,,,
BUGY,Bugia,,,none,NONE,UNMATCHED,,,
JES,Jaitsar,,,none,NONE,UNMATCHED,,,
SRPR,Sarupsar Jn.,,,none,NONE,UNMATCHED,,,
SRZ,Sardargarh,,,none,NONE,UNMATCHED,,,
BNSR,Bhagwansar,,,none,NONE,UNMATCHED,,,
SOG,Suratgarh Jn,,,none,NONE,UNMATCHED,,,
PBC,Parvatsar Ci,,,none,NONE,UNMATCHED,,,
BIDD,Bidiyad,,,none,NONE,UNMATCHED,,,
MKN,Makrana Jn.,,,none,NONE,UNMATCHED,,,
JU,Jodhpur Jn.,,,none,NONE,UNMATCHED,,,
GOTN,Gotan,,,none,NONE,UNMATCHED,,,
MTD,Merta Road J,,,none,NONE,UNMATCHED,,,
DNA,Degana Jn.,,,none,NONE,UNMATCHED,,,
KHTU,Khatu,,,none,NONE,UNMATCHED,,,
CTKT,Chhoti Khatu,,,none,NONE,UNMATCHED,,,
DIA,Didwana,,,none,NONE,UNMATCHED,,,
LAU,Ladnun,,,none,NONE,UNMATCHED,,,
SUJH,Sujangarh,,,none,NONE,UNMATCHED,,,
SWNI,Siwani,,,none,NONE,UNMATCHED,,,
DUI,Dhuri Jn.,,,none,NONE,UNMATCHED,,,
RPJ,Rajpura Jn.,,,none,NONE,UNMATCHED,,,
JUDW,Jagadhri Wor,,,none,NONE,UNMATCHED,,,
JWP,Jwalapur,,,none,NONE,UNMATCHED,,,
KQW,Kheduli,,,none,NONE,UNMATCHED,,,
REN,Ren,,,none,NONE,UNMATCHED,,,
JAC,Jalsu,,,none,NONE,UNMATCHED,,,
JACN,Jalsu Nanak,,,none,NONE,UNMATCHED,,,
KRC,Kiroda,,,none,NONE,UNMATCHED,,,
PW,Pirwa,,,none,NONE,UNMATCHED,,,
KKNA,Khunkhuna,,,none,NONE,UNMATCHED,,,
MBSK,Marwar- Bali,,,none,NONE,UNMATCHED,,,
SVO,Sanvrad,,,none,NONE,UNMATCHED,,,
BLSD,Balsamand,,,none,NONE,UNMATCHED,,,
TLC,Talchhapar,,,none,NONE,UNMATCHED,,,
PIH,Parihara,,,none,NONE,UNMATCHED,,,
LOHA,Loha   Halt,,,none,NONE,UNMATCHED,,,
MIO,Molisar,,,none,NONE,UNMATCHED,,,
SMNN,Shri Makri N,,,none,NONE,UNMATCHED,,,
JOH,Juharpura,,,none,NONE,UNMATCHED,,,
DEP,Depalsar,,,none,NONE,UNMATCHED,,,
PKY,Pilkhani,,,none,NONE,UNMATCHED,,,
SSW,Sarsawa,,,none,NONE,UNMATCHED,,,
KNZ,Kalanour,,,none,NONE,UNMATCHED,,,
DZP,Darazpur,,,none,NONE,UNMATCHED,,,
MFB,Mustafabad,,,none,NONE,UNMATCHED,,,
RAA,Barara,,,none,NONE,UNMATCHED,,,
TDW,Tandwal,,,none,NONE,UNMATCHED,,,
KES,Kesri,,,none,NONE,UNMATCHED,,,
DOKY,Dukheri,,,none,NONE,UNMATCHED,,,
PTK,Pathankot Jn,,,none,NONE,UNMATCHED,,,
BHRL,Bharoli,,,none,NONE,UNMATCHED,,,
SJNP,Sujanpur,,,none,NONE,UNMATCHED,,,
MDPB,Madhopur Pun,,,none,NONE,UNMATCHED,,,
KTHU,Kathua,,,none,NONE,UNMATCHED,,,
BDHY,Budhi,,,none,NONE,UNMATCHED,,,
CHNR,Chhan Aroria,,,none,NONE,UNMATCHED,,,
CKDL,Chakdayala,,,none,NONE,UNMATCHED,,,
HRNR,Hira Nagar,,,none,NONE,UNMATCHED,,,
GHGL,Ghagwal,,,none,NONE,UNMATCHED,,,
SMBX,Samba,,,none,NONE,UNMATCHED,,,
VJPJ,Vijaypur Jam,,,none,NONE,UNMATCHED,,,
BBMN,Bari Brahman,,,none,NONE,UNMATCHED,,,
GKP,Gorakhpur Jn,,,none,NONE,UNMATCHED,,,
ANDN,Anand Nagar,,,none,NONE,UNMATCHED,,,
NUH,Naugarh,,,none,NONE,UNMATCHED,,,
BNY,Barhni,,,none,NONE,UNMATCHED,,,
CPR,Chhapra Jn.,,,none,NONE,UNMATCHED,,,
SV,Siwan Jn.,,,none,NONE,UNMATCHED,,,
THE,Thawe Jn.,,,none,NONE,UNMATCHED,,,
TOI,Tamkuhi Road,,,none,NONE,UNMATCHED,,,
DUE,Dudahi,,,none,NONE,UNMATCHED,,,
POU,Padrauna,,,none,NONE,UNMATCHED,,,
RKL,Ramkola,,,none,NONE,UNMATCHED,,,
CPJ,Kaptanganj J,,,none,NONE,UNMATCHED,,,
BST,Basti,,,none,NONE,UNMATCHED,,,
MUR,Mankapur Jn.,,,none,NONE,UNMATCHED,,,
GD,Gonda Jn.,,,none,NONE,UNMATCHED,,,
BNZ,Badshahnagar,,,none,NONE,UNMATCHED,,,
LJN,Lucknow Jn.,,,none,NONE,UNMATCHED,,,
KLD,Khalilabad,,,none,NONE,UNMATCHED,,,
CPA,Kanpur Anwar,,,none,NONE,UNMATCHED,,,
RPO,Rawatpur,,,none,NONE,UNMATCHED,,,
KAP,Kalianpur,,,none,NONE,UNMATCHED,,,
BJR,Barrajpur,,,none,NONE,UNMATCHED,,,
BLU,Bilhaur,,,none,NONE,UNMATCHED,,,
ARL,Araul Makanp,,,none,NONE,UNMATCHED,,,
KJN,Kannauj,,,none,NONE,UNMATCHED,,,
GHJ,Gursahaiganj,,,none,NONE,UNMATCHED,,,
KLJ,Kamalganj,,,none,NONE,UNMATCHED,,,
FBD,Farrukhabad,,,none,NONE,UNMATCHED,,,
BC,Bareilly Cit,,,none,NONE,UNMATCHED,,,
IZN,Izzatnagar J,,,none,NONE,UNMATCHED,,,
BPR,Bhojipura Jn,,,none,NONE,UNMATCHED,,,
BHI,Baheri,,,none,NONE,UNMATCHED,,,
KHH,Kichha,,,none,NONE,UNMATCHED,,,
LKU,Lalkua Jn.,,,none,NONE,UNMATCHED,,,
JMP,Jamalpur Jn.,,,none,NONE,UNMATCHED,,,
MGR,Monghyr,,,none,NONE,UNMATCHED,,,
SBDP,Sabdalpur Jn,,,none,NONE,UNMATCHED,,,
UMNR,Umeshnagar,,,none,NONE,UNMATCHED,,,
KGG,Khagaria Jn.,,,none,NONE,UNMATCHED,,,
MNE,Mansi Jn.,,,none,NONE,UNMATCHED,,,
BHB,Badla Ghat,,,none,NONE,UNMATCHED,,,
DHT,Dhamara Ghat,,,none,NONE,UNMATCHED,,,
KFA,Koparia,,,none,NONE,UNMATCHED,,,
SBV,Simri Bakhti,,,none,NONE,UNMATCHED,,,
SBM,Sonbarsa Kac,,,none,NONE,UNMATCHED,,,
JLWC,Jhalawar Cit,,,none,NONE,UNMATCHED,,,
JLF,Julmi,,,none,NONE,UNMATCHED,,,
RMA,Ramganj Mand,,,none,NONE,UNMATCHED,,,
MKX,Morak,,,none,NONE,UNMATCHED,,,
KIW,Kanwalpura,,,none,NONE,UNMATCHED,,,
DARA,Dara,Vedaranniyam,node/1666746299,fuzzy_name,MEDIUM,MATCHED,10.3776222,79.8553673,Q104534573
RDT,Ravtha Road,,,none,NONE,UNMATCHED,,,
ALNI,Alniya,,,none,NONE,UNMATCHED,,,
DDV,Dadhdevi,,,none,NONE,UNMATCHED,,,
DKNT,Dakaniya Tal,,,none,NONE,UNMATCHED,,,
NLP,North Lakhim,,,none,NONE,UNMATCHED,,,
LBI,Lilabari,,,none,NONE,UNMATCHED,,,
SWJ,Siajuli,,,none,NONE,UNMATCHED,,,
BGND,Boginadi,,,none,NONE,UNMATCHED,,,
SUZ,Subansiri,,,none,NONE,UNMATCHED,,,
GOM,Gogamukh,,,none,NONE,UNMATCHED,,,
BDLN,Bordolani,,,none,NONE,UNMATCHED,,,
JFD,Jiadhal,,,none,NONE,UNMATCHED,,,
DMC,Dhemaji,,,none,NONE,UNMATCHED,,,
MYO,Moridhal,,,none,NONE,UNMATCHED,,,
SRPN,Sripani,,,none,NONE,UNMATCHED,,,
SBGN,Sisiborgaon,,,none,NONE,UNMATCHED,,,
SPTR,Silapathar,,,none,NONE,UNMATCHED,,,
ACPR,Archipathar,,,none,NONE,UNMATCHED,,,
DIPA,Dipa,,,none,NONE,UNMATCHED,,,
SMCP,Simen Chapar,,,none,NONE,UNMATCHED,,,
TQM,Telam,,,none,NONE,UNMATCHED,,,
LMY,Laimekuri,,,none,NONE,UNMATCHED,,,
JYK,Jonekarang H,,,none,NONE,UNMATCHED,,,
MZS,Murkeong Sel,,,none,NONE,UNMATCHED,,,
CPK,Chaparmukh J,,,none,NONE,UNMATCHED,,,
MBG,Maibang,,,none,NONE,UNMATCHED,,,
MXR,Mahur,,,none,NONE,UNMATCHED,,,
NHLG,New Halflong,,,none,NONE,UNMATCHED,,,
KTX,Katakhal Jn.,,,none,NONE,UNMATCHED,,,
KIR,Katihar Jn.,,,none,NONE,UNMATCHED,,,
SI,Sonaili,,,none,NONE,UNMATCHED,,,
SRI,Salmari,,,none,NONE,UNMATCHED,,,
BOE,Barsoi Jn.,,,none,NONE,UNMATCHED,,,
DLK,Dalkolha,,,none,NONE,UNMATCHED,,,
AUB,Aluabari Roa,,,none,NONE,UNMATCHED,,,
TKG,Thakurganj,,,none,NONE,UNMATCHED,,,
NAK,Naksalbari,,,none,NONE,UNMATCHED,,,
BORA,Bagdogra,,,none,NONE,UNMATCHED,,,
SGUJ,Siliguri Jn.,,,none,NONE,UNMATCHED,,,
KYO,Khandikar,,,none,NONE,UNMATCHED,,,
GVR,Goreswar,,,none,NONE,UNMATCHED,,,
KBY,Khoirabari,,,none,NONE,UNMATCHED,,,
TNL,Tangla,,,none,NONE,UNMATCHED,,,
HRSN,Harisinga,,,none,NONE,UNMATCHED,,,
ULG,Udalguri,,,none,NONE,UNMATCHED,,,
RWTB,Rowta Bagan,,,none,NONE,UNMATCHED,,,
MJBT,Majbat,,,none,NONE,UNMATCHED,,,
HJLI,Hugrajuli,,,none,NONE,UNMATCHED,,,
DKJR,Dhekiajuli R,,,none,NONE,UNMATCHED,,,
BLRE,Belsiri,,,none,NONE,UNMATCHED,,,
NMM,New Misamari,,,none,NONE,UNMATCHED,,,
MSMI,Misamari,,,none,NONE,UNMATCHED,,,
RPAN,Rangapara No,,,none,NONE,UNMATCHED,,,
BVU,Balipara,,,none,NONE,UNMATCHED,,,
DQL,Dhalaibi,,,none,NONE,UNMATCHED,,,
NCA,Nizchatia,,,none,NONE,UNMATCHED,,,
VNE,Vishwanath C,,,none,NONE,UNMATCHED,,,
MFC,Monabari,,,none,NONE,UNMATCHED,,,
NBX,Nizbarganj,,,none,NONE,UNMATCHED,,,
BVV,Bedetti,,,none,NONE,UNMATCHED,,,
HML,Helem,,,none,NONE,UNMATCHED,,,
BJL,Brahmajan,,,none,NONE,UNMATCHED,,,
GPZ,Gohpur,,,none,NONE,UNMATCHED,,,
DBW,Dubia,,,none,NONE,UNMATCHED,,,
UKE,Uttarkathani,,,none,NONE,UNMATCHED,,,
TBH,Tatibahar,,,none,NONE,UNMATCHED,,,
TPG,Tipling,,,none,NONE,UNMATCHED,,,
HMY,Harmuti,,,none,NONE,UNMATCHED,,,
TUJ,Tanijan,,,none,NONE,UNMATCHED,,,
KTPR,Kathalpukhur,,,none,NONE,UNMATCHED,,,
SOB,Silanibari,,,none,NONE,UNMATCHED,,,
DG,Dindigul Jn,,,none,NONE,UNMATCHED,,,
KQN,Kodaikkanal,,,none,NONE,UNMATCHED,,,
VPT,Virudunagar,,,none,NONE,UNMATCHED,,,
SRT,Satur,,,none,NONE,UNMATCHED,,,
CVP,Kovilpatti,,,none,NONE,UNMATCHED,,,
MEJ,Vanchi Maniy,,,none,NONE,UNMATCHED,,,
TEN,Tirunelveli,,,none,NONE,UNMATCHED,,,
ERS,Ernakulam. J,,,none,NONE,UNMATCHED,,,
OTP,Ottappalam,,,none,NONE,UNMATCHED,,,
SLO,Samalkot Jn.,,,none,NONE,UNMATCHED,,,
TDD,Tadepalli Gu,,,none,NONE,UNMATCHED,,,
EE,Eluru,,,none,NONE,UNMATCHED,,,
TEL,Tenali Jn.,,,none,NONE,UNMATCHED,,,
CLX,Chirala,,,none,NONE,UNMATCHED,,,
GDR,Gudur Jn.,,,none,NONE,UNMATCHED,,,
CGY,Changanacher,,,none,NONE,UNMATCHED,,,
KCVL,Kochuveli,,,none,NONE,UNMATCHED,,,
SRR,Shoranur Jn.,,,none,NONE,UNMATCHED,,,
CLT,Calicut,,,none,NONE,UNMATCHED,,,
CAN,Kannur,,,none,NONE,UNMATCHED,,,
KGQ,Kasaragod,,,none,NONE,UNMATCHED,,,
AKP,Anakapalle,,,none,NONE,UNMATCHED,,,
PTJ,Podanur Jn.,,,none,NONE,UNMATCHED,,,
CNV,Kinattukkada,,,none,NONE,UNMATCHED,,,
PAY,Payyanur,,,none,NONE,UNMATCHED,,,
BEML,Beml Nagar,,,none,NONE,UNMATCHED,,,
MLO,Malur,Omalur Junction,node/367666445,fuzzy_name,MEDIUM,MATCHED,11.7382934,78.0449299,Q18128961
DKN,Devan Gonthi,,,none,NONE,UNMATCHED,,,
WFD,White Field,,,none,NONE,UNMATCHED,,,
KJM,Krishna Raja,,,none,NONE,UNMATCHED,,,
BYPL,Baiyyappanah,,,none,NONE,UNMATCHED,,,
BAND,Banaswadi,,,none,NONE,UNMATCHED,,,
YPR,Yesvantpur J,,,none,NONE,UNMATCHED,,,
TK,Tumkur,,,none,NONE,UNMATCHED,,,
ASK,Arsikere Jn.,,,none,NONE,UNMATCHED,,,
DVG,Davangere,,,none,NONE,UNMATCHED,,,
UBL,Hubli Jn.,,,none,NONE,UNMATCHED,,,
DWR,Dharwad,,,none,NONE,UNMATCHED,,,
BGM,Belgaum,,,none,NONE,UNMATCHED,,,
GPB,Ghatprabha,,,none,NONE,UNMATCHED,,,
KUD,Kudachi,,,none,NONE,UNMATCHED,,,
KVK,Kavathe Maha,,,none,NONE,UNMATCHED,,,
DLGN,Dhalgaon,,,none,NONE,UNMATCHED,,,
SGLA,Sangola,,,none,NONE,UNMATCHED,,,
PVR,Pandharpur,,,none,NONE,UNMATCHED,,,
RU,Renigunta Jn,,,none,NONE,UNMATCHED,,,
YPRA,Yesvantpur B,,,none,NONE,UNMATCHED,,,
BAW,Chikbanavar,,,none,NONE,UNMATCHED,,,
GHL,Golhalli,,,none,NONE,UNMATCHED,,,
BNKH,Bhairanayaka,,,none,NONE,UNMATCHED,,,
DBL,Dodbele,,,none,NONE,UNMATCHED,,,
MDLL,Muddalingana,,,none,NONE,UNMATCHED,,,
NDV,Nidvanda,,,none,NONE,UNMATCHED,,,
DBS,Dobbspet,,,none,NONE,UNMATCHED,,,
HHL,Hirehalli,,,none,NONE,UNMATCHED,,,
KDAG,Kyatsndra Go,,,none,NONE,UNMATCHED,,,
KIAT,Kyatsandra,,,none,NONE,UNMATCHED,,,
HEI,Heggere,,,none,NONE,UNMATCHED,,,
MLSA,Mallasandra,,,none,NONE,UNMATCHED,,,
GBB,Gubbi,,,none,NONE,UNMATCHED,,,
NTR,Nittur,,,none,NONE,UNMATCHED,,,
SPGR,Sampige Road,,,none,NONE,UNMATCHED,,,
AMSA,Ammasandra,,,none,NONE,UNMATCHED,,,
BSN,Banasandra,,,none,NONE,UNMATCHED,,,
ARGP,Aralaguppe,,,none,NONE,UNMATCHED,,,
RDI,Kardi,,,none,NONE,UNMATCHED,,,
BNK,Banasankari,,,none,NONE,UNMATCHED,,,
TTR,Tiptur,,,none,NONE,UNMATCHED,,,
SSNH,Shrisaradana,,,none,NONE,UNMATCHED,,,
HVL,Honnavalli R,,,none,NONE,UNMATCHED,,,
ADHL,Adihalli,,,none,NONE,UNMATCHED,,,
BVR,Banavar,,,none,NONE,UNMATCHED,,,
VNR,Devanur,,,none,NONE,UNMATCHED,,,
BLKR,Ballekere,,,none,NONE,UNMATCHED,,,
DRU,Kadur,,,none,NONE,UNMATCHED,,,
RRB,Birur Jn.,,,none,NONE,UNMATCHED,,,
NVF,Nagavangala,,,none,NONE,UNMATCHED,,,
AJP,Ajampur,,,none,NONE,UNMATCHED,,,
SHV,Shivani,,,none,NONE,UNMATCHED,,,
HSD,Hosdurga Roa,,,none,NONE,UNMATCHED,,,
ABGT,Arabagatta,,,none,NONE,UNMATCHED,,,
RGI,Ramagiri,,,none,NONE,UNMATCHED,,,
NLNR,Nulenuru,,,none,NONE,UNMATCHED,,,
HLK,Holalkere,,,none,NONE,UNMATCHED,,,
JRU,Chikjajur Jn,,,none,NONE,UNMATCHED,,,
SLU,Sasalu,,,none,NONE,UNMATCHED,,,
MYK,Mayakonda,,,none,NONE,UNMATCHED,,,
KAG,Kodaganur,,,none,NONE,UNMATCHED,,,
HNH,Hanumanahall,,,none,NONE,UNMATCHED,,,
THN,Tolahunse,,,none,NONE,UNMATCHED,,,
AVC,Amaravathi C,,,none,NONE,UNMATCHED,,,
HRR,Harihar Jn.,,,none,NONE,UNMATCHED,,,
KMPS,Kumarapatnam,,,none,NONE,UNMATCHED,,,
CLI,Chalgeri,,,none,NONE,UNMATCHED,,,
RNR,Ranibennur,,,none,NONE,UNMATCHED,,,
DAD,Devargudda,,,none,NONE,UNMATCHED,,,
BYD,Byadgi,,,none,NONE,UNMATCHED,,,
HVR,Haveri,,,none,NONE,UNMATCHED,,,
KJG,Karajgi,,,none,NONE,UNMATCHED,,,
KVS,Kalsur,,,none,NONE,UNMATCHED,,,
SVNR,Savanur,,,none,NONE,UNMATCHED,,,
YLG,Yalvigi,,,none,NONE,UNMATCHED,,,
KALS,Kalas,,,none,NONE,UNMATCHED,,,
GDI,Gudgeri,,,none,NONE,UNMATCHED,,,
SNH,Saunshi,,,none,NONE,UNMATCHED,,,
KNO,Kundgol,,,none,NONE,UNMATCHED,,,
SUBL,Hubli South,,,none,NONE,UNMATCHED,,,
UNK,Unkal,,,none,NONE,UNMATCHED,,,
AGL,Amargol,,,none,NONE,UNMATCHED,,,
NVU,Navalur,,,none,NONE,UNMATCHED,,,
KRKP,Kyarkop,,,none,NONE,UNMATCHED,,,
MGD,Mugad,,,none,NONE,UNMATCHED,,,
KBI,Kambarganvi,,,none,NONE,UNMATCHED,,,
KHST,Kashanatti,,,none,NONE,UNMATCHED,,,
LWR,Alnavar Jn.,,,none,NONE,UNMATCHED,,,
TVG,Tavargatti,,,none,NONE,UNMATCHED,,,
NAG,Nagargali,,,none,NONE,UNMATCHED,,,
DEV,Devarayi,,,none,NONE,UNMATCHED,,,
SVTN,Shivathan,,,none,NONE,UNMATCHED,,,
LD,Londa Jn.,,,none,NONE,UNMATCHED,,,
GNJ,Gunji,,,none,NONE,UNMATCHED,,,
KNP,Khanapur,,,none,NONE,UNMATCHED,,,
IDJ,Idalhond H,,,none,NONE,UNMATCHED,,,
DUR,Desur,,,none,NONE,UNMATCHED,,,
LOGH,Lottegollaha,,,none,NONE,UNMATCHED,,,
HEB,Hebbal,,,none,NONE,UNMATCHED,,,
BLRR,Belandur Roa,,,none,NONE,UNMATCHED,,,
CRLM,Carmelaram,,,none,NONE,UNMATCHED,,,
HLE,Heelalige,,,none,NONE,UNMATCHED,,,
AEK,Anekal Road,,,none,NONE,UNMATCHED,,,
HSRA,Hosur,,,none,NONE,UNMATCHED,,,
HDIH,Hoodi,,,none,NONE,UNMATCHED,,,
KDGH,Kodigehalli,,,none,NONE,UNMATCHED,,,
YNK,Yelahanka Jn,,,none,NONE,UNMATCHED,,,
TLS,Bettahalasur,,,none,NONE,UNMATCHED,,,
DJL,Dodjala,,,none,NONE,UNMATCHED,,,
DHL,Devanhalli,,,none,NONE,UNMATCHED,,,
KRBA,Korba,,,none,NONE,UNMATCHED,,,
SRBA,Saragbundia,,,none,NONE,UNMATCHED,,,
KTHD,Kothari Road,,,none,NONE,UNMATCHED,,,
NIA,Naila,,,none,NONE,UNMATCHED,,,
AKT,Akaltara,,,none,NONE,UNMATCHED,,,
JRMG,Jairamnagar,,,none,NONE,UNMATCHED,,,
PGTN,Palghat Town,,,none,NONE,UNMATCHED,,,
PDGM,Pudunagaram,,,none,NONE,UNMATCHED,,,
KLGD,Kollengode,,,none,NONE,UNMATCHED,,,
MMDA,Muthalamada,,,none,NONE,UNMATCHED,,,
MXM,Minatchipura,,,none,NONE,UNMATCHED,,,
GMGM,Gomangalam,,,none,NONE,UNMATCHED,,,
MVRD,Maivadiroad,,,none,NONE,UNMATCHED,,,
PPTR,Pushpattur,Attur,node/5349010077,fuzzy_name,MEDIUM,MATCHED,11.595226,78.5935039,Q63371891
TMPT,Tirumalairay,,,none,NONE,UNMATCHED,,,
HBQ,Hubli East C,,,none,NONE,UNMATCHED,,,
KUG,Kusugal,,,none,NONE,UNMATCHED,,,
HBS,Hebsur,,,none,NONE,UNMATCHED,,,
SVHE,Sisvinhalli,,,none,NONE,UNMATCHED,,,
NVD,Naval Gund R,,,none,NONE,UNMATCHED,,,
NGR,Annigeri,,,none,NONE,UNMATCHED,,,
LKT,Hulkoti,,,none,NONE,UNMATCHED,,,
BKIT,Bindadkatti,,,none,NONE,UNMATCHED,,,
GDG,Gadag Jn.,,,none,NONE,UNMATCHED,,,
HBL,Hombal,,,none,NONE,UNMATCHED,,,
BLR,Blganur,,,none,NONE,UNMATCHED,,,
MLP,Mallapur,,,none,NONE,UNMATCHED,,,
SMKT,Soman Katti,,,none,NONE,UNMATCHED,,,
HLAR,Hole-Alur,,,none,NONE,UNMATCHED,,,
JAK,Jakanur H,,,none,NONE,UNMATCHED,,,
LKY,Lakhmapur,,,none,NONE,UNMATCHED,,,
YGA,Yaragoppa H,,,none,NONE,UNMATCHED,,,
BDM,Badami,,,none,NONE,UNMATCHED,,,
GED,Guledagudda,,,none,NONE,UNMATCHED,,,
BGK,Bagalkot,,,none,NONE,UNMATCHED,,,
MGL,Muglolli,,,none,NONE,UNMATCHED,,,
KLM,Kadlimatti H,,,none,NONE,UNMATCHED,,,
JRKT,Jadarama Kun,,,none,NONE,UNMATCHED,,,
SII,Sitimani,,,none,NONE,UNMATCHED,,,
KSAR,Kudala Sanga,,,none,NONE,UNMATCHED,,,
LMT,Almatti,,,none,NONE,UNMATCHED,,,
BENL,Benal H,,,none,NONE,UNMATCHED,,,
WDL,Wandal,,,none,NONE,UNMATCHED,,,
ANGR,Angadgeri H,,,none,NONE,UNMATCHED,,,
BSRX,Basavana Bag,,,none,NONE,UNMATCHED,,,
KDGI,Kudgi H,,,none,NONE,UNMATCHED,,,
KGIH,Kalgurki H,,,none,NONE,UNMATCHED,,,
214,Ubl,,,none,NONE,UNMATCHED,,,
MVD,Mulvad,,,none,NONE,UNMATCHED,,,
HOH,Honaganahall,,,none,NONE,UNMATCHED,,,
JML,Jumnal,,,none,NONE,UNMATCHED,,,
IMR,Ibrahimpur H,,,none,NONE,UNMATCHED,,,
BJP,Bijapur Jn,,,none,NONE,UNMATCHED,,,
33,Bjp,,,none,NONE,UNMATCHED,,,
KZJ,Kazipet Jn.,,,none,NONE,UNMATCHED,,,
MCI,Manchiryal,,,none,NONE,UNMATCHED,,,
SKZR,Sirpurkaghaz,,,none,NONE,UNMATCHED,,,
BPQ,Balharshah,,,none,NONE,UNMATCHED,,,
CD,Chandrapur (,,,none,NONE,UNMATCHED,,,
RNC,Ranchi,,,none,NONE,UNMATCHED,,,
MURI,Muri,,,none,NONE,UNMATCHED,,,
BKSC,Bokaro Steel,,,none,NONE,UNMATCHED,,,
GMO,Nsc Bose J G,,,none,NONE,UNMATCHED,,,
PNME,Parasnath,,,none,NONE,UNMATCHED,,,
KQR,Koderma,,,none,NONE,UNMATCHED,,,
GAYA,Gaya Jn.,,,none,NONE,UNMATCHED,,,
NWD,Nawadah,,,none,NONE,UNMATCHED,,,
KIUL,Kiul Jn.,,,none,NONE,UNMATCHED,,,
SKJ,Sahibpur Kam,,,none,NONE,UNMATCHED,,,
BGS,Begu Sarai,,,none,NONE,UNMATCHED,,,
BJU,Barauni Jn.,,,none,NONE,UNMATCHED,,,
SPJ,Samastipur J,,,none,NONE,UNMATCHED,,,
DBG,Darbhanga Jn,,,none,NONE,UNMATCHED,,,
KML,Kamtaul,,,none,NONE,UNMATCHED,,,
JNR,Janakpur Roa,,,none,NONE,UNMATCHED,,,
SMI,Sitamarhi,,,none,NONE,UNMATCHED,,,
BGU,Bairagnia,,,none,NONE,UNMATCHED,,,
RXL,Raxaul Jn.,,,none,NONE,UNMATCHED,,,
RDM,Ramgundam,,,none,NONE,UNMATCHED,,,
KCG,Kacheguda,,,none,NONE,UNMATCHED,,,
MJF,Malkajgiri,,,none,NONE,UNMATCHED,,,
CHZ,Charlapalli,,,none,NONE,UNMATCHED,,,
NLDA,Nalgonda,,,none,NONE,UNMATCHED,,,
MRGA,Miryalaguda,,,none,NONE,UNMATCHED,,,
PGRL,Piduguralla,,,none,NONE,UNMATCHED,,,
GNT,Guntur Jn.,,,none,NONE,UNMATCHED,,,
ANV,Annavaram,,,none,NONE,UNMATCHED,,,
TUNI,Tuni,,,none,NONE,UNMATCHED,,,
TPTY,Tirupati,,,none,NONE,UNMATCHED,,,
COA,Kakinada Por,,,none,NONE,UNMATCHED,,,
CCT,Kakinada Tow,,,none,NONE,UNMATCHED,,,
NDD,Nidadavolu J,,,none,NONE,UNMATCHED,,,
NDKD,Nadikude Jn.,,,none,NONE,UNMATCHED,,,
GDV,Gudivada Jn.,,,none,NONE,UNMATCHED,,,
KKLR,Kaikalur,,,none,NONE,UNMATCHED,,,
AKVD,Akividu,,,none,NONE,UNMATCHED,,,
BVRT,Bhimavaram T,,,none,NONE,UNMATCHED,,,
TNKU,Tanuku,,,none,NONE,UNMATCHED,,,
ZN,Jangaon,,,none,NONE,UNMATCHED,,,
WL,Warangal,,,none,NONE,UNMATCHED,,,
MABD,Mahbubabad,,,none,NONE,UNMATCHED,,,
DKJ,Dornakal Jn.,,,none,NONE,UNMATCHED,,,
KMT,Khammam,,,none,NONE,UNMATCHED,,,
MDR,Madhira,,,none,NONE,UNMATCHED,,,
NDO,Nidubrolu,,,none,NONE,UNMATCHED,,,
BPP,Bapatia,,,none,NONE,UNMATCHED,,,
KVZ,Kavali,,,none,NONE,UNMATCHED,,,
VKI,Venkatagiri,,,none,NONE,UNMATCHED,,,
KHT,Sri Kalahast,,,none,NONE,UNMATCHED,,,
KRMR,Karim Nagar,,,none,NONE,UNMATCHED,,,
PDPL,Peddapalli,,,none,NONE,UNMATCHED,,,
JMKT,Jamikunta,,,none,NONE,UNMATCHED,,,
MLY,Maula Ali,,,none,NONE,UNMATCHED,,,
VNUP,Vishnupuram,,,none,NONE,UNMATCHED,,,
BMT,Begampet,,,none,NONE,UNMATCHED,,,
LPI,Lingampalli,,,none,NONE,UNMATCHED,,,
VKB,Vikrabad Jn.,,,none,NONE,UNMATCHED,,,
TDU,Tandur,,,none,NONE,UNMATCHED,,,
SEM,Seram,,,none,NONE,UNMATCHED,,,
CT,Chittapur,,,none,NONE,UNMATCHED,,,
YG,Yadgir,,,none,NONE,UNMATCHED,,,
RC,Raichur,,,none,NONE,UNMATCHED,,,
MALM,Manthralayam,,,none,NONE,UNMATCHED,,,
AD,Adoni,,,none,NONE,UNMATCHED,,,
GTL,Guntakal Jn.,,,none,NONE,UNMATCHED,,,
GY,Gooty Jn.,,,none,NONE,UNMATCHED,,,
TU,Tadipatri,,,none,NONE,UNMATCHED,,,
KDP,Kondapuram,,,none,NONE,UNMATCHED,,,
YA,Yerra Guntla,,,none,NONE,UNMATCHED,,,
KKM,Kamalapuram,,,none,NONE,UNMATCHED,,,
HX,Cuddapah,,,none,NONE,UNMATCHED,,,
NRE,Nandalur,,,none,NONE,UNMATCHED,,,
RJP,Razampeta,,,none,NONE,UNMATCHED,,,
KOU,Koduru,,,none,NONE,UNMATCHED,,,
ADL,Andul,,,none,NONE,UNMATCHED,,,
BWN,Barddhaman J,,,none,NONE,UNMATCHED,,,
JPE,Jalpaiguri R,,,none,NONE,UNMATCHED,,,
MYGD,Mynaguri Rd,,,none,NONE,UNMATCHED,,,
MHBA,Mathabhanga,,,none,NONE,UNMATCHED,,,
GLPT,Goalpara  To,,,none,NONE,UNMATCHED,,,
NS,Narasapur,,,none,NONE,UNMATCHED,,,
PKO,Palakollu,,,none,NONE,UNMATCHED,,,
VVM,Viravasaram,,,none,NONE,UNMATCHED,,,
BVRM,Bhimavaram J,,,none,NONE,UNMATCHED,,,
MOO,Muddanuru,,,none,NONE,UNMATCHED,,,
DHNE,Dhone Jn,,,none,NONE,UNMATCHED,,,
KRNT,Kurnool Town,,,none,NONE,UNMATCHED,,,
GWD,Gadwal,,,none,NONE,UNMATCHED,,,
MBNR,Mahbubnagar,,,none,NONE,UNMATCHED,,,
JCL,Jadcharla,,,none,NONE,UNMATCHED,,,
SHNR,Shadnagar,,,none,NONE,UNMATCHED,,,
BMO,Bolarum,,,none,NONE,UNMATCHED,,,
BSX,Basar,,,none,NONE,UNMATCHED,,,
PBN,Parbhani Jn.,,,none,NONE,UNMATCHED,,,
J,Jalna,,,none,NONE,UNMATCHED,,,
ZB,Zahirabad,,,none,NONE,UNMATCHED,,,
BIDR,Bidar,,,none,NONE,UNMATCHED,,,
BHLK,Bhalki,,,none,NONE,UNMATCHED,,,
UDGR,Udgir,,,none,NONE,UNMATCHED,,,
LTRR,Latur Road,,,none,NONE,UNMATCHED,,,
PNF,Pangaon,,,none,NONE,UNMATCHED,,,
PRLI,Parli Vaijna,,,none,NONE,UNMATCHED,,,
GNH,Ganga Kher,,,none,NONE,UNMATCHED,,,
MVO,Manwath Road,,,none,NONE,UNMATCHED,,,
SELU,Selu,,,none,NONE,UNMATCHED,,,
PTU,Partur,,,none,NONE,UNMATCHED,,,
NSL,Nagarsol,,,none,NONE,UNMATCHED,,,
SKND,Sukinda Road,,,none,NONE,UNMATCHED,,,
KDJR,Kendujhar,,,none,NONE,UNMATCHED,,,
JRLI,Jaroli,,,none,NONE,UNMATCHED,,,
BSPX,Banspani,,,none,NONE,UNMATCHED,,,
DPS,Dangoaposi,,,none,NONE,UNMATCHED,,,
CBSA,Chaibasa,,,none,NONE,UNMATCHED,,,
CTO,Chittoor,,,none,NONE,UNMATCHED,,,
ADB,Adilabad,,,none,NONE,UNMATCHED,,,
KNVT,Kinwat,,,none,NONE,UNMATCHED,,,
SHSK,Sahasrakund,,,none,NONE,UNMATCHED,,,
HEM,Himayatnagar,,,none,NONE,UNMATCHED,,,
BOKR,Bhokar,,,none,NONE,UNMATCHED,,,
LUR,Latur,Kolatur,node/5315603264,fuzzy_name,MEDIUM,MATCHED,10.7004515,78.5471973,Q63356099
UMD,Usmanabad,,,none,NONE,UNMATCHED,,,
BTW,Barshi,,,none,NONE,UNMATCHED,,,
KWV,Kurduvadi Jn,,,none,NONE,UNMATCHED,,,
SGUT,Siliguri Tow,,,none,NONE,UNMATCHED,,,
ABFC,Ambari Falak,,,none,NONE,UNMATCHED,,,
BLK,Belakoba,,,none,NONE,UNMATCHED,,,
RQJ,Raninagar Ja,,,none,NONE,UNMATCHED,,,
BPV,Bhotepatti,,,none,NONE,UNMATCHED,,,
NCBD,New Changrab,,,none,NONE,UNMATCHED,,,
NYRH,Nayarhat,,,none,NONE,UNMATCHED,,,
CAPG,Chapaguri,,,none,NONE,UNMATCHED,,,
MRDG,Maradanga,,,none,NONE,UNMATCHED,,,
TFGN,Tufanganj,,,none,NONE,UNMATCHED,,,
BXHT,Boxirhat,,,none,NONE,UNMATCHED,,,
BDYR,Bidyadabri,,,none,NONE,UNMATCHED,,,
AGMN,Agomoni,,,none,NONE,UNMATCHED,,,
GKJ,Golakganj,,,none,NONE,UNMATCHED,,,
GUP,Gauripur,,,none,NONE,UNMATCHED,,,
DBB,Dhubri,,,none,NONE,UNMATCHED,,,
MTJR,Moterjhar,,,none,NONE,UNMATCHED,,,
BSI,Basbari,,,none,NONE,UNMATCHED,,,
MONJ,Monglajhora,,,none,NONE,UNMATCHED,,,
TPK,Tipkai,,,none,NONE,UNMATCHED,,,
SPX,Sapatgram,,,none,NONE,UNMATCHED,,,
FKM,Fakiragram J,,,none,NONE,UNMATCHED,,,
SLKX,Salakati,,,none,NONE,UNMATCHED,,,
BSGN,Basugaon,,,none,NONE,UNMATCHED,,,
DTX,Dangtal,,,none,NONE,UNMATCHED,,,
ATP,Anantapur,,,none,NONE,UNMATCHED,,,
DMM,Dharmavaram,,,none,NONE,UNMATCHED,,,
SSPN,Sri Satya Sa,,,none,NONE,UNMATCHED,,,
PKD,Penu Konda,,,none,NONE,UNMATCHED,,,
HUP,Hindupur,,,none,NONE,UNMATCHED,,,
MAG,Mangala Giri,,,none,NONE,UNMATCHED,,,
JGM,Jhargram,,,none,NONE,UNMATCHED,,,
MDN,Midnapore,,,none,NONE,UNMATCHED,,,
GKL,Gokulpur,,,none,NONE,UNMATCHED,,,
GMDN,Giri Maidan,,,none,NONE,UNMATCHED,,,
NPTY,Nimpurathrou,,,none,NONE,UNMATCHED,,,
KKQ,Kalaikunda,,,none,NONE,UNMATCHED,,,
KSO,Khemasuli Ph,,,none,NONE,UNMATCHED,,,
SUA,Sardiha,,,none,NONE,UNMATCHED,,,
HIJ,Hijli,,,none,NONE,UNMATCHED,,,
BPE,Benapur,,,none,NONE,UNMATCHED,,,
NYA,Narayangarh,,,none,NONE,UNMATCHED,,,
VKD,Bakhrabad,,,none,NONE,UNMATCHED,,,
BLDA,Belda,,,none,NONE,UNMATCHED,,,
NSI,Nikursini,,,none,NONE,UNMATCHED,,,
DNT,Dantan,,,none,NONE,UNMATCHED,,,
AGV,Angua Ph,,,none,NONE,UNMATCHED,,,
LXD,Lakshannath,,,none,NONE,UNMATCHED,,,
JER,Jaleswar,,,none,NONE,UNMATCHED,,,
RGT,Rajghat Ph,,,none,NONE,UNMATCHED,,,
ARD,Amarda Road,,,none,NONE,UNMATCHED,,,
BTS,Basta,,,none,NONE,UNMATCHED,,,
NMBR,Nuagaon-Mayu,,,none,NONE,UNMATCHED,,,
ROP,Rupsa Jn.,,,none,NONE,UNMATCHED,,,
HIP,Haldipada,,,none,NONE,UNMATCHED,,,
TKPL,Tikirapal Ph,,,none,NONE,UNMATCHED,,,
SHM,Shalimar,,,none,NONE,UNMATCHED,,,
GUNA,Guna,,,none,NONE,UNMATCHED,,,
RTA,Ruthiyai Jn,,,none,NONE,UNMATCHED,,,
BNLW,Banasthali N,,,none,NONE,UNMATCHED,,,
BUTA,Bhadutola Ph,,,none,NONE,UNMATCHED,,,
GSL,Godapeasal,,,none,NONE,UNMATCHED,,,
SLB,Salboni,,,none,NONE,UNMATCHED,,,
CDGR,Chandrakona,,,none,NONE,UNMATCHED,,,
GBA,Garbeta,,,none,NONE,UNMATCHED,,,
BGO,Bogri Road,,,none,NONE,UNMATCHED,,,
PBA,Piardoba,,,none,NONE,UNMATCHED,,,
VSU,Bishnupur,,,none,NONE,UNMATCHED,,,
RSG,Ramsagar,,,none,NONE,UNMATCHED,,,
ODM,Ondagrarm,,,none,NONE,UNMATCHED,,,
KISN,Kalisen Ph,,,none,NONE,UNMATCHED,,,
BXL,Bheduasol,,,none,NONE,UNMATCHED,,,
BQA,Bankura,,,none,NONE,UNMATCHED,,,
PRSL,Pandrasali,,,none,NONE,UNMATCHED,,,
RKSN,Rajkharsawan,,,none,NONE,UNMATCHED,,,
BRM,Barabambo,,,none,NONE,UNMATCHED,,,
SBP,Sambalpur Jn,,,none,NONE,UNMATCHED,,,
BRGA,Bargarh Road,,,none,NONE,UNMATCHED,,,
BLGR,Balangir,,,none,NONE,UNMATCHED,,,
TIG,Titla Garh J,,,none,NONE,UNMATCHED,,,
KSNG,Kesinga,,,none,NONE,UNMATCHED,,,
RGDA,Rayagada Jn.,,,none,NONE,UNMATCHED,,,
KRDL,Kirandul,,,none,NONE,UNMATCHED,,,
BCHL,Bacheli,,,none,NONE,UNMATCHED,,,
DWZ,Dante Wara,,,none,NONE,UNMATCHED,,,
KKLU,Kaklur,,,none,NONE,UNMATCHED,,,
DMK,Dilmili,,,none,NONE,UNMATCHED,,,
JDB,Jagadalpur,,,none,NONE,UNMATCHED,,,
KPRR,Kotapar Road,,,none,NONE,UNMATCHED,,,
JYP,Jeypore (Ori,,,none,NONE,UNMATCHED,,,
KRPU,Koraput Jn.,,,none,NONE,UNMATCHED,,,
ARK,Araku,,,none,NONE,UNMATCHED,,,
KTV,Kottavalasa,,,none,NONE,UNMATCHED,,,
NGNT,New Guntur,,,none,NONE,UNMATCHED,,,
CAF,Chandafort,,,none,NONE,UNMATCHED,,,
BRKA,Barkakana,,,none,NONE,UNMATCHED,,,
GMIA,Gumia,,,none,NONE,UNMATCHED,,,
PUS,Phusro,,,none,NONE,UNMATCHED,,,
CRP,Chandrapura,,,none,NONE,UNMATCHED,,,
ALD,Allahabad Jn,,,none,NONE,UNMATCHED,,,
TDL,Tundla Jn,,,none,NONE,UNMATCHED,,,
ALJN,Aligarh Jn.,,,none,NONE,UNMATCHED,,,
ADRA,Adra,,,none,NONE,UNMATCHED,,,
BJE,Bhojudih Jn.,,,none,NONE,UNMATCHED,,,
MHQ,Mohuda,,,none,NONE,UNMATCHED,,,
JAA,Jhalida,,,none,NONE,UNMATCHED,,,
RSM,Rasmara,,,none,NONE,UNMATCHED,,,
MUP,Murhipar,,,none,NONE,UNMATCHED,,,
PMS,Parmalkasa,,,none,NONE,UNMATCHED,,,
RJN,Rajnandgaon,,,none,NONE,UNMATCHED,,,
BAKL,Bakal,,,none,NONE,UNMATCHED,,,
MUA,Musra,,,none,NONE,UNMATCHED,,,
JTR,Jatkanhar,,,none,NONE,UNMATCHED,,,
DGG,Dongar Garh,,,none,NONE,UNMATCHED,,,
PJB,Pania Job,,,none,NONE,UNMATCHED,,,
BTL,Bortalao,,,none,NONE,UNMATCHED,,,
DKS,Darekasa,,,none,NONE,UNMATCHED,,,
SKS,Salekasa,,,none,NONE,UNMATCHED,,,
DNL,Dhanoli,,,none,NONE,UNMATCHED,,,
AGN,Amgaon,,,none,NONE,UNMATCHED,,,
GDM,Gudma,,,none,NONE,UNMATCHED,,,
BCT,Mumbai Centr,,,none,NONE,UNMATCHED,,,
MSH,Mahesana Jn,,,none,NONE,UNMATCHED,,,
PNU,Palanpur Jn,,,none,NONE,UNMATCHED,,,
ABR,Abu Road,,,none,NONE,UNMATCHED,,,
FA,Falna,,,none,NONE,UNMATCHED,,,
MJ,Marwar Jn.,,,none,NONE,UNMATCHED,,,
PMY,Pali Marwar,,,none,NONE,UNMATCHED,,,
NGO,Nagaur,,,none,NONE,UNMATCHED,,,
NOK,Nokha,,,none,NONE,UNMATCHED,,,
DHG,Dhrangadhra,,,none,NONE,UNMATCHED,,,
SIOB,Samakhiyali,,,none,NONE,UNMATCHED,,,
BCOB,Bhachau,,,none,NONE,UNMATCHED,,,
GIMB,Gandhidham J,,,none,NONE,UNMATCHED,,,
BWM,Bhawani Mand,,,none,NONE,UNMATCHED,,,
NSD,Nasirabad,,,none,NONE,UNMATCHED,,,
BJNR,Bijainagar,,,none,NONE,UNMATCHED,,,
CNA,Chanderiya J,,,none,NONE,UNMATCHED,,,
KIN,Kapasan,,,none,NONE,UNMATCHED,,,
MVJ,Mavli Jn.,,,none,NONE,UNMATCHED,,,
RPZ,Rana Pratap,,,none,NONE,UNMATCHED,,,
IDG,Indragarh Su,,,none,NONE,UNMATCHED,,,
GGC,Gangapur Cit,,,none,NONE,UNMATCHED,,,
SMBJ,Shri Mahabir,,,none,NONE,UNMATCHED,,,
HAN,Hindaun City,,,none,NONE,UNMATCHED,,,
BXN,Bayana,,,none,NONE,UNMATCHED,,,
FDB,Faridabad,,,none,NONE,UNMATCHED,,,
ADVI,Adavali,,,none,NONE,UNMATCHED,,,
PERN,Pernem,,,none,NONE,UNMATCHED,,,
VID,Vilavade,,,none,NONE,UNMATCHED,,,
BTJL,Bhatkal,,,none,NONE,UNMATCHED,,,
TIR,Tirur,,,none,NONE,UNMATCHED,,,
SNSI,Sai Nagar Sh,,,none,NONE,UNMATCHED,,,
PB,Puntamba,,,none,NONE,UNMATCHED,,,
BAP,Belapur,,,none,NONE,UNMATCHED,,,
BGVN,Bhigvan,,,none,NONE,UNMATCHED,,,
PRWD,Parewadi,,,none,NONE,UNMATCHED,,,
JEUR,Jeur,,,none,NONE,UNMATCHED,,,
KEM,Kem,,,none,NONE,UNMATCHED,,,
MLB,Modlimb,,,none,NONE,UNMATCHED,,,
VEER,Veer,,,none,NONE,UNMATCHED,,,
SVX,Savarda,,,none,NONE,UNMATCHED,,,
AVRD,Aravali Road,,,none,NONE,UNMATCHED,,,
KRD,Karad,,,none,NONE,UNMATCHED,,,
TKR,Takari,,,none,NONE,UNMATCHED,,,
NRL,Neral,,,none,NONE,UNMATCHED,,,
KAD,Kandala,,,none,NONE,UNMATCHED,,,
TGN,Talegaon,,,none,NONE,UNMATCHED,,,
SVJR,Shivajinagar,,,none,NONE,UNMATCHED,,,
CCH,Chinchvad,,,none,NONE,UNMATCHED,,,
PMP,Pimpri,,,none,NONE,UNMATCHED,,,
SUR,Solapur,,,none,NONE,UNMATCHED,,,
DUD,Dudhani,,,none,NONE,UNMATCHED,,,
GUR,Gangapur Roa,,,none,NONE,UNMATCHED,,,
GR,Gulbarga,,,none,NONE,UNMATCHED,,,
SDB,Shahabad,,,none,NONE,UNMATCHED,,,
WADI,Wadi Jn.,,,none,NONE,UNMATCHED,,,
KSN,Krishna,,,none,NONE,UNMATCHED,,,
KLU,Kalluru,,,none,NONE,UNMATCHED,,,
GBD,Gauribidanur,,,none,NONE,UNMATCHED,,,
BNCE,Bangalore Ea,,,none,NONE,UNMATCHED,,,
SBC,Krantivira S,,,none,NONE,UNMATCHED,,,
BNC,Bangalore Ca,,,none,NONE,UNMATCHED,,,
KSRA,Kasara,,,none,NONE,UNMATCHED,,,
DVL,Devlali,,,none,NONE,UNMATCHED,,,
NGN,Nandgaon,,,none,NONE,UNMATCHED,,,
PC,Pachora Jn.,,,none,NONE,UNMATCHED,,,
RV,Raver,,,none,NONE,UNMATCHED,,,
NPNR,Nepa Nagar,,,none,NONE,UNMATCHED,,,
KKN,Khirkiya,,,none,NONE,UNMATCHED,,,
TBN,Timarni,,,none,NONE,UNMATCHED,,,
MDDP,Mandideep,,,none,NONE,UNMATCHED,,,
HBJ,Habibganj,,,none,NONE,UNMATCHED,,,
BAQ,Ganj Basoda,,,none,NONE,UNMATCHED,,,
BAB,Babina,,,none,NONE,UNMATCHED,,,
CGN,Chirgaon,,,none,NONE,UNMATCHED,,,
AIT,Ait Jn,,,none,NONE,UNMATCHED,,,
ORAI,Orai,,,none,NONE,UNMATCHED,,,
KPI,Kalpi,,,none,NONE,UNMATCHED,,,
PHN,Pokhrayan,,,none,NONE,UNMATCHED,,,
BZM,Bhimsen,,,none,NONE,UNMATCHED,,,
ON,Unnao Jn.,,,none,NONE,UNMATCHED,,,
BV,Babhnan,,,none,NONE,UNMATCHED,,,
SPT,Sompeta,,,none,NONE,UNMATCHED,,,
IPM,Ichcha Puram,,,none,NONE,UNMATCHED,,,
CAP,Chatrapur,,,none,NONE,UNMATCHED,,,
DEHR,Dehu Road,,,none,NONE,UNMATCHED,,,
JJR,Jejuri,,,none,NONE,UNMATCHED,,,
NIRA,Nira,,,none,NONE,UNMATCHED,,,
LNN,Lonand,,,none,NONE,UNMATCHED,,,
WTR,Wathar,,,none,NONE,UNMATCHED,,,
KRG,Koregaon,,,none,NONE,UNMATCHED,,,
KOV,Kirloskar Wa,,,none,NONE,UNMATCHED,,,
BVQ,Bhilavdi,,,none,NONE,UNMATCHED,,,
JSP,Jayasingpur,,,none,NONE,UNMATCHED,,,
HTK,Hatkanangale,,,none,NONE,UNMATCHED,,,
RKD,Rukadi,,,none,NONE,UNMATCHED,,,
VV,Valivade,,,none,NONE,UNMATCHED,,,
GPR,Ghorpuri,,,none,NONE,UNMATCHED,,,
KJ,Kajgaon,,,none,NONE,UNMATCHED,,,
LS,Lasal Gaon,,,none,NONE,UNMATCHED,,,
CKHS,Chikhli,,,none,NONE,UNMATCHED,,,
MHPE,Mohope,,,none,NONE,UNMATCHED,,,
CHOK,Chauk,,,none,NONE,UNMATCHED,,,
MA,Madha,,,none,NONE,UNMATCHED,,,
MO,Mohol,,,none,NONE,UNMATCHED,,,
HG,Hotgi Jn.,,,none,NONE,UNMATCHED,,,
AKOR,Akalkot Road,,,none,NONE,UNMATCHED,,,
NW,Nalwar,,,none,NONE,UNMATCHED,,,
SADP,Saidapur,,,none,NONE,UNMATCHED,,,
MTU,Matmari,,,none,NONE,UNMATCHED,,,
KO,Kosgi,,,none,NONE,UNMATCHED,,,
KGL,Kupgal,,,none,NONE,UNMATCHED,,,
NRR,Nagarur,,,none,NONE,UNMATCHED,,,
RLO,Rayalcheruvu,,,none,NONE,UNMATCHED,,,
PUT,Putur,Topputurai,node/1666746345,fuzzy_name,MEDIUM,MATCHED,10.3962984,79.8488683,
RMP,Rahimatpur,,,none,NONE,UNMATCHED,,,
TAZ,Targaon,,,none,NONE,UNMATCHED,,,
MSR,Masur,,,none,NONE,UNMATCHED,,,
SIW,Shiravade,,,none,NONE,UNMATCHED,,,
NMGT,Nimshirgaon,,,none,NONE,UNMATCHED,,,
VRB,Vishrambag,,,none,NONE,UNMATCHED,,,
IDR,Indi Road,,,none,NONE,UNMATCHED,,,
NBL,Nimbal,,,none,NONE,UNMATCHED,,,
ALY,Allahabad Ci,,,none,NONE,UNMATCHED,,,
GYN,Gyanpur Road,,,none,NONE,UNMATCHED,,,
MUV,Manduadih,,,none,NONE,UNMATCHED,,,
BCY,Varanasi Cit,,,none,NONE,UNMATCHED,,,
ARJ,Aunrihar Jn.,,,none,NONE,UNMATCHED,,,
GCT,Ghazipur Cit,,,none,NONE,UNMATCHED,,,
BUI,Ballia,,,none,NONE,UNMATCHED,,,
SEE,Sonpur Jn.,,,none,NONE,UNMATCHED,,,
HJP,Hajipur Jn.,,,none,NONE,UNMATCHED,,,
MFP,Muzaffarpur,,,none,NONE,UNMATCHED,,,
LSI,Laheria Sara,,,none,NONE,UNMATCHED,,,
HAS,Hassan Jn.,,,none,NONE,UNMATCHED,,,
HLN,Holenarsipur,,,none,NONE,UNMATCHED,,,
KRNR,Krishna Raja,,,none,NONE,UNMATCHED,,,
MYS,Mysore Jn.,,,none,NONE,UNMATCHED,,,
MKP,Manikpur Jn.,,,none,NONE,UNMATCHED,,,
MAU,Mau Jn.,,,none,NONE,UNMATCHED,,,
DEOS,Deoria Sadar,,,none,NONE,UNMATCHED,,,
BVNR,Bhavani Naga,,,none,NONE,UNMATCHED,,,
JSV,Jarandeshwar,,,none,NONE,UNMATCHED,,,
ABLE,Amble,,,none,NONE,UNMATCHED,,,
URI,Uruli,,,none,NONE,UNMATCHED,,,
KDG,Kedgaon,,,none,NONE,UNMATCHED,,,
YL,Yeola,,,none,NONE,UNMATCHED,,,
BDWD,Bodwad,,,none,NONE,UNMATCHED,,,
NN,Nandura,,,none,NONE,UNMATCHED,,,
JM,Jalamb Jn.,,,none,NONE,UNMATCHED,,,
CND,Chandur,,,none,NONE,UNMATCHED,,,
SEGM,Sewagram,,,none,NONE,UNMATCHED,,,
TGP,Tuljapur,,,none,NONE,UNMATCHED,,,
SNI,Sindi,,,none,NONE,UNMATCHED,,,
ITR,Itwari Jn.,,,none,NONE,UNMATCHED,,,
KP,Kamptee,,,none,NONE,UNMATCHED,,,
BRD,Bhandara Rd,,,none,NONE,UNMATCHED,,,
TMR,Tumsar Rd,,,none,NONE,UNMATCHED,,,
TRO,Tirora,,,none,NONE,UNMATCHED,,,
VNA,Varangaon,,,none,NONE,UNMATCHED,,,
MJRI,Majri Jn.,,,none,NONE,UNMATCHED,,,
NRKR,Narkher,,,none,NONE,UNMATCHED,,,
PAR,Pandhurna,,,none,NONE,UNMATCHED,,,
AMLA,Amla Jn.,,,none,NONE,UNMATCHED,,,
BZU,Betul,,,none,NONE,UNMATCHED,,,
GDYA,Ghoradongri,,,none,NONE,UNMATCHED,,,
BBU,Bhabua Road,,,none,NONE,UNMATCHED,,,
SSM,Sasaram,,,none,NONE,UNMATCHED,,,
DOS,Dehri-On-Son,,,none,NONE,UNMATCHED,,,
SED,Shedbal,,,none,NONE,UNMATCHED,,,
UGR,Ugar Khurd,,,none,NONE,UNMATCHED,,,
CNC,Chinchli,,,none,NONE,UNMATCHED,,,
RBG,Raybag,,,none,NONE,UNMATCHED,,,
NVS,Navsari,,,none,NONE,UNMATCHED,,,
BIRD,Bhiwandi Roa,,,none,NONE,UNMATCHED,,,
JNH,Janghai Jn.,,,none,NONE,UNMATCHED,,,
MAY,Mariahu,,,none,NONE,UNMATCHED,,,
KRND,Khorason Roa,,,none,NONE,UNMATCHED,,,
SMZ,Saraimir,,,none,NONE,UNMATCHED,,,
AMH,Azamgarh,,,none,NONE,UNMATCHED,,,
PLP,Phulpur,,,none,NONE,UNMATCHED,,,
ZBD,Zafarabad Jn,,,none,NONE,UNMATCHED,,,
MMA,Muhammadabad,,,none,NONE,UNMATCHED,,,
BLTR,Belthara Roa,,,none,NONE,UNMATCHED,,,
SAV,Savda,,,none,NONE,UNMATCHED,,,
NB,Nimbhora,,,none,NONE,UNMATCHED,,,
TLV,Talvadiya,,,none,NONE,UNMATCHED,,,
CAER,Chanera,,,none,NONE,UNMATCHED,,,
BPF,Banapura,,,none,NONE,UNMATCHED,,,
BNI,Budni,,,none,NONE,UNMATCHED,,,
ODG,Obaidulla Ga,,,none,NONE,UNMATCHED,,,
SCI,Sanchi,,,none,NONE,UNMATCHED,,,
GLG,Gulabganj,,,none,NONE,UNMATCHED,,,
MABA,Mandi Bamora,,,none,NONE,UNMATCHED,,,
DUA,Dhaura,,,none,NONE,UNMATCHED,,,
JLN,Jakhlaun,,,none,NONE,UNMATCHED,,,
TBT,Talbahat,,,none,NONE,UNMATCHED,,,
BZY,Basai,,,none,NONE,UNMATCHED,,,
DAA,Datia,,,none,NONE,UNMATCHED,,,
SOR,Sonagir,,,none,NONE,UNMATCHED,,,
DBA,Dabra,,,none,NONE,UNMATCHED,,,
MRA,Morena,,,none,NONE,UNMATCHED,,,
DHO,Dhaulpur,,,none,NONE,UNMATCHED,,,
RKM,Raja-Ki-Mand,,,none,NONE,UNMATCHED,,,
KSV,Kosi Kalan,,,none,NONE,UNMATCHED,,,
PWL,Palwal,,,none,NONE,UNMATCHED,,,
BVH,Ballabgarh,,,none,NONE,UNMATCHED,,,
SZM,Subzi Mandi,,,none,NONE,UNMATCHED,,,
BHD,Badli,,,none,NONE,UNMATCHED,,,
NUR,Narela,,,none,NONE,UNMATCHED,,,
GNU,Ganaur,,,none,NONE,UNMATCHED,,,
SMK,Samalkha,,,none,NONE,UNMATCHED,,,
GRA,Gharaunda,,,none,NONE,UNMATCHED,,,
TRR,Taraori,,,none,NONE,UNMATCHED,,,
NLKR,Nilokheri,,,none,NONE,UNMATCHED,,,
SHDM,Shahabad Mar,,,none,NONE,UNMATCHED,,,
UBC,Ambala City,,,none,NONE,UNMATCHED,,,
NBA,Nabha,,,none,NONE,UNMATCHED,,,
MET,Malerkotla,,,none,NONE,UNMATCHED,,,
AHH,Ahmed Garh,,,none,NONE,UNMATCHED,,,
PHR,Phillaur Jn.,,,none,NONE,UNMATCHED,,,
GRY,Goraya,,,none,NONE,UNMATCHED,,,
PGW,Phagwara Jn.,,,none,NONE,UNMATCHED,,,
JNL,Jandiala,,,none,NONE,UNMATCHED,,,
KRE,Kartarpur,,,none,NONE,UNMATCHED,,,
RDDE,Rathdhana,,,none,NONE,UNMATCHED,,,
ANDI,Adarsh Nagar,,,none,NONE,UNMATCHED,,,
BTT,Bhatni Jn.,,,none,NONE,UNMATCHED,,,
MW,Mairwa,,,none,NONE,UNMATCHED,,,
NYN,Naini Jn.,,,none,NONE,UNMATCHED,,,
BHLP,Bhulanpur F,,,none,NONE,UNMATCHED,,,
YFP,Yusufpur,,,none,NONE,UNMATCHED,,,
SIP,Suraimanpur,,,none,NONE,UNMATCHED,,,
DGA,Dighwara,,,none,NONE,UNMATCHED,,,
BNR,Bhagwanpur,,,none,NONE,UNMATCHED,,,
VGE,Valappadi Ga,,,none,NONE,UNMATCHED,,,
PBH,Partapgarh J,,,none,NONE,UNMATCHED,,,
SLN,Sultanpur Jn,,,none,NONE,UNMATCHED,,,
FD,Faizabad Jn.,,,none,NONE,UNMATCHED,,,
KYE,Khurai,,,none,NONE,UNMATCHED,,,
PHA,Patharia,,,none,NONE,UNMATCHED,,,
BNU,Bandakpur,,,none,NONE,UNMATCHED,,,
JTW,Jaitwar,,,none,NONE,UNMATCHED,,,
DBR,Dabhaura,,,none,NONE,UNMATCHED,,,
BOY,Bhadohi,,,none,NONE,UNMATCHED,,,
PRF,Parsipur,,,none,NONE,UNMATCHED,,,
SWPR,Sewapuri,,,none,NONE,UNMATCHED,,,
KMNR,Kamalnagar,,,none,NONE,UNMATCHED,,,
SIR,Sirhind Jn.,,,none,NONE,UNMATCHED,,,
KNN,Khanna,,,none,NONE,UNMATCHED,,,
TDO,Tanda-Urmar,,,none,NONE,UNMATCHED,,,
DZA,Dasua,,,none,NONE,UNMATCHED,,,
MEX,Mukerian,,,none,NONE,UNMATCHED,,,
JLD,Jarwal Road,,,none,NONE,UNMATCHED,,,
CLJ,Colonelganj,,,none,NONE,UNMATCHED,,,
BLP,"Balrampur,",,,none,NONE,UNMATCHED,,,
JKNI,Jharkhandi F,,,none,NONE,UNMATCHED,,,
TLR,Tulsipur,,,none,NONE,UNMATCHED,,,
ACOI,Chheoki,,,none,NONE,UNMATCHED,,,
MZP,Mirzapur,,,none,NONE,UNMATCHED,,,
LSR,Lasur,,,none,NONE,UNMATCHED,,,
PMKT,Pimpalkhuti,,,none,NONE,UNMATCHED,,,
WANI,Wani,,,none,NONE,UNMATCHED,,,
MJKN,Majrikhadan,,,none,NONE,UNMATCHED,,,
BPA,Bellampalli,,,none,NONE,UNMATCHED,,,
VRL,Veraval,,,none,NONE,UNMATCHED,,,
KSD,Keshod,,,none,NONE,UNMATCHED,,,
JND,Junagadh Jn,,,none,NONE,UNMATCHED,,,
NUD,Navagadh,,,none,NONE,UNMATCHED,,,
GDL,Gondal,,,none,NONE,UNMATCHED,,,
BL,Valsad,,,none,NONE,UNMATCHED,,,
DRD,Dahanu Road,,,none,NONE,UNMATCHED,,,
BGKT,Bhagat-Ki-Ko,,,none,NONE,UNMATCHED,,,
LUNI,Luni Jn.,,,none,NONE,UNMATCHED,,,
SBI,Sabarmati Jn,,,none,NONE,UNMATCHED,,,
MAN,Maninagar,,,none,NONE,UNMATCHED,,,
BHUJ,New Bhuj,,,none,NONE,UNMATCHED,,,
AJE,Anjar,,,none,NONE,UNMATCHED,,,
AI,Adipur,,,none,NONE,UNMATCHED,,,
BDL,Vindhyachal,,,none,NONE,UNMATCHED,,,
CAR,Chunar Jn.,,,none,NONE,UNMATCHED,,,
KEI,Kashi,,,none,NONE,UNMATCHED,,,
CLR,Castle Rock,,,none,NONE,UNMATCHED,,,
QLM,Kulem,,,none,NONE,UNMATCHED,,,
SVM,Sanvordem Cu,,,none,NONE,UNMATCHED,,,
GOK,Gokarna Road,,,none,NONE,UNMATCHED,,,
HNA,Honnavar,,,none,NONE,UNMATCHED,,,
MRDW,Murdeshwar,,,none,NONE,UNMATCHED,,,
KZE,Kanhangad,,,none,NONE,UNMATCHED,,,
TLY,Thalassery,,,none,NONE,UNMATCHED,,,
BOR,Boisar,,,none,NONE,UNMATCHED,,,
GDA,Godhra Jn.,,,none,NONE,UNMATCHED,,,
DHD,Dahod,,,none,NONE,UNMATCHED,,,
MKC,Maksi Jn,,,none,NONE,UNMATCHED,,,
SFY,Shajapur,,,none,NONE,UNMATCHED,,,
BRRG,Biyavra Rajg,,,none,NONE,UNMATCHED,,,
SVPI,Shivpuri,,,none,NONE,UNMATCHED,,,
CBK,Chachura Bin,,,none,NONE,UNMATCHED,,,
BWR,Barwa Sagar,,,none,NONE,UNMATCHED,,,
NEW,Niwari,,,none,NONE,UNMATCHED,,,
MRPR,Mau Ranipur,,,none,NONE,UNMATCHED,,,
HPP,Harpalpur,,,none,NONE,UNMATCHED,,,
BTX,Bela Tal,,,none,NONE,UNMATCHED,,,
KLAR,Kulpahar,,,none,NONE,UNMATCHED,,,
MBA,Mahoba,,,none,NONE,UNMATCHED,,,
MTH,Mataundh,,,none,NONE,UNMATCHED,,,
BNDA,Banda Jn,,,none,NONE,UNMATCHED,,,
KHU,Khurhand,,,none,NONE,UNMATCHED,,,
ATE,Atarra,,,none,NONE,UNMATCHED,,,
BTKP,Bharat Kup,,,none,NONE,UNMATCHED,,,
CKTD,Chitrakutdha,,,none,NONE,UNMATCHED,,,
BRG,Bargarh,,,none,NONE,UNMATCHED,,,
SRJ,Shankargarh,,,none,NONE,UNMATCHED,,,
PRG,Prayag Jn.,,,none,NONE,UNMATCHED,,,
PFM,Phaphamau Jn,,,none,NONE,UNMATCHED,,,
URPR,Ugrasenpur,,,none,NONE,UNMATCHED,,,
SAW,Suriawan,,,none,NONE,UNMATCHED,,,
CHH,Chaukhandi,,,none,NONE,UNMATCHED,,,
KEH,Kapsethi,,,none,NONE,UNMATCHED,,,
MOF,Mondh,,,none,NONE,UNMATCHED,,,
SQN,Sarai Kansra,,,none,NONE,UNMATCHED,,,
MOTH,Moth,,,none,NONE,UNMATCHED,,,
GOY,Govindpuri,,,none,NONE,UNMATCHED,,,
MB,Moradabad Jn,,,none,NONE,UNMATCHED,,,
DSS,Dalsingh Sar,,,none,NONE,UNMATCHED,,,
KRBP,Khudiram Bos,,,none,NONE,UNMATCHED,,,
DOL,Dholi,,,none,NONE,UNMATCHED,,,
SAI,Sarai,,,none,NONE,UNMATCHED,,,
DDA,Duraundha Jn,,,none,NONE,UNMATCHED,,,
BTK,Bankata,,,none,NONE,UNMATCHED,,,
BHTR,Bhatpar Rani,,,none,NONE,UNMATCHED,,,
GB,Gauri Bazar,,,none,NONE,UNMATCHED,,,
CC,Chauri Chaur,,,none,NONE,UNMATCHED,,,
MND,Munderwa,,,none,NONE,UNMATCHED,,,
MSW,Maskanwa,,,none,NONE,UNMATCHED,,,
BUW,Burhwal Jn.,,,none,NONE,UNMATCHED,,,
PMN,Paman,,,none,NONE,UNMATCHED,,,
LLR,Lalpur,,,none,NONE,UNMATCHED,,,
INDB,Indore Bg,,,none,NONE,UNMATCHED,,,
DWX,Dewas,,,none,NONE,UNMATCHED,,,
BDWS,Badarwas,,,none,NONE,UNMATCHED,,,
RGO,Rotegaon,,,none,NONE,UNMATCHED,,,
KATL,Katol,,,none,NONE,UNMATCHED,,,
MTY,Multai,,,none,NONE,UNMATCHED,,,
SEH,Sehore,,,none,NONE,UNMATCHED,,,
SJP,Shujalpur,,,none,NONE,UNMATCHED,,,
BCH,Berchha,,,none,NONE,UNMATCHED,,,
BUDI,Bundi,,,none,NONE,UNMATCHED,,,
MLGH,Mandalgarh,,,none,NONE,UNMATCHED,,,
JOB,Asaipur Jobn,,,none,NONE,UNMATCHED,,,
KKU,Kanakpura,,,none,NONE,UNMATCHED,,,
UMRI,Umri,,,none,NONE,UNMATCHED,,,
KTES,Katni South,,,none,NONE,UNMATCHED,,,
BRS,Birsinghpur,,,none,NONE,UNMATCHED,,,
BUH,Burhar,,,none,NONE,UNMATCHED,,,
KTMA,Kotma,,,none,NONE,UNMATCHED,,,
BJRI,Bijuri,,,none,NONE,UNMATCHED,,,
BRH,Baikunthpur,,,none,NONE,UNMATCHED,,,
KTO,Katora,,,none,NONE,UNMATCHED,,,
BSPR,Bishrampur,,,none,NONE,UNMATCHED,,,
ABKP,Ambikapur,,,none,NONE,UNMATCHED,,,
SMT,Salamatpur,,,none,NONE,UNMATCHED,,,
BET,Bareth,,,none,NONE,UNMATCHED,,,
KAH,Kalhar,,,none,NONE,UNMATCHED,,,
JRK,Jeruwakhera,,,none,NONE,UNMATCHED,,,
NOI,Nariaoli,,,none,NONE,UNMATCHED,,,
MKRN,Makronia,,,none,NONE,UNMATCHED,,,
GAJ,Ganeshganj,,,none,NONE,UNMATCHED,,,
SYA,Salaia,,,none,NONE,UNMATCHED,,,
REI,Rithi,,,none,NONE,UNMATCHED,,,
SBD,Sleemnabad,,,none,NONE,UNMATCHED,,,
GSPR,Gosalpur,,,none,NONE,UNMATCHED,,,
DOE,Deori,,,none,NONE,UNMATCHED,,,
BRGT,Bheraghat,,,none,NONE,UNMATCHED,,,
BHTN,Bhitoni,,,none,NONE,UNMATCHED,,,
BMR,Bikrampur,,,none,NONE,UNMATCHED,,,
SRID,Sridham,,,none,NONE,UNMATCHED,,,
KKB,Karakbel,,,none,NONE,UNMATCHED,,,
BELD,Belkheda,,,none,NONE,UNMATCHED,,,
KY,Kareli,,,none,NONE,UNMATCHED,,,
BNE,Bohani,,,none,NONE,UNMATCHED,,,
GAR,Gadarwara,,,none,NONE,UNMATCHED,,,
SCKR,Salichauka,,,none,NONE,UNMATCHED,,,
BKH,Bankhedi,,,none,NONE,UNMATCHED,,,
SGP,Sohagpur,,,none,NONE,UNMATCHED,,,
GMD,Guramkhedi,,,none,NONE,UNMATCHED,,,
BGTA,Bagratawa,,,none,NONE,UNMATCHED,,,
SQL,Sontalai,,,none,NONE,UNMATCHED,,,
GRO,Gurra,,,none,NONE,UNMATCHED,,,
DBU,Dodballapur,,,none,NONE,UNMATCHED,,,
SNF,Sanat Nagar,,,none,NONE,UNMATCHED,,,
NAW,Nawandgi,,,none,NONE,UNMATCHED,,,
KQT,Kurgunta,,,none,NONE,UNMATCHED,,,
MQR,Malkhaid Roa,,,none,NONE,UNMATCHED,,,
BAY,Bellary Jn.,,,none,NONE,UNMATCHED,,,
DAJ,Daroji,,,none,NONE,UNMATCHED,,,
TNGL,Toranagallu,,,none,NONE,UNMATCHED,,,
HPT,Hospet Jn.,,,none,NONE,UNMATCHED,,,
KBL,Koppal,,,none,NONE,UNMATCHED,,,
MSDG,Mhasoba Dong,,,none,NONE,UNMATCHED,,,
JTRD,Jath Road,,,none,NONE,UNMATCHED,,,
SGRE,Salgare,,,none,NONE,UNMATCHED,,,
ARAG,Arag,,,none,NONE,UNMATCHED,,,
BHBK,Bodhadi Bujr,,,none,NONE,UNMATCHED,,,
LNT,Lingti,,,none,NONE,UNMATCHED,,,
KAYR,Kayar,,,none,NONE,UNMATCHED,,,
WRR,Warora,,,none,NONE,UNMATCHED,,,
HGT,Hinganghat,,,none,NONE,UNMATCHED,,,
AMI,Amravati,,,none,NONE,UNMATCHED,,,
KHBJ,Khanna Banja,,,none,NONE,UNMATCHED,,,
BEHR,Beohari,,,none,NONE,UNMATCHED,,,
MWJ,Madwas Gram,,,none,NONE,UNMATCHED,,,
SGAM,Saraigram,,,none,NONE,UNMATCHED,,,
BRGW,Bargawan,,,none,NONE,UNMATCHED,,,
SGRL,Singrauli,,,none,NONE,UNMATCHED,,,
OBR,Obradam,,,none,NONE,UNMATCHED,,,
CPU,Chopan,,,none,NONE,UNMATCHED,,,
RNQ,Renukut,,,none,NONE,UNMATCHED,,,
DXN,Dudhinagar,,,none,NONE,UNMATCHED,,,
WDM,Wyndhamganj,,,none,NONE,UNMATCHED,,,
NUQ,Nagaruntari,,,none,NONE,UNMATCHED,,,
GHQ,Garhwa,,,none,NONE,UNMATCHED,,,
GHD,Garwa Road J,,,none,NONE,UNMATCHED,,,
DTO,Daltonganj,,,none,NONE,UNMATCHED,,,
BRWD,Barwadih Jn,,,none,NONE,UNMATCHED,,,
CPDR,Chhipadohar,,,none,NONE,UNMATCHED,,,
LTHR,Lateher,,,none,NONE,UNMATCHED,,,
TORI,Tori,Tambaram Sanatorium,node/5311775880,fuzzy_name,MEDIUM,MATCHED,12.9369591,80.1307034,Q7681014
MGME,Mccluskiegan,,,none,NONE,UNMATCHED,,,
KLRE,Khalari,,,none,NONE,UNMATCHED,,,
RAY,Ray,,,none,NONE,UNMATCHED,,,
PTRU,Patratu,,,none,NONE,UNMATCHED,,,
RRME,Ranchi Road,,,none,NONE,UNMATCHED,,,
CNPR,Chainpur,,,none,NONE,UNMATCHED,,,
BKRO,Bokaro Therm,,,none,NONE,UNMATCHED,,,
BRMO,Bermo,,,none,NONE,UNMATCHED,,,
BHME,Bhandaridah,,,none,NONE,UNMATCHED,,,
TET,Tetulmari,,,none,NONE,UNMATCHED,,,
RNG,Rani Ganj,,,none,NONE,UNMATCHED,,,
DGR,Durgapur,,,none,NONE,UNMATCHED,,,
TKD,Tugalakabad,,,none,NONE,UNMATCHED,,,
OKA,Okhla,,,none,NONE,UNMATCHED,,,
DKZ,Delhi-Kishan,,,none,NONE,UNMATCHED,,,
SSB,Shakur Basti,,,none,NONE,UNMATCHED,,,
BGZ,Bahadurgarh,,,none,NONE,UNMATCHED,,,
JIND,Jind Jn,,,none,NONE,UNMATCHED,,,
NRW,Narwana Jn.,,,none,NONE,UNMATCHED,,,
JHL,Jakhal Jn.,,,none,NONE,UNMATCHED,,,
SFMU,Sunam,,,none,NONE,UNMATCHED,,,
SAG,Sangrur,,,none,NONE,UNMATCHED,,,
SMNH,Somnath,,,none,NONE,UNMATCHED,,,
MLHA,Maliya Hatin,,,none,NONE,UNMATCHED,,,
JLR,Jetalsar Jn,,,none,NONE,UNMATCHED,,,
VRR,Virpur,,,none,NONE,UNMATCHED,,,
BKNG,Bhaktinagar,,,none,NONE,UNMATCHED,,,
THAN,Than,Palavanthangal,node/3187977875,fuzzy_name,MEDIUM,MATCHED,12.9906385,80.1879401,Q7156987
CLDY,Chandlodiya,,,none,NONE,UNMATCHED,,,
MHD,Mahemadavad,,,none,NONE,UNMATCHED,,,
DRL,Derol,,,none,NONE,UNMATCHED,,,
MGN,Meghnagar,,,none,NONE,UNMATCHED,,,
KUH,Khachrod,,,none,NONE,UNMATCHED,,,
TAN,Tarana Road,,,none,NONE,UNMATCHED,,,
KSH,Kalisindh,,,none,NONE,UNMATCHED,,,
AKD,Akodia,,,none,NONE,UNMATCHED,,,
KPP,Kala Pipal,,,none,NONE,UNMATCHED,,,
PRB,Parbati,,,none,NONE,UNMATCHED,,,
NKJ,New Katni Ju,,,none,NONE,UNMATCHED,,,
MFQ,Mahroi,,,none,NONE,UNMATCHED,,,
VST,Vijaysota,,,none,NONE,UNMATCHED,,,
NWB,Niwas Road,,,none,NONE,UNMATCHED,,,
MNV,Mungaoli,,,none,NONE,UNMATCHED,,,
ASKN,Ashok Nagar,Ashok Nagar,node/5319972796,fuzzy_name,MEDIUM,MATCHED,13.0354768,80.2111075,Q18378132
SFW,Sarangpur,,,none,NONE,UNMATCHED,,,
DADN,Mhow,,,none,NONE,UNMATCHED,,,
BIX,Bhind,,,none,NONE,UNMATCHED,,,
ETW,Etawah,,,none,NONE,UNMATCHED,,,
CHJ,Chata,,,none,NONE,UNMATCHED,,,
CDG,Chandigarh,,,none,NONE,UNMATCHED,,,
KLK,Kalka,,,none,NONE,UNMATCHED,,,
DEC,Delhi Cantt,,,none,NONE,UNMATCHED,,,
GGN,Gurgaon,,,none,NONE,UNMATCHED,,,
AWR,Alwar Jn.,,,none,NONE,UNMATCHED,,,
BKI,Bandikui Jn.,,,none,NONE,UNMATCHED,,,
DDN,Dehra Dun,,,none,NONE,UNMATCHED,,,
GTS,Ghatsila,,,none,NONE,UNMATCHED,,,
SINI,Sini Jn,,,none,NONE,UNMATCHED,,,
NOMD,Noamundi,,,none,NONE,UNMATCHED,,,
BJMD,Bara Jamada,,,none,NONE,UNMATCHED,,,
BBN,Barbil,,,none,NONE,UNMATCHED,,,
CRJ,Chittaranjan,,,none,NONE,UNMATCHED,,,
JMT,Jamtara,,,none,NONE,UNMATCHED,,,
MDP,Madhupur Jn.,,,none,NONE,UNMATCHED,,,
JAJ,Jhajha,,,none,NONE,UNMATCHED,,,
JMU,Jamui,,,none,NONE,UNMATCHED,,,
LKR,Luckeesarai,,,none,NONE,UNMATCHED,,,
HTZ,Hathidah Jn,,,none,NONE,UNMATCHED,,,
MKA,Mokama Jn.,,,none,NONE,UNMATCHED,,,
PNC,Patna Saheb,,,none,NONE,UNMATCHED,,,
AF,Agra  Fort,,,none,NONE,UNMATCHED,,,
TUN,Tohana,,,none,NONE,UNMATCHED,,,
KGM,Kathgodam,,,none,NONE,UNMATCHED,,,
HDW,Haldwani,,,none,NONE,UNMATCHED,,,
RUPC,Rudrapur Cit,,,none,NONE,UNMATCHED,,,
RMU,Rampur,,,none,NONE,UNMATCHED,,,
JGN,Jagraon,,,none,NONE,UNMATCHED,,,
MOGA,Moga,,,none,NONE,UNMATCHED,,,
MSZ,Mansa,,,none,NONE,UNMATCHED,,,
KKP,Kot Kapura J,,,none,NONE,UNMATCHED,,,
FDK,Faridkot,,,none,NONE,UNMATCHED,,,
FZR,Firozpur Can,,,none,NONE,UNMATCHED,,,
DBD,Deoband,,,none,NONE,UNMATCHED,,,
TKJ,Tilak Bridge,,,none,NONE,UNMATCHED,,,
SASN,Sahibzada Aj,,,none,NONE,UNMATCHED,,,
RPAR,Roop Nagar,,,none,NONE,UNMATCHED,,,
KART,Kiratpur Sah,,,none,NONE,UNMATCHED,,,
ANSB,Anandpur Sah,,,none,NONE,UNMATCHED,,,
NLDM,Nangal Dam,,,none,NONE,UNMATCHED,,,
UHL,Una Himachal,,,none,NONE,UNMATCHED,,,
RGS,Ringus Jn.,,,none,NONE,UNMATCHED,,,
NMK,Nim-Ka-Thana,,,none,NONE,UNMATCHED,,,
NNL,Narnaul,,,none,NONE,UNMATCHED,,,
LKA,Lanka,Velankanni,node/3850728157,fuzzy_name,MEDIUM,MATCHED,10.6868771,79.8461807,Q13119476
DPU,Diphu,,,none,NONE,UNMATCHED,,,
DMV,Dimapur,,,none,NONE,UNMATCHED,,,
BXJ,Bokajan,,,none,NONE,UNMATCHED,,,
FKG,Furkating Jn,,,none,NONE,UNMATCHED,,,
MXN,Mariani Jn.,,,none,NONE,UNMATCHED,,,
JTTN,Jorhat Town,,,none,NONE,UNMATCHED,,,
KHS,Kharsia,,,none,NONE,UNMATCHED,,,
SKT,Sakti,,,none,NONE,UNMATCHED,,,
BUA,Baradwar,,,none,NONE,UNMATCHED,,,
BYT,Bhatapara,,,none,NONE,UNMATCHED,,,
TLD,Tilda,,,none,NONE,UNMATCHED,,,
SORO,Soro,,,none,NONE,UNMATCHED,,,
SRTL,Shertalai,,,none,NONE,UNMATCHED,,,
ALLP,Alleppey,,,none,NONE,UNMATCHED,,,
VAK,Varkala,,,none,NONE,UNMATCHED,,,
SPE,Sullurupetta,,,none,NONE,UNMATCHED,,,
BDJ,Vadakara,,,none,NONE,UNMATCHED,,,
IGU,Irugur,,,none,NONE,UNMATCHED,,,
SRTN,Sibsagar Tow,,,none,NONE,UNMATCHED,,,
MRHT,Moranhat,,,none,NONE,UNMATCHED,,,
DBRG,Dibrugarh,,,none,NONE,UNMATCHED,,,
NHLN,Naharlagun,,,none,NONE,UNMATCHED,,,
NR,Niphad,,,none,NONE,UNMATCHED,,,
BRJN,Brajarajnaga,,,none,NONE,UNMATCHED,,,
BYNR,Byndoor,,,none,NONE,UNMATCHED,,,
SL,Surathkal,,,none,NONE,UNMATCHED,,,
BRZ,Bareta,,,none,NONE,UNMATCHED,,,
BLZ,Budhlada,,,none,NONE,UNMATCHED,,,
MAUR,Maur,,,none,NONE,UNMATCHED,,,
GNA,Goniana,,,none,NONE,UNMATCHED,,,
GJUT,Gangsar Jait,,,none,NONE,UNMATCHED,,,
BXR,Buxar,,,none,NONE,UNMATCHED,,,
ARA,Ara,,,none,NONE,UNMATCHED,,,
DNR,Danapur,Mahadanapuram,node/6025348098,fuzzy_name,MEDIUM,MATCHED,10.9535779,78.2995421,Q63369412
PPTA,Patliputra,,,none,NONE,UNMATCHED,,,
NHH,Nihalgarh,,,none,NONE,UNMATCHED,,,
MFKA,Musafirkhana,,,none,NONE,UNMATCHED,,,
MSMD,Mahasamund,,,none,NONE,UNMATCHED,,,
KRAR,Khariar Road,,,none,NONE,UNMATCHED,,,
KBJ,Kantabanji,,,none,NONE,UNMATCHED,,,
BUDM,Badmal,,,none,NONE,UNMATCHED,,,
SBPD,Sambalpur Ro,,,none,NONE,UNMATCHED,,,
ANGL,Angul,Kattangulathur,node/5273746526,fuzzy_name,MEDIUM,MATCHED,12.8055581,80.0266339,Q15234477
TLHR,Talcher,,,none,NONE,UNMATCHED,,,
DNKL,Dhenkanal,,,none,NONE,UNMATCHED,,,
PRR,Purulia Jn.,,,none,NONE,UNMATCHED,,,
RBL,Rae Bareli J,,,none,NONE,UNMATCHED,,,
AME,Amethi,,,none,NONE,UNMATCHED,,,
SANK,Sank,,,none,NONE,UNMATCHED,,,
PNK,Panki,,,none,NONE,UNMATCHED,,,
RURA,Rura,,,none,NONE,UNMATCHED,,,
JJK,Jhinjhak,,,none,NONE,UNMATCHED,,,
PHD,Phaphund,,,none,NONE,UNMATCHED,,,
BNT,Bharthana,,,none,NONE,UNMATCHED,,,
SKB,Shikohabad J,,,none,NONE,UNMATCHED,,,
FZD,Firozabad,,,none,NONE,UNMATCHED,,,
CAG,Chhabragugor,,,none,NONE,UNMATCHED,,,
BAZ,Baran,,,none,NONE,UNMATCHED,,,
ATH,Antah,,,none,NONE,UNMATCHED,,,
CKB,Chouth-Ka-Ba,,,none,NONE,UNMATCHED,,,
UHR,Unchehara,,,none,NONE,UNMATCHED,,,
MJG,Majhgawan,,,none,NONE,UNMATCHED,,,
AH,Achhnera Jn.,,,none,NONE,UNMATCHED,,,
NBI,Nadbai,,,none,NONE,UNMATCHED,,,
KL,Kherli,,,none,NONE,UNMATCHED,,,
MURD,Mandawar Mah,,,none,NONE,UNMATCHED,,,
DO,Dausa,,,none,NONE,UNMATCHED,,,
GTJT,Getor Jagatp,,,none,NONE,UNMATCHED,,,
KLRS,Kolaras,Kolar,node/706967230,fuzzy_name,MEDIUM,MATCHED,13.123993,78.1329276,Q63361502
ANKL,Ankola,,,none,NONE,UNMATCHED,,,
BIJR,Bijoor,,,none,NONE,UNMATCHED,,,
HRI,Hardoi,,,none,NONE,UNMATCHED,,,
BLQR,Bilaspur Roa,,,none,NONE,UNMATCHED,,,
LRJ,Laksar Jn.,,,none,NONE,UNMATCHED,,,
SPN,Shahjahanpur,,,none,NONE,UNMATCHED,,,
BMKI,Bapudham Mot,,,none,NONE,UNMATCHED,,,
SGL,Sagauli Jn.,,,none,NONE,UNMATCHED,,,
BTH,Bettiah,,,none,NONE,UNMATCHED,,,
NKE,Narkatiaganj,,,none,NONE,UNMATCHED,,,
BUG,Bagaha,,,none,NONE,UNMATCHED,,,
DEE,Delhi-Sarai,,,none,NONE,UNMATCHED,,,
GNC,Gandhinagar,,,none,NONE,UNMATCHED,,,
MLPR,Malipur,,,none,NONE,UNMATCHED,,,
ABP,Akbarpur Jn.,,,none,NONE,UNMATCHED,,,
RDL,Rudauli,,,none,NONE,UNMATCHED,,,
HPU,Hapur Jn.,,,none,NONE,UNMATCHED,,,
SEO,Seohara,,,none,NONE,UNMATCHED,,,
DPR,Dhampur,,,none,NONE,UNMATCHED,,,
NGG,Nagina,,,none,NONE,UNMATCHED,,,
NBD,Najibabad Jn,,,none,NONE,UNMATCHED,,,
SLGR,Simaluguri J,,,none,NONE,UNMATCHED,,,
JOP,Jaunpur City,,,none,NONE,UNMATCHED,,,
MME,Mulmarora,,,none,NONE,UNMATCHED,,,
NAB,Nagbhir,,,none,NONE,UNMATCHED,,,
WSA,Wadsa,,,none,NONE,UNMATCHED,,,
SNV,Sondad,,,none,NONE,UNMATCHED,,,
AHA,Abhaipur,,,none,NONE,UNMATCHED,,,
BGP,Bhagalpur,,,none,NONE,UNMATCHED,,,
SDAH,Sealdah,,,none,NONE,UNMATCHED,,,
BARH,Barh,,,none,NONE,UNMATCHED,,,
BKP,Bakhtiyarpur,,,none,NONE,UNMATCHED,,,
AUBR,Anugrah Nara,,,none,NONE,UNMATCHED,,,
FTP,Fatehpur,,,none,NONE,UNMATCHED,,,
NAC,Nawa City,,,none,NONE,UNMATCHED,,,
KMNC,Kuchaman Cit,,,none,NONE,UNMATCHED,,,
HZD,Hazaribagh R,,,none,NONE,UNMATCHED,,,
HRS,Hathras Jn.,,,none,NONE,UNMATCHED,,,
KRJ,Khurja Jn,,,none,NONE,UNMATCHED,,,
CNDM,Chandi Mandi,,,none,NONE,UNMATCHED,,,
PAN,Pana Garh,,,none,NONE,UNMATCHED,,,
DLN,Dildarnagar,,,none,NONE,UNMATCHED,,,
FUT,Fatuha,,,none,NONE,UNMATCHED,,,
BTA,Bihta,,,none,NONE,UNMATCHED,,,
BEA,Bihiya,,,none,NONE,UNMATCHED,,,
RPR,Raghunathpur,,,none,NONE,UNMATCHED,,,
DURE,Dumraon,,,none,NONE,UNMATCHED,,,
GMR,Gahmar,,,none,NONE,UNMATCHED,,,
ZNA,Zamania,,,none,NONE,UNMATCHED,,,
SGG,Sultanganj,,,none,NONE,UNMATCHED,,,
BUP,Bariarpur,,,none,NONE,UNMATCHED,,,
KJH,Kajra,,,none,NONE,UNMATCHED,,,
BRYA,Barhiya,,,none,NONE,UNMATCHED,,,
KOO,Khusropur,,,none,NONE,UNMATCHED,,,
GKH,Guskara,,,none,NONE,UNMATCHED,,,
MNAE,Mankar,,,none,NONE,UNMATCHED,,,
OYR,Waria,,,none,NONE,UNMATCHED,,,
UDL,Andal Jn.,,,none,NONE,UNMATCHED,,,
KQU,Kamarkundu J,,,none,NONE,UNMATCHED,,,
PNE,Prantik,,,none,NONE,UNMATCHED,,,
AMP,Ahmadpur Jn.,,,none,NONE,UNMATCHED,,,
SNT,Sainthia Jn.,,,none,NONE,UNMATCHED,,,
MNP,Mananpur,,,none,NONE,UNMATCHED,,,
BSQP,Bansipur,,,none,NONE,UNMATCHED,,,
JAIS,Jais,,,none,NONE,UNMATCHED,,,
HCR,Harishchandr,,,none,NONE,UNMATCHED,,,
JPG,Jalpaiguri,,,none,NONE,UNMATCHED,,,
HDB,Haldibari,,,none,NONE,UNMATCHED,,,
TEA,Taregna,,,none,NONE,UNMATCHED,,,
JHD,Jehanabad,,,none,NONE,UNMATCHED,,,
DRH,Dharhara,,,none,NONE,UNMATCHED,,,
PLCJ,Phalodi,,,none,NONE,UNMATCHED,,,
RDRA,Ramdevra,,,none,NONE,UNMATCHED,,,
VBL,Bobbili Jn.,,,none,NONE,UNMATCHED,,,
PVP,Parvatipuram,,,none,NONE,UNMATCHED,,,
MNGD,Muniguda,,,none,NONE,UNMATCHED,,,
JOC,Joychandi Pa,,,none,NONE,UNMATCHED,,,
RFJ,Rafiganj,,,none,NONE,UNMATCHED,,,
BP,Barrackpore,,,none,NONE,UNMATCHED,,,
NH,Naihati Jn.,,,none,NONE,UNMATCHED,,,
BDC,Bandel Jn.,,,none,NONE,UNMATCHED,,,
RGD,Rajgir,,,none,NONE,UNMATCHED,,,
SILO,Silao,,,none,NONE,UNMATCHED,,,
NLD,Nalanda,,,none,NONE,UNMATCHED,,,
POE,Pawapuri Roa,,,none,NONE,UNMATCHED,,,
BEHS,Bihar Sharif,,,none,NONE,UNMATCHED,,,
WENA,Wena,,,none,NONE,UNMATCHED,,,
HRT,Harnaut,,,none,NONE,UNMATCHED,,,
PWS,Phulwari Sha,,,none,NONE,UNMATCHED,,,
GRRU,Guraru,,,none,NONE,UNMATCHED,,,
KTQ,Kudra,,,none,NONE,UNMATCHED,,,
CDMR,Chandauli Ma,,,none,NONE,UNMATCHED,,,
IPR,Islampur,,,none,NONE,UNMATCHED,,,
EKR,Ekangar Sara,,,none,NONE,UNMATCHED,,,
HIL,Hilsa Block,,,none,NONE,UNMATCHED,,,
DNWH,Daniyawan Ba,,,none,NONE,UNMATCHED,,,
NMDA,New Morinda,,,none,NONE,UNMATCHED,,,
SMRL,Samarala,,,none,NONE,UNMATCHED,,,
RHG,Rajgarh,,,none,NONE,UNMATCHED,,,
KRH,Khairthal,,,none,NONE,UNMATCHED,,,
GHH,Garhi Harsar,,,none,NONE,UNMATCHED,,,
MEP,Mehidpur Roa,,,none,NONE,UNMATCHED,,,
VMA,Vikramgarh A,,,none,NONE,UNMATCHED,,,
CMU,Chau Mahla,,,none,NONE,UNMATCHED,,,
SGZ,Shamgarh,,,none,NONE,UNMATCHED,,,
GOH,Garoth,,,none,NONE,UNMATCHED,,,
DBRT,Dibrugarh To,,,none,NONE,UNMATCHED,,,
NTSK,New Tinsukia,,,none,NONE,UNMATCHED,,,
NNA,Naugachia,,,none,NONE,UNMATCHED,,,
SRO,Sirathu,,,none,NONE,UNMATCHED,,,
HLZ,Haldia,,,none,NONE,UNMATCHED,,,
TMZ,Tamluk,,,none,NONE,UNMATCHED,,,
PKU,Panskura,,,none,NONE,UNMATCHED,,,
KNF,Khanodih,,,none,NONE,UNMATCHED,,,
RMJK,Ramnagar(J-K,,,none,NONE,UNMATCHED,,,
BNN,Barnala,,,none,NONE,UNMATCHED,,,
GDB,Giddarbaha,,,none,NONE,UNMATCHED,,,
MOT,Malout,,,none,NONE,UNMATCHED,,,
ABS,Abohar,,,none,NONE,UNMATCHED,,,
LKS,Lunkaransar,,,none,NONE,UNMATCHED,,,
LGH,Lalgarh Jn.,,,none,NONE,UNMATCHED,,,
PM,Palam,,,none,NONE,UNMATCHED,,,
BWSN,Bijwasan,,,none,NONE,UNMATCHED,,,
PTRD,Pataudi Road,,,none,NONE,UNMATCHED,,,
LKE,Lakheri,,,none,NONE,UNMATCHED,,,
ISA,Isarda,,,none,NONE,UNMATCHED,,,
RKB,Raika Bagh P,,,none,NONE,UNMATCHED,,,
SBLT,Shri Bhadriy,,,none,NONE,UNMATCHED,,,
AQG,Ashapura Gom,,,none,NONE,UNMATCHED,,,
KLYT,Kolayat,,,none,NONE,UNMATCHED,,,
DSO,Deshnoke,,,none,NONE,UNMATCHED,,,
MDW,Marwar Mundw,,,none,NONE,UNMATCHED,,,
GCH,Gachhipura,,,none,NONE,UNMATCHED,,,
SBR,Sambhar Lake,,,none,NONE,UNMATCHED,,,
BLM,Balamau Jn.,,,none,NONE,UNMATCHED,,,
HAPA,Hapa,,,none,NONE,UNMATCHED,,,
JAM,Jamnagar,,,none,NONE,UNMATCHED,,,
RANI,Rani,Perani,node/5276187592,fuzzy_name,MEDIUM,MATCHED,12.1028764,79.5522437,Q63355683
JWB,Jawai Bandh,,,none,NONE,UNMATCHED,,,
AKV,Ankleshwar J,,,none,NONE,UNMATCHED,,,
SPZ,Sampla,,,none,NONE,UNMATCHED,,,
TAPA,Tapa,,,none,NONE,UNMATCHED,,,
PUL,Rampura Phul,,,none,NONE,UNMATCHED,,,
JBN,Jogbani,,,none,NONE,UNMATCHED,,,
FBG,Forbesganj J,,,none,NONE,UNMATCHED,,,
ARQ,Arariya Cour,,,none,NONE,UNMATCHED,,,
PRNA,Purnea Jn.,,,none,NONE,UNMATCHED,,,
SMR,Samdari,,,none,NONE,UNMATCHED,,,
MKSR,Mokalsar,,,none,NONE,UNMATCHED,,,
JOR,Jalor,,,none,NONE,UNMATCHED,,,
MON,Modran,,,none,NONE,UNMATCHED,,,
MBNL,Marwar Bhinm,,,none,NONE,UNMATCHED,,,
RNV,Raniwara,,,none,NONE,UNMATCHED,,,
DQN,Dhanera,,,none,NONE,UNMATCHED,,,
BLDI,Bhildi Jn,,,none,NONE,UNMATCHED,,,
DDR,Dadar,,,none,NONE,UNMATCHED,,,
MINJ,Maikalganj,,,none,NONE,UNMATCHED,,,
DOA,Doraha,,,none,NONE,UNMATCHED,,,
WKI,Wadakancheri,,,none,NONE,UNMATCHED,,,
IJK,Irinjalakuda,,,none,NONE,UNMATCHED,,,
CKI,Chalakudi,,,none,NONE,UNMATCHED,,,
AFK,Angamali (Fo,,,none,NONE,UNMATCHED,,,
AMPA,Ambalapuzha,,,none,NONE,UNMATCHED,,,
HAD,Haripad,,,none,NONE,UNMATCHED,,,
TVP,Trivandram P,,,none,NONE,UNMATCHED,,,
NDAE,Nabadwip Dha,,,none,NONE,UNMATCHED,,,
KWAE,Katwa Jn.,,,none,NONE,UNMATCHED,,,
AZ,Azimganj Jn.,,,none,NONE,UNMATCHED,,,
ROA,Rusera Ghat,,,none,NONE,UNMATCHED,,,
JID,Jagi Road,,,none,NONE,UNMATCHED,,,
RMR,Ramnagar,,,none,NONE,UNMATCHED,,,
KPV,Kashipur Jn,,,none,NONE,UNMATCHED,,,
PLS,Pipalsana,,,none,NONE,UNMATCHED,,,
KID,Khairar Jn.,,,none,NONE,UNMATCHED,,,
USL,Usalapur,,,none,NONE,UNMATCHED,,,
CAA,Chakia,,,none,NONE,UNMATCHED,,,
CAI,Chanpatia,,,none,NONE,UNMATCHED,,,
HIR,Harinagar,,,none,NONE,UNMATCHED,,,
SBZ,Siswa Bazar,,,none,NONE,UNMATCHED,,,
BER,Beawar,,,none,NONE,UNMATCHED,,,
NNO,Nangloi,,,none,NONE,UNMATCHED,,,
MTR,Motipur,,,none,NONE,UNMATCHED,,,
MAI,Mehsi,,,none,NONE,UNMATCHED,,,
JYG,Jaynagar,,,none,NONE,UNMATCHED,,,
MBI,Madhubani,,,none,NONE,UNMATCHED,,,
SKI,Sakri Jn.,,,none,NONE,UNMATCHED,,,
JI,Jhusi,,,none,NONE,UNMATCHED,,,
HYT,Haiaghat,,,none,NONE,UNMATCHED,,,
KGI,Kengeri,,,none,NONE,UNMATCHED,,,
MYA,Mandya,,,none,NONE,UNMATCHED,,,
PTB,Pattambi,,,none,NONE,UNMATCHED,,,
KTU,Kuttippuram,,,none,NONE,UNMATCHED,,,
TA,Tanur,,,none,NONE,UNMATCHED,,,
PGI,Parpanangadi,,,none,NONE,UNMATCHED,,,
FK,Ferok,,,none,NONE,UNMATCHED,,,
QLD,Quilandi,,,none,NONE,UNMATCHED,,,
MAHE,Mahe,Mahendravadi,node/5275671389,fuzzy_name,MEDIUM,MATCHED,13.0221211,79.517448,Q63355530
PAZ,Payangadi,,,none,NONE,UNMATCHED,,,
CHV,Chervattur,Attur,node/5349010077,fuzzy_name,MEDIUM,MATCHED,11.595226,78.5935039,Q63371891
MAQ,Mangalore Ce,,,none,NONE,UNMATCHED,,,
MJS,Manjeshwar,,,none,NONE,UNMATCHED,,,
NYP,Nayudupeta,,,none,NONE,UNMATCHED,,,
BTTR,Bitragunta,,,none,NONE,UNMATCHED,,,
NLE,Nileshwar,,,none,NONE,UNMATCHED,,,
CNO,Canacona,,,none,NONE,UNMATCHED,,,
BKJ,Barkur,,,none,NONE,UNMATCHED,,,
TRTR,Tripunittura,,,none,NONE,UNMATCHED,,,
VARD,Vaikam Road,,,none,NONE,UNMATCHED,,,
SDN,Sholavandan,,,none,NONE,UNMATCHED,,,
VLY,Valliyur,,,none,NONE,UNMATCHED,,,
NCJ,Nagercoil Jn,,,none,NONE,UNMATCHED,,,
CAPE,Kanniyakumar,,,none,NONE,UNMATCHED,,,
ABI,Ambaturai,,,none,NONE,UNMATCHED,,,
UDN,Udhna Jn.,,,none,NONE,UNMATCHED,,,
VYA,Vyara,,,none,NONE,UNMATCHED,,,
DDE,Dondaicha,,,none,NONE,UNMATCHED,,,
TTL,Tiruttangal,,,none,NONE,UNMATCHED,,,
SVKS,Sivakasi,,,none,NONE,UNMATCHED,,,
SVPR,Srivilliputt,,,none,NONE,UNMATCHED,,,
RJPM,Rajapalayam,,,none,NONE,UNMATCHED,,,
SNKL,Sankarankovi,,,none,NONE,UNMATCHED,,,
PBKS,Pambakovil S,,,none,NONE,UNMATCHED,,,
KDNL,Kadayanallur,,,none,NONE,UNMATCHED,,,
TSI,Tenkasi,,,none,NONE,UNMATCHED,,,
SCT,Sengottai Jn,,,none,NONE,UNMATCHED,,,
CBF,Coimbatore N,,,none,NONE,UNMATCHED,,,
MTP,Mettupalaiya,,,none,NONE,UNMATCHED,,,
TMQ,Tirumangalam,,,none,NONE,UNMATCHED,,,
KDU,Kadambur,Ambur,node/5300488135,fuzzy_name,MEDIUM,MATCHED,12.784066,78.7217855,Q16868946
TME,Tutimelur,,,none,NONE,UNMATCHED,,,
KZK,Kazhakuttam,,,none,NONE,UNMATCHED,,,
RMNP,Ramannapet,,,none,NONE,UNMATCHED,,,
GNP,Ghanpur,,,none,NONE,UNMATCHED,,,
ALER,Aler,,,none,NONE,UNMATCHED,,,
BG,Bhongir,,,none,NONE,UNMATCHED,,,
VDE,Vedayapalem,,,none,NONE,UNMATCHED,,,
KDM,Kesamudram,,,none,NONE,UNMATCHED,,,
APT,Anaparti,,,none,NONE,UNMATCHED,,,
NZD,Nuzvid,,,none,NONE,UNMATCHED,,,
BUX,Bhandak,,,none,NONE,UNMATCHED,,,
YLM,Elamanchili,,,none,NONE,UNMATCHED,,,
NRP,Narsipatnam,,,none,NONE,UNMATCHED,,,
PAP,Pithapuram,,,none,NONE,UNMATCHED,,,
PAK,Pakala Jn.,,,none,NONE,UNMATCHED,,,
PIL,Pileru,,,none,NONE,UNMATCHED,,,
KCI,Kalikiri,,,none,NONE,UNMATCHED,,,
MPL,Madana Palle,,,none,NONE,UNMATCHED,,,
MCU,Mulacala Che,,,none,NONE,UNMATCHED,,,
KRY,Kadiri,,,none,NONE,UNMATCHED,,,
MGB,Mudigubba,,,none,NONE,UNMATCHED,,,
CTYL,Chityala,,,none,NONE,UNMATCHED,,,
BN,Bibinagar,,,none,NONE,UNMATCHED,,,
DWP,Dwarapudi,,,none,NONE,UNMATCHED,,,
KVR,Kovvur,,,none,NONE,UNMATCHED,,,
NKD,Nekonda,,,none,NONE,UNMATCHED,,,
VSG,Vasco-Da-Gam,,,none,NONE,UNMATCHED,,,
NRDP,Nagireddipal,,,none,NONE,UNMATCHED,,,
MTM,Machilipatna,,,none,NONE,UNMATCHED,,,
CLU,Chilakalpudi,,,none,NONE,UNMATCHED,,,
PAV,Pedana,,,none,NONE,UNMATCHED,,,
VMD,Vadlamannadu,,,none,NONE,UNMATCHED,,,
KVM,Kavutaram,,,none,NONE,UNMATCHED,,,
GVL,Gudlavalleru,,,none,NONE,UNMATCHED,,,
NUJ,Nujella,,,none,NONE,UNMATCHED,,,
KI,Kondapalli,,,none,NONE,UNMATCHED,,,
OEA,Odela,,,none,NONE,UNMATCHED,,,
RVKH,Ravindrakhan,,,none,NONE,UNMATCHED,,,
SRNR,Sri Ramnagar,,,none,NONE,UNMATCHED,,,
MAGH,Manikgarh Jn,,,none,NONE,UNMATCHED,,,
BTBR,Buti Bori Jn,,,none,NONE,UNMATCHED,,,
UR,Umdanagar,,,none,NONE,UNMATCHED,,,
WPR,Wanparti Roa,,,none,NONE,UNMATCHED,,,
OBVP,Obulavaripal,,,none,NONE,UNMATCHED,,,
CNI,Chandil Jn.,,,none,NONE,UNMATCHED,,,
PRP,Paharpur,,,none,NONE,UNMATCHED,,,
PVPT,Parvatipuram,,,none,NONE,UNMATCHED,,,
SPRD,Singapur Roa,,,none,NONE,UNMATCHED,,,
THV,Therubali,,,none,NONE,UNMATCHED,,,
AMB,Ambodala,,,none,NONE,UNMATCHED,,,
NRLR,Norla  Road,,,none,NONE,UNMATCHED,,,
RPRD,Rupra Road,,,none,NONE,UNMATCHED,,,
HSK,Hari Shankar,,,none,NONE,UNMATCHED,,,
BGBR,Bagbahra,,,none,NONE,UNMATCHED,,,
CKU,Chakulia,,,none,NONE,UNMATCHED,,,
RHE,Rakha Mines,,,none,NONE,UNMATCHED,,,
VAA,Bhaga Jn,,,none,NONE,UNMATCHED,,,
DNM,Dhanmandal,,,none,NONE,UNMATCHED,,,
JPH,Jhantipahari,,,none,NONE,UNMATCHED,,,
ANR,Anara,,,none,NONE,UNMATCHED,,,
SBPY,Sambalpur Ci,,,none,NONE,UNMATCHED,,,
TLHD,Talcher Road,,,none,NONE,UNMATCHED,,,
BIY,Bardoli,,,none,NONE,UNMATCHED,,,
MID,Madhi,,,none,NONE,UNMATCHED,,,
NWU,Navapur,,,none,NONE,UNMATCHED,,,
SNK,Sindkheda,,,none,NONE,UNMATCHED,,,
DXG,Dharangaon,,,none,NONE,UNMATCHED,,,
BPHB,Bhilai Power,,,none,NONE,UNMATCHED,,,
BPH,Belpahar,,,none,NONE,UNMATCHED,,,
BMB,Bamra,,,none,NONE,UNMATCHED,,,
GP,Rajgangpur,,,none,NONE,UNMATCHED,,,
MCA,Mecheda,,,none,NONE,UNMATCHED,,,
NRG,Nergundi Jn.,,,none,NONE,UNMATCHED,,,
MCS,Mancheswar,,,none,NONE,UNMATCHED,,,
KASR,Kanas Road,,,none,NONE,UNMATCHED,,,
DEG,Delang,,,none,NONE,UNMATCHED,,,
SIL,Sakhigopal,,,none,NONE,UNMATCHED,,,
NWP,Naupada Jn.,,,none,NONE,UNMATCHED,,,
CPP,Chipurupalle,,,none,NONE,UNMATCHED,,,
KAPG,Kalupara Gha,,,none,NONE,UNMATCHED,,,
KIT,Khallikot,,,none,NONE,UNMATCHED,,,
KATI,Kanthi Fs,,,none,NONE,UNMATCHED,,,
DGHA,Digha Fs,,,none,NONE,UNMATCHED,,,
AJU,Arjuni,,,none,NONE,UNMATCHED,,,
KGB,Kargi Road,,,none,NONE,UNMATCHED,,,
BIG,Belgahna,,,none,NONE,UNMATCHED,,,
AAL,Amlai,,,none,NONE,UNMATCHED,,,
BYL,Belha,,,none,NONE,UNMATCHED,,,
SLH,Silyari,,,none,NONE,UNMATCHED,,,
ULB,Ulubaria,,,none,NONE,UNMATCHED,,,
RMRB,Ramnagar (Be,,,none,NONE,UNMATCHED,,,
BBM,Barabhum,,,none,NONE,UNMATCHED,,,
GUD,Galudih,,,none,NONE,UNMATCHED,,,
SWR,Sonua,,,none,NONE,UNMATCHED,,,
GOL,Goilkera,,,none,NONE,UNMATCHED,,,
MOU,Manoharpur,,,none,NONE,UNMATCHED,,,
BNDM,Bondamunda J,,,none,NONE,UNMATCHED,,,
GPH,Garpos,,,none,NONE,UNMATCHED,,,
BEH,Bagdihi,,,none,NONE,UNMATCHED,,,
RGL,Rengali,,,none,NONE,UNMATCHED,,,
HKG,Hirakund,,,none,NONE,UNMATCHED,,,
BRPL,Barpali,,,none,NONE,UNMATCHED,,,
LSX,Loisingha,,,none,NONE,UNMATCHED,,,
SFC,Saintala,,,none,NONE,UNMATCHED,,,
RMT,Ramgarh Cant,,,none,NONE,UNMATCHED,,,
RBGJ,Robertsganj,,,none,NONE,UNMATCHED,,,
GNG,Gauriganj,,,none,NONE,UNMATCHED,,,
MXK,Mandrak,,,none,NONE,UNMATCHED,,,
JPL,Japla,,,none,NONE,UNMATCHED,,,
NBG,Nabinagar Ro,,,none,NONE,UNMATCHED,,,
CJN,Chhatna,,,none,NONE,UNMATCHED,,,
SNTD,Santaldih,,,none,NONE,UNMATCHED,,,
BGY,Bangriposi,,,none,NONE,UNMATCHED,,,
BPO,Baripada Ph,,,none,NONE,UNMATCHED,,,
KCV,Krishna Chan,,,none,NONE,UNMATCHED,,,
BTQ,Betnoti Ph,,,none,NONE,UNMATCHED,,,
JOL,Jogal,,,none,NONE,UNMATCHED,,,
JRG,Jugpura Ph,,,none,NONE,UNMATCHED,,,
TKH,Thakurtola P,,,none,NONE,UNMATCHED,,,
MKO,Markona,,,none,NONE,UNMATCHED,,,
NQR,Naraj Marath,,,none,NONE,UNMATCHED,,,
MRDL,Meramandoli,,,none,NONE,UNMATCHED,,,
BONA,Boinda,,,none,NONE,UNMATCHED,,,
RAIR,Rairakhol,,,none,NONE,UNMATCHED,,,
PLG,Palghar,,,none,NONE,UNMATCHED,,,
MUT,Meerut Cant,,,none,NONE,UNMATCHED,,,
PBR,Porbandar,,,none,NONE,UNMATCHED,,,
LPJ,Lalpur Jam,,,none,NONE,UNMATCHED,,,
UJA,Unjha,,,none,NONE,UNMATCHED,,,
BLA,Bajalta,,,none,NONE,UNMATCHED,,,
SGRR,Sangar,,,none,NONE,UNMATCHED,,,
MNWL,Manwal,,,none,NONE,UNMATCHED,,,
CRWL,Chakrakwala,,,none,NONE,UNMATCHED,,,
ADH,Andheri,,,none,NONE,UNMATCHED,,,
BIM,Bilimora Jn.,,,none,NONE,UNMATCHED,,,
AML,Amalsad,,,none,NONE,UNMATCHED,,,
MRL,Maroli,,,none,NONE,UNMATCHED,,,
SCH,Sachin,,,none,NONE,UNMATCHED,,,
VS,Vishwamitri,,,none,NONE,UNMATCHED,,,
KIM,Kim,,,none,NONE,UNMATCHED,,,
KSB,Kosamba Jn.,,,none,NONE,UNMATCHED,,,
PLJ,Palej,,,none,NONE,UNMATCHED,,,
MYG,Miyagam Karj,,,none,NONE,UNMATCHED,,,
SMLA,Samlaya Jn.,,,none,NONE,UNMATCHED,,,
PPD,Pipolod,,,none,NONE,UNMATCHED,,,
LMK,Limkhera,,,none,NONE,UNMATCHED,,,
VR,Virar,Virarakkiyam,node/6024193345,fuzzy_name,MEDIUM,MATCHED,10.9389074,78.1661261,Q63357272
BVC,Bhavnagar Te,,,none,NONE,UNMATCHED,,,
SGD,Songadh,,,none,NONE,UNMATCHED,,,
DLJ,Dhola Jn,,,none,NONE,UNMATCHED,,,
BTD,Botad,,,none,NONE,UNMATCHED,,,
JVN,Joravarnagar,,,none,NONE,UNMATCHED,,,
MHV,Mahuva,,,none,NONE,UNMATCHED,,,
RLA,Rajula Road,,,none,NONE,UNMATCHED,,,
SVKD,Savar Kundla,,,none,NONE,UNMATCHED,,,
LMO,Liliya Mota,,,none,NONE,UNMATCHED,,,
DAS,Dhasa,,,none,NONE,UNMATCHED,,,
LM,Limdi,,,none,NONE,UNMATCHED,,,
WC,Wadhwan City,,,none,NONE,UNMATCHED,,,
WSJ,Wansjaliya J,,,none,NONE,UNMATCHED,,,
JDH,Jam Jodhpur,,,none,NONE,UNMATCHED,,,
UA,Upleta,,,none,NONE,UNMATCHED,,,
DISA,Disa,,,none,NONE,UNMATCHED,,,
DEOR,Diyodar,,,none,NONE,UNMATCHED,,,
RDHP,Radhanpur,,,none,NONE,UNMATCHED,,,
SNLR,Santalpur,,,none,NONE,UNMATCHED,,,
AAR,Adesar,,,none,NONE,UNMATCHED,,,
THDR,Thandla Road,,,none,NONE,UNMATCHED,,,
BMI,Bamnia,,,none,NONE,UNMATCHED,,,
SRGT,Surendranaga,,,none,NONE,UNMATCHED,,,
RUR,Ranpur,,,none,NONE,UNMATCHED,,,
SOJN,Sihor Jn(Guj,,,none,NONE,UNMATCHED,,,
BVP,Bhavnagar Pa,,,none,NONE,UNMATCHED,,,
AEL,Ateli,,,none,NONE,UNMATCHED,,,
SMPR,Shri Madhopu,,,none,NONE,UNMATCHED,,,
RNW,Renwal,,,none,NONE,UNMATCHED,,,
CHP,Chappi,,,none,NONE,UNMATCHED,,,
SOH,Sirohi Road,,,none,NONE,UNMATCHED,,,
SOD,Sojat Road,,,none,NONE,UNMATCHED,,,
FAN,Fateh Nagar,,,none,NONE,UNMATCHED,,,
MDL,Mandal,,,none,NONE,UNMATCHED,,,
GBP,Gulabpura,,,none,NONE,UNMATCHED,,,
JAO,Joara,,,none,NONE,UNMATCHED,,,
NBH,Nimbahera,,,none,NONE,UNMATCHED,,,
BSE,Badshahpur,,,none,NONE,UNMATCHED,,,
BCN,Bachhrawn,,,none,NONE,UNMATCHED,,,
ROZA,Roza Jn,,,none,NONE,UNMATCHED,,,
VDS,Vidyasagar,,,none,NONE,UNMATCHED,,,
GHR,Gidhaur,,,none,NONE,UNMATCHED,,,
MKB,Mankatha,,,none,NONE,UNMATCHED,,,
DMRX,Dumari Halt,,,none,NONE,UNMATCHED,,,
MOR,Mor,,,none,NONE,UNMATCHED,,,
PHK,Punarakh,,,none,NONE,UNMATCHED,,,
ATL,Athmal Gola,,,none,NONE,UNMATCHED,,,
GZH,Gulzarbagh,,,none,NONE,UNMATCHED,,,
NEO,Neora,,,none,NONE,UNMATCHED,,,
SDE,Sadisopur,,,none,NONE,UNMATCHED,,,
KWR,Koelwar,,,none,NONE,UNMATCHED,,,
KUA,Kulharia,,,none,NONE,UNMATCHED,,,
BYN,Banahi,,,none,NONE,UNMATCHED,,,
BRE,Bharwari,,,none,NONE,UNMATCHED,,,
KGA,Khaga,,,none,NONE,UNMATCHED,,,
BKO,Bindki Road,,,none,NONE,UNMATCHED,,,
ULD,Achalda,,,none,NONE,UNMATCHED,,,
JGR,Jaswantnagar,,,none,NONE,UNMATCHED,,,
BDN,Bhadan,,,none,NONE,UNMATCHED,,,
AST,Asaoti,,,none,NONE,UNMATCHED,,,
FDN,Faridabad Ne,,,none,NONE,UNMATCHED,,,
JNA,Julana,,,none,NONE,UNMATCHED,,,
UCA,Uchana,,,none,NONE,UNMATCHED,,,
DSB,Sadar Bazar,,,none,NONE,UNMATCHED,,,
SRP,Shrirampur,,,none,NONE,UNMATCHED,,,
CGR,Chandan Naga,,,none,NONE,UNMATCHED,,,
PSB,Parsabad,,,none,NONE,UNMATCHED,,,
TKN,Tankuppa,,,none,NONE,UNMATCHED,,,
JHN,Jakhim,,,none,NONE,UNMATCHED,,,
PES,Phesar,,,none,NONE,UNMATCHED,,,
SEB,Son Nagar Jn,,,none,NONE,UNMATCHED,,,
DGO,Durgauti,,,none,NONE,UNMATCHED,,,
KMS,Karamnasa,,,none,NONE,UNMATCHED,,,
SYJ,Saidraja,,,none,NONE,UNMATCHED,,,
BTP,Babatpur,,,none,NONE,UNMATCHED,,,
KSF,Khalispur,,,none,NONE,UNMATCHED,,,
JLL,Jalalganj,,,none,NONE,UNMATCHED,,,
BWI,Bilwai,,,none,NONE,UNMATCHED,,,
GGJ,Goshainganj,,,none,NONE,UNMATCHED,,,
ACND,Acharya Nare,,,none,NONE,UNMATCHED,,,
SLW,Sohwal,,,none,NONE,UNMATCHED,,,
DYD,Daryabad,,,none,NONE,UNMATCHED,,,
SGJ,Safdarganj,,,none,NONE,UNMATCHED,,,
AJI,Anji Shahaba,,,none,NONE,UNMATCHED,,,
TLH,Tilhar,,,none,NONE,UNMATCHED,,,
PMR,Pitambarpur,,,none,NONE,UNMATCHED,,,
NRS,Nagaria Sada,,,none,NONE,UNMATCHED,,,
RWL,Raiwala Jn.,,,none,NONE,UNMATCHED,,,
DWO,Doiwala,,,none,NONE,UNMATCHED,,,
KS,Kheta Sarai,,,none,NONE,UNMATCHED,,,
BDH,Bhedia,,,none,NONE,UNMATCHED,,,
MLV,Mallarpur,,,none,NONE,UNMATCHED,,,
NHT,Nalhati Jn.,,,none,NONE,UNMATCHED,,,
MRR,Murarai,,,none,NONE,UNMATCHED,,,
RJG,Rajgram,,,none,NONE,UNMATCHED,,,
TDLE,Tildanga,,,none,NONE,UNMATCHED,,,
SHE,Seoraphuli J,,,none,NONE,UNMATCHED,,,
MGAE,Morgram,,,none,NONE,UNMATCHED,,,
SDI,Sagardighi,,,none,NONE,UNMATCHED,,,
DKGS,Simaria,,,none,NONE,UNMATCHED,,,
BCA,Bachwara Jn.,,,none,NONE,UNMATCHED,,,
NAZJ,Nazirganj,,,none,NONE,UNMATCHED,,,
UJP,Ujiarpur,,,none,NONE,UNMATCHED,,,
KPGM,Karpoorigram,,,none,NONE,UNMATCHED,,,
GRL,Goraul,,,none,NONE,UNMATCHED,,,
NYO,Nayagaon,,,none,NONE,UNMATCHED,,,
DDP,Daudpur,,,none,NONE,UNMATCHED,,,
EKMA,Ekma,,,none,NONE,UNMATCHED,,,
CW,Chainwa,,,none,NONE,UNMATCHED,,,
ZRDE,Jiradei,,,none,NONE,UNMATCHED,,,
HLDD,Haldi Road,,,none,NONE,UNMATCHED,,,
RNPR,Rupnarayanpu,,,none,NONE,UNMATCHED,,,
TGA,Teghra,,,none,NONE,UNMATCHED,,,
DUBH,Dubaha,,,none,NONE,UNMATCHED,,,
SIHO,Siho,,,none,NONE,UNMATCHED,,,
SLT,Silaut,,,none,NONE,UNMATCHED,,,
NRPA,Narayanpur A,,,none,NONE,UNMATCHED,,,
RGH,Ramgarhwa F,,,none,NONE,UNMATCHED,,,
STJT,Sathajagat,,,none,NONE,UNMATCHED,,,
BHW,Barharwa Jn.,,,none,NONE,UNMATCHED,,,
TPH,Tinpahar Jn.,,,none,NONE,UNMATCHED,,,
SBG,Sahibganj,,,none,NONE,UNMATCHED,,,
PPT,Pirpainti,,,none,NONE,UNMATCHED,,,
CLG,Kahalgaon,,,none,NONE,UNMATCHED,,,
AKN,Akbarnagar,,,none,NONE,UNMATCHED,,,
UREN,Uren,,,none,NONE,UNMATCHED,,,
SRY,Sirari,,,none,NONE,UNMATCHED,,,
SHK,Sheikhpura,,,none,NONE,UNMATCHED,,,
KSC,Kashi Chak,,,none,NONE,UNMATCHED,,,
WRS,Warisaliganj,,,none,NONE,UNMATCHED,,,
TIA,Tilaiya,,,none,NONE,UNMATCHED,,,
WZJ,Wazerganj,,,none,NONE,UNMATCHED,,,
CNS,Chuchura,,,none,NONE,UNMATCHED,,,
BSAE,Bansh Baria,,,none,NONE,UNMATCHED,,,
TBAE,Tribeni,,,none,NONE,UNMATCHED,,,
KJU,Kuntighat,,,none,NONE,UNMATCHED,,,
DMLE,Dumurdaha,,,none,NONE,UNMATCHED,,,
KMAE,Khamargachhi,,,none,NONE,UNMATCHED,,,
JIT,Jirat,,,none,NONE,UNMATCHED,,,
BGAE,Bala Garh,,,none,NONE,UNMATCHED,,,
SOAE,Somra Bazar,,,none,NONE,UNMATCHED,,,
BHLA,Behula,,,none,NONE,UNMATCHED,,,
GPAE,Guptipara,,,none,NONE,UNMATCHED,,,
ABKA,Ambika Kalna,,,none,NONE,UNMATCHED,,,
BGRA,Baghnapara,,,none,NONE,UNMATCHED,,,
DTAE,Dhatri Gram,,,none,NONE,UNMATCHED,,,
SMAE,Samudra Garh,,,none,NONE,UNMATCHED,,,
PSAE,Purba Sthali,,,none,NONE,UNMATCHED,,,
SALE,Salar,,,none,NONE,UNMATCHED,,,
BZLE,Bazarasu,,,none,NONE,UNMATCHED,,,
KGLE,Khagraghat R,,,none,NONE,UNMATCHED,,,
LCAE,Lalbagh Cour,,,none,NONE,UNMATCHED,,,
ACLE,Azimganj  Ci,,,none,NONE,UNMATCHED,,,
MPLR,Mahipal Road,,,none,NONE,UNMATCHED,,,
MGLE,Manigram,,,none,NONE,UNMATCHED,,,
GALE,Gankar,Kagankarai,node/5614640588,fuzzy_name,MEDIUM,MATCHED,12.4101735,78.5085185,Q63355415
JRLE,Jangipur Roa,,,none,NONE,UNMATCHED,,,
AHN,Ahiran H,,,none,NONE,UNMATCHED,,,
SPLE,Sujnipara,,,none,NONE,UNMATCHED,,,
NILE,Nimtita,,,none,NONE,UNMATCHED,,,
BDBP,Basudebpur H,,,none,NONE,UNMATCHED,,,
DGLE,Dhulian Gang,,,none,NONE,UNMATCHED,,,
SXP,Sankopara H,,,none,NONE,UNMATCHED,,,
CMX,Chamagram,,,none,NONE,UNMATCHED,,,
KTJ,Khaltipur,,,none,NONE,UNMATCHED,,,
JMQ,Jamirghata,,,none,NONE,UNMATCHED,,,
GZM,Gour Malda,,,none,NONE,UNMATCHED,,,
SM,Samsi,,,none,NONE,UNMATCHED,,,
BKRD,Bhaluka Road,,,none,NONE,UNMATCHED,,,
KDPR,Kumedpur,,,none,NONE,UNMATCHED,,,
LAV,Labha,,,none,NONE,UNMATCHED,,,
GRH,Ghorasahan,,,none,NONE,UNMATCHED,,,
KAN,Khana Jn.,,,none,NONE,UNMATCHED,,,
MUW,Mathura Pur,Mathur,node/5303165678,fuzzy_name,MEDIUM,MATCHED,11.3185214,79.2061625,Q63356197
TWG,Twining Ganj,,,none,NONE,UNMATCHED,,,
CSA,Chausa,,,none,NONE,UNMATCHED,,,
BWH,Bhadaura,,,none,NONE,UNMATCHED,,,
DHA,Dheena,,,none,NONE,UNMATCHED,,,
SLD,Sakaldiha,,,none,NONE,UNMATCHED,,,
KCA,Kuchman,,,none,NONE,UNMATCHED,,,
VYN,Vyasanagar,,,none,NONE,UNMATCHED,,,
BRPT,Birapatti,,,none,NONE,UNMATCHED,,,
PDRD,Pindra Road,,,none,NONE,UNMATCHED,,,
SIQ,Sarkoni,,,none,NONE,UNMATCHED,,,
SKN,Sri Krishna,,,none,NONE,UNMATCHED,,,
HRPG,Harpalganj,,,none,NONE,UNMATCHED,,,
KEPR,Koiripur,,,none,NONE,UNMATCHED,,,
LBA,Lambhua,,,none,NONE,UNMATCHED,,,
SHNG,Shivnagar,,,none,NONE,UNMATCHED,,,
AKJ,Akbar Ganj,,,none,NONE,UNMATCHED,,,
HGH,Haidergarh,,,none,NONE,UNMATCHED,,,
AMG,Alam Nagar,,,none,NONE,UNMATCHED,,,
AO,Aonla,,,none,NONE,UNMATCHED,,,
CH,Chandausi Jn,,,none,NONE,UNMATCHED,,,
RJK,Raja-Ka-Saha,,,none,NONE,UNMATCHED,,,
GVG,Mandi Gobind,,,none,NONE,UNMATCHED,,,
DDL,Dhandari Kal,,,none,NONE,UNMATCHED,,,
SOP,Shiupur,,,none,NONE,UNMATCHED,,,
SURI,Siuri,,,none,NONE,UNMATCHED,,,
EKI,Eklakhi,,,none,NONE,UNMATCHED,,,
GZO,Gazole,,,none,NONE,UNMATCHED,,,
BNDP,Buniyadpur,,,none,NONE,UNMATCHED,,,
GRMP,Gangarampur,,,none,NONE,UNMATCHED,,,
BLGT,Balurghat,,,none,NONE,UNMATCHED,,,
MZC,Mirza-Cheuki,,,none,NONE,UNMATCHED,,,
SVRP,Shivnarayanp,,,none,NONE,UNMATCHED,,,
EKC,Ekchari,,,none,NONE,UNMATCHED,,,
GGA,Ghogha,,,none,NONE,UNMATCHED,,,
RHA,Ranaghat Jn.,,,none,NONE,UNMATCHED,,,
KNJ,Krishna Naga,,,none,NONE,UNMATCHED,,,
BTY,Bethuadahari,,,none,NONE,UNMATCHED,,,
DEB,Debagram,,,none,NONE,UNMATCHED,,,
PLY,Plassey,,,none,NONE,UNMATCHED,,,
REJ,Rejinagar,,,none,NONE,UNMATCHED,,,
BEB,Beldanga,,,none,NONE,UNMATCHED,,,
BPC,Berhampore C,,,none,NONE,UNMATCHED,,,
CSZ,Cossimbazar,,,none,NONE,UNMATCHED,,,
MBB,Murshidabad,,,none,NONE,UNMATCHED,,,
JJG,Jiaganj,,,none,NONE,UNMATCHED,,,
BQG,Bhagwangola,,,none,NONE,UNMATCHED,,,
LGL,Lalgola,,,none,NONE,UNMATCHED,,,
VPDA,Vidyapatinag,,,none,NONE,UNMATCHED,,,
MOG,Mohiuddinnag,,,none,NONE,UNMATCHED,,,
SPP,Shahpur Pato,,,none,NONE,UNMATCHED,,,
MNO,Mehnar Road,,,none,NONE,UNMATCHED,,,
DES,Desari,,,none,NONE,UNMATCHED,,,
AYRN,Akshaywat Ra,,,none,NONE,UNMATCHED,,,
STLR,Sitalpur,,,none,NONE,UNMATCHED,,,
STW,Sahatwar,,,none,NONE,UNMATCHED,,,
GEDE,Gede,,,none,NONE,UNMATCHED,,,
BNXR,Bidhannagar,,,none,NONE,UNMATCHED,,,
DAKE,Dakhineswar,,,none,NONE,UNMATCHED,,,
KLP,Kotalpukur,,,none,NONE,UNMATCHED,,,
TLJ,Taljhari,,,none,NONE,UNMATCHED,,,
SLJ,Sakrigali,,,none,NONE,UNMATCHED,,,
BKSL,Bikramshila,,,none,NONE,UNMATCHED,,,
SBO,Sabour,,,none,NONE,UNMATCHED,,,
NAT,Nathnagar,,,none,NONE,UNMATCHED,,,
MPY,Murarpur Hal,,,none,NONE,UNMATCHED,,,
RPUR,Ratanpur,,,none,NONE,UNMATCHED,,,
DRTP,Dasharathpur,,,none,NONE,UNMATCHED,,,
KWO,Karauta,,,none,NONE,UNMATCHED,,,
HDE,Hardas Bigha,,,none,NONE,UNMATCHED,,,
PAIL,Block Hut 'C,,,none,NONE,UNMATCHED,,,
KRS,Karisath,,,none,NONE,UNMATCHED,,,
BSBR,Banshlai Bri,,,none,NONE,UNMATCHED,,,
CTR,Chatra,Kalpattichatram,node/5315603341,fuzzy_name,MEDIUM,MATCHED,10.5197078,78.2382799,Q63356050
PTPL,Petrapole,,,none,NONE,UNMATCHED,,,
BFM,Bhalui,,,none,NONE,UNMATCHED,,,
RDUM,Rampur Dumra,,,none,NONE,UNMATCHED,,,
TALL,Tall Jn.,,,none,NONE,UNMATCHED,,,
KNHP,Kanhaipur,,,none,NONE,UNMATCHED,,,
MMKB,Memra Memrak,,,none,NONE,UNMATCHED,,,
TKBG,Teka Bigha,,,none,NONE,UNMATCHED,,,
SMBH,Salimpur Bih,,,none,NONE,UNMATCHED,,,
BKG,Banka Ghat,,,none,NONE,UNMATCHED,,,
RSR,Rasra,,,none,NONE,UNMATCHED,,,
AZR,Azamnagar Ro,,,none,NONE,UNMATCHED,,,
NMX,New Maynagur,,,none,NONE,UNMATCHED,,,
FLK,Falakata,,,none,NONE,UNMATCHED,,,
GDX,Ghoksadanga,,,none,NONE,UNMATCHED,,,
RGJ,Raiganj,,,none,NONE,UNMATCHED,,,
KAJ,Kaliyaganj,,,none,NONE,UNMATCHED,,,
RDP,Radhikapur,,,none,NONE,UNMATCHED,,,
NMZ,New Mal Jn.,,,none,NONE,UNMATCHED,,,
DLO,Dalgaon,,,none,NONE,UNMATCHED,,,
HSA,Hasimara,,,none,NONE,UNMATCHED,,,
HOJ,Hamiltonganj,,,none,NONE,UNMATCHED,,,
APDJ,Alipur Duar,,,none,NONE,UNMATCHED,,,
GJD,Gujhandi,,,none,NONE,UNMATCHED,,,
GAP,Gurpa,,,none,NONE,UNMATCHED,,,
MLD,Malihabad,,,none,NONE,UNMATCHED,,,
CBJ,Clutterbuckg,,,none,NONE,UNMATCHED,,,
MIL,Milak,,,none,NONE,UNMATCHED,,,
KNT,Kanth,,,none,NONE,UNMATCHED,,,
CNK,Chandok,,,none,NONE,UNMATCHED,,,
RSI,Raisi,,,none,NONE,UNMATCHED,,,
MZM,Muazzampur N,,,none,NONE,UNMATCHED,,,
JGA,Jogiara,,,none,NONE,UNMATCHED,,,
OMLF,Old Malda,,,none,NONE,UNMATCHED,,,
SMO,Semapur,,,none,NONE,UNMATCHED,,,
CRR,Karagola Roa,,,none,NONE,UNMATCHED,,,
KUE,Kursela,,,none,NONE,UNMATCHED,,,
THB,Thana Bihpur,,,none,NONE,UNMATCHED,,,
NNR,Narayanpur,,,none,NONE,UNMATCHED,,,
MSK,Mahesh Khunt,,,none,NONE,UNMATCHED,,,
HTC,Hathras City,,,none,NONE,UNMATCHED,,,
BNKI,Banmankhi Jn,,,none,NONE,UNMATCHED,,,
MRIJ,Murliganj,,,none,NONE,UNMATCHED,,,
DMH,Dauram Madhe,,,none,NONE,UNMATCHED,,,
RJA,Rajnagar,,,none,NONE,UNMATCHED,,,
TPF,Tarapith Roa,,,none,NONE,UNMATCHED,,,
ARW,Ahraura Road,,,none,NONE,UNMATCHED,,,
KYT,Kailahat,,,none,NONE,UNMATCHED,,,
MNF,Manda Road,,,none,NONE,UNMATCHED,,,
MJA,Meja Road,,,none,NONE,UNMATCHED,,,
KJI,Khajauli,,,none,NONE,UNMATCHED,,,
PDW,Pandaul,,,none,NONE,UNMATCHED,,,
RBZ,Rambhaddarpu,,,none,NONE,UNMATCHED,,,
NNW,Narayanpur T,,,none,NONE,UNMATCHED,,,
BAKA,Banka,,,none,NONE,UNMATCHED,,,
MRHA,Murahara,,,none,NONE,UNMATCHED,,,
TELY,Telia,,,none,NONE,UNMATCHED,,,
BHLE,Barahat,,,none,NONE,UNMATCHED,,,
PNSA,Punsia H,,,none,NONE,UNMATCHED,,,
DWLE,Dhauni,,,none,NONE,UNMATCHED,,,
HPLE,Hatpuraini H,,,none,NONE,UNMATCHED,,,
KKTA,Kollikhutha,,,none,NONE,UNMATCHED,,,
PPN,Punpun,,,none,NONE,UNMATCHED,,,
PFT,Pothahi,,,none,NONE,UNMATCHED,,,
NDW,Nadwan,,,none,NONE,UNMATCHED,,,
NDU,Nadaul,,,none,NONE,UNMATCHED,,,
THA,Tehta,,,none,NONE,UNMATCHED,,,
MDE,Makhdumpur G,,,none,NONE,UNMATCHED,,,
BELA,Bela,,,none,NONE,UNMATCHED,,,
KSTA,Kastha,,,none,NONE,UNMATCHED,,,
PRY,Paraiya,,,none,NONE,UNMATCHED,,,
IMGE,Ismailpur,,,none,NONE,UNMATCHED,,,
TETA,Telta,,,none,NONE,UNMATCHED,,,
SUD,Sudhani,,,none,NONE,UNMATCHED,,,
KWE,Khurial,,,none,NONE,UNMATCHED,,,
KTRH,Katareah,,,none,NONE,UNMATCHED,,,
LKN,Lakhminia,,,none,NONE,UNMATCHED,,,
HTZU,Hathidah Jn,,,none,NONE,UNMATCHED,,,
RJO,Rajendra Pul,,,none,NONE,UNMATCHED,,,
GHX,Garhara,,,none,NONE,UNMATCHED,,,
BNV,Binnaguri,,,none,NONE,UNMATCHED,,,
GQN,Garahani,,,none,NONE,UNMATCHED,,,
PIRO,Piro,,,none,NONE,UNMATCHED,,,
XBKJ,Bikram Ganj,,,none,NONE,UNMATCHED,,,
GNK,Garhnokha,,,none,NONE,UNMATCHED,,,
KMGE,Kumahu,,,none,NONE,UNMATCHED,,,
ADTP,Adityapur,,,none,NONE,UNMATCHED,,,
KND,Kandra,,,none,NONE,UNMATCHED,,,
BURN,Burnpur,,,none,NONE,UNMATCHED,,,
GMH,Gamharia,,,none,NONE,UNMATCHED,,,
SDBH,Sindri B.H,,,none,NONE,UNMATCHED,,,
PEH,Pathardih Jn,,,none,NONE,UNMATCHED,,,
SDMD,Sudamdih,,,none,NONE,UNMATCHED,,,
NMG,Nimiaghat,,,none,NONE,UNMATCHED,,,
CCK,Chichaki,,,none,NONE,UNMATCHED,,,
CBH,Chaube,,,none,NONE,UNMATCHED,,,
SMND,Sarmatanr,,,none,NONE,UNMATCHED,,,
HRE,Hirodih,,,none,NONE,UNMATCHED,,,
MIH,Mihrawan,,,none,NONE,UNMATCHED,,,
BLG,Bilhar Ghat,,,none,NONE,UNMATCHED,,,
PTH,Patranga,,,none,NONE,UNMATCHED,,,
BZG,Bilga,,,none,NONE,UNMATCHED,,,
NRM,Nurmahal,,,none,NONE,UNMATCHED,,,
NRO,Nakodar Jn.,,,none,NONE,UNMATCHED,,,
MQS,Malsian Shah,,,none,NONE,UNMATCHED,,,
LNK,Lohian Khas,,,none,NONE,UNMATCHED,,,
MXH,Makhu,,,none,NONE,UNMATCHED,,,
MWX,Mallanwala K,,,none,NONE,UNMATCHED,,,
DGHR,Deoghar,,,none,NONE,UNMATCHED,,,
KBQ,Kumrabad Roh,,,none,NONE,UNMATCHED,,,
SNQ,Sankarpur,,,none,NONE,UNMATCHED,,,
TELO,Telo,,,none,NONE,UNMATCHED,,,
PNW,Pundag,,,none,NONE,UNMATCHED,,,
KSX,Kotshila,,,none,NONE,UNMATCHED,,,
SKGH,Saktesgarh,,,none,NONE,UNMATCHED,,,
LUSA,Lusa,,,none,NONE,UNMATCHED,,,
CUK,Churk,,,none,NONE,UNMATCHED,,,
BHKD,Bhurkunda,,,none,NONE,UNMATCHED,,,
KCKI,Kechki,,,none,NONE,UNMATCHED,,,
URD,Untari Road,,,none,NONE,UNMATCHED,,,
MDJ,Muhammadganj,,,none,NONE,UNMATCHED,,,
HDN,Haidarnagar,,,none,NONE,UNMATCHED,,,
ANH,Ankorah (Ako,,,none,NONE,UNMATCHED,,,
GBX,Govindpur Ro,,,none,NONE,UNMATCHED,,,
BANO,Bano,,,none,NONE,UNMATCHED,,,
NXN,Nawagaon,,,none,NONE,UNMATCHED,,,
ATS,Attabira,Pattabiram Military Siding,node/262308384,fuzzy_name,MEDIUM,MATCHED,13.1373759,80.0601177,Q63369351
GLP,Gollaprolu,,,none,NONE,UNMATCHED,,,
CJM,Chinnaganjam,,,none,NONE,UNMATCHED,,,
TUVR,Thuravur,,,none,NONE,UNMATCHED,,,
MAKM,Mararikulam,,,none,NONE,UNMATCHED,,,
GVN,Godavri,,,none,NONE,UNMATCHED,,,
KPRD,Kalyanpur Ro,,,none,NONE,UNMATCHED,,,
MSDN,Masudan,,,none,NONE,UNMATCHED,,,
DNRE,Dhanauri,,,none,NONE,UNMATCHED,,,
RMPR,Rampur  Halt,,,none,NONE,UNMATCHED,,,
PAW,Pandabeswar,,,none,NONE,UNMATCHED,,,
GMAN,Gumani,,,none,NONE,UNMATCHED,,,
SBB,Sahibabad,,,none,NONE,UNMATCHED,,,
DZKT,Durgachak To,,,none,NONE,UNMATCHED,,,
MDF,Muradi,,,none,NONE,UNMATCHED,,,
MDKD,Madhukunda,,,none,NONE,UNMATCHED,,,
NDKR,Nandhakumarp,,,none,NONE,UNMATCHED,,,
KRT,Khurahat,,,none,NONE,UNMATCHED,,,
RUSD,Runniasaidpu,,,none,NONE,UNMATCHED,,,
PMU,Parmanandpur,,,none,NONE,UNMATCHED,,,
ATNR,Awatarnagar,,,none,NONE,UNMATCHED,,,
BAGL,Bara-Gopal,,,none,NONE,UNMATCHED,,,
DRI,Dumri Juara,,,none,NONE,UNMATCHED,,,
GJH,Goldeenganj,,,none,NONE,UNMATCHED,,,
CI,Chhapra Kach,,,none,NONE,UNMATCHED,,,
SRU,Salempur Jn.,,,none,NONE,UNMATCHED,,,
LRD,Lar Road,,,none,NONE,UNMATCHED,,,
JKN,Jakhanian,,,none,NONE,UNMATCHED,,,
MBS,Madhosingh,,,none,NONE,UNMATCHED,,,
DER,Dadri,,,none,NONE,UNMATCHED,,,
DLR,Dullahapur,,,none,NONE,UNMATCHED,,,
NDJ,Nandganj,,,none,NONE,UNMATCHED,,,
AMRO,Amroha,,,none,NONE,UNMATCHED,,,
PKW,Pilkhua,,,none,NONE,UNMATCHED,,,
KUPR,Khurdpur,,,none,NONE,UNMATCHED,,,
HSX,Hoshiarpur,,,none,NONE,UNMATCHED,,,
AGTL,Agartala,,,none,NONE,UNMATCHED,,,
ABSA,Ambassa,,,none,NONE,UNMATCHED,,,
DMR,Dharmanagar,,,none,NONE,UNMATCHED,,,
KXJ,Karimganj Jn,,,none,NONE,UNMATCHED,,,
DZB,Dahina-Zaina,,,none,NONE,UNMATCHED,,,
KNNK,Kanina Khas,,,none,NONE,UNMATCHED,,,
STNL,Satnali,,,none,NONE,UNMATCHED,,,
SRGH,Surajgarh,,,none,NONE,UNMATCHED,,,
CRWA,Chirawa,,,none,NONE,UNMATCHED,,,
RSH,Ratan Sahar,,,none,NONE,UNMATCHED,,,
JJN,Jhunjunu,,,none,NONE,UNMATCHED,,,
NUA,Nua,,,none,NONE,UNMATCHED,,,
DOB,Dundlod Muka,,,none,NONE,UNMATCHED,,,
NWH,Nawalgarh,,,none,NONE,UNMATCHED,,,
SIKR,Sikar Jn.,,,none,NONE,UNMATCHED,,,
LHA,Lehra Gaga,,,none,NONE,UNMATCHED,,,
GMS,Garhmuktesar,,,none,NONE,UNMATCHED,,,
GJL,Gajraula Jn.,,,none,NONE,UNMATCHED,,,
MNDR,Mandi Dhanau,,,none,NONE,UNMATCHED,,,
CPS,Chandpur Sia,,,none,NONE,UNMATCHED,,,
HLDR,Haldaur,,,none,NONE,UNMATCHED,,,
BJO,Bijnor,,,none,NONE,UNMATCHED,,,
KTW,Kotdwara,,,none,NONE,UNMATCHED,,,
BOJ,Bhojo,,,none,NONE,UNMATCHED,,,
JMK,Jamunamukh,,,none,NONE,UNMATCHED,,,
KWM,Kampur,,,none,NONE,UNMATCHED,,,
DGU,Digaru,,,none,NONE,UNMATCHED,,,
NLV,Nalbari,,,none,NONE,UNMATCHED,,,
BJF,Bijni,,,none,NONE,UNMATCHED,,,
BNGN,Bongaigaon,,,none,NONE,UNMATCHED,,,
GOGH,Gosai Gaon H,,,none,NONE,UNMATCHED,,,
CSB,Shivaji Brid,,,none,NONE,UNMATCHED,,,
KLNK,Kalanaur Kal,,,none,NONE,UNMATCHED,,,
BWK,Bawani Khera,,,none,NONE,UNMATCHED,,,
HNS,Hansi,,,none,NONE,UNMATCHED,,,
STD,Satrod,,,none,NONE,UNMATCHED,,,
ADR,Mandi Adampu,,,none,NONE,UNMATCHED,,,
BHT,Bhattu,,,none,NONE,UNMATCHED,,,
DING,Ding,Pattabiram Military Siding,node/262308384,fuzzy_name,MEDIUM,MATCHED,13.1373759,80.0601177,Q63369351
DKT,Dhulkot,,,none,NONE,UNMATCHED,,,
LGO,Lalgopalganj,,,none,NONE,UNMATCHED,,,
KHNM,Kunda Harnam,,,none,NONE,UNMATCHED,,,
GRMR,Garhi Manikp,,,none,NONE,UNMATCHED,,,
UCR,Unchahar Jn.,,,none,NONE,UNMATCHED,,,
JPD,Jalalpur-Dha,,,none,NONE,UNMATCHED,,,
DMW,Dalmau Jn.,,,none,NONE,UNMATCHED,,,
LLJ,Lalganj,,,none,NONE,UNMATCHED,,,
RRS,Raghuraj Sin,,,none,NONE,UNMATCHED,,,
BQP,Bighapur,,,none,NONE,UNMATCHED,,,
RGU,Ragaul,,,none,NONE,UNMATCHED,,,
BSZ,Bharwa-Sumer,,,none,NONE,UNMATCHED,,,
JSB,Yamuna South,,,none,NONE,UNMATCHED,,,
HAR,Hamirpur Roa,,,none,NONE,UNMATCHED,,,
GTM,Ghatampur,,,none,NONE,UNMATCHED,,,
PTRE,Patara,,,none,NONE,UNMATCHED,,,
KTRR,Kathara Road,,,none,NONE,UNMATCHED,,,
RG,Rajghat Naro,,,none,NONE,UNMATCHED,,,
BBA,Babrala,,,none,NONE,UNMATCHED,,,
BJ,Bahjoi,,,none,NONE,UNMATCHED,,,
KEA,Katra,,,none,NONE,UNMATCHED,,,
GAUR,Gaur,,,none,NONE,UNMATCHED,,,
TH,Tinich,,,none,NONE,UNMATCHED,,,
CIL,Chilbila Jn,,,none,NONE,UNMATCHED,,,
ANTU,Antu,,,none,NONE,UNMATCHED,,,
KCJ,Kasimpur Hal,,,none,NONE,UNMATCHED,,,
FTG,Fursatganj,,,none,NONE,UNMATCHED,,,
HCP,Harchandpur,,,none,NONE,UNMATCHED,,,
NHN,Nigohan,,,none,NONE,UNMATCHED,,,
MEM,Mau Aimma,,,none,NONE,UNMATCHED,,,
BTJ,Bishnath Gan,,,none,NONE,UNMATCHED,,,
KDF,Khundaur,,,none,NONE,UNMATCHED,,,
PPU,Piparpur,,,none,NONE,UNMATCHED,,,
KBE,Kurbhar,,,none,NONE,UNMATCHED,,,
KJA,Khajurhat,,,none,NONE,UNMATCHED,,,
MEQ,Malethu Kana,,,none,NONE,UNMATCHED,,,
BGQ,Bhongaon,,,none,NONE,UNMATCHED,,,
MNQ,Mainpuri,,,none,NONE,UNMATCHED,,,
SFG,Subedarganj,,,none,NONE,UNMATCHED,,,
BMU,Bamhrauli,,,none,NONE,UNMATCHED,,,
MRE,Manauri,,,none,NONE,UNMATCHED,,,
SYWN,Saiyid Saraw,,,none,NONE,UNMATCHED,,,
MNJ,Manoharganj,,,none,NONE,UNMATCHED,,,
SJT,Shujatpur,,,none,NONE,UNMATCHED,,,
FYZ,Faizullapur,,,none,NONE,UNMATCHED,,,
KJY,Khurja City,,,none,NONE,UNMATCHED,,,
BSC,Bulandshahr,,,none,NONE,UNMATCHED,,,
BARL,Baral,,,none,NONE,UNMATCHED,,,
DND,Dandupur,,,none,NONE,UNMATCHED,,,
FHT,Farah Town,,,none,NONE,UNMATCHED,,,
HDL,Hodal,,,none,NONE,UNMATCHED,,,
NGB,Nawabganj(Go,,,none,NONE,UNMATCHED,,,
PQN,Pariawan Kal,,,none,NONE,UNMATCHED,,,
LMN,Lachhmanpur,,,none,NONE,UNMATCHED,,,
RMC,Ram Chaura R,,,none,NONE,UNMATCHED,,,
TQA,Takia,,,none,NONE,UNMATCHED,,,
SFH,Safedabad,,,none,NONE,UNMATCHED,,,
JRR,Jugaur,,,none,NONE,UNMATCHED,,,
ML,Malhour,,,none,NONE,UNMATCHED,,,
KKJ,Kakori,,,none,NONE,UNMATCHED,,,
DIL,Dilawarnagar,,,none,NONE,UNMATCHED,,,
RBD,Rahimabad,,,none,NONE,UNMATCHED,,,
UTA,Umar Tali,,,none,NONE,UNMATCHED,,,
DLQ,Dalelnagar,,,none,NONE,UNMATCHED,,,
BGH,Baghauli,,,none,NONE,UNMATCHED,,,
MST,Masit,,,none,NONE,UNMATCHED,,,
KAR,Karna,,,none,NONE,UNMATCHED,,,
KUF,Kaurah,,,none,NONE,UNMATCHED,,,
BEG,Behtagokal,,,none,NONE,UNMATCHED,,,
TDP,Todarpur,,,none,NONE,UNMATCHED,,,
AIG,Aigawan,,,none,NONE,UNMATCHED,,,
KH,Kahilia,,,none,NONE,UNMATCHED,,,
BTRA,Banthra,,,none,NONE,UNMATCHED,,,
MK,Miranpur Kat,,,none,NONE,UNMATCHED,,,
BLPU,Bilpur,,,none,NONE,UNMATCHED,,,
TSA,Tisua,,,none,NONE,UNMATCHED,,,
RYS,Rasuiya,,,none,NONE,UNMATCHED,,,
GRX,Gaura,,,none,NONE,UNMATCHED,,,
MFL,Mishrauli,,,none,NONE,UNMATCHED,,,
BLW,Balawali,,,none,NONE,UNMATCHED,,,
ATMO,Aithal,,,none,NONE,UNMATCHED,,,
HRW,Harrawala,,,none,NONE,UNMATCHED,,,
LNWT,Lucknow West,,,none,NONE,UNMATCHED,,,
SWE,Siwaith,,,none,NONE,UNMATCHED,,,
VPO,Bhupia Mau,,,none,NONE,UNMATCHED,,,
JGJ,Jagesharganj,,,none,NONE,UNMATCHED,,,
TLKH,Talakhajuri,,,none,NONE,UNMATCHED,,,
BANI,Bani,,,none,NONE,UNMATCHED,,,
RUM,Rupamau,,,none,NONE,UNMATCHED,,,
GANG,Gangaganj,,,none,NONE,UNMATCHED,,,
KVG,Kundanganj,,,none,NONE,UNMATCHED,,,
SAGR,Shrirajnagar,,,none,NONE,UNMATCHED,,,
KKAH,Kankaha,,,none,NONE,UNMATCHED,,,
MLJ,Mohanlalganj,,,none,NONE,UNMATCHED,,,
UTR,Utraitia Jn,,,none,NONE,UNMATCHED,,,
BHAW,Block Hut(A),,,none,NONE,UNMATCHED,,,
PFR,Pachor Road,,,none,NONE,UNMATCHED,,,
KHRJ,Khumbaraj,,,none,NONE,UNMATCHED,,,
MKH,Malakhera,,,none,NONE,UNMATCHED,,,
NRI,Naraina,,,none,NONE,UNMATCHED,,,
HVD,Halvad,,,none,NONE,UNMATCHED,,,
MALB,Maliya Miyan,,,none,NONE,UNMATCHED,,,
DUB,Dabtara,,,none,NONE,UNMATCHED,,,
BTO,Bhitaura,,,none,NONE,UNMATCHED,,,
ANVR,Anand Vihar,,,none,NONE,UNMATCHED,,,
MINA,Miyana,,,none,NONE,UNMATCHED,,,
MDNR,Modinagar,,,none,NONE,UNMATCHED,,,
AGA,Agra City,,,none,NONE,UNMATCHED,,,
HSI,Harsauli,,,none,NONE,UNMATCHED,,,
KRLR,Karaila Road,,,none,NONE,UNMATCHED,,,
MCQ,Mirchadhorhi,,,none,NONE,UNMATCHED,,,
AGY,Agori Khas,,,none,NONE,UNMATCHED,,,
MQX,Meralgram,,,none,NONE,UNMATCHED,,,
BCU,Bhuchchu,,,none,NONE,UNMATCHED,,,
MRND,Morinda,,,none,NONE,UNMATCHED,,,
KRLI,Kurali,,,none,NONE,UNMATCHED,,,
LLKN,Lal Kalan,,,none,NONE,UNMATCHED,,,
KAT,Khatauli,,,none,NONE,UNMATCHED,,,
KNL,Kalanwali,,,none,NONE,UNMATCHED,,,
RMN,Raman,Kumaramangalam,node/5304625828,fuzzy_name,MEDIUM,MATCHED,10.6966398,78.7240373,Q63356542
BTIC,Bathinda Can,,,none,NONE,UNMATCHED,,,
FN,Farukhnagar,,,none,NONE,UNMATCHED,,,
STKW,Sultanpur Ka,,,none,NONE,UNMATCHED,,,
PTNR,Patel Nagar,,,none,NONE,UNMATCHED,,,
NOLI,Noli,,,none,NONE,UNMATCHED,,,
GTRA,Gotra,,,none,NONE,UNMATCHED,,,
FAP,Fakharpur Ha,,,none,NONE,UNMATCHED,,,
KEX,Khekra,,,none,NONE,UNMATCHED,,,
SFA,Sunehra,,,none,NONE,UNMATCHED,,,
AHQ,Ahera,,,none,NONE,UNMATCHED,,,
BPM,Baghpat Road,,,none,NONE,UNMATCHED,,,
SUJR,Sujra,,,none,NONE,UNMATCHED,,,
BTU,Baraut,,,none,NONE,UNMATCHED,,,
KPKI,Qasimpur Khe,,,none,NONE,UNMATCHED,,,
KQL,Kandhla,,,none,NONE,UNMATCHED,,,
HIND,Hind,Hindu College,node/5274201067,fuzzy_name,MEDIUM,MATCHED,13.1184826,80.0744298,Q5766274
THBN,Thana Bhawan,,,none,NONE,UNMATCHED,,,
RPMN,Rampur Manih,,,none,NONE,UNMATCHED,,,
FGSB,Fatehgarh Sa,,,none,NONE,UNMATCHED,,,
BSPN,Bassi Pathan,,,none,NONE,UNMATCHED,,,
GANL,Ghanauli,,,none,NONE,UNMATCHED,,,
NNGL,Naya Nangal,,,none,NONE,UNMATCHED,,,
MTPR,Rai Maihatpu,,,none,NONE,UNMATCHED,,,
CHTL,Churaru Taka,,,none,NONE,UNMATCHED,,,
AADR,Amb  Andaura,,,none,NONE,UNMATCHED,,,
BTG,Basharatganj,,,none,NONE,UNMATCHED,,,
NSU,Nisoi,,,none,NONE,UNMATCHED,,,
RBK,Reoti Bahora,,,none,NONE,UNMATCHED,,,
KEG,Karengi,,,none,NONE,UNMATCHED,,,
AFR,Asafpur,,,none,NONE,UNMATCHED,,,
SMBL,Simbhooli,,,none,NONE,UNMATCHED,,,
FZP,Firozpur Cit,,,none,NONE,UNMATCHED,,,
GHS,Guru Harsaha,,,none,NONE,UNMATCHED,,,
JBD,Jalalabad,,,none,NONE,UNMATCHED,,,
LDK,Ladhuka,,,none,NONE,UNMATCHED,,,
FKA,Fazilka Jn.,,,none,NONE,UNMATCHED,,,
KUKA,Khui Khera,,,none,NONE,UNMATCHED,,,
CWDA,Churiwala,,,none,NONE,UNMATCHED,,,
SLNA,Salauna,,,none,NONE,UNMATCHED,,,
HPO,Hasanpur Roa,,,none,NONE,UNMATCHED,,,
RKSH,Rishikesh,,,none,NONE,UNMATCHED,,,
VRH,Virbhadra,,,none,NONE,UNMATCHED,,,
MFJ,Muftiganj,,,none,NONE,UNMATCHED,,,
TWB,Talwandi,,,none,NONE,UNMATCHED,,,
BPZ,Bazpur,,,none,NONE,UNMATCHED,,,
CWA,Chhinwara Jn,,,none,NONE,UNMATCHED,,,
PUX,Parasia,,,none,NONE,UNMATCHED,,,
JNO,Junnordeo,,,none,NONE,UNMATCHED,,,
NVG,Nawegaon,,,none,NONE,UNMATCHED,,,
BXY,Bordhai,,,none,NONE,UNMATCHED,,,
MG,Modelgram,,,none,NONE,UNMATCHED,,,
MLX,Mullanpur,,,none,NONE,UNMATCHED,,,
NNKR,Nanaksar,,,none,NONE,UNMATCHED,,,
AJL,Ajitwal,,,none,NONE,UNMATCHED,,,
QSR,Kansrao,,,none,NONE,UNMATCHED,,,
PRI,Pathri,,,none,NONE,UNMATCHED,,,
IKK,Ikkar Halt,,,none,NONE,UNMATCHED,,,
MOTC,Motichur,,,none,NONE,UNMATCHED,,,
VKA,Verka Jn.,,,none,NONE,UNMATCHED,,,
BAT,Batala Jn.,,,none,NONE,UNMATCHED,,,
DHW,Dhariwal,,,none,NONE,UNMATCHED,,,
GSP,Gurdaspur,,,none,NONE,UNMATCHED,,,
DNN,Dinanagar,,,none,NONE,UNMATCHED,,,
GZN,Naya Ghaziab,,,none,NONE,UNMATCHED,,,
MUD,Muradnagar,,,none,NONE,UNMATCHED,,,
TRS,Tarsarai,,,none,NONE,UNMATCHED,,,
KKHT,Kakarghatti,,,none,NONE,UNMATCHED,,,
IAA,Indara Jn.,,,none,NONE,UNMATCHED,,,
SAA,Sathiaon,,,none,NONE,UNMATCHED,,,
KIP,Khalilpur,,,none,NONE,UNMATCHED,,,
BWL,Bawal,,,none,NONE,UNMATCHED,,,
BU,Baswa,,,none,NONE,UNMATCHED,,,
MMY,Marwar Matha,,,none,NONE,UNMATCHED,,,
TIW,Tivari,,,none,NONE,UNMATCHED,,,
OSN,Osiyan,,,none,NONE,UNMATCHED,,,
MWT,Marwar Lohaw,,,none,NONE,UNMATCHED,,,
POK,Pokaran,,,none,NONE,UNMATCHED,,,
BANE,Basni,,,none,NONE,UNMATCHED,,,
BLT,Balotra Jn.,,,none,NONE,UNMATCHED,,,
BUT,Baytu,,,none,NONE,UNMATCHED,,,
UTL,Utarlai,,,none,NONE,UNMATCHED,,,
BME,Barmer,,,none,NONE,UNMATCHED,,,
GKC,Gorakhpur Ca,,,none,NONE,UNMATCHED,,,
MAAR,Malar,,,none,NONE,UNMATCHED,,,
BAF,Bap,,,none,NONE,UNMATCHED,,,
SIRD,Sird,,,none,NONE,UNMATCHED,,,
NKRA,Nokhra,,,none,NONE,UNMATCHED,,,
DTRD,Diyatra,,,none,NONE,UNMATCHED,,,
GJN,Gajner,,,none,NONE,UNMATCHED,,,
NAL,Nal Halt,,,none,NONE,UNMATCHED,,,
SOS,Somesar,,,none,NONE,UNMATCHED,,,
KLL,Kalol,,,none,NONE,UNMATCHED,,,
LHLL,Lahli,,,none,NONE,UNMATCHED,,,
KHRK,Kharak,,,none,NONE,UNMATCHED,,,
BMLL,Bamla,,,none,NONE,UNMATCHED,,,
BNWC,Bhiwani City,,,none,NONE,UNMATCHED,,,
BRW,Bariwala,,,none,NONE,UNMATCHED,,,
MKS,Muktsar,,,none,NONE,UNMATCHED,,,
LKW,Lakhewali,,,none,NONE,UNMATCHED,,,
GHNA,Gohana,,,none,NONE,UNMATCHED,,,
IRA,Israna Halt,,,none,NONE,UNMATCHED,,,
SZ,Salawas,,,none,NONE,UNMATCHED,,,
HWT,Hanwant,,,none,NONE,UNMATCHED,,,
RT,Rohat,,,none,NONE,UNMATCHED,,,
KAI,Kairla,,,none,NONE,UNMATCHED,,,
BOM,Bomadra,,,none,NONE,UNMATCHED,,,
RKZ,Rajkiawas,,,none,NONE,UNMATCHED,,,
HP,Haripur,,,none,NONE,UNMATCHED,,,
SEU,Sendra,,,none,NONE,UNMATCHED,,,
SSR,Sareri,,,none,NONE,UNMATCHED,,,
HMG,Hamir Garh,,,none,NONE,UNMATCHED,,,
GGR,Gangrar,,,none,NONE,UNMATCHED,,,
SMP,Sambhupura,,,none,NONE,UNMATCHED,,,
JWO,Jawad Road,,,none,NONE,UNMATCHED,,,
MLG,Malhargarh,,,none,NONE,UNMATCHED,,,
PIP,Piplia,,,none,NONE,UNMATCHED,,,
DLD,Dalauda,,,none,NONE,UNMATCHED,,,
DOD,Dhodhar,,,none,NONE,UNMATCHED,,,
NLI,Namli,,,none,NONE,UNMATCHED,,,
BNG,Barnagar,,,none,NONE,UNMATCHED,,,
FTD,Fatehabad Jn,,,none,NONE,UNMATCHED,,,
LMNR,Laxmibainaga,,,none,NONE,UNMATCHED,,,
SID,Sidhapur,,,none,NONE,UNMATCHED,,,
KWP,Khatipura,,,none,NONE,UNMATCHED,,,
BAI,Bassi,,,none,NONE,UNMATCHED,,,
DHPR,Dapper,,,none,NONE,UNMATCHED,,,
SGF,Sangat,,,none,NONE,UNMATCHED,,,
MBY,Mandi Dabwal,,,none,NONE,UNMATCHED,,,
DABN,Dhaban,,,none,NONE,UNMATCHED,,,
SGRA,Sangariya,,,none,NONE,UNMATCHED,,,
MNSR,Manaksar,,,none,NONE,UNMATCHED,,,
PGK,Pili Bangan,,,none,NONE,UNMATCHED,,,
MHJ,Mahajan,,,none,NONE,UNMATCHED,,,
DHRR,Dhirera,,,none,NONE,UNMATCHED,,,
MBF,Munabao,,,none,NONE,UNMATCHED,,,
HDK,Handia Khas,,,none,NONE,UNMATCHED,,,
SANR,Sardarnagar,,,none,NONE,UNMATCHED,,,
KHM,Kusmhi,,,none,NONE,UNMATCHED,,,
SRNT,Sarnath,,,none,NONE,UNMATCHED,,,
SDT,Sadat,,,none,NONE,UNMATCHED,,,
KER,Kiriharapur,,,none,NONE,UNMATCHED,,,
NRA,Nunkhar,,,none,NONE,UNMATCHED,,,
DMG,Domingarh,,,none,NONE,UNMATCHED,,,
JTB,Jagatbela,,,none,NONE,UNMATCHED,,,
MHH,Maghar,,,none,NONE,UNMATCHED,,,
GTNR,Gomtinagar F,,,none,NONE,UNMATCHED,,,
LC,Lucknow City,,,none,NONE,UNMATCHED,,,
SIPR,Sihapar (Hal,,,none,NONE,UNMATCHED,,,
MIM,Maniram,,,none,NONE,UNMATCHED,,,
PJ,Peppeganj,,,none,NONE,UNMATCHED,,,
CM,Campierganj,,,none,NONE,UNMATCHED,,,
UB,Uska Bazar,,,none,NONE,UNMATCHED,,,
PPW,Pachperwa,,,none,NONE,UNMATCHED,,,
BSKR,Basi Kiratpu,,,none,NONE,UNMATCHED,,,
SGBJ,Surgaon Banj,,,none,NONE,UNMATCHED,,,
BRUD,Barud,,,none,NONE,UNMATCHED,,,
JSR,Jasra,,,none,NONE,UNMATCHED,,,
SYC,Sarai Chandi,,,none,NONE,UNMATCHED,,,
LIR,Lachmipur Ha,,,none,NONE,UNMATCHED,,,
NTV,Nautanwa,,,none,NONE,UNMATCHED,,,
RHN,Roshanpur,,,none,NONE,UNMATCHED,,,
SSD,Shamsabad,,,none,NONE,UNMATCHED,,,
KMJ,Kaimganj,,,none,NONE,UNMATCHED,,,
RDN,Rudain,,,none,NONE,UNMATCHED,,,
BAPR,Ballupur Fla,,,none,NONE,UNMATCHED,,,
DRO,Daryaoganj,,,none,NONE,UNMATCHED,,,
PTI,Patiali,,,none,NONE,UNMATCHED,,,
GWA,Ganj Dundwar,,,none,NONE,UNMATCHED,,,
SWRT,Sahawar Town,,,none,NONE,UNMATCHED,,,
PBW,Pantnagar,,,none,NONE,UNMATCHED,,,
KMBL,Khambhaliya,,,none,NONE,UNMATCHED,,,
DWK,Dwarka,,,none,NONE,UNMATCHED,,,
OKHA,Okha,,,none,NONE,UNMATCHED,,,
PEP,Phephna Jn.,,,none,NONE,UNMATCHED,,,
PPC,Pipraich,,,none,NONE,UNMATCHED,,,
MRT,Mathura Cant,Mathur,node/5303165678,fuzzy_name,MEDIUM,MATCHED,11.3185214,79.2061625,Q63356197
SKA,Sikandra Rao,,,none,NONE,UNMATCHED,,,
SRNK,Soron Shukar,,,none,NONE,UNMATCHED,,,
UJH,Ujhani,,,none,NONE,UNMATCHED,,,
BEM,Badaun,,,none,NONE,UNMATCHED,,,
BRY,Bareilly Jn,,,none,NONE,UNMATCHED,,,
RPSC,Rudrapur Sid,,,none,NONE,UNMATCHED,,,
GUB,Gularbhoj,,,none,NONE,UNMATCHED,,,
BMJ,Brijmanganj,,,none,NONE,UNMATCHED,,,
CHR,Chilkahar,,,none,NONE,UNMATCHED,,,
RTP,Ratanpura,,,none,NONE,UNMATCHED,,,
MHO,Mahpur,,,none,NONE,UNMATCHED,,,
DHE,Dhobhi,,,none,NONE,UNMATCHED,,,
ROI,Reoti,,,none,NONE,UNMATCHED,,,
CBN,Chit Baragao,,,none,NONE,UNMATCHED,,,
KMDR,Karimuddinpu,,,none,NONE,UNMATCHED,,,
CHD,Chandia Road,,,none,NONE,UNMATCHED,,,
BQR,Bhilainagar,,,none,NONE,UNMATCHED,,,
PHLG,Pahlejaghat,,,none,NONE,UNMATCHED,,,
PPA,Pipra,,,none,NONE,UNMATCHED,,,
DRQ,Dharminiya,,,none,NONE,UNMATCHED,,,
MSDH,Masnadih,,,none,NONE,UNMATCHED,,,
CNJW,Holding Line,,,none,NONE,UNMATCHED,,,
ICL,Ichauli,,,none,NONE,UNMATCHED,,,
SWC,Shivrampur,,,none,NONE,UNMATCHED,,,
KZA,Khada,,,none,NONE,UNMATCHED,,,
GH,Ghughuli,,,none,NONE,UNMATCHED,,,
MMB,Mahmudabad (,,,none,NONE,UNMATCHED,,,
MJL,Majhowalia,,,none,NONE,UNMATCHED,,,
KUMB,Kumarbagh,,,none,NONE,UNMATCHED,,,
SAHI,Sathi,,,none,NONE,UNMATCHED,,,
KCT,Kerakat (Hal,,,none,NONE,UNMATCHED,,,
BRU,Bihairoganj,,,none,NONE,UNMATCHED,,,
PNYA,Paniyahawa,,,none,NONE,UNMATCHED,,,
TSF,Tahsil Fateh,,,none,NONE,UNMATCHED,,,
BVN,Biswan,,,none,NONE,UNMATCHED,,,
APD,Alipur Duar,,,none,NONE,UNMATCHED,,,
JPZ,Jogighopa,,,none,NONE,UNMATCHED,,,
SCE,Senchoa Jn,,,none,NONE,UNMATCHED,,,
NGAN,Nagaon,,,none,NONE,UNMATCHED,,,
AONI,Amoni,,,none,NONE,UNMATCHED,,,
JKB,Jakhalabandh,,,none,NONE,UNMATCHED,,,
SHTT,Silghat Town,,,none,NONE,UNMATCHED,,,
PSR,Pasraha,,,none,NONE,UNMATCHED,,,
JLS,Jalesar Road,,,none,NONE,UNMATCHED,,,
CHL,Chola,,,none,NONE,UNMATCHED,,,
NNGE,Narangi,,,none,NONE,UNMATCHED,,,
SZR,Sarupathar,,,none,NONE,UNMATCHED,,,
BXP,Barpathar,,,none,NONE,UNMATCHED,,,
KXL,Kamarbandha,,,none,NONE,UNMATCHED,,,
TTB,Titabar,,,none,NONE,UNMATCHED,,,
NCH,Nakachari,,,none,NONE,UNMATCHED,,,
AGI,Amguri,,,none,NONE,UNMATCHED,,,
NMT,Namtiali,,,none,NONE,UNMATCHED,,,
LXA,Lakwa,,,none,NONE,UNMATCHED,,,
SFR,Safrai,,,none,NONE,UNMATCHED,,,
SPK,Sapekhati,,,none,NONE,UNMATCHED,,,
BFD,Borhat,,,none,NONE,UNMATCHED,,,
NAM,Namrup,,,none,NONE,UNMATCHED,,,
NHK,Naharkatiya,,,none,NONE,UNMATCHED,,,
DJG,Duliajan,,,none,NONE,UNMATCHED,,,
TSK,Tinsukia Jn.,,,none,NONE,UNMATCHED,,,
MJN,Makum Jn.,,,none,NONE,UNMATCHED,,,
DBY,Digboi,,,none,NONE,UNMATCHED,,,
MRG,Margherita,,,none,NONE,UNMATCHED,,,
LEDO,Ledo,,,none,NONE,UNMATCHED,,,
GLGT,Golaghat,,,none,NONE,UNMATCHED,,,
NMGY,Numaligarh R,,,none,NONE,UNMATCHED,,,
KUTI,Khumtai,,,none,NONE,UNMATCHED,,,
BLPR,Badulipar,,,none,NONE,UNMATCHED,,,
RNGG,Rangaliting,,,none,NONE,UNMATCHED,,,
BBGN,Barua Bamung,,,none,NONE,UNMATCHED,,,
MOBD,Moubund,,,none,NONE,UNMATCHED,,,
BLMR,Bhalukmara,,,none,NONE,UNMATCHED,,,
RWH,Rowriah,,,none,NONE,UNMATCHED,,,
CMA,Cinnamara,,,none,NONE,UNMATCHED,,,
CGS,Changsari,,,none,NONE,UNMATCHED,,,
GMTO,Gumto,,,none,NONE,UNMATCHED,,,
KAMG,Kamakhyaguri,,,none,NONE,UNMATCHED,,,
MVI,Morvi,,,none,NONE,UNMATCHED,,,
JGJN,Jugijan,,,none,NONE,UNMATCHED,,,
LKG,Lamsakhang,,,none,NONE,UNMATCHED,,,
BRLF,Bar Longfer,,,none,NONE,UNMATCHED,,,
DSR,Dhansiri,,,none,NONE,UNMATCHED,,,
NJN,Naojan,,,none,NONE,UNMATCHED,,,
KKA,Kanki,,,none,NONE,UNMATCHED,,,
POT,Pothia,,,none,NONE,UNMATCHED,,,
TBR,Taiabpur,,,none,NONE,UNMATCHED,,,
GAGA,Galgalia,,,none,NONE,UNMATCHED,,,
ADQ,Adhikari,,,none,NONE,UNMATCHED,,,
BZN,Bagnan,,,none,NONE,UNMATCHED,,,
NKB,Nagrakata,,,none,NONE,UNMATCHED,,,
BNQ,Banarhat,,,none,NONE,UNMATCHED,,,
MDT,Madarihat,,,none,NONE,UNMATCHED,,,
KCF,Kalchini,,,none,NONE,UNMATCHED,,,
ODB,Oodlabari,,,none,NONE,UNMATCHED,,,
CLD,Chalsa,,,none,NONE,UNMATCHED,,,
RVK,Raja Bhat Kh,,,none,NONE,UNMATCHED,,,
CROA,Chautara,,,none,NONE,UNMATCHED,,,
SBE,Sorbhog,,,none,NONE,UNMATCHED,,,
PBL,Pathshala,,,none,NONE,UNMATCHED,,,
TIHU,Tihu,,,none,NONE,UNMATCHED,,,
KTCH,Kaithalkuchi,,,none,NONE,UNMATCHED,,,
BRHU,Barahu,,,none,NONE,UNMATCHED,,,
JOQ,Jorai,,,none,NONE,UNMATCHED,,,
SPQ,Sorupeta,,,none,NONE,UNMATCHED,,,
DKGN,Dekargaon,,,none,NONE,UNMATCHED,,,
KDKN,Kendukana,,,none,NONE,UNMATCHED,,,
TKC,Thakurkuchi,,,none,NONE,UNMATCHED,,,
DMGN,Dhamalgaon,,,none,NONE,UNMATCHED,,,
CHB,Chabua,,,none,NONE,UNMATCHED,,,
BID,Bidadi,,,none,NONE,UNMATCHED,,,
RMGM,Ramanagaram,,,none,NONE,UNMATCHED,,,
CPT,Channa Patna,,,none,NONE,UNMATCHED,,,
MAD,Maddur,,,none,NONE,UNMATCHED,,,
PANP,Pandavapura,,,none,NONE,UNMATCHED,,,
QRP,Kila Raipur,,,none,NONE,UNMATCHED,,,
SFM,Sunam,,,none,NONE,UNMATCHED,,,
BZO,Barsola,,,none,NONE,UNMATCHED,,,
EKM,Ekambarakupp,,,none,NONE,UNMATCHED,,,
YP,Errupalem,,,none,NONE,UNMATCHED,,,
SDNR,Seydunganall,,,none,NONE,UNMATCHED,,,
SVV,Srivaikuntam,,,none,NONE,UNMATCHED,,,
NZT,Nazareth,,,none,NONE,UNMATCHED,,,
VI,Villianur Ha,,,none,NONE,UNMATCHED,,,
NNN,Nanguneri,,,none,NONE,UNMATCHED,,,
AAY,Aralvaymoli,,,none,NONE,UNMATCHED,,,
ERL,Eraniel,,,none,NONE,UNMATCHED,,,
KZT,Kulitturai,,,none,NONE,UNMATCHED,,,
NYY,Neyyattinkar,,,none,NONE,UNMATCHED,,,
CRY,Chirayinkil,,,none,NONE,UNMATCHED,,,
KVU,Kadakavur,,,none,NONE,UNMATCHED,,,
PVU,Paravur,,,none,NONE,UNMATCHED,,,
PNQ,Punkunnam,,,none,NONE,UNMATCHED,,,
GUV,Guruvayur,,,none,NONE,UNMATCHED,,,
PGR,Pugalur,,,none,NONE,UNMATCHED,,,
KMD,Kodumudi,,,none,NONE,UNMATCHED,,,
UKL,Uttukuli,,,none,NONE,UNMATCHED,,,
IPL,Idappalli,,,none,NONE,UNMATCHED,,,
NG,Nagari,,,none,NONE,UNMATCHED,,,
TLGP,Talguppa,,,none,NONE,UNMATCHED,,,
SRF,Sagarajambag,,,none,NONE,UNMATCHED,,,
ANF,Anantapuram,,,none,NONE,UNMATCHED,,,
SMET,Shimoga Town,,,none,NONE,UNMATCHED,,,
BDVT,Bhadravati,,,none,NONE,UNMATCHED,,,
TKE,Tarikere,,,none,NONE,UNMATCHED,,,
MWM,Malleswaram,,,none,NONE,UNMATCHED,,,
S,Srirangapatt,,,none,NONE,UNMATCHED,,,
NHY,Naganahalli,,,none,NONE,UNMATCHED,,,
CGKR,Chandagiri K,,,none,NONE,UNMATCHED,,,
BDRL,Byadara Hall,,,none,NONE,UNMATCHED,,,
Y,Yeliyur,,,none,NONE,UNMATCHED,,,
HNK,Hanakere,,,none,NONE,UNMATCHED,,,
NXH,Nidaghatta H,,,none,NONE,UNMATCHED,,,
SET,Settihalli,,,none,NONE,UNMATCHED,,,
KHLL,Keto Halli H,,,none,NONE,UNMATCHED,,,
HJL,Hejjala,,,none,NONE,UNMATCHED,,,
GNB,Jnana Bharat,,,none,NONE,UNMATCHED,,,
NYH,Nayandahalli,,,none,NONE,UNMATCHED,,,
KMSI,Kurusi,,,none,NONE,UNMATCHED,,,
KNDV,Krishna Deva,,,none,NONE,UNMATCHED,,,
CTA,Chitradurg,,,none,NONE,UNMATCHED,,,
KLPM,Kailasapuram,,,none,NONE,UNMATCHED,,,
DINR,Divine Nagar,,,none,NONE,UNMATCHED,,,
PVRD,Piravam Road,,,none,NONE,UNMATCHED,,,
ETM,Ettumanur,,,none,NONE,UNMATCHED,,,
CYN,Cheriyanad,,,none,NONE,UNMATCHED,,,
KPY,Karunagappal,,,none,NONE,UNMATCHED,,,
STKT,Sasthankotta,,,none,NONE,UNMATCHED,,,
MYY,Mayyanad,,,none,NONE,UNMATCHED,,,
MNTT,Mulanturutti,,,none,NONE,UNMATCHED,,,
PUK,Pudukad,,,none,NONE,UNMATCHED,,,
TUA,Tirunnavaya,,,none,NONE,UNMATCHED,,,
PYOL,Payyoli,,,none,NONE,UNMATCHED,,,
VLI,Valliukunnu,,,none,NONE,UNMATCHED,,,
PDD,Padubidri,,,none,NONE,UNMATCHED,,,
KPQ,Kannapuram,,,none,NONE,UNMATCHED,,,
MQO,Munroturuttu,,,none,NONE,UNMATCHED,,,
TKQ,Trikarpur,,,none,NONE,UNMATCHED,,,
BFR,Pallikeri Ha,,,none,NONE,UNMATCHED,,,
KQK,Kottikulam,,,none,NONE,UNMATCHED,,,
KMQ,Kumbla,,,none,NONE,UNMATCHED,,,
VPZ,Valapuzha Ha,,,none,NONE,UNMATCHED,,,
CQA,Cherukara Ha,,,none,NONE,UNMATCHED,,,
AAM,Angadipuram,,,none,NONE,UNMATCHED,,,
PKQ,Pattikkad Ha,,,none,NONE,UNMATCHED,,,
MLTR,Melatur Halt,,,none,NONE,UNMATCHED,,,
TUV,Tuvvur Halt,,,none,NONE,UNMATCHED,,,
VNB,Vaniyambalam,,,none,NONE,UNMATCHED,,,
NIL,Nilambur Roa,Ambur,node/5300488135,fuzzy_name,MEDIUM,MATCHED,12.784066,78.7217855,Q16868946
PASA,Parassala,,,none,NONE,UNMATCHED,,,
NMGA,Nelamangala,,,none,NONE,UNMATCHED,,,
KIGL,Kunigal,,,none,NONE,UNMATCHED,,,
YY,Yediyyuru,,,none,NONE,UNMATCHED,,,
BGNR,B G Nagar,,,none,NONE,UNMATCHED,,,
SBGA,Shravanabela,,,none,NONE,UNMATCHED,,,
CNPA,Chennrayapat,,,none,NONE,UNMATCHED,,,
SKLR,Sakleshpur,,,none,NONE,UNMATCHED,,,
SBHR,Subrahmanya,,,none,NONE,UNMATCHED,,,
KBPR,Kabaka Puttu,,,none,NONE,UNMATCHED,,,
BNTL,Bantawala,,,none,NONE,UNMATCHED,,,
YDM,Yedamangala,,,none,NONE,UNMATCHED,,,
DAVM,Dhanuvachapu,,,none,NONE,UNMATCHED,,,
KZTW,Kulitturai W,,,none,NONE,UNMATCHED,,,
PYD,Palliyadi H.,,,none,NONE,UNMATCHED,,,
PCH,Pachhapur,,,none,NONE,UNMATCHED,,,
GKK,Gokak Road,,,none,NONE,UNMATCHED,,,
CKR,Chikodi Road,,,none,NONE,UNMATCHED,,,
KGX,Kanginhal,,,none,NONE,UNMATCHED,,,
BNP,Bhanapur,,,none,NONE,UNMATCHED,,,
MRB,Munirabad,,,none,NONE,UNMATCHED,,,
JOA,Janwal,,,none,NONE,UNMATCHED,,,
HLKT,Halakatta,,,none,NONE,UNMATCHED,,,
VAPM,Valapattanam,,,none,NONE,UNMATCHED,,,
MQU,Murukkampuzh,,,none,NONE,UNMATCHED,,,
ELM,Elimala,,,none,NONE,UNMATCHED,,,
UAA,Uppala,,,none,NONE,UNMATCHED,,,
ULL,Ullal,,,none,NONE,UNMATCHED,,,
NPK,N.Panakudi,,,none,NONE,UNMATCHED,,,
PUU,Punalur,,,none,NONE,UNMATCHED,,,
AVS,Auvaneeswara,,,none,NONE,UNMATCHED,,,
KKZ,Kottarakkara,,,none,NONE,UNMATCHED,,,
EKN,Ezhukone,,,none,NONE,UNMATCHED,,,
KUV,Kundara,Mukundarayapuram,node/3480915452,fuzzy_name,MEDIUM,MATCHED,12.9782491,79.2892009,Q63355886
KLQ,Kilikollur,,,none,NONE,UNMATCHED,,,
PRND,Perinad,,,none,NONE,UNMATCHED,,,
OCR,Ochira,,,none,NONE,UNMATCHED,,,
KRPP,Kuruppantara,,,none,NONE,UNMATCHED,,,
URL,Unjalur,,,none,NONE,UNMATCHED,,,
PLMD,Pilamedu,,,none,NONE,UNMATCHED,,,
KN,Kadalundi,,,none,NONE,UNMATCHED,,,
KOHR,Kohir(Deccan,,,none,NONE,UNMATCHED,,,
OPL,Uppal,,,none,NONE,UNMATCHED,,,
PTKP,Potkapalli,,,none,NONE,UNMATCHED,,,
KOLR,Kolnur,,,none,NONE,UNMATCHED,,,
MMZ,Mandamari,,,none,NONE,UNMATCHED,,,
RECH,Rechni Road,,,none,NONE,UNMATCHED,,,
ASAF,Asifabad Roa,,,none,NONE,UNMATCHED,,,
NKP,Nirakarpur,,,none,NONE,UNMATCHED,,,
KBM,Kotabommali,,,none,NONE,UNMATCHED,,,
TIU,Tilaru,,,none,NONE,UNMATCHED,,,
PDU,Ponduru,,,none,NONE,UNMATCHED,,,
AL,Attili,,,none,NONE,UNMATCHED,,,
MXT,Malakpet,,,none,NONE,UNMATCHED,,,
FM,Falaknuma,,,none,NONE,UNMATCHED,,,
BDVL,Budvel,,,none,NONE,UNMATCHED,,,
TMX,Timmapur,,,none,NONE,UNMATCHED,,,
HBLN,Hbl Nagar H,,,none,NONE,UNMATCHED,,,
SBBJ,Sri Balabrah,,,none,NONE,UNMATCHED,,,
MUGR,Manuguru,,,none,NONE,UNMATCHED,,,
BDCR,Bhadrachalam,,,none,NONE,UNMATCHED,,,
BTPD,Bethampurdi,,,none,NONE,UNMATCHED,,,
TPY,Tadakal Pudi,,,none,NONE,UNMATCHED,,,
CMW,Chimalpahad,,,none,NONE,UNMATCHED,,,
GHPU,Gandhipuram,,,none,NONE,UNMATCHED,,,
KRA,Karepalli Jn,,,none,NONE,UNMATCHED,,,
PCZ,Pocharam Hal,,,none,NONE,UNMATCHED,,,
AKE,Akanapet,,,none,NONE,UNMATCHED,,,
MZL,Mirzapali,,,none,NONE,UNMATCHED,,,
WDR,Wadiaram,,,none,NONE,UNMATCHED,,,
PDKN,Pedakakani H,,,none,NONE,UNMATCHED,,,
NBR,Namburu,Ambur,node/5300488135,fuzzy_name,MEDIUM,MATCHED,12.784066,78.7217855,Q16868946
RYP,Rayanapadu,,,none,NONE,UNMATCHED,,,
BKL,Bona Kalu,,,none,NONE,UNMATCHED,,,
GLA,Garla,,,none,NONE,UNMATCHED,,,
KCC,Krishana Can,,,none,NONE,UNMATCHED,,,
NRT,Narasaraopet,,,none,NONE,UNMATCHED,,,
DKD,Donakonda,,,none,NONE,UNMATCHED,,,
MRK,Markapur Roa,,,none,NONE,UNMATCHED,,,
CBM,Cumbum,,,none,NONE,UNMATCHED,,,
GID,Giddalur,,,none,NONE,UNMATCHED,,,
DMT,Diguvametta,,,none,NONE,UNMATCHED,,,
NDL,Nandyal,,,none,NONE,UNMATCHED,,,
BMH,Betamcherla,,,none,NONE,UNMATCHED,,,
VKN,Vinukonda,,,none,NONE,UNMATCHED,,,
BGNP,Banagalapall,,,none,NONE,UNMATCHED,,,
KLKA,Koilakuntla,,,none,NONE,UNMATCHED,,,
JMDG,Jammalamadug,,,none,NONE,UNMATCHED,,,
PRDT,Proddatur,,,none,NONE,UNMATCHED,,,
KCD,Kurichedu,,,none,NONE,UNMATCHED,,,
TLU,Tarlupadu,,,none,NONE,UNMATCHED,,,
BEY,Bugganapalli,,,none,NONE,UNMATCHED,,,
PDL,Pendekallu,,,none,NONE,UNMATCHED,,,
MKR,Maddikera,,,none,NONE,UNMATCHED,,,
BDPL,Bandarupalle,,,none,NONE,UNMATCHED,,,
RGP,Raghunathpal,,,none,NONE,UNMATCHED,,,
PQL,Pindial,,,none,NONE,UNMATCHED,,,
HSP,Hasanparti R,,,none,NONE,UNMATCHED,,,
BGSF,Bisugir Shar,,,none,NONE,UNMATCHED,,,
KYOP,Kottapalli H,,,none,NONE,UNMATCHED,,,
RGPM,Raghavapuram,,,none,NONE,UNMATCHED,,,
PPZ,Peddampet,,,none,NONE,UNMATCHED,,,
SRUR,Sirpur Town,,,none,NONE,UNMATCHED,,,
MKDI,Makudi,,,none,NONE,UNMATCHED,,,
WIRR,Wirur,,,none,NONE,UNMATCHED,,,
VHGN,Wihirgaon,,,none,NONE,UNMATCHED,,,
PRH,Powerpet,,,none,NONE,UNMATCHED,,,
BMD,Bhimadolu,,,none,NONE,UNMATCHED,,,
MCLE,Manchili,,,none,NONE,UNMATCHED,,,
MDVL,Mandavalli,,,none,NONE,UNMATCHED,,,
MGF,Mandagere,,,none,NONE,UNMATCHED,,,
VDD,Vendodu,,,none,NONE,UNMATCHED,,,
TGU,Tari Goppula,,,none,NONE,UNMATCHED,,,
PAGM,Pennada Agra,,,none,NONE,UNMATCHED,,,
TNR,Tanguturu,,,none,NONE,UNMATCHED,,,
ANB,Ammanabrolu,,,none,NONE,UNMATCHED,,,
VTM,Vetapalem,,,none,NONE,UNMATCHED,,,
DIG,Duggirala,,,none,NONE,UNMATCHED,,,
PVD,Peddavadlapu,,,none,NONE,UNMATCHED,,,
PBP,Pembarti,,,none,NONE,UNMATCHED,,,
RAG,Raigir  Halt,,,none,NONE,UNMATCHED,,,
TSR,Tsunduru,,,none,NONE,UNMATCHED,,,
HDGR,Hadgaon Road,,,none,NONE,UNMATCHED,,,
PMT,Pullampet,,,none,NONE,UNMATCHED,,,
GIN,Ginigera,,,none,NONE,UNMATCHED,,,
CRZ,Caranzol,,,none,NONE,UNMATCHED,,,
DDS,Dudh Sagar,,,none,NONE,UNMATCHED,,,
LIM,Sonauilm,,,none,NONE,UNMATCHED,,,
BSDP,Bhusandpur,,,none,NONE,UNMATCHED,,,
KUU,Kuhuri,,,none,NONE,UNMATCHED,,,
GNGD,Gangadharpur,,,none,NONE,UNMATCHED,,,
CLKA,Chilka,,,none,NONE,UNMATCHED,,,
RBA,Rambha,,,none,NONE,UNMATCHED,,,
GAM,Ganjam,,,none,NONE,UNMATCHED,,,
MMS,Mandasa Road,,,none,NONE,UNMATCHED,,,
PUN,Pundi,Thiruthuraipundi Junction,node/3951315150,fuzzy_name,MEDIUM,MATCHED,10.5385545,79.6347878,Q24943216
DUSI,Dusi,,,none,NONE,UNMATCHED,,,
SGDM,Sigadam,,,none,NONE,UNMATCHED,,,
GVI,Garividi,,,none,NONE,UNMATCHED,,,
NPD,Nawapara Roa,,,none,NONE,UNMATCHED,,,
KYM,Kadiyam,,,none,NONE,UNMATCHED,,,
BVL,Bikkavolu,,,none,NONE,UNMATCHED,,,
MPU,Medapadu,,,none,NONE,UNMATCHED,,,
GT,Ghatkesar,,,none,NONE,UNMATCHED,,,
PKPU,Peddakura Pa,,,none,NONE,UNMATCHED,,,
SRPM,Siripuram,,,none,NONE,UNMATCHED,,,
VJA,Vejandla,,,none,NONE,UNMATCHED,,,
CIV,Chinnaravuru,,,none,NONE,UNMATCHED,,,
VMU,Vemuru Halt,,,none,NONE,UNMATCHED,,,
BQU,Bhattiprolu,,,none,NONE,UNMATCHED,,,
POA,Pallikona Ha,,,none,NONE,UNMATCHED,,,
RAL,Repalle,,,none,NONE,UNMATCHED,,,
STPD,Sitafalmandi,,,none,NONE,UNMATCHED,,,
GWV,Gowdavalli H,,,none,NONE,UNMATCHED,,,
NAVI,New Amravati,,,none,NONE,UNMATCHED,,,
WLGN,Walgaon,,,none,NONE,UNMATCHED,,,
CNDB,Chandur Baza,,,none,NONE,UNMATCHED,,,
ASTG,Ashtegaon,,,none,NONE,UNMATCHED,,,
MRSH,Morshi,,,none,NONE,UNMATCHED,,,
WOC,Warud Orange,,,none,NONE,UNMATCHED,,,
PUSA,Pusla,,,none,NONE,UNMATCHED,,,
MWAD,Mowad,,,none,NONE,UNMATCHED,,,
GPD,Gummidipundi,,,none,NONE,UNMATCHED,,,
ANK,Ankai,,,none,NONE,UNMATCHED,,,
TR,Tarur,,,none,NONE,UNMATCHED,,,
PSD,Parsoda,,,none,NONE,UNMATCHED,,,
KAJG,Karanjgoan,,,none,NONE,UNMATCHED,,,
POZ,Potul,,,none,NONE,UNMATCHED,,,
DLB,Daulatabad,,,none,NONE,UNMATCHED,,,
MKDD,Mukundwadi H,,,none,NONE,UNMATCHED,,,
BDU,Badnapur,,,none,NONE,UNMATCHED,,,
KEK,Karkheli,,,none,NONE,UNMATCHED,,,
BZR,Bisra,,,none,NONE,UNMATCHED,,,
PPO,Panposh,,,none,NONE,UNMATCHED,,,
KLG,Kalunga,,,none,NONE,UNMATCHED,,,
KXN,Kansbahal,,,none,NONE,UNMATCHED,,,
TKRI,Tikiri,,,none,NONE,UNMATCHED,,,
LKMR,Lakshmipur R,,,none,NONE,UNMATCHED,,,
KKGM,Kakri Guma,,,none,NONE,UNMATCHED,,,
DMNJ,Daman Jodi,,,none,NONE,UNMATCHED,,,
VZR,Bhanjpur,,,none,NONE,UNMATCHED,,,
PS,Paras,,,none,NONE,UNMATCHED,,,
BIA,Bhilai,,,none,NONE,UNMATCHED,,,
HCAB,Bmy H Cabin,,,none,NONE,UNMATCHED,,,
DBEC,Devbaloda Ch,,,none,NONE,UNMATCHED,,,
MOMU,Molakalmuru,,,none,NONE,UNMATCHED,,,
CHKE,Challakere,,,none,NONE,UNMATCHED,,,
GNPR,Gunupur,,,none,NONE,UNMATCHED,,,
JRA,Jaraikela,,,none,NONE,UNMATCHED,,,
GTST,Gautam Sthan,,,none,NONE,UNMATCHED,,,
MHT,Manjhi F,,,none,NONE,UNMATCHED,,,
BCD,Bansdih Road,,,none,NONE,UNMATCHED,,,
KHOH,Khoh,,,none,NONE,UNMATCHED,,,
MGG,Mangliyagaon,,,none,NONE,UNMATCHED,,,
BLAX,Barlai,,,none,NONE,UNMATCHED,,,
NRGR,Naranjipur,,,none,NONE,UNMATCHED,,,
UDM,Undasa Madha,,,none,NONE,UNMATCHED,,,
KDHA,Karchha,,,none,NONE,UNMATCHED,,,
VRG,Vikram Nagar,,,none,NONE,UNMATCHED,,,
ADTL,Adhartal,,,none,NONE,UNMATCHED,,,
DDCE,Dundi,,,none,NONE,UNMATCHED,,,
SNRR,Sansarpur,,,none,NONE,UNMATCHED,,,
NWR,Niwar,,,none,NONE,UNMATCHED,,,
JLW,Jhalwara,,,none,NONE,UNMATCHED,,,
RPD,Rupaund,,,none,NONE,UNMATCHED,,,
KKI,Karkeli,,,none,NONE,UNMATCHED,,,
NRZB,Nowrozabad,,,none,NONE,UNMATCHED,,,
CLF,Chhulha,,,none,NONE,UNMATCHED,,,
JTI,Jaithari,,,none,NONE,UNMATCHED,,,
NIQ,Nigaura,,,none,NONE,UNMATCHED,,,
VKR,Venkatnagar,,,none,NONE,UNMATCHED,,,
HRB,Harri,,,none,NONE,UNMATCHED,,,
KOI,Khodri,,,none,NONE,UNMATCHED,,,
BHTK,Bhanwar Tonk,,,none,NONE,UNMATCHED,,,
KGS,Khongsara,,,none,NONE,UNMATCHED,,,
TGQ,Tenganmada,,,none,NONE,UNMATCHED,,,
SLKR,Salka Road,,,none,NONE,UNMATCHED,,,
KLTR,Kalmitar,,,none,NONE,UNMATCHED,,,
GTK,Ghutku,,,none,NONE,UNMATCHED,,,
SNGP,Singhpur,,,none,NONE,UNMATCHED,,,
DWG,Dewanganj,,,none,NONE,UNMATCHED,,,
BJQ,Baghora,,,none,NONE,UNMATCHED,,,
SMRR,Sumreri,,,none,NONE,UNMATCHED,,,
ISH,Isarwara,,,none,NONE,UNMATCHED,,,
LDA,Lidhora,,,none,NONE,UNMATCHED,,,
GW,Girwar,,,none,NONE,UNMATCHED,,,
ANA,Aslana,,,none,NONE,UNMATCHED,,,
KYX,Karhiya Bhad,,,none,NONE,UNMATCHED,,,
GEA,Ghatera,,,none,NONE,UNMATCHED,,,
SAO,Sagoni,,,none,NONE,UNMATCHED,,,
BQQ,Bakhleta,,,none,NONE,UNMATCHED,,,
HDU,Hardua,,,none,NONE,UNMATCHED,,,
VYK,Vilayat Kala,,,none,NONE,UNMATCHED,,,
LOA,Lorha,,,none,NONE,UNMATCHED,,,
GGT,Ghunghuti,,,none,NONE,UNMATCHED,,,
BDWA,Bhadwa Para,,,none,NONE,UNMATCHED,,,
SBRA,Sarbahara,,,none,NONE,UNMATCHED,,,
HN,Hathbandh,,,none,NONE,UNMATCHED,,,
BAO,Banmore,,,none,NONE,UNMATCHED,,,
SNL,Sanahwal,,,none,NONE,UNMATCHED,,,
CHA,Chawapail,,,none,NONE,UNMATCHED,,,
DRLA,Daurala,,,none,NONE,UNMATCHED,,,
GUH,Guldhar,,,none,NONE,UNMATCHED,,,
GAD,Gevra-Road,,,none,NONE,UNMATCHED,,,
URGA,Urga,,,none,NONE,UNMATCHED,,,
MWRN,Madwarani,,,none,NONE,UNMATCHED,,,
BPRH,Balpur,,,none,NONE,UNMATCHED,,,
KPNA,Kapan  Halt,,,none,NONE,UNMATCHED,,,
KTSH,Kotmi Sonar,,,none,NONE,UNMATCHED,,,
MZH,Mauhari,,,none,NONE,UNMATCHED,,,
DRSN,Dhurwasin  H,,,none,NONE,UNMATCHED,,,
HRV,Harrad,,,none,NONE,UNMATCHED,,,
BATL,Baihatola,,,none,NONE,UNMATCHED,,,
BRND,Boridand,,,none,NONE,UNMATCHED,,,
UKR,Udalkachhar,,,none,NONE,UNMATCHED,,,
NPRD,Nagpur Road,,,none,NONE,UNMATCHED,,,
DTL,Darritola,,,none,NONE,UNMATCHED,,,
NGE,Nagar,Anna Nagar West,node/304278622,fuzzy_name,MEDIUM,MATCHED,13.0985386,80.2010061,Q4767370
SPDR,Sheoprasad N,,,none,NONE,UNMATCHED,,,
SJQ,Surajpur Roa,,,none,NONE,UNMATCHED,,,
KJZ,Karonji,,,none,NONE,UNMATCHED,,,
KLPG,Kamalpur,,,none,NONE,UNMATCHED,,,
CHDX,Chhada,,,none,NONE,UNMATCHED,,,
UDR,Amdara,,,none,NONE,UNMATCHED,,,
BGHI,Bagahai Road,,,none,NONE,UNMATCHED,,,
TZR,Turki,,,none,NONE,UNMATCHED,,,
LJR,Lanji Garh R,,,none,NONE,UNMATCHED,,,
BMCK,Bissam  Cutt,,,none,NONE,UNMATCHED,,,
JUJA,Jujomura,,,none,NONE,UNMATCHED,,,
BAMR,Bamur,,,none,NONE,UNMATCHED,,,
JRPD,Jarapada,,,none,NONE,UNMATCHED,,,
ORGA,Orga,Oorgaum,node/1844248845,fuzzy_name,MEDIUM,MATCHED,12.9542839,78.2599832,Q63355421
PKF,Pokla,,,none,NONE,UNMATCHED,,,
NKM,Namkom,,,none,NONE,UNMATCHED,,,
TIS,Tatisilwai,,,none,NONE,UNMATCHED,,,
KYF,Kajrat Nawad,,,none,NONE,UNMATCHED,,,
KNPS,Kendposi,,,none,NONE,UNMATCHED,,,
KIS,Kapilas Road,,,none,NONE,UNMATCHED,,,
BRAG,Barang Jn.,,,none,NONE,UNMATCHED,,,
PRDP,Paradeep,,,none,NONE,UNMATCHED,,,
BDBA,Badabandha R,,,none,NONE,UNMATCHED,,,
RHMA,Rahama,,,none,NONE,UNMATCHED,,,
GRKN,Gorakhnath,,,none,NONE,UNMATCHED,,,
RCTC,Raghunathpur,,,none,NONE,UNMATCHED,,,
KDRP,Kandarpur,,,none,NONE,UNMATCHED,,,
DJHR,Deojhar,,,none,NONE,UNMATCHED,,,
MMVR,Murga-Mahade,,,none,NONE,UNMATCHED,,,
NYG,Nayagarh,,,none,NONE,UNMATCHED,,,
PRNR,Porjanpur,,,none,NONE,UNMATCHED,,,
GADH,Goaldih,,,none,NONE,UNMATCHED,,,
NANR,Naranpur,,,none,NONE,UNMATCHED,,,
BSTP,Basantapur,,,none,NONE,UNMATCHED,,,
STBJ,Sitabanj,,,none,NONE,UNMATCHED,,,
NKW,Nilakanthewa,,,none,NONE,UNMATCHED,,,
HCNR,Harichandanp,,,none,NONE,UNMATCHED,,,
CLDR,Chilikdara,,,none,NONE,UNMATCHED,,,
SGDP,Sagadapata,,,none,NONE,UNMATCHED,,,
TGRL,Tangiriapal,,,none,NONE,UNMATCHED,,,
TMKA,Tomka,,,none,NONE,UNMATCHED,,,
BGPL,Bhaguapal,,,none,NONE,UNMATCHED,,,
JKPR,Jakhapura Jn,,,none,NONE,UNMATCHED,,,
DJX,Dungripali,,,none,NONE,UNMATCHED,,,
GRCP,G.Ramachandr,Puratchi Thalaivar Dr. M. G. Ramachandran Central,node/2481969291,fuzzy_name,MEDIUM,MATCHED,13.0824232,80.2759622,Q257382
DPUR,Depur Ph,,,none,NONE,UNMATCHED,,,
BWIP,Bhawanipatna,,,none,NONE,UNMATCHED,,,
KTRK,Kuturukhamar,,,none,NONE,UNMATCHED,,,
JNRD,Junagarh Roa,,,none,NONE,UNMATCHED,,,
KTGA,Keutigua,,,none,NONE,UNMATCHED,,,
SKPI,Sikripai,,,none,NONE,UNMATCHED,,,
BLMK,Bhalumaska,,,none,NONE,UNMATCHED,,,
LLGM,Leligumma,,,none,NONE,UNMATCHED,,,
RUL,Ravli,,,none,NONE,UNMATCHED,,,
SGRM,Singaram,,,none,NONE,UNMATCHED,,,
BGUA,Baiguda,,,none,NONE,UNMATCHED,,,
DMRT,Dummuriput,,,none,NONE,UNMATCHED,,,
CJS,Charamula Ku,,,none,NONE,UNMATCHED,,,
MRBL,Muri Bahal,,,none,NONE,UNMATCHED,,,
BSYA,Barkisalaiya,,,none,NONE,UNMATCHED,,,
SLF,Silli,,,none,NONE,UNMATCHED,,,
RMF,Ramna,,,none,NONE,UNMATCHED,,,
TUL,Tiraldih,,,none,NONE,UNMATCHED,,,
SSIA,Suisa,,,none,NONE,UNMATCHED,,,
TRAN,Torang,,,none,NONE,UNMATCHED,,,
GRMA,Ghormara,,,none,NONE,UNMATCHED,,,
BSKH,Basukinath,,,none,NONE,UNMATCHED,,,
JAMA,Jama,,,none,NONE,UNMATCHED,,,
DUMK,Dumka,,,none,NONE,UNMATCHED,,,
CUX,Chaura Bh,,,none,NONE,UNMATCHED,,,
DJS,Dhurant Jwas,,,none,NONE,UNMATCHED,,,
BTV,Baitarani Ro,,,none,NONE,UNMATCHED,,,
KRIH,Korai Halt,,,none,NONE,UNMATCHED,,,
KNPR,Kendrapara R,,,none,NONE,UNMATCHED,,,
PRNC,Purnea Court,,,none,NONE,UNMATCHED,,,
JNKR,Janakinagar,,,none,NONE,UNMATCHED,,,
DPL,Danauli Phul,,,none,NONE,UNMATCHED,,,
SAH,Saphale,,,none,NONE,UNMATCHED,,,
GVD,Gholvad,,,none,NONE,UNMATCHED,,,
UBR,Umbergaon Ro,,,none,NONE,UNMATCHED,,,
SJN,Sanjan,,,none,NONE,UNMATCHED,,,
BLD,Bhilad,,,none,NONE,UNMATCHED,,,
UVD,Udvada,,,none,NONE,UNMATCHED,,,
PAD,Pardi,,,none,NONE,UNMATCHED,,,
SYN,Sayan,,,none,NONE,UNMATCHED,,,
PAO,Panoli,,,none,NONE,UNMATCHED,,,
NIU,Nabipur,,,none,NONE,UNMATCHED,,,
ITA,Itola,,,none,NONE,UNMATCHED,,,
VDA,Vasad Jn.,,,none,NONE,UNMATCHED,,,
KBRV,Kanjari Bori,,,none,NONE,UNMATCHED,,,
BJD,Barejadi Nan,,,none,NONE,UNMATCHED,,,
SBT,Sabarmati,,,none,NONE,UNMATCHED,,,
ABD,Ambli Road,,,none,NONE,UNMATCHED,,,
SAU,Sanand,,,none,NONE,UNMATCHED,,,
CE,Chharodi,,,none,NONE,UNMATCHED,,,
JKA,Jakhvada,,,none,NONE,UNMATCHED,,,
GOP,Gop Jam,,,none,NONE,UNMATCHED,,,
BNVD,Bhanvad,,,none,NONE,UNMATCHED,,,
SKR,Sakhpur,,,none,NONE,UNMATCHED,,,
RWO,Ranavav,,,none,NONE,UNMATCHED,,,
CPN,Champaner Ro,,,none,NONE,UNMATCHED,,,
KRSA,Kharsaliya,,,none,NONE,UNMATCHED,,,
MAM,Mangalmaudi,,,none,NONE,UNMATCHED,,,
BIO,Bordi,,,none,NONE,UNMATCHED,,,
ANAS,Anas,Papanasam,node/5300821196,fuzzy_name,MEDIUM,MATCHED,10.9232734,79.2689297,Q63356875
PCN,Punch Piplia,,,none,NONE,UNMATCHED,,,
AGR,Amargarh,,,none,NONE,UNMATCHED,,,
BOG,Bhairongarh,,,none,NONE,UNMATCHED,,,
RTI,Raoti,,,none,NONE,UNMATCHED,,,
BILD,Bildi,,,none,NONE,UNMATCHED,,,
MRN,Morwani,,,none,NONE,UNMATCHED,,,
BOD,Bangrod,,,none,NONE,UNMATCHED,,,
RNH,Runkhera,,,none,NONE,UNMATCHED,,,
LNR,Lun Richha,,,none,NONE,UNMATCHED,,,
THUR,Thuria,,,none,NONE,UNMATCHED,,,
JHW,Jhalawar Roa,,,none,NONE,UNMATCHED,,,
GQL,Gurla,,,none,NONE,UNMATCHED,,,
KPTN,Keshorai Pat,,,none,NONE,UNMATCHED,,,
KPZ,Kapren,,,none,NONE,UNMATCHED,,,
MLZ,Malarna,,,none,NONE,UNMATCHED,,,
FSP,Fatehsinghpu,,,none,NONE,UNMATCHED,,,
VGN,Vangaon,,,none,NONE,UNMATCHED,,,
KTKL,Kotli Kalan,,,none,NONE,UNMATCHED,,,
ISM,Ismaila Hary,,,none,NONE,UNMATCHED,,,
MGLP,Mangolpuri,,,none,NONE,UNMATCHED,,,
NDN,Nardana,,,none,NONE,UNMATCHED,,,
DGI,Dungri,,,none,NONE,UNMATCHED,,,
BJW,Bajva,,,none,NONE,UNMATCHED,,,
RNO,Ranoli,,,none,NONE,UNMATCHED,,,
RBS,Rupbas,,,none,NONE,UNMATCHED,,,
FTS,Fatehpur-Sik,,,none,NONE,UNMATCHED,,,
KLB,Kiraoli,,,none,NONE,UNMATCHED,,,
BPU,Bhaupur,,,none,NONE,UNMATCHED,,,
SNC,Swami Naraya,,,none,NONE,UNMATCHED,,,
SSDT,Shamshabad T,,,none,NONE,UNMATCHED,,,
GHSR,Ghasara Halt,,,none,NONE,UNMATCHED,,,
PJY,Parjani  Hal,,,none,NONE,UNMATCHED,,,
RMW,Roshan Mau H,,,none,NONE,UNMATCHED,,,
BDWL,Biradhwal,,,none,NONE,UNMATCHED,,,
CVR,Chorvad,,,none,NONE,UNMATCHED,,,
BAH,Bhabhar,,,none,NONE,UNMATCHED,,,
VRX,Varahi,,,none,NONE,UNMATCHED,,,
PFL,Piprala,,,none,NONE,UNMATCHED,,,
PDF,Padampur,,,none,NONE,UNMATCHED,,,
COE,Chitrod,,,none,NONE,UNMATCHED,,,
LKZ,Lakdiya,,,none,NONE,UNMATCHED,,,
BMSB,Bhimasar,,,none,NONE,UNMATCHED,,,
VJP,Vijaypur,,,none,NONE,UNMATCHED,,,
PIA,Pipraigaon,,,none,NONE,UNMATCHED,,,
LTR,Lakhtar,,,none,NONE,UNMATCHED,,,
MOL,Moliroad,,,none,NONE,UNMATCHED,,,
DL,Daladi,,,none,NONE,UNMATCHED,,,
PDH,Padadhari,,,none,NONE,UNMATCHED,,,
PPR,Pipar Road J,,,none,NONE,UNMATCHED,,,
SQR,Sultanpur Lo,,,none,NONE,UNMATCHED,,,
RCF,Rail Coach F,,,none,NONE,UNMATCHED,,,
KXH,Kapurthala,,,none,NONE,UNMATCHED,,,
BPRS,Bhogpur Sirw,,,none,NONE,UNMATCHED,,,
MRTL,Mirthal,,,none,NONE,UNMATCHED,,,
BHTA,Bhatia,,,none,NONE,UNMATCHED,,,
MTHP,Mithapur,,,none,NONE,UNMATCHED,,,
PUO,Pir Umrod,,,none,NONE,UNMATCHED,,,
KONY,Kisoni,,,none,NONE,UNMATCHED,,,
BLX,Bolai,,,none,NONE,UNMATCHED,,,
JBX,Jabri,,,none,NONE,UNMATCHED,,,
KHDB,Khodiyar,,,none,NONE,UNMATCHED,,,
DJI,Dhoraji,,,none,NONE,UNMATCHED,,,
BHY,Bhayavadar,,,none,NONE,UNMATCHED,,,
PLM,Paneli Moti,,,none,NONE,UNMATCHED,,,
WAB,Balwa,,,none,NONE,UNMATCHED,,,
NDT,Nathdwara,,,none,NONE,UNMATCHED,,,
NJT,Nagercoil To,,,none,NONE,UNMATCHED,,,
MDJN,Madar Jn,,,none,NONE,UNMATCHED,,,
CKD,Charkhi Dadr,,,none,NONE,UNMATCHED,,,
KURJ,Khajauraho,,,none,NONE,UNMATCHED,,,
SRPJ,Swarupganj,,,none,NONE,UNMATCHED,,,
NANA,Nana,,,none,NONE,UNMATCHED,,,
MOI,Mori Bera,,,none,NONE,UNMATCHED,,,
JAL,Jawali,,,none,NONE,UNMATCHED,,,
HDA,Hirnoda,,,none,NONE,UNMATCHED,,,
TL,Tiloniya,,,none,NONE,UNMATCHED,,,
BDW,Bandanwara,,,none,NONE,UNMATCHED,,,
JHJ,Jhejhar,,,none,NONE,UNMATCHED,,,
KLE,Kaithal,,,none,NONE,UNMATCHED,,,
SNGN,Sanganer,,,none,NONE,UNMATCHED,,,
GPI,Gajapati Nag,,,none,NONE,UNMATCHED,,,
SAC,Sanichara,,,none,NONE,UNMATCHED,,,
MLAR,Malanpur,,,none,NONE,UNMATCHED,,,
GOA,Gohad Road H,,,none,NONE,UNMATCHED,,,
SONI,Soni,,,none,NONE,UNMATCHED,,,
BBTR,Barbatpur,,,none,NONE,UNMATCHED,,,
KSWR,Kalmeshwar,,,none,NONE,UNMATCHED,,,
HGL,Harangul,,,none,NONE,UNMATCHED,,,
TKMG,Tikamgarh,,,none,NONE,UNMATCHED,,,
MCSC,Maharaja Chh,,,none,NONE,UNMATCHED,,,
UKA,Ukhra,,,none,NONE,UNMATCHED,,,
DUJ,Dubrajpur,,,none,NONE,UNMATCHED,,,
RMB,Rampura Beri,,,none,NONE,UNMATCHED,,,
AUNG,Aung,,,none,NONE,UNMATCHED,,,
SSL,Sirsaul,,,none,NONE,UNMATCHED,,,
API,Akkaraippatt,,,none,NONE,UNMATCHED,,,
ODC,Oddanchatram,,,none,NONE,UNMATCHED,,,
CHPT,Chatrappatti,,,none,NONE,UNMATCHED,,,
HISE,Hirisave,,,none,NONE,UNMATCHED,,,
GII,Gidhni,,,none,NONE,UNMATCHED,,,
DVM,Dalbhumgarh,,,none,NONE,UNMATCHED,,,
NASP,Narasingapal,,,none,NONE,UNMATCHED,,,
GUG,Garjaipur,,,none,NONE,UNMATCHED,,,
DSPN,Deshapran Ph,,,none,NONE,UNMATCHED,,,
PIT,Palitana,,,none,NONE,UNMATCHED,,,
WTJ,Jamwanthali,,,none,NONE,UNMATCHED,,,
ALB,Aliyavada,,,none,NONE,UNMATCHED,,,
KNLS,Kanalus,,,none,NONE,UNMATCHED,,,
ANPR,Anpara,,,none,NONE,UNMATCHED,,,
KRSL,Krishnashila,,,none,NONE,UNMATCHED,,,
SKTN,Shaktinagar,,,none,NONE,UNMATCHED,,,
SNX,Saneh Road,,,none,NONE,UNMATCHED,,,
SMPA,Shyampura,,,none,NONE,UNMATCHED,,,
BLN,Ballygunge J,,,none,NONE,UNMATCHED,,,
LKF,Lake Gardens,,,none,NONE,UNMATCHED,,,
TLG,Tolly Ganj,,,none,NONE,UNMATCHED,,,
NACC,New Alipur (,,,none,NONE,UNMATCHED,,,
MJT,Majerhat,,,none,NONE,UNMATCHED,,,
RMTR,Remount Road,,,none,NONE,UNMATCHED,,,
KIRP,Khidirpur,,,none,NONE,UNMATCHED,,,
PPGT,Princep Ghat,,,none,NONE,UNMATCHED,,,
EDG,Eden Gardens,,,none,NONE,UNMATCHED,,,
BBDB,Benoy Badal,,,none,NONE,UNMATCHED,,,
BZB,Barra Bazar,,,none,NONE,UNMATCHED,,,
SOLA,Sovabazar-Ah,,,none,NONE,UNMATCHED,,,
BBR,Bagh Bazar,,,none,NONE,UNMATCHED,,,
TALA,Talla,,,none,NONE,UNMATCHED,,,
PTKR,Patipukur,,,none,NONE,UNMATCHED,,,
DDJ,Dum Dum Jn.,,,none,NONE,UNMATCHED,,,
BLH,Belgharia,,,none,NONE,UNMATCHED,,,
AGP,Agarpara,,,none,NONE,UNMATCHED,,,
SEP,Sodpur,,,none,NONE,UNMATCHED,,,
KDH,Khardaha,,,none,NONE,UNMATCHED,,,
TGH,Tita Garh,,,none,NONE,UNMATCHED,,,
PTF,Palta,,,none,NONE,UNMATCHED,,,
IP,Ichhapur,,,none,NONE,UNMATCHED,,,
SNR,Shyam Nagar,,,none,NONE,UNMATCHED,,,
JGDL,Jagadal,,,none,NONE,UNMATCHED,,,
KNR,Kankinara,,,none,NONE,UNMATCHED,,,
KLYM,Kalyani Sima,,,none,NONE,UNMATCHED,,,
KLYG,Kalyani Ghos,,,none,NONE,UNMATCHED,,,
KLYS,Kalyani Silp,,,none,NONE,UNMATCHED,,,
KYI,Kalyani Jn.,,,none,NONE,UNMATCHED,,,
KPA,Kanchrapara,,,none,NONE,UNMATCHED,,,
HLR,Halisahar,,,none,NONE,UNMATCHED,,,
MPJ,Madanpur,,,none,NONE,UNMATCHED,,,
SMX,Simurali,,,none,NONE,UNMATCHED,,,
PXR,Palpara,,,none,NONE,UNMATCHED,,,
CDH,Chakdaha,,,none,NONE,UNMATCHED,,,
PDX,Payra Danga,,,none,NONE,UNMATCHED,,,
HRSR,Harish Nagar,,,none,NONE,UNMATCHED,,,
BPN,Banpur,,,none,NONE,UNMATCHED,,,
MIJ,Majhdia,,,none,NONE,UNMATCHED,,,
TNX,Tarak Nagar,,,none,NONE,UNMATCHED,,,
MYHT,Mayurhat,,,none,NONE,UNMATCHED,,,
BGL,Bagula,,,none,NONE,UNMATCHED,,,
BHNA,Bhaina H,,,none,NONE,UNMATCHED,,,
BHGH,Bahirgachhi,,,none,NONE,UNMATCHED,,,
AG,Aranghata,,,none,NONE,UNMATCHED,,,
PNCB,Panchbheria,,,none,NONE,UNMATCHED,,,
BNKA,Bankimnagar,,,none,NONE,UNMATCHED,,,
KLNP,Kalinarayanp,,,none,NONE,UNMATCHED,,,
BIJ,Birnagar,,,none,NONE,UNMATCHED,,,
THP,Taherpur,,,none,NONE,UNMATCHED,,,
BDZ,Badkulla,,,none,NONE,UNMATCHED,,,
SGBA,Sir Gurudas,,,none,NONE,UNMATCHED,,,
PQS,Park Circus,,,none,NONE,UNMATCHED,,,
DDC,Dumdum Canto,,,none,NONE,UNMATCHED,,,
DGNR,Durganagar,,,none,NONE,UNMATCHED,,,
BBT,Birati,,,none,NONE,UNMATCHED,,,
BRPK,Bisharpara-K,,,none,NONE,UNMATCHED,,,
NBE,New Barrackp,,,none,NONE,UNMATCHED,,,
MMG,Madhyam Gram,,,none,NONE,UNMATCHED,,,
HHR,Hridaypur,,,none,NONE,UNMATCHED,,,
BT,Barasat Jn.,,,none,NONE,UNMATCHED,,,
DTK,Dattapukur,,,none,NONE,UNMATCHED,,,
BMG,Bamangachhi,,,none,NONE,UNMATCHED,,,
KZPR,Kazipara  Ha,,,none,NONE,UNMATCHED,,,
KBGH,Karea Kadamb,,,none,NONE,UNMATCHED,,,
BHKA,Bahira Kalib,,,none,NONE,UNMATCHED,,,
SXC,Sondalia,,,none,NONE,UNMATCHED,,,
BGRD,Beliaghata R,,,none,NONE,UNMATCHED,,,
LBTL,Lebutala,,,none,NONE,UNMATCHED,,,
BSLA,Bhasila,,,none,NONE,UNMATCHED,,,
HRO,Harua Road,,,none,NONE,UNMATCHED,,,
KMZA,Kankra Mirza,,,none,NONE,UNMATCHED,,,
MPE,Malati Pur,,,none,NONE,UNMATCHED,,,
GGV,Ghovarash Gh,,,none,NONE,UNMATCHED,,,
CQR,Champapukur,,,none,NONE,UNMATCHED,,,
BBLA,Bhyabla,,,none,NONE,UNMATCHED,,,
BSHT,Basirhat,,,none,NONE,UNMATCHED,,,
MPN,Madhyampur,,,none,NONE,UNMATCHED,,,
NMDR,Nimdanri,,,none,NONE,UNMATCHED,,,
TKF,Taki Road,,,none,NONE,UNMATCHED,,,
HNB,Hasanabad,,,none,NONE,UNMATCHED,,,
BIRA,Bira,Pattabiram Military Siding,node/262308384,fuzzy_name,MEDIUM,MATCHED,13.1373759,80.0601177,Q63369351
GUMA,Guma,,,none,NONE,UNMATCHED,,,
ASKR,Ashoknagar R,,,none,NONE,UNMATCHED,,,
HB,Habra,,,none,NONE,UNMATCHED,,,
BNJ,Bangaon Jn.,,,none,NONE,UNMATCHED,,,
CDP,Chandpara,,,none,NONE,UNMATCHED,,,
TKNR,Thakurnagar,,,none,NONE,UNMATCHED,,,
GBG,Gobardanga,,,none,NONE,UNMATCHED,,,
MSL,Machhalandap,,,none,NONE,UNMATCHED,,,
BNAA,Bibhuti Bhus,,,none,NONE,UNMATCHED,,,
SNHT,Sanhati,,,none,NONE,UNMATCHED,,,
CHT,Champahati,,,none,NONE,UNMATCHED,,,
KLKR,Kalikapur,,,none,NONE,UNMATCHED,,,
BDYP,Bidyadharpur,,,none,NONE,UNMATCHED,,,
SPR,Sonarpur Jn.,,,none,NONE,UNMATCHED,,,
NRPR,Narendrapur,,,none,NONE,UNMATCHED,,,
GIA,Garia,,,none,NONE,UNMATCHED,,,
BGJT,.Baghajatin,,,none,NONE,UNMATCHED,,,
JDP,Jadabpur,,,none,NONE,UNMATCHED,,,
DHK,Dhakuria,,,none,NONE,UNMATCHED,,,
PLF,Piali,,,none,NONE,UNMATCHED,,,
GQD,Gourdaha (Ha,,,none,NONE,UNMATCHED,,,
GOF,Ghutiari Sha,,,none,NONE,UNMATCHED,,,
SBGR,Subhasgram,,,none,NONE,UNMATCHED,,,
MAK,Mallikpur,,,none,NONE,UNMATCHED,,,
BRP,Baruipur Jn.,,,none,NONE,UNMATCHED,,,
LKPR,Lakshmikanta,,,none,NONE,UNMATCHED,,,
MDBP,Madhabpur,,,none,NONE,UNMATCHED,,,
MPRD,Mathurapur R,Mathur,node/5303165678,fuzzy_name,MEDIUM,MATCHED,11.3185214,79.2061625,Q63356197
JNM,Jaynagar Maj,,,none,NONE,UNMATCHED,,,
BARU,Baharu F,,,none,NONE,UNMATCHED,,,
DBT,Dakshin Bara,,,none,NONE,UNMATCHED,,,
HGA,Hoglahalt E,,,none,NONE,UNMATCHED,,,
GCN,Gocharan,,,none,NONE,UNMATCHED,,,
SJPR,Surjyapur,,,none,NONE,UNMATCHED,,,
DPDP,Dhapdhapi,,,none,NONE,UNMATCHED,,,
KRXM,Krishnamohan,,,none,NONE,UNMATCHED,,,
SSRD,Shasan Road,,,none,NONE,UNMATCHED,,,
BGB,Budge Budge,,,none,NONE,UNMATCHED,,,
NAI,Nangi,,,none,NONE,UNMATCHED,,,
AKRA,Akra,,,none,NONE,UNMATCHED,,,
SSP,Santosh Pur,,,none,NONE,UNMATCHED,,,
BRJ,Brace Bridge,,,none,NONE,UNMATCHED,,,
GFAE,Garifa,,,none,NONE,UNMATCHED,,,
HYG,Hooghly Ghat,,,none,NONE,UNMATCHED,,,
KLNT,Kalinagar,,,none,NONE,UNMATCHED,,,
VSPR,Bisnupriya H,,,none,NONE,UNMATCHED,,,
BFZ,Bhandartikur,,,none,NONE,UNMATCHED,,,
MTFA,Mertala Phal,,,none,NONE,UNMATCHED,,,
LKX,Lakshmipur,,,none,NONE,UNMATCHED,,,
BQY,Belerhat,,,none,NONE,UNMATCHED,,,
PTAE,Patuli,,,none,NONE,UNMATCHED,,,
AGAE,Agradwip,,,none,NONE,UNMATCHED,,,
DHAE,Dainhat,,,none,NONE,UNMATCHED,,,
SHBA,Sahebtala  H,,,none,NONE,UNMATCHED,,,
ADST,Adi Saptagra,,,none,NONE,UNMATCHED,,,
MUG,Magra,,,none,NONE,UNMATCHED,,,
TLO,Talandu,,,none,NONE,UNMATCHED,,,
KHN,Khanyan,,,none,NONE,UNMATCHED,,,
PDA,Pundooah,,,none,NONE,UNMATCHED,,,
SLG,Simlagarh,,,none,NONE,UNMATCHED,,,
BCGM,Bainchi Gram,,,none,NONE,UNMATCHED,,,
BOI,Bainchi,,,none,NONE,UNMATCHED,,,
DBP,Debipur,,,none,NONE,UNMATCHED,,,
BGF,Bagila,,,none,NONE,UNMATCHED,,,
MYM,Memari,,,none,NONE,UNMATCHED,,,
NMF,Nimo,,,none,NONE,UNMATCHED,,,
RSLR,Rasulpur,,,none,NONE,UNMATCHED,,,
PLAE,Palsit,,,none,NONE,UNMATCHED,,,
SKG,Sakti Garh J,,,none,NONE,UNMATCHED,,,
GRP,Gangpur,,,none,NONE,UNMATCHED,,,
KGK,Kankurgachhi,,,none,NONE,UNMATCHED,,,
HBE,Habibpur,,,none,NONE,UNMATCHED,,,
FLU,Phulia,,,none,NONE,UNMATCHED,,,
BTKB,Bathna Kritt,,,none,NONE,UNMATCHED,,,
STB,Shantipur Jn,,,none,NONE,UNMATCHED,,,
JKL,Jalalkhali H,,,none,NONE,UNMATCHED,,,
BPD,Bahadurpur,,,none,NONE,UNMATCHED,,,
DHU,Dhubulia,,,none,NONE,UNMATCHED,,,
MGM,Muragachha,,,none,NONE,UNMATCHED,,,
SVH,Sonadanga,,,none,NONE,UNMATCHED,,,
PCX,Pagla Chandi,,,none,NONE,UNMATCHED,,,
BFT,Bhabta,,,none,NONE,UNMATCHED,,,
SGV,Sargachni,,,none,NONE,UNMATCHED,,,
KRP,Krishnapur,,,none,NONE,UNMATCHED,,,
SRJN,Sirajnagar,,,none,NONE,UNMATCHED,,,
NBPH,New Balrampu,,,none,NONE,UNMATCHED,,,
SBNM,Subarnamrigi,,,none,NONE,UNMATCHED,,,
PRTL,Pirtala,,,none,NONE,UNMATCHED,,,
BARN,Baranagar Ro,,,none,NONE,UNMATCHED,,,
BLYG,Bally Ghat,,,none,NONE,UNMATCHED,,,
BLYH,Bally Halt,,,none,NONE,UNMATCHED,,,
RCD,Rajchandrapu,,,none,NONE,UNMATCHED,,,
DKAE,Dankuni Jn.,,,none,NONE,UNMATCHED,,,
GBRA,Gobra,,,none,NONE,UNMATCHED,,,
JOX,Janai Road,,,none,NONE,UNMATCHED,,,
BPAE,Begampur,,,none,NONE,UNMATCHED,,,
BRPA,Barui Para,,,none,NONE,UNMATCHED,,,
CG,Canning,,,none,NONE,UNMATCHED,,,
TLX,Taldi,,,none,NONE,UNMATCHED,,,
BTPG,Betheria Gho,,,none,NONE,UNMATCHED,,,
NBRN,Naba Raynaga,,,none,NONE,UNMATCHED,,,
GGP,Gangnapur,,,none,NONE,UNMATCHED,,,
MAJ,Majhergram,,,none,NONE,UNMATCHED,,,
AKIP,Akaipur H,,,none,NONE,UNMATCHED,,,
GN,Gopal Nagar,,,none,NONE,UNMATCHED,,,
STBB,Satberiahalt,,,none,NONE,UNMATCHED,,,
CPHT,Coopers Halt,,,none,NONE,UNMATCHED,,,
URP,Udairampur,,,none,NONE,UNMATCHED,,,
KLW,Kulpi-Flag,,,none,NONE,UNMATCHED,,,
KNJI,Karanjali,,,none,NONE,UNMATCHED,,,
NCP,Nischindapur,,,none,NONE,UNMATCHED,,,
KHGR,Kashinagar-H,,,none,NONE,UNMATCHED,,,
KWDP,Kwakdwip,,,none,NONE,UNMATCHED,,,
NMKA,Namkhana,,,none,NONE,UNMATCHED,,,
DH,Diamond Harb,,,none,NONE,UNMATCHED,,,
BSD,Basuldanga,,,none,NONE,UNMATCHED,,,
NTA,Netra,,,none,NONE,UNMATCHED,,,
D,Deula,,,none,NONE,UNMATCHED,,,
MGT,Magrahat,,,none,NONE,UNMATCHED,,,
HT,Hotar,,,none,NONE,UNMATCHED,,,
DKDP,Dakshin Durg,,,none,NONE,UNMATCHED,,,
KYP,Kalyanpur,,,none,NONE,UNMATCHED,,,
DMU,Dhamua,,,none,NONE,UNMATCHED,,,
UTN,Uttar Radhan,,,none,NONE,UNMATCHED,,,
GURN,Gurudas Naga,,,none,NONE,UNMATCHED,,,
SNU,Sangrampur,,,none,NONE,UNMATCHED,,,
BHPA,Bahirpuya Ha,,,none,NONE,UNMATCHED,,,
KMRA,Kamnara,,,none,NONE,UNMATCHED,,,
KSHT,Khetia,,,none,NONE,UNMATCHED,,,
CMDG,Chamardighi,,,none,NONE,UNMATCHED,,,
KJRA,Karjana,,,none,NONE,UNMATCHED,,,
KJRM,Karjana Gram,,,none,NONE,UNMATCHED,,,
ARNB,Amarun,,,none,NONE,UNMATCHED,,,
BTRH,Bhatar,,,none,NONE,UNMATCHED,,,
BGNA,Balgona,,,none,NONE,UNMATCHED,,,
SOF,Saota,,,none,NONE,UNMATCHED,,,
NGX,Negun,,,none,NONE,UNMATCHED,,,
KCY,Kaichar,,,none,NONE,UNMATCHED,,,
BCF,Bankapasi,,,none,NONE,UNMATCHED,,,
SIZ,Shrikhanda,,,none,NONE,UNMATCHED,,,
SPS,Shripat Shri,,,none,NONE,UNMATCHED,,,
LLH,Liluah,,,none,NONE,UNMATCHED,,,
BEQ,Belur,,,none,NONE,UNMATCHED,,,
BZL,Bela Nagar,,,none,NONE,UNMATCHED,,,
MBE,Mirzapur Ban,,,none,NONE,UNMATCHED,,,
BLAE,Balarambati,,,none,NONE,UNMATCHED,,,
MDSE,Madhusudanpu,,,none,NONE,UNMATCHED,,,
CDAE,Chandanpur,,,none,NONE,UNMATCHED,,,
PBZ,Pora Bazar,,,none,NONE,UNMATCHED,,,
BMAE,Belmuri,,,none,NONE,UNMATCHED,,,
HIH,Hajigarh,,,none,NONE,UNMATCHED,,,
GRAE,Gurap,,,none,NONE,UNMATCHED,,,
JPQ,Jhapandanga,,,none,NONE,UNMATCHED,,,
JRAE,Jaugram,,,none,NONE,UNMATCHED,,,
NBAE,Nabagram,,,none,NONE,UNMATCHED,,,
MSAE,Masagram,,,none,NONE,UNMATCHED,,,
SHBC,Sibaichandi,,,none,NONE,UNMATCHED,,,
DNHL,Dhanioiakhal,,,none,NONE,UNMATCHED,,,
CHC,Chanchai,,,none,NONE,UNMATCHED,,,
PRAE,Palla Road,,,none,NONE,UNMATCHED,,,
CRAE,Cheragram Bh,,,none,NONE,UNMATCHED,,,
BLY,Bally,,,none,NONE,UNMATCHED,,,
UPA,Uttarpara,,,none,NONE,UNMATCHED,,,
HMZ,Hindmotor,,,none,NONE,UNMATCHED,,,
KOG,Konnagar,,,none,NONE,UNMATCHED,,,
RIS,Rishra,,,none,NONE,UNMATCHED,,,
BRMH,Belurmath,,,none,NONE,UNMATCHED,,,
BBAE,Baidyabati,,,none,NONE,UNMATCHED,,,
BHR,Bhadreshwar,,,none,NONE,UNMATCHED,,,
MUU,Mankundu,,,none,NONE,UNMATCHED,,,
HGY,Hooghly,,,none,NONE,UNMATCHED,,,
DEA,Diara,,,none,NONE,UNMATCHED,,,
NSF,Nasibpur,,,none,NONE,UNMATCHED,,,
SIU,Singur,,,none,NONE,UNMATCHED,,,
KQLS,Kamarkundu H,,,none,NONE,UNMATCHED,,,
NKL,Nalikul,,,none,NONE,UNMATCHED,,,
MLYA,Maliya,,,none,NONE,UNMATCHED,,,
HPL,Hari Pal,,,none,NONE,UNMATCHED,,,
KKAE,Kaikala,,,none,NONE,UNMATCHED,,,
BAHW,Bahir Khanda,,,none,NONE,UNMATCHED,,,
LOK,Loknath,,,none,NONE,UNMATCHED,,,
TAK,Tarakeshwar,,,none,NONE,UNMATCHED,,,
MAYP,Mayapur,,,none,NONE,UNMATCHED,,,
AMBG,Arambag,,,none,NONE,UNMATCHED,,,
TLPH,Talpur,,,none,NONE,UNMATCHED,,,
TKPH,Takipur Halt,,,none,NONE,UNMATCHED,,,
PDPK,Padmapukur,,,none,NONE,UNMATCHED,,,
TPKR,Tikiapara,,,none,NONE,UNMATCHED,,,
DSNR,Dashnagar,,,none,NONE,UNMATCHED,,,
RMJ,Ramrajatala,,,none,NONE,UNMATCHED,,,
MRGM,Maurigram,,,none,NONE,UNMATCHED,,,
SEL,Sankrail,,,none,NONE,UNMATCHED,,,
ABB,Abada,,,none,NONE,UNMATCHED,,,
NALR,Nalpur,,,none,NONE,UNMATCHED,,,
BVA,Bauria Jn,,,none,NONE,UNMATCHED,,,
CGA,Chengel,,,none,NONE,UNMATCHED,,,
FLR,Fuleswar,,,none,NONE,UNMATCHED,,,
BSBP,Birshibpur,,,none,NONE,UNMATCHED,,,
KGY,Kulgachia,,,none,NONE,UNMATCHED,,,
GGTA,Ghoraghata,,,none,NONE,UNMATCHED,,,
DTE,Deulti,,,none,NONE,UNMATCHED,,,
KIG,Kolaghat,,,none,NONE,UNMATCHED,,,
NDGJ,Nandaigajan,,,none,NONE,UNMATCHED,,,
BOP,Bhogpur,,,none,NONE,UNMATCHED,,,
NPMR,Narayan Paku,,,none,NONE,UNMATCHED,,,
RGX,Raghunathbar,,,none,NONE,UNMATCHED,,,
RGA,Rajagoda,,,none,NONE,UNMATCHED,,,
SMTG,Sahid Matang,,,none,NONE,UNMATCHED,,,
KSBP,Keshabpur,,,none,NONE,UNMATCHED,,,
SSPH,Satish Saman,,,none,NONE,UNMATCHED,,,
MSDL,Mahisadal,,,none,NONE,UNMATCHED,,,
BRDB,Barda,,,none,NONE,UNMATCHED,,,
BYSA,Basulya Suta,,,none,NONE,UNMATCHED,,,
DZK,Durgachak,,,none,NONE,UNMATCHED,,,
BAAR,Bandar Ph,,,none,NONE,UNMATCHED,,,
KHAI,Khirai,,,none,NONE,UNMATCHED,,,
HAUR,Haur,,,none,NONE,UNMATCHED,,,
RDU,Radhamohanpu,,,none,NONE,UNMATCHED,,,
DUAN,Duan,,,none,NONE,UNMATCHED,,,
BCK,Balichak,,,none,NONE,UNMATCHED,,,
SMCK,Shyam Chak,,,none,NONE,UNMATCHED,,,
MPD,Madpur,,,none,NONE,UNMATCHED,,,
JPR,Jakpur,,,none,NONE,UNMATCHED,,,
AMZ,Amta,,,none,NONE,UNMATCHED,,,
HDC,Harishdadpur,,,none,NONE,UNMATCHED,,,
JLI,Jalalsi Ph,,,none,NONE,UNMATCHED,,,
MJH,Maju (Ph),,,none,NONE,UNMATCHED,,,
MHLN,Mahendralaln,,,none,NONE,UNMATCHED,,,
MNH,Munsirhat Ph,,,none,NONE,UNMATCHED,,,
PTHL,Pantihal Ph,,,none,NONE,UNMATCHED,,,
BAC,Bargachia,,,none,NONE,UNMATCHED,,,
DKB,Dakshinbari,,,none,NONE,UNMATCHED,,,
DJR,Domjur,,,none,NONE,UNMATCHED,,,
DMJR,Domjur Road,,,none,NONE,UNMATCHED,,,
MDC,Makardaha,,,none,NONE,UNMATCHED,,,
JLBR,Jhaluarbar,,,none,NONE,UNMATCHED,,,
DNI,Dansi Ph,,,none,NONE,UNMATCHED,,,
KONA,Kona Ph,,,none,NONE,UNMATCHED,,,
BKNM,Bankra Nayab,,,none,NONE,UNMATCHED,,,
PWU,Paranur,,,none,NONE,UNMATCHED,,,
RDY,Reddipalaiya,,,none,NONE,UNMATCHED,,,
VB,Villiambakka,,,none,NONE,UNMATCHED,,,
NTT,Nathapettai,,,none,NONE,UNMATCHED,,,
MMCC,Moor Market,,,none,NONE,UNMATCHED,,,
KAVM,Kathivakkam,,,none,NONE,UNMATCHED,,,
ENR,Ennore,,,none,NONE,UNMATCHED,,,
AIPP,Attipattu Pu,,,none,NONE,UNMATCHED,,,
AIP,Attipattu,,,none,NONE,UNMATCHED,,,
NPKM,Nandiyambakk,,,none,NONE,UNMATCHED,,,
MJR,Minjur,,,none,NONE,UNMATCHED,,,
APB,Anuppambattu,,,none,NONE,UNMATCHED,,,
PON,Ponneri,,,none,NONE,UNMATCHED,,,
KVP,Kavaraippett,,,none,NONE,UNMATCHED,,,
ELR,Elavur,,,none,NONE,UNMATCHED,,,
AKM,Arambakkam,,,none,NONE,UNMATCHED,,,
TADA,Tada,Chintadaripet,node/5311755231,fuzzy_name,MEDIUM,MATCHED,13.0737952,80.2738611,Q5101294
AKAT,Akkampet,,,none,NONE,UNMATCHED,,,
VPY,Veysarpadi,,,none,NONE,UNMATCHED,,,
PRWS,Pattabiram W,,,none,NONE,UNMATCHED,,,
PTLR,Puttlur,,,none,NONE,UNMATCHED,,,
SPAM,Senjipanamba,,,none,NONE,UNMATCHED,,,
EGT,Egattur,Attur,node/5349010077,fuzzy_name,MEDIUM,MATCHED,11.595226,78.5935039,Q63371891
AJJN,Arakkonam No,,,none,NONE,UNMATCHED,,,
LKPL,Lakdi Ka Pul,,,none,NONE,UNMATCHED,,,
KQD,Khairatabad,,,none,NONE,UNMATCHED,,,
NLRD,Necklace Roa,,,none,NONE,UNMATCHED,,,
NCHS,Nature Cure,,,none,NONE,UNMATCHED,,,
FNB,Fatehnagar,,,none,NONE,UNMATCHED,,,
BTNR,Bharatnagar,,,none,NONE,UNMATCHED,,,
BRBD,Borabanda,,,none,NONE,UNMATCHED,,,
HTCY,Hitech City,,,none,NONE,UNMATCHED,,,
HFZ,Hafizpeta,,,none,NONE,UNMATCHED,,,
CDNR,Chandanagar,,,none,NONE,UNMATCHED,,,
HPG,Huppuguda,,,none,NONE,UNMATCHED,,,
YKA,Yakut Pura,,,none,NONE,UNMATCHED,,,
DQR,Dabir Pura,,,none,NONE,UNMATCHED,,,
VAR,Vidya Nagar,,,none,NONE,UNMATCHED,,,
JOO,Jamai-Osmani,,,none,NONE,UNMATCHED,,,
ATC,Arts Collage,,,none,NONE,UNMATCHED,,,
JET,James Street,,,none,NONE,UNMATCHED,,,
SJVP,Sanjivaiah P,,,none,NONE,UNMATCHED,,,
NIV,Nivasar,,,none,NONE,UNMATCHED,,,
VRLI,Veravali,,,none,NONE,UNMATCHED,,,
SUAL,Saundal,,,none,NONE,UNMATCHED,,,
ZARP,Zarap,,,none,NONE,UNMATCHED,,,
MADR,Madure (H),,,none,NONE,UNMATCHED,,,
VEN,Verna,,,none,NONE,UNMATCHED,,,
MJO,Majorde Jn.,,,none,NONE,UNMATCHED,,,
SRVX,Suravali (H),,,none,NONE,UNMATCHED,,,
DIVA,Diva Jn,,,none,NONE,UNMATCHED,,,
DTVL,Dativli,,,none,NONE,UNMATCHED,,,
NIIJ,Nilje,,,none,NONE,UNMATCHED,,,
TPND,Talaja Panch,,,none,NONE,UNMATCHED,,,
NVRD,Navade Road,,,none,NONE,UNMATCHED,,,
KLMG,Kalamboli,,,none,NONE,UNMATCHED,,,
SMNE,Somtane,,,none,NONE,UNMATCHED,,,
RSYI,Rasayani,,,none,NONE,UNMATCHED,,,
APTA,Apta,,,none,NONE,UNMATCHED,,,
JITE,Jite,,,none,NONE,UNMATCHED,,,
HMRR,Hamarapur,,,none,NONE,UNMATCHED,,,
PEN,Pen,,,none,NONE,UNMATCHED,,,
KASU,Kasu,,,none,NONE,UNMATCHED,,,
NGTN,Nagothane,,,none,NONE,UNMATCHED,,,
NIDI,Nidi,,,none,NONE,UNMATCHED,,,
KOL,Kolad,,,none,NONE,UNMATCHED,,,
INP,Indapur,,,none,NONE,UNMATCHED,,,
GNO,Goregaon Roa,,,none,NONE,UNMATCHED,,,
SAPE,Sape-Wamne (,,,none,NONE,UNMATCHED,,,
KFD,Karanjadi,,,none,NONE,UNMATCHED,,,
VINH,Vinhere,,,none,NONE,UNMATCHED,,,
DWV,Diwan Khavat,,,none,NONE,UNMATCHED,,,
ANO,Anjani,,,none,NONE,UNMATCHED,,,
KMAH,Kamathe,,,none,NONE,UNMATCHED,,,
UKC,Uksi,,,none,NONE,UNMATCHED,,,
BOKE,Bhoke,,,none,NONE,UNMATCHED,,,
ULNR,Ulhasnagar,,,none,NONE,UNMATCHED,,,
ABH,Ambernath,,,none,NONE,UNMATCHED,,,
BUD,Badlapur,,,none,NONE,UNMATCHED,,,
KMST,Kamshet,,,none,NONE,UNMATCHED,,,
DAPD,Dapodi,,,none,NONE,UNMATCHED,,,
AKRD,Akurdi,,,none,NONE,UNMATCHED,,,
VDN,Vadgaon,,,none,NONE,UNMATCHED,,,
TVL,Tadwal,,,none,NONE,UNMATCHED,,,
LHN,Lachyan,,,none,NONE,UNMATCHED,,,
MNL,Minchnal,,,none,NONE,UNMATCHED,,,
SGND,Shrigonda Ro,,,none,NONE,UNMATCHED,,,
VPR,Visapur,,,none,NONE,UNMATCHED,,,
RRI,Rahuri,,,none,NONE,UNMATCHED,,,
BFJ,Bhoras Budru,,,none,NONE,UNMATCHED,,,
JMD,Jamdha,,,none,NONE,UNMATCHED,,,
RM,Rajmane,,,none,NONE,UNMATCHED,,,
MWK,Mordad Tanda,,,none,NONE,UNMATCHED,,,
SHF,Shirud,,,none,NONE,UNMATCHED,,,
BRVR,Borvihir,,,none,NONE,UNMATCHED,,,
MHAD,Mohadi Praga,,,none,NONE,UNMATCHED,,,
DHI,Dhule,,,none,NONE,UNMATCHED,,,
BNOD,Benoda,,,none,NONE,UNMATCHED,,,
PAAL,Pala,Palayam.I,node/367612325,fuzzy_name,MEDIUM,MATCHED,10.7188161,78.1292088,Q55628428
SHAD,Shahad,,,none,NONE,UNMATCHED,,,
ABY,Ambivli,,,none,NONE,UNMATCHED,,,
TLA,Titvala,,,none,NONE,UNMATCHED,,,
KDV,Khadavali,,,none,NONE,UNMATCHED,,,
VSD,Vasind,,,none,NONE,UNMATCHED,,,
ASO,Asangaon,,,none,NONE,UNMATCHED,,,
ATG,Atgaon,,,none,NONE,UNMATCHED,,,
KE,Khardi,,,none,NONE,UNMATCHED,,,
GO,Ghoti,,,none,NONE,UNMATCHED,,,
PI,Padli,,,none,NONE,UNMATCHED,,,
AV,Asvali,,,none,NONE,UNMATCHED,,,
LT,Lahavit,,,none,NONE,UNMATCHED,,,
ODHA,Odha,,,none,NONE,UNMATCHED,,,
KW,Khervadi,,,none,NONE,UNMATCHED,,,
KBSN,Kasbe Sukene,,,none,NONE,UNMATCHED,,,
UGN,Ugaon,,,none,NONE,UNMATCHED,,,
SUM,Summit,,,none,NONE,UNMATCHED,,,
PNV,Panevadi,,,none,NONE,UNMATCHED,,,
HSL,Hisvahal,,,none,NONE,UNMATCHED,,,
PJN,Panjhan,,,none,NONE,UNMATCHED,,,
PKE,Pimpar Khed,,,none,NONE,UNMATCHED,,,
NI,Naydongri,,,none,NONE,UNMATCHED,,,
HPR,Hirapur,,,none,NONE,UNMATCHED,,,
VGL,Vaghli,,,none,NONE,UNMATCHED,,,
NGD,Nagardevla,,,none,NONE,UNMATCHED,,,
GAA,Galan,,,none,NONE,UNMATCHED,,,
PHQ,Pardhade,,,none,NONE,UNMATCHED,,,
MYJ,Maheji,,,none,NONE,UNMATCHED,,,
MWD,Mhasavad,,,none,NONE,UNMATCHED,,,
SS,Shirsoli,,,none,NONE,UNMATCHED,,,
BDI,Bhadli,,,none,NONE,UNMATCHED,,,
DSK,Duskheda,,,none,NONE,UNMATCHED,,,
WGA,Waghoda,,,none,NONE,UNMATCHED,,,
AGQ,Asirgarh Roa,,,none,NONE,UNMATCHED,,,
CDI,Chandni,,,none,NONE,UNMATCHED,,,
MWA,Mandva,,,none,NONE,UNMATCHED,,,
SXA,Sagphata,,,none,NONE,UNMATCHED,,,
DGN,Dongargaon,,,none,NONE,UNMATCHED,,,
KDK,Kohdad,,,none,NONE,UNMATCHED,,,
BMA,Bagmar,,,none,NONE,UNMATCHED,,,
BRGJ,Bargaon Guja,,,none,NONE,UNMATCHED,,,
MTA,Mathela,,,none,NONE,UNMATCHED,,,
CKKD,Charkeda Khu,,,none,NONE,UNMATCHED,,,
DRHI,Dagarkhedi,,,none,NONE,UNMATCHED,,,
BRI,Bhiringi,,,none,NONE,UNMATCHED,,,
MUO,Masangaon,,,none,NONE,UNMATCHED,,,
PAL,Palasner,,,none,NONE,UNMATCHED,,,
CRK,Charkheda,,,none,NONE,UNMATCHED,,,
PGL,Pagdhal,,,none,NONE,UNMATCHED,,,
BIF,Bhaironpur,,,none,NONE,UNMATCHED,,,
DKI,Dharam Kundi,,,none,NONE,UNMATCHED,,,
DRA,Dulariya,,,none,NONE,UNMATCHED,,,
ACG,Achegaon,,,none,NONE,UNMATCHED,,,
KLHD,Kolhadi,,,none,NONE,UNMATCHED,,,
KMKD,Khamkhed,,,none,NONE,UNMATCHED,,,
WADO,Wadoda,,,none,NONE,UNMATCHED,,,
BIS,Biswa Bridge,,,none,NONE,UNMATCHED,,,
KJL,Khumgaon Bur,,,none,NONE,UNMATCHED,,,
NGZ,Shri-Kshetra,,,none,NONE,UNMATCHED,,,
GAO,Gaigaon,,,none,NONE,UNMATCHED,,,
YAD,Yeulkhed,,,none,NONE,UNMATCHED,,,
BGN,Borgaon,,,none,NONE,UNMATCHED,,,
KTP,Katepurna,,,none,NONE,UNMATCHED,,,
MANA,Mana,Manavur,node/5275671388,fuzzy_name,MEDIUM,MATCHED,13.096372,79.8012593,Q63355904
MNDA,Mandura,,,none,NONE,UNMATCHED,,,
KUM,Kuram,,,none,NONE,UNMATCHED,,,
TKI,Takli,,,none,NONE,UNMATCHED,,,
SXF,Sobhapur,,,none,NONE,UNMATCHED,,,
JHT,Juneta,,,none,NONE,UNMATCHED,,,
KFY,Karapgaon,,,none,NONE,UNMATCHED,,,
GPC,Ghatpindrai,,,none,NONE,UNMATCHED,,,
MDRR,Madhavnagar,,,none,NONE,UNMATCHED,,,
PTWA,Patwara,,,none,NONE,UNMATCHED,,,
PKRD,Pakariya Roa,,,none,NONE,UNMATCHED,,,
BUU,Bhadanpur,,,none,NONE,UNMATCHED,,,
LGCE,Lagargawan,,,none,NONE,UNMATCHED,,,
SAGM,Sagma,,,none,NONE,UNMATCHED,,,
KTHA,Khutha,,,none,NONE,UNMATCHED,,,
CTHR,Chitahara,,,none,NONE,UNMATCHED,,,
TKYR,Tikariya,,,none,NONE,UNMATCHED,,,
MKD,Markundi,,,none,NONE,UNMATCHED,,,
PNHI,Panhai,,,none,NONE,UNMATCHED,,,
KTDD,Kataiya Dand,,,none,NONE,UNMATCHED,,,
MJHR,Majhiari,,,none,NONE,UNMATCHED,,,
LOG,Lohgara,,,none,NONE,UNMATCHED,,,
MFX,Madaraha,,,none,NONE,UNMATCHED,,,
IDGJ,Iradatganj,,,none,NONE,UNMATCHED,,,
LKJN,Link Jn Cabi,,,none,NONE,UNMATCHED,,,
CHJC,Chitoda,,,none,NONE,UNMATCHED,,,
BPK,Bhugaon,,,none,NONE,UNMATCHED,,,
SNN,Sonegaon,,,none,NONE,UNMATCHED,,,
WG,Wagholi,,,none,NONE,UNMATCHED,,,
NGI,Nagri,,,none,NONE,UNMATCHED,,,
CKNI,Chikni Road,,,none,NONE,UNMATCHED,,,
TAE,Tadali Jn.,,,none,NONE,UNMATCHED,,,
BUPH,Babupeth,,,none,NONE,UNMATCHED,,,
VVKN,Vivekananda,,,none,NONE,UNMATCHED,,,
CPW,Chotipadoli,,,none,NONE,UNMATCHED,,,
TMT,Timtala,,,none,NONE,UNMATCHED,,,
MLR,Malkhed,,,none,NONE,UNMATCHED,,,
TLN,Talni,,,none,NONE,UNMATCHED,,,
KAOT,Kaotha,,,none,NONE,UNMATCHED,,,
DAE,Dahegaon,,,none,NONE,UNMATCHED,,,
DIP,Dipore,,,none,NONE,UNMATCHED,,,
BYS,Barsali,,,none,NONE,UNMATCHED,,,
MALK,Malkapur Roa,,,none,NONE,UNMATCHED,,,
LLD,Lalawadi,,,none,NONE,UNMATCHED,,,
JMV,Jambara,,,none,NONE,UNMATCHED,,,
BCRD,Barchhi Road,,,none,NONE,UNMATCHED,,,
BQM,Barelipar,,,none,NONE,UNMATCHED,,,
MKDN,Markadhana,,,none,NONE,UNMATCHED,,,
HRG,Hirdagarh,,,none,NONE,UNMATCHED,,,
PCLI,Palachauri,,,none,NONE,UNMATCHED,,,
IKR,Iklehra,,,none,NONE,UNMATCHED,,,
KUX,Khirasdoh Jn,,,none,NONE,UNMATCHED,,,
GNW,Gangiwara,,,none,NONE,UNMATCHED,,,
VADR,Varud,,,none,NONE,UNMATCHED,,,
SLOR,Seloo Road,,,none,NONE,UNMATCHED,,,
BOK,Borkhedi,,,none,NONE,UNMATCHED,,,
GMG,Gumgaon,,,none,NONE,UNMATCHED,,,
KRI,Khapri,,,none,NONE,UNMATCHED,,,
GNQ,Godhani,,,none,NONE,UNMATCHED,,,
BWRA,Bharatwada,,,none,NONE,UNMATCHED,,,
KOHL,Kohli,,,none,NONE,UNMATCHED,,,
SNKB,Sonkhamb,,,none,NONE,UNMATCHED,,,
MER,Metpanjra,,,none,NONE,UNMATCHED,,,
KLBA,Kalambha,,,none,NONE,UNMATCHED,,,
TNH,Tinkheda,,,none,NONE,UNMATCHED,,,
DDMT,Darimeta,,,none,NONE,UNMATCHED,,,
TEO,Teegaon,,,none,NONE,UNMATCHED,,,
GDKP,Ghundankhapa,,,none,NONE,UNMATCHED,,,
CCD,Chichonda,,,none,NONE,UNMATCHED,,,
HTN,Hatnapur,,,none,NONE,UNMATCHED,,,
JKR,Jaulkhera,,,none,NONE,UNMATCHED,,,
PDI,Palasdari,,,none,NONE,UNMATCHED,,,
MVL,Malavli,,,none,NONE,UNMATCHED,,,
KNHE,Kanhe,,,none,NONE,UNMATCHED,,,
GRWD,Ghorawadi,,,none,NONE,UNMATCHED,,,
KSWD,Kasarwadi,,,none,NONE,UNMATCHED,,,
BGWI,Begdaewai,,,none,NONE,UNMATCHED,,,
HDP,Hadapsar,,,none,NONE,UNMATCHED,,,
MJBK,Manjari Budr,,,none,NONE,UNMATCHED,,,
LONI,Loni,,,none,NONE,UNMATCHED,,,
YT,Yevat,,,none,NONE,UNMATCHED,,,
KTT,Khutbav,,,none,NONE,UNMATCHED,,,
KDTN,Kadethan,,,none,NONE,UNMATCHED,,,
PAA,Patas,,,none,NONE,UNMATCHED,,,
MDDG,Maladgaon,,,none,NONE,UNMATCHED,,,
SSF,Sirsuphal,,,none,NONE,UNMATCHED,,,
KFH,Katphal,,,none,NONE,UNMATCHED,,,
BRMT,Baramati,,,none,NONE,UNMATCHED,,,
KSTH,Kashti,,,none,NONE,UNMATCHED,,,
BWD,Belvandi,,,none,NONE,UNMATCHED,,,
RNJD,Ranjan Gaon,,,none,NONE,UNMATCHED,,,
SRL,Sarola,,,none,NONE,UNMATCHED,,,
AKR,Akolner,,,none,NONE,UNMATCHED,,,
VL,Vilad,,,none,NONE,UNMATCHED,,,
VBR,Vambori,,,none,NONE,UNMATCHED,,,
TKMY,Taklimiya Ha,,,none,NONE,UNMATCHED,,,
PDGN,Padhegaon,,,none,NONE,UNMATCHED,,,
NPW,Nipani Vadga,,,none,NONE,UNMATCHED,,,
CIT,Chitali,,,none,NONE,UNMATCHED,,,
KNGN,Kanhegaon,,,none,NONE,UNMATCHED,,,
SNVR,Sanvatsar,,,none,NONE,UNMATCHED,,,
VJR,Vijaya Nagar,,,none,NONE,UNMATCHED,,,
BGWD,Bagewadi H,,,none,NONE,UNMATCHED,,,
PRKH,Parakanhatti,,,none,NONE,UNMATCHED,,,
SUL,Suldhal,,,none,NONE,UNMATCHED,,,
SBH,Sulebhavi,,,none,NONE,UNMATCHED,,,
SXB,Sambre,,,none,NONE,UNMATCHED,,,
TGT,Tinaighat,,,none,NONE,UNMATCHED,,,
GRMT,Gud Market,,,none,NONE,UNMATCHED,,,
SSV,Sasvad Road,,,none,NONE,UNMATCHED,,,
FSG,Phursungi,,,none,NONE,UNMATCHED,,,
ALN,Alandi,,,none,NONE,UNMATCHED,,,
SHIV,Shindawane,,,none,NONE,UNMATCHED,,,
RJW,Rajewadi,,,none,NONE,UNMATCHED,,,
DNJ,Daundaj,,,none,NONE,UNMATCHED,,,
WLH,Valha,,,none,NONE,UNMATCHED,,,
SLP,Salpa,,,none,NONE,UNMATCHED,,,
AKI,Adarki,,,none,NONE,UNMATCHED,,,
PLV,Palsi,,,none,NONE,UNMATCHED,,,
SNE,Shenoli,,,none,NONE,UNMATCHED,,,
ANQ,Amnapur,,,none,NONE,UNMATCHED,,,
NDE,Nandre,,,none,NONE,UNMATCHED,,,
MDVR,Madhavnagar,,,none,NONE,UNMATCHED,,,
BYC,Bellarycantt,,,none,NONE,UNMATCHED,,,
KDN,Kudatini,,,none,NONE,UNMATCHED,,,
GNR,Gadiganuru,,,none,NONE,UNMATCHED,,,
PKL,Papinayakana,,,none,NONE,UNMATCHED,,,
KGW,Kariganuru,,,none,NONE,UNMATCHED,,,
HTNL,Hitnal H,,,none,NONE,UNMATCHED,,,
BNA,Bannikoppa,,,none,NONE,UNMATCHED,,,
SOQ,Sompur Road,,,none,NONE,UNMATCHED,,,
RLP,Harla Pur,,,none,NONE,UNMATCHED,,,
CTH,Chikalthan,,,none,NONE,UNMATCHED,,,
KMV,Karmad,,,none,NONE,UNMATCHED,,,
SVD,Sarwari,,,none,NONE,UNMATCHED,,,
KODI,Kodi,,,none,NONE,UNMATCHED,,,
RNE,Ranjani,,,none,NONE,UNMATCHED,,,
PDG,Paradgaon Ha,,,none,NONE,UNMATCHED,,,
UPR,Usmanpur,,,none,NONE,UNMATCHED,,,
SCO,Satuna,,,none,NONE,UNMATCHED,,,
DGPP,Dhengli Pimp,,,none,NONE,UNMATCHED,,,
DAV,Devalganauch,,,none,NONE,UNMATCHED,,,
PG,Pergaon,,,none,NONE,UNMATCHED,,,
PIZ,Pingli,,,none,NONE,UNMATCHED,,,
MQL,Mirkhal,,,none,NONE,UNMATCHED,,,
CRU,Chudawa,,,none,NONE,UNMATCHED,,,
LBG,Limbgaon,,,none,NONE,UNMATCHED,,,
WNG,Wanegaon Hal,,,none,NONE,UNMATCHED,,,
PARD,Pathrad Halt,,,none,NONE,UNMATCHED,,,
MGC,Mugat,,,none,NONE,UNMATCHED,,,
SVN,Sivungaon,,,none,NONE,UNMATCHED,,,
SLGH,Shelgaon Hal,,,none,NONE,UNMATCHED,,,
BLSA,Bolsa,,,none,NONE,UNMATCHED,,,
SQE,Samarala Hal,,,none,NONE,UNMATCHED,,,
FKB,Fakhrabad Ha,,,none,NONE,UNMATCHED,,,
NVT,Navipet,,,none,NONE,UNMATCHED,,,
JKM,Jankampet Jn,,,none,NONE,UNMATCHED,,,
GTU,Ghatnandur,,,none,NONE,UNMATCHED,,,
MRTY,Murti Halt,,,none,NONE,UNMATCHED,,,
KRPR,Karepur Halt,,,none,NONE,UNMATCHED,,,
WDLN,Wadwalnagnat,,,none,NONE,UNMATCHED,,,
OSA,Ausa Road,,,none,NONE,UNMATCHED,,,
MRX,Murud,,,none,NONE,UNMATCHED,,,
DKY,Dhoki,,,none,NONE,UNMATCHED,,,
KMRD,Kalamb Road,,,none,NONE,UNMATCHED,,,
YSI,Yedsi,,,none,NONE,UNMATCHED,,,
PJR,Pangri,,,none,NONE,UNMATCHED,,,
SEI,Shendri,,,none,NONE,UNMATCHED,,,
LAUL,Laul,,,none,NONE,UNMATCHED,,,
WSD,Wasud,,,none,NONE,UNMATCHED,,,
JVA,Javale,,,none,NONE,UNMATCHED,,,
LNP,Langarpeth,,,none,NONE,UNMATCHED,,,
AGDL,Agran Dhulga,,,none,NONE,UNMATCHED,,,
BLNK,Belanki,,,none,NONE,UNMATCHED,,,
BLWD,Bolwad,,,none,NONE,UNMATCHED,,,
BMNI,Bamani,,,none,NONE,UNMATCHED,,,
SNGR,Sangannapur,,,none,NONE,UNMATCHED,,,
PKNS,Pokharni Nar,,,none,NONE,UNMATCHED,,,
DNDI,Dhondi Halt,,,none,NONE,UNMATCHED,,,
WDN,Vadgaon Nila,,,none,NONE,UNMATCHED,,,
UKH,Ukhali Halt,,,none,NONE,UNMATCHED,,,
RTZ,Ratona,,,none,NONE,UNMATCHED,,,
DGD,Dangidahar,,,none,NONE,UNMATCHED,,,
GTY,Golapatti,,,none,NONE,UNMATCHED,,,
RTGN,Ratangaon,,,none,NONE,UNMATCHED,,,
PTHD,Patohan,,,none,NONE,UNMATCHED,,,
MJGP,Majhgawan Ph,,,none,NONE,UNMATCHED,,,
MDXR,Mudaria,,,none,NONE,UNMATCHED,,,
MDGR,Manendragarh,,,none,NONE,UNMATCHED,,,
CHRM,Chirmiri,,,none,NONE,UNMATCHED,,,
MDVK,Mahadeo Khed,,,none,NONE,UNMATCHED,,,
SRKI,Semer Khedi,,,none,NONE,UNMATCHED,,,
KXB,Kanjia,,,none,NONE,UNMATCHED,,,
GVB,Guneru Bamor,,,none,NONE,UNMATCHED,,,
RTWS,Rahatwas,,,none,NONE,UNMATCHED,,,
ORR,Orr,,,none,NONE,UNMATCHED,,,
HPKA,Hinotia-Pipa,,,none,NONE,UNMATCHED,,,
RIKA,Ratikheda,,,none,NONE,UNMATCHED,,,
SHDR,Shahdoragaon,,,none,NONE,UNMATCHED,,,
PIGT,Pilighat,,,none,NONE,UNMATCHED,,,
PGA,Pagara,,,none,NONE,UNMATCHED,,,
MABN,Maban,,,none,NONE,UNMATCHED,,,
CDSL,Chandresal,,,none,NONE,UNMATCHED,,,
DXD,Digod,,,none,NONE,UNMATCHED,,,
SKPA,Sri Kalyan P,,,none,NONE,UNMATCHED,,,
BON,Bhonra,,,none,NONE,UNMATCHED,,,
BJK,Bijora,,,none,NONE,UNMATCHED,,,
SDLK,Sundlak,,,none,NONE,UNMATCHED,,,
CJW,Chhajawa,,,none,NONE,UNMATCHED,,,
POR,Piplod Road,,,none,NONE,UNMATCHED,,,
ATRU,Atru,,,none,NONE,UNMATCHED,,,
SYL,Salpura,,,none,NONE,UNMATCHED,,,
KOLI,Kesholi,,,none,NONE,UNMATCHED,,,
BLO,Bhulon,,,none,NONE,UNMATCHED,,,
MTPC,Motipura Cha,,,none,NONE,UNMATCHED,,,
DHR,Dharnaoda,,,none,NONE,UNMATCHED,,,
CRKR,Chaurakheri,,,none,NONE,UNMATCHED,,,
MUGA,Mahugara,,,none,NONE,UNMATCHED,,,
KTKD,Katangi Khur,,,none,NONE,UNMATCHED,,,
LEK,Lakhakera,,,none,NONE,UNMATCHED,,,
SLHA,Salhana,,,none,NONE,UNMATCHED,,,
PWK,Pipariyakela,,,none,NONE,UNMATCHED,,,
DMYA,Damay,,,none,NONE,UNMATCHED,,,
CTJ,Chateni,,,none,NONE,UNMATCHED,,,
BARD,Dubrikalan,,,none,NONE,UNMATCHED,,,
KNC,Kanchanpur R,,,none,NONE,UNMATCHED,,,
JOBA,Joba,,,none,NONE,UNMATCHED,,,
SKBR,Shankarpur B,,,none,NONE,UNMATCHED,,,
BSDL,Bharsendi,,,none,NONE,UNMATCHED,,,
SSGJ,Surasaraigha,,,none,NONE,UNMATCHED,,,
GAJB,Gajara Bahar,,,none,NONE,UNMATCHED,,,
DRGM,Deoragram,,,none,NONE,UNMATCHED,,,
MHDA,Mahadiya,,,none,NONE,UNMATCHED,,,
CHRK,Churki,,,none,NONE,UNMATCHED,,,
KDRD,Khuldil Road,,,none,NONE,UNMATCHED,,,
MWF,Magardaha,,,none,NONE,UNMATCHED,,,
PPKD,Paprakund,,,none,NONE,UNMATCHED,,,
BXLL,Billi,,,none,NONE,UNMATCHED,,,
BBAR,Bara,Tambaram,node/5286945822,fuzzy_name,MEDIUM,MATCHED,12.9257923,80.1179194,Q7681017
MZHL,Majhauli,,,none,NONE,UNMATCHED,,,
KHA,Khaigaon,,,none,NONE,UNMATCHED,,,
BIR,Bir,,,none,NONE,UNMATCHED,,,
KMA,Kaima,,,none,NONE,UNMATCHED,,,
SKAR,Sakariya,,,none,NONE,UNMATCHED,,,
HNM,Hinota Ramba,,,none,NONE,UNMATCHED,,,
GGGS,Garha Goods,,,none,NONE,UNMATCHED,,,
GRG,Guwari Ghat,,,none,NONE,UNMATCHED,,,
JPV,Jmtra Parasw,,,none,NONE,UNMATCHED,,,
CRE,Chorghat Pip,,,none,NONE,UNMATCHED,,,
BUQ,Bargi,,,none,NONE,UNMATCHED,,,
SOY,Sukrimangela,,,none,NONE,UNMATCHED,,,
KDHI,Kaladehi,,,none,NONE,UNMATCHED,,,
DRPH,Devri P.H,,,none,NONE,UNMATCHED,,,
SKY,Shikara,,,none,NONE,UNMATCHED,,,
VNK,Binaiki,,,none,NONE,UNMATCHED,,,
GNS,Ghonsor,,,none,NONE,UNMATCHED,,,
NDNI,Nidhani,,,none,NONE,UNMATCHED,,,
PRTR,Puttarra,,,none,NONE,UNMATCHED,,,
PDE,Pindrai,,,none,NONE,UNMATCHED,,,
JONR,Jeonara,,,none,NONE,UNMATCHED,,,
NIR,Nainpur Jn.,,,none,NONE,UNMATCHED,,,
PRDL,Paradol,,,none,NONE,UNMATCHED,,,
HATI,Hati,,,none,NONE,UNMATCHED,,,
MSV,Mustra,,,none,NONE,UNMATCHED,,,
GRM,Garhmau,,,none,NONE,UNMATCHED,,,
PIC,Paricha,,,none,NONE,UNMATCHED,,,
PTSC,Paricha Ther,,,none,NONE,UNMATCHED,,,
NDK,Nandkhas,,,none,NONE,UNMATCHED,,,
ERC,Erich Road,,,none,NONE,UNMATCHED,,,
PRN,Parauna,,,none,NONE,UNMATCHED,,,
BHUA,Bhua,,,none,NONE,UNMATCHED,,,
ATA,Ata,,,none,NONE,UNMATCHED,,,
CNH,Chaunrah,,,none,NONE,UNMATCHED,,,
MLS,Malasa,,,none,NONE,UNMATCHED,,,
TLNH,Tilaunchi,,,none,NONE,UNMATCHED,,,
RPGU,Rasulpur Gog,,,none,NONE,UNMATCHED,,,
BNAR,Binaur,,,none,NONE,UNMATCHED,,,
ORC,Orchha,,,none,NONE,UNMATCHED,,,
MGRR,Magarpur,,,none,NONE,UNMATCHED,,,
TKA,Teharka,,,none,NONE,UNMATCHED,,,
RNRD,Ranipur Road,,,none,NONE,UNMATCHED,,,
RORA,Rora,,,none,NONE,UNMATCHED,,,
GTI,Ghutai,,,none,NONE,UNMATCHED,,,
CRC,Charkhari Ro,,,none,NONE,UNMATCHED,,,
BPRA,Baripura,,,none,NONE,UNMATCHED,,,
KBR,Kabrai,,,none,NONE,UNMATCHED,,,
DWI,Dingwai,,,none,NONE,UNMATCHED,,,
BUS,Badausa,,,none,NONE,UNMATCHED,,,
BIP,Bahilpurwa,,,none,NONE,UNMATCHED,,,
OHAN,Ohan Cabin,,,none,NONE,UNMATCHED,,,
AGD,Agasod,,,none,NONE,UNMATCHED,,,
KOA,Karonda,,,none,NONE,UNMATCHED,,,
MXS,Mohasa,,,none,NONE,UNMATCHED,,,
JRO,Jiron,,,none,NONE,UNMATCHED,,,
DWA,Dailwara,,,none,NONE,UNMATCHED,,,
JHA,Jakhaura,,,none,NONE,UNMATCHED,,,
BJA,Bijrotha,,,none,NONE,UNMATCHED,,,
DLA,Daulta,,,none,NONE,UNMATCHED,,,
MZX,Matatila,,,none,NONE,UNMATCHED,,,
BPW,Burhpura,,,none,NONE,UNMATCHED,,,
KHJ,Khajraha,,,none,NONE,UNMATCHED,,,
BJI,Bijauli,,,none,NONE,UNMATCHED,,,
CPB,Kanpur Bridg,,,none,NONE,UNMATCHED,,,
MGW,Magarwara,,,none,NONE,UNMATCHED,,,
SIC,Sonik,,,none,NONE,UNMATCHED,,,
AJ,Ajgain,,,none,NONE,UNMATCHED,,,
KVX,Kusumbhi,,,none,NONE,UNMATCHED,,,
JTU,Jaitipur,,,none,NONE,UNMATCHED,,,
HRN,Harauni,,,none,NONE,UNMATCHED,,,
POF,Piparsand,,,none,NONE,UNMATCHED,,,
AMS,Amausi,,,none,NONE,UNMATCHED,,,
MKG,Manak Nagar,,,none,NONE,UNMATCHED,,,
KRQ,Karari,,,none,NONE,UNMATCHED,,,
KTRA,Kotra,,,none,NONE,UNMATCHED,,,
SMTL,Simariatal,,,none,NONE,UNMATCHED,,,
AEH,Anantpaith,,,none,NONE,UNMATCHED,,,
ARI,Antri,,,none,NONE,UNMATCHED,,,
SLV,Sandalpur,,,none,NONE,UNMATCHED,,,
STLI,Sithouli,,,none,NONE,UNMATCHED,,,
BLNR,Birlanagar,,,none,NONE,UNMATCHED,,,
RRU,Rayaru,,,none,NONE,UNMATCHED,,,
NUB,Nurabad,,,none,NONE,UNMATCHED,,,
SIKD,Sikroda Kwan,,,none,NONE,UNMATCHED,,,
HET,Hetampur,,,none,NONE,UNMATCHED,,,
MIA,Mania,,,none,NONE,UNMATCHED,,,
JJ,Jajau,,,none,NONE,UNMATCHED,,,
BHA,Bhandai,,,none,NONE,UNMATCHED,,,
DAYG,Dariyaganj,,,none,NONE,UNMATCHED,,,
BSRI,Basari,,,none,NONE,UNMATCHED,,,
ISHN,Ishanagar,,,none,NONE,UNMATCHED,,,
RAPU,Rampura,,,none,NONE,UNMATCHED,,,
TILA,Tila,,,none,NONE,UNMATCHED,,,
KHGP,Khargapur,,,none,NONE,UNMATCHED,,,
SKNP,Sarkanpur,,,none,NONE,UNMATCHED,,,
MWAI,Mawai,,,none,NONE,UNMATCHED,,,
UDPR,Udaipura,,,none,NONE,UNMATCHED,,,
BRRI,Birari,,,none,NONE,UNMATCHED,,,
JHSA,Jhansi A Cab,,,none,NONE,UNMATCHED,,,
CHIT,Chithari Hal,,,none,NONE,UNMATCHED,,,
RGLI,Raghouli,,,none,NONE,UNMATCHED,,,
SPDM,Singhpurdumr,,,none,NONE,UNMATCHED,,,
RJAK,Rajnagar K H,,,none,NONE,UNMATCHED,,,
PRKD,Powar Kheda,,,none,NONE,UNMATCHED,,,
BKA,Barkheda,,,none,NONE,UNMATCHED,,,
MSO,Misrod,,,none,NONE,UNMATCHED,,,
SUW,Sukhi Sewani,,,none,NONE,UNMATCHED,,,
SORI,Sorai,,,none,NONE,UNMATCHED,,,
SUMR,Sumer,,,none,NONE,UNMATCHED,,,
PAI,Pabai,,,none,NONE,UNMATCHED,,,
KIKA,Kurwai Ketho,,,none,NONE,UNMATCHED,,,
MJY,Maramjhiri,,,none,NONE,UNMATCHED,,,
DHQ,Dharakoh,,,none,NONE,UNMATCHED,,,
MGRD,Magardoh,,,none,NONE,UNMATCHED,,,
DOH,Dhodramohar,,,none,NONE,UNMATCHED,,,
POX,Polapatthar,,,none,NONE,UNMATCHED,,,
KQE,Kala Akhar,,,none,NONE,UNMATCHED,,,
SAHL,Saheli,,,none,NONE,UNMATCHED,,,
TAKU,Taku,,,none,NONE,UNMATCHED,,,
KRTH,Kiratgarh,,,none,NONE,UNMATCHED,,,
KNH,Konch,,,none,NONE,UNMATCHED,,,
TRWT,Tarwata,,,none,NONE,UNMATCHED,,,
RSJ,Rayser Jagir,,,none,NONE,UNMATCHED,,,
LWS,Lukwasa,,,none,NONE,UNMATCHED,,,
KCR,Khonkar,,,none,NONE,UNMATCHED,,,
KAW,Khajuri,,,none,NONE,UNMATCHED,,,
PARH,Para Kheda,,,none,NONE,UNMATCHED,,,
MOJ,Mohana,,,none,NONE,UNMATCHED,,,
GHAI,Ghatigaon,,,none,NONE,UNMATCHED,,,
PNHR,Panihar,,,none,NONE,UNMATCHED,,,
BFP,Bilochpura (,,,none,NONE,UNMATCHED,,,
RNKA,Runkuta,,,none,NONE,UNMATCHED,,,
KXM,Kitham,,,none,NONE,UNMATCHED,,,
FAR,Farah,,,none,NONE,UNMATCHED,,,
BAD,Baad,,,none,NONE,UNMATCHED,,,
BTSR,Bhuteshwar,,,none,NONE,UNMATCHED,,,
VRBD,Vrindaban Ro,,,none,NONE,UNMATCHED,,,
AJH,Ajhai,,,none,NONE,UNMATCHED,,,
BNCR,Banchari,,,none,NONE,UNMATCHED,,,
SHLK,Sholaka,,,none,NONE,UNMATCHED,,,
RDE,Rundhi,,,none,NONE,UNMATCHED,,,
PYLA,Piyala Block,,,none,NONE,UNMATCHED,,,
BHHZ,Behta Hazipu,,,none,NONE,UNMATCHED,,,
NTG,Nusratabad K,,,none,NONE,UNMATCHED,,,
AIH,Alawalpur Id,,,none,NONE,UNMATCHED,,,
BADK,Barka Halt,,,none,NONE,UNMATCHED,,,
BAOL,Bawli Halt,,,none,NONE,UNMATCHED,,,
BDHP,Bhudpur,,,none,NONE,UNMATCHED,,,
ASAR,Asra Halt,,,none,NONE,UNMATCHED,,,
AILM,Ailam Halt,,,none,NONE,UNMATCHED,,,
KZI,Khandrawali,,,none,NONE,UNMATCHED,,,
GLBN,Gujran-Balwa,,,none,NONE,UNMATCHED,,,
SLWR,Silawar,,,none,NONE,UNMATCHED,,,
HHP,Harhar Fateh,,,none,NONE,UNMATCHED,,,
TBTN,Thana Bhawan,,,none,NONE,UNMATCHED,,,
NNX,Nanauta,,,none,NONE,UNMATCHED,,,
SNAP,Sona Arjunpu,,,none,NONE,UNMATCHED,,,
BNQL,Bhankala,,,none,NONE,UNMATCHED,,,
MNZ,Manani,,,none,NONE,UNMATCHED,,,
SMDP,Shahabad Muh,,,none,NONE,UNMATCHED,,,
BDXT,Basai Dhanko,,,none,NONE,UNMATCHED,,,
MROA,Mora,Morappur,node/5615288917,fuzzy_name,MEDIUM,MATCHED,12.1259048,78.394782,Q63355419
GDO,Goverdhan,,,none,NONE,UNMATCHED,,,
BEHJ,Behaj,,,none,NONE,UNMATCHED,,,
DEEG,Deeg,,,none,NONE,UNMATCHED,,,
BEDM,Bedham,,,none,NONE,UNMATCHED,,,
BINR,Brij Nagar,,,none,NONE,UNMATCHED,,,
GVH,Govindgarh,,,none,NONE,UNMATCHED,,,
JBS,Jadoli Ka Ba,,,none,NONE,UNMATCHED,,,
RAH,Ramgarh,,,none,NONE,UNMATCHED,,,
OTD,Ootward,,,none,NONE,UNMATCHED,,,
MWW,Mahwa,,,none,NONE,UNMATCHED,,,
DGW,Dhigawara,,,none,NONE,UNMATCHED,,,
SRRG,Surer,,,none,NONE,UNMATCHED,,,
GLNA,Golana  Halt,,,none,NONE,UNMATCHED,,,
ARNA,Arniya,,,none,NONE,UNMATCHED,,,
KVGM,Kolvagram,,,none,NONE,UNMATCHED,,,
BAK,Bhan Kari,,,none,NONE,UNMATCHED,,,
JW,Jatwara,,,none,NONE,UNMATCHED,,,
BSKO,Banskho,,,none,NONE,UNMATCHED,,,
JHIR,Jhir,,,none,NONE,UNMATCHED,,,
KUT,Kanauta,,,none,NONE,UNMATCHED,,,
FLD,Phulad,,,none,NONE,UNMATCHED,,,
GGO,Goram Ghat,,,none,NONE,UNMATCHED,,,
KBK,Khamil Ghat,,,none,NONE,UNMATCHED,,,
DOHM,Devgadh Mada,,,none,NONE,UNMATCHED,,,
DJKR,Dalaji-Ka-Kh,,,none,NONE,UNMATCHED,,,
KRKM,Khara-Kameri,,,none,NONE,UNMATCHED,,,
CBG,Charbhuja Ro,,,none,NONE,UNMATCHED,,,
LSG,Lawa Sardarg,,,none,NONE,UNMATCHED,,,
KXA,Kunariya,,,none,NONE,UNMATCHED,,,
KDL,Kankroli,,,none,NONE,UNMATCHED,,,
BJN,Bejnal,,,none,NONE,UNMATCHED,,,
TMGN,Thamla Mogan,,,none,NONE,UNMATCHED,,,
MRWS,Marwar Ranaw,,,none,NONE,UNMATCHED,,,
GWO,Gwalior (Ng),,,none,NONE,UNMATCHED,,,
GOPA,Ghosipura,,,none,NONE,UNMATCHED,,,
MTJL,Motijheel,,,none,NONE,UNMATCHED,,,
MIAL,Milavali Hal,,,none,NONE,UNMATCHED,,,
BMZ,Bamour Gaon,,,none,NONE,UNMATCHED,,,
ABE,Ambikeshwar,,,none,NONE,UNMATCHED,,,
SMV,Sumaoli,,,none,NONE,UNMATCHED,,,
THR,Thara,,,none,NONE,UNMATCHED,,,
JPO,Jora Alapur,,,none,NONE,UNMATCHED,,,
SKU,Sikroda,,,none,NONE,UNMATCHED,,,
BHAT,Bhatpura,,,none,NONE,UNMATCHED,,,
KQS,Kailaras,,,none,NONE,UNMATCHED,,,
SYF,Semai,,,none,NONE,UNMATCHED,,,
PPCK,Pipalwali Ch,,,none,NONE,UNMATCHED,,,
SBL,Sabalgarh,,,none,NONE,UNMATCHED,,,
RMPH,Rampahari,,,none,NONE,UNMATCHED,,,
BJPR,Bijaipur Roa,,,none,NONE,UNMATCHED,,,
KAKN,Kaimarakalan,,,none,NONE,UNMATCHED,,,
BIB,Birpur,,,none,NONE,UNMATCHED,,,
SPRA,Sillipur,,,none,NONE,UNMATCHED,,,
IKD,Ikdori,,,none,NONE,UNMATCHED,,,
TKLN,Tarra Kalan,,,none,NONE,UNMATCHED,,,
SEX,Seroni Road,,,none,NONE,UNMATCHED,,,
KJP,Khojeepura,,,none,NONE,UNMATCHED,,,
DURP,Durgapuri,,,none,NONE,UNMATCHED,,,
GIW,Girdharpur,,,none,NONE,UNMATCHED,,,
DTQ,Datarda Kala,,,none,NONE,UNMATCHED,,,
SOE,Sheopur Kala,,,none,NONE,UNMATCHED,,,
DGPI,Durgapuri,,,none,NONE,UNMATCHED,,,
DHOA,Dholpur (Ng),,,none,NONE,UNMATCHED,,,
NPH,Nurpura Halt,,,none,NONE,UNMATCHED,,,
GIS,Garhi Sandra,,,none,NONE,UNMATCHED,,,
SRTE,Soorothee,,,none,NONE,UNMATCHED,,,
BARI,Bari,,,none,NONE,UNMATCHED,,,
MHF,Mohari,,,none,NONE,UNMATCHED,,,
RNB,Ranpura,,,none,NONE,UNMATCHED,,,
AGE,Angai Halt,,,none,NONE,UNMATCHED,,,
SRMT,Sirmuttra,,,none,NONE,UNMATCHED,,,
BED,Baseri,,,none,NONE,UNMATCHED,,,
BFG,Bagthar,,,none,NONE,UNMATCHED,,,
TPO,Tantpur,,,none,NONE,UNMATCHED,,,
PBE,Pilibhit Jn.,,,none,NONE,UNMATCHED,,,
DYU,Diyuri  Halt,,,none,NONE,UNMATCHED,,,
MALA,Mala,Ponmalai (Golden Rock),node/5300868168,fuzzy_name,MEDIUM,MATCHED,10.7915686,78.7104342,Q16898675
SNDY,Sandai (Halt,,,none,NONE,UNMATCHED,,,
SG,Shahgarh,,,none,NONE,UNMATCHED,,,
PRSP,Prasadpur (H,,,none,NONE,UNMATCHED,,,
PP,Puranpur,,,none,NONE,UNMATCHED,,,
UDKN,Udaypur Khur,,,none,NONE,UNMATCHED,,,
DYK,Dudhia Khurd,,,none,NONE,UNMATCHED,,,
KRYA,Kurraiya,,,none,NONE,UNMATCHED,,,
SW,Sehramau,,,none,NONE,UNMATCHED,,,
ALNP,Akela Hanspu,,,none,NONE,UNMATCHED,,,
MLN,Mailani Jn.,,,none,NONE,UNMATCHED,,,
SZP,Shahjahanpur,,,none,NONE,UNMATCHED,,,
SZN,Shahbaznagar,,,none,NONE,UNMATCHED,,,
ARX,Areli (Halt),,,none,NONE,UNMATCHED,,,
DOT,Dhakia Tiwar,,,none,NONE,UNMATCHED,,,
NOH,Nigohi,,,none,NONE,UNMATCHED,,,
VZPH,Vazeer Pur,,,none,NONE,UNMATCHED,,,
ZNP,Zindpura (Ha,,,none,NONE,UNMATCHED,,,
CKSR,Chaksafaura,,,none,NONE,UNMATCHED,,,
MIW,Mighauna (Ha,,,none,NONE,UNMATCHED,,,
BSUR,Bisalpur,,,none,NONE,UNMATCHED,,,
SNZ,Sherganj (Ha,,,none,NONE,UNMATCHED,,,
BFPA,Bhopatpur,,,none,NONE,UNMATCHED,,,
PUF,Pauta (Halt),,,none,NONE,UNMATCHED,,,
PTPR,Pratabpur Ha,,,none,NONE,UNMATCHED,,,
KIE,Khiria Khurd,,,none,NONE,UNMATCHED,,,
TQN,Tikunia,,,none,NONE,UNMATCHED,,,
BXM,Belrayan,,,none,NONE,UNMATCHED,,,
DDW,Dudwa,,,none,NONE,UNMATCHED,,,
PLK,Palia Kalan,,,none,NONE,UNMATCHED,,,
BIK,Bhira Kheri,,,none,NONE,UNMATCHED,,,
BRK,Bahraich,,,none,NONE,UNMATCHED,,,
RS,Risia,,,none,NONE,UNMATCHED,,,
MT,Matera,,,none,NONE,UNMATCHED,,,
NNP,Nanpara Jn.,,,none,NONE,UNMATCHED,,,
RBJ,Raibojha,,,none,NONE,UNMATCHED,,,
MIN,Mihinpurwa,,,none,NONE,UNMATCHED,,,
KARH,Kakraha Rest,,,none,NONE,UNMATCHED,,,
MUH,Murtiha,,,none,NONE,UNMATCHED,,,
NSA,Nishangara,,,none,NONE,UNMATCHED,,,
BIC,Bichia,,,none,NONE,UNMATCHED,,,
MJPB,Manjhra Pura,,,none,NONE,UNMATCHED,,,
KYBR,Khairatiya B,,,none,NONE,UNMATCHED,,,
GIHT,Gaighat Halt,,,none,NONE,UNMATCHED,,,
BBJ,Babaganj Hal,,,none,NONE,UNMATCHED,,,
NPR,Nepalganj Ro,,,none,NONE,UNMATCHED,,,
BOF,Barog,,,none,NONE,UNMATCHED,,,
SML,Shimla,,,none,NONE,UNMATCHED,,,
DMP,Dharampur Hi,,,none,NONE,UNMATCHED,,,
KMTI,Kumarhatti D,,,none,NONE,UNMATCHED,,,
SOL,Solan,,,none,NONE,UNMATCHED,,,
SLR,Salogra,,,none,NONE,UNMATCHED,,,
KDZ,Kandaghat,,,none,NONE,UNMATCHED,,,
SGS,Shoghi,,,none,NONE,UNMATCHED,,,
TVI,Taradevi,,,none,NONE,UNMATCHED,,,
JTO,Jutogh,,,none,NONE,UNMATCHED,,,
SHZ,Summer Hill,,,none,NONE,UNMATCHED,,,
KEJ,Kathleeghat,,,none,NONE,UNMATCHED,,,
KANO,Kanoh,,,none,NONE,UNMATCHED,,,
TSL,Taksal,,,none,NONE,UNMATCHED,,,
GMM,Gumman,,,none,NONE,UNMATCHED,,,
KOTI,Koti,,,none,NONE,UNMATCHED,,,
SWO,Sonwara,,,none,NONE,UNMATCHED,,,
DLSR,Dalhousi Roa,,,none,NONE,UNMATCHED,,,
KAWL,Kandwal,,,none,NONE,UNMATCHED,,,
NUPR,Nurpur Road,,,none,NONE,UNMATCHED,,,
TLRA,Talara,,,none,NONE,UNMATCHED,,,
BLDL,Balle-Da-Pir,,,none,NONE,UNMATCHED,,,
BRMR,Bharmar,,,none,NONE,UNMATCHED,,,
JWLS,Jawanwala Sh,,,none,NONE,UNMATCHED,,,
HRDR,Harsar Dehri,,,none,NONE,UNMATCHED,,,
MGRP,Meghrajpura,,,none,NONE,UNMATCHED,,,
NGRS,Nagrota Suri,,,none,NONE,UNMATCHED,,,
BRHL,Baryal Himac,,,none,NONE,UNMATCHED,,,
NDBT,Nandpur Bhat,,,none,NONE,UNMATCHED,,,
GULR,Guler,,,none,NONE,UNMATCHED,,,
LNS,Lunsu  Halt,,,none,NONE,UNMATCHED,,,
TRPL,Tripal,,,none,NONE,UNMATCHED,,,
JMKR,Jawalamukhi,,,none,NONE,UNMATCHED,,,
KPLR,Koparlahar,,,none,NONE,UNMATCHED,,,
KGRA,Kangra,,,none,NONE,UNMATCHED,,,
KGMR,Kangra Mandi,,,none,NONE,UNMATCHED,,,
SMLT,Samloti,,,none,NONE,UNMATCHED,,,
NGRT,Nagrota,,,none,NONE,UNMATCHED,,,
CMMG,Chamunda Mar,,,none,NONE,UNMATCHED,,,
PRAR,Paror,,,none,NONE,UNMATCHED,,,
SLHP,Sulah Himach,,,none,NONE,UNMATCHED,,,
PLMX,Palampur Him,,,none,NONE,UNMATCHED,,,
PHRH,Panch Rukhi,,,none,NONE,UNMATCHED,,,
MNHL,Majhairan Hi,,,none,NONE,UNMATCHED,,,
BJPL,Baijnath Pap,,,none,NONE,UNMATCHED,,,
PTRJ,Patti Rajpur,,,none,NONE,UNMATCHED,,,
BJMR,Baijnath Man,,,none,NONE,UNMATCHED,,,
AHJU,Ahju,,,none,NONE,UNMATCHED,,,
CTZ,Chauntra Bha,,,none,NONE,UNMATCHED,,,
JDNX,Joginder Nag,,,none,NONE,UNMATCHED,,,
DJ,Darjeeling,,,none,NONE,UNMATCHED,,,
GHUM,Ghum,,,none,NONE,UNMATCHED,,,
SAD,Sonada,,,none,NONE,UNMATCHED,,,
TUNG,Tung,,,none,NONE,UNMATCHED,,,
KGN,Kurseong,,,none,NONE,UNMATCHED,,,
MHN,Mahanadi,,,none,NONE,UNMATCHED,,,
GBE,Gayabari,,,none,NONE,UNMATCHED,,,
TDH,Tindharia,,,none,NONE,UNMATCHED,,,
RTG,Rangtong,,,none,NONE,UNMATCHED,,,
SN,Sukna,,,none,NONE,UNMATCHED,,,
RUJ,Ranuj,,,none,NONE,UNMATCHED,,,
CSMA,Chanasma Jn.,,,none,NONE,UNMATCHED,,,
KVH,Khambhel,,,none,NONE,UNMATCHED,,,
BHRJ,Bechraji,,,none,NONE,UNMATCHED,,,
DHLI,Dethli,,,none,NONE,UNMATCHED,,,
RTJ,Rantej,,,none,NONE,UNMATCHED,,,
DNPR,Dhanpura,,,none,NONE,UNMATCHED,,,
KTRD,Ketosan Road,,,none,NONE,UNMATCHED,,,
BHAN,Bhoyani,,,none,NONE,UNMATCHED,,,
KADI,Kadi,,,none,NONE,UNMATCHED,,,
KLLF,Kalol,,,none,NONE,UNMATCHED,,,
KHD,Khodiyar,,,none,NONE,UNMATCHED,,,
SBIC,Sabarmati Jn,,,none,NONE,UNMATCHED,,,
ADIJ,Ahmedabad Jn,,,none,NONE,UNMATCHED,,,
VRLF,Veraval Mg,,,none,NONE,UNMATCHED,,,
SVB,Savni,,,none,NONE,UNMATCHED,,,
TAV,Talala Jn,,,none,NONE,UNMATCHED,,,
CTRD,Chitrawad,,,none,NONE,UNMATCHED,,,
SASG,Sasan Gir,,,none,NONE,UNMATCHED,,,
KANS,Kansiya Nes,,,none,NONE,UNMATCHED,,,
STDR,Satadhar,,,none,NONE,UNMATCHED,,,
VSW,Visavadar,,,none,NONE,UNMATCHED,,,
JTV,Jetalvad,,,none,NONE,UNMATCHED,,,
BADR,Bhader,,,none,NONE,UNMATCHED,,,
DARI,Dhari,,,none,NONE,UNMATCHED,,,
CLC,Chalala,,,none,NONE,UNMATCHED,,,
AEP,Amreli Para,,,none,NONE,UNMATCHED,,,
AE,Amreli,,,none,NONE,UNMATCHED,,,
KJV,Khijadiya Jn,,,none,NONE,UNMATCHED,,,
LAT,Lathi,,,none,NONE,UNMATCHED,,,
DASF,Dhasa Jn (Mg,,,none,NONE,UNMATCHED,,,
JLRF,Jetalsar Jn,,,none,NONE,UNMATCHED,,,
JTP,Jetpur,,,none,NONE,UNMATCHED,,,
VVD,Vavdi,,,none,NONE,UNMATCHED,,,
VDV,Vadiya Devli,,,none,NONE,UNMATCHED,,,
KKK,Khakhariya,,,none,NONE,UNMATCHED,,,
KKV,Kukavav,,,none,NONE,UNMATCHED,,,
LDU,Lunidhar,,,none,NONE,UNMATCHED,,,
CTL,Chital,,,none,NONE,UNMATCHED,,,
BTDF,Botad Jn (Mg,,,none,NONE,UNMATCHED,,,
SAPR,Sarangpur Ro,,,none,NONE,UNMATCHED,,,
JIL,Jalila Road,,,none,NONE,UNMATCHED,,,
BNH,Bhimnath,,,none,NONE,UNMATCHED,,,
TID,Tagdi,,,none,NONE,UNMATCHED,,,
DCK,Dhandhuka,,,none,NONE,UNMATCHED,,,
RY,Rayaka,,,none,NONE,UNMATCHED,,,
DIBL,Dholi (Bhal),,,none,NONE,UNMATCHED,,,
HLB,Hadala Bhal,,,none,NONE,UNMATCHED,,,
LO,Loliya,,,none,NONE,UNMATCHED,,,
LHBK,Lothal Bhurk,,,none,NONE,UNMATCHED,,,
AEJ,Arnej,,,none,NONE,UNMATCHED,,,
KTGD,Kothgangad,,,none,NONE,UNMATCHED,,,
GS,Godhneshwar,,,none,NONE,UNMATCHED,,,
DOK,Dholka,,,none,NONE,UNMATCHED,,,
VLA,Bavla,,,none,NONE,UNMATCHED,,,
MQA,Matoda,,,none,NONE,UNMATCHED,,,
MORA,Moraiya,,,none,NONE,UNMATCHED,,,
SEJ,Sarkhej,,,none,NONE,UNMATCHED,,,
VTP,Vastrapur,,,none,NONE,UNMATCHED,,,
GG,Gandhigram,,,none,NONE,UNMATCHED,,,
JBB,Jambur,Ambur,node/5300488135,fuzzy_name,MEDIUM,MATCHED,12.784066,78.7217855,Q16868946
GRHM,Gir Gadhada,,,none,NONE,UNMATCHED,,,
PCC,Prachi Road,,,none,NONE,UNMATCHED,,,
VLDR,Valadar,,,none,NONE,UNMATCHED,,,
JVL,Jamwala,,,none,NONE,UNMATCHED,,,
HRM,Hadmadiya,,,none,NONE,UNMATCHED,,,
GEG,Gir Gadhara,,,none,NONE,UNMATCHED,,,
UNA,Una,,,none,NONE,UNMATCHED,,,
DVA,Delvada,,,none,NONE,UNMATCHED,,,
JCN,Junichavand,,,none,NONE,UNMATCHED,,,
BILK,Bilkha,,,none,NONE,UNMATCHED,,,
TORA,Torniya,,,none,NONE,UNMATCHED,,,
KODR,Kodinar,,,none,NONE,UNMATCHED,,,
GTWD,Ghatwad,,,none,NONE,UNMATCHED,,,
SDHR,Sandhani Dha,,,none,NONE,UNMATCHED,,,
PTP,Patal Pani,,,none,NONE,UNMATCHED,,,
KKD,Kala Kund,,,none,NONE,UNMATCHED,,,
CRL,Choral,,,none,NONE,UNMATCHED,,,
MKT,Mukhtriara B,,,none,NONE,UNMATCHED,,,
BWW,Barawaha,,,none,NONE,UNMATCHED,,,
OM,Omkareshwar,,,none,NONE,UNMATCHED,,,
SWD,Sanawad,,,none,NONE,UNMATCHED,,,
SHBL,Shiblun,,,none,NONE,UNMATCHED,,,
GGLE,Gangatikuri,,,none,NONE,UNMATCHED,,,
JHBN,Jhamatpur Ba,,,none,NONE,UNMATCHED,,,
MHTR,Malihati Tal,,,none,NONE,UNMATCHED,,,
TYAE,Tenya,,,none,NONE,UNMATCHED,,,
CWLE,Chowrigacha,,,none,NONE,UNMATCHED,,,
KNSN,Karna Subarn,,,none,NONE,UNMATCHED,,,
JVT,Jibanti,,,none,NONE,UNMATCHED,,,
MIAN,Miangram,,,none,NONE,UNMATCHED,,,
KZPE,Kazipara Hal,,,none,NONE,UNMATCHED,,,
KTLR,Kanthaliya R,,,none,NONE,UNMATCHED,,,
NBKH,Naba Gram Ka,,,none,NONE,UNMATCHED,,,
NLSF,Niyalishpara,,,none,NONE,UNMATCHED,,,
GSGB,Gosaingram,,,none,NONE,UNMATCHED,,,
BAA,Barala,,,none,NONE,UNMATCHED,,,
LAP,Lohapur,,,none,NONE,UNMATCHED,,,
TKP,Takipur,,,none,NONE,UNMATCHED,,,
SDLE,Swadinpur,,,none,NONE,UNMATCHED,,,
DHPD,Dhapara Dham,,,none,NONE,UNMATCHED,,,
BDBS,Bindubasini,,,none,NONE,UNMATCHED,,,
BDAG,Bonidanga,,,none,NONE,UNMATCHED,,,
BKLE,Bakudi,,,none,NONE,UNMATCHED,,,
DDX,Dhamdhamia,,,none,NONE,UNMATCHED,,,
KXE,Kalian Chak,,,none,NONE,UNMATCHED,,,
KPTO,Karanpurato,,,none,NONE,UNMATCHED,,,
MJP,Moharajpur,,,none,NONE,UNMATCHED,,,
MPLE,Mahipal  Hal,,,none,NONE,UNMATCHED,,,
PRDG,Poradanga,,,none,NONE,UNMATCHED,,,
NWMS,Noapara Mahi,,,none,NONE,UNMATCHED,,,
BQZ,Ballalpure,,,none,NONE,UNMATCHED,,,
KRMA,Karamtolla,,,none,NONE,UNMATCHED,,,
AMPL,Ammapali,,,none,NONE,UNMATCHED,,,
LKB,Lakshmipur B,,,none,NONE,UNMATCHED,,,
LMM,Lailakh Mama,,,none,NONE,UNMATCHED,,,
TIT,Talit,,,none,NONE,UNMATCHED,,,
JTL,Jhapaterdhal,,,none,NONE,UNMATCHED,,,
BPS,Banpas,,,none,NONE,UNMATCHED,,,
NRX,Noadar Dhal,,,none,NONE,UNMATCHED,,,
PCQ,Pichkurirdha,,,none,NONE,UNMATCHED,,,
KPLE,Kopai,,,none,NONE,UNMATCHED,,,
BSLE,Bataspur,,,none,NONE,UNMATCHED,,,
GHLE,Gadadharpur,,,none,NONE,UNMATCHED,,,
NGF,Nagar Nabi,,,none,NONE,UNMATCHED,,,
TBB,Tilbhita,,,none,NONE,UNMATCHED,,,
CTMP,Chhit Makand,,,none,NONE,UNMATCHED,,,
MVV,Maheshi,,,none,NONE,UNMATCHED,,,
GNNA,Gangania,,,none,NONE,UNMATCHED,,,
BUJ,Barauni Flag,,,none,NONE,UNMATCHED,,,
MKPR,Muktapur,,,none,NONE,UNMATCHED,,,
KSP,Kishanpur,,,none,NONE,UNMATCHED,,,
TLWA,Thalwara,,,none,NONE,UNMATCHED,,,
BJIH,Bijuli Halt,,,none,NONE,UNMATCHED,,,
SSNS,Saheed Suraj,,,none,NONE,UNMATCHED,,,
UGNA,Ugna,,,none,NONE,UNMATCHED,,,
LLPR,Lalit Lachmi,,,none,NONE,UNMATCHED,,,
KRHA,Korahia,,,none,NONE,UNMATCHED,,,
KJME,Kajora Gram,,,none,NONE,UNMATCHED,,,
BMGA,Bhimgara Jn.,,,none,NONE,UNMATCHED,,,
PCR,Panchra,,,none,NONE,UNMATCHED,,,
CPLE,Chinpai,,,none,NONE,UNMATCHED,,,
KOX,Kachujor  Fl,,,none,NONE,UNMATCHED,,,
KPK,Kali Pahari,,,none,NONE,UNMATCHED,,,
SLS,Salanpur,,,none,NONE,UNMATCHED,,,
MNC,Madankata,,,none,NONE,UNMATCHED,,,
JRW,Joramow,,,none,NONE,UNMATCHED,,,
LHB,Lahabon Halt,,,none,NONE,UNMATCHED,,,
NRGO,Narganjo Hal,,,none,NONE,UNMATCHED,,,
DPX,Dadpur Bh,,,none,NONE,UNMATCHED,,,
GLI,Galsi,,,none,NONE,UNMATCHED,,,
PAJ,Paraj,,,none,NONE,UNMATCHED,,,
RBH,Rajbandh,,,none,NONE,UNMATCHED,,,
BHN,Bhuli,,,none,NONE,UNMATCHED,,,
NPJE,Nichitpur,,,none,NONE,UNMATCHED,,,
MRQ,Matari,,,none,NONE,UNMATCHED,,,
RJB,Rajabera,,,none,NONE,UNMATCHED,,,
TKB,Tupkadih,,,none,NONE,UNMATCHED,,,
RDF,Radhagaon,,,none,NONE,UNMATCHED,,,
THO,Tulin,,,none,NONE,UNMATCHED,,,
KITA,Kita,,,none,NONE,UNMATCHED,,,
GATD,Gautamdhara,,,none,NONE,UNMATCHED,,,
GAG,Gangaghat,,,none,NONE,UNMATCHED,,,
JON,Johna,,,none,NONE,UNMATCHED,,,
ALPD,Adalpahari,,,none,NONE,UNMATCHED,,,
PRGR,Pinagoria,,,none,NONE,UNMATCHED,,,
HRNS,Harising,,,none,NONE,UNMATCHED,,,
SKIP,Shikaripara,,,none,NONE,UNMATCHED,,,
BRMA,Barmasia,,,none,NONE,UNMATCHED,,,
KURV,Kurva,,,none,NONE,UNMATCHED,,,
DHWN,Daniyawan Fl,,,none,NONE,UNMATCHED,,,
SCY,Sachiwalaya,,,none,NONE,UNMATCHED,,,
PRBZ,Parsa Bazar,,,none,NONE,UNMATCHED,,,
RSMN,Ramgovindsin,,,none,NONE,UNMATCHED,,,
PNUG,Punpun Ghat,,,none,NONE,UNMATCHED,,,
JTDM,Jatdumri Hal,,,none,NONE,UNMATCHED,,,
NEMA,Nema Halt,,,none,NONE,UNMATCHED,,,
KRON,Karona Halt,,,none,NONE,UNMATCHED,,,
JHDC,Jahanabad  C,,,none,NONE,UNMATCHED,,,
IAM,Mai Halt,,,none,NONE,UNMATCHED,,,
NZP,Niyazipur Ha,,,none,NONE,UNMATCHED,,,
WW,Wanabar Halt,,,none,NONE,UNMATCHED,,,
NERH,Ner Halt,,,none,NONE,UNMATCHED,,,
BBHT,Barabar Halt,,,none,NONE,UNMATCHED,,,
NYM,Neyamatpur H,,,none,NONE,UNMATCHED,,,
OREH,Ore Halt,,,none,NONE,UNMATCHED,,,
CKH,Chakand,,,none,NONE,UNMATCHED,,,
TNRI,Teneri Halt,,,none,NONE,UNMATCHED,,,
CKMI,Chhotaki Mas,,,none,NONE,UNMATCHED,,,
JTIN,Jethian,,,none,NONE,UNMATCHED,,,
KRJR,Karjara,,,none,NONE,UNMATCHED,,,
MPO,Manpur Jn.,,,none,NONE,UNMATCHED,,,
SNDT,Sindri Town,,,none,NONE,UNMATCHED,,,
SNMY,Sindri Marsh,,,none,NONE,UNMATCHED,,,
RKJE,Rakhitpur,,,none,NONE,UNMATCHED,,,
AMLO,Amlo,,,none,NONE,UNMATCHED,,,
JAN,Jarangdih,,,none,NONE,UNMATCHED,,,
DMBR,Dumri Bihar,,,none,NONE,UNMATCHED,,,
DNEA,Danea,,,none,NONE,UNMATCHED,,,
JGBR,Jogeswar Bih,,,none,NONE,UNMATCHED,,,
KMHT,Karmahat,,,none,NONE,UNMATCHED,,,
TKS,Tokisud,,,none,NONE,UNMATCHED,,,
HNDR,Hendegir,,,none,NONE,UNMATCHED,,,
KOLE,Kole,,,none,NONE,UNMATCHED,,,
MMLN,Mahuamilan,,,none,NONE,UNMATCHED,,,
CTQ,Chetar,,,none,NONE,UNMATCHED,,,
RCGT,Richughuta,,,none,NONE,UNMATCHED,,,
DEMU,Demu,,,none,NONE,UNMATCHED,,,
BFQ,Bendi,,,none,NONE,UNMATCHED,,,
KMND,Kumendi,,,none,NONE,UNMATCHED,,,
HHG,Hehegara Hal,,,none,NONE,UNMATCHED,,,
MAZ,Mangra,,,none,NONE,UNMATCHED,,,
CNF,Chianki,,,none,NONE,UNMATCHED,,,
KFT,Kajri,,,none,NONE,UNMATCHED,,,
RHR,Rajhaura,,,none,NONE,UNMATCHED,,,
TRZ,Tolra,,,none,NONE,UNMATCHED,,,
MXY,Mahuariya,,,none,NONE,UNMATCHED,,,
JRQ,Jharokhas,,,none,NONE,UNMATCHED,,,
MPF,Muirpur Road,,,none,NONE,UNMATCHED,,,
JGF,Jogidih,,,none,NONE,UNMATCHED,,,
GMX,Gurmura,,,none,NONE,UNMATCHED,,,
SLBN,Salai Banwa,,,none,NONE,UNMATCHED,,,
KHRY,Khairahi,,,none,NONE,UNMATCHED,,,
DAP,Dagmagpur,,,none,NONE,UNMATCHED,,,
PRE,Pahara,,,none,NONE,UNMATCHED,,,
JHG,Jhingura,,,none,NONE,UNMATCHED,,,
BEO,Birohe,,,none,NONE,UNMATCHED,,,
GAE,Gaipura,,,none,NONE,UNMATCHED,,,
JIA,Jigna,,,none,NONE,UNMATCHED,,,
UND,Unchdih,,,none,NONE,UNMATCHED,,,
BEP,Bheerpur,,,none,NONE,UNMATCHED,,,
KCN,Karchana,,,none,NONE,UNMATCHED,,,
SQS,Sigsigi,,,none,NONE,UNMATCHED,,,
KRTA,Karkatta,,,none,NONE,UNMATCHED,,,
SZF,Satbahini,,,none,NONE,UNMATCHED,,,
KVQ,Kosiara,,,none,NONE,UNMATCHED,,,
BCJ,Bagaha Bishn,,,none,NONE,UNMATCHED,,,
DORD,Deo Road,,,none,NONE,UNMATCHED,,,
BHKH,Baghoikusa,,,none,NONE,UNMATCHED,,,
CPBH,Chirailla Pa,,,none,NONE,UNMATCHED,,,
KWAR,Kawar,,,none,NONE,UNMATCHED,,,
JAUA,Jamua,,,none,NONE,UNMATCHED,,,
REMA,Rema,,,none,NONE,UNMATCHED,,,
DNWR,Dhanwar,,,none,NONE,UNMATCHED,,,
NWDH,Nawadih,,,none,NONE,UNMATCHED,,,
NWSI,Nawal Sahi H,,,none,NONE,UNMATCHED,,,
MHSA,Maheshpur 'A,,,none,NONE,UNMATCHED,,,
KQRT,Koderma Town,,,none,NONE,UNMATCHED,,,
PADH,Pipradih,,,none,NONE,UNMATCHED,,,
UWAN,Urwan,,,none,NONE,UNMATCHED,,,
BRHI,Barhi,,,none,NONE,UNMATCHED,,,
PDMA,Padma,,,none,NONE,UNMATCHED,,,
KAGA,Kurhagada,,,none,NONE,UNMATCHED,,,
KAUA,Kathautia,,,none,NONE,UNMATCHED,,,
KKAS,Katkamasandi,,,none,NONE,UNMATCHED,,,
KSNA,Kanasar Nawa,,,none,NONE,UNMATCHED,,,
HZBN,Hazaribagh T,,,none,NONE,UNMATCHED,,,
BES,Bes,,,none,NONE,UNMATCHED,,,
CHRI,Charhi,,,none,NONE,UNMATCHED,,,
MNDU,Mandu Halt,,,none,NONE,UNMATCHED,,,
KUJU,Kuju,,,none,NONE,UNMATCHED,,,
ARGD,Arigada,,,none,NONE,UNMATCHED,,,
RIKD,Rishikund,,,none,NONE,UNMATCHED,,,
AJUG,Abjuganj,,,none,NONE,UNMATCHED,,,
KMGH,Kamarganj,,,none,NONE,UNMATCHED,,,
KAPP,Khariapipra,,,none,NONE,UNMATCHED,,,
GOG,Ghorghat Hal,,,none,NONE,UNMATCHED,,,
PATM,Patam,,,none,NONE,UNMATCHED,,,
SRBG,Sarobag,,,none,NONE,UNMATCHED,,,
GIBP,Ghogi Bariar,,,none,NONE,UNMATCHED,,,
PWBN,Pawai Brohma,,,none,NONE,UNMATCHED,,,
HSDA,Hansdiha,,,none,NONE,UNMATCHED,,,
KADL,Kumradol,,,none,NONE,UNMATCHED,,,
PETA,Pandetola,,,none,NONE,UNMATCHED,,,
MDLE,Mandar Hill,,,none,NONE,UNMATCHED,,,
PPDI,Pipradih,,,none,NONE,UNMATCHED,,,
BELT,Bela,,,none,NONE,UNMATCHED,,,
SJJ,Sanjha H,,,none,NONE,UNMATCHED,,,
TKLE,Tikani,,,none,NONE,UNMATCHED,,,
JDPT,Jagdishpur,,,none,NONE,UNMATCHED,,,
GIF,Gani Dham Ha,,,none,NONE,UNMATCHED,,,
PJLE,Panjwara Roa,,,none,NONE,UNMATCHED,,,
MDVB,Mandar Vidya,,,none,NONE,UNMATCHED,,,
MPUR,New Madanpur,,,none,NONE,UNMATCHED,,,
BRPS,Barapalasi,,,none,NONE,UNMATCHED,,,
NNHT,Nonihat,,,none,NONE,UNMATCHED,,,
KUMT,Kurmahat,,,none,NONE,UNMATCHED,,,
RJL,Rajmahal,,,none,NONE,UNMATCHED,,,
SGPA,Sugapahari H,,,none,NONE,UNMATCHED,,,
SAPT,Sugapahari H,,,none,NONE,UNMATCHED,,,
JGD,Jagadispur,,,none,NONE,UNMATCHED,,,
KBSH,Krishna Ball,,,none,NONE,UNMATCHED,,,
MMD,Mahesha Mund,,,none,NONE,UNMATCHED,,,
GRD,Girdih,,,none,NONE,UNMATCHED,,,
BKAC,Barkakana Av,,,none,NONE,UNMATCHED,,,
PHE,Pahaleja,,,none,NONE,UNMATCHED,,,
KWD,Karwandiya,,,none,NONE,UNMATCHED,,,
SSG,Shiu Sagar R,,,none,NONE,UNMATCHED,,,
KVD,Khurmabad Ro,,,none,NONE,UNMATCHED,,,
PSE,Pusauli,,,none,NONE,UNMATCHED,,,
MTGE,Muthani,,,none,NONE,UNMATCHED,,,
DCX,Dhaniachha,,,none,NONE,UNMATCHED,,,
GAQ,Ganj  Khwaja,,,none,NONE,UNMATCHED,,,
CNPI,Chandanpahar,,,none,NONE,UNMATCHED,,,
MHUR,Mohanpur,,,none,NONE,UNMATCHED,,,
KRTR,Karota Patri,,,none,NONE,UNMATCHED,,,
DRV,Darauli,,,none,NONE,UNMATCHED,,,
BHCL,Bahora Chand,,,none,NONE,UNMATCHED,,,
TLAM,Tulsi Ashrar,,,none,NONE,UNMATCHED,,,
SAHA,Sarahula Hal,,,none,NONE,UNMATCHED,,,
NXR,Nagsar Halt,,,none,NONE,UNMATCHED,,,
TRG,Tarighat,,,none,NONE,UNMATCHED,,,
VVKP,Vivekanandpu,,,none,NONE,UNMATCHED,,,
DBSI,Daya Basti,,,none,NONE,UNMATCHED,,,
MQC,Mundka Halt,,,none,NONE,UNMATCHED,,,
GHE,Ghevra,,,none,NONE,UNMATCHED,,,
ASE,Asaudah,,,none,NONE,UNMATCHED,,,
ROHN,Rohad Nagar,,,none,NONE,UNMATCHED,,,
KRZ,Kharawar,,,none,NONE,UNMATCHED,,,
ABO,Asthal Bohar,,,none,NONE,UNMATCHED,,,
JCY,Jind City,,,none,NONE,UNMATCHED,,,
PPDE,Pandu Pindar,,,none,NONE,UNMATCHED,,,
SWDE,Siwaha,,,none,NONE,UNMATCHED,,,
PKDE,Pilu Khera,,,none,NONE,UNMATCHED,,,
BKDE,Budha Khera,,,none,NONE,UNMATCHED,,,
SXE,Sila Kheri,,,none,NONE,UNMATCHED,,,
SFDE,Safidon,,,none,NONE,UNMATCHED,,,
KSDE,Karsindhu Ha,,,none,NONE,UNMATCHED,,,
NARA,Nara Halt,,,none,NONE,UNMATCHED,,,
MLDE,Madlauda,,,none,NONE,UNMATCHED,,,
ASAN,Asan,Karasangal,node/5274891872,fuzzy_name,MEDIUM,MATCHED,12.3347973,79.7505125,Q63355689
KURN,Khukrana Hal,,,none,NONE,UNMATCHED,,,
BNJL,Binjhol,,,none,NONE,UNMATCHED,,,
NLH,Naultha,,,none,NONE,UNMATCHED,,,
DHRN,Dhurana,,,none,NONE,UNMATCHED,,,
MDLA,Mudlana,,,none,NONE,UNMATCHED,,,
BASN,Adra,,,none,NONE,UNMATCHED,,,
RKX,Rukhi Halt,,,none,NONE,UNMATCHED,,,
JSS,Jasia  Halt,,,none,NONE,UNMATCHED,,,
MKLI,Makrauli,,,none,NONE,UNMATCHED,,,
GSO,Ghaso,,,none,NONE,UNMATCHED,,,
PT,Patli,,,none,NONE,UNMATCHED,,,
TNJR,Taj Nagar,,,none,NONE,UNMATCHED,,,
JSKA,Jataula Jori,,,none,NONE,UNMATCHED,,,
IHP,Inchhapuri,,,none,NONE,UNMATCHED,,,
KWMD,Kumbhawas Mu,,,none,NONE,UNMATCHED,,,
NNU,Nangal Mundi,,,none,NONE,UNMATCHED,,,
GRKA,Gurha Kemla,,,none,NONE,UNMATCHED,,,
BJWS,Bojawas Halt,,,none,NONE,UNMATCHED,,,
ZP,Zerpur Pali,,,none,NONE,UNMATCHED,,,
NDRT,Nangal Degro,,,none,NONE,UNMATCHED,,,
NWN,Nanwan Halt,,,none,NONE,UNMATCHED,,,
SAWN,Sohansra,,,none,NONE,UNMATCHED,,,
PVZ,Parvezpur,,,none,NONE,UNMATCHED,,,
HR,Harpalu,,,none,NONE,UNMATCHED,,,
GKG,Gokulgarh,,,none,NONE,UNMATCHED,,,
PLHW,Palhawas,,,none,NONE,UNMATCHED,,,
MHRI,Machhrauli,,,none,NONE,UNMATCHED,,,
DGHL,Dighal,,,none,NONE,UNMATCHED,,,
SMF,Samar Gopalp,,,none,NONE,UNMATCHED,,,
KHV,Karainthi,,,none,NONE,UNMATCHED,,,
KZH,Kila Zafarga,,,none,NONE,UNMATCHED,,,
JJT,Jai Jai Want,,,none,NONE,UNMATCHED,,,
KIU,Kinana,,,none,NONE,UNMATCHED,,,
BSPH,Bishanpur Ha,,,none,NONE,UNMATCHED,,,
DHY,Dharodi,,,none,NONE,UNMATCHED,,,
DTN,Dhamtan Sahi,,,none,NONE,UNMATCHED,,,
KLWN,Kalwan Halt,,,none,NONE,UNMATCHED,,,
HMQ,Himmatpura,,,none,NONE,UNMATCHED,,,
TNDE,Thanesar Cit,,,none,NONE,UNMATCHED,,,
PDS,Pindarsi Hal,,,none,NONE,UNMATCHED,,,
PBJM,Pabnawajas M,,,none,NONE,UNMATCHED,,,
PHWR,Pehowa Road,,,none,NONE,UNMATCHED,,,
TIK,Tik,,,none,NONE,UNMATCHED,,,
GXG,Geong  Halt,,,none,NONE,UNMATCHED,,,
QTP,Qutabpur,,,none,NONE,UNMATCHED,,,
SJM,Sajuma,,,none,NONE,UNMATCHED,,,
KIY,Kalayat,,,none,NONE,UNMATCHED,,,
GRZ,Gurthuri,,,none,NONE,UNMATCHED,,,
KAGR,Kahangarh Ha,,,none,NONE,UNMATCHED,,,
DTW,Datewas,,,none,NONE,UNMATCHED,,,
NPX,Narindarpura,,,none,NONE,UNMATCHED,,,
SSZ,Sadda Singhw,,,none,NONE,UNMATCHED,,,
MASK,Maisar Khana,,,none,NONE,UNMATCHED,,,
KTF,Kot Fateh,,,none,NONE,UNMATCHED,,,
KZW,Katar Singh,,,none,NONE,UNMATCHED,,,
GHB,Gahri Bhagi,,,none,NONE,UNMATCHED,,,
SGA,Shergarh,,,none,NONE,UNMATCHED,,,
MKBH,Manwala Kot,,,none,NONE,UNMATCHED,,,
BNLS,Bangi Nihal,,,none,NONE,UNMATCHED,,,
RKK,Ratangarh Ka,,,none,NONE,UNMATCHED,,,
SCV,Sukhchain,,,none,NONE,UNMATCHED,,,
BGD,Bara Gudha,,,none,NONE,UNMATCHED,,,
SHN,Suchan Kotli,,,none,NONE,UNMATCHED,,,
JKHI,Jakhod Khera,,,none,NONE,UNMATCHED,,,
CBX,Chand Bhan,,,none,NONE,UNMATCHED,,,
RLS,Romana Albel,,,none,NONE,UNMATCHED,,,
GZS,Giani Zail S,,,none,NONE,UNMATCHED,,,
GHA,Golehwala,,,none,NONE,UNMATCHED,,,
KBU,Kasu Begu,,,none,NONE,UNMATCHED,,,
PKZ,Pipli Pakhi,,,none,NONE,UNMATCHED,,,
AJTM,Ajit Gill Ma,,,none,NONE,UNMATCHED,,,
BWZ,Baddowal,,,none,NONE,UNMATCHED,,,
CKM,Chauki Man,,,none,NONE,UNMATCHED,,,
DAU,Dagru,,,none,NONE,UNMATCHED,,,
MSSD,Maheshri San,,,none,NONE,UNMATCHED,,,
PHS,Ferozeshah,,,none,NONE,UNMATCHED,,,
GRN,Gurnay,,,none,NONE,UNMATCHED,,,
GGKR,Govindgarh K,,,none,NONE,UNMATCHED,,,
CJL,Chajli,,,none,NONE,UNMATCHED,,,
BZ,Bharur Halt,,,none,NONE,UNMATCHED,,,
BSS,Bahadur Sing,,,none,NONE,UNMATCHED,,,
HMI,Himmatana,,,none,NONE,UNMATCHED,,,
KUP,Kup,,,none,NONE,UNMATCHED,,,
RHW,Rohira Ghall,,,none,NONE,UNMATCHED,,,
JSL,Jassowal Hal,,,none,NONE,UNMATCHED,,,
GILL,Gill,,,none,NONE,UNMATCHED,,,
LDP,Lodipur Bish,,,none,NONE,UNMATCHED,,,
HKP,Hakimpur,,,none,NONE,UNMATCHED,,,
CKLT,Chakkali Lai,,,none,NONE,UNMATCHED,,,
KIV,Kailsa,,,none,NONE,UNMATCHED,,,
KFPR,Kafurpur,,,none,NONE,UNMATCHED,,,
MHHR,Mahesra,,,none,NONE,UNMATCHED,,,
KHE,Kankather,,,none,NONE,UNMATCHED,,,
GGB,Garhmuktesar,,,none,NONE,UNMATCHED,,,
QXR,Kuchesar Roa,,,none,NONE,UNMATCHED,,,
BBO,Babugarh,,,none,NONE,UNMATCHED,,,
KKMB,Kastla-Kasma,,,none,NONE,UNMATCHED,,,
DS,Dasna,,,none,NONE,UNMATCHED,,,
AKNR,Adhyatmik Na,,,none,NONE,UNMATCHED,,,
MFH,Mahrauli,,,none,NONE,UNMATCHED,,,
VVB,Vivek Vihar,,,none,NONE,UNMATCHED,,,
MAHO,Maholi,,,none,NONE,UNMATCHED,,,
JBG,Jung Bahadur,,,none,NONE,UNMATCHED,,,
UCH,Unchaulia,,,none,NONE,UNMATCHED,,,
PKRA,Parsa Khera,,,none,NONE,UNMATCHED,,,
DAN,Dhaneta,,,none,NONE,UNMATCHED,,,
DUN,Duganpur,,,none,NONE,UNMATCHED,,,
DAM,Dhamora,,,none,NONE,UNMATCHED,,,
MPH,Mundha Pande,,,none,NONE,UNMATCHED,,,
DLP,Dalpatpur,,,none,NONE,UNMATCHED,,,
KGF,Katghar,,,none,NONE,UNMATCHED,,,
RGB,Ramganga,,,none,NONE,UNMATCHED,,,
PRKE,Purwa Khera,,,none,NONE,UNMATCHED,,,
SSKA,Sisarka,,,none,NONE,UNMATCHED,,,
GTF,Gumthal,,,none,NONE,UNMATCHED,,,
JRJ,Jargaon,,,none,NONE,UNMATCHED,,,
KD,Kundarkhi,,,none,NONE,UNMATCHED,,,
MCV,Macharya,,,none,NONE,UNMATCHED,,,
KZS,Kuakhera Hal,,,none,NONE,UNMATCHED,,,
SPGL,Sarai Gopal,,,none,NONE,UNMATCHED,,,
ARP,Atrampur,,,none,NONE,UNMATCHED,,,
BHDR,Bhadri,,,none,NONE,UNMATCHED,,,
ARKA,Arkha Halt,,,none,NONE,UNMATCHED,,,
IDS,Ishardaspur,,,none,NONE,UNMATCHED,,,
MNJR,Manjhlepur,,,none,NONE,UNMATCHED,,,
BRRZ,Barara Buzur,,,none,NONE,UNMATCHED,,,
BYQ,Bahai Halt,,,none,NONE,UNMATCHED,,,
NHF,Nihasta Halt,,,none,NONE,UNMATCHED,,,
BSWA,Baiswara,,,none,NONE,UNMATCHED,,,
IDM,Indemau,,,none,NONE,UNMATCHED,,,
KULH,Kulha Halt,,,none,NONE,UNMATCHED,,,
TKRP,Tikauli Rawa,,,none,NONE,UNMATCHED,,,
BAHP,Band Hamirpu,,,none,NONE,UNMATCHED,,,
ACH,Achal Ganj,,,none,NONE,UNMATCHED,,,
KURO,Korari,,,none,NONE,UNMATCHED,,,
THW,Tharwai,,,none,NONE,UNMATCHED,,,
BYHA,Barya Ram,,,none,NONE,UNMATCHED,,,
JUA,Jarauna,,,none,NONE,UNMATCHED,,,
BSY,Barsathi,,,none,NONE,UNMATCHED,,,
VNN,Bhanaur,,,none,NONE,UNMATCHED,,,
WRGN,Warigaon New,,,none,NONE,UNMATCHED,,,
SPPR,Shudnipur,,,none,NONE,UNMATCHED,,,
SAF,Salkhapur,,,none,NONE,UNMATCHED,,,
KJTW,Kajgaon Terh,,,none,NONE,UNMATCHED,,,
BHBV,Block Hut B,,,none,NONE,UNMATCHED,,,
TLMD,Trilochan Ma,,,none,NONE,UNMATCHED,,,
MGWN,Mahgawan Hal,,,none,NONE,UNMATCHED,,,
MNKN,Manikalan Ha,,,none,NONE,UNMATCHED,,,
TLGR,Tulsi Nagar,,,none,NONE,UNMATCHED,,,
JFG,Jafarganj,,,none,NONE,UNMATCHED,,,
KTHE,Katahri,,,none,NONE,UNMATCHED,,,
ULN,Ulna Bhari,,,none,NONE,UNMATCHED,,,
DRG,Darshannagar,,,none,NONE,UNMATCHED,,,
CNBI,Chandari,,,none,NONE,UNMATCHED,,,
CHK,Chakeri,,,none,NONE,UNMATCHED,,,
RXM,Rooma,,,none,NONE,UNMATCHED,,,
PMPR,Prempur,,,none,NONE,UNMATCHED,,,
KBN,Karbigwan,,,none,NONE,UNMATCHED,,,
KSQ,Kanspur Guga,,,none,NONE,UNMATCHED,,,
MWH,Malwan,,,none,NONE,UNMATCHED,,,
KKS,Kurasti Kala,,,none,NONE,UNMATCHED,,,
DYP,Daryapur,,,none,NONE,UNMATCHED,,,
RCP,Rama Chandra,,,none,NONE,UNMATCHED,,,
MDA,Mandhana Jn,,,none,NONE,UNMATCHED,,,
CBR,Chaubepur,,,none,NONE,UNMATCHED,,,
UTP,Utri Pura,,,none,NONE,UNMATCHED,,,
DUO,Dhaursalar H,,,none,NONE,UNMATCHED,,,
BKTS,Bakhoti Khas,,,none,NONE,UNMATCHED,,,
GWP,Gangwa Pur (,,,none,NONE,UNMATCHED,,,
MNMU,Mani Mau,,,none,NONE,UNMATCHED,,,
KJNC,Kannauj City,,,none,NONE,UNMATCHED,,,
JPP,Jalalpur-Pan,,,none,NONE,UNMATCHED,,,
JDA,Jasoda,,,none,NONE,UNMATCHED,,,
KHDP,Khudlapur F,,,none,NONE,UNMATCHED,,,
MLKP,Malikpur (Ha,,,none,NONE,UNMATCHED,,,
KDJ,Khudaganj,,,none,NONE,UNMATCHED,,,
SGRP,Singhirampur,,,none,NONE,UNMATCHED,,,
YAG,Yaqutganj (H,,,none,NONE,UNMATCHED,,,
AKW,Akona,Kumbakonam,node/5300783994,fuzzy_name,MEDIUM,MATCHED,10.954175,79.3900701,Q12420127
IGTA,Lngohta,,,none,NONE,UNMATCHED,,,
DPSR,Dapsaura,,,none,NONE,UNMATCHED,,,
DXU,Dohru,,,none,NONE,UNMATCHED,,,
SIRA,Sirhi Itara,,,none,NONE,UNMATCHED,,,
SRJK,Surajkunda,,,none,NONE,UNMATCHED,,,
UBN,Ubarni,,,none,NONE,UNMATCHED,,,
RDV,Radha Balamp,,,none,NONE,UNMATCHED,,,
SLRP,Salarpur,,,none,NONE,UNMATCHED,,,
DELO,Deorakot,,,none,NONE,UNMATCHED,,,
BNM,Baragaon,,,none,NONE,UNMATCHED,,,
GMU,Gauriyamau,,,none,NONE,UNMATCHED,,,
RZN,Rauzagaon,,,none,NONE,UNMATCHED,,,
SYK,Saidkhanpur,,,none,NONE,UNMATCHED,,,
RES,Rasauli,,,none,NONE,UNMATCHED,,,
TRE,Tikri Halt,,,none,NONE,UNMATCHED,,,
BRYC,Bareilly Can,,,none,NONE,UNMATCHED,,,
HRH,Harthala,,,none,NONE,UNMATCHED,,,
AWP,Aghwanpur,,,none,NONE,UNMATCHED,,,
MTB,Matlabpur,,,none,NONE,UNMATCHED,,,
MWE,Mewa Nawada,,,none,NONE,UNMATCHED,,,
CAJ,Chakraj Mal,,,none,NONE,UNMATCHED,,,
HBW,Habibwala,,,none,NONE,UNMATCHED,,,
PNI,Puraini,,,none,NONE,UNMATCHED,,,
BEK,Bundki,,,none,NONE,UNMATCHED,,,
MSDR,Murshadpur,,,none,NONE,UNMATCHED,,,
FZL,Fazalpur,,,none,NONE,UNMATCHED,,,
DSNI,Dausni,,,none,NONE,UNMATCHED,,,
LDR,Landaura,,,none,NONE,UNMATCHED,,,
DNRA,Dandhera,,,none,NONE,UNMATCHED,,,
IQB,Iqbalpur,,,none,NONE,UNMATCHED,,,
CDL,Chodiala,,,none,NONE,UNMATCHED,,,
SNKE,Sunehti Khar,,,none,NONE,UNMATCHED,,,
BAE,Baliakheri,,,none,NONE,UNMATCHED,,,
PRPM,Pt Ram Prasa,,,none,NONE,UNMATCHED,,,
DHRJ,Dhirganj,,,none,NONE,UNMATCHED,,,
SHJP,Sahajipur Ha,,,none,NONE,UNMATCHED,,,
LOT,Lohta,,,none,NONE,UNMATCHED,,,
NBP,Nibhapur,,,none,NONE,UNMATCHED,,,
SWS,Suwansa,,,none,NONE,UNMATCHED,,,
PHV,Pirthiganj,,,none,NONE,UNMATCHED,,,
BKSA,Bakhsha,,,none,NONE,UNMATCHED,,,
MWP,Maharani Pac,,,none,NONE,UNMATCHED,,,
BDIN,Bhadaiyan,,,none,NONE,UNMATCHED,,,
PKX,Pakhrauli,,,none,NONE,UNMATCHED,,,
UWNR,Udwant Nagar,,,none,NONE,UNMATCHED,,,
SRMN,Semraon,,,none,NONE,UNMATCHED,,,
CRQ,Charpokhari,,,none,NONE,UNMATCHED,,,
NON,Nonar Halt,,,none,NONE,UNMATCHED,,,
HSB,Hasanbazar H,,,none,NONE,UNMATCHED,,,
GAHT,Ghusia Halt,,,none,NONE,UNMATCHED,,,
MANI,Mani Halt,,,none,NONE,UNMATCHED,,,
BRIH,Bairi Halt,,,none,NONE,UNMATCHED,,,
SJV,Sajhauli Hal,,,none,NONE,UNMATCHED,,,
BMHT,Baraw More,,,none,NONE,UNMATCHED,,,
KADH,Khairadih Ha,,,none,NONE,UNMATCHED,,,
BDKN,Bandhua Kala,,,none,NONE,UNMATCHED,,,
AHZ,Adhinpur,,,none,NONE,UNMATCHED,,,
WGJ,Warisganj Ha,,,none,NONE,UNMATCHED,,,
SYW,Sindurwa,,,none,NONE,UNMATCHED,,,
CHBS,Chaubisi,,,none,NONE,UNMATCHED,,,
TEG,Tribediganj,,,none,NONE,UNMATCHED,,,
CDRL,Chhandrauli,,,none,NONE,UNMATCHED,,,
RMNR,Rahmat Nagar,,,none,NONE,UNMATCHED,,,
APG,Anupganj,,,none,NONE,UNMATCHED,,,
BKKS,Bakkas,,,none,NONE,UNMATCHED,,,
LBH,Lucknow (Dik,,,none,NONE,UNMATCHED,,,
DAZ,Delhi-Azadpu,,,none,NONE,UNMATCHED,,,
KHKN,Khera Kalan,,,none,NONE,UNMATCHED,,,
HUK,Holambi Kala,,,none,NONE,UNMATCHED,,,
HNN,Harsana Kala,,,none,NONE,UNMATCHED,,,
SLKN,Sandal Kalan,,,none,NONE,UNMATCHED,,,
RUG,Rajlu Garhi,,,none,NONE,UNMATCHED,,,
BDMJ,Bhodwal Majr,,,none,NONE,UNMATCHED,,,
DWNA,Diwana,,,none,NONE,UNMATCHED,,,
BBDE,Babarpur,,,none,NONE,UNMATCHED,,,
KFU,Kohand Halt,,,none,NONE,UNMATCHED,,,
BZJT,Bazida Jatan,,,none,NONE,UNMATCHED,,,
BZK,Bhaini Khurd,,,none,NONE,UNMATCHED,,,
AMIN,Amin,,,none,NONE,UNMATCHED,,,
DHKR,Dhoda Kheri,,,none,NONE,UNMATCHED,,,
DPP,Dhirpur,,,none,NONE,UNMATCHED,,,
DHMZ,Dhola Majra,,,none,NONE,UNMATCHED,,,
MOY,Mohri,,,none,NONE,UNMATCHED,,,
LLU,Lalru,,,none,NONE,UNMATCHED,,,
GHG,Ghagghar,,,none,NONE,UNMATCHED,,,
NGL,Nagal,,,none,NONE,UNMATCHED,,,
THJ,Talheri Bazu,,,none,NONE,UNMATCHED,,,
RNA,Rohana Kalan,,,none,NONE,UNMATCHED,,,
BMHR,Bamanheri,,,none,NONE,UNMATCHED,,,
JDW,Jarauda Nara,,,none,NONE,UNMATCHED,,,
MSP,Mansurpur,,,none,NONE,UNMATCHED,,,
SKF,Sakhoti Tand,,,none,NONE,UNMATCHED,,,
PQY,Pabli Khas,,,none,NONE,UNMATCHED,,,
PRTP,Partapur,,,none,NONE,UNMATCHED,,,
MUZ,Mohiuddinpur,,,none,NONE,UNMATCHED,,,
DXH,Duhai,,,none,NONE,UNMATCHED,,,
FRD,Farhedi Halt,,,none,NONE,UNMATCHED,,,
GAJU,Gaju Halt,,,none,NONE,UNMATCHED,,,
ASI,Arseni,,,none,NONE,UNMATCHED,,,
ATW,Atwa Muthia,,,none,NONE,UNMATCHED,,,
BEJ,Beniganj,,,none,NONE,UNMATCHED,,,
NM,Naimisharany,,,none,NONE,UNMATCHED,,,
GHRI,Ghori  Halt,,,none,NONE,UNMATCHED,,,
MSTH,Misrikh Tira,,,none,NONE,UNMATCHED,,,
BRMX,Burmi  Halt,,,none,NONE,UNMATCHED,,,
RAK,Ramkot,,,none,NONE,UNMATCHED,,,
STRK,Sitapur Kutc,,,none,NONE,UNMATCHED,,,
SDAM,Sundhia Mau,,,none,NONE,UNMATCHED,,,
PPE,Paintepur F,,,none,NONE,UNMATCHED,,,
SYU,Sarayan,,,none,NONE,UNMATCHED,,,
RAMR,Ramaipur (Ha,,,none,NONE,UNMATCHED,,,
PSN,Parsendi,,,none,NONE,UNMATCHED,,,
TKUR,Tappa Khajur,,,none,NONE,UNMATCHED,,,
SKLP,Shankerpur,,,none,NONE,UNMATCHED,,,
BBPR,Babupur (Hal,,,none,NONE,UNMATCHED,,,
MGPA,Munda Gopal,,,none,NONE,UNMATCHED,,,
GSGJ,Ghausganj,,,none,NONE,UNMATCHED,,,
ATKS,Atwa Kursath,,,none,NONE,UNMATCHED,,,
GNTR,Gauntra,,,none,NONE,UNMATCHED,,,
MAH,Madhoganj,,,none,NONE,UNMATCHED,,,
FRH,Farhantnagar,,,none,NONE,UNMATCHED,,,
MLW,Mallanwan,,,none,NONE,UNMATCHED,,,
GJMB,Ganj Muradab,,,none,NONE,UNMATCHED,,,
BGMU,Bangarmau,,,none,NONE,UNMATCHED,,,
FTC,Fatehpur Cha,,,none,NONE,UNMATCHED,,,
UGU,Ugu,,,none,NONE,UNMATCHED,,,
SFPR,Safipur,,,none,NONE,UNMATCHED,,,
BRDV,Baradev,,,none,NONE,UNMATCHED,,,
METR,Methi Tikur,,,none,NONE,UNMATCHED,,,
MKHI,Makhi,,,none,NONE,UNMATCHED,,,
PTYR,Patiyara,,,none,NONE,UNMATCHED,,,
HMP,Hempur,,,none,NONE,UNMATCHED,,,
NERI,Neri,Arumuganeri,node/5351825019,fuzzy_name,MEDIUM,MATCHED,8.5794484,78.092,Q24886232
JKH,Jahanikhera,,,none,NONE,UNMATCHED,,,
SXK,Shahjahanpur,,,none,NONE,UNMATCHED,,,
SHRM,Sharma Halt,,,none,NONE,UNMATCHED,,,
MZGI,Manjur Gadi,,,none,NONE,UNMATCHED,,,
HGJ,Harduaganj,,,none,NONE,UNMATCHED,,,
SUNM,Sunmai Halt,,,none,NONE,UNMATCHED,,,
GDHA,Godha,,,none,NONE,UNMATCHED,,,
AUR,Atrauli Road,,,none,NONE,UNMATCHED,,,
DMPR,Dharampur  H,,,none,NONE,UNMATCHED,,,
DIB,Dibai,,,none,NONE,UNMATCHED,,,
BHKL,Bhakrauli,,,none,NONE,UNMATCHED,,,
DN,Dhanari,,,none,NONE,UNMATCHED,,,
PHX,Pathakpur,,,none,NONE,UNMATCHED,,,
MJHL,Majhaula Hal,,,none,NONE,UNMATCHED,,,
BHDH,Bahadurpur,,,none,NONE,UNMATCHED,,,
RMGJ,Ramganj,,,none,NONE,UNMATCHED,,,
DWJ,Dwarkaganj,,,none,NONE,UNMATCHED,,,
CHBR,Chaure Bazar,,,none,NONE,UNMATCHED,,,
BTKD,Bharatkund,,,none,NONE,UNMATCHED,,,
MSOD,Masodha,,,none,NONE,UNMATCHED,,,
SEPR,Sherpur,,,none,NONE,UNMATCHED,,,
CLKN,Chuchela Kal,,,none,NONE,UNMATCHED,,,
BKNA,Bakaina Halt,,,none,NONE,UNMATCHED,,,
BGRR,Bagarpur Hal,,,none,NONE,UNMATCHED,,,
SISN,Sisauna,,,none,NONE,UNMATCHED,,,
ARH,Amhera  Halt,,,none,NONE,UNMATCHED,,,
KJLU,Khari - Jhal,,,none,NONE,UNMATCHED,,,
SXQ,Suaheri Halt,,,none,NONE,UNMATCHED,,,
JHH,Jhalra  Halt,,,none,NONE,UNMATCHED,,,
SHTS,Sambahal Hat,,,none,NONE,UNMATCHED,,,
SRMP,Sirsi Mukhdu,,,none,NONE,UNMATCHED,,,
HZN,Hazratnagar,,,none,NONE,UNMATCHED,,,
SPB,Sonekhpur Ha,,,none,NONE,UNMATCHED,,,
MOM,Maman,,,none,NONE,UNMATCHED,,,
CHWT,Chaprawat Ha,,,none,NONE,UNMATCHED,,,
GLH,Gulaothi,,,none,NONE,UNMATCHED,,,
HZR,Hafizpur,,,none,NONE,UNMATCHED,,,
KALI,Kaili,,,none,NONE,UNMATCHED,,,
KXK,Kharkhauda,,,none,NONE,UNMATCHED,,,
CXA,Chandsara Ha,,,none,NONE,UNMATCHED,,,
NRNR,Nurnagar  Ha,,,none,NONE,UNMATCHED,,,
MWC,Mandawali Ch,,,none,NONE,UNMATCHED,,,
CNJ,Chander Naga,,,none,NONE,UNMATCHED,,,
SHGN,Shri Ghasi N,,,none,NONE,UNMATCHED,,,
BW,Biwai,,,none,NONE,UNMATCHED,,,
BJRA,Bhajera,,,none,NONE,UNMATCHED,,,
KPO,Karanpura,,,none,NONE,UNMATCHED,,,
BUDA,Bhuda,,,none,NONE,UNMATCHED,,,
GOS,Ghosrana,,,none,NONE,UNMATCHED,,,
DTF,Dantia,,,none,NONE,UNMATCHED,,,
TBL,Tarchhera Ba,,,none,NONE,UNMATCHED,,,
PPEA,Paparera,,,none,NONE,UNMATCHED,,,
HK,Helak,,,none,NONE,UNMATCHED,,,
NHB,Nohbachhamad,,,none,NONE,UNMATCHED,,,
IK,Ikran,,,none,NONE,UNMATCHED,,,
CIK,Chikasana,,,none,NONE,UNMATCHED,,,
RAI,Raibha,,,none,NONE,UNMATCHED,,,
BCP,Bichpuri,,,none,NONE,UNMATCHED,,,
JAB,Yamuna Bridg,,,none,NONE,UNMATCHED,,,
CHLR,Chhalesar,,,none,NONE,UNMATCHED,,,
KBP,Kuberpur,,,none,NONE,UNMATCHED,,,
ETUE,Etmadpur,,,none,NONE,UNMATCHED,,,
MTI,Mitawal,,,none,NONE,UNMATCHED,,,
BRN,Barhan Jn.,,,none,NONE,UNMATCHED,,,
CMR,Chamrola,,,none,NONE,UNMATCHED,,,
PORA,Pora,,,none,NONE,UNMATCHED,,,
SNS,Sasni,,,none,NONE,UNMATCHED,,,
DAQ,Daud Khan,,,none,NONE,UNMATCHED,,,
SRDW,Shrimad Dwar,,,none,NONE,UNMATCHED,,,
UGP,Ugarpur,,,none,NONE,UNMATCHED,,,
NBUE,Nibkarori,,,none,NONE,UNMATCHED,,,
BBLK,Baba Lakshma,,,none,NONE,UNMATCHED,,,
PKNA,Pakhna,,,none,NONE,UNMATCHED,,,
MOTA,Mota,,,none,NONE,UNMATCHED,,,
TKRU,Takhrau Halt,,,none,NONE,UNMATCHED,,,
MPUE,Mainpuri Kac,,,none,NONE,UNMATCHED,,,
TNUE,Tindauli,,,none,NONE,UNMATCHED,,,
KOZ,Kosma,,,none,NONE,UNMATCHED,,,
TKHA,Takha,,,none,NONE,UNMATCHED,,,
AON,Araon,,,none,NONE,UNMATCHED,,,
BUBT,Buda Bhartha,,,none,NONE,UNMATCHED,,,
MNR,Makkhanpur,,,none,NONE,UNMATCHED,,,
HNG,Hirangaon,,,none,NONE,UNMATCHED,,,
SWT,Shiwala Tehu,,,none,NONE,UNMATCHED,,,
SWW,Shahanagar T,,,none,NONE,UNMATCHED,,,
JSC,Jalesar City,,,none,NONE,UNMATCHED,,,
KWW,Kuswa Halt,,,none,NONE,UNMATCHED,,,
AWG,Awa Garh,,,none,NONE,UNMATCHED,,,
JWK,Jawaharpur K,,,none,NONE,UNMATCHED,,,
ETAH,Etah,,,none,NONE,UNMATCHED,,,
SMU,Sambhu,,,none,NONE,UNMATCHED,,,
KLI,Kauli,,,none,NONE,UNMATCHED,,,
DOC,Daun Kalan,,,none,NONE,UNMATCHED,,,
PTE,Patiala Cant,,,none,NONE,UNMATCHED,,,
DBN,Dhablan,,,none,NONE,UNMATCHED,,,
KKRL,Kakrala Halt,,,none,NONE,UNMATCHED,,,
CTW,Chhintanwala,,,none,NONE,UNMATCHED,,,
KLSX,Kaulseri,,,none,NONE,UNMATCHED,,,
ALAL,Alal,,,none,NONE,UNMATCHED,,,
SEQ,Sekha,,,none,NONE,UNMATCHED,,,
HYA,Hadiaya,,,none,NONE,UNMATCHED,,,
GUNS,Ghunas Halt,,,none,NONE,UNMATCHED,,,
JHK,Jethuke,,,none,NONE,UNMATCHED,,,
LHM,Lehra Muhabb,,,none,NONE,UNMATCHED,,,
BWX,Bahman Diwan,,,none,NONE,UNMATCHED,,,
BHX,Bulluana,,,none,NONE,UNMATCHED,,,
FSR,Faqarsar,,,none,NONE,UNMATCHED,,,
PKK,Pakki,,,none,NONE,UNMATCHED,,,
BFE,Bahawal Basi,,,none,NONE,UNMATCHED,,,
BQH,Bhanohad Pun,,,none,NONE,UNMATCHED,,,
PMH,Parao Mahna,,,none,NONE,UNMATCHED,,,
GKX,Ghal Kalan,,,none,NONE,UNMATCHED,,,
SULH,Sulhani,,,none,NONE,UNMATCHED,,,
DDK,Dhindsa,,,none,NONE,UNMATCHED,,,
SWX,Saidanwala,,,none,NONE,UNMATCHED,,,
LDW,Ladhowal,,,none,NONE,UNMATCHED,,,
PPB,Partabpura,,,none,NONE,UNMATCHED,,,
GTQ,Gumtali,,,none,NONE,UNMATCHED,,,
SWG,Sidhwan,,,none,NONE,UNMATCHED,,,
GNZ,Gahndran Hal,,,none,NONE,UNMATCHED,,,
MLKH,Mulewal Khai,,,none,NONE,UNMATCHED,,,
SDZ,Sindhar,,,none,NONE,UNMATCHED,,,
KGKD,Kang Khurd,,,none,NONE,UNMATCHED,,,
PH,Panoh,,,none,NONE,UNMATCHED,,,
DNX,Dhansu,,,none,NONE,UNMATCHED,,,
BXC,Barwala,,,none,NONE,UNMATCHED,,,
UKN,Uklana,,,none,NONE,UNMATCHED,,,
JPS,Jamalpur Sha,,,none,NONE,UNMATCHED,,,
CEU,Chiheru,,,none,NONE,UNMATCHED,,,
SRX,Sura Nussi,,,none,NONE,UNMATCHED,,,
HMR,Hamira,,,none,NONE,UNMATCHED,,,
DIW,Dhilwan,,,none,NONE,UNMATCHED,,,
BBKR,Baba Bakala,,,none,NONE,UNMATCHED,,,
BTR,Butari,,,none,NONE,UNMATCHED,,,
TRA,Tangra,,,none,NONE,UNMATCHED,,,
MOW,Mananwala,,,none,NONE,UNMATCHED,,,
RPHR,Raipur Harya,,,none,NONE,UNMATCHED,,,
CRW,Charaud,,,none,NONE,UNMATCHED,,,
BVZ,Naloi Barwa,,,none,NONE,UNMATCHED,,,
JUP,Jhunpa,,,none,NONE,UNMATCHED,,,
LSE,Laseri  Halt,,,none,NONE,UNMATCHED,,,
DULP,Daulatpur Ha,,,none,NONE,UNMATCHED,,,
GJW,Gajuwala Hal,,,none,NONE,UNMATCHED,,,
PLT,Pirthala Lal,,,none,NONE,UNMATCHED,,,
KUDN,Kudni,,,none,NONE,UNMATCHED,,,
KNG,Kathunangal,,,none,NONE,UNMATCHED,,,
JNT,Jaintipura,,,none,NONE,UNMATCHED,,,
CHN,Chhina,,,none,NONE,UNMATCHED,,,
SOHL,Sohal,,,none,NONE,UNMATCHED,,,
JHWR,Jhawar Halt,,,none,NONE,UNMATCHED,,,
PMQ,Parmanand,,,none,NONE,UNMATCHED,,,
JK,Jakolari,Kolar,node/706967230,fuzzy_name,MEDIUM,MATCHED,13.123993,78.1329276,Q63361502
SRM,Sarna,,,none,NONE,UNMATCHED,,,
BATM,Batala Sugar,,,none,NONE,UNMATCHED,,,
SCPD,Suchipind Ha,,,none,NONE,UNMATCHED,,,
AWL,Alawal Pur,,,none,NONE,UNMATCHED,,,
KKL,Kala Bakra,,,none,NONE,UNMATCHED,,,
CGH,Cholang,,,none,NONE,UNMATCHED,,,
KZX,Khudda Koral,,,none,NONE,UNMATCHED,,,
GSB,Garna Sahib,,,none,NONE,UNMATCHED,,,
UCB,Unchi Bassi,,,none,NONE,UNMATCHED,,,
BNGL,Bhangala,,,none,NONE,UNMATCHED,,,
GILA,Ghiala,,,none,NONE,UNMATCHED,,,
KNDI,Kandrori,,,none,NONE,UNMATCHED,,,
JJJ,Jaijon Doaba,,,none,NONE,UNMATCHED,,,
MGWD,Mahangarwal,,,none,NONE,UNMATCHED,,,
SQJ,Saila Khurd,,,none,NONE,UNMATCHED,,,
SNB,Satnaur Bade,,,none,NONE,UNMATCHED,,,
GSR,Garhshankar,,,none,NONE,UNMATCHED,,,
NSS,Nawashahr Do,,,none,NONE,UNMATCHED,,,
KYY,Kariha Halt,,,none,NONE,UNMATCHED,,,
KHHJ,Khatkar Kala,,,none,NONE,UNMATCHED,,,
BXB,Banga,Bangarpet Junction,node/5760183667,fuzzy_name,MEDIUM,MATCHED,12.9854946,78.178224,Q17049573
MXP,Malupota,,,none,NONE,UNMATCHED,,,
BHM,Bahram,,,none,NONE,UNMATCHED,,,
KASH,Kultham Abdu,,,none,NONE,UNMATCHED,,,
MYE,Mandhali,,,none,NONE,UNMATCHED,,,
JKZ,Jita Kheri,,,none,NONE,UNMATCHED,,,
BJKN,Bajekhan Hal,,,none,NONE,UNMATCHED,,,
NAS,Nasrala,,,none,NONE,UNMATCHED,,,
SCQ,Sham Chauras,,,none,NONE,UNMATCHED,,,
BLND,Bolinna Doab,,,none,NONE,UNMATCHED,,,
DAVJ,D.A.V. Colle,,,none,NONE,UNMATCHED,,,
KWJ,Khojewala,,,none,NONE,UNMATCHED,,,
HSQ,Husainpur,,,none,NONE,UNMATCHED,,,
PJA,Pajian,,,none,NONE,UNMATCHED,,,
DDY,Dudwindi,,,none,NONE,UNMATCHED,,,
GOD,Gidarpindi,,,none,NONE,UNMATCHED,,,
JGW,Jogiwala,,,none,NONE,UNMATCHED,,,
BWF,Butewala,,,none,NONE,UNMATCHED,,,
TSS,Talli Saida,,,none,NONE,UNMATCHED,,,
MFM,Mahalam,,,none,NONE,UNMATCHED,,,
GSW,Gurusar Sehn,,,none,NONE,UNMATCHED,,,
BWB,Bagwali,,,none,NONE,UNMATCHED,,,
PTRL,Pathrala,,,none,NONE,UNMATCHED,,,
BMK,Birang Khera,,,none,NONE,UNMATCHED,,,
NAWN,Nawan,,,none,NONE,UNMATCHED,,,
DBI,Dabli Rathan,,,none,NONE,UNMATCHED,,,
AMPR,Amarpura Rat,,,none,NONE,UNMATCHED,,,
RMH,Rangmahal,,,none,NONE,UNMATCHED,,,
RJS,Rajiyasar,,,none,NONE,UNMATCHED,,,
AS,Arjansar,,,none,NONE,UNMATCHED,,,
MLC,Malkisar,,,none,NONE,UNMATCHED,,,
NTZ,Nathwana,,,none,NONE,UNMATCHED,,,
DLC,Dulmera,,,none,NONE,UNMATCHED,,,
BMNL,Bamanwali,,,none,NONE,UNMATCHED,,,
JDL,Jagdevwala,,,none,NONE,UNMATCHED,,,
JMS,Jamsar,,,none,NONE,UNMATCHED,,,
KNSR,Kanasar,,,none,NONE,UNMATCHED,,,
UMS,Udramsar,,,none,NONE,UNMATCHED,,,
PAE,Palana,,,none,NONE,UNMATCHED,,,
SPO,Surpura,,,none,NONE,UNMATCHED,,,
CLO,Chilo,,,none,NONE,UNMATCHED,,,
SBLJ,Shri Balaji,,,none,NONE,UNMATCHED,,,
ALAI,Alai,Puratchi Thalaivar Dr. M. G. Ramachandran Central,node/2481969291,fuzzy_name,MEDIUM,MATCHED,13.0824232,80.2759622,Q257382
BWS,Badwasi,,,none,NONE,UNMATCHED,,,
KJW,Khajwana,,,none,NONE,UNMATCHED,,,
DSL,Deswal  Halt,,,none,NONE,UNMATCHED,,,
MCPE,Marwar Chhap,,,none,NONE,UNMATCHED,,,
JOM,Jogimagra,,,none,NONE,UNMATCHED,,,
KXG,Kharia Khang,,,none,NONE,UNMATCHED,,,
UMED,Umed,,,none,NONE,UNMATCHED,,,
SWF,Sathin Road,,,none,NONE,UNMATCHED,,,
KSW,Kheri Salwa,,,none,NONE,UNMATCHED,,,
AAS,Asaranada,,,none,NONE,UNMATCHED,,,
JWL,Jajiwal,,,none,NONE,UNMATCHED,,,
BNO,Banar,,,none,NONE,UNMATCHED,,,
KGBS,Kishangarh B,,,none,NONE,UNMATCHED,,,
JTS,Jatusana,,,none,NONE,UNMATCHED,,,
NLQ,Nangal Patha,,,none,NONE,UNMATCHED,,,
KSI,Kosli,,,none,NONE,UNMATCHED,,,
SDRA,Sudhrana,,,none,NONE,UNMATCHED,,,
JRL,Jharli,,,none,NONE,UNMATCHED,,,
MHU,Manheru,,,none,NONE,UNMATCHED,,,
SUI,Sui,,,none,NONE,UNMATCHED,,,
AUN,Aurang Nagar,,,none,NONE,UNMATCHED,,,
MAYR,Mayar,,,none,NONE,UNMATCHED,,,
NKN,Nyolikalan,,,none,NONE,UNMATCHED,,,
KBKN,Khabra Kalan,,,none,NONE,UNMATCHED,,,
MHUL,Mahuwala Hal,,,none,NONE,UNMATCHED,,,
JOK,Jodhka,,,none,NONE,UNMATCHED,,,
PJK,Panj-Kosi,,,none,NONE,UNMATCHED,,,
HMK,Hindumalkote,,,none,NONE,UNMATCHED,,,
FTH,Fatuhi,,,none,NONE,UNMATCHED,,,
KLWL,Kilanwali Pu,,,none,NONE,UNMATCHED,,,
BKWA,Bakayanwala,,,none,NONE,UNMATCHED,,,
KTPK,Kotha Pakki,,,none,NONE,UNMATCHED,,,
ORKI,Orki Halt,,,none,NONE,UNMATCHED,,,
MOPR,Mohanpura Ha,,,none,NONE,UNMATCHED,,,
SHWL,Sahuwala,,,none,NONE,UNMATCHED,,,
PRSR,Paharsar,,,none,NONE,UNMATCHED,,,
HSWS,Hansiawas,,,none,NONE,UNMATCHED,,,
KALN,Kalana,,,none,NONE,UNMATCHED,,,
SHRG,Shri Ramgarh,,,none,NONE,UNMATCHED,,,
BKKA,Bhukarka,,,none,NONE,UNMATCHED,,,
SURR,Surera,,,none,NONE,UNMATCHED,,,
SJSM,Salemgarh Ma,,,none,NONE,UNMATCHED,,,
PUW,Patuwas Mehr,,,none,NONE,UNMATCHED,,,
FGH,Fatehgarh Ha,,,none,NONE,UNMATCHED,,,
DZL,Dhana Ladanp,,,none,NONE,UNMATCHED,,,
CKLA,Chak Banwala,,,none,NONE,UNMATCHED,,,
CKA,Chak Pakhewa,,,none,NONE,UNMATCHED,,,
RRW,Roranwala,,,none,NONE,UNMATCHED,,,
BSGR,Bhagsar,,,none,NONE,UNMATCHED,,,
BDBG,Badhai Balam,,,none,NONE,UNMATCHED,,,
CWN,Charewan Hal,,,none,NONE,UNMATCHED,,,
JBW,Jhabelwali,,,none,NONE,UNMATCHED,,,
WDJ,Wander Jatan,,,none,NONE,UNMATCHED,,,
KIQ,Khai Phemeki,,,none,NONE,UNMATCHED,,,
DODH,Dodh,,,none,NONE,UNMATCHED,,,
JTH,Jhok Tahal S,,,none,NONE,UNMATCHED,,,
KRSW,Kohar Singh,,,none,NONE,UNMATCHED,,,
JWN,Jiwa Arain,,,none,NONE,UNMATCHED,,,
DAVC,D.A.V.Colleg,,,none,NONE,UNMATCHED,,,
BVW,Bahmniwala,,,none,NONE,UNMATCHED,,,
TQL,Theh Qalanda,,,none,NONE,UNMATCHED,,,
KLSP,Kushalpura,,,none,NONE,UNMATCHED,,,
GLKN,Gugalwa Kirt,,,none,NONE,UNMATCHED,,,
BWBN,Bewar Bhojan,,,none,NONE,UNMATCHED,,,
KDHN,Kandharan Ha,,,none,NONE,UNMATCHED,,,
DKWA,Dokwa,,,none,NONE,UNMATCHED,,,
HYL,Hadyal,,,none,NONE,UNMATCHED,,,
DKX,Dudhwakhara,,,none,NONE,UNMATCHED,,,
SRSL,Sirsala  Hal,,,none,NONE,UNMATCHED,,,
ASLU,Aslu,,,none,NONE,UNMATCHED,,,
PYI,Payli,,,none,NONE,UNMATCHED,,,
PSV,Parsneu,,,none,NONE,UNMATCHED,,,
STNR,Sitalnagar,,,none,NONE,UNMATCHED,,,
BGRM,Biggabas Ram,,,none,NONE,UNMATCHED,,,
BIGA,Bigga,,,none,NONE,UNMATCHED,,,
BS,Benisar,,,none,NONE,UNMATCHED,,,
BLSR,Belasar  Hal,,,none,NONE,UNMATCHED,,,
GDW,Gadhwala,,,none,NONE,UNMATCHED,,,
PSL,Parisal,,,none,NONE,UNMATCHED,,,
GAL,Ghatala,,,none,NONE,UNMATCHED,,,
KNAR,Khanpur Ahir,,,none,NONE,UNMATCHED,,,
AIA,Ajarka,,,none,NONE,UNMATCHED,,,
MJNL,Majri Nangal,,,none,NONE,UNMATCHED,,,
RNT,Ranthambhor,,,none,NONE,UNMATCHED,,,
MXL,Mokholi,,,none,NONE,UNMATCHED,,,
NMD,Nimoda,,,none,NONE,UNMATCHED,,,
LRU,Lalpur Umril,,,none,NONE,UNMATCHED,,,
COO,Chhoti Odai,,,none,NONE,UNMATCHED,,,
PDZ,Piloda,,,none,NONE,UNMATCHED,,,
DY,Dumariya,,,none,NONE,UNMATCHED,,,
KEV,Kela Devi,,,none,NONE,UNMATCHED,,,
PNGR,Pingora,,,none,NONE,UNMATCHED,,,
SWAR,Sewar,,,none,NONE,UNMATCHED,,,
DUM,Dhaurmui Jag,,,none,NONE,UNMATCHED,,,
JJA,Jajanpatti,,,none,NONE,UNMATCHED,,,
MSRP,Murhesi Ramp,,,none,NONE,UNMATCHED,,,
AUWA,Auwa,,,none,NONE,UNMATCHED,,,
BGG,Banta Rughna,,,none,NONE,UNMATCHED,,,
BWA,Bhinwaliya,,,none,NONE,UNMATCHED,,,
KZQ,Khimel,,,none,NONE,UNMATCHED,,,
BRLY,Biroliya,,,none,NONE,UNMATCHED,,,
KTR,Kothar,,,none,NONE,UNMATCHED,,,
KVJ,Keshav Ganj,,,none,NONE,UNMATCHED,,,
BNS,Banas,,,none,NONE,UNMATCHED,,,
BMN,Bhimana,,,none,NONE,UNMATCHED,,,
KWI,Kivarli,,,none,NONE,UNMATCHED,,,
MXO,Morthala,,,none,NONE,UNMATCHED,,,
MAA,Maval,,,none,NONE,UNMATCHED,,,
SIM,Shri Amirgad,,,none,NONE,UNMATCHED,,,
SZA,Sarotra Road,,,none,NONE,UNMATCHED,,,
IQG,Iqbal Gadh,,,none,NONE,UNMATCHED,,,
JTY,Jethi,,,none,NONE,UNMATCHED,,,
CTT,Chitrasani,,,none,NONE,UNMATCHED,,,
KRJD,Karjoda,,,none,NONE,UNMATCHED,,,
UM,Umerdashi,,,none,NONE,UNMATCHED,,,
DRW,Dharewada,,,none,NONE,UNMATCHED,,,
KMLI,Kamli,,,none,NONE,UNMATCHED,,,
BHU,Bhandu Moti,,,none,NONE,UNMATCHED,,,
JDN,Jagudan,,,none,NONE,UNMATCHED,,,
UMN,Ambliyasan J,,,none,NONE,UNMATCHED,,,
DNW,Dangarwa,,,none,NONE,UNMATCHED,,,
JUL,Jhulasan,,,none,NONE,UNMATCHED,,,
CLDB,Chandlodiya(,,,none,NONE,UNMATCHED,,,
EN,Isand,,,none,NONE,UNMATCHED,,,
PN,Pansar,,,none,NONE,UNMATCHED,,,
DRS,Dhareshwar,,,none,NONE,UNMATCHED,,,
BQN,Bagri Nagar,,,none,NONE,UNMATCHED,,,
CNL,Chandawal,,,none,NONE,UNMATCHED,,,
GRI,Guriya,,,none,NONE,UNMATCHED,,,
BAR,Bar,,,none,NONE,UNMATCHED,,,
APA,Amarpura,,,none,NONE,UNMATCHED,,,
BNGM,Bangurgram H,,,none,NONE,UNMATCHED,,,
PPF,Piplaj,,,none,NONE,UNMATCHED,,,
KRW,Kharwa,,,none,NONE,UNMATCHED,,,
MLI,Mangaliyawas,,,none,NONE,UNMATCHED,,,
MKRA,Makrera,,,none,NONE,UNMATCHED,,,
SDH,Saradhna,,,none,NONE,UNMATCHED,,,
DOZ,Daurai,,,none,NONE,UNMATCHED,,,
LR,Ladpura,,,none,NONE,UNMATCHED,,,
GEK,Gegal Akhri,,,none,NONE,UNMATCHED,,,
GLTA,Gahlota,,,none,NONE,UNMATCHED,,,
SALI,Saheli,,,none,NONE,UNMATCHED,,,
SK,Sakhun,,,none,NONE,UNMATCHED,,,
DTRA,Dantra,,,none,NONE,UNMATCHED,,,
DHND,Dhinda,,,none,NONE,UNMATCHED,,,
BOBS,Bobas,,,none,NONE,UNMATCHED,,,
SHNX,Sheosinghpur,,,none,NONE,UNMATCHED,,,
DNK,Dhanakya,,,none,NONE,UNMATCHED,,,
SUT,Satlana,,,none,NONE,UNMATCHED,,,
DUK,Dudia,,,none,NONE,UNMATCHED,,,
DOR,Dundara,,,none,NONE,UNMATCHED,,,
MNKB,Miyon Ka Bar,,,none,NONE,UNMATCHED,,,
AJIT,Ajit,,,none,NONE,UNMATCHED,,,
PRU,Parlu,,,none,NONE,UNMATCHED,,,
JNE,Janiyana,,,none,NONE,UNMATCHED,,,
KHTX,Khed Temple,,,none,NONE,UNMATCHED,,,
TWL,Tilwara,,,none,NONE,UNMATCHED,,,
GOLE,Gole,,,none,NONE,UNMATCHED,,,
BMQ,Bhimarlai,,,none,NONE,UNMATCHED,,,
BSDA,Baniya Sanda,,,none,NONE,UNMATCHED,,,
KVA,Kavas,,,none,NONE,UNMATCHED,,,
THM,Thaiyat Hami,,,none,NONE,UNMATCHED,,,
JCH,Jetha Chanda,,,none,NONE,UNMATCHED,,,
OCH,Odaniya Chac,,,none,NONE,UNMATCHED,,,
MKHR,Marwar Khara,,,none,NONE,UNMATCHED,,,
MBT,Marwar Bithr,,,none,NONE,UNMATCHED,,,
STSN,Shaitan Sing,,,none,NONE,UNMATCHED,,,
SRK,Samrau,,,none,NONE,UNMATCHED,,,
BKC,Bhikamkor,,,none,NONE,UNMATCHED,,,
MMC,Mahamandir,,,none,NONE,UNMATCHED,,,
JUCT,Jodhpur Cant,,,none,NONE,UNMATCHED,,,
PCY,Pipar City,,,none,NONE,UNMATCHED,,,
SILR,Silari,,,none,NONE,UNMATCHED,,,
BCW,Bhawi,,,none,NONE,UNMATCHED,,,
BARA,Bilara,,,none,NONE,UNMATCHED,,,
JSA,Jasai,,,none,NONE,UNMATCHED,,,
BBC,Bhachhbar,,,none,NONE,UNMATCHED,,,
RMX,Ramsar,,,none,NONE,UNMATCHED,,,
GGY,Gagariya,,,none,NONE,UNMATCHED,,,
GDD,Gadra Road,,,none,NONE,UNMATCHED,,,
JSD,Jaisinder,,,none,NONE,UNMATCHED,,,
CRV,Chureb,,,none,NONE,UNMATCHED,,,
ORW,Orwara,,,none,NONE,UNMATCHED,,,
GOVR,Govindnagar,,,none,NONE,UNMATCHED,,,
PATI,Parsa Tiwari,,,none,NONE,UNMATCHED,,,
BNGY,Babhanjyotiy,,,none,NONE,UNMATCHED,,,
LKNR,Lakhpat Naga,,,none,NONE,UNMATCHED,,,
RMBG,Ramghat  Hal,,,none,NONE,UNMATCHED,,,
DGBH,Digha Bridge,,,none,NONE,UNMATCHED,,,
AABH,Ambika Bhawa,,,none,NONE,UNMATCHED,,,
PPDA,Panchpatia D,,,none,NONE,UNMATCHED,,,
TKVR,Tek Newas,,,none,NONE,UNMATCHED,,,
KPS,Kopa Samhota,,,none,NONE,UNMATCHED,,,
MHRN,Mahendranath,,,none,NONE,UNMATCHED,,,
PCK,Pachrukhi,,,none,NONE,UNMATCHED,,,
SVC,Siwan Kacher,,,none,NONE,UNMATCHED,,,
ALS,Amlori Sarsa,,,none,NONE,UNMATCHED,,,
HTW,Hathua,,,none,NONE,UNMATCHED,,,
NKBR,Narkatia Baz,,,none,NONE,UNMATCHED,,,
SSU,Sasamusa,,,none,NONE,UNMATCHED,,,
SPYA,Sipaya (Halt,,,none,NONE,UNMATCHED,,,
JGP,Jalalpur,,,none,NONE,UNMATCHED,,,
TPV,Tinpheria (H,,,none,NONE,UNMATCHED,,,
TRJ,Tariasujan,,,none,NONE,UNMATCHED,,,
GSRM,Gauri Shri R,,,none,NONE,UNMATCHED,,,
CHAF,Chaf Halt,,,none,NONE,UNMATCHED,,,
KKT,Kath Kuiyan,,,none,NONE,UNMATCHED,,,
BAGJ,Barharaganj,,,none,NONE,UNMATCHED,,,
LIJ,Lakshmiganj,,,none,NONE,UNMATCHED,,,
MTBG,Mathia Bargh,,,none,NONE,UNMATCHED,,,
BBW,Bodarwar,,,none,NONE,UNMATCHED,,,
UNLA,Unaula,,,none,NONE,UNMATCHED,,,
KYW,Karchhue Hal,,,none,NONE,UNMATCHED,,,
NNPR,Nonapar F,,,none,NONE,UNMATCHED,,,
AHLR,Ahalyapur F,,,none,NONE,UNMATCHED,,,
BALR,Baitalpur,,,none,NONE,UNMATCHED,,,
RVG,Revelganj Gh,,,none,NONE,UNMATCHED,,,
BKLA,Bakulha,,,none,NONE,UNMATCHED,,,
DCP,Dal Chapra F,,,none,NONE,UNMATCHED,,,
CATA,Chhata-Ascha,,,none,NONE,UNMATCHED,,,
SVI,Sagarpali,,,none,NONE,UNMATCHED,,,
TJD,Tajpur Dehma,,,none,NONE,UNMATCHED,,,
DDD,Dhondha Dih,,,none,NONE,UNMATCHED,,,
SBK,Shahbaz Kuli,,,none,NONE,UNMATCHED,,,
GZT,Ghazipur Gha,,,none,NONE,UNMATCHED,,,
AKS,Ankuspur,,,none,NONE,UNMATCHED,,,
SAHR,Saheri (Halt,,,none,NONE,UNMATCHED,,,
BSCK,Basuchak Hal,,,none,NONE,UNMATCHED,,,
TRN,Taraon,,,none,NONE,UNMATCHED,,,
SYH,Saiyedpur Bh,,,none,NONE,UNMATCHED,,,
RJI,Rajawari,,,none,NONE,UNMATCHED,,,
KDQ,Kadipur,,,none,NONE,UNMATCHED,,,
JGKS,Jigni Khas (,,,none,NONE,UNMATCHED,,,
SNRA,Sanwara Halt,,,none,NONE,UNMATCHED,,,
RJMP,Rajmalpur Ro,,,none,NONE,UNMATCHED,,,
HLP,Haldharpur F,,,none,NONE,UNMATCHED,,,
RD,Ram Dayalu N,,,none,NONE,UNMATCHED,,,
TUR,Turki,,,none,NONE,UNMATCHED,,,
KHI,Kurhani,,,none,NONE,UNMATCHED,,,
BNPT,Benipatti Pi,,,none,NONE,UNMATCHED,,,
BTHL,Bithauli F,,,none,NONE,UNMATCHED,,,
GWH,Ghoshawar,,,none,NONE,UNMATCHED,,,
JLHI,Jhilahi,,,none,NONE,UNMATCHED,,,
MOTG,Motiganj,,,none,NONE,UNMATCHED,,,
BRCK,Barua Chak,,,none,NONE,UNMATCHED,,,
CAMU,Chamua F,,,none,NONE,UNMATCHED,,,
KPB,Kharpokhra,,,none,NONE,UNMATCHED,,,
AWS,Awasani,,,none,NONE,UNMATCHED,,,
VKNR,Valmikinagar,,,none,NONE,UNMATCHED,,,
GRRG,Gurli Ramgar,,,none,NONE,UNMATCHED,,,
KSNR,Khushal Naga,,,none,NONE,UNMATCHED,,,
MUUA,Mahuawa Khur,,,none,NONE,UNMATCHED,,,
JEA,Nakaha Jungl,,,none,NONE,UNMATCHED,,,
JKI,Kauria Jungl,,,none,NONE,UNMATCHED,,,
RJ,Rawatganj F,,,none,NONE,UNMATCHED,,,
MVKR,Mahawan Khor,,,none,NONE,UNMATCHED,,,
RCRA,Ramchaura Ha,,,none,NONE,UNMATCHED,,,
LPW,Loharpurwa (,,,none,NONE,UNMATCHED,,,
LER,Lehra F,,,none,NONE,UNMATCHED,,,
AHU,Ahirauli (Ha,,,none,NONE,UNMATCHED,,,
CIH,Chilhia,,,none,NONE,UNMATCHED,,,
MHBZ,Mahtha Bazar,,,none,NONE,UNMATCHED,,,
PRZ,Parsa,,,none,NONE,UNMATCHED,,,
MHBG,Mahadeva  Bu,,,none,NONE,UNMATCHED,,,
TPB,Trilokpur (H,,,none,NONE,UNMATCHED,,,
GIR,Gainsari Jn,,,none,NONE,UNMATCHED,,,
LBW,Laiburwa Hal,,,none,NONE,UNMATCHED,,,
LHNR,Lakshmanpur,,,none,NONE,UNMATCHED,,,
KPE,Kauwapur,,,none,NONE,UNMATCHED,,,
GAW,Gainjahwa,,,none,NONE,UNMATCHED,,,
BWP,Bhawanipur K,,,none,NONE,UNMATCHED,,,
ITE,Intiyathok,,,none,NONE,UNMATCHED,,,
SUBR,Subhagpur,,,none,NONE,UNMATCHED,,,
GDK,Gonda Kachah,,,none,NONE,UNMATCHED,,,
KTHL,Kathola (Hal,,,none,NONE,UNMATCHED,,,
MIR,Maijapur,,,none,NONE,UNMATCHED,,,
KSR,Kasturi (Hal,,,none,NONE,UNMATCHED,,,
SUJ,Sarju,,,none,NONE,UNMATCHED,,,
GHT,Ghaghara Gha,,,none,NONE,UNMATCHED,,,
CKG,Chowka Ghat,,,none,NONE,UNMATCHED,,,
BUR,Bindaura,,,none,NONE,UNMATCHED,,,
RFR,Rafinagar F,,,none,NONE,UNMATCHED,,,
JBR,Jahangirabad,,,none,NONE,UNMATCHED,,,
DAL,Daliganj Jn,,,none,NONE,UNMATCHED,,,
ASH,Aishbagh,,,none,NONE,UNMATCHED,,,
MSHW,Musharwa   H,,,none,NONE,UNMATCHED,,,
RSWN,Rameshwar Na,,,none,NONE,UNMATCHED,,,
PJPT,Parjapati Ha,,,none,NONE,UNMATCHED,,,
LVR,Lok Vidyapit,,,none,NONE,UNMATCHED,,,
PDPR,Purandarpur,,,none,NONE,UNMATCHED,,,
JLT,Jhamat (Halt,,,none,NONE,UNMATCHED,,,
BHGP,Bhagirathpur,,,none,NONE,UNMATCHED,,,
NIT,Naikot F,,,none,NONE,UNMATCHED,,,
BRSA,Barwa Kalan,,,none,NONE,UNMATCHED,,,
BRTA,Bartara  Hal,,,none,NONE,UNMATCHED,,,
POKL,Peokol  Halt,,,none,NONE,UNMATCHED,,,
DRBR,Deoraha Baba,,,none,NONE,UNMATCHED,,,
STZ,Satraon F,,,none,NONE,UNMATCHED,,,
SSGR,Sisai Gulab,,,none,NONE,UNMATCHED,,,
BHJ,Barhaj Bazar,,,none,NONE,UNMATCHED,,,
TTI,Turtipar F,,,none,NONE,UNMATCHED,,,
GOX,Gobindpur Du,,,none,NONE,UNMATCHED,,,
CKYD,Chakra Road,,,none,NONE,UNMATCHED,,,
PNRA,Paniara Halt,,,none,NONE,UNMATCHED,,,
PPH,Pipridih,,,none,NONE,UNMATCHED,,,
NAKD,Nayak Dih Ha,,,none,NONE,UNMATCHED,,,
HMPR,Hurmujpur (H,,,none,NONE,UNMATCHED,,,
HDT,Hardattpur F,,,none,NONE,UNMATCHED,,,
RTB,Raja Talab,,,none,NONE,UNMATCHED,,,
BRWH,Baherwa (Hal,,,none,NONE,UNMATCHED,,,
NTU,Nigatpur F,,,none,NONE,UNMATCHED,,,
KWH,Kachhwa Road,,,none,NONE,UNMATCHED,,,
KFK,Katka,,,none,NONE,UNMATCHED,,,
AHM,Ahimanpur,,,none,NONE,UNMATCHED,,,
ALMW,Almaw (Halt),,,none,NONE,UNMATCHED,,,
SJGH,Sarai Jagdis,,,none,NONE,UNMATCHED,,,
JGG,Jangiganj,,,none,NONE,UNMATCHED,,,
ATRR,Atraura (Hal,,,none,NONE,UNMATCHED,,,
BYH,Bhiti,,,none,NONE,UNMATCHED,,,
SDC,Saidabad,,,none,NONE,UNMATCHED,,,
RTR,Ramnathpur,,,none,NONE,UNMATCHED,,,
DRGJ,Daraganj,,,none,NONE,UNMATCHED,,,
SDHA,Sidhari (Hal,,,none,NONE,UNMATCHED,,,
PLGH,Paligarh (Ha,,,none,NONE,UNMATCHED,,,
RKS,Sarai Rani,,,none,NONE,UNMATCHED,,,
PHY,Phariha,,,none,NONE,UNMATCHED,,,
SJER,Sanjarpur (H,,,none,NONE,UNMATCHED,,,
DJD,Didarganj Ro,,,none,NONE,UNMATCHED,,,
KHJA,Khanja Halt,,,none,NONE,UNMATCHED,,,
FRDH,Faridaha,,,none,NONE,UNMATCHED,,,
DDNA,Dudhaunda (H,,,none,NONE,UNMATCHED,,,
GNGL,Gangauli (Ha,,,none,NONE,UNMATCHED,,,
YDV,Yadvendranag,,,none,NONE,UNMATCHED,,,
MGZ,Maharajganj,,,none,NONE,UNMATCHED,,,
GOPG,Gopalganj,,,none,NONE,UNMATCHED,,,
MJV,Manjhagarh,,,none,NONE,UNMATCHED,,,
RTU,Ratan Sarai,,,none,NONE,UNMATCHED,,,
SHER,Sher (Halt),,,none,NONE,UNMATCHED,,,
SQW,Sidhwalia,,,none,NONE,UNMATCHED,,,
BKRH,Brij Kishor,,,none,NONE,UNMATCHED,,,
TKND,Trivikaramde,,,none,NONE,UNMATCHED,,,
DWDI,Dighwa Dubau,,,none,NONE,UNMATCHED,,,
KTLP,Katalpur (Ha,,,none,NONE,UNMATCHED,,,
APRH,Alehpur,,,none,NONE,UNMATCHED,,,
RPV,Rajapatti,,,none,NONE,UNMATCHED,,,
MHC,Masrakh,,,none,NONE,UNMATCHED,,,
GNDM,Gunrajpur Dh,,,none,NONE,UNMATCHED,,,
PKRH,Parsa Kerwa,,,none,NONE,UNMATCHED,,,
SMKR,Sham Kauria,,,none,NONE,UNMATCHED,,,
AGTR,Agauthar Hal,,,none,NONE,UNMATCHED,,,
TERH,Terha Halt,,,none,NONE,UNMATCHED,,,
MEW,Marhaura,,,none,NONE,UNMATCHED,,,
SLHI,Silhaudi,,,none,NONE,UNMATCHED,,,
TJW,Tejpurwa (Ha,,,none,NONE,UNMATCHED,,,
PEE,Paterhi,,,none,NONE,UNMATCHED,,,
BURA,Bahuara(Halt,,,none,NONE,UNMATCHED,,,
BMPT,Banni Mahamm,,,none,NONE,UNMATCHED,,,
KYH,Khairah,,,none,NONE,UNMATCHED,,,
TMUR,Tenua Dumari,,,none,NONE,UNMATCHED,,,
HRNG,Harpur Nag,,,none,NONE,UNMATCHED,,,
JDR,Jiwdhara,,,none,NONE,UNMATCHED,,,
MCO,Motihari Cou,,,none,NONE,UNMATCHED,,,
SRA,Semra,,,none,NONE,UNMATCHED,,,
MHL,Mahwal,,,none,NONE,UNMATCHED,,,
NRV,Nariyar  Hal,,,none,NONE,UNMATCHED,,,
PPRH,Piprahan,,,none,NONE,UNMATCHED,,,
KTI,Kanti,,,none,NONE,UNMATCHED,,,
KVC,Kaparpura,,,none,NONE,UNMATCHED,,,
KPCM,Kuwarchintaw,,,none,NONE,UNMATCHED,,,
BGAR,Bangari,,,none,NONE,UNMATCHED,,,
BKHR,Bakhri,,,none,NONE,UNMATCHED,,,
KHQ,Kharik,,,none,NONE,UNMATCHED,,,
GAI,Gauchhari,,,none,NONE,UNMATCHED,,,
CDBN,Chedhabanni,,,none,NONE,UNMATCHED,,,
LAK,Lakho,,,none,NONE,UNMATCHED,,,
TIL,Tilrath,,,none,NONE,UNMATCHED,,,
BRKB,Bharat Khand,,,none,NONE,UNMATCHED,,,
BEHT,Bihat Halt,,,none,NONE,UNMATCHED,,,
VBH,Vishnupur Ba,,,none,NONE,UNMATCHED,,,
MPNH,Majnupur Naw,,,none,NONE,UNMATCHED,,,
NNNL,Nandani Lagu,,,none,NONE,UNMATCHED,,,
BDUA,Basudeopur C,,,none,NONE,UNMATCHED,,,
SDG,Sahadai Buzu,,,none,NONE,UNMATCHED,,,
GKHT,Gram Kharika,,,none,NONE,UNMATCHED,,,
CSR,Chak Sikanda,,,none,NONE,UNMATCHED,,,
CKRD,Chakmakrand,,,none,NONE,UNMATCHED,,,
HBP,Harpur Bocha,,,none,NONE,UNMATCHED,,,
CHRU,Chamrua,,,none,NONE,UNMATCHED,,,
KEMR,Kemri (Halt),,,none,NONE,UNMATCHED,,,
JLQ,Jalpur  Halt,,,none,NONE,UNMATCHED,,,
ALJ,Aliganj,,,none,NONE,UNMATCHED,,,
SKX,Sarkara,,,none,NONE,UNMATCHED,,,
BRDT,Beria Daulat,,,none,NONE,UNMATCHED,,,
GWS,Gaushala F,,,none,NONE,UNMATCHED,,,
PRM,Pirumadara (,,,none,NONE,UNMATCHED,,,
PAQ,Padiya Nagla,,,none,NONE,UNMATCHED,,,
SEW,Sehal Halt,,,none,NONE,UNMATCHED,,,
GOT,Got (Halt),,,none,NONE,UNMATCHED,,,
HSY,Harsinghpur,,,none,NONE,UNMATCHED,,,
SHX,Shukarullahp,,,none,NONE,UNMATCHED,,,
BHTS,Bhatasa (Hal,,,none,NONE,UNMATCHED,,,
KXF,Kampil Road,,,none,NONE,UNMATCHED,,,
NHX,Narthar (Hal,,,none,NONE,UNMATCHED,,,
GRAK,Garkha F,,,none,NONE,UNMATCHED,,,
BHK,Badhari Kala,,,none,NONE,UNMATCHED,,,
MHA,Marahra,,,none,NONE,UNMATCHED,,,
AUL,Agsauli,,,none,NONE,UNMATCHED,,,
BTRO,Bastoi (Halt,,,none,NONE,UNMATCHED,,,
RKN,Rati-Ka-Nagl,,,none,NONE,UNMATCHED,,,
HTJ,Hathras Road,,,none,NONE,UNMATCHED,,,
MEU,Mendu (Halt),,,none,NONE,UNMATCHED,,,
MSN,Mursan,,,none,NONE,UNMATCHED,,,
SYZ,Sonai,,,none,NONE,UNMATCHED,,,
RAYA,Raya,Rayakkottai,node/367462102,fuzzy_name,MEDIUM,MATCHED,12.5145014,78.027275,Q23748829
BSA,Bhainsa,,,none,NONE,UNMATCHED,,,
PRK,Parkham,,,none,NONE,UNMATCHED,,,
KHSN,Khera Sandha,,,none,NONE,UNMATCHED,,,
AMA,Atamanda,,,none,NONE,UNMATCHED,,,
DRN,Deoranian,,,none,NONE,UNMATCHED,,,
RR,Richha Road,,,none,NONE,UNMATCHED,,,
KJC,Kasganj City,,,none,NONE,UNMATCHED,,,
GGG,Gangagarh (H,,,none,NONE,UNMATCHED,,,
MPG,Manpur Nagar,,,none,NONE,UNMATCHED,,,
KCO,Kachhla Brid,,,none,NONE,UNMATCHED,,,
KCU,Kachhla,,,none,NONE,UNMATCHED,,,
BTRI,Bitroi,,,none,NONE,UNMATCHED,,,
SKW,Sheikhupur,,,none,NONE,UNMATCHED,,,
MQW,Mallan Nagar,,,none,NONE,UNMATCHED,,,
GTP,Ghatpuri,,,none,NONE,UNMATCHED,,,
KRTL,Kartauli (Ha,,,none,NONE,UNMATCHED,,,
MQP,Makrandpur,,,none,NONE,UNMATCHED,,,
BMY,Bamiana,,,none,NONE,UNMATCHED,,,
DBNR,Dibnapur  Ha,,,none,NONE,UNMATCHED,,,
STH,Saithal (Hal,,,none,NONE,UNMATCHED,,,
BJV,Bijauria,,,none,NONE,UNMATCHED,,,
SSC,Shahi,,,none,NONE,UNMATCHED,,,
LUA,Lalauri Kher,,,none,NONE,UNMATCHED,,,
NRY,Nyoriya Huse,,,none,NONE,UNMATCHED,,,
MJZ,Majhola Paka,,,none,NONE,UNMATCHED,,,
ADF,Adina,,,none,NONE,UNMATCHED,,,
MANG,Mahanagar,,,none,NONE,UNMATCHED,,,
DOTL,Deotala,,,none,NONE,UNMATCHED,,,
DLPH,Daulatpur Ha,,,none,NONE,UNMATCHED,,,
MLNH,Malancha,,,none,NONE,UNMATCHED,,,
RMPB,Rampur Bazar,,,none,NONE,UNMATCHED,,,
MKRH,Mallickpurha,,,none,NONE,UNMATCHED,,,
APDC,Alipur Duar,,,none,NONE,UNMATCHED,,,
BSW,Baneswar,,,none,NONE,UNMATCHED,,,
COB,Cooch Behar,,,none,NONE,UNMATCHED,,,
DWT,Dewan Hat,,,none,NONE,UNMATCHED,,,
VTG,Bhetaguri,,,none,NONE,UNMATCHED,,,
DCH,Dinhata Coll,,,none,NONE,UNMATCHED,,,
DHH,Dinhata,,,none,NONE,UNMATCHED,,,
FLM,Falimari,,,none,NONE,UNMATCHED,,,
NGTG,New Gitaldah,,,none,NONE,UNMATCHED,,,
ABW,Abutara Halt,,,none,NONE,UNMATCHED,,,
BXT,Bamanhat,,,none,NONE,UNMATCHED,,,
GLMA,Gulma,,,none,NONE,UNMATCHED,,,
SVQ,Sivok,,,none,NONE,UNMATCHED,,,
BRQ,Bagrakot,,,none,NONE,UNMATCHED,,,
DDM,Dam Dim,,,none,NONE,UNMATCHED,,,
CRX,Carron,,,none,NONE,UNMATCHED,,,
MJE,Mujnai,,,none,NONE,UNMATCHED,,,
GRU,Garopara Hal,,,none,NONE,UNMATCHED,,,
MGPI,Mangarpatti,,,none,NONE,UNMATCHED,,,
SPRN,Salempur Hal,,,none,NONE,UNMATCHED,,,
FNO,Fungo Halt,,,none,NONE,UNMATCHED,,,
OLP,Olapur,,,none,NONE,UNMATCHED,,,
PRGA,Paharjaganga,,,none,NONE,UNMATCHED,,,
IMLI,Imli,,,none,NONE,UNMATCHED,,,
DSKG,Dr Shri Kris,,,none,NONE,UNMATCHED,,,
BAPN,Baraipura  H,,,none,NONE,UNMATCHED,,,
NWC,Naya Nagar,,,none,NONE,UNMATCHED,,,
MABB,Mabbi Halt,,,none,NONE,UNMATCHED,,,
NRN,Singhiaghat,,,none,NONE,UNMATCHED,,,
ARG,Angar Ghat,,,none,NONE,UNMATCHED,,,
BGDS,Bhagwanpur D,,,none,NONE,UNMATCHED,,,
SANH,Sanha Halt,,,none,NONE,UNMATCHED,,,
LB,Lain Bazar,,,none,NONE,UNMATCHED,,,
SRKR,Salar Khurd,,,none,NONE,UNMATCHED,,,
PLWR,Phulwaria,,,none,NONE,UNMATCHED,,,
BHBR,Bathua Bazar,,,none,NONE,UNMATCHED,,,
KTNR,Kirtyanand N,,,none,NONE,UNMATCHED,,,
SRSI,Sarsi,,,none,NONE,UNMATCHED,,,
BDMA,Budhma,,,none,NONE,UNMATCHED,,,
MEE,Methai F,,,none,NONE,UNMATCHED,,,
BYP,Baijnathpur,,,none,NONE,UNMATCHED,,,
KKNH,Karukhirharn,,,none,NONE,UNMATCHED,,,
BIRL,Biraul,,,none,NONE,UNMATCHED,,,
PHI,Panikhaiti,,,none,NONE,UNMATCHED,,,
PNB,Panbari,,,none,NONE,UNMATCHED,,,
TTLA,Tetelia,,,none,NONE,UNMATCHED,,,
KKET,Kamrup Khetr,,,none,NONE,UNMATCHED,,,
AJRE,Aujuri,,,none,NONE,UNMATCHED,,,
SNBR,Sonuabari,,,none,NONE,UNMATCHED,,,
DML,Dharamtul,,,none,NONE,UNMATCHED,,,
TGE,Thekeraguri,,,none,NONE,UNMATCHED,,,
LPN,Laopani,,,none,NONE,UNMATCHED,,,
DHRY,Dhaipukhuri,,,none,NONE,UNMATCHED,,,
HWX,Habaipur,,,none,NONE,UNMATCHED,,,
PKB,Patharkhola,,,none,NONE,UNMATCHED,,,
RAHA,Raha,,,none,NONE,UNMATCHED,,,
PUY,Phulaguri,,,none,NONE,UNMATCHED,,,
BEE,Bebejia,,,none,NONE,UNMATCHED,,,
HBN,Haibargaon,,,none,NONE,UNMATCHED,,,
RUP,Rupaigaon,,,none,NONE,UNMATCHED,,,
TRBE,Tarabari,,,none,NONE,UNMATCHED,,,
JRX,Juriagaon,,,none,NONE,UNMATCHED,,,
DGX,Dahgaon,,,none,NONE,UNMATCHED,,,
BKS,Balikotia,,,none,NONE,UNMATCHED,,,
BTDR,Batadrawa Ro,,,none,NONE,UNMATCHED,,,
DBZ,Dhing Bazar,,,none,NONE,UNMATCHED,,,
DIU,Dhing,,,none,NONE,UNMATCHED,,,
MBO,Mairabari,,,none,NONE,UNMATCHED,,,
MYD,Manderdisa,,,none,NONE,UNMATCHED,,,
HTL,Hatikhali,,,none,NONE,UNMATCHED,,,
DBLG,Dijaobra,,,none,NONE,UNMATCHED,,,
LGT,Langting,,,none,NONE,UNMATCHED,,,
DKE,Dihakho,,,none,NONE,UNMATCHED,,,
MUPA,Mupa,,,none,NONE,UNMATCHED,,,
KQI,Kalachand,,,none,NONE,UNMATCHED,,,
WDA,Wadrengdisa,,,none,NONE,UNMATCHED,,,
DJA,Daotuhaja,,,none,NONE,UNMATCHED,,,
PDJ,Phiding,,,none,NONE,UNMATCHED,,,
MGE,Migrendisa,,,none,NONE,UNMATCHED,,,
JGLP,Jatinga,,,none,NONE,UNMATCHED,,,
DTC,Ditokcherra,,,none,NONE,UNMATCHED,,,
BXK,Bandarkhal,,,none,NONE,UNMATCHED,,,
DCA,Damchara,,,none,NONE,UNMATCHED,,,
CNE,Chandranathp,,,none,NONE,UNMATCHED,,,
BHZ,Bihara,,,none,NONE,UNMATCHED,,,
HLX,Hilara,,,none,NONE,UNMATCHED,,,
SQF,Sukritipur,,,none,NONE,UNMATCHED,,,
PNGM,Panchgram,,,none,NONE,UNMATCHED,,,
SCA,Salchapra,,,none,NONE,UNMATCHED,,,
ARCL,Arunachal,,,none,NONE,UNMATCHED,,,
MSSN,Maishashan,,,none,NONE,UNMATCHED,,,
LGI,Longai,,,none,NONE,UNMATCHED,,,
CGX,Chargola,,,none,NONE,UNMATCHED,,,
BXG,Bhanga,,,none,NONE,UNMATCHED,,,
RPB,Rupsibari,,,none,NONE,UNMATCHED,,,
JGNR,Jogendra Nag,,,none,NONE,UNMATCHED,,,
JRNA,Jirinia,,,none,NONE,UNMATCHED,,,
TLMR,Teliamura,,,none,NONE,UNMATCHED,,,
MGKM,Mangiakami,,,none,NONE,UNMATCHED,,,
JWNR,Jawahar Naga,,,none,NONE,UNMATCHED,,,
SKAP,Skpara,,,none,NONE,UNMATCHED,,,
MANU,Manu,Elamanur,node/6026356091,fuzzy_name,MEDIUM,MATCHED,10.8796682,78.5738912,Q63355482
NLKT,Nalkata,,,none,NONE,UNMATCHED,,,
KUGT,Kumarghat,,,none,NONE,UNMATCHED,,,
PEC,Pencharthal,,,none,NONE,UNMATCHED,,,
PASG,Panisagar,,,none,NONE,UNMATCHED,,,
NPU,Nadiapur,,,none,NONE,UNMATCHED,,,
CBZ,Churaibari,,,none,NONE,UNMATCHED,,,
TBX,Tilbhum,,,none,NONE,UNMATCHED,,,
CHBN,Chand Khira,,,none,NONE,UNMATCHED,,,
KKGT,Kalkalighat,,,none,NONE,UNMATCHED,,,
PTKD,Patharkandi,,,none,NONE,UNMATCHED,,,
KNBR,Kanaibazar,,,none,NONE,UNMATCHED,,,
BRGM,Baraigram Jn,,,none,NONE,UNMATCHED,,,
KTGM,Kayasthagram,,,none,NONE,UNMATCHED,,,
NLBR,Nilambazar,,,none,NONE,UNMATCHED,,,
SAKD,Suprakandi,,,none,NONE,UNMATCHED,,,
NSCL,New Silchar,,,none,NONE,UNMATCHED,,,
MRBD,Moinarband,,,none,NONE,UNMATCHED,,,
RNGN,Ranigaon,,,none,NONE,UNMATCHED,,,
SIBR,Shribar,,,none,NONE,UNMATCHED,,,
KMNG,Kamranga,,,none,NONE,UNMATCHED,,,
JIGT,Jirighat,,,none,NONE,UNMATCHED,,,
JRBM,Jiribam,,,none,NONE,UNMATCHED,,,
VNGP,Vangaichungp,,,none,NONE,UNMATCHED,,,
ALGP,Algapur,,,none,NONE,UNMATCHED,,,
HKD,Hailakandi,,,none,NONE,UNMATCHED,,,
MNCR,Monacherra,,,none,NONE,UNMATCHED,,,
LLBR,Lalabazar,,,none,NONE,UNMATCHED,,,
MPRA,Mahamadpur-A,,,none,NONE,UNMATCHED,,,
KLCR,Katlicherra,,,none,NONE,UNMATCHED,,,
MOAR,Manipur Baga,,,none,NONE,UNMATCHED,,,
JMRA,Jamira,,,none,NONE,UNMATCHED,,,
RTRA,Ramnathpur,,,none,NONE,UNMATCHED,,,
BHRB,Bhairabi,,,none,NONE,UNMATCHED,,,
UDPU,Udaipur,,,none,NONE,UNMATCHED,,,
BHRM,Bishramganj,,,none,NONE,UNMATCHED,,,
BLGH,Bishalgarh,,,none,NONE,UNMATCHED,,,
SKKE,Sekerkote,,,none,NONE,UNMATCHED,,,
DLCR,Dullabcherra,,,none,NONE,UNMATCHED,,,
APU,Anipur,,,none,NONE,UNMATCHED,,,
RTBR,Ratabari,,,none,NONE,UNMATCHED,,,
BZGT,Bazarghat,,,none,NONE,UNMATCHED,,,
PKGM,Phakhoagarm,,,none,NONE,UNMATCHED,,,
ELL,Eraligul,,,none,NONE,UNMATCHED,,,
MBC,Mahananda Br,,,none,NONE,UNMATCHED,,,
KMRJ,Kumarganj,,,none,NONE,UNMATCHED,,,
SRPU,Sripur Halt,,,none,NONE,UNMATCHED,,,
MFZ,Malahar,,,none,NONE,UNMATCHED,,,
MQG,Milangarh,,,none,NONE,UNMATCHED,,,
DVJ,Dillidewanga,,,none,NONE,UNMATCHED,,,
PQD,Pranpur Road,,,none,NONE,UNMATCHED,,,
SAJH,Sahjha Halt,,,none,NONE,UNMATCHED,,,
KUQ,Kuretha,,,none,NONE,UNMATCHED,,,
MIYN,Maniyan,,,none,NONE,UNMATCHED,,,
MLFC,Malda Court,,,none,NONE,UNMATCHED,,,
DLX,Dalimgaon,,,none,NONE,UNMATCHED,,,
BJY,Bangalbaree,,,none,NONE,UNMATCHED,,,
BMGR,Bamangram,,,none,NONE,UNMATCHED,,,
JTK,Jhitkia,,,none,NONE,UNMATCHED,,,
KAU,Kachna,,,none,NONE,UNMATCHED,,,
DHNA,Dhachna,,,none,NONE,UNMATCHED,,,
MFA,Mukuria,,,none,NONE,UNMATCHED,,,
BWPB,Bhawanipur B,,,none,NONE,UNMATCHED,,,
KMPH,Kamalpur Hal,,,none,NONE,UNMATCHED,,,
BAHN,Babhan Gaon,,,none,NONE,UNMATCHED,,,
SQB,Singhabad,,,none,NONE,UNMATCHED,,,
BBCE,Bulbulchandi,,,none,NONE,UNMATCHED,,,
SJGM,Sanjoy Gram,,,none,NONE,UNMATCHED,,,
AHL,Ajharail,,,none,NONE,UNMATCHED,,,
SJKL,Surjakamal,,,none,NONE,UNMATCHED,,,
HWR,Hatwar,,,none,NONE,UNMATCHED,,,
THED,Tauheed,,,none,NONE,UNMATCHED,,,
GIL,Gaisal,,,none,NONE,UNMATCHED,,,
GEOR,Gunjaria,,,none,NONE,UNMATCHED,,,
MXJ,Mangurjan,,,none,NONE,UNMATCHED,,,
TMH,Tin Mile Hat,,,none,NONE,UNMATCHED,,,
DMZ,Dumdangi,,,none,NONE,UNMATCHED,,,
CAT,Chattar Hat,,,none,NONE,UNMATCHED,,,
NJB,Nijbari,,,none,NONE,UNMATCHED,,,
RNI,Rangapani,,,none,NONE,UNMATCHED,,,
NQH,New Domohani,,,none,NONE,UNMATCHED,,,
BYXA,Betgara,,,none,NONE,UNMATCHED,,,
ATM,Altagram,,,none,NONE,UNMATCHED,,,
KLGR,Kolaigram,,,none,NONE,UNMATCHED,,,
SXX,Salbari,,,none,NONE,UNMATCHED,,,
GUZ,Gumanihat,,,none,NONE,UNMATCHED,,,
SJRR,Sajerpar,,,none,NONE,UNMATCHED,,,
PQZ,Pundibari,,,none,NONE,UNMATCHED,,,
NBS,New Baneswar,,,none,NONE,UNMATCHED,,,
SMTA,Samuktala Ro,,,none,NONE,UNMATCHED,,,
SRPB,Srirampur (A,,,none,NONE,UNMATCHED,,,
CPQ,Chaprakata,,,none,NONE,UNMATCHED,,,
PTLD,Patiladaha,,,none,NONE,UNMATCHED,,,
GOE,Ghograpar,,,none,NONE,UNMATCHED,,,
BKTB,Bindukuri,,,none,NONE,UNMATCHED,,,
TKTB,Thakurbari,,,none,NONE,UNMATCHED,,,
CHOD,Charduar,,,none,NONE,UNMATCHED,,,
GAMN,Gamani,Perugamani,node/6026340118,fuzzy_name,MEDIUM,MATCHED,10.888803,78.5475192,Q63356170
BHNG,Bhalukpong,,,none,NONE,UNMATCHED,,,
NYT,Nayatola,,,none,NONE,UNMATCHED,,,
DNQ,Dandkhora,,,none,NONE,UNMATCHED,,,
GRR,Gorphar,,,none,NONE,UNMATCHED,,,
BHNP,Bishanpur Ha,,,none,NONE,UNMATCHED,,,
JAU,Jhaua,,,none,NONE,UNMATCHED,,,
MENP,Meenapur,,,none,NONE,UNMATCHED,,,
DLF,Dalan,,,none,NONE,UNMATCHED,,,
RWA,Rautara,,,none,NONE,UNMATCHED,,,
RNX,Ranipatra,,,none,NONE,UNMATCHED,,,
KUB,Kasba,,,none,NONE,UNMATCHED,,,
GBN,Garh Banali,,,none,NONE,UNMATCHED,,,
JAG,Jalalgarh,,,none,NONE,UNMATCHED,,,
KSY,Kusiargaon,,,none,NONE,UNMATCHED,,,
ARR,Arariya,,,none,NONE,UNMATCHED,,,
SMH,Simraha,,,none,NONE,UNMATCHED,,,
BTF,Bathnaha,,,none,NONE,UNMATCHED,,,
DLZ,Dholbaza,,,none,NONE,UNMATCHED,,,
GPE,Gogi Pothia,,,none,NONE,UNMATCHED,,,
HOD,Haldia Bihar,,,none,NONE,UNMATCHED,,,
SATR,Satar Halt,,,none,NONE,UNMATCHED,,,
MOP,Mohitnagar,,,none,NONE,UNMATCHED,,,
KDX,Kadabari Hat,,,none,NONE,UNMATCHED,,,
MDG,Mandalghat,,,none,NONE,UNMATCHED,,,
KSBI,Kashiabari,,,none,NONE,UNMATCHED,,,
GSA,Guagachha,,,none,NONE,UNMATCHED,,,
NSRH,Niz-Sariha,,,none,NONE,UNMATCHED,,,
BIZ,Baihata,,,none,NONE,UNMATCHED,,,
AGT,Agthori,,,none,NONE,UNMATCHED,,,
MZQ,Majgaon-Assa,,,none,NONE,UNMATCHED,,,
AYU,Abhayapuri A,,,none,NONE,UNMATCHED,,,
PNVT,Panchratna,,,none,NONE,UNMATCHED,,,
KRNI,Krishnai,,,none,NONE,UNMATCHED,,,
DDNI,Dudhnoi,,,none,NONE,UNMATCHED,,,
AMGA,Amjonga,,,none,NONE,UNMATCHED,,,
RGJI,Rangjuli,,,none,NONE,UNMATCHED,,,
DPRA,Dhupdhara,,,none,NONE,UNMATCHED,,,
SNCA,Singra,,,none,NONE,UNMATCHED,,,
BOKO,Boko,,,none,NONE,UNMATCHED,,,
BMGN,Bamunigaon,,,none,NONE,UNMATCHED,,,
CGON,Chaygaon,,,none,NONE,UNMATCHED,,,
MRZA,Mirza,,,none,NONE,UNMATCHED,,,
AZA,Azara,,,none,NONE,UNMATCHED,,,
MNDP,Mendipathar,,,none,NONE,UNMATCHED,,,
NOLB,Nolbari,,,none,NONE,UNMATCHED,,,
LCT,Langcholiet,,,none,NONE,UNMATCHED,,,
NLN,Nailalung,,,none,NONE,UNMATCHED,,,
DLDE,Daldali,,,none,NONE,UNMATCHED,,,
RXR,Rangapahar,,,none,NONE,UNMATCHED,,,
RXRX,Rangaphar Cr,,,none,NONE,UNMATCHED,,,
KHKT,Khotkhoti,,,none,NONE,UNMATCHED,,,
CJA,Chongajan,,,none,NONE,UNMATCHED,,,
BHGN,Bhilgaon,,,none,NONE,UNMATCHED,,,
JMI,Jamguri,,,none,NONE,UNMATCHED,,,
OTN,Oating,,,none,NONE,UNMATCHED,,,
CFG,Chakiting,,,none,NONE,UNMATCHED,,,
KQY,Kharikatia,,,none,NONE,UNMATCHED,,,
LH,Lahing,,,none,NONE,UNMATCHED,,,
SLX,Selenghat,,,none,NONE,UNMATCHED,,,
MZA,Mezenga,,,none,NONE,UNMATCHED,,,
NZR,Nazira,,,none,NONE,UNMATCHED,,,
MUGN,Mahutgaon,,,none,NONE,UNMATCHED,,,
LPTA,Longpatia,,,none,NONE,UNMATCHED,,,
BRNR,Barua Nagar,,,none,NONE,UNMATCHED,,,
BTZ,Balimara,,,none,NONE,UNMATCHED,,,
BDT,Bordubi Road,,,none,NONE,UNMATCHED,,,
CGF,Charali,,,none,NONE,UNMATCHED,,,
DSX,Desang,,,none,NONE,UNMATCHED,,,
KRHT,Kharahat,,,none,NONE,UNMATCHED,,,
MHKT,Mohkhuti,,,none,NONE,UNMATCHED,,,
SEPN,Sepon,,,none,NONE,UNMATCHED,,,
MOX,Moran,,,none,NONE,UNMATCHED,,,
KOWN,Khowang,,,none,NONE,UNMATCHED,,,
LPK,Lepetkata,,,none,NONE,UNMATCHED,,,
VT,Vellore Town,,,none,NONE,UNMATCHED,,,
POI,Ponpadi,,,none,NONE,UNMATCHED,,,
VKZ,Venkatanaras,,,none,NONE,UNMATCHED,,,
VGA,Vepagunta,,,none,NONE,UNMATCHED,,,
TDK,Taduku,,,none,NONE,UNMATCHED,,,
PUDI,Pudi,,,none,NONE,UNMATCHED,,,
MRM,Mamanduru,,,none,NONE,UNMATCHED,,,
BLPE,Balapalle,,,none,NONE,UNMATCHED,,,
SF,Settigunta,,,none,NONE,UNMATCHED,,,
ANE,Anantarajupe,,,none,NONE,UNMATCHED,,,
RPL,Reddipalli,,,none,NONE,UNMATCHED,,,
HAQ,Hastavaramu,,,none,NONE,UNMATCHED,,,
MMPL,Mantapampall,,,none,NONE,UNMATCHED,,,
VNM,Ontimitta,,,none,NONE,UNMATCHED,,,
BKPT,Bhakarapet,,,none,NONE,UNMATCHED,,,
KNLP,Kanamalepall,,,none,NONE,UNMATCHED,,,
SVF,Srivenkatape,,,none,NONE,UNMATCHED,,,
MLPM,Arakkonam We,,,none,NONE,UNMATCHED,,,
MNX,Manganallur,,,none,NONE,UNMATCHED,,,
POM,Punthottam,,,none,NONE,UNMATCHED,,,
AWT,Alwar Tiruna,,,none,NONE,UNMATCHED,,,
TTQ,Thathankulam,,,none,NONE,UNMATCHED,,,
PCO,Palayamkotta,,,none,NONE,UNMATCHED,,,
CV,Cauvery,,,none,NONE,UNMATCHED,,,
ANU,Anangur,,,none,NONE,UNMATCHED,,,
MVPM,Mavelipalaiy,,,none,NONE,UNMATCHED,,,
DC,Magudanchava,,,none,NONE,UNMATCHED,,,
MCRD,Mecheri Road,,,none,NONE,UNMATCHED,,,
MTDM,Mettur Dam,,,none,NONE,UNMATCHED,,,
PCTM,Puduchatti,,,none,NONE,UNMATCHED,,,
VNGL,Laddivadi,,,none,NONE,UNMATCHED,,,
MKY,Mekkudi Halt,,,none,NONE,UNMATCHED,,,
JPM,Jiyapuram Ha,,,none,NONE,UNMATCHED,,,
MUQ,Marudur Halt,,,none,NONE,UNMATCHED,,,
PAS,Pasur,,,none,NONE,UNMATCHED,,,
CVD,Chavadipalay,Avadi,node/3678939665,fuzzy_name,MEDIUM,MATCHED,13.1182744,80.1015427,Q4827409
KNNT,Kunnathur Ha,,,none,NONE,UNMATCHED,,,
TNGR,Thonganur H,,,none,NONE,UNMATCHED,,,
MY,Malliyam,,,none,NONE,UNMATCHED,,,
NPT,Narasinganpe,,,none,NONE,UNMATCHED,,,
TDR,Tiruvidaimar,,,none,NONE,UNMATCHED,,,
TRM,Tirunagesvar,,,none,NONE,UNMATCHED,,,
DSM,Darasuram,,,none,NONE,UNMATCHED,,,
SWI,Swami Malai,,,none,NONE,UNMATCHED,,,
ONR,Coonoor,,,none,NONE,UNMATCHED,,,
WEL,Wellington,,,none,NONE,UNMATCHED,,,
AVK,Aravankadu,,,none,NONE,UNMATCHED,,,
KXT,Ketti,,,none,NONE,UNMATCHED,,,
LOV,Lovedale,,,none,NONE,UNMATCHED,,,
UAM,Udhagamandal,,,none,NONE,UNMATCHED,,,
KAY,Karai Madai,,,none,NONE,UNMATCHED,,,
CMNR,Chamrajanaga,,,none,NONE,UNMATCHED,,,
BDGP,Badanaguppe,,,none,NONE,UNMATCHED,,,
KRNU,Kananur,,,none,NONE,UNMATCHED,,,
KVE,Kavalande,,,none,NONE,UNMATCHED,,,
NBU,Narasambudhi,,,none,NONE,UNMATCHED,,,
CGHD,Chinnadagudi,,,none,NONE,UNMATCHED,,,
NTW,Nanjangud To,,,none,NONE,UNMATCHED,,,
SJPM,Sujatapuram,,,none,NONE,UNMATCHED,,,
TXM,Tandavapura,,,none,NONE,UNMATCHED,,,
KDO,Kadakola,,,none,NONE,UNMATCHED,,,
AP,Ashokapuram,,,none,NONE,UNMATCHED,,,
CMJ,Chamarajapur,,,none,NONE,UNMATCHED,,,
SDVL,Soldevanahal,,,none,NONE,UNMATCHED,,,
SOLR,Solur,,,none,NONE,UNMATCHED,,,
TASA,Tippesandra,,,none,NONE,UNMATCHED,,,
SIDP,Siddapura,,,none,NONE,UNMATCHED,,,
ACCI,Adichunchuna,,,none,NONE,UNMATCHED,,,
DSVS,D Samudraval,,,none,NONE,UNMATCHED,,,
SIGA,Shantigrama,,,none,NONE,UNMATCHED,,,
MVC,Mavinkere,,,none,NONE,UNMATCHED,,,
ANC,Annechakanah,,,none,NONE,UNMATCHED,,,
SRVN,Sravanur,,,none,NONE,UNMATCHED,,,
BRBL,Birahalli,,,none,NONE,UNMATCHED,,,
AKK,Akkihebbalu,,,none,NONE,UNMATCHED,,,
HAH,Hosa Agrahar,,,none,NONE,UNMATCHED,,,
ARNH,Arjunahalli,,,none,NONE,UNMATCHED,,,
HPA,Hampapura,,,none,NONE,UNMATCHED,,,
DOY,Dornahalli,,,none,NONE,UNMATCHED,,,
KLYH,Kallur Yedah,,,none,NONE,UNMATCHED,,,
KJS,Krishnarajsa,,,none,NONE,UNMATCHED,,,
BLGA,Belagula,,,none,NONE,UNMATCHED,,,
KCLA,Kenchanalu,,,none,NONE,UNMATCHED,,,
ARU,Arasalu,,,none,NONE,UNMATCHED,,,
SPV,Sivapur,,,none,NONE,UNMATCHED,,,
KRNH,Kornahalli,,,none,NONE,UNMATCHED,,,
MSS,Masarahalli,,,none,NONE,UNMATCHED,,,
SMDT,Semmandapatt,,,none,NONE,UNMATCHED,,,
MPC,Muttampatti,,,none,NONE,UNMATCHED,,,
SZV,Sivadi,Sivadi,node/6017330755,fuzzy_name,MEDIUM,MATCHED,12.0390657,78.1182781,Q63360814
PRNT,Periyanagath,,,none,NONE,UNMATCHED,,,
KMLM,Kelamangalam,,,none,NONE,UNMATCHED,,,
HHT,Habanghatta,,,none,NONE,UNMATCHED,,,
BGPA,Bageshpura,,,none,NONE,UNMATCHED,,,
SHYP,Sakkaraya Pa,,,none,NONE,UNMATCHED,,,
CMGR,Chikmagaluru,,,none,NONE,UNMATCHED,,,
CHPD,Cheppad,,,none,NONE,UNMATCHED,,,
KVTA,Karuvatta H.,,,none,NONE,UNMATCHED,,,
TZH,Takazhi,,,none,NONE,UNMATCHED,,,
PNPR,Punnapra,,,none,NONE,UNMATCHED,,,
TMPY,Tumboli H.,,,none,NONE,UNMATCHED,,,
KAVR,Kalavur H.,,,none,NONE,UNMATCHED,,,
TRVZ,Tiruvizha,,,none,NONE,UNMATCHED,,,
VAY,Vayalar,,,none,NONE,UNMATCHED,,,
EZP,Ezhupunna,,,none,NONE,UNMATCHED,,,
AROR,Arur H.,,,none,NONE,UNMATCHED,,,
KUMM,Kumbalam,,,none,NONE,UNMATCHED,,,
VRLR,Virani Alur,,,none,NONE,UNMATCHED,,,
AMVA,Amaravilla H,,,none,NONE,UNMATCHED,,,
BRAM,Balaramapura,,,none,NONE,UNMATCHED,,,
NEM,Nemam,,,none,NONE,UNMATCHED,,,
VELI,Veli H.,,,none,NONE,UNMATCHED,,,
KXP,Kaniyapuram,,,none,NONE,UNMATCHED,,,
PGZ,Perunguzhi,,,none,NONE,UNMATCHED,,,
AMY,Akathamuri,,,none,NONE,UNMATCHED,,,
EVA,Edavai,,,none,NONE,UNMATCHED,,,
KFI,Kappil,,,none,NONE,UNMATCHED,,,
IRP,Iravipuram H,,,none,NONE,UNMATCHED,,,
CGV,Chingavanam,,,none,NONE,UNMATCHED,,,
THX,Tovalai H.,,,none,NONE,UNMATCHED,,,
SGLM,Sengulam,,,none,NONE,UNMATCHED,,,
MP,Melappalayam,,,none,NONE,UNMATCHED,,,
TAY,Talaiyuthu,,,none,NONE,UNMATCHED,,,
SNO,Somanur,,,none,NONE,UNMATCHED,,,
SHI,Singanallur,,,none,NONE,UNMATCHED,,,
SUU,Sulur Road,,,none,NONE,UNMATCHED,,,
VNJ,Vanjipalaiya,,,none,NONE,UNMATCHED,,,
VZ,Vijayamangal,,,none,NONE,UNMATCHED,,,
IGR,Ingur,,,none,NONE,UNMATCHED,,,
PY,Perundurai,,,none,NONE,UNMATCHED,,,
TPM,Totiyapalaiy,,,none,NONE,UNMATCHED,,,
NRK,Naraikkinar,,,none,NONE,UNMATCHED,,,
GDN,Gangaikondan,,,none,NONE,UNMATCHED,,,
MDKI,Madukarai,,,none,NONE,UNMATCHED,,,
ETMD,Ettimadai,,,none,NONE,UNMATCHED,,,
WRA,Walayar,,,none,NONE,UNMATCHED,,,
KJKD,Kanjikode,,,none,NONE,UNMATCHED,,,
PLL,Parli,,,none,NONE,UNMATCHED,,,
MNY,Mankarai,,,none,NONE,UNMATCHED,,,
LDY,Lakkiti,,,none,NONE,UNMATCHED,,,
PLPM,Palappuram H,,,none,NONE,UNMATCHED,,,
MNUR,Mannanur,Annanur,node/5310778035,fuzzy_name,MEDIUM,MATCHED,13.1163563,80.1269127,Q4767947
PUM,Pallippuram,,,none,NONE,UNMATCHED,,,
KUL,Kallayi,,,none,NONE,UNMATCHED,,,
NAU,Nadapuram Ro,,,none,NONE,UNMATCHED,,,
MUKE,Mukkali Halt,,,none,NONE,UNMATCHED,,,
CQL,Chirakkal Ha,,,none,NONE,UNMATCHED,,,
PPNS,Pappinisseri,,,none,NONE,UNMATCHED,,,
KLAD,Kalanad Halt,,,none,NONE,UNMATCHED,,,
KIF,Kuri,Kurinjipadi,node/5302069214,fuzzy_name,MEDIUM,MATCHED,11.5727513,79.5964024,Q63358030
KFV,Kundara East,,,none,NONE,UNMATCHED,,,
CTPE,Chandanattop,,,none,NONE,UNMATCHED,,,
EDN,Edamann,,,none,NONE,UNMATCHED,,,
VTK,Vallattolnag,,,none,NONE,UNMATCHED,,,
MUC,Mullurcarai,,,none,NONE,UNMATCHED,,,
MGK,Mulagunnathu,,,none,NONE,UNMATCHED,,,
OLR,Ollur,,,none,NONE,UNMATCHED,,,
NYI,Nellayi,,,none,NONE,UNMATCHED,,,
KRAN,Koratti Anga,,,none,NONE,UNMATCHED,,,
KUC,Karukutty,,,none,NONE,UNMATCHED,,,
CWR,Chovvara,,,none,NONE,UNMATCHED,,,
KLMR,Kalamasseri,,,none,NONE,UNMATCHED,,,
VDKS,Vadanam Kuru,,,none,NONE,UNMATCHED,,,
KZC,Kulukalur Ha,,,none,NONE,UNMATCHED,,,
TDPM,Todiyappulam,,,none,NONE,UNMATCHED,,,
KFE,Kurikad,,,none,NONE,UNMATCHED,,,
KPTM,Kanjirammita,,,none,NONE,UNMATCHED,,,
KDTY,Kaduturutty,,,none,NONE,UNMATCHED,,,
KFQ,Kumaranallur,,,none,NONE,UNMATCHED,,,
NLPD,Nalla Padu J,,,none,NONE,UNMATCHED,,,
PRCA,Perecherla,,,none,NONE,UNMATCHED,,,
PPM,Phirangipura,,,none,NONE,UNMATCHED,,,
NDPU,Nudurupadu,,,none,NONE,UNMATCHED,,,
STUR,Satulur,,,none,NONE,UNMATCHED,,,
MUK,Munumaka,,,none,NONE,UNMATCHED,,,
SAB,Santamgalur,,,none,NONE,UNMATCHED,,,
VLE,Vellalcheruv,,,none,NONE,UNMATCHED,,,
SYM,Savalyapuram,,,none,NONE,UNMATCHED,,,
CEM,Cheekateegal,,,none,NONE,UNMATCHED,,,
GKM,Gundlakamma,,,none,NONE,UNMATCHED,,,
POO,Potlapadu,,,none,NONE,UNMATCHED,,,
GJJ,Gajjelakonda,,,none,NONE,UNMATCHED,,,
JBK,Jaggambhotla,,,none,NONE,UNMATCHED,,,
SDV,Somidevi Pal,,,none,NONE,UNMATCHED,,,
GMA,Gudimetta Ha,,,none,NONE,UNMATCHED,,,
KSTE,Kistamasetti,,,none,NONE,UNMATCHED,,,
CMZ,Chalama,,,none,NONE,UNMATCHED,,,
GZL,Gazulapalli,,,none,NONE,UNMATCHED,,,
PNM,Panyam,,,none,NONE,UNMATCHED,,,
KEF,Krishna Mako,,,none,NONE,UNMATCHED,,,
RGM,Rangapuram,,,none,NONE,UNMATCHED,,,
MLK,Malkapuram,,,none,NONE,UNMATCHED,,,
MYL,Malliyala,,,none,NONE,UNMATCHED,,,
LMD,Linganenidod,,,none,NONE,UNMATCHED,,,
EDD,Edduladoddi,,,none,NONE,UNMATCHED,,,
TGL,Tuggali,,,none,NONE,UNMATCHED,,,
MLGT,Mallapa Gate,,,none,NONE,UNMATCHED,,,
BLL,Bantanahal,,,none,NONE,UNMATCHED,,,
BNL,Bevinahalu,,,none,NONE,UNMATCHED,,,
VP,Virapur,,,none,NONE,UNMATCHED,,,
HGI,Hagari,,,none,NONE,UNMATCHED,,,
HDD,Haddingaundu,,,none,NONE,UNMATCHED,,,
CSDR,Channasandra,,,none,NONE,UNMATCHED,,,
RNN,Rajan Kunti,,,none,NONE,UNMATCHED,,,
ORH,Oddara Halli,,,none,NONE,UNMATCHED,,,
MKL,Makali Durga,,,none,NONE,UNMATCHED,,,
TDV,Thonde Bhavi,,,none,NONE,UNMATCHED,,,
SMWA,Someshwara,,,none,NONE,UNMATCHED,,,
VWA,Viduraswatth,,,none,NONE,UNMATCHED,,,
DPE,Devarapalle,,,none,NONE,UNMATCHED,,,
MLU,Malugur,,,none,NONE,UNMATCHED,,,
CPL,Chakariapall,,,none,NONE,UNMATCHED,,,
NRYP,Narayanapura,,,none,NONE,UNMATCHED,,,
KTCR,Katlichera,,,none,NONE,UNMATCHED,,,
BSPL,Basampalle,,,none,NONE,UNMATCHED,,,
CCA,Chigicheria,,,none,NONE,UNMATCHED,,,
ZPL,Zangalapalle,,,none,NONE,UNMATCHED,,,
PSPY,Prasannayana,,,none,NONE,UNMATCHED,,,
TAC,Tati Cherla,,,none,NONE,UNMATCHED,,,
GDE,Garladinne,,,none,NONE,UNMATCHED,,,
PMD,Pamidi,,,none,NONE,UNMATCHED,,,
RRJ,Ramarajupall,,,none,NONE,UNMATCHED,,,
TKPY,Turkapalli,,,none,NONE,UNMATCHED,,,
PLU,Patakottache,,,none,NONE,UNMATCHED,,,
NKDO,Nakkanadoddi,,,none,NONE,UNMATCHED,,,
TIM,Timmanacherl,,,none,NONE,UNMATCHED,,,
VMP,Vallampaduga,,,none,NONE,UNMATCHED,,,
KKTI,Kuttakudi,,,none,NONE,UNMATCHED,,,
SRVT,Siruvattur H,Attur,node/5349010077,fuzzy_name,MEDIUM,MATCHED,11.595226,78.5935039,Q63371891
MLYR,Melnariyappa,,,none,NONE,UNMATCHED,,,
TVS,Talaivasal,,,none,NONE,UNMATCHED,,,
HLV,Haliyuru,,,none,NONE,UNMATCHED,,,
BTGH,Bettadanagen,,,none,NONE,UNMATCHED,,,
AMC,Amrithapura,,,none,NONE,UNMATCHED,,,
CKVD,Chikkadavadi,Avadi,node/3678939665,fuzzy_name,MEDIUM,MATCHED,13.1182744,80.1015427,Q4827409
PEU,Perashshannu,,,none,NONE,UNMATCHED,,,
KODN,Kodumunda Ha,,,none,NONE,UNMATCHED,,,
KRKD,Karakad,,,none,NONE,UNMATCHED,,,
CS,Kannur South,,,none,NONE,UNMATCHED,,,
ETK,Ettakkot,,,none,NONE,UNMATCHED,,,
DMD,Dharmadam Ha,,,none,NONE,UNMATCHED,,,
JGE,Jagannath Te,,,none,NONE,UNMATCHED,,,
IGL,Iringal Halt,,,none,NONE,UNMATCHED,,,
TKT,Tikkotti,,,none,NONE,UNMATCHED,,,
VEK,Vellarakkad,,,none,NONE,UNMATCHED,,,
CMC,Chemancheri,,,none,NONE,UNMATCHED,,,
ETR,Elattur,Melattur,node/5275675165,fuzzy_name,MEDIUM,MATCHED,12.9178774,78.8752624,Q63355622
WH,West Hill,,,none,NONE,UNMATCHED,,,
VLL,Vellayil Hal,,,none,NONE,UNMATCHED,,,
TOK,Thokur,,,none,NONE,UNMATCHED,,,
NAND,Nandikoor,,,none,NONE,UNMATCHED,,,
INJ,Innanje,,,none,NONE,UNMATCHED,,,
SEN,Senapura,,,none,NONE,UNMATCHED,,,
SHMI,Shiroor,,,none,NONE,UNMATCHED,,,
CTTP,Chitrapur (H,,,none,NONE,UNMATCHED,,,
MANK,Manki,,,none,NONE,UNMATCHED,,,
HAA,Harwada,,,none,NONE,UNMATCHED,,,
AT,Asnoti,,,none,NONE,UNMATCHED,,,
LOL,Loliem,,,none,NONE,UNMATCHED,,,
BLLI,Balli,,,none,NONE,UNMATCHED,,,
NRF,Neralakatte,,,none,NONE,UNMATCHED,,,
BAJE,Bajakare,,,none,NONE,UNMATCHED,,,
KDBA,Kodimbala,,,none,NONE,UNMATCHED,,,
KNYR,Kaniyuru,,,none,NONE,UNMATCHED,,,
NRJ,Narimogaru,,,none,NONE,UNMATCHED,,,
CDRA,Chandera Hal,,,none,NONE,UNMATCHED,,,
TKOT,Tokkuttu,,,none,NONE,UNMATCHED,,,
NTVT,Nethravathi,,,none,NONE,UNMATCHED,,,
SMDM,Samudram,Kamasamudram,node/5186077698,fuzzy_name,MEDIUM,MATCHED,12.8804954,78.2005632,Q63369898
MPLY,Meppuliyur,,,none,NONE,UNMATCHED,,,
VER,Vellur Halt,,,none,NONE,UNMATCHED,,,
BXS,Pichchandar,,,none,NONE,UNMATCHED,,,
VDP,Vadippatti,,,none,NONE,UNMATCHED,,,
APE,Andanapettai,,,none,NONE,UNMATCHED,,,
SKK,Sikkal,,,none,NONE,UNMATCHED,,,
KYV,Koyilvenni H,,,none,NONE,UNMATCHED,,,
KXO,Kudikadu,,,none,NONE,UNMATCHED,,,
MAV,Mariammn Kov,,,none,NONE,UNMATCHED,,,
RAGM,Rajagambiram,,,none,NONE,UNMATCHED,,,
VTV,Valantaravai,,,none,NONE,UNMATCHED,,,
MC,Mandapam Cam,Mandapam,node/5305955343,fuzzy_name,MEDIUM,MATCHED,9.280778,79.157276,Q63355261
KGD,Kalligudi,,,none,NONE,UNMATCHED,,,
VDK,Vadakannikap,,,none,NONE,UNMATCHED,,,
ANM,Anamalai Roa,,,none,NONE,UNMATCHED,,,
KYZ,Kizha Puliyu,,,none,NONE,UNMATCHED,,,
PCM,Pavurchatram,,,none,NONE,UNMATCHED,,,
MTE,Mettur,,,none,NONE,UNMATCHED,,,
KKY,Kilakadaiyam,,,none,NONE,UNMATCHED,,,
RVS,Ravanasamudr,,,none,NONE,UNMATCHED,,,
AZK,Azhwarkuruch,,,none,NONE,UNMATCHED,,,
KIB,Kizha Ambur,Ambur,node/5300488135,fuzzy_name,MEDIUM,MATCHED,12.784066,78.7217855,Q16868946
ASD,Ambasamudram,,,none,NONE,UNMATCHED,,,
KIC,Kallidaikuru,,,none,NONE,UNMATCHED,,,
VVR,Viravanallur,,,none,NONE,UNMATCHED,,,
KARK,Karaikkurich,,,none,NONE,UNMATCHED,,,
SMD,Cheranmahade,,,none,NONE,UNMATCHED,,,
PEA,Pettai,Anavardikhanpettai,node/5273584429,fuzzy_name,MEDIUM,MATCHED,13.050776,79.567244,Q63355498
TYT,Tirunelveli,,,none,NONE,UNMATCHED,,,
BJM,Bagavathipur,,,none,NONE,UNMATCHED,,,
TY,Tulukapatti,,,none,NONE,UNMATCHED,,,
NMN,Namanasamudr,,,none,NONE,UNMATCHED,,,
KTYR,Kottaiyur,,,none,NONE,UNMATCHED,,,
VKP,Varakalpattu,,,none,NONE,UNMATCHED,,,
PUC,Puduchatiram,,,none,NONE,UNMATCHED,,,
AYD,Ayandur,,,none,NONE,UNMATCHED,,,
MUY,Mugaiyur Hal,,,none,NONE,UNMATCHED,,,
MCL,Madimangalam,,,none,NONE,UNMATCHED,,,
BUM,Bommasamudra,,,none,NONE,UNMATCHED,,,
PYX,Peyanapalli,,,none,NONE,UNMATCHED,,,
PTT,Putalapattu,,,none,NONE,UNMATCHED,,,
PAM,Panapakam,,,none,NONE,UNMATCHED,,,
KEN,Kotala Halt,,,none,NONE,UNMATCHED,,,
CGI,Chandragiri,,,none,NONE,UNMATCHED,,,
TPW,Tirupati Wes,,,none,NONE,UNMATCHED,,,
TKWD,Tikekarwadi,,,none,NONE,UNMATCHED,,,
142,Sur,,,none,NONE,UNMATCHED,,,
BAHI,Balenahalli,,,none,NONE,UNMATCHED,,,
THKU,Thalaku,,,none,NONE,UNMATCHED,,,
BOMN,Bommagundana,,,none,NONE,UNMATCHED,,,
RDG,Raya Drug,,,none,NONE,UNMATCHED,,,
OBM,Oblapuram,,,none,NONE,UNMATCHED,,,
KM,Kalem,,,none,NONE,UNMATCHED,,,
CNR,Chandar,,,none,NONE,UNMATCHED,,,
SJDA,Sanjuja-Da-A,,,none,NONE,UNMATCHED,,,
SKVL,Sankaval,,,none,NONE,UNMATCHED,,,
DBM,Dabolim H,,,none,NONE,UNMATCHED,,,
CSM,Cansaulim,,,none,NONE,UNMATCHED,,,
GUU,Gundratimadu,,,none,NONE,UNMATCHED,,,
TAA,Tadlapusapal,,,none,NONE,UNMATCHED,,,
INK,Intekanne,,,none,NONE,UNMATCHED,,,
YGL,Yelgur,,,none,NONE,UNMATCHED,,,
CLE,Cintalpalli,,,none,NONE,UNMATCHED,,,
KZJF,Kazipet F Ca,,,none,NONE,UNMATCHED,,,
KTK,Kyatanakeri,,,none,NONE,UNMATCHED,,,
CHRG,Chorgi H,,,none,NONE,UNMATCHED,,,
PDNR,Padnur H,,,none,NONE,UNMATCHED,,,
SLGE,Sulerjavalge,,,none,NONE,UNMATCHED,,,
AHD,Aherwadi H,,,none,NONE,UNMATCHED,,,
TLT,Tilati,,,none,NONE,UNMATCHED,,,
NGS,Nagansur,,,none,NONE,UNMATCHED,,,
BOT,Boroti,,,none,NONE,UNMATCHED,,,
KUI,Kulali,,,none,NONE,UNMATCHED,,,
GDGN,Gaudgaon,,,none,NONE,UNMATCHED,,,
HHD,Hunsihadgil,,,none,NONE,UNMATCHED,,,
SVG,Sawalgi,,,none,NONE,UNMATCHED,,,
BBD,Bablad,,,none,NONE,UNMATCHED,,,
HQR,Hirenanduru,,,none,NONE,UNMATCHED,,,
MR,Martur,,,none,NONE,UNMATCHED,,,
SUH,Sulehalli,,,none,NONE,UNMATCHED,,,
MVH,Mantatti,,,none,NONE,UNMATCHED,,,
RMY,Rukmapur,,,none,NONE,UNMATCHED,,,
DRR,Dharur,,,none,NONE,UNMATCHED,,,
MWY,Mailaram,,,none,NONE,UNMATCHED,,,
GDQ,Godamgura,,,none,NONE,UNMATCHED,,,
CTF,Chitgidda,,,none,NONE,UNMATCHED,,,
GGD,Gullaguda,,,none,NONE,UNMATCHED,,,
RPK,Ravalpalli K,,,none,NONE,UNMATCHED,,,
NPL,Nagalapalle,,,none,NONE,UNMATCHED,,,
LGDH,Lalaguda Gat,,,none,NONE,UNMATCHED,,,
DYE,Dayanandnaga,,,none,NONE,UNMATCHED,,,
SFX,Safilguda Ha,,,none,NONE,UNMATCHED,,,
RKO,Ramakista Pu,,,none,NONE,UNMATCHED,,,
AMQ,Ammuguda Hal,,,none,NONE,UNMATCHED,,,
CVB,Cavalry Barr,,,none,NONE,UNMATCHED,,,
ALW,Alwal Halt,,,none,NONE,UNMATCHED,,,
BOZ,Bolarum Baza,,,none,NONE,UNMATCHED,,,
SPHL,Shampurhalli,,,none,NONE,UNMATCHED,,,
TGDE,Thangundi,,,none,NONE,UNMATCHED,,,
LGRE,Lingiri,,,none,NONE,UNMATCHED,,,
CGTA,Chegunta,,,none,NONE,UNMATCHED,,,
YDLP,Yadalapur,,,none,NONE,UNMATCHED,,,
CK,Chiksugur,,,none,NONE,UNMATCHED,,,
YS,Yermaras,,,none,NONE,UNMATCHED,,,
MBD,Mustabada,,,none,NONE,UNMATCHED,,,
GWM,Gannavaram,,,none,NONE,UNMATCHED,,,
PAVP,Pedda Avutap,,,none,NONE,UNMATCHED,,,
TOU,Telaprolu,,,none,NONE,UNMATCHED,,,
VRVL,Vira Valli H,,,none,NONE,UNMATCHED,,,
VAT,Vatlur,,,none,NONE,UNMATCHED,,,
DEL,Denduluru,,,none,NONE,UNMATCHED,,,
STPT,Sitampet Hal,,,none,NONE,UNMATCHED,,,
PUA,Pulla,Pullampadi,node/1926969492,fuzzy_name,MEDIUM,MATCHED,10.9396803,78.9171105,Q63356188
KKRM,Kaikoram,,,none,NONE,UNMATCHED,,,
CEL,Chebrol,,,none,NONE,UNMATCHED,,,
VGT,Unguturu,,,none,NONE,UNMATCHED,,,
BPY,Badampudi,,,none,NONE,UNMATCHED,,,
NBM,Navabpalem,,,none,NONE,UNMATCHED,,,
MRPL,Maram Palli,,,none,NONE,UNMATCHED,,,
BMGM,Brahmana Gud,,,none,NONE,UNMATCHED,,,
CU,Chagallu,,,none,NONE,UNMATCHED,,,
PSDA,Pasivedala H,,,none,NONE,UNMATCHED,,,
KSVM,Kesavaram Ha,,,none,NONE,UNMATCHED,,,
BBPM,Balabhadrapu,,,none,NONE,UNMATCHED,,,
PBD,Pedda Brahma,,,none,NONE,UNMATCHED,,,
GDPT,Gudaparti,,,none,NONE,UNMATCHED,,,
DGDG,Durgada Gate,,,none,NONE,UNMATCHED,,,
RVD,Ravikampadu,,,none,NONE,UNMATCHED,,,
TMPM,Timmapuram H,,,none,NONE,UNMATCHED,,,
HVM,Hamsavaram,,,none,NONE,UNMATCHED,,,
GLU,Gullipadu,,,none,NONE,UNMATCHED,,,
REG,Regupalem,,,none,NONE,UNMATCHED,,,
BVM,Bayyavaram,,,none,NONE,UNMATCHED,,,
KSK,Kasim Kota,,,none,NONE,UNMATCHED,,,
THY,Thadi,,,none,NONE,UNMATCHED,,,
MIPM,Marri Palem.,,,none,NONE,UNMATCHED,,,
PCU,Putlacheruvu,,,none,NONE,UNMATCHED,,,
UNDI,Undi,Thiruthuraipundi Junction,node/3951315150,fuzzy_name,MEDIUM,MATCHED,10.5385545,79.6347878,Q24943216
VND,Vendra Halt,,,none,NONE,UNMATCHED,,,
KLDI,Kaldhari,,,none,NONE,UNMATCHED,,,
PPY,Papatapalli,,,none,NONE,UNMATCHED,,,
MLMG,Mallemadugu,,,none,NONE,UNMATCHED,,,
PNDP,Pandillapall,Pandi,node/5302919555,fuzzy_name,MEDIUM,MATCHED,10.4770734,79.6154266,Q105763915
CKN,Chinta Kani,,,none,NONE,UNMATCHED,,,
NVC,Nagalwancha,,,none,NONE,UNMATCHED,,,
MTMI,Motumari Jn.,,,none,NONE,UNMATCHED,,,
TNGM,Tondalagopav,,,none,NONE,UNMATCHED,,,
GNN,Gangineni,,,none,NONE,UNMATCHED,,,
CVV,Cheruvu Madh,,,none,NONE,UNMATCHED,,,
NWBV,New West Blo,,,none,NONE,UNMATCHED,,,
PEL,Polireddipal,,,none,NONE,UNMATCHED,,,
DVR,Doravarichat,,,none,NONE,UNMATCHED,,,
PYA,Pedapariya,,,none,NONE,UNMATCHED,,,
ODUR,Odur,,,none,NONE,UNMATCHED,,,
TMC,Talamanchi,,,none,NONE,UNMATCHED,,,
KJJ,Kodavaluru,,,none,NONE,UNMATCHED,,,
PGU,Padugupadu,,,none,NONE,UNMATCHED,,,
NLS,Nellore Sout,,,none,NONE,UNMATCHED,,,
VKT,Venkatachale,,,none,NONE,UNMATCHED,,,
MBL,Manubolu,,,none,NONE,UNMATCHED,,,
SVPM,Srivenkatesw,,,none,NONE,UNMATCHED,,,
TTU,Tettu,,,none,NONE,UNMATCHED,,,
UPD,Ulavapadu,,,none,NONE,UNMATCHED,,,
SDM,Surareddipal,,,none,NONE,UNMATCHED,,,
KRV,Karavadi,Avadi,node/3678939665,fuzzy_name,MEDIUM,MATCHED,13.1182744,80.1015427,Q4827409
RPRL,Raparla Halt,,,none,NONE,UNMATCHED,,,
UGD,Uppu Gunduru,,,none,NONE,UNMATCHED,,,
KVDU,Kadavakuduru,,,none,NONE,UNMATCHED,,,
KPLL,Kotta Pandil,Pandi,node/5302919555,fuzzy_name,MEDIUM,MATCHED,10.4770734,79.6154266,Q105763915
JAQ,Jandrapeta H,,,none,NONE,UNMATCHED,,,
IPPM,India Paper,,,none,NONE,UNMATCHED,,,
SPF,Stuartpuram,,,none,NONE,UNMATCHED,,,
APL,Appikatla,,,none,NONE,UNMATCHED,,,
MCVM,Machavaram H,,,none,NONE,UNMATCHED,,,
MDKU,Modukuru Hal,,,none,NONE,UNMATCHED,,,
KLX,Kolakalur Ha,,,none,NONE,UNMATCHED,,,
CLVR,Chiluvur,,,none,NONE,UNMATCHED,,,
KAQ,Kolanukonda,,,none,NONE,UNMATCHED,,,
YPD,Yerpedu,,,none,NONE,UNMATCHED,,,
YLK,Yellakaru,,,none,NONE,UNMATCHED,,,
NDZ,Nidigalu,,,none,NONE,UNMATCHED,,,
KQA,Kondagunta,,,none,NONE,UNMATCHED,,,
AXR,Allururoad,,,none,NONE,UNMATCHED,,,
LKDU,Lankalakoder,,,none,NONE,UNMATCHED,,,
SGKM,Srungavruksh,,,none,NONE,UNMATCHED,,,
SCMN,Simhachalam,,,none,NONE,UNMATCHED,,,
PDT,Pendurti,,,none,NONE,UNMATCHED,,,
KPL,Kantakapalle,,,none,NONE,UNMATCHED,,,
ALM,Alamanda,,,none,NONE,UNMATCHED,,,
KUK,Koru Konda,,,none,NONE,UNMATCHED,,,
GRBL,Garudabilli,,,none,NONE,UNMATCHED,,,
KMX,Komatipalli,,,none,NONE,UNMATCHED,,,
DNV,Donkinavalas,,,none,NONE,UNMATCHED,,,
SNM,Sitanagaram,,,none,NONE,UNMATCHED,,,
NSX,Narsipuram,,,none,NONE,UNMATCHED,,,
GMDA,Gumada,,,none,NONE,UNMATCHED,,,
KNRT,Kuneru,,,none,NONE,UNMATCHED,,,
JMPT,Jimidipeta,,,none,NONE,UNMATCHED,,,
TKBN,T.Sakibanda,,,none,NONE,UNMATCHED,,,
JKO,Jakkalacheru,,,none,NONE,UNMATCHED,,,
VML,Vemulapadu,,,none,NONE,UNMATCHED,,,
JUR,Juturu,,,none,NONE,UNMATCHED,,,
KMQA,Komali,,,none,NONE,UNMATCHED,,,
CLPE,Challavaripa,,,none,NONE,UNMATCHED,,,
VRN,Vanganur,,,none,NONE,UNMATCHED,,,
RLL,Regadipalli,,,none,NONE,UNMATCHED,,,
MUM,Mangapatnam,,,none,NONE,UNMATCHED,,,
KMH,Kalamalla,,,none,NONE,UNMATCHED,,,
YGD,Yerragudipad,,,none,NONE,UNMATCHED,,,
GPY,Ganga Yapall,,,none,NONE,UNMATCHED,,,
KPU,Krishnapuram,,,none,NONE,UNMATCHED,,,
NSVP,Npa Sivaramp,,,none,NONE,UNMATCHED,,,
KOTT,Kottur Halt,,,none,NONE,UNMATCHED,,,
BRGL,Burgula Halt,,,none,NONE,UNMATCHED,,,
BABR,Balanagar,,,none,NONE,UNMATCHED,,,
RRGA,Rangareddigu,,,none,NONE,UNMATCHED,,,
RJAP,Rajapur Halt,,,none,NONE,UNMATCHED,,,
GLY,Gollapalli,,,none,NONE,UNMATCHED,,,
DTP,Divitpalli H,,,none,NONE,UNMATCHED,,,
YNG,Yenugonda Ha,,,none,NONE,UNMATCHED,,,
MHBT,Mahbub Nagar,,,none,NONE,UNMATCHED,,,
MQN,Manyam Konda,,,none,NONE,UNMATCHED,,,
KTKA,Kotakadra Ha,,,none,NONE,UNMATCHED,,,
DKC,Devarkadre,,,none,NONE,UNMATCHED,,,
KQQ,Kaukuntla,,,none,NONE,UNMATCHED,,,
KXI,Kurumurthi,,,none,NONE,UNMATCHED,,,
KONN,Konnur Halt,,,none,NONE,UNMATCHED,,,
AJK,Ajakollu Hal,,,none,NONE,UNMATCHED,,,
ARPL,Arepalli Hal,,,none,NONE,UNMATCHED,,,
PDO,Poodoor,,,none,NONE,UNMATCHED,,,
PDNA,Peddadinne H,,,none,NONE,UNMATCHED,,,
IKI,Itikyala,,,none,NONE,UNMATCHED,,,
MOA,Manopad,,,none,NONE,UNMATCHED,,,
ALPR,Alam Pur Roa,,,none,NONE,UNMATCHED,,,
VDI,Veldurti,,,none,NONE,UNMATCHED,,,
GDPL,Gundla Pocha,,,none,NONE,UNMATCHED,,,
MDPD,Manda Padu,,,none,NONE,UNMATCHED,,,
LIN,Lingam Guntl,,,none,NONE,UNMATCHED,,,
GPDE,Gudipudi,,,none,NONE,UNMATCHED,,,
REM,Reddi Gudem,,,none,NONE,UNMATCHED,,,
BMKD,Bellam Konda,,,none,NONE,UNMATCHED,,,
TMLU,Tummalacheru,,,none,NONE,UNMATCHED,,,
GZA,Gurujala,,,none,NONE,UNMATCHED,,,
RCA,Rentachin Ta,,,none,NONE,UNMATCHED,,,
MCLA,Macherla,,,none,NONE,UNMATCHED,,,
DKUR,Dokur,,,none,NONE,UNMATCHED,,,
KOLA,Kotla,,,none,NONE,UNMATCHED,,,
DUU,Dupadu,,,none,NONE,UNMATCHED,,,
UKD,Ulindakonda,,,none,NONE,UNMATCHED,,,
BVO,Bogolu,,,none,NONE,UNMATCHED,,,
YADA,Satyavalli,,,none,NONE,UNMATCHED,,,
RCG,Rachagunneri,,,none,NONE,UNMATCHED,,,
SJL,Sangam Jagar,,,none,NONE,UNMATCHED,,,
MDUN,Madhranagar,,,none,NONE,UNMATCHED,,,
RMV,Ramavarappad,,,none,NONE,UNMATCHED,,,
NDM,Nidamanuru,,,none,NONE,UNMATCHED,,,
UPL,Uppalur,Palur,node/3725756379,fuzzy_name,MEDIUM,MATCHED,12.766346,79.9069065,Q87935381
TNRU,Tenneru Halt,,,none,NONE,UNMATCHED,,,
IDP,Indupalli,,,none,NONE,UNMATCHED,,,
VPG,Ventrapragad,,,none,NONE,UNMATCHED,,,
DPD,Dosapadu,,,none,NONE,UNMATCHED,,,
OTR,Moturu,,,none,NONE,UNMATCHED,,,
MVP,Mokhasa Kala,,,none,NONE,UNMATCHED,,,
PLVA,Pallevada,,,none,NONE,UNMATCHED,,,
MNPT,Mungilipattu,,,none,NONE,UNMATCHED,,,
TCNR,Tiruchanur,,,none,NONE,UNMATCHED,,,
DBV,Dabilpur Hal,,,none,NONE,UNMATCHED,,,
KUCH,Kuchavaram H,,,none,NONE,UNMATCHED,,,
MOB,Manoharabad,,,none,NONE,UNMATCHED,,,
PAPM,Palatpotaram,,,none,NONE,UNMATCHED,,,
BMPL,Brahmanpalli,,,none,NONE,UNMATCHED,,,
ME,Masaipet,,,none,NONE,UNMATCHED,,,
SHAN,Srinivasanag,,,none,NONE,UNMATCHED,,,
SNKG,Sankara Gumm,,,none,NONE,UNMATCHED,,,
SNPH,Shankapur Ha,,,none,NONE,UNMATCHED,,,
BKU,Bhiknur,,,none,NONE,UNMATCHED,,,
THPR,Tippapur Hal,,,none,NONE,UNMATCHED,,,
UPW,Uppalavai,,,none,NONE,UNMATCHED,,,
SCP,Sirnapalli,,,none,NONE,UNMATCHED,,,
IDL,Indalvai,,,none,NONE,UNMATCHED,,,
DHP,Dichpalli,,,none,NONE,UNMATCHED,,,
YDP,Yedapalli  H,,,none,NONE,UNMATCHED,,,
SKNR,Shakarnagar,,,none,NONE,UNMATCHED,,,
BDHN,Bodhan,,,none,NONE,UNMATCHED,,,
TMD,Talmadla,,,none,NONE,UNMATCHED,,,
DCU,Damalacheruv,,,none,NONE,UNMATCHED,,,
VLV,Vallivedu,,,none,NONE,UNMATCHED,,,
MPT,Mangalampeta,,,none,NONE,UNMATCHED,,,
PCL,Pulicherla,,,none,NONE,UNMATCHED,,,
VLD,Vayalpadu,,,none,NONE,UNMATCHED,,,
KBA,Kurbalakota,,,none,NONE,UNMATCHED,,,
TAT,Tummanam Gut,,,none,NONE,UNMATCHED,,,
BTM,Battulapuram,,,none,NONE,UNMATCHED,,,
TKU,Tanakallu,,,none,NONE,UNMATCHED,,,
NCE,Nlachrvuru E,,,none,NONE,UNMATCHED,,,
NCU,Nallacheruvu,,,none,NONE,UNMATCHED,,,
KCM,Kalasamudram,,,none,NONE,UNMATCHED,,,
MVA,Malaka Vemal,,,none,NONE,UNMATCHED,,,
RLX,Ramanujampal,,,none,NONE,UNMATCHED,,,
CCI,Chinne Kunta,,,none,NONE,UNMATCHED,,,
KDT,Khadarpett,,,none,NONE,UNMATCHED,,,
VPL,Venkatam Pal,,,none,NONE,UNMATCHED,,,
GPU,Gulapalayamu,,,none,NONE,UNMATCHED,,,
HNMN,Hanuman Circ,,,none,NONE,UNMATCHED,,,
SVW,Shivnishivap,,,none,NONE,UNMATCHED,,,
BSQ,Barsi Takli,,,none,NONE,UNMATCHED,,,
LHD,Lohogad,,,none,NONE,UNMATCHED,,,
AMW,Amanvadi,,,none,NONE,UNMATCHED,,,
JUK,Jaulka Halt,,,none,NONE,UNMATCHED,,,
KXX,Kata Road,,,none,NONE,UNMATCHED,,,
KKG,Kekatumar,,,none,NONE,UNMATCHED,,,
PGG,Penganga,,,none,NONE,UNMATCHED,,,
KNRG,Kanhargaon N,,,none,NONE,UNMATCHED,,,
MLSU,Malsailu Hal,,,none,NONE,UNMATCHED,,,
NVLN,Navalgoan,,,none,NONE,UNMATCHED,,,
DNE,Dhamni Halt,,,none,NONE,UNMATCHED,,,
KNJJ,Kannjara Hal,,,none,NONE,UNMATCHED,,,
NDPR,Nandapur,,,none,NONE,UNMATCHED,,,
BLC,Bolda,,,none,NONE,UNMATCHED,,,
PNSD,Pangarshinde,,,none,NONE,UNMATCHED,,,
SIF,Sirli,,,none,NONE,UNMATCHED,,,
JUNX,Junona Halt,,,none,NONE,UNMATCHED,,,
CWI,Chondi,,,none,NONE,UNMATCHED,,,
PPLC,Pimpla Chaur,,,none,NONE,UNMATCHED,,,
MRV,Marsul,,,none,NONE,UNMATCHED,,,
SSPD,Sadashivapet,,,none,NONE,UNMATCHED,,,
MRF,Marpalli,,,none,NONE,UNMATCHED,,,
MTV,Matalkunta,,,none,NONE,UNMATCHED,,,
CHTT,Chitta Halt,,,none,NONE,UNMATCHED,,,
KHNP,Khanapur,,,none,NONE,UNMATCHED,,,
HBU,Halbarga,,,none,NONE,UNMATCHED,,,
KCP,Kalgupur,,,none,NONE,UNMATCHED,,,
KTKR,Kumtha Khurd,,,none,NONE,UNMATCHED,,,
HER,Her,,,none,NONE,UNMATCHED,,,
AMBR,Ambika (Rohi,,,none,NONE,UNMATCHED,,,
NGHW,Nageshwadi H,,,none,NONE,UNMATCHED,,,
CKX,Chakur,,,none,NONE,UNMATCHED,,,
JMBL,Jambhali  Ha,,,none,NONE,UNMATCHED,,,
BMBE,Bimbari,,,none,NONE,UNMATCHED,,,
TBU,Therban Halt,,,none,NONE,UNMATCHED,,,
DVN,Devthana Hal,,,none,NONE,UNMATCHED,,,
PRWA,Parwakhurd H,,,none,NONE,UNMATCHED,,,
JLG,Julgaon(Decc,,,none,NONE,UNMATCHED,,,
KDBR,Khadki Bazar,,,none,NONE,UNMATCHED,,,
JXN,Jirona Halt,,,none,NONE,UNMATCHED,,,
MHMB,Mahimba,,,none,NONE,UNMATCHED,,,
DHNR,Dhanora (Dec,,,none,NONE,UNMATCHED,,,
MDPJ,Madanapur Ha,,,none,NONE,UNMATCHED,,,
ABX,Ambari,,,none,NONE,UNMATCHED,,,
KSAE,Kosai,,,none,NONE,UNMATCHED,,,
TLMG,Talamadugu H,,,none,NONE,UNMATCHED,,,
UMM,Umram,,,none,NONE,UNMATCHED,,,
MTDI,Maltekdi,,,none,NONE,UNMATCHED,,,
WP,Wangapalli,,,none,NONE,UNMATCHED,,,
GLE,Gajulaguden,,,none,NONE,UNMATCHED,,,
PGP,Panduranga P,,,none,NONE,UNMATCHED,,,
AWM,Aswapuram,,,none,NONE,UNMATCHED,,,
MRC,Marichethal,,,none,NONE,UNMATCHED,,,
EGU,Iranagalu,,,none,NONE,UNMATCHED,,,
ESV,Isivi,,,none,NONE,UNMATCHED,,,
ASP,Aspari,,,none,NONE,UNMATCHED,,,
MGV,Molagavalli,,,none,NONE,UNMATCHED,,,
NMLU,Nemakallu,,,none,NONE,UNMATCHED,,,
NLA,Nancherla,,,none,NONE,UNMATCHED,,,
VLG,Vali Gonda,,,none,NONE,UNMATCHED,,,
SRMR,Srirampuram,,,none,NONE,UNMATCHED,,,
TPPI,Thipparthi,,,none,NONE,UNMATCHED,,,
PDGL,Pondugula,,,none,NONE,UNMATCHED,,,
AKU,Angalakuduru,,,none,NONE,UNMATCHED,,,
ZPI,Zampani Halt,,,none,NONE,UNMATCHED,,,
PUMU,Penumarru Ha,,,none,NONE,UNMATCHED,,,
NGRD,Nilgiri Road,,,none,NONE,UNMATCHED,,,
KHF,Khantapara,,,none,NONE,UNMATCHED,,,
PNPN,Panpana Ph,,,none,NONE,UNMATCHED,,,
BNBR,Bahanaga Baz,,,none,NONE,UNMATCHED,,,
SZZ,Sabira,,,none,NONE,UNMATCHED,,,
RNTL,Ranital,,,none,NONE,UNMATCHED,,,
BUDR,Baudpur,,,none,NONE,UNMATCHED,,,
KPLD,Kapali Road,,,none,NONE,UNMATCHED,,,
KED,Kenduapada,,,none,NONE,UNMATCHED,,,
MZZ,Manjuri Road,,,none,NONE,UNMATCHED,,,
DLPT,Dulakhapatna,,,none,NONE,UNMATCHED,,,
BRMI,Brahmani,,,none,NONE,UNMATCHED,,,
JEN,Jenapur,,,none,NONE,UNMATCHED,,,
NGMP,New Garh Mad,,,none,NONE,UNMATCHED,,,
HDS,Haridas Pur,,,none,NONE,UNMATCHED,,,
BRTG,Barithen Gar,,,none,NONE,UNMATCHED,,,
BYY,Byree,,,none,NONE,UNMATCHED,,,
SJDR,Sri Jhadeshw,,,none,NONE,UNMATCHED,,,
SQQ,Salagaon,,,none,NONE,UNMATCHED,,,
CBT,Char Batia,,,none,NONE,UNMATCHED,,,
BDPG,Bada Padagao,,,none,NONE,UNMATCHED,,,
GJTA,Gurudijhatia,,,none,NONE,UNMATCHED,,,
MZY,Machapur,,,none,NONE,UNMATCHED,,,
RQP,Radha Kishor,,,none,NONE,UNMATCHED,,,
GHNH,Ghantikal Ni,,,none,NONE,UNMATCHED,,,
SPSR,Sarpeswar P.,,,none,NONE,UNMATCHED,,,
LGTR,Lingaraj Tem,,,none,NONE,UNMATCHED,,,
RTN,Retang,,,none,NONE,UNMATCHED,,,
HPGM,Haripur Gram,,,none,NONE,UNMATCHED,,,
MWQ,Motari Halt,,,none,NONE,UNMATCHED,,,
JPRD,Jenapur Road,,,none,NONE,UNMATCHED,,,
BRST,Birpurusotha,,,none,NONE,UNMATCHED,,,
JKDP,Jankidaipur,,,none,NONE,UNMATCHED,,,
MLT,Malatipatpur,,,none,NONE,UNMATCHED,,,
SRJM,Sirjam,,,none,NONE,UNMATCHED,,,
IBL,Indrabil,,,none,NONE,UNMATCHED,,,
MYX,Metyal Sahar,,,none,NONE,UNMATCHED,,,
GRB,Garh-Dhrubbe,,,none,NONE,UNMATCHED,,,
BGA,Bagalia,,,none,NONE,UNMATCHED,,,
KSU,Kustaur,,,none,NONE,UNMATCHED,,,
CHRA,Chharra,,,none,NONE,UNMATCHED,,,
TAO,Tamna,,,none,NONE,UNMATCHED,,,
KTD,Kantadih,,,none,NONE,UNMATCHED,,,
URMA,Urma,,,none,NONE,UNMATCHED,,,
BRMD,Biramdih,,,none,NONE,UNMATCHED,,,
NIM,Nimdih,,,none,NONE,UNMATCHED,,,
MIK,Manikui,,,none,NONE,UNMATCHED,,,
KZU,Kunki Bh,,,none,NONE,UNMATCHED,,,
MMV,Mahali Marup,,,none,NONE,UNMATCHED,,,
SNKR,Sanka,,,none,NONE,UNMATCHED,,,
RUI,Rukni,,,none,NONE,UNMATCHED,,,
SBW,Shewbabudih,,,none,NONE,UNMATCHED,,,
TLE,Talgaria,,,none,NONE,UNMATCHED,,,
JNN,Jamuniatanr,,,none,NONE,UNMATCHED,,,
ANCR,Anchuri Ph,,,none,NONE,UNMATCHED,,,
BERO,Bero,,,none,NONE,UNMATCHED,,,
RKI,Ramkanali Jn,,,none,NONE,UNMATCHED,,,
DMA,Damodar Jn.,,,none,NONE,UNMATCHED,,,
BNB,Banstola P.H,,,none,NONE,UNMATCHED,,,
KATB,Khatkura Ph,,,none,NONE,UNMATCHED,,,
KNM,Kanimahuli P,,,none,NONE,UNMATCHED,,,
KKPR,Kokpara,,,none,NONE,UNMATCHED,,,
ASB,Asanboni,,,none,NONE,UNMATCHED,,,
GVDP,Govindpur Ph,,,none,NONE,UNMATCHED,,,
BIRP,Birarajpur,,,none,NONE,UNMATCHED,,,
GDBR,Goonda (Biha,,,none,NONE,UNMATCHED,,,
JHMR,Jhimri,,,none,NONE,UNMATCHED,,,
HNSL,Hesalong  Fs,,,none,NONE,UNMATCHED,,,
LTMD,Latemda,,,none,NONE,UNMATCHED,,,
BKKI,Bakarkudi,,,none,NONE,UNMATCHED,,,
ILO,Illoo,,,none,NONE,UNMATCHED,,,
BLNG,Barlanga,,,none,NONE,UNMATCHED,,,
SND,Sondimra,,,none,NONE,UNMATCHED,,,
HRBR,Harubera,,,none,NONE,UNMATCHED,,,
GRE,Gola Road,,,none,NONE,UNMATCHED,,,
BRKP,Barkipona,,,none,NONE,UNMATCHED,,,
MAEL,Mael,,,none,NONE,UNMATCHED,,,
GTD,Gourinathdha,,,none,NONE,UNMATCHED,,,
CAS,Chas Road Ph,,,none,NONE,UNMATCHED,,,
BKDR,Begunkodar,,,none,NONE,UNMATCHED,,,
SIPA,Singhpokhari,,,none,NONE,UNMATCHED,,,
JNK,Jhinkpani,,,none,NONE,UNMATCHED,,,
TABU,Talaburu,,,none,NONE,UNMATCHED,,,
MLKA,Maluka,,,none,NONE,UNMATCHED,,,
PDPH,Padapahar,,,none,NONE,UNMATCHED,,,
BRBS,Birbans,,,none,NONE,UNMATCHED,,,
GUA,Gua,,,none,NONE,UNMATCHED,,,
LPH,Lotapahar,,,none,NONE,UNMATCHED,,,
TUX,Tunia,,,none,NONE,UNMATCHED,,,
MXW,Mahadevasal,,,none,NONE,UNMATCHED,,,
DRWN,Derowan Ph,,,none,NONE,UNMATCHED,,,
PST,Posoita,,,none,NONE,UNMATCHED,,,
BUL,Bhalulata,,,none,NONE,UNMATCHED,,,
KCAB,K-Cabin Bndm,,,none,NONE,UNMATCHED,,,
SXN,Sonakhan,,,none,NONE,UNMATCHED,,,
SOGR,Sogora,,,none,NONE,UNMATCHED,,,
TGM,Tangarmunda,,,none,NONE,UNMATCHED,,,
DIH,Dharuadihi,,,none,NONE,UNMATCHED,,,
PNPL,Panpali  Ph,,,none,NONE,UNMATCHED,,,
DTV,Dhutra,,,none,NONE,UNMATCHED,,,
IB,Ib,,,none,NONE,UNMATCHED,,,
HGR,Himgir,,,none,NONE,UNMATCHED,,,
DAO,Daghora,,,none,NONE,UNMATCHED,,,
JMG,Jamga,,,none,NONE,UNMATCHED,,,
KRL,Kotarlia,,,none,NONE,UNMATCHED,,,
KDTR,Kirodimalnag,,,none,NONE,UNMATCHED,,,
BEF,Bhupadeopur,,,none,NONE,UNMATCHED,,,
ROB,Robertson,,,none,NONE,UNMATCHED,,,
JDI,Jharradih,,,none,NONE,UNMATCHED,,,
JDDA,Jetha Halt,,,none,NONE,UNMATCHED,,,
SGRD,Saragaon Roa,,,none,NONE,UNMATCHED,,,
GTW,Gatora,,,none,NONE,UNMATCHED,,,
CHBT,Chakarbhatha,,,none,NONE,UNMATCHED,,,
NPI,Nipania,,,none,NONE,UNMATCHED,,,
BKTH,Baikunth,,,none,NONE,UNMATCHED,,,
MDH,Mandhar,,,none,NONE,UNMATCHED,,,
WRC,Wrs Colony,,,none,NONE,UNMATCHED,,,
KMI,Kumhari,,,none,NONE,UNMATCHED,,,
GJ,Gangajhari,,,none,NONE,UNMATCHED,,,
KWN,Kachewani,,,none,NONE,UNMATCHED,,,
MNU,Mundikota,,,none,NONE,UNMATCHED,,,
KHAT,Khat,,,none,NONE,UNMATCHED,,,
RRL,Rewral,,,none,NONE,UNMATCHED,,,
TAR,Tharsa,,,none,NONE,UNMATCHED,,,
CHCR,Chacher,,,none,NONE,UNMATCHED,,,
KNHN,Kanhan Jn.,,,none,NONE,UNMATCHED,,,
KAV,Kalumna,,,none,NONE,UNMATCHED,,,
DGS,Dagori,,,none,NONE,UNMATCHED,,,
DPH,Dadhapara,,,none,NONE,UNMATCHED,,,
SRWN,Saraswati Na,,,none,NONE,UNMATCHED,,,
SZB,Sarona,,,none,NONE,UNMATCHED,,,
CCAB,Bmy C Cabin,,,none,NONE,UNMATCHED,,,
GCAB,Bmy G Cabin,,,none,NONE,UNMATCHED,,,
DCAB,Bmy D Cabin,,,none,NONE,UNMATCHED,,,
JSGR,Jharsuguda R,,,none,NONE,UNMATCHED,,,
BXQ,Brundamal,,,none,NONE,UNMATCHED,,,
LPG,Lapanga,,,none,NONE,UNMATCHED,,,
SLRA,Sarla,,,none,NONE,UNMATCHED,,,
MANE,Maneswar,,,none,NONE,UNMATCHED,,,
HATB,Hatibari,,,none,NONE,UNMATCHED,,,
CHAR,Charmal,,,none,NONE,UNMATCHED,,,
SRGP,Sargipali,,,none,NONE,UNMATCHED,,,
HNPA,Handapa,,,none,NONE,UNMATCHED,,,
KPJG,Kerejanga,,,none,NONE,UNMATCHED,,,
BDPK,Burha Panka,,,none,NONE,UNMATCHED,,,
NBT,Naya Bhagira,,,none,NONE,UNMATCHED,,,
HND,Hindol Road,,,none,NONE,UNMATCHED,,,
MHDB,Mahadia Ph,,,none,NONE,UNMATCHED,,,
SSPR,Sadashibapur,,,none,NONE,UNMATCHED,,,
DNDL,Dandi Mal,,,none,NONE,UNMATCHED,,,
SCPR,Shyama Chara,,,none,NONE,UNMATCHED,,,
JRZ,Joranda Road,,,none,NONE,UNMATCHED,,,
RJGR,Rajathgarh J,,,none,NONE,UNMATCHED,,,
MACR,Manguli Chow,,,none,NONE,UNMATCHED,,,
KTJI,Katha Jori,,,none,NONE,UNMATCHED,,,
GBK,Gopalpur Bal,,,none,NONE,UNMATCHED,,,
PTAB,Patia Halt,,,none,NONE,UNMATCHED,,,
BNBH,Bani Bihar,,,none,NONE,UNMATCHED,,,
BRMP,Birmitrapur,,,none,NONE,UNMATCHED,,,
KRMD,Kuarmunda,,,none,NONE,UNMATCHED,,,
DMF,Dumetra,,,none,NONE,UNMATCHED,,,
LTK,Lathikata,,,none,NONE,UNMATCHED,,,
CJQ,Champajharan,,,none,NONE,UNMATCHED,,,
CPE,Chandiposhi,,,none,NONE,UNMATCHED,,,
PSJ,Patasahi,,,none,NONE,UNMATCHED,,,
BUF,Bimalgarh Jn,,,none,NONE,UNMATCHED,,,
BXF,Barsuan,,,none,NONE,UNMATCHED,,,
BLRG,Balasiring,,,none,NONE,UNMATCHED,,,
LOM,Lodhma,,,none,NONE,UNMATCHED,,,
KRRA,Karra,,,none,NONE,UNMATCHED,,,
BKPR,Bakaspur,,,none,NONE,UNMATCHED,,,
PKC,Pakra,,,none,NONE,UNMATCHED,,,
KRKR,Kurkura,,,none,NONE,UNMATCHED,,,
MCZ,Mahabuang,,,none,NONE,UNMATCHED,,,
KNRN,Kanaroan,,,none,NONE,UNMATCHED,,,
TATI,Tati,Ramapuram Railway Station,node/2967150483,fuzzy_name,MEDIUM,MATCHED,13.098106,79.1794325,Q63369910
PBB,Parbatonia,,,none,NONE,UNMATCHED,,,
BGKA,Bangurkela,,,none,NONE,UNMATCHED,,,
LNKC,Link C-Cabin,,,none,NONE,UNMATCHED,,,
BKTW,Baikunth Wes,,,none,NONE,UNMATCHED,,,
KOKA,Koka,,,none,NONE,UNMATCHED,,,
CABN,Bmy A Cabin,,,none,NONE,UNMATCHED,,,
RVH,Raipur R-V B,,,none,NONE,UNMATCHED,,,
MNDH,Mandir Hasau,,,none,NONE,UNMATCHED,,,
LAE,Lakholi,,,none,NONE,UNMATCHED,,,
ANMD,Arangmahanad,,,none,NONE,UNMATCHED,,,
BLSN,Belsonda,,,none,NONE,UNMATCHED,,,
ARN,Arand,Marandahalli,node/1805256059,fuzzy_name,MEDIUM,MATCHED,12.3892972,78.0173547,Q63358138
BMKJ,Bhimkhoj,,,none,NONE,UNMATCHED,,,
KMK,Komakhan,,,none,NONE,UNMATCHED,,,
LKNA,Lakhna,,,none,NONE,UNMATCHED,,,
TRKR,Turekala Roa,,,none,NONE,UNMATCHED,,,
RNBT,Rahen Bata,,,none,NONE,UNMATCHED,,,
KDLR,Kandel Road,,,none,NONE,UNMATCHED,,,
SFK,Sikir,,,none,NONE,UNMATCHED,,,
DFR,Deogan Road,,,none,NONE,UNMATCHED,,,
BNRD,Balangir Roa,,,none,NONE,UNMATCHED,,,
KHPL,Khaliapali,,,none,NONE,UNMATCHED,,,
GBQ,Godbhaga,,,none,NONE,UNMATCHED,,,
DKLU,Dolkallu,,,none,NONE,UNMATCHED,,,
MTND,Mattagajpur,,,none,NONE,UNMATCHED,,,
BDKT,Badakhandita,,,none,NONE,UNMATCHED,,,
BNHR,Banbihari -,,,none,NONE,UNMATCHED,,,
JSRD,Jhankad Sara,,,none,NONE,UNMATCHED,,,
NIN,Nimkana,,,none,NONE,UNMATCHED,,,
GNJB,Gopinathjew,,,none,NONE,UNMATCHED,,,
BGDI,Bagadia  Ph,,,none,NONE,UNMATCHED,,,
ARGL,Argul,,,none,NONE,UNMATCHED,,,
KPXR,Kaipadar Roa,,,none,NONE,UNMATCHED,,,
DLMH,Dhaulimuhan,,,none,NONE,UNMATCHED,,,
TAP,Tapang,,,none,NONE,UNMATCHED,,,
GLBA,Golabai,,,none,NONE,UNMATCHED,,,
MKTP,Muketashwar,,,none,NONE,UNMATCHED,,,
SLZ,Solari,,,none,NONE,UNMATCHED,,,
KLJI,Kalijai,,,none,NONE,UNMATCHED,,,
HMA,Humma,,,none,NONE,UNMATCHED,,,
CAPC,Chartrapur C,,,none,NONE,UNMATCHED,,,
JNP,Jagan Nathap,,,none,NONE,UNMATCHED,,,
NEYT,National The,,,none,NONE,UNMATCHED,,,
GTA,Golanthra,,,none,NONE,UNMATCHED,,,
SLRD,Surla Road,,,none,NONE,UNMATCHED,,,
JPI,Jhadupudi,,,none,NONE,UNMATCHED,,,
BAV,Baruva,,,none,NONE,UNMATCHED,,,
SUDV,Summa Devi,,,none,NONE,UNMATCHED,,,
RMZ,Routhpuram H,,,none,NONE,UNMATCHED,,,
TEK,Tekkali,,,none,NONE,UNMATCHED,,,
PDSN,Peddasana,,,none,NONE,UNMATCHED,,,
TMB,Temburu,,,none,NONE,UNMATCHED,,,
GVA,Ganguwada,,,none,NONE,UNMATCHED,,,
PHM,Patapatnam,,,none,NONE,UNMATCHED,,,
PLH,Parlakimidi,,,none,NONE,UNMATCHED,,,
SPRM,Sitapuram Ph,,,none,NONE,UNMATCHED,,,
HBF,Hadobhangi P,,,none,NONE,UNMATCHED,,,
KNGR,Kashinagar P,,,none,NONE,UNMATCHED,,,
LRI,Lihuri Ph,,,none,NONE,UNMATCHED,,,
BSDR,Bansadhara P,,,none,NONE,UNMATCHED,,,
PLSG,Palasingi,,,none,NONE,UNMATCHED,,,
KURT,Khurda Town,,,none,NONE,UNMATCHED,,,
BYZA,Begunia,,,none,NONE,UNMATCHED,,,
RSKA,Rajsunakhala,,,none,NONE,UNMATCHED,,,
BORT,Bolagarh Tow,,,none,NONE,UNMATCHED,,,
BORD,Bolagarh Roa,,,none,NONE,UNMATCHED,,,
NYGT,Nayagarhtown,,,none,NONE,UNMATCHED,,,
MVW,Mallividu,,,none,NONE,UNMATCHED,,,
LVK,Lakkavarapuk,,,none,NONE,UNMATCHED,,,
SUP,Srungavarapu,,,none,NONE,UNMATCHED,,,
BDVR,Boddavara,,,none,NONE,UNMATCHED,,,
SLPM,Shivalingapu,,,none,NONE,UNMATCHED,,,
TXD,Tyada,,,none,NONE,UNMATCHED,,,
CMDP,Chimidipalli,,,none,NONE,UNMATCHED,,,
BGHU,Borraguhalu,,,none,NONE,UNMATCHED,,,
KVLS,Karakavalasa,,,none,NONE,UNMATCHED,,,
SMLG,Shimili Guda,,,none,NONE,UNMATCHED,,,
GPJ,Gorapur,,,none,NONE,UNMATCHED,,,
DPC,Darliput,,,none,NONE,UNMATCHED,,,
PFU,Padua,,,none,NONE,UNMATCHED,,,
BHJA,Bheja,,,none,NONE,UNMATCHED,,,
MKRD,Machhakunda,,,none,NONE,UNMATCHED,,,
PBV,Paliba,,,none,NONE,UNMATCHED,,,
SUKU,Suku,,,none,NONE,UNMATCHED,,,
MVF,Manabar,,,none,NONE,UNMATCHED,,,
JRT,Jarati,,,none,NONE,UNMATCHED,,,
MVG,Maligura,,,none,NONE,UNMATCHED,,,
CTS,Chhatariput,,,none,NONE,UNMATCHED,,,
DIR,Dhanapur-Ori,,,none,NONE,UNMATCHED,,,
KDPA,Khadapa,,,none,NONE,UNMATCHED,,,
AGB,Ambagaon,,,none,NONE,UNMATCHED,,,
AGZ,Amagura,,,none,NONE,UNMATCHED,,,
NKX,Nakati Semra,,,none,NONE,UNMATCHED,,,
KMEZ,Kumar Marang,,,none,NONE,UNMATCHED,,,
TPQ,Tokopal,,,none,NONE,UNMATCHED,,,
BDXX,Badearapur,,,none,NONE,UNMATCHED,,,
SZY,Silak Jhori,,,none,NONE,UNMATCHED,,,
KMSD,Kumar Sodra,,,none,NONE,UNMATCHED,,,
KWGN,Kawargaon,,,none,NONE,UNMATCHED,,,
DBF,Dabpal,,,none,NONE,UNMATCHED,,,
GIZ,Gidam,,,none,NONE,UNMATCHED,,,
KMLR,Kamalur,,,none,NONE,UNMATCHED,,,
BHNS,Bhansi,,,none,NONE,UNMATCHED,,,
LDX,Ladda,,,none,NONE,UNMATCHED,,,
GTLM,Gotlam,,,none,NONE,UNMATCHED,,,
ULM,Urlam,,,none,NONE,UNMATCHED,,,
DGB,Dandu Gopala,,,none,NONE,UNMATCHED,,,
HCM,Harischandra,,,none,NONE,UNMATCHED,,,
BTVA,Batuva. P.H.,,,none,NONE,UNMATCHED,,,
NML,Nellimarla,,,none,NONE,UNMATCHED,,,
BCB,Bhowra Bh,,,none,NONE,UNMATCHED,,,
JBO,Jamadoba Ph,,,none,NONE,UNMATCHED,,,
KRKN,Karkend Ph,,,none,NONE,UNMATCHED,,,
LYD,Layabad,,,none,NONE,UNMATCHED,,,
TSAH,Tatasigua,,,none,NONE,UNMATCHED,,,
MLQ,Malkera Jn,,,none,NONE,UNMATCHED,,,
KHRI,Kharkhari,,,none,NONE,UNMATCHED,,,
KARO,Khario Ph,,,none,NONE,UNMATCHED,,,
AOR,Argora  Ph,,,none,NONE,UNMATCHED,,,
PIS,Piska Fs,,,none,NONE,UNMATCHED,,,
ITKY,Itky Ph,,,none,NONE,UNMATCHED,,,
TGB,Tangrabasuli,,,none,NONE,UNMATCHED,,,
NRKP,Narkopi Fs,,,none,NONE,UNMATCHED,,,
NJA,Nagjua Fs,,,none,NONE,UNMATCHED,,,
AKZ,Akashi  Ph,,,none,NONE,UNMATCHED,,,
IRN,Irgaon P.H.,,,none,NONE,UNMATCHED,,,
LAD,Lohardaga  B,,,none,NONE,UNMATCHED,,,
BICI,Barkichanpi,,,none,NONE,UNMATCHED,,,
KDRI,Kendri,,,none,NONE,UNMATCHED,,,
AVP,Abhanpur Jn.,,,none,NONE,UNMATCHED,,,
CATD,Chataud,,,none,NONE,UNMATCHED,,,
SIY,Sirri,,,none,NONE,UNMATCHED,,,
KRX,Kurud,,,none,NONE,UNMATCHED,,,
SPY,Sarsonpuri,,,none,NONE,UNMATCHED,,,
SNKX,Sankra   Hal,,,none,NONE,UNMATCHED,,,
DTR,Dhamtari,,,none,NONE,UNMATCHED,,,
MCF,Manik Chauri,,,none,NONE,UNMATCHED,,,
RIM,Rajim,,,none,NONE,UNMATCHED,,,
KEZ,Kelzhar,,,none,NONE,UNMATCHED,,,
TWI,Totewahi Hal,,,none,NONE,UNMATCHED,,,
ROL,Rajoli,,,none,NONE,UNMATCHED,,,
SYE,Sindewahi,,,none,NONE,UNMATCHED,,,
AWH,Alewahi,,,none,NONE,UNMATCHED,,,
TUD,Talodi,,,none,NONE,UNMATCHED,,,
MWG,Mindala,,,none,NONE,UNMATCHED,,,
KMMD,Kirmiti Mend,,,none,NONE,UNMATCHED,,,
BMP,Bramhpuri,,,none,NONE,UNMATCHED,,,
CCBG,Chicholibuzu,,,none,NONE,UNMATCHED,,,
ARNG,Arun Nagar H,,,none,NONE,UNMATCHED,,,
WDG,Wadegaon,,,none,NONE,UNMATCHED,,,
BFF,Barabhati,,,none,NONE,UNMATCHED,,,
DEW,Dewalgaon,,,none,NONE,UNMATCHED,,,
GMI,Gond Umri,,,none,NONE,UNMATCHED,,,
KSIH,Khodseoni,,,none,NONE,UNMATCHED,,,
GNL,Gongali,,,none,NONE,UNMATCHED,,,
PQH,Pindkepar Ha,,,none,NONE,UNMATCHED,,,
HDM,Hirdamali,,,none,NONE,UNMATCHED,,,
GKT,Gankhera Hal,,,none,NONE,UNMATCHED,,,
RTK,Ramtek,,,none,NONE,UNMATCHED,,,
AMDI,Amdi,,,none,NONE,UNMATCHED,,,
DKU,Dumrikhurd,,,none,NONE,UNMATCHED,,,
TMS,Tumsar Town,,,none,NONE,UNMATCHED,,,
MTWN,Mitewani Ph,,,none,NONE,UNMATCHED,,,
CCO,Chicholi,,,none,NONE,UNMATCHED,,,
GBRI,Goberwahi,,,none,NONE,UNMATCHED,,,
DGBZ,Dongribuzurg,,,none,NONE,UNMATCHED,,,
MKZ,Mahkepar Roa,,,none,NONE,UNMATCHED,,,
SKLI,Sukli,,,none,NONE,UNMATCHED,,,
TRDI,Tirodi,,,none,NONE,UNMATCHED,,,
ITRN,Itwari Jn.,,,none,NONE,UNMATCHED,,,
BNWD,Bhandewadi H,,,none,NONE,UNMATCHED,,,
DGY,Dighori Buzu,,,none,NONE,UNMATCHED,,,
KEMP,Kempalsad Ha,,,none,NONE,UNMATCHED,,,
TOR,Titur,,,none,NONE,UNMATCHED,,,
MZB,Mahuli Halt,,,none,NONE,UNMATCHED,,,
KUHI,Kuhi,,,none,NONE,UNMATCHED,,,
MXZ,Mohdara Halt,,,none,NONE,UNMATCHED,,,
BMW,Bamhani,,,none,NONE,UNMATCHED,,,
URR,Umred,,,none,NONE,UNMATCHED,,,
KRGN,Kargaon Halt,,,none,NONE,UNMATCHED,,,
BWV,Bhiwapur,,,none,NONE,UNMATCHED,,,
BHRH,Bhuyar,,,none,NONE,UNMATCHED,,,
TEP,Tempa,,,none,NONE,UNMATCHED,,,
MGLI,Mangli Halt,,,none,NONE,UNMATCHED,,,
KTGO,Kotgaon Halt,,,none,NONE,UNMATCHED,,,
NABN,Nagbhir Jn.,,,none,NONE,UNMATCHED,,,
CHM,Chalthan,,,none,NONE,UNMATCHED,,,
USD,Ukai Songhad,,,none,NONE,UNMATCHED,,,
CPD,Chinchpada,,,none,NONE,UNMATCHED,,,
KBH,Khandbara,,,none,NONE,UNMATCHED,,,
TISI,Tisi,,,none,NONE,UNMATCHED,,,
RNL,Ranala,,,none,NONE,UNMATCHED,,,
VKH,Vikhran Road,,,none,NONE,UNMATCHED,,,
SNSL,Shonselu,,,none,NONE,UNMATCHED,,,
HOL,Hol,,,none,NONE,UNMATCHED,,,
BEW,Betawad,,,none,NONE,UNMATCHED,,,
PDP,Padse,,,none,NONE,UNMATCHED,,,
BRTK,Bhortex,,,none,NONE,UNMATCHED,,,
TKHE,Takarkhede,,,none,NONE,UNMATCHED,,,
BHNE,Bhone,,,none,NONE,UNMATCHED,,,
CHLK,Chavalkhede,,,none,NONE,UNMATCHED,,,
PLD,Paldhi,,,none,NONE,UNMATCHED,,,
VTN,Vaitarna,,,none,NONE,UNMATCHED,,,
KEB,Karambeli,,,none,NONE,UNMATCHED,,,
ATUL,Atul,,,none,NONE,UNMATCHED,,,
KLV,Kelve Road,,,none,NONE,UNMATCHED,,,
JRS,Jorawasan,,,none,NONE,UNMATCHED,,,
ACL,Ancheli,,,none,NONE,UNMATCHED,,,
VDH,Vedchha,,,none,NONE,UNMATCHED,,,
BHET,Bhestan,,,none,NONE,UNMATCHED,,,
BRRD,Bordi Road,,,none,NONE,UNMATCHED,,,
BYR,Bhayandar,,,none,NONE,UNMATCHED,,,
URN,Utran,,,none,NONE,UNMATCHED,,,
KSE,Kosad,,,none,NONE,UNMATCHED,,,
GTX,Gothan Gam,,,none,NONE,UNMATCHED,,,
HAT,Hathuran,,,none,NONE,UNMATCHED,,,
CVJ,Chavaj (Bloc,,,none,NONE,UNMATCHED,,,
VRE,Varedia,,,none,NONE,UNMATCHED,,,
LKD,Lakodara,,,none,NONE,UNMATCHED,,,
KSPR,Kashipura Sa,,,none,NONE,UNMATCHED,,,
VRM,Varnama,,,none,NONE,UNMATCHED,,,
MPR,Makarpura,,,none,NONE,UNMATCHED,,,
NDR,Nandesari,,,none,NONE,UNMATCHED,,,
ADD,Adas Road,,,none,NONE,UNMATCHED,,,
VXD,Vadod,,,none,NONE,UNMATCHED,,,
UTD,Utarsanda,,,none,NONE,UNMATCHED,,,
GTE,Gothaj,,,none,NONE,UNMATCHED,,,
NEP,Nenpur,,,none,NONE,UNMATCHED,,,
KANJ,Kanij,,,none,NONE,UNMATCHED,,,
GER,Geratpur,,,none,NONE,UNMATCHED,,,
VTA,Vatva,,,none,NONE,UNMATCHED,,,
VCN,Virochannaga,,,none,NONE,UNMATCHED,,,
BGMR,Bagumra,,,none,NONE,UNMATCHED,,,
GGAR,Gangadhra,,,none,NONE,UNMATCHED,,,
TBV,Timbarva,,,none,NONE,UNMATCHED,,,
MGRL,Mangrolia,,,none,NONE,UNMATCHED,,,
KRAI,Kaher,,,none,NONE,UNMATCHED,,,
KKRD,Kikakui Road,,,none,NONE,UNMATCHED,,,
DSD,Dosvada,,,none,NONE,UNMATCHED,,,
LKKD,Lokkadkot,,,none,NONE,UNMATCHED,,,
BBAI,Bhadbhunja,,,none,NONE,UNMATCHED,,,
KFF,Kolde,,,none,NONE,UNMATCHED,,,
KHTG,Khatgaon,,,none,NONE,UNMATCHED,,,
DWD,Dhekwad,,,none,NONE,UNMATCHED,,,
CUE,Chaupale,,,none,NONE,UNMATCHED,,,
BETI,Bhetasi,,,none,NONE,UNMATCHED,,,
ALV,Anklav,,,none,NONE,UNMATCHED,,,
DOW,Davol,,,none,NONE,UNMATCHED,,,
BO,Borsad,,,none,NONE,UNMATCHED,,,
BCHN,Bochasan Jn.,,,none,NONE,UNMATCHED,,,
KTNA,Kathana,,,none,NONE,UNMATCHED,,,
PRTN,Pratap Nagar,,,none,NONE,UNMATCHED,,,
KEP,Kelanpur,,,none,NONE,UNMATCHED,,,
KDHL,Kundhela,,,none,NONE,UNMATCHED,,,
BILP,Bhilupur,,,none,NONE,UNMATCHED,,,
TWV,Thuwavi,,,none,NONE,UNMATCHED,,,
DB,Dabhoi Jn.,,,none,NONE,UNMATCHED,,,
VAN,Vadhvana,,,none,NONE,UNMATCHED,,,
AMLP,Amalpur,,,none,NONE,UNMATCHED,,,
SAK,Sankheda Bah,,,none,NONE,UNMATCHED,,,
CCP,Chhuchhapura,,,none,NONE,UNMATCHED,,,
JJW,Jojwa,,,none,NONE,UNMATCHED,,,
BDE,Bodeli,,,none,NONE,UNMATCHED,,,
JBU,Jabugam,,,none,NONE,UNMATCHED,,,
SSKL,Suskal,,,none,NONE,UNMATCHED,,,
PAVI,Pavi,,,none,NONE,UNMATCHED,,,
TJH,Tejgadh,,,none,NONE,UNMATCHED,,,
PQT,Puniyavant,,,none,NONE,UNMATCHED,,,
CTD,Chhota Udepu,,,none,NONE,UNMATCHED,,,
MHUA,Mahudha,,,none,NONE,UNMATCHED,,,
BMVR,Bmvr,,,none,NONE,UNMATCHED,,,
KTAL,Kathlal,,,none,NONE,UNMATCHED,,,
KVNJ,Kapadvanj,,,none,NONE,UNMATCHED,,,
VLTR,Vadali Luter,,,none,NONE,UNMATCHED,,,
KSUA,Kashipura,,,none,NONE,UNMATCHED,,,
BAYD,Bayad,,,none,NONE,UNMATCHED,,,
DNUA,Dhansura,,,none,NONE,UNMATCHED,,,
MDSA,Modasa,,,none,NONE,UNMATCHED,,,
VTL,Vadtal Swami,,,none,NONE,UNMATCHED,,,
AKVU,Ankleshwar U,,,none,NONE,UNMATCHED,,,
DHM,Dadhal Inam,,,none,NONE,UNMATCHED,,,
BII,Boridra,,,none,NONE,UNMATCHED,,,
GME,Gumandev,,,none,NONE,UNMATCHED,,,
NGMN,New Gumandev,,,none,NONE,UNMATCHED,,,
JGI,Jhagadiya Jn,,,none,NONE,UNMATCHED,,,
AVH,Avidha,,,none,NONE,UNMATCHED,,,
RJD,Raj-Pardi,,,none,NONE,UNMATCHED,,,
UML,Umalla,,,none,NONE,UNMATCHED,,,
JRV,Juna Rajuvad,,,none,NONE,UNMATCHED,,,
ALE,Amletha,,,none,NONE,UNMATCHED,,,
TRF,Taropa,,,none,NONE,UNMATCHED,,,
RAJ,Rajpipla,,,none,NONE,UNMATCHED,,,
MDHA,Madhada,,,none,NONE,UNMATCHED,,,
KNAD,Kanad,,,none,NONE,UNMATCHED,,,
KDMR,Khodiyar Man,,,none,NONE,UNMATCHED,,,
VTJ,Vartrej,,,none,NONE,UNMATCHED,,,
CDA,Chuda,,,none,NONE,UNMATCHED,,,
KDI,Kundli,,,none,NONE,UNMATCHED,,,
LTD,Lathidad,,,none,NONE,UNMATCHED,,,
NGA,Ningala,,,none,NONE,UNMATCHED,,,
ALMR,Alampur,,,none,NONE,UNMATCHED,,,
UJ,Ujalvav,,,none,NONE,UNMATCHED,,,
SOA,Sanosara,,,none,NONE,UNMATCHED,,,
BJUD,Bajud,,,none,NONE,UNMATCHED,,,
JSPR,Jashapur,,,none,NONE,UNMATCHED,,,
TRSR,Tarsai,,,none,NONE,UNMATCHED,,,
RNBD,Rana Bordi,,,none,NONE,UNMATCHED,,,
DXR,Digsar,,,none,NONE,UNMATCHED,,,
RA,Ramparda,,,none,NONE,UNMATCHED,,,
VD,Vadadiya,,,none,NONE,UNMATCHED,,,
AXA,Amarsar,,,none,NONE,UNMATCHED,,,
SDD,Sindhavader,,,none,NONE,UNMATCHED,,,
KNKT,Kankot,,,none,NONE,UNMATCHED,,,
KHC,Khorana,,,none,NONE,UNMATCHED,,,
KHDI,Khandheri,,,none,NONE,UNMATCHED,,,
CX,Chanol,,,none,NONE,UNMATCHED,,,
HM,Hadmatiya,,,none,NONE,UNMATCHED,,,
JALD,Jaliadewani,,,none,NONE,UNMATCHED,,,
LKBL,Lakhabaval,,,none,NONE,UNMATCHED,,,
PPLI,Pipli,,,none,NONE,UNMATCHED,,,
MDPR,Modpur,,,none,NONE,UNMATCHED,,,
SYQ,Sinhan,,,none,NONE,UNMATCHED,,,
BHTL,Bhatel,,,none,NONE,UNMATCHED,,,
MGTD,Meghpur Tito,,,none,NONE,UNMATCHED,,,
BPKA,Bhopalka,,,none,NONE,UNMATCHED,,,
OKD,Okhamadhi,,,none,NONE,UNMATCHED,,,
GRJA,Gorinja,,,none,NONE,UNMATCHED,,,
VVA,Varvala,,,none,NONE,UNMATCHED,,,
BMRN,Bhimrana,,,none,NONE,UNMATCHED,,,
WKRC,Wankaner Cit,,,none,NONE,UNMATCHED,,,
IGRL,Ingorala,,,none,NONE,UNMATCHED,,,
JA,Jaliya,,,none,NONE,UNMATCHED,,,
DME,Damnagar,,,none,NONE,UNMATCHED,,,
PCT,Panchtalavad,,,none,NONE,UNMATCHED,,,
HTGR,Hathigadh,,,none,NONE,UNMATCHED,,,
BSWD,Bhenswadi,,,none,NONE,UNMATCHED,,,
JIR,Jira Road,,,none,NONE,UNMATCHED,,,
GKD,Gadhakada,,,none,NONE,UNMATCHED,,,
MRYA,Meriyana,,,none,NONE,UNMATCHED,,,
VJD,Vijapadi Roa,,,none,NONE,UNMATCHED,,,
VVV,Vavera,,,none,NONE,UNMATCHED,,,
DGJ,Dungar Road,,,none,NONE,UNMATCHED,,,
MTSK,Mota Surka,,,none,NONE,UNMATCHED,,,
VJK,Vejalaka,,,none,NONE,UNMATCHED,,,
BDHA,Badhada,,,none,NONE,UNMATCHED,,,
SJF,Sajanvav Roa,,,none,NONE,UNMATCHED,,,
AVL,Amrutvel,,,none,NONE,UNMATCHED,,,
MQZ,Mota Jadra,,,none,NONE,UNMATCHED,,,
RJU,Rajula City,,,none,NONE,UNMATCHED,,,
KTLA,Katkola,,,none,NONE,UNMATCHED,,,
SPD,Supedi,,,none,NONE,UNMATCHED,,,
VAL,Vadal,Vadalur,node/5302069253,fuzzy_name,MEDIUM,MATCHED,11.5570545,79.5462983,Q63360866
SHH,Shapur,,,none,NONE,UNMATCHED,,,
LAL,Lushala,,,none,NONE,UNMATCHED,,,
BDDR,Badodar,,,none,NONE,UNMATCHED,,,
BTSD,Bhatisuda,,,none,NONE,UNMATCHED,,,
PPG,Piploda Bagl,,,none,NONE,UNMATCHED,,,
UNL,Unhel,,,none,NONE,UNMATCHED,,,
PSO,Palsoramkdn,,,none,NONE,UNMATCHED,,,
ASL,Asaloda,,,none,NONE,UNMATCHED,,,
NKI,Nai Kheri,,,none,NONE,UNMATCHED,,,
PLW,Pingleshwar,,,none,NONE,UNMATCHED,,,
TJP,Tajpur,,,none,NONE,UNMATCHED,,,
SVT,Shivpura,,,none,NONE,UNMATCHED,,,
MQE,Mohd Kheda,,,none,NONE,UNMATCHED,,,
CKOD,Chakrod,,,none,NONE,UNMATCHED,,,
BKTL,Baktal,,,none,NONE,UNMATCHED,,,
PNWN,Pachawan,,,none,NONE,UNMATCHED,,,
PUD,Phanda,,,none,NONE,UNMATCHED,,,
BQE,Bakanian Bha,,,none,NONE,UNMATCHED,,,
CAZ,Chauhani,,,none,NONE,UNMATCHED,,,
PQU,Parhana Mau,,,none,NONE,UNMATCHED,,,
UDK,Udyankheri,,,none,NONE,UNMATCHED,,,
SFZ,Shinduriya K,,,none,NONE,UNMATCHED,,,
RGG,Radhogarh,,,none,NONE,UNMATCHED,,,
BRNA,Berawanya,,,none,NONE,UNMATCHED,,,
RLK,Rohalkhurd,,,none,NONE,UNMATCHED,,,
TLZ,Talavli,,,none,NONE,UNMATCHED,,,
NKH,Nathu Khedi,,,none,NONE,UNMATCHED,,,
HNU,Hanspura,,,none,NONE,UNMATCHED,,,
KRLS,Kurlasi,,,none,NONE,UNMATCHED,,,
DKRA,Dhuankhedi,,,none,NONE,UNMATCHED,,,
ARE,Arnetha,,,none,NONE,UNMATCHED,,,
GKB,Ghatkavarana,,,none,NONE,UNMATCHED,,,
LBN,Laban,,,none,NONE,UNMATCHED,,,
AMLI,Amli,,,none,NONE,UNMATCHED,,,
RWJ,Rawanjna,,,none,NONE,UNMATCHED,,,
KTA,Kushtala,,,none,NONE,UNMATCHED,,,
BAMA,Birambad,,,none,NONE,UNMATCHED,,,
BR,Bandh Bareth,,,none,NONE,UNMATCHED,,,
NGLT,Nagla Tula,,,none,NONE,UNMATCHED,,,
BIQ,Bansi Paharp,,,none,NONE,UNMATCHED,,,
DXK,Dhana Kherli,,,none,NONE,UNMATCHED,,,
AED,Aulenda,,,none,NONE,UNMATCHED,,,
SNPR,Singarpur,,,none,NONE,UNMATCHED,,,
MIQ,Mirhakur,,,none,NONE,UNMATCHED,,,
PTLI,Pathauli,,,none,NONE,UNMATCHED,,,
RCJ,Ranayala,,,none,NONE,UNMATCHED,,,
BJG,Bajranjgarh,,,none,NONE,UNMATCHED,,,
RKY,Kothariya,,,none,NONE,UNMATCHED,,,
RBR,Ribada,,,none,NONE,UNMATCHED,,,
GTT,Gomta,,,none,NONE,UNMATCHED,,,
CKE,Choki Sorath,,,none,NONE,UNMATCHED,,,
BNTH,Bandnath,,,none,NONE,UNMATCHED,,,
ADE,Adri Road,,,none,NONE,UNMATCHED,,,
KEMA,Kukma,,,none,NONE,UNMATCHED,,,
RUT,Ratnal,,,none,NONE,UNMATCHED,,,
CHIB,Chirai,,,none,NONE,UNMATCHED,,,
VONB,Vondh,,,none,NONE,UNMATCHED,,,
SIA,Shivlakha,,,none,NONE,UNMATCHED,,,
KYG,Kidiya Nagar,,,none,NONE,UNMATCHED,,,
BUBR,Bhutkiya Bhi,,,none,NONE,UNMATCHED,,,
LAA,Lakhpat,,,none,NONE,UNMATCHED,,,
GM,Garmadi,,,none,NONE,UNMATCHED,,,
CASA,Chhansara,,,none,NONE,UNMATCHED,,,
VU,Vaghpura,,,none,NONE,UNMATCHED,,,
PLE,Piplee,,,none,NONE,UNMATCHED,,,
DVGM,Devgam,,,none,NONE,UNMATCHED,,,
MITA,Mitha,,,none,NONE,UNMATCHED,,,
DKW,Dhanakwada,,,none,NONE,UNMATCHED,,,
JSI,Jasali,,,none,NONE,UNMATCHED,,,
LW,Lorwada,,,none,NONE,UNMATCHED,,,
CDS,Chandisar,,,none,NONE,UNMATCHED,,,
BAGD,Bagwada,,,none,NONE,UNMATCHED,,,
KDSD,Kudsad,,,none,NONE,UNMATCHED,,,
GNST,Ghandhi Smru,,,none,NONE,UNMATCHED,,,
PHC,Panchot,,,none,NONE,UNMATCHED,,,
DHJ,Dhinoj,,,none,NONE,UNMATCHED,,,
SNHR,Sankhari,,,none,NONE,UNMATCHED,,,
PTN,Patan,,,none,NONE,UNMATCHED,,,
VNRD,Vaniroad,,,none,NONE,UNMATCHED,,,
SR,Sabliroad,,,none,NONE,UNMATCHED,,,
LPR,Lilapurroad,,,none,NONE,UNMATCHED,,,
BLRD,Balaroad,,,none,NONE,UNMATCHED,,,
CJR,Chamaraj,,,none,NONE,UNMATCHED,,,
LMC,Lakhamanchi,,,none,NONE,UNMATCHED,,,
LXR,Lunseriya,,,none,NONE,UNMATCHED,,,
BLWR,Bileshwar,,,none,NONE,UNMATCHED,,,
LCH,Linch,,,none,NONE,UNMATCHED,,,
JTN,Jotana,,,none,NONE,UNMATCHED,,,
DTJ,Detroj,,,none,NONE,UNMATCHED,,,
BKD,Bankoda,,,none,NONE,UNMATCHED,,,
JKS,Jaksi,,,none,NONE,UNMATCHED,,,
AHO,Adarshnagar,,,none,NONE,UNMATCHED,,,
HTD,Hatundi,,,none,NONE,UNMATCHED,,,
ROS,Rajosi,,,none,NONE,UNMATCHED,,,
JWS,Jharwasa,,,none,NONE,UNMATCHED,,,
SGW,Singwal,,,none,NONE,UNMATCHED,,,
MAKH,Mokhampura,,,none,NONE,UNMATCHED,,,
RPI,Rupaheli,,,none,NONE,UNMATCHED,,,
BHAS,Bhojras,,,none,NONE,UNMATCHED,,,
RLR,Raila Road,,,none,NONE,UNMATCHED,,,
LMA,Lambiya,,,none,NONE,UNMATCHED,,,
DWL,Dhuwala,,,none,NONE,UNMATCHED,,,
MDPA,Mandpiya,,,none,NONE,UNMATCHED,,,
SNYN,Soniyana,,,none,NONE,UNMATCHED,,,
DET,Det,,,none,NONE,UNMATCHED,,,
GSD,Ghosunda,,,none,NONE,UNMATCHED,,,
NTWL,Netawal,,,none,NONE,UNMATCHED,,,
PMO,Pandoli,,,none,NONE,UNMATCHED,,,
BSJ,Bhupal Sagar,,,none,NONE,UNMATCHED,,,
BIML,Bhimal,,,none,NONE,UNMATCHED,,,
KLH,Khemli,,,none,NONE,UNMATCHED,,,
DRB,Debari,,,none,NONE,UNMATCHED,,,
MKWI,Makarwadi Ha,,,none,NONE,UNMATCHED,,,
BPKH,Budha Pushka,,,none,NONE,UNMATCHED,,,
PUHT,Pushkar Term,,,none,NONE,UNMATCHED,,,
BSRL,Besroli,,,none,NONE,UNMATCHED,,,
BOW,Borawar,,,none,NONE,UNMATCHED,,,
THMR,Thathana Mit,,,none,NONE,UNMATCHED,,,
NYK,Naya Khardia,,,none,NONE,UNMATCHED,,,
GVMR,Govindi Marw,,,none,NONE,UNMATCHED,,,
GA,Gudda,,,none,NONE,UNMATCHED,,,
APH,Anupgarh,,,none,NONE,UNMATCHED,,,
RMSR,Ramsinghpur,,,none,NONE,UNMATCHED,,,
SBNR,Sri Vijainag,,,none,NONE,UNMATCHED,,,
KYNT,Kalyankot  H,,,none,NONE,UNMATCHED,,,
RGNH,Raghunathgar,,,none,NONE,UNMATCHED,,,
BROR,Berore,,,none,NONE,UNMATCHED,,,
BDYK,Bindayaka,,,none,NONE,UNMATCHED,,,
PKBS,Peeplee - Ka,,,none,NONE,UNMATCHED,,,
KNDL,Khandel,,,none,NONE,UNMATCHED,,,
SFE,Sanodiya,,,none,NONE,UNMATCHED,,,
BILA,Bheslana,,,none,NONE,UNMATCHED,,,
MNHA,Mindha,,,none,NONE,UNMATCHED,,,
PCMK,Pachar Malik,,,none,NONE,UNMATCHED,,,
BDHL,Badhal,,,none,NONE,UNMATCHED,,,
KMNP,Kishan-Manpu,,,none,NONE,UNMATCHED,,,
KHRA,Kachera,,,none,NONE,UNMATCHED,,,
KAWT,Kanwat,,,none,NONE,UNMATCHED,,,
BAGA,Bhagega,,,none,NONE,UNMATCHED,,,
MADA,Maonda,,,none,NONE,UNMATCHED,,,
JLLO,Jhilo,,,none,NONE,UNMATCHED,,,
DBLA,Dabla,,,none,NONE,UNMATCHED,,,
NIP,Nizampur,,,none,NONE,UNMATCHED,,,
APJ,Amarpur-Jora,,,none,NONE,UNMATCHED,,,
MBV,Mirzapur Bac,,,none,NONE,UNMATCHED,,,
KTWS,Kathuwas,,,none,NONE,UNMATCHED,,,
KUND,Kund,Mukundarayapuram,node/3480915452,fuzzy_name,MEDIUM,MATCHED,12.9782491,79.2892009,Q63355886
KORI,Khori,,,none,NONE,UNMATCHED,,,
JDD,Jerthi Dadhi,,,none,NONE,UNMATCHED,,,
BWPL,Balwantpura,,,none,NONE,UNMATCHED,,,
NRKE,Nari-Khetri,,,none,NONE,UNMATCHED,,,
BOTR,Bhavdhari,,,none,NONE,UNMATCHED,,,
FPS,Fatehpur-She,,,none,NONE,UNMATCHED,,,
LNH,Lachhmangarh,,,none,NONE,UNMATCHED,,,
RDK,Rashidpura-K,,,none,NONE,UNMATCHED,,,
SAS,Sheodaspura-,,,none,NONE,UNMATCHED,,,
CKS,Chaksu,,,none,NONE,UNMATCHED,,,
CHNN,Channani,,,none,NONE,UNMATCHED,,,
SRAS,Siras,,,none,NONE,UNMATCHED,,,
SURL,Sureli,,,none,NONE,UNMATCHED,,,
DPZ,Devpura,,,none,NONE,UNMATCHED,,,
KNDP,Khandip,,,none,NONE,UNMATCHED,,,
BRLA,Barayla Chau,,,none,NONE,UNMATCHED,,,
KHNR,Kachnara,,,none,NONE,UNMATCHED,,,
HKL,Harkia Khal,,,none,NONE,UNMATCHED,,,
BIWK,Bislawaskala,,,none,NONE,UNMATCHED,,,
GRF,Gambhir Road,,,none,NONE,UNMATCHED,,,
BSSL,Bassi Berisa,,,none,NONE,UNMATCHED,,,
PSLI,Parsoli,,,none,NONE,UNMATCHED,,,
BNDI,Barundni,,,none,NONE,UNMATCHED,,,
URML,Uparmal,,,none,NONE,UNMATCHED,,,
JNRI,Jalindri,,,none,NONE,UNMATCHED,,,
SNAR,Srinagar,,,none,NONE,UNMATCHED,,,
THEA,Thalera,,,none,NONE,UNMATCHED,,,
BBY,Bhadroli Hal,,,none,NONE,UNMATCHED,,,
RAKL,Rethorakalan,,,none,NONE,UNMATCHED,,,
NNE,Nonera,,,none,NONE,UNMATCHED,,,
RYT,Rayatpura,,,none,NONE,UNMATCHED,,,
SCN,Sondha Road,,,none,NONE,UNMATCHED,,,
AXK,Asokhar,,,none,NONE,UNMATCHED,,,
AAH,Itehar,,,none,NONE,UNMATCHED,,,
UDMR,Udi Mor,,,none,NONE,UNMATCHED,,,
CYI,Chhayapuri,,,none,NONE,UNMATCHED,,,
PIO,Pilol,,,none,NONE,UNMATCHED,,,
AIR,Alindra Road,,,none,NONE,UNMATCHED,,,
LAN,Lotana,,,none,NONE,UNMATCHED,,,
BKRL,Bakrol,,,none,NONE,UNMATCHED,,,
KIZ,Kansudhi,,,none,NONE,UNMATCHED,,,
CCL,Chanchelav,,,none,NONE,UNMATCHED,,,
USRA,Usra,,,none,NONE,UNMATCHED,,,
JKT,Jekot,,,none,NONE,UNMATCHED,,,
RET,Rentiya,,,none,NONE,UNMATCHED,,,
ORDI,Ordi,,,none,NONE,UNMATCHED,,,
SSNR,Satsang Naga,,,none,NONE,UNMATCHED,,,
BDME,Baidyanathdh,,,none,NONE,UNMATCHED,,,
MJM,Manjhauli Gr,,,none,NONE,UNMATCHED,,,
PATL,Patel Halt,,,none,NONE,UNMATCHED,,,
JMIR,Jamira Halt,,,none,NONE,UNMATCHED,,,
JGWL,Jagjvan Halt,,,none,NONE,UNMATCHED,,,
SKRI,Sikaria Halt,,,none,NONE,UNMATCHED,,,
BUE,Baruna,,,none,NONE,UNMATCHED,,,
BQW,Barakalan,,,none,NONE,UNMATCHED,,,
KKRH,Karahiya Hal,,,none,NONE,UNMATCHED,,,
USK,Usiakhas Hal,,,none,NONE,UNMATCHED,,,
NEWC,New West Cab,,,none,NONE,UNMATCHED,,,
JEP,Jeonathpur,,,none,NONE,UNMATCHED,,,
ASJP,Amar Saheed,,,none,NONE,UNMATCHED,,,
SXD,Siduli (Flag,,,none,NONE,UNMATCHED,,,
KNRI,Kunuri,,,none,NONE,UNMATCHED,,,
MWZ,Mahishadahar,,,none,NONE,UNMATCHED,,,
BLME,Bholidih,,,none,NONE,UNMATCHED,,,
CEME,Chegro,,,none,NONE,UNMATCHED,,,
CDB,Chaudhuriban,,,none,NONE,UNMATCHED,,,
KRMB,Karmabad,,,none,NONE,UNMATCHED,,,
GRBH,Garea Bihar,,,none,NONE,UNMATCHED,,,
BNF,Bandhua,,,none,NONE,UNMATCHED,,,
BNSL,Bansinala Ha,,,none,NONE,UNMATCHED,,,
YGM,Yadugram Bh,,,none,NONE,UNMATCHED,,,
BSCP,Baskatwa Bh,,,none,NONE,UNMATCHED,,,
NGY,Nath Ganj,,,none,NONE,UNMATCHED,,,
DLW,Dilwa,,,none,NONE,UNMATCHED,,,
LBZ,Lalbagh,,,none,NONE,UNMATCHED,,,
KSHR,Keshwari Bh,,,none,NONE,UNMATCHED,,,
DSME,Dasara,,,none,NONE,UNMATCHED,,,
YDD,Yadudih,,,none,NONE,UNMATCHED,,,
LRB,Larabad Bh,,,none,NONE,UNMATCHED,,,
KEE,Kaseetar,,,none,NONE,UNMATCHED,,,
DRGU,Damrughutu,,,none,NONE,UNMATCHED,,,
LPNR,Lajpat Nagar,,,none,NONE,UNMATCHED,,,
SWNR,Sewa Nagar,,,none,NONE,UNMATCHED,,,
LDCY,Lodi Colony,,,none,NONE,UNMATCHED,,,
SOJ,Sarojini Nag,,,none,NONE,UNMATCHED,,,
CNKP,Chanakyapuri,,,none,NONE,UNMATCHED,,,
SDPR,Sardar Patel,,,none,NONE,UNMATCHED,,,
BRSQ,Brar Square,,,none,NONE,UNMATCHED,,,
DLPI,Delhi Indrap,,,none,NONE,UNMATCHED,,,
NRVR,Naraina Viha,,,none,NONE,UNMATCHED,,,
KRTN,Kirtinagar H,,,none,NONE,UNMATCHED,,,
PGMD,Pragati Maid,,,none,NONE,UNMATCHED,,,
MWUE,Mahrawal,,,none,NONE,UNMATCHED,,,
KLA,Kulwa,,,none,NONE,UNMATCHED,,,
SOM,Somna,,,none,NONE,UNMATCHED,,,
DAR,Danwar,,,none,NONE,UNMATCHED,,,
KAMP,Kamalpur Hal,,,none,NONE,UNMATCHED,,,
SKQ,Sikandarpur,,,none,NONE,UNMATCHED,,,
GNRL,Gangraul Hal,,,none,NONE,UNMATCHED,,,
WAIR,Wair,,,none,NONE,UNMATCHED,,,
DKDE,Dankaur,,,none,NONE,UNMATCHED,,,
AJR,Ajaibpur,,,none,NONE,UNMATCHED,,,
BRKY,Boraki Halt,,,none,NONE,UNMATCHED,,,
MIU,Maripat,,,none,NONE,UNMATCHED,,,
MTO,Maitha,,,none,NONE,UNMATCHED,,,
AAP,Ambiapur,,,none,NONE,UNMATCHED,,,
KNS,Kanchausi,,,none,NONE,UNMATCHED,,,
PATA,Pata,,,none,NONE,UNMATCHED,,,
SHW,Samhon,,,none,NONE,UNMATCHED,,,
EKL,Ekdil,,,none,NONE,UNMATCHED,,,
SB,Sarai Bhopat,,,none,NONE,UNMATCHED,,,
BBL,Balrai,,,none,NONE,UNMATCHED,,,
KAA,Kaurara,,,none,NONE,UNMATCHED,,,
SBJ,Sarai Banjar,,,none,NONE,UNMATCHED,,,
SDY,Sadhoo Garh,,,none,NONE,UNMATCHED,,,
NGWN,Noganwan,,,none,NONE,UNMATCHED,,,
MNPR,Mianpur,,,none,NONE,UNMATCHED,,,
BARJ,Bharatgarh,,,none,NONE,UNMATCHED,,,
BTTN,Bhattian,,,none,NONE,UNMATCHED,,,
MAUL,Maula Ali,,,none,NONE,UNMATCHED,,,
KARR,Kharar,,,none,NONE,UNMATCHED,,,
HRF,Hathras Qila,,,none,NONE,UNMATCHED,,,
WSC,West Cabin T,,,none,NONE,UNMATCHED,,,
GMC,Kanpur Goods,,,none,NONE,UNMATCHED,,,
BDNP,Bidanpur,,,none,NONE,UNMATCHED,,,
ASCE,Athsarai,,,none,NONE,UNMATCHED,,,
KUW,Kunwar,,,none,NONE,UNMATCHED,,,
KTCE,Katoghan,,,none,NONE,UNMATCHED,,,
SNIE,Sath Naraini,,,none,NONE,UNMATCHED,,,
RUB,Rasulabad,,,none,NONE,UNMATCHED,,,
RAMA,Ramva,,,none,NONE,UNMATCHED,,,
DDGA,Dugda Washar,,,none,NONE,UNMATCHED,,,
JNNA,Jamuniatanr,,,none,NONE,UNMATCHED,,,
SLJR,Salgajhari,,,none,NONE,UNMATCHED,,,
LSGS,Lavan Satyag,,,none,NONE,UNMATCHED,,,
HEN,Heria Ph,,,none,NONE,UNMATCHED,,,
NCN,Nachinda Ph,,,none,NONE,UNMATCHED,,,
STLB,Sitalpur (Be,,,none,NONE,UNMATCHED,,,
SJPA,Sujalpur Ph,,,none,NONE,UNMATCHED,,,
APRD,Ashapurna De,,,none,NONE,UNMATCHED,,,
BDPA,Badalpur Ph,,,none,NONE,UNMATCHED,,,
TKRA,Tikra Ph,,,none,NONE,UNMATCHED,,,
KRCA,Karchiya Yar,,,none,NONE,UNMATCHED,,,
SNA,Sadanapura,,,none,NONE,UNMATCHED,,,
BAJ,Bhalej,,,none,NONE,UNMATCHED,,,
OD,Ode,,,none,NONE,UNMATCHED,,,
UMH,Umreth,,,none,NONE,UNMATCHED,,,
DK,Dakor,,,none,NONE,UNMATCHED,,,
TAS,Thasra,,,none,NONE,UNMATCHED,,,
AGCI,Angadi,,,none,NONE,UNMATCHED,,,
SVL,Sevaliya,,,none,NONE,UNMATCHED,,,
TBA,Timba Road J,,,none,NONE,UNMATCHED,,,
TUWA,Tuwa,,,none,NONE,UNMATCHED,,,
VKG,Vavadi Khurd,Avadi,node/3678939665,fuzzy_name,MEDIUM,MATCHED,13.1182744,80.1015427,Q4827409
UOI,Umroli,,,none,NONE,UNMATCHED,,,
KHBV,Kharbao,,,none,NONE,UNMATCHED,,,
KARD,Kaman,Adiyakkamangalam,node/5303104762,fuzzy_name,MEDIUM,MATCHED,10.7573645,79.6816603,Q63355704
JCNR,Juchandra,,,none,NONE,UNMATCHED,,,
NSP,Nalla-Sopara,,,none,NONE,UNMATCHED,,,
THMA,Tham,Kallakkudi Palanganatham,node/5303839987,fuzzy_name,MEDIUM,MATCHED,10.9664852,78.9497032,Q63356189
SAMN,Samni Jn.,,,none,NONE,UNMATCHED,,,
VGRA,Vagra,,,none,NONE,UNMATCHED,,,
PKJN,Pakhajan,,,none,NONE,UNMATCHED,,,
DGFJ,Dahej,,,none,NONE,UNMATCHED,,,
DDCL,Dombivli Ctl,,,none,NONE,UNMATCHED,,,
BRB,Boribial,,,none,NONE,UNMATCHED,,,
MLM,Malthan,,,none,NONE,UNMATCHED,,,
JNTR,Jinti Road,,,none,NONE,UNMATCHED,,,
WSB,Washimbe,,,none,NONE,UNMATCHED,,,
PPJ,Pophlaj,,,none,NONE,UNMATCHED,,,
BLNI,Bhalwani,,,none,NONE,UNMATCHED,,,
DHS,Dhavalas,,,none,NONE,UNMATCHED,,,
WDS,Wadsinge,,,none,NONE,UNMATCHED,,,
WKA,Vakav,,,none,NONE,UNMATCHED,,,
AAG,Angar,Bangarpet Junction,node/5760183667,fuzzy_name,MEDIUM,MATCHED,12.9854946,78.178224,Q17049573
MKPT,Malikpeth,,,none,NONE,UNMATCHED,,,
MVE,Mundhewadi,,,none,NONE,UNMATCHED,,,
PK,Pakni,,,none,NONE,UNMATCHED,,,
BALE,Bale,,,none,NONE,UNMATCHED,,,
KRDN,Karaundhana,,,none,NONE,UNMATCHED,,,
DMSR,Dhimsiri,,,none,NONE,UNMATCHED,,,
FAB,Fatehabad,,,none,NONE,UNMATCHED,,,
MAKP,Manikpura,,,none,NONE,UNMATCHED,,,
BDRI,Bhadrauli,,,none,NONE,UNMATCHED,,,
BASR,Batesar,,,none,NONE,UNMATCHED,,,
HAB,Bah,,,none,NONE,UNMATCHED,,,
JTKN,Jaitpur Kala,,,none,NONE,UNMATCHED,,,
MGKP,Manisingh Ka,,,none,NONE,UNMATCHED,,,
JATP,Jaitpura,,,none,NONE,UNMATCHED,,,
SKJS,Krishan Janm,,,none,NONE,UNMATCHED,,,
MSE,Masani,,,none,NONE,UNMATCHED,,,
BDB,Vrindavan,,,none,NONE,UNMATCHED,,,
KPJ,Kopaganj Hal,,,none,NONE,UNMATCHED,,,
GSI,Ghosi,,,none,NONE,UNMATCHED,,,
AMD,Amila (Halt),,,none,NONE,UNMATCHED,,,
MRDP,Muradpur (Ha,,,none,NONE,UNMATCHED,,,
DIT,Dohrighat,,,none,NONE,UNMATCHED,,,
PTG,Patna Ghat,,,none,NONE,UNMATCHED,,,
RBHT,R Block Halt,,,none,NONE,UNMATCHED,,,
OSH,Old Sachival,,,none,NONE,UNMATCHED,,,
BRHT,Bailey Road,,,none,NONE,UNMATCHED,,,
PCHT,Punaichak Ha,,,none,NONE,UNMATCHED,,,
SPHT,Shivpuri Hal,,,none,NONE,UNMATCHED,,,
RVN,Rajiv Nagar,,,none,NONE,UNMATCHED,,,
DDG,Digha Ghat,,,none,NONE,UNMATCHED,,,
DDGJ,Deedar Ganj,,,none,NONE,UNMATCHED,,,
BBI,Bara Bani,,,none,NONE,UNMATCHED,,,
TOP,Tapasi,,,none,NONE,UNMATCHED,,,
SSCR,Sonachara  S,,,none,NONE,UNMATCHED,,,
NNWH,New Nawadih,,,none,NONE,UNMATCHED,,,
CNDN,Chandan,,,none,NONE,UNMATCHED,,,
BHAU,Bhalua,,,none,NONE,UNMATCHED,,,
KTOR,Katoriya,,,none,NONE,UNMATCHED,,,
KARJ,Karjhausa,,,none,NONE,UNMATCHED,,,
KKBA,Kakbara,,,none,NONE,UNMATCHED,,,
BRNI,Barwasni Hal,,,none,NONE,UNMATCHED,,,
MOHR,Mohana Harya,,,none,NONE,UNMATCHED,,,
LATH,Lath Halt,,,none,NONE,UNMATCHED,,,
RBHR,Rabhra Haalt,,,none,NONE,UNMATCHED,,,
KHDR,Khandari Hal,,,none,NONE,UNMATCHED,,,
BUTN,Butana Halt,,,none,NONE,UNMATCHED,,,
ISRI,Ishapur Kher,,,none,NONE,UNMATCHED,,,
BHMW,Bhambhewa,,,none,NONE,UNMATCHED,,,
LTKR,Lalit Khera,,,none,NONE,UNMATCHED,,,
BLJA,Bhalojala  H,,,none,NONE,UNMATCHED,,,
SPJB,Saidpur Jala,,,none,NONE,UNMATCHED,,,
KDSB,Khadur  Sahi,,,none,NONE,UNMATCHED,,,
GWSB,Goindwal Sah,,,none,NONE,UNMATCHED,,,
TTO,Tarn Taran,,,none,NONE,UNMATCHED,,,
BAHL,Banihal,,,none,NONE,UNMATCHED,,,
HRSB,Hillar Shaha,,,none,NONE,UNMATCHED,,,
QG,Quazigund,,,none,NONE,UNMATCHED,,,
SDUA,Sadura,,,none,NONE,UNMATCHED,,,
ANT,Anantnag,,,none,NONE,UNMATCHED,,,
BJBA,Bijbiara,,,none,NONE,UNMATCHED,,,
PJGM,Panjgam,,,none,NONE,UNMATCHED,,,
ATPA,Awantipura,,,none,NONE,UNMATCHED,,,
KAPE,Kakapora,,,none,NONE,UNMATCHED,,,
PMPE,Pampora,,,none,NONE,UNMATCHED,,,
SINA,Srinagar,,,none,NONE,UNMATCHED,,,
BDGM,Budgam,,,none,NONE,UNMATCHED,,,
MZMA,Mazhom,,,none,NONE,UNMATCHED,,,
PTTN,Pattan,Ayodhyapattanam,node/5349010118,fuzzy_name,MEDIUM,MATCHED,11.6715816,78.2342048,Q63371900
HME,Hamre,,,none,NONE,UNMATCHED,,,
SXZM,Sopore,,,none,NONE,UNMATCHED,,,
BRML,Baramulla,,,none,NONE,UNMATCHED,,,
MJTA,Majitha,,,none,NONE,UNMATCHED,,,
KTGN,Kotla Gujran,,,none,NONE,UNMATCHED,,,
FGCN,Fatehgarh Ch,,,none,NONE,UNMATCHED,,,
HDWL,Hardorawal,,,none,NONE,UNMATCHED,,,
RDS,Ramdas,,,none,NONE,UNMATCHED,,,
RCR,Ratar Chhatt,,,none,NONE,UNMATCHED,,,
DBNK,Derababa Nan,,,none,NONE,UNMATCHED,,,
CIA,Chheharta,,,none,NONE,UNMATCHED,,,
KSA,Khasa,Mukhasa Parur,node/5349009456,fuzzy_name,MEDIUM,MATCHED,11.5661844,79.2408766,Q63371884
KEMK,Khem Karan,,,none,NONE,UNMATCHED,,,
PAX,Patti,Tinnappatti,node/1114856503,fuzzy_name,MEDIUM,MATCHED,11.8123622,78.0983321,Q63355302
BGTN,Bhagtanwala,,,none,NONE,UNMATCHED,,,
QDN,Qadian,,,none,NONE,UNMATCHED,,,
MEC,Merta City,,,none,NONE,UNMATCHED,,,
SURP,Suratpura Jn,,,none,NONE,UNMATCHED,,,
BMSN,Bamsin,,,none,NONE,UNMATCHED,,,
RHI,Rakhi,,,none,NONE,UNMATCHED,,,
BAWA,Balwara,,,none,NONE,UNMATCHED,,,
BISH,Bishengarh,,,none,NONE,UNMATCHED,,,
JNX,Jagannath Ji,,,none,NONE,UNMATCHED,,,
MBGA,Marwar Bagra,,,none,NONE,UNMATCHED,,,
BK,Bakra Road,,,none,NONE,UNMATCHED,,,
BIPR,Bheempura,,,none,NONE,UNMATCHED,,,
LDM,Ladermer,,,none,NONE,UNMATCHED,,,
KOF,Marwar Kori,,,none,NONE,UNMATCHED,,,
MBW,Malwara,,,none,NONE,UNMATCHED,,,
MSQ,Marwar Ratan,,,none,NONE,UNMATCHED,,,
DGQ,Dugdol Halt,,,none,NONE,UNMATCHED,,,
JARI,Jari,,,none,NONE,UNMATCHED,,,
RXN,Ramsan,,,none,NONE,UNMATCHED,,,
JNZ,Jenal,,,none,NONE,UNMATCHED,,,
NOA,Nosaria  Hal,,,none,NONE,UNMATCHED,,,
GOZ,Golsar,,,none,NONE,UNMATCHED,,,
MELH,Melusar,,,none,NONE,UNMATCHED,,,
KLYN,Khileriyan,,,none,NONE,UNMATCHED,,,
DUS,Dulrasar,,,none,NONE,UNMATCHED,,,
UDS,Udasar,,,none,NONE,UNMATCHED,,,
SRDR,Sardarsahar,,,none,NONE,UNMATCHED,,,
QMRS,Kayamsar,,,none,NONE,UNMATCHED,,,
RSWT,Ramgarh Shek,,,none,NONE,UNMATCHED,,,
MWR,Mahansar,,,none,NONE,UNMATCHED,,,
BUB,Bissau,,,none,NONE,UNMATCHED,,,
MHP,Muhammadpur,,,none,NONE,UNMATCHED,,,
BJT,Bajpatti,,,none,NONE,UNMATCHED,,,
PSZ,Parsauni,,,none,NONE,UNMATCHED,,,
DUMR,Dumara,,,none,NONE,UNMATCHED,,,
GARA,Garha,,,none,NONE,UNMATCHED,,,
NRSD,New Runnisai,,,none,NONE,UNMATCHED,,,
BPGR,Benipurgram,,,none,NONE,UNMATCHED,,,
PATR,Paramjeevar,,,none,NONE,UNMATCHED,,,
JUBS,Jubbasahani,,,none,NONE,UNMATCHED,,,
RIGA,Riga,,,none,NONE,UNMATCHED,,,
DAG,Dhang,,,none,NONE,UNMATCHED,,,
KWC,Kundwa Chain,,,none,NONE,UNMATCHED,,,
CAO,Chauradano,,,none,NONE,UNMATCHED,,,
ADX,Adapur,Varadapura,node/6064361419,fuzzy_name,MEDIUM,MATCHED,12.9224513,78.1914439,Q63369896
SHEO,Shisho H,,,none,NONE,UNMATCHED,,,
TQR,Tektar F,,,none,NONE,UNMATCHED,,,
MRTA,Muraitha  Ha,,,none,NONE,UNMATCHED,,,
DBLI,Debrabandhau,,,none,NONE,UNMATCHED,,,
CNX,Chandauna Ha,,,none,NONE,UNMATCHED,,,
BHSA,Bhisa Halt,,,none,NONE,UNMATCHED,,,
AWPR,Awapur F,,,none,NONE,UNMATCHED,,,
BCPR,Bachharpur H,,,none,NONE,UNMATCHED,,,
PPTN,Piprithan,,,none,NONE,UNMATCHED,,,
BTSI,Batasi,,,none,NONE,UNMATCHED,,,
MTRA,Matigara,,,none,NONE,UNMATCHED,,,
MLBZ,Mal Bazar,,,none,NONE,UNMATCHED,,,
BDS,Boradighi,,,none,NONE,UNMATCHED,,,
NOR,Neoranadi,,,none,NONE,UNMATCHED,,,
LTG,Lataguri Jn,,,none,NONE,UNMATCHED,,,
DOI,Domohni,,,none,NONE,UNMATCHED,,,
CBD,Changrabandh,,,none,NONE,UNMATCHED,,,
PUQ,Puranigudam,,,none,NONE,UNMATCHED,,,
SMGR,Samaguri,,,none,NONE,UNMATCHED,,,
SLON,Salona,,,none,NONE,UNMATCHED,,,
TNPR,Teznarayanpu,,,none,NONE,UNMATCHED,,,
KTKS,Kantakosh Ha,,,none,NONE,UNMATCHED,,,
MHI,Manihari,,,none,NONE,UNMATCHED,,,
BHMA,Baghmara Hal,,,none,NONE,UNMATCHED,,,
MHPR,Mahiyarpur,,,none,NONE,UNMATCHED,,,
KRMP,Kumaripur Ha,,,none,NONE,UNMATCHED,,,
MNS,Manshahi,,,none,NONE,UNMATCHED,,,
BGLI,Bargolai,,,none,NONE,UNMATCHED,,,
TII,Tingrai,,,none,NONE,UNMATCHED,,,
PNT,Panitola,,,none,NONE,UNMATCHED,,,
DKM,Dikom,,,none,NONE,UNMATCHED,,,
LHL,Lahoal,,,none,NONE,UNMATCHED,,,
CKW,Chalkhowa,,,none,NONE,UNMATCHED,,,
BPJ,Bara Hapjan,,,none,NONE,UNMATCHED,,,
HNR,Hansara,,,none,NONE,UNMATCHED,,,
DUT,Dum Duma Tow,,,none,NONE,UNMATCHED,,,
RPY,Rupai,,,none,NONE,UNMATCHED,,,
TLL,Talap,,,none,NONE,UNMATCHED,,,
DNGI,Dangari,,,none,NONE,UNMATCHED,,,
AVT,Avatihalli,,,none,NONE,UNMATCHED,,,
VTE,Venkatagirik,,,none,NONE,UNMATCHED,,,
NDY,Nandi,,,none,NONE,UNMATCHED,,,
CBP,Chikballapur,,,none,NONE,UNMATCHED,,,
GDH,Gidanahalli,,,none,NONE,UNMATCHED,,,
IDT,Sidlaghatta,,,none,NONE,UNMATCHED,,,
HUN,Hunsenahalli,,,none,NONE,UNMATCHED,,,
CMY,Chintamani,,,none,NONE,UNMATCHED,,,
DTT,Doddaghatta,,,none,NONE,UNMATCHED,,,
SVS,Srinivaspur,,,none,NONE,UNMATCHED,,,
DNU,Dalsanur,,,none,NONE,UNMATCHED,,,
GJT,Jannaghatta,,,none,NONE,UNMATCHED,,,
MAND,Mandurai Hal,,,none,NONE,UNMATCHED,,,
CTPR,Chinta Parru,,,none,NONE,UNMATCHED,,,
CKV,Cherukuvada,,,none,NONE,UNMATCHED,,,
PSLP,Pasalapudi,,,none,NONE,UNMATCHED,,,
GUK,Guntakoduru,,,none,NONE,UNMATCHED,,,
LKSH,Lakshminaray,,,none,NONE,UNMATCHED,,,
AVLI,Aravalli,,,none,NONE,UNMATCHED,,,
RLG,Relangi,,,none,NONE,UNMATCHED,,,
VPU,Velpuru Halt,,,none,NONE,UNMATCHED,,,
STVA,Satyavada Ha,,,none,NONE,UNMATCHED,,,
KZJE,Kazipet E Ca,,,none,NONE,UNMATCHED,,,
STBD,Sultanabad H,,,none,NONE,UNMATCHED,,,
LPJL,Jagityal,,,none,NONE,UNMATCHED,,,
GDRA,Gangadhara,,,none,NONE,UNMATCHED,,,
ARMU,Armoor,,,none,NONE,UNMATCHED,,,
MRTD,Mortad,,,none,NONE,UNMATCHED,,,
MTPI,Metpalli,,,none,NONE,UNMATCHED,,,
KRLA,Koratla,,,none,NONE,UNMATCHED,,,
KOVH,Kovvada Halt,,,none,NONE,UNMATCHED,,,
AKAH,Artalakatta,,,none,NONE,UNMATCHED,,,
KRAP,Krappa Halt,,,none,NONE,UNMATCHED,,,
VH,Vakada Halt,,,none,NONE,UNMATCHED,,,
VGH,Velangi Halt,,,none,NONE,UNMATCHED,,,
NSPH,Narasapurapu,,,none,NONE,UNMATCHED,,,
RBCS,Ramachandrap,,,none,NONE,UNMATCHED,,,
DKSA,Draksharama,,,none,NONE,UNMATCHED,,,
KDUH,Kunduru,,,none,NONE,UNMATCHED,,,
GVMH,Gangavaram H,,,none,NONE,UNMATCHED,,,
KPLH,Kotipalli,,,none,NONE,UNMATCHED,,,
MADU,Madduru,,,none,NONE,UNMATCHED,,,
SJMA,Sanjamala,,,none,NONE,UNMATCHED,,,
NOSM,Nossam,,,none,NONE,UNMATCHED,,,
SUPP,Suppalapadu,,,none,NONE,UNMATCHED,,,
GGNP,Ganganpalle,,,none,NONE,UNMATCHED,,,
PDMI,Pendlimarri,,,none,NONE,UNMATCHED,,,
NGM,Nagasamudram,,,none,NONE,UNMATCHED,,,
MKJ,Makkajipalli,,,none,NONE,UNMATCHED,,,
MRKL,Marikal,,,none,NONE,UNMATCHED,,,
JKAR,Jaklair,,,none,NONE,UNMATCHED,,,
HLKH,Hallikhed,,,none,NONE,UNMATCHED,,,
HMBD,Humnabad,,,none,NONE,UNMATCHED,,,
HLKK,Hallikherk,,,none,NONE,UNMATCHED,,,
KMLK,Kamalapur,,,none,NONE,UNMATCHED,,,
SLTP,Sultanpur,,,none,NONE,UNMATCHED,,,
STDB,Sitafalmandi,,,none,NONE,UNMATCHED,,,
PJPR,Pjp Road Hal,,,none,NONE,UNMATCHED,,,
PASR,Panduranga S,,,none,NONE,UNMATCHED,,,
CDBH,Candrabanda,,,none,NONE,UNMATCHED,,,
RJLK,Rajalukah,,,none,NONE,UNMATCHED,,,
BWO,Buramara,,,none,NONE,UNMATCHED,,,
HLD,Haludpukur,,,none,NONE,UNMATCHED,,,
BDO,Bahalda Road,,,none,NONE,UNMATCHED,,,
GUMI,Gorumahisani,,,none,NONE,UNMATCHED,,,
OND,Aunlajori Jn,,,none,NONE,UNMATCHED,,,
RRP,Rairangpur,,,none,NONE,UNMATCHED,,,
KIJ,Kuldiha,,,none,NONE,UNMATCHED,,,
CHHU,Chhanua,,,none,NONE,UNMATCHED,,,
BMPR,Badampahar,,,none,NONE,UNMATCHED,,,
GMMG,Gram Masagra,,,none,NONE,UNMATCHED,,,
GMDP,Gramdadpur,,,none,NONE,UNMATCHED,,,
BUGM,Berugram,,,none,NONE,UNMATCHED,,,
MTIP,Mathnanhipur,,,none,NONE,UNMATCHED,,,
RNGR,Rainagar Ph,,,none,NONE,UNMATCHED,,,
SHMR,Shyamsundar,,,none,NONE,UNMATCHED,,,
GOR,Gopinathpur,,,none,NONE,UNMATCHED,,,
SRBZ,Sehara Bazar,,,none,NONE,UNMATCHED,,,
KYB,Kaiyar Ph,,,none,NONE,UNMATCHED,,,
GSQ,Guir Sarang,,,none,NONE,UNMATCHED,,,
BWCN,Bowaichandi,,,none,NONE,UNMATCHED,,,
SHKL,Shankrul Ph,,,none,NONE,UNMATCHED,,,
INS,Indas Ph,,,none,NONE,UNMATCHED,,,
KMRL,Kumrui Ph,,,none,NONE,UNMATCHED,,,
BTRB,Betur Ph,,,none,NONE,UNMATCHED,,,
PSF,Patrasayer P,,,none,NONE,UNMATCHED,,,
DGF,Dhangaria Ph,,,none,NONE,UNMATCHED,,,
DIM,Dhansimla Ph,,,none,NONE,UNMATCHED,,,
SONA,Sonamukhi Ph,,,none,NONE,UNMATCHED,,,
HAM,Hamiratti Ph,,,none,NONE,UNMATCHED,,,
BDPR,Brindabanpur,,,none,NONE,UNMATCHED,,,
BZC,Beliator Ph,,,none,NONE,UNMATCHED,,,
BEX,Belboni Ph,,,none,NONE,UNMATCHED,,,
NOB,Nobanda Ph,,,none,NONE,UNMATCHED,,,
BKNO,Biknaph,,,none,NONE,UNMATCHED,,,
NRSP,Narasimhapur,,,none,NONE,UNMATCHED,,,
NGJA,Narayanappav,,,none,NONE,UNMATCHED,,,
RML,Rompalle Ph,,,none,NONE,UNMATCHED,,,
SALR,Salur,,,none,NONE,UNMATCHED,,,
NGDM,Nagra Dham P,,,none,NONE,UNMATCHED,,,
PRBG,Pratap Bagh,,,none,NONE,UNMATCHED,,,
GRJ,Gatra Halt,,,none,NONE,UNMATCHED,,,
BRA,Birsoal,,,none,NONE,UNMATCHED,,,
KRXA,Khara,,,none,NONE,UNMATCHED,,,
HTT,Hatta Road,,,none,NONE,UNMATCHED,,,
KNDG,Kanhadgaon,,,none,NONE,UNMATCHED,,,
BTC,Balaghat Jn.,,,none,NONE,UNMATCHED,,,
GRHX,Garra,,,none,NONE,UNMATCHED,,,
KAYI,Kaydi Halt,,,none,NONE,UNMATCHED,,,
WRI,Waraseoni,,,none,NONE,UNMATCHED,,,
SGC,Saongi,,,none,NONE,UNMATCHED,,,
KFX,Kochewahi,,,none,NONE,UNMATCHED,,,
LNW,Lakhanwara,,,none,NONE,UNMATCHED,,,
KGE,Katangi,,,none,NONE,UNMATCHED,,,
MXA,Marauda,,,none,NONE,UNMATCHED,,,
PUWA,Pauwara  Hal,,,none,NONE,UNMATCHED,,,
RSA,Risama,,,none,NONE,UNMATCHED,,,
GDZ,Gundardehi,,,none,NONE,UNMATCHED,,,
SKSO,Sikosa,,,none,NONE,UNMATCHED,,,
LBO,Latabor,,,none,NONE,UNMATCHED,,,
BXA,Balod,,,none,NONE,UNMATCHED,,,
KYS,Kusumkasa,,,none,NONE,UNMATCHED,,,
DRZ,Dalli-Rajhar,,,none,NONE,UNMATCHED,,,
GUDM,Gudum,,,none,NONE,UNMATCHED,,,
RAU,Rau,,,none,NONE,UNMATCHED,,,
RJQ,Rajendranaga,,,none,NONE,UNMATCHED,,,
LKMN,Lokmanya Nag,,,none,NONE,UNMATCHED,,,
SFNR,Saifee Nagar,,,none,NONE,UNMATCHED,,,
PLA,Palia,,,none,NONE,UNMATCHED,,,
BLDK,Belakoba,,,none,NONE,UNMATCHED,,,
AJN,Ajnod,,,none,NONE,UNMATCHED,,,
OSRA,Osra,,,none,NONE,UNMATCHED,,,
GPX,Gautampura R,,,none,NONE,UNMATCHED,,,
PJH,Pirjhalar,,,none,NONE,UNMATCHED,,,
SNBD,Sunderabad,,,none,NONE,UNMATCHED,,,
RNJ,Runija,,,none,NONE,UNMATCHED,,,
PRNG,Pritamnagar,,,none,NONE,UNMATCHED,,,
NGW,Nauganwan,,,none,NONE,UNMATCHED,,,
VLYN,Vallabh Vidh,,,none,NONE,UNMATCHED,,,
KRYR,Karamsad,,,none,NONE,UNMATCHED,,,
AGAS,Agas,Agastiyampalli,node/1666747628,fuzzy_name,MEDIUM,MATCHED,10.3550473,79.8502088,Q104534578
BHAL,Bhatiel,,,none,NONE,UNMATCHED,,,
PTD,Petlad Jn.,,,none,NONE,UNMATCHED,,,
PNDR,Pandori,,,none,NONE,UNMATCHED,,,
NTN,Nar Town,,,none,NONE,UNMATCHED,,,
TRP,Tarapur,,,none,NONE,UNMATCHED,,,
YVP,Yawarpura,,,none,NONE,UNMATCHED,,,
SAY,Sayama,,,none,NONE,UNMATCHED,,,
KLWD,Kalitalavadi,Avadi,node/3678939665,fuzzy_name,MEDIUM,MATCHED,13.1182744,80.1015427,Q4827409
CBY,Khambhat,,,none,NONE,UNMATCHED,,,
CDK,Chandkheda R,,,none,NONE,UNMATCHED,,,
MU,Makansar,,,none,NONE,UNMATCHED,,,
RF,Rafaleshwar,,,none,NONE,UNMATCHED,,,
NZG,Nazarbag,,,none,NONE,UNMATCHED,,,
DV,Dhuva,,,none,NONE,UNMATCHED,,,
KKR,Khakhrala Ro,,,none,NONE,UNMATCHED,,,
BRL,Barwalaroad,,,none,NONE,UNMATCHED,,,
PPS,Pipliya Road,,,none,NONE,UNMATCHED,,,
DAC,Dahinsara,,,none,NONE,UNMATCHED,,,
WWA,Vavaniya,,,none,NONE,UNMATCHED,,,
VJF,Vijapur,,,none,NONE,UNMATCHED,,,
AJM,Adraj Moti,,,none,NONE,UNMATCHED,,,
UMNF,Ambliyasan J,,,none,NONE,UNMATCHED,,,
CCG,Churchgate,,,none,NONE,UNMATCHED,,,
RVJ,Ravli Jn,,,none,NONE,UNMATCHED,,,
BCL,Mumbai Centr,,,none,NONE,UNMATCHED,,,
BA,Bandra,,,none,NONE,UNMATCHED,,,
VLDI,Vithalwadi,,,none,NONE,UNMATCHED,,,
VGI,Vangani,,,none,NONE,UNMATCHED,,,
BVS,Bhivpuri Roa,,,none,NONE,UNMATCHED,,,
THS,Thansit,,,none,NONE,UNMATCHED,,,
OMB,Umbermalli,,,none,NONE,UNMATCHED,,,
BY,Mumbai (Bycu,,,none,NONE,UNMATCHED,,,
CLA,Kurla,,,none,NONE,UNMATCHED,,,
DI,Dombivli,,,none,NONE,UNMATCHED,,,
THK,Thakurli,,,none,NONE,UNMATCHED,,,
KOPR,Kopar,,,none,NONE,UNMATCHED,,,
MBQ,Mumbra,,,none,NONE,UNMATCHED,,,
KLVA,Kalva,,,none,NONE,UNMATCHED,,,
MLND,Mulund,,,none,NONE,UNMATCHED,,,
BND,Bhandup,,,none,NONE,UNMATCHED,,,
VK,Vikhroli,,,none,NONE,UNMATCHED,,,
GC,Ghat Kopar,,,none,NONE,UNMATCHED,,,
MTN,Mumbai (Matu,,,none,NONE,UNMATCHED,,,
PR,Mumbai(Parel,,,none,NONE,UNMATCHED,,,
NHU,Nahur,,,none,NONE,UNMATCHED,,,
VVH,Vidyavihar,,,none,NONE,UNMATCHED,,,
CRD,Mumbai Curre,,,none,NONE,UNMATCHED,,,
CHG,Mumbai (Chin,,,none,NONE,UNMATCHED,,,
SNRD,Mumbai Sandh,,,none,NONE,UNMATCHED,,,
MSD,Mumbai (Masj,,,none,NONE,UNMATCHED,,,
VSH,Vashi,,,none,NONE,UNMATCHED,,,
VDLR,Mumbai Vadal,,,none,NONE,UNMATCHED,,,
BEPR,Belapur C.B.,,,none,NONE,UNMATCHED,,,
MNKD,Mankhurd,,,none,NONE,UNMATCHED,,,
CMBR,Chembur,,,none,NONE,UNMATCHED,,,
NEU,Nerul,,,none,NONE,UNMATCHED,,,
