section_id,forecast_date,expected_rakes,commodity_type,seasonal_factor
SEC_005,2024-03-25,3,Coal,1.05
SEC_038,2024-05-07,11,Steel,1.0
SEC_033,2024-11-11,10,Cement,1.19
SEC_022,2024-02-07,5,Foodgrain,1.13
SEC_022,2024-02-09,4,Coal,1.18
SEC_043,2024-04-20,4,Other,1.07
SEC_005,2024-08-08,6,Coal,0.75
SEC_035,2024-10-22,17,Coal,1.38
SEC_010,2024-07-24,8,Steel,0.73
SEC_005,2024-06-29,11,Coal,0.84
SEC_026,2024-11-14,5,Foodgrain,1.37
SEC_048,2024-03-03,9,Foodgrain,1.47
SEC_037,2024-11-26,8,Other,1.27
SEC_038,2024-04-24,4,Coal,1.1
SEC_036,2024-04-11,5,Steel,1.09
SEC_039,2024-12-15,3,Cement,1.14
SEC_026,2024-08-24,3,Cement,0.9
SEC_007,2024-06-07,7,Steel,0.8
SEC_042,2024-04-30,8,Other,0.98
SEC_023,2024-06-10,6,Other,0.8
SEC_025,2024-10-16,3,Cement,1.33
SEC_019,2024-02-26,8,Cement,1.18
SEC_009,2024-03-04,17,Foodgrain,1.32
SEC_046,2024-04-21,14,Foodgrain,1.3
SEC_039,2024-06-25,8,Foodgrain,0.83
SEC_032,2024-10-25,16,Other,1.34
SEC_020,2024-03-18,6,Coal,0.97
SEC_041,2024-10-14,14,Coal,1.17
SEC_027,2024-11-28,13,Foodgrain,1.17
SEC_022,2024-06-08,9,Foodgrain,0.74
SEC_023,2024-12-17,16,Coal,1.14
SEC_012,2024-11-23,17,Cement,1.2
SEC_005,2024-10-18,12,Coal,1.35
SEC_028,2024-05-19,9,Steel,1.01
SEC_044,2024-04-20,18,Foodgrain,1.39
SEC_004,2024-11-12,10,Coal,1.36
SEC_043,2024-06-10,2,Cement,0.86
SEC_041,2024-01-12,7,Foodgrain,1.19
SEC_014,2024-09-19,12,Foodgrain,1.03
SEC_031,2024-05-07,11,Foodgrain,0.96
SEC_009,2024-12-08,16,Cement,1.12
SEC_038,2024-11-08,8,Cement,1.3
SEC_035,2024-02-08,5,Cement,1.09
SEC_018,2024-11-25,11,Steel,1.39
SEC_004,2024-12-13,4,Cement,1.06
SEC_048,2024-10-03,9,Coal,1.18
SEC_022,2024-04-10,5,Coal,1.04
SEC_044,2024-09-02,5,Other,1.09
SEC_034,2024-11-13,14,Coal,1.23
SEC_039,2024-10-25,16,Coal,1.15
SEC_038,2024-06-06,3,Steel,0.87
SEC_010,2024-09-15,5,Other,0.98
SEC_018,2024-05-21,14,Other,1.08
SEC_023,2024-04-03,5,Cement,1.04
SEC_025,2024-09-03,11,Coal,1.06
SEC_003,2024-06-19,5,Cement,0.72
SEC_027,2024-03-23,14,Other,1.09
SEC_008,2024-08-29,9,Steel,0.88
SEC_037,2024-04-27,3,Steel,1.07
SEC_034,2024-08-03,10,Other,0.82
SEC_046,2024-05-12,10,Coal,0.95
SEC_037,2024-11-19,18,Other,1.36
SEC_018,2024-11-07,7,Foodgrain,1.33
SEC_048,2024-06-22,10,Cement,0.74
SEC_021,2024-09-17,8,Steel,0.99
SEC_016,2024-03-06,4,Cement,1.05
SEC_045,2024-12-31,11,Other,1.14
SEC_019,2024-03-19,4,Foodgrain,1.42
SEC_004,2024-11-13,2,Steel,1.23
SEC_024,2024-11-05,10,Coal,1.22
SEC_039,2024-03-06,11,Other,0.97
SEC_010,2024-01-04,8,Other,1.1
SEC_023,2024-09-26,3,Cement,1.01
SEC_007,2024-11-14,8,Coal,1.39
SEC_034,2024-09-19,7,Other,0.98
SEC_024,2024-01-21,6,Foodgrain,1.21
SEC_017,2024-08-24,6,Steel,0.76
SEC_012,2024-05-23,8,Steel,1.06
SEC_028,2024-12-01,4,Other,1.05
SEC_033,2024-10-19,18,Cement,1.27
SEC_047,2024-10-19,12,Foodgrain,1.34
SEC_022,2024-05-29,14,Cement,1.08
SEC_008,2024-04-27,3,Other,0.98
SEC_041,2024-10-27,11,Cement,1.25
SEC_031,2024-02-12,14,Steel,1.16
SEC_035,2024-02-06,13,Coal,1.12
SEC_005,2024-01-23,14,Coal,1.15
SEC_016,2024-07-06,7,Steel,0.75
SEC_038,2024-01-28,13,Cement,1.17
SEC_041,2024-08-01,2,Coal,0.82
SEC_022,2024-03-02,3,Coal,0.97
SEC_040,2024-11-22,14,Other,1.2
SEC_042,2024-06-07,6,Foodgrain,0.83
SEC_019,2024-02-04,10,Coal,1.14
SEC_045,2024-09-10,12,Other,1.05
SEC_015,2024-05-03,13,Other,0.97
SEC_012,2024-04-05,10,Foodgrain,1.44
SEC_034,2024-08-29,6,Coal,0.83
SEC_032,2024-12-15,14,Cement,1.23
SEC_007,2024-12-24,11,Other,1.08
SEC_041,2024-06-08,4,Other,0.78
SEC_010,2024-11-06,11,Foodgrain,1.18
SEC_040,2024-03-17,10,Other,1.05
SEC_001,2024-11-05,15,Other,1.34
SEC_040,2024-12-10,6,Coal,1.07
SEC_039,2024-07-08,8,Cement,0.77
SEC_039,2024-07-10,10,Cement,0.74
SEC_033,2024-07-25,6,Cement,0.81
SEC_024,2024-01-27,7,Foodgrain,1.14
SEC_035,2024-11-10,14,Cement,1.19
SEC_014,2024-09-26,13,Foodgrain,1.01
SEC_039,2024-11-14,6,Steel,1.16
SEC_028,2024-02-12,6,Foodgrain,1.12
SEC_023,2024-10-20,14,Other,1.28
SEC_025,2024-05-12,9,Other,1.01
SEC_028,2024-10-26,10,Cement,1.23
SEC_002,2024-12-29,12,Steel,1.07
SEC_007,2024-11-17,12,Steel,1.35
SEC_013,2024-12-01,13,Steel,1.21
SEC_006,2024-02-11,6,Steel,1.14
SEC_022,2024-04-30,13,Other,1.03
SEC_033,2024-04-17,16,Foodgrain,1.34
SEC_033,2024-07-07,5,Steel,0.73
SEC_024,2024-12-23,15,Other,1.08
SEC_042,2024-09-08,8,Steel,1.1
SEC_028,2024-07-18,7,Cement,0.8
SEC_004,2024-10-21,17,Cement,1.2
SEC_038,2024-03-05,13,Steel,0.98
SEC_029,2024-08-29,8,Other,0.78
SEC_032,2024-07-03,1,Cement,0.7
SEC_028,2024-03-15,6,Other,1.06
SEC_028,2024-08-24,3,Coal,0.82
SEC_005,2024-11-03,4,Steel,1.33
SEC_028,2024-10-30,10,Steel,1.31
SEC_039,2024-11-04,6,Cement,1.21
SEC_015,2024-10-24,14,Other,1.2
SEC_030,2024-06-20,8,Coal,0.82
SEC_002,2024-01-19,15,Coal,1.21
SEC_018,2024-12-19,4,Cement,1.06
SEC_022,2024-06-14,5,Steel,0.87
SEC_049,2024-08-19,5,Cement,0.87
SEC_011,2024-01-08,11,Coal,1.07
SEC_014,2024-11-21,14,Foodgrain,1.25
SEC_021,2024-11-21,17,Coal,1.18
SEC_049,2024-12-05,6,Other,1.21
SEC_042,2024-03-04,7,Coal,1.06
SEC_002,2024-11-04,12,Coal,1.16
SEC_012,2024-08-16,2,Coal,0.76
SEC_041,2024-02-23,17,Steel,1.22
SEC_003,2024-07-27,8,Foodgrain,0.82
SEC_042,2024-06-23,12,Cement,0.9
SEC_014,2024-08-16,5,Other,0.87
SEC_045,2024-01-31,2,Other,1.07
SEC_015,2024-07-25,3,Coal,0.8
SEC_022,2024-09-04,8,Foodgrain,1.09
SEC_033,2024-09-18,11,Other,0.97
SEC_007,2024-10-08,19,Coal,1.39
SEC_028,2024-08-17,9,Cement,0.85
SEC_025,2024-09-13,13,Foodgrain,1.03
SEC_039,2024-02-03,7,Coal,1.07
SEC_049,2024-10-19,9,Coal,1.3
SEC_033,2024-05-14,3,Steel,1.04
SEC_021,2024-07-19,5,Coal,0.81
SEC_020,2024-07-19,8,Coal,0.87
SEC_021,2024-12-23,3,Foodgrain,1.13
SEC_040,2024-04-29,7,Cement,0.96
SEC_016,2024-05-20,6,Foodgrain,0.99
SEC_009,2024-10-05,4,Cement,1.19
SEC_017,2024-08-20,9,Coal,0.79
SEC_002,2024-04-26,8,Steel,1.09
SEC_006,2024-05-06,9,Cement,0.97
SEC_005,2024-10-30,4,Coal,1.34
SEC_038,2024-11-01,10,Foodgrain,1.16
SEC_036,2024-02-23,12,Coal,1.2
SEC_035,2024-05-26,5,Foodgrain,1.04
SEC_023,2024-10-08,6,Cement,1.18
SEC_036,2024-02-13,12,Other,1.25
SEC_008,2024-03-08,14,Coal,1.06
SEC_045,2024-02-28,4,Foodgrain,1.09
SEC_025,2024-07-12,6,Foodgrain,0.84
SEC_046,2024-06-14,7,Coal,0.72
SEC_008,2024-04-27,15,Cement,1.09
SEC_025,2024-02-19,4,Coal,1.08
SEC_035,2024-08-21,3,Cement,0.77
SEC_025,2024-10-22,15,Steel,1.26
SEC_022,2024-03-18,7,Coal,1.05
SEC_009,2024-08-31,8,Coal,0.79
SEC_019,2024-10-18,5,Foodgrain,1.22
SEC_012,2024-07-22,4,Steel,0.78
SEC_015,2024-07-28,7,Foodgrain,0.88
SEC_034,2024-03-02,8,Other,0.96
SEC_031,2024-12-16,13,Other,1.11
SEC_030,2024-12-16,5,Cement,1.2
SEC_018,2024-09-17,5,Foodgrain,1.01
SEC_048,2024-11-26,4,Coal,1.26
SEC_005,2024-08-10,8,Foodgrain,0.73
SEC_017,2024-08-30,3,Coal,0.77
SEC_006,2024-10-30,10,Coal,1.31
SEC_017,2024-01-14,3,Steel,1.07
SEC_048,2024-03-21,3,Cement,1.06
SEC_018,2024-03-15,5,Cement,1.0
SEC_045,2024-08-19,3,Cement,0.75
SEC_025,2024-03-29,15,Steel,1.04
SEC_035,2024-05-22,15,Cement,1.06
SEC_023,2024-06-29,12,Other,0.86
SEC_014,2024-09-29,9,Cement,1.01
SEC_038,2024-07-08,10,Cement,0.89
SEC_048,2024-01-09,4,Other,1.21
SEC_013,2024-09-08,11,Cement,0.99
SEC_039,2024-06-05,8,Other,0.9
SEC_013,2024-02-11,10,Steel,1.22
SEC_036,2024-08-26,11,Steel,0.86
SEC_039,2024-04-08,13,Coal,1.02
SEC_023,2024-06-17,6,Coal,0.8
SEC_037,2024-12-20,13,Foodgrain,1.11
SEC_014,2024-03-28,8,Other,0.97
SEC_004,2024-11-20,19,Steel,1.37
SEC_005,2024-06-18,8,Cement,0.71
SEC_022,2024-12-07,15,Coal,1.18
SEC_045,2024-11-07,15,Other,1.37
SEC_007,2024-10-31,4,Foodgrain,1.23
SEC_023,2024-03-16,14,Foodgrain,1.36
SEC_035,2024-10-16,5,Steel,1.36
SEC_010,2024-05-14,12,Other,0.96
SEC_036,2024-11-29,13,Foodgrain,1.22
SEC_015,2024-12-28,3,Coal,1.13
SEC_040,2024-08-11,7,Foodgrain,0.7
SEC_029,2024-11-30,15,Foodgrain,1.26
SEC_027,2024-07-14,9,Cement,0.81
SEC_009,2024-01-13,13,Foodgrain,1.19
SEC_023,2024-11-15,2,Steel,1.23
SEC_042,2024-07-13,10,Coal,0.83
SEC_001,2024-01-17,12,Other,1.09
SEC_038,2024-01-24,2,Coal,1.2
SEC_025,2024-09-21,10,Steel,0.97
SEC_036,2024-12-04,3,Coal,1.13
SEC_033,2024-09-12,14,Steel,1.09
SEC_022,2024-06-10,9,Coal,0.86
SEC_016,2024-04-22,8,Steel,0.99
SEC_031,2024-06-02,9,Other,0.78
SEC_007,2024-04-28,2,Steel,1.1
SEC_029,2024-04-09,9,Other,1.04
SEC_005,2024-02-16,6,Cement,1.23
SEC_032,2024-07-27,10,Other,0.7
SEC_031,2024-03-20,14,Cement,0.98
SEC_005,2024-02-23,9,Other,1.05
SEC_038,2024-04-10,10,Foodgrain,1.36
SEC_021,2024-10-19,5,Other,1.28
SEC_039,2024-07-28,9,Coal,0.82
SEC_003,2024-06-28,3,Other,0.81
SEC_009,2024-08-04,9,Coal,0.78
SEC_025,2024-07-26,10,Coal,0.71
SEC_010,2024-07-01,9,Cement,0.87
SEC_017,2024-11-03,18,Steel,1.29
SEC_033,2024-09-24,2,Coal,1.05
SEC_008,2024-03-08,3,Other,1.0
SEC_034,2024-10-26,5,Foodgrain,1.2
SEC_006,2024-03-05,13,Foodgrain,1.49
SEC_009,2024-01-29,8,Steel,1.06
SEC_029,2024-06-03,7,Cement,0.84
SEC_039,2024-05-23,11,Steel,1.01
SEC_009,2024-10-14,11,Foodgrain,1.26
SEC_015,2024-09-11,7,Coal,1.04
SEC_046,2024-01-22,2,Steel,1.16
SEC_049,2024-07-01,10,Coal,0.8
SEC_029,2024-10-18,5,Steel,1.28
SEC_022,2024-09-25,7,Steel,1.02
SEC_017,2024-07-02,7,Cement,0.81
SEC_031,2024-08-13,6,Other,0.78
SEC_029,2024-07-24,9,Foodgrain,0.77
SEC_015,2024-03-25,7,Other,1.02
SEC_002,2024-07-25,6,Steel,0.8
SEC_008,2024-09-04,11,Foodgrain,1.07
SEC_047,2024-01-21,12,Cement,1.06
SEC_021,2024-09-11,7,Coal,1.02
SEC_024,2024-04-01,4,Foodgrain,1.45
SEC_023,2024-01-03,10,Other,1.25
SEC_039,2024-10-03,12,Foodgrain,1.24
SEC_004,2024-05-22,2,Other,0.96
SEC_005,2024-05-30,6,Cement,1.03
SEC_014,2024-08-16,4,Coal,0.88
SEC_024,2024-07-24,7,Foodgrain,0.9
SEC_033,2024-08-15,8,Steel,0.77
SEC_025,2024-12-11,2,Other,1.18
SEC_022,2024-08-26,9,Steel,0.74
SEC_046,2024-01-17,5,Foodgrain,1.05
SEC_008,2024-03-22,2,Cement,1.03
SEC_029,2024-06-13,4,Other,0.9
SEC_027,2024-06-21,6,Foodgrain,0.87
SEC_024,2024-05-12,11,Other,1.0
SEC_040,2024-03-08,5,Coal,0.96
SEC_014,2024-02-08,10,Other,1.05
SEC_047,2024-02-23,6,Steel,1.14
SEC_017,2024-12-13,2,Cement,1.16
SEC_027,2024-05-24,11,Foodgrain,1.03
SEC_026,2024-12-17,10,Cement,1.19
SEC_042,2024-05-02,11,Coal,0.98
SEC_022,2024-04-24,7,Foodgrain,1.38
SEC_014,2024-06-28,6,Coal,0.84
SEC_002,2024-12-12,4,Foodgrain,1.23
SEC_018,2024-07-25,7,Foodgrain,0.75
SEC_041,2024-01-13,4,Steel,1.17
SEC_001,2024-04-09,16,Foodgrain,1.36
SEC_044,2024-12-25,7,Steel,1.06
SEC_027,2024-02-26,14,Coal,1.14
SEC_007,2024-11-01,6,Coal,1.19
SEC_015,2024-12-05,10,Steel,1.13
SEC_028,2024-03-19,13,Cement,1.06
SEC_016,2024-07-23,3,Foodgrain,0.77
SEC_006,2024-08-07,10,Coal,0.73
SEC_033,2024-10-17,7,Foodgrain,1.36
SEC_033,2024-10-19,18,Foodgrain,1.29
SEC_006,2024-01-22,14,Steel,1.06
SEC_014,2024-04-26,13,Coal,1.02
SEC_012,2024-12-10,14,Steel,1.08
SEC_033,2024-05-09,13,Coal,1.01
SEC_036,2024-03-31,11,Steel,1.02
SEC_036,2024-08-18,8,Foodgrain,0.88
SEC_046,2024-03-12,10,Other,1.03
SEC_038,2024-02-23,14,Other,1.08
SEC_016,2024-10-19,9,Cement,1.3
SEC_006,2024-02-13,9,Steel,1.12
SEC_031,2024-11-22,13,Other,1.2
SEC_045,2024-04-01,2,Other,0.99
SEC_048,2024-02-09,8,Steel,1.19
SEC_012,2024-09-28,5,Coal,1.06
SEC_012,2024-03-05,12,Foodgrain,1.48
SEC_002,2024-05-14,12,Foodgrain,1.07
SEC_007,2024-05-08,14,Cement,1.04
SEC_028,2024-07-04,12,Coal,0.85
SEC_027,2024-06-22,9,Foodgrain,0.76
SEC_019,2024-03-12,12,Steel,1.05
SEC_016,2024-03-26,4,Foodgrain,1.45
SEC_041,2024-03-12,6,Coal,1.03
SEC_023,2024-01-21,2,Foodgrain,1.23
SEC_040,2024-08-26,11,Coal,0.77
SEC_048,2024-06-21,2,Other,0.8
SEC_016,2024-02-09,7,Cement,1.19
SEC_010,2024-05-01,7,Other,0.96
SEC_047,2024-09-01,14,Cement,1.03
SEC_032,2024-04-14,12,Other,0.99
SEC_015,2024-05-26,2,Steel,1.03
SEC_031,2024-09-29,15,Coal,1.04
SEC_026,2024-09-02,11,Other,1.03
SEC_045,2024-09-13,3,Cement,1.03
SEC_013,2024-05-19,5,Cement,0.98
SEC_049,2024-06-26,2,Steel,0.75
SEC_046,2024-11-05,8,Steel,1.34
SEC_009,2024-11-15,6,Cement,1.18
SEC_009,2024-01-21,11,Foodgrain,1.06
SEC_027,2024-11-02,8,Coal,1.16
SEC_003,2024-11-22,6,Steel,1.24
SEC_015,2024-12-10,9,Steel,1.09
SEC_022,2024-04-08,13,Other,1.0
SEC_048,2024-07-02,6,Steel,0.79
SEC_049,2024-01-16,15,Foodgrain,1.1
SEC_008,2024-02-10,4,Foodgrain,1.17
SEC_044,2024-07-24,8,Coal,0.75
SEC_005,2024-03-16,13,Foodgrain,1.31
SEC_037,2024-03-23,12,Steel,0.99
SEC_042,2024-04-18,3,Other,1.0
SEC_044,2024-06-17,5,Steel,0.71
SEC_011,2024-02-25,17,Steel,1.22
SEC_044,2024-10-20,18,Foodgrain,1.37
SEC_006,2024-09-01,12,Steel,0.98
SEC_026,2024-10-16,18,Foodgrain,1.32
SEC_024,2024-12-04,2,Cement,1.17
SEC_016,2024-08-07,9,Other,0.85
SEC_002,2024-05-12,3,Other,1.01
SEC_038,2024-12-23,11,Steel,1.17
SEC_017,2024-07-26,8,Cement,0.7
SEC_033,2024-06-18,2,Steel,0.79
SEC_021,2024-06-01,9,Other,0.81
SEC_019,2024-01-15,13,Coal,1.2
SEC_044,2024-12-15,15,Other,1.17
SEC_005,2024-10-26,6,Steel,1.3
SEC_037,2024-09-13,11,Cement,0.99
SEC_037,2024-03-21,12,Cement,1.01
SEC_019,2024-12-05,11,Steel,1.23
SEC_013,2024-03-05,3,Other,1.06
SEC_001,2024-03-29,8,Steel,1.01
SEC_046,2024-01-26,3,Cement,1.16
SEC_047,2024-04-15,2,Other,0.98
SEC_012,2024-04-30,5,Coal,1.02
SEC_002,2024-10-17,7,Other,1.24
SEC_007,2024-04-29,7,Other,1.01
SEC_004,2024-12-15,3,Steel,1.05
SEC_041,2024-04-20,6,Other,1.01
SEC_044,2024-07-10,4,Coal,0.82
SEC_008,2024-08-05,6,Coal,0.73
SEC_037,2024-10-30,6,Cement,1.3
SEC_009,2024-10-02,2,Other,1.23
SEC_018,2024-11-13,3,Coal,1.31
SEC_030,2024-12-09,11,Cement,1.09
SEC_036,2024-02-12,2,Coal,1.12
SEC_043,2024-02-04,8,Cement,1.13
SEC_003,2024-06-13,5,Other,0.84
SEC_010,2024-02-25,12,Foodgrain,1.06
SEC_014,2024-06-29,12,Coal,0.85
SEC_016,2024-08-03,11,Steel,0.88
SEC_049,2024-04-11,7,Foodgrain,1.31
SEC_039,2024-02-05,14,Cement,1.08
SEC_016,2024-12-19,3,Foodgrain,1.12
SEC_048,2024-05-15,6,Foodgrain,0.99
SEC_025,2024-11-03,15,Cement,1.22
SEC_025,2024-08-16,3,Other,0.83
SEC_022,2024-08-30,10,Cement,0.82
SEC_008,2024-10-12,12,Coal,1.28
SEC_046,2024-04-07,4,Coal,0.98
SEC_001,2024-03-20,9,Steel,1.05
SEC_009,2024-12-30,12,Steel,1.06
SEC_012,2024-09-01,15,Cement,1.04
SEC_014,2024-04-16,9,Other,1.05
SEC_007,2024-08-24,8,Foodgrain,0.84
SEC_001,2024-05-24,4,Other,1.05
SEC_034,2024-11-10,14,Foodgrain,1.19
SEC_048,2024-07-05,4,Cement,0.73
SEC_006,2024-04-24,4,Cement,1.09
SEC_015,2024-09-09,6,Steel,1.0
SEC_025,2024-10-01,7,Cement,1.21
SEC_046,2024-05-16,4,Foodgrain,1.02
SEC_035,2024-10-02,17,Foodgrain,1.32
SEC_038,2024-03-26,6,Steel,0.98
SEC_029,2024-03-28,13,Steel,1.09
SEC_021,2024-10-29,13,Other,1.33
SEC_010,2024-08-15,7,Cement,0.83
SEC_043,2024-01-13,14,Coal,1.2
SEC_040,2024-09-04,14,Foodgrain,1.05
SEC_002,2024-04-21,11,Cement,1.03
SEC_036,2024-04-10,4,Cement,1.01
SEC_005,2024-06-04,3,Other,0.72
SEC_037,2024-06-14,10,Cement,0.9
SEC_041,2024-11-22,14,Coal,1.17
SEC_007,2024-06-08,6,Foodgrain,0.84
SEC_022,2024-04-18,6,Steel,0.95
SEC_007,2024-10-10,9,Coal,1.35
SEC_028,2024-07-17,3,Other,0.76
SEC_046,2024-01-01,12,Coal,1.17
SEC_004,2024-08-19,6,Steel,0.84
SEC_020,2024-07-02,4,Steel,0.73
SEC_048,2024-07-29,5,Foodgrain,0.7
SEC_015,2024-03-08,8,Cement,0.98
SEC_007,2024-06-24,4,Steel,0.83
SEC_024,2024-08-24,8,Cement,0.87
SEC_025,2024-09-04,6,Coal,1.07
SEC_033,2024-09-06,6,Other,0.99
SEC_016,2024-12-31,13,Other,1.07
SEC_047,2024-07-02,9,Foodgrain,0.8
SEC_026,2024-06-06,5,Coal,0.77
SEC_015,2024-07-17,8,Cement,0.75
SEC_048,2024-04-30,5,Cement,1.02
SEC_046,2024-04-25,7,Cement,0.99
SEC_025,2024-09-09,5,Steel,1.07
SEC_002,2024-04-24,15,Foodgrain,1.4
SEC_030,2024-10-01,4,Foodgrain,1.32
SEC_028,2024-09-29,3,Cement,1.01
SEC_008,2024-12-14,15,Steel,1.17
SEC_032,2024-02-18,8,Foodgrain,1.19
SEC_042,2024-05-12,10,Other,1.03
SEC_006,2024-10-09,8,Foodgrain,1.25
SEC_036,2024-06-06,3,Foodgrain,0.84
SEC_007,2024-08-27,2,Other,0.87
SEC_037,2024-09-26,11,Other,0.96
SEC_021,2024-11-19,4,Foodgrain,1.35
SEC_001,2024-03-23,8,Steel,1.01
SEC_048,2024-04-05,7,Coal,1.01
SEC_009,2024-06-21,4,Other,0.72
SEC_030,2024-07-04,8,Foodgrain,0.84
SEC_009,2024-11-27,17,Foodgrain,1.2
SEC_046,2024-01-15,12,Other,1.07
SEC_037,2024-03-30,10,Steel,1.07
SEC_040,2024-11-29,15,Coal,1.38
SEC_022,2024-08-12,12,Cement,0.86
SEC_023,2024-09-04,13,Other,1.09
SEC_032,2024-04-01,6,Coal,1.08
SEC_039,2024-08-15,9,Other,0.74
SEC_042,2024-05-15,13,Foodgrain,1.06
SEC_001,2024-09-25,11,Foodgrain,1.09
SEC_033,2024-02-03,17,Other,1.19
SEC_006,2024-04-14,5,Steel,0.97
SEC_015,2024-08-23,8,Cement,0.76
SEC_041,2024-08-09,7,Coal,0.83
SEC_013,2024-11-03,7,Cement,1.2
SEC_040,2024-10-20,6,Coal,1.23
SEC_023,2024-01-06,6,Coal,1.21
SEC_012,2024-02-03,6,Steel,1.07
SEC_017,2024-05-09,11,Steel,1.03
SEC_027,2024-12-16,2,Cement,1.18
SEC_038,2024-06-23,2,Other,0.87
SEC_030,2024-11-22,5,Other,1.36
SEC_046,2024-01-22,14,Cement,1.19
SEC_043,2024-12-18,3,Coal,1.1
SEC_037,2024-01-23,13,Cement,1.1
SEC_030,2024-10-22,5,Foodgrain,1.23
SEC_015,2024-11-16,8,Foodgrain,1.38
SEC_021,2024-04-17,6,Foodgrain,1.49
SEC_006,2024-04-20,9,Other,1.03
SEC_019,2024-07-31,7,Steel,0.83
SEC_046,2024-09-21,12,Other,1.07
SEC_021,2024-02-13,15,Foodgrain,1.05
SEC_006,2024-03-27,9,Cement,1.01
SEC_032,2024-10-03,5,Other,1.19
SEC_048,2024-10-22,12,Other,1.19
SEC_043,2024-02-26,12,Foodgrain,1.06
SEC_014,2024-11-21,14,Steel,1.36
SEC_023,2024-11-13,14,Coal,1.25
SEC_027,2024-11-13,16,Steel,1.26
SEC_013,2024-03-29,10,Cement,0.95
SEC_014,2024-09-01,13,Cement,1.01
SEC_012,2024-02-28,4,Coal,1.09
SEC_049,2024-03-12,10,Foodgrain,1.41
SEC_037,2024-01-26,6,Other,1.13
SEC_042,2024-06-29,4,Other,0.84
SEC_041,2024-09-17,10,Other,1.0
SEC_047,2024-03-13,9,Other,0.96
SEC_006,2024-03-09,2,Coal,1.02
SEC_044,2024-04-11,11,Cement,1.01
SEC_004,2024-03-13,16,Foodgrain,1.32
SEC_024,2024-10-31,3,Foodgrain,1.36
SEC_030,2024-03-03,4,Cement,1.0
SEC_018,2024-04-11,12,Other,1.08
SEC_008,2024-04-21,17,Foodgrain,1.4
SEC_010,2024-03-15,3,Cement,0.96
SEC_041,2024-12-10,11,Foodgrain,1.2
SEC_016,2024-03-17,6,Cement,0.99
SEC_016,2024-06-27,3,Other,0.8
SEC_046,2024-07-26,7,Other,0.85
SEC_008,2024-04-05,8,Steel,0.99
SEC_045,2024-06-21,11,Other,0.87
SEC_046,2024-03-03,19,Foodgrain,1.43
SEC_030,2024-06-25,6,Foodgrain,0.71
SEC_009,2024-01-07,6,Coal,1.17
SEC_008,2024-06-09,8,Foodgrain,0.86
SEC_014,2024-05-13,8,Steel,1.0
SEC_029,2024-05-08,15,Coal,1.08
SEC_008,2024-02-10,7,Other,1.23
SEC_023,2024-12-31,13,Coal,1.16
SEC_006,2024-01-10,10,Cement,1.07
SEC_027,2024-02-23,4,Cement,1.1
SEC_002,2024-02-07,17,Cement,1.19
SEC_035,2024-12-23,12,Other,1.15
SEC_003,2024-04-26,8,Coal,0.96
SEC_010,2024-06-06,11,Coal,0.86
SEC_009,2024-10-01,2,Other,1.25
SEC_041,2024-01-19,16,Coal,1.13
SEC_003,2024-01-25,10,Steel,1.13
SEC_022,2024-03-07,10,Cement,1.09
SEC_029,2024-09-05,13,Foodgrain,1.09
SEC_026,2024-12-24,3,Steel,1.15
SEC_034,2024-08-15,4,Steel,0.9
SEC_040,2024-11-15,14,Other,1.17
SEC_020,2024-11-18,16,Foodgrain,1.17
SEC_041,2024-04-11,12,Other,1.07
SEC_016,2024-03-08,17,Foodgrain,1.43
SEC_049,2024-02-28,4,Cement,1.21
SEC_025,2024-10-17,4,Steel,1.24
SEC_037,2024-09-02,12,Coal,1.0
SEC_043,2024-11-12,18,Foodgrain,1.27
SEC_039,2024-07-04,9,Cement,0.71
SEC_042,2024-12-23,6,Foodgrain,1.22
SEC_027,2024-11-23,3,Other,1.37
SEC_003,2024-10-22,17,Cement,1.19
SEC_025,2024-10-20,16,Foodgrain,1.32
SEC_009,2024-02-15,8,Foodgrain,1.2
SEC_044,2024-09-29,5,Steel,1.07
SEC_012,2024-12-12,6,Other,1.15
SEC_012,2024-04-16,5,Coal,1.0
SEC_013,2024-10-25,9,Coal,1.22
SEC_032,2024-05-08,4,Cement,1.0
SEC_028,2024-03-18,5,Coal,0.99
SEC_047,2024-09-24,10,Foodgrain,1.04
SEC_021,2024-03-01,10,Coal,1.09
SEC_014,2024-06-25,5,Cement,0.78
SEC_003,2024-12-08,12,Coal,1.24
SEC_001,2024-02-27,7,Steel,1.14
SEC_019,2024-02-26,15,Foodgrain,1.24
SEC_046,2024-12-11,16,Steel,1.21
SEC_026,2024-10-11,4,Steel,1.2
SEC_044,2024-06-17,2,Coal,0.76
SEC_005,2024-05-28,10,Coal,1.05
SEC_005,2024-12-18,6,Coal,1.08
SEC_041,2024-09-21,7,Steel,1.01
SEC_006,2024-11-28,5,Coal,1.32
SEC_003,2024-02-03,6,Foodgrain,1.1
SEC_020,2024-07-13,10,Other,0.82
SEC_046,2024-09-22,3,Cement,1.05
SEC_034,2024-01-14,13,Steel,1.14
SEC_005,2024-07-06,7,Foodgrain,0.86
SEC_042,2024-01-21,12,Cement,1.09
SEC_042,2024-11-25,6,Other,1.38
SEC_040,2024-09-06,5,Foodgrain,1.06
SEC_045,2024-03-09,5,Coal,1.06
SEC_012,2024-07-09,3,Other,0.79
SEC_048,2024-02-10,12,Foodgrain,1.21
SEC_016,2024-10-21,15,Coal,1.16
SEC_040,2024-03-12,9,Steel,1.0
SEC_029,2024-08-10,4,Foodgrain,0.8
SEC_039,2024-01-29,7,Other,1.24
SEC_031,2024-02-27,14,Other,1.17
SEC_032,2024-12-24,14,Coal,1.1
SEC_031,2024-05-21,2,Cement,1.0
SEC_039,2024-02-14,13,Other,1.1
SEC_037,2024-09-13,3,Cement,1.1
SEC_007,2024-03-14,11,Cement,1.08
SEC_041,2024-08-03,1,Cement,0.72
SEC_027,2024-10-23,9,Foodgrain,1.23
SEC_016,2024-09-07,12,Cement,1.1
SEC_026,2024-03-31,4,Foodgrain,1.45
SEC_048,2024-03-27,9,Other,1.04
SEC_043,2024-03-22,14,Steel,1.1
SEC_041,2024-08-19,12,Cement,0.86
SEC_023,2024-09-03,5,Coal,1.08
SEC_039,2024-07-09,10,Foodgrain,0.81
SEC_019,2024-05-25,10,Other,0.99
SEC_034,2024-01-23,5,Steel,1.21
SEC_032,2024-11-01,9,Cement,1.35
SEC_013,2024-08-29,11,Foodgrain,0.79
SEC_014,2024-08-21,7,Coal,0.72
SEC_003,2024-02-07,2,Coal,1.07
SEC_007,2024-04-15,15,Coal,1.06
SEC_022,2024-04-21,16,Foodgrain,1.33
SEC_024,2024-08-06,8,Steel,0.86
SEC_009,2024-10-15,5,Other,1.3
SEC_021,2024-11-13,10,Cement,1.36
SEC_030,2024-07-10,10,Coal,0.71
SEC_012,2024-05-13,10,Foodgrain,1.02
SEC_017,2024-05-29,10,Cement,1.05
SEC_019,2024-09-26,5,Cement,0.97
SEC_025,2024-04-26,6,Coal,1.1
SEC_018,2024-06-01,11,Coal,0.88
SEC_037,2024-10-14,9,Foodgrain,1.34
SEC_017,2024-07-17,2,Other,0.83
SEC_022,2024-06-20,2,Coal,0.78
SEC_019,2024-09-25,6,Coal,0.99
SEC_009,2024-04-15,3,Coal,0.98
SEC_034,2024-01-23,3,Steel,1.07
SEC_012,2024-10-15,11,Other,1.33
SEC_015,2024-06-15,11,Other,0.78
SEC_039,2024-04-29,12,Steel,0.97
SEC_047,2024-02-04,5,Cement,1.2
SEC_033,2024-12-05,8,Coal,1.12
SEC_045,2024-09-22,10,Foodgrain,0.98
SEC_042,2024-04-10,3,Cement,1.06
SEC_024,2024-08-10,7,Other,0.74
SEC_038,2024-06-18,12,Other,0.89
SEC_017,2024-04-29,8,Coal,0.98
SEC_023,2024-04-24,4,Foodgrain,1.41
SEC_027,2024-01-28,9,Coal,1.23
SEC_048,2024-12-22,16,Coal,1.11
SEC_042,2024-12-04,16,Coal,1.2
SEC_024,2024-11-14,12,Other,1.32
SEC_032,2024-04-25,4,Steel,0.96
SEC_010,2024-12-30,10,Cement,1.22
SEC_040,2024-04-10,10,Cement,1.09
SEC_028,2024-10-28,9,Other,1.28
SEC_027,2024-02-06,11,Foodgrain,1.25
SEC_038,2024-04-23,2,Other,1.06
SEC_032,2024-07-30,5,Foodgrain,0.87
SEC_004,2024-12-20,11,Cement,1.11
SEC_015,2024-04-07,8,Cement,0.99
SEC_009,2024-06-07,2,Foodgrain,0.9
SEC_037,2024-11-04,19,Steel,1.37
SEC_002,2024-06-21,7,Coal,0.78
SEC_010,2024-09-06,11,Coal,0.99
SEC_030,2024-06-02,8,Foodgrain,0.78
SEC_035,2024-01-02,13,Steel,1.06
SEC_025,2024-04-13,8,Steel,0.96
SEC_043,2024-07-26,8,Cement,0.85
SEC_046,2024-01-08,5,Coal,1.13
SEC_007,2024-03-25,15,Foodgrain,1.48
SEC_047,2024-12-14,4,Foodgrain,1.07
SEC_031,2024-01-06,14,Other,1.17
SEC_032,2024-03-31,14,Coal,1.01
SEC_005,2024-08-14,2,Other,0.78
SEC_031,2024-07-25,9,Cement,0.86
SEC_036,2024-03-15,9,Cement,0.98
SEC_029,2024-01-22,3,Cement,1.1
SEC_005,2024-11-25,16,Cement,1.26
SEC_026,2024-07-20,7,Foodgrain,0.72
SEC_046,2024-07-28,10,Foodgrain,0.75
SEC_036,2024-01-22,6,Steel,1.21
SEC_007,2024-03-17,2,Other,0.99
SEC_048,2024-01-27,16,Steel,1.12
SEC_047,2024-12-24,16,Foodgrain,1.2
SEC_009,2024-10-08,16,Steel,1.23
SEC_040,2024-07-18,10,Steel,0.86
SEC_020,2024-09-06,13,Other,1.03
SEC_030,2024-03-01,8,Coal,1.03
SEC_022,2024-12-27,10,Other,1.08
SEC_039,2024-07-08,10,Other,0.84
SEC_049,2024-07-08,12,Steel,0.87
SEC_039,2024-12-17,15,Steel,1.21
SEC_046,2024-02-05,7,Coal,1.21
SEC_047,2024-06-04,11,Cement,0.82
SEC_005,2024-02-02,11,Cement,1.22
SEC_013,2024-06-04,9,Other,0.75
SEC_036,2024-04-07,2,Steel,1.03
SEC_029,2024-06-17,8,Steel,0.72
SEC_003,2024-09-13,11,Cement,1.03
SEC_005,2024-04-12,2,Steel,0.99
SEC_026,2024-01-19,5,Steel,1.15
SEC_031,2024-02-29,6,Coal,1.2
SEC_009,2024-09-18,6,Other,1.05
SEC_009,2024-07-30,4,Foodgrain,0.7
SEC_007,2024-12-24,12,Cement,1.1
SEC_028,2024-11-23,11,Cement,1.34
SEC_001,2024-02-28,4,Foodgrain,1.17
SEC_029,2024-09-26,2,Steel,1.02
SEC_024,2024-02-03,15,Steel,1.24
SEC_023,2024-02-05,16,Foodgrain,1.2
SEC_034,2024-10-17,12,Coal,1.22
SEC_026,2024-05-26,2,Foodgrain,1.02
SEC_036,2024-12-31,13,Coal,1.12
SEC_038,2024-01-02,11,Steel,1.06
SEC_046,2024-07-02,4,Cement,0.88
SEC_040,2024-04-22,12,Coal,1.1
SEC_026,2024-12-26,7,Coal,1.22
SEC_025,2024-09-01,7,Steel,1.05
SEC_012,2024-10-09,14,Cement,1.36
SEC_030,2024-04-16,4,Other,0.95
SEC_007,2024-11-23,4,Coal,1.23
SEC_046,2024-11-03,9,Steel,1.31
SEC_042,2024-10-13,9,Coal,1.22
SEC_006,2024-06-23,6,Coal,0.83
SEC_039,2024-12-03,7,Other,1.21
SEC_006,2024-09-01,4,Foodgrain,1.07
SEC_036,2024-01-25,12,Cement,1.24
SEC_005,2024-11-19,9,Cement,1.29
SEC_024,2024-01-08,8,Foodgrain,1.05
SEC_033,2024-09-06,12,Cement,1.08
SEC_036,2024-04-01,7,Steel,0.95
SEC_021,2024-11-24,14,Foodgrain,1.19
SEC_046,2024-09-24,2,Steel,1.08
SEC_038,2024-10-22,11,Foodgrain,1.24
SEC_011,2024-09-13,7,Steel,1.09
SEC_033,2024-07-26,6,Cement,0.71
SEC_036,2024-11-12,5,Other,1.34
SEC_017,2024-04-18,4,Other,1.09
SEC_037,2024-07-12,7,Other,0.73
SEC_045,2024-04-19,8,Cement,1.03
SEC_041,2024-02-11,2,Cement,1.16
SEC_038,2024-11-16,10,Cement,1.26
SEC_032,2024-06-30,11,Other,0.84
SEC_014,2024-01-20,5,Coal,1.21
SEC_039,2024-10-29,16,Coal,1.16
SEC_018,2024-12-10,14,Foodgrain,1.2
SEC_027,2024-08-30,12,Cement,0.86
SEC_016,2024-04-29,5,Other,1.08
SEC_016,2024-11-10,3,Coal,1.32
SEC_008,2024-09-27,13,Coal,0.95
SEC_048,2024-04-14,4,Other,1.07
SEC_008,2024-04-30,11,Steel,1.1
SEC_005,2024-12-27,2,Coal,1.14
SEC_046,2024-12-14,6,Cement,1.23
SEC_028,2024-09-04,5,Other,1.0
SEC_022,2024-01-14,12,Other,1.12
SEC_037,2024-03-25,2,Other,1.09
SEC_019,2024-05-09,8,Coal,1.0
SEC_007,2024-07-15,11,Coal,0.86
SEC_036,2024-11-13,2,Other,1.17
SEC_009,2024-11-06,16,Cement,1.36
SEC_028,2024-04-10,6,Steel,0.98
SEC_047,2024-02-09,16,Steel,1.17
SEC_046,2024-04-10,6,Other,1.1
SEC_018,2024-03-27,11,Other,1.07
SEC_039,2024-11-24,18,Other,1.36
SEC_031,2024-01-06,16,Foodgrain,1.23
SEC_024,2024-10-30,8,Cement,1.32
SEC_007,2024-08-28,10,Coal,0.88
SEC_019,2024-02-08,12,Other,1.25
SEC_032,2024-09-07,6,Steel,1.08
SEC_049,2024-07-31,2,Other,0.8
SEC_001,2024-01-02,11,Coal,1.11
SEC_036,2024-03-22,14,Other,1.09
SEC_042,2024-05-07,6,Foodgrain,1.03
SEC_047,2024-03-19,3,Foodgrain,1.37
SEC_021,2024-07-30,6,Cement,0.74
SEC_006,2024-08-13,7,Foodgrain,0.9
SEC_014,2024-03-03,6,Other,1.0
SEC_042,2024-02-15,13,Coal,1.22
SEC_044,2024-08-27,2,Cement,0.87
SEC_032,2024-06-20,2,Steel,0.75
SEC_007,2024-04-07,3,Coal,0.98
SEC_006,2024-04-03,5,Cement,0.96
SEC_024,2024-01-15,14,Cement,1.16
SEC_029,2024-11-08,13,Coal,1.22
SEC_002,2024-11-04,8,Cement,1.31
SEC_034,2024-07-21,6,Other,0.72
SEC_027,2024-05-07,13,Cement,0.99
SEC_001,2024-03-19,5,Steel,1.02
SEC_005,2024-04-22,9,Coal,1.04
SEC_023,2024-12-05,5,Coal,1.08
SEC_036,2024-02-02,8,Cement,1.1
SEC_041,2024-10-28,3,Steel,1.34
SEC_022,2024-04-21,2,Steel,1.05
SEC_015,2024-04-07,10,Coal,1.04
SEC_048,2024-10-23,4,Foodgrain,1.22
SEC_023,2024-12-17,4,Coal,1.17
SEC_016,2024-12-28,6,Foodgrain,1.2
SEC_022,2024-04-07,17,Foodgrain,1.45
SEC_001,2024-08-04,8,Other,0.83
SEC_015,2024-04-17,13,Steel,1.06
SEC_026,2024-03-11,12,Steel,1.09
SEC_046,2024-05-21,2,Other,0.97
SEC_037,2024-01-23,9,Other,1.17
SEC_039,2024-03-01,10,Foodgrain,1.37
SEC_027,2024-08-05,10,Steel,0.85
SEC_006,2024-09-08,8,Cement,1.03
SEC_020,2024-04-08,12,Cement,0.96
SEC_049,2024-07-22,6,Cement,0.82
SEC_003,2024-10-06,10,Cement,1.22
SEC_044,2024-11-23,6,Coal,1.29
SEC_034,2024-07-27,4,Steel,0.88
SEC_014,2024-03-29,3,Coal,1.0
SEC_039,2024-09-17,13,Steel,0.96
SEC_042,2024-03-03,6,Other,1.05
SEC_003,2024-02-20,11,Steel,1.11
SEC_006,2024-05-11,8,Cement,1.09
SEC_033,2024-04-30,3,Foodgrain,1.37
SEC_049,2024-02-23,11,Coal,1.24
SEC_002,2024-01-20,15,Steel,1.15
SEC_033,2024-12-12,4,Cement,1.08
SEC_007,2024-09-04,6,Cement,1.08
SEC_032,2024-09-19,13,Steel,0.99
SEC_031,2024-01-25,11,Other,1.17
SEC_005,2024-10-18,5,Coal,1.21
SEC_034,2024-05-13,15,Foodgrain,1.09
SEC_044,2024-09-30,7,Steel,0.98
SEC_043,2024-06-28,11,Other,0.8
SEC_002,2024-03-29,14,Cement,1.07
SEC_013,2024-04-05,5,Coal,1.05
SEC_012,2024-02-21,15,Steel,1.21
SEC_023,2024-10-30,10,Cement,1.39
SEC_008,2024-06-06,8,Foodgrain,0.82
SEC_042,2024-10-12,6,Foodgrain,1.38
SEC_039,2024-10-30,8,Coal,1.27
SEC_040,2024-03-02,15,Foodgrain,1.47
SEC_010,2024-04-30,14,Coal,1.01
SEC_001,2024-02-15,5,Steel,1.17
SEC_045,2024-01-04,14,Steel,1.15
SEC_015,2024-12-27,2,Cement,1.13
SEC_033,2024-08-29,1,Foodgrain,0.74
SEC_045,2024-06-14,3,Foodgrain,0.77
SEC_002,2024-03-14,7,Other,1.07
SEC_001,2024-08-04,3,Steel,0.73
SEC_001,2024-07-17,2,Cement,0.82
SEC_008,2024-03-22,9,Other,0.95
SEC_003,2024-01-06,15,Coal,1.1
SEC_041,2024-06-20,10,Cement,0.87
SEC_030,2024-07-05,5,Coal,0.9
SEC_049,2024-10-19,15,Cement,1.28
SEC_040,2024-05-24,14,Steel,1.02
SEC_048,2024-02-05,4,Steel,1.19
SEC_012,2024-11-18,3,Other,1.26
SEC_015,2024-05-31,8,Coal,0.99
SEC_042,2024-09-21,12,Foodgrain,1.03
SEC_012,2024-01-16,5,Cement,1.18
SEC_003,2024-01-14,5,Other,1.07
SEC_033,2024-01-09,12,Steel,1.19
SEC_040,2024-10-15,9,Steel,1.25
SEC_048,2024-03-29,10,Foodgrain,1.49
SEC_046,2024-10-16,4,Foodgrain,1.31
SEC_006,2024-12-11,6,Coal,1.06
SEC_038,2024-08-30,8,Foodgrain,0.81
SEC_042,2024-12-26,8,Coal,1.2
SEC_035,2024-12-06,12,Cement,1.08
SEC_041,2024-09-21,3,Cement,0.99
SEC_042,2024-10-20,6,Foodgrain,1.3
SEC_022,2024-08-08,6,Steel,0.75
SEC_002,2024-03-21,8,Steel,1.02
SEC_023,2024-02-07,2,Cement,1.17
SEC_010,2024-05-19,7,Foodgrain,1.09
SEC_006,2024-06-22,4,Other,0.89
SEC_007,2024-05-08,7,Other,1.09
SEC_035,2024-02-07,12,Foodgrain,1.21
SEC_025,2024-07-03,3,Steel,0.81
SEC_027,2024-07-01,5,Other,0.78
SEC_037,2024-12-15,15,Cement,1.23
SEC_027,2024-12-15,16,Coal,1.17
SEC_031,2024-08-13,8,Other,0.84
SEC_005,2024-11-07,3,Steel,1.27
SEC_042,2024-04-24,11,Foodgrain,1.41
SEC_022,2024-12-20,8,Coal,1.21
SEC_008,2024-12-10,11,Foodgrain,1.08
SEC_040,2024-02-15,8,Cement,1.08
SEC_036,2024-09-13,7,Coal,1.05
SEC_003,2024-06-16,4,Steel,0.78
SEC_010,2024-04-07,6,Cement,1.08
SEC_001,2024-05-30,14,Other,1.08
SEC_014,2024-11-27,11,Other,1.33
SEC_005,2024-12-04,8,Cement,1.14
SEC_035,2024-05-05,9,Other,0.99
SEC_026,2024-06-18,8,Coal,0.8
SEC_049,2024-07-07,8,Steel,0.79
SEC_037,2024-09-25,7,Foodgrain,1.06
SEC_030,2024-06-24,4,Other,0.7
SEC_025,2024-05-24,7,Cement,1.09
SEC_003,2024-12-04,7,Steel,1.1
SEC_004,2024-05-16,10,Coal,1.02
SEC_031,2024-04-07,5,Cement,1.06
SEC_001,2024-04-29,13,Steel,1.0
SEC_003,2024-05-01,14,Steel,0.99
SEC_011,2024-07-22,2,Steel,0.77
SEC_044,2024-08-29,6,Steel,0.7
SEC_023,2024-02-19,13,Steel,1.05
SEC_035,2024-11-20,6,Cement,1.17
SEC_021,2024-04-02,10,Coal,1.06
SEC_009,2024-02-12,15,Foodgrain,1.13
SEC_019,2024-09-01,5,Other,1.03
SEC_005,2024-03-17,9,Other,0.96
SEC_038,2024-10-01,4,Other,1.27
SEC_009,2024-12-12,15,Steel,1.09
SEC_019,2024-09-10,8,Coal,0.96
SEC_049,2024-10-11,6,Other,1.29
SEC_030,2024-06-30,3,Foodgrain,0.87
SEC_023,2024-05-06,6,Foodgrain,1.0
SEC_027,2024-08-12,8,Foodgrain,0.77
SEC_039,2024-05-10,12,Coal,1.02
SEC_013,2024-11-16,12,Cement,1.23
SEC_032,2024-06-20,3,Steel,0.73
SEC_043,2024-07-01,3,Steel,0.89
SEC_029,2024-09-03,8,Cement,0.96
SEC_022,2024-03-10,3,Cement,1.09
SEC_008,2024-07-24,10,Other,0.75
SEC_013,2024-10-02,10,Cement,1.23
SEC_047,2024-10-11,16,Coal,1.15
SEC_027,2024-03-23,11,Foodgrain,1.36
SEC_015,2024-01-20,8,Foodgrain,1.2
SEC_021,2024-03-12,2,Steel,1.01
SEC_029,2024-10-26,8,Foodgrain,1.33
SEC_027,2024-04-07,13,Foodgrain,1.47
SEC_035,2024-01-22,3,Cement,1.08
SEC_013,2024-08-06,12,Other,0.83
SEC_032,2024-11-18,8,Cement,1.32
SEC_022,2024-03-23,4,Other,0.98
SEC_047,2024-01-16,13,Other,1.11
SEC_008,2024-02-21,11,Cement,1.12
SEC_008,2024-02-16,4,Steel,1.09
SEC_023,2024-03-15,11,Foodgrain,1.42
SEC_025,2024-03-06,10,Coal,1.07
SEC_034,2024-08-21,7,Other,0.83
SEC_020,2024-03-22,7,Coal,1.07
SEC_045,2024-07-19,1,Steel,0.7
SEC_024,2024-05-27,11,Other,1.03
SEC_007,2024-08-27,4,Coal,0.74
SEC_006,2024-08-27,9,Foodgrain,0.9
SEC_048,2024-08-05,3,Foodgrain,0.77
SEC_007,2024-11-22,13,Steel,1.26
SEC_047,2024-03-12,13,Steel,1.01
SEC_014,2024-07-10,4,Cement,0.75
SEC_005,2024-05-24,11,Cement,0.99
SEC_015,2024-07-13,9,Foodgrain,0.76
SEC_031,2024-02-21,5,Foodgrain,1.16
SEC_021,2024-04-26,4,Steel,0.98
SEC_039,2024-12-10,9,Cement,1.17
SEC_030,2024-10-20,12,Coal,1.28
SEC_020,2024-06-04,7,Coal,0.84
SEC_032,2024-02-10,11,Cement,1.09
SEC_048,2024-08-25,6,Coal,0.71
SEC_021,2024-04-20,5,Cement,1.01
SEC_008,2024-04-30,3,Coal,0.98
SEC_021,2024-02-05,8,Steel,1.06
SEC_042,2024-04-15,3,Other,1.02
SEC_011,2024-03-19,7,Steel,1.09
SEC_047,2024-01-13,7,Other,1.23
SEC_029,2024-08-02,12,Steel,0.83
SEC_030,2024-12-20,11,Cement,1.24
SEC_016,2024-02-16,5,Cement,1.16
SEC_046,2024-01-20,11,Cement,1.2
SEC_002,2024-02-06,9,Steel,1.09
SEC_015,2024-07-18,10,Cement,0.83
SEC_021,2024-10-29,18,Steel,1.28
SEC_024,2024-04-23,13,Other,0.99
SEC_024,2024-02-13,2,Steel,1.07
SEC_008,2024-02-05,8,Other,1.21
SEC_012,2024-08-10,6,Other,0.74
SEC_005,2024-05-10,5,Cement,1.08
SEC_029,2024-05-08,7,Foodgrain,1.07
SEC_018,2024-03-28,6,Foodgrain,1.46
SEC_028,2024-11-24,15,Steel,1.39
SEC_029,2024-05-17,12,Steel,1.08
SEC_035,2024-09-15,3,Foodgrain,1.0
SEC_027,2024-09-28,15,Foodgrain,1.09
SEC_032,2024-01-22,11,Cement,1.14
SEC_029,2024-03-31,2,Other,1.08
SEC_032,2024-11-23,12,Other,1.24
SEC_031,2024-11-19,17,Cement,1.22
SEC_016,2024-05-31,14,Other,1.08
SEC_013,2024-02-27,16,Other,1.23
SEC_039,2024-04-19,16,Foodgrain,1.34
SEC_017,2024-12-13,7,Foodgrain,1.13
SEC_027,2024-09-03,6,Foodgrain,0.99
SEC_010,2024-01-28,15,Coal,1.21
SEC_022,2024-09-19,3,Steel,1.02
SEC_026,2024-02-23,7,Steel,1.22
SEC_031,2024-04-20,12,Cement,0.99
SEC_026,2024-06-25,1,Steel,0.71
SEC_018,2024-05-08,7,Cement,1.04
SEC_048,2024-09-12,8,Steel,1.08
SEC_026,2024-02-27,9,Steel,1.1
SEC_040,2024-11-17,4,Coal,1.32
SEC_037,2024-08-05,6,Foodgrain,0.87
SEC_028,2024-04-21,6,Coal,0.95
SEC_044,2024-12-16,8,Steel,1.13
SEC_007,2024-06-24,5,Foodgrain,0.82
SEC_046,2024-06-01,5,Cement,0.78
SEC_042,2024-01-08,6,Foodgrain,1.2
SEC_025,2024-12-30,4,Steel,1.1
SEC_036,2024-11-05,13,Other,1.18
SEC_026,2024-03-05,5,Steel,1.03
SEC_014,2024-12-12,2,Steel,1.09
SEC_040,2024-10-18,3,Coal,1.4
SEC_013,2024-06-03,9,Steel,0.79
SEC_016,2024-12-05,14,Steel,1.2
SEC_026,2024-07-23,9,Steel,0.73
SEC_042,2024-09-08,8,Coal,1.04
SEC_019,2024-03-08,8,Coal,0.97
SEC_025,2024-02-10,3,Cement,1.1
SEC_003,2024-07-12,9,Foodgrain,0.75
SEC_006,2024-04-29,5,Cement,0.99
SEC_003,2024-12-25,9,Foodgrain,1.16
SEC_004,2024-02-01,6,Foodgrain,1.2
SEC_043,2024-10-06,12,Foodgrain,1.16
SEC_042,2024-08-08,8,Steel,0.85
SEC_041,2024-11-17,16,Steel,1.26
SEC_003,2024-12-31,7,Other,1.11
SEC_004,2024-11-14,6,Foodgrain,1.23
SEC_014,2024-05-17,3,Other,1.04
SEC_028,2024-09-11,14,Cement,1.04
SEC_017,2024-02-29,9,Cement,1.24
SEC_024,2024-06-26,12,Other,0.88
SEC_009,2024-04-08,5,Cement,1.06
SEC_036,2024-04-01,14,Other,0.97
SEC_016,2024-07-27,9,Cement,0.85
SEC_004,2024-02-16,4,Cement,1.12
SEC_037,2024-07-27,6,Cement,0.82
SEC_045,2024-05-26,7,Other,0.99
SEC_001,2024-03-25,10,Steel,1.08
SEC_022,2024-07-24,9,Other,0.79
SEC_041,2024-10-01,5,Foodgrain,1.29
SEC_035,2024-08-11,3,Coal,0.83
SEC_042,2024-02-02,8,Coal,1.05
SEC_021,2024-07-24,4,Cement,0.83
SEC_019,2024-08-16,2,Other,0.78
SEC_035,2024-09-07,11,Cement,1.01
SEC_008,2024-06-04,11,Cement,0.87
SEC_012,2024-02-04,13,Other,1.21
SEC_030,2024-02-16,13,Other,1.09
SEC_033,2024-05-01,15,Other,1.06
SEC_006,2024-08-20,9,Coal,0.86
SEC_025,2024-09-27,12,Other,1.07
SEC_018,2024-09-03,4,Foodgrain,0.99
SEC_025,2024-04-24,14,Cement,1.07
SEC_047,2024-06-10,2,Cement,0.72
SEC_004,2024-01-18,9,Cement,1.25
SEC_049,2024-10-19,17,Other,1.23
SEC_023,2024-05-09,10,Coal,0.95
SEC_038,2024-07-05,5,Other,0.71
SEC_021,2024-06-13,7,Steel,0.73
SEC_016,2024-04-14,4,Steel,1.08
SEC_038,2024-03-02,4,Cement,1.01
SEC_034,2024-12-15,2,Other,1.18
SEC_008,2024-02-13,15,Coal,1.06
SEC_035,2024-12-11,14,Other,1.1
SEC_037,2024-02-11,2,Steel,1.1
SEC_020,2024-02-04,7,Other,1.07
SEC_046,2024-11-26,14,Coal,1.16
SEC_032,2024-12-12,16,Cement,1.22
SEC_017,2024-11-23,17,Foodgrain,1.38
SEC_001,2024-10-10,12,Other,1.15
SEC_034,2024-06-29,12,Foodgrain,0.89
SEC_011,2024-02-09,12,Coal,1.13
SEC_038,2024-08-04,4,Coal,0.85
SEC_026,2024-07-09,7,Steel,0.83
SEC_023,2024-09-26,7,Other,1.07
SEC_009,2024-01-13,17,Coal,1.21
SEC_035,2024-01-29,2,Other,1.23
SEC_009,2024-08-03,7,Foodgrain,0.77
SEC_021,2024-11-09,17,Foodgrain,1.32
SEC_041,2024-12-07,10,Other,1.06
SEC_046,2024-07-27,5,Cement,0.82
SEC_049,2024-05-14,7,Cement,1.01
SEC_047,2024-06-21,8,Other,0.84
SEC_028,2024-07-05,10,Foodgrain,0.74
SEC_010,2024-08-14,8,Other,0.86
SEC_042,2024-03-24,4,Cement,1.04
SEC_040,2024-05-22,6,Other,1.08
SEC_049,2024-07-16,10,Foodgrain,0.76
SEC_032,2024-11-07,14,Cement,1.35
SEC_007,2024-10-20,15,Foodgrain,1.19
SEC_025,2024-10-02,8,Other,1.25
SEC_022,2024-03-19,11,Cement,0.95
SEC_042,2024-05-28,5,Coal,1.04
SEC_020,2024-07-21,6,Foodgrain,0.8
SEC_017,2024-12-20,7,Coal,1.13
SEC_004,2024-05-09,4,Cement,1.0
SEC_041,2024-12-02,5,Cement,1.22
SEC_038,2024-09-30,9,Other,1.02
SEC_003,2024-08-19,3,Coal,0.84
SEC_022,2024-09-13,4,Foodgrain,0.96
SEC_024,2024-10-17,15,Steel,1.29
SEC_023,2024-09-12,2,Foodgrain,0.97
SEC_046,2024-09-03,4,Other,1.06
SEC_008,2024-05-18,13,Foodgrain,0.99
SEC_016,2024-06-05,7,Foodgrain,0.78
SEC_009,2024-08-07,9,Other,0.86
SEC_012,2024-11-04,9,Foodgrain,1.22
SEC_045,2024-08-26,11,Foodgrain,0.89
SEC_047,2024-12-27,9,Foodgrain,1.07
SEC_003,2024-09-06,4,Other,1.06
SEC_031,2024-05-29,6,Foodgrain,0.96
SEC_012,2024-07-29,4,Cement,0.87
SEC_010,2024-08-16,2,Coal,0.84
SEC_015,2024-11-13,13,Coal,1.3
SEC_010,2024-04-03,6,Coal,1.03
SEC_025,2024-04-01,16,Foodgrain,1.47
SEC_049,2024-03-14,9,Cement,1.07
SEC_029,2024-01-21,10,Steel,1.21
SEC_036,2024-09-04,12,Other,1.06
SEC_025,2024-12-18,8,Coal,1.12
SEC_001,2024-08-12,6,Cement,0.78
SEC_005,2024-01-23,9,Steel,1.08
SEC_014,2024-05-13,4,Coal,0.98
SEC_012,2024-11-26,4,Cement,1.17
SEC_042,2024-01-19,15,Foodgrain,1.16
SEC_042,2024-08-12,9,Cement,0.82
SEC_042,2024-06-10,4,Other,0.85
SEC_032,2024-12-02,8,Foodgrain,1.21
SEC_028,2024-07-06,11,Other,0.85
SEC_032,2024-07-25,9,Foodgrain,0.85
SEC_020,2024-09-21,8,Steel,0.98
SEC_033,2024-10-27,12,Steel,1.34
SEC_039,2024-07-07,3,Steel,0.72
SEC_038,2024-09-20,5,Other,1.02
SEC_031,2024-10-21,9,Foodgrain,1.25
SEC_003,2024-07-11,11,Other,0.85
SEC_036,2024-09-19,11,Steel,0.96
SEC_018,2024-05-12,8,Cement,1.06
SEC_037,2024-05-09,14,Coal,1.05
SEC_027,2024-01-02,9,Steel,1.07
SEC_044,2024-09-01,7,Coal,1.09
SEC_017,2024-04-01,7,Other,0.97
SEC_046,2024-10-24,5,Steel,1.17
SEC_042,2024-12-14,14,Other,1.17
SEC_017,2024-11-16,17,Foodgrain,1.21
SEC_024,2024-04-10,9,Coal,1.09
SEC_027,2024-08-26,7,Steel,0.8
SEC_038,2024-10-02,9,Steel,1.23
SEC_034,2024-07-04,3,Foodgrain,0.74
SEC_042,2024-07-05,9,Steel,0.73
SEC_019,2024-06-09,5,Cement,0.71
SEC_025,2024-04-22,3,Cement,0.98
SEC_022,2024-07-28,2,Coal,0.78
SEC_045,2024-12-28,14,Foodgrain,1.08
SEC_015,2024-03-21,7,Foodgrain,1.33
SEC_029,2024-01-18,9,Steel,1.23
SEC_006,2024-01-21,2,Cement,1.24
SEC_042,2024-08-01,10,Steel,0.73
SEC_019,2024-04-08,12,Other,1.06
SEC_017,2024-06-17,7,Foodgrain,0.71
SEC_029,2024-12-13,15,Steel,1.18
SEC_025,2024-01-29,13,Cement,1.18
SEC_042,2024-03-04,10,Cement,0.98
SEC_027,2024-03-19,8,Foodgrain,1.41
SEC_026,2024-06-16,5,Cement,0.73
SEC_006,2024-09-11,4,Steel,1.05
SEC_002,2024-03-08,11,Other,0.97
SEC_020,2024-02-09,2,Cement,1.09
SEC_049,2024-02-01,2,Steel,1.07
SEC_045,2024-10-20,7,Other,1.34
SEC_031,2024-01-11,10,Other,1.21
SEC_031,2024-08-16,2,Coal,0.81
SEC_020,2024-07-30,5,Cement,0.72
SEC_009,2024-02-06,5,Foodgrain,1.21
SEC_001,2024-07-21,4,Cement,0.89
SEC_017,2024-04-14,5,Steel,1.07
SEC_016,2024-07-07,3,Steel,0.77
SEC_010,2024-02-20,14,Steel,1.16
SEC_013,2024-09-01,14,Coal,1.03
SEC_002,2024-10-18,16,Other,1.32
SEC_030,2024-01-02,11,Steel,1.24
SEC_046,2024-07-14,5,Other,0.89
SEC_034,2024-08-24,7,Steel,0.87
SEC_022,2024-01-02,9,Steel,1.15
SEC_021,2024-09-21,13,Other,1.09
SEC_016,2024-07-17,7,Steel,0.77
SEC_007,2024-04-22,10,Cement,0.96
SEC_030,2024-06-25,4,Coal,0.74
SEC_028,2024-09-06,8,Other,0.97
SEC_001,2024-08-23,8,Cement,0.78
SEC_021,2024-10-11,4,Cement,1.17
SEC_014,2024-01-13,6,Coal,1.08
SEC_009,2024-10-15,9,Other,1.3
SEC_035,2024-01-13,9,Foodgrain,1.24
SEC_026,2024-08-25,9,Steel,0.82
SEC_032,2024-05-07,11,Coal,1.0
SEC_035,2024-01-24,16,Coal,1.2
SEC_049,2024-09-09,12,Cement,1.1
SEC_040,2024-07-21,2,Steel,0.83
SEC_031,2024-08-31,11,Other,0.87
SEC_044,2024-05-17,2,Steel,1.09
SEC_024,2024-04-11,9,Coal,0.98
SEC_049,2024-08-16,3,Other,0.82
SEC_038,2024-03-20,14,Cement,1.1
SEC_032,2024-10-24,8,Foodgrain,1.39
SEC_045,2024-09-07,7,Other,1.07
SEC_026,2024-12-31,7,Cement,1.15
SEC_036,2024-01-10,11,Coal,1.14
SEC_014,2024-08-02,8,Foodgrain,0.76
SEC_048,2024-07-22,5,Other,0.76
SEC_031,2024-11-09,15,Cement,1.26
SEC_039,2024-06-04,7,Cement,0.74
SEC_023,2024-12-08,7,Coal,1.19
SEC_043,2024-03-28,3,Foodgrain,1.3
SEC_004,2024-11-08,8,Coal,1.21
SEC_006,2024-07-09,3,Cement,0.87
SEC_025,2024-12-11,4,Steel,1.2
SEC_036,2024-03-20,11,Steel,1.06
SEC_040,2024-04-05,14,Foodgrain,1.43
SEC_022,2024-07-25,10,Coal,0.81
SEC_032,2024-07-20,1,Cement,0.7
SEC_028,2024-02-24,15,Foodgrain,1.14
SEC_048,2024-08-26,4,Foodgrain,0.89
SEC_033,2024-05-28,13,Cement,1.01
SEC_021,2024-02-25,2,Cement,1.24
SEC_048,2024-07-05,2,Other,0.83
SEC_006,2024-09-12,7,Coal,1.05
SEC_049,2024-01-12,14,Foodgrain,1.14
SEC_008,2024-12-02,15,Coal,1.1
SEC_015,2024-08-11,2,Steel,0.79
SEC_041,2024-04-05,17,Foodgrain,1.39
SEC_036,2024-10-01,8,Coal,1.31
SEC_048,2024-11-04,13,Foodgrain,1.28
SEC_037,2024-12-15,3,Other,1.06
SEC_032,2024-10-16,3,Coal,1.37
SEC_017,2024-03-15,11,Steel,1.02
SEC_001,2024-02-29,16,Steel,1.15
SEC_007,2024-03-17,3,Other,0.99
SEC_015,2024-11-16,7,Cement,1.36
SEC_003,2024-04-21,3,Coal,0.97
SEC_025,2024-04-30,12,Cement,1.03
SEC_039,2024-11-22,15,Coal,1.24
SEC_048,2024-03-15,8,Cement,1.05
SEC_024,2024-05-28,14,Steel,1.08
SEC_043,2024-04-18,13,Cement,1.02
SEC_049,2024-04-20,7,Foodgrain,1.41
SEC_043,2024-08-06,4,Cement,0.88
SEC_023,2024-09-28,11,Steel,1.09
SEC_016,2024-04-07,9,Foodgrain,1.42
SEC_048,2024-01-14,2,Other,1.14
SEC_012,2024-08-22,5,Other,0.88
SEC_021,2024-07-19,2,Foodgrain,0.82
SEC_004,2024-08-29,10,Other,0.78
SEC_039,2024-06-13,6,Coal,0.81
SEC_032,2024-10-11,9,Cement,1.25
SEC_005,2024-08-16,10,Cement,0.76
SEC_011,2024-10-04,15,Steel,1.34
SEC_028,2024-09-24,3,Steel,1.0
SEC_027,2024-06-30,9,Foodgrain,0.73
SEC_040,2024-04-28,4,Cement,1.03
SEC_014,2024-08-01,2,Cement,0.77
SEC_046,2024-08-20,2,Cement,0.87
SEC_022,2024-07-28,4,Cement,0.84
SEC_041,2024-07-10,12,Other,0.86
SEC_012,2024-05-05,4,Other,1.03
SEC_002,2024-02-19,9,Foodgrain,1.24
SEC_003,2024-06-05,2,Coal,0.78
SEC_019,2024-11-18,11,Steel,1.23
SEC_047,2024-09-19,13,Coal,0.99
SEC_003,2024-10-03,15,Foodgrain,1.21
SEC_019,2024-09-26,4,Other,0.97
SEC_006,2024-12-03,13,Foodgrain,1.22
SEC_046,2024-03-23,2,Other,1.09
SEC_034,2024-09-20,10,Foodgrain,1.0
SEC_038,2024-01-26,5,Foodgrain,1.15
SEC_035,2024-03-30,4,Coal,0.98
SEC_033,2024-01-11,7,Cement,1.23
SEC_038,2024-06-06,10,Steel,0.76
SEC_001,2024-02-21,3,Foodgrain,1.13
SEC_043,2024-05-21,14,Other,1.01
SEC_037,2024-02-19,2,Steel,1.12
SEC_037,2024-01-14,5,Other,1.13
SEC_020,2024-06-23,8,Other,0.77
SEC_040,2024-05-30,11,Coal,1.0
SEC_019,2024-06-01,9,Steel,0.79
SEC_003,2024-05-06,6,Other,1.0
SEC_045,2024-05-29,3,Foodgrain,0.99
SEC_012,2024-01-02,9,Cement,1.14
SEC_005,2024-06-23,1,Other,0.71
SEC_031,2024-11-06,17,Coal,1.24
SEC_012,2024-02-21,16,Cement,1.2
SEC_043,2024-02-22,14,Other,1.05
SEC_022,2024-10-12,9,Foodgrain,1.18
SEC_001,2024-07-02,4,Other,0.88
SEC_047,2024-04-04,14,Cement,1.03
SEC_026,2024-10-14,7,Cement,1.16
SEC_013,2024-04-28,2,Coal,0.96
SEC_034,2024-08-09,8,Cement,0.84
SEC_026,2024-07-22,6,Other,0.78
SEC_002,2024-03-02,5,Steel,1.07
SEC_038,2024-10-03,12,Coal,1.37
SEC_020,2024-08-14,5,Foodgrain,0.85
SEC_035,2024-03-17,5,Other,1.08
SEC_044,2024-10-04,7,Cement,1.19
SEC_030,2024-08-15,2,Other,0.77
SEC_033,2024-11-08,2,Foodgrain,1.16
SEC_013,2024-10-27,18,Foodgrain,1.36
SEC_012,2024-04-26,14,Steel,1.05
SEC_021,2024-12-08,9,Other,1.22
SEC_042,2024-01-13,17,Cement,1.19
SEC_026,2024-05-02,14,Cement,1.09
SEC_018,2024-08-10,10,Other,0.75
SEC_039,2024-07-14,9,Other,0.89
SEC_042,2024-03-23,14,Other,0.99
SEC_045,2024-03-14,17,Foodgrain,1.43
SEC_015,2024-10-12,5,Coal,1.25
SEC_035,2024-11-16,14,Foodgrain,1.31
SEC_029,2024-09-05,2,Foodgrain,1.05
SEC_022,2024-07-13,4,Other,0.8
SEC_020,2024-10-09,4,Coal,1.32
SEC_006,2024-03-28,11,Other,1.09
SEC_014,2024-12-20,2,Cement,1.14
SEC_027,2024-02-15,14,Coal,1.08
SEC_044,2024-08-01,3,Steel,0.8
SEC_043,2024-05-04,8,Coal,0.99
SEC_010,2024-11-26,12,Other,1.22
SEC_034,2024-03-30,11,Cement,1.07
SEC_005,2024-08-22,4,Cement,0.88
SEC_034,2024-02-27,10,Foodgrain,1.13
SEC_017,2024-03-07,3,Foodgrain,1.32
SEC_023,2024-06-01,11,Coal,0.81
SEC_036,2024-10-19,17,Cement,1.28
SEC_021,2024-04-11,11,Coal,1.02
SEC_040,2024-09-10,12,Steel,0.98
SEC_027,2024-07-28,6,Other,0.84
SEC_049,2024-12-23,5,Coal,1.22
SEC_032,2024-04-20,5,Other,1.08
SEC_015,2024-03-30,4,Coal,0.97
SEC_038,2024-11-26,11,Foodgrain,1.33
SEC_020,2024-05-01,10,Foodgrain,1.04
SEC_027,2024-03-19,10,Coal,1.03
SEC_007,2024-10-27,4,Other,1.33
SEC_006,2024-10-24,13,Other,1.19
SEC_029,2024-01-24,10,Steel,1.12
SEC_010,2024-11-09,7,Steel,1.23
SEC_049,2024-08-19,9,Cement,0.79
SEC_042,2024-04-12,5,Steel,1.02
SEC_035,2024-07-14,11,Coal,0.81
SEC_037,2024-03-28,3,Cement,1.07
SEC_030,2024-03-02,14,Steel,1.05
SEC_003,2024-02-18,9,Foodgrain,1.08
SEC_020,2024-03-01,3,Cement,1.02
SEC_025,2024-08-01,8,Foodgrain,0.71
SEC_045,2024-10-23,6,Other,1.2
SEC_011,2024-06-27,9,Cement,0.71
SEC_025,2024-01-06,8,Other,1.1
SEC_017,2024-06-05,1,Other,0.72
SEC_007,2024-09-30,12,Cement,1.09
SEC_006,2024-11-01,12,Foodgrain,1.31
SEC_018,2024-09-25,14,Foodgrain,0.97
SEC_005,2024-05-15,14,Cement,1.07
SEC_004,2024-08-25,6,Coal,0.8
SEC_018,2024-01-26,11,Foodgrain,1.18
SEC_010,2024-05-29,12,Steel,0.96
SEC_028,2024-07-15,5,Foodgrain,0.78
SEC_001,2024-01-11,13,Other,1.16
SEC_015,2024-01-06,6,Foodgrain,1.12
SEC_023,2024-10-20,2,Foodgrain,1.15
SEC_048,2024-03-21,19,Foodgrain,1.39
SEC_032,2024-02-16,9,Steel,1.1
SEC_044,2024-08-04,2,Cement,0.86
SEC_017,2024-04-12,11,Steel,0.98
SEC_023,2024-12-24,10,Other,1.09
SEC_021,2024-12-12,16,Coal,1.23
SEC_044,2024-10-28,17,Steel,1.4
SEC_048,2024-04-20,11,Cement,1.09
SEC_048,2024-11-16,7,Coal,1.19
SEC_037,2024-04-03,5,Foodgrain,1.31
SEC_025,2024-03-28,8,Steel,1.03
SEC_027,2024-12-22,5,Other,1.16
SEC_049,2024-09-03,10,Coal,0.95
SEC_014,2024-02-01,10,Foodgrain,1.23
SEC_017,2024-11-20,3,Foodgrain,1.33
SEC_044,2024-02-28,6,Other,1.06
SEC_019,2024-09-06,5,Foodgrain,0.99
SEC_012,2024-06-09,6,Coal,0.75
SEC_028,2024-01-07,8,Other,1.21
SEC_016,2024-10-15,17,Coal,1.19
SEC_044,2024-09-08,7,Cement,0.95
SEC_045,2024-11-19,4,Steel,1.35
SEC_015,2024-08-11,9,Coal,0.71
SEC_026,2024-10-03,14,Coal,1.25
SEC_049,2024-11-27,13,Other,1.26
SEC_037,2024-12-23,12,Other,1.11
SEC_011,2024-07-24,2,Cement,0.86
SEC_029,2024-01-07,4,Other,1.19
SEC_031,2024-05-06,2,Other,1.09
SEC_033,2024-08-14,3,Steel,0.81
SEC_002,2024-02-10,14,Cement,1.18
SEC_015,2024-02-12,3,Foodgrain,1.16
SEC_042,2024-05-24,10,Coal,0.99
SEC_012,2024-11-29,14,Foodgrain,1.29
SEC_015,2024-04-27,10,Coal,1.01
SEC_016,2024-12-08,13,Cement,1.2
SEC_009,2024-10-20,14,Steel,1.2
SEC_008,2024-04-20,2,Coal,0.99
SEC_018,2024-03-25,11,Cement,1.08
SEC_043,2024-10-29,8,Steel,1.2
SEC_001,2024-10-03,11,Foodgrain,1.24
SEC_014,2024-08-18,5,Coal,0.79
SEC_003,2024-12-23,8,Coal,1.14
SEC_028,2024-02-06,6,Other,1.11
SEC_013,2024-05-21,12,Foodgrain,1.07
SEC_039,2024-08-08,8,Foodgrain,0.84
SEC_029,2024-01-27,14,Cement,1.09
SEC_039,2024-12-23,15,Cement,1.07
SEC_032,2024-07-28,7,Coal,0.84
SEC_022,2024-04-22,11,Other,0.99
SEC_043,2024-03-28,3,Cement,0.96
SEC_024,2024-01-01,13,Steel,1.16
SEC_047,2024-08-04,3,Steel,0.89
SEC_049,2024-12-23,14,Coal,1.24
SEC_029,2024-01-14,14,Steel,1.18
SEC_034,2024-05-31,9,Steel,1.09
SEC_013,2024-08-30,10,Steel,0.86
SEC_040,2024-06-06,2,Cement,0.82
SEC_033,2024-08-26,4,Steel,0.73
SEC_045,2024-09-17,15,Foodgrain,1.05
SEC_014,2024-12-19,3,Foodgrain,1.14
SEC_039,2024-08-09,11,Coal,0.77
SEC_024,2024-09-16,14,Coal,1.02
SEC_010,2024-04-20,7,Coal,0.97
SEC_009,2024-02-25,15,Cement,1.08
SEC_028,2024-02-06,10,Cement,1.06
SEC_016,2024-02-10,17,Coal,1.24
SEC_005,2024-10-29,7,Cement,1.23
SEC_021,2024-01-15,3,Other,1.08
SEC_032,2024-06-25,5,Coal,0.84
SEC_016,2024-08-12,12,Coal,0.89
SEC_047,2024-09-03,4,Cement,0.98
SEC_039,2024-01-25,11,Steel,1.08
SEC_026,2024-11-10,11,Steel,1.18
SEC_046,2024-06-09,1,Foodgrain,0.72
SEC_022,2024-01-07,13,Coal,1.21
SEC_007,2024-02-18,3,Foodgrain,1.11
SEC_002,2024-11-10,12,Steel,1.34
SEC_046,2024-12-11,14,Other,1.06
SEC_048,2024-10-02,12,Cement,1.22
SEC_037,2024-05-02,11,Steel,1.01
SEC_006,2024-12-12,7,Cement,1.19
SEC_015,2024-04-10,7,Foodgrain,1.39
SEC_003,2024-03-26,15,Foodgrain,1.36
SEC_003,2024-10-06,3,Cement,1.29
SEC_013,2024-04-28,13,Steel,1.02
SEC_029,2024-07-09,5,Foodgrain,0.82
SEC_004,2024-08-30,9,Foodgrain,0.88
SEC_049,2024-03-01,6,Cement,1.05
SEC_023,2024-12-04,11,Steel,1.22
SEC_013,2024-03-01,13,Other,1.1
SEC_026,2024-12-29,14,Steel,1.07
SEC_039,2024-04-11,14,Coal,1.05
SEC_016,2024-06-01,5,Foodgrain,0.78
SEC_003,2024-04-02,5,Steel,1.05
SEC_003,2024-07-16,3,Foodgrain,0.84
SEC_042,2024-01-01,7,Other,1.11
SEC_006,2024-03-03,12,Coal,1.01
SEC_032,2024-07-09,7,Coal,0.71
SEC_019,2024-09-10,10,Steel,1.06
SEC_039,2024-12-18,6,Foodgrain,1.17
SEC_003,2024-11-02,16,Coal,1.35
SEC_044,2024-12-03,11,Cement,1.06
SEC_035,2024-10-19,2,Cement,1.21
SEC_023,2024-10-11,8,Cement,1.21
SEC_011,2024-05-06,9,Foodgrain,0.98
SEC_048,2024-11-27,15,Other,1.24
SEC_015,2024-12-18,8,Cement,1.17
SEC_025,2024-07-06,9,Other,0.9
SEC_020,2024-02-14,11,Coal,1.1
SEC_012,2024-01-16,3,Cement,1.12
SEC_021,2024-06-29,2,Steel,0.78
SEC_008,2024-08-20,11,Coal,0.82
SEC_001,2024-07-21,10,Coal,0.75
SEC_015,2024-11-24,7,Coal,1.21
SEC_006,2024-07-15,2,Coal,0.81
SEC_021,2024-08-29,12,Foodgrain,0.9
SEC_043,2024-10-04,8,Cement,1.27
SEC_008,2024-11-23,7,Foodgrain,1.16
SEC_001,2024-08-11,7,Coal,0.74
SEC_006,2024-07-23,8,Cement,0.7
SEC_025,2024-01-29,11,Coal,1.08
SEC_014,2024-08-23,9,Other,0.72
SEC_024,2024-03-06,4,Steel,0.97
SEC_002,2024-05-14,2,Coal,1.04
SEC_017,2024-07-13,4,Steel,0.83
SEC_021,2024-01-31,12,Other,1.16
SEC_022,2024-09-11,6,Other,0.98
SEC_028,2024-04-12,19,Foodgrain,1.43
SEC_039,2024-07-07,7,Other,0.84
SEC_023,2024-05-08,11,Steel,1.03
SEC_042,2024-05-10,12,Foodgrain,1.03
SEC_026,2024-05-24,10,Foodgrain,1.07
SEC_013,2024-01-19,11,Steel,1.24
SEC_012,2024-03-12,6,Steel,1.08
SEC_016,2024-10-14,7,Foodgrain,1.33
SEC_030,2024-02-14,8,Cement,1.08
SEC_012,2024-06-30,10,Foodgrain,0.77
SEC_045,2024-02-21,8,Coal,1.15
SEC_024,2024-07-16,2,Foodgrain,0.87
SEC_043,2024-08-23,12,Other,0.89
SEC_034,2024-06-20,6,Coal,0.74
SEC_017,2024-10-09,18,Other,1.32
SEC_012,2024-04-07,5,Coal,1.09
SEC_037,2024-07-23,11,Coal,0.76
SEC_017,2024-04-11,9,Coal,0.96
SEC_013,2024-07-05,13,Steel,0.9
SEC_046,2024-01-24,11,Steel,1.25
SEC_024,2024-04-08,13,Other,1.0
SEC_003,2024-09-15,8,Foodgrain,0.95
SEC_025,2024-10-11,15,Cement,1.34
SEC_023,2024-04-09,4,Other,1.01
SEC_043,2024-04-04,3,Coal,1.05
SEC_035,2024-04-19,3,Steel,1.07
SEC_010,2024-04-12,10,Other,1.07
SEC_008,2024-12-29,9,Cement,1.17
SEC_030,2024-08-26,6,Coal,0.72
SEC_003,2024-05-21,8,Steel,1.08
SEC_016,2024-06-18,8,Steel,0.72
SEC_007,2024-07-05,11,Coal,0.8
SEC_002,2024-07-21,5,Foodgrain,0.7
SEC_046,2024-05-21,6,Cement,1.03
SEC_005,2024-12-22,10,Steel,1.24
SEC_001,2024-04-16,11,Steel,1.04
SEC_046,2024-06-05,4,Foodgrain,0.89
SEC_010,2024-01-03,6,Other,1.13
SEC_041,2024-06-28,9,Cement,0.85
SEC_002,2024-11-08,11,Other,1.2
SEC_008,2024-12-30,8,Foodgrain,1.2
SEC_006,2024-06-22,4,Coal,0.81
SEC_035,2024-02-21,13,Coal,1.22
SEC_031,2024-09-20,5,Coal,1.06
SEC_024,2024-08-22,3,Foodgrain,0.87
SEC_012,2024-12-16,7,Steel,1.09
SEC_005,2024-07-03,5,Steel,0.87
SEC_028,2024-01-02,9,Other,1.11
SEC_012,2024-11-25,7,Coal,1.15
SEC_029,2024-09-04,4,Coal,1.03
SEC_034,2024-10-19,8,Steel,1.36
SEC_042,2024-02-13,9,Cement,1.11
SEC_025,2024-06-16,12,Other,0.89
SEC_001,2024-06-16,4,Steel,0.73
SEC_014,2024-04-07,10,Steel,1.09
SEC_042,2024-11-05,9,Foodgrain,1.27
SEC_027,2024-03-09,14,Other,1.07
SEC_031,2024-01-27,6,Coal,1.16
SEC_023,2024-03-26,3,Other,1.08
SEC_008,2024-12-28,6,Other,1.23
SEC_044,2024-02-11,2,Steel,1.09
SEC_038,2024-07-31,10,Cement,0.78
SEC_049,2024-03-08,3,Cement,1.03
SEC_042,2024-05-24,9,Coal,0.98
SEC_015,2024-07-20,8,Foodgrain,0.73
SEC_013,2024-01-08,13,Steel,1.22
SEC_013,2024-03-29,4,Coal,0.97
SEC_046,2024-08-02,8,Foodgrain,0.77
SEC_028,2024-01-06,11,Cement,1.17
SEC_023,2024-06-30,7,Foodgrain,0.85
SEC_048,2024-08-08,6,Coal,0.81
SEC_030,2024-03-19,3,Other,0.99
SEC_045,2024-02-29,6,Coal,1.13
SEC_049,2024-06-28,7,Steel,0.73
SEC_004,2024-09-20,7,Foodgrain,1.0
SEC_018,2024-01-05,2,Other,1.11
SEC_036,2024-05-03,2,Cement,1.03
SEC_040,2024-12-31,15,Coal,1.09
SEC_008,2024-05-02,10,Foodgrain,0.95
SEC_016,2024-05-01,6,Other,1.04
SEC_027,2024-09-26,10,Steel,1.04
SEC_040,2024-06-24,4,Other,0.71
SEC_006,2024-05-23,4,Foodgrain,1.09
SEC_030,2024-10-14,11,Cement,1.34
SEC_015,2024-01-12,7,Cement,1.13
SEC_011,2024-09-17,13,Other,1.07
SEC_026,2024-05-19,13,Cement,0.96
SEC_021,2024-11-21,2,Foodgrain,1.19
SEC_032,2024-09-22,9,Foodgrain,1.07
SEC_016,2024-12-10,6,Cement,1.13
SEC_041,2024-02-17,9,Foodgrain,1.17
SEC_004,2024-03-10,10,Coal,1.01
SEC_043,2024-11-26,6,Other,1.26
SEC_002,2024-05-22,6,Steel,0.96
SEC_037,2024-10-25,8,Cement,1.19
SEC_017,2024-09-08,14,Foodgrain,1.1
SEC_019,2024-07-01,10,Coal,0.87
SEC_001,2024-01-17,5,Other,1.09
SEC_035,2024-01-28,6,Coal,1.15
SEC_009,2024-09-19,3,Other,1.09
SEC_033,2024-02-05,7,Other,1.2
SEC_036,2024-01-02,17,Foodgrain,1.22
SEC_042,2024-03-21,2,Other,1.01
SEC_035,2024-11-30,8,Other,1.36
SEC_015,2024-08-17,11,Other,0.82
SEC_037,2024-09-19,13,Cement,1.0
SEC_041,2024-08-26,11,Other,0.81
SEC_016,2024-07-25,6,Cement,0.74
SEC_007,2024-04-03,6,Other,1.03
SEC_044,2024-06-05,2,Coal,0.77
SEC_008,2024-07-18,10,Foodgrain,0.81
SEC_030,2024-12-27,4,Foodgrain,1.2
SEC_012,2024-11-25,2,Other,1.2
SEC_007,2024-09-26,10,Foodgrain,0.95
SEC_039,2024-10-24,9,Foodgrain,1.32
SEC_008,2024-10-22,9,Cement,1.35
SEC_033,2024-09-01,8,Cement,1.03
SEC_034,2024-10-29,8,Foodgrain,1.32
SEC_003,2024-01-27,14,Other,1.13
SEC_009,2024-01-09,7,Other,1.14
SEC_039,2024-06-11,9,Cement,0.84
SEC_025,2024-01-21,11,Other,1.23
SEC_006,2024-05-04,5,Coal,0.95
SEC_049,2024-03-13,6,Foodgrain,1.4
SEC_013,2024-12-16,17,Coal,1.18
SEC_001,2024-08-27,2,Cement,0.76
SEC_046,2024-01-16,4,Coal,1.25
SEC_001,2024-08-16,5,Foodgrain,0.78
SEC_028,2024-09-25,10,Cement,0.99
SEC_049,2024-04-29,2,Cement,0.99
SEC_029,2024-11-19,12,Coal,1.19
SEC_029,2024-12-22,7,Foodgrain,1.1
SEC_020,2024-12-24,2,Cement,1.13
SEC_007,2024-02-04,6,Other,1.23
SEC_029,2024-06-13,3,Other,0.76
SEC_044,2024-10-11,5,Other,1.34
SEC_005,2024-06-11,11,Steel,0.86
SEC_044,2024-06-25,7,Cement,0.77
SEC_021,2024-04-30,6,Coal,1.08
SEC_027,2024-06-02,8,Steel,0.78
SEC_009,2024-09-11,14,Steel,1.01
SEC_031,2024-01-10,2,Foodgrain,1.06
SEC_009,2024-10-19,6,Other,1.18
SEC_014,2024-09-23,5,Other,1.09
SEC_036,2024-02-20,10,Other,1.21
SEC_003,2024-10-09,2,Other,1.15
SEC_022,2024-07-09,2,Coal,0.82
SEC_030,2024-04-26,6,Other,1.07
SEC_007,2024-06-15,5,Other,0.89
SEC_015,2024-07-08,6,Cement,0.74
SEC_017,2024-03-18,14,Coal,1.08
SEC_033,2024-08-09,5,Cement,0.78
SEC_048,2024-08-18,6,Cement,0.84
SEC_041,2024-05-14,6,Coal,0.99
SEC_010,2024-06-17,6,Steel,0.85
SEC_001,2024-08-13,3,Cement,0.71
SEC_003,2024-07-03,9,Coal,0.8
SEC_030,2024-06-07,2,Steel,0.86
SEC_008,2024-12-15,12,Cement,1.25
SEC_012,2024-11-17,17,Other,1.19
SEC_042,2024-05-18,3,Steel,1.09
SEC_043,2024-09-19,3,Coal,1.0
SEC_042,2024-10-23,8,Other,1.17
SEC_013,2024-02-10,13,Other,1.09
SEC_031,2024-08-04,9,Other,0.83
SEC_030,2024-10-19,14,Foodgrain,1.25
SEC_010,2024-01-22,6,Cement,1.21
SEC_028,2024-05-03,6,Coal,0.97
SEC_026,2024-10-18,11,Cement,1.26
SEC_020,2024-12-08,12,Cement,1.06
SEC_037,2024-12-29,16,Cement,1.21
SEC_034,2024-08-08,4,Cement,0.84
SEC_027,2024-01-16,3,Other,1.07
SEC_036,2024-01-11,8,Cement,1.14
SEC_038,2024-10-23,18,Coal,1.27
SEC_028,2024-09-25,5,Cement,1.03
SEC_014,2024-03-11,14,Cement,0.99
SEC_038,2024-02-17,4,Foodgrain,1.08
SEC_036,2024-02-23,17,Cement,1.23
SEC_049,2024-11-17,4,Coal,1.25
SEC_008,2024-10-06,12,Steel,1.21
SEC_021,2024-12-13,11,Other,1.12
SEC_046,2024-02-11,4,Coal,1.11
SEC_026,2024-09-11,15,Other,1.1
SEC_047,2024-12-04,8,Steel,1.08
SEC_001,2024-07-14,10,Cement,0.88
SEC_002,2024-10-10,7,Steel,1.39
SEC_040,2024-08-08,4,Coal,0.86
SEC_018,2024-01-03,7,Cement,1.12
SEC_026,2024-06-05,8,Cement,0.8
SEC_021,2024-04-05,12,Coal,1.06
SEC_020,2024-01-31,14,Steel,1.07
SEC_047,2024-08-05,1,Steel,0.74
SEC_005,2024-12-05,10,Other,1.12
SEC_038,2024-01-20,3,Steel,1.16
SEC_044,2024-04-30,13,Coal,1.05
SEC_033,2024-09-02,8,Other,1.06
SEC_020,2024-04-24,4,Coal,0.95
SEC_008,2024-02-12,4,Foodgrain,1.22
SEC_034,2024-03-11,7,Coal,1.05
SEC_023,2024-01-10,13,Steel,1.06
SEC_008,2024-12-29,12,Cement,1.07
SEC_018,2024-06-28,10,Coal,0.86
SEC_048,2024-12-10,2,Cement,1.07
SEC_014,2024-09-07,3,Foodgrain,1.0
SEC_009,2024-05-07,4,Cement,1.1
SEC_034,2024-12-10,16,Coal,1.14
SEC_010,2024-04-05,8,Steel,0.96
SEC_046,2024-03-07,6,Coal,1.02
SEC_043,2024-10-21,3,Other,1.31
SEC_049,2024-07-21,4,Other,0.9
SEC_045,2024-06-03,5,Foodgrain,0.86
SEC_012,2024-08-03,3,Foodgrain,0.89
SEC_011,2024-12-20,17,Coal,1.2
SEC_017,2024-04-12,9,Other,1.08
SEC_024,2024-11-25,8,Cement,1.3
SEC_044,2024-11-29,13,Coal,1.32
SEC_036,2024-10-04,5,Foodgrain,1.23
SEC_032,2024-02-27,11,Coal,1.12
SEC_044,2024-02-02,2,Foodgrain,1.14
SEC_032,2024-02-14,5,Cement,1.21
SEC_019,2024-09-13,10,Steel,1.04
SEC_021,2024-05-26,6,Foodgrain,1.04
SEC_026,2024-12-27,2,Cement,1.05
SEC_005,2024-01-03,4,Coal,1.08
SEC_037,2024-05-16,14,Coal,1.08
SEC_032,2024-04-06,9,Foodgrain,1.42
SEC_036,2024-11-18,10,Foodgrain,1.39
SEC_027,2024-02-14,15,Steel,1.06
SEC_039,2024-05-29,3,Foodgrain,1.04
SEC_047,2024-11-13,14,Coal,1.29
SEC_028,2024-12-21,17,Cement,1.21
SEC_022,2024-12-01,9,Cement,1.24
SEC_006,2024-08-27,10,Steel,0.89
SEC_039,2024-02-29,5,Cement,1.19
SEC_045,2024-02-05,9,Steel,1.17
SEC_035,2024-05-30,5,Steel,1.09
SEC_043,2024-06-24,2,Steel,0.81
SEC_043,2024-07-07,2,Other,0.78
SEC_040,2024-01-19,12,Foodgrain,1.17
SEC_025,2024-09-04,9,Cement,1.01
SEC_005,2024-05-24,10,Steel,1.03
SEC_001,2024-02-09,11,Other,1.09
SEC_011,2024-12-01,11,Cement,1.06
SEC_022,2024-05-10,3,Coal,1.07
SEC_037,2024-03-25,12,Steel,0.96
SEC_023,2024-06-29,4,Foodgrain,0.75
SEC_002,2024-12-13,4,Foodgrain,1.2
SEC_011,2024-10-28,12,Other,1.17
SEC_048,2024-02-06,10,Foodgrain,1.13
SEC_049,2024-09-08,11,Foodgrain,1.06
SEC_019,2024-08-31,8,Steel,0.81
SEC_040,2024-11-20,17,Other,1.28
SEC_036,2024-12-19,14,Cement,1.15
SEC_046,2024-09-29,4,Cement,1.01
SEC_044,2024-08-27,2,Cement,0.75
SEC_031,2024-05-09,10,Cement,1.01
SEC_020,2024-11-25,12,Cement,1.32
SEC_031,2024-12-11,7,Steel,1.24
SEC_016,2024-12-28,6,Foodgrain,1.16
SEC_018,2024-12-15,5,Coal,1.2
SEC_030,2024-08-22,5,Steel,0.81
SEC_028,2024-12-16,16,Steel,1.13
SEC_029,2024-10-13,8,Steel,1.17
SEC_019,2024-03-28,12,Foodgrain,1.3
SEC_021,2024-01-12,6,Foodgrain,1.23
SEC_001,2024-12-24,12,Foodgrain,1.09
SEC_030,2024-06-05,2,Other,0.82
SEC_029,2024-11-15,4,Steel,1.39
SEC_046,2024-04-15,2,Coal,1.06
SEC_025,2024-05-11,3,Cement,0.97
SEC_023,2024-10-28,4,Steel,1.38
SEC_004,2024-07-11,10,Other,0.84
SEC_010,2024-09-04,9,Cement,0.97
SEC_017,2024-04-27,4,Steel,1.03
SEC_019,2024-08-12,2,Foodgrain,0.78
SEC_018,2024-06-27,6,Other,0.84
SEC_020,2024-12-06,11,Other,1.19
SEC_038,2024-06-29,6,Steel,0.72
SEC_007,2024-02-02,14,Coal,1.24
SEC_017,2024-09-26,2,Coal,1.09
SEC_008,2024-12-15,3,Other,1.07
SEC_016,2024-11-19,12,Cement,1.28
SEC_034,2024-02-06,10,Cement,1.22
SEC_003,2024-12-31,3,Cement,1.12
SEC_017,2024-05-07,8,Cement,0.98
SEC_002,2024-11-01,15,Foodgrain,1.39
SEC_047,2024-08-18,3,Steel,0.88
SEC_036,2024-12-22,16,Steel,1.23
SEC_012,2024-05-04,2,Steel,1.07
SEC_010,2024-08-10,6,Cement,0.77
SEC_005,2024-09-06,4,Coal,1.01
SEC_024,2024-02-26,2,Coal,1.23
SEC_037,2024-10-10,8,Cement,1.21
SEC_029,2024-02-22,5,Cement,1.15
SEC_044,2024-10-30,8,Coal,1.15
SEC_017,2024-02-16,2,Coal,1.09
SEC_014,2024-03-06,2,Steel,1.03
SEC_024,2024-06-30,8,Coal,0.83
SEC_010,2024-03-07,11,Steel,0.98
SEC_048,2024-01-29,2,Other,1.21
SEC_010,2024-01-20,7,Other,1.06
SEC_024,2024-04-14,13,Steel,1.09
SEC_026,2024-06-28,9,Steel,0.81
SEC_003,2024-01-17,4,Other,1.06
SEC_023,2024-02-20,2,Foodgrain,1.16
SEC_023,2024-08-11,4,Steel,0.88
SEC_013,2024-04-26,10,Cement,0.95
SEC_007,2024-10-04,4,Foodgrain,1.31
SEC_003,2024-11-03,7,Other,1.18
SEC_001,2024-01-12,4,Other,1.21
SEC_024,2024-12-13,11,Cement,1.19
SEC_005,2024-09-07,14,Other,0.97
SEC_048,2024-10-27,4,Foodgrain,1.28
SEC_012,2024-06-23,11,Foodgrain,0.81
SEC_032,2024-01-01,11,Coal,1.2
SEC_034,2024-11-19,9,Coal,1.32
SEC_025,2024-07-26,7,Coal,0.73
SEC_044,2024-01-14,12,Other,1.13
SEC_006,2024-03-01,9,Steel,1.03
SEC_012,2024-03-16,8,Cement,1.0
SEC_013,2024-05-17,14,Foodgrain,0.97
SEC_007,2024-06-10,8,Cement,0.89
SEC_015,2024-06-05,10,Steel,0.82
SEC_016,2024-11-13,12,Other,1.18
SEC_038,2024-12-11,10,Foodgrain,1.07
SEC_015,2024-09-05,13,Steel,1.09
SEC_043,2024-08-19,4,Foodgrain,0.78
SEC_038,2024-11-12,10,Steel,1.31
SEC_045,2024-04-07,2,Cement,1.03
SEC_006,2024-07-23,11,Steel,0.84
SEC_049,2024-08-23,3,Coal,0.73
SEC_031,2024-04-14,11,Cement,1.02
SEC_049,2024-12-14,9,Other,1.14
SEC_018,2024-03-27,5,Steel,0.99
SEC_047,2024-01-22,8,Other,1.11
SEC_029,2024-04-28,7,Coal,0.99
SEC_004,2024-10-25,10,Steel,1.25
SEC_021,2024-05-17,7,Coal,1.02
SEC_007,2024-03-20,2,Steel,1.05
SEC_047,2024-11-15,13,Cement,1.16
SEC_015,2024-02-26,5,Other,1.21
SEC_011,2024-02-28,10,Other,1.25
SEC_028,2024-11-24,18,Other,1.3
SEC_021,2024-04-27,12,Cement,0.99
SEC_005,2024-01-01,14,Steel,1.18
SEC_041,2024-06-07,12,Other,0.9
SEC_042,2024-09-28,9,Coal,1.03
SEC_037,2024-10-04,9,Other,1.16
SEC_031,2024-02-01,5,Other,1.18
SEC_020,2024-04-12,3,Coal,1.1
SEC_027,2024-08-14,6,Cement,0.71
SEC_026,2024-08-29,6,Other,0.78
SEC_009,2024-08-15,3,Cement,0.89
SEC_005,2024-05-03,9,Other,0.97
SEC_013,2024-11-11,4,Steel,1.26
SEC_023,2024-01-29,5,Cement,1.16
SEC_008,2024-10-28,14,Other,1.24
SEC_006,2024-12-09,5,Coal,1.23
SEC_042,2024-09-07,9,Foodgrain,0.96
SEC_019,2024-06-06,9,Other,0.71
SEC_029,2024-05-19,8,Foodgrain,1.02
SEC_026,2024-06-08,2,Other,0.79
SEC_037,2024-03-01,2,Cement,0.96
SEC_037,2024-03-22,7,Steel,0.96
SEC_015,2024-08-20,9,Steel,0.82
SEC_042,2024-07-20,3,Foodgrain,0.73
SEC_019,2024-06-30,6,Foodgrain,0.89
SEC_041,2024-06-22,6,Foodgrain,0.71
SEC_020,2024-01-29,5,Cement,1.13
SEC_006,2024-11-13,4,Foodgrain,1.21
SEC_038,2024-12-15,5,Cement,1.24
SEC_002,2024-03-30,8,Cement,1.06
SEC_038,2024-04-25,12,Other,1.09
SEC_003,2024-08-18,4,Other,0.74
SEC_011,2024-01-01,16,Foodgrain,1.25
SEC_030,2024-02-07,2,Coal,1.17
SEC_047,2024-11-26,18,Steel,1.35
SEC_021,2024-03-04,2,Steel,1.0
SEC_006,2024-07-30,5,Steel,0.84
SEC_012,2024-11-18,8,Other,1.29
SEC_044,2024-09-25,7,Foodgrain,0.96
SEC_036,2024-04-09,8,Other,0.95
SEC_005,2024-02-25,3,Coal,1.13
SEC_019,2024-09-19,11,Cement,0.95
SEC_013,2024-05-28,3,Foodgrain,1.1
SEC_009,2024-12-20,11,Cement,1.14
SEC_042,2024-08-24,10,Steel,0.74
SEC_031,2024-01-05,13,Foodgrain,1.12
SEC_009,2024-04-01,11,Steel,1.1
SEC_032,2024-09-29,2,Cement,1.05
SEC_021,2024-09-13,12,Coal,0.96
SEC_004,2024-09-28,14,Cement,1.0
SEC_023,2024-03-26,18,Foodgrain,1.4
SEC_010,2024-04-01,2,Cement,0.98
SEC_013,2024-03-17,4,Coal,1.06
SEC_044,2024-09-11,6,Coal,0.97
SEC_035,2024-01-05,9,Cement,1.09
SEC_007,2024-10-25,4,Steel,1.2
SEC_042,2024-04-13,7,Steel,0.97
SEC_029,2024-06-27,8,Other,0.83
SEC_043,2024-03-31,4,Other,1.06
SEC_037,2024-06-04,6,Coal,0.8
SEC_017,2024-10-06,8,Foodgrain,1.3
SEC_027,2024-03-13,11,Cement,1.01
SEC_027,2024-07-27,2,Cement,0.76
SEC_036,2024-01-21,2,Steel,1.15
SEC_013,2024-03-06,3,Other,1.06
SEC_017,2024-09-07,10,Cement,1.0
SEC_012,2024-07-26,3,Other,0.7
SEC_015,2024-08-11,9,Cement,0.72
SEC_008,2024-03-23,5,Other,1.01
SEC_002,2024-03-16,5,Coal,0.97
SEC_047,2024-06-04,7,Steel,0.74
SEC_004,2024-02-17,14,Foodgrain,1.24
SEC_044,2024-11-21,12,Steel,1.35
SEC_001,2024-04-08,14,Coal,1.01
SEC_039,2024-09-20,4,Cement,1.02
SEC_017,2024-02-27,8,Other,1.13
SEC_026,2024-08-26,9,Foodgrain,0.88
SEC_014,2024-03-15,12,Cement,0.99
SEC_025,2024-04-13,3,Cement,1.06
SEC_023,2024-05-30,3,Foodgrain,0.95
SEC_026,2024-02-15,14,Cement,1.2
SEC_020,2024-02-15,11,Other,1.22
SEC_027,2024-10-02,4,Coal,1.2
SEC_041,2024-05-06,7,Steel,1.03
SEC_022,2024-07-26,5,Coal,0.87
SEC_018,2024-08-24,10,Cement,0.79
SEC_007,2024-08-15,5,Cement,0.74
SEC_018,2024-08-17,6,Cement,0.81
SEC_007,2024-12-22,7,Cement,1.14
SEC_009,2024-08-18,6,Foodgrain,0.75
SEC_047,2024-05-07,10,Other,1.08
SEC_005,2024-04-14,11,Coal,0.95
SEC_024,2024-10-20,7,Cement,1.32
SEC_041,2024-06-03,3,Other,0.84
SEC_047,2024-07-23,4,Steel,0.76
SEC_008,2024-10-25,7,Cement,1.34
SEC_009,2024-03-27,9,Coal,1.01
SEC_019,2024-03-22,13,Coal,0.96
SEC_028,2024-01-20,11,Steel,1.11
SEC_048,2024-01-27,13,Other,1.17
SEC_011,2024-08-13,9,Steel,0.79
SEC_009,2024-07-03,3,Foodgrain,0.75
SEC_013,2024-04-18,4,Cement,1.06
SEC_043,2024-03-18,8,Cement,1.08
SEC_002,2024-09-11,15,Cement,1.07
SEC_019,2024-02-01,6,Coal,1.17
SEC_006,2024-09-13,13,Other,1.01
SEC_008,2024-11-27,12,Steel,1.37
SEC_045,2024-06-15,6,Foodgrain,0.82
SEC_001,2024-06-30,4,Cement,0.73
SEC_016,2024-07-15,6,Steel,0.77
SEC_045,2024-02-04,10,Cement,1.12
SEC_030,2024-08-17,8,Foodgrain,0.88
SEC_004,2024-05-13,10,Coal,1.07
SEC_023,2024-06-20,5,Steel,0.85
SEC_048,2024-01-09,7,Cement,1.16
SEC_020,2024-11-17,8,Coal,1.38
SEC_026,2024-05-02,3,Steel,0.97
SEC_027,2024-01-28,13,Foodgrain,1.09
SEC_033,2024-10-13,7,Steel,1.37
SEC_010,2024-12-24,13,Foodgrain,1.14
SEC_042,2024-07-09,2,Other,0.72
SEC_049,2024-01-13,4,Coal,1.08
SEC_007,2024-12-28,2,Other,1.2
SEC_041,2024-03-17,10,Cement,0.98
SEC_041,2024-03-28,5,Other,1.01
SEC_037,2024-09-16,6,Cement,1.05
SEC_019,2024-05-01,5,Other,1.0
SEC_023,2024-02-01,13,Coal,1.19
SEC_042,2024-09-06,10,Cement,0.99
SEC_008,2024-04-05,6,Cement,1.03
SEC_041,2024-11-11,10,Other,1.38
SEC_046,2024-02-26,3,Coal,1.12
SEC_034,2024-11-27,8,Foodgrain,1.3
SEC_017,2024-09-21,6,Foodgrain,0.99
SEC_028,2024-03-28,10,Coal,1.01
SEC_003,2024-07-30,3,Cement,0.82
SEC_046,2024-12-09,7,Foodgrain,1.23
SEC_017,2024-01-24,15,Foodgrain,1.14
SEC_003,2024-10-27,7,Cement,1.22
SEC_039,2024-06-17,4,Cement,0.75
SEC_033,2024-12-13,6,Cement,1.17
SEC_031,2024-03-17,3,Steel,1.0
SEC_003,2024-09-20,9,Other,0.98
SEC_037,2024-12-20,5,Steel,1.18
SEC_032,2024-05-05,12,Steel,1.1
SEC_039,2024-02-09,11,Foodgrain,1.1
SEC_041,2024-05-23,13,Steel,1.01
SEC_011,2024-08-06,9,Steel,0.87
SEC_011,2024-08-18,9,Other,0.84
SEC_046,2024-06-25,2,Coal,0.82
SEC_027,2024-12-07,10,Foodgrain,1.09
SEC_022,2024-07-30,5,Foodgrain,0.89
SEC_015,2024-08-22,2,Coal,0.88
SEC_032,2024-12-16,6,Steel,1.2
SEC_037,2024-12-09,12,Steel,1.12
SEC_001,2024-05-04,2,Foodgrain,1.08
SEC_028,2024-04-14,12,Foodgrain,1.46
SEC_049,2024-10-01,7,Foodgrain,1.34
SEC_014,2024-07-11,6,Steel,0.71
SEC_014,2024-06-12,8,Cement,0.9
SEC_044,2024-09-12,5,Steel,1.07
SEC_004,2024-08-29,7,Other,0.77
SEC_020,2024-11-30,9,Other,1.33
SEC_023,2024-05-13,14,Cement,0.98
SEC_040,2024-10-02,13,Coal,1.16
SEC_007,2024-03-24,6,Other,1.03
SEC_022,2024-12-08,3,Other,1.1
SEC_008,2024-01-31,11,Foodgrain,1.11
SEC_039,2024-10-01,18,Steel,1.4
SEC_031,2024-02-07,6,Cement,1.21
SEC_025,2024-11-18,10,Cement,1.39
SEC_020,2024-12-17,9,Cement,1.09
SEC_008,2024-10-26,15,Cement,1.37
SEC_046,2024-10-15,9,Other,1.29
SEC_032,2024-06-24,3,Other,0.71
SEC_016,2024-03-30,6,Cement,1.03
SEC_021,2024-12-26,10,Steel,1.19
SEC_036,2024-07-12,11,Other,0.82
SEC_036,2024-10-25,17,Other,1.22
SEC_023,2024-09-18,9,Foodgrain,0.96
SEC_015,2024-09-13,3,Coal,0.97
SEC_033,2024-05-09,6,Other,0.95
SEC_033,2024-06-05,1,Foodgrain,0.72
SEC_030,2024-06-10,1,Foodgrain,0.74
SEC_004,2024-08-08,9,Cement,0.87
SEC_024,2024-09-19,7,Coal,1.09
SEC_031,2024-03-13,6,Other,1.08
SEC_047,2024-03-24,13,Coal,0.98
SEC_026,2024-01-18,2,Steel,1.12
SEC_017,2024-07-11,6,Foodgrain,0.79
SEC_028,2024-09-01,10,Cement,0.96
SEC_009,2024-03-17,5,Coal,1.04
SEC_005,2024-09-17,5,Foodgrain,1.05
SEC_034,2024-01-02,7,Coal,1.11
SEC_049,2024-11-13,13,Other,1.3
SEC_042,2024-09-09,11,Steel,1.06
SEC_029,2024-09-07,6,Foodgrain,1.07
SEC_002,2024-09-15,9,Cement,1.01
SEC_049,2024-05-11,3,Coal,1.0
SEC_023,2024-12-30,2,Coal,1.13
SEC_015,2024-09-30,13,Other,1.08
SEC_044,2024-03-07,14,Foodgrain,1.42
SEC_037,2024-12-03,2,Steel,1.09
SEC_037,2024-09-27,9,Cement,0.98
SEC_014,2024-04-23,7,Other,1.0
SEC_049,2024-12-12,10,Cement,1.06
SEC_023,2024-03-31,7,Foodgrain,1.36
SEC_027,2024-08-23,2,Cement,0.73
SEC_037,2024-09-02,6,Other,1.0
SEC_033,2024-12-18,12,Steel,1.1
SEC_009,2024-07-27,3,Cement,0.7
SEC_015,2024-12-29,8,Other,1.09
SEC_018,2024-04-14,7,Steel,1.07
SEC_047,2024-10-20,16,Other,1.32
SEC_036,2024-03-30,6,Coal,1.04
SEC_018,2024-12-31,12,Steel,1.13
SEC_037,2024-10-06,8,Steel,1.31
SEC_037,2024-08-17,6,Coal,0.79
SEC_020,2024-01-25,4,Cement,1.21
SEC_020,2024-06-30,9,Foodgrain,0.78
SEC_044,2024-02-22,9,Steel,1.24
SEC_028,2024-12-01,10,Other,1.15
SEC_008,2024-05-18,2,Steel,1.03
SEC_036,2024-10-31,17,Other,1.39
SEC_029,2024-11-27,3,Cement,1.32
SEC_025,2024-02-10,7,Other,1.15
SEC_036,2024-10-04,12,Coal,1.23
SEC_045,2024-04-20,11,Other,1.1
SEC_017,2024-02-09,10,Coal,1.22
SEC_021,2024-04-05,8,Cement,1.0
SEC_010,2024-07-20,4,Cement,0.79
SEC_032,2024-11-09,8,Coal,1.4
SEC_020,2024-09-10,10,Coal,0.98
SEC_017,2024-03-26,12,Coal,1.01
SEC_035,2024-04-18,3,Coal,1.05
SEC_020,2024-04-21,14,Coal,1.04
SEC_023,2024-09-26,3,Other,1.04
SEC_022,2024-07-08,1,Steel,0.73
SEC_013,2024-01-09,6,Other,1.16
SEC_007,2024-01-28,7,Coal,1.17
SEC_041,2024-01-28,16,Cement,1.13
SEC_005,2024-12-17,5,Foodgrain,1.21
SEC_016,2024-07-03,2,Foodgrain,0.87
SEC_033,2024-06-28,10,Cement,0.74
SEC_007,2024-10-05,4,Steel,1.23
SEC_033,2024-03-10,5,Coal,1.09
SEC_036,2024-01-12,5,Steel,1.17
SEC_033,2024-04-09,14,Other,1.08
SEC_015,2024-03-17,5,Foodgrain,1.35
SEC_001,2024-10-19,9,Other,1.25
SEC_044,2024-10-26,18,Other,1.27
SEC_017,2024-08-20,10,Coal,0.73
SEC_040,2024-11-29,8,Coal,1.34
SEC_010,2024-06-19,3,Coal,0.85
SEC_008,2024-03-28,9,Coal,0.98
SEC_039,2024-05-01,8,Foodgrain,1.05
SEC_047,2024-02-21,16,Coal,1.14
SEC_043,2024-11-25,19,Other,1.33
SEC_037,2024-08-09,7,Foodgrain,0.73
SEC_013,2024-10-09,7,Cement,1.23
SEC_045,2024-04-13,3,Other,0.99
SEC_033,2024-09-19,4,Coal,0.98
SEC_009,2024-04-30,9,Foodgrain,1.47
SEC_007,2024-06-12,10,Cement,0.73
SEC_043,2024-08-26,9,Other,0.86
SEC_014,2024-12-25,5,Other,1.15
SEC_038,2024-07-23,4,Steel,0.74
SEC_007,2024-09-16,5,Steel,1.01
SEC_014,2024-08-05,2,Cement,0.84
SEC_014,2024-06-04,7,Cement,0.86
SEC_014,2024-12-07,5,Steel,1.07
SEC_034,2024-12-17,10,Foodgrain,1.07
SEC_045,2024-04-23,5,Other,0.97
SEC_045,2024-11-23,7,Steel,1.18
SEC_037,2024-06-14,12,Steel,0.86
SEC_010,2024-09-27,8,Other,1.05
SEC_048,2024-07-08,3,Cement,0.71
SEC_027,2024-10-07,5,Steel,1.28
SEC_027,2024-11-14,12,Steel,1.17
SEC_035,2024-06-04,3,Other,0.7
SEC_038,2024-09-13,11,Steel,1.09
SEC_047,2024-07-04,5,Cement,0.71
SEC_029,2024-10-19,3,Foodgrain,1.27
SEC_030,2024-03-11,13,Steel,0.98
SEC_037,2024-09-23,10,Steel,0.99
SEC_013,2024-08-05,12,Cement,0.87
SEC_016,2024-06-14,8,Other,0.81
SEC_031,2024-05-15,4,Coal,0.98
SEC_004,2024-09-13,4,Other,1.08
SEC_016,2024-05-07,10,Steel,1.0
SEC_036,2024-01-13,12,Cement,1.06
SEC_048,2024-12-13,4,Steel,1.2
SEC_026,2024-06-12,2,Steel,0.83
SEC_020,2024-03-01,6,Other,1.04
SEC_022,2024-03-23,5,Cement,1.06
SEC_034,2024-10-30,12,Other,1.21
SEC_027,2024-05-01,12,Coal,1.09
SEC_002,2024-04-13,2,Steel,1.03
SEC_027,2024-06-27,6,Coal,0.74
SEC_020,2024-01-11,13,Foodgrain,1.16
SEC_035,2024-07-24,7,Foodgrain,0.74
SEC_043,2024-01-15,9,Other,1.15
SEC_048,2024-11-01,10,Steel,1.26
SEC_030,2024-06-06,1,Cement,0.74
SEC_018,2024-03-20,11,Other,1.1
SEC_022,2024-06-15,3,Coal,0.79
SEC_009,2024-03-05,14,Foodgrain,1.36
SEC_046,2024-04-27,11,Steel,1.04
SEC_042,2024-02-17,17,Coal,1.19
SEC_042,2024-09-01,10,Foodgrain,1.03
SEC_017,2024-12-23,7,Steel,1.24
SEC_016,2024-06-26,9,Steel,0.84
SEC_042,2024-02-06,11,Steel,1.19
SEC_027,2024-01-28,9,Foodgrain,1.18
SEC_035,2024-10-31,16,Steel,1.3
SEC_025,2024-05-07,14,Cement,1.1
SEC_022,2024-04-18,2,Steel,1.02
SEC_031,2024-02-07,10,Cement,1.11
SEC_040,2024-08-30,3,Foodgrain,0.87
SEC_017,2024-01-24,14,Steel,1.23
SEC_040,2024-11-26,18,Other,1.3
SEC_012,2024-03-17,11,Cement,0.96
SEC_020,2024-01-26,5,Foodgrain,1.17
SEC_045,2024-09-13,6,Foodgrain,1.03
SEC_047,2024-05-09,12,Cement,1.0
SEC_046,2024-09-11,5,Cement,1.07
SEC_016,2024-01-15,7,Cement,1.16
SEC_042,2024-11-11,7,Coal,1.34
SEC_046,2024-04-23,13,Steel,0.96
SEC_048,2024-10-03,6,Foodgrain,1.23
SEC_002,2024-12-08,7,Foodgrain,1.09
SEC_037,2024-07-14,10,Steel,0.83
SEC_049,2024-05-02,8,Other,1.05
SEC_038,2024-04-24,9,Steel,1.01
SEC_012,2024-09-08,2,Foodgrain,1.05
SEC_038,2024-01-03,13,Cement,1.16
SEC_006,2024-02-23,3,Steel,1.14
SEC_024,2024-08-24,3,Foodgrain,0.72
SEC_031,2024-01-10,4,Cement,1.06
SEC_023,2024-04-16,11,Steel,1.0
SEC_035,2024-08-25,4,Other,0.84
SEC_012,2024-04-01,11,Foodgrain,1.39
SEC_030,2024-12-06,9,Cement,1.18
SEC_032,2024-12-22,5,Cement,1.25
SEC_032,2024-01-13,11,Other,1.12
SEC_015,2024-03-04,11,Cement,0.99
SEC_015,2024-11-28,8,Foodgrain,1.27
SEC_013,2024-01-12,9,Cement,1.11
SEC_023,2024-06-27,4,Foodgrain,0.77
SEC_029,2024-12-13,9,Other,1.22
SEC_018,2024-08-03,5,Foodgrain,0.8
SEC_021,2024-04-21,3,Cement,0.98
SEC_015,2024-01-03,5,Steel,1.25
SEC_011,2024-05-23,3,Coal,1.05
SEC_033,2024-07-17,2,Foodgrain,0.74
SEC_040,2024-01-30,8,Other,1.12
SEC_015,2024-07-12,12,Cement,0.9
SEC_043,2024-05-27,9,Steel,0.99
SEC_028,2024-04-29,9,Other,1.04
SEC_009,2024-12-21,2,Cement,1.24
SEC_018,2024-11-23,12,Foodgrain,1.24
SEC_001,2024-09-11,14,Other,1.07
SEC_002,2024-08-04,7,Cement,0.74
SEC_017,2024-06-22,13,Steel,0.9
SEC_023,2024-01-26,10,Coal,1.21
SEC_040,2024-04-22,7,Steel,1.05
SEC_007,2024-01-04,7,Coal,1.07
SEC_042,2024-05-13,13,Coal,0.98
SEC_012,2024-06-22,10,Foodgrain,0.84
SEC_007,2024-08-11,11,Other,0.89
SEC_035,2024-05-09,14,Cement,1.07
SEC_038,2024-04-03,17,Foodgrain,1.44
SEC_030,2024-09-16,14,Steel,1.04
SEC_006,2024-02-25,2,Cement,1.24
SEC_006,2024-02-15,6,Foodgrain,1.14
SEC_020,2024-09-11,12,Coal,1.01
SEC_023,2024-08-02,8,Foodgrain,0.79
SEC_049,2024-11-14,11,Coal,1.4
SEC_015,2024-09-27,9,Foodgrain,0.98
SEC_010,2024-11-25,10,Coal,1.19
SEC_047,2024-08-31,9,Steel,0.8
SEC_008,2024-11-03,11,Other,1.18
SEC_002,2024-03-02,10,Coal,1.05
SEC_021,2024-07-13,10,Coal,0.86
SEC_020,2024-12-11,8,Steel,1.2
SEC_031,2024-10-15,4,Other,1.31
SEC_044,2024-05-27,6,Other,1.05
SEC_046,2024-12-05,13,Cement,1.19
SEC_015,2024-04-24,8,Cement,1.04
SEC_049,2024-01-09,13,Other,1.22
SEC_032,2024-10-18,5,Steel,1.29
SEC_004,2024-05-30,3,Foodgrain,1.07
SEC_046,2024-01-13,17,Coal,1.18
SEC_007,2024-03-15,14,Foodgrain,1.36
SEC_029,2024-01-27,10,Other,1.08
SEC_039,2024-12-30,13,Coal,1.06
SEC_013,2024-11-06,10,Cement,1.25
SEC_014,2024-12-06,8,Foodgrain,1.05
SEC_024,2024-03-07,7,Other,1.04
SEC_044,2024-10-20,4,Foodgrain,1.21
SEC_011,2024-07-25,4,Foodgrain,0.9
SEC_033,2024-04-18,10,Coal,1.1
SEC_023,2024-09-01,2,Foodgrain,1.02
SEC_006,2024-12-14,13,Other,1.06
SEC_035,2024-06-17,10,Coal,0.76
SEC_041,2024-01-11,5,Coal,1.06
SEC_029,2024-11-04,14,Other,1.39
SEC_009,2024-03-09,8,Steel,1.04
SEC_008,2024-03-07,2,Cement,1.03
SEC_021,2024-08-13,4,Cement,0.88
SEC_025,2024-10-19,9,Foodgrain,1.32
SEC_028,2024-10-17,4,Foodgrain,1.27
SEC_012,2024-11-13,5,Cement,1.15
SEC_025,2024-11-19,13,Steel,1.28
SEC_015,2024-02-16,17,Coal,1.23
SEC_034,2024-04-19,13,Other,0.96
SEC_040,2024-09-20,8,Coal,0.96
SEC_032,2024-05-23,13,Coal,1.03
SEC_001,2024-09-19,10,Cement,1.02
SEC_049,2024-06-15,7,Foodgrain,0.79
SEC_002,2024-06-14,4,Steel,0.82
SEC_049,2024-01-10,16,Coal,1.17
SEC_002,2024-08-10,2,Steel,0.76
SEC_026,2024-11-12,6,Coal,1.39
SEC_006,2024-10-26,6,Foodgrain,1.29
SEC_005,2024-05-03,9,Foodgrain,0.95
SEC_034,2024-09-04,15,Other,1.09
SEC_036,2024-03-13,9,Other,1.1
SEC_006,2024-08-19,9,Foodgrain,0.73
SEC_048,2024-05-29,6,Foodgrain,0.98
SEC_016,2024-12-05,6,Cement,1.13
SEC_016,2024-09-17,14,Steel,1.01
SEC_015,2024-01-27,13,Cement,1.22
SEC_023,2024-11-14,13,Coal,1.22
SEC_009,2024-09-22,2,Other,1.04
SEC_021,2024-03-19,14,Other,1.04
SEC_011,2024-04-13,5,Other,0.99
SEC_003,2024-03-04,13,Steel,1.03
SEC_019,2024-04-23,6,Cement,1.1
SEC_033,2024-12-11,11,Foodgrain,1.14
SEC_038,2024-11-26,13,Other,1.26
SEC_018,2024-07-20,12,Coal,0.9
SEC_016,2024-05-12,5,Steel,1.01
SEC_039,2024-05-13,4,Coal,0.96
SEC_034,2024-12-16,9,Other,1.11
SEC_041,2024-03-13,6,Coal,1.01
SEC_045,2024-10-04,15,Coal,1.19
SEC_041,2024-12-30,10,Coal,1.24
SEC_046,2024-11-09,11,Other,1.21
SEC_021,2024-09-20,10,Foodgrain,0.96
SEC_020,2024-11-25,3,Coal,1.31
SEC_016,2024-03-20,14,Steel,0.99
SEC_012,2024-12-26,8,Foodgrain,1.21
SEC_037,2024-02-03,3,Other,1.12
SEC_036,2024-01-06,15,Steel,1.05
SEC_040,2024-03-13,6,Coal,1.0
SEC_009,2024-08-10,9,Cement,0.84
SEC_025,2024-03-31,7,Foodgrain,1.46
SEC_011,2024-08-19,8,Coal,0.76
SEC_044,2024-02-10,5,Foodgrain,1.15
SEC_014,2024-09-12,4,Foodgrain,1.05
SEC_008,2024-03-25,14,Steel,1.07
SEC_028,2024-07-10,10,Steel,0.8
SEC_044,2024-02-12,16,Coal,1.11
SEC_045,2024-12-21,6,Other,1.25
SEC_005,2024-05-18,7,Coal,0.99
SEC_016,2024-08-09,6,Foodgrain,0.78
SEC_008,2024-06-26,7,Coal,0.79
SEC_016,2024-08-05,9,Other,0.71
SEC_027,2024-06-15,5,Steel,0.8
SEC_014,2024-01-27,11,Other,1.18
SEC_004,2024-10-30,19,Coal,1.39
SEC_025,2024-08-23,2,Steel,0.8
SEC_003,2024-04-02,9,Steel,1.05
SEC_012,2024-01-31,15,Coal,1.22
SEC_001,2024-11-20,15,Foodgrain,1.33
SEC_005,2024-05-01,10,Foodgrain,1.02
SEC_022,2024-11-28,17,Foodgrain,1.32
SEC_042,2024-10-07,6,Foodgrain,1.19
SEC_038,2024-12-17,10,Coal,1.11
SEC_005,2024-08-29,4,Steel,0.74
SEC_002,2024-03-07,14,Foodgrain,1.43
SEC_017,2024-01-13,14,Cement,1.24
SEC_032,2024-03-30,14,Steel,1.01
SEC_037,2024-06-09,8,Foodgrain,0.74
SEC_041,2024-08-16,3,Other,0.89
SEC_017,2024-11-23,2,Cement,1.25
SEC_009,2024-02-21,7,Coal,1.17
SEC_002,2024-08-20,3,Steel,0.71
SEC_008,2024-02-01,12,Coal,1.23
SEC_004,2024-06-25,12,Other,0.84
SEC_043,2024-01-27,7,Other,1.07
SEC_014,2024-05-16,5,Foodgrain,0.99
SEC_041,2024-08-09,4,Steel,0.78
SEC_028,2024-09-27,6,Cement,0.97
SEC_027,2024-10-21,11,Coal,1.24
SEC_023,2024-07-10,2,Cement,0.8
SEC_041,2024-04-04,5,Other,1.02
SEC_003,2024-11-30,11,Coal,1.33
SEC_005,2024-12-07,3,Foodgrain,1.15
SEC_021,2024-12-20,13,Coal,1.17
SEC_020,2024-10-16,14,Cement,1.38
SEC_027,2024-10-11,8,Cement,1.35
SEC_037,2024-01-29,13,Coal,1.22
SEC_029,2024-07-28,4,Other,0.88
SEC_013,2024-05-29,12,Steel,1.04
SEC_017,2024-04-04,16,Foodgrain,1.47
SEC_037,2024-01-25,7,Steel,1.24
SEC_010,2024-03-19,6,Other,0.98
SEC_025,2024-11-30,5,Cement,1.19
SEC_027,2024-11-28,12,Other,1.34
SEC_037,2024-09-28,7,Steel,1.06
SEC_036,2024-02-07,5,Foodgrain,1.15
SEC_023,2024-09-08,8,Foodgrain,1.08
SEC_016,2024-02-16,14,Steel,1.14
SEC_019,2024-09-06,11,Other,1.08
SEC_021,2024-01-13,8,Other,1.09
SEC_011,2024-04-14,7,Other,0.97
SEC_031,2024-02-14,16,Foodgrain,1.16
SEC_011,2024-12-07,13,Coal,1.06
SEC_032,2024-07-27,5,Coal,0.71
SEC_037,2024-12-03,13,Foodgrain,1.19
SEC_048,2024-01-08,14,Other,1.13
SEC_006,2024-09-27,6,Cement,0.99
SEC_038,2024-06-24,6,Cement,0.71
SEC_005,2024-06-20,7,Cement,0.82
SEC_017,2024-11-15,3,Other,1.37
SEC_009,2024-01-18,10,Other,1.08
SEC_008,2024-12-11,11,Steel,1.11
SEC_009,2024-01-11,14,Cement,1.17
SEC_003,2024-05-12,13,Steel,1.07
SEC_041,2024-02-20,7,Cement,1.06
SEC_003,2024-07-10,11,Coal,0.88
SEC_020,2024-08-06,4,Coal,0.72
SEC_035,2024-08-22,7,Coal,0.82
SEC_049,2024-10-19,14,Foodgrain,1.27
SEC_042,2024-10-01,9,Other,1.3
SEC_007,2024-12-13,8,Foodgrain,1.21
SEC_049,2024-06-13,3,Foodgrain,0.86
SEC_033,2024-03-05,10,Cement,0.95
SEC_009,2024-02-26,6,Other,1.15
SEC_022,2024-04-10,16,Foodgrain,1.35
SEC_045,2024-08-08,10,Cement,0.75
SEC_020,2024-01-20,16,Foodgrain,1.22
SEC_009,2024-12-15,4,Other,1.25
SEC_043,2024-12-27,9,Foodgrain,1.07
SEC_047,2024-03-01,13,Other,0.95
SEC_048,2024-10-12,15,Other,1.35
SEC_047,2024-08-06,6,Other,0.79
SEC_043,2024-06-24,6,Steel,0.87
SEC_023,2024-09-25,11,Steel,0.98
SEC_010,2024-07-29,2,Cement,0.89
SEC_031,2024-04-28,14,Other,1.03
SEC_011,2024-07-24,11,Cement,0.89
SEC_024,2024-02-19,16,Cement,1.21
SEC_033,2024-04-03,11,Foodgrain,1.43
SEC_047,2024-12-22,13,Other,1.18
SEC_015,2024-03-08,19,Foodgrain,1.33
SEC_013,2024-08-06,6,Cement,0.84
SEC_037,2024-04-18,18,Foodgrain,1.37
SEC_001,2024-06-19,4,Other,0.84
SEC_028,2024-03-31,5,Cement,0.96
SEC_037,2024-07-27,4,Other,0.71
SEC_027,2024-07-23,6,Coal,0.71
SEC_019,2024-08-14,2,Steel,0.82
SEC_041,2024-04-22,6,Other,0.95
SEC_019,2024-07-30,8,Coal,0.75
SEC_035,2024-09-23,11,Cement,1.01
SEC_023,2024-09-20,7,Cement,1.06
SEC_002,2024-07-26,10,Steel,0.86
SEC_026,2024-04-19,15,Coal,1.05
SEC_003,2024-07-13,9,Coal,0.81
SEC_046,2024-07-15,8,Other,0.79
SEC_030,2024-12-14,2,Coal,1.25
SEC_019,2024-05-17,12,Cement,1.08
SEC_024,2024-04-28,10,Coal,1.05
SEC_031,2024-10-01,12,Steel,1.29
SEC_013,2024-08-20,2,Coal,0.76
SEC_015,2024-06-05,3,Cement,0.77
SEC_021,2024-01-01,14,Coal,1.17
SEC_013,2024-09-14,9,Cement,1.01
SEC_038,2024-09-26,6,Other,1.08
SEC_006,2024-12-06,4,Cement,1.21
SEC_041,2024-07-02,9,Cement,0.78
SEC_018,2024-07-07,10,Other,0.8
SEC_028,2024-03-17,9,Other,0.98
SEC_008,2024-06-17,8,Cement,0.77
SEC_019,2024-01-01,9,Foodgrain,1.18
SEC_037,2024-07-02,9,Steel,0.79
SEC_014,2024-09-15,4,Cement,1.01
SEC_007,2024-10-14,4,Coal,1.28
SEC_026,2024-08-30,9,Other,0.87
SEC_008,2024-10-21,13,Other,1.21
SEC_016,2024-08-31,7,Steel,0.78
SEC_023,2024-10-12,17,Cement,1.32
SEC_028,2024-06-09,10,Cement,0.8
SEC_032,2024-08-08,6,Other,0.87
SEC_034,2024-08-21,2,Other,0.88
SEC_042,2024-07-28,10,Cement,0.86
SEC_004,2024-07-28,3,Other,0.84
SEC_018,2024-10-13,6,Steel,1.28
SEC_001,2024-03-28,19,Foodgrain,1.36
SEC_001,2024-04-25,15,Coal,1.04
SEC_011,2024-07-08,6,Other,0.74
SEC_030,2024-08-24,2,Steel,0.86
SEC_044,2024-07-07,9,Foodgrain,0.81
SEC_038,2024-03-13,5,Coal,1.09
SEC_032,2024-10-28,19,Steel,1.35
SEC_039,2024-07-18,1,Cement,0.73
SEC_009,2024-06-07,10,Steel,0.76
SEC_042,2024-11-17,9,Foodgrain,1.29
SEC_044,2024-06-08,10,Foodgrain,0.75
SEC_005,2024-02-29,3,Cement,1.09
SEC_024,2024-12-26,14,Steel,1.05
SEC_041,2024-05-20,9,Foodgrain,0.98
SEC_024,2024-11-23,8,Coal,1.33
SEC_042,2024-07-08,5,Foodgrain,0.8
SEC_046,2024-03-29,8,Coal,1.09
SEC_024,2024-05-17,7,Cement,1.06
SEC_003,2024-11-29,12,Other,1.24
SEC_017,2024-12-11,7,Foodgrain,1.22
SEC_011,2024-02-20,6,Other,1.24
SEC_024,2024-12-27,11,Steel,1.1
SEC_029,2024-11-08,17,Other,1.38
SEC_023,2024-08-25,7,Foodgrain,0.75
SEC_010,2024-03-08,5,Foodgrain,1.32
SEC_015,2024-08-02,6,Foodgrain,0.77
SEC_034,2024-06-04,6,Other,0.72
SEC_002,2024-02-15,11,Cement,1.08
SEC_011,2024-12-26,8,Foodgrain,1.09
SEC_044,2024-08-08,11,Cement,0.85
SEC_005,2024-02-05,6,Foodgrain,1.06
SEC_021,2024-05-05,14,Other,0.97
SEC_011,2024-11-03,6,Foodgrain,1.19
SEC_006,2024-06-10,3,Other,0.74
SEC_021,2024-06-30,3,Steel,0.78
SEC_026,2024-02-22,7,Foodgrain,1.15
SEC_009,2024-02-10,12,Cement,1.23
SEC_004,2024-12-23,14,Foodgrain,1.19
SEC_007,2024-12-14,5,Foodgrain,1.14
SEC_032,2024-02-04,5,Coal,1.2
SEC_043,2024-07-20,7,Other,0.73
SEC_009,2024-09-06,4,Steel,1.07
SEC_016,2024-11-18,5,Coal,1.24
SEC_017,2024-07-23,6,Other,0.85
SEC_018,2024-11-14,19,Coal,1.37
SEC_012,2024-02-14,7,Cement,1.24
SEC_003,2024-01-06,8,Steel,1.14
SEC_026,2024-06-19,5,Cement,0.73
SEC_018,2024-04-06,9,Steel,1.07
SEC_017,2024-10-03,7,Cement,1.17
SEC_013,2024-05-03,7,Other,1.09
SEC_046,2024-05-28,8,Foodgrain,0.98
SEC_030,2024-07-14,4,Foodgrain,0.89
SEC_021,2024-12-17,3,Cement,1.12
SEC_011,2024-01-27,13,Steel,1.11
SEC_040,2024-07-21,8,Foodgrain,0.75
SEC_044,2024-05-22,4,Cement,0.96
SEC_002,2024-01-14,16,Coal,1.13
SEC_046,2024-10-25,14,Foodgrain,1.28
SEC_035,2024-11-30,2,Foodgrain,1.25
SEC_005,2024-03-04,4,Steel,1.05
SEC_037,2024-10-05,12,Foodgrain,1.21
SEC_006,2024-09-13,2,Steel,1.09
SEC_003,2024-09-15,4,Foodgrain,1.09
SEC_006,2024-06-17,3,Steel,0.75
SEC_023,2024-04-27,5,Other,1.04
SEC_031,2024-01-26,9,Cement,1.23
SEC_020,2024-01-13,11,Cement,1.14
SEC_006,2024-03-05,3,Other,1.03
SEC_010,2024-07-12,4,Coal,0.72
SEC_042,2024-02-21,8,Steel,1.17
SEC_048,2024-09-08,11,Coal,1.09
SEC_037,2024-08-14,4,Cement,0.83
SEC_006,2024-05-06,13,Steel,0.95
SEC_041,2024-02-01,14,Cement,1.11
SEC_034,2024-07-08,2,Other,0.75
SEC_026,2024-10-28,4,Steel,1.35
SEC_008,2024-05-24,6,Steel,0.96
SEC_049,2024-10-22,12,Foodgrain,1.23
SEC_022,2024-04-14,17,Foodgrain,1.44
SEC_003,2024-01-30,15,Steel,1.1
SEC_011,2024-08-25,9,Steel,0.82
SEC_020,2024-11-21,8,Steel,1.28
SEC_004,2024-11-19,11,Foodgrain,1.17
SEC_016,2024-12-17,5,Foodgrain,1.21
SEC_023,2024-02-09,11,Foodgrain,1.12
SEC_047,2024-01-16,2,Steel,1.11
SEC_005,2024-07-27,11,Cement,0.83
SEC_029,2024-12-13,17,Foodgrain,1.22
SEC_045,2024-12-31,2,Steel,1.2
SEC_040,2024-04-12,15,Cement,1.05
SEC_046,2024-05-17,6,Other,1.03
SEC_009,2024-08-31,8,Steel,0.89
SEC_040,2024-11-30,10,Foodgrain,1.15
SEC_048,2024-03-04,9,Other,1.07
SEC_016,2024-12-23,7,Steel,1.06
SEC_025,2024-10-26,16,Steel,1.36
SEC_027,2024-01-25,14,Steel,1.15
SEC_025,2024-11-04,14,Foodgrain,1.19
SEC_015,2024-08-22,12,Foodgrain,0.89
SEC_048,2024-12-24,2,Cement,1.06
SEC_047,2024-03-17,10,Steel,1.03
SEC_019,2024-12-29,13,Foodgrain,1.19
SEC_040,2024-01-18,16,Coal,1.16
SEC_020,2024-01-28,14,Other,1.17
SEC_039,2024-06-12,10,Steel,0.87
SEC_029,2024-08-28,3,Steel,0.9
SEC_024,2024-03-02,13,Coal,1.08
SEC_007,2024-04-09,13,Steel,1.0
SEC_033,2024-05-22,12,Other,1.09
SEC_016,2024-02-15,3,Foodgrain,1.07
SEC_011,2024-03-05,2,Cement,1.01
SEC_010,2024-02-24,17,Foodgrain,1.24
SEC_049,2024-12-15,9,Steel,1.15
SEC_006,2024-12-08,13,Cement,1.16
SEC_040,2024-08-18,3,Steel,0.72
SEC_043,2024-09-07,10,Cement,0.97
SEC_002,2024-02-20,15,Other,1.18
SEC_029,2024-01-19,6,Coal,1.1
SEC_029,2024-05-17,6,Coal,1.05
SEC_018,2024-12-26,10,Cement,1.22
SEC_033,2024-06-23,7,Coal,0.84
SEC_021,2024-10-22,7,Cement,1.34
SEC_022,2024-05-15,13,Steel,0.96
SEC_022,2024-04-23,15,Foodgrain,1.38
SEC_040,2024-10-24,7,Cement,1.23
SEC_032,2024-06-21,7,Steel,0.88
SEC_019,2024-09-24,4,Other,0.99
SEC_046,2024-09-22,15,Other,1.04
SEC_040,2024-09-23,10,Steel,0.99
SEC_046,2024-09-04,11,Cement,1.06
SEC_036,2024-10-23,3,Cement,1.28
SEC_020,2024-06-18,3,Steel,0.86
SEC_038,2024-04-20,13,Other,1.07
SEC_017,2024-07-06,9,Steel,0.85
SEC_014,2024-04-28,7,Steel,1.01
SEC_023,2024-01-16,9,Cement,1.18
SEC_048,2024-05-12,7,Coal,0.97
SEC_028,2024-07-02,6,Other,0.72
SEC_019,2024-07-09,8,Steel,0.87
SEC_023,2024-05-04,3,Foodgrain,1.07
SEC_015,2024-09-22,2,Cement,0.98
SEC_033,2024-04-14,15,Other,1.05
SEC_018,2024-08-25,2,Cement,0.79
SEC_028,2024-04-08,2,Steel,1.04
SEC_019,2024-12-27,3,Cement,1.13
SEC_016,2024-08-25,10,Steel,0.86
SEC_048,2024-07-22,5,Foodgrain,0.84
SEC_017,2024-06-06,4,Cement,0.73
SEC_004,2024-10-03,9,Foodgrain,1.27
SEC_019,2024-06-04,6,Coal,0.83
SEC_027,2024-10-20,12,Coal,1.28
SEC_005,2024-02-28,9,Coal,1.15
SEC_015,2024-10-27,13,Coal,1.28
SEC_009,2024-12-18,14,Cement,1.08
SEC_025,2024-03-29,11,Coal,0.95
SEC_036,2024-03-22,4,Steel,1.0
SEC_048,2024-12-15,4,Steel,1.17
SEC_020,2024-05-28,13,Coal,1.06
SEC_043,2024-09-11,2,Other,1.1
SEC_011,2024-03-10,2,Coal,0.98
SEC_039,2024-06-05,5,Coal,0.72
SEC_028,2024-09-14,10,Steel,1.01
SEC_038,2024-11-23,17,Coal,1.23
SEC_038,2024-06-08,5,Steel,0.88
SEC_027,2024-01-28,14,Coal,1.07
SEC_013,2024-05-31,6,Steel,1.02
SEC_026,2024-08-23,2,Coal,0.78
SEC_041,2024-11-16,13,Other,1.3
SEC_048,2024-11-01,14,Cement,1.35
SEC_046,2024-10-04,15,Cement,1.25
SEC_009,2024-03-01,13,Foodgrain,1.47
SEC_030,2024-07-09,9,Cement,0.87
SEC_006,2024-07-29,2,Other,0.79
SEC_033,2024-06-20,2,Coal,0.83
SEC_049,2024-12-03,4,Foodgrain,1.24
SEC_003,2024-12-17,15,Coal,1.08
SEC_033,2024-03-17,17,Foodgrain,1.4
SEC_047,2024-12-16,15,Other,1.13
SEC_042,2024-11-05,12,Cement,1.28
SEC_020,2024-09-14,14,Cement,1.02
SEC_006,2024-05-19,7,Coal,0.98
SEC_046,2024-10-05,3,Other,1.27
SEC_046,2024-08-02,6,Cement,0.8
SEC_029,2024-11-25,18,Steel,1.35
SEC_048,2024-09-17,12,Steel,0.96
SEC_001,2024-12-18,13,Foodgrain,1.06
SEC_031,2024-06-02,8,Cement,0.7
SEC_002,2024-01-31,10,Foodgrain,1.16
SEC_046,2024-06-29,8,Other,0.76
SEC_034,2024-12-31,9,Steel,1.23
SEC_045,2024-08-27,11,Cement,0.84
SEC_028,2024-09-14,7,Other,1.09
SEC_005,2024-08-16,1,Cement,0.73
SEC_002,2024-08-04,3,Steel,0.75
SEC_017,2024-01-23,4,Foodgrain,1.1
SEC_037,2024-05-31,2,Foodgrain,1.0
SEC_008,2024-02-01,5,Steel,1.16
SEC_042,2024-05-03,4,Coal,0.97
SEC_012,2024-09-20,4,Coal,1.05
SEC_025,2024-10-21,9,Cement,1.31
SEC_010,2024-03-22,10,Steel,0.99
SEC_023,2024-08-27,10,Cement,0.89
SEC_023,2024-03-23,12,Cement,0.99
SEC_001,2024-03-14,14,Foodgrain,1.45
SEC_028,2024-12-17,14,Steel,1.16
SEC_039,2024-08-11,4,Other,0.74
SEC_046,2024-03-13,8,Coal,1.05
SEC_017,2024-02-21,10,Steel,1.22
SEC_044,2024-01-19,3,Cement,1.07
SEC_044,2024-06-30,2,Other,0.77
SEC_049,2024-02-07,15,Foodgrain,1.14
SEC_019,2024-08-01,7,Cement,0.72
SEC_042,2024-06-07,2,Steel,0.82
SEC_028,2024-08-20,11,Other,0.88
SEC_003,2024-03-16,19,Foodgrain,1.48
SEC_014,2024-02-23,10,Cement,1.23
SEC_033,2024-02-06,7,Coal,1.16
SEC_008,2024-02-04,2,Foodgrain,1.24
SEC_022,2024-01-27,7,Cement,1.05
SEC_038,2024-04-04,7,Foodgrain,1.31
SEC_008,2024-10-19,6,Other,1.29
SEC_025,2024-08-10,7,Other,0.83
SEC_011,2024-04-01,6,Coal,0.97
SEC_027,2024-12-06,2,Other,1.1
SEC_012,2024-10-05,9,Steel,1.16
SEC_048,2024-10-12,2,Foodgrain,1.22
SEC_004,2024-11-24,13,Foodgrain,1.4
SEC_048,2024-09-29,12,Cement,1.0
SEC_039,2024-12-16,16,Foodgrain,1.13
SEC_042,2024-04-30,20,Foodgrain,1.43
SEC_042,2024-11-09,19,Foodgrain,1.36
SEC_010,2024-02-10,14,Steel,1.08
SEC_046,2024-04-19,16,Foodgrain,1.3
SEC_030,2024-11-22,6,Coal,1.3
SEC_048,2024-02-18,17,Coal,1.23
SEC_044,2024-07-02,5,Cement,0.87
SEC_029,2024-05-04,13,Steel,1.05
SEC_019,2024-02-06,12,Cement,1.19
SEC_006,2024-03-27,9,Cement,1.03
SEC_005,2024-07-14,9,Cement,0.86
SEC_020,2024-08-18,9,Foodgrain,0.82
SEC_040,2024-09-04,2,Foodgrain,1.03
SEC_025,2024-02-18,6,Cement,1.17
SEC_024,2024-04-27,12,Steel,0.95
SEC_012,2024-02-08,4,Foodgrain,1.06
SEC_028,2024-01-04,7,Steel,1.21
SEC_032,2024-05-22,10,Steel,1.02
SEC_049,2024-08-15,4,Coal,0.84
SEC_036,2024-05-15,10,Coal,1.03
SEC_030,2024-01-15,10,Coal,1.14
SEC_045,2024-03-21,5,Cement,1.06
SEC_021,2024-06-07,1,Cement,0.7
SEC_046,2024-05-10,5,Coal,1.05
SEC_019,2024-10-28,2,Cement,1.23
SEC_007,2024-08-06,8,Cement,0.77
SEC_021,2024-12-31,11,Other,1.2
SEC_007,2024-03-05,6,Other,1.07
SEC_006,2024-05-15,5,Coal,0.97
SEC_044,2024-02-01,15,Foodgrain,1.25
SEC_039,2024-01-08,2,Other,1.21
SEC_011,2024-12-04,5,Steel,1.05
SEC_042,2024-06-29,7,Foodgrain,0.83
SEC_004,2024-08-29,5,Coal,0.8
SEC_014,2024-04-11,9,Steel,0.95
SEC_035,2024-01-19,15,Other,1.08
SEC_015,2024-11-22,12,Cement,1.36
SEC_036,2024-08-28,6,Steel,0.81
SEC_043,2024-09-17,9,Other,1.1
SEC_004,2024-07-14,4,Steel,0.78
SEC_002,2024-05-27,7,Steel,0.96
SEC_047,2024-06-03,9,Foodgrain,0.86
SEC_026,2024-10-05,2,Cement,1.18
SEC_025,2024-03-24,4,Steel,0.96
SEC_023,2024-05-04,4,Steel,1.02
SEC_022,2024-04-22,5,Cement,0.96
SEC_034,2024-07-09,6,Steel,0.8
SEC_029,2024-12-20,9,Coal,1.07
SEC_009,2024-12-03,2,Coal,1.11
SEC_031,2024-07-18,2,Steel,0.83
SEC_033,2024-03-14,9,Coal,0.97
SEC_006,2024-12-10,9,Coal,1.07
SEC_019,2024-04-24,4,Cement,1.08
SEC_039,2024-05-10,15,Foodgrain,1.09
SEC_031,2024-11-20,11,Coal,1.38
SEC_007,2024-04-06,7,Steel,0.97
SEC_002,2024-06-18,8,Cement,0.83
SEC_029,2024-12-01,7,Other,1.14
SEC_023,2024-04-26,11,Other,1.02
SEC_048,2024-08-16,6,Steel,0.87
SEC_026,2024-01-14,3,Other,1.05
SEC_046,2024-12-30,11,Foodgrain,1.13
SEC_011,2024-06-02,2,Steel,0.74
SEC_022,2024-09-02,8,Foodgrain,0.96
SEC_007,2024-07-02,6,Coal,0.85
SEC_029,2024-06-07,6,Foodgrain,0.81
SEC_010,2024-05-28,6,Foodgrain,0.95
SEC_025,2024-01-07,2,Foodgrain,1.15
SEC_017,2024-04-11,6,Coal,0.99
SEC_010,2024-05-19,14,Coal,1.02
SEC_005,2024-05-15,4,Steel,1.0
SEC_026,2024-04-10,11,Other,1.09
SEC_047,2024-08-23,8,Foodgrain,0.9
SEC_010,2024-10-30,8,Foodgrain,1.31
SEC_020,2024-11-22,4,Cement,1.32
SEC_012,2024-12-21,10,Foodgrain,1.22
SEC_040,2024-08-25,11,Steel,0.81
SEC_021,2024-05-30,14,Other,0.97
SEC_048,2024-08-24,7,Steel,0.73
SEC_013,2024-02-18,11,Cement,1.06
SEC_004,2024-10-25,5,Other,1.17
SEC_029,2024-07-14,6,Cement,0.79
SEC_032,2024-03-01,15,Other,1.05
SEC_049,2024-06-04,8,Coal,0.84
SEC_043,2024-04-20,12,Cement,0.99
SEC_044,2024-05-07,14,Coal,1.04
SEC_032,2024-01-19,12,Foodgrain,1.11
SEC_018,2024-01-06,16,Coal,1.13
SEC_022,2024-05-07,12,Cement,1.07
SEC_007,2024-04-20,7,Steel,1.0
SEC_022,2024-12-31,12,Coal,1.18
SEC_018,2024-04-06,10,Other,1.09
SEC_002,2024-04-30,12,Other,0.98
SEC_011,2024-11-30,4,Coal,1.31
SEC_027,2024-11-10,17,Steel,1.24
SEC_019,2024-01-21,8,Coal,1.2
SEC_049,2024-02-01,10,Cement,1.14
SEC_024,2024-02-04,16,Other,1.16
SEC_047,2024-06-17,5,Steel,0.76
SEC_033,2024-07-28,11,Foodgrain,0.85
SEC_002,2024-05-08,9,Cement,1.09
SEC_010,2024-01-05,10,Foodgrain,1.05
SEC_035,2024-03-14,12,Cement,0.97
SEC_027,2024-08-12,12,Cement,0.85
SEC_015,2024-05-16,14,Cement,1.07
SEC_026,2024-02-15,2,Cement,1.17
SEC_045,2024-08-26,3,Foodgrain,0.89
SEC_020,2024-08-12,9,Steel,0.77
SEC_003,2024-06-28,1,Cement,0.7
SEC_016,2024-12-10,17,Coal,1.2
SEC_046,2024-11-05,16,Foodgrain,1.35
SEC_038,2024-01-15,3,Coal,1.16
SEC_042,2024-11-27,14,Cement,1.38
SEC_045,2024-01-19,9,Cement,1.18
SEC_006,2024-06-25,5,Foodgrain,0.89
SEC_014,2024-11-26,3,Steel,1.39
SEC_003,2024-12-25,12,Foodgrain,1.16
SEC_001,2024-01-09,15,Cement,1.24
SEC_041,2024-01-27,13,Cement,1.07
SEC_046,2024-03-29,2,Other,1.09
SEC_008,2024-04-11,12,Coal,1.06
SEC_036,2024-04-12,9,Coal,1.01
SEC_027,2024-06-01,2,Cement,0.75
SEC_004,2024-04-26,5,Coal,1.0
SEC_045,2024-08-01,6,Coal,0.84
SEC_043,2024-11-08,11,Steel,1.26
SEC_028,2024-07-18,4,Cement,0.75
SEC_035,2024-05-01,11,Coal,1.07
SEC_020,2024-07-26,9,Steel,0.77
SEC_039,2024-08-15,1,Coal,0.74
SEC_022,2024-11-24,5,Other,1.32
SEC_049,2024-12-12,5,Cement,1.2
SEC_004,2024-04-11,13,Coal,1.08
SEC_009,2024-12-02,12,Steel,1.2
SEC_048,2024-10-25,10,Foodgrain,1.22
SEC_015,2024-02-16,9,Foodgrain,1.12
SEC_016,2024-07-23,4,Coal,0.72
SEC_039,2024-02-25,8,Foodgrain,1.08
SEC_010,2024-06-28,1,Other,0.74
SEC_026,2024-01-17,16,Steel,1.22
SEC_015,2024-04-19,8,Coal,1.01
SEC_010,2024-08-03,4,Steel,0.75
SEC_048,2024-04-21,13,Foodgrain,1.49
SEC_010,2024-01-04,7,Steel,1.12
SEC_005,2024-05-22,14,Coal,1.09
SEC_034,2024-07-17,3,Coal,0.86
SEC_043,2024-10-06,11,Cement,1.23
SEC_007,2024-02-19,7,Coal,1.06
SEC_035,2024-06-23,10,Steel,0.89
SEC_027,2024-03-13,2,Cement,1.05
SEC_041,2024-02-26,2,Foodgrain,1.08
SEC_007,2024-02-14,6,Coal,1.13
SEC_048,2024-10-05,16,Coal,1.17
SEC_031,2024-12-02,9,Foodgrain,1.11
SEC_042,2024-08-30,6,Steel,0.72
SEC_018,2024-05-18,8,Other,0.97
SEC_047,2024-12-13,2,Coal,1.15
SEC_031,2024-06-30,2,Coal,0.76
SEC_007,2024-07-12,2,Foodgrain,0.8
SEC_046,2024-08-20,12,Other,0.85
SEC_039,2024-08-27,8,Coal,0.84
SEC_015,2024-06-29,10,Other,0.81
SEC_027,2024-06-24,9,Other,0.71
SEC_020,2024-04-26,17,Foodgrain,1.34
SEC_027,2024-09-06,11,Foodgrain,1.0
SEC_048,2024-09-03,8,Other,0.99
SEC_045,2024-06-08,2,Cement,0.87
SEC_011,2024-09-17,12,Foodgrain,1.08
SEC_048,2024-02-20,2,Steel,1.11
SEC_022,2024-06-01,1,Other,0.74
SEC_035,2024-12-27,4,Steel,1.1
SEC_038,2024-09-25,2,Steel,0.99
SEC_024,2024-09-20,12,Other,1.1
SEC_023,2024-11-11,6,Foodgrain,1.16
SEC_023,2024-08-10,5,Cement,0.83
SEC_043,2024-08-30,11,Other,0.76
SEC_019,2024-06-25,3,Cement,0.73
SEC_014,2024-10-29,4,Coal,1.3
SEC_018,2024-09-17,3,Cement,0.96
SEC_010,2024-07-10,7,Foodgrain,0.85
SEC_020,2024-02-16,7,Coal,1.23
SEC_006,2024-10-21,18,Coal,1.27
SEC_005,2024-04-29,3,Other,0.98
SEC_036,2024-05-11,11,Coal,1.08
SEC_004,2024-02-15,3,Foodgrain,1.11
SEC_028,2024-03-20,3,Other,1.0
SEC_039,2024-02-16,17,Other,1.24
SEC_036,2024-02-05,11,Other,1.19
SEC_022,2024-01-08,5,Cement,1.09
SEC_010,2024-04-17,7,Foodgrain,1.31
SEC_046,2024-10-03,3,Steel,1.39
SEC_041,2024-11-12,10,Other,1.3
SEC_030,2024-03-24,6,Foodgrain,1.46
SEC_005,2024-06-04,3,Steel,0.72
SEC_002,2024-10-31,10,Other,1.2
SEC_016,2024-09-15,10,Steel,1.02
SEC_008,2024-11-27,5,Coal,1.18
SEC_043,2024-06-02,10,Cement,0.89
SEC_011,2024-03-02,18,Foodgrain,1.4
SEC_014,2024-02-22,17,Cement,1.21
SEC_048,2024-09-16,4,Cement,1.01
SEC_041,2024-01-10,11,Cement,1.1
SEC_011,2024-06-17,2,Steel,0.78
SEC_019,2024-05-09,4,Steel,1.06
SEC_026,2024-12-02,13,Steel,1.14
SEC_033,2024-12-31,10,Other,1.14
SEC_046,2024-06-26,8,Cement,0.89
SEC_043,2024-07-31,3,Steel,0.73
SEC_048,2024-05-18,8,Other,1.09
SEC_002,2024-10-11,8,Cement,1.29
SEC_012,2024-04-17,17,Foodgrain,1.39
SEC_028,2024-09-29,8,Other,1.09
SEC_003,2024-11-26,16,Other,1.26
SEC_018,2024-03-03,3,Foodgrain,1.3
SEC_008,2024-03-23,9,Coal,0.98
SEC_046,2024-05-18,2,Foodgrain,0.99
SEC_004,2024-10-29,9,Steel,1.26
SEC_008,2024-08-22,9,Cement,0.87
SEC_010,2024-03-12,2,Coal,0.99
SEC_008,2024-05-14,7,Foodgrain,1.04
SEC_028,2024-08-23,8,Foodgrain,0.76
SEC_018,2024-12-19,7,Steel,1.09
SEC_045,2024-06-14,4,Cement,0.88
SEC_013,2024-01-28,14,Foodgrain,1.1
SEC_027,2024-02-08,10,Steel,1.24
SEC_033,2024-01-11,7,Other,1.07
SEC_031,2024-02-16,16,Foodgrain,1.2
SEC_040,2024-05-30,3,Coal,1.02
SEC_010,2024-04-13,13,Cement,0.96
SEC_025,2024-04-20,10,Steel,1.08
SEC_040,2024-10-07,5,Cement,1.24
SEC_043,2024-06-23,5,Cement,0.72
SEC_031,2024-09-23,8,Cement,0.98
SEC_032,2024-07-17,2,Other,0.75
SEC_043,2024-03-16,2,Cement,1.0
SEC_031,2024-12-13,13,Steel,1.08
SEC_047,2024-06-23,8,Other,0.83
SEC_007,2024-11-02,16,Foodgrain,1.32
SEC_018,2024-02-05,11,Cement,1.07
SEC_006,2024-11-06,13,Steel,1.2
SEC_005,2024-09-19,11,Other,1.02
SEC_024,2024-04-01,5,Other,1.04
SEC_012,2024-10-17,2,Other,1.25
SEC_020,2024-09-28,11,Steel,1.02
SEC_022,2024-11-23,15,Other,1.38
SEC_031,2024-03-17,6,Cement,1.04
SEC_047,2024-11-20,14,Coal,1.31
SEC_042,2024-10-05,12,Other,1.38
SEC_019,2024-05-03,12,Foodgrain,0.99
SEC_016,2024-05-08,2,Foodgrain,0.98
SEC_038,2024-04-03,14,Steel,1.04
SEC_007,2024-06-23,2,Other,0.79
SEC_027,2024-11-24,13,Coal,1.22
SEC_021,2024-11-02,19,Steel,1.35
SEC_009,2024-02-23,10,Foodgrain,1.22
SEC_031,2024-02-18,15,Coal,1.18
SEC_016,2024-01-22,6,Steel,1.24
SEC_010,2024-08-12,9,Cement,0.78
SEC_033,2024-04-25,15,Foodgrain,1.35
SEC_009,2024-10-05,10,Other,1.25
SEC_033,2024-10-05,15,Other,1.32
SEC_008,2024-03-13,10,Coal,1.09
SEC_022,2024-09-11,12,Steel,1.0
SEC_040,2024-10-06,16,Other,1.37
SEC_012,2024-12-27,16,Other,1.24
SEC_038,2024-09-21,9,Coal,1.09
SEC_036,2024-05-11,12,Cement,1.07
SEC_045,2024-12-31,11,Steel,1.18
SEC_009,2024-04-10,6,Other,1.07
SEC_036,2024-10-21,7,Foodgrain,1.21
SEC_046,2024-05-18,7,Coal,1.0
SEC_038,2024-12-08,14,Steel,1.08
SEC_010,2024-10-13,15,Other,1.27
SEC_041,2024-08-07,7,Cement,0.81
SEC_006,2024-03-19,8,Coal,1.05
SEC_029,2024-03-09,10,Other,0.98
SEC_025,2024-12-12,9,Other,1.1
SEC_027,2024-10-20,11,Foodgrain,1.39
SEC_026,2024-07-06,2,Coal,0.89
SEC_002,2024-11-17,14,Foodgrain,1.16
SEC_025,2024-10-13,4,Coal,1.38
SEC_046,2024-05-21,4,Steel,1.05
SEC_022,2024-10-29,8,Steel,1.3
SEC_014,2024-10-18,6,Cement,1.19
SEC_049,2024-06-24,1,Cement,0.71
SEC_005,2024-01-08,4,Coal,1.1
SEC_024,2024-09-28,4,Other,1.01
SEC_026,2024-05-04,15,Cement,1.08
SEC_024,2024-05-13,6,Cement,1.01
SEC_046,2024-09-18,6,Cement,0.97
SEC_021,2024-10-23,17,Cement,1.19
SEC_048,2024-02-02,7,Cement,1.12
SEC_004,2024-10-28,18,Steel,1.26
SEC_036,2024-04-17,7,Cement,1.0
SEC_030,2024-07-26,8,Other,0.71
SEC_012,2024-11-13,9,Cement,1.23
SEC_012,2024-03-20,14,Foodgrain,1.5
SEC_036,2024-03-21,11,Cement,1.1
SEC_032,2024-12-21,11,Other,1.12
SEC_030,2024-05-16,3,Cement,1.03
SEC_003,2024-12-12,17,Cement,1.18
SEC_030,2024-05-10,9,Other,0.97
SEC_049,2024-08-14,12,Steel,0.88
SEC_001,2024-07-05,10,Steel,0.74
SEC_023,2024-12-26,12,Steel,1.23
SEC_025,2024-07-20,4,Steel,0.74
SEC_044,2024-07-03,10,Cement,0.74
SEC_014,2024-06-19,7,Foodgrain,0.77
SEC_024,2024-05-17,15,Other,1.09
SEC_036,2024-06-10,5,Cement,0.7
SEC_003,2024-06-17,11,Cement,0.84
SEC_040,2024-10-06,4,Other,1.37
SEC_041,2024-01-17,10,Other,1.25
SEC_036,2024-07-02,3,Coal,0.85
SEC_032,2024-07-19,9,Other,0.79
SEC_037,2024-10-02,12,Other,1.25
SEC_039,2024-08-31,3,Steel,0.71
SEC_045,2024-06-07,10,Steel,0.88
SEC_021,2024-02-10,10,Foodgrain,1.16
SEC_023,2024-05-16,6,Other,1.0
SEC_032,2024-04-03,11,Cement,1.01
SEC_010,2024-03-15,12,Foodgrain,1.46
SEC_042,2024-09-20,3,Steel,0.99
SEC_038,2024-06-23,2,Other,0.76
SEC_031,2024-10-17,3,Cement,1.32
SEC_015,2024-02-20,2,Coal,1.19
SEC_018,2024-12-26,8,Steel,1.21
SEC_022,2024-06-22,5,Other,0.89
SEC_033,2024-04-02,12,Cement,1.05
SEC_039,2024-05-12,5,Foodgrain,1.02
SEC_033,2024-11-03,11,Foodgrain,1.22
SEC_046,2024-09-16,10,Coal,0.99
SEC_048,2024-03-03,2,Other,1.02
SEC_035,2024-12-28,8,Cement,1.1
SEC_019,2024-02-17,10,Foodgrain,1.21
SEC_030,2024-04-10,8,Cement,1.01
SEC_021,2024-09-23,6,Foodgrain,1.02
SEC_031,2024-07-12,6,Foodgrain,0.8
SEC_040,2024-06-12,4,Coal,0.82
SEC_019,2024-12-05,4,Foodgrain,1.06
SEC_025,2024-10-17,10,Other,1.31
SEC_003,2024-12-18,15,Coal,1.14
SEC_037,2024-04-13,19,Foodgrain,1.33
SEC_025,2024-11-07,5,Other,1.26
SEC_023,2024-03-19,7,Foodgrain,1.48
SEC_027,2024-10-21,8,Coal,1.19
SEC_011,2024-07-19,6,Other,0.78
SEC_030,2024-08-06,7,Coal,0.88
SEC_037,2024-02-12,10,Foodgrain,1.14
SEC_018,2024-11-17,10,Coal,1.3
SEC_007,2024-04-12,10,Steel,0.95
SEC_019,2024-08-06,10,Steel,0.75
SEC_010,2024-03-01,5,Steel,1.01
SEC_019,2024-12-04,2,Other,1.17
SEC_031,2024-04-27,18,Foodgrain,1.41
SEC_006,2024-10-06,2,Steel,1.2
SEC_037,2024-10-07,10,Steel,1.26
SEC_012,2024-07-20,9,Foodgrain,0.83
SEC_044,2024-02-14,12,Steel,1.18
SEC_036,2024-04-12,2,Other,1.1
SEC_014,2024-08-11,2,Steel,0.85
SEC_028,2024-07-15,12,Cement,0.87
SEC_006,2024-08-02,4,Foodgrain,0.85
SEC_005,2024-04-01,11,Steel,0.97
SEC_047,2024-07-15,7,Foodgrain,0.76
SEC_040,2024-02-01,2,Coal,1.1
SEC_008,2024-06-26,8,Foodgrain,0.78
SEC_014,2024-02-03,10,Cement,1.08
SEC_010,2024-08-30,7,Foodgrain,0.8
SEC_020,2024-07-26,9,Coal,0.71
SEC_015,2024-11-07,17,Foodgrain,1.4
SEC_017,2024-06-18,4,Coal,0.77
SEC_026,2024-02-29,18,Steel,1.25
SEC_010,2024-03-27,2,Cement,1.02
SEC_044,2024-10-24,18,Other,1.35
SEC_036,2024-12-16,2,Other,1.22
SEC_038,2024-01-23,4,Foodgrain,1.21
SEC_009,2024-09-04,9,Steel,0.99
SEC_035,2024-06-25,8,Other,0.75
SEC_041,2024-04-04,2,Steel,1.07
SEC_009,2024-07-06,10,Foodgrain,0.8
SEC_037,2024-12-08,2,Coal,1.14
SEC_018,2024-03-13,3,Steel,0.99
SEC_039,2024-11-02,6,Foodgrain,1.4
SEC_024,2024-02-02,13,Cement,1.2
SEC_040,2024-09-20,15,Other,1.07
SEC_008,2024-01-28,10,Coal,1.14
SEC_020,2024-01-23,12,Foodgrain,1.12
SEC_014,2024-01-14,2,Other,1.21
SEC_013,2024-10-21,16,Coal,1.37
SEC_016,2024-07-28,5,Foodgrain,0.8
SEC_019,2024-09-09,15,Cement,1.04
SEC_007,2024-02-26,12,Coal,1.18
SEC_035,2024-12-03,9,Cement,1.09
SEC_027,2024-10-22,13,Foodgrain,1.34
SEC_041,2024-06-27,5,Cement,0.7
SEC_035,2024-11-25,12,Cement,1.25
SEC_008,2024-02-22,14,Coal,1.23
SEC_004,2024-04-17,15,Coal,1.04
SEC_021,2024-01-18,10,Steel,1.13
SEC_024,2024-03-01,14,Steel,0.99
SEC_012,2024-11-03,14,Steel,1.27
SEC_039,2024-05-29,6,Other,0.97
SEC_029,2024-08-24,10,Cement,0.88
SEC_037,2024-11-18,7,Steel,1.35
SEC_006,2024-10-06,13,Cement,1.34
SEC_040,2024-05-26,10,Coal,0.97
SEC_011,2024-05-07,5,Coal,1.01
SEC_022,2024-02-09,16,Coal,1.12
SEC_022,2024-10-30,7,Foodgrain,1.16
SEC_041,2024-12-26,13,Cement,1.19
SEC_014,2024-07-02,6,Foodgrain,0.82
SEC_012,2024-07-01,5,Foodgrain,0.76
SEC_017,2024-11-06,4,Coal,1.21
SEC_018,2024-05-05,10,Cement,1.1
SEC_009,2024-05-28,9,Foodgrain,1.07
SEC_009,2024-11-23,13,Other,1.29
SEC_012,2024-05-18,3,Steel,1.06
SEC_023,2024-12-05,10,Coal,1.22
SEC_017,2024-02-29,7,Foodgrain,1.17
SEC_020,2024-06-30,4,Coal,0.81
SEC_036,2024-06-28,8,Coal,0.75
SEC_012,2024-04-22,9,Steel,1.07
SEC_045,2024-12-18,14,Cement,1.2
SEC_037,2024-06-25,4,Foodgrain,0.85
SEC_009,2024-11-17,9,Other,1.18
SEC_016,2024-03-21,10,Coal,1.0
SEC_009,2024-05-07,5,Other,1.04
SEC_014,2024-06-24,9,Foodgrain,0.73
SEC_018,2024-07-25,2,Foodgrain,0.84
SEC_007,2024-03-24,11,Other,1.06
SEC_001,2024-04-24,4,Foodgrain,1.49
SEC_022,2024-08-15,6,Coal,0.73
SEC_035,2024-04-11,14,Steel,1.05
SEC_015,2024-10-05,12,Other,1.35
SEC_043,2024-06-23,3,Coal,0.86
SEC_019,2024-12-20,12,Other,1.13
SEC_045,2024-03-27,2,Cement,1.02
SEC_012,2024-11-04,16,Foodgrain,1.26
SEC_027,2024-06-28,7,Steel,0.82
SEC_038,2024-02-01,11,Other,1.07
SEC_003,2024-09-15,15,Coal,1.07
SEC_046,2024-03-18,2,Cement,1.1
SEC_018,2024-02-20,9,Steel,1.16
SEC_025,2024-07-13,3,Steel,0.86
SEC_031,2024-10-14,12,Coal,1.36
SEC_032,2024-04-04,5,Foodgrain,1.31
SEC_002,2024-08-16,3,Coal,0.8
SEC_043,2024-01-06,11,Coal,1.08
SEC_031,2024-03-08,14,Steel,1.03
SEC_049,2024-10-03,11,Foodgrain,1.37
SEC_024,2024-01-05,10,Other,1.21
SEC_031,2024-05-10,3,Other,1.06
SEC_022,2024-07-04,2,Foodgrain,0.8
SEC_044,2024-01-25,9,Foodgrain,1.08
SEC_041,2024-12-24,13,Cement,1.2
SEC_045,2024-07-05,10,Steel,0.74
SEC_025,2024-05-03,2,Cement,0.95
SEC_039,2024-12-23,11,Cement,1.25
SEC_018,2024-07-23,10,Cement,0.84
SEC_023,2024-09-05,5,Other,1.08
SEC_038,2024-02-03,16,Steel,1.16
SEC_004,2024-02-28,8,Coal,1.06
SEC_035,2024-01-17,12,Foodgrain,1.06
SEC_001,2024-07-07,8,Steel,0.86
SEC_029,2024-11-02,15,Coal,1.34
SEC_024,2024-11-26,18,Coal,1.28
SEC_023,2024-07-29,5,Foodgrain,0.82
SEC_025,2024-01-20,11,Other,1.13
SEC_025,2024-08-17,2,Steel,0.7
SEC_020,2024-08-21,9,Foodgrain,0.71
SEC_023,2024-08-06,4,Coal,0.89
SEC_028,2024-09-20,12,Coal,0.97
SEC_038,2024-07-22,9,Cement,0.72
SEC_028,2024-09-14,11,Cement,1.03
SEC_032,2024-06-27,2,Coal,0.83
SEC_041,2024-02-24,6,Foodgrain,1.23
SEC_049,2024-01-30,14,Foodgrain,1.16
SEC_006,2024-11-28,13,Coal,1.4
SEC_035,2024-06-10,3,Steel,0.85
SEC_012,2024-04-27,11,Other,1.08
SEC_010,2024-04-17,9,Steel,1.1
SEC_039,2024-01-19,15,Cement,1.21
SEC_004,2024-12-11,3,Cement,1.09
SEC_042,2024-01-31,16,Coal,1.23
SEC_038,2024-03-21,2,Other,1.04
SEC_049,2024-06-16,8,Other,0.82
SEC_033,2024-05-11,7,Cement,1.03
SEC_043,2024-01-15,5,Coal,1.18
SEC_006,2024-04-30,9,Other,1.01
SEC_044,2024-10-12,11,Coal,1.38
SEC_008,2024-04-01,16,Foodgrain,1.32
SEC_016,2024-11-12,18,Foodgrain,1.29
SEC_007,2024-05-11,7,Cement,1.09
SEC_020,2024-01-05,4,Coal,1.06
SEC_037,2024-02-09,7,Other,1.17
SEC_014,2024-10-23,11,Foodgrain,1.33
SEC_041,2024-05-28,11,Steel,1.04
SEC_030,2024-12-25,10,Steel,1.23
SEC_031,2024-10-15,11,Cement,1.23
SEC_047,2024-01-12,6,Coal,1.21
SEC_022,2024-04-24,9,Steel,1.0
SEC_017,2024-09-22,9,Other,1.04
SEC_049,2024-01-24,7,Other,1.11
SEC_028,2024-12-31,6,Steel,1.06
SEC_031,2024-03-01,12,Foodgrain,1.36
SEC_015,2024-10-18,7,Foodgrain,1.15
SEC_011,2024-11-03,8,Steel,1.36
SEC_009,2024-07-03,10,Steel,0.74
SEC_011,2024-10-21,12,Coal,1.3
SEC_010,2024-11-19,8,Other,1.18
SEC_037,2024-09-25,12,Steel,0.95
SEC_003,2024-09-16,10,Coal,0.96
SEC_031,2024-05-22,14,Cement,1.08
SEC_047,2024-04-17,13,Coal,1.06
SEC_038,2024-11-13,10,Other,1.36
SEC_020,2024-03-23,3,Other,1.04
SEC_003,2024-05-31,13,Foodgrain,0.98
SEC_041,2024-07-06,6,Coal,0.77
SEC_001,2024-05-23,14,Coal,0.97
SEC_034,2024-05-16,11,Other,1.0
SEC_033,2024-08-07,10,Foodgrain,0.72
SEC_010,2024-04-30,17,Foodgrain,1.33
SEC_037,2024-12-27,10,Coal,1.09
SEC_009,2024-03-06,2,Other,1.03
SEC_012,2024-05-22,2,Foodgrain,1.07
SEC_040,2024-11-05,17,Coal,1.34
SEC_048,2024-06-23,2,Coal,0.79
SEC_013,2024-09-15,14,Other,1.07
SEC_046,2024-08-24,11,Coal,0.88
SEC_045,2024-05-01,5,Steel,1.04
SEC_038,2024-09-29,5,Coal,0.95
SEC_007,2024-03-27,9,Coal,1.08
SEC_015,2024-10-01,4,Other,1.33
SEC_034,2024-02-16,13,Cement,1.11
SEC_049,2024-09-11,10,Steel,1.01
SEC_040,2024-02-11,15,Coal,1.1
SEC_021,2024-11-13,14,Steel,1.17
SEC_012,2024-08-16,6,Steel,0.85
SEC_048,2024-01-15,6,Cement,1.15
SEC_014,2024-02-09,2,Foodgrain,1.18
SEC_017,2024-03-09,13,Foodgrain,1.45
SEC_048,2024-12-17,10,Coal,1.08
SEC_028,2024-08-03,7,Coal,0.74
SEC_013,2024-04-12,7,Steel,1.0
SEC_001,2024-04-11,4,Steel,0.97
SEC_022,2024-01-10,16,Foodgrain,1.23
SEC_049,2024-03-15,2,Other,0.97
SEC_022,2024-11-09,11,Foodgrain,1.26
SEC_035,2024-08-07,4,Steel,0.78
SEC_013,2024-05-14,9,Foodgrain,1.02
SEC_039,2024-01-08,16,Coal,1.14
SEC_039,2024-05-05,3,Cement,1.06
SEC_030,2024-05-20,11,Coal,1.04
SEC_038,2024-02-13,2,Steel,1.13
SEC_029,2024-08-10,2,Other,0.74
SEC_019,2024-08-29,5,Foodgrain,0.72
SEC_037,2024-12-31,16,Cement,1.17
SEC_041,2024-05-11,9,Steel,1.04
SEC_042,2024-04-11,10,Other,1.0
SEC_011,2024-10-28,15,Steel,1.36
SEC_034,2024-05-08,4,Steel,1.01
SEC_001,2024-08-18,6,Coal,0.88
SEC_029,2024-09-26,14,Steel,1.04
SEC_028,2024-11-18,11,Foodgrain,1.33
SEC_018,2024-04-26,13,Coal,1.0
SEC_049,2024-08-15,2,Coal,0.84
SEC_044,2024-02-17,17,Steel,1.18
SEC_002,2024-10-12,8,Cement,1.16
SEC_011,2024-01-17,6,Foodgrain,1.24
SEC_011,2024-09-11,11,Coal,1.01
SEC_044,2024-03-17,5,Coal,0.98
SEC_026,2024-06-18,6,Coal,0.7
SEC_036,2024-01-28,13,Steel,1.14
SEC_040,2024-09-09,15,Steel,1.06
SEC_038,2024-06-25,13,Coal,0.9
SEC_005,2024-08-30,5,Foodgrain,0.72
SEC_007,2024-05-07,4,Foodgrain,1.09
SEC_020,2024-01-03,15,Cement,1.16
SEC_017,2024-07-31,5,Other,0.75
SEC_037,2024-09-12,10,Cement,0.95
SEC_008,2024-08-31,8,Other,0.88
SEC_019,2024-04-05,11,Other,0.98
SEC_012,2024-09-19,14,Other,0.97
SEC_010,2024-07-17,2,Steel,0.85
SEC_009,2024-03-17,11,Coal,0.97
SEC_010,2024-02-10,9,Coal,1.12
SEC_028,2024-04-29,2,Other,1.03
SEC_021,2024-01-09,12,Other,1.09
SEC_022,2024-09-19,14,Steel,0.98
SEC_024,2024-01-06,7,Cement,1.24
SEC_037,2024-01-18,9,Foodgrain,1.14
SEC_043,2024-02-27,6,Coal,1.15
SEC_026,2024-04-29,13,Cement,0.98
SEC_032,2024-01-08,12,Coal,1.11
SEC_037,2024-08-18,4,Coal,0.9
SEC_034,2024-02-18,12,Foodgrain,1.17
SEC_007,2024-10-20,16,Coal,1.22
SEC_049,2024-07-23,3,Steel,0.72
SEC_009,2024-01-31,17,Cement,1.22
SEC_021,2024-05-26,14,Foodgrain,0.98
SEC_032,2024-02-21,11,Coal,1.25
SEC_020,2024-12-24,12,Steel,1.21
SEC_012,2024-08-04,11,Other,0.9
SEC_046,2024-10-22,18,Other,1.29
SEC_004,2024-05-17,6,Other,1.03
SEC_013,2024-02-23,11,Foodgrain,1.09
SEC_049,2024-03-26,11,Foodgrain,1.38
SEC_036,2024-06-01,9,Cement,0.72
SEC_005,2024-10-09,14,Other,1.26
SEC_037,2024-06-06,5,Coal,0.82
SEC_048,2024-12-05,9,Other,1.09
SEC_005,2024-05-12,15,Cement,1.07
SEC_021,2024-03-26,7,Coal,0.96
SEC_023,2024-06-30,4,Other,0.71
SEC_007,2024-02-10,2,Coal,1.07
SEC_010,2024-09-02,7,Coal,1.0
SEC_009,2024-02-06,12,Steel,1.15
SEC_010,2024-08-22,4,Foodgrain,0.77
SEC_020,2024-05-20,3,Foodgrain,1.09
SEC_023,2024-05-10,12,Steel,0.95
SEC_012,2024-08-11,4,Cement,0.82
SEC_015,2024-09-15,3,Foodgrain,1.07
SEC_010,2024-12-06,7,Coal,1.22
SEC_040,2024-04-15,10,Other,1.05
SEC_011,2024-10-24,5,Steel,1.36
SEC_045,2024-11-01,4,Cement,1.33
SEC_027,2024-12-30,4,Steel,1.07
SEC_040,2024-12-18,2,Cement,1.18
SEC_032,2024-10-16,17,Steel,1.22
SEC_014,2024-04-17,2,Steel,0.96
SEC_030,2024-09-11,6,Coal,1.1
SEC_014,2024-10-14,5,Other,1.25
SEC_006,2024-04-16,4,Cement,0.99
SEC_013,2024-10-24,16,Cement,1.17
SEC_014,2024-09-13,3,Cement,1.03
SEC_007,2024-06-28,7,Coal,0.84
SEC_002,2024-11-11,8,Foodgrain,1.37
SEC_047,2024-02-02,2,Other,1.05
SEC_026,2024-09-07,2,Steel,1.01
SEC_020,2024-10-14,10,Coal,1.37
SEC_046,2024-01-15,12,Other,1.11
SEC_012,2024-05-29,12,Coal,0.96
SEC_020,2024-07-08,7,Cement,0.72
SEC_042,2024-03-17,12,Other,1.06
SEC_031,2024-11-17,6,Cement,1.17
SEC_020,2024-08-17,10,Coal,0.72
SEC_013,2024-04-10,11,Other,1.08
SEC_002,2024-06-08,3,Coal,0.7
SEC_005,2024-02-10,15,Other,1.22
SEC_008,2024-02-02,5,Coal,1.16
SEC_039,2024-09-30,10,Foodgrain,1.07
SEC_032,2024-12-26,5,Other,1.2
SEC_022,2024-04-11,6,Steel,1.03
SEC_039,2024-03-30,5,Coal,0.96
SEC_008,2024-09-07,6,Coal,0.99
SEC_011,2024-07-06,5,Steel,0.77
SEC_020,2024-02-21,5,Steel,1.19
SEC_045,2024-09-01,7,Steel,1.01
SEC_031,2024-03-17,13,Foodgrain,1.46
SEC_042,2024-02-12,10,Steel,1.25
SEC_013,2024-06-18,2,Foodgrain,0.81
SEC_042,2024-09-27,15,Steel,1.08
SEC_004,2024-07-09,2,Steel,0.78
SEC_012,2024-08-25,7,Other,0.73
SEC_026,2024-03-28,8,Cement,1.03
SEC_003,2024-06-29,6,Cement,0.8
SEC_043,2024-09-17,9,Steel,0.98
SEC_043,2024-07-12,9,Other,0.72
SEC_027,2024-03-28,3,Steel,1.07
SEC_015,2024-12-15,15,Cement,1.07
SEC_005,2024-01-25,8,Cement,1.14
SEC_031,2024-11-29,13,Steel,1.4
SEC_027,2024-09-22,13,Cement,1.08
SEC_038,2024-02-10,9,Coal,1.24
SEC_030,2024-04-03,3,Steel,1.0
SEC_007,2024-05-14,6,Foodgrain,1.03
SEC_006,2024-12-16,7,Cement,1.21
SEC_039,2024-07-08,3,Steel,0.85
SEC_008,2024-04-04,7,Cement,0.95
SEC_046,2024-12-02,6,Cement,1.24
SEC_006,2024-02-13,8,Other,1.18
SEC_036,2024-10-25,11,Coal,1.33
SEC_048,2024-10-31,14,Foodgrain,1.26
SEC_022,2024-05-21,3,Cement,1.02
SEC_003,2024-01-16,7,Foodgrain,1.24
SEC_043,2024-11-20,6,Steel,1.16
SEC_010,2024-12-20,6,Foodgrain,1.2
SEC_026,2024-05-18,7,Foodgrain,1.0
SEC_049,2024-03-08,18,Foodgrain,1.4
SEC_037,2024-04-09,14,Other,0.99
SEC_003,2024-02-19,10,Foodgrain,1.09
SEC_041,2024-08-11,6,Steel,0.79
SEC_008,2024-07-08,8,Coal,0.73
SEC_037,2024-05-10,9,Coal,1.04
SEC_031,2024-08-26,9,Foodgrain,0.82
SEC_015,2024-08-15,5,Steel,0.76
SEC_021,2024-01-05,13,Coal,1.12
SEC_006,2024-05-29,12,Steel,1.04
SEC_049,2024-11-12,6,Steel,1.25
SEC_012,2024-10-18,11,Foodgrain,1.24
SEC_016,2024-11-08,15,Coal,1.37
SEC_025,2024-12-15,12,Other,1.07
SEC_033,2024-01-23,6,Other,1.06
SEC_025,2024-04-08,2,Other,0.95
SEC_025,2024-06-17,2,Coal,0.8
SEC_029,2024-07-05,3,Cement,0.83
SEC_043,2024-10-14,14,Coal,1.27
SEC_020,2024-09-22,3,Cement,0.95
SEC_041,2024-09-15,12,Cement,0.96
SEC_039,2024-02-28,9,Steel,1.17
SEC_048,2024-09-05,2,Foodgrain,1.0
SEC_045,2024-10-18,4,Other,1.38
SEC_040,2024-10-02,6,Coal,1.25
SEC_013,2024-08-01,5,Foodgrain,0.78
SEC_038,2024-02-02,10,Steel,1.06
SEC_037,2024-02-24,13,Coal,1.18
SEC_015,2024-09-28,12,Cement,0.97
SEC_034,2024-11-13,6,Other,1.29
SEC_013,2024-10-29,2,Foodgrain,1.24
SEC_026,2024-06-05,11,Foodgrain,0.8
SEC_040,2024-08-02,5,Foodgrain,0.88
SEC_010,2024-03-05,4,Coal,1.03
SEC_017,2024-08-04,3,Steel,0.76
SEC_039,2024-03-12,14,Cement,1.03
SEC_023,2024-10-17,8,Foodgrain,1.31
SEC_048,2024-10-14,3,Steel,1.27
SEC_001,2024-01-19,14,Coal,1.17
SEC_036,2024-12-08,6,Coal,1.2
SEC_040,2024-10-18,11,Foodgrain,1.27
SEC_045,2024-05-18,9,Steel,1.0
SEC_008,2024-06-14,11,Cement,0.84
SEC_049,2024-01-29,3,Foodgrain,1.15
SEC_020,2024-12-08,11,Coal,1.23
SEC_018,2024-02-06,6,Steel,1.22
SEC_018,2024-12-03,7,Coal,1.23
SEC_032,2024-08-27,3,Coal,0.72
SEC_033,2024-12-02,16,Cement,1.2
SEC_024,2024-05-15,14,Steel,0.99
SEC_004,2024-11-23,10,Other,1.38
SEC_049,2024-06-04,3,Steel,0.77
SEC_011,2024-05-08,4,Steel,1.08
SEC_005,2024-05-03,5,Foodgrain,1.06
SEC_030,2024-12-14,6,Steel,1.08
SEC_021,2024-06-19,5,Foodgrain,0.89
SEC_031,2024-06-24,8,Coal,0.75
SEC_043,2024-08-23,10,Coal,0.88
SEC_005,2024-07-22,2,Other,0.86
SEC_014,2024-07-17,12,Steel,0.89
SEC_026,2024-05-18,7,Coal,0.97
SEC_039,2024-03-01,9,Steel,1.01
SEC_030,2024-12-30,11,Foodgrain,1.19
SEC_019,2024-06-28,8,Foodgrain,0.75
SEC_030,2024-12-21,12,Cement,1.21
SEC_049,2024-06-17,6,Other,0.83
SEC_024,2024-08-07,10,Steel,0.79
SEC_044,2024-07-18,5,Steel,0.84
SEC_039,2024-12-19,16,Coal,1.16
SEC_015,2024-02-10,16,Coal,1.21
SEC_013,2024-07-08,7,Coal,0.87
SEC_038,2024-02-26,14,Coal,1.23
SEC_011,2024-11-13,13,Foodgrain,1.19
SEC_017,2024-07-13,7,Cement,0.72
SEC_012,2024-12-03,10,Other,1.15
SEC_030,2024-04-10,14,Steel,1.06
SEC_015,2024-02-29,4,Steel,1.17
SEC_033,2024-08-18,8,Cement,0.73
SEC_046,2024-02-23,5,Cement,1.24
SEC_041,2024-05-16,4,Cement,0.98
SEC_047,2024-04-24,7,Coal,0.97
SEC_002,2024-03-21,14,Coal,1.02
SEC_023,2024-02-17,16,Foodgrain,1.16
SEC_011,2024-08-28,4,Foodgrain,0.71
SEC_045,2024-10-04,11,Steel,1.17
SEC_035,2024-05-24,2,Other,1.03
SEC_016,2024-04-12,11,Coal,0.98
SEC_028,2024-02-27,8,Steel,1.14
SEC_030,2024-09-04,13,Cement,1.03
SEC_025,2024-10-23,15,Foodgrain,1.16
SEC_024,2024-07-19,5,Steel,0.8
SEC_003,2024-06-07,3,Foodgrain,0.89
SEC_023,2024-08-25,4,Foodgrain,0.88
SEC_018,2024-11-30,4,Steel,1.18
SEC_041,2024-12-28,2,Cement,1.07
SEC_043,2024-03-11,3,Cement,0.97
SEC_037,2024-06-23,1,Coal,0.73
SEC_002,2024-11-16,5,Coal,1.19
SEC_042,2024-08-19,3,Other,0.78
SEC_020,2024-10-25,6,Steel,1.25
SEC_021,2024-12-30,9,Coal,1.23
SEC_047,2024-02-08,7,Foodgrain,1.11
SEC_043,2024-08-12,11,Steel,0.88
SEC_003,2024-07-13,4,Other,0.72
SEC_018,2024-04-14,8,Other,1.04
SEC_037,2024-08-27,4,Coal,0.8
SEC_027,2024-02-08,6,Coal,1.2
SEC_013,2024-06-30,8,Cement,0.86
SEC_026,2024-05-31,7,Steel,1.0
SEC_043,2024-05-22,4,Coal,1.01
SEC_011,2024-08-12,8,Foodgrain,0.78
SEC_037,2024-12-11,13,Cement,1.19
SEC_037,2024-12-12,2,Other,1.11
SEC_044,2024-09-13,14,Foodgrain,0.99
SEC_015,2024-05-01,3,Cement,1.1
SEC_011,2024-12-19,2,Foodgrain,1.18
SEC_027,2024-12-31,13,Cement,1.17
SEC_027,2024-11-05,12,Other,1.34
SEC_021,2024-11-15,8,Other,1.3
SEC_039,2024-10-26,12,Cement,1.37
SEC_040,2024-10-05,4,Other,1.2
SEC_013,2024-09-22,8,Coal,1.06
SEC_039,2024-08-21,5,Cement,0.76
SEC_012,2024-08-24,3,Other,0.73
SEC_020,2024-05-22,2,Other,0.99
SEC_002,2024-11-20,13,Steel,1.3
SEC_017,2024-08-20,9,Foodgrain,0.73
SEC_047,2024-08-12,6,Cement,0.74
SEC_022,2024-09-28,11,Coal,1.09
SEC_035,2024-01-28,12,Cement,1.08
SEC_006,2024-12-02,8,Steel,1.11
SEC_032,2024-08-01,11,Other,0.81
SEC_019,2024-12-11,12,Cement,1.12
SEC_037,2024-02-07,10,Steel,1.13
SEC_046,2024-03-26,11,Coal,1.09
SEC_027,2024-12-13,14,Cement,1.08
SEC_006,2024-09-10,5,Foodgrain,1.05
SEC_024,2024-08-24,9,Cement,0.74
SEC_007,2024-05-27,12,Coal,1.08
SEC_023,2024-07-22,5,Foodgrain,0.76
SEC_003,2024-07-18,4,Cement,0.9
SEC_032,2024-03-13,10,Other,0.99
SEC_016,2024-07-26,6,Steel,0.81
SEC_010,2024-07-07,8,Steel,0.84
SEC_001,2024-04-24,4,Cement,0.98
SEC_044,2024-05-05,11,Steel,1.08
SEC_042,2024-10-08,18,Other,1.35
SEC_040,2024-09-04,6,Cement,1.1
SEC_003,2024-06-20,4,Other,0.7
SEC_018,2024-08-09,9,Coal,0.76
SEC_048,2024-03-29,2,Coal,1.09
SEC_029,2024-07-01,11,Other,0.88
SEC_007,2024-07-24,4,Steel,0.75
SEC_007,2024-04-02,12,Steel,1.0
SEC_013,2024-03-03,4,Steel,1.02
SEC_048,2024-07-11,11,Foodgrain,0.84
SEC_009,2024-12-10,6,Other,1.18
SEC_045,2024-06-17,2,Cement,0.81
SEC_034,2024-11-25,6,Coal,1.18
SEC_046,2024-11-07,3,Other,1.39
SEC_041,2024-09-29,4,Foodgrain,1.04
SEC_017,2024-11-23,3,Cement,1.27
SEC_041,2024-05-30,10,Steel,0.99
SEC_009,2024-10-04,5,Coal,1.35
SEC_015,2024-02-22,9,Foodgrain,1.08
SEC_011,2024-04-26,4,Steel,0.98
SEC_007,2024-07-26,12,Coal,0.84
SEC_005,2024-01-14,4,Cement,1.11
SEC_010,2024-10-07,12,Other,1.38
SEC_006,2024-12-04,10,Other,1.08
SEC_019,2024-02-08,2,Steel,1.22
SEC_004,2024-12-29,10,Cement,1.22
SEC_004,2024-02-02,3,Foodgrain,1.07
SEC_049,2024-02-16,4,Foodgrain,1.07
SEC_005,2024-10-06,5,Cement,1.27
SEC_004,2024-09-07,7,Steel,1.01
SEC_002,2024-12-08,9,Steel,1.12
SEC_007,2024-06-04,5,Foodgrain,0.78
SEC_026,2024-07-28,7,Cement,0.73
SEC_041,2024-02-24,11,Foodgrain,1.22
SEC_037,2024-09-10,13,Steel,1.1
SEC_029,2024-12-31,3,Coal,1.13
SEC_005,2024-08-06,8,Foodgrain,0.75
SEC_038,2024-12-07,10,Coal,1.12
SEC_002,2024-05-24,12,Foodgrain,1.08
SEC_031,2024-12-25,16,Cement,1.12
SEC_021,2024-07-15,11,Foodgrain,0.77
SEC_044,2024-02-22,9,Foodgrain,1.18
SEC_016,2024-05-12,8,Steel,1.06
SEC_032,2024-06-29,2,Steel,0.71
SEC_022,2024-01-25,15,Other,1.19
SEC_026,2024-11-23,11,Other,1.32
SEC_047,2024-03-28,14,Coal,1.0
SEC_035,2024-09-04,4,Steel,0.97
SEC_021,2024-12-02,10,Steel,1.21
SEC_022,2024-06-08,5,Cement,0.72
SEC_035,2024-08-11,10,Coal,0.75
SEC_017,2024-07-08,10,Cement,0.8
SEC_009,2024-10-06,3,Coal,1.36
SEC_023,2024-01-15,15,Other,1.06
SEC_004,2024-05-11,11,Coal,1.09
SEC_009,2024-08-11,5,Other,0.84
SEC_021,2024-02-03,10,Other,1.13
SEC_040,2024-11-10,12,Cement,1.32
SEC_039,2024-08-19,9,Other,0.73
SEC_013,2024-01-02,8,Foodgrain,1.09
SEC_021,2024-01-05,15,Cement,1.07
SEC_008,2024-02-28,11,Cement,1.19
SEC_038,2024-08-30,10,Coal,0.75
SEC_013,2024-07-08,2,Other,0.89
SEC_040,2024-06-25,5,Cement,0.79
SEC_042,2024-07-24,7,Foodgrain,0.72
SEC_034,2024-06-30,7,Steel,0.82
SEC_017,2024-05-05,11,Cement,0.96
SEC_047,2024-01-03,5,Other,1.15
SEC_034,2024-01-11,3,Coal,1.08
SEC_032,2024-09-09,8,Other,1.04
SEC_042,2024-09-29,10,Foodgrain,1.03
SEC_044,2024-03-28,14,Cement,1.03
SEC_004,2024-03-29,8,Coal,1.02
SEC_044,2024-05-29,7,Coal,1.0
SEC_038,2024-08-23,4,Cement,0.75
SEC_011,2024-08-05,11,Steel,0.88
SEC_016,2024-07-23,4,Steel,0.77
SEC_037,2024-01-14,15,Cement,1.15
SEC_011,2024-06-06,9,Steel,0.86
SEC_023,2024-10-02,11,Steel,1.33
SEC_034,2024-08-04,4,Steel,0.73
SEC_032,2024-10-22,3,Steel,1.35
SEC_045,2024-09-11,14,Cement,1.09
SEC_006,2024-11-25,15,Coal,1.36
SEC_015,2024-07-28,4,Other,0.73
SEC_049,2024-07-27,7,Cement,0.83
SEC_028,2024-07-23,8,Coal,0.75
SEC_013,2024-04-06,14,Foodgrain,1.42
SEC_015,2024-06-08,10,Coal,0.73
SEC_017,2024-03-02,5,Coal,1.01
SEC_028,2024-06-06,5,Cement,0.74
SEC_014,2024-02-24,10,Steel,1.21
SEC_031,2024-06-28,8,Foodgrain,0.74
SEC_022,2024-12-15,13,Steel,1.22
SEC_030,2024-06-14,6,Steel,0.81
SEC_008,2024-09-27,7,Cement,1.05
SEC_031,2024-06-09,10,Cement,0.75
SEC_046,2024-11-27,3,Coal,1.3
SEC_007,2024-03-17,11,Other,1.08
SEC_017,2024-11-01,7,Foodgrain,1.34
SEC_034,2024-09-22,12,Steel,0.96
SEC_031,2024-11-21,5,Coal,1.26
SEC_034,2024-02-18,6,Foodgrain,1.15
SEC_028,2024-11-23,7,Cement,1.35
SEC_034,2024-11-28,9,Coal,1.16
SEC_030,2024-04-18,9,Steel,1.05
SEC_004,2024-08-16,1,Other,0.72
SEC_037,2024-08-02,7,Coal,0.85
SEC_022,2024-01-18,13,Other,1.11
SEC_003,2024-07-11,11,Steel,0.81
SEC_021,2024-08-29,6,Foodgrain,0.71
SEC_022,2024-03-16,10,Cement,1.03
SEC_005,2024-05-12,2,Other,1.07
SEC_049,2024-08-02,5,Cement,0.85
SEC_011,2024-12-06,6,Steel,1.1
SEC_017,2024-01-23,12,Coal,1.09
SEC_022,2024-12-08,17,Cement,1.22
SEC_041,2024-10-25,14,Foodgrain,1.36
SEC_037,2024-11-05,11,Cement,1.35
SEC_038,2024-01-18,13,Other,1.17
SEC_012,2024-07-26,4,Other,0.79
SEC_042,2024-05-14,4,Foodgrain,1.01
SEC_041,2024-12-02,7,Cement,1.1
SEC_023,2024-09-28,8,Cement,1.01
SEC_027,2024-08-25,7,Coal,0.74
SEC_002,2024-01-11,11,Steel,1.08
SEC_038,2024-11-16,13,Coal,1.28
SEC_048,2024-06-28,8,Steel,0.77
SEC_024,2024-02-28,15,Coal,1.14
SEC_027,2024-11-15,9,Other,1.23
SEC_025,2024-11-26,5,Other,1.23
SEC_005,2024-06-30,2,Cement,0.75
SEC_031,2024-08-30,11,Foodgrain,0.88
SEC_036,2024-08-11,4,Coal,0.78
SEC_046,2024-04-20,7,Foodgrain,1.33
SEC_046,2024-09-30,2,Coal,1.06
SEC_025,2024-12-31,15,Coal,1.13
SEC_047,2024-12-07,17,Coal,1.22
SEC_026,2024-09-08,5,Foodgrain,1.04
SEC_032,2024-05-11,12,Cement,0.96
SEC_030,2024-11-28,12,Foodgrain,1.31
SEC_049,2024-12-05,9,Cement,1.18
SEC_037,2024-01-03,13,Foodgrain,1.07
SEC_006,2024-05-03,8,Other,0.99
SEC_004,2024-07-21,9,Steel,0.82
SEC_021,2024-07-30,12,Steel,0.89
SEC_026,2024-09-17,12,Coal,1.02
SEC_033,2024-07-06,7,Steel,0.81
SEC_024,2024-01-06,10,Coal,1.05
SEC_026,2024-03-01,2,Coal,1.0
SEC_046,2024-10-06,4,Other,1.21
SEC_017,2024-09-10,2,Foodgrain,1.07
SEC_025,2024-08-26,8,Cement,0.87
SEC_028,2024-06-10,10,Steel,0.88
SEC_023,2024-04-10,13,Cement,1.06
SEC_048,2024-04-22,4,Foodgrain,1.33
SEC_048,2024-09-09,5,Other,1.06
SEC_026,2024-07-03,3,Cement,0.76
SEC_023,2024-02-17,7,Foodgrain,1.24
SEC_029,2024-05-26,10,Cement,1.06
SEC_009,2024-10-28,4,Cement,1.33
SEC_021,2024-08-07,8,Other,0.86
SEC_011,2024-11-13,17,Foodgrain,1.32
SEC_008,2024-07-05,4,Other,0.72
SEC_005,2024-06-26,9,Coal,0.83
SEC_029,2024-12-13,3,Coal,1.14
SEC_001,2024-07-04,9,Steel,0.81
SEC_032,2024-02-19,17,Other,1.24
SEC_022,2024-05-27,14,Other,0.98
SEC_018,2024-08-25,7,Foodgrain,0.79
SEC_038,2024-05-06,4,Foodgrain,1.0
SEC_027,2024-05-30,8,Foodgrain,0.98
SEC_036,2024-11-15,9,Steel,1.15
SEC_035,2024-06-08,10,Foodgrain,0.86
SEC_002,2024-04-21,4,Other,0.99
SEC_011,2024-02-09,13,Cement,1.08
SEC_028,2024-05-27,6,Coal,0.96
SEC_048,2024-10-07,4,Steel,1.36
SEC_008,2024-04-19,8,Cement,1.09
SEC_006,2024-06-21,10,Foodgrain,0.71
SEC_047,2024-08-28,3,Cement,0.87
SEC_048,2024-12-05,11,Cement,1.14
SEC_009,2024-10-25,2,Steel,1.16
SEC_020,2024-04-14,6,Foodgrain,1.48
SEC_031,2024-03-01,5,Coal,1.01
SEC_010,2024-09-02,3,Cement,1.08
SEC_016,2024-04-03,14,Foodgrain,1.45
SEC_020,2024-05-23,3,Steel,1.02
SEC_032,2024-02-08,13,Cement,1.17
SEC_016,2024-10-10,5,Other,1.19
SEC_021,2024-02-28,11,Other,1.24
SEC_015,2024-05-19,7,Coal,1.0
SEC_038,2024-05-28,8,Other,1.01
SEC_008,2024-01-16,6,Foodgrain,1.19
SEC_012,2024-10-10,13,Coal,1.27
SEC_013,2024-08-14,7,Steel,0.71
SEC_045,2024-07-17,4,Steel,0.76
SEC_047,2024-03-06,5,Steel,1.06
SEC_025,2024-01-20,8,Cement,1.13
SEC_008,2024-01-21,14,Foodgrain,1.14
SEC_038,2024-08-16,6,Cement,0.84
SEC_025,2024-09-30,7,Other,1.05
SEC_042,2024-10-18,13,Coal,1.2
SEC_018,2024-10-19,7,Other,1.34
SEC_049,2024-05-24,5,Coal,0.95
SEC_040,2024-01-01,8,Coal,1.18
SEC_011,2024-03-30,2,Coal,0.96
SEC_036,2024-10-15,13,Coal,1.16
SEC_015,2024-10-06,11,Steel,1.2
SEC_018,2024-07-04,9,Other,0.86
SEC_013,2024-01-09,7,Cement,1.12
SEC_034,2024-10-11,6,Foodgrain,1.28
SEC_013,2024-10-25,16,Other,1.32
SEC_032,2024-03-24,19,Foodgrain,1.34
SEC_029,2024-10-21,14,Coal,1.28
SEC_037,2024-08-22,10,Coal,0.9
SEC_049,2024-11-21,10,Foodgrain,1.22
SEC_001,2024-08-17,3,Steel,0.85
SEC_049,2024-02-02,2,Steel,1.19
SEC_006,2024-08-24,2,Steel,0.81
SEC_026,2024-02-09,4,Steel,1.05
SEC_017,2024-04-04,13,Other,0.96
SEC_032,2024-11-15,4,Coal,1.27
SEC_036,2024-12-20,4,Coal,1.19
SEC_043,2024-06-22,2,Steel,0.73
SEC_020,2024-04-16,10,Cement,1.07
SEC_046,2024-05-23,4,Steel,1.07
SEC_016,2024-03-29,9,Steel,0.96
SEC_010,2024-07-28,10,Cement,0.85
SEC_019,2024-06-03,4,Cement,0.73
SEC_026,2024-01-22,7,Cement,1.12
SEC_033,2024-08-11,1,Cement,0.73
SEC_041,2024-08-23,5,Cement,0.84
SEC_012,2024-09-01,2,Foodgrain,1.06
SEC_015,2024-12-11,5,Foodgrain,1.19
SEC_046,2024-09-14,4,Cement,0.99
SEC_022,2024-09-04,2,Steel,0.98
SEC_012,2024-03-18,13,Steel,1.0
SEC_049,2024-06-19,1,Steel,0.72
SEC_022,2024-06-08,8,Other,0.77
SEC_049,2024-12-17,17,Coal,1.18
SEC_046,2024-06-22,4,Steel,0.89
SEC_045,2024-09-08,2,Coal,1.08
SEC_029,2024-07-16,6,Steel,0.73
SEC_040,2024-01-21,5,Steel,1.07
SEC_048,2024-12-08,3,Foodgrain,1.13
SEC_014,2024-09-02,4,Other,1.06
SEC_002,2024-03-25,20,Foodgrain,1.45
SEC_016,2024-01-22,6,Other,1.21
SEC_032,2024-12-08,14,Steel,1.08
SEC_027,2024-04-22,2,Cement,0.97
SEC_004,2024-01-07,4,Coal,1.1
SEC_028,2024-08-13,1,Cement,0.72
SEC_009,2024-01-06,9,Cement,1.11
SEC_025,2024-03-19,14,Cement,1.08
SEC_029,2024-11-22,10,Other,1.4
SEC_032,2024-01-14,3,Cement,1.05
SEC_021,2024-10-02,17,Foodgrain,1.29
SEC_021,2024-08-14,7,Cement,0.75
SEC_034,2024-04-21,13,Steel,1.07
SEC_037,2024-04-14,14,Steel,1.0
SEC_040,2024-06-22,4,Other,0.89
SEC_017,2024-07-14,2,Other,0.8
SEC_021,2024-11-21,8,Other,1.2
SEC_017,2024-04-05,9,Cement,0.96
SEC_026,2024-08-04,5,Steel,0.8
SEC_007,2024-09-08,4,Steel,1.01
SEC_022,2024-01-05,13,Steel,1.19
SEC_010,2024-11-23,8,Foodgrain,1.29
SEC_027,2024-12-29,16,Steel,1.24
SEC_042,2024-02-01,16,Cement,1.25
SEC_049,2024-04-05,9,Coal,0.98
SEC_022,2024-10-14,11,Other,1.35
SEC_003,2024-10-23,15,Foodgrain,1.38
SEC_012,2024-02-27,6,Steel,1.25
SEC_006,2024-12-01,14,Foodgrain,1.14
SEC_038,2024-04-30,17,Foodgrain,1.4
SEC_049,2024-04-17,8,Foodgrain,1.36
SEC_028,2024-05-10,3,Steel,0.97
SEC_009,2024-09-02,8,Steel,1.05
SEC_002,2024-03-16,9,Steel,1.01
SEC_048,2024-07-17,2,Coal,0.83
SEC_016,2024-01-28,9,Steel,1.08
SEC_006,2024-02-23,8,Foodgrain,1.1
SEC_009,2024-10-08,9,Coal,1.25
SEC_013,2024-05-20,11,Foodgrain,1.09
SEC_033,2024-10-17,18,Foodgrain,1.28
SEC_044,2024-09-26,4,Coal,0.99
SEC_014,2024-12-30,13,Foodgrain,1.09
SEC_034,2024-02-20,12,Cement,1.15
SEC_004,2024-12-08,17,Cement,1.22
SEC_001,2024-11-22,15,Steel,1.38
SEC_003,2024-06-08,2,Foodgrain,0.79
SEC_046,2024-02-19,16,Coal,1.2
SEC_029,2024-02-18,5,Steel,1.2
SEC_040,2024-07-05,8,Cement,0.77
SEC_002,2024-01-04,15,Foodgrain,1.13
SEC_002,2024-02-05,3,Other,1.1
SEC_042,2024-07-13,11,Cement,0.84
SEC_006,2024-07-25,2,Other,0.79
SEC_008,2024-11-10,18,Foodgrain,1.3
SEC_026,2024-12-22,4,Coal,1.17
SEC_030,2024-04-08,9,Foodgrain,1.47
SEC_012,2024-04-30,12,Other,1.04
SEC_022,2024-03-13,11,Coal,1.09
SEC_034,2024-03-23,2,Other,0.99
SEC_022,2024-06-09,10,Coal,0.86
SEC_019,2024-12-29,10,Cement,1.06
SEC_004,2024-11-23,15,Other,1.36
SEC_023,2024-11-30,3,Steel,1.28
SEC_040,2024-06-14,2,Steel,0.72
SEC_031,2024-08-28,7,Other,0.7
SEC_044,2024-09-21,6,Steel,1.04
SEC_007,2024-03-29,15,Cement,1.04
SEC_001,2024-06-18,6,Coal,0.78
SEC_027,2024-07-20,6,Cement,0.84
SEC_009,2024-05-16,14,Foodgrain,1.07
SEC_030,2024-06-22,10,Foodgrain,0.84
SEC_045,2024-06-10,4,Cement,0.89
SEC_017,2024-01-23,17,Foodgrain,1.22
SEC_027,2024-10-08,18,Cement,1.3
SEC_034,2024-11-25,11,Foodgrain,1.23
SEC_008,2024-10-03,9,Other,1.23
SEC_044,2024-12-07,3,Foodgrain,1.12
SEC_010,2024-06-07,6,Steel,0.89
SEC_040,2024-01-21,14,Other,1.15
SEC_033,2024-04-07,7,Steel,1.05
SEC_007,2024-11-08,5,Other,1.22
SEC_036,2024-02-20,2,Other,1.2
SEC_010,2024-07-19,8,Foodgrain,0.77
SEC_030,2024-01-01,6,Foodgrain,1.16
SEC_048,2024-04-28,5,Steel,0.97
SEC_047,2024-02-11,6,Other,1.15
SEC_043,2024-02-11,11,Steel,1.24
SEC_025,2024-03-01,5,Cement,1.02
SEC_028,2024-07-16,2,Other,0.81
SEC_015,2024-09-09,11,Coal,1.03
SEC_046,2024-04-15,8,Coal,1.06
SEC_024,2024-10-26,16,Other,1.22
SEC_038,2024-05-23,13,Other,1.08
SEC_018,2024-09-26,5,Steel,1.07
SEC_037,2024-07-12,3,Steel,0.83
SEC_011,2024-09-21,9,Cement,1.02
SEC_036,2024-12-24,9,Foodgrain,1.16
SEC_003,2024-12-29,6,Steel,1.15
SEC_006,2024-08-02,5,Steel,0.82
SEC_018,2024-12-18,7,Foodgrain,1.13
SEC_024,2024-09-13,3,Steel,1.0
SEC_035,2024-04-08,17,Foodgrain,1.38
SEC_018,2024-12-08,6,Cement,1.17
SEC_001,2024-02-23,15,Steel,1.06
SEC_016,2024-06-20,4,Foodgrain,0.74
SEC_022,2024-02-26,17,Other,1.19
SEC_027,2024-10-14,9,Foodgrain,1.24
SEC_032,2024-11-23,4,Coal,1.28
SEC_013,2024-10-26,19,Cement,1.35
SEC_030,2024-02-07,9,Foodgrain,1.22
SEC_031,2024-04-09,8,Cement,0.99
SEC_039,2024-05-04,8,Coal,0.96
SEC_026,2024-02-12,5,Cement,1.16
SEC_040,2024-07-13,9,Cement,0.73
SEC_011,2024-01-13,6,Coal,1.17
SEC_035,2024-08-12,5,Foodgrain,0.77
SEC_003,2024-07-29,7,Foodgrain,0.7
SEC_006,2024-08-06,7,Foodgrain,0.9
SEC_043,2024-11-30,8,Cement,1.19
SEC_024,2024-10-14,6,Cement,1.21
SEC_031,2024-04-05,6,Other,1.03
SEC_030,2024-07-28,4,Cement,0.89
SEC_035,2024-10-20,8,Steel,1.32
SEC_013,2024-11-07,12,Other,1.15
SEC_009,2024-08-23,6,Foodgrain,0.79
SEC_003,2024-01-31,14,Other,1.15
SEC_043,2024-06-08,8,Foodgrain,0.85
SEC_011,2024-11-10,14,Steel,1.38
SEC_029,2024-01-28,2,Cement,1.12
SEC_023,2024-08-03,9,Cement,0.75
SEC_008,2024-07-16,3,Coal,0.81
SEC_021,2024-03-22,10,Coal,1.02
SEC_005,2024-05-05,5,Cement,0.97
SEC_009,2024-12-23,8,Coal,1.09
SEC_007,2024-08-06,5,Foodgrain,0.8
SEC_041,2024-12-09,2,Foodgrain,1.15
SEC_028,2024-06-21,6,Foodgrain,0.78
SEC_046,2024-11-05,3,Foodgrain,1.31
SEC_022,2024-08-14,5,Other,0.76
SEC_010,2024-11-29,12,Foodgrain,1.37
SEC_030,2024-04-29,15,Other,1.08
SEC_046,2024-05-19,8,Foodgrain,1.02
SEC_027,2024-01-15,12,Foodgrain,1.16
SEC_001,2024-03-24,7,Cement,0.99
SEC_015,2024-02-20,12,Steel,1.08
SEC_046,2024-03-07,12,Other,0.96
SEC_026,2024-04-22,10,Other,1.0
SEC_047,2024-11-15,5,Coal,1.17
SEC_025,2024-05-18,13,Coal,0.98
SEC_001,2024-10-29,9,Steel,1.29
SEC_043,2024-10-25,16,Coal,1.37
SEC_038,2024-12-25,12,Coal,1.21
SEC_036,2024-07-05,6,Other,0.81
SEC_048,2024-11-06,5,Coal,1.36
SEC_010,2024-06-02,6,Steel,0.79
SEC_045,2024-08-19,8,Other,0.7
SEC_012,2024-10-23,5,Steel,1.26
SEC_048,2024-02-22,7,Coal,1.11
SEC_010,2024-01-22,6,Steel,1.18
SEC_027,2024-03-01,13,Steel,1.08
SEC_039,2024-09-20,3,Foodgrain,1.07
SEC_004,2024-06-22,10,Foodgrain,0.87
SEC_004,2024-04-12,15,Coal,1.05
SEC_042,2024-10-08,13,Steel,1.21
SEC_003,2024-01-06,7,Foodgrain,1.24
SEC_031,2024-03-04,11,Foodgrain,1.35
SEC_046,2024-06-20,2,Foodgrain,0.79
SEC_031,2024-12-01,14,Other,1.19
SEC_024,2024-10-01,7,Foodgrain,1.19
SEC_021,2024-09-07,7,Cement,1.06
SEC_032,2024-09-17,8,Foodgrain,1.05
SEC_029,2024-04-24,6,Foodgrain,1.45
SEC_025,2024-06-12,12,Coal,0.83
SEC_008,2024-11-20,6,Cement,1.23
SEC_033,2024-09-24,12,Other,1.01
SEC_037,2024-08-07,9,Other,0.89
SEC_035,2024-01-31,11,Cement,1.25
SEC_004,2024-09-25,10,Steel,1.01
SEC_035,2024-05-13,4,Foodgrain,0.96
SEC_036,2024-05-21,9,Cement,1.02
SEC_009,2024-09-03,2,Cement,1.05
SEC_042,2024-05-24,14,Cement,0.98
SEC_026,2024-07-28,5,Coal,0.77
SEC_024,2024-01-05,10,Cement,1.12
SEC_036,2024-03-08,4,Foodgrain,1.34
SEC_025,2024-07-15,6,Coal,0.71
SEC_027,2024-12-16,6,Foodgrain,1.13
SEC_016,2024-10-05,18,Cement,1.27
SEC_046,2024-06-01,4,Other,0.72
SEC_048,2024-12-20,13,Cement,1.09
SEC_007,2024-04-10,5,Steel,0.99
SEC_036,2024-11-22,19,Cement,1.34
SEC_002,2024-05-27,4,Cement,1.0
SEC_019,2024-02-01,12,Coal,1.15
SEC_048,2024-01-01,15,Other,1.23
SEC_009,2024-12-24,11,Coal,1.18
SEC_019,2024-08-23,7,Cement,0.73
SEC_011,2024-02-24,5,Cement,1.06
SEC_036,2024-12-29,14,Other,1.17
SEC_023,2024-01-16,10,Cement,1.11
SEC_030,2024-05-02,14,Coal,0.98
SEC_047,2024-10-01,8,Other,1.18
SEC_026,2024-01-20,6,Steel,1.22
SEC_036,2024-11-27,16,Foodgrain,1.3
SEC_005,2024-09-05,9,Other,1.09
SEC_011,2024-12-13,10,Steel,1.15
SEC_047,2024-11-02,12,Cement,1.3
SEC_043,2024-10-28,4,Cement,1.2
SEC_033,2024-03-24,13,Foodgrain,1.41
SEC_019,2024-03-15,3,Cement,1.07
SEC_010,2024-03-29,12,Cement,0.98
SEC_042,2024-02-26,8,Foodgrain,1.15
SEC_039,2024-08-31,10,Coal,0.73
SEC_012,2024-01-22,6,Cement,1.15
SEC_029,2024-06-05,4,Cement,0.72
SEC_031,2024-08-01,3,Steel,0.7
SEC_024,2024-07-16,6,Other,0.8
SEC_046,2024-06-27,10,Steel,0.86
SEC_007,2024-03-22,5,Coal,1.0
SEC_013,2024-02-09,12,Coal,1.25
SEC_005,2024-12-27,11,Foodgrain,1.13
SEC_034,2024-06-19,11,Steel,0.86
SEC_032,2024-08-05,4,Cement,0.74
SEC_049,2024-07-26,6,Cement,0.89
SEC_027,2024-05-15,6,Foodgrain,0.98
SEC_008,2024-09-21,2,Steel,0.99
SEC_023,2024-05-17,5,Other,0.95
SEC_005,2024-05-31,3,Other,1.01
SEC_033,2024-10-21,9,Steel,1.34
SEC_034,2024-04-26,4,Steel,1.08
SEC_043,2024-09-13,7,Other,1.1
SEC_017,2024-08-31,7,Cement,0.9
SEC_016,2024-01-12,7,Foodgrain,1.17
SEC_004,2024-09-07,2,Foodgrain,0.97
SEC_021,2024-10-20,14,Cement,1.28
SEC_024,2024-04-08,12,Steel,0.96
SEC_037,2024-11-30,3,Other,1.29
SEC_037,2024-01-08,15,Foodgrain,1.25
SEC_007,2024-03-06,7,Coal,1.09
SEC_014,2024-12-12,3,Other,1.07
SEC_026,2024-11-09,12,Other,1.2
SEC_017,2024-10-03,7,Other,1.37
SEC_002,2024-08-09,2,Cement,0.83
SEC_042,2024-03-14,14,Steel,1.01
SEC_036,2024-06-28,5,Foodgrain,0.78
SEC_026,2024-07-26,4,Foodgrain,0.79
SEC_016,2024-02-02,12,Foodgrain,1.21
SEC_042,2024-08-05,9,Coal,0.86
SEC_002,2024-02-02,12,Steel,1.22
SEC_022,2024-02-16,2,Foodgrain,1.1
SEC_040,2024-03-03,14,Foodgrain,1.43
SEC_047,2024-03-11,7,Steel,0.97
SEC_013,2024-01-31,14,Cement,1.06
SEC_032,2024-12-16,17,Other,1.22
SEC_010,2024-10-20,5,Foodgrain,1.23
SEC_006,2024-07-04,7,Cement,0.73
SEC_018,2024-05-14,2,Coal,0.97
SEC_044,2024-03-11,6,Coal,0.99
SEC_034,2024-12-13,10,Coal,1.25
SEC_024,2024-10-18,3,Other,1.29
SEC_014,2024-10-02,14,Steel,1.36
SEC_007,2024-06-21,2,Cement,0.81
SEC_014,2024-01-11,8,Cement,1.13
SEC_008,2024-08-21,3,Coal,0.75
SEC_010,2024-06-27,11,Coal,0.86
SEC_034,2024-04-18,8,Cement,0.96
SEC_007,2024-04-25,4,Cement,1.01
SEC_003,2024-01-22,14,Foodgrain,1.19
SEC_027,2024-11-15,8,Steel,1.39
SEC_015,2024-03-01,16,Foodgrain,1.33
SEC_023,2024-10-24,9,Cement,1.17
SEC_007,2024-12-22,9,Coal,1.14
SEC_011,2024-01-17,2,Coal,1.16
SEC_022,2024-08-16,8,Steel,0.75
SEC_034,2024-01-25,4,Coal,1.25
SEC_021,2024-10-31,11,Coal,1.33
SEC_027,2024-07-04,9,Foodgrain,0.78
SEC_026,2024-01-08,12,Other,1.25
SEC_014,2024-10-09,15,Cement,1.19
SEC_014,2024-10-07,9,Steel,1.32
SEC_021,2024-12-04,13,Foodgrain,1.22
SEC_002,2024-06-26,8,Foodgrain,0.75
SEC_034,2024-12-07,8,Steel,1.18
SEC_031,2024-08-31,7,Other,0.71
SEC_016,2024-07-11,11,Other,0.82
SEC_019,2024-05-11,8,Other,0.99
SEC_017,2024-04-17,19,Foodgrain,1.35
SEC_032,2024-08-15,8,Cement,0.71
SEC_038,2024-09-27,5,Cement,0.99
SEC_006,2024-01-14,12,Cement,1.09
SEC_021,2024-05-30,13,Coal,0.97
SEC_001,2024-01-17,16,Other,1.16
SEC_023,2024-05-25,3,Other,0.99
SEC_013,2024-10-19,5,Cement,1.15
SEC_017,2024-09-09,12,Foodgrain,1.06
SEC_023,2024-02-15,7,Foodgrain,1.09
SEC_016,2024-09-19,2,Steel,1.09
SEC_020,2024-01-06,13,Coal,1.21
SEC_038,2024-01-05,14,Other,1.18
SEC_040,2024-11-29,16,Steel,1.24
SEC_001,2024-01-12,3,Steel,1.08
SEC_019,2024-04-07,3,Foodgrain,1.31
SEC_042,2024-02-18,9,Cement,1.22
SEC_026,2024-08-01,6,Steel,0.71
SEC_011,2024-07-10,7,Steel,0.72
SEC_030,2024-11-03,14,Steel,1.25
SEC_008,2024-12-27,8,Steel,1.2
SEC_002,2024-09-30,15,Coal,1.06
SEC_031,2024-06-19,6,Steel,0.74
SEC_026,2024-01-18,12,Foodgrain,1.17
SEC_038,2024-12-03,5,Foodgrain,1.22
SEC_017,2024-07-24,3,Steel,0.84
SEC_042,2024-03-20,14,Other,1.04
SEC_021,2024-07-17,6,Steel,0.76
SEC_037,2024-05-23,9,Other,0.95
SEC_005,2024-05-08,12,Cement,0.97
SEC_005,2024-06-14,6,Cement,0.78
SEC_039,2024-10-02,10,Steel,1.23
SEC_041,2024-02-29,17,Other,1.18
SEC_047,2024-12-18,7,Foodgrain,1.15
SEC_016,2024-01-23,6,Foodgrain,1.07
SEC_002,2024-02-23,8,Steel,1.17
SEC_049,2024-09-04,9,Foodgrain,1.08
SEC_030,2024-02-23,4,Cement,1.12
SEC_013,2024-10-11,8,Other,1.21
SEC_038,2024-09-25,3,Other,1.01
SEC_045,2024-06-06,11,Coal,0.88
SEC_014,2024-06-15,4,Coal,0.75
SEC_038,2024-12-31,6,Other,1.24
SEC_039,2024-10-18,14,Other,1.24
SEC_025,2024-08-19,10,Coal,0.85
SEC_031,2024-02-21,12,Other,1.22
SEC_014,2024-08-03,1,Cement,0.72
SEC_046,2024-01-15,11,Other,1.19
SEC_049,2024-04-02,2,Coal,1.1
SEC_049,2024-09-12,9,Other,0.97
SEC_037,2024-05-29,2,Steel,1.1
SEC_003,2024-12-30,8,Foodgrain,1.15
SEC_018,2024-12-09,13,Steel,1.1
SEC_022,2024-02-04,14,Coal,1.16
SEC_048,2024-11-19,15,Cement,1.39
SEC_027,2024-11-12,10,Coal,1.2
SEC_027,2024-02-08,17,Foodgrain,1.2
SEC_008,2024-05-21,3,Coal,0.99
SEC_039,2024-12-13,15,Other,1.24
SEC_017,2024-01-07,17,Foodgrain,1.21
SEC_005,2024-01-22,12,Coal,1.09
SEC_049,2024-07-05,9,Other,0.82
SEC_010,2024-12-14,10,Cement,1.14
SEC_001,2024-04-12,7,Coal,1.02
SEC_004,2024-10-09,4,Steel,1.23
SEC_023,2024-09-10,8,Foodgrain,0.96
SEC_006,2024-02-23,6,Cement,1.22
SEC_042,2024-04-15,13,Other,1.01
SEC_026,2024-08-16,12,Other,0.89
SEC_016,2024-06-25,10,Coal,0.87
SEC_001,2024-03-27,18,Foodgrain,1.48
SEC_024,2024-03-14,6,Coal,1.07
SEC_008,2024-07-22,1,Steel,0.73
SEC_048,2024-10-30,18,Steel,1.3
SEC_015,2024-05-31,2,Steel,1.05
SEC_024,2024-12-04,5,Steel,1.06
SEC_001,2024-09-01,7,Foodgrain,0.97
SEC_007,2024-05-27,3,Foodgrain,1.02
SEC_011,2024-09-15,7,Other,0.99
SEC_003,2024-06-13,12,Foodgrain,0.87
SEC_036,2024-10-03,12,Coal,1.28
SEC_047,2024-12-25,15,Foodgrain,1.17
SEC_049,2024-10-15,7,Steel,1.38
SEC_014,2024-02-22,13,Coal,1.2
SEC_039,2024-01-27,13,Cement,1.1
SEC_025,2024-10-22,16,Cement,1.34
SEC_003,2024-11-06,14,Steel,1.17
SEC_005,2024-07-26,2,Steel,0.88
SEC_027,2024-03-30,15,Foodgrain,1.5
SEC_021,2024-11-18,11,Foodgrain,1.19
SEC_001,2024-06-13,9,Other,0.78
SEC_046,2024-04-17,2,Coal,1.07
SEC_036,2024-05-14,14,Coal,0.97
SEC_025,2024-04-18,6,Cement,1.03
SEC_049,2024-04-13,10,Other,1.05
SEC_048,2024-04-29,13,Cement,1.01
SEC_048,2024-09-03,6,Steel,0.98
SEC_013,2024-01-07,4,Steel,1.18
SEC_044,2024-05-12,7,Other,0.97
SEC_025,2024-03-03,10,Cement,1.02
SEC_036,2024-08-25,7,Foodgrain,0.78
SEC_043,2024-12-30,6,Foodgrain,1.23
SEC_009,2024-10-15,9,Coal,1.33
SEC_022,2024-04-01,8,Other,1.01
SEC_007,2024-07-06,3,Coal,0.77
SEC_014,2024-01-08,9,Other,1.22
SEC_021,2024-05-31,13,Coal,1.01
SEC_042,2024-04-11,2,Coal,1.09
SEC_043,2024-07-02,7,Coal,0.82
SEC_020,2024-05-29,4,Foodgrain,0.97
SEC_017,2024-09-06,14,Coal,1.01
SEC_027,2024-07-19,8,Steel,0.89
SEC_045,2024-12-09,13,Cement,1.06
SEC_048,2024-01-26,7,Cement,1.1
SEC_012,2024-12-11,10,Steel,1.13
SEC_010,2024-10-16,14,Coal,1.19
SEC_035,2024-09-17,4,Coal,1.09
SEC_015,2024-10-29,7,Foodgrain,1.34
SEC_010,2024-01-19,5,Foodgrain,1.18
SEC_002,2024-03-19,10,Other,1.08
SEC_020,2024-01-01,12,Foodgrain,1.17
SEC_020,2024-10-19,16,Steel,1.3
SEC_028,2024-05-09,13,Cement,1.06
SEC_010,2024-05-12,2,Other,1.05
SEC_036,2024-08-11,11,Other,0.88
SEC_034,2024-06-03,9,Coal,0.86
SEC_023,2024-08-21,7,Foodgrain,0.9
SEC_009,2024-12-08,5,Other,1.19
SEC_025,2024-05-01,15,Other,1.08
SEC_034,2024-11-22,2,Cement,1.19
SEC_019,2024-07-13,8,Coal,0.75
SEC_013,2024-05-17,14,Steel,1.1
SEC_025,2024-12-02,15,Other,1.23
SEC_018,2024-06-27,7,Coal,0.83
SEC_020,2024-02-16,6,Cement,1.07
SEC_018,2024-04-14,21,Foodgrain,1.49
SEC_015,2024-11-05,8,Cement,1.3
SEC_036,2024-07-07,3,Cement,0.89
SEC_023,2024-07-23,9,Coal,0.88
SEC_023,2024-09-06,14,Coal,1.03
SEC_033,2024-03-12,9,Steel,1.0
SEC_018,2024-02-03,7,Other,1.15
SEC_005,2024-06-10,5,Other,0.88
SEC_042,2024-12-02,4,Cement,1.18
SEC_003,2024-02-16,11,Steel,1.23
SEC_029,2024-09-20,5,Other,1.03
SEC_014,2024-12-24,12,Cement,1.21
SEC_011,2024-02-05,9,Steel,1.16
SEC_003,2024-02-18,2,Cement,1.2
SEC_045,2024-11-14,5,Foodgrain,1.33
SEC_022,2024-02-09,17,Foodgrain,1.23
SEC_017,2024-09-29,3,Steel,0.96
SEC_037,2024-10-18,4,Cement,1.17
SEC_002,2024-04-24,11,Steel,1.01
SEC_028,2024-04-16,10,Other,1.02
SEC_025,2024-07-09,9,Coal,0.8
SEC_028,2024-07-04,2,Steel,0.82
SEC_007,2024-11-10,16,Coal,1.26
SEC_047,2024-08-04,12,Steel,0.87
SEC_012,2024-12-20,9,Cement,1.13
SEC_034,2024-03-28,6,Other,0.99
SEC_037,2024-04-12,11,Coal,1.04
SEC_017,2024-03-29,7,Steel,1.07
SEC_007,2024-08-26,8,Coal,0.87
SEC_015,2024-01-13,10,Other,1.11
SEC_040,2024-11-10,14,Foodgrain,1.25
SEC_045,2024-10-09,13,Steel,1.18
SEC_046,2024-12-27,9,Cement,1.1
SEC_012,2024-12-16,6,Coal,1.06
SEC_030,2024-01-26,8,Cement,1.25
SEC_008,2024-09-30,4,Coal,1.08
SEC_035,2024-07-03,10,Foodgrain,0.71
SEC_021,2024-09-26,12,Coal,0.97
SEC_035,2024-11-15,7,Steel,1.33
SEC_034,2024-08-01,12,Cement,0.9
SEC_049,2024-01-02,8,Foodgrain,1.17
SEC_024,2024-11-12,4,Foodgrain,1.17
SEC_017,2024-06-09,9,Cement,0.88
SEC_026,2024-06-16,5,Other,0.83
SEC_008,2024-08-01,8,Steel,0.8
SEC_006,2024-11-29,14,Other,1.26
SEC_026,2024-07-11,5,Coal,0.86
SEC_041,2024-03-17,12,Other,1.05
SEC_027,2024-09-25,5,Other,1.03
SEC_039,2024-08-19,2,Foodgrain,0.72
SEC_009,2024-01-24,2,Coal,1.08
SEC_023,2024-07-13,10,Foodgrain,0.87
SEC_031,2024-10-14,7,Steel,1.39
SEC_018,2024-11-19,9,Foodgrain,1.23
SEC_001,2024-04-13,7,Steel,1.07
SEC_004,2024-07-10,1,Coal,0.74
SEC_046,2024-10-28,17,Other,1.31
SEC_030,2024-08-01,7,Other,0.71
SEC_013,2024-06-02,11,Foodgrain,0.76
SEC_013,2024-03-08,9,Other,0.98
SEC_002,2024-01-16,15,Other,1.12
SEC_047,2024-09-09,11,Other,1.06
SEC_006,2024-12-18,2,Other,1.23
SEC_038,2024-08-07,9,Coal,0.78
SEC_012,2024-10-12,6,Cement,1.4
SEC_017,2024-09-04,7,Other,1.06
SEC_014,2024-05-07,12,Coal,1.03
SEC_041,2024-07-10,3,Coal,0.84
SEC_002,2024-04-08,5,Steel,1.03
SEC_018,2024-03-22,11,Other,1.01
SEC_014,2024-08-03,5,Other,0.7
SEC_014,2024-08-24,6,Foodgrain,0.86
SEC_010,2024-12-27,5,Other,1.14
SEC_045,2024-03-27,4,Coal,1.05
SEC_019,2024-04-16,2,Other,1.0
SEC_021,2024-03-01,14,Other,0.99
SEC_019,2024-12-13,4,Other,1.21
SEC_049,2024-10-13,13,Steel,1.29
SEC_017,2024-04-30,7,Cement,0.97
SEC_017,2024-12-20,10,Steel,1.15
SEC_017,2024-09-14,5,Foodgrain,0.97
SEC_017,2024-06-23,9,Other,0.81
SEC_005,2024-05-19,10,Foodgrain,0.96
SEC_030,2024-07-27,4,Cement,0.71
SEC_002,2024-02-01,12,Foodgrain,1.09
SEC_012,2024-03-03,7,Coal,0.97
SEC_010,2024-12-08,15,Coal,1.09
SEC_015,2024-03-16,5,Cement,1.05
SEC_038,2024-02-29,13,Steel,1.12
SEC_030,2024-11-10,9,Steel,1.27
SEC_049,2024-12-11,10,Coal,1.09
SEC_018,2024-10-26,16,Other,1.22
SEC_046,2024-02-07,15,Coal,1.1
SEC_003,2024-11-03,9,Foodgrain,1.35
SEC_025,2024-04-07,8,Steel,1.05
SEC_040,2024-01-05,8,Other,1.14
SEC_027,2024-12-03,10,Cement,1.16
SEC_046,2024-04-07,2,Coal,1.02
SEC_016,2024-08-29,11,Cement,0.88
SEC_002,2024-01-28,14,Coal,1.1
SEC_038,2024-03-10,4,Foodgrain,1.46
SEC_004,2024-11-18,7,Steel,1.2
SEC_038,2024-08-04,9,Cement,0.72
SEC_036,2024-12-31,9,Foodgrain,1.07
SEC_042,2024-03-07,5,Foodgrain,1.3
SEC_024,2024-11-22,19,Other,1.34
SEC_044,2024-11-16,10,Foodgrain,1.39
SEC_009,2024-12-04,13,Steel,1.12
SEC_022,2024-01-19,13,Foodgrain,1.19
SEC_006,2024-02-08,11,Other,1.11
SEC_038,2024-07-12,10,Coal,0.78
SEC_035,2024-02-12,3,Steel,1.16
SEC_040,2024-01-24,8,Foodgrain,1.14
SEC_038,2024-10-23,12,Steel,1.16
SEC_016,2024-09-11,7,Cement,1.09
SEC_004,2024-11-04,15,Coal,1.36
SEC_046,2024-12-08,15,Steel,1.19
SEC_025,2024-02-22,12,Foodgrain,1.18
SEC_005,2024-10-31,17,Other,1.28
SEC_046,2024-01-17,15,Steel,1.23
SEC_049,2024-05-16,7,Steel,1.04
SEC_022,2024-04-18,11,Other,1.02
SEC_038,2024-03-27,3,Foodgrain,1.34
SEC_002,2024-09-19,4,Steel,1.09
SEC_005,2024-02-14,10,Other,1.06
SEC_014,2024-10-23,18,Coal,1.39
SEC_033,2024-11-15,19,Cement,1.33
SEC_007,2024-08-31,11,Other,0.76
SEC_002,2024-01-30,6,Foodgrain,1.22
SEC_033,2024-08-06,10,Other,0.71
SEC_038,2024-08-18,4,Cement,0.73
SEC_037,2024-05-16,2,Foodgrain,1.06
SEC_040,2024-05-14,7,Coal,1.09
SEC_040,2024-06-20,10,Coal,0.86
SEC_030,2024-12-30,16,Cement,1.11
SEC_026,2024-01-02,10,Cement,1.14
SEC_042,2024-07-05,9,Cement,0.89
SEC_018,2024-04-25,13,Steel,1.0
SEC_005,2024-07-19,5,Coal,0.83
SEC_037,2024-01-02,13,Coal,1.18
SEC_014,2024-12-01,5,Coal,1.14
SEC_048,2024-06-16,6,Steel,0.78
SEC_021,2024-12-20,8,Other,1.08
SEC_042,2024-02-26,5,Cement,1.18
SEC_003,2024-08-01,3,Coal,0.71
SEC_033,2024-09-05,2,Steel,1.02
SEC_022,2024-10-18,3,Other,1.32
SEC_023,2024-01-04,4,Foodgrain,1.17
SEC_013,2024-08-20,6,Steel,0.72
SEC_048,2024-02-24,15,Steel,1.07
SEC_020,2024-06-05,7,Steel,0.71
SEC_042,2024-01-20,11,Foodgrain,1.07
SEC_021,2024-01-21,12,Foodgrain,1.08
SEC_003,2024-10-07,9,Foodgrain,1.27
SEC_044,2024-09-19,3,Cement,0.99
SEC_010,2024-11-23,4,Steel,1.37
SEC_014,2024-09-13,11,Foodgrain,0.98
SEC_043,2024-08-06,1,Other,0.74
SEC_044,2024-02-12,9,Steel,1.18
SEC_045,2024-10-07,3,Other,1.3
SEC_021,2024-03-25,7,Foodgrain,1.49
SEC_038,2024-02-09,16,Steel,1.22
SEC_017,2024-09-24,11,Cement,1.09
SEC_037,2024-08-03,8,Steel,0.76
SEC_025,2024-02-24,6,Steel,1.11
SEC_003,2024-07-20,7,Steel,0.73
SEC_021,2024-09-09,3,Foodgrain,1.09
SEC_023,2024-07-01,10,Coal,0.87
SEC_013,2024-09-19,9,Steel,1.05
SEC_019,2024-07-03,8,Cement,0.75
SEC_025,2024-05-09,2,Steel,1.02
SEC_003,2024-03-22,17,Foodgrain,1.43
SEC_008,2024-04-04,10,Steel,1.04
SEC_038,2024-10-23,6,Other,1.38
SEC_018,2024-05-16,4,Steel,0.99
SEC_030,2024-09-19,9,Cement,0.96
SEC_028,2024-05-11,14,Cement,1.02
SEC_028,2024-07-11,8,Foodgrain,0.78
SEC_021,2024-08-10,11,Other,0.79
SEC_024,2024-06-23,2,Other,0.77
SEC_041,2024-09-29,4,Coal,1.02
SEC_048,2024-12-04,11,Foodgrain,1.19
SEC_013,2024-11-11,16,Coal,1.2
SEC_033,2024-12-03,17,Other,1.19
SEC_048,2024-01-11,2,Other,1.21
SEC_001,2024-10-04,17,Foodgrain,1.22
SEC_039,2024-09-22,2,Steel,1.01
SEC_025,2024-05-30,10,Other,1.08
SEC_048,2024-04-24,5,Steel,0.99
SEC_029,2024-01-20,14,Cement,1.08
SEC_042,2024-11-02,18,Cement,1.26
SEC_009,2024-11-03,13,Steel,1.39
SEC_007,2024-01-28,3,Steel,1.14
SEC_046,2024-08-01,2,Other,0.79
SEC_026,2024-07-20,4,Foodgrain,0.8
SEC_028,2024-03-04,18,Foodgrain,1.37
SEC_009,2024-07-19,4,Other,0.77
SEC_012,2024-10-24,14,Foodgrain,1.31
SEC_041,2024-04-29,11,Foodgrain,1.38
SEC_015,2024-09-22,14,Steel,1.08
SEC_029,2024-12-21,12,Cement,1.18
SEC_016,2024-06-15,10,Coal,0.74
SEC_013,2024-02-09,12,Steel,1.06
SEC_009,2024-04-18,11,Other,0.98
SEC_046,2024-02-19,9,Steel,1.23
SEC_047,2024-05-09,10,Other,0.95
SEC_006,2024-08-23,5,Other,0.72
SEC_018,2024-03-15,3,Steel,0.98
SEC_028,2024-07-07,5,Other,0.72
SEC_019,2024-12-31,10,Cement,1.22
SEC_036,2024-04-06,3,Other,1.04
SEC_013,2024-11-18,8,Foodgrain,1.19
SEC_003,2024-04-21,3,Coal,1.02
SEC_017,2024-08-12,11,Foodgrain,0.77
SEC_030,2024-02-27,2,Other,1.06
SEC_009,2024-04-08,2,Coal,0.99
SEC_040,2024-11-13,16,Coal,1.36
SEC_001,2024-08-03,4,Other,0.71
SEC_004,2024-07-27,3,Foodgrain,0.77
SEC_025,2024-07-05,6,Foodgrain,0.83
SEC_026,2024-03-30,5,Cement,0.98
SEC_015,2024-12-06,5,Cement,1.17
SEC_013,2024-05-23,10,Foodgrain,1.02
SEC_004,2024-01-05,6,Cement,1.18
SEC_033,2024-11-27,2,Foodgrain,1.23
SEC_019,2024-01-18,14,Steel,1.17
SEC_006,2024-11-20,12,Cement,1.2
SEC_020,2024-04-07,8,Steel,1.0
SEC_046,2024-01-26,5,Other,1.23
SEC_013,2024-03-21,7,Steel,0.99
SEC_044,2024-08-27,11,Coal,0.88
SEC_013,2024-07-18,11,Other,0.81
SEC_010,2024-02-25,14,Coal,1.07
SEC_013,2024-04-19,8,Other,0.97
SEC_016,2024-03-18,7,Cement,1.05
SEC_006,2024-08-27,5,Foodgrain,0.89
SEC_029,2024-11-12,9,Steel,1.15
SEC_017,2024-04-03,3,Steel,0.98
SEC_036,2024-11-23,9,Coal,1.32
SEC_025,2024-05-29,3,Other,1.04
SEC_022,2024-01-31,14,Steel,1.1
SEC_024,2024-04-28,7,Coal,1.03
SEC_008,2024-11-15,4,Coal,1.31
SEC_035,2024-10-22,16,Cement,1.34
SEC_006,2024-09-23,8,Foodgrain,1.02
SEC_036,2024-05-25,3,Steel,0.98
SEC_049,2024-10-10,18,Other,1.3
SEC_038,2024-09-16,6,Steel,1.07
SEC_023,2024-10-16,2,Other,1.21
SEC_016,2024-07-23,5,Coal,0.8
SEC_043,2024-07-04,6,Foodgrain,0.78
SEC_013,2024-12-19,7,Coal,1.12
SEC_024,2024-12-12,8,Coal,1.12
SEC_038,2024-07-15,1,Cement,0.71
SEC_046,2024-03-14,12,Cement,1.07
SEC_046,2024-05-29,3,Foodgrain,1.0
SEC_005,2024-07-03,13,Foodgrain,0.9
SEC_045,2024-09-04,3,Steel,1.04
SEC_006,2024-04-26,12,Cement,1.03
SEC_029,2024-01-17,8,Coal,1.1
SEC_046,2024-10-28,2,Foodgrain,1.24
SEC_033,2024-12-13,2,Other,1.09
SEC_047,2024-01-31,16,Cement,1.24
SEC_017,2024-04-26,10,Other,1.03
SEC_016,2024-06-07,8,Steel,0.89
SEC_016,2024-10-05,13,Coal,1.34
SEC_018,2024-10-10,6,Other,1.39
SEC_034,2024-05-05,6,Foodgrain,1.04
SEC_023,2024-04-24,2,Cement,0.98
SEC_037,2024-05-28,3,Other,1.07
SEC_021,2024-03-29,3,Steel,1.08
SEC_016,2024-06-08,3,Coal,0.86
SEC_010,2024-04-06,2,Other,1.0
SEC_028,2024-01-23,10,Steel,1.15
SEC_045,2024-09-18,2,Coal,1.04
SEC_043,2024-10-15,15,Foodgrain,1.4
SEC_013,2024-04-14,9,Coal,1.02
SEC_024,2024-05-26,15,Coal,1.08
SEC_035,2024-05-27,15,Cement,1.09
SEC_031,2024-01-09,12,Coal,1.06
SEC_004,2024-07-18,2,Cement,0.82
SEC_029,2024-06-16,3,Foodgrain,0.75
SEC_002,2024-12-10,10,Coal,1.22
SEC_006,2024-05-16,5,Other,1.09
SEC_033,2024-10-17,8,Coal,1.36
SEC_006,2024-05-22,10,Cement,1.03
SEC_017,2024-03-08,10,Coal,0.97
SEC_029,2024-05-07,5,Foodgrain,0.96
SEC_033,2024-11-19,16,Coal,1.3
SEC_022,2024-04-03,5,Other,1.07
SEC_005,2024-11-05,4,Foodgrain,1.19
SEC_040,2024-08-31,6,Coal,0.71
SEC_047,2024-09-29,10,Coal,1.04
SEC_044,2024-10-02,3,Foodgrain,1.26
SEC_037,2024-07-08,2,Foodgrain,0.7
SEC_020,2024-08-08,4,Steel,0.75
SEC_043,2024-01-26,2,Cement,1.24
SEC_024,2024-09-12,12,Cement,0.98
SEC_007,2024-09-17,5,Cement,1.07
SEC_042,2024-02-07,16,Cement,1.25
SEC_016,2024-07-08,8,Other,0.75
SEC_046,2024-07-05,8,Steel,0.79
SEC_019,2024-04-23,2,Coal,0.97
SEC_043,2024-01-25,4,Coal,1.19
SEC_027,2024-01-04,13,Coal,1.1
SEC_023,2024-03-17,12,Steel,1.06
SEC_015,2024-03-25,10,Coal,1.03
SEC_041,2024-03-18,9,Other,0.99
SEC_003,2024-08-09,10,Steel,0.75
SEC_023,2024-06-03,10,Steel,0.74
SEC_019,2024-02-11,4,Foodgrain,1.18
SEC_027,2024-01-31,11,Foodgrain,1.23
SEC_013,2024-08-27,2,Coal,0.72
SEC_033,2024-12-08,10,Other,1.23
SEC_019,2024-10-26,14,Cement,1.39
SEC_010,2024-10-04,16,Other,1.33
SEC_010,2024-04-26,12,Other,1.02
SEC_035,2024-09-14,5,Other,0.99
SEC_013,2024-01-31,10,Steel,1.12
SEC_016,2024-03-03,6,Cement,1.02
SEC_031,2024-02-21,8,Coal,1.06
SEC_017,2024-03-08,10,Steel,1.04
SEC_020,2024-05-10,6,Cement,1.07
SEC_012,2024-01-16,15,Cement,1.06
SEC_017,2024-10-24,11,Cement,1.24
SEC_034,2024-09-18,3,Cement,0.96
SEC_027,2024-08-20,5,Coal,0.78
SEC_049,2024-03-05,19,Foodgrain,1.45
SEC_038,2024-11-13,4,Cement,1.36
SEC_001,2024-01-03,5,Coal,1.06
SEC_019,2024-12-29,9,Steel,1.18
SEC_015,2024-09-23,5,Foodgrain,0.95
SEC_029,2024-03-15,2,Cement,0.99
SEC_014,2024-03-13,5,Other,1.01
SEC_048,2024-09-11,7,Cement,1.1
SEC_015,2024-10-22,17,Other,1.19
SEC_026,2024-06-19,12,Steel,0.89
SEC_007,2024-01-22,11,Steel,1.09
SEC_045,2024-06-29,10,Steel,0.9
SEC_045,2024-06-24,4,Other,0.75
SEC_039,2024-04-29,8,Cement,1.06
SEC_018,2024-11-26,3,Foodgrain,1.33
SEC_003,2024-05-05,12,Foodgrain,1.0
SEC_035,2024-03-30,11,Steel,0.97
SEC_022,2024-09-04,10,Other,1.0
SEC_049,2024-08-14,12,Cement,0.83
SEC_035,2024-08-15,6,Foodgrain,0.79
SEC_027,2024-07-03,5,Cement,0.88
SEC_049,2024-04-26,10,Cement,1.04
SEC_040,2024-04-04,15,Steel,1.1
SEC_023,2024-02-13,6,Cement,1.19
SEC_001,2024-03-08,11,Cement,1.0
SEC_005,2024-07-30,8,Cement,0.86
SEC_022,2024-05-28,4,Coal,1.09
SEC_028,2024-09-27,7,Coal,1.07
SEC_002,2024-10-21,16,Coal,1.23
SEC_007,2024-07-23,9,Steel,0.88
SEC_035,2024-02-08,17,Coal,1.19
SEC_037,2024-01-02,13,Foodgrain,1.22
SEC_002,2024-03-24,10,Other,0.99
SEC_025,2024-04-13,12,Coal,1.05
SEC_004,2024-01-27,5,Steel,1.16
SEC_036,2024-10-11,18,Coal,1.25
SEC_041,2024-05-14,2,Coal,0.99
SEC_043,2024-09-28,12,Coal,0.98
SEC_030,2024-03-17,15,Cement,1.06
SEC_031,2024-01-04,17,Other,1.21
SEC_046,2024-02-20,11,Cement,1.18
SEC_031,2024-06-21,11,Cement,0.8
SEC_022,2024-06-24,1,Coal,0.72
SEC_037,2024-06-09,9,Other,0.84
SEC_029,2024-12-17,7,Foodgrain,1.22
SEC_042,2024-08-26,5,Other,0.73
SEC_026,2024-09-24,3,Steel,0.97
SEC_043,2024-02-15,7,Cement,1.21
SEC_003,2024-06-19,7,Foodgrain,0.8
SEC_002,2024-08-15,3,Foodgrain,0.75
SEC_005,2024-08-02,3,Coal,0.77
SEC_028,2024-12-12,10,Foodgrain,1.22
SEC_035,2024-06-23,4,Coal,0.9
SEC_011,2024-05-16,9,Cement,1.01
SEC_008,2024-12-11,4,Cement,1.09
SEC_043,2024-05-03,8,Other,1.04
SEC_037,2024-07-27,8,Foodgrain,0.77
SEC_032,2024-01-11,7,Other,1.22
SEC_024,2024-03-01,6,Other,1.05
SEC_021,2024-01-22,8,Foodgrain,1.16
SEC_002,2024-06-01,2,Other,0.8
SEC_010,2024-12-06,5,Cement,1.22
SEC_044,2024-01-27,15,Steel,1.07
SEC_017,2024-12-23,5,Foodgrain,1.16
SEC_035,2024-11-14,17,Coal,1.27
SEC_035,2024-01-03,11,Steel,1.23
SEC_016,2024-01-06,2,Steel,1.11
SEC_011,2024-11-25,4,Steel,1.18
SEC_034,2024-08-02,10,Steel,0.71
SEC_005,2024-03-04,12,Coal,1.02
SEC_025,2024-12-15,6,Foodgrain,1.1
SEC_044,2024-07-24,9,Steel,0.86
SEC_035,2024-08-20,8,Steel,0.89
SEC_038,2024-09-05,7,Cement,1.05
SEC_005,2024-03-14,10,Other,0.99
SEC_010,2024-05-11,14,Coal,1.09
SEC_014,2024-02-17,7,Foodgrain,1.18
SEC_015,2024-07-12,8,Other,0.83
SEC_010,2024-12-27,16,Cement,1.17
SEC_048,2024-08-17,6,Coal,0.85
SEC_009,2024-09-10,10,Cement,1.1
SEC_035,2024-03-11,11,Coal,1.0
SEC_029,2024-07-17,2,Cement,0.8
SEC_030,2024-12-29,10,Foodgrain,1.07
SEC_011,2024-02-02,8,Foodgrain,1.15
SEC_016,2024-03-15,3,Steel,1.03
SEC_030,2024-09-20,11,Other,0.96
SEC_015,2024-01-04,7,Coal,1.24
SEC_035,2024-03-16,3,Other,0.95
SEC_002,2024-12-11,6,Coal,1.12
SEC_004,2024-01-08,6,Steel,1.17
SEC_036,2024-06-06,12,Foodgrain,0.83
SEC_031,2024-04-30,16,Foodgrain,1.48
SEC_003,2024-05-25,4,Steel,0.99
SEC_045,2024-04-04,3,Steel,1.08
SEC_001,2024-04-10,3,Foodgrain,1.39
SEC_047,2024-10-05,3,Coal,1.26
SEC_036,2024-01-10,16,Coal,1.14
SEC_049,2024-02-17,2,Steel,1.23
SEC_047,2024-04-06,9,Coal,0.99
SEC_016,2024-10-29,15,Coal,1.19
SEC_038,2024-05-23,8,Coal,0.95
SEC_011,2024-01-13,12,Other,1.12
SEC_024,2024-07-09,6,Coal,0.81
SEC_012,2024-08-17,11,Coal,0.79
SEC_024,2024-06-16,10,Cement,0.73
SEC_043,2024-02-02,5,Foodgrain,1.25
SEC_022,2024-11-17,14,Foodgrain,1.36
SEC_005,2024-11-10,9,Cement,1.31
SEC_016,2024-11-29,5,Cement,1.34
SEC_039,2024-12-18,12,Foodgrain,1.22
SEC_026,2024-04-26,12,Other,1.08
SEC_028,2024-06-03,10,Steel,0.71
SEC_022,2024-12-17,17,Steel,1.24
SEC_015,2024-06-13,3,Foodgrain,0.88
SEC_030,2024-11-12,14,Other,1.36
SEC_032,2024-08-25,5,Other,0.82
SEC_045,2024-12-05,10,Cement,1.24
SEC_031,2024-01-04,2,Coal,1.09
SEC_049,2024-09-15,13,Cement,1.02
SEC_041,2024-10-20,12,Coal,1.22
SEC_004,2024-03-13,8,Other,1.05
SEC_020,2024-09-26,10,Coal,0.98
SEC_019,2024-03-12,11,Coal,1.01
SEC_001,2024-11-27,8,Foodgrain,1.33
SEC_009,2024-11-28,5,Foodgrain,1.16
SEC_038,2024-01-02,11,Steel,1.08
SEC_018,2024-07-04,3,Foodgrain,0.85
SEC_008,2024-05-19,7,Cement,1.02
SEC_015,2024-11-21,15,Cement,1.34
SEC_014,2024-04-27,9,Cement,0.99
SEC_009,2024-09-20,14,Steel,1.07
SEC_005,2024-02-12,3,Foodgrain,1.07
SEC_038,2024-03-18,9,Coal,1.01
SEC_041,2024-12-26,13,Steel,1.14
SEC_025,2024-05-20,6,Other,1.02
SEC_031,2024-10-07,14,Coal,1.24
SEC_046,2024-12-20,9,Foodgrain,1.16
SEC_042,2024-12-19,12,Foodgrain,1.2
SEC_002,2024-01-08,3,Steel,1.08
SEC_047,2024-03-26,6,Coal,1.02
SEC_004,2024-09-18,8,Coal,1.03
SEC_002,2024-12-05,5,Cement,1.17
SEC_020,2024-12-24,6,Foodgrain,1.18
SEC_037,2024-09-20,11,Foodgrain,1.02
SEC_004,2024-02-08,9,Coal,1.17
SEC_015,2024-09-28,3,Foodgrain,1.04
SEC_013,2024-04-09,11,Coal,1.07
SEC_020,2024-10-22,18,Steel,1.27
SEC_049,2024-07-19,12,Other,0.89
SEC_017,2024-03-08,19,Foodgrain,1.37
SEC_011,2024-11-04,16,Coal,1.26
SEC_006,2024-12-27,2,Foodgrain,1.24
SEC_010,2024-07-04,11,Coal,0.79
SEC_007,2024-10-24,4,Coal,1.24
SEC_029,2024-01-22,11,Cement,1.12
SEC_021,2024-04-09,3,Cement,1.05
SEC_025,2024-02-16,8,Steel,1.15
SEC_041,2024-04-13,4,Cement,1.01
SEC_029,2024-05-17,12,Coal,1.04
SEC_008,2024-06-06,2,Foodgrain,0.84
SEC_019,2024-04-28,18,Foodgrain,1.46
SEC_016,2024-07-18,9,Coal,0.8
SEC_041,2024-03-21,5,Cement,1.0
SEC_016,2024-05-07,11,Foodgrain,1.03
SEC_007,2024-11-03,7,Foodgrain,1.35
SEC_037,2024-07-24,2,Cement,0.75
SEC_021,2024-01-10,7,Cement,1.18
SEC_005,2024-04-30,9,Foodgrain,1.44
SEC_034,2024-10-30,9,Other,1.34
SEC_011,2024-03-06,7,Coal,1.09
SEC_043,2024-12-03,5,Cement,1.23
SEC_041,2024-04-18,2,Steel,1.03
SEC_019,2024-08-18,6,Foodgrain,0.86
SEC_028,2024-06-22,3,Cement,0.86
SEC_028,2024-08-16,8,Other,0.78
SEC_033,2024-10-18,15,Foodgrain,1.22
SEC_004,2024-02-24,7,Coal,1.16
SEC_016,2024-05-08,2,Other,1.03
SEC_009,2024-07-27,11,Foodgrain,0.79
SEC_035,2024-04-05,13,Coal,1.05
SEC_004,2024-05-17,11,Coal,1.06
SEC_026,2024-11-20,7,Coal,1.4
SEC_036,2024-03-24,12,Steel,0.96
SEC_047,2024-03-10,13,Steel,1.07
SEC_015,2024-08-01,10,Other,0.71
SEC_001,2024-02-06,15,Other,1.17
SEC_036,2024-01-01,10,Coal,1.15
SEC_001,2024-11-14,15,Steel,1.37
SEC_004,2024-04-11,12,Steel,0.98
SEC_049,2024-02-14,5,Foodgrain,1.07
SEC_043,2024-08-28,4,Coal,0.88
SEC_035,2024-06-25,2,Steel,0.72
SEC_041,2024-06-15,8,Foodgrain,0.84
SEC_004,2024-06-09,3,Foodgrain,0.74
SEC_005,2024-02-23,5,Other,1.22
SEC_015,2024-11-10,16,Other,1.26
SEC_002,2024-01-01,9,Steel,1.13
SEC_044,2024-06-25,6,Other,0.74
SEC_003,2024-04-08,7,Other,0.99
SEC_027,2024-08-22,8,Steel,0.76
SEC_042,2024-07-19,3,Foodgrain,0.83
SEC_037,2024-05-20,3,Cement,0.99
SEC_012,2024-07-14,3,Other,0.86
SEC_024,2024-03-24,3,Cement,1.04
SEC_027,2024-02-17,16,Other,1.21
SEC_038,2024-11-27,16,Cement,1.24
SEC_021,2024-08-12,8,Coal,0.9
SEC_014,2024-08-27,2,Steel,0.77
SEC_039,2024-12-31,5,Other,1.08
SEC_044,2024-11-26,10,Foodgrain,1.38
SEC_024,2024-08-02,4,Coal,0.89
SEC_002,2024-10-16,16,Steel,1.3
SEC_025,2024-07-12,7,Foodgrain,0.78
SEC_044,2024-03-28,3,Foodgrain,1.38
SEC_049,2024-08-15,5,Coal,0.85
SEC_020,2024-11-30,15,Steel,1.33
SEC_008,2024-11-17,10,Steel,1.26
SEC_029,2024-07-03,9,Steel,0.83
SEC_041,2024-12-12,10,Other,1.21
SEC_047,2024-03-13,13,Coal,0.96
SEC_003,2024-01-16,15,Cement,1.15
SEC_015,2024-05-27,4,Steel,1.03
SEC_024,2024-03-16,10,Foodgrain,1.41
SEC_005,2024-12-16,13,Steel,1.09
SEC_044,2024-02-12,9,Other,1.13
SEC_006,2024-07-14,7,Other,0.76
SEC_033,2024-10-09,5,Steel,1.37
SEC_046,2024-02-10,4,Coal,1.22
SEC_034,2024-01-17,9,Coal,1.1
SEC_038,2024-07-21,2,Cement,0.79
SEC_013,2024-11-26,19,Other,1.34
SEC_041,2024-01-06,5,Coal,1.21
SEC_021,2024-01-08,13,Coal,1.19
SEC_004,2024-12-04,14,Foodgrain,1.08
SEC_018,2024-08-08,5,Other,0.87
SEC_018,2024-09-13,6,Cement,0.98
SEC_026,2024-04-10,2,Coal,1.08
SEC_013,2024-04-24,4,Other,1.07
SEC_023,2024-06-21,3,Steel,0.81
SEC_021,2024-03-19,5,Steel,0.96
SEC_017,2024-06-10,2,Steel,0.75
SEC_035,2024-12-15,14,Cement,1.19
SEC_015,2024-10-01,7,Steel,1.35
SEC_038,2024-11-14,9,Cement,1.16
SEC_013,2024-06-30,2,Steel,0.76
SEC_043,2024-10-15,13,Coal,1.33
SEC_018,2024-06-03,11,Coal,0.76
SEC_002,2024-08-13,2,Foodgrain,0.81
SEC_008,2024-09-24,2,Coal,0.95
SEC_040,2024-10-28,5,Foodgrain,1.15
SEC_043,2024-12-04,4,Cement,1.22
SEC_011,2024-02-08,11,Foodgrain,1.18
SEC_030,2024-10-17,18,Foodgrain,1.36
SEC_029,2024-09-16,8,Coal,1.06
SEC_007,2024-09-26,6,Coal,0.97
SEC_023,2024-01-06,15,Coal,1.07
SEC_034,2024-06-27,1,Coal,0.74
SEC_048,2024-12-17,15,Foodgrain,1.05
SEC_042,2024-11-25,12,Steel,1.25
SEC_005,2024-03-25,7,Cement,1.03
SEC_012,2024-06-26,6,Steel,0.76
SEC_022,2024-11-12,11,Steel,1.18
SEC_008,2024-12-06,11,Foodgrain,1.22
SEC_028,2024-05-01,15,Steel,1.06
SEC_001,2024-10-20,17,Coal,1.24
SEC_006,2024-11-01,11,Coal,1.36
SEC_003,2024-02-24,14,Other,1.24
SEC_015,2024-01-12,3,Coal,1.11
SEC_038,2024-01-18,14,Steel,1.15
SEC_009,2024-02-23,15,Foodgrain,1.14
SEC_049,2024-09-28,8,Foodgrain,1.01
SEC_014,2024-05-22,2,Cement,1.08
SEC_003,2024-09-08,15,Cement,1.05
SEC_017,2024-02-02,15,Cement,1.09
SEC_037,2024-08-08,5,Steel,0.77
SEC_006,2024-09-29,6,Other,1.05
SEC_004,2024-12-23,2,Coal,1.18
SEC_042,2024-04-26,5,Steel,1.02
SEC_030,2024-07-18,4,Steel,0.71
SEC_017,2024-06-25,10,Steel,0.71
SEC_038,2024-05-07,14,Foodgrain,1.04
SEC_042,2024-08-22,6,Coal,0.81
SEC_018,2024-07-25,2,Other,0.85
SEC_028,2024-10-31,4,Coal,1.2
SEC_001,2024-01-11,7,Steel,1.18
SEC_016,2024-03-22,11,Foodgrain,1.33
SEC_030,2024-07-31,10,Other,0.87
SEC_010,2024-07-28,2,Foodgrain,0.8
SEC_049,2024-11-26,7,Foodgrain,1.21
SEC_048,2024-09-03,14,Steel,1.06
SEC_013,2024-01-02,7,Cement,1.21
SEC_020,2024-06-28,8,Foodgrain,0.85
SEC_010,2024-11-05,7,Coal,1.21
SEC_025,2024-11-15,7,Foodgrain,1.24
SEC_007,2024-10-20,8,Other,1.39
SEC_020,2024-06-23,8,Other,0.83
SEC_028,2024-02-08,11,Steel,1.11
SEC_030,2024-03-19,12,Cement,1.0
SEC_030,2024-11-05,11,Steel,1.39
SEC_011,2024-05-04,3,Cement,1.05
SEC_039,2024-10-06,6,Foodgrain,1.4
SEC_034,2024-01-14,11,Steel,1.1
SEC_037,2024-06-28,9,Other,0.88
SEC_023,2024-12-13,7,Steel,1.17
SEC_044,2024-03-30,15,Steel,1.08
SEC_020,2024-01-12,7,Other,1.06
SEC_040,2024-04-15,11,Steel,1.06
SEC_010,2024-01-24,4,Coal,1.12
SEC_013,2024-08-12,11,Other,0.86
SEC_026,2024-03-11,18,Foodgrain,1.37
SEC_028,2024-03-31,4,Other,0.98
SEC_037,2024-08-03,8,Coal,0.74
SEC_015,2024-04-29,9,Cement,1.05
SEC_043,2024-08-26,5,Coal,0.73
SEC_017,2024-12-06,10,Foodgrain,1.1
SEC_027,2024-12-06,16,Steel,1.23
SEC_046,2024-09-23,13,Foodgrain,0.97
SEC_027,2024-12-20,7,Steel,1.1
SEC_034,2024-09-26,14,Other,0.99
SEC_045,2024-01-25,8,Cement,1.21
SEC_048,2024-12-15,2,Coal,1.13
SEC_025,2024-07-26,9,Foodgrain,0.82
SEC_021,2024-01-03,8,Cement,1.21
SEC_010,2024-08-15,6,Foodgrain,0.9
SEC_027,2024-03-30,8,Cement,1.02
SEC_045,2024-07-14,11,Foodgrain,0.84
SEC_024,2024-08-28,8,Other,0.71
SEC_018,2024-01-11,6,Cement,1.14
SEC_006,2024-06-09,6,Foodgrain,0.76
SEC_020,2024-01-21,11,Other,1.2
SEC_012,2024-02-11,16,Steel,1.22
SEC_048,2024-03-18,13,Cement,1.05
SEC_026,2024-10-12,15,Cement,1.21
SEC_007,2024-05-31,10,Steel,0.95
SEC_004,2024-01-18,9,Other,1.13
SEC_042,2024-09-30,4,Steel,1.08
SEC_046,2024-07-18,9,Other,0.78
SEC_038,2024-02-21,2,Coal,1.05
SEC_007,2024-07-24,4,Steel,0.77
SEC_005,2024-04-01,14,Steel,1.05
SEC_010,2024-08-20,10,Steel,0.74
SEC_037,2024-12-12,17,Foodgrain,1.21
SEC_038,2024-04-25,11,Cement,1.0
SEC_042,2024-09-29,10,Foodgrain,0.95
SEC_005,2024-01-09,2,Foodgrain,1.17
SEC_008,2024-05-29,12,Coal,1.08
SEC_045,2024-11-21,13,Coal,1.34
SEC_046,2024-01-28,12,Steel,1.15
SEC_036,2024-12-06,5,Coal,1.06
SEC_006,2024-02-04,4,Coal,1.21
SEC_004,2024-06-25,7,Coal,0.88
SEC_003,2024-03-07,6,Steel,1.01
SEC_034,2024-01-08,6,Coal,1.18
SEC_042,2024-05-07,8,Coal,1.04
SEC_031,2024-07-31,8,Steel,0.72
SEC_013,2024-09-21,12,Steel,0.96
SEC_038,2024-04-25,9,Other,1.03
SEC_003,2024-06-29,2,Cement,0.72
SEC_041,2024-03-07,7,Cement,1.05
SEC_044,2024-09-24,3,Cement,1.03
SEC_036,2024-03-02,4,Coal,1.09
SEC_044,2024-11-11,5,Foodgrain,1.16
SEC_029,2024-03-06,5,Cement,0.96
SEC_023,2024-08-31,10,Other,0.76
SEC_016,2024-05-01,10,Foodgrain,0.95
SEC_046,2024-12-30,12,Steel,1.06
SEC_035,2024-04-12,4,Cement,0.95
SEC_010,2024-12-13,12,Coal,1.13
SEC_047,2024-11-02,5,Other,1.23
SEC_003,2024-06-20,3,Steel,0.87
SEC_029,2024-06-30,5,Coal,0.7
SEC_010,2024-05-09,12,Steel,1.03
SEC_033,2024-06-05,2,Other,0.71
SEC_021,2024-06-19,2,Foodgrain,0.77
SEC_022,2024-02-23,5,Coal,1.07
SEC_033,2024-04-28,4,Steel,0.99
SEC_038,2024-11-16,10,Cement,1.21
SEC_019,2024-12-24,8,Coal,1.06
SEC_049,2024-01-21,15,Other,1.18
SEC_025,2024-09-25,11,Cement,1.06
SEC_008,2024-03-28,7,Cement,1.04
SEC_001,2024-08-27,3,Cement,0.84
SEC_010,2024-08-15,5,Coal,0.87
SEC_034,2024-11-17,4,Other,1.34
SEC_027,2024-09-14,5,Steel,1.0
SEC_017,2024-10-28,14,Coal,1.2
SEC_024,2024-10-20,11,Coal,1.35
SEC_042,2024-08-24,6,Coal,0.81
SEC_029,2024-05-30,6,Coal,1.01
SEC_003,2024-05-03,10,Other,1.05
SEC_003,2024-05-06,8,Coal,1.03
SEC_024,2024-05-11,12,Cement,1.04
SEC_020,2024-04-15,11,Coal,1.04
SEC_042,2024-04-23,12,Other,1.05
SEC_029,2024-07-26,9,Foodgrain,0.89
SEC_038,2024-04-08,14,Foodgrain,1.45
SEC_029,2024-05-07,10,Coal,1.08
SEC_017,2024-09-16,5,Other,1.09
SEC_033,2024-04-30,9,Foodgrain,1.46
SEC_031,2024-02-09,14,Coal,1.25
SEC_036,2024-01-07,5,Cement,1.13
SEC_010,2024-10-07,18,Other,1.25
SEC_032,2024-12-13,11,Coal,1.24
SEC_014,2024-09-06,7,Steel,1.0
SEC_039,2024-01-23,13,Cement,1.21
SEC_040,2024-07-25,9,Coal,0.84
SEC_031,2024-04-09,9,Cement,1.04
SEC_047,2024-04-27,13,Cement,0.99
SEC_027,2024-12-03,3,Foodgrain,1.12
SEC_002,2024-10-28,12,Steel,1.21
SEC_030,2024-09-26,11,Foodgrain,1.08
SEC_039,2024-07-02,9,Coal,0.73
SEC_005,2024-07-30,7,Cement,0.72
SEC_006,2024-12-01,2,Cement,1.13
SEC_014,2024-08-29,3,Foodgrain,0.76
SEC_042,2024-07-30,4,Cement,0.87
SEC_026,2024-02-05,7,Foodgrain,1.07
SEC_048,2024-12-30,9,Foodgrain,1.09
SEC_043,2024-10-22,15,Other,1.25
SEC_028,2024-05-13,9,Other,1.09
SEC_034,2024-04-01,9,Other,1.03
SEC_017,2024-12-20,8,Foodgrain,1.14
SEC_005,2024-12-15,15,Steel,1.22
SEC_020,2024-06-02,9,Coal,0.73
SEC_030,2024-03-25,10,Foodgrain,1.36
SEC_009,2024-10-19,3,Other,1.37
SEC_011,2024-08-16,8,Other,0.76
SEC_001,2024-11-25,9,Coal,1.25
SEC_036,2024-07-18,6,Foodgrain,0.89
SEC_045,2024-07-20,9,Cement,0.79
SEC_041,2024-02-22,2,Cement,1.2
SEC_019,2024-08-08,7,Other,0.72
SEC_030,2024-05-12,10,Coal,1.03
SEC_048,2024-03-16,13,Foodgrain,1.45
SEC_029,2024-10-12,11,Coal,1.19
SEC_015,2024-05-06,9,Cement,1.08
SEC_017,2024-03-18,18,Foodgrain,1.38
SEC_036,2024-12-17,6,Foodgrain,1.17
SEC_022,2024-12-18,10,Other,1.16
SEC_042,2024-06-30,8,Other,0.72
SEC_043,2024-04-18,8,Steel,0.98
SEC_002,2024-02-29,6,Other,1.21
SEC_036,2024-08-17,9,Other,0.7
SEC_019,2024-08-11,8,Coal,0.85
SEC_026,2024-08-14,2,Cement,0.7
SEC_013,2024-10-07,15,Coal,1.15
SEC_019,2024-06-21,7,Cement,0.86
SEC_017,2024-09-07,10,Cement,1.0
SEC_003,2024-08-27,11,Other,0.78
SEC_039,2024-10-18,5,Foodgrain,1.2
SEC_008,2024-09-29,7,Steel,1.04
SEC_019,2024-01-14,6,Cement,1.15
SEC_010,2024-08-14,5,Steel,0.74
SEC_008,2024-12-23,8,Coal,1.19
SEC_019,2024-07-23,5,Coal,0.89
SEC_046,2024-07-12,6,Other,0.78
SEC_047,2024-08-10,3,Steel,0.87
SEC_019,2024-07-23,8,Coal,0.74
SEC_025,2024-05-27,4,Coal,1.06
SEC_049,2024-12-29,9,Coal,1.11
SEC_012,2024-01-26,8,Cement,1.14
SEC_047,2024-10-25,19,Coal,1.35
SEC_006,2024-02-28,11,Other,1.2
SEC_012,2024-03-16,8,Foodgrain,1.5
SEC_017,2024-08-10,8,Steel,0.76
SEC_002,2024-08-21,6,Other,0.85
SEC_040,2024-12-05,15,Foodgrain,1.14
SEC_042,2024-04-17,7,Steel,1.05
SEC_019,2024-01-10,9,Cement,1.08
SEC_041,2024-04-03,6,Cement,1.06
SEC_038,2024-07-18,5,Cement,0.77
SEC_040,2024-05-10,6,Cement,1.02
SEC_040,2024-04-02,10,Other,1.06
SEC_029,2024-11-30,19,Foodgrain,1.38
SEC_006,2024-07-24,9,Steel,0.9
SEC_046,2024-09-02,10,Coal,0.97
SEC_030,2024-10-01,5,Steel,1.35
SEC_045,2024-05-29,7,Cement,1.05
SEC_047,2024-09-26,14,Other,1.05
SEC_010,2024-12-18,14,Steel,1.05
SEC_020,2024-09-22,10,Coal,0.98
SEC_010,2024-04-18,2,Cement,1.02
SEC_003,2024-10-12,13,Cement,1.31
SEC_048,2024-03-27,6,Coal,1.01
SEC_046,2024-01-27,14,Coal,1.24
SEC_046,2024-06-11,4,Steel,0.75
SEC_044,2024-07-05,2,Foodgrain,0.73
SEC_032,2024-06-20,7,Coal,0.79
SEC_026,2024-04-05,7,Foodgrain,1.39
SEC_049,2024-04-09,13,Foodgrain,1.32
SEC_028,2024-12-03,6,Cement,1.12
SEC_032,2024-04-16,11,Other,1.09
SEC_011,2024-10-13,6,Coal,1.16
SEC_037,2024-04-04,5,Foodgrain,1.36
SEC_041,2024-02-09,16,Other,1.14
SEC_034,2024-01-24,11,Coal,1.21
SEC_025,2024-03-30,5,Other,0.97
SEC_010,2024-11-03,11,Steel,1.27
SEC_002,2024-06-15,10,Cement,0.87
SEC_031,2024-09-11,8,Cement,0.99
SEC_034,2024-12-18,16,Other,1.15
SEC_038,2024-01-18,12,Coal,1.15
SEC_047,2024-02-10,15,Other,1.13
SEC_025,2024-12-02,4,Foodgrain,1.2
SEC_041,2024-07-26,7,Cement,0.73
SEC_036,2024-08-14,9,Cement,0.71
SEC_014,2024-05-04,15,Foodgrain,1.08
SEC_042,2024-10-29,4,Foodgrain,1.4
SEC_003,2024-08-24,8,Other,0.83
SEC_030,2024-04-04,5,Foodgrain,1.34
SEC_047,2024-08-25,8,Other,0.8
SEC_033,2024-01-02,15,Cement,1.13
SEC_046,2024-03-29,10,Cement,0.96
SEC_003,2024-03-15,17,Foodgrain,1.4
SEC_027,2024-10-14,15,Steel,1.36
SEC_039,2024-09-26,5,Cement,1.02
SEC_032,2024-02-03,7,Steel,1.16
SEC_044,2024-11-27,12,Cement,1.18
SEC_023,2024-10-26,4,Cement,1.35
SEC_034,2024-06-08,6,Foodgrain,0.73
SEC_021,2024-03-18,7,Other,1.01
SEC_043,2024-06-02,2,Coal,0.9
SEC_006,2024-08-03,9,Steel,0.85
SEC_013,2024-08-18,11,Steel,0.83
SEC_005,2024-05-07,5,Other,1.0
SEC_035,2024-02-07,2,Foodgrain,1.09
SEC_012,2024-08-11,6,Steel,0.72
SEC_016,2024-09-15,9,Other,1.09
SEC_041,2024-04-07,5,Foodgrain,1.34
SEC_018,2024-08-22,2,Steel,0.8
SEC_008,2024-07-27,4,Other,0.73
SEC_002,2024-07-02,4,Coal,0.9
SEC_012,2024-01-04,6,Other,1.2
SEC_045,2024-04-22,11,Coal,1.06
SEC_027,2024-05-17,5,Foodgrain,0.99
SEC_049,2024-11-01,10,Foodgrain,1.28
SEC_011,2024-10-29,17,Other,1.33
SEC_018,2024-11-15,14,Other,1.23
SEC_008,2024-06-18,2,Other,0.82
SEC_020,2024-04-29,14,Other,1.02
SEC_028,2024-07-01,5,Other,0.83
SEC_040,2024-10-16,8,Foodgrain,1.39
SEC_019,2024-08-15,11,Other,0.83
SEC_038,2024-08-08,11,Cement,0.89
SEC_031,2024-06-07,5,Steel,0.72
SEC_015,2024-09-11,10,Other,1.02
SEC_045,2024-11-13,14,Coal,1.35
SEC_022,2024-09-01,8,Coal,1.09
SEC_008,2024-05-27,8,Coal,1.01
SEC_048,2024-11-03,16,Foodgrain,1.22
SEC_045,2024-12-10,11,Coal,1.19
SEC_003,2024-10-18,5,Steel,1.31
SEC_045,2024-11-16,5,Steel,1.26
SEC_047,2024-04-07,9,Steel,0.96
SEC_041,2024-06-03,6,Coal,0.74
SEC_013,2024-04-01,15,Steel,1.08
SEC_031,2024-05-13,13,Steel,1.06
SEC_027,2024-09-25,4,Cement,0.97
SEC_031,2024-09-04,7,Foodgrain,0.98
SEC_031,2024-01-02,15,Steel,1.06
SEC_032,2024-10-03,9,Coal,1.23
SEC_026,2024-03-11,7,Foodgrain,1.48
SEC_034,2024-03-09,15,Steel,1.09
SEC_026,2024-07-17,4,Cement,0.7
SEC_001,2024-03-29,8,Steel,0.95
SEC_002,2024-12-18,2,Other,1.17
SEC_047,2024-02-23,9,Coal,1.14
SEC_045,2024-02-25,12,Other,1.06
SEC_029,2024-10-05,4,Cement,1.23
SEC_009,2024-04-14,14,Cement,0.99
SEC_039,2024-09-18,4,Other,1.08
SEC_008,2024-09-06,4,Foodgrain,0.95
SEC_019,2024-03-10,4,Cement,1.09
SEC_017,2024-07-31,8,Foodgrain,0.87
SEC_001,2024-07-15,5,Cement,0.86
SEC_040,2024-02-04,13,Foodgrain,1.08
SEC_025,2024-10-06,14,Other,1.37
SEC_016,2024-11-09,8,Steel,1.27
SEC_025,2024-12-12,5,Cement,1.17
SEC_001,2024-02-02,6,Coal,1.2
SEC_022,2024-03-06,13,Coal,1.01
SEC_026,2024-10-28,11,Cement,1.22
SEC_017,2024-04-21,10,Steel,0.99
SEC_041,2024-08-16,8,Coal,0.75
SEC_013,2024-05-07,4,Cement,1.01
SEC_007,2024-03-20,10,Cement,1.02
SEC_026,2024-08-16,8,Cement,0.72
SEC_044,2024-03-16,18,Foodgrain,1.39
SEC_019,2024-02-19,12,Other,1.16
SEC_003,2024-07-13,9,Coal,0.86
SEC_048,2024-03-11,13,Coal,0.98
SEC_022,2024-03-11,11,Steel,1.09
SEC_009,2024-10-12,16,Other,1.24
SEC_031,2024-07-12,11,Cement,0.86
SEC_016,2024-07-17,7,Foodgrain,0.86
SEC_046,2024-02-22,10,Other,1.2
SEC_015,2024-02-28,15,Other,1.09
SEC_027,2024-05-23,4,Coal,1.06
SEC_027,2024-05-22,2,Foodgrain,1.09
SEC_012,2024-06-14,3,Other,0.74
SEC_025,2024-02-19,7,Coal,1.22
SEC_006,2024-11-24,4,Coal,1.27
SEC_032,2024-05-12,10,Steel,1.0
SEC_038,2024-10-25,6,Other,1.29
SEC_047,2024-05-26,13,Steel,1.08
SEC_016,2024-06-21,6,Cement,0.79
SEC_014,2024-02-11,13,Steel,1.14
SEC_027,2024-09-04,2,Cement,1.09
SEC_034,2024-01-22,13,Other,1.14
SEC_049,2024-09-30,13,Coal,1.02
SEC_002,2024-11-18,6,Steel,1.39
SEC_012,2024-05-12,10,Foodgrain,0.99
SEC_013,2024-11-20,5,Coal,1.26
SEC_013,2024-09-12,3,Cement,1.06
SEC_023,2024-01-01,11,Steel,1.1
SEC_043,2024-03-15,11,Coal,0.99
SEC_002,2024-08-22,4,Cement,0.82
SEC_040,2024-09-13,2,Coal,1.09
SEC_031,2024-02-04,15,Steel,1.15
SEC_031,2024-09-07,11,Coal,1.01
SEC_034,2024-10-23,9,Coal,1.35
SEC_006,2024-02-03,11,Foodgrain,1.18
SEC_037,2024-11-17,2,Other,1.17
SEC_013,2024-07-14,4,Steel,0.8
SEC_026,2024-08-13,7,Steel,0.89
SEC_034,2024-01-19,12,Other,1.08
SEC_030,2024-08-12,11,Other,0.88
SEC_016,2024-06-15,7,Steel,0.78
SEC_020,2024-05-15,4,Coal,0.99
SEC_024,2024-10-12,13,Cement,1.32
SEC_003,2024-04-01,2,Cement,1.08
SEC_036,2024-01-22,13,Other,1.2
SEC_005,2024-07-01,10,Cement,0.85
SEC_023,2024-09-29,13,Other,0.97
SEC_033,2024-02-18,13,Coal,1.17
SEC_004,2024-12-26,5,Coal,1.06
SEC_049,2024-09-03,5,Cement,1.01
SEC_019,2024-12-07,15,Cement,1.16
SEC_001,2024-06-21,3,Steel,0.81
SEC_033,2024-02-15,7,Foodgrain,1.24
SEC_028,2024-03-06,6,Steel,0.97
SEC_032,2024-07-02,4,Coal,0.79
SEC_037,2024-08-03,6,Other,0.88
SEC_024,2024-09-25,14,Other,1.02
SEC_041,2024-10-18,6,Other,1.21
SEC_019,2024-10-06,5,Foodgrain,1.16
SEC_027,2024-08-03,8,Coal,0.75
SEC_008,2024-01-07,17,Foodgrain,1.21
SEC_031,2024-07-12,8,Cement,0.84
SEC_013,2024-10-26,11,Coal,1.2
SEC_035,2024-11-06,5,Coal,1.25
SEC_040,2024-11-01,2,Other,1.24
SEC_043,2024-01-04,10,Coal,1.2
SEC_046,2024-06-08,10,Foodgrain,0.88
SEC_006,2024-08-13,7,Coal,0.75
SEC_007,2024-03-31,5,Coal,0.99
SEC_046,2024-05-29,13,Cement,0.98
SEC_019,2024-02-05,4,Coal,1.07
SEC_002,2024-03-11,12,Cement,0.95
SEC_015,2024-01-03,13,Other,1.2
SEC_041,2024-12-24,4,Foodgrain,1.18
SEC_018,2024-11-10,8,Coal,1.2
SEC_004,2024-05-27,12,Other,0.96
SEC_036,2024-01-02,12,Steel,1.11
SEC_010,2024-05-02,12,Cement,1.04
SEC_018,2024-06-07,2,Coal,0.78
SEC_001,2024-03-02,7,Coal,1.03
SEC_030,2024-08-30,2,Cement,0.9
SEC_022,2024-12-31,12,Steel,1.15
SEC_043,2024-11-04,11,Foodgrain,1.23
SEC_017,2024-11-09,11,Foodgrain,1.38
SEC_011,2024-10-31,11,Coal,1.2
SEC_009,2024-01-26,6,Steel,1.06
SEC_010,2024-07-20,7,Coal,0.83
SEC_023,2024-07-26,9,Coal,0.83
SEC_005,2024-02-06,16,Other,1.21
SEC_020,2024-02-23,15,Coal,1.24
SEC_042,2024-07-25,3,Other,0.79
SEC_038,2024-09-18,3,Foodgrain,1.03
SEC_032,2024-03-17,13,Steel,1.07
SEC_044,2024-06-26,6,Foodgrain,0.79
SEC_039,2024-01-28,16,Other,1.2
SEC_032,2024-02-10,2,Cement,1.18
SEC_043,2024-07-31,2,Coal,0.84
SEC_007,2024-07-22,12,Cement,0.85
SEC_041,2024-10-01,6,Cement,1.18
SEC_015,2024-11-29,10,Other,1.25
SEC_036,2024-03-10,2,Steel,1.01
SEC_045,2024-05-04,12,Other,1.04
SEC_025,2024-11-09,16,Steel,1.33
SEC_005,2024-01-19,13,Steel,1.19
SEC_019,2024-10-30,13,Cement,1.34
SEC_020,2024-12-11,4,Foodgrain,1.07
SEC_046,2024-02-06,3,Steel,1.08
SEC_047,2024-02-21,15,Steel,1.24
SEC_028,2024-09-07,11,Cement,1.09
SEC_047,2024-06-22,2,Other,0.9
SEC_022,2024-12-27,6,Steel,1.23
SEC_021,2024-07-18,3,Foodgrain,0.81
SEC_041,2024-08-27,7,Steel,0.9
SEC_033,2024-03-27,9,Steel,1.09
SEC_026,2024-04-28,5,Cement,1.03
SEC_023,2024-03-05,6,Cement,0.97
SEC_035,2024-02-23,5,Foodgrain,1.07
SEC_037,2024-02-11,12,Foodgrain,1.12
SEC_025,2024-11-22,6,Foodgrain,1.25
SEC_002,2024-01-26,15,Other,1.09
SEC_005,2024-07-08,2,Other,0.77
SEC_008,2024-07-04,12,Coal,0.89
SEC_023,2024-01-21,12,Other,1.21
SEC_031,2024-11-04,7,Steel,1.18
SEC_040,2024-07-02,8,Cement,0.86
SEC_012,2024-02-16,14,Other,1.19
SEC_039,2024-02-17,11,Foodgrain,1.12
SEC_033,2024-09-13,11,Foodgrain,1.06
SEC_003,2024-08-14,11,Cement,0.88
SEC_018,2024-05-31,3,Steel,0.99
SEC_015,2024-05-28,6,Steel,1.01
SEC_044,2024-01-13,15,Cement,1.23
SEC_046,2024-01-12,8,Steel,1.11
SEC_041,2024-07-15,7,Cement,0.82
SEC_026,2024-05-13,2,Steel,0.97
SEC_025,2024-04-02,12,Coal,1.02
SEC_016,2024-05-18,8,Coal,1.08
SEC_038,2024-08-09,8,Steel,0.87
SEC_005,2024-04-17,13,Coal,0.96
SEC_014,2024-05-07,7,Steel,1.01
SEC_007,2024-04-13,13,Foodgrain,1.34
SEC_025,2024-08-31,8,Steel,0.85
SEC_015,2024-01-21,10,Foodgrain,1.15
SEC_010,2024-12-02,13,Steel,1.11
SEC_019,2024-07-21,11,Coal,0.76
SEC_043,2024-03-30,4,Steel,1.07
SEC_028,2024-10-04,4,Coal,1.19
SEC_041,2024-12-09,3,Cement,1.05
SEC_045,2024-01-22,16,Foodgrain,1.13
SEC_045,2024-03-15,10,Foodgrain,1.39
SEC_018,2024-02-22,17,Coal,1.2
SEC_043,2024-01-26,7,Foodgrain,1.05
SEC_045,2024-09-27,2,Other,1.04
SEC_048,2024-03-11,4,Steel,0.95
SEC_018,2024-05-20,15,Other,1.07
SEC_012,2024-10-25,7,Foodgrain,1.34
SEC_029,2024-08-11,4,Coal,0.83
SEC_046,2024-09-04,13,Coal,1.0
SEC_045,2024-02-05,14,Foodgrain,1.18
SEC_028,2024-12-21,11,Other,1.21
SEC_008,2024-01-31,13,Foodgrain,1.12
SEC_021,2024-09-16,9,Coal,1.03
SEC_035,2024-08-22,5,Steel,0.71
SEC_028,2024-05-31,2,Other,1.09
SEC_017,2024-11-02,9,Other,1.31
SEC_017,2024-11-22,12,Cement,1.34
SEC_003,2024-01-26,13,Other,1.05
SEC_015,2024-12-16,6,Other,1.18
SEC_033,2024-03-29,4,Foodgrain,1.44
SEC_012,2024-10-16,12,Other,1.25
SEC_049,2024-10-27,8,Coal,1.3
SEC_005,2024-07-22,9,Other,0.78
SEC_029,2024-11-11,13,Foodgrain,1.29
SEC_025,2024-10-29,4,Foodgrain,1.19
SEC_041,2024-07-10,2,Other,0.85
SEC_044,2024-03-06,6,Steel,1.07
SEC_027,2024-06-08,4,Coal,0.83
SEC_031,2024-11-25,8,Cement,1.34
SEC_035,2024-03-15,14,Cement,0.97
SEC_026,2024-12-31,5,Coal,1.13
SEC_010,2024-03-07,9,Foodgrain,1.43
SEC_022,2024-08-31,4,Steel,0.76
SEC_012,2024-08-22,8,Other,0.87
SEC_023,2024-03-12,14,Other,1.09
SEC_031,2024-06-21,2,Coal,0.7
SEC_011,2024-02-22,14,Foodgrain,1.2
SEC_013,2024-05-13,4,Cement,0.99
SEC_041,2024-12-17,4,Steel,1.06
SEC_019,2024-01-20,7,Other,1.21
SEC_010,2024-11-14,10,Other,1.15
SEC_035,2024-09-04,11,Coal,0.98
SEC_036,2024-10-01,16,Coal,1.3
SEC_041,2024-04-13,18,Foodgrain,1.47
SEC_038,2024-12-13,4,Other,1.24
SEC_049,2024-04-02,10,Cement,0.98
SEC_029,2024-07-03,4,Cement,0.89
SEC_015,2024-01-14,8,Cement,1.11
SEC_043,2024-11-20,11,Coal,1.24
SEC_013,2024-09-14,6,Coal,1.06
SEC_015,2024-02-29,7,Coal,1.14
SEC_041,2024-08-30,8,Other,0.72
SEC_044,2024-03-07,14,Other,1.09
SEC_017,2024-06-11,2,Other,0.86
SEC_036,2024-07-06,11,Coal,0.82
SEC_046,2024-12-06,5,Other,1.07
SEC_040,2024-05-01,2,Other,1.07
SEC_001,2024-01-05,6,Cement,1.15
SEC_033,2024-06-07,4,Foodgrain,0.71
SEC_009,2024-12-05,11,Coal,1.25
SEC_042,2024-10-19,4,Steel,1.24
SEC_004,2024-01-22,17,Steel,1.19
SEC_049,2024-01-20,11,Cement,1.08
SEC_009,2024-10-03,12,Other,1.31
SEC_021,2024-09-20,6,Foodgrain,0.98
SEC_012,2024-07-22,3,Coal,0.82
SEC_040,2024-02-02,16,Steel,1.2
SEC_020,2024-04-12,14,Cement,0.97
SEC_037,2024-11-06,5,Cement,1.27
SEC_004,2024-02-21,6,Coal,1.05
SEC_023,2024-03-14,2,Steel,0.99
SEC_045,2024-06-14,2,Steel,0.72
SEC_046,2024-09-25,9,Coal,0.96
SEC_011,2024-10-30,2,Steel,1.21
SEC_020,2024-08-04,2,Other,0.81
SEC_021,2024-06-29,5,Coal,0.77
SEC_028,2024-05-21,3,Foodgrain,1.0
SEC_027,2024-01-16,2,Cement,1.05
SEC_006,2024-04-07,12,Cement,1.0
SEC_038,2024-03-19,12,Steel,1.05
SEC_012,2024-01-22,13,Foodgrain,1.16
SEC_016,2024-09-29,5,Cement,1.04
SEC_042,2024-05-09,7,Cement,1.01
SEC_034,2024-07-05,2,Other,0.76
SEC_020,2024-03-14,2,Steel,1.0
SEC_045,2024-08-04,10,Coal,0.79
SEC_020,2024-02-19,4,Other,1.23
SEC_028,2024-09-05,10,Cement,0.95
SEC_013,2024-09-27,4,Foodgrain,1.05
SEC_009,2024-04-23,19,Foodgrain,1.46
SEC_025,2024-03-18,8,Other,1.04
SEC_028,2024-10-12,12,Other,1.22
SEC_040,2024-03-22,15,Other,1.05
SEC_020,2024-03-06,8,Foodgrain,1.33
SEC_044,2024-05-04,11,Cement,0.97
SEC_030,2024-12-19,2,Foodgrain,1.13
SEC_004,2024-06-18,7,Foodgrain,0.84
SEC_037,2024-04-06,2,Cement,1.1
SEC_029,2024-07-07,5,Coal,0.84
SEC_020,2024-05-07,7,Other,1.05
SEC_023,2024-08-31,3,Steel,0.83
SEC_015,2024-06-09,12,Foodgrain,0.88
SEC_031,2024-08-03,7,Cement,0.8
SEC_028,2024-06-08,2,Steel,0.83
SEC_022,2024-06-25,9,Steel,0.75
SEC_014,2024-06-12,8,Coal,0.73
SEC_020,2024-05-24,10,Coal,0.96
SEC_025,2024-12-18,9,Other,1.22
SEC_024,2024-04-07,7,Foodgrain,1.32
SEC_016,2024-10-21,7,Cement,1.34
SEC_029,2024-09-16,4,Coal,1.01
SEC_012,2024-07-12,9,Other,0.78
SEC_025,2024-04-26,12,Steel,0.99
SEC_006,2024-06-26,9,Foodgrain,0.83
SEC_024,2024-11-06,18,Foodgrain,1.3
SEC_039,2024-03-07,14,Cement,0.97
SEC_041,2024-08-02,4,Coal,0.81
SEC_035,2024-10-06,14,Other,1.23
SEC_037,2024-08-20,6,Coal,0.81
SEC_004,2024-02-22,6,Cement,1.2
SEC_017,2024-07-05,8,Steel,0.84
SEC_033,2024-03-07,4,Other,0.98
SEC_040,2024-12-05,9,Foodgrain,1.22
SEC_029,2024-05-08,3,Other,1.06
SEC_042,2024-06-03,3,Other,0.71
SEC_014,2024-11-09,9,Steel,1.31
SEC_008,2024-06-05,5,Steel,0.78
SEC_005,2024-03-11,4,Coal,0.95
SEC_029,2024-11-22,7,Cement,1.19
SEC_033,2024-08-25,2,Coal,0.71
SEC_014,2024-08-09,6,Coal,0.86
SEC_039,2024-01-28,9,Other,1.23
SEC_037,2024-06-13,4,Cement,0.75
SEC_018,2024-06-17,8,Foodgrain,0.72
SEC_012,2024-04-05,12,Coal,0.96
SEC_037,2024-07-25,2,Other,0.89
SEC_033,2024-03-30,11,Other,1.07
SEC_009,2024-06-21,4,Coal,0.74
SEC_013,2024-10-20,11,Cement,1.18
SEC_024,2024-09-26,13,Steel,1.05
SEC_026,2024-04-12,10,Cement,1.07
SEC_009,2024-03-16,14,Steel,1.05
SEC_047,2024-01-03,16,Coal,1.15
SEC_020,2024-05-06,11,Cement,1.03
SEC_019,2024-01-08,2,Other,1.07
SEC_003,2024-02-16,15,Cement,1.08
SEC_043,2024-12-24,3,Coal,1.08
SEC_012,2024-11-09,4,Foodgrain,1.22
SEC_049,2024-07-23,4,Foodgrain,0.84
SEC_025,2024-10-10,3,Cement,1.27
SEC_043,2024-06-27,11,Cement,0.77
SEC_009,2024-08-08,4,Other,0.71
SEC_009,2024-12-01,15,Cement,1.22
SEC_040,2024-01-29,11,Other,1.12
SEC_041,2024-05-08,2,Other,1.08
SEC_027,2024-02-13,4,Steel,1.24
SEC_002,2024-10-17,18,Cement,1.25
SEC_047,2024-10-28,5,Coal,1.18
SEC_020,2024-09-21,6,Cement,1.04
SEC_046,2024-08-10,9,Steel,0.71
SEC_043,2024-06-23,4,Steel,0.89
SEC_042,2024-01-09,10,Foodgrain,1.06
SEC_034,2024-10-10,4,Steel,1.3
SEC_033,2024-11-23,7,Cement,1.39
SEC_027,2024-12-19,15,Foodgrain,1.1
SEC_002,2024-05-05,14,Cement,1.04
SEC_020,2024-03-14,20,Foodgrain,1.43
SEC_036,2024-08-27,7,Steel,0.74
SEC_040,2024-01-07,13,Cement,1.15
SEC_028,2024-01-23,2,Other,1.15
SEC_035,2024-10-27,9,Foodgrain,1.18
SEC_002,2024-12-16,15,Cement,1.21
SEC_023,2024-05-27,6,Cement,0.98
SEC_025,2024-07-04,6,Coal,0.79
SEC_044,2024-07-18,8,Coal,0.81
SEC_016,2024-02-20,8,Foodgrain,1.21
SEC_012,2024-03-22,12,Steel,1.04
SEC_018,2024-04-19,12,Cement,1.03
SEC_009,2024-11-04,11,Other,1.25
SEC_028,2024-06-09,9,Cement,0.79
SEC_032,2024-09-20,9,Steel,1.07
SEC_040,2024-03-12,15,Steel,1.06
SEC_048,2024-12-14,5,Coal,1.25
SEC_004,2024-11-19,18,Coal,1.39
SEC_013,2024-06-22,4,Cement,0.9
SEC_015,2024-03-23,9,Cement,1.03
SEC_013,2024-12-23,5,Coal,1.19
SEC_041,2024-10-22,8,Cement,1.16
SEC_007,2024-07-05,9,Foodgrain,0.87
SEC_002,2024-04-07,11,Other,1.0
SEC_043,2024-08-15,4,Cement,0.75
SEC_048,2024-05-15,14,Steel,1.01
SEC_012,2024-09-03,10,Foodgrain,1.06
SEC_017,2024-10-31,19,Steel,1.37
SEC_025,2024-06-28,7,Other,0.79
SEC_026,2024-01-18,2,Foodgrain,1.12
SEC_049,2024-07-24,7,Other,0.73
SEC_020,2024-11-10,11,Foodgrain,1.27
SEC_001,2024-03-22,11,Foodgrain,1.43
SEC_021,2024-12-17,14,Coal,1.06
SEC_028,2024-05-12,7,Other,1.06
SEC_026,2024-09-07,13,Cement,1.07
SEC_026,2024-09-13,10,Steel,1.08
SEC_046,2024-03-07,12,Other,1.06
SEC_040,2024-01-15,15,Steel,1.21
SEC_013,2024-12-13,10,Coal,1.2
SEC_018,2024-09-13,12,Cement,0.96
SEC_033,2024-08-19,2,Cement,0.8
SEC_021,2024-04-21,16,Foodgrain,1.32
SEC_021,2024-02-09,5,Cement,1.08
SEC_009,2024-04-09,7,Steel,1.03
SEC_013,2024-07-19,4,Steel,0.84
SEC_037,2024-09-10,9,Steel,0.98
SEC_042,2024-04-26,13,Steel,1.08
SEC_039,2024-03-19,5,Steel,1.08
SEC_016,2024-04-01,12,Coal,1.02
SEC_007,2024-12-17,2,Steel,1.15
SEC_008,2024-08-18,3,Foodgrain,0.83
SEC_020,2024-12-28,15,Steel,1.17
SEC_026,2024-01-03,12,Foodgrain,1.25
SEC_044,2024-06-16,4,Other,0.75
SEC_045,2024-06-16,2,Coal,0.79
SEC_001,2024-05-26,10,Other,0.96
SEC_035,2024-05-23,8,Coal,0.96
SEC_015,2024-01-29,11,Foodgrain,1.13
SEC_010,2024-01-12,10,Coal,1.21
SEC_028,2024-10-11,6,Foodgrain,1.26
SEC_002,2024-06-10,7,Other,0.8
SEC_017,2024-02-29,15,Coal,1.05
SEC_028,2024-05-07,2,Foodgrain,0.98
SEC_014,2024-12-07,4,Foodgrain,1.25
SEC_030,2024-06-20,3,Foodgrain,0.73
SEC_023,2024-12-28,14,Cement,1.15
SEC_040,2024-02-29,15,Steel,1.21
SEC_009,2024-02-14,6,Cement,1.15
SEC_003,2024-07-25,4,Steel,0.9
SEC_026,2024-09-06,3,Steel,1.04
SEC_013,2024-12-25,10,Foodgrain,1.24
SEC_035,2024-06-19,3,Other,0.87
SEC_005,2024-03-14,14,Foodgrain,1.36
SEC_029,2024-07-17,3,Other,0.73
SEC_049,2024-04-22,13,Coal,1.06
SEC_005,2024-03-06,2,Coal,1.01
SEC_015,2024-02-02,12,Foodgrain,1.19
SEC_042,2024-09-21,3,Other,0.98
SEC_027,2024-08-23,7,Steel,0.73
SEC_009,2024-03-01,2,Steel,1.02
SEC_011,2024-07-23,7,Coal,0.8
SEC_038,2024-11-20,19,Other,1.33
SEC_043,2024-10-26,19,Coal,1.39
SEC_018,2024-06-15,10,Cement,0.9
SEC_024,2024-01-21,8,Steel,1.1
SEC_039,2024-08-20,3,Foodgrain,0.78
SEC_009,2024-07-07,9,Cement,0.8
SEC_011,2024-12-03,14,Foodgrain,1.16
SEC_038,2024-07-21,9,Coal,0.89
SEC_010,2024-09-27,5,Foodgrain,1.04
SEC_038,2024-07-12,6,Coal,0.83
SEC_025,2024-07-16,3,Other,0.86
SEC_049,2024-04-26,13,Other,1.05
SEC_002,2024-05-27,4,Other,1.01
SEC_047,2024-04-18,16,Foodgrain,1.43
SEC_012,2024-06-18,9,Foodgrain,0.78
SEC_002,2024-12-14,4,Foodgrain,1.19
SEC_036,2024-05-05,5,Other,1.0
SEC_027,2024-06-18,4,Cement,0.7
SEC_042,2024-12-12,9,Foodgrain,1.09
SEC_006,2024-02-25,7,Other,1.17
SEC_004,2024-04-02,21,Foodgrain,1.5
SEC_028,2024-06-29,2,Cement,0.77
SEC_044,2024-05-29,12,Steel,1.09
SEC_020,2024-05-04,5,Foodgrain,1.03
SEC_040,2024-10-11,7,Other,1.19
SEC_045,2024-07-01,10,Steel,0.74
SEC_043,2024-05-13,13,Cement,0.99
SEC_025,2024-06-24,4,Steel,0.75
SEC_035,2024-11-20,15,Foodgrain,1.36
SEC_026,2024-12-26,3,Steel,1.09
SEC_034,2024-03-29,10,Cement,1.02
SEC_028,2024-01-15,16,Cement,1.11
SEC_026,2024-01-12,10,Other,1.21
SEC_022,2024-06-12,8,Steel,0.72
SEC_032,2024-08-18,2,Coal,0.88
SEC_037,2024-01-19,12,Other,1.24
SEC_046,2024-07-05,6,Steel,0.73
SEC_031,2024-05-26,12,Cement,0.96
SEC_005,2024-12-07,4,Steel,1.11
SEC_029,2024-08-08,11,Other,0.84
SEC_016,2024-06-03,2,Coal,0.73
SEC_002,2024-08-02,2,Coal,0.84
SEC_004,2024-02-19,5,Steel,1.09
SEC_029,2024-06-22,11,Foodgrain,0.82
SEC_047,2024-04-30,3,Cement,1.04
SEC_025,2024-03-07,14,Foodgrain,1.3
SEC_022,2024-05-23,5,Steel,1.02
SEC_005,2024-08-21,7,Coal,0.83
SEC_034,2024-08-01,4,Other,0.88
SEC_003,2024-12-18,7,Foodgrain,1.23
SEC_042,2024-04-10,8,Other,0.99
SEC_041,2024-09-13,9,Steel,0.97
SEC_049,2024-07-20,10,Steel,0.73
SEC_014,2024-11-15,13,Steel,1.22
SEC_008,2024-11-28,7,Foodgrain,1.22
SEC_015,2024-09-15,12,Coal,0.95
SEC_040,2024-06-04,3,Coal,0.85
SEC_011,2024-07-14,10,Cement,0.74
SEC_044,2024-08-26,9,Cement,0.78
SEC_008,2024-10-21,16,Foodgrain,1.17
SEC_003,2024-03-24,17,Foodgrain,1.43
SEC_011,2024-11-15,3,Foodgrain,1.3
SEC_037,2024-10-20,4,Foodgrain,1.31
SEC_030,2024-02-02,10,Steel,1.21
SEC_018,2024-04-08,15,Cement,1.05
SEC_033,2024-03-27,14,Coal,1.01
SEC_032,2024-07-31,9,Cement,0.71
SEC_028,2024-03-17,12,Cement,1.01
SEC_026,2024-04-19,15,Foodgrain,1.37
SEC_005,2024-03-10,3,Steel,0.96
SEC_013,2024-01-25,3,Other,1.08
SEC_026,2024-06-17,3,Other,0.87
SEC_007,2024-04-26,12,Other,1.06
SEC_024,2024-07-03,10,Coal,0.88
SEC_006,2024-03-18,5,Cement,1.06
SEC_039,2024-04-14,14,Coal,1.0
SEC_006,2024-11-22,16,Coal,1.32
SEC_005,2024-10-21,3,Coal,1.4
SEC_032,2024-04-07,10,Cement,0.95
SEC_011,2024-02-29,15,Cement,1.19
SEC_018,2024-12-22,3,Other,1.16
SEC_016,2024-09-06,12,Cement,0.97
SEC_011,2024-06-29,7,Foodgrain,0.86
SEC_038,2024-09-12,7,Coal,0.99
SEC_034,2024-03-21,3,Cement,1.0
SEC_012,2024-06-05,4,Other,0.73
SEC_034,2024-05-23,4,Steel,1.05
SEC_035,2024-09-20,4,Cement,1.06
SEC_027,2024-03-08,11,Foodgrain,1.35
SEC_029,2024-06-28,2,Foodgrain,0.81
SEC_046,2024-11-01,18,Cement,1.25
SEC_023,2024-03-12,12,Steel,1.01
SEC_019,2024-02-13,9,Other,1.09
SEC_027,2024-10-27,11,Other,1.21
SEC_041,2024-11-15,12,Coal,1.19
SEC_035,2024-06-06,10,Foodgrain,0.82
SEC_004,2024-01-17,8,Coal,1.11
SEC_023,2024-07-16,8,Steel,0.81
SEC_037,2024-04-19,4,Steel,1.0
SEC_011,2024-08-02,3,Cement,0.8
SEC_049,2024-02-21,12,Steel,1.22
SEC_040,2024-10-21,19,Steel,1.36
SEC_042,2024-09-07,8,Cement,0.96
SEC_005,2024-08-24,8,Cement,0.74
SEC_029,2024-07-06,1,Coal,0.74
SEC_026,2024-03-21,11,Steel,0.95
SEC_031,2024-12-09,13,Cement,1.16
SEC_042,2024-04-07,2,Coal,0.96
SEC_018,2024-05-14,11,Foodgrain,1.07
SEC_027,2024-12-05,11,Foodgrain,1.06
SEC_034,2024-01-15,3,Cement,1.14
SEC_037,2024-02-15,5,Cement,1.06
SEC_038,2024-10-05,3,Foodgrain,1.3
SEC_017,2024-05-14,12,Foodgrain,1.03
SEC_049,2024-07-31,9,Cement,0.72
SEC_001,2024-07-31,11,Steel,0.88
SEC_025,2024-10-29,2,Foodgrain,1.23
SEC_030,2024-08-15,5,Foodgrain,0.71
SEC_004,2024-06-04,4,Steel,0.86
SEC_023,2024-07-20,4,Cement,0.73
SEC_030,2024-09-27,4,Cement,1.04
SEC_030,2024-05-18,11,Other,0.95
SEC_006,2024-03-03,13,Foodgrain,1.48
SEC_014,2024-06-26,1,Cement,0.71
SEC_012,2024-12-31,2,Steel,1.13
SEC_032,2024-02-11,17,Other,1.22
SEC_017,2024-03-04,15,Other,1.07
SEC_029,2024-12-30,17,Foodgrain,1.18
SEC_036,2024-10-30,9,Cement,1.35
SEC_040,2024-02-12,10,Foodgrain,1.2
SEC_010,2024-03-18,4,Coal,1.06
SEC_045,2024-09-09,15,Other,1.07
SEC_009,2024-10-13,17,Cement,1.33
SEC_002,2024-09-25,7,Foodgrain,1.06
SEC_003,2024-11-11,16,Steel,1.2
SEC_010,2024-07-04,11,Cement,0.81
SEC_043,2024-11-16,17,Foodgrain,1.31
SEC_011,2024-08-06,5,Other,0.89
SEC_034,2024-06-23,1,Steel,0.74
SEC_021,2024-08-20,3,Foodgrain,0.74
SEC_002,2024-06-05,2,Coal,0.82
SEC_022,2024-08-09,9,Cement,0.78
SEC_002,2024-11-01,7,Steel,1.33
SEC_024,2024-12-16,5,Coal,1.19
SEC_028,2024-07-31,2,Foodgrain,0.79
SEC_026,2024-01-03,7,Foodgrain,1.19
SEC_014,2024-08-15,3,Steel,0.86
SEC_038,2024-04-02,2,Other,1.04
SEC_030,2024-03-27,11,Coal,0.99
SEC_013,2024-11-18,7,Steel,1.34
SEC_022,2024-06-12,3,Steel,0.87
SEC_006,2024-10-16,6,Other,1.2
SEC_046,2024-05-15,5,Steel,1.05
SEC_037,2024-08-10,6,Steel,0.77
SEC_015,2024-08-31,4,Foodgrain,0.71
SEC_034,2024-11-22,10,Steel,1.36
SEC_034,2024-03-12,7,Steel,1.01
SEC_030,2024-07-24,8,Steel,0.75
SEC_003,2024-05-28,9,Foodgrain,1.03
SEC_044,2024-06-18,6,Cement,0.7
SEC_047,2024-11-06,4,Foodgrain,1.3
SEC_048,2024-02-19,14,Other,1.11
SEC_049,2024-07-18,10,Steel,0.75
SEC_046,2024-05-21,6,Other,0.97
SEC_037,2024-11-23,3,Cement,1.32
SEC_003,2024-03-20,11,Coal,0.99
SEC_023,2024-03-26,5,Cement,0.97
SEC_013,2024-02-03,3,Other,1.06
SEC_011,2024-06-10,3,Cement,0.78
SEC_041,2024-01-04,2,Steel,1.18
SEC_040,2024-07-02,2,Foodgrain,0.77
SEC_026,2024-03-22,6,Other,1.1
SEC_037,2024-05-26,11,Steel,1.1
SEC_007,2024-08-09,2,Foodgrain,0.72
SEC_011,2024-09-07,7,Foodgrain,0.98
SEC_043,2024-01-23,12,Other,1.24
SEC_023,2024-02-24,15,Other,1.16
SEC_027,2024-04-26,10,Cement,1.0
SEC_023,2024-07-09,8,Foodgrain,0.87
SEC_010,2024-11-19,3,Foodgrain,1.29
SEC_041,2024-02-20,13,Cement,1.19
SEC_038,2024-01-25,4,Coal,1.07
SEC_034,2024-08-18,8,Foodgrain,0.74
SEC_018,2024-12-24,5,Steel,1.22
SEC_032,2024-10-30,8,Other,1.29
SEC_047,2024-07-25,2,Other,0.76
SEC_032,2024-01-08,2,Steel,1.21
SEC_025,2024-07-29,11,Cement,0.84
SEC_014,2024-06-16,11,Foodgrain,0.81
SEC_026,2024-06-12,8,Other,0.74
SEC_019,2024-06-29,3,Foodgrain,0.78
SEC_030,2024-07-24,6,Cement,0.77
SEC_003,2024-09-20,7,Cement,0.98
SEC_010,2024-03-11,11,Other,1.1
SEC_039,2024-01-28,4,Cement,1.2
SEC_019,2024-01-19,7,Steel,1.16
SEC_022,2024-05-28,9,Cement,1.04
SEC_027,2024-07-04,11,Steel,0.88
SEC_022,2024-10-14,12,Cement,1.22
SEC_038,2024-06-07,2,Other,0.75
SEC_013,2024-07-13,10,Foodgrain,0.8
SEC_038,2024-12-23,4,Other,1.19
SEC_011,2024-10-01,8,Coal,1.33
SEC_019,2024-09-09,6,Foodgrain,1.01
SEC_029,2024-05-13,9,Other,1.09
SEC_044,2024-02-25,13,Cement,1.15
SEC_012,2024-12-02,5,Steel,1.16
SEC_029,2024-07-21,4,Foodgrain,0.7
SEC_004,2024-01-29,6,Coal,1.17
SEC_004,2024-06-25,9,Other,0.71
SEC_038,2024-02-03,8,Coal,1.17
SEC_036,2024-12-25,2,Foodgrain,1.1
SEC_019,2024-07-12,3,Foodgrain,0.83
SEC_031,2024-10-14,14,Cement,1.39
SEC_019,2024-06-21,4,Foodgrain,0.74
SEC_014,2024-01-08,9,Coal,1.25
SEC_022,2024-08-21,11,Cement,0.89
SEC_016,2024-08-27,6,Other,0.71
SEC_040,2024-03-24,15,Cement,1.08
SEC_021,2024-09-19,12,Coal,0.99
SEC_016,2024-03-23,10,Coal,0.98
SEC_027,2024-09-10,5,Steel,1.01
SEC_038,2024-10-01,11,Steel,1.18
SEC_014,2024-02-20,4,Coal,1.24
SEC_047,2024-04-16,15,Other,1.08
SEC_023,2024-02-29,10,Cement,1.08
SEC_033,2024-09-23,11,Cement,1.08
SEC_047,2024-03-27,12,Other,0.97
SEC_022,2024-08-22,7,Other,0.74
SEC_010,2024-06-01,9,Coal,0.84
SEC_037,2024-01-31,12,Coal,1.22
SEC_001,2024-11-19,3,Cement,1.27
SEC_023,2024-09-17,11,Other,0.98
SEC_049,2024-04-05,9,Cement,1.05
SEC_021,2024-11-17,17,Other,1.33
SEC_034,2024-09-16,3,Cement,1.08
SEC_026,2024-10-25,13,Foodgrain,1.29
SEC_011,2024-03-06,9,Coal,1.09
SEC_016,2024-01-04,7,Cement,1.2
SEC_026,2024-01-23,6,Steel,1.19
SEC_006,2024-07-16,10,Steel,0.8
SEC_021,2024-10-14,11,Other,1.27
SEC_021,2024-11-30,3,Cement,1.38
SEC_041,2024-12-17,11,Foodgrain,1.13
SEC_007,2024-08-07,7,Cement,0.74
SEC_042,2024-08-19,11,Cement,0.82
SEC_021,2024-04-16,9,Foodgrain,1.42
SEC_032,2024-01-01,17,Other,1.2
SEC_028,2024-03-12,9,Coal,0.95
SEC_015,2024-01-21,15,Foodgrain,1.21
SEC_046,2024-09-07,9,Foodgrain,0.99
SEC_011,2024-07-03,4,Coal,0.76
SEC_002,2024-10-09,17,Cement,1.38
SEC_037,2024-02-24,13,Coal,1.21
SEC_031,2024-11-30,17,Cement,1.27
SEC_044,2024-09-20,14,Cement,1.01
SEC_023,2024-11-27,15,Foodgrain,1.25
SEC_001,2024-08-25,8,Steel,0.84
SEC_001,2024-05-04,9,Other,0.97
SEC_022,2024-08-17,5,Cement,0.76
SEC_013,2024-08-09,3,Coal,0.73
SEC_046,2024-03-07,10,Cement,1.01
SEC_006,2024-02-07,4,Coal,1.06
SEC_044,2024-08-25,3,Cement,0.74
SEC_011,2024-02-04,12,Steel,1.21
SEC_006,2024-02-06,5,Cement,1.14
SEC_014,2024-01-27,11,Other,1.18
SEC_008,2024-08-15,2,Cement,0.83
SEC_020,2024-12-05,16,Cement,1.17
SEC_017,2024-06-30,11,Cement,0.81
SEC_026,2024-02-25,15,Cement,1.17
SEC_027,2024-07-06,2,Other,0.79
SEC_001,2024-06-25,8,Other,0.74
SEC_007,2024-08-05,2,Cement,0.83
SEC_008,2024-06-07,9,Foodgrain,0.83
SEC_010,2024-07-13,5,Steel,0.74
SEC_005,2024-04-28,9,Steel,1.07
SEC_016,2024-11-27,11,Cement,1.25
SEC_027,2024-07-15,10,Cement,0.71
SEC_016,2024-04-23,20,Foodgrain,1.43
SEC_017,2024-01-02,6,Foodgrain,1.18
SEC_024,2024-09-05,14,Cement,1.09
SEC_027,2024-05-19,9,Foodgrain,1.02
SEC_017,2024-04-01,12,Coal,1.08
SEC_011,2024-06-24,6,Coal,0.81
SEC_021,2024-06-26,3,Steel,0.76
SEC_002,2024-10-21,12,Steel,1.33
SEC_025,2024-07-17,5,Cement,0.8
SEC_047,2024-09-13,4,Foodgrain,0.95
SEC_020,2024-08-24,9,Foodgrain,0.74
SEC_006,2024-11-07,18,Coal,1.39
SEC_035,2024-01-03,2,Coal,1.16
SEC_007,2024-05-17,12,Other,0.96
SEC_010,2024-09-18,6,Other,1.08
SEC_008,2024-02-21,5,Coal,1.09
SEC_044,2024-06-10,7,Foodgrain,0.76
SEC_049,2024-05-26,8,Other,1.04
SEC_028,2024-10-21,6,Cement,1.15
SEC_031,2024-12-18,7,Coal,1.19
SEC_032,2024-02-08,7,Foodgrain,1.2
SEC_030,2024-03-19,5,Other,0.99
SEC_027,2024-10-10,7,Steel,1.32
SEC_049,2024-03-04,13,Foodgrain,1.4
SEC_036,2024-06-30,2,Steel,0.81
SEC_005,2024-12-11,9,Coal,1.13
SEC_020,2024-12-22,11,Other,1.21
SEC_048,2024-12-13,15,Steel,1.18
SEC_020,2024-02-19,6,Foodgrain,1.1
SEC_010,2024-02-24,15,Steel,1.07
SEC_043,2024-03-05,4,Cement,1.09
SEC_031,2024-10-08,12,Cement,1.33
SEC_028,2024-03-06,3,Foodgrain,1.38
SEC_021,2024-06-06,4,Coal,0.74
SEC_007,2024-10-26,2,Steel,1.18
SEC_019,2024-06-29,4,Steel,0.75
SEC_022,2024-12-10,14,Cement,1.16
SEC_046,2024-07-01,9,Cement,0.72
SEC_016,2024-05-18,12,Coal,1.06
SEC_008,2024-12-20,6,Cement,1.18
SEC_021,2024-07-19,2,Foodgrain,0.83
SEC_049,2024-03-08,14,Foodgrain,1.3
SEC_024,2024-08-20,1,Other,0.7
SEC_019,2024-10-09,6,Coal,1.4
SEC_033,2024-11-02,9,Cement,1.24
SEC_032,2024-01-03,11,Foodgrain,1.11
SEC_015,2024-02-09,6,Steel,1.15
SEC_048,2024-08-18,5,Steel,0.74
SEC_030,2024-09-28,7,Coal,1.0
SEC_003,2024-08-26,3,Cement,0.76
SEC_020,2024-05-20,12,Cement,1.01
SEC_046,2024-10-02,14,Steel,1.2
SEC_020,2024-07-30,6,Steel,0.74
SEC_028,2024-12-04,6,Other,1.21
SEC_031,2024-05-14,3,Cement,0.99
SEC_035,2024-10-02,15,Foodgrain,1.23
SEC_043,2024-02-22,6,Coal,1.11
SEC_008,2024-09-24,6,Foodgrain,1.02
SEC_026,2024-09-24,9,Steel,1.01
SEC_027,2024-04-02,8,Other,1.1
SEC_008,2024-01-23,11,Coal,1.19
SEC_034,2024-12-29,16,Other,1.23
SEC_006,2024-01-29,9,Other,1.14
SEC_023,2024-06-20,9,Cement,0.79
SEC_017,2024-01-01,11,Foodgrain,1.17
SEC_008,2024-06-01,9,Foodgrain,0.82
SEC_041,2024-10-27,8,Other,1.28
SEC_012,2024-07-02,2,Other,0.89
SEC_013,2024-03-28,12,Other,0.96
SEC_042,2024-05-24,3,Coal,0.96
SEC_043,2024-02-03,15,Foodgrain,1.18
SEC_002,2024-08-05,4,Cement,0.88
SEC_014,2024-01-02,7,Coal,1.17
SEC_035,2024-05-07,12,Cement,0.97
SEC_039,2024-01-23,8,Steel,1.13
SEC_049,2024-03-28,13,Foodgrain,1.34
SEC_028,2024-01-25,15,Other,1.13
SEC_001,2024-12-05,13,Other,1.19
SEC_043,2024-10-09,15,Steel,1.38
SEC_008,2024-12-05,10,Cement,1.09
SEC_006,2024-09-07,14,Coal,1.08
SEC_034,2024-06-30,11,Cement,0.8
SEC_030,2024-03-04,4,Coal,0.96
SEC_003,2024-12-18,6,Other,1.2
SEC_009,2024-12-01,10,Steel,1.05
SEC_029,2024-06-01,4,Cement,0.77
SEC_013,2024-03-23,6,Cement,1.07
SEC_034,2024-05-21,7,Steel,1.03
SEC_021,2024-05-24,4,Other,1.05
SEC_029,2024-12-01,13,Coal,1.12
SEC_024,2024-01-25,8,Other,1.08
SEC_018,2024-08-19,3,Foodgrain,0.73
SEC_017,2024-10-08,13,Foodgrain,1.18
SEC_035,2024-10-06,8,Steel,1.2
SEC_026,2024-03-11,11,Coal,1.07
SEC_030,2024-05-31,2,Cement,1.09
SEC_029,2024-05-05,8,Cement,0.95
SEC_011,2024-05-28,6,Other,1.06
SEC_045,2024-02-01,17,Other,1.22
SEC_028,2024-01-31,4,Steel,1.21
SEC_036,2024-01-09,6,Foodgrain,1.2
SEC_044,2024-12-19,8,Other,1.18
SEC_046,2024-06-01,9,Foodgrain,0.77
SEC_033,2024-03-24,6,Cement,0.95
SEC_039,2024-10-18,5,Cement,1.15
SEC_024,2024-06-29,6,Other,0.7
SEC_037,2024-05-13,4,Steel,0.97
SEC_016,2024-02-11,4,Coal,1.18
SEC_035,2024-05-21,7,Other,1.05
SEC_005,2024-08-24,10,Foodgrain,0.89
SEC_045,2024-08-16,12,Coal,0.9
SEC_012,2024-05-23,4,Cement,1.0
SEC_033,2024-08-12,6,Other,0.81
SEC_001,2024-10-07,2,Cement,1.2
SEC_008,2024-12-06,5,Steel,1.22
SEC_049,2024-07-12,6,Other,0.8
SEC_041,2024-03-24,14,Coal,1.06
SEC_011,2024-02-17,15,Other,1.22
SEC_007,2024-02-27,15,Coal,1.23
SEC_040,2024-01-04,6,Steel,1.18
SEC_049,2024-07-23,1,Steel,0.72
SEC_009,2024-03-18,19,Foodgrain,1.35
SEC_033,2024-03-23,10,Coal,1.01
SEC_014,2024-09-22,15,Cement,1.04
SEC_037,2024-04-27,4,Coal,0.99
SEC_021,2024-10-30,4,Coal,1.27
SEC_007,2024-02-20,9,Coal,1.17
SEC_016,2024-05-04,10,Other,0.97
SEC_027,2024-01-19,15,Coal,1.19
SEC_040,2024-07-15,5,Cement,0.89
SEC_002,2024-02-15,15,Cement,1.18
SEC_047,2024-03-28,12,Other,0.95
SEC_032,2024-09-26,9,Foodgrain,1.09
SEC_043,2024-11-18,17,Other,1.28
SEC_046,2024-07-18,9,Foodgrain,0.9
SEC_008,2024-12-19,14,Coal,1.25
SEC_005,2024-10-03,19,Other,1.34
SEC_039,2024-10-02,16,Foodgrain,1.2
SEC_010,2024-12-28,5,Coal,1.09
SEC_008,2024-02-02,10,Cement,1.2
SEC_023,2024-03-25,6,Steel,0.99
SEC_045,2024-06-08,5,Other,0.73
SEC_039,2024-08-14,7,Coal,0.89
SEC_026,2024-12-28,12,Cement,1.06
SEC_010,2024-02-06,12,Other,1.05
SEC_017,2024-03-24,14,Coal,1.01
SEC_034,2024-04-19,10,Foodgrain,1.42
SEC_008,2024-09-02,15,Cement,1.09
SEC_026,2024-12-14,10,Other,1.07
SEC_001,2024-12-09,12,Steel,1.25
SEC_016,2024-09-30,12,Foodgrain,0.98
SEC_013,2024-10-09,13,Foodgrain,1.34
SEC_034,2024-06-01,6,Steel,0.72
SEC_045,2024-08-10,5,Other,0.74
SEC_008,2024-03-03,11,Cement,0.96
SEC_040,2024-07-04,2,Coal,0.77
SEC_033,2024-04-17,10,Other,1.04
SEC_048,2024-12-05,17,Coal,1.24
SEC_045,2024-05-14,5,Other,1.08
SEC_005,2024-05-24,12,Foodgrain,0.96
SEC_037,2024-05-27,3,Cement,1.01
SEC_030,2024-11-25,17,Other,1.39
SEC_006,2024-12-07,13,Other,1.14
SEC_013,2024-06-06,10,Coal,0.9
SEC_046,2024-12-30,12,Foodgrain,1.17
SEC_027,2024-10-03,17,Coal,1.39
SEC_017,2024-11-05,17,Cement,1.33
SEC_016,2024-12-01,4,Foodgrain,1.25
SEC_042,2024-05-01,13,Other,1.07
SEC_014,2024-07-20,4,Cement,0.9
SEC_008,2024-04-14,7,Foodgrain,1.32
SEC_029,2024-04-23,15,Coal,1.08
SEC_049,2024-06-18,8,Steel,0.75
SEC_009,2024-01-19,14,Other,1.06
SEC_013,2024-03-19,3,Coal,1.09
SEC_023,2024-10-23,12,Other,1.28
SEC_010,2024-03-01,11,Cement,1.1
SEC_032,2024-08-15,2,Foodgrain,0.8
SEC_013,2024-10-07,12,Foodgrain,1.33
SEC_007,2024-04-06,3,Coal,0.95
SEC_013,2024-06-16,11,Steel,0.82
SEC_046,2024-11-17,8,Foodgrain,1.27
SEC_046,2024-11-01,9,Foodgrain,1.31
SEC_025,2024-12-02,8,Steel,1.09
SEC_020,2024-08-17,3,Other,0.75
SEC_041,2024-11-20,5,Foodgrain,1.33
SEC_010,2024-05-25,7,Steel,0.97
SEC_033,2024-08-08,10,Cement,0.7
SEC_034,2024-09-01,3,Coal,1.0
SEC_035,2024-12-23,13,Coal,1.07
SEC_011,2024-05-14,4,Steel,1.04
SEC_036,2024-11-16,7,Coal,1.39
SEC_030,2024-07-05,4,Steel,0.74
SEC_043,2024-02-08,2,Coal,1.17
SEC_009,2024-08-27,2,Cement,0.78
SEC_031,2024-12-25,16,Coal,1.23
SEC_041,2024-06-14,6,Steel,0.86
SEC_014,2024-07-19,2,Steel,0.83
SEC_037,2024-12-05,14,Foodgrain,1.07
SEC_005,2024-12-02,2,Foodgrain,1.09
SEC_036,2024-05-26,6,Cement,1.02
SEC_030,2024-10-05,9,Cement,1.34
SEC_010,2024-08-18,5,Steel,0.8
SEC_004,2024-08-25,4,Coal,0.73
SEC_037,2024-09-20,11,Other,1.04
SEC_012,2024-04-29,10,Steel,0.98
SEC_025,2024-04-21,13,Foodgrain,1.43
SEC_003,2024-01-10,14,Other,1.1
SEC_048,2024-11-09,5,Cement,1.35
SEC_027,2024-04-11,21,Foodgrain,1.49
SEC_046,2024-09-03,14,Steel,0.97
SEC_008,2024-09-08,2,Other,1.06
SEC_011,2024-09-14,5,Coal,1.01
SEC_030,2024-11-11,5,Foodgrain,1.26
SEC_030,2024-11-13,10,Steel,1.29
SEC_039,2024-01-01,4,Coal,1.06
SEC_046,2024-11-03,7,Steel,1.35
SEC_041,2024-03-17,7,Coal,0.99
SEC_007,2024-08-24,5,Coal,0.89
SEC_016,2024-09-03,11,Cement,1.01
SEC_045,2024-01-20,6,Cement,1.1
SEC_027,2024-04-13,12,Other,1.06
SEC_043,2024-11-29,7,Coal,1.37
SEC_028,2024-02-21,2,Foodgrain,1.18
SEC_003,2024-03-25,12,Cement,0.99
SEC_024,2024-01-30,15,Foodgrain,1.05
SEC_041,2024-03-02,10,Coal,1.02
SEC_033,2024-08-21,9,Foodgrain,0.85
SEC_007,2024-11-03,18,Coal,1.31
SEC_011,2024-08-05,7,Coal,0.88
SEC_042,2024-04-14,4,Cement,1.04
SEC_048,2024-11-10,11,Coal,1.36
SEC_037,2024-05-14,11,Steel,1.02
SEC_005,2024-04-25,9,Other,1.0
SEC_031,2024-07-04,5,Other,0.74
SEC_041,2024-02-20,8,Coal,1.12
SEC_032,2024-05-10,3,Foodgrain,0.96
SEC_030,2024-10-19,10,Steel,1.31
SEC_023,2024-08-10,3,Cement,0.71
SEC_012,2024-12-27,10,Cement,1.11
SEC_014,2024-10-10,12,Coal,1.16
SEC_037,2024-05-11,3,Foodgrain,1.06
SEC_004,2024-10-07,10,Steel,1.28
SEC_005,2024-11-12,18,Other,1.32
SEC_020,2024-08-18,10,Steel,0.89
SEC_038,2024-10-06,6,Coal,1.3
SEC_033,2024-07-03,7,Cement,0.81
SEC_029,2024-11-29,11,Other,1.37
SEC_027,2024-03-27,13,Other,1.03
SEC_006,2024-06-04,4,Coal,0.84
SEC_017,2024-04-02,11,Cement,0.99
SEC_004,2024-02-07,4,Steel,1.17
SEC_038,2024-08-13,6,Coal,0.73
SEC_037,2024-02-13,13,Foodgrain,1.14
SEC_013,2024-03-23,10,Other,1.08
SEC_015,2024-10-06,9,Other,1.25
SEC_016,2024-03-29,7,Cement,1.01
SEC_044,2024-11-11,13,Foodgrain,1.19
SEC_024,2024-01-18,10,Foodgrain,1.12
SEC_038,2024-06-16,4,Steel,0.78
SEC_022,2024-01-25,7,Coal,1.23
SEC_035,2024-01-22,12,Foodgrain,1.15
SEC_026,2024-10-16,17,Coal,1.18
SEC_014,2024-01-25,11,Coal,1.21
SEC_043,2024-11-22,10,Cement,1.24
SEC_035,2024-08-07,10,Other,0.77
SEC_038,2024-06-25,4,Cement,0.73
SEC_047,2024-12-02,14,Other,1.16
SEC_013,2024-05-21,7,Foodgrain,1.03
SEC_005,2024-05-26,15,Cement,1.07
SEC_029,2024-05-30,9,Steel,1.1
SEC_016,2024-08-26,8,Foodgrain,0.82
SEC_022,2024-11-06,12,Coal,1.28
SEC_012,2024-07-17,4,Cement,0.74
SEC_020,2024-04-12,12,Foodgrain,1.47
SEC_020,2024-11-21,3,Foodgrain,1.37
SEC_018,2024-08-07,3,Other,0.75
SEC_037,2024-10-31,6,Coal,1.15
SEC_030,2024-06-07,11,Foodgrain,0.77
SEC_024,2024-03-13,3,Steel,0.98
SEC_006,2024-12-11,5,Cement,1.19
SEC_028,2024-09-04,7,Cement,0.95
SEC_009,2024-04-22,11,Cement,1.0
SEC_016,2024-11-06,3,Other,1.38
SEC_021,2024-01-04,4,Steel,1.22
SEC_007,2024-12-06,7,Steel,1.1
SEC_020,2024-07-30,4,Steel,0.72
SEC_014,2024-08-03,8,Other,0.72
SEC_042,2024-01-05,8,Foodgrain,1.18
SEC_043,2024-03-05,5,Cement,1.06
SEC_001,2024-09-20,8,Steel,1.01
SEC_030,2024-07-23,2,Other,0.76
SEC_032,2024-02-16,6,Foodgrain,1.19
SEC_019,2024-08-31,8,Other,0.82
SEC_023,2024-09-30,4,Foodgrain,1.0
SEC_039,2024-04-09,10,Coal,0.96
SEC_019,2024-09-09,11,Steel,1.04
SEC_004,2024-12-22,13,Foodgrain,1.08
SEC_019,2024-06-25,8,Coal,0.86
SEC_013,2024-03-24,14,Cement,1.09
SEC_019,2024-12-18,7,Steel,1.06
SEC_012,2024-11-29,15,Other,1.17
SEC_008,2024-06-16,8,Other,0.78
SEC_049,2024-06-04,7,Coal,0.74
SEC_007,2024-11-01,16,Steel,1.24
SEC_035,2024-01-01,14,Cement,1.09
SEC_036,2024-04-24,11,Other,1.03
SEC_031,2024-07-17,9,Other,0.75
SEC_045,2024-08-27,10,Coal,0.89
SEC_001,2024-08-17,10,Steel,0.75
SEC_015,2024-05-15,14,Coal,1.02
SEC_010,2024-11-14,3,Steel,1.39
SEC_029,2024-08-25,1,Cement,0.73
SEC_032,2024-07-16,6,Steel,0.83
SEC_044,2024-12-09,15,Cement,1.18
SEC_019,2024-02-04,10,Steel,1.05
SEC_012,2024-09-16,14,Foodgrain,1.06
SEC_046,2024-12-05,13,Foodgrain,1.16
SEC_033,2024-08-30,8,Steel,0.85
SEC_038,2024-07-25,1,Coal,0.73
SEC_022,2024-05-13,8,Steel,0.96
SEC_022,2024-04-09,6,Cement,0.98
SEC_020,2024-07-18,1,Cement,0.74
SEC_037,2024-11-24,9,Coal,1.31
SEC_011,2024-06-18,4,Steel,0.81
SEC_048,2024-02-14,14,Other,1.13
SEC_009,2024-06-26,5,Other,0.78
SEC_023,2024-02-05,2,Coal,1.2
SEC_016,2024-12-08,4,Cement,1.17
SEC_032,2024-07-14,2,Cement,0.74
SEC_034,2024-03-19,10,Coal,0.98
SEC_046,2024-08-16,5,Steel,0.71
SEC_039,2024-07-15,12,Coal,0.86
SEC_013,2024-07-06,5,Cement,0.88
SEC_011,2024-08-04,7,Other,0.75
SEC_044,2024-12-06,7,Coal,1.23
SEC_024,2024-11-09,11,Steel,1.19
SEC_005,2024-04-06,16,Foodgrain,1.33
SEC_041,2024-03-28,4,Coal,1.02
SEC_032,2024-12-28,14,Steel,1.08
SEC_002,2024-08-24,4,Steel,0.71
SEC_039,2024-01-08,6,Coal,1.1
SEC_030,2024-07-12,2,Cement,0.78
SEC_031,2024-02-13,12,Cement,1.06
SEC_043,2024-01-11,16,Coal,1.16
SEC_025,2024-03-08,12,Coal,1.07
SEC_023,2024-04-03,10,Coal,1.09
SEC_031,2024-01-30,13,Other,1.07
SEC_010,2024-11-01,10,Foodgrain,1.19
SEC_008,2024-06-09,8,Foodgrain,0.74
SEC_042,2024-07-21,9,Coal,0.75
SEC_011,2024-11-12,17,Coal,1.27
SEC_025,2024-11-02,4,Other,1.25
SEC_014,2024-10-27,10,Other,1.21
SEC_012,2024-03-12,3,Foodgrain,1.32
SEC_030,2024-09-29,14,Coal,0.99
SEC_040,2024-12-30,16,Coal,1.15
SEC_022,2024-01-03,2,Other,1.08
SEC_007,2024-11-13,6,Foodgrain,1.18
SEC_012,2024-11-12,3,Steel,1.31
SEC_009,2024-11-03,3,Coal,1.15
SEC_044,2024-05-25,7,Foodgrain,1.05
SEC_016,2024-03-13,9,Other,1.0
SEC_019,2024-09-24,3,Other,0.98
SEC_004,2024-08-16,1,Cement,0.73
SEC_022,2024-09-23,5,Coal,1.0
SEC_045,2024-04-03,12,Cement,1.01
SEC_021,2024-03-05,4,Cement,0.99
SEC_032,2024-11-25,13,Other,1.31
SEC_009,2024-07-07,2,Coal,0.79
SEC_008,2024-11-07,6,Other,1.38
SEC_036,2024-12-04,12,Cement,1.12
SEC_004,2024-06-17,10,Cement,0.81
SEC_022,2024-04-06,15,Coal,1.06
SEC_016,2024-11-23,16,Other,1.3
SEC_001,2024-09-18,10,Coal,1.08
SEC_027,2024-08-31,8,Steel,0.74
SEC_048,2024-12-16,10,Coal,1.12
SEC_004,2024-03-31,10,Steel,1.02
SEC_040,2024-05-11,2,Cement,1.07
SEC_027,2024-01-15,15,Other,1.09
SEC_036,2024-05-21,10,Other,1.09
SEC_005,2024-06-12,8,Coal,0.75
SEC_043,2024-06-14,5,Other,0.78
SEC_001,2024-02-25,8,Coal,1.16
SEC_045,2024-10-23,5,Cement,1.33
SEC_033,2024-06-28,2,Coal,0.83
SEC_017,2024-06-09,2,Other,0.8
SEC_001,2024-11-12,4,Steel,1.24
SEC_030,2024-06-26,5,Other,0.9
SEC_005,2024-11-22,8,Foodgrain,1.25
SEC_030,2024-03-22,3,Foodgrain,1.37
SEC_038,2024-11-07,8,Foodgrain,1.3
SEC_014,2024-12-27,9,Steel,1.07
SEC_012,2024-10-01,10,Foodgrain,1.19
SEC_011,2024-11-22,14,Cement,1.15
SEC_012,2024-09-27,4,Coal,0.98
SEC_006,2024-08-07,12,Coal,0.83
SEC_013,2024-10-06,4,Foodgrain,1.21
SEC_033,2024-12-17,5,Other,1.13
SEC_015,2024-08-09,6,Steel,0.83
SEC_039,2024-09-08,4,Foodgrain,1.06
SEC_041,2024-01-29,12,Other,1.06
SEC_038,2024-12-17,5,Steel,1.17
SEC_027,2024-10-11,5,Steel,1.33
SEC_016,2024-02-29,11,Other,1.1
SEC_046,2024-04-16,18,Foodgrain,1.38
SEC_011,2024-03-23,2,Coal,0.95
SEC_023,2024-04-26,13,Steel,1.01
SEC_023,2024-11-19,12,Other,1.36
SEC_037,2024-06-18,7,Other,0.89
SEC_027,2024-06-02,8,Other,0.86
SEC_040,2024-10-12,5,Foodgrain,1.18
SEC_046,2024-05-15,12,Cement,0.99
SEC_020,2024-11-20,11,Coal,1.25
SEC_043,2024-10-03,3,Cement,1.27
SEC_009,2024-04-04,9,Foodgrain,1.43
SEC_045,2024-08-18,4,Coal,0.86
SEC_009,2024-06-25,2,Other,0.89
SEC_042,2024-05-05,9,Foodgrain,0.99
SEC_020,2024-11-27,8,Other,1.33
SEC_048,2024-05-25,5,Other,0.97
SEC_007,2024-02-12,7,Foodgrain,1.11
SEC_023,2024-05-29,7,Coal,0.98
SEC_045,2024-07-08,10,Coal,0.77
SEC_003,2024-02-16,8,Steel,1.2
SEC_013,2024-09-28,6,Steel,1.08
SEC_005,2024-03-25,12,Steel,0.98
SEC_016,2024-02-03,2,Other,1.21
SEC_020,2024-07-15,8,Cement,0.75
SEC_031,2024-02-28,14,Coal,1.13
SEC_013,2024-10-13,8,Cement,1.26
SEC_008,2024-01-26,4,Coal,1.22
SEC_009,2024-06-02,5,Coal,0.71
SEC_046,2024-01-19,14,Cement,1.2
SEC_047,2024-05-20,12,Steel,1.04
SEC_011,2024-12-07,10,Foodgrain,1.15
SEC_010,2024-08-26,8,Other,0.7
SEC_003,2024-07-14,2,Steel,0.82
SEC_048,2024-02-27,17,Coal,1.21
SEC_035,2024-04-24,13,Other,0.99
SEC_038,2024-05-19,13,Steel,0.98
SEC_015,2024-07-30,4,Cement,0.81
SEC_032,2024-03-17,10,Coal,0.96
SEC_003,2024-12-31,10,Coal,1.08
SEC_034,2024-08-26,7,Cement,0.74
SEC_029,2024-04-24,8,Other,1.01
SEC_017,2024-02-11,13,Coal,1.18
SEC_035,2024-08-05,3,Other,0.87
SEC_032,2024-06-12,12,Steel,0.89
SEC_022,2024-09-03,2,Other,1.01
SEC_010,2024-08-06,2,Foodgrain,0.83
SEC_002,2024-08-22,5,Cement,0.88
SEC_046,2024-11-01,16,Coal,1.32
SEC_014,2024-07-11,3,Coal,0.86
SEC_015,2024-09-22,7,Other,1.03
SEC_034,2024-05-11,14,Coal,0.98
SEC_013,2024-12-11,11,Other,1.12
SEC_019,2024-05-29,9,Coal,0.99
SEC_035,2024-09-05,5,Cement,1.03
SEC_030,2024-12-31,5,Steel,1.16
SEC_033,2024-05-07,13,Foodgrain,1.09
SEC_001,2024-02-07,10,Cement,1.11
SEC_023,2024-03-25,6,Coal,0.99
SEC_024,2024-03-30,14,Steel,1.0
SEC_031,2024-01-21,13,Foodgrain,1.18
SEC_008,2024-07-18,9,Steel,0.72
SEC_008,2024-04-11,10,Steel,1.08
SEC_038,2024-02-05,7,Coal,1.06
SEC_033,2024-02-20,14,Cement,1.1
SEC_040,2024-04-10,9,Coal,1.0
SEC_014,2024-05-15,7,Coal,0.97
SEC_049,2024-12-22,4,Steel,1.07
SEC_014,2024-09-14,5,Cement,0.95
SEC_032,2024-09-18,8,Coal,1.04
SEC_008,2024-09-10,3,Steel,0.96
SEC_046,2024-10-20,18,Coal,1.29
SEC_017,2024-04-26,13,Foodgrain,1.43
SEC_040,2024-02-06,7,Coal,1.15
SEC_017,2024-07-05,9,Coal,0.72
SEC_039,2024-01-01,2,Steel,1.21
SEC_023,2024-03-20,8,Steel,1.09
SEC_004,2024-10-02,13,Coal,1.21
SEC_010,2024-07-03,12,Foodgrain,0.87
SEC_034,2024-09-09,2,Foodgrain,0.98
SEC_010,2024-07-05,5,Foodgrain,0.75
SEC_014,2024-07-17,9,Foodgrain,0.73
SEC_027,2024-04-20,7,Other,1.03
SEC_013,2024-03-20,3,Steel,1.01
SEC_007,2024-04-04,6,Steel,1.0
SEC_031,2024-10-19,4,Foodgrain,1.19
SEC_034,2024-12-24,5,Coal,1.16
SEC_036,2024-01-30,10,Other,1.08
SEC_047,2024-07-15,10,Foodgrain,0.85
SEC_007,2024-06-21,6,Cement,0.9
SEC_021,2024-07-24,4,Steel,0.74
SEC_012,2024-03-26,11,Cement,0.96
SEC_045,2024-01-03,7,Other,1.23
SEC_027,2024-03-15,13,Foodgrain,1.42
SEC_005,2024-03-07,15,Steel,1.09
SEC_034,2024-01-20,9,Cement,1.13
SEC_003,2024-05-10,7,Other,0.99
SEC_014,2024-09-07,15,Cement,1.06
SEC_036,2024-12-19,10,Cement,1.06
SEC_025,2024-08-28,4,Foodgrain,0.88
SEC_038,2024-03-05,13,Coal,1.09
SEC_028,2024-05-12,6,Cement,0.99
SEC_042,2024-04-21,16,Foodgrain,1.43
SEC_028,2024-03-18,8,Steel,0.97
SEC_003,2024-12-28,5,Foodgrain,1.09
SEC_004,2024-08-27,5,Coal,0.73
SEC_039,2024-06-25,9,Foodgrain,0.87
SEC_002,2024-06-08,9,Foodgrain,0.9
SEC_019,2024-04-26,4,Steel,1.05
SEC_001,2024-06-01,3,Cement,0.72
SEC_015,2024-08-20,4,Foodgrain,0.87
SEC_030,2024-12-05,10,Steel,1.24
SEC_009,2024-06-30,11,Cement,0.79
SEC_023,2024-03-08,10,Coal,1.06
SEC_049,2024-12-16,7,Foodgrain,1.19
SEC_004,2024-04-25,10,Coal,0.97
SEC_004,2024-01-31,4,Cement,1.25
SEC_014,2024-07-18,11,Coal,0.76
SEC_041,2024-10-16,15,Other,1.16
SEC_020,2024-04-04,15,Coal,1.07
SEC_032,2024-04-12,18,Foodgrain,1.3
SEC_002,2024-04-15,5,Cement,1.01
SEC_037,2024-10-22,14,Foodgrain,1.15
SEC_004,2024-12-16,4,Steel,1.11
SEC_035,2024-11-06,6,Steel,1.18
SEC_008,2024-03-23,4,Other,0.96
SEC_043,2024-11-06,6,Coal,1.2
SEC_015,2024-04-23,7,Cement,1.1
SEC_010,2024-11-13,2,Steel,1.18
SEC_017,2024-12-28,4,Coal,1.21
SEC_001,2024-09-19,11,Foodgrain,1.02
SEC_009,2024-12-15,7,Coal,1.13
SEC_030,2024-02-22,7,Cement,1.24
SEC_015,2024-08-27,10,Cement,0.87
SEC_018,2024-01-19,6,Steel,1.14
SEC_040,2024-08-26,12,Cement,0.85
SEC_007,2024-05-04,12,Cement,0.97
SEC_020,2024-12-20,10,Cement,1.24
SEC_010,2024-06-30,10,Coal,0.8
SEC_024,2024-10-06,13,Coal,1.28
SEC_017,2024-04-20,9,Coal,1.07
SEC_003,2024-01-28,5,Other,1.16
SEC_004,2024-09-28,13,Steel,1.08
SEC_042,2024-03-22,17,Foodgrain,1.44
SEC_003,2024-09-21,2,Foodgrain,1.02
SEC_039,2024-06-19,5,Other,0.75
SEC_045,2024-12-21,2,Coal,1.18
SEC_023,2024-05-09,14,Cement,1.03
SEC_016,2024-05-26,2,Coal,1.04
SEC_039,2024-09-28,14,Other,0.98
SEC_049,2024-10-14,18,Foodgrain,1.32
SEC_006,2024-02-16,15,Steel,1.05
SEC_048,2024-09-28,12,Foodgrain,0.96
SEC_047,2024-06-28,4,Cement,0.7
SEC_007,2024-12-27,8,Foodgrain,1.08
SEC_003,2024-08-18,9,Coal,0.86
SEC_036,2024-10-10,19,Steel,1.35
SEC_004,2024-05-05,10,Other,1.01
SEC_030,2024-04-13,5,Steel,1.0
SEC_004,2024-10-14,15,Foodgrain,1.17
SEC_034,2024-01-06,14,Coal,1.1
SEC_012,2024-07-31,3,Coal,0.75
SEC_005,2024-12-20,13,Steel,1.17
SEC_004,2024-12-28,5,Other,1.24
SEC_010,2024-09-19,14,Foodgrain,1.01
SEC_027,2024-07-01,9,Steel,0.88
SEC_004,2024-10-24,19,Foodgrain,1.36
SEC_040,2024-01-06,2,Other,1.24
SEC_030,2024-10-17,11,Other,1.18
SEC_015,2024-03-10,12,Steel,1.08
SEC_049,2024-09-26,5,Other,1.09
SEC_033,2024-05-07,12,Other,1.03
SEC_033,2024-10-02,11,Coal,1.36
SEC_009,2024-08-08,9,Other,0.78
SEC_035,2024-12-06,4,Steel,1.21
SEC_028,2024-10-15,2,Cement,1.22
SEC_049,2024-11-30,17,Other,1.38
SEC_024,2024-02-25,7,Foodgrain,1.13
SEC_034,2024-05-18,10,Steel,0.95
SEC_017,2024-06-09,6,Other,0.86
SEC_002,2024-01-12,8,Foodgrain,1.1
SEC_007,2024-01-09,4,Cement,1.23
SEC_043,2024-01-15,8,Cement,1.21
SEC_037,2024-10-07,15,Steel,1.26
SEC_018,2024-06-12,12,Foodgrain,0.83
SEC_035,2024-10-02,11,Steel,1.32
SEC_001,2024-11-01,4,Coal,1.34
SEC_002,2024-01-14,2,Cement,1.15
SEC_025,2024-11-06,15,Steel,1.37
SEC_031,2024-03-23,9,Foodgrain,1.44
SEC_046,2024-05-28,9,Coal,1.08
SEC_038,2024-12-18,2,Cement,1.2
SEC_013,2024-04-20,12,Coal,1.09
SEC_040,2024-12-09,11,Steel,1.08
SEC_025,2024-07-04,6,Coal,0.72
SEC_041,2024-01-05,17,Other,1.2
SEC_009,2024-10-31,9,Cement,1.33
SEC_002,2024-01-17,13,Cement,1.07
SEC_003,2024-08-20,7,Foodgrain,0.72
SEC_049,2024-06-16,5,Other,0.77
SEC_004,2024-02-21,10,Coal,1.19
SEC_047,2024-07-07,6,Foodgrain,0.8
SEC_036,2024-05-12,11,Coal,0.98
SEC_008,2024-02-06,15,Cement,1.18
SEC_043,2024-07-22,5,Other,0.73
SEC_008,2024-01-17,15,Cement,1.22
SEC_008,2024-07-16,10,Coal,0.75
SEC_029,2024-03-23,8,Cement,0.97
SEC_015,2024-10-31,15,Steel,1.4
SEC_015,2024-12-13,10,Steel,1.13
SEC_010,2024-12-07,13,Foodgrain,1.08
SEC_030,2024-12-09,6,Foodgrain,1.1
SEC_002,2024-02-06,4,Coal,1.18
SEC_013,2024-07-05,9,Foodgrain,0.82
SEC_028,2024-03-23,10,Coal,0.98
SEC_024,2024-02-05,2,Cement,1.07
SEC_035,2024-05-23,8,Coal,1.03
SEC_011,2024-06-06,10,Other,0.78
SEC_032,2024-04-18,10,Other,1.01
SEC_038,2024-02-11,7,Cement,1.22
SEC_020,2024-05-29,12,Cement,1.0
SEC_013,2024-02-26,2,Foodgrain,1.23
SEC_028,2024-01-15,9,Foodgrain,1.14
SEC_029,2024-06-14,10,Foodgrain,0.84
SEC_005,2024-01-25,15,Other,1.06
SEC_028,2024-12-19,13,Coal,1.09
SEC_008,2024-11-02,15,Foodgrain,1.26
SEC_028,2024-12-04,16,Foodgrain,1.22
SEC_046,2024-02-07,8,Steel,1.25
SEC_027,2024-06-19,7,Foodgrain,0.74
SEC_038,2024-10-28,19,Foodgrain,1.35
SEC_016,2024-07-29,6,Coal,0.89
SEC_046,2024-04-22,5,Foodgrain,1.37
SEC_040,2024-10-31,8,Coal,1.2
SEC_045,2024-04-23,12,Steel,0.99
SEC_037,2024-12-22,14,Steel,1.16
SEC_032,2024-02-06,5,Cement,1.19
SEC_026,2024-09-15,7,Other,1.06
SEC_046,2024-01-05,4,Coal,1.19
SEC_042,2024-11-30,7,Steel,1.19
SEC_021,2024-05-10,15,Coal,1.08
SEC_005,2024-01-08,3,Foodgrain,1.09
SEC_001,2024-11-01,8,Steel,1.3
SEC_012,2024-12-20,7,Foodgrain,1.21
SEC_004,2024-12-02,16,Coal,1.13
SEC_011,2024-06-26,6,Other,0.8
SEC_006,2024-01-23,4,Other,1.12
SEC_049,2024-03-24,3,Other,1.1
SEC_005,2024-01-12,16,Foodgrain,1.13
SEC_031,2024-01-17,10,Cement,1.09
SEC_018,2024-02-28,10,Coal,1.13
SEC_009,2024-07-25,10,Cement,0.85
SEC_035,2024-10-07,13,Cement,1.32
SEC_048,2024-08-02,8,Cement,0.77
SEC_039,2024-03-15,10,Cement,1.05
SEC_048,2024-08-08,5,Coal,0.83
SEC_029,2024-03-25,16,Foodgrain,1.48
SEC_034,2024-06-17,2,Foodgrain,0.75
SEC_008,2024-11-21,5,Foodgrain,1.16
SEC_042,2024-02-19,10,Foodgrain,1.19
SEC_037,2024-11-16,8,Cement,1.28
SEC_013,2024-04-09,9,Foodgrain,1.31
SEC_018,2024-09-02,15,Steel,1.04
SEC_030,2024-04-05,11,Cement,0.97
SEC_001,2024-03-01,10,Foodgrain,1.36
SEC_041,2024-06-13,12,Coal,0.87
SEC_014,2024-05-19,14,Cement,1.07
SEC_004,2024-07-04,2,Foodgrain,0.78
SEC_017,2024-03-27,14,Other,0.99
SEC_041,2024-12-24,17,Steel,1.18
SEC_014,2024-09-02,8,Other,1.02
SEC_027,2024-11-03,8,Foodgrain,1.2
SEC_040,2024-10-12,7,Other,1.36
SEC_002,2024-09-22,3,Coal,1.05
SEC_038,2024-02-22,17,Coal,1.19
SEC_015,2024-08-03,5,Steel,0.71
SEC_035,2024-11-24,4,Other,1.33
SEC_010,2024-02-05,11,Foodgrain,1.1
SEC_007,2024-06-18,4,Cement,0.78
SEC_039,2024-03-08,10,Coal,1.06
SEC_040,2024-10-17,12,Steel,1.2
SEC_049,2024-12-06,7,Steel,1.23
SEC_034,2024-01-19,17,Other,1.21
SEC_023,2024-10-20,7,Coal,1.2
SEC_010,2024-05-11,12,Other,1.03
SEC_015,2024-12-18,3,Steel,1.06
SEC_032,2024-01-06,12,Cement,1.25
SEC_017,2024-03-11,11,Steel,1.01
SEC_024,2024-09-19,2,Coal,0.98
SEC_009,2024-10-11,18,Cement,1.29
SEC_022,2024-01-30,13,Coal,1.09
SEC_012,2024-02-28,13,Coal,1.09
SEC_006,2024-05-03,14,Other,1.08
SEC_007,2024-01-13,4,Steel,1.23
SEC_026,2024-10-13,6,Other,1.38
SEC_018,2024-09-02,12,Steel,1.0
SEC_005,2024-10-01,10,Steel,1.26
SEC_026,2024-06-20,7,Foodgrain,0.9
SEC_009,2024-08-22,4,Steel,0.89
SEC_001,2024-07-28,12,Other,0.89
SEC_007,2024-09-11,13,Cement,1.0
SEC_022,2024-06-13,5,Cement,0.78
SEC_047,2024-08-26,3,Coal,0.8
SEC_012,2024-08-24,2,Steel,0.75
SEC_014,2024-08-22,9,Foodgrain,0.87
SEC_012,2024-11-15,13,Foodgrain,1.39
SEC_018,2024-05-07,7,Other,1.01
SEC_036,2024-11-17,10,Cement,1.28
SEC_016,2024-01-11,14,Steel,1.07
SEC_033,2024-06-26,3,Foodgrain,0.76
SEC_045,2024-06-10,3,Cement,0.86
SEC_047,2024-11-13,9,Foodgrain,1.24
SEC_028,2024-01-17,18,Foodgrain,1.25
SEC_035,2024-03-20,15,Cement,1.08
SEC_046,2024-06-20,7,Steel,0.89
SEC_039,2024-10-25,7,Coal,1.24
SEC_015,2024-06-18,6,Foodgrain,0.79
SEC_007,2024-08-21,2,Steel,0.84
SEC_006,2024-03-06,3,Foodgrain,1.41
SEC_044,2024-12-11,17,Other,1.24
SEC_028,2024-10-14,2,Cement,1.17
SEC_015,2024-01-16,9,Cement,1.24
SEC_017,2024-09-14,11,Foodgrain,0.95
SEC_014,2024-02-17,16,Other,1.14
SEC_040,2024-07-23,4,Other,0.73
SEC_031,2024-09-16,6,Cement,0.96
SEC_044,2024-12-04,6,Coal,1.18
SEC_015,2024-01-26,14,Steel,1.11
SEC_024,2024-04-15,5,Other,0.99
SEC_006,2024-09-09,10,Coal,0.96
SEC_048,2024-04-05,13,Foodgrain,1.45
SEC_026,2024-09-17,7,Cement,1.1
SEC_028,2024-03-08,4,Steel,0.97
SEC_021,2024-02-29,5,Cement,1.19
SEC_014,2024-07-18,5,Coal,0.8
SEC_047,2024-09-09,5,Steel,1.06
SEC_024,2024-03-16,7,Steel,1.01
SEC_034,2024-11-15,15,Coal,1.26
SEC_002,2024-11-14,8,Foodgrain,1.15
SEC_014,2024-01-30,12,Foodgrain,1.09
SEC_040,2024-04-21,9,Other,0.95
SEC_005,2024-07-22,6,Foodgrain,0.76
SEC_005,2024-06-28,6,Cement,0.79
SEC_040,2024-04-03,13,Coal,0.96
SEC_016,2024-07-12,9,Coal,0.72
SEC_014,2024-12-18,9,Steel,1.23
SEC_028,2024-04-22,14,Steel,0.98
SEC_010,2024-03-21,4,Other,0.96
SEC_003,2024-09-27,3,Foodgrain,1.08
SEC_001,2024-07-27,3,Foodgrain,0.89
SEC_004,2024-09-10,10,Other,1.09
SEC_008,2024-08-24,8,Other,0.85
SEC_035,2024-10-05,12,Cement,1.38
SEC_015,2024-09-23,4,Foodgrain,1.02
SEC_004,2024-08-09,6,Steel,0.84
SEC_001,2024-06-15,9,Coal,0.85
SEC_024,2024-06-17,5,Coal,0.8
SEC_042,2024-04-07,5,Other,0.98
SEC_017,2024-06-13,2,Coal,0.77
SEC_004,2024-08-09,9,Foodgrain,0.8
SEC_012,2024-09-19,4,Foodgrain,0.97
SEC_025,2024-10-09,15,Foodgrain,1.18
SEC_010,2024-05-17,14,Coal,1.05
SEC_048,2024-09-25,10,Foodgrain,0.97
SEC_038,2024-06-09,8,Steel,0.8
SEC_017,2024-05-11,5,Steel,1.03
SEC_047,2024-02-29,14,Other,1.15
SEC_016,2024-04-07,8,Foodgrain,1.36
SEC_007,2024-09-05,12,Foodgrain,0.97
SEC_046,2024-03-20,13,Coal,1.09
SEC_048,2024-01-29,16,Other,1.12
SEC_016,2024-04-09,16,Foodgrain,1.45
SEC_030,2024-12-28,16,Cement,1.23
SEC_009,2024-02-24,6,Foodgrain,1.07
SEC_032,2024-02-22,5,Steel,1.15
SEC_034,2024-05-27,4,Steel,1.03
SEC_035,2024-05-20,6,Coal,0.96
SEC_028,2024-12-02,11,Other,1.14
SEC_035,2024-03-28,7,Foodgrain,1.39
SEC_028,2024-06-01,3,Steel,0.75
SEC_041,2024-04-16,7,Cement,1.04
SEC_009,2024-04-01,3,Coal,1.0
SEC_024,2024-04-28,6,Foodgrain,1.38
SEC_021,2024-04-04,15,Foodgrain,1.35
SEC_027,2024-09-19,2,Other,1.05
SEC_007,2024-10-16,8,Cement,1.31
SEC_016,2024-03-05,7,Cement,1.09
SEC_047,2024-06-30,12,Steel,0.86
SEC_006,2024-04-06,18,Foodgrain,1.39
SEC_032,2024-11-13,12,Other,1.28
SEC_033,2024-02-07,12,Coal,1.17
SEC_024,2024-05-29,9,Cement,1.05
SEC_002,2024-05-01,7,Steel,0.97
SEC_002,2024-05-13,15,Cement,1.07
SEC_014,2024-12-10,8,Foodgrain,1.17
SEC_006,2024-07-16,5,Cement,0.77
SEC_005,2024-05-19,8,Steel,1.05
SEC_008,2024-10-22,13,Other,1.29
SEC_010,2024-10-11,4,Other,1.21
SEC_042,2024-02-23,14,Cement,1.08
SEC_032,2024-06-17,7,Foodgrain,0.78
SEC_002,2024-05-30,9,Coal,0.99
SEC_031,2024-06-13,2,Steel,0.85
SEC_007,2024-05-07,10,Steel,0.96
SEC_021,2024-10-28,8,Cement,1.26
SEC_002,2024-12-30,6,Other,1.14
SEC_005,2024-01-10,4,Cement,1.19
SEC_007,2024-11-09,2,Other,1.21
SEC_022,2024-11-12,12,Coal,1.24
SEC_023,2024-05-13,14,Cement,1.03
SEC_018,2024-06-26,6,Foodgrain,0.89
SEC_031,2024-02-07,6,Coal,1.12
SEC_036,2024-05-08,3,Cement,1.0
SEC_036,2024-03-28,11,Other,1.02
SEC_029,2024-11-27,3,Foodgrain,1.38
SEC_027,2024-02-09,12,Steel,1.09
SEC_025,2024-05-04,14,Steel,1.01
SEC_012,2024-06-25,2,Cement,0.81
SEC_024,2024-12-23,11,Cement,1.06
SEC_001,2024-10-26,10,Steel,1.25
SEC_048,2024-12-08,5,Cement,1.08
SEC_019,2024-04-23,13,Cement,1.05
SEC_038,2024-04-08,4,Coal,1.04
SEC_047,2024-07-28,11,Steel,0.78
SEC_025,2024-05-04,15,Steel,1.09
SEC_043,2024-01-06,3,Cement,1.05
SEC_024,2024-10-24,14,Cement,1.19
SEC_007,2024-02-04,6,Foodgrain,1.14
SEC_002,2024-03-12,12,Steel,0.99
SEC_007,2024-12-11,6,Foodgrain,1.2
SEC_047,2024-09-24,5,Other,1.08
SEC_024,2024-08-23,9,Other,0.79
SEC_016,2024-02-17,4,Coal,1.06
SEC_022,2024-04-01,20,Foodgrain,1.42
SEC_013,2024-03-16,10,Cement,1.05
SEC_043,2024-08-22,7,Steel,0.8
SEC_049,2024-07-02,6,Other,0.82
SEC_005,2024-05-11,10,Foodgrain,0.95
SEC_036,2024-09-29,5,Steel,0.99
SEC_017,2024-10-11,9,Other,1.34
SEC_003,2024-09-27,7,Cement,0.96
SEC_046,2024-02-08,12,Coal,1.23
SEC_004,2024-08-10,5,Coal,0.72
SEC_011,2024-03-17,8,Other,1.01
SEC_002,2024-04-09,15,Cement,1.07
SEC_024,2024-12-24,15,Other,1.17
SEC_030,2024-06-01,9,Other,0.8
SEC_016,2024-10-15,7,Cement,1.35
SEC_004,2024-03-31,12,Other,1.0
SEC_006,2024-12-21,2,Other,1.14
SEC_046,2024-04-11,6,Foodgrain,1.44
SEC_040,2024-03-07,9,Cement,0.97
SEC_046,2024-04-28,9,Other,1.09
SEC_027,2024-03-04,2,Other,1.02
SEC_027,2024-08-07,1,Other,0.7
SEC_039,2024-02-22,14,Other,1.24
SEC_031,2024-03-16,12,Steel,1.06
SEC_022,2024-09-13,2,Foodgrain,1.01
SEC_015,2024-01-16,9,Other,1.16
SEC_024,2024-06-10,11,Coal,0.85
SEC_004,2024-09-10,8,Coal,1.0
SEC_010,2024-06-12,11,Cement,0.81
SEC_037,2024-01-08,11,Other,1.06
SEC_043,2024-02-27,3,Foodgrain,1.14
SEC_005,2024-12-21,7,Other,1.23
SEC_005,2024-10-09,18,Steel,1.25
SEC_005,2024-05-08,10,Foodgrain,1.02
SEC_039,2024-11-15,15,Other,1.35
SEC_016,2024-01-03,15,Steel,1.07
SEC_017,2024-01-18,5,Other,1.05
SEC_001,2024-11-19,14,Other,1.31
SEC_048,2024-09-03,10,Cement,1.03
SEC_022,2024-08-07,6,Coal,0.85
SEC_040,2024-05-06,12,Other,1.06
SEC_035,2024-10-26,9,Foodgrain,1.23
SEC_007,2024-08-10,11,Steel,0.89
SEC_040,2024-06-08,5,Foodgrain,0.74
SEC_027,2024-05-19,7,Foodgrain,1.09
SEC_030,2024-05-09,11,Steel,1.03
SEC_010,2024-07-29,9,Cement,0.85
SEC_042,2024-08-27,3,Coal,0.81
SEC_046,2024-10-21,5,Cement,1.22
SEC_020,2024-05-28,13,Steel,0.97
SEC_005,2024-04-02,2,Cement,0.98
SEC_042,2024-07-22,4,Other,0.79
SEC_044,2024-08-01,10,Foodgrain,0.73
SEC_025,2024-04-11,10,Other,1.06
SEC_029,2024-01-27,8,Steel,1.05
SEC_011,2024-05-01,14,Other,1.08
SEC_004,2024-01-26,14,Foodgrain,1.06
SEC_047,2024-01-31,2,Foodgrain,1.16
SEC_024,2024-12-19,3,Coal,1.11
SEC_014,2024-10-12,10,Cement,1.29
SEC_034,2024-01-13,8,Cement,1.18
SEC_002,2024-05-07,12,Foodgrain,1.08
SEC_004,2024-04-03,11,Coal,1.04
SEC_012,2024-12-22,3,Cement,1.08
SEC_023,2024-06-09,11,Cement,0.82
SEC_018,2024-04-05,12,Other,1.06
SEC_010,2024-08-20,2,Other,0.8
SEC_018,2024-06-22,8,Steel,0.89
SEC_017,2024-03-09,4,Steel,1.0
SEC_026,2024-04-21,4,Other,1.1
SEC_028,2024-02-16,6,Coal,1.23
SEC_044,2024-09-10,2,Other,1.01
SEC_040,2024-12-21,17,Coal,1.2
SEC_015,2024-10-22,5,Foodgrain,1.16
SEC_045,2024-05-17,12,Coal,0.96
SEC_026,2024-06-27,7,Other,0.75
SEC_010,2024-01-23,8,Foodgrain,1.1
SEC_017,2024-05-14,2,Other,1.06
SEC_037,2024-01-12,6,Coal,1.22
SEC_041,2024-09-29,11,Coal,0.97
SEC_019,2024-11-28,7,Foodgrain,1.39
SEC_008,2024-03-11,14,Coal,0.99
SEC_010,2024-09-03,6,Foodgrain,1.1
SEC_006,2024-08-07,5,Cement,0.71
SEC_035,2024-06-01,3,Foodgrain,0.82
SEC_025,2024-09-25,9,Cement,1.08
SEC_023,2024-09-05,14,Coal,1.0
SEC_033,2024-04-08,12,Steel,1.07
SEC_041,2024-10-19,10,Coal,1.16
SEC_039,2024-08-27,8,Foodgrain,0.8
SEC_007,2024-04-24,7,Steel,0.98
SEC_029,2024-09-26,8,Foodgrain,1.08
SEC_044,2024-08-22,9,Coal,0.84
SEC_038,2024-02-12,11,Foodgrain,1.07
SEC_017,2024-03-01,8,Cement,1.05
SEC_020,2024-04-28,12,Coal,1.09
SEC_044,2024-01-17,13,Cement,1.21
SEC_002,2024-05-28,3,Steel,1.09
SEC_026,2024-06-17,10,Other,0.86
SEC_006,2024-10-11,3,Other,1.33
SEC_044,2024-03-03,10,Foodgrain,1.36
SEC_002,2024-07-26,7,Coal,0.76
SEC_002,2024-08-31,6,Steel,0.85
SEC_017,2024-06-13,3,Cement,0.87
SEC_010,2024-11-28,7,Steel,1.17
SEC_025,2024-04-26,2,Cement,0.97
SEC_015,2024-05-29,4,Other,1.01
SEC_018,2024-01-02,12,Other,1.15
SEC_028,2024-05-30,10,Steel,1.02
SEC_028,2024-01-08,15,Other,1.16
SEC_046,2024-12-26,2,Steel,1.15
SEC_024,2024-03-29,8,Other,1.1
SEC_028,2024-10-24,11,Coal,1.21
SEC_034,2024-02-12,5,Foodgrain,1.15
SEC_009,2024-04-10,3,Cement,1.05
SEC_033,2024-02-13,2,Coal,1.22
SEC_043,2024-05-14,9,Foodgrain,0.99
SEC_016,2024-08-08,7,Steel,0.73
SEC_009,2024-06-02,10,Other,0.87
SEC_017,2024-08-09,4,Foodgrain,0.74
SEC_014,2024-10-22,3,Coal,1.15
SEC_029,2024-01-17,7,Coal,1.13
SEC_043,2024-06-04,6,Coal,0.71
SEC_030,2024-08-05,7,Coal,0.79
SEC_007,2024-07-10,4,Foodgrain,0.8
SEC_016,2024-02-23,3,Steel,1.13
SEC_034,2024-03-16,2,Steel,1.1
SEC_017,2024-05-18,6,Steel,1.07
SEC_029,2024-08-26,9,Foodgrain,0.72
SEC_035,2024-12-28,4,Foodgrain,1.25
SEC_017,2024-05-14,2,Foodgrain,1.05
SEC_032,2024-07-10,8,Other,0.79
SEC_020,2024-04-22,13,Steel,1.06
SEC_007,2024-01-13,15,Steel,1.07
SEC_019,2024-05-25,14,Foodgrain,0.98
SEC_022,2024-05-07,12,Coal,0.96
SEC_001,2024-02-25,15,Cement,1.12
SEC_044,2024-09-02,3,Foodgrain,1.01
SEC_026,2024-04-04,14,Steel,1.02
SEC_002,2024-03-23,4,Steel,0.96
SEC_043,2024-05-22,8,Foodgrain,1.01
SEC_042,2024-12-18,10,Other,1.2
SEC_001,2024-08-20,10,Steel,0.85
SEC_008,2024-06-04,2,Foodgrain,0.79
SEC_018,2024-10-27,18,Coal,1.36
SEC_025,2024-01-08,11,Steel,1.22
SEC_036,2024-05-03,13,Cement,1.09
SEC_021,2024-07-16,4,Cement,0.73
SEC_030,2024-06-27,10,Other,0.72
SEC_001,2024-09-04,3,Foodgrain,1.05
SEC_033,2024-09-13,11,Other,0.97
SEC_045,2024-06-15,12,Foodgrain,0.83
SEC_026,2024-12-06,17,Coal,1.24
SEC_023,2024-12-05,10,Coal,1.09
SEC_015,2024-06-22,1,Foodgrain,0.73
SEC_047,2024-11-26,13,Steel,1.15
SEC_002,2024-08-22,6,Coal,0.88
SEC_015,2024-02-20,2,Coal,1.17
SEC_007,2024-02-13,5,Cement,1.13
SEC_043,2024-01-30,11,Cement,1.21
SEC_024,2024-03-18,5,Steel,0.97
SEC_046,2024-04-24,15,Steel,1.04
SEC_033,2024-01-26,9,Foodgrain,1.13
SEC_028,2024-08-10,12,Coal,0.86
SEC_026,2024-05-30,12,Other,0.97
SEC_010,2024-08-08,3,Foodgrain,0.88
SEC_028,2024-07-03,3,Steel,0.82
SEC_034,2024-04-09,11,Foodgrain,1.32
SEC_048,2024-08-13,10,Coal,0.81
SEC_027,2024-12-14,5,Steel,1.09
SEC_047,2024-04-25,3,Foodgrain,1.38
SEC_047,2024-04-22,2,Other,1.04
SEC_026,2024-07-07,8,Other,0.82
SEC_022,2024-10-21,13,Cement,1.16
SEC_007,2024-07-13,7,Steel,0.74
SEC_014,2024-10-31,15,Other,1.29
SEC_044,2024-01-28,12,Coal,1.05
SEC_007,2024-02-06,12,Steel,1.13
SEC_020,2024-05-28,7,Foodgrain,0.99
SEC_035,2024-03-26,15,Foodgrain,1.37
SEC_012,2024-01-09,3,Cement,1.14
SEC_048,2024-03-19,17,Foodgrain,1.33
SEC_032,2024-04-09,7,Other,1.03
SEC_002,2024-12-02,4,Foodgrain,1.25
SEC_013,2024-10-13,15,Cement,1.23
SEC_037,2024-05-08,13,Coal,1.01
SEC_043,2024-12-16,9,Coal,1.22
SEC_046,2024-11-02,13,Steel,1.21
SEC_042,2024-04-01,13,Coal,1.05
SEC_004,2024-06-23,4,Other,0.7
SEC_036,2024-12-03,9,Cement,1.11
SEC_006,2024-06-16,8,Other,0.74
SEC_004,2024-05-15,9,Steel,1.04
SEC_034,2024-11-26,14,Coal,1.23
SEC_024,2024-08-29,1,Steel,0.72
SEC_032,2024-06-10,7,Coal,0.73
SEC_042,2024-11-14,6,Steel,1.15
SEC_004,2024-09-29,3,Coal,0.99
SEC_026,2024-05-07,6,Steel,1.05
SEC_041,2024-06-04,5,Cement,0.88
SEC_022,2024-01-18,2,Other,1.2
SEC_026,2024-02-07,17,Steel,1.18
SEC_025,2024-12-15,7,Other,1.05
SEC_045,2024-01-20,3,Cement,1.1
SEC_003,2024-11-02,15,Coal,1.33
SEC_044,2024-03-17,10,Coal,0.98
SEC_041,2024-07-17,3,Coal,0.84
SEC_040,2024-09-21,5,Cement,1.05
SEC_021,2024-12-28,4,Cement,1.11
SEC_026,2024-05-16,4,Other,1.02
SEC_019,2024-12-04,14,Foodgrain,1.25
SEC_013,2024-06-15,8,Coal,0.77
SEC_043,2024-11-13,6,Other,1.28
SEC_025,2024-02-07,7,Other,1.06
SEC_036,2024-04-08,13,Cement,1.05
SEC_005,2024-08-16,3,Other,0.81
SEC_039,2024-09-15,8,Steel,0.96
SEC_033,2024-10-21,14,Foodgrain,1.15
SEC_049,2024-05-10,3,Foodgrain,1.0
SEC_007,2024-08-16,5,Steel,0.85
SEC_027,2024-08-15,4,Other,0.89
SEC_026,2024-12-26,4,Foodgrain,1.08
SEC_027,2024-02-12,15,Other,1.17
SEC_003,2024-01-06,4,Steel,1.05
SEC_024,2024-07-29,4,Foodgrain,0.75
SEC_015,2024-01-06,6,Other,1.16
SEC_031,2024-03-12,9,Coal,1.02
SEC_012,2024-07-02,5,Foodgrain,0.76
SEC_022,2024-04-08,3,Cement,0.99
SEC_031,2024-04-07,13,Cement,1.02
SEC_004,2024-05-06,5,Cement,1.08
SEC_039,2024-09-08,14,Cement,1.02
SEC_036,2024-05-13,15,Coal,1.09
SEC_003,2024-10-17,5,Steel,1.23
SEC_004,2024-02-28,5,Cement,1.18
SEC_042,2024-02-07,6,Foodgrain,1.17
SEC_014,2024-03-01,15,Steel,1.08
SEC_043,2024-12-01,16,Other,1.16
SEC_025,2024-04-11,14,Steel,1.06
SEC_017,2024-01-11,10,Steel,1.13
SEC_014,2024-04-25,8,Foodgrain,1.37
SEC_033,2024-09-08,9,Steel,1.0
SEC_006,2024-05-12,3,Foodgrain,1.06
SEC_020,2024-05-20,3,Other,1.06
SEC_017,2024-02-01,3,Other,1.15
SEC_008,2024-09-01,3,Steel,1.08
SEC_018,2024-03-21,8,Steel,1.03
SEC_026,2024-02-05,12,Other,1.07
SEC_034,2024-09-18,5,Foodgrain,0.97
SEC_005,2024-12-08,15,Coal,1.14
SEC_043,2024-08-11,8,Foodgrain,0.76
SEC_044,2024-12-09,9,Cement,1.12
SEC_034,2024-05-27,3,Foodgrain,1.1
SEC_046,2024-07-09,3,Cement,0.81
SEC_021,2024-05-10,10,Cement,1.0
SEC_041,2024-07-05,3,Coal,0.84
SEC_036,2024-11-22,15,Other,1.18
SEC_028,2024-08-20,4,Coal,0.8
SEC_009,2024-01-10,2,Coal,1.13
SEC_028,2024-07-31,11,Steel,0.83
SEC_045,2024-05-18,11,Coal,0.96
SEC_049,2024-07-17,2,Cement,0.82
SEC_022,2024-07-23,2,Foodgrain,0.75
SEC_013,2024-08-03,4,Steel,0.9
SEC_037,2024-11-13,8,Other,1.33
SEC_004,2024-11-10,6,Steel,1.16
SEC_008,2024-12-21,6,Other,1.21
SEC_028,2024-08-11,7,Foodgrain,0.76
SEC_049,2024-04-14,7,Cement,1.03
SEC_017,2024-03-12,12,Other,0.96
SEC_022,2024-11-06,13,Steel,1.33
SEC_016,2024-11-30,17,Coal,1.28
SEC_022,2024-01-14,15,Cement,1.24
SEC_001,2024-03-20,5,Cement,1.06
SEC_030,2024-09-05,5,Coal,1.01
SEC_030,2024-03-01,6,Other,1.05
SEC_016,2024-01-19,16,Cement,1.17
SEC_013,2024-12-30,7,Foodgrain,1.13
SEC_038,2024-02-05,14,Coal,1.15
SEC_010,2024-03-19,15,Other,1.07
SEC_003,2024-12-27,15,Foodgrain,1.12
SEC_002,2024-02-06,7,Foodgrain,1.23
SEC_044,2024-10-19,15,Coal,1.34
SEC_018,2024-07-24,8,Cement,0.84
SEC_005,2024-07-16,9,Other,0.71
SEC_044,2024-10-29,4,Cement,1.23
SEC_008,2024-01-08,6,Steel,1.14
SEC_017,2024-01-23,13,Coal,1.21
SEC_002,2024-03-12,21,Foodgrain,1.48
SEC_034,2024-06-28,4,Foodgrain,0.85
SEC_035,2024-12-18,6,Steel,1.25
SEC_038,2024-01-26,4,Cement,1.06
SEC_013,2024-06-02,11,Other,0.88
SEC_017,2024-06-05,3,Coal,0.84
SEC_046,2024-03-12,6,Steel,1.01
SEC_041,2024-05-05,7,Foodgrain,1.09
SEC_002,2024-03-14,2,Coal,1.0
SEC_034,2024-02-20,7,Cement,1.05
SEC_040,2024-07-09,7,Coal,0.74
SEC_028,2024-12-06,7,Coal,1.18
SEC_032,2024-05-27,5,Steel,0.96
SEC_001,2024-08-20,5,Foodgrain,0.77
SEC_002,2024-09-02,14,Cement,1.07
SEC_002,2024-11-04,7,Coal,1.37
SEC_008,2024-10-28,10,Cement,1.39
SEC_049,2024-11-27,5,Coal,1.24
SEC_032,2024-10-25,5,Other,1.33
SEC_039,2024-12-06,6,Foodgrain,1.22
SEC_015,2024-12-19,2,Cement,1.24
SEC_046,2024-09-30,10,Coal,0.97
SEC_010,2024-06-29,4,Cement,0.7
SEC_045,2024-04-22,9,Foodgrain,1.35
SEC_002,2024-07-28,3,Foodgrain,0.85
SEC_002,2024-10-30,10,Coal,1.31
SEC_004,2024-10-02,3,Cement,1.3
SEC_039,2024-07-09,2,Other,0.84
SEC_013,2024-01-28,4,Other,1.22
SEC_023,2024-04-09,8,Other,1.04
SEC_024,2024-07-30,8,Cement,0.73
SEC_039,2024-05-21,11,Steel,1.09
SEC_018,2024-06-15,6,Steel,0.84
SEC_001,2024-04-20,2,Coal,1.0
SEC_019,2024-01-28,2,Steel,1.24
SEC_015,2024-06-19,8,Steel,0.76
SEC_036,2024-06-11,10,Cement,0.82
SEC_037,2024-10-12,6,Coal,1.38
SEC_005,2024-02-11,8,Other,1.13
SEC_039,2024-06-26,3,Cement,0.71
SEC_004,2024-11-08,7,Cement,1.16
SEC_031,2024-04-08,14,Foodgrain,1.44
SEC_020,2024-04-25,7,Steel,1.05
SEC_015,2024-02-01,7,Foodgrain,1.21
SEC_024,2024-07-29,5,Cement,0.87
SEC_016,2024-11-09,12,Other,1.3
SEC_039,2024-06-25,7,Cement,0.74
SEC_048,2024-06-01,9,Other,0.72
SEC_040,2024-10-01,16,Foodgrain,1.35
SEC_022,2024-06-10,5,Foodgrain,0.72
SEC_025,2024-05-25,7,Cement,0.96
SEC_022,2024-10-06,18,Cement,1.29
SEC_039,2024-04-13,2,Steel,1.02
SEC_028,2024-11-06,18,Foodgrain,1.27
SEC_023,2024-04-08,15,Foodgrain,1.47
SEC_021,2024-07-06,11,Cement,0.85
SEC_019,2024-04-01,4,Steel,0.96
SEC_028,2024-08-19,12,Coal,0.83
SEC_034,2024-06-07,9,Other,0.78
SEC_022,2024-03-28,11,Steel,0.96
SEC_040,2024-09-29,9,Coal,0.98
SEC_041,2024-12-08,12,Steel,1.18
SEC_022,2024-01-11,16,Other,1.15
SEC_045,2024-07-26,9,Coal,0.89
SEC_009,2024-09-19,9,Cement,0.97
SEC_046,2024-09-20,6,Foodgrain,0.99
SEC_015,2024-03-21,12,Cement,1.09
SEC_028,2024-02-11,4,Cement,1.12
SEC_014,2024-07-06,12,Steel,0.88
SEC_022,2024-08-21,7,Steel,0.71
SEC_017,2024-04-15,4,Cement,1.09
SEC_035,2024-05-15,2,Other,1.03
SEC_004,2024-07-13,8,Other,0.75
SEC_042,2024-06-13,8,Steel,0.76
SEC_045,2024-06-25,2,Steel,0.86
SEC_028,2024-09-06,9,Other,1.0
SEC_027,2024-12-26,16,Cement,1.22
SEC_035,2024-10-18,15,Coal,1.27
SEC_010,2024-01-04,14,Cement,1.15
SEC_037,2024-05-07,8,Steel,1.03
SEC_011,2024-01-04,9,Coal,1.22
SEC_034,2024-11-15,2,Coal,1.25
SEC_015,2024-08-23,12,Steel,0.85
SEC_037,2024-03-21,14,Steel,0.97
SEC_039,2024-11-03,8,Cement,1.16
SEC_011,2024-07-25,11,Coal,0.89
SEC_031,2024-01-19,4,Coal,1.19
SEC_025,2024-02-25,10,Cement,1.1
SEC_015,2024-10-23,8,Foodgrain,1.39
SEC_029,2024-04-15,12,Steel,1.05
SEC_049,2024-07-10,10,Coal,0.88
SEC_001,2024-11-23,15,Coal,1.17
SEC_047,2024-04-15,4,Steel,0.95
SEC_042,2024-01-05,5,Steel,1.23
SEC_026,2024-01-31,12,Foodgrain,1.16
SEC_030,2024-12-01,11,Cement,1.12
SEC_019,2024-08-07,6,Coal,0.78
SEC_007,2024-04-30,7,Foodgrain,1.49
SEC_029,2024-01-29,3,Foodgrain,1.13
SEC_041,2024-09-11,12,Coal,0.97
SEC_012,2024-01-15,10,Foodgrain,1.11
SEC_036,2024-02-03,4,Coal,1.11
SEC_037,2024-08-05,8,Steel,0.83
SEC_038,2024-08-22,2,Cement,0.81
SEC_017,2024-07-27,5,Steel,0.7
SEC_020,2024-11-28,16,Cement,1.16
SEC_021,2024-04-08,3,Coal,1.06
SEC_042,2024-07-22,12,Foodgrain,0.9
SEC_045,2024-04-22,5,Other,1.05
SEC_021,2024-05-12,9,Foodgrain,1.03
SEC_048,2024-02-25,7,Other,1.2
SEC_028,2024-10-17,17,Steel,1.28
SEC_019,2024-09-14,6,Coal,1.06
SEC_001,2024-09-17,14,Foodgrain,0.97
SEC_030,2024-02-22,5,Steel,1.17
SEC_032,2024-02-13,2,Cement,1.14
SEC_048,2024-10-13,13,Steel,1.33
SEC_036,2024-08-31,4,Cement,0.72
SEC_002,2024-01-11,12,Coal,1.22
SEC_028,2024-08-31,4,Steel,0.8
SEC_037,2024-12-24,3,Steel,1.08
SEC_025,2024-10-02,18,Cement,1.25
SEC_022,2024-04-11,5,Steel,1.07
SEC_040,2024-04-25,8,Foodgrain,1.37
SEC_030,2024-10-02,12,Steel,1.21
SEC_034,2024-05-26,8,Cement,1.08
SEC_023,2024-09-26,10,Steel,1.05
SEC_014,2024-12-17,2,Cement,1.16
SEC_026,2024-05-28,7,Coal,1.02
SEC_047,2024-07-28,8,Cement,0.85
SEC_030,2024-06-28,11,Cement,0.81
SEC_035,2024-07-05,11,Coal,0.83
SEC_007,2024-01-28,9,Coal,1.12
SEC_049,2024-12-27,7,Steel,1.22
SEC_012,2024-07-16,3,Other,0.75
SEC_048,2024-03-25,3,Steel,1.06
SEC_022,2024-07-29,6,Foodgrain,0.79
SEC_046,2024-05-25,4,Foodgrain,1.07
SEC_044,2024-10-27,10,Steel,1.2
SEC_038,2024-10-05,14,Foodgrain,1.24
SEC_045,2024-05-19,14,Coal,1.06
SEC_030,2024-09-17,12,Cement,0.97
SEC_042,2024-01-13,7,Coal,1.21
SEC_009,2024-12-19,12,Foodgrain,1.22
SEC_004,2024-07-05,7,Steel,0.71
SEC_027,2024-08-27,10,Foodgrain,0.9
SEC_040,2024-08-24,5,Foodgrain,0.84
SEC_038,2024-04-24,13,Cement,1.01
SEC_026,2024-09-09,14,Cement,1.06
SEC_026,2024-05-25,9,Steel,1.0
SEC_030,2024-09-06,5,Foodgrain,1.04
SEC_043,2024-02-02,7,Steel,1.24
SEC_042,2024-02-23,2,Steel,1.21
SEC_006,2024-12-04,15,Steel,1.18
SEC_030,2024-09-26,15,Foodgrain,1.08
SEC_019,2024-02-17,7,Cement,1.18
SEC_040,2024-03-19,6,Cement,1.0
SEC_025,2024-07-18,6,Coal,0.71
SEC_049,2024-01-03,11,Coal,1.21
SEC_022,2024-05-26,8,Steel,1.1
SEC_034,2024-04-29,7,Foodgrain,1.47
SEC_006,2024-02-19,10,Steel,1.1
SEC_046,2024-04-19,4,Other,1.04
SEC_008,2024-04-17,15,Foodgrain,1.39
SEC_019,2024-01-25,8,Other,1.17
SEC_042,2024-08-19,9,Other,0.73
SEC_048,2024-04-09,6,Coal,1.02
SEC_024,2024-01-12,15,Other,1.13
SEC_024,2024-01-09,5,Coal,1.23
SEC_003,2024-12-19,10,Coal,1.13
SEC_048,2024-02-13,11,Foodgrain,1.25
SEC_001,2024-11-28,5,Foodgrain,1.24
SEC_002,2024-03-01,12,Cement,0.98
SEC_024,2024-01-31,15,Coal,1.08
SEC_001,2024-07-18,6,Coal,0.72
SEC_009,2024-11-13,6,Cement,1.3
SEC_031,2024-01-27,11,Foodgrain,1.1
SEC_035,2024-04-30,6,Steel,1.03
SEC_015,2024-10-02,12,Coal,1.31
SEC_039,2024-01-25,11,Steel,1.17
SEC_030,2024-03-03,5,Steel,1.05
SEC_012,2024-04-22,19,Foodgrain,1.44
SEC_035,2024-10-22,4,Other,1.33
SEC_030,2024-10-23,10,Foodgrain,1.39
SEC_040,2024-09-16,9,Foodgrain,1.07
SEC_008,2024-08-31,7,Other,0.79
SEC_012,2024-01-10,6,Coal,1.05
SEC_015,2024-03-28,14,Coal,0.97
SEC_017,2024-12-03,7,Other,1.15
SEC_044,2024-09-20,6,Other,1.0
SEC_036,2024-03-29,15,Foodgrain,1.38
SEC_027,2024-09-16,9,Steel,0.95
SEC_027,2024-09-22,2,Coal,0.97
SEC_044,2024-09-28,10,Coal,1.06
SEC_022,2024-12-24,5,Other,1.19
SEC_012,2024-07-16,10,Cement,0.71
SEC_007,2024-01-22,13,Other,1.15
SEC_017,2024-10-26,8,Foodgrain,1.2
SEC_033,2024-01-06,14,Cement,1.23
SEC_024,2024-08-22,2,Other,0.8
SEC_021,2024-10-18,8,Steel,1.2
SEC_024,2024-02-15,8,Foodgrain,1.21
SEC_048,2024-10-18,15,Steel,1.33
SEC_049,2024-10-23,13,Foodgrain,1.2
SEC_008,2024-08-27,4,Steel,0.7
SEC_006,2024-04-28,11,Steel,0.97
SEC_012,2024-03-14,8,Steel,1.01
SEC_042,2024-09-15,12,Other,1.01
SEC_023,2024-02-27,5,Steel,1.14
SEC_043,2024-09-04,15,Cement,1.09
SEC_032,2024-03-03,15,Foodgrain,1.32
SEC_028,2024-05-02,13,Cement,1.02
SEC_014,2024-07-04,5,Coal,0.86
SEC_017,2024-02-29,7,Cement,1.24
SEC_008,2024-10-17,9,Cement,1.35
SEC_026,2024-09-11,7,Coal,1.0
SEC_014,2024-01-06,10,Steel,1.09
SEC_015,2024-11-06,6,Other,1.26
SEC_002,2024-09-19,11,Steel,1.0
SEC_040,2024-11-02,13,Foodgrain,1.31
SEC_047,2024-08-08,5,Other,0.74
SEC_025,2024-08-17,4,Other,0.71
SEC_027,2024-05-20,8,Steel,1.01
SEC_046,2024-03-24,8,Cement,0.97
SEC_026,2024-03-27,12,Other,0.96
SEC_031,2024-04-25,7,Foodgrain,1.4
SEC_021,2024-04-16,10,Other,1.1
SEC_026,2024-10-03,16,Cement,1.25
SEC_026,2024-07-10,8,Cement,0.81
SEC_035,2024-05-30,9,Cement,1.0
SEC_030,2024-09-22,3,Coal,1.08
SEC_025,2024-09-25,5,Coal,1.01
SEC_004,2024-12-08,10,Other,1.23
SEC_045,2024-04-23,6,Cement,1.03
SEC_044,2024-03-30,3,Other,1.08
SEC_010,2024-01-03,7,Foodgrain,1.24
SEC_015,2024-02-28,8,Steel,1.09
SEC_048,2024-08-08,7,Other,0.71
SEC_016,2024-10-23,8,Other,1.28
SEC_040,2024-08-07,3,Other,0.83
SEC_039,2024-12-28,9,Other,1.17
SEC_043,2024-08-17,6,Coal,0.88
SEC_001,2024-11-19,3,Other,1.37
SEC_024,2024-04-08,12,Coal,1.06
SEC_028,2024-04-28,2,Cement,0.96
SEC_042,2024-10-23,7,Coal,1.2
SEC_011,2024-08-29,10,Coal,0.78
SEC_016,2024-06-27,2,Cement,0.76
SEC_009,2024-12-15,15,Steel,1.16
SEC_038,2024-10-06,5,Other,1.18
SEC_049,2024-04-18,5,Steel,1.06
SEC_007,2024-08-11,4,Cement,0.8
SEC_012,2024-05-24,11,Cement,1.08
SEC_016,2024-06-01,4,Other,0.72
SEC_044,2024-10-21,15,Other,1.35
SEC_022,2024-09-05,11,Foodgrain,1.04
SEC_014,2024-01-05,15,Steel,1.16
SEC_016,2024-07-29,8,Foodgrain,0.77
SEC_030,2024-08-24,6,Cement,0.77
SEC_019,2024-07-05,7,Other,0.73
SEC_007,2024-04-19,2,Coal,1.04
SEC_041,2024-08-25,10,Coal,0.8
SEC_021,2024-12-12,14,Foodgrain,1.07
SEC_013,2024-02-01,12,Foodgrain,1.22
SEC_036,2024-08-08,8,Other,0.74
SEC_037,2024-11-29,11,Steel,1.2
SEC_008,2024-05-26,9,Coal,1.07
SEC_004,2024-05-02,5,Coal,1.04
SEC_003,2024-03-31,6,Other,1.04
SEC_038,2024-03-23,7,Cement,1.09
SEC_031,2024-05-23,7,Other,1.09
SEC_039,2024-10-09,7,Steel,1.24
SEC_031,2024-03-07,15,Coal,1.05
SEC_020,2024-03-25,7,Foodgrain,1.36
SEC_029,2024-12-31,2,Coal,1.05
SEC_036,2024-12-30,4,Coal,1.18
SEC_020,2024-03-24,8,Other,1.0
SEC_045,2024-06-02,3,Steel,0.89
SEC_045,2024-05-27,3,Coal,0.99
SEC_040,2024-04-18,4,Steel,1.03
SEC_049,2024-02-25,16,Steel,1.22
SEC_020,2024-01-23,14,Other,1.11
SEC_006,2024-08-12,6,Cement,0.85
SEC_024,2024-01-16,9,Foodgrain,1.17
SEC_037,2024-08-15,9,Foodgrain,0.79
SEC_039,2024-02-04,5,Cement,1.21
SEC_020,2024-02-26,10,Coal,1.16
SEC_015,2024-01-02,8,Foodgrain,1.19
SEC_022,2024-05-25,13,Steel,1.01
SEC_040,2024-04-29,13,Coal,0.97
SEC_003,2024-05-01,13,Foodgrain,0.95
SEC_017,2024-04-23,9,Cement,0.99
SEC_012,2024-12-09,6,Cement,1.07
SEC_040,2024-06-06,2,Coal,0.85
SEC_024,2024-10-23,11,Steel,1.39
SEC_005,2024-03-26,11,Steel,1.07
SEC_013,2024-06-25,10,Coal,0.87
SEC_003,2024-01-23,13,Foodgrain,1.12
SEC_024,2024-04-04,17,Foodgrain,1.3
SEC_049,2024-01-27,12,Cement,1.24
SEC_028,2024-01-08,12,Cement,1.23
SEC_043,2024-03-07,2,Other,1.09
SEC_037,2024-02-28,7,Foodgrain,1.05
SEC_044,2024-04-25,9,Steel,1.08
SEC_016,2024-09-29,9,Foodgrain,1.01
SEC_047,2024-02-24,11,Cement,1.1
SEC_012,2024-08-11,12,Steel,0.89
SEC_022,2024-05-13,2,Foodgrain,1.04
SEC_034,2024-05-27,5,Other,0.96
SEC_015,2024-12-03,2,Cement,1.1
SEC_013,2024-06-19,8,Cement,0.7
SEC_007,2024-04-05,4,Other,0.97
SEC_001,2024-03-28,15,Coal,1.09
SEC_025,2024-03-02,3,Foodgrain,1.42
SEC_049,2024-10-20,17,Steel,1.32
SEC_011,2024-08-31,9,Steel,0.77
SEC_022,2024-04-07,9,Cement,0.98
SEC_046,2024-06-28,2,Cement,0.73
SEC_038,2024-07-03,4,Foodgrain,0.8
SEC_001,2024-01-18,11,Foodgrain,1.21
SEC_025,2024-11-28,8,Foodgrain,1.35
SEC_008,2024-10-15,14,Other,1.19
SEC_013,2024-07-14,11,Coal,0.85
SEC_013,2024-09-18,2,Foodgrain,1.08
SEC_031,2024-02-09,3,Coal,1.16
SEC_010,2024-12-23,12,Other,1.17
SEC_013,2024-08-22,3,Steel,0.81
SEC_012,2024-12-09,10,Coal,1.23
SEC_018,2024-11-12,7,Other,1.24
SEC_033,2024-08-01,9,Cement,0.77
SEC_020,2024-04-15,12,Other,0.96
SEC_017,2024-09-08,6,Steel,0.97
SEC_026,2024-07-06,11,Steel,0.79
SEC_031,2024-05-29,3,Cement,1.07
SEC_001,2024-09-17,2,Other,1.04
SEC_044,2024-11-21,3,Other,1.31
SEC_045,2024-03-03,2,Steel,1.09
SEC_030,2024-07-21,2,Cement,0.77
SEC_029,2024-10-11,8,Other,1.37
SEC_035,2024-04-29,2,Cement,1.09
SEC_022,2024-05-05,4,Cement,1.1
SEC_018,2024-01-04,8,Coal,1.14
SEC_018,2024-04-28,7,Cement,1.1
SEC_008,2024-08-02,2,Coal,0.76
SEC_042,2024-12-21,3,Foodgrain,1.06
SEC_016,2024-07-11,9,Foodgrain,0.83
SEC_014,2024-04-16,11,Coal,1.08
SEC_048,2024-10-24,5,Foodgrain,1.29
SEC_025,2024-03-09,11,Steel,1.06
SEC_031,2024-03-09,5,Coal,1.08
SEC_013,2024-07-09,7,Cement,0.74
SEC_014,2024-10-25,4,Cement,1.22
SEC_036,2024-03-18,15,Other,1.07
SEC_023,2024-01-06,14,Cement,1.23
SEC_008,2024-09-21,10,Coal,1.04
SEC_041,2024-08-02,11,Coal,0.81
SEC_020,2024-09-08,2,Other,1.09
SEC_033,2024-05-25,13,Coal,1.02
SEC_017,2024-02-13,9,Steel,1.05
SEC_028,2024-05-01,14,Steel,1.02
SEC_039,2024-06-20,8,Coal,0.85
SEC_044,2024-06-07,5,Cement,0.77
SEC_011,2024-11-21,5,Cement,1.24
SEC_033,2024-03-22,6,Other,1.04
SEC_045,2024-04-24,19,Foodgrain,1.46
SEC_032,2024-03-08,13,Foodgrain,1.41
SEC_008,2024-07-27,11,Steel,0.76
SEC_010,2024-10-21,10,Coal,1.19
SEC_010,2024-11-19,17,Other,1.34
SEC_006,2024-03-24,12,Other,0.99
SEC_037,2024-06-06,4,Other,0.81
SEC_048,2024-09-26,6,Coal,1.1
SEC_026,2024-01-17,4,Foodgrain,1.11
SEC_030,2024-09-17,14,Cement,1.06
SEC_038,2024-02-19,9,Other,1.24
SEC_021,2024-01-13,13,Foodgrain,1.17
SEC_024,2024-02-11,6,Coal,1.14
SEC_029,2024-11-18,9,Other,1.15
SEC_015,2024-09-06,15,Coal,1.1
SEC_004,2024-10-15,12,Cement,1.3
SEC_028,2024-09-09,12,Steel,0.98
SEC_041,2024-10-18,8,Coal,1.2
SEC_004,2024-06-30,7,Foodgrain,0.74
SEC_011,2024-10-23,11,Steel,1.21
SEC_013,2024-01-21,9,Foodgrain,1.18
SEC_040,2024-08-01,5,Coal,0.78
SEC_025,2024-10-03,5,Cement,1.33
SEC_027,2024-12-29,11,Steel,1.13
SEC_032,2024-05-11,11,Coal,1.09
SEC_014,2024-03-06,6,Steel,1.06
SEC_035,2024-09-20,14,Coal,1.07
SEC_002,2024-01-27,5,Foodgrain,1.14
SEC_006,2024-10-11,5,Foodgrain,1.16
SEC_040,2024-09-14,6,Cement,0.99
SEC_033,2024-09-09,6,Other,1.07
SEC_009,2024-04-17,4,Coal,0.95
SEC_022,2024-02-14,2,Coal,1.05
SEC_003,2024-08-10,8,Foodgrain,0.73
SEC_033,2024-05-12,6,Coal,1.05
SEC_038,2024-05-23,4,Other,0.98
SEC_014,2024-03-09,14,Other,1.07
SEC_018,2024-05-02,10,Foodgrain,1.05
SEC_012,2024-10-31,3,Other,1.38
SEC_020,2024-11-22,18,Foodgrain,1.36
SEC_014,2024-05-07,10,Foodgrain,0.97
SEC_013,2024-02-21,5,Cement,1.25
SEC_022,2024-01-13,12,Foodgrain,1.17
SEC_043,2024-03-10,9,Cement,1.03
SEC_038,2024-01-04,14,Steel,1.2
SEC_015,2024-09-01,9,Foodgrain,0.97
SEC_047,2024-08-23,8,Other,0.72
SEC_011,2024-10-13,7,Other,1.37
SEC_045,2024-05-01,3,Coal,1.01
SEC_016,2024-10-31,17,Coal,1.29
SEC_027,2024-03-03,12,Foodgrain,1.49
SEC_010,2024-03-25,13,Coal,1.01
SEC_038,2024-12-01,13,Cement,1.16
SEC_016,2024-11-18,13,Foodgrain,1.16
SEC_043,2024-08-07,1,Other,0.73
SEC_005,2024-08-11,10,Coal,0.88
SEC_025,2024-09-13,4,Coal,1.0
SEC_008,2024-10-28,10,Steel,1.37
SEC_044,2024-03-25,14,Coal,0.99
SEC_021,2024-01-26,15,Coal,1.08
SEC_034,2024-03-08,4,Cement,0.99
SEC_044,2024-05-10,2,Cement,0.96
SEC_027,2024-03-27,8,Cement,0.99
SEC_003,2024-07-11,7,Foodgrain,0.74
SEC_011,2024-02-20,14,Steel,1.24
SEC_011,2024-07-30,5,Other,0.8
SEC_045,2024-09-17,7,Other,1.05
SEC_045,2024-02-06,4,Steel,1.19
SEC_024,2024-04-15,7,Other,0.97
SEC_044,2024-07-16,10,Cement,0.8
SEC_013,2024-01-25,2,Steel,1.07
SEC_034,2024-08-31,8,Steel,0.72
SEC_020,2024-10-02,19,Foodgrain,1.39
SEC_012,2024-05-12,7,Coal,1.01
SEC_013,2024-01-04,7,Steel,1.11
SEC_021,2024-07-02,6,Cement,0.86
SEC_017,2024-11-14,9,Foodgrain,1.28
SEC_011,2024-04-17,10,Coal,0.96
SEC_017,2024-11-06,3,Coal,1.36
SEC_007,2024-11-14,10,Cement,1.28
SEC_048,2024-04-12,4,Other,0.99
SEC_019,2024-08-07,2,Cement,0.77
SEC_006,2024-01-16,11,Coal,1.21
SEC_029,2024-07-20,7,Cement,0.75
SEC_044,2024-11-17,16,Steel,1.3
SEC_018,2024-12-11,7,Foodgrain,1.09
SEC_042,2024-03-14,17,Foodgrain,1.45
SEC_030,2024-08-31,3,Other,0.82
SEC_037,2024-01-25,4,Other,1.2
SEC_015,2024-04-12,2,Coal,1.05
SEC_002,2024-11-01,5,Coal,1.15
SEC_017,2024-08-22,9,Other,0.76
SEC_046,2024-05-23,5,Steel,0.97
SEC_039,2024-12-17,3,Coal,1.14
SEC_039,2024-10-04,10,Coal,1.22
SEC_044,2024-01-09,10,Foodgrain,1.22
SEC_019,2024-01-30,5,Other,1.07
SEC_016,2024-08-17,4,Other,0.72
SEC_046,2024-11-16,8,Cement,1.31
SEC_029,2024-02-27,12,Steel,1.22
SEC_015,2024-07-16,7,Cement,0.85
SEC_014,2024-10-25,13,Other,1.19
SEC_043,2024-11-11,8,Foodgrain,1.35
SEC_003,2024-08-22,2,Foodgrain,0.84
SEC_004,2024-12-31,17,Foodgrain,1.21
SEC_037,2024-12-08,4,Other,1.11
SEC_001,2024-11-01,13,Cement,1.21
SEC_009,2024-09-02,12,Coal,1.01
SEC_049,2024-12-26,3,Other,1.12
SEC_021,2024-01-07,10,Foodgrain,1.2
SEC_036,2024-02-02,6,Foodgrain,1.18
SEC_024,2024-07-05,10,Coal,0.89
SEC_005,2024-09-02,11,Cement,0.99
SEC_010,2024-11-26,5,Coal,1.31
SEC_038,2024-09-05,6,Coal,0.97
SEC_005,2024-03-26,11,Cement,1.09
SEC_030,2024-11-28,13,Steel,1.26
SEC_018,2024-01-31,5,Cement,1.25
SEC_019,2024-02-04,16,Steel,1.13
SEC_047,2024-09-20,3,Cement,1.01
SEC_030,2024-12-18,11,Cement,1.07
SEC_031,2024-07-02,2,Cement,0.71
SEC_018,2024-02-19,16,Cement,1.14
SEC_019,2024-01-18,8,Cement,1.2
SEC_034,2024-12-24,13,Steel,1.16
SEC_002,2024-04-12,19,Foodgrain,1.47
SEC_012,2024-08-21,5,Coal,0.73
SEC_030,2024-04-29,2,Steel,1.06
SEC_031,2024-03-19,12,Foodgrain,1.3
SEC_005,2024-09-01,7,Cement,0.96
SEC_039,2024-09-27,11,Other,1.02
SEC_027,2024-06-21,6,Cement,0.87
SEC_012,2024-07-04,2,Coal,0.83
SEC_037,2024-06-27,6,Steel,0.8
SEC_049,2024-08-04,11,Foodgrain,0.81
SEC_021,2024-10-22,5,Foodgrain,1.34
SEC_014,2024-09-17,7,Other,1.02
SEC_015,2024-04-11,10,Coal,0.95
SEC_030,2024-03-31,5,Foodgrain,1.32
SEC_003,2024-09-03,10,Cement,1.06
SEC_024,2024-08-24,7,Foodgrain,0.76
SEC_002,2024-05-14,15,Steel,1.08
SEC_002,2024-11-02,17,Coal,1.28
SEC_022,2024-06-02,8,Cement,0.82
SEC_037,2024-05-02,5,Cement,1.0
SEC_044,2024-07-22,2,Cement,0.86
SEC_005,2024-03-11,6,Other,1.02
SEC_012,2024-09-11,12,Other,1.01
SEC_021,2024-11-24,3,Coal,1.15
SEC_029,2024-12-11,3,Foodgrain,1.08
SEC_049,2024-06-12,3,Steel,0.85
SEC_034,2024-04-08,2,Other,1.07
SEC_027,2024-06-24,6,Coal,0.84
SEC_003,2024-02-07,7,Cement,1.15
SEC_004,2024-09-01,15,Steel,1.09
SEC_008,2024-06-05,2,Coal,0.77
SEC_033,2024-02-14,9,Foodgrain,1.13
SEC_017,2024-07-19,13,Steel,0.9
SEC_012,2024-09-20,8,Cement,1.08
SEC_033,2024-03-24,6,Steel,1.08
SEC_040,2024-05-28,14,Coal,1.02
SEC_022,2024-11-21,14,Coal,1.38
SEC_044,2024-09-16,5,Coal,0.99
SEC_036,2024-10-19,16,Foodgrain,1.25
SEC_036,2024-06-13,5,Steel,0.87
SEC_043,2024-06-29,7,Coal,0.75
SEC_010,2024-06-30,12,Steel,0.85
SEC_038,2024-06-13,2,Other,0.73
SEC_047,2024-02-22,3,Other,1.08
SEC_049,2024-01-15,15,Steel,1.22
SEC_029,2024-10-31,4,Foodgrain,1.29
SEC_037,2024-07-15,4,Coal,0.78
SEC_044,2024-07-13,4,Foodgrain,0.74
SEC_042,2024-08-06,2,Cement,0.87
SEC_044,2024-05-30,13,Coal,0.98
SEC_041,2024-11-22,4,Other,1.18
SEC_019,2024-06-21,8,Other,0.89
SEC_036,2024-07-02,5,Other,0.83
SEC_021,2024-07-13,8,Steel,0.71
SEC_040,2024-02-27,10,Other,1.2
SEC_040,2024-03-04,4,Coal,0.96
SEC_046,2024-03-06,5,Other,1.0
SEC_029,2024-04-02,2,Coal,1.08
SEC_024,2024-02-28,12,Steel,1.22
SEC_009,2024-03-23,4,Other,1.01
SEC_032,2024-12-09,10,Foodgrain,1.15
SEC_028,2024-05-12,11,Steel,0.99
SEC_026,2024-10-17,8,Steel,1.21
SEC_034,2024-05-23,13,Steel,0.95
SEC_042,2024-10-28,19,Other,1.39
SEC_008,2024-10-02,10,Foodgrain,1.36
SEC_022,2024-11-03,5,Coal,1.16
SEC_036,2024-04-15,4,Coal,0.98
SEC_041,2024-02-05,14,Foodgrain,1.08
SEC_039,2024-04-22,2,Coal,0.99
SEC_040,2024-09-13,10,Steel,1.02
SEC_042,2024-08-27,7,Cement,0.83
SEC_048,2024-09-14,9,Other,1.04
SEC_030,2024-12-29,4,Coal,1.22
SEC_013,2024-03-23,4,Steel,0.97
SEC_028,2024-06-11,5,Steel,0.78
SEC_035,2024-06-28,6,Other,0.8
SEC_005,2024-02-24,16,Cement,1.16
SEC_038,2024-08-30,6,Other,0.8
SEC_027,2024-01-18,16,Cement,1.24
SEC_046,2024-11-24,3,Coal,1.39
SEC_011,2024-02-02,12,Other,1.17
SEC_045,2024-02-10,2,Cement,1.06
SEC_022,2024-03-04,10,Cement,1.04
SEC_029,2024-11-22,13,Steel,1.28
SEC_033,2024-11-11,14,Cement,1.26
SEC_029,2024-12-03,6,Foodgrain,1.17
SEC_045,2024-10-31,7,Steel,1.37
SEC_009,2024-12-04,8,Steel,1.19
SEC_036,2024-06-21,8,Cement,0.7
SEC_048,2024-01-02,8,Cement,1.2
SEC_011,2024-06-09,10,Steel,0.87
SEC_013,2024-03-21,8,Steel,1.03
SEC_024,2024-03-30,9,Steel,0.97
SEC_036,2024-09-09,5,Cement,1.05
SEC_047,2024-03-02,11,Steel,1.07
SEC_039,2024-04-27,3,Cement,1.09
SEC_039,2024-05-23,2,Steel,1.09
SEC_022,2024-01-23,4,Steel,1.06
SEC_032,2024-09-13,10,Coal,1.0
SEC_011,2024-10-06,18,Coal,1.26
SEC_023,2024-07-23,8,Coal,0.76
SEC_010,2024-01-11,14,Coal,1.08
SEC_002,2024-10-15,17,Other,1.39
SEC_042,2024-06-12,9,Steel,0.78
SEC_040,2024-04-07,4,Foodgrain,1.46
SEC_026,2024-12-12,13,Other,1.17
SEC_001,2024-11-10,15,Foodgrain,1.35
SEC_005,2024-06-10,7,Steel,0.87
SEC_006,2024-06-11,8,Cement,0.86
SEC_036,2024-11-29,18,Cement,1.35
SEC_010,2024-03-10,4,Coal,1.09
SEC_013,2024-05-29,4,Other,0.99
SEC_043,2024-07-27,9,Coal,0.79
SEC_043,2024-05-06,5,Steel,1.08
SEC_038,2024-04-25,8,Other,0.98
SEC_016,2024-02-09,8,Foodgrain,1.15
SEC_029,2024-04-07,7,Foodgrain,1.47
SEC_010,2024-05-11,6,Other,1.1
SEC_043,2024-11-02,13,Foodgrain,1.22
SEC_005,2024-05-03,4,Cement,0.99
SEC_037,2024-02-28,16,Foodgrain,1.23
SEC_026,2024-11-05,3,Coal,1.16
SEC_038,2024-05-08,9,Steel,0.99
SEC_023,2024-12-02,10,Cement,1.12
SEC_008,2024-02-09,14,Steel,1.08
SEC_037,2024-01-09,7,Other,1.19
SEC_031,2024-12-03,15,Other,1.14
SEC_023,2024-02-05,11,Cement,1.24
SEC_019,2024-01-04,16,Coal,1.2
SEC_017,2024-08-23,9,Cement,0.76
SEC_024,2024-04-26,10,Other,1.03
SEC_013,2024-06-26,5,Cement,0.8
SEC_014,2024-05-29,11,Cement,0.97
SEC_014,2024-04-18,8,Cement,1.03
SEC_001,2024-06-25,6,Foodgrain,0.81
SEC_046,2024-04-05,5,Steel,0.98
SEC_012,2024-03-23,10,Foodgrain,1.37
SEC_009,2024-03-23,8,Other,1.0
SEC_008,2024-02-13,13,Coal,1.19
SEC_049,2024-07-11,6,Coal,0.72
SEC_024,2024-07-19,1,Other,0.74
SEC_017,2024-01-07,10,Other,1.16
SEC_020,2024-06-17,5,Foodgrain,0.77
SEC_005,2024-09-27,4,Steel,1.09
SEC_016,2024-01-01,15,Coal,1.14
SEC_013,2024-04-19,4,Cement,1.06
SEC_040,2024-12-17,13,Foodgrain,1.1
SEC_003,2024-06-05,4,Other,0.87
SEC_021,2024-01-07,4,Steel,1.23
SEC_039,2024-07-11,7,Cement,0.83
SEC_041,2024-05-30,6,Other,1.0
SEC_026,2024-03-18,11,Coal,1.06
SEC_011,2024-01-27,8,Cement,1.19
SEC_017,2024-11-19,2,Cement,1.17
SEC_011,2024-10-24,4,Foodgrain,1.33
SEC_033,2024-09-06,9,Steel,1.09
SEC_015,2024-01-07,3,Coal,1.07
SEC_031,2024-11-14,17,Coal,1.18
SEC_033,2024-06-22,9,Steel,0.71
SEC_047,2024-06-23,10,Foodgrain,0.8
SEC_019,2024-11-17,13,Foodgrain,1.22
SEC_048,2024-06-07,7,Other,0.78
SEC_020,2024-03-27,3,Cement,1.1
SEC_034,2024-03-27,13,Other,1.05
SEC_033,2024-12-05,4,Cement,1.11
SEC_041,2024-07-18,2,Foodgrain,0.86
SEC_023,2024-07-30,9,Other,0.71
SEC_039,2024-08-05,2,Cement,0.82
SEC_018,2024-03-21,15,Other,1.06
SEC_025,2024-06-02,6,Steel,0.82
SEC_025,2024-12-14,6,Cement,1.24
SEC_035,2024-02-23,5,Steel,1.06
SEC_031,2024-12-14,5,Steel,1.09
SEC_004,2024-04-09,7,Cement,1.07
SEC_040,2024-04-18,7,Foodgrain,1.38
SEC_038,2024-01-06,10,Cement,1.16
SEC_006,2024-08-30,2,Cement,0.8
SEC_048,2024-04-26,4,Cement,0.96
SEC_033,2024-06-17,8,Coal,0.74
SEC_005,2024-07-31,4,Coal,0.74
SEC_025,2024-08-20,6,Steel,0.74
SEC_041,2024-12-15,10,Steel,1.14
SEC_014,2024-07-22,2,Other,0.75
SEC_046,2024-03-06,5,Coal,0.97
SEC_021,2024-09-14,8,Foodgrain,1.05
SEC_012,2024-01-21,9,Cement,1.18
SEC_018,2024-11-04,2,Steel,1.24
SEC_026,2024-04-18,3,Steel,1.07
SEC_034,2024-09-21,5,Steel,0.96
SEC_046,2024-02-27,7,Foodgrain,1.17
SEC_010,2024-05-28,6,Cement,1.05
SEC_048,2024-09-11,9,Foodgrain,1.07
SEC_026,2024-08-15,2,Other,0.8
SEC_007,2024-01-03,13,Coal,1.1
SEC_046,2024-01-13,14,Steel,1.14
SEC_018,2024-12-24,2,Steel,1.17
SEC_031,2024-07-12,9,Steel,0.78
SEC_035,2024-11-09,13,Cement,1.34
SEC_001,2024-01-27,14,Coal,1.14
SEC_011,2024-06-28,8,Steel,0.85
SEC_034,2024-07-29,5,Coal,0.87
SEC_016,2024-12-03,3,Foodgrain,1.16
SEC_001,2024-09-17,2,Other,1.09
SEC_002,2024-08-17,4,Other,0.83
SEC_041,2024-04-17,7,Coal,0.99
SEC_008,2024-12-29,14,Coal,1.2
SEC_005,2024-04-29,12,Foodgrain,1.49
SEC_028,2024-04-11,11,Steel,1.02
SEC_006,2024-09-21,3,Steel,1.03
SEC_033,2024-12-30,14,Cement,1.2
SEC_027,2024-11-09,6,Steel,1.18
SEC_032,2024-03-06,7,Foodgrain,1.44
SEC_025,2024-10-25,11,Coal,1.18
SEC_039,2024-05-09,11,Other,1.08
SEC_032,2024-03-22,10,Coal,1.01
SEC_021,2024-12-08,5,Coal,1.22
SEC_001,2024-12-13,12,Foodgrain,1.15
SEC_014,2024-05-15,12,Other,0.96
SEC_007,2024-01-10,2,Cement,1.09
SEC_001,2024-03-17,3,Foodgrain,1.39
SEC_014,2024-07-17,11,Steel,0.88
SEC_011,2024-01-22,10,Steel,1.05
SEC_004,2024-03-24,11,Cement,0.95
SEC_016,2024-02-24,12,Foodgrain,1.07
SEC_025,2024-12-14,9,Cement,1.09
SEC_009,2024-05-10,11,Foodgrain,0.99
SEC_014,2024-05-19,7,Steel,1.02
SEC_001,2024-06-03,5,Coal,0.77
SEC_003,2024-01-05,3,Steel,1.1
SEC_008,2024-07-17,5,Steel,0.74
SEC_023,2024-11-29,19,Foodgrain,1.39
SEC_033,2024-10-24,8,Steel,1.33
SEC_039,2024-04-01,11,Cement,0.99
SEC_031,2024-01-05,6,Foodgrain,1.15
SEC_031,2024-10-10,8,Steel,1.33
SEC_046,2024-11-03,2,Coal,1.19
SEC_013,2024-12-03,2,Coal,1.2
SEC_040,2024-07-30,5,Coal,0.87
SEC_046,2024-06-22,8,Steel,0.73
SEC_028,2024-10-03,16,Steel,1.31
SEC_042,2024-09-09,13,Coal,0.98
SEC_007,2024-10-04,3,Cement,1.37
SEC_044,2024-04-14,15,Foodgrain,1.36
SEC_028,2024-11-26,6,Other,1.2
SEC_011,2024-01-14,3,Other,1.12
SEC_004,2024-02-04,9,Coal,1.15
SEC_036,2024-08-27,6,Cement,0.87
SEC_022,2024-07-28,3,Other,0.85
SEC_016,2024-07-21,12,Other,0.88
SEC_020,2024-11-28,3,Cement,1.34
SEC_049,2024-11-14,17,Coal,1.22
SEC_021,2024-09-20,7,Other,0.96
SEC_004,2024-03-01,12,Other,0.99
SEC_014,2024-02-05,3,Foodgrain,1.1
SEC_008,2024-02-21,3,Other,1.06
SEC_034,2024-08-12,12,Foodgrain,0.88
SEC_040,2024-09-17,10,Foodgrain,1.05
SEC_042,2024-10-19,8,Cement,1.39
SEC_032,2024-02-07,10,Cement,1.24
SEC_038,2024-04-10,17,Foodgrain,1.44
SEC_021,2024-05-03,2,Cement,1.0
SEC_031,2024-08-19,10,Other,0.8
SEC_006,2024-01-18,2,Cement,1.18
SEC_027,2024-11-03,5,Other,1.16
SEC_028,2024-01-30,15,Foodgrain,1.25
SEC_002,2024-07-10,8,Foodgrain,0.84
SEC_027,2024-12-07,14,Cement,1.06
SEC_036,2024-03-12,10,Foodgrain,1.36
SEC_019,2024-09-08,11,Coal,1.08
SEC_027,2024-07-20,6,Foodgrain,0.78
SEC_015,2024-10-27,10,Coal,1.19
SEC_014,2024-08-03,5,Cement,0.77
SEC_007,2024-11-06,16,Cement,1.35
SEC_017,2024-05-27,13,Cement,1.01
SEC_040,2024-03-01,12,Other,1.01
SEC_046,2024-09-05,14,Cement,1.01
SEC_032,2024-12-20,17,Steel,1.18
SEC_031,2024-06-07,2,Coal,0.79
SEC_031,2024-10-27,8,Coal,1.21
SEC_024,2024-11-17,6,Other,1.21
SEC_021,2024-08-24,2,Cement,0.79
SEC_031,2024-10-16,7,Steel,1.35
SEC_039,2024-07-25,9,Other,0.79
SEC_021,2024-10-21,3,Steel,1.26
SEC_028,2024-05-03,7,Cement,0.96
SEC_024,2024-07-11,2,Steel,0.73
SEC_014,2024-01-29,8,Cement,1.21
SEC_015,2024-03-12,7,Coal,0.95
SEC_004,2024-07-30,6,Cement,0.8
SEC_022,2024-09-22,4,Foodgrain,1.06
SEC_035,2024-01-11,10,Foodgrain,1.24
SEC_034,2024-01-26,4,Coal,1.11
SEC_049,2024-01-03,4,Steel,1.19
SEC_002,2024-07-08,9,Coal,0.87
SEC_038,2024-05-02,8,Cement,1.05
SEC_039,2024-01-20,5,Coal,1.22
SEC_022,2024-10-17,2,Other,1.19
SEC_014,2024-07-12,3,Coal,0.89
SEC_018,2024-01-04,9,Foodgrain,1.17
SEC_034,2024-09-08,6,Other,0.99
SEC_043,2024-11-29,11,Foodgrain,1.17
SEC_032,2024-06-02,8,Foodgrain,0.87
SEC_026,2024-12-13,10,Other,1.19
SEC_032,2024-06-01,9,Coal,0.82
SEC_004,2024-01-29,4,Foodgrain,1.05
SEC_030,2024-02-14,7,Foodgrain,1.06
SEC_003,2024-01-25,12,Cement,1.07
SEC_047,2024-04-20,4,Cement,1.08
SEC_044,2024-05-20,4,Foodgrain,0.98
SEC_025,2024-06-11,6,Foodgrain,0.88
SEC_019,2024-06-24,5,Steel,0.84
SEC_036,2024-11-12,4,Steel,1.27
SEC_032,2024-01-05,17,Other,1.2
SEC_035,2024-11-24,8,Cement,1.2
SEC_026,2024-03-28,2,Cement,1.05
SEC_012,2024-12-15,8,Coal,1.15
SEC_004,2024-02-19,13,Steel,1.07
SEC_014,2024-02-06,16,Steel,1.23
SEC_026,2024-02-14,12,Other,1.11
SEC_021,2024-04-18,5,Other,0.98
SEC_025,2024-12-10,4,Steel,1.17
SEC_014,2024-06-18,3,Foodgrain,0.82
SEC_046,2024-03-01,11,Cement,1.09
SEC_018,2024-08-22,3,Coal,0.75
SEC_042,2024-07-04,5,Foodgrain,0.72
SEC_020,2024-09-14,6,Steel,1.08
SEC_022,2024-09-28,10,Foodgrain,0.95
SEC_030,2024-10-14,12,Cement,1.25
SEC_013,2024-02-25,4,Cement,1.11
SEC_011,2024-06-30,3,Coal,0.87
SEC_019,2024-08-18,10,Steel,0.86
SEC_040,2024-07-22,2,Steel,0.82
SEC_008,2024-12-21,12,Cement,1.13
SEC_022,2024-12-17,2,Steel,1.11
SEC_033,2024-10-24,13,Foodgrain,1.2
SEC_035,2024-03-28,11,Steel,1.02
SEC_022,2024-07-12,6,Steel,0.86
SEC_004,2024-10-21,18,Foodgrain,1.25
SEC_001,2024-04-08,7,Steel,1.03
SEC_024,2024-09-17,14,Coal,0.97
SEC_040,2024-04-01,5,Coal,0.96
SEC_002,2024-02-21,9,Foodgrain,1.15
SEC_044,2024-03-28,3,Coal,1.09
SEC_034,2024-12-05,8,Coal,1.14
SEC_001,2024-12-30,9,Other,1.15
SEC_017,2024-11-09,10,Other,1.37
SEC_011,2024-04-09,10,Foodgrain,1.42
SEC_047,2024-10-12,14,Cement,1.19
SEC_028,2024-03-20,14,Coal,1.08
SEC_016,2024-02-16,17,Coal,1.24
SEC_014,2024-04-04,15,Coal,1.1
SEC_028,2024-02-21,13,Coal,1.18
SEC_001,2024-08-22,4,Coal,0.71
SEC_013,2024-09-07,5,Cement,1.07
SEC_009,2024-01-14,3,Cement,1.12
SEC_031,2024-02-09,12,Cement,1.17
SEC_033,2024-06-24,4,Steel,0.82
SEC_023,2024-02-11,7,Steel,1.23
SEC_007,2024-10-30,10,Steel,1.21
SEC_019,2024-05-26,11,Coal,0.95
SEC_042,2024-05-31,14,Foodgrain,1.08
SEC_010,2024-01-02,14,Foodgrain,1.25
SEC_009,2024-09-13,11,Steel,0.97
SEC_006,2024-09-21,12,Steel,1.0
SEC_041,2024-10-03,2,Foodgrain,1.21
SEC_006,2024-07-16,3,Coal,0.84
SEC_029,2024-04-08,6,Foodgrain,1.49
SEC_049,2024-01-29,11,Steel,1.1
SEC_032,2024-04-25,9,Cement,1.01
SEC_021,2024-07-17,4,Cement,0.71
SEC_011,2024-02-12,16,Steel,1.2
SEC_001,2024-01-20,4,Steel,1.18
SEC_008,2024-03-20,7,Foodgrain,1.39
SEC_047,2024-01-26,2,Coal,1.11
SEC_008,2024-01-06,2,Coal,1.07
SEC_001,2024-06-26,8,Coal,0.83
SEC_040,2024-09-29,2,Steel,1.08
SEC_021,2024-07-01,4,Foodgrain,0.74
SEC_018,2024-02-03,16,Steel,1.14
SEC_036,2024-05-04,12,Foodgrain,1.03
SEC_026,2024-01-14,6,Cement,1.24
SEC_045,2024-08-15,3,Cement,0.84
SEC_023,2024-03-26,16,Foodgrain,1.43
SEC_035,2024-05-21,5,Foodgrain,0.98
SEC_044,2024-11-26,18,Foodgrain,1.25
SEC_023,2024-08-02,5,Foodgrain,0.77
SEC_014,2024-10-06,3,Cement,1.33
SEC_048,2024-05-08,3,Foodgrain,1.06
SEC_012,2024-12-06,16,Steel,1.15
SEC_002,2024-09-18,4,Other,1.05
SEC_029,2024-07-07,3,Other,0.77
SEC_049,2024-07-31,2,Other,0.82
SEC_005,2024-08-16,3,Other,0.76
SEC_042,2024-02-28,6,Steel,1.15
SEC_041,2024-04-02,9,Other,1.03
SEC_046,2024-09-08,11,Cement,1.02
SEC_021,2024-06-10,4,Other,0.81
SEC_013,2024-10-13,12,Coal,1.38
SEC_026,2024-07-11,6,Coal,0.72
SEC_007,2024-01-25,11,Coal,1.06
SEC_042,2024-08-31,3,Other,0.75
SEC_033,2024-08-11,9,Steel,0.77
SEC_024,2024-05-13,5,Coal,0.95
SEC_026,2024-10-16,10,Cement,1.26
SEC_035,2024-05-08,14,Cement,1.09
SEC_026,2024-02-11,16,Other,1.11
SEC_042,2024-02-14,15,Foodgrain,1.21
SEC_046,2024-11-26,10,Cement,1.29
SEC_047,2024-05-17,6,Cement,0.97
SEC_031,2024-05-31,12,Cement,1.04
SEC_037,2024-04-21,12,Foodgrain,1.49
SEC_016,2024-09-27,12,Coal,1.02
SEC_002,2024-08-09,6,Coal,0.87
SEC_020,2024-11-25,8,Other,1.37
SEC_043,2024-11-23,2,Coal,1.18
SEC_007,2024-12-28,7,Coal,1.22
SEC_027,2024-04-30,5,Other,0.95
SEC_010,2024-08-01,9,Other,0.71
SEC_022,2024-05-06,3,Foodgrain,1.05
SEC_008,2024-09-14,10,Coal,0.96
SEC_037,2024-09-30,9,Foodgrain,1.08
SEC_040,2024-04-02,3,Coal,1.08
SEC_038,2024-11-10,14,Steel,1.4
SEC_035,2024-04-16,15,Foodgrain,1.49
SEC_012,2024-12-25,13,Other,1.18
SEC_026,2024-11-07,19,Coal,1.35
SEC_006,2024-01-07,17,Cement,1.19
SEC_019,2024-05-25,14,Coal,1.02
SEC_025,2024-05-22,7,Foodgrain,1.02
SEC_033,2024-10-28,17,Cement,1.32
SEC_005,2024-09-22,6,Coal,0.97
SEC_040,2024-01-19,7,Cement,1.17
SEC_023,2024-11-03,8,Other,1.15
SEC_044,2024-03-20,8,Steel,0.99
SEC_026,2024-05-15,14,Cement,0.99
SEC_027,2024-03-03,18,Foodgrain,1.36
SEC_034,2024-02-27,9,Other,1.23
SEC_041,2024-07-11,7,Foodgrain,0.89
SEC_008,2024-01-31,11,Other,1.2
SEC_026,2024-01-30,7,Coal,1.06
SEC_002,2024-10-14,10,Steel,1.37
SEC_024,2024-05-05,11,Foodgrain,0.97
SEC_040,2024-08-25,8,Other,0.89
SEC_043,2024-12-26,8,Cement,1.06
SEC_014,2024-01-19,9,Steel,1.11
SEC_019,2024-10-17,16,Other,1.25
SEC_028,2024-02-10,16,Cement,1.21
SEC_020,2024-10-05,8,Foodgrain,1.18
SEC_009,2024-04-21,10,Steel,0.98
SEC_015,2024-02-19,14,Cement,1.09
SEC_020,2024-03-24,9,Other,1.09
SEC_026,2024-05-13,6,Foodgrain,1.1
SEC_046,2024-09-24,3,Other,0.96
SEC_027,2024-09-06,9,Cement,0.96
SEC_019,2024-09-23,5,Coal,0.99
SEC_033,2024-01-08,14,Cement,1.09
SEC_038,2024-12-22,17,Foodgrain,1.23
SEC_022,2024-06-07,8,Foodgrain,0.85
SEC_024,2024-02-10,10,Cement,1.12
SEC_011,2024-12-05,17,Coal,1.22
SEC_043,2024-10-17,19,Other,1.38
SEC_043,2024-01-31,3,Other,1.1
SEC_009,2024-06-08,3,Other,0.87
SEC_017,2024-11-27,12,Cement,1.25
SEC_014,2024-09-06,3,Steel,1.02
SEC_046,2024-03-12,7,Cement,1.03
SEC_004,2024-09-13,14,Steel,1.02
SEC_011,2024-03-10,10,Foodgrain,1.37
SEC_016,2024-05-08,10,Other,1.02
SEC_028,2024-03-12,4,Coal,0.98
SEC_013,2024-09-10,5,Foodgrain,1.05
SEC_027,2024-12-06,15,Foodgrain,1.09
SEC_037,2024-01-17,6,Other,1.23
SEC_041,2024-08-08,9,Foodgrain,0.89
SEC_005,2024-03-31,13,Steel,1.01
SEC_007,2024-10-01,13,Steel,1.29
SEC_005,2024-02-20,5,Steel,1.25
SEC_045,2024-05-14,2,Coal,0.96
SEC_032,2024-03-16,9,Cement,1.08
SEC_027,2024-11-15,3,Cement,1.38
SEC_039,2024-01-31,4,Coal,1.07
SEC_029,2024-07-31,2,Foodgrain,0.77
SEC_012,2024-02-14,13,Cement,1.2
SEC_025,2024-08-07,8,Cement,0.88
SEC_035,2024-10-08,3,Coal,1.31
SEC_002,2024-10-02,12,Coal,1.29
SEC_030,2024-01-13,6,Coal,1.13
SEC_025,2024-10-10,14,Foodgrain,1.39
SEC_004,2024-04-18,6,Other,1.1
SEC_013,2024-09-06,3,Coal,1.02
SEC_022,2024-12-18,5,Cement,1.17
SEC_017,2024-02-13,12,Cement,1.11
SEC_015,2024-05-12,7,Other,1.1
SEC_032,2024-11-13,9,Foodgrain,1.22
SEC_020,2024-02-21,12,Other,1.21
SEC_025,2024-04-05,13,Foodgrain,1.48
SEC_040,2024-07-19,8,Steel,0.72
SEC_005,2024-12-30,2,Other,1.24
SEC_018,2024-04-17,19,Foodgrain,1.39
SEC_004,2024-05-21,4,Steel,1.06
SEC_046,2024-10-18,15,Cement,1.4
SEC_010,2024-02-13,17,Foodgrain,1.24
SEC_041,2024-04-29,6,Cement,0.97
SEC_010,2024-04-25,13,Cement,0.97
SEC_016,2024-05-26,3,Coal,1.0
SEC_030,2024-07-28,3,Foodgrain,0.77
SEC_041,2024-03-22,4,Other,0.99
SEC_009,2024-05-23,14,Cement,1.1
SEC_011,2024-12-01,14,Cement,1.08
SEC_044,2024-10-30,4,Other,1.19
SEC_016,2024-12-15,3,Steel,1.16
SEC_011,2024-09-06,14,Cement,1.06
SEC_037,2024-08-01,4,Coal,0.78
SEC_005,2024-03-19,14,Coal,1.03
SEC_043,2024-02-28,11,Cement,1.21
SEC_043,2024-07-16,7,Steel,0.83
SEC_042,2024-05-28,5,Cement,1.01
SEC_015,2024-10-15,3,Other,1.3
SEC_006,2024-01-04,2,Other,1.11
SEC_021,2024-11-22,12,Coal,1.31
SEC_017,2024-03-03,13,Steel,1.02
SEC_047,2024-05-24,4,Foodgrain,1.07
SEC_031,2024-05-10,2,Coal,0.98
SEC_047,2024-12-04,3,Other,1.11
SEC_037,2024-09-20,3,Other,0.96
SEC_036,2024-01-14,7,Cement,1.2
SEC_006,2024-11-08,15,Steel,1.35
SEC_004,2024-09-04,7,Coal,0.98
SEC_003,2024-01-25,14,Other,1.24
SEC_030,2024-10-13,14,Cement,1.15
SEC_010,2024-01-13,15,Other,1.17
SEC_049,2024-06-04,12,Steel,0.89
SEC_007,2024-02-29,16,Coal,1.13
SEC_047,2024-01-05,11,Other,1.17
SEC_033,2024-07-23,5,Coal,0.85
SEC_006,2024-09-08,14,Foodgrain,1.02
SEC_003,2024-06-24,2,Foodgrain,0.71
SEC_020,2024-05-05,12,Foodgrain,1.09
SEC_017,2024-07-06,10,Foodgrain,0.87
SEC_016,2024-02-25,2,Coal,1.23
SEC_026,2024-01-19,4,Cement,1.08
SEC_007,2024-02-27,17,Steel,1.2
SEC_007,2024-01-20,10,Coal,1.08
SEC_035,2024-10-08,4,Foodgrain,1.22
SEC_049,2024-08-10,2,Steel,0.75
SEC_014,2024-03-09,2,Cement,1.08
SEC_046,2024-07-27,3,Steel,0.73
SEC_017,2024-06-26,10,Foodgrain,0.75
SEC_017,2024-02-10,6,Foodgrain,1.16
SEC_005,2024-12-21,12,Other,1.11
SEC_021,2024-12-09,15,Coal,1.14
SEC_025,2024-10-04,14,Coal,1.17
SEC_033,2024-10-22,14,Other,1.24
SEC_008,2024-07-19,9,Steel,0.77
SEC_010,2024-10-21,8,Cement,1.16
SEC_022,2024-07-12,3,Foodgrain,0.84
SEC_004,2024-03-01,4,Cement,1.1
SEC_008,2024-03-02,4,Cement,1.03
SEC_031,2024-11-08,11,Steel,1.21
SEC_047,2024-06-12,12,Foodgrain,0.88
SEC_029,2024-09-23,3,Steel,1.01
SEC_008,2024-02-23,2,Steel,1.17
SEC_049,2024-06-12,9,Foodgrain,0.83
SEC_026,2024-01-31,11,Coal,1.11
SEC_036,2024-03-21,12,Coal,0.95
SEC_010,2024-02-09,2,Cement,1.21
SEC_029,2024-03-17,12,Coal,1.03
SEC_004,2024-08-10,4,Other,0.88
SEC_031,2024-01-02,10,Cement,1.23
SEC_010,2024-03-11,12,Other,1.04
SEC_045,2024-09-09,6,Foodgrain,1.04
SEC_003,2024-02-24,9,Cement,1.09
SEC_032,2024-07-22,5,Coal,0.85
SEC_007,2024-11-13,10,Cement,1.29
SEC_034,2024-10-12,4,Steel,1.32
SEC_025,2024-02-14,7,Cement,1.19
SEC_048,2024-02-23,2,Steel,1.1
SEC_032,2024-09-15,14,Cement,1.1
SEC_019,2024-05-06,11,Other,1.04
SEC_005,2024-06-01,5,Coal,0.76
SEC_030,2024-06-23,5,Coal,0.88
SEC_022,2024-07-30,5,Steel,0.86
SEC_003,2024-06-13,4,Foodgrain,0.78
SEC_029,2024-01-09,15,Other,1.14
SEC_011,2024-02-04,5,Foodgrain,1.17
SEC_012,2024-01-01,4,Other,1.25
SEC_001,2024-04-06,11,Cement,1.03
SEC_019,2024-10-26,12,Cement,1.18
SEC_011,2024-12-21,2,Other,1.19
SEC_004,2024-06-23,5,Steel,0.78
SEC_022,2024-01-10,3,Cement,1.14
SEC_011,2024-01-27,10,Cement,1.21
SEC_007,2024-10-25,16,Other,1.24
SEC_023,2024-05-05,13,Steel,0.97
SEC_004,2024-11-18,13,Cement,1.28
SEC_049,2024-07-04,9,Steel,0.89
SEC_024,2024-11-17,5,Other,1.25
SEC_049,2024-02-19,12,Foodgrain,1.21
SEC_044,2024-11-10,12,Other,1.36
SEC_049,2024-07-18,10,Foodgrain,0.77
SEC_027,2024-06-09,9,Coal,0.87
SEC_021,2024-07-12,11,Steel,0.79
SEC_036,2024-04-29,8,Cement,1.05
SEC_004,2024-08-08,4,Cement,0.75
SEC_042,2024-10-08,11,Foodgrain,1.22
SEC_016,2024-10-23,3,Cement,1.29
SEC_001,2024-12-24,4,Foodgrain,1.22
SEC_012,2024-05-31,5,Coal,0.95
SEC_012,2024-10-08,10,Coal,1.22
SEC_001,2024-11-21,15,Steel,1.26
SEC_033,2024-01-07,6,Coal,1.2
SEC_005,2024-06-22,3,Cement,0.83
SEC_042,2024-09-13,5,Other,1.06
SEC_023,2024-06-16,10,Other,0.84
SEC_036,2024-02-06,15,Foodgrain,1.23
SEC_017,2024-08-27,2,Other,0.81
SEC_007,2024-05-28,4,Cement,1.02
SEC_009,2024-08-14,11,Coal,0.81
SEC_032,2024-01-01,17,Foodgrain,1.19
SEC_036,2024-01-05,14,Foodgrain,1.08
SEC_014,2024-08-08,5,Foodgrain,0.77
SEC_018,2024-12-25,6,Other,1.07
SEC_047,2024-08-22,4,Other,0.81
SEC_042,2024-12-11,5,Steel,1.08
SEC_021,2024-11-06,7,Coal,1.16
SEC_012,2024-04-12,2,Cement,1.01
SEC_015,2024-02-07,4,Coal,1.17
SEC_027,2024-07-23,4,Foodgrain,0.88
SEC_028,2024-08-15,7,Other,0.74
SEC_010,2024-10-08,6,Cement,1.23
SEC_004,2024-07-09,7,Other,0.73
SEC_025,2024-12-02,17,Coal,1.19
SEC_040,2024-11-04,11,Cement,1.23
SEC_008,2024-08-02,12,Steel,0.83
SEC_021,2024-07-20,12,Coal,0.85
SEC_008,2024-01-07,7,Steel,1.09
SEC_012,2024-10-12,15,Other,1.26
SEC_030,2024-09-06,8,Foodgrain,1.1
SEC_015,2024-11-24,5,Other,1.19
SEC_013,2024-02-04,4,Coal,1.17
SEC_049,2024-02-23,8,Cement,1.16
SEC_009,2024-09-02,9,Foodgrain,1.01
SEC_010,2024-06-28,8,Steel,0.77
SEC_046,2024-08-02,3,Foodgrain,0.86
SEC_027,2024-06-08,6,Cement,0.79
SEC_003,2024-08-22,10,Coal,0.8
SEC_021,2024-08-29,6,Cement,0.88
SEC_028,2024-03-10,14,Steel,1.03
SEC_013,2024-10-05,16,Other,1.35
SEC_027,2024-06-29,2,Coal,0.72
SEC_032,2024-07-29,8,Steel,0.84
SEC_013,2024-08-14,2,Other,0.84
SEC_040,2024-09-29,12,Steel,0.98
SEC_023,2024-04-19,5,Coal,1.0
SEC_048,2024-01-03,15,Foodgrain,1.23
SEC_005,2024-03-07,12,Cement,1.06
SEC_016,2024-12-19,2,Foodgrain,1.21
SEC_036,2024-03-22,16,Foodgrain,1.33
SEC_044,2024-04-01,13,Coal,1.09
SEC_011,2024-11-10,9,Steel,1.29
SEC_049,2024-03-27,5,Coal,1.07
SEC_010,2024-06-19,10,Other,0.8
SEC_021,2024-05-15,12,Steel,1.03
SEC_016,2024-08-29,5,Cement,0.71
SEC_021,2024-08-05,3,Steel,0.83
SEC_045,2024-07-07,8,Cement,0.79
SEC_036,2024-07-02,9,Coal,0.71
SEC_040,2024-11-01,11,Coal,1.18
SEC_013,2024-07-31,2,Steel,0.79
SEC_047,2024-07-05,9,Steel,0.75
SEC_022,2024-11-20,10,Steel,1.38
SEC_032,2024-02-04,12,Steel,1.1
SEC_035,2024-11-01,17,Cement,1.21
SEC_033,2024-03-13,3,Foodgrain,1.47
SEC_030,2024-05-01,6,Coal,0.96
SEC_024,2024-01-05,12,Other,1.2
SEC_032,2024-07-28,9,Cement,0.75
SEC_045,2024-10-31,7,Foodgrain,1.22
SEC_020,2024-05-19,2,Foodgrain,1.07
SEC_026,2024-08-30,12,Steel,0.89
SEC_009,2024-05-23,11,Steel,0.96
SEC_018,2024-10-04,13,Coal,1.3
SEC_038,2024-12-31,16,Other,1.24
SEC_032,2024-09-18,9,Steel,1.02
SEC_011,2024-05-04,13,Cement,1.02
SEC_027,2024-10-28,17,Coal,1.32
SEC_040,2024-01-14,10,Coal,1.06
SEC_007,2024-12-27,17,Steel,1.19
SEC_004,2024-11-03,8,Coal,1.19
SEC_020,2024-08-27,6,Other,0.75
SEC_033,2024-08-15,8,Coal,0.82
SEC_016,2024-04-02,13,Foodgrain,1.49
SEC_041,2024-06-06,5,Steel,0.71
SEC_042,2024-02-07,8,Steel,1.09
SEC_027,2024-05-03,6,Coal,0.95
SEC_019,2024-08-03,10,Steel,0.85
SEC_003,2024-05-12,4,Coal,1.09
SEC_041,2024-10-09,11,Foodgrain,1.21
SEC_044,2024-11-08,2,Steel,1.24
SEC_022,2024-07-24,7,Coal,0.83
SEC_026,2024-05-04,6,Coal,0.96
SEC_037,2024-04-21,14,Other,1.09
SEC_035,2024-07-19,4,Steel,0.86
SEC_007,2024-09-20,5,Foodgrain,1.0
SEC_033,2024-02-16,2,Foodgrain,1.19
SEC_046,2024-06-12,4,Foodgrain,0.78
SEC_037,2024-06-10,12,Other,0.83
SEC_024,2024-04-14,2,Cement,0.97
SEC_026,2024-03-28,9,Foodgrain,1.31
SEC_013,2024-11-03,6,Steel,1.27
SEC_033,2024-06-07,3,Other,0.87
SEC_012,2024-07-30,3,Coal,0.77
SEC_017,2024-01-15,3,Foodgrain,1.05
SEC_013,2024-04-13,8,Cement,0.95
SEC_017,2024-03-22,10,Other,1.0
SEC_018,2024-04-30,13,Coal,1.09
SEC_005,2024-11-04,4,Steel,1.24
SEC_036,2024-07-28,4,Coal,0.85
SEC_022,2024-11-26,4,Steel,1.32
SEC_047,2024-06-03,5,Other,0.88
SEC_009,2024-10-08,6,Coal,1.26
SEC_033,2024-02-28,17,Cement,1.23
SEC_009,2024-10-25,4,Other,1.39
SEC_027,2024-08-11,2,Coal,0.75
SEC_025,2024-01-15,6,Steel,1.12
SEC_022,2024-09-09,11,Other,0.99
SEC_033,2024-06-24,4,Cement,0.74
SEC_041,2024-01-01,7,Coal,1.11
SEC_016,2024-11-05,11,Other,1.35
SEC_042,2024-07-15,11,Other,0.76
SEC_010,2024-08-10,1,Steel,0.71
SEC_015,2024-07-30,9,Foodgrain,0.8
SEC_016,2024-02-03,10,Steel,1.14
SEC_047,2024-05-01,6,Foodgrain,1.02
SEC_006,2024-09-13,2,Cement,0.97
SEC_020,2024-05-03,10,Cement,1.09
SEC_021,2024-11-21,8,Other,1.38
SEC_040,2024-04-26,11,Coal,1.01
SEC_024,2024-06-17,7,Other,0.88
SEC_048,2024-06-11,8,Other,0.8
SEC_037,2024-01-07,13,Steel,1.11
SEC_035,2024-10-24,15,Coal,1.35
SEC_037,2024-02-19,16,Steel,1.16
SEC_008,2024-06-20,4,Other,0.78
SEC_023,2024-11-28,4,Coal,1.31
SEC_029,2024-12-29,5,Coal,1.14
SEC_011,2024-03-25,2,Coal,0.96
SEC_006,2024-05-17,12,Coal,1.01
SEC_007,2024-07-26,9,Cement,0.79
SEC_039,2024-09-12,13,Coal,1.01
SEC_033,2024-04-01,5,Other,1.02
SEC_014,2024-07-19,4,Steel,0.86
SEC_037,2024-11-01,6,Foodgrain,1.26
SEC_035,2024-10-05,10,Foodgrain,1.27
SEC_041,2024-10-27,13,Other,1.32
SEC_045,2024-11-21,11,Cement,1.26
SEC_044,2024-11-11,7,Coal,1.31
SEC_009,2024-07-06,8,Other,0.84
SEC_038,2024-12-22,10,Coal,1.14
SEC_020,2024-06-29,11,Foodgrain,0.82
SEC_020,2024-09-16,2,Other,1.07
SEC_032,2024-12-11,9,Foodgrain,1.12
SEC_030,2024-01-16,5,Foodgrain,1.15
SEC_021,2024-12-07,10,Steel,1.11
SEC_049,2024-10-27,7,Cement,1.34
SEC_009,2024-12-30,8,Cement,1.18
SEC_005,2024-10-09,4,Other,1.22
SEC_002,2024-02-27,9,Other,1.12
SEC_040,2024-04-20,18,Foodgrain,1.38
SEC_020,2024-01-02,11,Steel,1.08
SEC_022,2024-08-10,10,Foodgrain,0.75
SEC_032,2024-06-09,4,Steel,0.75
SEC_022,2024-06-22,5,Steel,0.73
SEC_029,2024-09-25,12,Steel,0.97
SEC_003,2024-10-27,5,Foodgrain,1.31
SEC_008,2024-01-27,8,Steel,1.08
SEC_046,2024-12-01,7,Steel,1.11
SEC_023,2024-05-16,3,Foodgrain,0.96
SEC_009,2024-10-02,17,Coal,1.24
SEC_019,2024-07-31,9,Coal,0.78
SEC_017,2024-06-11,2,Cement,0.81
SEC_014,2024-03-18,3,Other,1.08
SEC_015,2024-03-10,10,Steel,1.0
SEC_036,2024-09-24,4,Coal,1.0
SEC_006,2024-04-27,19,Foodgrain,1.49
SEC_016,2024-03-25,10,Coal,0.97
SEC_023,2024-01-03,5,Other,1.08
SEC_027,2024-11-03,15,Coal,1.36
SEC_044,2024-05-24,2,Foodgrain,0.96
SEC_046,2024-05-07,5,Steel,0.96
SEC_015,2024-05-16,14,Foodgrain,0.97
SEC_027,2024-08-07,2,Cement,0.79
SEC_002,2024-06-25,8,Steel,0.7
SEC_031,2024-07-18,9,Other,0.78
SEC_008,2024-04-11,13,Other,1.01
SEC_004,2024-04-18,19,Foodgrain,1.37
SEC_033,2024-11-11,10,Steel,1.16
SEC_009,2024-06-09,6,Steel,0.79
SEC_024,2024-12-22,5,Other,1.14
SEC_005,2024-11-05,10,Cement,1.23
SEC_037,2024-09-17,8,Foodgrain,1.03
SEC_038,2024-07-19,10,Cement,0.77
SEC_029,2024-11-02,13,Steel,1.28
SEC_041,2024-01-21,15,Cement,1.13
SEC_022,2024-07-01,8,Other,0.73
SEC_010,2024-09-17,7,Foodgrain,1.03
SEC_008,2024-02-09,6,Cement,1.22
SEC_011,2024-03-07,19,Foodgrain,1.45
SEC_010,2024-01-24,6,Coal,1.13
SEC_016,2024-06-26,4,Coal,0.79
SEC_011,2024-07-17,4,Steel,0.76
SEC_029,2024-06-20,10,Steel,0.72
SEC_008,2024-01-21,8,Coal,1.15
SEC_031,2024-06-27,5,Other,0.85
SEC_017,2024-11-21,14,Cement,1.3
SEC_034,2024-01-12,2,Coal,1.18
SEC_026,2024-10-11,15,Other,1.27
SEC_045,2024-04-09,10,Steel,0.96
SEC_022,2024-01-28,7,Other,1.15
SEC_015,2024-01-19,9,Steel,1.08
SEC_029,2024-01-05,14,Coal,1.17
SEC_033,2024-05-31,12,Coal,0.95
SEC_022,2024-07-01,2,Steel,0.75
SEC_028,2024-08-15,5,Other,0.81
SEC_024,2024-01-30,17,Foodgrain,1.2
SEC_015,2024-08-27,8,Coal,0.79
SEC_016,2024-09-27,5,Steel,1.09
SEC_045,2024-01-24,7,Foodgrain,1.21
SEC_034,2024-09-04,3,Foodgrain,1.07
SEC_005,2024-02-13,3,Other,1.06
SEC_048,2024-06-09,13,Coal,0.9
SEC_035,2024-08-30,5,Coal,0.83
SEC_003,2024-11-14,9,Cement,1.16
SEC_036,2024-07-13,8,Coal,0.77
SEC_029,2024-06-08,10,Cement,0.82
SEC_045,2024-11-01,2,Steel,1.18
SEC_024,2024-03-20,10,Steel,1.07
SEC_026,2024-03-16,10,Coal,1.07
SEC_016,2024-06-19,8,Cement,0.73
SEC_016,2024-02-14,7,Coal,1.22
SEC_031,2024-01-09,7,Coal,1.17
SEC_041,2024-05-12,10,Foodgrain,0.98
SEC_044,2024-02-25,16,Coal,1.16
SEC_038,2024-08-21,8,Coal,0.73
SEC_030,2024-07-19,4,Steel,0.76
SEC_025,2024-06-26,2,Cement,0.89
SEC_017,2024-06-30,9,Cement,0.88
SEC_038,2024-02-06,4,Other,1.22
SEC_016,2024-05-27,8,Other,1.03
SEC_014,2024-01-27,16,Steel,1.15
SEC_043,2024-05-09,10,Steel,0.98
SEC_029,2024-09-05,14,Steel,1.09
SEC_018,2024-12-27,10,Coal,1.16
SEC_043,2024-04-18,7,Coal,1.07
SEC_048,2024-04-06,8,Foodgrain,1.32
SEC_016,2024-09-02,13,Coal,1.08
SEC_026,2024-12-01,14,Coal,1.11
SEC_024,2024-04-17,2,Steel,0.95
SEC_035,2024-11-02,11,Other,1.39
SEC_047,2024-04-25,16,Foodgrain,1.37
SEC_027,2024-08-22,6,Steel,0.88
SEC_040,2024-03-17,14,Coal,1.09
SEC_030,2024-04-05,4,Cement,1.03
SEC_044,2024-12-26,13,Steel,1.06
SEC_020,2024-05-22,10,Other,0.97
SEC_019,2024-01-06,11,Coal,1.07
SEC_021,2024-10-09,7,Cement,1.16
SEC_049,2024-02-16,3,Cement,1.14
SEC_030,2024-02-10,5,Steel,1.15
SEC_008,2024-11-02,18,Steel,1.26
SEC_003,2024-05-07,8,Other,1.03
SEC_026,2024-02-20,15,Cement,1.21
SEC_040,2024-12-23,11,Coal,1.12
SEC_024,2024-04-12,16,Foodgrain,1.48
SEC_028,2024-08-19,2,Cement,0.86
SEC_040,2024-04-06,6,Steel,1.06
SEC_026,2024-07-31,10,Cement,0.85
SEC_045,2024-09-12,5,Cement,1.05
SEC_032,2024-10-04,9,Steel,1.17
SEC_036,2024-05-30,5,Coal,0.95
SEC_039,2024-08-13,6,Coal,0.73
SEC_031,2024-11-03,4,Cement,1.39
SEC_003,2024-11-03,17,Cement,1.19
SEC_021,2024-09-30,2,Steel,1.06
SEC_007,2024-05-26,9,Foodgrain,1.05
SEC_026,2024-07-13,9,Foodgrain,0.88
SEC_008,2024-12-20,13,Other,1.18
SEC_025,2024-04-01,14,Foodgrain,1.39
SEC_017,2024-09-10,12,Foodgrain,1.03
SEC_001,2024-10-17,14,Foodgrain,1.24
SEC_007,2024-06-24,4,Coal,0.71
SEC_025,2024-11-12,9,Cement,1.24
SEC_004,2024-06-05,3,Other,0.74
SEC_042,2024-11-02,15,Coal,1.35
SEC_038,2024-08-23,9,Coal,0.73
SEC_035,2024-01-19,9,Foodgrain,1.12
SEC_009,2024-10-28,14,Cement,1.29
SEC_039,2024-09-12,3,Coal,1.09
SEC_032,2024-03-22,10,Cement,0.96
SEC_020,2024-09-14,12,Steel,0.98
SEC_001,2024-07-06,11,Coal,0.85
SEC_026,2024-12-11,6,Coal,1.21
SEC_039,2024-04-21,16,Foodgrain,1.48
SEC_002,2024-04-06,21,Foodgrain,1.47
SEC_003,2024-01-22,3,Foodgrain,1.14
SEC_019,2024-10-14,10,Cement,1.39
SEC_026,2024-12-26,7,Other,1.23
SEC_024,2024-09-09,8,Other,1.01
SEC_021,2024-05-15,9,Cement,0.96
SEC_013,2024-11-17,8,Foodgrain,1.27
SEC_003,2024-04-02,14,Steel,1.07
SEC_002,2024-09-10,6,Cement,1.0
SEC_005,2024-08-06,2,Cement,0.71
SEC_034,2024-11-07,3,Other,1.35
SEC_039,2024-12-21,8,Cement,1.08
SEC_022,2024-05-11,13,Coal,0.96
SEC_004,2024-02-04,12,Foodgrain,1.21
SEC_021,2024-02-27,4,Cement,1.18
SEC_049,2024-09-27,3,Other,1.06
SEC_013,2024-05-12,4,Steel,1.03
SEC_025,2024-02-21,6,Other,1.21
SEC_027,2024-10-25,5,Steel,1.28
SEC_017,2024-08-25,8,Steel,0.81
SEC_022,2024-02-18,12,Other,1.12
SEC_024,2024-09-18,10,Coal,1.05
SEC_024,2024-08-21,12,Steel,0.84
SEC_036,2024-12-26,9,Other,1.05
SEC_029,2024-12-27,3,Other,1.13
SEC_003,2024-12-22,12,Coal,1.13
SEC_001,2024-11-23,8,Other,1.26
SEC_021,2024-10-17,3,Foodgrain,1.39
SEC_045,2024-09-02,12,Other,0.97
SEC_002,2024-07-18,8,Foodgrain,0.79
SEC_004,2024-10-17,12,Foodgrain,1.19
SEC_034,2024-12-19,7,Steel,1.06
SEC_023,2024-02-12,17,Foodgrain,1.21
SEC_012,2024-02-19,7,Foodgrain,1.23
SEC_011,2024-07-01,10,Foodgrain,0.84
SEC_033,2024-04-17,15,Steel,1.06
SEC_026,2024-07-13,6,Foodgrain,0.75
SEC_032,2024-04-23,8,Coal,0.96
SEC_014,2024-10-13,11,Other,1.2
SEC_026,2024-11-24,4,Foodgrain,1.36
SEC_043,2024-04-13,9,Steel,1.1
SEC_016,2024-10-09,12,Other,1.25
SEC_020,2024-02-08,8,Foodgrain,1.1
SEC_009,2024-10-18,15,Cement,1.22
SEC_032,2024-09-12,8,Other,0.96
SEC_002,2024-09-17,3,Other,1.08
SEC_013,2024-06-29,3,Steel,0.88
SEC_035,2024-02-09,16,Foodgrain,1.13
SEC_001,2024-11-04,10,Other,1.39
SEC_049,2024-02-10,8,Foodgrain,1.2
SEC_020,2024-06-25,4,Steel,0.76
SEC_020,2024-03-04,12,Foodgrain,1.33
SEC_027,2024-11-05,13,Coal,1.32
SEC_032,2024-07-29,8,Other,0.88
SEC_023,2024-07-04,4,Foodgrain,0.71
SEC_044,2024-04-26,12,Steel,0.98
SEC_048,2024-10-13,20,Foodgrain,1.4
SEC_010,2024-03-17,4,Coal,1.0
SEC_035,2024-09-20,9,Cement,1.08
SEC_015,2024-12-20,8,Foodgrain,1.15
SEC_049,2024-04-07,15,Coal,1.08
SEC_013,2024-09-08,14,Foodgrain,1.06
SEC_015,2024-04-23,10,Coal,0.98
SEC_035,2024-12-06,15,Steel,1.09
SEC_039,2024-11-25,16,Other,1.21
SEC_007,2024-04-24,5,Cement,0.99
SEC_028,2024-03-25,16,Foodgrain,1.31
SEC_017,2024-01-31,4,Foodgrain,1.19
SEC_030,2024-09-12,10,Foodgrain,0.96
SEC_028,2024-12-02,4,Coal,1.09
SEC_049,2024-02-23,6,Steel,1.1
SEC_046,2024-10-25,15,Other,1.19
SEC_033,2024-10-03,18,Other,1.38
SEC_034,2024-06-21,5,Coal,0.74
SEC_045,2024-03-22,9,Other,1.01
SEC_009,2024-08-26,7,Coal,0.78
SEC_036,2024-08-05,10,Foodgrain,0.71
SEC_038,2024-10-24,10,Other,1.39
SEC_007,2024-07-25,5,Steel,0.81
SEC_044,2024-01-18,6,Other,1.24
SEC_035,2024-03-15,11,Other,1.07
SEC_018,2024-05-19,4,Foodgrain,0.96
SEC_024,2024-06-28,7,Other,0.76
SEC_024,2024-05-08,9,Coal,1.01
SEC_046,2024-11-17,6,Foodgrain,1.3
SEC_048,2024-04-12,12,Steel,1.03
SEC_040,2024-09-06,3,Cement,1.06
SEC_032,2024-05-12,10,Steel,0.99
SEC_006,2024-12-29,11,Foodgrain,1.22
SEC_045,2024-12-01,8,Cement,1.13
SEC_007,2024-10-14,14,Steel,1.37
SEC_009,2024-10-06,5,Other,1.31
SEC_004,2024-08-23,10,Cement,0.72
SEC_047,2024-08-02,5,Steel,0.77
SEC_025,2024-07-25,9,Cement,0.8
SEC_012,2024-01-10,4,Steel,1.1
SEC_004,2024-12-09,7,Foodgrain,1.19
SEC_021,2024-12-25,5,Cement,1.21
SEC_036,2024-07-11,9,Other,0.88
SEC_049,2024-11-14,3,Steel,1.28
SEC_028,2024-05-27,12,Foodgrain,0.97
SEC_030,2024-02-11,11,Foodgrain,1.25
SEC_041,2024-11-01,18,Other,1.37
SEC_045,2024-07-05,4,Other,0.88
SEC_014,2024-12-10,13,Steel,1.07
SEC_049,2024-03-19,14,Coal,1.09
SEC_026,2024-06-24,3,Other,0.87
SEC_046,2024-09-01,13,Coal,1.03
SEC_006,2024-02-20,6,Steel,1.11
SEC_005,2024-12-30,11,Coal,1.1
SEC_044,2024-08-10,9,Coal,0.85
SEC_033,2024-03-03,10,Coal,1.01
SEC_009,2024-09-28,7,Cement,0.98
SEC_044,2024-11-17,14,Foodgrain,1.25
SEC_006,2024-05-16,10,Coal,1.04
SEC_034,2024-08-11,9,Cement,0.73
SEC_011,2024-09-30,12,Coal,1.1
SEC_004,2024-02-23,17,Foodgrain,1.21
SEC_040,2024-07-13,2,Cement,0.86
SEC_042,2024-07-23,4,Foodgrain,0.71
SEC_006,2024-04-20,3,Steel,0.99
SEC_005,2024-04-19,14,Other,1.02
SEC_031,2024-08-18,10,Other,0.86
SEC_002,2024-10-02,9,Other,1.24
SEC_037,2024-05-22,8,Coal,0.98
SEC_045,2024-02-23,12,Steel,1.24
SEC_037,2024-10-14,6,Steel,1.2
SEC_012,2024-03-04,13,Coal,1.1
SEC_010,2024-01-02,4,Steel,1.09
SEC_034,2024-04-27,7,Steel,1.1
SEC_004,2024-10-26,2,Foodgrain,1.16
SEC_027,2024-10-03,6,Cement,1.26
SEC_022,2024-04-22,7,Foodgrain,1.47
SEC_037,2024-07-09,3,Cement,0.85
SEC_010,2024-12-17,9,Steel,1.05
SEC_038,2024-09-20,11,Foodgrain,0.99
SEC_035,2024-10-04,16,Steel,1.21
SEC_012,2024-02-02,5,Coal,1.06
SEC_018,2024-03-29,5,Coal,1.06
SEC_004,2024-02-08,6,Coal,1.22
SEC_023,2024-12-24,6,Cement,1.1
SEC_013,2024-05-05,11,Coal,1.08
SEC_006,2024-07-01,3,Foodgrain,0.77
SEC_028,2024-07-20,7,Coal,0.78
SEC_028,2024-07-10,5,Steel,0.72
SEC_005,2024-01-20,2,Steel,1.22
SEC_010,2024-11-28,5,Steel,1.24
SEC_005,2024-05-19,4,Foodgrain,1.05
SEC_034,2024-12-02,14,Other,1.17
SEC_017,2024-10-06,9,Cement,1.24
SEC_004,2024-09-12,2,Steel,1.02
SEC_010,2024-09-14,13,Other,1.03
SEC_048,2024-12-24,7,Other,1.18
SEC_013,2024-04-21,12,Cement,1.07
SEC_034,2024-04-30,2,Steel,1.07
SEC_023,2024-09-02,12,Coal,1.04
SEC_009,2024-03-26,6,Other,1.05
SEC_016,2024-10-21,9,Other,1.33
SEC_001,2024-01-11,12,Foodgrain,1.13
SEC_037,2024-11-24,15,Foodgrain,1.29
SEC_017,2024-05-06,8,Foodgrain,1.0
SEC_025,2024-01-02,9,Other,1.08
SEC_008,2024-08-08,9,Steel,0.73
SEC_041,2024-04-10,2,Cement,1.05
SEC_011,2024-04-21,7,Other,1.07
SEC_028,2024-06-25,5,Steel,0.79
SEC_043,2024-07-31,3,Steel,0.73
SEC_035,2024-02-19,14,Coal,1.13
SEC_030,2024-01-18,9,Cement,1.18
SEC_044,2024-06-17,10,Steel,0.87
SEC_009,2024-05-09,6,Coal,1.07
SEC_048,2024-08-01,1,Foodgrain,0.74
SEC_028,2024-09-30,12,Foodgrain,0.96
SEC_021,2024-08-12,6,Coal,0.86
SEC_013,2024-02-08,6,Cement,1.18
SEC_037,2024-12-30,2,Foodgrain,1.16
SEC_048,2024-09-18,10,Foodgrain,1.1
SEC_034,2024-01-18,8,Steel,1.17
SEC_002,2024-10-06,5,Cement,1.25
SEC_023,2024-11-18,11,Cement,1.17
SEC_036,2024-07-27,5,Cement,0.76
SEC_020,2024-10-31,4,Steel,1.31
SEC_038,2024-11-20,16,Foodgrain,1.22
SEC_035,2024-12-18,10,Steel,1.22
SEC_004,2024-12-15,15,Steel,1.18
SEC_028,2024-03-11,2,Other,1.05
SEC_009,2024-01-13,13,Steel,1.12
SEC_024,2024-08-26,9,Steel,0.9
SEC_019,2024-09-05,6,Cement,0.96
SEC_040,2024-07-27,11,Cement,0.85
SEC_043,2024-03-27,6,Steel,0.95
SEC_023,2024-12-13,9,Coal,1.09
SEC_027,2024-05-29,6,Cement,0.98
SEC_031,2024-09-28,10,Other,0.97
SEC_033,2024-08-16,3,Coal,0.83
SEC_032,2024-11-23,7,Steel,1.18
SEC_039,2024-09-17,13,Other,1.08
SEC_049,2024-08-20,10,Cement,0.84
SEC_041,2024-11-03,6,Cement,1.29
SEC_007,2024-01-20,10,Steel,1.06
SEC_024,2024-09-15,13,Foodgrain,0.95
SEC_023,2024-08-02,4,Coal,0.74
SEC_025,2024-10-11,4,Other,1.4
SEC_026,2024-03-23,13,Foodgrain,1.31
SEC_036,2024-08-07,1,Cement,0.72
SEC_021,2024-04-13,6,Other,1.08
SEC_013,2024-02-12,9,Coal,1.24
SEC_023,2024-07-29,4,Other,0.89
SEC_042,2024-01-08,12,Steel,1.08
SEC_016,2024-02-04,10,Steel,1.24
SEC_002,2024-07-12,6,Foodgrain,0.79
SEC_048,2024-11-24,5,Steel,1.31
SEC_010,2024-09-18,12,Steel,1.09
SEC_030,2024-01-06,10,Cement,1.24
SEC_040,2024-02-09,8,Steel,1.08
SEC_014,2024-06-06,2,Cement,0.88
SEC_017,2024-06-06,2,Steel,0.81
SEC_014,2024-01-15,8,Steel,1.08
SEC_008,2024-04-03,6,Coal,1.03
SEC_008,2024-02-16,11,Other,1.19
SEC_010,2024-07-26,12,Coal,0.88
SEC_023,2024-08-28,5,Foodgrain,0.8
SEC_027,2024-05-22,6,Steel,1.03
SEC_001,2024-07-28,7,Other,0.77
SEC_042,2024-03-14,8,Coal,1.09
SEC_034,2024-11-07,8,Foodgrain,1.28
SEC_004,2024-01-02,2,Foodgrain,1.19
SEC_042,2024-07-03,5,Other,0.76
SEC_002,2024-04-27,4,Coal,1.06
SEC_028,2024-06-14,1,Other,0.73
SEC_023,2024-07-07,8,Coal,0.86
SEC_025,2024-08-24,5,Steel,0.76
SEC_047,2024-12-06,9,Other,1.17
SEC_046,2024-07-24,7,Steel,0.83
SEC_014,2024-03-24,21,Foodgrain,1.48
SEC_029,2024-07-10,3,Steel,0.74
SEC_047,2024-07-06,7,Other,0.73
SEC_036,2024-11-12,9,Coal,1.17
SEC_044,2024-07-26,5,Other,0.76
SEC_022,2024-11-13,3,Steel,1.29
SEC_014,2024-08-25,8,Foodgrain,0.78
SEC_026,2024-07-28,9,Steel,0.87
SEC_041,2024-04-30,13,Cement,1.06
SEC_046,2024-04-03,13,Cement,1.0
SEC_034,2024-02-06,5,Coal,1.07
SEC_035,2024-07-19,8,Steel,0.75
SEC_026,2024-12-03,16,Cement,1.13
SEC_016,2024-01-05,10,Foodgrain,1.13
SEC_021,2024-12-14,9,Foodgrain,1.18
SEC_025,2024-11-10,7,Steel,1.38
SEC_040,2024-06-09,3,Cement,0.86
SEC_028,2024-04-24,8,Other,1.02
SEC_039,2024-07-31,4,Coal,0.81
SEC_002,2024-11-09,3,Cement,1.29
SEC_038,2024-01-11,3,Other,1.07
SEC_025,2024-06-13,7,Steel,0.83
SEC_049,2024-01-18,13,Foodgrain,1.17
SEC_024,2024-08-23,2,Foodgrain,0.77
SEC_024,2024-01-29,11,Cement,1.23
SEC_007,2024-04-25,2,Cement,1.09
SEC_040,2024-09-27,5,Other,0.96
SEC_035,2024-10-02,3,Foodgrain,1.31
SEC_043,2024-03-24,4,Other,1.07
SEC_005,2024-07-06,5,Foodgrain,0.76
SEC_011,2024-03-08,3,Steel,1.07
SEC_043,2024-08-04,4,Cement,0.74
SEC_003,2024-01-04,2,Foodgrain,1.21
SEC_025,2024-10-24,9,Cement,1.17
SEC_020,2024-01-09,8,Cement,1.13
SEC_047,2024-08-10,9,Coal,0.73
SEC_042,2024-05-28,2,Foodgrain,0.96
SEC_044,2024-03-22,9,Coal,1.01
SEC_015,2024-07-17,12,Foodgrain,0.84
SEC_029,2024-02-21,11,Cement,1.19
SEC_035,2024-07-30,8,Cement,0.85
SEC_048,2024-08-23,3,Coal,0.81
SEC_001,2024-06-16,11,Other,0.82
SEC_048,2024-05-12,7,Cement,1.04
SEC_018,2024-06-17,2,Steel,0.85
SEC_007,2024-12-16,10,Foodgrain,1.12
SEC_031,2024-10-02,16,Coal,1.36
SEC_039,2024-01-03,4,Steel,1.05
SEC_007,2024-04-15,8,Cement,1.09
SEC_002,2024-01-10,14,Other,1.08
SEC_044,2024-03-28,15,Foodgrain,1.36
SEC_046,2024-10-11,18,Steel,1.28
SEC_008,2024-11-08,17,Other,1.31
SEC_045,2024-06-16,9,Foodgrain,0.79
SEC_045,2024-09-09,11,Cement,0.98
SEC_049,2024-05-15,3,Cement,0.95
SEC_011,2024-06-23,9,Steel,0.87
SEC_029,2024-10-30,7,Coal,1.32
SEC_049,2024-04-10,8,Cement,0.97
SEC_045,2024-04-26,12,Other,0.96
SEC_030,2024-02-19,6,Other,1.24
SEC_010,2024-03-20,8,Other,1.02
SEC_005,2024-01-14,13,Steel,1.05
SEC_013,2024-10-25,4,Other,1.27
SEC_004,2024-11-07,7,Coal,1.39
SEC_010,2024-06-03,3,Steel,0.74
SEC_004,2024-08-05,1,Cement,0.73
SEC_038,2024-04-01,9,Steel,0.96
SEC_029,2024-01-17,8,Coal,1.25
SEC_026,2024-07-07,8,Coal,0.89
SEC_040,2024-02-28,11,Other,1.22
SEC_021,2024-11-06,8,Foodgrain,1.25
SEC_020,2024-04-12,13,Coal,0.98
SEC_011,2024-09-26,11,Cement,1.01
SEC_022,2024-04-06,3,Steel,1.09
SEC_009,2024-02-16,16,Steel,1.12
SEC_029,2024-07-19,4,Other,0.74
SEC_049,2024-03-08,4,Foodgrain,1.39
SEC_027,2024-05-26,8,Coal,1.05
SEC_015,2024-04-17,6,Other,1.07
SEC_034,2024-11-18,14,Coal,1.27
SEC_041,2024-07-03,5,Cement,0.81
SEC_024,2024-09-20,14,Coal,1.02
SEC_013,2024-08-03,11,Steel,0.76
SEC_035,2024-11-29,13,Other,1.32
SEC_010,2024-06-09,5,Coal,0.89
SEC_049,2024-11-11,8,Other,1.28
SEC_016,2024-11-24,16,Steel,1.31
SEC_018,2024-12-03,12,Steel,1.06
SEC_036,2024-09-11,12,Other,1.09
SEC_001,2024-12-24,4,Cement,1.1
SEC_010,2024-09-29,8,Steel,1.05
SEC_007,2024-04-24,4,Cement,0.97
SEC_020,2024-02-27,15,Foodgrain,1.24
SEC_028,2024-03-17,11,Coal,1.09
SEC_009,2024-07-28,10,Steel,0.71
SEC_017,2024-03-01,2,Steel,0.99
SEC_038,2024-03-27,18,Foodgrain,1.31
SEC_047,2024-08-17,6,Other,0.89
SEC_001,2024-05-01,5,Foodgrain,1.0
SEC_031,2024-09-06,12,Coal,1.05
SEC_002,2024-12-31,2,Cement,1.06
SEC_026,2024-02-02,6,Foodgrain,1.18
SEC_044,2024-08-22,4,Steel,0.72
SEC_040,2024-10-27,9,Steel,1.32
SEC_012,2024-02-21,4,Cement,1.12
SEC_013,2024-10-13,8,Foodgrain,1.33
SEC_039,2024-07-04,4,Foodgrain,0.78
SEC_041,2024-08-18,6,Coal,0.74
SEC_014,2024-01-19,2,Coal,1.21
SEC_001,2024-06-08,8,Steel,0.89
SEC_022,2024-05-14,3,Cement,1.06
SEC_031,2024-02-26,11,Coal,1.17
SEC_022,2024-10-06,15,Coal,1.23
SEC_046,2024-07-04,6,Other,0.83
SEC_040,2024-11-17,4,Steel,1.28
SEC_039,2024-02-28,16,Coal,1.16
SEC_001,2024-09-24,10,Other,0.95
SEC_042,2024-08-09,2,Foodgrain,0.71
SEC_038,2024-08-26,8,Coal,0.88
SEC_020,2024-04-23,9,Foodgrain,1.47
SEC_029,2024-09-09,12,Coal,1.02
SEC_041,2024-03-31,13,Steel,1.02
SEC_045,2024-10-05,7,Other,1.37
SEC_027,2024-06-10,8,Cement,0.75
SEC_003,2024-06-24,3,Foodgrain,0.82
SEC_031,2024-07-31,4,Steel,0.74
SEC_034,2024-01-31,2,Foodgrain,1.11
SEC_003,2024-05-14,5,Cement,1.02
SEC_041,2024-03-15,4,Cement,1.05
SEC_010,2024-12-18,16,Foodgrain,1.14
SEC_044,2024-06-03,6,Coal,0.85
SEC_027,2024-01-03,9,Other,1.14
SEC_016,2024-01-10,2,Steel,1.13
SEC_003,2024-11-30,15,Other,1.19
SEC_001,2024-02-27,12,Other,1.11
SEC_037,2024-01-01,12,Steel,1.11
SEC_019,2024-03-18,17,Foodgrain,1.3
SEC_042,2024-03-20,4,Cement,0.95
SEC_012,2024-01-30,9,Steel,1.11
SEC_046,2024-12-30,7,Cement,1.24
SEC_047,2024-01-22,8,Foodgrain,1.21
SEC_005,2024-09-23,3,Other,0.97
SEC_032,2024-11-02,11,Other,1.4
SEC_047,2024-08-23,8,Other,0.83
SEC_016,2024-02-18,9,Steel,1.17
SEC_004,2024-09-22,3,Cement,0.99
SEC_043,2024-04-30,6,Cement,1.01
SEC_024,2024-05-29,8,Foodgrain,1.1
SEC_002,2024-04-02,3,Coal,0.96
SEC_042,2024-10-14,3,Steel,1.38
SEC_034,2024-07-31,7,Foodgrain,0.88
SEC_004,2024-02-26,6,Other,1.11
SEC_013,2024-05-29,12,Other,1.04
SEC_001,2024-10-17,5,Other,1.37
SEC_047,2024-12-09,10,Other,1.1
SEC_002,2024-12-09,2,Coal,1.16
SEC_039,2024-02-19,6,Other,1.2
SEC_026,2024-11-09,18,Foodgrain,1.31
SEC_029,2024-07-26,3,Coal,0.72
SEC_040,2024-09-27,10,Coal,0.96
SEC_044,2024-05-21,8,Steel,0.98
SEC_007,2024-08-26,4,Steel,0.71
SEC_001,2024-04-04,3,Coal,1.0
SEC_007,2024-07-09,8,Steel,0.71
SEC_034,2024-03-23,3,Foodgrain,1.4
SEC_028,2024-05-24,4,Steel,1.03
SEC_005,2024-05-29,11,Cement,1.02
SEC_012,2024-11-12,5,Cement,1.36
SEC_027,2024-08-17,2,Steel,0.8
SEC_036,2024-08-24,13,Coal,0.9
SEC_017,2024-04-13,7,Steel,0.99
SEC_047,2024-06-08,11,Cement,0.84
SEC_049,2024-06-22,6,Steel,0.79
SEC_038,2024-10-14,15,Foodgrain,1.26
SEC_023,2024-03-08,4,Other,1.02
SEC_043,2024-01-20,7,Cement,1.22
SEC_036,2024-07-03,12,Cement,0.88
SEC_026,2024-10-24,4,Coal,1.3
SEC_022,2024-09-25,12,Cement,0.97
SEC_041,2024-10-23,16,Steel,1.21
SEC_028,2024-05-23,2,Foodgrain,0.96
SEC_009,2024-03-24,12,Cement,1.05
SEC_049,2024-08-29,11,Other,0.78
SEC_004,2024-01-14,12,Cement,1.2
SEC_035,2024-11-23,8,Steel,1.19
SEC_033,2024-09-18,5,Foodgrain,1.02
SEC_029,2024-07-03,6,Steel,0.83
SEC_003,2024-03-14,13,Foodgrain,1.4
SEC_025,2024-04-01,3,Cement,1.05
SEC_044,2024-12-30,2,Other,1.11
SEC_012,2024-01-06,15,Steel,1.16
SEC_034,2024-01-04,6,Steel,1.24
SEC_043,2024-05-07,15,Other,1.09
SEC_047,2024-03-25,6,Coal,0.98
SEC_026,2024-09-04,3,Steel,0.98
SEC_016,2024-01-16,9,Other,1.24
SEC_035,2024-10-14,6,Other,1.21
SEC_024,2024-10-13,8,Other,1.29
SEC_031,2024-03-24,11,Other,1.04
SEC_037,2024-07-30,8,Steel,0.85
SEC_035,2024-09-02,7,Coal,1.07
SEC_012,2024-11-06,9,Other,1.17
SEC_038,2024-09-25,13,Foodgrain,1.05
SEC_027,2024-12-18,10,Steel,1.09
SEC_046,2024-02-12,6,Foodgrain,1.22
SEC_033,2024-08-11,9,Other,0.78
SEC_044,2024-10-09,14,Foodgrain,1.39
SEC_048,2024-03-25,11,Cement,1.09
SEC_049,2024-03-20,6,Foodgrain,1.45
SEC_037,2024-02-03,12,Foodgrain,1.09
SEC_030,2024-12-26,11,Other,1.13
SEC_006,2024-11-13,14,Other,1.36
SEC_019,2024-02-14,16,Foodgrain,1.23
SEC_024,2024-03-30,3,Other,1.06
SEC_039,2024-06-16,9,Cement,0.75
SEC_029,2024-11-23,14,Coal,1.23
SEC_022,2024-10-29,6,Other,1.29
SEC_008,2024-11-17,11,Cement,1.37
SEC_036,2024-10-30,4,Other,1.31
SEC_022,2024-08-17,4,Cement,0.83
SEC_002,2024-04-16,15,Other,1.05
SEC_014,2024-08-09,4,Foodgrain,0.75
SEC_044,2024-06-29,3,Coal,0.88
SEC_006,2024-12-14,4,Steel,1.08
SEC_020,2024-06-13,2,Coal,0.82
SEC_026,2024-10-03,8,Steel,1.28
SEC_005,2024-03-04,19,Foodgrain,1.35
SEC_009,2024-09-07,6,Other,1.01
SEC_047,2024-06-15,8,Cement,0.81
SEC_029,2024-06-08,2,Foodgrain,0.79
SEC_011,2024-10-03,15,Foodgrain,1.32
SEC_009,2024-06-26,8,Foodgrain,0.75
SEC_021,2024-01-22,7,Foodgrain,1.16
SEC_036,2024-05-22,6,Foodgrain,0.96
SEC_036,2024-12-18,2,Other,1.14
SEC_010,2024-12-12,12,Coal,1.24
SEC_036,2024-08-12,4,Steel,0.72
SEC_044,2024-08-21,6,Coal,0.89
SEC_012,2024-04-06,10,Other,1.02
SEC_002,2024-10-12,17,Coal,1.32
SEC_047,2024-08-07,11,Cement,0.87
SEC_026,2024-01-14,12,Coal,1.06
SEC_039,2024-12-13,12,Foodgrain,1.2
SEC_016,2024-11-07,4,Other,1.34
SEC_015,2024-01-30,2,Other,1.13
SEC_012,2024-06-01,7,Coal,0.71
SEC_011,2024-09-28,5,Cement,0.97
SEC_024,2024-09-26,3,Steel,1.01
SEC_006,2024-03-02,7,Cement,0.98
SEC_042,2024-01-15,2,Foodgrain,1.23
SEC_026,2024-12-26,8,Cement,1.2
SEC_045,2024-11-23,12,Other,1.33
SEC_025,2024-09-27,5,Steel,1.0
SEC_015,2024-08-29,9,Coal,0.8
SEC_026,2024-09-08,12,Steel,0.96
SEC_008,2024-06-16,9,Steel,0.9
SEC_041,2024-09-07,13,Coal,0.99
SEC_036,2024-04-21,2,Cement,1.06
SEC_008,2024-01-31,7,Other,1.11
SEC_029,2024-04-23,9,Foodgrain,1.3
SEC_027,2024-04-17,14,Foodgrain,1.31
SEC_010,2024-04-21,16,Foodgrain,1.49
SEC_006,2024-06-21,2,Other,0.82
SEC_038,2024-02-17,13,Coal,1.09
SEC_013,2024-05-29,6,Foodgrain,0.96
SEC_026,2024-06-18,4,Other,0.74
SEC_013,2024-03-09,11,Coal,1.04
SEC_033,2024-06-14,10,Foodgrain,0.75
SEC_003,2024-09-03,13,Coal,1.09
SEC_018,2024-05-30,8,Other,0.97
SEC_027,2024-01-01,16,Cement,1.16
SEC_022,2024-09-14,8,Other,1.06
SEC_031,2024-07-30,11,Steel,0.85
SEC_009,2024-06-02,8,Cement,0.83
SEC_022,2024-01-09,4,Cement,1.17
SEC_038,2024-02-02,6,Coal,1.24
SEC_017,2024-01-30,12,Cement,1.09
SEC_008,2024-11-07,12,Cement,1.34
SEC_042,2024-04-23,12,Cement,0.96
SEC_039,2024-06-04,5,Foodgrain,0.71
SEC_034,2024-09-11,6,Other,0.98
SEC_040,2024-08-27,9,Coal,0.88
SEC_039,2024-01-24,3,Steel,1.11
SEC_037,2024-12-06,14,Steel,1.15
SEC_025,2024-04-07,7,Other,1.06
SEC_001,2024-10-07,16,Coal,1.31
SEC_030,2024-10-31,13,Coal,1.26
SEC_014,2024-07-16,8,Other,0.84
SEC_038,2024-02-29,17,Steel,1.22
SEC_023,2024-07-18,8,Cement,0.87
SEC_045,2024-03-30,7,Steel,1.01
SEC_030,2024-11-06,14,Cement,1.3
SEC_027,2024-10-03,7,Other,1.17
SEC_046,2024-10-28,11,Cement,1.34
SEC_024,2024-10-30,9,Steel,1.32
SEC_019,2024-03-06,10,Cement,1.07
SEC_019,2024-01-12,17,Other,1.23
SEC_043,2024-08-17,2,Other,0.75
SEC_038,2024-08-12,3,Steel,0.9
SEC_009,2024-11-12,7,Steel,1.36
SEC_025,2024-08-21,10,Foodgrain,0.81
SEC_019,2024-10-21,9,Steel,1.33
SEC_032,2024-05-07,2,Cement,1.06
SEC_003,2024-02-15,5,Foodgrain,1.05
SEC_035,2024-01-14,16,Foodgrain,1.21
SEC_037,2024-06-08,7,Other,0.72
SEC_012,2024-01-01,13,Steel,1.06
SEC_008,2024-07-08,8,Other,0.82
SEC_031,2024-05-26,7,Foodgrain,1.06
SEC_013,2024-04-04,14,Other,1.05
SEC_047,2024-08-04,12,Foodgrain,0.83
SEC_038,2024-09-05,8,Cement,1.03
SEC_047,2024-01-15,7,Coal,1.24
SEC_027,2024-06-23,2,Steel,0.81
SEC_046,2024-12-09,12,Foodgrain,1.1
SEC_001,2024-04-18,12,Steel,1.06
SEC_015,2024-10-12,5,Coal,1.22
SEC_001,2024-05-03,12,Foodgrain,1.05
SEC_034,2024-04-09,3,Steel,1.09
SEC_026,2024-11-09,16,Cement,1.34
SEC_015,2024-05-10,14,Foodgrain,0.97
SEC_015,2024-11-13,19,Foodgrain,1.35
SEC_032,2024-08-27,2,Other,0.87
SEC_009,2024-10-24,15,Coal,1.36
SEC_026,2024-10-25,4,Cement,1.3
SEC_031,2024-11-30,3,Foodgrain,1.27
SEC_012,2024-07-22,3,Cement,0.75
SEC_012,2024-12-14,7,Other,1.11
SEC_018,2024-01-22,11,Steel,1.18
SEC_030,2024-06-29,10,Steel,0.87
SEC_013,2024-05-25,12,Cement,1.08
SEC_019,2024-02-05,2,Cement,1.2
SEC_027,2024-11-15,7,Coal,1.38
SEC_010,2024-10-19,14,Steel,1.18
SEC_028,2024-10-01,11,Other,1.39
SEC_007,2024-08-19,6,Foodgrain,0.81
SEC_007,2024-08-08,2,Other,0.76
SEC_012,2024-05-19,14,Cement,1.08
SEC_015,2024-09-07,12,Steel,1.07
SEC_002,2024-12-23,4,Steel,1.08
SEC_048,2024-04-01,2,Other,1.1
SEC_016,2024-05-03,14,Cement,1.08
SEC_040,2024-02-09,7,Foodgrain,1.21
SEC_045,2024-11-28,4,Cement,1.28
SEC_040,2024-07-13,5,Foodgrain,0.72
SEC_041,2024-08-04,5,Steel,0.73
SEC_005,2024-04-07,8,Other,1.02
SEC_019,2024-01-14,12,Other,1.22
SEC_037,2024-10-21,7,Other,1.17
SEC_029,2024-11-10,16,Cement,1.2
SEC_001,2024-05-04,3,Other,1.09
SEC_028,2024-10-05,9,Foodgrain,1.16
SEC_040,2024-07-28,11,Steel,0.86
SEC_041,2024-08-23,2,Coal,0.83
SEC_019,2024-03-04,2,Steel,1.07
SEC_012,2024-08-12,7,Foodgrain,0.84
SEC_016,2024-02-28,10,Coal,1.16
SEC_015,2024-03-21,2,Steel,1.05
SEC_017,2024-05-10,3,Other,1.09
SEC_015,2024-03-19,6,Steel,0.97
SEC_023,2024-11-28,16,Steel,1.21
SEC_003,2024-01-11,12,Cement,1.25
SEC_014,2024-11-26,18,Other,1.35
SEC_016,2024-02-26,13,Other,1.12
SEC_008,2024-11-14,9,Other,1.3
SEC_044,2024-05-03,7,Coal,0.96
SEC_034,2024-12-03,16,Coal,1.15
SEC_045,2024-07-16,8,Cement,0.87
SEC_028,2024-06-28,8,Other,0.85
SEC_006,2024-02-17,8,Cement,1.15
SEC_045,2024-06-07,8,Other,0.86
SEC_023,2024-07-23,4,Cement,0.77
SEC_034,2024-12-25,11,Steel,1.23
SEC_019,2024-04-06,12,Other,1.09
SEC_025,2024-01-31,14,Cement,1.23
SEC_024,2024-04-02,11,Steel,0.99
SEC_014,2024-03-29,10,Foodgrain,1.4
SEC_028,2024-12-12,8,Foodgrain,1.13
SEC_036,2024-02-24,12,Coal,1.21
SEC_001,2024-12-29,8,Steel,1.08
SEC_007,2024-02-11,10,Steel,1.12
SEC_042,2024-10-23,15,Steel,1.28
SEC_028,2024-05-31,7,Foodgrain,0.95
SEC_048,2024-01-20,11,Foodgrain,1.08
SEC_030,2024-08-12,8,Other,0.72
SEC_033,2024-09-23,5,Coal,1.07
SEC_045,2024-11-02,15,Other,1.16
SEC_033,2024-03-06,4,Steel,0.98
SEC_017,2024-08-13,6,Steel,0.86
SEC_026,2024-07-27,4,Coal,0.82
SEC_012,2024-06-10,1,Coal,0.73
SEC_017,2024-11-23,15,Coal,1.22
SEC_034,2024-06-03,2,Steel,0.79
SEC_008,2024-05-19,6,Steel,1.05
SEC_033,2024-07-11,9,Steel,0.75
SEC_029,2024-12-05,2,Coal,1.16
SEC_016,2024-11-13,10,Steel,1.39
SEC_003,2024-09-16,13,Coal,1.1
SEC_035,2024-01-30,2,Cement,1.14
SEC_041,2024-04-20,10,Cement,1.07
SEC_036,2024-01-06,16,Coal,1.12
SEC_021,2024-02-04,3,Cement,1.08
SEC_033,2024-10-31,6,Other,1.39
SEC_021,2024-10-25,15,Other,1.22
SEC_018,2024-02-07,15,Coal,1.21
SEC_017,2024-06-16,9,Other,0.79
SEC_011,2024-04-12,10,Foodgrain,1.3
SEC_048,2024-01-27,12,Other,1.11
SEC_033,2024-05-19,13,Steel,0.99
SEC_009,2024-02-07,9,Cement,1.1
SEC_043,2024-09-26,10,Other,1.06
SEC_008,2024-12-19,6,Steel,1.21
SEC_030,2024-06-03,7,Cement,0.79
SEC_009,2024-03-29,8,Coal,0.96
SEC_018,2024-07-01,4,Cement,0.7
SEC_033,2024-12-19,4,Other,1.12
SEC_049,2024-02-28,13,Steel,1.09
SEC_049,2024-09-06,8,Other,1.04
SEC_044,2024-02-04,4,Cement,1.21
SEC_012,2024-04-19,11,Foodgrain,1.37
SEC_005,2024-06-09,12,Steel,0.88
SEC_045,2024-05-20,7,Foodgrain,0.99
SEC_046,2024-03-06,4,Other,0.96
SEC_014,2024-10-11,5,Coal,1.32
SEC_001,2024-09-03,13,Other,0.98
SEC_032,2024-06-08,4,Coal,0.71
SEC_004,2024-06-02,9,Other,0.78
SEC_002,2024-01-28,11,Foodgrain,1.09
SEC_046,2024-08-29,2,Other,0.7
SEC_025,2024-03-25,13,Coal,1.06
SEC_006,2024-04-20,10,Coal,1.1
SEC_033,2024-11-10,4,Foodgrain,1.32
SEC_019,2024-08-23,5,Cement,0.75
SEC_027,2024-09-11,8,Cement,1.06
SEC_045,2024-04-06,11,Cement,0.98
SEC_012,2024-07-02,6,Other,0.75
SEC_032,2024-01-06,2,Cement,1.08
SEC_041,2024-03-30,11,Other,0.99
SEC_021,2024-10-19,6,Coal,1.28
SEC_048,2024-06-22,9,Steel,0.79
SEC_022,2024-08-20,1,Coal,0.73
SEC_023,2024-10-15,2,Foodgrain,1.25
SEC_044,2024-12-08,12,Steel,1.25
SEC_032,2024-01-30,16,Cement,1.14
SEC_043,2024-07-31,2,Foodgrain,0.78
SEC_039,2024-12-30,12,Foodgrain,1.22
SEC_035,2024-03-14,14,Cement,1.04
SEC_012,2024-11-10,13,Other,1.16
SEC_020,2024-07-31,10,Coal,0.88
SEC_043,2024-04-26,9,Steel,1.02
SEC_031,2024-10-13,7,Foodgrain,1.2
SEC_014,2024-11-14,4,Coal,1.24
SEC_017,2024-02-22,15,Other,1.23
SEC_039,2024-09-06,9,Steel,1.01
SEC_009,2024-12-08,3,Coal,1.08
SEC_006,2024-08-31,2,Foodgrain,0.82
SEC_038,2024-07-19,2,Coal,0.89
SEC_015,2024-02-21,8,Steel,1.1
SEC_038,2024-06-13,3,Cement,0.78
SEC_027,2024-11-27,11,Steel,1.34
SEC_049,2024-10-19,5,Other,1.26
SEC_026,2024-06-13,12,Steel,0.83
SEC_043,2024-04-23,3,Coal,0.97
SEC_042,2024-10-20,4,Foodgrain,1.29
SEC_011,2024-12-20,17,Coal,1.21
SEC_049,2024-04-19,9,Cement,1.07
SEC_037,2024-10-23,13,Foodgrain,1.17
SEC_006,2024-04-22,6,Coal,0.96
SEC_001,2024-10-29,7,Steel,1.24
SEC_014,2024-12-19,11,Other,1.24
SEC_001,2024-08-30,4,Other,0.79
SEC_018,2024-06-30,5,Cement,0.84
SEC_049,2024-04-24,15,Other,1.06
SEC_024,2024-01-22,5,Coal,1.19
SEC_002,2024-01-20,8,Cement,1.16
SEC_025,2024-11-01,11,Coal,1.4
SEC_011,2024-08-30,6,Foodgrain,0.85
SEC_042,2024-03-24,13,Coal,1.07
SEC_005,2024-07-21,7,Steel,0.83
SEC_038,2024-11-17,2,Coal,1.24
SEC_022,2024-08-25,2,Steel,0.85
SEC_001,2024-12-01,5,Cement,1.24
SEC_033,2024-02-13,7,Cement,1.05
SEC_023,2024-01-27,10,Other,1.07
SEC_038,2024-08-31,10,Other,0.85
SEC_031,2024-08-01,8,Coal,0.78
SEC_039,2024-09-08,4,Other,0.97
SEC_023,2024-12-25,8,Steel,1.12
SEC_001,2024-02-09,15,Other,1.09
SEC_007,2024-12-06,5,Other,1.22
SEC_023,2024-01-23,10,Other,1.12
SEC_020,2024-07-11,2,Foodgrain,0.73
SEC_039,2024-10-31,9,Cement,1.32
SEC_021,2024-09-06,6,Foodgrain,0.96
SEC_043,2024-03-22,4,Coal,0.96
SEC_010,2024-08-09,2,Foodgrain,0.85
SEC_019,2024-11-26,12,Steel,1.36
SEC_038,2024-03-15,12,Coal,1.03
SEC_007,2024-12-09,15,Coal,1.13
SEC_016,2024-08-26,5,Steel,0.85
SEC_037,2024-02-01,6,Cement,1.21
SEC_029,2024-05-01,15,Other,1.1
SEC_039,2024-11-11,13,Other,1.33
SEC_026,2024-05-03,4,Cement,1.09
SEC_043,2024-12-12,10,Other,1.07
SEC_043,2024-06-02,4,Steel,0.87
SEC_048,2024-05-05,9,Other,1.03
SEC_006,2024-11-07,6,Other,1.28
SEC_029,2024-10-14,12,Coal,1.34
SEC_006,2024-03-28,5,Steel,1.03
SEC_012,2024-10-12,13,Steel,1.22
SEC_015,2024-04-01,7,Coal,0.98
SEC_032,2024-11-23,7,Coal,1.33
SEC_022,2024-01-03,7,Other,1.15
SEC_043,2024-08-30,3,Coal,0.86
SEC_015,2024-02-26,4,Cement,1.18
SEC_031,2024-09-04,12,Other,1.0
SEC_038,2024-12-24,10,Cement,1.19
SEC_049,2024-09-01,15,Foodgrain,1.09
SEC_013,2024-06-07,11,Coal,0.88
SEC_036,2024-10-28,10,Foodgrain,1.16
SEC_005,2024-03-12,7,Steel,1.07
SEC_027,2024-07-17,10,Other,0.86
SEC_021,2024-12-19,8,Other,1.11
SEC_047,2024-05-10,2,Steel,1.03
SEC_038,2024-01-10,13,Coal,1.19
SEC_046,2024-06-10,2,Other,0.75
SEC_042,2024-06-26,2,Other,0.88
SEC_021,2024-10-24,9,Other,1.26
SEC_036,2024-10-21,16,Cement,1.37
SEC_002,2024-05-04,2,Foodgrain,1.09
SEC_028,2024-10-09,8,Steel,1.31
SEC_003,2024-02-22,15,Coal,1.17
SEC_036,2024-03-10,4,Other,1.02
SEC_048,2024-08-09,3,Other,0.79
SEC_034,2024-09-16,4,Other,1.01
SEC_042,2024-10-22,10,Foodgrain,1.26
SEC_012,2024-08-15,10,Other,0.87
SEC_049,2024-02-16,6,Coal,1.19
SEC_027,2024-09-04,12,Foodgrain,0.96
SEC_034,2024-06-06,4,Coal,0.81
SEC_038,2024-04-07,7,Foodgrain,1.38
SEC_032,2024-05-04,13,Coal,1.06
SEC_016,2024-10-23,17,Steel,1.24
SEC_030,2024-03-05,10,Foodgrain,1.42
SEC_033,2024-07-23,3,Coal,0.84
SEC_043,2024-01-31,6,Coal,1.1
SEC_024,2024-09-22,8,Other,1.0
SEC_025,2024-02-24,10,Steel,1.06
SEC_025,2024-12-09,13,Other,1.17
SEC_006,2024-11-18,19,Steel,1.35
SEC_005,2024-11-09,18,Coal,1.25
SEC_002,2024-05-07,12,Coal,1.06
SEC_033,2024-10-13,8,Cement,1.26
SEC_021,2024-02-19,17,Coal,1.22
SEC_043,2024-04-16,13,Other,1.01
SEC_035,2024-02-18,2,Steel,1.21
SEC_007,2024-01-20,12,Cement,1.09
SEC_005,2024-05-14,9,Foodgrain,1.04
SEC_018,2024-07-29,6,Coal,0.71
SEC_046,2024-11-11,6,Cement,1.29
SEC_003,2024-01-13,17,Coal,1.21
SEC_010,2024-05-28,4,Cement,0.98
SEC_002,2024-09-18,4,Foodgrain,1.0
SEC_021,2024-03-14,6,Steel,0.95
SEC_049,2024-09-26,2,Other,1.06
SEC_034,2024-07-27,3,Steel,0.81
SEC_025,2024-07-25,9,Steel,0.84
SEC_008,2024-02-15,10,Cement,1.06
SEC_018,2024-03-02,15,Steel,1.1
SEC_026,2024-11-17,15,Foodgrain,1.16
SEC_014,2024-11-16,3,Cement,1.35
SEC_035,2024-06-14,4,Other,0.82
SEC_049,2024-08-06,10,Other,0.75
SEC_011,2024-07-17,4,Coal,0.86
SEC_013,2024-07-07,6,Other,0.81
SEC_007,2024-09-17,14,Foodgrain,0.98
SEC_036,2024-07-26,7,Other,0.78
SEC_023,2024-02-15,3,Steel,1.09
SEC_014,2024-01-31,13,Foodgrain,1.09
SEC_011,2024-11-07,6,Other,1.23
SEC_004,2024-09-27,3,Other,1.05
SEC_024,2024-03-13,7,Cement,0.99
SEC_034,2024-01-23,17,Cement,1.2
SEC_012,2024-03-21,15,Coal,1.09
SEC_001,2024-07-30,3,Cement,0.83
SEC_024,2024-08-01,6,Foodgrain,0.88
SEC_034,2024-03-02,15,Coal,1.05
SEC_017,2024-03-05,9,Other,1.09
SEC_013,2024-03-17,4,Foodgrain,1.31
SEC_008,2024-06-11,9,Cement,0.79
SEC_037,2024-03-26,7,Coal,1.09
SEC_043,2024-06-16,5,Steel,0.7
SEC_038,2024-01-06,7,Other,1.12
SEC_026,2024-12-08,13,Other,1.19
SEC_036,2024-11-22,3,Coal,1.36
SEC_020,2024-05-03,7,Other,1.09
SEC_002,2024-10-21,9,Steel,1.18
SEC_019,2024-07-14,3,Steel,0.71
SEC_035,2024-01-12,5,Other,1.08
SEC_032,2024-04-14,13,Foodgrain,1.4
SEC_049,2024-01-21,8,Cement,1.09
SEC_049,2024-09-16,7,Coal,1.07
SEC_012,2024-10-13,12,Cement,1.31
SEC_001,2024-08-13,10,Steel,0.84
SEC_014,2024-01-03,15,Cement,1.18
SEC_043,2024-03-27,14,Cement,0.97
SEC_040,2024-06-20,5,Coal,0.8
SEC_005,2024-02-22,13,Other,1.09
SEC_008,2024-02-09,15,Steel,1.1
SEC_028,2024-04-21,15,Steel,1.07
SEC_033,2024-08-04,10,Cement,0.75
SEC_049,2024-02-02,11,Other,1.14
SEC_037,2024-12-31,6,Other,1.21
SEC_011,2024-06-17,5,Foodgrain,0.86
SEC_002,2024-03-03,12,Steel,0.96
SEC_032,2024-01-08,13,Other,1.2
SEC_028,2024-12-16,10,Steel,1.13
SEC_046,2024-08-05,2,Cement,0.88
SEC_029,2024-11-12,17,Steel,1.32
SEC_025,2024-10-11,2,Steel,1.19
SEC_015,2024-12-26,5,Foodgrain,1.08
SEC_005,2024-11-21,8,Other,1.21
SEC_043,2024-10-07,15,Steel,1.23
SEC_041,2024-11-07,10,Cement,1.22
SEC_008,2024-11-09,6,Coal,1.16
SEC_035,2024-04-03,12,Cement,1.0
SEC_018,2024-08-05,2,Steel,0.81
SEC_022,2024-12-26,5,Coal,1.09
SEC_042,2024-11-13,6,Foodgrain,1.27
SEC_042,2024-02-08,11,Steel,1.13
SEC_010,2024-02-10,7,Cement,1.24
SEC_016,2024-03-14,3,Coal,0.96
SEC_041,2024-09-28,14,Steel,1.09
SEC_045,2024-05-24,7,Steel,1.1
SEC_004,2024-08-18,11,Steel,0.86
SEC_041,2024-02-21,13,Coal,1.1
SEC_024,2024-01-22,5,Steel,1.17
SEC_029,2024-10-09,5,Coal,1.28
SEC_004,2024-04-16,11,Cement,0.97
SEC_034,2024-01-16,10,Foodgrain,1.11
SEC_034,2024-03-20,10,Steel,1.04
SEC_033,2024-04-28,6,Cement,1.0
SEC_039,2024-05-28,3,Other,1.08
SEC_047,2024-11-24,14,Foodgrain,1.36
SEC_042,2024-03-13,3,Steel,1.06
SEC_037,2024-08-09,10,Foodgrain,0.73
SEC_049,2024-04-10,7,Cement,1.02
SEC_034,2024-07-01,6,Coal,0.78
SEC_033,2024-04-18,6,Steel,1.02
SEC_027,2024-05-06,5,Foodgrain,1.06
SEC_038,2024-08-07,5,Cement,0.82
SEC_004,2024-08-03,9,Foodgrain,0.77
SEC_025,2024-02-19,17,Cement,1.19
SEC_021,2024-02-27,9,Other,1.22
SEC_045,2024-03-29,7,Coal,0.99
SEC_004,2024-11-25,8,Foodgrain,1.17
SEC_032,2024-04-26,13,Steel,1.05
SEC_010,2024-07-30,5,Coal,0.86
SEC_044,2024-06-13,7,Coal,0.71
SEC_042,2024-05-09,6,Cement,1.01
SEC_012,2024-01-14,7,Foodgrain,1.14
SEC_043,2024-06-10,10,Steel,0.83
SEC_025,2024-12-31,11,Other,1.18
SEC_048,2024-12-10,4,Steel,1.09
SEC_036,2024-04-19,11,Foodgrain,1.35
SEC_002,2024-07-14,11,Other,0.8
SEC_010,2024-04-15,5,Cement,0.98
SEC_020,2024-12-03,16,Cement,1.24
SEC_011,2024-07-22,4,Steel,0.83
SEC_007,2024-12-02,15,Other,1.18
SEC_048,2024-11-08,12,Foodgrain,1.33
SEC_043,2024-04-29,5,Steel,1.04
SEC_022,2024-06-16,9,Cement,0.71
SEC_011,2024-07-27,5,Foodgrain,0.71
SEC_009,2024-04-01,9,Coal,1.01
SEC_045,2024-10-31,11,Coal,1.2
SEC_017,2024-07-26,5,Coal,0.83
SEC_001,2024-03-16,5,Coal,1.08
SEC_020,2024-06-25,3,Steel,0.76
SEC_023,2024-10-27,14,Steel,1.19
SEC_031,2024-06-03,10,Steel,0.7
SEC_017,2024-09-16,8,Other,0.97
SEC_046,2024-12-26,8,Other,1.09
SEC_032,2024-05-02,5,Other,1.05
SEC_049,2024-12-30,2,Coal,1.15
SEC_018,2024-05-31,11,Foodgrain,0.98
SEC_032,2024-07-24,7,Coal,0.72
SEC_018,2024-10-09,2,Cement,1.2
SEC_035,2024-01-25,15,Coal,1.23
SEC_037,2024-09-13,7,Steel,1.0
SEC_016,2024-07-26,8,Steel,0.84
SEC_046,2024-08-27,11,Foodgrain,0.85
SEC_043,2024-12-14,9,Steel,1.17
SEC_044,2024-06-26,9,Foodgrain,0.86
SEC_011,2024-12-04,10,Coal,1.16
SEC_036,2024-07-26,5,Foodgrain,0.76
SEC_006,2024-03-19,12,Coal,1.02
SEC_006,2024-08-26,5,Coal,0.81
SEC_048,2024-03-10,10,Coal,1.03
SEC_008,2024-11-25,13,Steel,1.26
SEC_043,2024-02-25,9,Cement,1.07
SEC_022,2024-07-01,5,Steel,0.86
SEC_015,2024-10-27,4,Foodgrain,1.4
SEC_004,2024-01-04,9,Cement,1.24
SEC_034,2024-06-28,9,Cement,0.72
SEC_036,2024-07-04,6,Foodgrain,0.71
SEC_023,2024-05-03,10,Coal,0.97
SEC_040,2024-09-03,4,Cement,1.09
SEC_016,2024-04-28,11,Steel,1.08
SEC_028,2024-05-17,7,Foodgrain,1.1
SEC_015,2024-04-10,14,Other,0.97
SEC_029,2024-08-16,10,Coal,0.9
SEC_007,2024-11-19,3,Coal,1.34
SEC_024,2024-03-06,7,Steel,1.06
SEC_027,2024-05-29,4,Foodgrain,1.01
SEC_028,2024-03-23,20,Foodgrain,1.43
SEC_022,2024-03-30,8,Steel,1.06
SEC_032,2024-12-21,11,Other,1.08
SEC_026,2024-09-17,7,Coal,1.06
SEC_014,2024-12-11,15,Foodgrain,1.05
SEC_011,2024-08-20,8,Foodgrain,0.81
SEC_032,2024-08-31,8,Cement,0.88
SEC_046,2024-09-18,15,Foodgrain,1.05
SEC_037,2024-08-26,10,Coal,0.81
SEC_032,2024-10-27,10,Steel,1.26
SEC_046,2024-04-29,11,Coal,1.07
SEC_045,2024-02-07,7,Foodgrain,1.1
SEC_025,2024-06-27,9,Other,0.79
SEC_006,2024-01-01,7,Steel,1.21
SEC_032,2024-01-18,12,Steel,1.11
SEC_031,2024-01-19,8,Foodgrain,1.1
SEC_014,2024-01-29,7,Coal,1.16
SEC_042,2024-09-15,5,Other,1.04
SEC_043,2024-08-06,5,Cement,0.86
SEC_017,2024-12-08,12,Cement,1.11
SEC_024,2024-04-16,11,Steel,1.03
SEC_010,2024-05-01,6,Steel,1.05
SEC_009,2024-06-28,2,Foodgrain,0.87
SEC_013,2024-10-12,16,Steel,1.37
SEC_018,2024-12-06,3,Coal,1.13
SEC_014,2024-09-23,12,Cement,1.01
SEC_008,2024-07-04,7,Other,0.72
SEC_022,2024-12-23,11,Steel,1.17
SEC_031,2024-03-07,12,Cement,1.06
SEC_016,2024-06-21,11,Other,0.88
SEC_027,2024-03-31,15,Cement,1.06
SEC_014,2024-03-01,10,Other,0.95
SEC_035,2024-05-25,5,Other,0.97
SEC_032,2024-10-07,4,Steel,1.21
SEC_048,2024-04-27,8,Coal,1.08
SEC_003,2024-10-26,14,Other,1.31
SEC_042,2024-08-11,3,Cement,0.72
SEC_017,2024-09-15,11,Coal,1.06
SEC_004,2024-03-30,2,Other,1.0
SEC_034,2024-11-11,7,Coal,1.32
SEC_009,2024-03-15,13,Steel,0.97
SEC_009,2024-05-15,10,Other,1.1
SEC_049,2024-10-13,8,Steel,1.16
SEC_011,2024-09-09,4,Cement,1.03
SEC_027,2024-04-19,8,Coal,0.96
SEC_010,2024-04-06,15,Foodgrain,1.32
SEC_007,2024-06-07,4,Cement,0.74
SEC_001,2024-06-12,8,Other,0.86
SEC_001,2024-01-22,12,Foodgrain,1.12
SEC_024,2024-03-29,2,Coal,1.0
SEC_022,2024-02-26,4,Foodgrain,1.06
SEC_002,2024-02-26,5,Cement,1.14
SEC_018,2024-05-09,6,Foodgrain,1.08
SEC_014,2024-01-14,15,Other,1.19
SEC_028,2024-09-04,11,Steel,1.08
SEC_049,2024-09-02,9,Other,1.09
SEC_034,2024-03-21,2,Cement,1.08
SEC_046,2024-11-16,12,Foodgrain,1.21
SEC_010,2024-08-05,3,Coal,0.85
SEC_011,2024-04-25,13,Steel,1.02
SEC_037,2024-03-12,8,Cement,1.0
SEC_016,2024-06-06,5,Other,0.85
SEC_042,2024-12-17,7,Foodgrain,1.24
SEC_023,2024-01-02,7,Steel,1.07
SEC_010,2024-01-08,13,Cement,1.06
SEC_042,2024-05-31,12,Other,1.0
SEC_027,2024-12-02,17,Coal,1.21
SEC_040,2024-04-12,3,Steel,0.96
SEC_023,2024-09-30,7,Cement,1.0
SEC_007,2024-07-29,5,Coal,0.9
SEC_034,2024-03-13,12,Other,0.99
SEC_007,2024-11-28,15,Steel,1.38
SEC_033,2024-02-29,13,Foodgrain,1.21
SEC_021,2024-07-04,10,Foodgrain,0.73
SEC_039,2024-08-30,5,Steel,0.84
SEC_043,2024-09-04,9,Coal,1.08
SEC_020,2024-11-08,17,Coal,1.34
SEC_044,2024-09-15,12,Steel,1.01
SEC_006,2024-08-28,10,Steel,0.84
SEC_006,2024-02-25,14,Other,1.09
SEC_049,2024-04-22,3,Cement,0.95
SEC_029,2024-05-06,6,Coal,1.08
SEC_023,2024-05-15,3,Cement,1.02
SEC_008,2024-02-11,6,Cement,1.23
SEC_015,2024-02-04,8,Coal,1.06
SEC_034,2024-06-10,10,Foodgrain,0.86
SEC_041,2024-09-21,11,Cement,1.03
SEC_045,2024-11-20,6,Cement,1.26
SEC_020,2024-12-10,10,Foodgrain,1.12
SEC_023,2024-06-25,2,Foodgrain,0.82
SEC_009,2024-11-24,17,Cement,1.2
SEC_005,2024-06-15,11,Other,0.81
SEC_022,2024-06-22,4,Coal,0.72
SEC_029,2024-03-17,12,Foodgrain,1.38
SEC_006,2024-08-17,8,Other,0.74
SEC_021,2024-04-23,7,Foodgrain,1.35
SEC_032,2024-06-26,3,Coal,0.82
SEC_040,2024-12-08,5,Coal,1.06
SEC_046,2024-07-18,4,Cement,0.86
SEC_017,2024-04-20,7,Foodgrain,1.36
SEC_020,2024-09-02,4,Cement,1.01
SEC_043,2024-09-24,12,Coal,1.04
SEC_034,2024-08-10,4,Cement,0.72
SEC_014,2024-01-16,8,Foodgrain,1.2
SEC_034,2024-03-23,8,Foodgrain,1.31
SEC_008,2024-02-16,2,Foodgrain,1.19
SEC_023,2024-12-15,6,Steel,1.15
SEC_016,2024-04-24,4,Cement,1.05
SEC_049,2024-06-22,3,Steel,0.72
SEC_002,2024-11-25,9,Foodgrain,1.35
SEC_042,2024-12-28,15,Other,1.09
SEC_014,2024-03-21,9,Cement,1.01
SEC_002,2024-11-10,10,Coal,1.37
SEC_033,2024-09-22,10,Coal,1.0
SEC_034,2024-08-12,7,Foodgrain,0.8
SEC_007,2024-03-02,9,Cement,1.1
SEC_002,2024-09-09,13,Foodgrain,1.06
SEC_006,2024-08-12,10,Other,0.9
SEC_021,2024-06-12,7,Other,0.73
SEC_007,2024-08-02,7,Foodgrain,0.89
SEC_035,2024-03-18,14,Steel,1.08
SEC_004,2024-08-15,3,Coal,0.78
SEC_039,2024-02-26,12,Coal,1.09
SEC_043,2024-04-14,11,Cement,1.04
SEC_036,2024-06-30,7,Steel,0.82
SEC_047,2024-02-29,14,Coal,1.07
SEC_047,2024-11-30,15,Coal,1.39
SEC_003,2024-11-20,9,Foodgrain,1.16
SEC_017,2024-06-22,6,Foodgrain,0.88
SEC_038,2024-07-27,12,Coal,0.89
SEC_017,2024-04-16,6,Foodgrain,1.47
SEC_037,2024-03-18,7,Foodgrain,1.36
SEC_038,2024-12-17,2,Coal,1.12
SEC_049,2024-05-31,4,Other,1.09
SEC_017,2024-12-15,15,Steel,1.16
SEC_018,2024-01-25,6,Coal,1.2
SEC_002,2024-02-09,17,Coal,1.18
SEC_014,2024-06-22,5,Foodgrain,0.88
SEC_014,2024-10-13,4,Cement,1.29
SEC_023,2024-06-04,7,Steel,0.71
SEC_021,2024-11-03,12,Cement,1.31
SEC_042,2024-02-18,8,Steel,1.2
SEC_038,2024-11-09,3,Coal,1.16
SEC_036,2024-06-11,5,Cement,0.71
SEC_001,2024-04-14,2,Cement,1.09
SEC_024,2024-08-22,5,Cement,0.73
SEC_036,2024-10-11,11,Foodgrain,1.34
SEC_012,2024-12-05,16,Other,1.21
SEC_021,2024-02-02,11,Other,1.22
SEC_036,2024-09-14,14,Steel,1.1
SEC_039,2024-04-25,2,Cement,1.0
SEC_042,2024-07-02,4,Coal,0.72
SEC_022,2024-06-18,5,Coal,0.87
SEC_020,2024-10-08,17,Foodgrain,1.22
SEC_019,2024-05-25,10,Cement,1.04
SEC_033,2024-04-12,7,Foodgrain,1.47
SEC_021,2024-06-27,8,Coal,0.7
SEC_020,2024-09-01,11,Cement,1.03
SEC_009,2024-11-05,5,Cement,1.22
SEC_024,2024-01-02,15,Cement,1.15
SEC_012,2024-07-27,7,Cement,0.8
SEC_026,2024-01-27,3,Other,1.13
SEC_044,2024-08-14,1,Steel,0.73
SEC_039,2024-08-16,7,Coal,0.82
SEC_024,2024-11-08,6,Foodgrain,1.21
SEC_048,2024-03-11,14,Other,1.0
SEC_049,2024-10-17,12,Coal,1.31
SEC_022,2024-09-09,15,Other,1.07
SEC_038,2024-08-31,8,Cement,0.85
SEC_017,2024-08-21,2,Coal,0.8
SEC_044,2024-07-20,10,Foodgrain,0.85
SEC_019,2024-01-24,12,Steel,1.16
SEC_013,2024-10-24,12,Cement,1.38
SEC_007,2024-05-23,10,Cement,1.08
SEC_042,2024-02-08,5,Steel,1.23
SEC_015,2024-08-12,9,Foodgrain,0.73
SEC_040,2024-12-12,16,Coal,1.21
SEC_005,2024-09-18,13,Coal,1.05
SEC_025,2024-03-31,6,Cement,1.01
SEC_021,2024-10-25,7,Steel,1.31
SEC_022,2024-11-05,9,Other,1.33
SEC_009,2024-04-30,18,Foodgrain,1.37
SEC_004,2024-07-10,9,Steel,0.76
SEC_017,2024-11-02,15,Other,1.39
SEC_024,2024-02-27,9,Coal,1.11
SEC_039,2024-05-09,5,Other,1.08
SEC_023,2024-06-16,10,Coal,0.75
SEC_013,2024-01-03,9,Other,1.25
SEC_013,2024-03-02,9,Foodgrain,1.46
SEC_030,2024-08-11,4,Foodgrain,0.89
SEC_022,2024-04-06,15,Cement,1.08
SEC_045,2024-03-29,14,Cement,1.01
SEC_022,2024-04-18,14,Steel,1.05
SEC_028,2024-02-15,7,Coal,1.14
SEC_004,2024-08-21,8,Other,0.83
SEC_010,2024-04-04,10,Foodgrain,1.38
SEC_042,2024-08-26,4,Steel,0.81
SEC_017,2024-10-30,4,Other,1.4
SEC_021,2024-06-24,9,Coal,0.87
SEC_029,2024-11-30,11,Other,1.34
SEC_003,2024-03-12,3,Coal,1.1
SEC_025,2024-12-17,10,Cement,1.19
SEC_017,2024-04-27,12,Coal,0.96
SEC_008,2024-04-20,14,Coal,0.97
SEC_021,2024-12-24,16,Steel,1.21
SEC_022,2024-06-15,7,Coal,0.83
SEC_010,2024-09-30,2,Coal,1.04
SEC_027,2024-10-20,10,Cement,1.39
SEC_037,2024-06-13,3,Cement,0.76
SEC_014,2024-04-26,5,Steel,1.08
SEC_048,2024-06-28,8,Cement,0.76
SEC_031,2024-05-20,3,Steel,0.97
SEC_038,2024-06-01,8,Steel,0.77
SEC_004,2024-03-27,14,Other,1.05
SEC_038,2024-11-30,12,Foodgrain,1.18
SEC_017,2024-07-28,7,Coal,0.82
SEC_035,2024-10-18,4,Cement,1.35
SEC_040,2024-08-29,7,Steel,0.77
SEC_013,2024-05-09,15,Coal,1.1
SEC_013,2024-04-26,5,Steel,1.09
SEC_003,2024-12-25,10,Steel,1.09
SEC_030,2024-01-09,9,Coal,1.07
SEC_038,2024-04-17,11,Cement,1.08
SEC_021,2024-09-26,9,Steel,1.08
SEC_008,2024-07-18,11,Coal,0.86
SEC_016,2024-08-13,3,Coal,0.71
SEC_020,2024-01-08,16,Cement,1.23
SEC_045,2024-03-21,13,Foodgrain,1.47
SEC_007,2024-08-07,5,Other,0.84
SEC_017,2024-04-25,17,Foodgrain,1.4
SEC_032,2024-06-21,9,Cement,0.85
SEC_012,2024-12-16,15,Foodgrain,1.19
SEC_044,2024-08-21,4,Foodgrain,0.89
SEC_045,2024-08-18,4,Other,0.86
SEC_019,2024-03-12,11,Cement,1.03
SEC_037,2024-08-05,2,Foodgrain,0.83
SEC_038,2024-12-17,17,Other,1.18
SEC_034,2024-08-22,12,Cement,0.83
SEC_010,2024-10-14,7,Other,1.18
SEC_003,2024-12-15,16,Cement,1.11
SEC_018,2024-11-25,9,Cement,1.32
SEC_007,2024-05-04,9,Foodgrain,1.0
SEC_015,2024-04-18,13,Other,1.01
SEC_032,2024-04-12,11,Steel,1.08
SEC_029,2024-10-08,3,Foodgrain,1.39
SEC_011,2024-05-17,14,Other,0.97
SEC_001,2024-10-28,11,Steel,1.2
SEC_012,2024-10-20,6,Foodgrain,1.39
SEC_023,2024-08-31,1,Coal,0.72
SEC_039,2024-02-14,14,Foodgrain,1.24
SEC_018,2024-09-17,4,Steel,1.04
SEC_015,2024-03-16,3,Foodgrain,1.31
SEC_028,2024-07-21,3,Steel,0.84
SEC_004,2024-03-24,7,Other,1.03
SEC_012,2024-01-23,7,Other,1.06
SEC_002,2024-08-20,11,Foodgrain,0.88
SEC_026,2024-06-14,7,Cement,0.82
SEC_022,2024-08-22,6,Foodgrain,0.78
SEC_029,2024-06-28,9,Steel,0.74
SEC_031,2024-05-16,14,Foodgrain,1.02
SEC_020,2024-01-06,13,Foodgrain,1.07
SEC_043,2024-04-11,13,Cement,1.1
SEC_045,2024-11-18,6,Cement,1.22
SEC_006,2024-10-03,14,Steel,1.4
SEC_046,2024-06-18,8,Cement,0.72
SEC_010,2024-01-12,14,Other,1.15
SEC_013,2024-12-26,11,Foodgrain,1.18
SEC_026,2024-09-27,4,Other,0.98
SEC_002,2024-01-09,9,Foodgrain,1.16
SEC_018,2024-03-17,5,Coal,1.04
SEC_010,2024-03-03,12,Coal,0.96
SEC_024,2024-11-26,15,Steel,1.22
SEC_040,2024-12-15,4,Foodgrain,1.2
SEC_046,2024-05-31,4,Other,1.07
SEC_011,2024-03-06,9,Steel,0.95
SEC_027,2024-08-23,3,Steel,0.77
SEC_024,2024-04-09,3,Cement,1.07
SEC_021,2024-02-14,2,Steel,1.2
SEC_032,2024-04-04,3,Foodgrain,1.35
SEC_049,2024-04-02,14,Steel,0.99
SEC_020,2024-01-20,8,Steel,1.08
SEC_004,2024-09-13,10,Coal,0.99
SEC_045,2024-05-08,8,Foodgrain,1.03
SEC_046,2024-07-20,10,Foodgrain,0.86
SEC_016,2024-07-20,10,Coal,0.74
SEC_025,2024-10-08,5,Cement,1.22
SEC_043,2024-10-06,4,Steel,1.25
SEC_025,2024-07-25,9,Cement,0.81
SEC_024,2024-11-02,19,Coal,1.37
SEC_046,2024-07-27,9,Coal,0.82
SEC_041,2024-01-10,13,Coal,1.15
SEC_025,2024-11-10,9,Foodgrain,1.24
SEC_008,2024-10-08,5,Coal,1.19
SEC_022,2024-06-04,4,Steel,0.88
SEC_034,2024-05-21,10,Foodgrain,1.07
SEC_014,2024-11-23,2,Cement,1.21
SEC_027,2024-06-04,9,Cement,0.86
SEC_033,2024-05-16,9,Foodgrain,0.96
SEC_005,2024-09-25,10,Coal,1.07
SEC_028,2024-04-30,11,Other,0.99
SEC_037,2024-05-27,12,Cement,1.06
SEC_011,2024-10-12,17,Other,1.31
SEC_027,2024-03-22,5,Other,1.06
SEC_035,2024-01-05,2,Cement,1.16
SEC_003,2024-05-03,3,Other,1.06
SEC_032,2024-03-04,11,Foodgrain,1.38
SEC_013,2024-05-12,6,Foodgrain,1.03
SEC_020,2024-01-27,12,Foodgrain,1.21
SEC_032,2024-08-03,9,Foodgrain,0.86
SEC_001,2024-07-06,10,Foodgrain,0.9
SEC_001,2024-04-09,5,Steel,1.03
SEC_022,2024-08-17,5,Cement,0.77
SEC_047,2024-02-22,12,Steel,1.07
SEC_001,2024-01-04,4,Other,1.11
SEC_039,2024-06-23,4,Cement,0.8
SEC_004,2024-02-29,17,Other,1.21
SEC_024,2024-11-09,5,Cement,1.37
SEC_022,2024-04-20,5,Foodgrain,1.3
SEC_023,2024-06-05,4,Steel,0.7
SEC_005,2024-04-17,8,Cement,0.97
SEC_037,2024-06-07,6,Foodgrain,0.74
SEC_014,2024-02-05,5,Steel,1.19
SEC_038,2024-12-07,14,Coal,1.24
SEC_033,2024-03-04,3,Coal,0.97
SEC_028,2024-05-24,8,Steel,1.0
SEC_016,2024-11-06,12,Cement,1.24
SEC_032,2024-06-05,3,Other,0.76
SEC_049,2024-09-13,3,Other,1.02
SEC_046,2024-01-26,8,Foodgrain,1.06
SEC_045,2024-04-18,11,Other,1.07
SEC_011,2024-10-05,18,Coal,1.39
SEC_029,2024-04-06,6,Other,1.07
SEC_020,2024-05-31,8,Other,1.03
SEC_048,2024-01-30,5,Foodgrain,1.07
SEC_047,2024-07-03,6,Coal,0.79
SEC_043,2024-05-07,14,Cement,1.09
SEC_008,2024-11-10,14,Coal,1.27
SEC_016,2024-05-25,12,Cement,0.98
SEC_035,2024-10-29,3,Steel,1.34
SEC_037,2024-11-26,2,Foodgrain,1.25
SEC_018,2024-11-03,7,Other,1.34
SEC_007,2024-09-28,6,Coal,0.97
SEC_007,2024-08-01,12,Coal,0.89
SEC_034,2024-06-24,4,Foodgrain,0.71
SEC_023,2024-01-30,8,Cement,1.13
SEC_025,2024-02-19,12,Steel,1.13
SEC_040,2024-05-19,11,Coal,1.09
SEC_001,2024-08-28,3,Cement,0.82
SEC_037,2024-01-02,13,Cement,1.07
SEC_014,2024-12-08,3,Other,1.09
SEC_046,2024-12-29,3,Other,1.09
SEC_047,2024-01-29,12,Cement,1.22
SEC_025,2024-02-05,9,Coal,1.22
SEC_016,2024-11-06,12,Steel,1.25
SEC_012,2024-03-14,3,Cement,0.99
SEC_009,2024-03-06,7,Foodgrain,1.39
SEC_049,2024-03-09,15,Coal,1.04
SEC_010,2024-09-13,10,Foodgrain,1.06
SEC_022,2024-02-18,8,Cement,1.08
SEC_024,2024-03-08,3,Cement,1.1
SEC_034,2024-05-25,4,Other,1.0
SEC_042,2024-08-07,11,Coal,0.76
SEC_028,2024-12-28,3,Other,1.06
SEC_038,2024-03-27,11,Foodgrain,1.34
SEC_028,2024-04-03,9,Steel,1.08
SEC_022,2024-07-17,6,Other,0.79
SEC_008,2024-06-01,10,Coal,0.78
SEC_011,2024-08-07,2,Coal,0.82
SEC_022,2024-03-31,11,Cement,0.97
SEC_003,2024-08-14,8,Cement,0.78
SEC_016,2024-12-04,9,Coal,1.22
SEC_023,2024-09-06,9,Other,1.08
SEC_024,2024-09-26,3,Other,0.95
SEC_040,2024-01-26,13,Cement,1.16
SEC_048,2024-11-26,12,Steel,1.19
SEC_036,2024-09-14,3,Other,1.06
SEC_004,2024-08-17,10,Coal,0.78
SEC_021,2024-02-26,2,Cement,1.19
SEC_036,2024-07-21,3,Other,0.76
SEC_030,2024-09-04,5,Foodgrain,0.96
SEC_023,2024-08-16,4,Steel,0.78
SEC_022,2024-02-15,16,Foodgrain,1.22
SEC_020,2024-01-16,7,Coal,1.12
SEC_029,2024-06-24,4,Coal,0.87
SEC_009,2024-09-19,15,Steel,1.06
SEC_026,2024-05-21,4,Coal,1.08
SEC_011,2024-09-08,10,Cement,1.09
SEC_034,2024-12-20,7,Cement,1.23
SEC_043,2024-11-21,17,Other,1.32
SEC_025,2024-08-18,10,Steel,0.78
SEC_019,2024-09-23,7,Other,1.01
SEC_047,2024-02-02,9,Steel,1.1
SEC_033,2024-02-01,3,Foodgrain,1.16
SEC_021,2024-09-13,8,Other,0.98
SEC_002,2024-10-20,18,Steel,1.37
SEC_001,2024-03-12,3,Coal,1.08
SEC_011,2024-08-04,11,Other,0.81
SEC_012,2024-04-14,9,Steel,1.08
SEC_036,2024-02-09,10,Steel,1.14
SEC_025,2024-05-18,5,Cement,0.97
SEC_049,2024-06-12,6,Foodgrain,0.84
SEC_027,2024-10-11,15,Coal,1.28
SEC_045,2024-11-12,16,Other,1.22
SEC_028,2024-12-11,17,Foodgrain,1.18
SEC_018,2024-02-08,8,Steel,1.16
SEC_036,2024-12-04,13,Coal,1.12
SEC_023,2024-07-08,8,Cement,0.85
SEC_014,2024-03-03,6,Cement,0.99
SEC_024,2024-08-24,10,Cement,0.75
SEC_033,2024-01-23,16,Cement,1.21
SEC_019,2024-06-17,4,Other,0.74
SEC_035,2024-10-30,2,Cement,1.19
SEC_049,2024-12-21,14,Steel,1.11
SEC_021,2024-04-15,9,Steel,1.05
SEC_015,2024-03-04,5,Steel,0.97
SEC_020,2024-08-01,6,Cement,0.8
SEC_042,2024-02-27,6,Coal,1.1
SEC_009,2024-12-24,13,Steel,1.17
SEC_048,2024-04-29,13,Foodgrain,1.45
SEC_021,2024-03-09,16,Foodgrain,1.48
SEC_042,2024-03-28,2,Coal,1.05
SEC_039,2024-05-17,12,Coal,1.03
SEC_039,2024-09-28,2,Other,0.99
SEC_045,2024-11-13,4,Coal,1.27
SEC_010,2024-09-26,12,Coal,1.07
SEC_030,2024-08-25,6,Coal,0.71
SEC_005,2024-04-08,2,Steel,0.99
SEC_015,2024-12-09,8,Steel,1.13
SEC_002,2024-12-31,7,Other,1.19
SEC_034,2024-08-19,3,Coal,0.77
SEC_030,2024-10-13,8,Coal,1.28
SEC_037,2024-04-21,15,Coal,1.09
SEC_009,2024-06-12,4,Cement,0.78
SEC_017,2024-10-21,8,Other,1.39
SEC_034,2024-06-04,10,Coal,0.87
SEC_041,2024-10-04,14,Foodgrain,1.31
SEC_044,2024-11-10,16,Steel,1.33
SEC_004,2024-12-07,13,Cement,1.22
SEC_020,2024-04-16,13,Cement,1.06
SEC_001,2024-06-23,9,Steel,0.89
SEC_041,2024-05-21,5,Cement,1.09
SEC_007,2024-07-03,6,Coal,0.9
SEC_041,2024-09-28,9,Foodgrain,1.01
SEC_008,2024-04-28,5,Other,0.98
SEC_001,2024-03-26,10,Other,0.97
SEC_044,2024-04-08,7,Coal,1.1
SEC_022,2024-10-07,4,Coal,1.23
SEC_021,2024-12-30,14,Other,1.07
SEC_032,2024-02-07,12,Steel,1.08
SEC_014,2024-12-23,5,Cement,1.16
SEC_034,2024-01-12,9,Foodgrain,1.25
SEC_022,2024-07-12,3,Foodgrain,0.77
SEC_014,2024-02-18,9,Steel,1.22
SEC_020,2024-12-15,9,Cement,1.12
SEC_001,2024-10-05,11,Steel,1.26
SEC_015,2024-05-10,11,Cement,1.0
SEC_029,2024-09-08,3,Steel,1.05
SEC_007,2024-11-07,14,Other,1.16
SEC_006,2024-03-20,12,Cement,1.06
SEC_033,2024-08-20,10,Foodgrain,0.72
SEC_021,2024-04-19,12,Coal,0.96
SEC_007,2024-09-19,10,Steel,1.05
SEC_037,2024-07-26,3,Cement,0.79
SEC_038,2024-09-19,14,Foodgrain,0.97
SEC_002,2024-08-21,9,Coal,0.72
SEC_010,2024-08-20,2,Coal,0.86
SEC_019,2024-01-31,15,Cement,1.07
SEC_036,2024-11-07,12,Steel,1.38
SEC_004,2024-03-03,16,Foodgrain,1.31
SEC_040,2024-05-23,3,Cement,1.08
SEC_016,2024-07-06,11,Other,0.76
SEC_007,2024-11-06,9,Steel,1.3
SEC_043,2024-08-18,12,Cement,0.84
SEC_005,2024-03-08,4,Other,1.08
SEC_007,2024-04-14,3,Other,1.07
SEC_047,2024-03-14,3,Other,0.97
SEC_026,2024-08-04,9,Coal,0.84
SEC_023,2024-09-19,8,Coal,1.02
SEC_034,2024-09-16,2,Other,0.98
SEC_031,2024-10-01,13,Steel,1.18
SEC_031,2024-09-13,13,Steel,1.01
SEC_002,2024-11-26,15,Foodgrain,1.4
SEC_028,2024-11-27,12,Cement,1.2
SEC_014,2024-04-10,10,Coal,0.96
SEC_040,2024-04-21,8,Cement,0.99
SEC_025,2024-01-21,4,Coal,1.22
SEC_007,2024-04-07,3,Steel,1.01
SEC_044,2024-07-04,9,Other,0.71
SEC_014,2024-08-29,4,Coal,0.84
SEC_014,2024-11-16,11,Coal,1.32
SEC_046,2024-08-05,12,Foodgrain,0.89
SEC_038,2024-12-21,17,Steel,1.22
SEC_043,2024-07-21,3,Steel,0.74
SEC_033,2024-11-09,15,Foodgrain,1.39
SEC_045,2024-10-22,10,Coal,1.24
SEC_006,2024-06-28,5,Coal,0.8
SEC_030,2024-11-15,8,Other,1.32
SEC_015,2024-11-11,6,Other,1.19
SEC_020,2024-04-24,12,Foodgrain,1.36
SEC_012,2024-03-19,10,Other,0.96
SEC_011,2024-02-14,9,Other,1.24
SEC_022,2024-12-03,10,Steel,1.07
SEC_045,2024-06-10,9,Coal,0.84
SEC_032,2024-07-26,4,Steel,0.85
SEC_018,2024-04-10,11,Other,1.08
SEC_022,2024-05-22,8,Other,0.98
SEC_026,2024-05-27,9,Cement,1.02
SEC_012,2024-07-31,7,Cement,0.77
SEC_026,2024-03-05,15,Steel,1.07
SEC_035,2024-10-13,7,Foodgrain,1.36
SEC_012,2024-05-23,9,Steel,1.02
SEC_029,2024-03-28,9,Steel,0.96
SEC_035,2024-01-06,7,Cement,1.09
SEC_026,2024-02-07,8,Foodgrain,1.2
SEC_015,2024-04-08,18,Foodgrain,1.49
SEC_028,2024-09-25,2,Steel,1.09
SEC_039,2024-11-08,9,Cement,1.23
SEC_011,2024-12-14,15,Foodgrain,1.06
SEC_029,2024-04-19,9,Coal,1.03
SEC_034,2024-08-21,9,Cement,0.77
SEC_016,2024-04-08,15,Steel,1.1
SEC_019,2024-02-22,16,Foodgrain,1.12
SEC_044,2024-07-17,9,Other,0.7
SEC_018,2024-08-23,3,Cement,0.71
SEC_030,2024-10-05,3,Coal,1.32
SEC_008,2024-02-12,3,Cement,1.15
SEC_046,2024-09-30,4,Steel,0.98
SEC_030,2024-04-21,13,Cement,0.99
SEC_038,2024-04-11,5,Steel,1.05
SEC_030,2024-01-12,10,Foodgrain,1.13
SEC_018,2024-03-15,6,Cement,1.06
SEC_017,2024-06-27,3,Coal,0.84
SEC_035,2024-03-10,5,Coal,0.98
SEC_043,2024-04-27,3,Cement,1.1
SEC_007,2024-07-13,4,Coal,0.73
SEC_042,2024-02-05,5,Other,1.05
SEC_041,2024-11-16,13,Foodgrain,1.32
SEC_006,2024-04-23,10,Coal,0.95
SEC_006,2024-10-04,17,Cement,1.28
SEC_035,2024-08-25,11,Other,0.86
SEC_042,2024-10-01,15,Coal,1.35
SEC_020,2024-04-15,2,Other,0.99
SEC_032,2024-03-03,20,Foodgrain,1.4
SEC_049,2024-02-22,10,Cement,1.2
SEC_016,2024-03-24,8,Steel,1.09
SEC_012,2024-07-18,9,Coal,0.8
SEC_049,2024-08-16,9,Other,0.82
SEC_014,2024-10-02,3,Cement,1.26
SEC_024,2024-12-18,12,Steel,1.07
SEC_022,2024-10-30,15,Steel,1.35
SEC_026,2024-05-10,2,Cement,1.1
SEC_014,2024-06-21,6,Steel,0.72
SEC_034,2024-12-15,10,Cement,1.08
SEC_034,2024-09-17,13,Coal,0.98
SEC_010,2024-06-01,9,Other,0.77
SEC_024,2024-10-31,4,Cement,1.35
SEC_003,2024-02-19,12,Steel,1.11
SEC_011,2024-09-03,6,Foodgrain,1.06
SEC_049,2024-12-13,16,Coal,1.17
SEC_025,2024-07-11,6,Foodgrain,0.71
SEC_031,2024-08-12,4,Steel,0.74
SEC_044,2024-01-22,6,Steel,1.25
SEC_035,2024-08-09,10,Other,0.74
SEC_039,2024-04-16,8,Foodgrain,1.34
SEC_035,2024-12-29,15,Coal,1.14
SEC_025,2024-04-27,3,Foodgrain,1.46
SEC_031,2024-04-24,13,Coal,1.08
SEC_015,2024-05-24,9,Foodgrain,1.08
SEC_044,2024-09-12,5,Cement,0.95
SEC_009,2024-12-14,8,Coal,1.08
SEC_044,2024-05-06,8,Coal,1.01
SEC_044,2024-03-17,7,Steel,1.05
SEC_007,2024-10-06,19,Foodgrain,1.35
SEC_035,2024-07-17,11,Coal,0.76
SEC_049,2024-06-15,8,Steel,0.84
SEC_029,2024-12-28,14,Cement,1.13
SEC_017,2024-06-30,7,Foodgrain,0.81
SEC_044,2024-08-14,7,Foodgrain,0.72
SEC_026,2024-12-25,13,Coal,1.17
SEC_006,2024-03-17,9,Cement,1.0
SEC_013,2024-11-26,20,Foodgrain,1.4
SEC_034,2024-12-17,4,Foodgrain,1.24
SEC_023,2024-06-21,2,Cement,0.83
SEC_011,2024-05-03,2,Coal,0.98
SEC_040,2024-02-29,17,Cement,1.21
SEC_006,2024-01-18,4,Steel,1.06
SEC_011,2024-12-26,3,Coal,1.16
SEC_023,2024-06-06,11,Steel,0.78
SEC_002,2024-09-01,11,Steel,1.02
SEC_019,2024-03-29,17,Foodgrain,1.42
SEC_045,2024-04-28,14,Steel,0.99
SEC_047,2024-10-26,11,Cement,1.27
SEC_043,2024-08-28,6,Steel,0.7
SEC_016,2024-03-21,3,Coal,1.04
SEC_004,2024-01-02,14,Steel,1.08
SEC_040,2024-10-27,14,Foodgrain,1.27
SEC_019,2024-01-30,9,Coal,1.07
SEC_037,2024-01-14,17,Coal,1.22
SEC_006,2024-04-19,12,Coal,1.05
SEC_033,2024-12-06,13,Steel,1.18
SEC_029,2024-08-23,2,Other,0.7
SEC_046,2024-01-16,11,Foodgrain,1.1
SEC_005,2024-12-01,15,Coal,1.24
SEC_020,2024-12-09,8,Coal,1.19
SEC_049,2024-09-12,5,Coal,0.97
SEC_020,2024-01-27,9,Coal,1.07
SEC_033,2024-01-06,8,Foodgrain,1.13
SEC_008,2024-11-15,12,Cement,1.31
SEC_036,2024-10-28,4,Foodgrain,1.25
SEC_014,2024-10-31,5,Foodgrain,1.31
SEC_029,2024-06-27,9,Foodgrain,0.7
SEC_044,2024-08-05,10,Steel,0.84
SEC_033,2024-03-04,15,Other,1.07
SEC_024,2024-01-14,16,Cement,1.12
SEC_010,2024-03-21,7,Other,1.03
SEC_017,2024-08-15,8,Coal,0.82
SEC_042,2024-05-27,3,Foodgrain,1.05
SEC_011,2024-08-14,11,Other,0.8
SEC_033,2024-06-10,2,Cement,0.87
SEC_024,2024-07-22,9,Cement,0.86
SEC_016,2024-12-14,4,Foodgrain,1.12
SEC_036,2024-08-19,5,Steel,0.89
SEC_018,2024-12-15,9,Cement,1.22
SEC_015,2024-12-20,9,Foodgrain,1.14
SEC_026,2024-08-14,7,Foodgrain,0.75
SEC_038,2024-12-30,4,Steel,1.1
SEC_043,2024-04-01,2,Coal,1.09
SEC_031,2024-07-09,4,Cement,0.79
SEC_033,2024-01-28,12,Other,1.19
SEC_039,2024-02-03,12,Coal,1.2
SEC_014,2024-02-18,15,Foodgrain,1.13
SEC_013,2024-02-19,7,Cement,1.15
SEC_024,2024-05-30,5,Coal,1.05
SEC_031,2024-09-20,15,Steel,1.04
SEC_032,2024-12-26,11,Other,1.2
SEC_008,2024-12-25,15,Cement,1.05
SEC_039,2024-03-06,12,Other,0.99
SEC_018,2024-06-08,2,Other,0.88
SEC_043,2024-06-06,9,Cement,0.78
SEC_036,2024-02-05,10,Steel,1.15
SEC_049,2024-01-15,7,Other,1.2
SEC_031,2024-05-09,6,Foodgrain,0.95
SEC_026,2024-11-09,11,Foodgrain,1.24
SEC_010,2024-05-20,8,Foodgrain,1.01
SEC_020,2024-05-20,14,Foodgrain,0.99
SEC_043,2024-12-30,3,Foodgrain,1.06
SEC_019,2024-05-18,10,Cement,1.09
SEC_003,2024-09-08,2,Coal,1.01
SEC_013,2024-12-25,7,Foodgrain,1.07
SEC_030,2024-02-13,4,Foodgrain,1.18
SEC_031,2024-07-05,12,Foodgrain,0.88
SEC_049,2024-05-03,6,Cement,1.06
SEC_046,2024-02-13,15,Steel,1.21
SEC_027,2024-01-18,12,Other,1.22
SEC_028,2024-08-25,2,Coal,0.74
SEC_040,2024-08-27,2,Cement,0.79
SEC_003,2024-07-24,5,Coal,0.81
SEC_030,2024-09-03,7,Cement,1.09
SEC_024,2024-09-20,5,Coal,0.97
SEC_039,2024-01-22,16,Steel,1.13
SEC_040,2024-01-13,15,Steel,1.22
SEC_033,2024-05-02,6,Coal,1.03
SEC_033,2024-07-27,11,Steel,0.84
SEC_034,2024-11-26,11,Cement,1.37
SEC_029,2024-12-24,3,Coal,1.16
SEC_012,2024-10-29,3,Cement,1.35
SEC_014,2024-04-16,20,Foodgrain,1.4
SEC_037,2024-07-29,8,Other,0.76
SEC_031,2024-02-12,13,Cement,1.19
SEC_012,2024-06-26,10,Foodgrain,0.9
SEC_044,2024-02-06,4,Other,1.12
SEC_049,2024-12-29,5,Coal,1.15
SEC_031,2024-06-14,6,Foodgrain,0.84
SEC_012,2024-09-21,9,Steel,1.08
SEC_046,2024-02-08,14,Foodgrain,1.24
SEC_012,2024-12-14,15,Foodgrain,1.08
SEC_022,2024-07-10,4,Foodgrain,0.75
SEC_043,2024-01-27,6,Steel,1.24
SEC_026,2024-05-14,10,Cement,1.07
SEC_012,2024-03-18,3,Coal,1.02
SEC_004,2024-01-26,4,Coal,1.24
SEC_018,2024-01-12,5,Coal,1.16
SEC_033,2024-09-17,9,Foodgrain,1.05
SEC_036,2024-11-13,3,Foodgrain,1.26
SEC_011,2024-08-29,5,Other,0.88
SEC_008,2024-09-11,2,Steel,1.05
SEC_035,2024-01-14,15,Foodgrain,1.22
SEC_008,2024-03-06,7,Other,0.99
SEC_004,2024-01-13,5,Cement,1.2
SEC_024,2024-12-22,7,Other,1.12
SEC_028,2024-09-27,13,Foodgrain,0.99
SEC_012,2024-12-15,17,Coal,1.2
SEC_011,2024-11-27,12,Foodgrain,1.18
SEC_012,2024-03-23,5,Cement,1.08
SEC_017,2024-07-06,12,Coal,0.87
SEC_001,2024-08-24,5,Foodgrain,0.84
SEC_001,2024-09-28,8,Foodgrain,0.97
SEC_019,2024-09-01,3,Other,1.09
SEC_001,2024-06-14,11,Other,0.81
SEC_016,2024-01-02,3,Cement,1.15
SEC_029,2024-12-09,5,Steel,1.14
SEC_002,2024-09-09,13,Steel,0.95
SEC_031,2024-11-02,4,Foodgrain,1.33
SEC_031,2024-03-22,12,Coal,1.07
SEC_029,2024-02-08,2,Cement,1.21
SEC_031,2024-11-25,14,Other,1.26
SEC_040,2024-10-21,16,Coal,1.16
SEC_004,2024-11-02,17,Other,1.21
SEC_009,2024-06-10,8,Coal,0.76
SEC_016,2024-11-27,4,Foodgrain,1.23
SEC_034,2024-03-23,5,Steel,1.0
SEC_043,2024-10-04,8,Foodgrain,1.25
SEC_046,2024-06-29,7,Foodgrain,0.83
SEC_029,2024-03-01,20,Foodgrain,1.4
SEC_021,2024-09-19,8,Coal,1.1
SEC_021,2024-05-11,2,Cement,1.01
SEC_003,2024-02-28,15,Other,1.06
SEC_023,2024-09-16,10,Foodgrain,1.1
SEC_026,2024-10-09,5,Other,1.2
SEC_011,2024-04-28,12,Coal,1.06
SEC_038,2024-12-19,4,Cement,1.07
SEC_040,2024-09-16,7,Steel,0.97
SEC_015,2024-01-09,12,Cement,1.12
SEC_045,2024-05-03,12,Foodgrain,0.99
SEC_006,2024-12-22,5,Coal,1.24
SEC_045,2024-03-06,12,Steel,0.99
SEC_038,2024-12-14,3,Foodgrain,1.14
SEC_011,2024-07-08,8,Other,0.82
SEC_032,2024-09-04,8,Coal,1.03
SEC_016,2024-09-08,7,Other,1.09
SEC_040,2024-07-06,9,Coal,0.72
SEC_008,2024-07-08,7,Steel,0.71
SEC_013,2024-07-26,9,Coal,0.81
SEC_016,2024-08-22,3,Other,0.72
SEC_010,2024-09-26,9,Foodgrain,0.96
SEC_017,2024-06-09,10,Cement,0.73
SEC_030,2024-06-08,8,Cement,0.77
SEC_032,2024-10-11,9,Foodgrain,1.16
SEC_028,2024-10-04,19,Steel,1.38
SEC_010,2024-08-25,2,Coal,0.88
SEC_010,2024-06-17,5,Foodgrain,0.71
SEC_046,2024-07-29,6,Foodgrain,0.86
SEC_013,2024-07-27,8,Foodgrain,0.7
SEC_006,2024-06-08,9,Other,0.79
SEC_023,2024-03-06,6,Coal,1.02
SEC_001,2024-07-15,3,Cement,0.75
SEC_017,2024-06-11,3,Coal,0.86
SEC_042,2024-01-19,2,Foodgrain,1.11
SEC_014,2024-12-15,3,Cement,1.11
SEC_035,2024-09-01,5,Coal,1.0
SEC_025,2024-02-11,11,Foodgrain,1.07
SEC_018,2024-03-15,4,Steel,1.03
SEC_033,2024-07-28,11,Foodgrain,0.81
SEC_030,2024-11-10,18,Foodgrain,1.28
SEC_016,2024-06-26,5,Foodgrain,0.79
SEC_011,2024-10-24,4,Cement,1.33
SEC_045,2024-02-16,11,Steel,1.14
SEC_009,2024-07-12,8,Other,0.74
SEC_048,2024-10-29,3,Other,1.3
SEC_024,2024-11-06,14,Foodgrain,1.24
SEC_049,2024-03-28,11,Other,1.02
SEC_018,2024-09-02,2,Steel,0.99
SEC_028,2024-01-15,6,Steel,1.08
SEC_031,2024-02-21,6,Steel,1.07
SEC_017,2024-11-25,4,Cement,1.36
SEC_011,2024-09-28,12,Coal,1.08
SEC_026,2024-03-16,9,Steel,1.09
SEC_033,2024-12-30,11,Coal,1.2
SEC_013,2024-12-29,6,Foodgrain,1.15
SEC_038,2024-01-15,14,Steel,1.16
SEC_032,2024-01-10,8,Other,1.2
SEC_009,2024-03-30,5,Cement,1.05
SEC_046,2024-10-17,9,Other,1.29
SEC_003,2024-08-06,4,Foodgrain,0.84
SEC_033,2024-07-06,3,Foodgrain,0.77
SEC_022,2024-05-31,10,Other,1.05
SEC_033,2024-06-24,6,Cement,0.83
SEC_038,2024-08-21,8,Other,0.78
SEC_034,2024-01-24,14,Other,1.17
SEC_032,2024-08-02,9,Coal,0.71
SEC_042,2024-03-21,5,Steel,1.07
SEC_035,2024-10-15,4,Cement,1.27
SEC_040,2024-03-12,12,Coal,0.97
SEC_020,2024-01-26,13,Coal,1.06
SEC_010,2024-06-08,5,Coal,0.84
SEC_012,2024-06-10,5,Coal,0.75
SEC_030,2024-07-08,8,Cement,0.89
SEC_027,2024-11-10,6,Steel,1.2
SEC_004,2024-09-13,13,Other,1.01
SEC_011,2024-05-12,5,Coal,1.06
SEC_048,2024-09-22,5,Foodgrain,0.95
SEC_036,2024-07-03,8,Cement,0.78
SEC_037,2024-03-22,3,Steel,1.07
SEC_010,2024-01-08,6,Cement,1.05
SEC_004,2024-01-02,16,Other,1.2
SEC_015,2024-03-23,3,Cement,1.02
SEC_042,2024-10-26,19,Cement,1.36
SEC_025,2024-06-18,10,Foodgrain,0.75
SEC_039,2024-06-14,10,Other,0.87
SEC_024,2024-05-26,13,Cement,1.09
SEC_025,2024-04-03,6,Coal,1.07
SEC_030,2024-09-18,3,Cement,1.09
SEC_047,2024-01-05,7,Coal,1.05
SEC_022,2024-08-11,5,Other,0.78
SEC_030,2024-12-08,2,Steel,1.15
SEC_046,2024-11-18,6,Cement,1.18
SEC_019,2024-05-15,15,Cement,1.08
SEC_042,2024-11-08,13,Steel,1.27
SEC_027,2024-03-27,14,Other,1.07
SEC_044,2024-03-29,17,Foodgrain,1.34
SEC_023,2024-05-05,5,Foodgrain,1.0
SEC_031,2024-01-07,16,Foodgrain,1.16
SEC_016,2024-04-07,9,Steel,0.99
SEC_032,2024-11-08,6,Coal,1.4
SEC_016,2024-10-06,18,Other,1.28
SEC_030,2024-04-30,14,Other,1.05
SEC_039,2024-04-24,4,Other,1.02
SEC_022,2024-05-07,13,Other,1.0
SEC_022,2024-02-13,4,Cement,1.2
SEC_016,2024-02-27,9,Other,1.23
SEC_036,2024-12-29,9,Other,1.15
SEC_030,2024-09-10,6,Steel,1.06
SEC_026,2024-09-04,6,Foodgrain,1.08
SEC_002,2024-04-12,13,Coal,1.02
SEC_006,2024-11-09,15,Cement,1.26
SEC_001,2024-03-05,3,Coal,0.96
SEC_042,2024-12-20,14,Cement,1.24
SEC_042,2024-07-03,9,Other,0.82
SEC_004,2024-05-01,8,Foodgrain,1.04
SEC_003,2024-10-01,3,Cement,1.26
SEC_039,2024-06-01,12,Other,0.88
SEC_026,2024-04-08,8,Cement,1.04
SEC_016,2024-09-07,6,Foodgrain,1.01
SEC_031,2024-09-21,3,Other,1.0
SEC_012,2024-08-08,6,Coal,0.72
SEC_010,2024-06-18,8,Steel,0.9
SEC_019,2024-04-30,8,Steel,1.0
SEC_044,2024-05-27,12,Steel,0.96
SEC_038,2024-11-16,17,Cement,1.28
SEC_010,2024-05-11,10,Cement,1.0
SEC_028,2024-12-19,4,Coal,1.07
SEC_044,2024-02-23,4,Steel,1.06
SEC_047,2024-02-29,9,Other,1.23
SEC_038,2024-05-01,2,Foodgrain,0.96
SEC_007,2024-01-02,6,Steel,1.21
SEC_012,2024-11-17,6,Foodgrain,1.24
SEC_011,2024-05-04,6,Cement,1.0
SEC_008,2024-02-07,16,Foodgrain,1.24
SEC_009,2024-08-14,4,Other,0.89
SEC_016,2024-12-16,5,Other,1.09
SEC_028,2024-12-29,17,Other,1.22
SEC_020,2024-02-09,15,Coal,1.12
SEC_021,2024-10-17,6,Foodgrain,1.29
SEC_013,2024-05-12,7,Foodgrain,0.95
SEC_008,2024-11-02,15,Cement,1.25
SEC_049,2024-08-09,11,Other,0.87
SEC_030,2024-09-24,8,Foodgrain,0.97
SEC_012,2024-11-02,6,Steel,1.17
SEC_040,2024-11-23,11,Other,1.22
SEC_041,2024-02-22,5,Cement,1.06
SEC_048,2024-09-21,9,Foodgrain,1.08
SEC_008,2024-02-21,15,Other,1.24
SEC_032,2024-12-11,17,Steel,1.2
SEC_049,2024-08-17,9,Steel,0.86
SEC_040,2024-03-11,10,Coal,1.05
SEC_012,2024-04-17,4,Coal,0.98
SEC_044,2024-11-23,5,Other,1.28
SEC_021,2024-08-23,7,Coal,0.71
SEC_024,2024-03-24,3,Cement,1.03
SEC_028,2024-10-27,15,Coal,1.18
SEC_038,2024-09-19,13,Steel,1.0
SEC_006,2024-01-29,16,Steel,1.12
SEC_027,2024-04-13,8,Steel,0.95
SEC_041,2024-11-05,14,Coal,1.4
SEC_027,2024-05-08,13,Other,0.98
SEC_014,2024-01-14,5,Foodgrain,1.14
SEC_003,2024-08-09,10,Foodgrain,0.81
SEC_027,2024-11-24,17,Cement,1.4
SEC_035,2024-07-22,11,Other,0.86
SEC_027,2024-12-23,6,Steel,1.21
SEC_048,2024-02-11,9,Foodgrain,1.18
SEC_030,2024-09-01,8,Foodgrain,1.05
SEC_025,2024-08-25,9,Steel,0.79
SEC_003,2024-12-26,12,Coal,1.2
SEC_028,2024-07-09,1,Other,0.7
SEC_009,2024-10-27,12,Cement,1.19
SEC_036,2024-02-23,13,Cement,1.12
SEC_008,2024-01-17,9,Steel,1.24
SEC_045,2024-09-19,2,Cement,1.0
SEC_015,2024-01-02,13,Coal,1.12
SEC_022,2024-11-16,12,Coal,1.21
SEC_008,2024-01-08,7,Other,1.07
SEC_011,2024-09-08,2,Steel,1.07
SEC_046,2024-06-14,7,Cement,0.84
SEC_014,2024-08-24,3,Steel,0.86
SEC_026,2024-08-16,6,Cement,0.79
SEC_049,2024-06-11,10,Cement,0.75
SEC_031,2024-06-25,10,Cement,0.87
SEC_003,2024-07-03,8,Other,0.81
SEC_018,2024-09-04,2,Foodgrain,1.06
SEC_019,2024-09-16,15,Other,1.05
SEC_014,2024-06-13,5,Steel,0.78
SEC_012,2024-05-09,14,Other,1.02
SEC_025,2024-01-16,14,Foodgrain,1.19
SEC_019,2024-10-12,6,Other,1.28
SEC_015,2024-03-23,13,Other,1.08
SEC_021,2024-06-07,6,Cement,0.71
SEC_017,2024-12-29,2,Other,1.15
SEC_012,2024-10-14,16,Cement,1.35
SEC_023,2024-05-06,3,Cement,1.08
SEC_047,2024-06-22,8,Steel,0.73
SEC_025,2024-04-28,12,Steel,1.07
SEC_030,2024-08-17,6,Coal,0.71
SEC_049,2024-02-25,16,Cement,1.22
SEC_031,2024-12-14,2,Cement,1.08
SEC_011,2024-12-27,5,Cement,1.22
SEC_020,2024-04-19,4,Cement,1.09
SEC_024,2024-03-25,8,Steel,0.97
SEC_024,2024-07-16,5,Other,0.76
SEC_008,2024-08-24,5,Foodgrain,0.83
SEC_006,2024-08-23,3,Cement,0.84
SEC_018,2024-01-16,11,Coal,1.23
SEC_045,2024-09-17,3,Foodgrain,0.95
SEC_036,2024-01-25,8,Foodgrain,1.11
SEC_042,2024-05-05,5,Other,1.06
SEC_009,2024-09-19,11,Cement,1.08
SEC_021,2024-11-20,9,Other,1.23
SEC_029,2024-08-20,11,Steel,0.81
SEC_022,2024-02-28,13,Cement,1.08
SEC_021,2024-09-05,12,Cement,0.99
SEC_018,2024-01-14,7,Steel,1.2
SEC_003,2024-03-25,8,Steel,1.03
SEC_043,2024-02-15,14,Cement,1.16
SEC_046,2024-12-26,16,Coal,1.17
SEC_004,2024-05-14,10,Foodgrain,0.96
SEC_021,2024-07-23,11,Cement,0.76
SEC_026,2024-10-16,14,Other,1.27
SEC_039,2024-12-20,13,Foodgrain,1.07
SEC_049,2024-12-30,13,Cement,1.1
SEC_021,2024-03-01,13,Other,0.97
SEC_037,2024-05-24,11,Steel,1.03
SEC_046,2024-05-28,4,Cement,1.0
SEC_041,2024-10-18,5,Cement,1.35
SEC_015,2024-05-02,15,Other,1.04
SEC_041,2024-03-25,3,Cement,1.0
SEC_021,2024-10-03,4,Coal,1.25
SEC_001,2024-06-30,12,Coal,0.86
SEC_038,2024-09-30,11,Cement,1.0
SEC_041,2024-05-19,9,Steel,0.98
SEC_017,2024-06-27,8,Steel,0.87
SEC_023,2024-01-04,9,Foodgrain,1.16
SEC_018,2024-01-06,11,Cement,1.19
SEC_006,2024-01-01,8,Steel,1.08
SEC_049,2024-03-05,13,Foodgrain,1.32
SEC_002,2024-05-07,9,Foodgrain,0.97
SEC_028,2024-01-19,2,Coal,1.17
SEC_001,2024-02-28,12,Cement,1.24
SEC_034,2024-11-06,4,Foodgrain,1.27
SEC_045,2024-11-08,11,Steel,1.37
SEC_032,2024-04-16,13,Cement,1.01
SEC_030,2024-12-12,14,Coal,1.2
SEC_041,2024-02-13,2,Steel,1.2
SEC_048,2024-01-12,12,Steel,1.2
SEC_043,2024-05-09,9,Cement,0.97
SEC_012,2024-04-06,5,Other,0.99
SEC_028,2024-01-29,4,Other,1.06
SEC_041,2024-11-06,3,Coal,1.37
SEC_015,2024-12-24,4,Coal,1.09
SEC_034,2024-04-08,14,Cement,1.06
SEC_002,2024-04-25,8,Foodgrain,1.38
SEC_043,2024-09-19,11,Steel,0.96
SEC_031,2024-12-07,18,Other,1.25
SEC_037,2024-04-14,12,Coal,1.01
SEC_041,2024-09-06,4,Coal,1.06
SEC_011,2024-01-09,5,Foodgrain,1.2
SEC_023,2024-07-26,2,Steel,0.8
SEC_043,2024-12-27,12,Steel,1.09
SEC_009,2024-06-23,4,Cement,0.8
SEC_041,2024-08-22,5,Steel,0.78
SEC_015,2024-09-08,8,Foodgrain,1.01
SEC_029,2024-08-19,6,Foodgrain,0.71
SEC_025,2024-09-08,2,Cement,0.99
SEC_034,2024-11-20,5,Other,1.28
SEC_041,2024-01-04,5,Cement,1.18
SEC_018,2024-11-19,15,Steel,1.34
SEC_009,2024-11-28,18,Foodgrain,1.39
SEC_021,2024-11-26,4,Foodgrain,1.24
SEC_030,2024-05-14,15,Foodgrain,1.08
SEC_037,2024-08-01,2,Steel,0.76
SEC_037,2024-05-09,6,Coal,0.98
SEC_017,2024-11-03,7,Steel,1.37
SEC_046,2024-05-28,8,Foodgrain,0.98
SEC_005,2024-04-24,7,Coal,1.07
SEC_006,2024-09-07,14,Coal,1.05
SEC_002,2024-01-19,16,Foodgrain,1.13
SEC_046,2024-05-17,4,Other,1.06
SEC_009,2024-03-16,7,Coal,1.07
SEC_030,2024-05-16,8,Coal,1.06
SEC_040,2024-06-13,9,Steel,0.74
SEC_038,2024-01-24,9,Coal,1.12
SEC_047,2024-11-12,11,Other,1.4
SEC_003,2024-06-01,5,Cement,0.74
SEC_020,2024-05-11,10,Coal,0.98
SEC_025,2024-02-24,18,Coal,1.25
SEC_035,2024-12-30,11,Foodgrain,1.21
SEC_031,2024-11-09,11,Foodgrain,1.32
SEC_028,2024-06-25,7,Cement,0.84
SEC_016,2024-05-02,3,Other,0.97
SEC_006,2024-06-20,5,Steel,0.78
SEC_022,2024-12-17,7,Cement,1.14
SEC_013,2024-03-22,14,Steel,1.0
SEC_028,2024-09-07,11,Steel,1.06
SEC_040,2024-11-26,18,Other,1.37
SEC_028,2024-10-03,9,Steel,1.22
SEC_029,2024-11-14,8,Coal,1.19
SEC_003,2024-12-12,10,Foodgrain,1.06
SEC_032,2024-01-22,15,Foodgrain,1.22
SEC_022,2024-03-28,11,Foodgrain,1.42
SEC_007,2024-02-22,10,Coal,1.13
SEC_011,2024-07-26,2,Coal,0.86
SEC_039,2024-05-29,14,Cement,1.02
SEC_045,2024-01-15,8,Coal,1.2
SEC_025,2024-07-23,3,Steel,0.77
SEC_048,2024-02-06,12,Other,1.2
SEC_009,2024-05-29,6,Steel,1.1
SEC_015,2024-05-14,10,Steel,0.95
SEC_046,2024-11-23,5,Other,1.31
SEC_009,2024-09-06,10,Cement,0.97
SEC_033,2024-08-16,5,Cement,0.85
SEC_011,2024-10-31,8,Coal,1.31
SEC_017,2024-03-07,9,Steel,0.99
SEC_024,2024-04-03,6,Foodgrain,1.38
SEC_018,2024-10-02,2,Other,1.2
SEC_043,2024-10-01,19,Foodgrain,1.33
SEC_048,2024-01-08,7,Cement,1.06
SEC_025,2024-03-23,7,Steel,1.09
SEC_026,2024-03-24,4,Steel,1.04
SEC_003,2024-01-03,9,Cement,1.16
SEC_012,2024-08-30,6,Foodgrain,0.76
SEC_002,2024-01-20,8,Coal,1.09
SEC_042,2024-11-03,15,Steel,1.33
SEC_012,2024-08-02,4,Other,0.78
SEC_017,2024-10-05,11,Foodgrain,1.38
SEC_042,2024-06-30,5,Cement,0.77
SEC_035,2024-12-21,8,Other,1.13
SEC_031,2024-04-08,5,Steel,1.06
SEC_002,2024-07-23,5,Steel,0.84
SEC_028,2024-01-03,6,Foodgrain,1.13
SEC_028,2024-10-31,3,Foodgrain,1.28
SEC_016,2024-07-26,10,Other,0.77
SEC_037,2024-03-05,12,Coal,1.04
SEC_046,2024-10-26,17,Foodgrain,1.22
SEC_013,2024-12-28,7,Coal,1.2
SEC_017,2024-01-26,11,Steel,1.08
SEC_016,2024-11-05,8,Foodgrain,1.4
SEC_041,2024-09-26,12,Cement,1.01
SEC_004,2024-05-09,10,Other,1.03
SEC_044,2024-08-20,4,Coal,0.75
SEC_038,2024-10-14,15,Other,1.37
SEC_024,2024-06-24,7,Cement,0.77
SEC_029,2024-08-31,11,Steel,0.87
SEC_044,2024-01-18,8,Steel,1.09
SEC_038,2024-12-04,4,Cement,1.08
SEC_014,2024-12-04,16,Cement,1.13
SEC_003,2024-03-17,12,Steel,1.01
SEC_033,2024-06-23,7,Foodgrain,0.82
SEC_008,2024-03-28,11,Other,1.01
SEC_005,2024-05-26,14,Coal,1.0
SEC_049,2024-04-10,9,Foodgrain,1.32
SEC_024,2024-11-11,17,Other,1.2
SEC_032,2024-09-11,9,Coal,1.09
SEC_011,2024-11-05,16,Foodgrain,1.34
SEC_005,2024-10-17,6,Foodgrain,1.18
SEC_004,2024-09-23,2,Steel,0.98
SEC_018,2024-03-01,19,Foodgrain,1.38
SEC_001,2024-10-30,15,Cement,1.25
SEC_021,2024-10-13,13,Steel,1.16
SEC_016,2024-02-15,2,Foodgrain,1.14
SEC_026,2024-02-02,11,Foodgrain,1.06
SEC_029,2024-10-05,13,Coal,1.21
SEC_016,2024-05-22,10,Steel,1.02
SEC_023,2024-04-30,12,Cement,1.03
SEC_004,2024-05-25,11,Foodgrain,1.08
SEC_015,2024-11-13,15,Other,1.19
SEC_048,2024-05-13,7,Other,0.95
SEC_049,2024-05-15,14,Steel,1.05
SEC_024,2024-05-26,13,Other,1.09
SEC_047,2024-01-20,4,Other,1.25
SEC_025,2024-01-14,18,Foodgrain,1.25
SEC_007,2024-05-31,5,Cement,0.96
SEC_043,2024-01-07,4,Steel,1.12
SEC_021,2024-10-03,9,Coal,1.22
SEC_031,2024-06-04,8,Steel,0.71
SEC_032,2024-07-02,10,Cement,0.74
SEC_016,2024-05-03,9,Foodgrain,1.08
SEC_036,2024-10-06,7,Foodgrain,1.36
SEC_025,2024-06-05,10,Foodgrain,0.76
SEC_018,2024-01-13,4,Cement,1.21
SEC_015,2024-06-27,10,Cement,0.76
SEC_037,2024-03-05,6,Cement,1.01
SEC_013,2024-08-05,4,Foodgrain,0.82
SEC_007,2024-07-25,7,Coal,0.72
SEC_044,2024-06-22,10,Steel,0.89
SEC_017,2024-05-21,2,Coal,1.08
SEC_032,2024-08-06,5,Cement,0.84
SEC_036,2024-09-05,5,Steel,1.04
SEC_042,2024-11-17,18,Steel,1.29
SEC_031,2024-12-18,12,Foodgrain,1.2
SEC_035,2024-01-31,16,Foodgrain,1.15
SEC_042,2024-08-29,8,Other,0.74
SEC_047,2024-01-31,8,Coal,1.19
SEC_003,2024-06-01,6,Other,0.89
SEC_037,2024-09-28,15,Steel,1.08
SEC_009,2024-07-17,2,Other,0.85
SEC_044,2024-10-22,3,Foodgrain,1.3
SEC_003,2024-11-30,13,Foodgrain,1.21
SEC_013,2024-12-22,7,Cement,1.21
SEC_010,2024-09-03,3,Coal,1.08
SEC_030,2024-09-03,8,Cement,1.02
SEC_001,2024-10-20,4,Cement,1.33
SEC_001,2024-03-26,13,Coal,1.01
SEC_025,2024-04-20,5,Coal,1.05
SEC_048,2024-05-04,11,Cement,1.0
SEC_026,2024-09-29,4,Coal,1.04
SEC_022,2024-05-08,3,Foodgrain,1.0
SEC_033,2024-02-21,2,Steel,1.1
SEC_028,2024-10-19,4,Cement,1.26
SEC_019,2024-10-01,11,Other,1.27
SEC_029,2024-08-05,8,Other,0.88
SEC_001,2024-11-18,8,Cement,1.37
SEC_012,2024-10-16,4,Cement,1.27
SEC_034,2024-11-25,13,Coal,1.29
SEC_017,2024-04-05,14,Other,0.97
SEC_003,2024-02-12,8,Other,1.19
SEC_007,2024-05-05,5,Coal,0.99
SEC_043,2024-10-30,8,Cement,1.33
SEC_017,2024-12-04,4,Coal,1.2
SEC_002,2024-02-10,10,Cement,1.2
SEC_036,2024-11-09,18,Steel,1.36
SEC_026,2024-06-24,7,Coal,0.84
SEC_023,2024-10-26,10,Steel,1.15
SEC_044,2024-09-06,2,Steel,1.04
SEC_016,2024-01-22,8,Steel,1.18
SEC_029,2024-06-26,4,Steel,0.82
SEC_037,2024-02-02,3,Foodgrain,1.07
SEC_030,2024-05-04,12,Cement,1.0
SEC_011,2024-10-04,12,Foodgrain,1.29
SEC_034,2024-09-07,14,Foodgrain,1.03
SEC_037,2024-09-14,6,Steel,1.03
SEC_006,2024-08-29,2,Steel,0.71
SEC_009,2024-01-06,14,Coal,1.23
SEC_034,2024-08-01,11,Steel,0.86
SEC_006,2024-06-26,4,Coal,0.9
SEC_044,2024-07-12,3,Foodgrain,0.85
SEC_006,2024-03-18,6,Cement,0.97
SEC_048,2024-09-15,11,Other,1.06
SEC_033,2024-08-10,3,Steel,0.84
SEC_022,2024-05-27,5,Coal,1.08
SEC_014,2024-01-21,2,Other,1.16
SEC_017,2024-01-26,15,Cement,1.14
SEC_037,2024-05-11,5,Steel,1.0
SEC_037,2024-07-15,11,Other,0.86
SEC_011,2024-12-30,14,Cement,1.07
SEC_027,2024-09-21,7,Cement,0.96
SEC_049,2024-06-26,4,Steel,0.87
SEC_013,2024-04-19,11,Foodgrain,1.35
SEC_034,2024-03-02,12,Steel,0.96
SEC_009,2024-02-21,6,Cement,1.12
SEC_041,2024-01-27,12,Other,1.24
SEC_009,2024-11-29,18,Other,1.27
SEC_015,2024-01-06,17,Steel,1.23
SEC_023,2024-11-12,16,Cement,1.34
SEC_019,2024-08-01,9,Cement,0.75
SEC_009,2024-08-14,10,Coal,0.9
SEC_032,2024-12-16,16,Cement,1.22
SEC_001,2024-10-14,10,Coal,1.15
SEC_049,2024-02-23,8,Coal,1.13
SEC_003,2024-12-20,11,Coal,1.08
SEC_017,2024-03-05,15,Foodgrain,1.38
SEC_046,2024-07-27,10,Coal,0.88
SEC_008,2024-08-22,11,Foodgrain,0.84
SEC_004,2024-03-30,9,Cement,0.98
SEC_037,2024-08-18,7,Foodgrain,0.83
SEC_004,2024-08-21,9,Steel,0.79
SEC_045,2024-12-24,2,Steel,1.23
SEC_023,2024-11-30,8,Cement,1.31
SEC_043,2024-05-26,9,Steel,1.08
SEC_013,2024-09-09,13,Cement,1.02
SEC_007,2024-10-27,10,Cement,1.27
SEC_048,2024-01-10,16,Foodgrain,1.14
SEC_038,2024-09-07,7,Steel,0.95
SEC_045,2024-12-01,9,Coal,1.17
SEC_016,2024-02-14,8,Cement,1.2
SEC_020,2024-10-02,4,Steel,1.29
SEC_029,2024-01-23,11,Foodgrain,1.17
SEC_022,2024-05-27,10,Coal,0.99
SEC_012,2024-10-26,4,Cement,1.34
SEC_019,2024-12-27,13,Other,1.08
SEC_030,2024-09-23,10,Other,1.07
SEC_002,2024-09-21,10,Steel,1.02
SEC_017,2024-04-04,9,Coal,1.07
SEC_015,2024-10-29,4,Coal,1.24
SEC_004,2024-08-29,4,Steel,0.88
SEC_007,2024-12-11,4,Coal,1.24
SEC_025,2024-08-08,9,Coal,0.83
SEC_006,2024-01-15,2,Cement,1.08
SEC_017,2024-07-06,2,Coal,0.71
SEC_028,2024-10-10,15,Cement,1.21
SEC_043,2024-10-15,18,Other,1.29
SEC_005,2024-05-21,14,Other,1.09
SEC_022,2024-03-03,12,Other,1.08
SEC_006,2024-11-14,10,Steel,1.19
SEC_022,2024-10-28,11,Cement,1.24
SEC_024,2024-11-17,8,Coal,1.4
SEC_040,2024-09-02,6,Steel,1.07
SEC_022,2024-10-30,8,Cement,1.25
SEC_046,2024-05-27,3,Steel,0.99
SEC_007,2024-10-12,8,Steel,1.17
SEC_003,2024-06-27,5,Foodgrain,0.87
SEC_001,2024-10-17,10,Steel,1.3
SEC_018,2024-02-23,13,Cement,1.09
SEC_010,2024-04-18,7,Other,1.02
SEC_005,2024-03-19,11,Foodgrain,1.32
SEC_012,2024-05-28,2,Foodgrain,1.04
SEC_048,2024-10-25,6,Cement,1.29
SEC_040,2024-02-12,12,Foodgrain,1.23
SEC_001,2024-09-24,3,Foodgrain,1.1
SEC_045,2024-10-30,14,Other,1.16
SEC_011,2024-09-02,13,Steel,1.0
SEC_020,2024-08-24,11,Steel,0.88
SEC_017,2024-02-20,5,Coal,1.23
SEC_020,2024-08-12,9,Coal,0.87
SEC_038,2024-03-23,14,Cement,0.97
SEC_035,2024-03-31,7,Steel,0.96
SEC_030,2024-11-11,17,Cement,1.22
SEC_031,2024-08-13,9,Coal,0.74
SEC_036,2024-12-29,16,Cement,1.2
SEC_010,2024-06-15,10,Foodgrain,0.88
SEC_020,2024-05-10,13,Other,1.1
SEC_006,2024-12-30,13,Other,1.19
SEC_035,2024-08-15,11,Foodgrain,0.86
SEC_022,2024-11-11,5,Other,1.33
SEC_032,2024-01-17,17,Other,1.23
SEC_028,2024-07-11,5,Cement,0.7
SEC_014,2024-10-25,5,Foodgrain,1.23
SEC_007,2024-10-22,4,Other,1.31
SEC_048,2024-09-18,11,Other,1.08
SEC_015,2024-03-01,4,Foodgrain,1.39
SEC_006,2024-07-19,12,Steel,0.83
SEC_015,2024-02-07,14,Steel,1.09
SEC_045,2024-10-20,9,Other,1.28
SEC_013,2024-08-18,2,Coal,0.78
SEC_049,2024-03-11,11,Coal,1.0
SEC_023,2024-09-23,4,Foodgrain,0.97
SEC_043,2024-09-20,13,Other,1.01
SEC_033,2024-01-20,2,Steel,1.23
SEC_003,2024-02-02,17,Foodgrain,1.24
SEC_025,2024-03-14,12,Coal,0.95
SEC_021,2024-01-26,13,Other,1.12
SEC_010,2024-07-15,5,Other,0.77
SEC_027,2024-11-18,16,Cement,1.35
SEC_006,2024-01-23,11,Coal,1.09
SEC_035,2024-08-12,9,Coal,0.72
SEC_041,2024-06-04,8,Cement,0.87
SEC_005,2024-11-02,18,Coal,1.31
SEC_024,2024-06-25,4,Coal,0.81
SEC_033,2024-09-01,13,Other,1.03
SEC_004,2024-12-03,14,Foodgrain,1.14
SEC_020,2024-02-19,7,Foodgrain,1.19
SEC_013,2024-04-25,5,Cement,0.95
SEC_002,2024-04-08,10,Steel,1.07
SEC_040,2024-03-02,15,Steel,1.1
SEC_022,2024-08-25,3,Foodgrain,0.85
SEC_037,2024-01-03,11,Coal,1.12
SEC_029,2024-05-21,10,Steel,1.09
SEC_043,2024-02-14,10,Foodgrain,1.2
SEC_049,2024-08-13,5,Other,0.81
SEC_030,2024-10-01,17,Cement,1.32
SEC_018,2024-06-19,6,Cement,0.76
SEC_021,2024-06-11,10,Steel,0.74
SEC_041,2024-06-13,3,Coal,0.74
SEC_021,2024-03-13,6,Steel,1.01
SEC_026,2024-05-17,13,Cement,1.07
SEC_010,2024-12-07,9,Coal,1.22
SEC_049,2024-01-16,3,Other,1.12
SEC_032,2024-10-15,9,Steel,1.34
SEC_017,2024-03-01,5,Cement,0.99
SEC_029,2024-02-11,3,Other,1.08
SEC_020,2024-04-14,2,Cement,0.98
SEC_008,2024-04-08,9,Coal,0.96
SEC_043,2024-04-25,15,Steel,1.05
SEC_044,2024-11-06,15,Foodgrain,1.34
SEC_041,2024-11-27,13,Other,1.31
SEC_019,2024-09-10,8,Cement,1.1
SEC_013,2024-02-23,13,Cement,1.07
SEC_003,2024-12-12,12,Other,1.13
SEC_036,2024-11-06,10,Coal,1.36
SEC_017,2024-01-28,11,Coal,1.08
SEC_044,2024-05-21,2,Foodgrain,1.08
SEC_043,2024-10-10,3,Foodgrain,1.35
SEC_007,2024-02-02,12,Steel,1.16
SEC_045,2024-01-28,4,Cement,1.17
SEC_007,2024-08-09,8,Coal,0.81
SEC_025,2024-05-03,6,Coal,1.07
SEC_024,2024-06-10,3,Other,0.73
SEC_047,2024-10-01,4,Coal,1.21
SEC_033,2024-07-18,3,Foodgrain,0.87
SEC_043,2024-09-17,4,Other,1.07
SEC_030,2024-02-16,12,Cement,1.2
SEC_041,2024-01-01,10,Foodgrain,1.14
SEC_042,2024-04-02,2,Steel,1.0
SEC_043,2024-03-14,4,Coal,1.05
SEC_021,2024-04-28,11,Coal,1.02
SEC_019,2024-10-11,6,Foodgrain,1.23
SEC_049,2024-02-25,6,Foodgrain,1.08
SEC_038,2024-02-16,2,Steel,1.14
SEC_045,2024-03-14,12,Steel,1.1
SEC_029,2024-04-29,14,Coal,0.97
SEC_046,2024-03-13,13,Coal,1.03
SEC_036,2024-03-08,6,Steel,1.05
SEC_037,2024-07-31,10,Other,0.71
SEC_009,2024-02-10,10,Steel,1.14
SEC_028,2024-02-26,12,Coal,1.16
SEC_036,2024-11-02,4,Foodgrain,1.3
SEC_038,2024-01-07,3,Coal,1.11
SEC_047,2024-01-23,10,Foodgrain,1.22
SEC_017,2024-01-26,15,Cement,1.07
SEC_015,2024-07-15,6,Coal,0.81
SEC_048,2024-09-11,10,Other,1.01
SEC_049,2024-09-10,8,Cement,1.06
SEC_009,2024-09-09,10,Other,1.05
SEC_019,2024-01-22,9,Cement,1.1
SEC_047,2024-05-06,5,Other,0.99
SEC_010,2024-08-19,9,Foodgrain,0.79
SEC_039,2024-09-06,10,Coal,1.0
SEC_006,2024-05-02,10,Coal,1.03
SEC_009,2024-11-05,10,Coal,1.26
SEC_039,2024-11-01,4,Coal,1.38
SEC_030,2024-10-07,12,Other,1.36
SEC_028,2024-10-18,14,Other,1.2
SEC_042,2024-12-22,8,Cement,1.15
SEC_016,2024-10-17,19,Coal,1.38
SEC_025,2024-08-02,9,Other,0.71
SEC_030,2024-05-25,2,Steel,1.03
SEC_037,2024-05-12,5,Other,0.98
SEC_017,2024-10-28,5,Cement,1.27
SEC_032,2024-04-18,14,Foodgrain,1.31
SEC_022,2024-08-18,8,Cement,0.77
SEC_027,2024-07-02,10,Cement,0.71
SEC_043,2024-05-18,13,Other,1.03
SEC_020,2024-06-13,8,Cement,0.88
SEC_033,2024-01-30,2,Steel,1.17
SEC_047,2024-09-16,14,Coal,1.02
SEC_038,2024-01-25,15,Other,1.09
SEC_049,2024-01-28,10,Cement,1.16
SEC_029,2024-04-02,4,Coal,1.08
SEC_014,2024-07-13,5,Cement,0.77
SEC_049,2024-04-19,7,Other,1.05
SEC_032,2024-11-18,11,Cement,1.22
SEC_012,2024-12-05,3,Steel,1.14
SEC_016,2024-05-23,2,Coal,1.01
SEC_013,2024-12-31,6,Other,1.05
SEC_041,2024-02-02,16,Steel,1.21
SEC_005,2024-02-22,13,Other,1.19
SEC_037,2024-05-07,10,Foodgrain,1.01
SEC_028,2024-12-11,9,Cement,1.18
SEC_004,2024-07-03,2,Steel,0.89
SEC_031,2024-09-15,5,Cement,1.06
SEC_037,2024-08-26,6,Foodgrain,0.82
SEC_036,2024-07-01,7,Steel,0.72
SEC_026,2024-12-06,2,Cement,1.2
SEC_017,2024-12-15,8,Foodgrain,1.12
SEC_009,2024-06-13,2,Cement,0.79
SEC_001,2024-09-18,14,Coal,1.05
SEC_018,2024-08-16,6,Coal,0.7
SEC_031,2024-08-05,4,Cement,0.84
SEC_002,2024-02-07,11,Other,1.23
SEC_049,2024-03-17,8,Coal,1.04
SEC_029,2024-12-28,4,Coal,1.11
SEC_015,2024-03-30,3,Steel,1.02
SEC_048,2024-08-26,5,Coal,0.81
SEC_010,2024-11-29,11,Steel,1.2
SEC_047,2024-08-08,10,Cement,0.72
SEC_014,2024-03-19,6,Cement,1.07
SEC_019,2024-11-10,16,Cement,1.22
SEC_021,2024-01-12,11,Foodgrain,1.1
SEC_049,2024-09-21,11,Coal,0.99
SEC_013,2024-04-07,6,Foodgrain,1.39
SEC_048,2024-08-22,2,Other,0.75
SEC_018,2024-06-24,5,Steel,0.82
SEC_014,2024-07-27,10,Foodgrain,0.87
SEC_032,2024-05-19,11,Steel,1.02
SEC_034,2024-07-12,2,Steel,0.76
SEC_017,2024-12-08,11,Foodgrain,1.14
SEC_007,2024-10-29,17,Coal,1.34
SEC_020,2024-06-02,10,Coal,0.76
SEC_027,2024-12-10,11,Coal,1.13
SEC_002,2024-11-21,3,Cement,1.26
SEC_004,2024-08-17,3,Other,0.79
SEC_045,2024-08-05,10,Foodgrain,0.78
SEC_002,2024-01-14,13,Cement,1.14
SEC_020,2024-07-10,4,Other,0.72
SEC_038,2024-03-18,14,Cement,1.04
SEC_017,2024-02-28,5,Steel,1.15
SEC_025,2024-11-10,11,Cement,1.34
SEC_005,2024-04-09,11,Steel,0.97
SEC_039,2024-08-13,3,Other,0.78
SEC_032,2024-11-13,14,Other,1.15
SEC_042,2024-08-06,8,Coal,0.73
SEC_043,2024-10-12,9,Other,1.28
SEC_018,2024-10-10,13,Steel,1.28
SEC_003,2024-06-12,11,Foodgrain,0.85
SEC_017,2024-12-03,11,Cement,1.24
SEC_008,2024-11-28,16,Coal,1.16
SEC_027,2024-05-03,8,Coal,0.97
SEC_008,2024-10-26,17,Foodgrain,1.38
SEC_046,2024-03-07,6,Foodgrain,1.44
SEC_030,2024-02-11,2,Foodgrain,1.07
SEC_013,2024-07-12,4,Other,0.89
SEC_046,2024-08-09,3,Steel,0.88
SEC_038,2024-08-01,5,Cement,0.77
SEC_022,2024-10-19,17,Coal,1.2
SEC_008,2024-05-23,2,Foodgrain,1.1
SEC_017,2024-10-22,11,Foodgrain,1.34
SEC_029,2024-11-26,11,Foodgrain,1.2
SEC_038,2024-02-03,3,Coal,1.1
SEC_013,2024-06-13,9,Coal,0.85
SEC_037,2024-03-23,2,Other,1.05
SEC_014,2024-08-28,6,Other,0.72
SEC_013,2024-05-31,10,Coal,1.0
SEC_022,2024-04-13,15,Steel,1.09
SEC_008,2024-04-02,7,Other,1.09
SEC_020,2024-05-09,11,Coal,1.04
SEC_018,2024-02-09,5,Foodgrain,1.22
SEC_014,2024-02-08,13,Steel,1.11
SEC_039,2024-08-18,7,Other,0.81
SEC_017,2024-12-11,6,Cement,1.21
SEC_035,2024-07-04,4,Cement,0.73
SEC_036,2024-12-05,14,Coal,1.23
SEC_033,2024-02-26,7,Coal,1.17
SEC_014,2024-12-22,10,Cement,1.22
SEC_041,2024-08-02,2,Steel,0.76
SEC_012,2024-09-29,13,Foodgrain,0.96
SEC_014,2024-01-23,16,Coal,1.24
SEC_043,2024-08-09,4,Coal,0.88
SEC_017,2024-05-20,6,Cement,1.02
SEC_035,2024-11-24,18,Coal,1.38
SEC_003,2024-10-17,15,Coal,1.15
SEC_031,2024-11-12,14,Other,1.19
SEC_043,2024-11-21,9,Cement,1.34
SEC_035,2024-09-20,7,Steel,1.01
SEC_029,2024-03-30,4,Other,1.07
SEC_042,2024-04-13,13,Other,1.0
SEC_015,2024-11-10,4,Foodgrain,1.31
SEC_019,2024-08-08,3,Foodgrain,0.87
SEC_004,2024-11-22,13,Cement,1.4
SEC_035,2024-10-17,4,Coal,1.37
SEC_036,2024-08-10,4,Other,0.77
SEC_037,2024-02-25,2,Coal,1.09
SEC_037,2024-12-25,11,Cement,1.18
SEC_007,2024-03-29,4,Foodgrain,1.45
SEC_033,2024-03-31,8,Coal,0.97
SEC_038,2024-02-23,12,Foodgrain,1.1
SEC_010,2024-01-26,9,Steel,1.1
SEC_024,2024-05-17,12,Other,0.96
SEC_045,2024-11-04,17,Foodgrain,1.28
SEC_021,2024-11-12,8,Steel,1.3
SEC_037,2024-06-28,3,Steel,0.88
SEC_026,2024-04-25,15,Coal,1.08
SEC_033,2024-05-06,7,Foodgrain,0.98
SEC_031,2024-12-02,10,Foodgrain,1.21
SEC_032,2024-01-21,11,Other,1.22
SEC_039,2024-01-22,7,Cement,1.15
SEC_045,2024-01-24,15,Foodgrain,1.19
SEC_015,2024-11-20,9,Steel,1.24
SEC_046,2024-02-03,12,Steel,1.11
SEC_031,2024-12-10,14,Cement,1.14
SEC_030,2024-03-08,7,Coal,1.01
SEC_017,2024-07-19,10,Coal,0.85
SEC_021,2024-12-21,6,Other,1.11
SEC_032,2024-02-12,10,Coal,1.15
SEC_018,2024-04-12,5,Steel,0.97
SEC_015,2024-09-23,10,Foodgrain,1.06
SEC_041,2024-10-26,13,Coal,1.39
SEC_021,2024-11-28,4,Cement,1.34
SEC_032,2024-01-08,10,Foodgrain,1.1
SEC_002,2024-10-11,10,Coal,1.2
SEC_004,2024-04-27,11,Foodgrain,1.39
SEC_042,2024-07-23,10,Other,0.78
SEC_007,2024-11-27,8,Steel,1.2
SEC_039,2024-11-26,8,Cement,1.26
SEC_045,2024-03-08,3,Foodgrain,1.41
SEC_024,2024-06-21,4,Foodgrain,0.81
SEC_044,2024-04-13,14,Foodgrain,1.44
SEC_021,2024-08-13,4,Foodgrain,0.83
SEC_047,2024-10-29,14,Coal,1.18
SEC_012,2024-04-26,9,Foodgrain,1.48
SEC_021,2024-02-14,8,Foodgrain,1.18
SEC_020,2024-01-24,11,Cement,1.07
SEC_039,2024-01-20,5,Cement,1.24
SEC_003,2024-05-14,9,Foodgrain,0.97
SEC_041,2024-12-19,9,Steel,1.07
SEC_002,2024-04-02,9,Cement,0.96
SEC_016,2024-05-28,15,Other,1.05
SEC_030,2024-09-04,5,Other,1.05
SEC_008,2024-08-28,4,Steel,0.73
SEC_025,2024-04-08,15,Steel,1.04
SEC_049,2024-02-16,6,Foodgrain,1.1
SEC_041,2024-02-27,5,Cement,1.13
SEC_002,2024-03-21,4,Cement,1.09
SEC_029,2024-02-01,16,Cement,1.17
SEC_030,2024-06-17,2,Foodgrain,0.8
SEC_004,2024-08-24,8,Other,0.81
SEC_032,2024-09-04,6,Coal,1.08
SEC_026,2024-11-28,4,Steel,1.28
SEC_034,2024-04-17,7,Foodgrain,1.41
SEC_015,2024-08-27,4,Foodgrain,0.84
SEC_013,2024-11-19,8,Other,1.37
SEC_037,2024-01-11,8,Cement,1.06
SEC_036,2024-10-12,7,Foodgrain,1.38
SEC_008,2024-02-02,9,Foodgrain,1.1
SEC_011,2024-07-20,1,Coal,0.71
SEC_029,2024-10-31,5,Steel,1.34
SEC_041,2024-06-17,5,Coal,0.85
SEC_010,2024-07-23,7,Coal,0.83
SEC_011,2024-08-14,10,Foodgrain,0.88
SEC_040,2024-07-30,3,Coal,0.86
SEC_035,2024-09-24,3,Coal,1.09
SEC_045,2024-11-10,9,Other,1.23
SEC_039,2024-02-19,14,Other,1.15
SEC_047,2024-06-01,7,Foodgrain,0.74
SEC_010,2024-11-08,13,Other,1.32
SEC_014,2024-05-19,14,Coal,1.09
SEC_012,2024-06-28,6,Other,0.85
SEC_003,2024-09-28,12,Foodgrain,1.03
SEC_039,2024-12-08,10,Steel,1.12
SEC_033,2024-04-02,6,Cement,1.0
SEC_005,2024-12-15,14,Foodgrain,1.18
SEC_010,2024-09-16,10,Cement,1.05
SEC_010,2024-01-12,17,Steel,1.19
SEC_020,2024-11-11,16,Foodgrain,1.33
SEC_023,2024-05-20,12,Coal,1.01
SEC_015,2024-04-13,11,Steel,1.02
SEC_046,2024-07-11,11,Foodgrain,0.81
SEC_011,2024-07-29,9,Other,0.78
SEC_028,2024-07-16,1,Coal,0.74
SEC_022,2024-01-21,6,Foodgrain,1.21
SEC_019,2024-10-27,19,Coal,1.35
SEC_041,2024-05-05,4,Foodgrain,1.07
SEC_048,2024-02-21,15,Other,1.14
SEC_001,2024-07-26,2,Steel,0.73
SEC_023,2024-08-15,9,Cement,0.88
SEC_006,2024-02-07,11,Steel,1.14
SEC_022,2024-12-10,15,Other,1.23
SEC_031,2024-08-07,6,Cement,0.72
SEC_021,2024-12-30,8,Steel,1.14
SEC_016,2024-09-02,8,Steel,1.01
SEC_016,2024-01-04,6,Other,1.15
SEC_015,2024-03-17,16,Foodgrain,1.44
SEC_016,2024-12-21,12,Steel,1.24
SEC_019,2024-07-23,8,Foodgrain,0.85
SEC_034,2024-02-14,12,Coal,1.11
SEC_005,2024-01-28,2,Coal,1.06
SEC_003,2024-07-15,7,Foodgrain,0.86
SEC_026,2024-08-05,7,Steel,0.78
SEC_034,2024-03-31,17,Foodgrain,1.42
SEC_013,2024-03-12,9,Steel,1.0
SEC_010,2024-08-09,5,Foodgrain,0.84
SEC_031,2024-06-08,6,Cement,0.82
SEC_019,2024-01-14,2,Cement,1.16
SEC_037,2024-01-22,8,Steel,1.06
SEC_008,2024-03-28,10,Steel,1.09
SEC_006,2024-07-25,9,Cement,0.72
SEC_028,2024-04-20,9,Other,1.07
SEC_020,2024-01-06,14,Foodgrain,1.14
SEC_036,2024-12-01,7,Coal,1.17
SEC_025,2024-09-10,5,Foodgrain,1.08
SEC_018,2024-08-01,10,Cement,0.75
SEC_008,2024-03-30,11,Other,1.1
SEC_009,2024-09-16,4,Other,0.98
SEC_038,2024-12-12,4,Cement,1.19
SEC_012,2024-09-04,13,Foodgrain,0.98
SEC_025,2024-04-18,2,Coal,1.0
SEC_041,2024-05-23,3,Other,1.02
SEC_044,2024-12-06,6,Foodgrain,1.15
SEC_014,2024-01-06,10,Cement,1.09
SEC_006,2024-03-21,5,Cement,0.99
SEC_038,2024-02-09,12,Coal,1.07
SEC_034,2024-08-22,5,Steel,0.7
SEC_017,2024-06-16,6,Cement,0.82
SEC_030,2024-02-18,11,Foodgrain,1.23
SEC_010,2024-12-10,2,Cement,1.12
SEC_035,2024-07-20,10,Foodgrain,0.87
SEC_036,2024-04-01,11,Coal,1.04
SEC_015,2024-12-12,3,Steel,1.05
SEC_023,2024-09-12,9,Foodgrain,1.1
SEC_017,2024-02-17,8,Steel,1.18
SEC_002,2024-10-29,15,Coal,1.28
SEC_007,2024-01-22,9,Coal,1.12
SEC_048,2024-11-27,8,Steel,1.35
SEC_023,2024-05-24,2,Other,1.02
SEC_008,2024-04-17,6,Other,1.05
SEC_003,2024-01-20,4,Other,1.25
SEC_018,2024-12-06,8,Other,1.08
SEC_049,2024-07-23,2,Other,0.83
SEC_019,2024-08-10,6,Cement,0.82
SEC_049,2024-11-07,11,Coal,1.4
SEC_024,2024-07-05,5,Steel,0.76
SEC_038,2024-04-16,4,Cement,1.1
SEC_039,2024-10-11,12,Steel,1.23
SEC_002,2024-07-13,5,Steel,0.76
SEC_001,2024-03-28,9,Coal,1.0
SEC_046,2024-11-05,3,Steel,1.34
SEC_046,2024-10-24,5,Steel,1.2
SEC_007,2024-03-31,14,Other,0.98
SEC_032,2024-08-25,9,Cement,0.72
SEC_046,2024-12-03,9,Coal,1.17
SEC_047,2024-10-19,15,Foodgrain,1.19
SEC_015,2024-03-13,10,Other,1.09
SEC_041,2024-11-09,13,Foodgrain,1.21
SEC_032,2024-01-21,18,Other,1.25
SEC_046,2024-08-13,9,Coal,0.71
SEC_008,2024-07-06,12,Steel,0.87
SEC_030,2024-01-14,11,Other,1.23
SEC_002,2024-09-22,7,Cement,1.04
SEC_018,2024-04-18,13,Steel,1.07
SEC_001,2024-11-07,14,Other,1.35
SEC_022,2024-11-17,3,Steel,1.32
SEC_040,2024-08-04,11,Cement,0.88
SEC_033,2024-08-17,12,Steel,0.85
SEC_016,2024-01-20,7,Steel,1.11
SEC_021,2024-11-21,15,Steel,1.16
SEC_019,2024-09-06,12,Steel,1.07
SEC_036,2024-05-20,9,Foodgrain,1.08
SEC_014,2024-02-01,15,Other,1.15
SEC_005,2024-07-03,6,Cement,0.87
SEC_025,2024-11-25,9,Coal,1.23
SEC_041,2024-11-11,11,Foodgrain,1.36
SEC_024,2024-02-06,14,Foodgrain,1.05
SEC_011,2024-10-05,8,Coal,1.36
SEC_003,2024-01-30,16,Steel,1.23
SEC_047,2024-05-18,4,Other,1.02
SEC_038,2024-06-12,5,Steel,0.77
SEC_008,2024-01-09,16,Cement,1.16
SEC_004,2024-02-20,14,Coal,1.13
SEC_007,2024-11-18,17,Other,1.33
SEC_019,2024-08-18,6,Other,0.84
SEC_040,2024-10-14,11,Coal,1.25
SEC_008,2024-07-28,10,Cement,0.72
SEC_041,2024-06-13,8,Other,0.78
SEC_001,2024-01-07,8,Other,1.14
SEC_037,2024-07-18,12,Cement,0.84
SEC_014,2024-10-09,3,Cement,1.35
SEC_048,2024-03-15,15,Foodgrain,1.39
SEC_024,2024-06-28,2,Coal,0.81
SEC_014,2024-05-30,9,Coal,0.99
SEC_012,2024-11-14,10,Steel,1.31
SEC_041,2024-02-29,6,Steel,1.06
SEC_020,2024-02-08,15,Other,1.24
SEC_018,2024-03-18,7,Other,1.0
SEC_037,2024-02-27,11,Steel,1.18
SEC_027,2024-11-05,10,Steel,1.39
SEC_033,2024-04-05,12,Cement,0.96
SEC_022,2024-05-12,11,Cement,0.95
SEC_004,2024-04-04,14,Other,0.98
SEC_001,2024-10-25,5,Cement,1.24
SEC_002,2024-08-31,2,Cement,0.88
SEC_029,2024-06-22,4,Cement,0.8
SEC_026,2024-10-19,13,Other,1.27
SEC_037,2024-01-26,6,Steel,1.14
SEC_044,2024-09-05,6,Steel,1.08
SEC_009,2024-05-12,11,Other,1.01
SEC_047,2024-05-18,12,Coal,0.99
SEC_046,2024-02-27,9,Steel,1.09
SEC_031,2024-02-05,5,Coal,1.08
SEC_026,2024-09-10,2,Other,0.95
SEC_009,2024-11-07,3,Other,1.39
SEC_009,2024-11-29,7,Foodgrain,1.16
SEC_001,2024-03-30,12,Coal,1.04
SEC_032,2024-10-06,10,Steel,1.29
SEC_022,2024-02-10,2,Foodgrain,1.16
SEC_010,2024-10-11,4,Steel,1.34
SEC_007,2024-07-26,11,Cement,0.78
SEC_004,2024-11-11,18,Cement,1.3
SEC_032,2024-01-25,16,Foodgrain,1.15
SEC_034,2024-10-11,8,Cement,1.28
SEC_031,2024-06-19,10,Coal,0.79
SEC_006,2024-07-27,7,Coal,0.89
SEC_003,2024-07-16,2,Steel,0.78
SEC_006,2024-09-18,5,Coal,1.01
SEC_037,2024-08-07,4,Coal,0.71
SEC_037,2024-06-01,6,Cement,0.88
SEC_015,2024-06-08,1,Coal,0.74
SEC_003,2024-01-26,3,Steel,1.05
SEC_016,2024-09-22,6,Cement,1.05
SEC_040,2024-09-15,12,Steel,1.05
SEC_008,2024-07-26,11,Steel,0.83
SEC_040,2024-09-21,13,Cement,1.08
SEC_023,2024-04-08,5,Coal,1.0
SEC_007,2024-03-22,9,Steel,1.05
SEC_046,2024-12-04,7,Foodgrain,1.12
SEC_026,2024-12-15,12,Coal,1.18
SEC_033,2024-11-08,6,Cement,1.15
SEC_005,2024-01-20,4,Foodgrain,1.2
SEC_019,2024-07-19,3,Steel,0.72
SEC_031,2024-09-26,8,Foodgrain,0.96
SEC_032,2024-01-14,5,Coal,1.22
SEC_004,2024-12-20,10,Cement,1.09
SEC_030,2024-10-15,3,Foodgrain,1.37
SEC_047,2024-04-23,3,Coal,1.09
SEC_039,2024-07-04,10,Cement,0.89
SEC_011,2024-11-29,14,Foodgrain,1.36
SEC_045,2024-11-08,3,Coal,1.36
SEC_034,2024-10-29,8,Steel,1.18
SEC_003,2024-12-26,9,Cement,1.07
SEC_007,2024-09-29,3,Foodgrain,1.03
SEC_046,2024-12-08,13,Steel,1.06
SEC_011,2024-12-15,9,Coal,1.11
SEC_005,2024-01-08,13,Coal,1.22
SEC_023,2024-08-27,3,Steel,0.84
SEC_026,2024-05-02,5,Steel,0.96
SEC_029,2024-06-30,6,Cement,0.77
SEC_033,2024-03-02,17,Foodgrain,1.41
SEC_049,2024-09-04,2,Coal,1.03
SEC_038,2024-11-01,6,Cement,1.28
SEC_002,2024-05-30,12,Other,0.96
SEC_005,2024-09-12,6,Other,0.97
SEC_001,2024-04-28,14,Other,1.02
SEC_020,2024-10-01,9,Foodgrain,1.33
SEC_018,2024-01-31,6,Steel,1.18
SEC_046,2024-11-18,8,Coal,1.26
SEC_018,2024-05-18,12,Cement,1.02
SEC_002,2024-07-03,8,Foodgrain,0.84
SEC_044,2024-10-20,7,Cement,1.2
SEC_013,2024-01-11,12,Steel,1.09
SEC_045,2024-12-12,10,Coal,1.15
SEC_038,2024-08-12,8,Cement,0.84
SEC_044,2024-12-22,14,Steel,1.06
SEC_041,2024-07-20,3,Foodgrain,0.86
SEC_008,2024-03-16,14,Other,1.06
SEC_031,2024-08-01,3,Steel,0.84
SEC_021,2024-07-28,12,Coal,0.88
SEC_031,2024-12-02,4,Cement,1.12
SEC_037,2024-07-29,8,Foodgrain,0.81
SEC_025,2024-05-28,14,Steel,0.97
SEC_016,2024-03-05,6,Foodgrain,1.4
SEC_045,2024-04-29,13,Other,1.02
SEC_033,2024-07-31,8,Coal,0.86
SEC_044,2024-05-15,11,Cement,1.07
SEC_012,2024-05-12,5,Foodgrain,0.99
SEC_042,2024-01-06,14,Other,1.17
SEC_016,2024-12-10,7,Other,1.24
SEC_023,2024-11-02,17,Coal,1.31
SEC_043,2024-04-03,5,Coal,0.97
SEC_018,2024-02-20,4,Coal,1.19
SEC_013,2024-11-01,7,Coal,1.2
SEC_045,2024-11-02,10,Steel,1.21
SEC_048,2024-11-24,14,Steel,1.31
SEC_016,2024-07-19,5,Other,0.72
SEC_016,2024-09-26,10,Cement,1.04
SEC_012,2024-09-24,15,Steel,1.07
SEC_002,2024-03-19,4,Foodgrain,1.35
SEC_028,2024-07-10,5,Steel,0.86
SEC_013,2024-04-05,10,Foodgrain,1.48
SEC_042,2024-10-02,7,Steel,1.32
SEC_009,2024-12-21,2,Cement,1.14
SEC_032,2024-01-29,4,Steel,1.11
SEC_025,2024-01-28,12,Other,1.08
SEC_030,2024-04-06,11,Other,1.08
SEC_006,2024-02-12,13,Coal,1.17
SEC_023,2024-01-04,16,Foodgrain,1.16
SEC_031,2024-12-24,17,Other,1.22
SEC_017,2024-08-01,3,Other,0.88
SEC_043,2024-10-11,15,Steel,1.24
SEC_026,2024-07-26,7,Foodgrain,0.73
SEC_018,2024-09-30,5,Coal,1.09
SEC_002,2024-09-08,2,Steel,1.09
SEC_009,2024-02-28,4,Steel,1.1
SEC_024,2024-02-25,2,Steel,1.18
SEC_020,2024-06-27,7,Steel,0.81
SEC_043,2024-05-15,7,Cement,1.09
SEC_039,2024-11-03,12,Other,1.3
SEC_008,2024-04-22,6,Foodgrain,1.43
SEC_029,2024-04-30,11,Foodgrain,1.42
SEC_023,2024-07-12,5,Cement,0.85
SEC_005,2024-03-11,14,Cement,1.09
SEC_033,2024-11-10,13,Foodgrain,1.32
SEC_027,2024-01-05,6,Coal,1.22
SEC_005,2024-11-06,5,Foodgrain,1.32
SEC_023,2024-08-15,5,Coal,0.83
SEC_036,2024-11-20,14,Cement,1.26
SEC_017,2024-04-17,12,Other,1.0
SEC_018,2024-11-25,18,Cement,1.26
SEC_006,2024-11-12,14,Other,1.2
SEC_011,2024-06-16,6,Foodgrain,0.81
SEC_049,2024-04-13,10,Foodgrain,1.37
SEC_031,2024-03-13,13,Foodgrain,1.32
SEC_009,2024-02-25,2,Steel,1.17
SEC_024,2024-08-01,9,Other,0.81
SEC_010,2024-12-17,16,Coal,1.11
SEC_022,2024-07-26,4,Other,0.71
SEC_008,2024-12-19,8,Other,1.06
SEC_031,2024-10-03,2,Other,1.21
SEC_028,2024-09-07,10,Coal,1.02
SEC_032,2024-09-22,9,Other,1.0
SEC_022,2024-12-05,13,Steel,1.12
SEC_015,2024-11-10,5,Steel,1.19
SEC_013,2024-02-29,6,Cement,1.24
SEC_011,2024-08-02,7,Steel,0.75
SEC_022,2024-06-17,4,Other,0.73
SEC_023,2024-11-17,14,Foodgrain,1.31
SEC_034,2024-03-15,5,Coal,0.98
SEC_003,2024-10-27,18,Steel,1.3
SEC_014,2024-06-24,9,Cement,0.82
SEC_042,2024-12-07,9,Foodgrain,1.15
SEC_045,2024-10-16,17,Steel,1.22
SEC_046,2024-05-06,9,Steel,1.02
SEC_016,2024-11-05,5,Cement,1.28
SEC_007,2024-03-09,13,Steel,1.02
SEC_010,2024-01-02,14,Coal,1.14
SEC_007,2024-07-04,10,Foodgrain,0.73
SEC_047,2024-05-22,14,Other,0.99
SEC_044,2024-02-16,11,Steel,1.1
SEC_040,2024-12-29,15,Cement,1.18
SEC_036,2024-01-15,5,Foodgrain,1.23
SEC_017,2024-08-03,4,Other,0.71
SEC_024,2024-04-05,2,Cement,1.01
SEC_042,2024-04-18,7,Foodgrain,1.45
SEC_040,2024-03-18,13,Steel,0.98
SEC_026,2024-05-22,3,Other,1.02
SEC_042,2024-09-01,14,Coal,0.99
SEC_017,2024-04-28,7,Foodgrain,1.36
SEC_021,2024-09-21,5,Steel,1.0
SEC_042,2024-06-12,6,Foodgrain,0.82
SEC_019,2024-10-14,4,Other,1.28
SEC_037,2024-06-11,7,Coal,0.73
SEC_023,2024-05-13,4,Coal,0.96
SEC_015,2024-07-04,10,Other,0.74
SEC_011,2024-09-08,10,Cement,1.07
SEC_030,2024-06-19,2,Foodgrain,0.84
SEC_024,2024-11-27,12,Steel,1.3
SEC_019,2024-07-07,6,Cement,0.77
SEC_037,2024-04-18,15,Steel,1.08
SEC_001,2024-01-11,13,Cement,1.18
SEC_005,2024-05-23,14,Foodgrain,1.09
SEC_048,2024-01-20,2,Cement,1.2
SEC_033,2024-01-14,4,Cement,1.24
SEC_027,2024-05-15,14,Foodgrain,0.98
SEC_001,2024-04-16,14,Coal,1.07
SEC_030,2024-11-19,3,Cement,1.32
SEC_022,2024-09-24,7,Cement,1.05
SEC_030,2024-10-16,9,Foodgrain,1.24
SEC_003,2024-07-18,9,Foodgrain,0.75
SEC_027,2024-02-10,6,Cement,1.07
SEC_029,2024-11-07,11,Steel,1.23
SEC_015,2024-06-30,6,Foodgrain,0.8
SEC_003,2024-06-06,7,Coal,0.82
SEC_048,2024-08-09,8,Cement,0.72
SEC_035,2024-02-29,10,Coal,1.22
SEC_031,2024-06-25,4,Other,0.74
SEC_038,2024-08-09,4,Cement,0.74
SEC_033,2024-09-12,12,Foodgrain,1.02
SEC_007,2024-07-02,4,Foodgrain,0.75
SEC_023,2024-12-30,16,Coal,1.17
SEC_044,2024-12-28,17,Cement,1.18
SEC_015,2024-02-05,6,Steel,1.13
SEC_048,2024-01-31,14,Cement,1.11
SEC_004,2024-07-07,4,Other,0.88
SEC_017,2024-10-29,17,Other,1.18
SEC_018,2024-07-06,2,Other,0.78
SEC_031,2024-03-20,5,Cement,1.05
SEC_009,2024-07-24,4,Steel,0.74
SEC_012,2024-12-11,7,Steel,1.06
SEC_033,2024-03-02,13,Other,1.06
SEC_014,2024-06-12,7,Other,0.83
SEC_044,2024-08-21,10,Steel,0.87
SEC_043,2024-05-23,3,Cement,0.99
SEC_015,2024-01-17,13,Other,1.07
SEC_028,2024-09-02,7,Other,1.09
SEC_017,2024-09-28,10,Other,1.06
SEC_017,2024-08-27,6,Steel,0.8
SEC_033,2024-08-30,6,Foodgrain,0.84
SEC_015,2024-08-28,8,Foodgrain,0.77
SEC_008,2024-04-30,9,Other,0.95
SEC_013,2024-01-07,16,Other,1.22
SEC_046,2024-12-27,5,Foodgrain,1.17
SEC_013,2024-03-15,2,Other,1.08
SEC_018,2024-10-30,13,Steel,1.27
SEC_031,2024-07-16,2,Cement,0.8
SEC_005,2024-07-16,5,Other,0.71
SEC_014,2024-01-08,4,Other,1.2
SEC_009,2024-12-28,17,Coal,1.19
SEC_046,2024-07-12,12,Coal,0.88
SEC_046,2024-10-30,16,Steel,1.24
SEC_038,2024-10-11,17,Coal,1.24
SEC_013,2024-02-20,7,Steel,1.07
SEC_031,2024-12-12,11,Other,1.06
SEC_033,2024-08-04,2,Cement,0.81
SEC_043,2024-03-08,7,Coal,1.03
SEC_008,2024-07-31,2,Cement,0.74
SEC_037,2024-08-13,12,Other,0.85
SEC_010,2024-08-26,7,Other,0.86
SEC_028,2024-04-27,12,Other,0.98
SEC_044,2024-12-10,10,Other,1.1
SEC_004,2024-03-27,8,Cement,1.09
SEC_008,2024-06-29,11,Other,0.77
SEC_040,2024-11-02,8,Cement,1.19
SEC_001,2024-01-29,3,Cement,1.09
SEC_034,2024-05-27,6,Coal,1.04
SEC_025,2024-06-24,3,Other,0.74
SEC_017,2024-10-09,2,Coal,1.25
SEC_043,2024-10-15,14,Steel,1.18
SEC_042,2024-10-18,7,Cement,1.19
SEC_016,2024-05-11,2,Cement,0.96
SEC_001,2024-06-28,4,Other,0.73
SEC_007,2024-01-10,15,Coal,1.25
SEC_006,2024-10-28,5,Cement,1.2
SEC_049,2024-04-20,4,Coal,0.97
SEC_030,2024-06-20,5,Cement,0.71
SEC_034,2024-09-06,12,Steel,1.03
SEC_012,2024-10-11,7,Foodgrain,1.23
SEC_042,2024-02-01,4,Coal,1.08
SEC_036,2024-10-07,12,Coal,1.18
SEC_037,2024-05-17,10,Other,1.05
SEC_023,2024-06-01,7,Foodgrain,0.73
SEC_035,2024-02-18,5,Foodgrain,1.21
SEC_027,2024-09-19,6,Steel,1.03
SEC_019,2024-06-23,3,Other,0.83
SEC_030,2024-02-08,7,Cement,1.22
SEC_016,2024-02-21,7,Foodgrain,1.2
SEC_047,2024-09-21,2,Coal,1.08
SEC_036,2024-02-09,7,Cement,1.23
SEC_037,2024-07-09,7,Steel,0.78
SEC_036,2024-09-12,3,Steel,1.06
SEC_022,2024-11-29,10,Cement,1.19
SEC_047,2024-02-27,5,Other,1.18
SEC_011,2024-04-18,6,Steel,1.03
SEC_028,2024-02-26,4,Coal,1.21
SEC_004,2024-11-18,10,Foodgrain,1.16
SEC_015,2024-08-04,3,Cement,0.83
SEC_029,2024-12-25,16,Cement,1.2
SEC_024,2024-01-16,8,Other,1.14
SEC_047,2024-09-15,7,Steel,1.09
SEC_031,2024-01-13,6,Cement,1.16
SEC_021,2024-02-09,8,Cement,1.18
SEC_021,2024-06-06,12,Other,0.85
SEC_030,2024-05-14,2,Other,0.97
SEC_039,2024-05-13,11,Steel,1.04
SEC_014,2024-01-25,16,Steel,1.2
SEC_029,2024-07-18,3,Foodgrain,0.88
SEC_029,2024-05-04,12,Steel,1.07
SEC_001,2024-12-29,16,Coal,1.23
SEC_045,2024-10-15,5,Steel,1.17
SEC_028,2024-06-08,10,Steel,0.84
SEC_012,2024-10-07,15,Cement,1.32
SEC_032,2024-07-29,4,Coal,0.75
SEC_034,2024-06-30,2,Cement,0.82
SEC_045,2024-12-02,6,Cement,1.23
SEC_002,2024-08-03,7,Coal,0.82
SEC_021,2024-06-25,4,Other,0.7
SEC_009,2024-07-26,7,Cement,0.73
SEC_029,2024-10-12,6,Cement,1.19
SEC_025,2024-09-28,8,Cement,1.03
SEC_024,2024-07-19,10,Other,0.88
SEC_049,2024-03-05,9,Foodgrain,1.43
SEC_027,2024-08-21,7,Foodgrain,0.75
SEC_021,2024-06-06,6,Cement,0.87
SEC_004,2024-12-07,7,Coal,1.19
SEC_015,2024-11-28,3,Coal,1.34
SEC_044,2024-01-01,2,Cement,1.18
SEC_023,2024-12-31,9,Steel,1.24
SEC_045,2024-11-25,14,Steel,1.27
SEC_027,2024-11-28,8,Coal,1.25
SEC_027,2024-07-01,2,Foodgrain,0.74
SEC_022,2024-04-09,16,Foodgrain,1.48
SEC_028,2024-08-10,5,Other,0.73
SEC_004,2024-11-19,10,Foodgrain,1.25
SEC_003,2024-06-13,5,Steel,0.77
SEC_024,2024-12-26,2,Cement,1.05
SEC_030,2024-04-05,6,Steel,1.08
SEC_027,2024-11-08,11,Coal,1.22
SEC_022,2024-01-25,7,Coal,1.19
SEC_015,2024-11-03,15,Other,1.19
SEC_035,2024-12-11,14,Cement,1.16
SEC_030,2024-09-14,11,Coal,1.03
SEC_003,2024-08-16,2,Steel,0.71
SEC_023,2024-05-30,2,Other,1.08
SEC_035,2024-11-15,5,Cement,1.26
SEC_039,2024-02-16,16,Foodgrain,1.15
SEC_015,2024-04-16,2,Steel,1.06
SEC_046,2024-02-18,5,Steel,1.16
SEC_032,2024-04-11,13,Cement,0.97
SEC_022,2024-07-10,2,Coal,0.73
SEC_031,2024-05-02,5,Other,1.0
SEC_043,2024-06-02,6,Steel,0.89
SEC_012,2024-03-25,9,Steel,0.99
SEC_008,2024-05-09,14,Steel,0.98
SEC_022,2024-07-01,6,Cement,0.74
SEC_005,2024-03-19,5,Coal,0.96
SEC_041,2024-12-08,12,Coal,1.18
SEC_048,2024-11-24,9,Steel,1.17
SEC_030,2024-11-16,10,Coal,1.29
SEC_049,2024-01-01,17,Steel,1.18
SEC_004,2024-06-30,2,Foodgrain,0.86
SEC_031,2024-10-18,18,Cement,1.28
SEC_022,2024-05-07,7,Steel,1.02
SEC_014,2024-03-25,4,Foodgrain,1.39
SEC_016,2024-08-11,11,Other,0.84
SEC_027,2024-01-01,6,Foodgrain,1.11
SEC_032,2024-08-12,2,Other,0.78
SEC_009,2024-06-14,8,Steel,0.74
SEC_031,2024-09-07,9,Other,1.05
SEC_046,2024-09-06,10,Foodgrain,1.0
SEC_001,2024-07-15,12,Coal,0.9
SEC_044,2024-08-01,9,Other,0.79
SEC_030,2024-01-10,9,Cement,1.07
SEC_017,2024-12-25,6,Steel,1.23
SEC_037,2024-01-28,4,Cement,1.18
SEC_031,2024-12-23,9,Other,1.18
SEC_038,2024-12-22,6,Coal,1.07
SEC_004,2024-09-19,15,Coal,1.05
SEC_003,2024-09-30,6,Cement,0.97
SEC_032,2024-01-11,15,Steel,1.23
SEC_015,2024-12-13,10,Other,1.19
SEC_012,2024-07-12,11,Cement,0.76
SEC_021,2024-05-04,3,Other,0.96
SEC_036,2024-09-02,2,Cement,1.0
SEC_009,2024-07-14,2,Other,0.9
SEC_048,2024-05-12,5,Cement,0.98
SEC_021,2024-04-27,3,Coal,1.07
SEC_008,2024-02-13,17,Steel,1.21
SEC_004,2024-11-28,17,Other,1.21
SEC_043,2024-08-31,5,Steel,0.71
SEC_006,2024-04-15,12,Other,1.07
SEC_021,2024-09-21,6,Other,1.0
SEC_033,2024-09-10,15,Cement,1.07
SEC_026,2024-02-21,12,Coal,1.13
SEC_013,2024-03-05,10,Coal,0.95
SEC_006,2024-03-25,8,Cement,1.0
SEC_035,2024-02-08,4,Foodgrain,1.11
SEC_025,2024-10-28,12,Foodgrain,1.2
SEC_003,2024-02-26,13,Coal,1.22
SEC_009,2024-10-23,5,Foodgrain,1.2
SEC_028,2024-07-12,6,Coal,0.82
SEC_009,2024-02-12,10,Coal,1.08
SEC_020,2024-11-05,7,Other,1.2
SEC_007,2024-03-04,5,Cement,1.03
SEC_040,2024-12-31,15,Other,1.14
SEC_031,2024-01-06,8,Other,1.18
SEC_039,2024-08-15,10,Other,0.9
SEC_003,2024-04-24,11,Foodgrain,1.43
SEC_019,2024-07-14,3,Steel,0.7
SEC_014,2024-11-03,5,Cement,1.18
SEC_031,2024-10-14,4,Cement,1.28
SEC_041,2024-04-13,11,Foodgrain,1.39
SEC_012,2024-01-24,10,Foodgrain,1.07
SEC_038,2024-04-13,4,Steel,1.07
SEC_029,2024-10-23,4,Foodgrain,1.32
SEC_041,2024-07-07,4,Other,0.84
SEC_004,2024-10-04,11,Foodgrain,1.19
SEC_049,2024-06-30,4,Foodgrain,0.82
SEC_022,2024-07-12,12,Other,0.86
SEC_014,2024-01-24,8,Other,1.08
SEC_009,2024-01-09,7,Cement,1.21
SEC_049,2024-09-14,11,Coal,0.98
SEC_044,2024-03-15,12,Other,1.09
SEC_007,2024-05-12,5,Coal,0.99
SEC_022,2024-05-15,3,Coal,1.02
SEC_036,2024-08-19,10,Steel,0.76
SEC_029,2024-12-10,9,Foodgrain,1.11
SEC_010,2024-10-04,14,Coal,1.28
SEC_018,2024-08-21,3,Foodgrain,0.73
SEC_019,2024-11-01,18,Other,1.25
SEC_015,2024-07-05,3,Cement,0.9
SEC_048,2024-02-23,10,Other,1.11
SEC_010,2024-06-27,3,Other,0.84
SEC_035,2024-12-23,11,Other,1.13
SEC_045,2024-10-12,16,Coal,1.16
SEC_039,2024-05-07,7,Cement,1.02
SEC_040,2024-04-28,5,Coal,1.06
SEC_008,2024-12-01,5,Cement,1.16
SEC_007,2024-02-04,6,Other,1.16
SEC_039,2024-12-07,12,Coal,1.21
SEC_037,2024-09-04,14,Foodgrain,0.98
SEC_037,2024-10-22,13,Coal,1.16
SEC_021,2024-04-30,12,Foodgrain,1.36
SEC_026,2024-08-25,8,Foodgrain,0.85
SEC_001,2024-04-29,11,Other,0.98
SEC_015,2024-01-07,5,Steel,1.14
SEC_026,2024-06-15,2,Cement,0.85
SEC_007,2024-12-24,5,Cement,1.16
SEC_007,2024-03-29,14,Cement,1.0
SEC_003,2024-02-29,4,Other,1.18
SEC_011,2024-12-03,10,Coal,1.16
SEC_049,2024-11-29,13,Coal,1.26
SEC_035,2024-11-05,7,Cement,1.21
SEC_047,2024-12-23,11,Coal,1.19
SEC_013,2024-12-28,13,Foodgrain,1.18
SEC_030,2024-12-02,16,Foodgrain,1.25
SEC_044,2024-12-19,6,Cement,1.08
SEC_018,2024-09-29,12,Coal,0.96
SEC_033,2024-04-25,4,Foodgrain,1.35
SEC_034,2024-06-16,4,Cement,0.71
SEC_041,2024-05-19,14,Coal,1.0
SEC_048,2024-07-05,6,Steel,0.89
SEC_031,2024-09-12,6,Steel,1.03
SEC_029,2024-03-29,6,Steel,1.04
SEC_043,2024-01-06,8,Foodgrain,1.12
SEC_034,2024-08-08,11,Coal,0.83
SEC_018,2024-12-29,16,Foodgrain,1.2
SEC_031,2024-11-11,3,Coal,1.26
SEC_027,2024-01-04,14,Coal,1.18
SEC_012,2024-08-07,2,Foodgrain,0.8
SEC_026,2024-07-13,10,Other,0.8
SEC_031,2024-06-04,6,Cement,0.79
SEC_045,2024-09-01,10,Steel,1.02
SEC_029,2024-06-05,8,Steel,0.76
SEC_009,2024-11-30,11,Foodgrain,1.38
SEC_049,2024-11-28,3,Coal,1.28
SEC_029,2024-08-23,12,Cement,0.86
SEC_015,2024-06-16,6,Coal,0.8
SEC_037,2024-08-06,5,Cement,0.83
SEC_019,2024-11-25,4,Steel,1.39
SEC_019,2024-04-19,7,Steel,0.98
SEC_042,2024-11-13,14,Foodgrain,1.18
SEC_043,2024-08-04,6,Coal,0.79
SEC_026,2024-01-24,2,Steel,1.15
SEC_019,2024-10-01,10,Steel,1.29
SEC_043,2024-03-15,14,Other,1.0
SEC_009,2024-07-07,6,Coal,0.79
SEC_037,2024-12-13,14,Coal,1.16
SEC_029,2024-10-12,9,Steel,1.31
SEC_042,2024-09-13,13,Foodgrain,1.06
SEC_021,2024-01-26,8,Cement,1.2
SEC_041,2024-11-10,18,Foodgrain,1.38
SEC_001,2024-05-02,12,Foodgrain,1.07
SEC_038,2024-01-19,8,Foodgrain,1.2
SEC_004,2024-12-17,9,Coal,1.24
SEC_032,2024-03-10,12,Coal,0.98
SEC_010,2024-04-28,5,Cement,0.98
SEC_048,2024-02-22,7,Other,1.15
SEC_038,2024-08-15,8,Coal,0.75
SEC_006,2024-11-13,19,Other,1.39
SEC_044,2024-07-09,9,Other,0.89
SEC_013,2024-11-14,13,Cement,1.3
SEC_027,2024-12-08,11,Foodgrain,1.24
SEC_005,2024-11-15,4,Steel,1.39
SEC_006,2024-02-29,12,Foodgrain,1.07
SEC_012,2024-03-16,2,Coal,0.97
SEC_027,2024-04-19,2,Steel,0.97
SEC_027,2024-08-21,3,Steel,0.81
SEC_042,2024-11-11,9,Foodgrain,1.32
SEC_009,2024-04-24,13,Steel,1.08
SEC_037,2024-08-31,5,Foodgrain,0.87
SEC_001,2024-03-09,3,Cement,1.08
SEC_015,2024-07-17,9,Other,0.87
SEC_009,2024-10-12,19,Other,1.38
SEC_007,2024-05-24,7,Coal,1.03
SEC_029,2024-02-29,12,Foodgrain,1.15
SEC_045,2024-05-30,8,Foodgrain,1.09
SEC_033,2024-10-05,6,Foodgrain,1.17
SEC_042,2024-12-08,7,Cement,1.23
SEC_029,2024-08-13,11,Steel,0.85
SEC_003,2024-09-02,5,Foodgrain,1.05
SEC_017,2024-06-02,6,Other,0.7
SEC_041,2024-12-06,10,Foodgrain,1.23
SEC_003,2024-11-14,8,Foodgrain,1.3
SEC_005,2024-12-21,14,Other,1.07
SEC_041,2024-11-12,12,Coal,1.28
SEC_004,2024-07-19,7,Steel,0.71
SEC_048,2024-12-17,17,Foodgrain,1.22
SEC_038,2024-08-11,4,Coal,0.87
SEC_033,2024-08-08,8,Foodgrain,0.76
SEC_027,2024-08-28,12,Other,0.88
SEC_005,2024-03-09,4,Cement,1.08
SEC_021,2024-11-03,12,Coal,1.25
SEC_040,2024-05-12,12,Other,1.02
SEC_045,2024-08-29,7,Cement,0.75
SEC_022,2024-11-04,13,Other,1.21
SEC_042,2024-02-11,9,Coal,1.16
SEC_039,2024-04-20,15,Other,1.07
SEC_003,2024-12-10,13,Coal,1.18
SEC_031,2024-05-12,7,Coal,1.05
SEC_031,2024-08-29,9,Steel,0.71
SEC_027,2024-07-24,11,Other,0.81
SEC_038,2024-11-14,2,Other,1.18
SEC_044,2024-07-05,8,Cement,0.8
SEC_027,2024-06-04,6,Coal,0.85
SEC_016,2024-01-07,4,Other,1.21
SEC_049,2024-06-22,10,Steel,0.82
SEC_048,2024-08-02,10,Cement,0.7
SEC_034,2024-09-09,2,Steel,0.98
SEC_032,2024-10-12,5,Foodgrain,1.22
SEC_006,2024-10-11,9,Coal,1.25
SEC_020,2024-06-17,9,Other,0.73
SEC_010,2024-01-29,3,Coal,1.05
SEC_026,2024-04-03,13,Other,0.96
SEC_041,2024-05-29,2,Other,0.95
SEC_012,2024-12-24,6,Coal,1.14
SEC_049,2024-10-08,12,Cement,1.25
SEC_007,2024-11-23,2,Steel,1.22
SEC_005,2024-12-29,12,Steel,1.18
SEC_048,2024-02-18,8,Steel,1.19
SEC_005,2024-01-05,6,Steel,1.24
SEC_037,2024-07-29,4,Other,0.73
SEC_038,2024-04-06,15,Coal,1.04
SEC_017,2024-11-13,16,Steel,1.22
SEC_004,2024-06-19,3,Steel,0.75
SEC_016,2024-01-04,9,Foodgrain,1.18
SEC_004,2024-03-22,15,Steel,1.08
SEC_033,2024-05-05,12,Cement,1.1
SEC_044,2024-01-10,7,Other,1.13
SEC_049,2024-04-26,7,Cement,1.06
SEC_040,2024-07-16,4,Steel,0.77
SEC_038,2024-11-22,7,Other,1.22
SEC_044,2024-08-25,6,Foodgrain,0.85
SEC_038,2024-02-04,4,Steel,1.05
SEC_032,2024-06-01,1,Cement,0.7
SEC_049,2024-10-08,3,Other,1.31
SEC_016,2024-05-15,6,Steel,1.02
SEC_021,2024-07-25,5,Steel,0.79
SEC_045,2024-12-26,5,Cement,1.21
SEC_016,2024-02-20,7,Foodgrain,1.09
SEC_015,2024-06-23,8,Cement,0.85
SEC_008,2024-08-11,4,Foodgrain,0.75
SEC_014,2024-10-19,13,Coal,1.2
SEC_030,2024-11-02,15,Steel,1.28
SEC_044,2024-04-15,11,Other,0.97
SEC_007,2024-06-19,11,Other,0.84
SEC_034,2024-10-30,4,Steel,1.17
SEC_038,2024-11-03,7,Cement,1.24
SEC_044,2024-10-28,5,Coal,1.19
SEC_037,2024-09-01,5,Steel,0.99
SEC_008,2024-04-07,12,Cement,1.08
SEC_024,2024-05-14,12,Coal,1.09
SEC_047,2024-08-28,12,Cement,0.83
SEC_045,2024-04-03,7,Other,1.05
SEC_031,2024-09-06,5,Coal,1.08
SEC_048,2024-07-07,9,Foodgrain,0.77
SEC_033,2024-06-10,9,Steel,0.86
SEC_004,2024-05-10,9,Cement,1.1
SEC_045,2024-10-10,2,Other,1.21
SEC_009,2024-06-19,7,Coal,0.79
SEC_019,2024-04-22,13,Cement,1.06
SEC_012,2024-05-20,7,Coal,0.96
SEC_036,2024-06-26,10,Foodgrain,0.78
SEC_002,2024-08-14,10,Foodgrain,0.87
SEC_032,2024-12-28,16,Foodgrain,1.23
SEC_043,2024-05-04,5,Cement,1.07
SEC_039,2024-03-06,11,Cement,1.03
SEC_016,2024-12-23,16,Steel,1.16
SEC_044,2024-02-24,9,Cement,1.15
SEC_018,2024-11-26,11,Foodgrain,1.2
SEC_034,2024-02-22,7,Coal,1.09
SEC_025,2024-05-13,14,Cement,1.06
SEC_004,2024-12-31,8,Steel,1.1
SEC_001,2024-03-01,9,Coal,1.07
SEC_009,2024-02-28,14,Foodgrain,1.05
SEC_046,2024-08-10,3,Foodgrain,0.88
SEC_047,2024-03-10,2,Cement,1.06
SEC_021,2024-01-09,17,Foodgrain,1.23
SEC_048,2024-09-11,5,Cement,1.09
SEC_003,2024-12-17,10,Steel,1.19
SEC_048,2024-10-04,17,Cement,1.2
SEC_012,2024-12-18,2,Other,1.08
SEC_002,2024-07-11,8,Foodgrain,0.8
SEC_038,2024-08-12,4,Cement,0.86
SEC_019,2024-12-25,7,Steel,1.05
SEC_015,2024-07-03,4,Cement,0.8
SEC_038,2024-01-15,11,Other,1.11
SEC_017,2024-03-28,4,Other,1.03
SEC_037,2024-08-15,8,Other,0.84
SEC_010,2024-11-09,4,Steel,1.21
SEC_005,2024-08-09,4,Other,0.84
SEC_016,2024-05-28,13,Steel,1.0
SEC_030,2024-04-27,11,Other,0.99
SEC_012,2024-09-07,8,Coal,1.06
SEC_008,2024-11-25,5,Other,1.26
SEC_037,2024-04-11,9,Steel,0.98
SEC_025,2024-07-21,7,Steel,0.84
SEC_022,2024-06-05,2,Foodgrain,0.81
SEC_012,2024-03-31,6,Foodgrain,1.48
SEC_001,2024-05-28,5,Coal,0.95
SEC_003,2024-02-02,13,Foodgrain,1.19
SEC_034,2024-07-13,8,Other,0.88
SEC_004,2024-02-09,14,Foodgrain,1.08
SEC_013,2024-06-22,7,Foodgrain,0.89
SEC_045,2024-11-24,4,Other,1.29
SEC_017,2024-02-23,11,Coal,1.08
SEC_037,2024-04-01,6,Steel,1.07
SEC_017,2024-09-20,5,Other,1.09
SEC_046,2024-11-27,8,Coal,1.26
SEC_041,2024-12-15,4,Steel,1.21
SEC_024,2024-02-13,11,Steel,1.23
SEC_034,2024-03-28,4,Other,1.0
SEC_021,2024-12-26,5,Coal,1.16
SEC_047,2024-07-04,10,Steel,0.79
SEC_018,2024-11-01,15,Foodgrain,1.17
SEC_041,2024-01-06,10,Coal,1.06
SEC_031,2024-02-12,5,Coal,1.18
SEC_032,2024-03-15,6,Steel,1.0
SEC_018,2024-02-01,4,Coal,1.23
SEC_041,2024-11-22,17,Other,1.34
SEC_037,2024-10-21,15,Foodgrain,1.18
SEC_040,2024-05-22,6,Coal,1.0
SEC_040,2024-01-29,11,Cement,1.07
SEC_008,2024-02-08,5,Cement,1.25
SEC_043,2024-04-05,14,Cement,1.03
SEC_042,2024-09-23,13,Foodgrain,1.1
SEC_012,2024-10-20,18,Coal,1.3
SEC_049,2024-07-16,10,Cement,0.72
SEC_026,2024-11-28,4,Other,1.22
SEC_016,2024-12-05,8,Steel,1.21
SEC_011,2024-10-07,12,Coal,1.36
SEC_018,2024-01-29,7,Steel,1.19
SEC_002,2024-11-21,15,Cement,1.22
SEC_034,2024-11-28,3,Cement,1.33
SEC_035,2024-07-23,3,Other,0.84
SEC_033,2024-08-07,7,Foodgrain,0.8
SEC_027,2024-10-12,8,Other,1.32
SEC_018,2024-08-04,4,Steel,0.7
SEC_036,2024-05-05,12,Foodgrain,1.03
SEC_043,2024-09-12,11,Cement,1.01
SEC_005,2024-10-14,10,Steel,1.22
SEC_019,2024-02-21,13,Steel,1.17
SEC_049,2024-09-05,4,Other,1.09
SEC_043,2024-03-04,3,Foodgrain,1.46
SEC_049,2024-07-29,11,Cement,0.84
SEC_009,2024-02-09,4,Cement,1.07
SEC_023,2024-12-29,10,Cement,1.19
SEC_007,2024-09-01,11,Other,1.04
SEC_043,2024-06-20,8,Steel,0.81
SEC_026,2024-07-03,5,Steel,0.83
SEC_012,2024-08-14,6,Other,0.72
SEC_005,2024-02-15,4,Foodgrain,1.17
SEC_037,2024-07-05,6,Other,0.8
SEC_040,2024-09-19,8,Other,0.96
SEC_044,2024-04-05,14,Cement,1.08
SEC_048,2024-06-24,4,Cement,0.71
SEC_040,2024-04-30,14,Other,1.08
SEC_039,2024-02-28,17,Steel,1.21
SEC_040,2024-12-24,17,Foodgrain,1.18
SEC_049,2024-08-04,10,Foodgrain,0.72
SEC_023,2024-05-23,4,Coal,0.96
SEC_038,2024-05-03,3,Foodgrain,1.01
SEC_041,2024-09-05,4,Cement,0.96
SEC_006,2024-02-09,5,Foodgrain,1.15
SEC_034,2024-07-26,4,Cement,0.74
SEC_017,2024-03-25,2,Coal,1.06
SEC_007,2024-11-21,12,Foodgrain,1.29
SEC_009,2024-10-14,11,Other,1.24
SEC_006,2024-10-04,13,Steel,1.19
SEC_044,2024-02-23,15,Foodgrain,1.14
SEC_038,2024-01-30,8,Cement,1.21
SEC_006,2024-06-16,6,Cement,0.74
SEC_031,2024-05-10,14,Coal,0.97
SEC_033,2024-09-22,5,Coal,1.02
SEC_026,2024-09-17,9,Cement,1.01
SEC_030,2024-05-25,10,Foodgrain,1.08
SEC_045,2024-02-29,12,Other,1.19
SEC_026,2024-04-28,10,Other,1.08
SEC_033,2024-07-03,2,Coal,0.79
SEC_028,2024-04-02,13,Steel,1.01
SEC_020,2024-04-26,12,Other,1.08
SEC_044,2024-03-29,3,Steel,1.02
SEC_021,2024-01-24,4,Coal,1.2
SEC_040,2024-08-08,6,Coal,0.86
SEC_030,2024-12-30,5,Foodgrain,1.08
SEC_034,2024-12-14,12,Steel,1.08
SEC_038,2024-12-06,3,Other,1.11
SEC_037,2024-08-29,6,Other,0.84
SEC_028,2024-09-30,5,Coal,1.08
SEC_031,2024-01-24,2,Other,1.12
SEC_025,2024-03-14,11,Coal,0.98
SEC_017,2024-09-15,12,Cement,0.97
SEC_036,2024-12-27,6,Other,1.18
SEC_044,2024-11-28,11,Steel,1.32
SEC_035,2024-08-18,8,Coal,0.78
SEC_038,2024-02-09,7,Coal,1.16
SEC_041,2024-12-19,15,Steel,1.06
SEC_019,2024-04-26,6,Other,0.96
SEC_004,2024-01-16,10,Foodgrain,1.21
SEC_017,2024-10-08,19,Foodgrain,1.37
SEC_037,2024-03-04,11,Coal,0.98
SEC_040,2024-04-20,6,Cement,1.06
SEC_026,2024-09-04,4,Coal,0.95
SEC_039,2024-12-19,6,Cement,1.08
SEC_004,2024-11-28,19,Other,1.33
SEC_032,2024-02-29,10,Cement,1.08
SEC_034,2024-03-05,9,Foodgrain,1.48
SEC_025,2024-10-23,13,Cement,1.33
SEC_036,2024-04-26,6,Steel,1.1
SEC_025,2024-01-29,12,Cement,1.17
SEC_026,2024-08-03,7,Cement,0.82
SEC_030,2024-08-28,11,Coal,0.85
SEC_039,2024-12-31,5,Steel,1.05
SEC_013,2024-06-26,3,Cement,0.83
SEC_015,2024-10-19,11,Foodgrain,1.35
SEC_021,2024-07-14,11,Steel,0.89
SEC_010,2024-12-04,11,Other,1.17
SEC_017,2024-06-27,11,Other,0.83
SEC_018,2024-09-04,3,Cement,1.0
SEC_016,2024-12-18,4,Foodgrain,1.18
SEC_021,2024-11-17,11,Foodgrain,1.35
SEC_025,2024-05-26,14,Other,0.97
SEC_035,2024-07-04,9,Foodgrain,0.87
SEC_015,2024-08-04,7,Other,0.83
SEC_042,2024-02-15,4,Other,1.18
SEC_024,2024-03-26,14,Other,1.08
SEC_036,2024-09-16,3,Cement,1.04
SEC_006,2024-01-27,16,Steel,1.15
SEC_009,2024-08-08,3,Steel,0.79
SEC_023,2024-06-26,5,Other,0.78
SEC_018,2024-06-26,8,Foodgrain,0.85
SEC_025,2024-11-05,7,Steel,1.17
SEC_008,2024-04-10,4,Coal,1.05
SEC_024,2024-10-16,14,Cement,1.18
SEC_034,2024-10-14,13,Other,1.31
SEC_036,2024-12-29,13,Steel,1.12
SEC_013,2024-10-27,18,Cement,1.27
SEC_017,2024-07-04,3,Steel,0.89
SEC_026,2024-05-13,4,Steel,1.09
SEC_026,2024-10-12,6,Foodgrain,1.29
SEC_039,2024-12-05,16,Steel,1.17
SEC_020,2024-04-12,10,Other,1.09
SEC_033,2024-05-15,6,Other,1.04
SEC_044,2024-06-30,8,Steel,0.71
SEC_015,2024-02-09,10,Steel,1.12
SEC_041,2024-04-24,13,Coal,1.07
SEC_017,2024-03-01,8,Cement,1.03
SEC_017,2024-10-09,4,Cement,1.4
SEC_033,2024-06-29,12,Other,0.89
SEC_031,2024-08-08,1,Foodgrain,0.73
SEC_027,2024-01-30,15,Other,1.14
SEC_012,2024-07-28,3,Coal,0.87
SEC_005,2024-09-19,8,Steel,1.05
SEC_045,2024-09-09,5,Foodgrain,0.99
SEC_043,2024-10-18,5,Cement,1.29
SEC_044,2024-02-11,9,Steel,1.08
SEC_026,2024-07-20,7,Steel,0.71
SEC_044,2024-06-25,8,Coal,0.74
SEC_024,2024-11-22,6,Other,1.19
SEC_004,2024-09-09,5,Foodgrain,0.97
SEC_010,2024-12-15,12,Coal,1.13
SEC_014,2024-01-10,10,Steel,1.1
SEC_019,2024-06-12,4,Foodgrain,0.86
SEC_047,2024-09-14,10,Foodgrain,0.98
SEC_017,2024-02-02,13,Foodgrain,1.2
SEC_031,2024-08-26,6,Coal,0.71
SEC_014,2024-03-25,13,Other,1.03
SEC_032,2024-01-28,10,Other,1.22
SEC_028,2024-08-28,5,Steel,0.84
SEC_008,2024-06-05,11,Steel,0.82
SEC_023,2024-05-28,5,Coal,1.08
SEC_006,2024-04-29,5,Coal,1.07
SEC_044,2024-09-07,11,Other,1.08
SEC_035,2024-08-14,4,Coal,0.74
SEC_047,2024-09-01,11,Steel,0.99
SEC_043,2024-10-15,3,Other,1.38
SEC_011,2024-08-09,8,Steel,0.87
SEC_035,2024-01-28,8,Cement,1.09
SEC_005,2024-02-27,7,Coal,1.2
SEC_048,2024-12-28,2,Other,1.12
SEC_039,2024-04-14,3,Other,1.05
SEC_034,2024-06-05,3,Other,0.72
SEC_049,2024-05-18,10,Cement,1.08
SEC_042,2024-12-28,14,Other,1.17
SEC_043,2024-10-28,10,Cement,1.21
SEC_005,2024-06-25,6,Steel,0.73
SEC_002,2024-09-06,2,Other,1.07
SEC_048,2024-07-20,5,Steel,0.71
SEC_013,2024-08-24,10,Other,0.78
SEC_021,2024-12-15,6,Other,1.23
SEC_003,2024-09-03,4,Foodgrain,1.07
SEC_031,2024-02-11,10,Steel,1.22
SEC_041,2024-07-03,6,Coal,0.9
SEC_042,2024-10-27,7,Foodgrain,1.2
SEC_029,2024-01-15,4,Cement,1.24
SEC_033,2024-05-10,14,Foodgrain,0.99
SEC_026,2024-03-14,2,Cement,1.01
SEC_022,2024-09-20,14,Coal,1.1
SEC_028,2024-02-21,13,Coal,1.07
SEC_046,2024-08-16,3,Steel,0.77
SEC_013,2024-01-24,10,Other,1.21
SEC_024,2024-12-04,12,Foodgrain,1.09
SEC_030,2024-04-26,3,Steel,1.06
SEC_028,2024-05-29,13,Cement,0.95
SEC_002,2024-10-15,11,Foodgrain,1.33
SEC_015,2024-05-18,12,Coal,1.05
SEC_032,2024-02-12,10,Foodgrain,1.21
SEC_035,2024-11-27,6,Cement,1.3
SEC_036,2024-02-10,14,Other,1.17
SEC_049,2024-06-30,4,Steel,0.79
SEC_033,2024-02-15,10,Coal,1.14
SEC_029,2024-09-12,8,Other,0.98
SEC_017,2024-04-08,9,Steel,1.09
SEC_019,2024-12-07,8,Coal,1.17
SEC_041,2024-03-15,16,Foodgrain,1.43
SEC_023,2024-09-02,10,Coal,1.02
SEC_036,2024-01-06,8,Other,1.09
SEC_007,2024-02-11,14,Cement,1.05
SEC_007,2024-04-11,18,Foodgrain,1.36
SEC_011,2024-11-19,6,Foodgrain,1.3
SEC_010,2024-12-30,9,Steel,1.07
SEC_030,2024-08-12,9,Foodgrain,0.71
SEC_032,2024-05-03,14,Other,1.0
SEC_028,2024-04-24,12,Cement,1.0
SEC_015,2024-03-18,3,Cement,0.95
SEC_029,2024-05-04,7,Other,1.06
SEC_006,2024-06-30,10,Coal,0.75
SEC_024,2024-09-07,11,Other,1.02
SEC_008,2024-03-24,10,Coal,0.98
SEC_004,2024-01-14,2,Steel,1.12
SEC_009,2024-07-23,7,Cement,0.83
SEC_006,2024-03-29,2,Coal,1.1
SEC_024,2024-05-26,8,Foodgrain,0.99
SEC_027,2024-09-17,8,Steel,1.05
SEC_030,2024-11-24,3,Coal,1.15
SEC_022,2024-07-14,2,Coal,0.78
SEC_009,2024-12-05,2,Foodgrain,1.15
SEC_002,2024-04-08,9,Coal,1.0
SEC_035,2024-09-17,13,Other,0.98
SEC_049,2024-12-24,4,Foodgrain,1.19
SEC_014,2024-03-19,11,Cement,1.1
SEC_011,2024-09-27,11,Steel,1.04
SEC_016,2024-06-22,9,Foodgrain,0.77
SEC_011,2024-11-18,9,Coal,1.17
SEC_011,2024-04-21,7,Coal,1.05
SEC_025,2024-12-17,10,Cement,1.1
SEC_039,2024-10-19,4,Steel,1.18
SEC_035,2024-09-15,2,Other,1.03
SEC_048,2024-01-11,7,Other,1.2
SEC_018,2024-01-31,17,Coal,1.18
SEC_025,2024-08-30,13,Cement,0.9
SEC_019,2024-06-24,8,Cement,0.7
SEC_003,2024-04-28,5,Steel,0.99
SEC_020,2024-11-04,16,Other,1.37
SEC_013,2024-06-25,2,Cement,0.78
SEC_024,2024-06-16,1,Steel,0.71
SEC_008,2024-04-28,8,Coal,0.96
SEC_037,2024-12-25,11,Foodgrain,1.19
SEC_042,2024-05-13,9,Steel,1.1
SEC_048,2024-04-04,8,Foodgrain,1.5
SEC_005,2024-09-03,12,Steel,0.99
SEC_006,2024-01-13,11,Steel,1.07
SEC_048,2024-08-05,3,Other,0.84
SEC_042,2024-07-25,2,Other,0.73
SEC_029,2024-03-30,5,Cement,0.96
SEC_016,2024-10-08,3,Steel,1.16
SEC_026,2024-01-16,8,Foodgrain,1.13
SEC_027,2024-12-25,3,Steel,1.09
SEC_042,2024-11-09,17,Foodgrain,1.3
SEC_026,2024-03-05,3,Foodgrain,1.36
SEC_002,2024-06-29,10,Other,0.81
SEC_035,2024-03-13,2,Cement,1.02
SEC_039,2024-08-14,8,Coal,0.77
SEC_015,2024-05-09,2,Other,1.07
SEC_006,2024-06-27,2,Coal,0.75
SEC_007,2024-12-16,16,Coal,1.16
SEC_042,2024-08-14,10,Other,0.85
SEC_022,2024-11-13,18,Steel,1.38
SEC_026,2024-08-17,4,Other,0.88
SEC_048,2024-06-22,10,Coal,0.72
SEC_003,2024-01-06,5,Steel,1.14
SEC_011,2024-02-02,14,Other,1.09
SEC_041,2024-07-14,2,Coal,0.83
SEC_027,2024-07-03,2,Foodgrain,0.78
SEC_002,2024-07-02,12,Cement,0.9
SEC_035,2024-11-05,17,Steel,1.38
SEC_007,2024-02-05,9,Coal,1.11
SEC_039,2024-08-29,11,Other,0.89
SEC_040,2024-09-29,6,Cement,1.01
SEC_041,2024-08-24,6,Other,0.83
SEC_023,2024-03-27,10,Cement,0.97
SEC_014,2024-05-28,2,Cement,0.98
SEC_044,2024-01-20,2,Cement,1.07
SEC_028,2024-03-05,4,Cement,1.0
SEC_032,2024-10-20,19,Foodgrain,1.35
SEC_007,2024-08-13,8,Other,0.75
SEC_031,2024-11-12,4,Other,1.4
SEC_029,2024-09-10,2,Steel,1.06
SEC_015,2024-03-29,9,Other,1.1
SEC_038,2024-10-24,18,Steel,1.39
SEC_007,2024-09-08,3,Cement,1.05
SEC_036,2024-03-11,7,Other,1.05
SEC_048,2024-01-02,15,Foodgrain,1.15
SEC_028,2024-10-06,7,Coal,1.32
SEC_006,2024-09-20,6,Other,1.01
SEC_028,2024-02-02,14,Cement,1.16
SEC_026,2024-06-19,3,Foodgrain,0.86
SEC_028,2024-11-30,15,Other,1.27
SEC_014,2024-10-17,18,Coal,1.35
SEC_031,2024-10-26,6,Foodgrain,1.29
SEC_013,2024-05-23,11,Coal,1.08
SEC_028,2024-02-14,2,Coal,1.12
SEC_030,2024-05-08,12,Steel,1.09
SEC_032,2024-09-08,2,Foodgrain,0.95
SEC_040,2024-11-03,10,Coal,1.19
SEC_044,2024-08-23,2,Foodgrain,0.78
SEC_039,2024-01-15,13,Cement,1.09
SEC_039,2024-08-04,2,Coal,0.71
SEC_043,2024-03-09,5,Coal,1.07
SEC_012,2024-08-11,3,Cement,0.72
SEC_015,2024-05-30,10,Foodgrain,1.06
SEC_027,2024-07-14,7,Coal,0.81
SEC_023,2024-08-06,12,Other,0.85
SEC_035,2024-08-21,6,Foodgrain,0.72
SEC_001,2024-01-02,15,Coal,1.16
SEC_007,2024-12-19,17,Steel,1.24
SEC_037,2024-07-29,10,Foodgrain,0.73
SEC_041,2024-07-04,3,Steel,0.75
SEC_015,2024-05-18,10,Other,0.96
SEC_016,2024-02-08,11,Cement,1.13
SEC_028,2024-08-18,11,Coal,0.81
SEC_024,2024-05-12,10,Steel,1.0
SEC_009,2024-11-27,5,Steel,1.34
SEC_025,2024-08-28,9,Coal,0.89
SEC_041,2024-06-10,10,Coal,0.71
SEC_036,2024-01-12,5,Coal,1.07
SEC_041,2024-07-21,12,Cement,0.89
SEC_032,2024-11-05,7,Steel,1.2
SEC_043,2024-06-18,3,Foodgrain,0.82
SEC_013,2024-08-25,6,Coal,0.76
SEC_003,2024-02-13,12,Other,1.09
SEC_006,2024-05-28,13,Other,1.07
SEC_049,2024-10-17,6,Cement,1.18
SEC_032,2024-06-04,5,Steel,0.77
SEC_013,2024-11-19,3,Cement,1.31
SEC_042,2024-05-29,7,Steel,0.96
SEC_016,2024-10-23,4,Other,1.35
SEC_030,2024-08-23,10,Cement,0.8
SEC_013,2024-12-12,10,Coal,1.11
SEC_005,2024-07-14,9,Coal,0.89
SEC_014,2024-06-20,11,Cement,0.77
SEC_012,2024-05-09,2,Cement,1.07
SEC_028,2024-08-26,11,Cement,0.88
SEC_002,2024-12-24,16,Steel,1.22
SEC_012,2024-03-02,7,Cement,1.0
SEC_028,2024-12-08,5,Steel,1.24
SEC_020,2024-12-23,8,Cement,1.15
SEC_032,2024-10-08,15,Steel,1.17
SEC_033,2024-07-31,4,Coal,0.73
SEC_048,2024-11-11,13,Other,1.17
SEC_041,2024-04-05,6,Other,1.03
SEC_012,2024-08-20,11,Cement,0.86
SEC_034,2024-10-21,12,Cement,1.36
SEC_031,2024-10-21,15,Cement,1.21
SEC_030,2024-08-02,9,Cement,0.71
SEC_040,2024-05-21,4,Foodgrain,0.99
SEC_008,2024-12-13,9,Other,1.24
SEC_019,2024-09-03,13,Cement,0.96
SEC_040,2024-10-08,6,Foodgrain,1.19
SEC_044,2024-08-16,10,Foodgrain,0.79
SEC_002,2024-11-17,7,Other,1.17
SEC_024,2024-06-23,7,Foodgrain,0.8
SEC_013,2024-07-19,7,Coal,0.83
SEC_009,2024-10-21,4,Other,1.36
SEC_003,2024-07-08,10,Coal,0.72
SEC_027,2024-03-30,2,Steel,1.0
SEC_033,2024-10-04,18,Steel,1.29
SEC_027,2024-05-17,11,Coal,1.01
SEC_019,2024-02-08,9,Steel,1.22
SEC_038,2024-05-16,15,Coal,1.08
SEC_032,2024-01-20,6,Foodgrain,1.11
SEC_045,2024-11-17,18,Other,1.32
SEC_018,2024-12-26,2,Steel,1.22
SEC_012,2024-04-07,2,Steel,0.95
SEC_023,2024-12-01,8,Cement,1.21
SEC_025,2024-09-17,3,Cement,1.09
SEC_023,2024-12-15,12,Other,1.16
SEC_041,2024-02-29,13,Foodgrain,1.19
SEC_003,2024-01-23,13,Cement,1.05
SEC_026,2024-12-02,5,Other,1.17
SEC_022,2024-04-08,16,Foodgrain,1.49
SEC_011,2024-08-06,10,Other,0.78
SEC_032,2024-11-25,17,Other,1.31
SEC_040,2024-05-05,6,Coal,1.0
SEC_027,2024-02-02,15,Cement,1.06
SEC_005,2024-10-16,11,Cement,1.37
SEC_004,2024-06-14,7,Other,0.82
SEC_021,2024-01-09,7,Foodgrain,1.22
SEC_033,2024-05-04,15,Steel,1.08
SEC_016,2024-07-12,3,Foodgrain,0.79
SEC_016,2024-11-18,15,Cement,1.34
SEC_043,2024-03-23,11,Other,1.0
SEC_001,2024-07-08,4,Coal,0.86
SEC_004,2024-03-07,14,Coal,1.03
SEC_008,2024-04-16,4,Steel,1.08
SEC_049,2024-04-06,18,Foodgrain,1.4
SEC_025,2024-07-10,9,Coal,0.73
SEC_008,2024-08-30,8,Other,0.88
SEC_016,2024-02-11,8,Cement,1.11
SEC_048,2024-01-28,9,Other,1.12
SEC_035,2024-09-24,9,Coal,1.0
SEC_011,2024-04-17,13,Steel,1.05
SEC_012,2024-08-14,7,Foodgrain,0.83
SEC_004,2024-01-29,12,Cement,1.12
SEC_038,2024-08-07,4,Cement,0.83
SEC_007,2024-11-28,9,Foodgrain,1.28
SEC_015,2024-06-09,2,Steel,0.83
SEC_018,2024-07-30,3,Steel,0.76
SEC_031,2024-04-17,6,Steel,1.08
SEC_030,2024-04-14,3,Cement,0.98
SEC_040,2024-01-24,7,Other,1.07
SEC_015,2024-06-24,6,Foodgrain,0.79
SEC_019,2024-12-12,15,Other,1.16
SEC_020,2024-02-12,2,Steel,1.22
SEC_003,2024-06-01,6,Other,0.71
SEC_037,2024-11-02,12,Coal,1.28
SEC_027,2024-06-30,4,Cement,0.79
SEC_024,2024-10-05,6,Other,1.21
SEC_049,2024-05-17,3,Steel,0.98
SEC_009,2024-08-08,2,Cement,0.78
SEC_048,2024-12-27,14,Coal,1.2
SEC_034,2024-08-06,9,Other,0.71
SEC_011,2024-10-18,14,Foodgrain,1.16
SEC_034,2024-09-10,2,Foodgrain,0.96
SEC_038,2024-02-05,12,Other,1.13
SEC_018,2024-02-28,3,Other,1.11
SEC_017,2024-08-10,5,Steel,0.8
SEC_041,2024-05-07,10,Other,1.04
SEC_008,2024-06-26,7,Steel,0.72
SEC_001,2024-06-25,7,Other,0.73
SEC_033,2024-10-17,10,Cement,1.37
SEC_045,2024-12-28,12,Foodgrain,1.2
SEC_025,2024-12-31,4,Foodgrain,1.11
SEC_007,2024-01-30,10,Steel,1.13
SEC_027,2024-09-29,14,Foodgrain,1.1
SEC_013,2024-09-22,4,Foodgrain,0.96
SEC_041,2024-11-12,10,Other,1.24
SEC_030,2024-06-05,3,Foodgrain,0.76
SEC_017,2024-07-02,7,Foodgrain,0.84
SEC_031,2024-06-14,9,Cement,0.82
SEC_033,2024-05-16,7,Other,1.06
SEC_034,2024-03-31,11,Other,1.01
SEC_018,2024-08-23,7,Steel,0.73
SEC_028,2024-01-07,6,Other,1.12
SEC_003,2024-10-01,12,Foodgrain,1.38
SEC_020,2024-11-04,8,Coal,1.15
SEC_019,2024-03-24,11,Coal,1.02
SEC_027,2024-03-19,15,Steel,1.06
SEC_047,2024-07-03,2,Steel,0.82
SEC_047,2024-11-05,3,Foodgrain,1.26
SEC_024,2024-02-11,6,Coal,1.06
SEC_032,2024-06-07,3,Coal,0.81
SEC_006,2024-03-20,7,Coal,1.09
SEC_024,2024-11-07,3,Other,1.34
SEC_034,2024-11-18,4,Steel,1.23
SEC_034,2024-01-31,11,Cement,1.1
SEC_048,2024-02-22,12,Foodgrain,1.17
SEC_023,2024-02-27,3,Steel,1.12
SEC_045,2024-10-23,5,Steel,1.26
SEC_048,2024-11-25,16,Coal,1.21
SEC_029,2024-05-16,4,Coal,1.07
SEC_005,2024-02-27,10,Cement,1.24
SEC_019,2024-08-30,8,Foodgrain,0.71
SEC_038,2024-11-21,19,Other,1.38
SEC_029,2024-11-29,9,Coal,1.22
SEC_046,2024-06-11,2,Other,0.85
SEC_040,2024-10-12,2,Coal,1.16
SEC_004,2024-12-15,12,Cement,1.2
SEC_043,2024-10-29,5,Other,1.27
SEC_018,2024-06-22,3,Coal,0.8
SEC_041,2024-04-05,19,Foodgrain,1.37
SEC_025,2024-05-16,11,Other,1.0
SEC_023,2024-05-12,8,Other,1.02
SEC_004,2024-12-27,16,Steel,1.16
SEC_006,2024-09-25,14,Coal,1.06
SEC_030,2024-11-10,14,Steel,1.37
SEC_028,2024-10-11,9,Foodgrain,1.34
SEC_028,2024-06-23,4,Steel,0.89
SEC_008,2024-10-16,4,Coal,1.26
SEC_025,2024-08-22,6,Foodgrain,0.82
SEC_003,2024-09-27,9,Foodgrain,1.03
SEC_008,2024-04-20,11,Steel,1.07
SEC_025,2024-03-25,4,Other,1.09
SEC_031,2024-03-06,9,Steel,1.07
SEC_033,2024-04-15,5,Other,0.95
SEC_049,2024-12-24,4,Coal,1.19
SEC_042,2024-12-10,2,Foodgrain,1.15
SEC_019,2024-02-23,14,Other,1.17
SEC_039,2024-07-21,11,Steel,0.76
SEC_005,2024-12-10,6,Cement,1.19
SEC_043,2024-10-03,18,Cement,1.27
SEC_019,2024-08-12,10,Steel,0.72
SEC_038,2024-08-07,2,Cement,0.78
SEC_048,2024-04-29,9,Cement,1.0
SEC_035,2024-12-04,7,Foodgrain,1.15
SEC_046,2024-01-31,8,Steel,1.16
SEC_001,2024-11-13,6,Foodgrain,1.26
SEC_009,2024-11-14,7,Coal,1.31
SEC_031,2024-04-05,13,Foodgrain,1.45
SEC_027,2024-07-06,3,Steel,0.75
SEC_006,2024-11-19,8,Steel,1.29
SEC_036,2024-06-22,11,Steel,0.88
SEC_003,2024-04-19,12,Foodgrain,1.36
SEC_049,2024-01-26,3,Coal,1.06
SEC_008,2024-06-10,7,Coal,0.89
SEC_022,2024-04-11,14,Steel,1.05
SEC_041,2024-11-07,8,Foodgrain,1.17
SEC_026,2024-11-11,4,Steel,1.18
SEC_037,2024-04-28,15,Foodgrain,1.36
SEC_035,2024-03-18,8,Coal,0.99
SEC_047,2024-04-16,7,Foodgrain,1.48
SEC_023,2024-05-27,4,Foodgrain,1.0
SEC_048,2024-09-01,4,Steel,1.01
SEC_026,2024-02-25,2,Coal,1.19
SEC_044,2024-12-31,8,Cement,1.2
SEC_036,2024-09-13,2,Steel,1.05
SEC_007,2024-02-17,7,Foodgrain,1.23
SEC_032,2024-04-25,4,Cement,0.96
SEC_044,2024-09-13,11,Coal,1.03
SEC_007,2024-07-03,2,Cement,0.76
SEC_042,2024-07-11,6,Steel,0.82
SEC_006,2024-01-16,12,Foodgrain,1.1
SEC_043,2024-05-30,9,Coal,1.03
SEC_039,2024-08-12,11,Foodgrain,0.85
SEC_008,2024-10-01,5,Steel,1.24
SEC_036,2024-06-12,2,Coal,0.8
SEC_006,2024-07-22,8,Foodgrain,0.77
SEC_028,2024-03-22,7,Cement,1.0
SEC_046,2024-10-18,15,Steel,1.18
SEC_011,2024-09-12,12,Cement,1.06
SEC_009,2024-09-29,12,Steel,0.99
SEC_021,2024-09-01,10,Other,1.02
SEC_019,2024-12-26,10,Steel,1.2
SEC_003,2024-11-18,11,Cement,1.37
SEC_023,2024-10-23,9,Steel,1.24
SEC_013,2024-05-02,13,Foodgrain,1.0
SEC_007,2024-01-25,4,Coal,1.06
SEC_014,2024-01-01,10,Coal,1.23
SEC_002,2024-10-12,7,Other,1.15
SEC_045,2024-11-25,12,Coal,1.19
SEC_049,2024-08-25,10,Foodgrain,0.71
SEC_019,2024-09-20,7,Foodgrain,1.05
SEC_043,2024-02-02,14,Cement,1.2
SEC_023,2024-07-25,6,Coal,0.77
SEC_045,2024-08-09,8,Coal,0.76
SEC_009,2024-02-27,2,Steel,1.13
SEC_014,2024-10-01,16,Other,1.3
SEC_037,2024-05-02,9,Steel,1.02
SEC_011,2024-03-13,14,Foodgrain,1.45
SEC_041,2024-09-11,9,Foodgrain,1.09
SEC_021,2024-06-08,9,Foodgrain,0.8
SEC_020,2024-07-15,10,Other,0.74
SEC_023,2024-07-17,6,Cement,0.79
SEC_040,2024-08-15,8,Foodgrain,0.82
SEC_001,2024-05-31,10,Steel,0.98
SEC_037,2024-10-25,16,Steel,1.35
SEC_039,2024-11-16,9,Other,1.35
SEC_041,2024-06-26,8,Coal,0.7
SEC_049,2024-03-02,12,Coal,1.03
SEC_039,2024-04-12,11,Steel,1.01
SEC_026,2024-10-09,4,Other,1.37
SEC_023,2024-04-03,4,Cement,0.96
SEC_020,2024-10-11,4,Other,1.36
SEC_041,2024-08-30,8,Cement,0.84
SEC_020,2024-06-12,11,Foodgrain,0.89
SEC_029,2024-02-16,3,Coal,1.12
SEC_005,2024-07-16,9,Other,0.71
SEC_016,2024-09-10,14,Cement,1.09
SEC_014,2024-02-26,12,Coal,1.23
SEC_022,2024-10-28,8,Other,1.29
SEC_025,2024-03-12,11,Cement,1.09
SEC_036,2024-05-31,11,Cement,1.0
SEC_022,2024-07-13,5,Steel,0.87
SEC_008,2024-09-27,10,Steel,1.09
SEC_027,2024-03-23,10,Steel,1.01
SEC_003,2024-05-02,4,Coal,0.97
SEC_042,2024-10-22,12,Foodgrain,1.36
SEC_038,2024-04-30,2,Coal,0.97
SEC_012,2024-08-13,4,Foodgrain,0.72
SEC_013,2024-05-25,3,Steel,1.0
SEC_002,2024-01-21,10,Cement,1.08
SEC_018,2024-07-07,3,Steel,0.79
SEC_002,2024-05-10,2,Steel,1.07
SEC_046,2024-04-06,5,Coal,1.05
SEC_007,2024-11-10,14,Steel,1.36
SEC_033,2024-10-10,8,Coal,1.18
SEC_028,2024-04-11,13,Steel,0.96
SEC_012,2024-07-10,2,Foodgrain,0.79
SEC_040,2024-09-20,2,Cement,1.09
SEC_006,2024-01-20,9,Foodgrain,1.15
SEC_044,2024-02-04,6,Coal,1.14
SEC_037,2024-07-16,4,Cement,0.89
SEC_032,2024-12-06,4,Foodgrain,1.12
SEC_044,2024-12-05,15,Cement,1.05
SEC_020,2024-06-13,4,Other,0.88
SEC_014,2024-09-14,9,Coal,1.02
SEC_008,2024-06-28,3,Other,0.87
SEC_046,2024-11-27,11,Other,1.36
SEC_020,2024-07-27,10,Foodgrain,0.71
SEC_041,2024-11-22,13,Coal,1.26
SEC_017,2024-05-13,13,Steel,0.97
SEC_047,2024-12-06,3,Steel,1.12
SEC_043,2024-09-22,12,Foodgrain,0.96
SEC_016,2024-10-07,16,Cement,1.33
SEC_024,2024-01-06,16,Foodgrain,1.17
SEC_039,2024-10-22,16,Steel,1.37
SEC_012,2024-02-29,15,Coal,1.21
SEC_002,2024-12-08,15,Other,1.18
SEC_015,2024-03-10,2,Other,1.01
SEC_029,2024-10-29,8,Coal,1.36
SEC_007,2024-08-20,3,Steel,0.76
SEC_017,2024-05-23,13,Other,1.03
SEC_046,2024-11-21,9,Steel,1.35
SEC_004,2024-05-22,4,Cement,1.1
SEC_003,2024-01-24,3,Foodgrain,1.05
SEC_021,2024-01-28,12,Cement,1.2
SEC_001,2024-11-07,2,Other,1.21
SEC_002,2024-05-20,7,Steel,1.0
SEC_009,2024-10-26,7,Cement,1.31
SEC_006,2024-01-08,6,Foodgrain,1.11
SEC_040,2024-01-29,11,Steel,1.19
SEC_007,2024-12-27,10,Coal,1.05
SEC_026,2024-02-22,6,Cement,1.06
SEC_035,2024-09-08,4,Cement,1.06
SEC_031,2024-05-08,2,Other,1.08
SEC_033,2024-07-02,3,Steel,0.87
SEC_018,2024-02-11,10,Cement,1.24
SEC_044,2024-04-07,7,Coal,1.0
SEC_004,2024-10-04,6,Coal,1.18
SEC_006,2024-07-15,3,Foodgrain,0.85
SEC_042,2024-07-03,6,Foodgrain,0.9
SEC_004,2024-12-11,9,Foodgrain,1.22
SEC_010,2024-05-30,8,Other,1.02
SEC_009,2024-10-21,16,Other,1.21
SEC_002,2024-09-22,3,Coal,0.99
SEC_006,2024-06-17,6,Steel,0.81
SEC_029,2024-04-17,4,Foodgrain,1.48
SEC_033,2024-05-09,2,Other,1.1
SEC_005,2024-11-14,7,Cement,1.31
SEC_047,2024-04-21,2,Coal,1.01
SEC_005,2024-08-27,7,Cement,0.85
SEC_034,2024-02-15,5,Steel,1.17
SEC_040,2024-05-06,10,Coal,0.97
SEC_026,2024-12-08,12,Cement,1.1
SEC_025,2024-07-16,12,Steel,0.89
SEC_006,2024-10-28,8,Cement,1.29
SEC_012,2024-04-04,6,Foodgrain,1.4
SEC_042,2024-10-05,10,Foodgrain,1.27
SEC_018,2024-12-26,11,Steel,1.12
SEC_002,2024-12-04,15,Steel,1.23
SEC_036,2024-06-08,12,Steel,0.88
SEC_034,2024-09-06,2,Cement,1.1
SEC_004,2024-11-24,4,Foodgrain,1.21
SEC_003,2024-10-24,5,Coal,1.34
SEC_006,2024-12-23,10,Coal,1.24
SEC_003,2024-01-12,12,Steel,1.08
SEC_031,2024-07-15,4,Foodgrain,0.83
SEC_007,2024-10-16,16,Steel,1.25
SEC_030,2024-09-24,6,Other,1.03
SEC_009,2024-02-26,13,Steel,1.21
SEC_048,2024-07-28,5,Foodgrain,0.71
SEC_036,2024-03-01,14,Steel,1.07
SEC_019,2024-02-03,13,Steel,1.15
SEC_022,2024-02-10,15,Other,1.17
SEC_004,2024-12-14,6,Steel,1.07
SEC_003,2024-04-09,13,Coal,1.07
SEC_027,2024-06-16,6,Foodgrain,0.9
SEC_002,2024-04-03,7,Cement,1.1
SEC_032,2024-11-23,7,Foodgrain,1.2
SEC_019,2024-11-21,15,Foodgrain,1.34
SEC_007,2024-08-27,8,Other,0.71
SEC_027,2024-10-30,3,Steel,1.28
SEC_028,2024-02-08,5,Cement,1.06
SEC_037,2024-12-31,10,Other,1.14
SEC_010,2024-06-01,2,Steel,0.76
SEC_027,2024-05-26,2,Foodgrain,1.03
SEC_042,2024-03-12,5,Steel,1.0
SEC_014,2024-11-17,16,Cement,1.33
SEC_041,2024-03-03,17,Foodgrain,1.39
SEC_036,2024-11-09,8,Other,1.3
SEC_022,2024-09-18,6,Steel,1.08
SEC_044,2024-10-09,16,Coal,1.17
SEC_048,2024-01-11,3,Foodgrain,1.06
SEC_012,2024-09-27,6,Cement,0.97
SEC_049,2024-12-19,12,Steel,1.25
SEC_001,2024-05-24,9,Other,1.04
SEC_007,2024-06-13,4,Foodgrain,0.86
SEC_003,2024-02-11,6,Other,1.12
SEC_019,2024-06-28,7,Foodgrain,0.79
SEC_046,2024-09-03,8,Steel,1.03
SEC_030,2024-04-19,3,Other,1.09
SEC_031,2024-09-28,9,Coal,1.0
SEC_005,2024-02-01,9,Steel,1.05
SEC_026,2024-09-03,8,Cement,1.02
SEC_019,2024-08-03,9,Other,0.82
SEC_024,2024-03-25,8,Steel,1.0
SEC_013,2024-05-06,11,Foodgrain,1.07
SEC_010,2024-03-28,4,Foodgrain,1.33
SEC_047,2024-08-16,2,Cement,0.79
SEC_028,2024-08-21,8,Foodgrain,0.79
SEC_021,2024-07-22,2,Cement,0.84
SEC_004,2024-03-12,12,Cement,1.04
SEC_038,2024-03-20,6,Other,0.99
SEC_024,2024-10-23,16,Coal,1.22
SEC_019,2024-06-17,3,Cement,0.89
SEC_033,2024-06-08,4,Coal,0.71
SEC_007,2024-04-22,2,Coal,1.07
SEC_027,2024-12-06,8,Cement,1.14
SEC_043,2024-03-28,12,Steel,1.03
SEC_023,2024-10-08,8,Cement,1.37
SEC_001,2024-10-08,8,Other,1.3
SEC_012,2024-03-30,7,Coal,0.98
SEC_003,2024-01-05,8,Foodgrain,1.08
SEC_025,2024-04-01,3,Coal,1.02
SEC_018,2024-04-08,7,Other,0.95
SEC_007,2024-09-29,10,Other,0.96
SEC_034,2024-07-13,8,Other,0.84
SEC_009,2024-06-06,12,Other,0.83
SEC_017,2024-06-23,9,Steel,0.8
SEC_049,2024-12-14,15,Steel,1.12
SEC_004,2024-12-10,11,Other,1.1
SEC_013,2024-01-10,13,Cement,1.18
SEC_016,2024-11-04,4,Steel,1.28
SEC_025,2024-05-12,10,Steel,1.06
SEC_013,2024-10-02,8,Coal,1.38
SEC_048,2024-12-26,14,Coal,1.06
SEC_001,2024-07-07,4,Cement,0.84
SEC_047,2024-08-16,9,Steel,0.87
SEC_027,2024-06-05,2,Other,0.72
SEC_002,2024-01-28,15,Other,1.14
SEC_006,2024-01-14,7,Foodgrain,1.16
SEC_006,2024-05-11,2,Steel,1.08
SEC_015,2024-10-27,6,Coal,1.15
SEC_017,2024-05-04,2,Steel,1.05
SEC_032,2024-06-06,7,Cement,0.8
SEC_016,2024-07-13,2,Cement,0.86
SEC_036,2024-04-27,13,Cement,0.97
SEC_015,2024-06-28,10,Other,0.87
SEC_013,2024-08-10,8,Cement,0.87
SEC_014,2024-11-07,9,Foodgrain,1.29
SEC_017,2024-10-03,18,Steel,1.36
SEC_042,2024-10-26,14,Steel,1.23
SEC_013,2024-07-10,8,Steel,0.81
SEC_014,2024-09-12,10,Other,1.03
SEC_047,2024-02-24,3,Foodgrain,1.05
SEC_033,2024-02-24,4,Steel,1.12
SEC_010,2024-12-03,9,Coal,1.16
SEC_043,2024-08-09,7,Coal,0.8
SEC_009,2024-02-11,4,Other,1.21
SEC_008,2024-05-29,5,Steel,1.06
SEC_022,2024-12-20,16,Coal,1.23
SEC_034,2024-01-08,6,Steel,1.22
SEC_010,2024-06-10,8,Foodgrain,0.79
SEC_037,2024-11-02,8,Other,1.31
SEC_008,2024-12-12,6,Other,1.23
SEC_039,2024-05-14,2,Coal,1.04
SEC_005,2024-11-30,12,Foodgrain,1.3
SEC_023,2024-09-19,4,Other,1.05
SEC_032,2024-05-28,10,Cement,0.96
SEC_014,2024-10-12,9,Foodgrain,1.26
SEC_030,2024-10-19,19,Steel,1.34
SEC_034,2024-04-10,3,Cement,0.98
SEC_032,2024-02-02,8,Foodgrain,1.14
SEC_020,2024-10-12,6,Steel,1.39
SEC_038,2024-01-31,15,Cement,1.07
SEC_036,2024-10-11,6,Other,1.22
SEC_016,2024-05-10,2,Other,0.98
SEC_036,2024-09-14,5,Other,1.02
SEC_046,2024-08-11,8,Cement,0.86
SEC_041,2024-01-15,15,Cement,1.07
SEC_036,2024-01-04,6,Steel,1.17
SEC_038,2024-08-18,9,Steel,0.79
SEC_040,2024-07-07,4,Coal,0.74
SEC_015,2024-01-16,2,Coal,1.19
SEC_036,2024-12-23,6,Other,1.19
SEC_010,2024-03-28,16,Foodgrain,1.48
SEC_018,2024-11-10,5,Foodgrain,1.33
SEC_046,2024-02-12,12,Coal,1.21
SEC_014,2024-03-26,10,Coal,1.0
SEC_042,2024-07-12,9,Coal,0.75
SEC_021,2024-07-12,9,Foodgrain,0.77
SEC_011,2024-08-08,8,Foodgrain,0.86
SEC_005,2024-03-03,13,Coal,1.08
SEC_027,2024-04-06,2,Cement,1.07
SEC_023,2024-04-06,14,Coal,1.09
SEC_026,2024-06-10,8,Other,0.8
SEC_003,2024-12-03,5,Other,1.09
SEC_014,2024-06-18,5,Cement,0.78
SEC_001,2024-12-31,6,Foodgrain,1.22
SEC_015,2024-04-02,6,Cement,1.08
SEC_046,2024-03-29,7,Steel,1.07
SEC_008,2024-02-06,14,Other,1.18
SEC_034,2024-03-18,10,Other,1.07
SEC_001,2024-04-24,10,Cement,1.07
SEC_028,2024-05-20,12,Other,1.03
SEC_046,2024-09-18,2,Steel,1.0
SEC_017,2024-06-12,6,Other,0.84
SEC_010,2024-09-08,4,Coal,1.09
SEC_028,2024-02-02,13,Cement,1.21
SEC_014,2024-12-12,16,Steel,1.11
SEC_044,2024-02-24,8,Other,1.2
SEC_042,2024-01-13,2,Foodgrain,1.22
SEC_032,2024-06-04,6,Coal,0.7
SEC_032,2024-08-26,5,Steel,0.88
SEC_030,2024-03-27,3,Other,1.03
SEC_037,2024-02-29,12,Other,1.15
SEC_023,2024-11-05,17,Steel,1.18
SEC_048,2024-10-28,16,Steel,1.32
SEC_017,2024-10-02,8,Coal,1.26
SEC_001,2024-03-21,14,Coal,1.01
SEC_035,2024-07-15,5,Coal,0.88
SEC_033,2024-09-09,3,Steel,1.06
SEC_049,2024-06-07,11,Coal,0.86
SEC_020,2024-03-06,4,Coal,1.01
SEC_021,2024-10-31,2,Cement,1.22
SEC_028,2024-12-09,10,Other,1.12
SEC_020,2024-03-01,3,Other,0.97
SEC_039,2024-09-14,13,Other,0.95
SEC_021,2024-11-20,8,Coal,1.19
SEC_039,2024-07-17,2,Coal,0.75
SEC_021,2024-01-18,9,Other,1.08
SEC_012,2024-09-09,12,Coal,0.96
SEC_049,2024-12-03,14,Cement,1.23
SEC_026,2024-04-05,7,Coal,1.0
SEC_035,2024-02-20,9,Coal,1.11
SEC_029,2024-04-02,7,Cement,1.02
SEC_018,2024-10-24,4,Cement,1.26
SEC_048,2024-07-22,5,Coal,0.79
SEC_019,2024-01-07,6,Coal,1.22
SEC_049,2024-08-03,9,Other,0.78
SEC_022,2024-10-25,4,Steel,1.34
SEC_002,2024-03-08,8,Other,0.97
SEC_002,2024-08-01,2,Foodgrain,0.77
SEC_048,2024-03-24,4,Other,1.07
SEC_026,2024-01-07,17,Other,1.18
SEC_019,2024-05-26,10,Cement,1.08
SEC_040,2024-10-10,11,Coal,1.2
SEC_031,2024-09-01,3,Other,1.03
SEC_033,2024-02-07,12,Steel,1.06
SEC_034,2024-03-09,3,Steel,1.01
SEC_010,2024-07-16,2,Foodgrain,0.78
SEC_005,2024-04-27,10,Steel,1.03
SEC_036,2024-05-01,11,Cement,1.0
SEC_002,2024-06-08,9,Steel,0.72
SEC_036,2024-10-04,9,Other,1.18
SEC_007,2024-07-29,5,Coal,0.72
SEC_013,2024-11-08,14,Foodgrain,1.3
SEC_035,2024-02-07,5,Other,1.16
SEC_031,2024-06-18,4,Other,0.88
SEC_039,2024-07-20,10,Other,0.87
SEC_030,2024-10-04,14,Cement,1.17
SEC_003,2024-07-07,4,Foodgrain,0.71
SEC_042,2024-12-01,9,Steel,1.11
SEC_011,2024-11-02,15,Steel,1.23
SEC_007,2024-09-09,12,Foodgrain,1.09
SEC_044,2024-05-25,9,Steel,1.04
SEC_010,2024-04-27,2,Steel,0.96
SEC_027,2024-07-14,3,Cement,0.75
SEC_024,2024-06-18,1,Cement,0.73
SEC_038,2024-01-11,10,Foodgrain,1.06
SEC_003,2024-03-25,5,Steel,0.96
SEC_006,2024-11-01,14,Coal,1.38
SEC_021,2024-06-16,7,Steel,0.87
SEC_024,2024-12-13,14,Steel,1.19
SEC_039,2024-03-30,7,Other,1.02
SEC_030,2024-12-20,12,Steel,1.19
SEC_008,2024-10-22,8,Other,1.28
SEC_048,2024-05-11,9,Foodgrain,0.97
SEC_023,2024-08-11,9,Foodgrain,0.77
SEC_048,2024-12-27,3,Steel,1.09
SEC_049,2024-08-19,8,Cement,0.72
SEC_003,2024-12-07,7,Other,1.24
SEC_025,2024-02-10,12,Other,1.2
SEC_021,2024-02-29,3,Other,1.07
SEC_025,2024-01-01,10,Coal,1.06
SEC_016,2024-04-29,12,Other,1.0
SEC_028,2024-10-15,13,Cement,1.2
SEC_025,2024-12-18,2,Foodgrain,1.19
SEC_010,2024-07-17,8,Steel,0.88
SEC_015,2024-06-03,11,Foodgrain,0.8
SEC_008,2024-12-06,6,Other,1.22
SEC_042,2024-08-03,4,Foodgrain,0.8
SEC_034,2024-07-15,4,Coal,0.78
SEC_019,2024-02-01,2,Cement,1.14
SEC_020,2024-03-19,4,Cement,1.07
SEC_004,2024-09-12,2,Cement,1.07
SEC_015,2024-09-12,7,Steel,0.95
SEC_046,2024-06-30,9,Steel,0.72
SEC_002,2024-09-13,8,Foodgrain,0.99
SEC_008,2024-09-10,8,Other,1.0
SEC_042,2024-01-24,9,Other,1.18
SEC_026,2024-11-01,17,Coal,1.2
SEC_002,2024-09-10,10,Coal,0.97
SEC_024,2024-03-21,10,Coal,1.03
SEC_037,2024-03-18,10,Other,0.99
SEC_017,2024-12-16,4,Other,1.22
SEC_019,2024-04-03,13,Steel,1.08
SEC_031,2024-01-12,9,Other,1.12
SEC_030,2024-01-12,16,Foodgrain,1.15
SEC_045,2024-03-24,14,Steel,1.0
SEC_013,2024-08-17,9,Cement,0.88
SEC_014,2024-06-15,3,Coal,0.88
SEC_008,2024-09-24,5,Coal,0.97
SEC_033,2024-03-25,2,Steel,1.02
SEC_027,2024-03-25,15,Cement,1.09
SEC_018,2024-05-27,10,Other,0.99
SEC_035,2024-10-17,3,Foodgrain,1.33
SEC_019,2024-07-03,10,Foodgrain,0.75
SEC_010,2024-10-05,5,Foodgrain,1.33
SEC_027,2024-02-04,3,Coal,1.09
SEC_022,2024-05-29,13,Cement,1.09
SEC_020,2024-06-09,10,Other,0.73
SEC_022,2024-01-25,11,Foodgrain,1.19
SEC_045,2024-04-24,8,Cement,1.03
SEC_011,2024-04-12,12,Steel,0.96
SEC_014,2024-06-15,6,Other,0.9
SEC_028,2024-03-01,9,Coal,0.98
SEC_003,2024-04-08,15,Coal,1.04
SEC_008,2024-12-16,10,Other,1.05
SEC_028,2024-02-22,15,Foodgrain,1.22
SEC_025,2024-10-26,2,Foodgrain,1.2
SEC_032,2024-07-17,2,Other,0.82
SEC_006,2024-01-29,14,Steel,1.18
SEC_042,2024-05-26,15,Steel,1.04
SEC_024,2024-07-06,6,Coal,0.8
SEC_008,2024-04-11,4,Foodgrain,1.39
SEC_016,2024-04-07,5,Cement,1.0
SEC_012,2024-09-17,11,Other,1.08
SEC_023,2024-01-12,7,Foodgrain,1.2
SEC_023,2024-12-05,2,Coal,1.17
SEC_022,2024-04-27,4,Coal,0.97
SEC_023,2024-05-19,7,Steel,0.97
SEC_045,2024-02-16,9,Other,1.09
SEC_047,2024-11-18,8,Foodgrain,1.21
SEC_025,2024-03-22,12,Other,1.02
SEC_048,2024-10-21,9,Other,1.23
SEC_041,2024-04-29,4,Other,1.02
SEC_041,2024-01-12,10,Steel,1.1
SEC_012,2024-05-29,2,Foodgrain,1.08
SEC_022,2024-07-10,11,Coal,0.81
SEC_018,2024-06-20,10,Steel,0.85
SEC_005,2024-12-27,7,Steel,1.05
SEC_004,2024-07-09,7,Coal,0.73
SEC_031,2024-10-12,9,Coal,1.17
SEC_021,2024-05-15,2,Steel,1.08
SEC_041,2024-02-23,12,Coal,1.16
SEC_033,2024-07-01,10,Cement,0.83
SEC_005,2024-07-23,6,Steel,0.73
SEC_042,2024-06-01,6,Steel,0.72
SEC_025,2024-10-07,6,Coal,1.16
SEC_028,2024-12-18,6,Foodgrain,1.07
SEC_048,2024-01-30,5,Coal,1.19
SEC_032,2024-01-25,11,Foodgrain,1.19
SEC_002,2024-04-10,12,Other,1.09
SEC_009,2024-08-02,5,Cement,0.81
SEC_021,2024-01-16,6,Coal,1.12
SEC_002,2024-03-11,3,Coal,1.08
SEC_009,2024-05-29,10,Other,1.04
SEC_039,2024-05-17,10,Other,0.99
SEC_007,2024-11-05,3,Steel,1.36
SEC_009,2024-07-19,6,Foodgrain,0.71
SEC_025,2024-11-15,10,Steel,1.23
SEC_005,2024-10-05,9,Foodgrain,1.23
SEC_013,2024-05-31,5,Steel,0.97
SEC_046,2024-12-23,6,Other,1.05
SEC_031,2024-11-04,14,Foodgrain,1.2
SEC_048,2024-06-29,8,Coal,0.81
SEC_018,2024-11-07,15,Steel,1.24
SEC_031,2024-04-04,13,Other,0.96
SEC_012,2024-03-17,8,Steel,1.05
SEC_019,2024-10-16,13,Other,1.28
SEC_009,2024-10-15,17,Cement,1.22
SEC_041,2024-03-22,8,Other,1.02
SEC_010,2024-10-02,17,Coal,1.19
SEC_011,2024-07-04,4,Steel,0.79
SEC_023,2024-07-23,7,Other,0.77
SEC_022,2024-11-05,4,Coal,1.21
SEC_016,2024-02-28,9,Coal,1.17
SEC_018,2024-05-27,12,Coal,1.06
SEC_015,2024-04-16,14,Coal,1.03
SEC_045,2024-07-22,2,Cement,0.75
SEC_029,2024-02-27,5,Steel,1.2
SEC_046,2024-02-13,6,Coal,1.18
SEC_049,2024-09-11,2,Cement,1.05
SEC_032,2024-01-21,9,Steel,1.11
SEC_041,2024-06-01,4,Coal,0.72
SEC_006,2024-12-26,12,Other,1.1
SEC_047,2024-12-31,14,Foodgrain,1.11
SEC_024,2024-03-06,4,Foodgrain,1.45
SEC_035,2024-12-05,17,Other,1.24
SEC_013,2024-05-02,8,Steel,1.0
SEC_005,2024-03-13,13,Foodgrain,1.4
SEC_044,2024-07-03,5,Cement,0.76
SEC_023,2024-06-27,5,Coal,0.89
SEC_007,2024-05-17,15,Steel,1.04
SEC_033,2024-06-05,1,Coal,0.7
SEC_003,2024-02-05,7,Foodgrain,1.09
SEC_023,2024-04-06,14,Cement,1.04
SEC_035,2024-03-13,7,Coal,1.01
SEC_036,2024-12-07,9,Coal,1.23
SEC_023,2024-06-29,10,Foodgrain,0.75
SEC_019,2024-07-18,7,Steel,0.82
SEC_042,2024-06-09,12,Coal,0.89
SEC_010,2024-11-19,11,Cement,1.34
SEC_004,2024-10-19,4,Cement,1.32
SEC_008,2024-09-09,10,Foodgrain,1.02
SEC_040,2024-04-24,5,Steel,1.08
SEC_024,2024-04-22,5,Coal,1.05
SEC_002,2024-12-10,14,Steel,1.06
SEC_009,2024-12-06,11,Foodgrain,1.21
SEC_002,2024-04-13,9,Other,1.0
SEC_040,2024-05-03,9,Coal,1.08
SEC_023,2024-05-01,12,Other,1.04
SEC_004,2024-10-14,13,Foodgrain,1.39
SEC_011,2024-12-13,14,Foodgrain,1.14
SEC_031,2024-11-20,16,Steel,1.16
SEC_030,2024-11-03,11,Other,1.26
SEC_041,2024-05-07,4,Coal,1.04
SEC_002,2024-04-26,2,Steel,1.07
SEC_004,2024-11-21,12,Steel,1.35
SEC_002,2024-05-24,12,Foodgrain,1.07
SEC_020,2024-03-19,15,Foodgrain,1.34
SEC_036,2024-11-04,11,Other,1.34
SEC_033,2024-06-24,11,Coal,0.82
SEC_011,2024-02-01,9,Foodgrain,1.12
SEC_033,2024-11-23,8,Foodgrain,1.32
SEC_033,2024-04-17,2,Steel,0.95
SEC_010,2024-04-23,5,Coal,1.02
SEC_037,2024-07-13,7,Other,0.76
SEC_021,2024-04-08,2,Steel,1.05
SEC_003,2024-10-30,17,Coal,1.18
SEC_020,2024-09-10,9,Foodgrain,1.02
SEC_038,2024-07-25,12,Coal,0.89
SEC_035,2024-03-14,6,Cement,1.02
SEC_014,2024-06-28,9,Cement,0.74
SEC_038,2024-04-09,7,Steel,1.07
SEC_020,2024-12-18,16,Coal,1.12
SEC_023,2024-10-17,6,Coal,1.21
SEC_005,2024-02-12,3,Coal,1.14
SEC_049,2024-07-12,10,Foodgrain,0.77
SEC_042,2024-10-12,10,Steel,1.28
SEC_010,2024-07-10,5,Cement,0.87
SEC_028,2024-02-16,15,Steel,1.14
SEC_039,2024-02-21,2,Cement,1.2
SEC_025,2024-09-25,10,Foodgrain,1.06
SEC_011,2024-07-10,6,Foodgrain,0.84
SEC_048,2024-07-17,9,Cement,0.73
SEC_014,2024-04-08,9,Foodgrain,1.46
SEC_017,2024-04-06,6,Foodgrain,1.44
SEC_019,2024-05-29,11,Foodgrain,1.09
SEC_044,2024-07-17,8,Cement,0.88
SEC_025,2024-06-20,2,Steel,0.86
SEC_036,2024-11-17,13,Coal,1.17
SEC_045,2024-03-10,10,Foodgrain,1.3
SEC_046,2024-06-21,11,Steel,0.84
SEC_042,2024-03-27,8,Other,1.03
SEC_045,2024-01-03,2,Other,1.07
SEC_047,2024-05-31,13,Steel,1.05
SEC_049,2024-01-21,6,Foodgrain,1.12
SEC_032,2024-05-16,10,Foodgrain,1.07
SEC_007,2024-08-19,5,Steel,0.8
SEC_006,2024-05-17,10,Coal,0.96
SEC_040,2024-09-05,8,Other,1.06
SEC_016,2024-04-17,2,Cement,0.98
SEC_040,2024-05-27,9,Foodgrain,1.04
SEC_046,2024-11-16,18,Coal,1.35
SEC_032,2024-03-29,9,Foodgrain,1.48
SEC_038,2024-07-02,3,Steel,0.79
SEC_014,2024-09-19,2,Steel,0.96
SEC_022,2024-05-12,11,Other,1.09
SEC_048,2024-04-21,3,Cement,1.07
SEC_041,2024-09-12,3,Steel,1.1
SEC_011,2024-01-28,14,Steel,1.13
SEC_046,2024-04-07,13,Cement,0.98
SEC_025,2024-05-29,4,Cement,1.01
SEC_042,2024-03-20,13,Other,1.02
SEC_026,2024-07-16,7,Cement,0.82
SEC_030,2024-08-14,5,Foodgrain,0.86
SEC_008,2024-12-19,4,Cement,1.12
SEC_017,2024-08-08,9,Steel,0.85
SEC_036,2024-08-04,11,Coal,0.87
SEC_042,2024-09-22,2,Coal,1.1
SEC_005,2024-03-17,13,Coal,1.1
SEC_004,2024-06-21,12,Other,0.89
SEC_034,2024-10-31,13,Other,1.33
SEC_022,2024-03-05,9,Steel,1.0
SEC_042,2024-04-16,14,Other,1.05
SEC_004,2024-03-21,14,Cement,1.08
SEC_018,2024-12-17,4,Coal,1.12
SEC_002,2024-05-09,5,Steel,0.96
SEC_035,2024-04-29,15,Steel,1.07
SEC_043,2024-10-25,11,Other,1.34
SEC_008,2024-11-28,8,Cement,1.15
SEC_016,2024-01-02,15,Steel,1.24
SEC_042,2024-11-17,7,Other,1.21
SEC_003,2024-09-15,6,Steel,1.08
SEC_047,2024-11-12,5,Other,1.19
SEC_044,2024-02-01,7,Cement,1.14
SEC_008,2024-01-15,9,Cement,1.23
SEC_007,2024-05-02,10,Coal,1.1
SEC_034,2024-11-07,6,Coal,1.2
SEC_001,2024-07-01,7,Other,0.79
SEC_025,2024-09-20,7,Cement,1.07
SEC_004,2024-03-30,8,Steel,0.96
SEC_027,2024-05-02,4,Other,0.98
SEC_018,2024-11-17,16,Steel,1.17
SEC_035,2024-06-28,2,Steel,0.8
SEC_044,2024-10-12,10,Steel,1.37
SEC_024,2024-08-22,9,Foodgrain,0.74
SEC_032,2024-03-05,7,Cement,0.97
SEC_030,2024-12-11,10,Coal,1.12
SEC_049,2024-12-12,6,Other,1.15
SEC_012,2024-10-12,15,Steel,1.37
SEC_012,2024-06-20,10,Other,0.74
SEC_019,2024-06-05,2,Other,0.75
SEC_037,2024-04-18,18,Foodgrain,1.41
SEC_043,2024-08-24,2,Coal,0.77
SEC_014,2024-04-23,7,Foodgrain,1.36
SEC_006,2024-03-09,3,Cement,1.1
SEC_030,2024-01-23,17,Other,1.22
SEC_030,2024-06-04,8,Coal,0.88
SEC_019,2024-10-25,17,Cement,1.22
SEC_010,2024-10-16,16,Steel,1.32
SEC_042,2024-11-06,12,Cement,1.21
SEC_042,2024-08-10,8,Foodgrain,0.8
SEC_037,2024-11-13,6,Other,1.27
SEC_029,2024-10-13,18,Coal,1.25
SEC_013,2024-10-22,18,Foodgrain,1.38
SEC_020,2024-07-05,9,Cement,0.78
SEC_004,2024-02-01,4,Steel,1.21
SEC_013,2024-05-19,3,Steel,1.03
SEC_023,2024-11-06,9,Steel,1.17
SEC_022,2024-09-28,4,Cement,1.0
SEC_004,2024-01-05,9,Steel,1.07
SEC_047,2024-02-04,16,Other,1.23
SEC_014,2024-08-29,5,Steel,0.7
SEC_025,2024-12-24,4,Foodgrain,1.24
SEC_023,2024-09-24,11,Other,0.95
SEC_024,2024-12-13,16,Coal,1.16
SEC_042,2024-01-25,6,Steel,1.16
SEC_037,2024-11-18,2,Other,1.24
SEC_043,2024-02-16,5,Steel,1.22
SEC_019,2024-11-19,8,Steel,1.38
SEC_013,2024-12-22,2,Coal,1.15
SEC_021,2024-07-06,10,Coal,0.86
SEC_028,2024-07-13,11,Coal,0.79
SEC_017,2024-07-01,10,Other,0.87
SEC_023,2024-07-21,6,Foodgrain,0.89
SEC_008,2024-10-27,3,Steel,1.35
SEC_029,2024-04-13,14,Other,1.05
SEC_035,2024-04-13,12,Cement,1.09
SEC_026,2024-12-20,15,Steel,1.06
SEC_043,2024-11-07,14,Steel,1.24
SEC_049,2024-07-16,8,Steel,0.82
SEC_045,2024-03-14,5,Cement,0.99
SEC_005,2024-12-15,6,Cement,1.17
SEC_044,2024-11-17,7,Cement,1.22
SEC_017,2024-04-30,12,Foodgrain,1.31
SEC_023,2024-07-17,2,Foodgrain,0.82
SEC_021,2024-06-02,7,Other,0.78
SEC_014,2024-11-04,2,Foodgrain,1.24
SEC_043,2024-09-08,6,Cement,1.0
SEC_032,2024-06-29,3,Steel,0.73
SEC_048,2024-12-20,5,Foodgrain,1.05
SEC_047,2024-08-10,8,Coal,0.85
SEC_021,2024-06-26,4,Foodgrain,0.75
SEC_036,2024-12-05,7,Other,1.23
SEC_025,2024-06-13,9,Cement,0.89
SEC_025,2024-06-02,7,Other,0.78
SEC_037,2024-05-22,9,Steel,1.1
SEC_034,2024-03-21,2,Cement,0.99
SEC_045,2024-04-12,3,Cement,1.03
SEC_038,2024-02-03,6,Cement,1.23
SEC_031,2024-09-23,6,Cement,1.03
SEC_046,2024-08-03,10,Foodgrain,0.77
SEC_006,2024-12-07,13,Steel,1.08
SEC_038,2024-08-11,10,Foodgrain,0.8
SEC_020,2024-01-30,2,Steel,1.21
SEC_022,2024-08-15,4,Cement,0.72
SEC_039,2024-03-05,6,Other,1.05
SEC_014,2024-01-14,6,Coal,1.23
SEC_044,2024-08-30,3,Cement,0.76
SEC_025,2024-01-11,6,Foodgrain,1.2
SEC_018,2024-05-29,3,Coal,1.01
SEC_017,2024-11-23,4,Steel,1.21
SEC_021,2024-04-03,6,Other,1.05
SEC_047,2024-09-11,3,Steel,1.05
SEC_006,2024-05-17,8,Coal,1.09
SEC_025,2024-02-11,3,Cement,1.11
SEC_041,2024-03-13,8,Steel,1.0
SEC_024,2024-01-28,11,Steel,1.18
SEC_028,2024-02-25,10,Coal,1.24
SEC_018,2024-02-29,16,Cement,1.11
SEC_007,2024-11-19,12,Other,1.2
SEC_032,2024-10-22,6,Other,1.3
SEC_046,2024-05-09,14,Coal,0.99
SEC_026,2024-09-21,12,Other,1.02
SEC_022,2024-03-15,11,Cement,0.95
SEC_007,2024-08-21,9,Other,0.78
SEC_047,2024-03-15,12,Coal,1.1
SEC_043,2024-08-22,9,Other,0.81
SEC_045,2024-05-10,12,Steel,0.97
SEC_018,2024-11-10,10,Steel,1.3
SEC_031,2024-11-01,15,Other,1.36
SEC_022,2024-05-02,13,Cement,1.09
SEC_012,2024-01-16,4,Foodgrain,1.19
SEC_011,2024-04-27,8,Cement,1.01
SEC_019,2024-04-13,12,Steel,1.02
SEC_028,2024-06-04,4,Other,0.73
SEC_006,2024-07-29,4,Coal,0.75
SEC_035,2024-12-28,12,Foodgrain,1.07
SEC_023,2024-01-23,9,Coal,1.13
SEC_044,2024-07-22,3,Foodgrain,0.84
SEC_014,2024-03-03,8,Foodgrain,1.37
SEC_003,2024-07-19,7,Other,0.87
SEC_016,2024-08-21,8,Other,0.81
SEC_048,2024-10-23,6,Cement,1.3
SEC_016,2024-07-23,4,Other,0.89
SEC_035,2024-03-06,9,Coal,1.0
SEC_042,2024-11-30,7,Foodgrain,1.34
SEC_014,2024-05-28,11,Foodgrain,1.1
SEC_032,2024-06-24,9,Coal,0.73
SEC_011,2024-08-22,12,Foodgrain,0.84
SEC_018,2024-04-06,4,Coal,1.04
SEC_015,2024-12-27,12,Cement,1.08
SEC_033,2024-01-17,3,Steel,1.1
SEC_043,2024-02-26,3,Other,1.15
SEC_013,2024-12-28,8,Steel,1.15
SEC_015,2024-06-14,10,Cement,0.79
SEC_041,2024-11-22,8,Cement,1.33
SEC_023,2024-11-27,9,Other,1.35
SEC_026,2024-12-28,3,Steel,1.07
SEC_035,2024-09-22,3,Steel,1.0
SEC_007,2024-09-07,8,Cement,1.1
SEC_043,2024-08-12,7,Coal,0.83
SEC_018,2024-09-07,9,Foodgrain,0.96
SEC_033,2024-04-04,8,Steel,1.09
SEC_022,2024-10-25,6,Other,1.29
SEC_037,2024-03-09,3,Foodgrain,1.47
SEC_030,2024-06-24,4,Cement,0.72
SEC_009,2024-05-16,10,Other,0.97
SEC_010,2024-10-05,10,Coal,1.37
SEC_043,2024-04-03,14,Cement,0.99
SEC_026,2024-03-16,13,Cement,1.08
SEC_014,2024-10-22,17,Foodgrain,1.34
SEC_008,2024-06-27,4,Coal,0.86
SEC_007,2024-09-20,11,Foodgrain,0.96
SEC_046,2024-11-17,5,Coal,1.24
SEC_048,2024-11-01,6,Other,1.2
SEC_020,2024-05-26,6,Coal,1.02
SEC_010,2024-03-03,5,Coal,1.03
SEC_021,2024-12-17,16,Coal,1.15
SEC_007,2024-04-23,2,Steel,0.97
SEC_027,2024-10-08,5,Coal,1.3
SEC_031,2024-10-08,18,Cement,1.29
SEC_049,2024-06-11,5,Coal,0.89
SEC_016,2024-02-29,17,Cement,1.19
SEC_010,2024-06-21,11,Foodgrain,0.82
SEC_007,2024-02-23,10,Steel,1.09
SEC_019,2024-05-08,2,Foodgrain,0.97
SEC_030,2024-05-20,5,Coal,1.0
SEC_004,2024-07-08,8,Foodgrain,0.76
SEC_038,2024-03-09,6,Foodgrain,1.45
SEC_023,2024-11-05,11,Cement,1.24
SEC_039,2024-01-29,10,Coal,1.13
SEC_023,2024-12-26,13,Coal,1.14
SEC_008,2024-04-24,7,Coal,1.04
SEC_002,2024-06-28,8,Other,0.75
SEC_028,2024-11-16,18,Steel,1.3
SEC_027,2024-08-27,11,Steel,0.84
SEC_040,2024-01-21,7,Coal,1.22
SEC_043,2024-08-09,8,Steel,0.77
SEC_008,2024-07-26,9,Foodgrain,0.75
SEC_016,2024-12-07,5,Other,1.22
SEC_011,2024-07-25,10,Cement,0.74
SEC_006,2024-12-29,10,Other,1.06
SEC_001,2024-07-13,10,Coal,0.82
SEC_005,2024-03-11,16,Foodgrain,1.35
SEC_026,2024-07-04,7,Foodgrain,0.9
SEC_008,2024-12-01,14,Coal,1.24
SEC_010,2024-01-07,6,Foodgrain,1.19
SEC_006,2024-05-26,11,Foodgrain,1.03
SEC_036,2024-01-18,5,Coal,1.08
SEC_032,2024-11-04,14,Other,1.18
SEC_048,2024-07-06,2,Cement,0.83
SEC_006,2024-09-19,8,Other,0.99
SEC_011,2024-12-20,11,Coal,1.2
SEC_023,2024-10-31,15,Coal,1.15
SEC_032,2024-05-29,7,Other,0.99
SEC_007,2024-12-08,13,Other,1.17
SEC_011,2024-06-21,2,Cement,0.81
SEC_021,2024-12-24,11,Steel,1.17
SEC_001,2024-12-25,11,Steel,1.07
SEC_020,2024-03-22,6,Cement,1.1
SEC_038,2024-10-12,9,Other,1.26
SEC_026,2024-09-12,3,Cement,1.06
SEC_022,2024-10-08,18,Foodgrain,1.32
SEC_024,2024-03-02,14,Other,1.05
SEC_047,2024-07-03,9,Steel,0.84
SEC_026,2024-02-25,7,Coal,1.16
SEC_027,2024-11-24,10,Steel,1.27
SEC_046,2024-11-15,9,Foodgrain,1.34
SEC_008,2024-07-31,6,Cement,0.73
SEC_005,2024-02-17,13,Cement,1.15
SEC_023,2024-08-28,8,Cement,0.81
SEC_016,2024-06-09,8,Steel,0.82
SEC_010,2024-10-15,7,Cement,1.19
SEC_006,2024-02-06,10,Coal,1.19
SEC_044,2024-05-28,2,Other,0.99
SEC_031,2024-05-12,2,Foodgrain,1.09
SEC_034,2024-12-14,7,Other,1.12
SEC_006,2024-04-19,13,Other,0.97
SEC_017,2024-12-27,6,Coal,1.12
SEC_031,2024-12-03,6,Coal,1.11
SEC_026,2024-08-02,4,Other,0.89
SEC_035,2024-03-04,4,Foodgrain,1.41
SEC_033,2024-03-22,2,Coal,1.09
SEC_021,2024-01-07,6,Cement,1.21
SEC_039,2024-10-10,4,Other,1.21
SEC_013,2024-09-22,14,Cement,0.98
SEC_004,2024-04-27,10,Steel,1.04
SEC_045,2024-09-24,2,Steel,1.06
SEC_002,2024-07-30,6,Steel,0.76
SEC_014,2024-10-25,6,Foodgrain,1.21
SEC_006,2024-02-01,11,Foodgrain,1.12
SEC_012,2024-03-13,5,Steel,1.01
SEC_020,2024-10-22,5,Coal,1.35
SEC_007,2024-05-15,12,Coal,1.04
SEC_023,2024-12-17,5,Other,1.13
SEC_046,2024-11-18,15,Other,1.33
SEC_007,2024-02-04,11,Coal,1.14
SEC_046,2024-05-27,7,Steel,1.05
SEC_021,2024-09-24,10,Foodgrain,0.96
SEC_030,2024-02-19,16,Foodgrain,1.17
SEC_022,2024-11-11,3,Other,1.35
SEC_016,2024-02-05,11,Cement,1.22
SEC_006,2024-02-10,2,Cement,1.12
SEC_030,2024-07-17,3,Cement,0.86
SEC_045,2024-03-31,10,Cement,1.01
SEC_026,2024-08-21,5,Other,0.75
SEC_030,2024-05-23,5,Other,0.97
SEC_032,2024-04-09,6,Foodgrain,1.5
SEC_020,2024-11-02,13,Coal,1.29
SEC_006,2024-02-28,12,Other,1.25
SEC_025,2024-06-29,5,Steel,0.87
SEC_043,2024-03-02,12,Steel,1.08
SEC_016,2024-02-20,4,Coal,1.25
SEC_043,2024-03-16,13,Cement,1.06
SEC_042,2024-04-03,6,Coal,1.01
SEC_012,2024-05-30,6,Other,0.96
SEC_029,2024-06-20,9,Steel,0.76
SEC_037,2024-02-20,8,Coal,1.12
SEC_025,2024-01-15,9,Cement,1.15
SEC_035,2024-02-04,10,Steel,1.09
SEC_045,2024-08-18,2,Steel,0.84
SEC_031,2024-12-22,10,Coal,1.14
SEC_042,2024-01-10,12,Cement,1.13
SEC_040,2024-01-13,11,Steel,1.12
SEC_040,2024-10-12,16,Cement,1.22
SEC_042,2024-09-22,12,Steel,1.01
SEC_012,2024-09-25,6,Foodgrain,0.98
SEC_001,2024-03-04,16,Foodgrain,1.34
SEC_008,2024-11-12,16,Foodgrain,1.17
SEC_013,2024-08-16,10,Other,0.84
SEC_034,2024-02-27,3,Coal,1.08
SEC_025,2024-02-12,14,Steel,1.2
SEC_023,2024-08-08,8,Cement,0.77
SEC_001,2024-10-12,12,Other,1.21
SEC_034,2024-10-12,10,Foodgrain,1.37
SEC_018,2024-08-03,12,Coal,0.85
SEC_038,2024-07-07,10,Other,0.76
SEC_006,2024-09-11,10,Cement,1.02
SEC_015,2024-02-17,12,Foodgrain,1.22
SEC_003,2024-05-13,15,Steel,1.04
SEC_014,2024-02-06,2,Cement,1.14
SEC_046,2024-11-03,3,Steel,1.37
SEC_025,2024-08-09,11,Steel,0.89
SEC_022,2024-10-11,16,Cement,1.34
SEC_014,2024-07-01,3,Steel,0.74
SEC_013,2024-12-06,4,Other,1.12
SEC_033,2024-12-06,4,Foodgrain,1.19
SEC_049,2024-08-13,10,Foodgrain,0.77
SEC_037,2024-11-01,5,Cement,1.21
SEC_037,2024-08-29,3,Cement,0.89
SEC_024,2024-09-21,12,Foodgrain,1.0
SEC_005,2024-03-31,13,Steel,1.07
SEC_036,2024-12-25,16,Other,1.2
SEC_040,2024-03-08,7,Cement,1.01
SEC_026,2024-09-11,4,Coal,1.07
SEC_005,2024-08-10,7,Cement,0.71
SEC_035,2024-02-03,5,Other,1.07
SEC_046,2024-10-10,12,Foodgrain,1.21
SEC_012,2024-01-29,7,Other,1.12
SEC_008,2024-07-05,4,Steel,0.73
SEC_037,2024-10-25,13,Steel,1.39
SEC_017,2024-02-15,9,Foodgrain,1.07
SEC_036,2024-05-12,11,Coal,0.98
SEC_035,2024-07-05,7,Coal,0.83
SEC_014,2024-12-04,5,Foodgrain,1.23
SEC_003,2024-05-19,7,Coal,0.95
SEC_028,2024-02-13,5,Coal,1.18
SEC_020,2024-02-18,15,Foodgrain,1.18
SEC_042,2024-03-13,7,Steel,0.99
SEC_018,2024-11-13,8,Coal,1.31
SEC_013,2024-10-09,18,Foodgrain,1.31
SEC_043,2024-06-01,7,Steel,0.74
SEC_037,2024-11-06,17,Cement,1.33
SEC_031,2024-12-02,4,Foodgrain,1.17
SEC_047,2024-11-13,5,Coal,1.22
SEC_039,2024-01-02,12,Cement,1.15
SEC_043,2024-02-06,10,Other,1.12
SEC_040,2024-09-22,9,Cement,1.05
SEC_020,2024-05-19,4,Coal,1.07
SEC_004,2024-02-28,12,Foodgrain,1.08
SEC_030,2024-08-24,12,Coal,0.84
SEC_038,2024-05-10,6,Coal,1.07
SEC_049,2024-12-02,7,Coal,1.11
SEC_034,2024-07-30,9,Other,0.86
SEC_028,2024-03-28,12,Other,1.04
SEC_029,2024-12-08,14,Foodgrain,1.13
SEC_006,2024-08-07,8,Other,0.84
SEC_001,2024-04-18,6,Foodgrain,1.46
SEC_003,2024-02-22,8,Coal,1.21
SEC_045,2024-07-22,2,Other,0.83
SEC_039,2024-09-30,13,Cement,1.07
SEC_013,2024-11-01,8,Cement,1.25
SEC_021,2024-02-16,13,Coal,1.17
SEC_024,2024-06-07,2,Other,0.83
SEC_013,2024-12-31,5,Coal,1.2
SEC_021,2024-08-29,2,Coal,0.72
SEC_018,2024-02-03,4,Coal,1.12
SEC_035,2024-12-01,4,Other,1.2
SEC_038,2024-09-07,7,Other,1.04
SEC_005,2024-06-17,2,Coal,0.88
SEC_023,2024-10-11,15,Foodgrain,1.36
SEC_049,2024-08-25,4,Foodgrain,0.73
SEC_043,2024-04-04,3,Foodgrain,1.35
SEC_039,2024-10-18,7,Steel,1.37
SEC_037,2024-04-03,11,Coal,1.01
SEC_001,2024-03-24,8,Coal,1.09
SEC_048,2024-08-06,9,Other,0.86
SEC_037,2024-01-07,9,Cement,1.07
SEC_044,2024-08-18,10,Other,0.8
SEC_045,2024-07-20,1,Other,0.72
SEC_013,2024-09-20,2,Steel,1.03
SEC_001,2024-02-28,13,Coal,1.17
SEC_033,2024-07-31,3,Cement,0.76
SEC_023,2024-06-10,9,Steel,0.78
SEC_002,2024-03-04,2,Cement,1.1
SEC_014,2024-06-14,10,Other,0.87
SEC_049,2024-12-04,6,Other,1.22
SEC_018,2024-10-28,3,Steel,1.3
SEC_013,2024-03-01,6,Foodgrain,1.46
SEC_033,2024-11-05,6,Cement,1.17
SEC_033,2024-07-25,6,Steel,0.85
SEC_017,2024-01-18,16,Foodgrain,1.23
SEC_042,2024-12-02,6,Steel,1.17
SEC_029,2024-07-11,3,Foodgrain,0.87
SEC_008,2024-11-30,15,Cement,1.15
SEC_016,2024-02-06,6,Other,1.07
SEC_042,2024-03-02,5,Foodgrain,1.3
SEC_005,2024-11-26,10,Steel,1.37
SEC_001,2024-03-28,2,Coal,1.09
SEC_033,2024-07-20,7,Cement,0.76
SEC_022,2024-08-08,2,Other,0.78
SEC_013,2024-12-13,8,Foodgrain,1.2
SEC_024,2024-05-03,3,Other,1.09
SEC_009,2024-10-02,5,Foodgrain,1.19
SEC_019,2024-09-24,12,Foodgrain,0.95
SEC_012,2024-09-13,5,Coal,1.06
SEC_029,2024-07-10,7,Foodgrain,0.85
SEC_034,2024-01-27,6,Foodgrain,1.18
SEC_045,2024-04-07,5,Foodgrain,1.31
SEC_004,2024-07-24,2,Foodgrain,0.78
SEC_017,2024-05-30,10,Foodgrain,1.08
SEC_013,2024-03-08,10,Cement,0.99
SEC_029,2024-09-09,5,Coal,1.0
SEC_027,2024-06-17,10,Foodgrain,0.84
SEC_043,2024-10-14,4,Foodgrain,1.28
SEC_046,2024-07-19,10,Steel,0.82
SEC_038,2024-05-15,8,Foodgrain,1.03
SEC_010,2024-02-09,16,Cement,1.14
SEC_002,2024-02-08,16,Other,1.14
SEC_045,2024-07-04,9,Steel,0.87
SEC_047,2024-05-09,9,Coal,1.04
SEC_013,2024-09-19,5,Steel,1.07
SEC_003,2024-08-18,10,Steel,0.73
SEC_034,2024-04-14,14,Coal,1.04
SEC_029,2024-10-05,5,Foodgrain,1.16
SEC_044,2024-07-26,9,Foodgrain,0.88
SEC_029,2024-11-17,18,Other,1.32
SEC_038,2024-12-14,3,Cement,1.13
SEC_039,2024-12-18,14,Foodgrain,1.25
SEC_001,2024-02-16,15,Cement,1.23
SEC_008,2024-07-12,10,Steel,0.8
SEC_039,2024-01-11,7,Coal,1.09
SEC_009,2024-11-18,4,Foodgrain,1.17
SEC_011,2024-09-14,12,Foodgrain,1.0
SEC_037,2024-04-05,2,Steel,1.05
SEC_011,2024-08-10,10,Other,0.87
SEC_008,2024-07-23,9,Foodgrain,0.72
SEC_001,2024-07-17,3,Foodgrain,0.74
SEC_024,2024-07-16,13,Cement,0.9
SEC_032,2024-12-26,2,Steel,1.24
SEC_036,2024-10-08,17,Foodgrain,1.19
SEC_045,2024-05-27,13,Other,1.07
SEC_032,2024-10-09,5,Cement,1.21
SEC_038,2024-02-21,10,Other,1.15
SEC_011,2024-04-14,12,Coal,1.02
SEC_017,2024-02-12,8,Cement,1.1
SEC_015,2024-11-20,16,Cement,1.22
SEC_004,2024-01-09,17,Other,1.2
SEC_048,2024-11-22,13,Other,1.17
SEC_012,2024-10-31,9,Coal,1.26
SEC_022,2024-12-13,4,Foodgrain,1.19
SEC_018,2024-10-07,12,Other,1.34
SEC_003,2024-06-16,4,Other,0.84
SEC_045,2024-10-24,5,Coal,1.25
SEC_011,2024-12-27,11,Foodgrain,1.19
SEC_005,2024-11-22,14,Steel,1.36
SEC_017,2024-10-14,11,Cement,1.33
SEC_008,2024-10-07,7,Foodgrain,1.22
SEC_049,2024-08-27,6,Steel,0.72
SEC_010,2024-11-22,4,Foodgrain,1.27
SEC_015,2024-06-07,5,Other,0.88
SEC_014,2024-07-02,7,Steel,0.75
SEC_002,2024-11-04,17,Steel,1.2
SEC_001,2024-04-06,4,Coal,1.04
SEC_026,2024-10-06,8,Coal,1.38
SEC_012,2024-02-10,14,Coal,1.15
SEC_005,2024-08-02,4,Coal,0.73
SEC_015,2024-01-13,12,Foodgrain,1.2
SEC_014,2024-12-30,16,Foodgrain,1.2
SEC_021,2024-11-04,10,Cement,1.28
SEC_049,2024-04-01,13,Cement,1.03
SEC_016,2024-02-24,3,Coal,1.09
SEC_035,2024-08-22,4,Cement,0.83
SEC_038,2024-11-25,16,Foodgrain,1.35
SEC_003,2024-04-27,11,Coal,0.97
SEC_025,2024-12-17,3,Cement,1.14
SEC_022,2024-06-16,2,Cement,0.88
SEC_025,2024-06-10,3,Foodgrain,0.72
SEC_009,2024-05-04,13,Coal,1.0
SEC_023,2024-04-09,8,Coal,1.04
SEC_007,2024-05-02,12,Cement,1.08
SEC_047,2024-03-04,5,Coal,1.06
SEC_029,2024-05-17,8,Steel,0.99
SEC_002,2024-04-16,12,Cement,0.98
SEC_025,2024-01-21,11,Foodgrain,1.13
SEC_046,2024-05-12,15,Other,1.06
SEC_037,2024-01-15,13,Steel,1.1
SEC_014,2024-03-07,2,Other,0.95
SEC_044,2024-09-22,8,Steel,1.0
SEC_010,2024-01-10,11,Coal,1.07
SEC_013,2024-04-23,7,Cement,1.01
SEC_008,2024-09-07,13,Cement,0.98
SEC_046,2024-01-08,6,Other,1.06
SEC_036,2024-09-26,8,Coal,1.09
SEC_026,2024-01-30,12,Foodgrain,1.09
SEC_033,2024-01-21,13,Cement,1.16
SEC_013,2024-03-12,14,Foodgrain,1.41
SEC_004,2024-11-10,17,Steel,1.3
SEC_042,2024-01-18,16,Steel,1.23
SEC_048,2024-02-06,10,Coal,1.06
SEC_002,2024-12-12,9,Cement,1.14
SEC_003,2024-08-11,3,Cement,0.71
SEC_028,2024-07-27,12,Foodgrain,0.9
SEC_003,2024-01-15,15,Coal,1.19
SEC_036,2024-05-24,5,Cement,0.96
SEC_047,2024-07-29,8,Other,0.76
SEC_014,2024-07-13,7,Cement,0.76
SEC_015,2024-07-09,2,Coal,0.85
SEC_043,2024-02-11,15,Foodgrain,1.09
SEC_018,2024-12-27,11,Foodgrain,1.25
SEC_012,2024-09-13,8,Other,1.01
SEC_005,2024-03-29,4,Foodgrain,1.34
SEC_042,2024-12-20,2,Coal,1.2
SEC_046,2024-04-20,6,Cement,1.05
SEC_004,2024-02-17,12,Cement,1.09
SEC_040,2024-11-22,12,Steel,1.34
SEC_008,2024-02-25,11,Foodgrain,1.13
SEC_007,2024-01-23,10,Coal,1.08
SEC_019,2024-08-18,9,Coal,0.88
SEC_022,2024-04-06,7,Steel,1.07
SEC_042,2024-02-25,15,Coal,1.08
SEC_035,2024-02-07,14,Steel,1.18
SEC_008,2024-02-16,7,Cement,1.12
SEC_029,2024-12-17,8,Steel,1.12
SEC_043,2024-09-02,11,Coal,1.07
SEC_033,2024-11-04,17,Cement,1.29
SEC_012,2024-08-14,8,Other,0.77
SEC_007,2024-07-17,10,Foodgrain,0.8
SEC_023,2024-03-20,4,Steel,0.96
SEC_024,2024-12-20,2,Other,1.14
SEC_018,2024-10-28,19,Steel,1.38
SEC_006,2024-07-12,9,Coal,0.88
SEC_006,2024-02-08,7,Cement,1.2
SEC_026,2024-10-05,12,Cement,1.38
SEC_047,2024-05-01,2,Steel,1.02
SEC_030,2024-03-17,5,Steel,1.01
SEC_022,2024-09-27,12,Coal,1.04
SEC_046,2024-11-02,20,Foodgrain,1.4
SEC_034,2024-08-12,2,Foodgrain,0.76
SEC_036,2024-01-28,2,Steel,1.16
SEC_029,2024-08-07,4,Foodgrain,0.89
SEC_038,2024-12-02,8,Cement,1.19
SEC_025,2024-09-08,9,Foodgrain,0.97
SEC_031,2024-04-07,14,Cement,1.07
SEC_031,2024-08-24,12,Foodgrain,0.86
SEC_037,2024-04-01,6,Foodgrain,1.41
SEC_045,2024-11-15,13,Cement,1.28
SEC_015,2024-11-05,7,Coal,1.16
SEC_035,2024-07-27,10,Other,0.75
SEC_002,2024-02-19,8,Cement,1.11
SEC_027,2024-05-26,14,Steel,1.06
SEC_045,2024-02-14,9,Steel,1.16
SEC_032,2024-10-07,7,Cement,1.36
SEC_014,2024-09-06,5,Coal,1.03
SEC_030,2024-04-04,9,Coal,0.98
SEC_018,2024-11-09,14,Cement,1.26
SEC_022,2024-10-05,7,Foodgrain,1.22
SEC_012,2024-12-08,15,Coal,1.14
SEC_031,2024-04-12,12,Steel,1.0
SEC_010,2024-03-04,8,Cement,0.99
SEC_022,2024-06-24,11,Foodgrain,0.85
SEC_047,2024-04-07,13,Foodgrain,1.41
SEC_038,2024-09-27,10,Coal,0.96
SEC_021,2024-06-04,12,Cement,0.85
SEC_048,2024-08-17,10,Coal,0.79
SEC_001,2024-03-03,8,Steel,1.08
SEC_048,2024-02-01,10,Steel,1.06
SEC_018,2024-12-09,9,Foodgrain,1.05
SEC_041,2024-06-12,3,Steel,0.89
SEC_047,2024-02-21,14,Other,1.24
SEC_030,2024-10-24,2,Steel,1.24
SEC_030,2024-02-18,15,Coal,1.24
SEC_037,2024-12-30,11,Foodgrain,1.21
SEC_012,2024-05-21,13,Coal,0.98
SEC_009,2024-06-19,2,Steel,0.77
SEC_017,2024-04-04,6,Foodgrain,1.44
SEC_024,2024-02-01,17,Cement,1.21
SEC_037,2024-05-29,8,Cement,1.01
SEC_013,2024-05-14,6,Steel,1.08
SEC_028,2024-06-12,11,Other,0.8
SEC_001,2024-06-28,5,Coal,0.76
SEC_002,2024-08-18,8,Steel,0.84
SEC_048,2024-01-27,3,Steel,1.13
SEC_042,2024-05-12,4,Coal,1.06
SEC_043,2024-11-12,12,Foodgrain,1.18
SEC_017,2024-12-14,10,Coal,1.12
SEC_026,2024-07-16,5,Cement,0.75
SEC_034,2024-05-14,4,Other,0.98
SEC_013,2024-06-01,6,Cement,0.77
SEC_037,2024-10-13,14,Cement,1.3
SEC_034,2024-05-25,11,Steel,1.09
SEC_020,2024-12-11,4,Cement,1.17
SEC_022,2024-01-11,15,Foodgrain,1.23
SEC_016,2024-08-09,6,Foodgrain,0.79
SEC_040,2024-07-08,3,Foodgrain,0.76
SEC_049,2024-06-14,8,Coal,0.84
SEC_049,2024-06-23,4,Other,0.73
SEC_038,2024-02-28,14,Other,1.08
SEC_018,2024-05-06,6,Cement,0.97
SEC_039,2024-05-09,15,Foodgrain,1.09
SEC_012,2024-08-29,2,Coal,0.75
SEC_044,2024-08-06,9,Cement,0.89
SEC_014,2024-05-30,13,Other,1.09
SEC_020,2024-07-08,2,Coal,0.88
SEC_005,2024-07-28,5,Steel,0.72
SEC_004,2024-01-18,17,Other,1.22
SEC_020,2024-11-19,7,Other,1.18
SEC_027,2024-11-22,13,Foodgrain,1.34
SEC_001,2024-05-13,2,Steel,0.98
SEC_042,2024-10-05,17,Steel,1.31
SEC_006,2024-05-25,5,Foodgrain,0.96
SEC_049,2024-01-25,11,Steel,1.19
SEC_014,2024-11-12,7,Foodgrain,1.38
SEC_019,2024-04-07,3,Coal,0.96
SEC_008,2024-05-11,6,Coal,1.08
SEC_041,2024-07-29,3,Coal,0.72
SEC_036,2024-06-09,11,Cement,0.87
SEC_004,2024-04-07,9,Other,0.97
SEC_006,2024-10-20,11,Coal,1.18
SEC_030,2024-05-10,2,Other,1.09
SEC_043,2024-08-04,11,Coal,0.77
SEC_006,2024-08-31,6,Coal,0.89
SEC_011,2024-12-07,6,Steel,1.17
SEC_027,2024-06-24,10,Steel,0.75
SEC_006,2024-06-21,2,Other,0.77
SEC_015,2024-11-30,9,Coal,1.26
SEC_001,2024-06-24,3,Other,0.8
SEC_025,2024-04-19,9,Other,1.09
SEC_036,2024-01-16,14,Foodgrain,1.13
SEC_021,2024-04-28,2,Cement,1.01
SEC_013,2024-03-13,18,Foodgrain,1.41
SEC_021,2024-04-21,13,Other,1.01
SEC_025,2024-07-16,4,Steel,0.89
SEC_009,2024-07-11,2,Other,0.8
SEC_006,2024-03-09,9,Foodgrain,1.48
SEC_009,2024-06-18,9,Other,0.84
SEC_049,2024-06-15,10,Other,0.76
SEC_036,2024-01-16,11,Other,1.25
SEC_007,2024-04-13,14,Cement,1.05
SEC_015,2024-09-21,14,Foodgrain,1.1
SEC_021,2024-01-08,8,Cement,1.15
SEC_009,2024-04-20,6,Steel,1.04
SEC_042,2024-06-22,10,Steel,0.84
SEC_047,2024-03-01,7,Cement,1.09
SEC_012,2024-08-24,6,Cement,0.81
SEC_001,2024-09-18,10,Steel,1.01
SEC_014,2024-05-03,13,Other,1.06
SEC_029,2024-03-25,9,Cement,1.09
SEC_040,2024-10-11,18,Other,1.29
SEC_017,2024-03-19,9,Foodgrain,1.31
SEC_014,2024-02-23,11,Foodgrain,1.18
SEC_013,2024-01-13,12,Cement,1.06
SEC_001,2024-02-03,5,Coal,1.22
SEC_001,2024-11-15,13,Steel,1.26
SEC_021,2024-12-08,16,Other,1.11
SEC_031,2024-07-18,4,Cement,0.9
SEC_001,2024-12-03,12,Foodgrain,1.2
SEC_010,2024-09-15,6,Coal,1.04
SEC_045,2024-05-28,10,Coal,1.06
SEC_049,2024-09-18,11,Foodgrain,0.98
SEC_032,2024-06-02,7,Coal,0.89
SEC_026,2024-12-18,11,Coal,1.23
SEC_029,2024-11-07,19,Foodgrain,1.35
SEC_019,2024-11-05,5,Other,1.35
SEC_010,2024-07-13,12,Other,0.85
SEC_019,2024-07-08,4,Foodgrain,0.72
SEC_035,2024-02-12,10,Other,1.06
SEC_033,2024-08-26,6,Cement,0.74
SEC_034,2024-02-12,12,Other,1.23
SEC_030,2024-07-16,1,Steel,0.7
SEC_003,2024-02-17,13,Foodgrain,1.14
SEC_031,2024-06-23,10,Other,0.86
SEC_044,2024-10-12,13,Other,1.3
SEC_032,2024-04-22,14,Other,1.01
SEC_029,2024-08-08,5,Coal,0.8
SEC_011,2024-04-05,9,Cement,1.05
SEC_039,2024-04-19,6,Coal,1.02
SEC_023,2024-03-07,2,Steel,1.04
SEC_013,2024-02-29,2,Coal,1.09
SEC_025,2024-05-16,6,Cement,0.98
SEC_006,2024-02-15,16,Cement,1.23
SEC_046,2024-11-22,6,Coal,1.19
SEC_035,2024-09-28,11,Other,1.01
SEC_017,2024-03-22,12,Other,1.03
SEC_039,2024-11-20,9,Other,1.27
SEC_003,2024-05-13,7,Foodgrain,1.05
SEC_019,2024-07-13,4,Other,0.7
SEC_032,2024-09-12,6,Other,1.03
SEC_002,2024-10-09,4,Foodgrain,1.39
SEC_035,2024-01-03,12,Steel,1.12
SEC_041,2024-04-13,2,Cement,1.02
SEC_030,2024-05-03,4,Coal,1.0
SEC_011,2024-08-02,8,Steel,0.84
SEC_037,2024-11-15,16,Coal,1.32
SEC_017,2024-06-09,6,Cement,0.87
SEC_037,2024-06-18,1,Coal,0.71
SEC_031,2024-02-02,10,Cement,1.24
SEC_005,2024-07-11,6,Foodgrain,0.78
SEC_005,2024-06-27,12,Foodgrain,0.84
SEC_001,2024-08-21,2,Cement,0.78
SEC_004,2024-11-05,14,Coal,1.39
SEC_015,2024-07-26,9,Other,0.87
SEC_002,2024-01-19,5,Steel,1.21
SEC_046,2024-10-26,12,Other,1.21
SEC_045,2024-06-23,2,Other,0.78
SEC_009,2024-06-27,3,Foodgrain,0.82
SEC_016,2024-11-15,8,Foodgrain,1.36
SEC_037,2024-08-03,5,Other,0.77
SEC_033,2024-10-16,4,Foodgrain,1.27
SEC_029,2024-11-18,17,Steel,1.31
SEC_049,2024-06-29,4,Other,0.88
SEC_031,2024-12-25,14,Foodgrain,1.06
SEC_033,2024-03-03,10,Steel,1.08
SEC_025,2024-11-14,4,Coal,1.35
SEC_026,2024-11-06,12,Steel,1.16
SEC_015,2024-02-06,2,Steel,1.07
SEC_026,2024-02-26,10,Cement,1.24
SEC_045,2024-01-14,3,Foodgrain,1.07
SEC_019,2024-04-11,14,Steel,1.07
SEC_007,2024-12-28,10,Other,1.24
SEC_030,2024-02-15,3,Foodgrain,1.07
SEC_039,2024-01-13,14,Foodgrain,1.13
SEC_047,2024-06-16,7,Cement,0.87
SEC_027,2024-05-09,10,Steel,1.09
SEC_039,2024-08-18,5,Foodgrain,0.86
SEC_013,2024-08-09,10,Cement,0.87
SEC_021,2024-10-29,9,Steel,1.26
SEC_021,2024-05-31,12,Foodgrain,1.08
SEC_017,2024-06-17,12,Coal,0.89
SEC_036,2024-01-09,15,Cement,1.17
SEC_044,2024-12-21,10,Other,1.22
SEC_017,2024-03-19,5,Cement,0.96
SEC_007,2024-08-06,10,Foodgrain,0.74
SEC_041,2024-11-18,18,Other,1.27
SEC_042,2024-08-09,7,Other,0.71
SEC_046,2024-08-16,2,Foodgrain,0.78
SEC_013,2024-03-05,5,Cement,0.96
SEC_036,2024-09-16,12,Other,0.98
SEC_036,2024-03-10,4,Steel,1.06
SEC_039,2024-09-10,3,Cement,1.01
SEC_040,2024-07-30,1,Steel,0.74
SEC_047,2024-06-28,4,Coal,0.84
SEC_024,2024-09-20,4,Foodgrain,1.02
SEC_004,2024-09-20,10,Foodgrain,1.05
SEC_010,2024-03-15,13,Cement,0.96
SEC_044,2024-05-17,5,Coal,0.98
SEC_042,2024-06-26,4,Foodgrain,0.88
SEC_001,2024-02-25,8,Cement,1.16
SEC_019,2024-05-10,11,Cement,1.02
SEC_013,2024-01-16,9,Other,1.14
SEC_016,2024-06-09,10,Cement,0.73
SEC_032,2024-03-16,11,Foodgrain,1.38
SEC_025,2024-03-22,14,Steel,0.99
SEC_024,2024-10-26,2,Other,1.18
SEC_022,2024-02-21,6,Other,1.22
SEC_032,2024-02-14,6,Coal,1.25
SEC_034,2024-04-27,15,Foodgrain,1.5
SEC_003,2024-01-09,15,Cement,1.09
SEC_007,2024-11-14,13,Cement,1.3
SEC_017,2024-12-27,6,Other,1.08
SEC_022,2024-10-21,13,Steel,1.28
SEC_049,2024-10-19,13,Other,1.34
SEC_044,2024-02-07,13,Steel,1.09
SEC_032,2024-07-21,9,Coal,0.72
SEC_002,2024-02-02,17,Cement,1.2
SEC_005,2024-04-20,4,Other,1.0
SEC_023,2024-06-29,7,Steel,0.86
SEC_029,2024-09-06,14,Coal,0.97
SEC_033,2024-04-11,2,Other,1.03
SEC_007,2024-04-03,5,Coal,0.96
SEC_044,2024-10-28,17,Cement,1.2
SEC_025,2024-03-23,6,Coal,1.06
SEC_030,2024-06-26,8,Cement,0.73
SEC_002,2024-04-14,2,Coal,0.95
SEC_041,2024-11-08,5,Steel,1.29
SEC_027,2024-07-14,9,Foodgrain,0.73
SEC_011,2024-02-09,17,Other,1.21
SEC_016,2024-02-24,14,Cement,1.09
SEC_018,2024-12-21,3,Other,1.06
SEC_002,2024-12-10,13,Foodgrain,1.21
SEC_047,2024-10-07,17,Steel,1.28
SEC_040,2024-01-29,12,Foodgrain,1.16
SEC_044,2024-09-24,7,Foodgrain,1.07
SEC_018,2024-08-29,10,Foodgrain,0.87
SEC_028,2024-12-10,7,Other,1.23
SEC_023,2024-06-26,8,Other,0.75
SEC_024,2024-06-21,3,Coal,0.87
SEC_029,2024-08-19,3,Cement,0.8
SEC_023,2024-02-24,2,Steel,1.07
SEC_038,2024-09-29,6,Foodgrain,0.99
SEC_003,2024-06-30,4,Other,0.9
SEC_010,2024-03-09,14,Other,1.06
SEC_044,2024-10-25,9,Foodgrain,1.35
SEC_044,2024-04-06,6,Coal,0.99
SEC_041,2024-11-10,2,Other,1.24
SEC_019,2024-04-09,8,Other,1.0
SEC_023,2024-06-27,2,Steel,0.83
SEC_002,2024-06-08,8,Coal,0.78
SEC_014,2024-09-25,5,Foodgrain,1.04
SEC_036,2024-03-09,14,Other,1.06
SEC_017,2024-03-31,21,Foodgrain,1.48
SEC_024,2024-03-11,13,Coal,0.95
SEC_007,2024-03-25,4,Foodgrain,1.41
SEC_025,2024-06-14,7,Foodgrain,0.79
SEC_036,2024-08-02,11,Other,0.86
SEC_029,2024-11-12,10,Other,1.28
SEC_028,2024-06-03,11,Cement,0.77
SEC_045,2024-05-30,3,Foodgrain,1.05
SEC_012,2024-02-28,13,Other,1.15
SEC_015,2024-02-06,11,Steel,1.09
SEC_031,2024-10-05,5,Steel,1.19
SEC_024,2024-08-19,8,Other,0.78
SEC_048,2024-07-13,8,Other,0.76
SEC_003,2024-06-11,3,Other,0.87
SEC_006,2024-07-09,7,Cement,0.79
SEC_017,2024-11-05,4,Other,1.23
SEC_023,2024-03-10,3,Coal,1.03
SEC_044,2024-07-01,6,Cement,0.78
SEC_025,2024-03-29,20,Foodgrain,1.45
SEC_022,2024-02-08,5,Foodgrain,1.08
SEC_009,2024-09-10,10,Steel,1.08
SEC_022,2024-09-14,15,Foodgrain,1.09
SEC_027,2024-11-07,19,Steel,1.35
SEC_029,2024-01-08,10,Cement,1.11
SEC_030,2024-03-05,11,Other,1.06
SEC_022,2024-07-29,3,Coal,0.87
SEC_008,2024-10-24,17,Other,1.28
SEC_008,2024-12-10,12,Cement,1.11
SEC_008,2024-10-15,11,Coal,1.38
SEC_031,2024-11-27,5,Foodgrain,1.28
SEC_042,2024-10-25,4,Coal,1.26
SEC_044,2024-04-25,12,Other,1.06
SEC_016,2024-07-31,11,Steel,0.78
SEC_004,2024-08-20,3,Coal,0.86
SEC_031,2024-05-08,5,Other,1.0
SEC_002,2024-11-20,2,Foodgrain,1.22
SEC_031,2024-10-09,14,Cement,1.38
SEC_019,2024-07-08,12,Other,0.86
SEC_042,2024-06-24,7,Foodgrain,0.81
SEC_031,2024-10-17,11,Cement,1.36
SEC_037,2024-03-22,20,Foodgrain,1.46
SEC_020,2024-03-20,10,Coal,1.05
SEC_042,2024-05-27,12,Other,1.02
SEC_026,2024-02-16,3,Other,1.13
SEC_031,2024-06-16,11,Steel,0.81
SEC_018,2024-06-07,11,Cement,0.82
SEC_023,2024-07-03,2,Coal,0.8
SEC_042,2024-06-17,2,Steel,0.78
SEC_020,2024-11-24,7,Cement,1.39
SEC_002,2024-04-10,15,Steel,1.09
SEC_019,2024-05-30,14,Other,1.0
SEC_020,2024-09-27,3,Coal,1.05
SEC_021,2024-04-14,6,Cement,1.02
SEC_004,2024-08-28,3,Cement,0.75
SEC_007,2024-12-18,10,Other,1.11
SEC_016,2024-05-17,5,Other,0.99
SEC_021,2024-03-29,7,Other,0.95
SEC_002,2024-03-10,10,Cement,1.08
SEC_020,2024-01-05,5,Steel,1.18
SEC_016,2024-04-13,7,Foodgrain,1.31
SEC_002,2024-11-07,7,Cement,1.16
SEC_013,2024-04-03,6,Other,1.1
SEC_014,2024-12-15,16,Other,1.22
SEC_008,2024-12-14,11,Cement,1.09
SEC_037,2024-09-06,10,Coal,1.08
SEC_004,2024-12-24,15,Foodgrain,1.13
SEC_029,2024-05-29,2,Cement,1.01
SEC_033,2024-12-16,15,Cement,1.23
SEC_040,2024-07-18,2,Steel,0.72
SEC_027,2024-01-30,13,Foodgrain,1.17
SEC_027,2024-10-31,5,Other,1.25
SEC_038,2024-12-13,16,Other,1.13
SEC_042,2024-11-20,13,Steel,1.16
SEC_011,2024-06-01,12,Steel,0.83
SEC_040,2024-02-07,9,Steel,1.15
SEC_023,2024-08-02,6,Cement,0.84
SEC_005,2024-11-13,13,Cement,1.32
SEC_031,2024-11-03,16,Cement,1.22
SEC_048,2024-08-13,11,Foodgrain,0.82
SEC_007,2024-10-14,18,Other,1.27
SEC_001,2024-01-12,9,Coal,1.1
SEC_045,2024-08-16,11,Foodgrain,0.86
SEC_030,2024-02-09,6,Steel,1.17
SEC_011,2024-10-01,19,Foodgrain,1.38
SEC_039,2024-01-17,10,Other,1.06
SEC_020,2024-08-05,4,Other,0.89
SEC_017,2024-12-13,10,Other,1.09
SEC_015,2024-02-10,3,Foodgrain,1.15
SEC_030,2024-06-05,5,Cement,0.78
SEC_007,2024-01-15,10,Foodgrain,1.15
SEC_018,2024-09-18,12,Coal,0.99
SEC_015,2024-12-04,12,Steel,1.18
SEC_003,2024-01-01,14,Cement,1.25
SEC_038,2024-07-18,5,Coal,0.76
SEC_001,2024-10-17,6,Cement,1.38
SEC_048,2024-01-10,14,Foodgrain,1.24
SEC_005,2024-06-25,9,Foodgrain,0.78
SEC_018,2024-02-17,15,Cement,1.24
SEC_005,2024-12-04,10,Steel,1.09
SEC_018,2024-07-05,10,Steel,0.87
SEC_030,2024-07-09,6,Coal,0.71
SEC_005,2024-12-30,11,Coal,1.21
SEC_026,2024-10-15,16,Coal,1.36
SEC_038,2024-04-24,14,Coal,0.97
SEC_023,2024-08-18,5,Cement,0.86
SEC_006,2024-04-18,10,Steel,1.06
SEC_034,2024-07-09,11,Steel,0.81
SEC_010,2024-10-24,17,Cement,1.23
SEC_001,2024-12-13,8,Foodgrain,1.11
SEC_022,2024-12-14,5,Coal,1.18
SEC_014,2024-06-30,6,Foodgrain,0.81
SEC_002,2024-11-23,9,Cement,1.32
SEC_039,2024-11-22,7,Cement,1.37
SEC_030,2024-07-18,9,Other,0.71
SEC_045,2024-01-14,5,Foodgrain,1.07
SEC_024,2024-02-13,10,Other,1.13
SEC_022,2024-08-28,12,Foodgrain,0.87
SEC_042,2024-10-30,11,Cement,1.27
SEC_004,2024-11-29,8,Coal,1.16
SEC_018,2024-03-30,3,Other,1.02
SEC_040,2024-11-25,6,Coal,1.15
SEC_015,2024-10-29,12,Other,1.36
SEC_044,2024-06-26,10,Foodgrain,0.89
SEC_014,2024-05-16,5,Steel,1.02
SEC_021,2024-06-21,6,Foodgrain,0.81
SEC_044,2024-09-04,4,Coal,1.08
SEC_012,2024-10-23,5,Foodgrain,1.17
SEC_048,2024-03-03,8,Coal,1.05
SEC_003,2024-05-02,8,Foodgrain,1.04
SEC_014,2024-02-13,6,Coal,1.23
SEC_029,2024-12-09,15,Coal,1.13
SEC_030,2024-05-28,12,Cement,1.05
SEC_045,2024-04-01,8,Coal,1.03
SEC_048,2024-03-15,2,Steel,1.07
SEC_034,2024-01-28,5,Cement,1.07
SEC_033,2024-06-21,10,Foodgrain,0.84
SEC_016,2024-10-09,6,Foodgrain,1.22
SEC_040,2024-04-28,5,Foodgrain,1.33
SEC_032,2024-05-28,15,Cement,1.08
SEC_002,2024-08-20,8,Cement,0.85
SEC_041,2024-05-10,9,Coal,0.95
SEC_018,2024-09-27,10,Other,1.1
SEC_024,2024-04-27,4,Other,1.06
SEC_024,2024-06-12,2,Foodgrain,0.81
SEC_041,2024-12-24,6,Steel,1.14
SEC_014,2024-11-02,10,Cement,1.29
SEC_020,2024-07-28,9,Cement,0.85
SEC_002,2024-05-23,13,Other,0.96
SEC_018,2024-12-29,15,Foodgrain,1.19
SEC_005,2024-06-18,3,Foodgrain,0.86
SEC_029,2024-05-05,6,Foodgrain,1.05
SEC_044,2024-08-06,6,Steel,0.82
SEC_023,2024-05-31,6,Cement,0.98
SEC_045,2024-11-21,13,Cement,1.3
SEC_048,2024-03-18,12,Coal,1.0
SEC_003,2024-01-19,10,Coal,1.22
SEC_026,2024-06-06,11,Coal,0.85
SEC_026,2024-12-13,12,Steel,1.08
SEC_019,2024-01-23,10,Coal,1.25
SEC_041,2024-10-22,5,Foodgrain,1.21
SEC_020,2024-01-01,2,Other,1.15
SEC_003,2024-07-23,10,Cement,0.75
SEC_027,2024-06-14,10,Other,0.89
SEC_010,2024-02-28,7,Coal,1.14
SEC_018,2024-09-30,13,Cement,1.06
SEC_025,2024-03-05,12,Cement,1.05
SEC_036,2024-06-08,2,Foodgrain,0.85
SEC_014,2024-07-23,5,Cement,0.86
SEC_019,2024-07-08,2,Coal,0.88
SEC_004,2024-01-12,11,Cement,1.14
SEC_019,2024-06-12,10,Other,0.84
SEC_029,2024-08-27,8,Steel,0.86
SEC_031,2024-07-11,2,Coal,0.83
SEC_015,2024-09-24,8,Coal,1.0
SEC_003,2024-10-10,7,Steel,1.18
SEC_029,2024-03-06,2,Other,1.04
SEC_033,2024-10-21,13,Other,1.21
SEC_005,2024-11-23,6,Cement,1.19
SEC_025,2024-11-02,17,Steel,1.21
SEC_005,2024-11-07,11,Steel,1.23
SEC_023,2024-03-18,13,Other,1.01
SEC_032,2024-08-26,7,Foodgrain,0.77
SEC_036,2024-06-16,2,Cement,0.86
SEC_035,2024-12-26,16,Steel,1.2
SEC_038,2024-10-31,6,Other,1.3
SEC_012,2024-02-29,10,Foodgrain,1.06
SEC_042,2024-12-10,6,Cement,1.21
SEC_018,2024-09-12,7,Other,1.09
SEC_019,2024-07-17,10,Steel,0.84
SEC_039,2024-06-12,12,Cement,0.83
SEC_017,2024-06-29,2,Cement,0.81
SEC_004,2024-10-09,11,Foodgrain,1.32
SEC_036,2024-10-06,15,Other,1.33
SEC_033,2024-07-21,3,Foodgrain,0.77
SEC_029,2024-12-28,11,Cement,1.21
SEC_008,2024-03-26,12,Coal,1.02
SEC_031,2024-06-04,5,Other,0.72
SEC_010,2024-08-07,11,Other,0.81
SEC_028,2024-03-01,11,Other,1.0
SEC_025,2024-07-01,9,Other,0.85
SEC_038,2024-11-01,17,Cement,1.2
SEC_048,2024-09-04,9,Cement,1.04
SEC_010,2024-09-17,6,Other,0.99
SEC_006,2024-02-29,2,Cement,1.16
SEC_028,2024-02-23,7,Steel,1.17
SEC_047,2024-06-10,12,Coal,0.83
SEC_008,2024-04-28,7,Other,0.95
SEC_024,2024-01-04,2,Coal,1.23
SEC_020,2024-07-21,10,Other,0.75
SEC_016,2024-10-03,5,Other,1.37
SEC_033,2024-09-24,13,Coal,0.98
SEC_015,2024-02-07,10,Other,1.15
SEC_025,2024-10-12,4,Foodgrain,1.26
SEC_042,2024-05-19,7,Steel,1.0
SEC_019,2024-02-26,5,Foodgrain,1.16
SEC_002,2024-06-21,7,Foodgrain,0.73
SEC_044,2024-03-20,6,Other,1.08
SEC_014,2024-09-03,7,Foodgrain,1.05
SEC_038,2024-09-29,12,Coal,0.98
SEC_038,2024-09-22,10,Steel,1.03
SEC_026,2024-02-12,6,Foodgrain,1.14
SEC_005,2024-05-07,5,Foodgrain,1.04
SEC_047,2024-07-01,5,Foodgrain,0.81
SEC_034,2024-12-26,4,Other,1.17
SEC_021,2024-07-18,2,Steel,0.7
SEC_042,2024-08-27,7,Other,0.72
SEC_039,2024-05-04,14,Other,1.1
SEC_038,2024-04-18,6,Other,0.97
SEC_009,2024-10-18,7,Foodgrain,1.23
SEC_032,2024-11-01,5,Other,1.3
SEC_015,2024-01-21,7,Foodgrain,1.24
SEC_004,2024-07-16,8,Steel,0.74
SEC_017,2024-10-11,10,Other,1.21
SEC_006,2024-02-27,2,Other,1.13
SEC_006,2024-08-24,3,Coal,0.72
SEC_036,2024-06-22,5,Steel,0.88
SEC_025,2024-07-04,7,Steel,0.83
SEC_020,2024-08-05,2,Other,0.78
SEC_010,2024-11-15,6,Steel,1.39
SEC_038,2024-02-01,4,Cement,1.12
SEC_032,2024-03-15,12,Other,1.09
SEC_029,2024-05-06,12,Other,1.03
SEC_010,2024-10-20,8,Other,1.21
SEC_007,2024-08-04,4,Foodgrain,0.71
SEC_007,2024-03-09,2,Cement,1.05
SEC_002,2024-01-09,14,Cement,1.23
SEC_048,2024-12-28,12,Steel,1.11
SEC_019,2024-02-20,5,Foodgrain,1.07
SEC_033,2024-01-12,5,Foodgrain,1.22
SEC_049,2024-05-28,8,Other,0.99
SEC_046,2024-07-21,8,Foodgrain,0.9
SEC_016,2024-04-04,20,Foodgrain,1.5
SEC_025,2024-03-02,6,Foodgrain,1.49
SEC_023,2024-02-01,14,Coal,1.11
SEC_002,2024-05-29,12,Steel,0.99
SEC_038,2024-12-14,12,Other,1.06
SEC_029,2024-02-24,14,Coal,1.14
SEC_019,2024-07-28,12,Cement,0.9
SEC_028,2024-03-11,6,Other,1.0
SEC_037,2024-09-03,14,Cement,1.03
SEC_001,2024-01-23,13,Cement,1.05
SEC_032,2024-03-15,8,Cement,1.05
SEC_043,2024-01-03,5,Coal,1.09
SEC_036,2024-08-25,4,Coal,0.72
SEC_031,2024-09-20,2,Other,1.0
SEC_005,2024-03-03,4,Foodgrain,1.43
SEC_037,2024-06-14,5,Foodgrain,0.72
SEC_037,2024-04-17,4,Coal,1.02
SEC_025,2024-01-17,15,Cement,1.22
SEC_029,2024-01-14,5,Coal,1.17
SEC_031,2024-12-09,10,Coal,1.12
SEC_006,2024-08-24,10,Steel,0.8
SEC_013,2024-08-31,9,Other,0.79
SEC_039,2024-04-18,4,Other,1.08
SEC_048,2024-04-06,9,Coal,1.01
SEC_014,2024-10-17,10,Coal,1.38
SEC_020,2024-06-09,10,Other,0.78
SEC_045,2024-02-07,14,Cement,1.2
SEC_008,2024-06-28,11,Cement,0.82
SEC_013,2024-07-09,4,Foodgrain,0.89
SEC_003,2024-07-27,3,Steel,0.89
SEC_012,2024-07-15,8,Cement,0.84
SEC_032,2024-11-09,5,Coal,1.18
SEC_018,2024-03-30,15,Coal,1.06
SEC_049,2024-08-03,4,Other,0.71
SEC_044,2024-11-20,16,Steel,1.2
SEC_044,2024-12-24,3,Coal,1.08
SEC_036,2024-12-19,6,Foodgrain,1.16
SEC_035,2024-09-23,8,Coal,1.02
SEC_025,2024-02-09,16,Foodgrain,1.2
SEC_049,2024-12-27,2,Cement,1.23
SEC_005,2024-01-12,2,Steel,1.25
SEC_036,2024-07-20,10,Coal,0.75
SEC_007,2024-06-12,6,Other,0.88
SEC_017,2024-09-05,11,Foodgrain,1.02
SEC_013,2024-10-13,4,Coal,1.4
SEC_030,2024-09-27,4,Foodgrain,1.04
SEC_039,2024-03-24,3,Other,0.98
SEC_004,2024-10-03,7,Coal,1.36
SEC_030,2024-10-04,7,Cement,1.31
SEC_011,2024-01-09,12,Steel,1.12
SEC_004,2024-08-21,3,Cement,0.88
SEC_021,2024-02-16,8,Coal,1.12
SEC_029,2024-07-24,10,Other,0.74
SEC_010,2024-03-24,5,Other,1.07
SEC_020,2024-05-11,7,Foodgrain,1.0
SEC_047,2024-04-09,6,Steel,1.01
SEC_017,2024-11-11,9,Coal,1.23
SEC_049,2024-11-27,11,Cement,1.39
SEC_041,2024-10-19,18,Cement,1.39
SEC_019,2024-09-21,15,Cement,1.04
SEC_029,2024-05-12,13,Foodgrain,1.1
SEC_035,2024-02-22,7,Cement,1.09
SEC_023,2024-07-26,11,Cement,0.88
SEC_020,2024-06-05,9,Steel,0.78
SEC_017,2024-04-13,9,Cement,0.99
SEC_007,2024-03-29,6,Coal,1.01
SEC_002,2024-02-28,11,Other,1.22
SEC_017,2024-10-30,9,Foodgrain,1.27
SEC_039,2024-04-27,7,Cement,0.98
SEC_012,2024-12-01,13,Cement,1.18
SEC_009,2024-09-02,12,Coal,0.97
SEC_017,2024-03-01,5,Cement,1.0
SEC_030,2024-01-23,2,Cement,1.17
SEC_011,2024-06-01,2,Coal,0.82
SEC_011,2024-01-30,12,Steel,1.1
SEC_006,2024-12-14,16,Cement,1.21
SEC_017,2024-11-28,6,Steel,1.29
SEC_011,2024-08-28,4,Coal,0.75
SEC_041,2024-04-17,11,Other,0.96
SEC_045,2024-11-13,7,Foodgrain,1.19
SEC_019,2024-08-24,10,Steel,0.83
SEC_005,2024-05-10,12,Foodgrain,0.96
SEC_005,2024-11-18,12,Steel,1.37
SEC_016,2024-03-17,7,Coal,0.95
SEC_023,2024-07-26,8,Foodgrain,0.72
SEC_026,2024-09-10,2,Other,1.04
SEC_015,2024-11-28,15,Other,1.22
SEC_018,2024-02-20,10,Cement,1.2
SEC_014,2024-04-15,9,Coal,1.01
SEC_026,2024-11-03,5,Steel,1.36
SEC_035,2024-07-01,10,Steel,0.74
SEC_003,2024-10-03,15,Coal,1.32
SEC_024,2024-10-10,18,Coal,1.35
SEC_032,2024-04-21,8,Cement,1.09
SEC_033,2024-05-01,13,Foodgrain,0.97
SEC_028,2024-07-01,7,Other,0.84
SEC_026,2024-01-11,5,Coal,1.22
SEC_034,2024-10-19,13,Coal,1.32
SEC_019,2024-02-12,2,Cement,1.24
SEC_028,2024-12-08,8,Steel,1.16
SEC_016,2024-10-12,7,Steel,1.32
SEC_022,2024-05-08,5,Cement,1.01
SEC_007,2024-01-27,7,Other,1.19
SEC_018,2024-10-16,10,Foodgrain,1.38
SEC_007,2024-06-13,11,Cement,0.81
SEC_012,2024-03-12,11,Steel,0.97
SEC_021,2024-06-06,2,Other,0.89
SEC_025,2024-11-26,18,Foodgrain,1.32
SEC_047,2024-09-08,12,Coal,0.98
SEC_002,2024-09-08,9,Foodgrain,0.96
SEC_045,2024-07-07,4,Steel,0.71
SEC_017,2024-02-25,5,Coal,1.09
SEC_036,2024-12-13,17,Coal,1.24
SEC_034,2024-09-27,12,Steel,1.06
SEC_048,2024-07-07,5,Coal,0.85
SEC_006,2024-09-22,7,Coal,1.1
SEC_048,2024-05-12,15,Foodgrain,1.04
SEC_004,2024-09-28,4,Coal,1.05
SEC_043,2024-12-20,9,Cement,1.16
SEC_032,2024-05-06,9,Other,0.99
SEC_024,2024-01-04,4,Coal,1.17
SEC_020,2024-09-27,2,Coal,1.07
SEC_005,2024-11-07,14,Steel,1.3
SEC_040,2024-10-29,13,Coal,1.29
SEC_036,2024-12-22,9,Steel,1.25
SEC_046,2024-05-07,3,Other,1.02
SEC_036,2024-12-02,11,Other,1.18
SEC_047,2024-03-17,10,Other,1.06
SEC_044,2024-08-02,8,Other,0.9
SEC_021,2024-11-20,11,Other,1.35
SEC_035,2024-12-01,5,Foodgrain,1.15
SEC_013,2024-08-15,9,Coal,0.8
SEC_039,2024-07-18,3,Cement,0.79
SEC_030,2024-06-17,12,Cement,0.84
SEC_022,2024-11-13,18,Other,1.32
SEC_031,2024-11-17,9,Cement,1.17
SEC_014,2024-03-28,18,Foodgrain,1.37
SEC_031,2024-02-19,2,Cement,1.2
SEC_024,2024-10-24,14,Cement,1.35
SEC_016,2024-10-23,3,Coal,1.27
SEC_048,2024-02-06,15,Cement,1.23
SEC_004,2024-06-28,2,Steel,0.77
SEC_038,2024-07-04,6,Coal,0.72
SEC_011,2024-01-16,9,Steel,1.16
SEC_011,2024-08-31,9,Other,0.78
SEC_008,2024-12-21,14,Cement,1.13
SEC_006,2024-03-18,2,Coal,0.97
SEC_007,2024-10-11,14,Steel,1.2
SEC_041,2024-01-30,6,Cement,1.19
SEC_046,2024-03-19,9,Foodgrain,1.34
SEC_029,2024-07-25,9,Cement,0.72
SEC_001,2024-12-04,13,Cement,1.09
SEC_043,2024-11-20,10,Coal,1.4
SEC_030,2024-12-08,10,Other,1.2
SEC_026,2024-12-27,13,Foodgrain,1.16
SEC_047,2024-10-19,17,Other,1.21
SEC_021,2024-05-12,12,Steel,1.01
SEC_018,2024-02-16,14,Cement,1.09
SEC_039,2024-10-27,4,Coal,1.31
SEC_026,2024-03-09,14,Coal,1.1
SEC_036,2024-07-09,2,Other,0.86
SEC_035,2024-10-02,3,Other,1.29
SEC_042,2024-01-13,5,Other,1.19
SEC_016,2024-11-30,7,Steel,1.32
SEC_004,2024-04-21,5,Other,1.09
SEC_024,2024-03-19,10,Coal,1.02
SEC_032,2024-05-16,15,Foodgrain,1.06
SEC_041,2024-06-17,4,Foodgrain,0.83
SEC_014,2024-06-15,4,Cement,0.8
SEC_037,2024-02-26,10,Cement,1.15
SEC_041,2024-03-10,10,Steel,1.01
SEC_040,2024-06-23,2,Coal,0.82
SEC_040,2024-03-23,15,Steel,1.1
SEC_049,2024-08-23,5,Steel,0.82
SEC_033,2024-11-25,4,Cement,1.33
SEC_019,2024-01-07,11,Coal,1.23
SEC_022,2024-01-14,7,Foodgrain,1.24
SEC_037,2024-08-23,10,Cement,0.78
SEC_012,2024-01-11,12,Cement,1.08
SEC_030,2024-08-22,6,Cement,0.8
SEC_029,2024-06-28,9,Steel,0.71
SEC_033,2024-06-15,11,Foodgrain,0.88
SEC_021,2024-08-09,3,Coal,0.83
SEC_037,2024-11-23,11,Foodgrain,1.25
SEC_004,2024-02-16,12,Other,1.25
SEC_037,2024-02-19,8,Other,1.09
SEC_040,2024-09-11,12,Cement,1.09
SEC_044,2024-01-19,13,Foodgrain,1.12
SEC_046,2024-06-05,7,Other,0.81
SEC_018,2024-06-30,8,Foodgrain,0.88
SEC_003,2024-05-23,3,Cement,1.03
SEC_033,2024-07-14,6,Foodgrain,0.82
SEC_005,2024-02-11,12,Coal,1.24
SEC_014,2024-04-07,2,Cement,1.05
SEC_035,2024-01-02,9,Other,1.07
SEC_030,2024-12-17,6,Cement,1.19
SEC_030,2024-10-31,4,Cement,1.33
SEC_037,2024-04-02,12,Coal,1.03
SEC_009,2024-01-14,17,Coal,1.21
SEC_039,2024-04-08,8,Other,0.98
SEC_029,2024-12-15,10,Foodgrain,1.14
SEC_021,2024-10-23,5,Foodgrain,1.29
SEC_023,2024-08-29,3,Cement,0.8
SEC_025,2024-12-03,6,Other,1.15
SEC_027,2024-03-05,14,Foodgrain,1.42
SEC_017,2024-07-15,5,Foodgrain,0.74
SEC_011,2024-10-17,3,Foodgrain,1.39
SEC_009,2024-01-07,13,Foodgrain,1.09
SEC_017,2024-06-08,3,Cement,0.8
SEC_013,2024-05-10,7,Coal,1.1
SEC_026,2024-03-05,2,Steel,1.06
SEC_045,2024-03-22,13,Foodgrain,1.33
SEC_006,2024-12-20,14,Foodgrain,1.09
SEC_016,2024-07-06,11,Foodgrain,0.79
SEC_003,2024-01-30,8,Foodgrain,1.05
SEC_048,2024-09-06,8,Other,1.04
SEC_035,2024-08-04,8,Other,0.76
SEC_012,2024-05-23,7,Other,0.99
SEC_021,2024-05-25,13,Foodgrain,1.02
SEC_036,2024-07-15,11,Foodgrain,0.79
SEC_047,2024-12-05,7,Foodgrain,1.21
SEC_029,2024-10-05,4,Other,1.35
SEC_014,2024-05-26,14,Cement,1.03
SEC_035,2024-03-31,6,Other,1.04
SEC_034,2024-02-09,12,Other,1.12
SEC_032,2024-03-12,13,Other,1.07
SEC_003,2024-02-20,14,Foodgrain,1.1
SEC_035,2024-10-21,8,Steel,1.18
SEC_001,2024-07-29,9,Other,0.7
SEC_045,2024-01-14,6,Steel,1.16
SEC_044,2024-12-04,8,Steel,1.2
SEC_028,2024-02-25,16,Other,1.13
SEC_032,2024-08-24,3,Cement,0.7
SEC_004,2024-01-05,11,Foodgrain,1.09
SEC_043,2024-08-03,3,Foodgrain,0.82
SEC_014,2024-07-22,5,Foodgrain,0.76
SEC_013,2024-11-28,4,Other,1.22
SEC_035,2024-08-07,4,Foodgrain,0.73
SEC_047,2024-06-28,8,Foodgrain,0.84
SEC_025,2024-07-13,6,Coal,0.84
SEC_025,2024-08-19,5,Coal,0.82
SEC_027,2024-05-31,4,Steel,1.0
SEC_015,2024-09-18,5,Steel,1.09
SEC_030,2024-07-12,5,Steel,0.72
SEC_048,2024-12-20,7,Cement,1.18
SEC_019,2024-03-11,8,Foodgrain,1.39
SEC_038,2024-09-23,7,Coal,0.98
SEC_038,2024-10-29,3,Foodgrain,1.3
SEC_042,2024-09-19,10,Coal,1.02
SEC_036,2024-12-24,9,Foodgrain,1.23
SEC_046,2024-06-07,4,Coal,0.75
SEC_036,2024-07-16,8,Coal,0.87
SEC_048,2024-02-26,9,Other,1.14
SEC_036,2024-05-17,11,Coal,1.03
SEC_042,2024-02-28,8,Other,1.12
SEC_044,2024-10-16,16,Foodgrain,1.24
SEC_049,2024-10-13,6,Other,1.26
SEC_030,2024-03-11,10,Coal,1.04
SEC_035,2024-10-20,15,Foodgrain,1.28
SEC_048,2024-04-27,10,Other,1.05
SEC_019,2024-09-24,5,Coal,1.03
SEC_006,2024-12-10,9,Foodgrain,1.08
SEC_044,2024-10-30,8,Coal,1.33
SEC_031,2024-03-09,14,Steel,0.99
SEC_021,2024-03-06,9,Other,0.98
SEC_036,2024-02-11,16,Foodgrain,1.13
SEC_002,2024-11-04,4,Steel,1.32
SEC_024,2024-07-18,6,Cement,0.81
SEC_014,2024-02-27,16,Steel,1.12
SEC_015,2024-08-02,10,Coal,0.8
SEC_048,2024-07-12,4,Foodgrain,0.8
SEC_027,2024-08-06,8,Cement,0.89
SEC_007,2024-08-20,5,Coal,0.86
SEC_018,2024-03-01,2,Coal,1.0
SEC_012,2024-05-21,7,Foodgrain,0.97
SEC_045,2024-09-20,13,Steel,0.99
SEC_015,2024-11-28,7,Other,1.34
SEC_018,2024-03-29,10,Steel,1.07
SEC_017,2024-07-28,5,Steel,0.83
SEC_009,2024-12-13,6,Foodgrain,1.15
SEC_039,2024-08-08,9,Other,0.73
SEC_029,2024-03-24,5,Cement,0.97
SEC_022,2024-08-01,11,Cement,0.88
SEC_020,2024-01-07,5,Other,1.08
SEC_033,2024-06-28,2,Other,0.75
SEC_005,2024-07-26,4,Foodgrain,0.73
SEC_046,2024-01-21,17,Steel,1.19
SEC_028,2024-03-15,10,Coal,1.04
SEC_012,2024-12-27,16,Foodgrain,1.22
SEC_027,2024-08-18,2,Cement,0.82
SEC_042,2024-06-16,4,Steel,0.82
SEC_009,2024-03-24,15,Foodgrain,1.37
SEC_026,2024-02-15,10,Foodgrain,1.14
SEC_030,2024-06-05,5,Foodgrain,0.78
SEC_040,2024-07-18,4,Other,0.83
SEC_028,2024-03-06,7,Foodgrain,1.47
SEC_037,2024-10-20,7,Foodgrain,1.4
SEC_038,2024-06-05,6,Foodgrain,0.9
SEC_044,2024-01-21,10,Steel,1.15
SEC_018,2024-02-19,2,Cement,1.23
SEC_035,2024-11-11,9,Cement,1.23
SEC_013,2024-05-03,2,Foodgrain,0.98
SEC_042,2024-05-16,7,Steel,1.06
SEC_047,2024-03-13,5,Other,1.06
SEC_015,2024-10-22,11,Other,1.36
SEC_028,2024-10-25,18,Cement,1.38
SEC_041,2024-03-29,12,Other,0.98
SEC_002,2024-09-23,10,Foodgrain,1.08
SEC_035,2024-06-14,3,Cement,0.75
SEC_041,2024-03-02,15,Steel,1.06
SEC_043,2024-10-18,19,Cement,1.38
SEC_010,2024-01-31,7,Coal,1.09
SEC_038,2024-11-16,7,Foodgrain,1.39
SEC_039,2024-01-10,6,Steel,1.23
SEC_001,2024-04-28,19,Foodgrain,1.33
SEC_035,2024-03-23,6,Steel,1.04
SEC_031,2024-03-27,4,Other,1.09
SEC_048,2024-06-24,6,Coal,0.82
SEC_003,2024-10-02,12,Other,1.23
SEC_048,2024-05-26,4,Cement,1.06
SEC_028,2024-07-07,6,Other,0.85
SEC_014,2024-12-21,14,Steel,1.08
SEC_019,2024-07-01,9,Cement,0.71
SEC_038,2024-10-16,13,Coal,1.27
SEC_049,2024-05-20,8,Cement,1.04
SEC_016,2024-01-29,6,Foodgrain,1.22
SEC_049,2024-04-03,9,Cement,1.02
SEC_031,2024-02-28,11,Cement,1.09
SEC_010,2024-11-28,10,Foodgrain,1.16
SEC_030,2024-01-10,7,Steel,1.14
SEC_040,2024-10-27,13,Cement,1.26
SEC_003,2024-02-20,6,Other,1.14
SEC_004,2024-02-25,16,Steel,1.15
SEC_001,2024-07-12,4,Other,0.77
SEC_028,2024-01-30,16,Foodgrain,1.16
SEC_003,2024-01-29,2,Other,1.06
SEC_046,2024-10-10,4,Cement,1.26
SEC_007,2024-01-22,2,Cement,1.2
SEC_004,2024-08-06,2,Cement,0.82
SEC_013,2024-02-13,2,Other,1.12
SEC_038,2024-02-01,11,Other,1.07
SEC_045,2024-09-02,13,Steel,1.0
SEC_013,2024-05-23,6,Cement,1.01
SEC_026,2024-01-08,13,Cement,1.09
SEC_038,2024-09-06,8,Foodgrain,0.98
SEC_040,2024-12-20,14,Steel,1.16
SEC_008,2024-07-24,8,Foodgrain,0.75
SEC_042,2024-05-19,4,Steel,1.07
SEC_043,2024-11-04,7,Coal,1.2
SEC_037,2024-05-03,8,Other,0.98
SEC_026,2024-08-12,10,Cement,0.78
SEC_020,2024-06-22,2,Foodgrain,0.7
SEC_044,2024-09-22,11,Foodgrain,1.04
SEC_043,2024-07-08,7,Coal,0.74
SEC_026,2024-06-25,1,Steel,0.74
SEC_037,2024-06-02,9,Coal,0.79
SEC_020,2024-04-18,3,Foodgrain,1.42
SEC_037,2024-06-26,4,Foodgrain,0.82
SEC_005,2024-01-23,6,Other,1.13
SEC_045,2024-05-04,5,Other,1.03
SEC_026,2024-01-28,4,Cement,1.06
SEC_030,2024-04-27,3,Other,1.02
SEC_010,2024-05-08,11,Steel,1.0
SEC_026,2024-01-10,13,Coal,1.09
SEC_001,2024-04-18,16,Foodgrain,1.33
SEC_044,2024-09-02,2,Coal,1.07
SEC_037,2024-12-20,12,Other,1.22
SEC_023,2024-08-13,11,Coal,0.88
SEC_041,2024-09-17,11,Other,1.08
SEC_040,2024-09-01,14,Cement,1.01
SEC_006,2024-12-11,9,Steel,1.18
SEC_003,2024-12-10,2,Foodgrain,1.22
SEC_013,2024-02-11,12,Foodgrain,1.08
SEC_001,2024-06-22,8,Cement,0.77
SEC_029,2024-11-28,5,Foodgrain,1.3
SEC_026,2024-11-18,15,Foodgrain,1.28
SEC_027,2024-07-14,3,Foodgrain,0.89
SEC_004,2024-06-11,5,Coal,0.81
SEC_045,2024-01-22,7,Cement,1.22
SEC_048,2024-06-23,7,Steel,0.81
SEC_029,2024-07-04,6,Steel,0.78
SEC_001,2024-08-19,9,Steel,0.77
SEC_020,2024-07-10,10,Foodgrain,0.75
SEC_036,2024-03-20,3,Cement,1.01
SEC_037,2024-12-20,8,Other,1.11
SEC_012,2024-03-20,20,Foodgrain,1.42
SEC_041,2024-05-20,14,Steel,1.1
SEC_048,2024-07-05,10,Other,0.87
SEC_025,2024-04-17,8,Foodgrain,1.32
SEC_019,2024-01-26,11,Coal,1.07
SEC_026,2024-08-11,3,Other,0.73
SEC_002,2024-03-27,3,Other,1.04
SEC_026,2024-11-17,4,Steel,1.31
SEC_002,2024-10-17,7,Steel,1.37
SEC_002,2024-06-05,11,Steel,0.88
SEC_028,2024-06-18,10,Steel,0.83
SEC_026,2024-12-13,8,Coal,1.17
SEC_049,2024-01-10,8,Coal,1.14
SEC_025,2024-05-18,9,Coal,0.97
SEC_049,2024-01-23,16,Steel,1.17
SEC_040,2024-02-20,8,Coal,1.13
SEC_017,2024-12-02,5,Coal,1.13
SEC_046,2024-02-07,2,Other,1.08
SEC_024,2024-12-16,14,Steel,1.19
SEC_030,2024-10-13,15,Other,1.34
SEC_005,2024-08-22,9,Foodgrain,0.88
SEC_011,2024-09-28,10,Foodgrain,0.98
SEC_026,2024-03-08,8,Cement,1.04
SEC_014,2024-02-12,4,Coal,1.25
SEC_030,2024-05-14,6,Cement,0.99
SEC_004,2024-10-06,16,Foodgrain,1.16
SEC_013,2024-04-21,14,Other,0.99
SEC_033,2024-03-05,5,Other,0.97
SEC_030,2024-10-14,18,Cement,1.38
SEC_049,2024-08-20,11,Coal,0.81
SEC_045,2024-07-15,4,Other,0.8
SEC_040,2024-05-30,14,Cement,0.97
SEC_001,2024-10-12,4,Coal,1.27
SEC_030,2024-09-25,12,Coal,1.08
SEC_012,2024-05-11,3,Other,1.05
SEC_014,2024-02-17,13,Other,1.12
SEC_011,2024-11-14,2,Foodgrain,1.21
SEC_023,2024-02-20,3,Other,1.06
SEC_007,2024-06-06,3,Foodgrain,0.76
SEC_027,2024-11-23,14,Other,1.19
SEC_009,2024-06-01,5,Foodgrain,0.7
SEC_025,2024-10-31,7,Cement,1.16
SEC_031,2024-06-28,9,Coal,0.86
SEC_009,2024-09-29,2,Other,1.01
SEC_006,2024-08-04,10,Coal,0.75
SEC_040,2024-04-12,6,Steel,1.06
SEC_037,2024-11-23,9,Foodgrain,1.24
SEC_013,2024-06-20,5,Cement,0.76
SEC_044,2024-06-16,3,Cement,0.83
SEC_011,2024-08-29,2,Cement,0.71
SEC_046,2024-12-06,14,Other,1.1
SEC_006,2024-11-14,6,Cement,1.27
SEC_033,2024-05-24,8,Coal,1.09
SEC_001,2024-03-25,8,Cement,0.98
SEC_010,2024-04-28,6,Steel,1.05
SEC_020,2024-04-06,15,Foodgrain,1.36
SEC_005,2024-04-17,9,Cement,0.95
SEC_023,2024-06-06,9,Steel,0.88
SEC_012,2024-01-08,13,Steel,1.07
SEC_005,2024-07-14,8,Steel,0.85
SEC_048,2024-11-06,3,Steel,1.38
SEC_049,2024-06-06,6,Other,0.72
SEC_048,2024-01-29,7,Steel,1.22
SEC_008,2024-05-22,7,Foodgrain,0.98
SEC_019,2024-05-02,15,Cement,1.05
SEC_017,2024-08-05,2,Steel,0.79
SEC_016,2024-04-01,3,Coal,1.05
SEC_021,2024-04-20,14,Steel,1.04
SEC_025,2024-09-29,7,Coal,1.01
SEC_024,2024-03-05,4,Foodgrain,1.42
SEC_015,2024-12-07,8,Coal,1.19
SEC_049,2024-04-18,3,Steel,1.02
SEC_049,2024-10-25,18,Foodgrain,1.29
SEC_017,2024-01-31,11,Steel,1.08
SEC_011,2024-04-27,15,Steel,1.1
SEC_027,2024-05-18,3,Cement,1.1
SEC_019,2024-06-15,4,Foodgrain,0.77
SEC_049,2024-02-03,10,Cement,1.05
SEC_022,2024-03-31,14,Other,1.06
SEC_002,2024-11-17,5,Steel,1.22
SEC_007,2024-12-04,5,Steel,1.23
SEC_004,2024-06-10,2,Foodgrain,0.77
SEC_019,2024-02-13,10,Coal,1.08
SEC_016,2024-04-10,2,Cement,0.98
SEC_042,2024-12-14,8,Coal,1.1
SEC_044,2024-12-02,5,Steel,1.09
SEC_007,2024-10-24,8,Other,1.2
SEC_047,2024-11-11,17,Cement,1.39
SEC_029,2024-09-17,9,Foodgrain,0.96
SEC_016,2024-08-16,4,Coal,0.74
SEC_020,2024-10-10,9,Other,1.26
SEC_022,2024-08-24,8,Foodgrain,0.84
SEC_009,2024-05-04,12,Other,1.04
SEC_043,2024-08-22,2,Cement,0.77
SEC_001,2024-04-18,4,Other,0.96
SEC_004,2024-08-16,5,Coal,0.71
SEC_014,2024-05-19,7,Other,0.95
SEC_008,2024-06-27,2,Cement,0.77
SEC_004,2024-03-07,2,Steel,1.08
SEC_019,2024-12-16,14,Other,1.09
SEC_019,2024-09-30,11,Foodgrain,1.08
SEC_007,2024-02-09,9,Cement,1.23
SEC_040,2024-06-22,10,Other,0.83
SEC_044,2024-06-15,2,Foodgrain,0.74
SEC_036,2024-11-20,9,Cement,1.25
SEC_026,2024-10-03,4,Other,1.3
SEC_047,2024-11-17,8,Cement,1.17
SEC_018,2024-06-19,10,Cement,0.71
SEC_021,2024-02-27,9,Other,1.22
SEC_001,2024-09-20,2,Other,1.06
SEC_035,2024-03-21,5,Cement,1.09
SEC_005,2024-08-20,6,Coal,0.83
SEC_033,2024-05-30,13,Cement,1.07
SEC_039,2024-05-07,15,Steel,1.04
SEC_011,2024-02-13,16,Foodgrain,1.14
SEC_030,2024-10-19,18,Steel,1.35
SEC_015,2024-09-09,4,Steel,1.09
SEC_020,2024-05-05,13,Other,1.06
SEC_026,2024-09-26,5,Steel,1.04
SEC_013,2024-12-27,15,Coal,1.05
SEC_040,2024-09-21,8,Cement,1.06
SEC_020,2024-12-13,7,Cement,1.12
SEC_023,2024-06-21,9,Other,0.85
SEC_040,2024-05-17,14,Coal,1.09
SEC_012,2024-11-04,17,Other,1.2
SEC_023,2024-08-30,6,Other,0.76
SEC_049,2024-08-09,3,Steel,0.78
SEC_020,2024-08-22,2,Other,0.71
SEC_006,2024-12-29,10,Other,1.23
SEC_014,2024-09-08,12,Coal,1.06
SEC_047,2024-10-25,11,Coal,1.21
SEC_038,2024-01-14,14,Cement,1.1
SEC_040,2024-09-21,3,Foodgrain,0.96
SEC_013,2024-04-26,8,Other,1.06
SEC_042,2024-02-15,17,Other,1.22
SEC_020,2024-04-11,7,Coal,1.09
SEC_039,2024-10-31,4,Other,1.24
SEC_044,2024-10-26,2,Other,1.21
SEC_011,2024-04-21,3,Cement,0.99
SEC_046,2024-03-11,5,Steel,1.05
SEC_031,2024-06-02,7,Cement,0.88
SEC_036,2024-05-01,11,Foodgrain,0.97
SEC_038,2024-06-18,8,Steel,0.82
SEC_009,2024-10-13,13,Coal,1.34
SEC_037,2024-05-01,8,Cement,0.96
SEC_011,2024-03-04,5,Steel,1.01
SEC_014,2024-02-09,4,Steel,1.11
SEC_006,2024-09-07,11,Steel,0.98
SEC_009,2024-03-13,11,Coal,1.09
SEC_048,2024-03-21,9,Steel,0.97
SEC_017,2024-10-21,9,Other,1.22
SEC_019,2024-02-03,3,Cement,1.07
SEC_024,2024-08-26,6,Coal,0.86
SEC_035,2024-01-05,7,Steel,1.11
SEC_029,2024-12-11,6,Cement,1.24
SEC_027,2024-09-18,6,Other,1.05
SEC_042,2024-10-27,6,Foodgrain,1.16
SEC_025,2024-08-31,10,Other,0.9
SEC_038,2024-05-27,15,Coal,1.05
SEC_045,2024-12-30,2,Other,1.07
SEC_034,2024-10-14,14,Coal,1.26
SEC_002,2024-02-02,4,Cement,1.06
SEC_013,2024-07-29,2,Coal,0.71
SEC_031,2024-07-17,6,Other,0.72
SEC_024,2024-04-14,10,Steel,1.06
SEC_014,2024-06-15,4,Steel,0.9
SEC_017,2024-12-22,17,Cement,1.21
SEC_004,2024-02-01,7,Coal,1.06
SEC_012,2024-12-05,7,Foodgrain,1.06
SEC_039,2024-09-13,2,Steel,1.05
SEC_001,2024-02-11,5,Foodgrain,1.18
SEC_042,2024-04-21,3,Steel,0.99
SEC_017,2024-11-03,13,Other,1.33
SEC_040,2024-09-14,7,Foodgrain,0.99
SEC_013,2024-01-29,15,Cement,1.1
SEC_041,2024-02-23,5,Coal,1.07
SEC_029,2024-12-05,10,Cement,1.13
SEC_042,2024-02-27,2,Steel,1.22
SEC_004,2024-08-16,6,Foodgrain,0.75
SEC_040,2024-12-30,8,Other,1.15
SEC_014,2024-03-01,13,Cement,0.99
SEC_018,2024-01-17,2,Steel,1.07
SEC_003,2024-10-26,18,Steel,1.37
SEC_047,2024-12-13,2,Other,1.22
SEC_032,2024-07-07,4,Steel,0.86
SEC_049,2024-03-26,9,Coal,0.99
SEC_028,2024-01-22,11,Steel,1.07
SEC_008,2024-11-29,10,Coal,1.25
SEC_017,2024-10-19,15,Cement,1.15
SEC_022,2024-11-24,15,Other,1.19
SEC_008,2024-10-15,14,Foodgrain,1.35
SEC_046,2024-06-07,9,Cement,0.79
SEC_047,2024-06-25,10,Other,0.89
SEC_028,2024-05-19,15,Other,1.05
SEC_029,2024-09-24,7,Coal,1.04
SEC_035,2024-02-06,7,Coal,1.11
SEC_034,2024-01-15,3,Steel,1.08
SEC_004,2024-12-17,3,Steel,1.14
SEC_027,2024-04-26,5,Coal,0.96
SEC_039,2024-01-13,12,Coal,1.13
SEC_040,2024-09-03,12,Other,0.96
SEC_030,2024-05-26,12,Coal,1.09
SEC_044,2024-03-25,6,Foodgrain,1.39
SEC_029,2024-06-08,10,Coal,0.88
SEC_019,2024-06-13,2,Cement,0.82
SEC_022,2024-08-11,12,Cement,0.85
SEC_034,2024-12-07,10,Foodgrain,1.06
SEC_044,2024-11-18,13,Steel,1.29
SEC_012,2024-10-29,4,Coal,1.25
SEC_015,2024-06-29,4,Foodgrain,0.74
SEC_032,2024-07-23,9,Cement,0.86
SEC_038,2024-02-18,7,Coal,1.09
SEC_020,2024-07-30,9,Other,0.86
SEC_032,2024-09-02,10,Other,1.02
SEC_001,2024-11-20,16,Cement,1.2
SEC_015,2024-01-17,11,Other,1.08
SEC_047,2024-11-11,4,Steel,1.38
SEC_029,2024-07-08,7,Cement,0.82
SEC_043,2024-02-02,3,Cement,1.13
SEC_011,2024-12-30,10,Cement,1.11
SEC_015,2024-06-19,10,Cement,0.77
SEC_048,2024-05-30,11,Coal,0.96
SEC_049,2024-03-10,2,Other,1.04
SEC_043,2024-01-27,3,Cement,1.08
SEC_016,2024-01-31,17,Coal,1.23
SEC_040,2024-04-07,9,Cement,1.03
SEC_023,2024-04-17,11,Other,0.98
SEC_042,2024-06-18,8,Coal,0.7
SEC_042,2024-08-11,2,Other,0.81
SEC_022,2024-12-29,10,Steel,1.08
SEC_015,2024-10-17,15,Steel,1.33
SEC_048,2024-06-26,4,Foodgrain,0.89
SEC_023,2024-11-29,15,Cement,1.29
SEC_022,2024-07-23,8,Coal,0.77
SEC_033,2024-06-03,10,Steel,0.74
SEC_046,2024-03-20,8,Other,0.98
SEC_007,2024-06-03,9,Steel,0.9
SEC_049,2024-01-16,12,Steel,1.07
SEC_021,2024-02-26,16,Cement,1.13
SEC_002,2024-12-11,15,Steel,1.18
SEC_016,2024-03-12,10,Coal,1.03
SEC_023,2024-07-26,5,Foodgrain,0.88
SEC_034,2024-02-07,7,Coal,1.2
SEC_028,2024-08-08,9,Steel,0.81
SEC_007,2024-12-23,13,Cement,1.22
SEC_024,2024-06-16,5,Cement,0.78
SEC_012,2024-02-16,2,Other,1.21
SEC_014,2024-01-09,12,Other,1.08
SEC_035,2024-10-03,6,Coal,1.29
SEC_040,2024-02-07,5,Foodgrain,1.09
SEC_008,2024-04-26,13,Coal,0.99
SEC_030,2024-11-04,6,Other,1.23
SEC_021,2024-07-15,8,Coal,0.72
SEC_017,2024-11-15,3,Cement,1.31
SEC_035,2024-11-15,3,Coal,1.32
SEC_013,2024-08-30,2,Coal,0.78
SEC_038,2024-12-08,12,Other,1.06
SEC_020,2024-01-14,12,Coal,1.23
SEC_005,2024-03-28,8,Foodgrain,1.38
SEC_039,2024-04-11,19,Foodgrain,1.33
SEC_042,2024-11-29,3,Cement,1.16
SEC_028,2024-08-15,8,Other,0.72
SEC_036,2024-04-02,13,Foodgrain,1.45
SEC_008,2024-03-17,10,Cement,0.97
SEC_017,2024-10-21,4,Other,1.17
SEC_018,2024-11-10,5,Coal,1.27
SEC_038,2024-01-06,4,Foodgrain,1.08
SEC_018,2024-05-13,10,Steel,1.01
SEC_036,2024-07-14,7,Other,0.74
SEC_016,2024-03-27,6,Cement,1.07
SEC_030,2024-09-22,10,Cement,1.06
SEC_011,2024-10-04,4,Coal,1.23
SEC_028,2024-11-03,10,Other,1.4
SEC_004,2024-10-14,13,Coal,1.3
SEC_037,2024-11-03,4,Foodgrain,1.33
SEC_002,2024-05-13,7,Cement,1.06
SEC_049,2024-04-19,14,Other,1.03
SEC_042,2024-04-25,5,Steel,1.04
SEC_029,2024-11-08,6,Steel,1.29
SEC_045,2024-08-25,5,Coal,0.71
SEC_040,2024-04-28,13,Cement,1.05
SEC_007,2024-09-21,5,Coal,1.05
SEC_037,2024-03-26,10,Cement,0.98
SEC_019,2024-04-07,10,Coal,0.96
SEC_042,2024-01-01,9,Foodgrain,1.16
SEC_043,2024-12-19,6,Foodgrain,1.22
SEC_047,2024-03-27,14,Foodgrain,1.37
SEC_023,2024-10-02,9,Steel,1.28
SEC_010,2024-02-13,10,Coal,1.19
SEC_007,2024-01-14,6,Cement,1.2
SEC_009,2024-09-04,11,Other,1.08
SEC_049,2024-02-06,16,Steel,1.11
SEC_029,2024-02-22,13,Foodgrain,1.06
SEC_018,2024-04-30,5,Coal,1.08
SEC_023,2024-08-02,5,Coal,0.84
SEC_009,2024-01-07,6,Steel,1.19
SEC_028,2024-02-16,7,Cement,1.1
SEC_021,2024-05-03,8,Cement,1.06
SEC_040,2024-09-14,5,Cement,1.0
SEC_002,2024-02-05,5,Coal,1.18
SEC_046,2024-04-14,10,Coal,0.95
SEC_003,2024-03-11,2,Steel,1.03
SEC_021,2024-04-22,12,Steel,1.01
SEC_017,2024-04-04,14,Foodgrain,1.37
SEC_036,2024-08-22,7,Foodgrain,0.74
SEC_033,2024-01-25,15,Coal,1.24
SEC_010,2024-12-09,6,Other,1.19
SEC_025,2024-03-30,13,Cement,1.05
SEC_027,2024-12-28,13,Steel,1.22
SEC_023,2024-09-23,9,Cement,1.03
SEC_002,2024-05-10,14,Steel,1.04
SEC_009,2024-04-20,14,Coal,1.09
SEC_025,2024-12-12,4,Cement,1.22
SEC_013,2024-12-30,5,Coal,1.18
SEC_027,2024-08-12,10,Steel,0.77
SEC_009,2024-01-18,15,Steel,1.18
SEC_037,2024-11-27,11,Other,1.34
SEC_010,2024-06-23,12,Foodgrain,0.83
SEC_032,2024-01-11,15,Cement,1.14
SEC_041,2024-10-20,13,Other,1.3
SEC_018,2024-01-13,15,Other,1.16
SEC_007,2024-05-16,6,Cement,1.01
SEC_001,2024-01-28,10,Steel,1.2
SEC_018,2024-06-08,2,Foodgrain,0.89
SEC_006,2024-10-21,5,Coal,1.21
SEC_044,2024-02-17,10,Foodgrain,1.09
SEC_048,2024-02-20,4,Foodgrain,1.06
SEC_049,2024-12-16,15,Other,1.21
SEC_046,2024-03-05,6,Coal,1.01
SEC_029,2024-02-11,10,Cement,1.22
SEC_016,2024-08-02,11,Steel,0.81
SEC_022,2024-04-11,10,Coal,0.96
SEC_013,2024-12-16,9,Foodgrain,1.23
SEC_042,2024-02-29,11,Other,1.23
SEC_022,2024-07-26,5,Foodgrain,0.89
SEC_019,2024-12-03,12,Coal,1.11
SEC_034,2024-09-25,13,Steel,1.09
SEC_019,2024-01-11,8,Cement,1.08
SEC_018,2024-03-09,5,Steel,1.03
SEC_012,2024-02-15,9,Steel,1.12
SEC_004,2024-11-30,18,Steel,1.25
SEC_002,2024-03-14,2,Coal,1.08
SEC_020,2024-01-21,5,Cement,1.25
SEC_049,2024-05-20,14,Steel,1.06
SEC_013,2024-04-13,2,Steel,0.98
SEC_032,2024-02-29,3,Steel,1.07
SEC_016,2024-06-15,8,Cement,0.87
SEC_015,2024-11-25,9,Other,1.35
SEC_008,2024-03-23,9,Cement,1.04
SEC_028,2024-12-25,17,Foodgrain,1.24
SEC_033,2024-08-30,6,Cement,0.85
SEC_018,2024-05-19,6,Steel,0.96
SEC_026,2024-09-05,3,Other,0.98
SEC_024,2024-05-07,2,Cement,1.09
SEC_014,2024-03-18,12,Other,1.09
SEC_034,2024-03-26,8,Steel,1.0
SEC_028,2024-01-04,4,Coal,1.06
SEC_004,2024-08-25,5,Cement,0.79
SEC_025,2024-01-28,15,Steel,1.06
SEC_020,2024-03-13,7,Steel,1.09
SEC_040,2024-01-01,5,Cement,1.06
SEC_016,2024-01-24,4,Foodgrain,1.08
SEC_047,2024-11-27,4,Cement,1.32
SEC_031,2024-01-09,2,Steel,1.24
SEC_007,2024-08-15,10,Coal,0.71
SEC_020,2024-04-29,13,Foodgrain,1.41
SEC_044,2024-02-20,8,Other,1.11
SEC_013,2024-04-19,8,Foodgrain,1.41
SEC_035,2024-02-03,6,Other,1.1
SEC_039,2024-04-24,12,Other,1.09
SEC_034,2024-10-26,15,Other,1.34
SEC_005,2024-08-15,4,Foodgrain,0.8
SEC_019,2024-10-23,9,Steel,1.25
SEC_018,2024-09-11,10,Other,0.97
SEC_017,2024-12-05,17,Foodgrain,1.19
SEC_044,2024-02-09,7,Steel,1.15
SEC_001,2024-02-28,12,Foodgrain,1.25
SEC_027,2024-05-30,11,Cement,0.99
SEC_049,2024-07-10,9,Steel,0.72
SEC_043,2024-10-13,3,Other,1.15
SEC_030,2024-02-14,14,Steel,1.07
SEC_049,2024-02-10,11,Steel,1.19
SEC_020,2024-10-18,10,Coal,1.25
SEC_030,2024-07-20,9,Other,0.9
SEC_027,2024-05-30,6,Other,0.96
SEC_003,2024-03-22,14,Steel,0.99
SEC_002,2024-09-11,15,Foodgrain,1.09
SEC_044,2024-10-20,10,Cement,1.22
SEC_009,2024-01-12,11,Cement,1.17
SEC_018,2024-01-20,18,Cement,1.25
SEC_031,2024-10-11,14,Steel,1.36
SEC_029,2024-11-19,2,Coal,1.19
SEC_026,2024-03-24,8,Other,1.06
SEC_048,2024-09-15,7,Other,0.96
SEC_039,2024-11-04,10,Other,1.39
SEC_047,2024-02-11,13,Coal,1.21
SEC_033,2024-03-09,3,Cement,1.02
SEC_048,2024-02-17,5,Steel,1.14
SEC_030,2024-10-16,4,Steel,1.23
SEC_027,2024-10-09,12,Foodgrain,1.2
SEC_040,2024-02-19,16,Steel,1.15
SEC_043,2024-03-04,3,Foodgrain,1.33
SEC_004,2024-08-30,6,Foodgrain,0.72
SEC_045,2024-11-24,18,Other,1.36
SEC_034,2024-10-12,13,Other,1.28
SEC_044,2024-03-02,14,Cement,1.06
SEC_036,2024-05-21,6,Other,1.01
SEC_046,2024-01-25,12,Foodgrain,1.07
SEC_014,2024-03-30,5,Coal,0.95
SEC_010,2024-07-25,4,Other,0.72
SEC_010,2024-05-06,10,Steel,0.98
SEC_013,2024-08-10,4,Foodgrain,0.7
SEC_011,2024-04-18,4,Steel,1.0
SEC_022,2024-07-25,2,Other,0.73
SEC_010,2024-08-19,4,Steel,0.9
SEC_008,2024-03-12,4,Cement,0.95
SEC_026,2024-01-17,11,Cement,1.21
SEC_039,2024-05-03,6,Foodgrain,1.1
SEC_007,2024-01-16,7,Foodgrain,1.11
SEC_026,2024-02-28,14,Coal,1.13
SEC_033,2024-04-15,10,Other,1.02
SEC_035,2024-05-03,9,Steel,1.0
SEC_006,2024-04-11,13,Steel,1.01
SEC_036,2024-01-20,11,Steel,1.09
SEC_002,2024-03-05,14,Steel,1.03
SEC_012,2024-11-19,15,Cement,1.36
SEC_016,2024-09-19,6,Foodgrain,0.98
SEC_042,2024-06-11,6,Other,0.74
SEC_010,2024-01-09,14,Other,1.24
SEC_039,2024-05-11,14,Steel,1.09
SEC_049,2024-12-04,13,Other,1.19
SEC_048,2024-10-23,10,Cement,1.22
SEC_015,2024-10-04,7,Other,1.17
SEC_005,2024-03-31,7,Coal,1.03
SEC_011,2024-05-27,15,Foodgrain,1.05
SEC_038,2024-01-11,8,Cement,1.14
SEC_010,2024-11-10,6,Steel,1.27
SEC_032,2024-02-11,8,Cement,1.12
SEC_019,2024-08-14,12,Cement,0.84
SEC_038,2024-04-13,3,Coal,0.99
SEC_030,2024-07-27,5,Other,0.7
SEC_029,2024-10-29,2,Other,1.16
SEC_039,2024-04-24,7,Steel,1.02
SEC_047,2024-01-07,10,Coal,1.05
SEC_018,2024-08-30,4,Coal,0.75
SEC_026,2024-07-13,2,Coal,0.76
SEC_031,2024-02-21,7,Coal,1.17
SEC_041,2024-01-18,14,Steel,1.19
SEC_024,2024-07-11,6,Cement,0.9
SEC_019,2024-08-12,6,Cement,0.82
SEC_042,2024-02-12,13,Foodgrain,1.14
SEC_047,2024-08-07,11,Cement,0.89
SEC_028,2024-06-11,8,Coal,0.85
SEC_006,2024-02-20,9,Other,1.15
SEC_015,2024-08-13,11,Coal,0.85
SEC_023,2024-08-24,9,Steel,0.87
SEC_035,2024-02-26,2,Cement,1.16
SEC_033,2024-09-03,12,Coal,1.03
SEC_041,2024-03-22,10,Foodgrain,1.36
SEC_002,2024-08-06,10,Other,0.86
SEC_023,2024-10-24,6,Steel,1.29
SEC_035,2024-12-09,12,Cement,1.15
SEC_049,2024-04-03,9,Cement,1.09
SEC_007,2024-05-03,9,Coal,1.08
SEC_044,2024-02-04,10,Coal,1.09
SEC_001,2024-12-20,13,Coal,1.09
SEC_010,2024-05-01,3,Coal,1.02
SEC_042,2024-10-20,14,Foodgrain,1.2
SEC_039,2024-12-08,8,Steel,1.12
SEC_048,2024-06-23,10,Foodgrain,0.71
SEC_030,2024-09-10,13,Steel,1.09
SEC_031,2024-06-21,11,Steel,0.78
SEC_027,2024-07-29,4,Coal,0.71
SEC_026,2024-04-01,11,Cement,0.95
SEC_026,2024-11-03,13,Coal,1.28
SEC_015,2024-02-15,5,Other,1.21
SEC_042,2024-08-29,7,Coal,0.74
SEC_018,2024-12-02,4,Other,1.22
SEC_030,2024-10-23,18,Cement,1.35
SEC_033,2024-10-04,10,Other,1.39
SEC_027,2024-08-28,10,Other,0.79
SEC_030,2024-12-12,2,Foodgrain,1.22
SEC_003,2024-11-12,14,Coal,1.27
SEC_016,2024-04-10,13,Cement,1.01
SEC_022,2024-08-16,8,Cement,0.71
SEC_020,2024-06-05,3,Other,0.84
SEC_045,2024-04-06,7,Steel,1.01
SEC_044,2024-10-26,4,Other,1.27
SEC_035,2024-01-16,18,Other,1.25
SEC_018,2024-02-16,15,Cement,1.25
SEC_003,2024-02-08,12,Steel,1.21
SEC_038,2024-03-14,12,Steel,0.97
SEC_044,2024-07-06,6,Coal,0.76
SEC_024,2024-12-10,4,Other,1.08
SEC_041,2024-12-21,12,Foodgrain,1.05
SEC_046,2024-11-25,10,Steel,1.37
SEC_027,2024-10-04,17,Coal,1.23
SEC_011,2024-06-17,3,Foodgrain,0.73
SEC_002,2024-10-10,16,Coal,1.35
SEC_038,2024-04-08,4,Other,1.07
SEC_028,2024-08-30,9,Steel,0.86
SEC_008,2024-01-04,10,Foodgrain,1.22
SEC_003,2024-11-26,3,Cement,1.4
SEC_048,2024-12-21,6,Cement,1.2
SEC_016,2024-09-26,9,Coal,1.01
SEC_017,2024-03-04,6,Coal,1.1
SEC_031,2024-04-04,3,Steel,1.07
SEC_018,2024-09-27,5,Cement,0.97
SEC_045,2024-07-01,7,Other,0.79
SEC_034,2024-07-19,1,Other,0.72
SEC_018,2024-05-27,4,Steel,1.0
SEC_014,2024-11-01,2,Cement,1.23
SEC_043,2024-03-01,5,Coal,1.02
SEC_029,2024-06-10,2,Coal,0.82
SEC_045,2024-03-22,15,Foodgrain,1.36
SEC_017,2024-09-10,9,Coal,1.05
SEC_002,2024-04-14,10,Coal,1.06
SEC_045,2024-04-19,15,Other,1.09
SEC_012,2024-03-04,14,Other,1.08
SEC_042,2024-11-12,12,Cement,1.33
SEC_035,2024-03-20,5,Steel,0.97
SEC_012,2024-11-13,17,Coal,1.32
SEC_038,2024-12-01,10,Coal,1.16
SEC_004,2024-12-18,6,Foodgrain,1.19
SEC_020,2024-05-05,10,Other,0.98
SEC_018,2024-08-27,8,Foodgrain,0.88
SEC_033,2024-10-29,15,Other,1.18
SEC_027,2024-01-29,12,Other,1.17
SEC_030,2024-01-24,15,Cement,1.18
SEC_024,2024-03-16,2,Coal,1.03
SEC_037,2024-12-25,16,Steel,1.2
SEC_008,2024-02-02,14,Steel,1.18
SEC_036,2024-10-06,9,Foodgrain,1.34
SEC_003,2024-11-03,8,Cement,1.37
SEC_005,2024-11-27,5,Other,1.32
SEC_036,2024-07-12,4,Other,0.84
SEC_008,2024-07-11,3,Foodgrain,0.87
SEC_038,2024-09-28,14,Other,1.08
SEC_007,2024-08-20,3,Other,0.85
SEC_008,2024-10-14,10,Coal,1.21
SEC_046,2024-05-12,5,Cement,0.97
SEC_009,2024-12-07,14,Foodgrain,1.19
SEC_045,2024-06-07,11,Other,0.81
SEC_018,2024-03-31,6,Other,0.99
SEC_040,2024-10-01,5,Coal,1.19
SEC_047,2024-08-15,7,Cement,0.74
SEC_006,2024-01-19,11,Other,1.25
SEC_017,2024-03-01,5,Cement,1.09
SEC_029,2024-01-14,3,Other,1.09
SEC_043,2024-07-29,10,Cement,0.84
SEC_010,2024-11-16,12,Cement,1.2
SEC_010,2024-04-28,4,Other,1.09
SEC_019,2024-02-10,10,Other,1.16
SEC_011,2024-11-07,5,Coal,1.36
SEC_014,2024-09-20,6,Cement,1.06
SEC_007,2024-07-18,3,Steel,0.88
SEC_041,2024-03-14,18,Foodgrain,1.31
SEC_040,2024-09-03,8,Cement,0.96
SEC_008,2024-05-14,10,Cement,0.95
SEC_027,2024-03-30,8,Coal,1.05
SEC_032,2024-04-17,12,Other,0.96
SEC_031,2024-01-23,2,Cement,1.05
SEC_049,2024-06-28,7,Cement,0.9
SEC_032,2024-10-02,14,Cement,1.28
SEC_034,2024-10-29,19,Foodgrain,1.33
SEC_002,2024-09-22,6,Steel,1.0
SEC_004,2024-11-16,6,Foodgrain,1.3
SEC_031,2024-12-18,13,Steel,1.12
SEC_045,2024-03-22,5,Other,1.01
SEC_020,2024-06-07,2,Coal,0.81
SEC_032,2024-05-03,15,Coal,1.09
SEC_011,2024-09-07,3,Cement,1.06
SEC_023,2024-11-02,6,Cement,1.27
SEC_037,2024-11-21,7,Foodgrain,1.17
SEC_033,2024-02-02,11,Foodgrain,1.18
SEC_006,2024-07-07,10,Coal,0.78
SEC_044,2024-02-12,5,Other,1.25
SEC_046,2024-04-30,9,Other,0.96
SEC_024,2024-06-24,9,Steel,0.84
SEC_017,2024-08-14,3,Coal,0.81
SEC_027,2024-10-16,5,Foodgrain,1.36
SEC_040,2024-12-30,16,Steel,1.17
SEC_023,2024-05-02,11,Coal,1.06
SEC_002,2024-07-23,1,Coal,0.72
SEC_004,2024-01-26,10,Cement,1.21
SEC_040,2024-02-10,7,Steel,1.13
SEC_039,2024-12-20,12,Cement,1.13
SEC_038,2024-12-09,12,Steel,1.21
SEC_007,2024-12-09,15,Cement,1.22
SEC_009,2024-04-05,8,Steel,1.05
SEC_020,2024-08-26,7,Foodgrain,0.87
SEC_012,2024-03-24,2,Cement,1.01
SEC_019,2024-09-06,15,Steel,1.07
SEC_028,2024-06-26,2,Other,0.75
SEC_014,2024-12-07,7,Cement,1.23
SEC_007,2024-05-16,6,Steel,0.99
SEC_020,2024-08-23,2,Other,0.72
SEC_036,2024-08-29,9,Foodgrain,0.87
SEC_031,2024-10-15,7,Cement,1.2
SEC_016,2024-01-20,13,Steel,1.1
SEC_016,2024-06-18,7,Coal,0.78
SEC_029,2024-06-14,7,Foodgrain,0.73
SEC_009,2024-03-24,11,Foodgrain,1.43
SEC_041,2024-10-21,2,Cement,1.25
SEC_043,2024-10-31,13,Cement,1.33
SEC_002,2024-01-30,12,Cement,1.18
SEC_048,2024-09-07,3,Foodgrain,1.02
SEC_002,2024-11-11,4,Coal,1.38
SEC_023,2024-04-15,6,Foodgrain,1.48
SEC_033,2024-08-19,10,Other,0.79
SEC_017,2024-08-16,7,Other,0.76
SEC_010,2024-01-07,6,Coal,1.2
SEC_003,2024-10-25,5,Other,1.34
SEC_036,2024-10-01,15,Coal,1.19
SEC_002,2024-04-08,4,Coal,0.95
SEC_024,2024-04-24,4,Coal,1.08
SEC_020,2024-10-08,15,Foodgrain,1.25
SEC_048,2024-10-20,6,Coal,1.15
SEC_046,2024-01-27,15,Cement,1.08
SEC_041,2024-05-11,13,Foodgrain,0.97
SEC_036,2024-08-16,3,Other,0.75
SEC_027,2024-02-16,4,Steel,1.24
SEC_018,2024-12-31,11,Steel,1.12
SEC_009,2024-03-17,14,Foodgrain,1.45
SEC_048,2024-11-13,15,Coal,1.21
SEC_019,2024-01-24,3,Foodgrain,1.08
SEC_022,2024-11-16,4,Foodgrain,1.24
SEC_007,2024-01-15,11,Cement,1.06
SEC_014,2024-09-06,7,Foodgrain,0.98
SEC_032,2024-05-11,2,Coal,1.07
SEC_021,2024-06-17,5,Steel,0.83
SEC_029,2024-02-09,12,Coal,1.19
SEC_011,2024-09-04,12,Other,1.02
SEC_005,2024-08-15,10,Foodgrain,0.78
SEC_044,2024-04-27,5,Steel,0.95
SEC_022,2024-06-21,7,Steel,0.73
SEC_018,2024-07-21,3,Coal,0.83
SEC_015,2024-09-08,12,Foodgrain,1.07
SEC_033,2024-07-16,6,Coal,0.86
SEC_028,2024-01-22,11,Cement,1.12
SEC_020,2024-07-18,8,Steel,0.81
SEC_046,2024-05-07,14,Coal,0.97
SEC_045,2024-05-30,9,Coal,1.1
SEC_010,2024-05-15,8,Coal,0.97
SEC_032,2024-05-09,7,Steel,1.0
SEC_048,2024-03-27,14,Coal,1.06
SEC_024,2024-04-30,2,Coal,1.02
SEC_002,2024-09-17,9,Steel,0.99
SEC_007,2024-03-23,7,Foodgrain,1.38
SEC_033,2024-10-04,5,Steel,1.22
SEC_045,2024-06-09,7,Foodgrain,0.76
SEC_007,2024-08-11,4,Foodgrain,0.88
SEC_027,2024-02-13,8,Foodgrain,1.08
SEC_025,2024-03-16,6,Coal,0.99
SEC_014,2024-11-25,14,Other,1.18
SEC_031,2024-10-31,11,Coal,1.24
SEC_044,2024-01-26,15,Other,1.05
SEC_012,2024-11-26,6,Steel,1.39
SEC_003,2024-11-02,7,Foodgrain,1.2
SEC_018,2024-02-20,2,Coal,1.22
SEC_016,2024-03-29,8,Steel,0.97
SEC_036,2024-03-06,4,Other,1.05
SEC_027,2024-11-08,15,Cement,1.26
SEC_001,2024-11-08,11,Cement,1.33
SEC_017,2024-09-20,3,Steel,0.95
SEC_037,2024-04-01,8,Other,0.98
SEC_024,2024-12-03,15,Cement,1.09
SEC_028,2024-11-06,12,Steel,1.38
SEC_013,2024-11-14,6,Cement,1.27
SEC_016,2024-05-11,11,Steel,1.06
SEC_007,2024-09-13,4,Coal,0.98
SEC_004,2024-09-04,9,Cement,0.99
SEC_002,2024-02-25,9,Foodgrain,1.12
SEC_031,2024-08-01,4,Coal,0.72
SEC_008,2024-07-19,4,Other,0.87
SEC_029,2024-08-01,10,Cement,0.8
SEC_047,2024-05-04,14,Foodgrain,0.99
SEC_035,2024-09-01,10,Other,0.99
SEC_029,2024-11-20,8,Cement,1.17
SEC_006,2024-08-09,11,Other,0.76
SEC_024,2024-11-15,8,Cement,1.31
SEC_044,2024-10-09,7,Coal,1.19
SEC_019,2024-04-24,19,Foodgrain,1.48
SEC_041,2024-09-26,13,Foodgrain,1.03
SEC_035,2024-09-02,7,Steel,1.05
SEC_014,2024-12-11,10,Steel,1.09
SEC_007,2024-05-03,9,Foodgrain,0.99
SEC_001,2024-02-29,14,Foodgrain,1.23
SEC_014,2024-09-05,8,Coal,1.03
SEC_017,2024-08-19,3,Foodgrain,0.85
SEC_033,2024-08-12,9,Foodgrain,0.75
SEC_029,2024-09-27,3,Other,1.04
SEC_024,2024-07-06,10,Coal,0.78
SEC_036,2024-01-12,14,Foodgrain,1.07
SEC_038,2024-11-17,18,Other,1.37
SEC_035,2024-04-11,14,Steel,0.97
SEC_044,2024-03-31,4,Cement,0.99
SEC_018,2024-10-24,4,Steel,1.36
SEC_041,2024-10-18,18,Coal,1.25
SEC_021,2024-07-03,9,Cement,0.89
SEC_010,2024-09-09,2,Cement,1.01
SEC_008,2024-01-30,14,Other,1.07
SEC_005,2024-04-12,14,Cement,0.98
SEC_047,2024-03-29,8,Steel,1.09
SEC_009,2024-06-03,11,Cement,0.88
SEC_041,2024-05-10,3,Coal,1.03
SEC_039,2024-01-26,9,Steel,1.08
SEC_022,2024-09-09,5,Steel,0.97
SEC_045,2024-08-06,8,Foodgrain,0.75
SEC_045,2024-05-18,10,Cement,1.02
SEC_046,2024-11-20,4,Foodgrain,1.3
SEC_025,2024-05-12,13,Coal,0.96
SEC_015,2024-02-13,4,Steel,1.08
SEC_003,2024-11-06,17,Coal,1.18
SEC_042,2024-02-18,11,Foodgrain,1.06
SEC_043,2024-01-27,9,Cement,1.18
SEC_027,2024-06-22,7,Steel,0.74
SEC_004,2024-07-30,11,Foodgrain,0.79
SEC_041,2024-04-12,4,Other,0.99
SEC_015,2024-11-03,3,Coal,1.34
SEC_027,2024-04-11,9,Other,1.09
SEC_033,2024-12-18,17,Steel,1.24
SEC_008,2024-08-21,3,Steel,0.86
SEC_004,2024-03-08,5,Cement,1.0
SEC_004,2024-05-30,6,Steel,1.04
SEC_047,2024-01-28,14,Foodgrain,1.15
SEC_047,2024-11-05,19,Steel,1.38
SEC_021,2024-08-25,4,Coal,0.79
SEC_021,2024-06-05,11,Other,0.88
SEC_020,2024-09-05,15,Coal,1.06
SEC_018,2024-08-13,9,Coal,0.81
SEC_027,2024-08-07,6,Other,0.84
SEC_018,2024-05-25,3,Cement,0.98
SEC_031,2024-05-08,14,Steel,1.01
SEC_019,2024-04-03,14,Other,0.99
SEC_031,2024-10-14,4,Cement,1.18
SEC_047,2024-06-21,6,Steel,0.77
SEC_011,2024-06-20,2,Coal,0.9
SEC_004,2024-09-20,7,Cement,1.03
SEC_026,2024-07-13,9,Cement,0.89
SEC_006,2024-12-14,16,Foodgrain,1.23
SEC_012,2024-03-29,6,Steel,1.07
SEC_039,2024-01-16,7,Steel,1.2
SEC_021,2024-06-03,4,Steel,0.82
SEC_027,2024-07-13,5,Other,0.81
SEC_039,2024-10-27,3,Steel,1.37
SEC_007,2024-08-20,2,Foodgrain,0.88
SEC_024,2024-12-09,17,Cement,1.19
SEC_002,2024-02-01,7,Coal,1.13
SEC_025,2024-07-15,4,Foodgrain,0.79
SEC_011,2024-10-30,8,Cement,1.16
SEC_045,2024-07-02,5,Foodgrain,0.74
SEC_013,2024-04-10,7,Cement,0.96
SEC_010,2024-10-08,6,Foodgrain,1.19
SEC_001,2024-11-16,18,Cement,1.29
SEC_007,2024-04-04,15,Other,1.09
SEC_011,2024-07-21,8,Steel,0.77
SEC_012,2024-10-21,19,Steel,1.35
SEC_037,2024-02-25,10,Cement,1.16
SEC_044,2024-01-05,5,Coal,1.07
SEC_042,2024-09-27,4,Steel,0.96
SEC_047,2024-10-02,9,Coal,1.17
SEC_045,2024-02-27,16,Foodgrain,1.21
SEC_023,2024-08-06,10,Coal,0.74
SEC_020,2024-09-20,5,Steel,1.02
SEC_032,2024-12-18,10,Foodgrain,1.12
SEC_016,2024-10-22,11,Cement,1.2
SEC_030,2024-03-21,6,Foodgrain,1.38
SEC_049,2024-07-29,10,Other,0.79
SEC_010,2024-09-25,4,Cement,1.08
SEC_038,2024-04-09,8,Coal,1.01
SEC_046,2024-02-29,16,Cement,1.15
SEC_027,2024-06-09,10,Coal,0.9
SEC_018,2024-09-20,11,Coal,0.95
SEC_013,2024-07-12,7,Cement,0.83
SEC_009,2024-08-09,9,Foodgrain,0.78
SEC_016,2024-08-31,6,Steel,0.71
SEC_037,2024-12-15,10,Coal,1.11
SEC_026,2024-08-20,5,Steel,0.78
SEC_011,2024-02-19,2,Cement,1.19
SEC_027,2024-05-26,12,Foodgrain,0.96
SEC_040,2024-03-03,9,Coal,1.02
SEC_001,2024-10-04,10,Foodgrain,1.39
SEC_002,2024-12-30,10,Steel,1.19
SEC_048,2024-10-09,18,Coal,1.28
SEC_037,2024-03-31,7,Coal,1.04
SEC_029,2024-09-11,12,Cement,0.96
SEC_045,2024-01-08,16,Coal,1.24
SEC_029,2024-04-09,9,Coal,1.09
SEC_026,2024-04-21,10,Other,0.95
SEC_011,2024-06-20,2,Other,0.71
SEC_040,2024-04-27,17,Foodgrain,1.31
SEC_038,2024-06-07,2,Cement,0.77
SEC_015,2024-01-04,5,Coal,1.08
SEC_037,2024-10-25,4,Coal,1.26
SEC_036,2024-05-24,14,Steel,1.04
SEC_005,2024-10-22,3,Cement,1.29
SEC_008,2024-01-22,6,Coal,1.17
SEC_030,2024-11-12,7,Cement,1.2
SEC_031,2024-08-17,7,Coal,0.83
SEC_033,2024-03-25,12,Other,0.99
SEC_019,2024-10-02,4,Steel,1.28
SEC_041,2024-09-30,3,Cement,1.07
SEC_022,2024-09-22,14,Cement,1.05
SEC_011,2024-11-14,9,Steel,1.3
SEC_006,2024-12-15,11,Cement,1.24
SEC_044,2024-03-01,9,Cement,1.01
SEC_035,2024-04-13,6,Foodgrain,1.39
SEC_023,2024-01-15,5,Cement,1.23
SEC_011,2024-01-25,5,Steel,1.16
SEC_005,2024-02-08,9,Cement,1.24
SEC_008,2024-09-10,6,Cement,1.03
SEC_006,2024-08-09,3,Foodgrain,0.84
SEC_026,2024-01-13,12,Cement,1.24
SEC_010,2024-06-03,9,Other,0.78
SEC_007,2024-02-10,16,Cement,1.21
SEC_014,2024-03-12,8,Steel,1.01
SEC_035,2024-01-21,15,Steel,1.16
SEC_025,2024-07-12,2,Other,0.75
SEC_008,2024-01-30,15,Other,1.17
SEC_037,2024-10-14,4,Steel,1.25
SEC_024,2024-12-07,2,Cement,1.22
SEC_010,2024-11-09,16,Coal,1.2
SEC_034,2024-10-28,17,Cement,1.39
SEC_049,2024-10-02,10,Steel,1.19
SEC_027,2024-11-29,4,Steel,1.34
SEC_008,2024-11-20,4,Other,1.33
SEC_016,2024-03-20,8,Coal,1.05
SEC_030,2024-08-09,9,Cement,0.87
SEC_049,2024-04-22,6,Foodgrain,1.46
SEC_046,2024-11-02,9,Foodgrain,1.28
SEC_046,2024-01-04,15,Foodgrain,1.13
SEC_041,2024-06-01,7,Other,0.8
SEC_029,2024-05-18,8,Foodgrain,0.99
SEC_032,2024-11-08,9,Steel,1.29
SEC_036,2024-04-17,13,Coal,1.07
SEC_036,2024-11-23,4,Steel,1.29
SEC_032,2024-06-30,4,Coal,0.89
SEC_007,2024-09-08,7,Coal,0.96
SEC_044,2024-07-13,6,Other,0.87
SEC_001,2024-06-06,3,Foodgrain,0.84
SEC_021,2024-04-21,6,Other,1.02
SEC_022,2024-04-13,20,Foodgrain,1.45
SEC_049,2024-08-22,8,Steel,0.86
SEC_005,2024-04-29,9,Coal,0.97
SEC_024,2024-11-12,4,Cement,1.19
SEC_018,2024-02-18,2,Coal,1.18
SEC_005,2024-03-19,3,Coal,1.05
SEC_011,2024-01-18,5,Steel,1.22
SEC_021,2024-11-12,4,Steel,1.24
SEC_045,2024-05-31,4,Steel,1.06
SEC_020,2024-01-13,7,Foodgrain,1.18
SEC_044,2024-01-16,5,Foodgrain,1.22
SEC_036,2024-12-02,15,Foodgrain,1.07
SEC_041,2024-11-18,5,Foodgrain,1.34
SEC_042,2024-04-11,13,Cement,1.03
SEC_035,2024-08-25,5,Coal,0.73
SEC_036,2024-04-02,12,Steel,0.96
SEC_008,2024-11-04,10,Coal,1.4
SEC_036,2024-09-18,2,Other,1.04
SEC_003,2024-06-11,5,Cement,0.9
SEC_037,2024-12-05,5,Other,1.25
SEC_033,2024-03-22,6,Cement,0.98
SEC_038,2024-12-30,2,Coal,1.09
SEC_032,2024-04-16,12,Foodgrain,1.36
SEC_019,2024-11-21,8,Other,1.34
SEC_019,2024-11-08,8,Foodgrain,1.3
SEC_030,2024-07-24,4,Foodgrain,0.75
SEC_024,2024-02-14,9,Other,1.18
SEC_017,2024-10-01,7,Cement,1.4
SEC_024,2024-09-12,5,Cement,1.06
SEC_027,2024-11-12,13,Cement,1.3
SEC_012,2024-03-23,11,Steel,1.04
SEC_032,2024-03-28,2,Other,0.97
SEC_016,2024-05-09,5,Other,1.06
SEC_014,2024-05-14,13,Coal,1.06
SEC_021,2024-01-02,11,Foodgrain,1.09
SEC_006,2024-02-26,3,Steel,1.07
SEC_030,2024-06-24,9,Foodgrain,0.83
SEC_036,2024-12-19,6,Other,1.16
SEC_047,2024-02-16,2,Cement,1.17
SEC_014,2024-03-29,7,Cement,1.07
SEC_027,2024-11-10,9,Foodgrain,1.16
SEC_025,2024-01-15,14,Coal,1.11
SEC_036,2024-02-05,5,Other,1.17
SEC_031,2024-11-21,8,Coal,1.18
SEC_040,2024-04-01,2,Coal,1.07
SEC_042,2024-04-22,15,Cement,1.09
SEC_006,2024-01-06,14,Foodgrain,1.17
SEC_018,2024-05-28,13,Foodgrain,1.0
SEC_033,2024-12-29,3,Coal,1.13
SEC_027,2024-12-26,8,Coal,1.09
SEC_024,2024-08-22,10,Cement,0.87
SEC_009,2024-09-04,11,Foodgrain,1.02
SEC_029,2024-08-23,4,Steel,0.84
SEC_037,2024-09-11,14,Foodgrain,1.04
SEC_002,2024-07-08,8,Foodgrain,0.89
SEC_029,2024-03-16,12,Other,0.99
SEC_045,2024-11-13,7,Other,1.16
SEC_029,2024-11-17,7,Foodgrain,1.2
SEC_047,2024-02-22,10,Coal,1.21
SEC_018,2024-02-04,2,Foodgrain,1.09
SEC_001,2024-10-17,10,Coal,1.23
SEC_034,2024-01-18,8,Cement,1.21
SEC_011,2024-10-22,12,Foodgrain,1.16
SEC_001,2024-12-25,9,Other,1.08
SEC_009,2024-01-14,13,Foodgrain,1.19
SEC_046,2024-10-19,17,Foodgrain,1.18
SEC_039,2024-02-18,6,Coal,1.1
SEC_014,2024-04-16,4,Other,1.02
SEC_030,2024-07-19,2,Steel,0.81
SEC_017,2024-09-05,11,Cement,0.97
SEC_009,2024-02-03,13,Steel,1.16
SEC_049,2024-02-09,16,Steel,1.21
SEC_040,2024-04-13,11,Steel,1.09
SEC_018,2024-09-06,12,Other,1.09
SEC_018,2024-05-27,10,Cement,1.04
SEC_040,2024-04-10,10,Cement,1.0
SEC_023,2024-02-27,17,Steel,1.21
SEC_019,2024-12-20,3,Cement,1.1
SEC_019,2024-09-14,5,Foodgrain,1.06
SEC_022,2024-12-26,15,Cement,1.12
SEC_026,2024-06-30,11,Steel,0.88
SEC_002,2024-10-26,5,Foodgrain,1.18
SEC_024,2024-08-22,7,Other,0.88
SEC_022,2024-07-11,2,Coal,0.81
SEC_014,2024-06-22,3,Cement,0.86
SEC_018,2024-07-02,6,Cement,0.74
SEC_021,2024-05-30,9,Foodgrain,1.1
SEC_018,2024-08-22,7,Other,0.88
SEC_045,2024-06-29,7,Cement,0.73
SEC_026,2024-12-21,5,Foodgrain,1.13
SEC_025,2024-11-25,7,Steel,1.32
SEC_013,2024-06-18,10,Cement,0.85
SEC_045,2024-05-24,10,Coal,1.04
SEC_002,2024-10-04,16,Steel,1.23
SEC_027,2024-08-23,6,Foodgrain,0.9
SEC_009,2024-03-25,7,Steel,1.09
SEC_038,2024-11-01,15,Foodgrain,1.37
SEC_019,2024-09-06,4,Other,1.06
SEC_015,2024-08-15,8,Steel,0.85
SEC_003,2024-10-13,4,Foodgrain,1.21
SEC_039,2024-03-23,19,Foodgrain,1.39
SEC_020,2024-10-19,16,Cement,1.16
SEC_013,2024-02-14,5,Cement,1.18
SEC_042,2024-10-17,18,Steel,1.32
SEC_001,2024-08-04,7,Other,0.8
SEC_023,2024-08-01,11,Cement,0.83
SEC_008,2024-09-23,11,Other,0.98
SEC_007,2024-04-23,11,Other,0.98
SEC_002,2024-10-08,3,Foodgrain,1.3
SEC_010,2024-01-10,2,Cement,1.12
SEC_047,2024-09-10,14,Cement,1.0
SEC_022,2024-10-17,10,Cement,1.29
SEC_049,2024-01-02,7,Foodgrain,1.12
SEC_014,2024-09-11,8,Steel,1.0
SEC_038,2024-10-10,11,Steel,1.24
SEC_005,2024-07-10,6,Cement,0.73
SEC_006,2024-08-09,3,Cement,0.81
SEC_001,2024-01-22,6,Foodgrain,1.14
SEC_045,2024-12-27,14,Coal,1.06
SEC_033,2024-12-19,2,Coal,1.1
SEC_037,2024-10-06,13,Other,1.32
SEC_046,2024-01-06,7,Coal,1.07
SEC_017,2024-06-06,4,Steel,0.75
SEC_036,2024-10-26,8,Coal,1.39
SEC_025,2024-09-04,14,Steel,1.1
SEC_027,2024-11-27,12,Other,1.19
SEC_033,2024-08-13,9,Steel,0.8
SEC_024,2024-09-18,13,Other,1.06
SEC_002,2024-05-03,4,Other,0.95
SEC_004,2024-10-24,5,Cement,1.18
SEC_025,2024-07-14,7,Steel,0.9
SEC_028,2024-10-19,7,Other,1.16
SEC_036,2024-03-15,9,Cement,0.98
SEC_029,2024-04-08,13,Cement,0.96
SEC_010,2024-02-02,11,Steel,1.12
SEC_018,2024-09-04,5,Cement,1.06
SEC_022,2024-09-25,6,Cement,0.97
SEC_049,2024-04-13,17,Foodgrain,1.45
SEC_027,2024-05-20,11,Foodgrain,1.09
SEC_032,2024-07-27,5,Cement,0.84
SEC_037,2024-10-03,3,Other,1.36
SEC_018,2024-04-20,9,Other,1.03
SEC_048,2024-06-27,2,Steel,0.86
SEC_034,2024-03-08,4,Other,1.07
SEC_042,2024-10-23,18,Steel,1.27
SEC_037,2024-11-15,15,Steel,1.34
SEC_031,2024-09-27,11,Coal,1.02
SEC_002,2024-10-25,13,Cement,1.19
SEC_029,2024-10-06,8,Foodgrain,1.19
SEC_007,2024-11-01,12,Other,1.23
SEC_030,2024-06-06,10,Other,0.75
SEC_035,2024-03-16,19,Foodgrain,1.47
SEC_027,2024-12-17,2,Steel,1.15
SEC_016,2024-01-01,12,Coal,1.2
SEC_003,2024-05-28,12,Other,0.95
SEC_033,2024-09-22,4,Steel,1.07
SEC_035,2024-10-17,15,Coal,1.19
SEC_024,2024-09-07,13,Steel,0.96
SEC_036,2024-06-28,3,Other,0.75
SEC_039,2024-12-03,11,Coal,1.09
SEC_026,2024-03-27,9,Cement,0.99
SEC_003,2024-02-22,12,Foodgrain,1.19
SEC_043,2024-08-18,6,Other,0.79
SEC_023,2024-04-27,7,Foodgrain,1.47
SEC_033,2024-06-20,7,Foodgrain,0.75
SEC_045,2024-06-16,2,Foodgrain,0.72
SEC_018,2024-04-06,10,Cement,1.06
SEC_031,2024-12-31,8,Coal,1.18
SEC_001,2024-05-20,13,Coal,1.07
SEC_044,2024-09-02,5,Foodgrain,1.03
SEC_003,2024-02-28,6,Steel,1.21
SEC_027,2024-12-28,13,Coal,1.14
SEC_018,2024-12-27,4,Cement,1.23
SEC_002,2024-01-26,13,Cement,1.09
SEC_023,2024-08-23,3,Coal,0.74
SEC_046,2024-08-05,7,Coal,0.74
SEC_009,2024-03-04,5,Cement,1.03
SEC_015,2024-10-08,11,Foodgrain,1.2
SEC_010,2024-10-06,16,Steel,1.26
SEC_007,2024-11-04,3,Foodgrain,1.27
SEC_012,2024-08-08,7,Steel,0.71
SEC_029,2024-09-15,12,Coal,1.0
SEC_039,2024-09-21,10,Cement,1.01
SEC_034,2024-10-07,5,Cement,1.17
SEC_038,2024-08-01,6,Coal,0.74
SEC_036,2024-09-29,2,Steel,1.08
SEC_019,2024-01-23,3,Cement,1.07
SEC_045,2024-08-14,2,Cement,0.81
SEC_009,2024-03-15,4,Other,1.08
SEC_035,2024-05-28,14,Cement,0.98
SEC_006,2024-10-08,11,Coal,1.34
SEC_038,2024-02-11,11,Steel,1.06
SEC_005,2024-10-03,19,Steel,1.34
SEC_011,2024-04-04,4,Other,1.0
SEC_020,2024-10-02,10,Coal,1.19
SEC_035,2024-10-07,14,Steel,1.25
SEC_003,2024-01-06,7,Foodgrain,1.11
SEC_013,2024-03-26,11,Steel,1.07
SEC_017,2024-10-21,15,Cement,1.24
SEC_036,2024-05-05,10,Coal,0.97
SEC_048,2024-06-09,2,Other,0.89
SEC_031,2024-01-06,3,Foodgrain,1.07
SEC_025,2024-09-10,10,Steel,0.96
SEC_017,2024-02-04,12,Other,1.21
SEC_041,2024-04-09,6,Coal,1.0
SEC_006,2024-06-23,2,Foodgrain,0.7
SEC_007,2024-10-08,18,Coal,1.27
SEC_010,2024-07-01,3,Foodgrain,0.73
SEC_014,2024-12-25,4,Steel,1.19
SEC_023,2024-07-10,10,Cement,0.74
SEC_047,2024-04-02,11,Foodgrain,1.34
SEC_032,2024-03-10,12,Cement,1.01
SEC_019,2024-10-14,13,Other,1.16
SEC_011,2024-06-17,7,Other,0.75
SEC_032,2024-08-09,11,Steel,0.83
SEC_013,2024-05-15,11,Foodgrain,1.08
SEC_048,2024-04-09,2,Cement,1.08
SEC_024,2024-08-07,2,Coal,0.86
SEC_027,2024-04-17,4,Foodgrain,1.39
SEC_045,2024-12-31,7,Foodgrain,1.13
SEC_015,2024-09-24,14,Other,1.05
SEC_024,2024-10-26,5,Coal,1.33
SEC_027,2024-04-14,13,Other,1.0
SEC_014,2024-01-11,13,Steel,1.06
SEC_003,2024-01-18,9,Other,1.24
SEC_014,2024-11-10,15,Cement,1.32
SEC_006,2024-11-15,3,Foodgrain,1.4
SEC_034,2024-09-05,14,Coal,1.03
SEC_001,2024-08-03,6,Steel,0.8
SEC_016,2024-03-17,10,Cement,1.03
SEC_044,2024-10-04,16,Steel,1.24
SEC_028,2024-07-07,3,Cement,0.83
SEC_033,2024-08-08,2,Steel,0.78
SEC_033,2024-01-09,5,Coal,1.24
SEC_015,2024-07-08,10,Cement,0.89
SEC_031,2024-09-10,11,Other,0.97
SEC_011,2024-10-08,10,Other,1.28
SEC_032,2024-02-23,11,Foodgrain,1.07
SEC_034,2024-01-12,9,Cement,1.13
SEC_043,2024-11-09,5,Cement,1.15
SEC_046,2024-04-24,4,Foodgrain,1.4
SEC_002,2024-06-22,6,Coal,0.72
SEC_015,2024-08-17,6,Steel,0.9
SEC_027,2024-06-28,6,Steel,0.79
SEC_016,2024-12-11,10,Cement,1.13
SEC_031,2024-11-04,13,Steel,1.18
SEC_042,2024-05-24,13,Steel,1.06
SEC_013,2024-03-10,12,Other,1.02
SEC_044,2024-12-22,5,Coal,1.2
SEC_044,2024-09-16,6,Cement,1.0
SEC_045,2024-10-03,10,Coal,1.21
SEC_004,2024-06-18,11,Steel,0.78
SEC_015,2024-06-26,10,Other,0.76
SEC_007,2024-03-07,5,Other,1.01
SEC_006,2024-06-06,6,Steel,0.76
SEC_003,2024-07-17,10,Coal,0.89
SEC_022,2024-02-17,3,Other,1.07
SEC_005,2024-08-20,12,Other,0.83
SEC_015,2024-08-13,7,Foodgrain,0.76
SEC_049,2024-11-03,5,Coal,1.17
SEC_044,2024-01-20,3,Cement,1.09
SEC_046,2024-03-23,11,Cement,1.01
SEC_002,2024-06-06,7,Other,0.82
SEC_033,2024-11-18,7,Cement,1.32
SEC_032,2024-03-28,2,Other,1.03
SEC_007,2024-12-21,3,Foodgrain,1.06
SEC_045,2024-12-16,11,Coal,1.11
SEC_020,2024-02-04,4,Cement,1.17
SEC_048,2024-05-12,9,Steel,1.07
SEC_006,2024-04-04,6,Cement,0.96
SEC_032,2024-06-28,6,Coal,0.76
SEC_007,2024-12-04,6,Coal,1.05
SEC_047,2024-05-17,9,Foodgrain,1.07
SEC_030,2024-08-30,9,Foodgrain,0.82
SEC_004,2024-02-20,2,Coal,1.18
SEC_011,2024-07-27,6,Cement,0.84
SEC_018,2024-05-09,2,Cement,1.01
SEC_001,2024-12-01,12,Other,1.11
SEC_001,2024-10-12,14,Steel,1.24
SEC_046,2024-03-19,5,Cement,0.98
SEC_049,2024-08-15,7,Other,0.85
SEC_027,2024-05-05,2,Coal,1.01
SEC_045,2024-06-09,11,Other,0.83
SEC_033,2024-06-18,9,Cement,0.72
SEC_002,2024-10-27,19,Cement,1.33
SEC_036,2024-04-16,10,Cement,0.99
SEC_001,2024-01-02,7,Cement,1.14
SEC_041,2024-03-11,6,Cement,0.95
SEC_018,2024-10-29,15,Coal,1.17
SEC_007,2024-04-18,9,Coal,0.98
SEC_013,2024-01-22,10,Coal,1.21
SEC_034,2024-05-26,11,Other,1.09
SEC_042,2024-11-14,3,Foodgrain,1.15
SEC_028,2024-11-15,18,Other,1.32
SEC_008,2024-12-12,5,Other,1.08
SEC_045,2024-09-07,6,Steel,0.95
SEC_039,2024-10-26,19,Coal,1.33
SEC_021,2024-10-09,10,Other,1.24
SEC_028,2024-01-08,11,Foodgrain,1.23
SEC_048,2024-06-01,10,Steel,0.88
SEC_019,2024-07-11,7,Cement,0.89
SEC_002,2024-06-18,8,Foodgrain,0.85
SEC_008,2024-10-30,11,Steel,1.25
SEC_030,2024-12-25,4,Steel,1.24
SEC_049,2024-07-18,3,Other,0.81
SEC_037,2024-02-05,6,Steel,1.08
SEC_031,2024-05-11,3,Other,0.96
SEC_016,2024-03-13,14,Foodgrain,1.36
SEC_022,2024-06-21,9,Coal,0.74
SEC_002,2024-03-26,9,Coal,1.07
SEC_019,2024-01-30,16,Cement,1.16
SEC_031,2024-03-03,11,Coal,1.07
SEC_045,2024-06-30,8,Coal,0.79
SEC_046,2024-02-21,7,Foodgrain,1.11
SEC_041,2024-01-11,11,Foodgrain,1.1
SEC_002,2024-04-12,10,Other,1.01
SEC_040,2024-08-23,3,Other,0.82
SEC_011,2024-08-18,7,Other,0.73
SEC_031,2024-05-22,12,Coal,1.02
SEC_047,2024-08-30,9,Other,0.84
SEC_044,2024-03-11,7,Other,1.07
SEC_033,2024-09-21,6,Cement,1.08
SEC_015,2024-01-07,9,Other,1.12
SEC_026,2024-02-19,14,Other,1.19
SEC_035,2024-12-03,15,Cement,1.09
SEC_026,2024-06-20,9,Foodgrain,0.85
SEC_020,2024-07-22,2,Steel,0.9
SEC_020,2024-05-25,11,Steel,1.07
SEC_030,2024-08-24,10,Steel,0.72
SEC_002,2024-09-30,6,Foodgrain,0.96
SEC_049,2024-10-12,8,Foodgrain,1.16
SEC_006,2024-04-01,11,Steel,0.96
SEC_049,2024-08-17,2,Coal,0.71
SEC_002,2024-10-14,8,Foodgrain,1.17
SEC_026,2024-05-31,6,Coal,1.03
SEC_021,2024-05-19,2,Steel,0.97
SEC_029,2024-08-17,8,Coal,0.82
SEC_022,2024-07-29,7,Steel,0.76
SEC_044,2024-04-02,6,Cement,1.1
SEC_001,2024-12-16,4,Cement,1.11
SEC_049,2024-07-24,10,Coal,0.74
SEC_034,2024-07-25,8,Cement,0.74
SEC_039,2024-03-16,14,Steel,1.04
SEC_007,2024-09-04,12,Foodgrain,1.06
SEC_004,2024-12-01,11,Cement,1.24
SEC_020,2024-09-22,11,Coal,0.95
SEC_016,2024-07-05,2,Coal,0.72
SEC_039,2024-08-20,12,Coal,0.83
SEC_044,2024-03-26,6,Steel,1.07
SEC_021,2024-01-23,9,Coal,1.07
SEC_038,2024-08-22,3,Coal,0.71
SEC_003,2024-03-07,18,Foodgrain,1.5
SEC_037,2024-02-03,12,Coal,1.07
SEC_005,2024-10-10,4,Foodgrain,1.31
SEC_033,2024-06-07,6,Steel,0.88
SEC_019,2024-11-08,6,Other,1.18
SEC_021,2024-11-12,2,Coal,1.19
SEC_014,2024-02-14,15,Foodgrain,1.24
SEC_020,2024-10-08,16,Foodgrain,1.17
SEC_043,2024-05-02,3,Cement,1.03
SEC_040,2024-09-14,10,Coal,0.95
SEC_017,2024-01-17,7,Other,1.05
SEC_015,2024-06-21,2,Steel,0.84
SEC_025,2024-08-18,12,Coal,0.89
SEC_034,2024-06-12,1,Cement,0.73
SEC_009,2024-07-20,10,Foodgrain,0.79
SEC_036,2024-01-05,8,Cement,1.09
SEC_047,2024-01-03,12,Other,1.09
SEC_042,2024-08-07,2,Steel,0.75
SEC_027,2024-06-01,8,Other,0.87
SEC_016,2024-07-30,6,Other,0.88
SEC_016,2024-05-11,13,Foodgrain,1.08
SEC_037,2024-01-02,10,Cement,1.21
SEC_023,2024-09-13,2,Coal,0.97
SEC_006,2024-02-20,12,Cement,1.24
SEC_034,2024-10-14,12,Coal,1.3
SEC_007,2024-01-05,9,Foodgrain,1.18
SEC_049,2024-12-05,5,Cement,1.08
SEC_021,2024-04-02,5,Coal,0.99
SEC_017,2024-11-22,11,Foodgrain,1.18
SEC_003,2024-01-02,13,Foodgrain,1.18
SEC_009,2024-06-13,8,Steel,0.87
SEC_047,2024-06-01,9,Foodgrain,0.86
SEC_027,2024-03-01,3,Other,0.97
SEC_045,2024-06-23,2,Other,0.77
SEC_047,2024-03-19,9,Other,0.97
SEC_003,2024-06-08,9,Other,0.79
SEC_019,2024-05-17,2,Steel,1.09
SEC_042,2024-03-13,3,Coal,1.09
SEC_025,2024-10-15,9,Coal,1.33
SEC_025,2024-07-10,10,Other,0.8
SEC_028,2024-11-02,7,Steel,1.24
SEC_035,2024-10-24,15,Cement,1.39
SEC_046,2024-04-06,17,Foodgrain,1.31
SEC_044,2024-04-16,9,Cement,0.99
SEC_031,2024-12-14,9,Cement,1.13
SEC_029,2024-04-24,9,Other,0.98
SEC_018,2024-02-04,14,Coal,1.05
SEC_006,2024-07-17,1,Steel,0.71
SEC_035,2024-12-19,8,Coal,1.06
SEC_001,2024-03-26,4,Steel,1.02
SEC_035,2024-08-21,2,Steel,0.79
SEC_025,2024-05-03,2,Other,0.95
SEC_039,2024-05-20,2,Cement,0.99
SEC_047,2024-06-14,1,Coal,0.74
SEC_028,2024-02-22,13,Foodgrain,1.06
SEC_029,2024-05-21,3,Cement,1.05
SEC_024,2024-04-09,10,Cement,0.97
SEC_019,2024-10-26,9,Other,1.35
SEC_005,2024-03-24,5,Steel,0.96
SEC_002,2024-11-06,7,Other,1.31
SEC_036,2024-01-07,3,Other,1.08
SEC_045,2024-05-27,8,Steel,1.05
SEC_003,2024-04-08,5,Cement,1.09
SEC_017,2024-06-12,10,Cement,0.73
SEC_030,2024-10-09,3,Other,1.37
SEC_035,2024-12-16,2,Coal,1.14
SEC_037,2024-09-23,4,Steel,1.02
SEC_035,2024-07-03,2,Other,0.76
SEC_005,2024-07-06,2,Coal,0.86
SEC_013,2024-12-29,5,Foodgrain,1.17
SEC_023,2024-12-28,9,Steel,1.24
SEC_004,2024-10-06,2,Cement,1.15
SEC_017,2024-03-01,16,Foodgrain,1.35
SEC_019,2024-04-06,3,Other,0.96
SEC_048,2024-04-09,4,Coal,1.01
SEC_016,2024-03-24,14,Foodgrain,1.45
SEC_048,2024-12-20,5,Foodgrain,1.07
SEC_035,2024-02-28,11,Foodgrain,1.19
SEC_034,2024-11-08,16,Coal,1.3
SEC_041,2024-10-22,10,Foodgrain,1.26
SEC_042,2024-07-12,10,Other,0.86
SEC_011,2024-04-22,5,Cement,0.98
SEC_021,2024-04-07,12,Coal,0.96
SEC_026,2024-09-04,7,Cement,1.05
SEC_048,2024-09-02,7,Other,1.03
SEC_002,2024-07-16,3,Other,0.9
SEC_024,2024-07-27,11,Coal,0.77
SEC_011,2024-10-29,3,Coal,1.3
SEC_011,2024-10-03,14,Coal,1.15
SEC_038,2024-10-01,17,Steel,1.3
SEC_010,2024-04-12,13,Other,1.0
SEC_039,2024-01-24,6,Foodgrain,1.07
SEC_049,2024-06-16,2,Other,0.78
SEC_039,2024-05-03,8,Coal,0.97
SEC_009,2024-05-02,4,Cement,1.05
SEC_007,2024-07-09,4,Cement,0.71
SEC_022,2024-12-04,12,Other,1.1
SEC_028,2024-10-21,3,Foodgrain,1.38
SEC_039,2024-09-04,11,Cement,1.02
SEC_021,2024-09-18,15,Coal,1.04
SEC_009,2024-05-31,3,Other,0.96
SEC_049,2024-07-20,3,Cement,0.81
SEC_045,2024-06-07,6,Cement,0.7
SEC_033,2024-10-22,12,Steel,1.37
SEC_035,2024-12-28,14,Coal,1.11
SEC_046,2024-06-08,11,Cement,0.88
SEC_024,2024-09-20,7,Cement,0.99
SEC_008,2024-01-21,9,Coal,1.11
SEC_030,2024-05-27,9,Other,0.99
SEC_023,2024-11-14,2,Coal,1.21
SEC_040,2024-09-08,7,Cement,1.07
SEC_038,2024-07-11,10,Coal,0.76
SEC_024,2024-03-19,6,Cement,0.96
SEC_019,2024-10-22,15,Foodgrain,1.33
SEC_021,2024-12-21,9,Steel,1.11
SEC_031,2024-05-23,13,Cement,1.06
SEC_032,2024-10-23,13,Other,1.17
SEC_026,2024-08-03,6,Cement,0.73
SEC_027,2024-05-25,7,Cement,0.98
SEC_049,2024-05-01,6,Coal,0.97
SEC_013,2024-07-03,3,Other,0.87
SEC_009,2024-05-29,8,Foodgrain,1.08
SEC_040,2024-08-13,2,Coal,0.81
SEC_046,2024-02-23,10,Foodgrain,1.16
SEC_030,2024-06-23,8,Cement,0.74
SEC_020,2024-09-28,3,Cement,0.99
SEC_018,2024-11-05,4,Foodgrain,1.32
SEC_023,2024-04-12,13,Steel,0.97
SEC_003,2024-08-07,3,Steel,0.72
SEC_026,2024-04-20,13,Cement,1.0
SEC_014,2024-10-16,5,Other,1.21
SEC_014,2024-05-09,2,Cement,0.98
SEC_028,2024-09-03,8,Cement,0.96
SEC_048,2024-06-07,8,Cement,0.71
SEC_011,2024-04-07,19,Foodgrain,1.45
SEC_045,2024-07-29,7,Foodgrain,0.71
SEC_026,2024-08-16,12,Foodgrain,0.9
SEC_048,2024-09-06,15,Coal,1.09
SEC_019,2024-10-16,16,Foodgrain,1.21
SEC_049,2024-09-04,10,Coal,1.02
SEC_033,2024-11-07,11,Other,1.23
SEC_033,2024-06-04,6,Other,0.84
SEC_028,2024-07-05,7,Foodgrain,0.72
SEC_023,2024-06-25,6,Cement,0.89
SEC_026,2024-07-30,5,Coal,0.82
SEC_042,2024-02-21,14,Foodgrain,1.06
SEC_039,2024-11-08,6,Other,1.29
SEC_002,2024-07-09,8,Foodgrain,0.77
SEC_035,2024-07-21,2,Other,0.72
SEC_041,2024-11-17,4,Coal,1.29
SEC_037,2024-06-19,2,Other,0.74
SEC_025,2024-06-17,2,Steel,0.87
SEC_017,2024-07-25,9,Coal,0.86
SEC_033,2024-12-09,13,Cement,1.16
SEC_033,2024-04-02,11,Cement,1.03
SEC_019,2024-02-27,11,Coal,1.2
SEC_020,2024-02-09,12,Steel,1.18
SEC_019,2024-09-26,3,Other,1.0
SEC_003,2024-01-04,6,Coal,1.19
SEC_002,2024-09-16,10,Coal,1.09
SEC_005,2024-11-19,9,Other,1.22
SEC_021,2024-09-06,12,Cement,1.06
SEC_026,2024-03-03,16,Foodgrain,1.45
SEC_021,2024-08-30,9,Steel,0.88
SEC_047,2024-06-11,9,Other,0.86
SEC_012,2024-01-09,14,Other,1.14
SEC_020,2024-03-13,5,Coal,0.96
SEC_013,2024-09-28,9,Other,1.02
SEC_015,2024-07-24,6,Foodgrain,0.89
SEC_029,2024-07-01,9,Steel,0.86
SEC_016,2024-10-11,16,Steel,1.32
SEC_016,2024-07-10,9,Foodgrain,0.88
SEC_033,2024-12-20,13,Foodgrain,1.06
SEC_041,2024-01-19,16,Other,1.21
SEC_011,2024-04-14,14,Coal,1.1
SEC_006,2024-03-09,3,Cement,1.08
SEC_012,2024-05-31,5,Coal,0.99
SEC_029,2024-11-29,2,Coal,1.21
SEC_048,2024-05-29,7,Steel,0.97
SEC_008,2024-04-25,5,Cement,1.09
SEC_003,2024-01-31,8,Steel,1.18
SEC_026,2024-05-24,10,Steel,1.08
SEC_049,2024-03-24,6,Other,1.08
SEC_028,2024-03-10,15,Steel,1.08
SEC_046,2024-02-18,13,Cement,1.21
SEC_032,2024-08-19,2,Other,0.81
SEC_002,2024-09-16,14,Cement,1.01
SEC_021,2024-09-28,2,Other,0.96
SEC_038,2024-01-20,2,Other,1.14
SEC_025,2024-12-03,16,Coal,1.14
SEC_010,2024-07-04,4,Coal,0.85
SEC_009,2024-07-24,3,Steel,0.75
SEC_033,2024-11-17,3,Cement,1.36
SEC_023,2024-04-10,5,Steel,1.05
SEC_029,2024-07-03,8,Cement,0.7
SEC_019,2024-01-26,2,Other,1.14
SEC_017,2024-06-29,7,Coal,0.82
SEC_033,2024-04-07,3,Other,1.07
SEC_001,2024-03-07,5,Foodgrain,1.31
SEC_022,2024-08-14,8,Other,0.83
SEC_019,2024-02-17,16,Cement,1.14
SEC_039,2024-12-22,8,Coal,1.05
SEC_036,2024-03-26,13,Other,1.03
SEC_021,2024-01-29,6,Coal,1.1
SEC_013,2024-06-12,3,Steel,0.72
SEC_012,2024-05-22,10,Foodgrain,1.08
SEC_011,2024-08-28,9,Other,0.72
SEC_014,2024-09-01,11,Coal,1.02
SEC_038,2024-08-04,4,Foodgrain,0.7
SEC_003,2024-07-29,7,Coal,0.87
SEC_002,2024-10-11,19,Steel,1.39
SEC_027,2024-08-26,6,Steel,0.79
SEC_011,2024-02-21,15,Foodgrain,1.12
SEC_041,2024-06-18,5,Cement,0.8
SEC_037,2024-09-08,5,Cement,0.96
SEC_038,2024-04-07,10,Cement,1.0
SEC_023,2024-11-12,12,Coal,1.32
SEC_022,2024-06-25,9,Cement,0.88
SEC_021,2024-04-27,4,Cement,0.99
SEC_010,2024-05-19,15,Coal,1.05
SEC_028,2024-08-14,9,Other,0.82
SEC_043,2024-09-16,9,Cement,0.98
SEC_013,2024-04-03,8,Cement,0.95
SEC_003,2024-03-03,13,Foodgrain,1.48
SEC_028,2024-02-03,11,Cement,1.22
SEC_020,2024-06-30,2,Steel,0.76
SEC_040,2024-12-05,7,Cement,1.15
SEC_042,2024-12-17,9,Cement,1.09
SEC_047,2024-07-23,10,Cement,0.84
SEC_020,2024-07-13,7,Cement,0.87
SEC_045,2024-07-03,4,Coal,0.75
SEC_006,2024-03-27,14,Coal,1.07
SEC_019,2024-06-01,2,Foodgrain,0.78
SEC_014,2024-12-08,14,Other,1.18
SEC_046,2024-08-13,6,Steel,0.79
SEC_030,2024-03-30,11,Foodgrain,1.41
SEC_018,2024-02-02,15,Other,1.1
SEC_008,2024-10-01,4,Cement,1.35
SEC_039,2024-11-26,12,Coal,1.17
SEC_033,2024-02-10,12,Other,1.23
SEC_042,2024-05-17,14,Other,1.02
SEC_022,2024-11-07,16,Cement,1.37
SEC_008,2024-04-02,10,Cement,0.99
SEC_017,2024-03-07,7,Foodgrain,1.41
SEC_031,2024-05-24,7,Cement,1.09
SEC_012,2024-05-24,11,Steel,0.98
SEC_004,2024-06-25,3,Cement,0.78
SEC_041,2024-12-19,10,Foodgrain,1.12
SEC_026,2024-12-21,5,Cement,1.09
SEC_020,2024-07-31,10,Other,0.84
SEC_028,2024-01-28,13,Cement,1.21
SEC_037,2024-04-06,4,Other,0.97
SEC_001,2024-03-07,4,Foodgrain,1.32
SEC_022,2024-01-01,12,Cement,1.23
SEC_013,2024-05-20,11,Steel,1.08
SEC_005,2024-01-03,6,Cement,1.12
SEC_002,2024-07-29,7,Steel,0.8
SEC_022,2024-04-10,2,Cement,1.05
SEC_027,2024-09-22,14,Coal,0.98
SEC_025,2024-07-11,10,Cement,0.8
SEC_039,2024-12-13,3,Steel,1.08
SEC_023,2024-06-26,9,Steel,0.86
SEC_029,2024-02-27,16,Steel,1.22
SEC_040,2024-12-03,3,Foodgrain,1.14
SEC_033,2024-04-23,7,Coal,0.96
SEC_045,2024-10-06,18,Foodgrain,1.27
SEC_011,2024-10-13,9,Coal,1.34
SEC_039,2024-12-04,5,Foodgrain,1.09
SEC_035,2024-08-22,11,Steel,0.8
SEC_029,2024-07-06,7,Foodgrain,0.75
SEC_001,2024-05-20,7,Coal,1.0
SEC_027,2024-06-12,5,Other,0.7
SEC_043,2024-10-12,7,Coal,1.21
SEC_032,2024-07-26,10,Other,0.86
SEC_001,2024-01-18,6,Steel,1.2
SEC_015,2024-05-16,3,Other,0.97
SEC_028,2024-11-30,6,Foodgrain,1.23
SEC_040,2024-03-18,4,Other,0.95
SEC_022,2024-06-21,6,Foodgrain,0.74
SEC_042,2024-11-02,10,Cement,1.3
SEC_039,2024-04-16,8,Cement,0.96
SEC_014,2024-09-06,6,Cement,1.01
SEC_010,2024-10-14,5,Foodgrain,1.18
SEC_045,2024-04-29,15,Steel,1.1
SEC_029,2024-11-23,14,Other,1.18
SEC_042,2024-06-12,4,Other,0.7
SEC_046,2024-04-18,10,Cement,1.07
SEC_021,2024-03-23,8,Steel,1.1
SEC_003,2024-04-07,17,Foodgrain,1.4
SEC_045,2024-07-24,2,Cement,0.86
SEC_029,2024-03-23,14,Coal,1.07
SEC_006,2024-05-11,4,Coal,0.98
SEC_026,2024-09-17,9,Foodgrain,1.09
SEC_002,2024-11-16,19,Foodgrain,1.33
SEC_015,2024-09-05,6,Other,0.98
SEC_018,2024-07-12,3,Steel,0.83
SEC_023,2024-09-11,13,Steel,0.96
SEC_028,2024-05-30,4,Cement,0.95
SEC_042,2024-04-09,2,Other,1.03
SEC_018,2024-10-01,14,Other,1.39
SEC_037,2024-02-19,9,Cement,1.07
SEC_047,2024-11-27,16,Coal,1.23
SEC_037,2024-06-05,6,Cement,0.88
SEC_013,2024-10-26,12,Coal,1.23
SEC_034,2024-02-06,11,Cement,1.23
SEC_014,2024-06-30,7,Other,0.83
SEC_024,2024-06-03,9,Cement,0.88
SEC_032,2024-05-10,7,Steel,0.97
SEC_015,2024-07-06,10,Steel,0.72
SEC_001,2024-08-30,5,Cement,0.87
SEC_042,2024-12-10,12,Cement,1.24
SEC_036,2024-10-25,12,Other,1.29
SEC_007,2024-03-25,9,Coal,0.99
SEC_019,2024-12-24,15,Cement,1.13
SEC_013,2024-07-01,8,Other,0.8
SEC_048,2024-06-16,12,Coal,0.86
SEC_047,2024-01-05,2,Foodgrain,1.2
SEC_034,2024-09-01,7,Cement,0.97
SEC_022,2024-11-20,11,Foodgrain,1.24
SEC_003,2024-04-17,7,Other,1.07
SEC_013,2024-11-13,13,Cement,1.34
SEC_005,2024-02-02,14,Steel,1.06
SEC_039,2024-12-19,11,Cement,1.14
SEC_005,2024-04-02,12,Cement,1.02
SEC_034,2024-06-25,5,Cement,0.75
SEC_047,2024-01-06,13,Steel,1.06
SEC_016,2024-11-24,11,Other,1.24
SEC_034,2024-07-05,7,Other,0.73
SEC_044,2024-12-21,12,Steel,1.22
SEC_021,2024-05-16,7,Steel,1.01
SEC_022,2024-01-22,7,Steel,1.24
SEC_010,2024-09-05,3,Steel,1.02
SEC_021,2024-02-29,12,Coal,1.15
SEC_043,2024-08-13,2,Coal,0.76
SEC_033,2024-01-13,7,Cement,1.16
SEC_010,2024-03-02,13,Other,1.02
SEC_026,2024-08-21,2,Coal,0.81
SEC_035,2024-09-03,10,Foodgrain,0.97
SEC_004,2024-02-25,6,Steel,1.08
SEC_038,2024-03-09,8,Steel,1.04
SEC_010,2024-11-10,9,Foodgrain,1.23
SEC_015,2024-01-03,4,Coal,1.2
SEC_021,2024-03-25,15,Coal,1.05
SEC_025,2024-12-21,16,Other,1.21
SEC_045,2024-07-19,10,Foodgrain,0.85
SEC_011,2024-01-10,10,Coal,1.24
SEC_013,2024-11-22,18,Other,1.32
SEC_019,2024-05-05,3,Cement,1.07
SEC_043,2024-09-18,8,Cement,0.98
SEC_048,2024-08-21,11,Cement,0.9
SEC_023,2024-05-14,3,Foodgrain,0.97
SEC_034,2024-05-15,3,Cement,1.07
SEC_045,2024-07-20,9,Steel,0.86
SEC_042,2024-05-19,10,Cement,1.02
SEC_034,2024-03-04,12,Other,1.08
SEC_027,2024-09-21,11,Other,1.08
SEC_049,2024-09-03,5,Foodgrain,1.0
SEC_012,2024-08-08,5,Coal,0.82
SEC_018,2024-09-28,15,Coal,1.05
SEC_035,2024-07-08,2,Foodgrain,0.73
SEC_002,2024-12-05,12,Cement,1.22
SEC_025,2024-11-20,11,Coal,1.21
SEC_042,2024-12-25,8,Foodgrain,1.12
SEC_009,2024-02-09,13,Foodgrain,1.09
SEC_040,2024-02-07,16,Foodgrain,1.17
SEC_021,2024-06-20,7,Foodgrain,0.89
SEC_043,2024-09-10,15,Steel,1.06
SEC_032,2024-03-28,16,Foodgrain,1.45
SEC_008,2024-02-12,14,Foodgrain,1.24
SEC_037,2024-01-14,5,Other,1.06
SEC_003,2024-07-22,2,Steel,0.76
SEC_012,2024-12-24,15,Other,1.19
SEC_044,2024-06-19,6,Other,0.73
SEC_043,2024-09-25,6,Steel,1.04
SEC_003,2024-01-19,5,Foodgrain,1.08
SEC_019,2024-03-20,9,Cement,0.96
SEC_005,2024-09-06,3,Foodgrain,1.06
SEC_014,2024-05-27,5,Cement,1.01
SEC_048,2024-01-10,10,Steel,1.05
SEC_010,2024-03-23,10,Other,1.05
SEC_032,2024-10-17,15,Cement,1.37
SEC_040,2024-09-07,12,Coal,1.05
SEC_044,2024-10-23,8,Steel,1.26
SEC_018,2024-05-08,2,Cement,1.05
SEC_035,2024-12-05,15,Steel,1.05
SEC_024,2024-12-02,11,Foodgrain,1.06
SEC_006,2024-05-14,12,Cement,0.96
SEC_011,2024-03-16,10,Steel,1.09
SEC_037,2024-12-18,4,Other,1.19
SEC_034,2024-05-08,12,Cement,1.07
SEC_026,2024-06-30,4,Foodgrain,0.79
SEC_039,2024-12-07,13,Steel,1.15
SEC_034,2024-04-08,12,Steel,1.09
SEC_017,2024-11-19,14,Coal,1.23
SEC_015,2024-02-28,4,Coal,1.12
SEC_047,2024-04-17,10,Cement,1.02
SEC_048,2024-05-22,12,Cement,0.97
SEC_002,2024-06-25,8,Coal,0.82
SEC_039,2024-03-30,13,Foodgrain,1.3
SEC_007,2024-11-19,8,Steel,1.33
SEC_043,2024-08-31,3,Cement,0.74
SEC_029,2024-09-02,14,Foodgrain,1.04
SEC_034,2024-09-24,5,Cement,1.01
SEC_035,2024-08-21,12,Cement,0.83
SEC_030,2024-08-23,5,Coal,0.89
SEC_013,2024-08-29,11,Cement,0.79
SEC_040,2024-09-20,12,Other,1.0
SEC_028,2024-12-03,14,Other,1.05
SEC_027,2024-03-12,10,Cement,1.02
SEC_016,2024-07-08,9,Foodgrain,0.86
SEC_001,2024-03-08,12,Foodgrain,1.44
SEC_028,2024-03-07,2,Coal,1.05
SEC_017,2024-12-13,7,Cement,1.18
SEC_033,2024-06-22,2,Coal,0.76
SEC_018,2024-09-14,14,Steel,1.02
SEC_048,2024-09-23,10,Foodgrain,1.05
SEC_034,2024-01-12,15,Foodgrain,1.16
SEC_023,2024-06-29,12,Steel,0.84
SEC_035,2024-03-06,7,Cement,0.97
SEC_032,2024-04-24,11,Other,0.98
SEC_031,2024-03-09,2,Other,0.98
SEC_029,2024-08-31,8,Foodgrain,0.8
SEC_046,2024-02-18,17,Foodgrain,1.24
SEC_016,2024-06-13,7,Foodgrain,0.8
SEC_022,2024-04-21,10,Other,0.97
SEC_013,2024-12-18,14,Other,1.11
SEC_028,2024-10-15,18,Coal,1.25
SEC_049,2024-05-08,9,Cement,1.09
SEC_030,2024-04-17,4,Coal,0.99
SEC_011,2024-09-19,11,Cement,1.06
SEC_046,2024-08-19,4,Steel,0.7
SEC_039,2024-07-22,5,Foodgrain,0.71
SEC_022,2024-01-27,15,Cement,1.08
SEC_008,2024-01-29,3,Steel,1.1
SEC_020,2024-08-20,11,Coal,0.84
SEC_040,2024-06-20,2,Foodgrain,0.78
SEC_029,2024-10-30,10,Other,1.29
SEC_010,2024-01-11,4,Coal,1.1
SEC_008,2024-03-09,11,Steel,1.03
SEC_048,2024-10-16,14,Foodgrain,1.27
SEC_022,2024-12-24,7,Steel,1.12
SEC_034,2024-09-25,14,Other,1.07
SEC_018,2024-01-05,13,Foodgrain,1.1
SEC_005,2024-01-19,13,Foodgrain,1.17
SEC_021,2024-11-17,4,Coal,1.17
SEC_034,2024-07-01,1,Coal,0.7
SEC_017,2024-06-30,4,Coal,0.73
SEC_030,2024-12-17,3,Coal,1.07
SEC_022,2024-03-31,18,Foodgrain,1.38
SEC_017,2024-04-14,11,Other,1.02
SEC_013,2024-09-08,9,Cement,1.03
SEC_013,2024-11-26,8,Steel,1.31
SEC_013,2024-05-13,11,Coal,1.0
SEC_036,2024-02-25,7,Foodgrain,1.24
SEC_017,2024-01-21,10,Cement,1.14
SEC_037,2024-01-03,7,Cement,1.06
SEC_016,2024-05-17,14,Foodgrain,1.09
SEC_017,2024-07-13,5,Steel,0.84
SEC_046,2024-06-28,7,Foodgrain,0.83
SEC_043,2024-03-28,14,Cement,1.08
SEC_020,2024-09-04,12,Other,0.97
SEC_014,2024-11-17,4,Coal,1.37
SEC_036,2024-03-26,11,Cement,0.99
SEC_004,2024-09-03,12,Cement,1.01
SEC_023,2024-07-18,10,Steel,0.77
SEC_030,2024-09-08,4,Coal,1.1
SEC_034,2024-01-06,15,Steel,1.06
SEC_006,2024-09-03,8,Steel,1.06
SEC_001,2024-09-30,4,Coal,1.01
SEC_014,2024-09-05,5,Steel,0.97
SEC_006,2024-11-03,14,Coal,1.2
SEC_025,2024-09-30,14,Other,1.01
SEC_046,2024-12-26,8,Coal,1.06
SEC_015,2024-09-02,7,Foodgrain,1.04
SEC_023,2024-06-12,10,Steel,0.82
SEC_011,2024-11-01,4,Other,1.22
SEC_003,2024-09-11,15,Foodgrain,1.06
SEC_035,2024-07-23,11,Foodgrain,0.8
SEC_013,2024-07-30,7,Steel,0.72
SEC_027,2024-05-08,13,Other,1.02
SEC_034,2024-08-12,3,Cement,0.85
SEC_042,2024-06-19,4,Foodgrain,0.87
SEC_010,2024-02-17,10,Steel,1.1
SEC_029,2024-06-10,9,Foodgrain,0.78
SEC_045,2024-12-13,11,Steel,1.12
SEC_024,2024-05-01,4,Cement,1.08
SEC_002,2024-09-04,11,Steel,1.02
SEC_013,2024-06-01,5,Steel,0.72
SEC_039,2024-04-14,5,Foodgrain,1.33
SEC_039,2024-05-20,6,Other,0.96
SEC_016,2024-12-17,11,Foodgrain,1.17
SEC_010,2024-02-10,5,Other,1.2
SEC_015,2024-09-01,5,Foodgrain,1.05
SEC_012,2024-10-30,10,Coal,1.2
SEC_037,2024-03-08,14,Foodgrain,1.45
SEC_042,2024-10-03,19,Other,1.33
SEC_003,2024-08-21,8,Other,0.85
SEC_037,2024-05-03,4,Coal,1.01
SEC_037,2024-03-05,5,Steel,0.96
SEC_031,2024-12-11,3,Cement,1.14
SEC_043,2024-03-13,14,Foodgrain,1.35
SEC_002,2024-12-13,12,Other,1.24
SEC_035,2024-08-25,9,Foodgrain,0.79
SEC_007,2024-11-09,4,Steel,1.2
SEC_044,2024-04-18,14,Steel,1.02
SEC_025,2024-01-11,9,Coal,1.16
SEC_005,2024-08-27,4,Steel,0.88
SEC_037,2024-05-15,14,Cement,1.05
SEC_037,2024-07-20,8,Steel,0.73
SEC_023,2024-06-16,3,Foodgrain,0.76
SEC_016,2024-04-27,7,Coal,1.06
SEC_001,2024-09-20,13,Foodgrain,1.05
SEC_045,2024-07-02,2,Other,0.87
SEC_010,2024-08-20,4,Cement,0.84
SEC_042,2024-09-03,5,Cement,0.99
SEC_029,2024-09-05,10,Steel,0.95
SEC_034,2024-04-30,7,Steel,1.04
SEC_035,2024-10-07,16,Coal,1.22
SEC_043,2024-03-21,15,Other,1.08
SEC_002,2024-12-13,2,Other,1.18
SEC_049,2024-10-23,11,Steel,1.25
SEC_003,2024-07-20,2,Cement,0.83
SEC_049,2024-03-06,2,Steel,0.97
SEC_013,2024-11-26,10,Cement,1.21
SEC_042,2024-07-21,4,Coal,0.72
SEC_005,2024-10-25,4,Steel,1.31
SEC_023,2024-01-11,3,Steel,1.09
SEC_027,2024-05-03,6,Other,0.98
SEC_047,2024-04-19,13,Foodgrain,1.33
SEC_007,2024-10-24,3,Steel,1.27
SEC_002,2024-06-19,9,Coal,0.85
SEC_032,2024-02-12,2,Coal,1.08
SEC_003,2024-08-13,2,Steel,0.88
SEC_039,2024-02-28,16,Steel,1.24
SEC_002,2024-06-12,4,Coal,0.83
SEC_048,2024-12-29,2,Cement,1.08
SEC_027,2024-06-08,2,Steel,0.74
SEC_047,2024-06-05,5,Steel,0.77
SEC_007,2024-01-15,7,Foodgrain,1.09
SEC_014,2024-06-17,4,Steel,0.89
SEC_023,2024-12-16,4,Cement,1.07
SEC_002,2024-12-14,2,Foodgrain,1.05
SEC_006,2024-12-18,9,Other,1.16
SEC_017,2024-05-12,4,Cement,1.02
SEC_037,2024-01-24,14,Steel,1.14
SEC_035,2024-03-27,13,Coal,0.97
SEC_005,2024-03-18,4,Coal,1.0
SEC_003,2024-01-29,12,Cement,1.16
SEC_033,2024-09-16,6,Coal,1.04
SEC_018,2024-07-10,7,Steel,0.86
SEC_039,2024-09-21,12,Coal,0.97
SEC_015,2024-03-14,14,Steel,0.98
SEC_018,2024-09-11,12,Other,0.98
SEC_011,2024-01-24,6,Coal,1.2
SEC_014,2024-09-21,3,Other,1.04
SEC_035,2024-10-24,4,Other,1.37
SEC_024,2024-04-02,6,Other,1.1
SEC_033,2024-04-30,8,Cement,0.95
SEC_004,2024-06-08,2,Coal,0.8
SEC_027,2024-07-31,7,Coal,0.74
SEC_023,2024-07-12,7,Other,0.71
SEC_045,2024-02-08,10,Steel,1.22
SEC_021,2024-05-18,9,Foodgrain,0.99
SEC_006,2024-07-04,5,Coal,0.88
SEC_035,2024-08-12,11,Coal,0.82
SEC_008,2024-08-19,7,Foodgrain,0.77
SEC_045,2024-08-31,8,Foodgrain,0.89
SEC_019,2024-06-13,8,Cement,0.72
SEC_039,2024-07-02,10,Other,0.71
SEC_033,2024-05-03,10,Coal,0.99
SEC_023,2024-04-09,14,Other,0.97
SEC_029,2024-04-23,12,Other,1.08
SEC_009,2024-06-09,6,Foodgrain,0.79
SEC_004,2024-02-10,5,Steel,1.08
SEC_038,2024-03-21,10,Coal,1.05
SEC_047,2024-02-12,2,Steel,1.19
SEC_043,2024-05-29,7,Cement,1.09
SEC_015,2024-06-30,6,Coal,0.85
SEC_018,2024-02-29,8,Other,1.06
SEC_018,2024-02-20,7,Coal,1.14
SEC_035,2024-07-11,8,Cement,0.83
SEC_031,2024-03-22,5,Other,1.05
SEC_040,2024-11-13,17,Steel,1.33
SEC_047,2024-03-01,6,Foodgrain,1.47
SEC_020,2024-06-25,2,Foodgrain,0.84
SEC_033,2024-10-20,19,Cement,1.34
SEC_025,2024-02-08,6,Coal,1.2
SEC_047,2024-06-13,2,Steel,0.78
SEC_018,2024-06-21,11,Coal,0.76
SEC_010,2024-07-21,10,Steel,0.83
SEC_019,2024-11-20,6,Cement,1.28
SEC_031,2024-08-01,4,Foodgrain,0.72
SEC_047,2024-05-18,7,Foodgrain,1.0
SEC_041,2024-05-25,9,Foodgrain,0.99
SEC_001,2024-08-16,8,Coal,0.72
SEC_025,2024-04-19,2,Coal,1.09
SEC_008,2024-09-07,11,Steel,0.98
SEC_018,2024-05-19,13,Coal,0.95
SEC_047,2024-01-23,6,Other,1.14
SEC_049,2024-07-14,6,Other,0.78
SEC_008,2024-04-02,8,Foodgrain,1.32
SEC_007,2024-05-11,14,Cement,1.09
SEC_035,2024-04-28,2,Coal,1.06
SEC_021,2024-02-20,3,Coal,1.1
SEC_022,2024-04-15,10,Cement,0.99
SEC_043,2024-11-30,19,Cement,1.35
SEC_046,2024-04-27,8,Other,1.02
SEC_045,2024-09-25,9,Steel,1.07
SEC_039,2024-05-29,7,Foodgrain,0.96
SEC_049,2024-01-25,7,Cement,1.06
SEC_036,2024-11-02,12,Coal,1.38
SEC_044,2024-11-27,8,Other,1.19
SEC_027,2024-03-27,4,Steel,1.1
SEC_003,2024-03-03,13,Coal,1.03
SEC_041,2024-12-06,5,Cement,1.23
SEC_046,2024-02-05,5,Other,1.2
SEC_016,2024-11-21,11,Foodgrain,1.34
SEC_021,2024-03-04,9,Coal,1.01
SEC_029,2024-11-13,2,Coal,1.22
SEC_032,2024-12-07,11,Steel,1.11
SEC_034,2024-03-28,17,Foodgrain,1.33
SEC_020,2024-03-21,14,Cement,1.07
SEC_042,2024-02-08,11,Cement,1.11
SEC_040,2024-10-15,2,Cement,1.21
SEC_047,2024-05-07,10,Steel,1.03
SEC_029,2024-08-23,8,Coal,0.78
SEC_004,2024-08-12,2,Other,0.87
SEC_042,2024-07-08,4,Coal,0.89
SEC_004,2024-03-29,9,Foodgrain,1.43
SEC_010,2024-05-13,11,Steel,1.03
SEC_014,2024-07-02,3,Cement,0.9
SEC_010,2024-02-04,5,Steel,1.14
SEC_036,2024-05-27,4,Coal,0.99
SEC_022,2024-09-17,5,Steel,1.07
SEC_011,2024-06-03,6,Coal,0.81
SEC_001,2024-05-24,3,Coal,1.09
SEC_011,2024-11-03,17,Foodgrain,1.19
SEC_034,2024-07-14,9,Other,0.84
SEC_039,2024-09-26,6,Steel,1.07
SEC_015,2024-01-19,11,Cement,1.13
SEC_004,2024-12-05,12,Foodgrain,1.09
SEC_028,2024-10-10,10,Other,1.16
SEC_039,2024-10-29,8,Foodgrain,1.28
SEC_004,2024-09-10,4,Coal,1.05
SEC_039,2024-07-16,9,Foodgrain,0.78
SEC_009,2024-07-12,9,Coal,0.82
SEC_013,2024-08-16,9,Steel,0.8
SEC_031,2024-06-30,7,Foodgrain,0.74
SEC_003,2024-09-24,3,Other,1.09
SEC_015,2024-05-03,2,Cement,1.0
SEC_007,2024-10-08,14,Steel,1.16
SEC_011,2024-05-05,9,Cement,1.01
SEC_038,2024-06-23,1,Steel,0.71
SEC_012,2024-01-26,12,Coal,1.24
SEC_003,2024-11-25,15,Cement,1.18
SEC_011,2024-09-08,4,Other,0.99
SEC_005,2024-04-01,4,Cement,1.05
SEC_031,2024-01-17,8,Foodgrain,1.2
SEC_048,2024-11-07,13,Foodgrain,1.27
SEC_009,2024-01-01,2,Steel,1.08
SEC_036,2024-06-25,2,Other,0.76
SEC_018,2024-01-12,12,Foodgrain,1.19
SEC_004,2024-09-10,15,Other,1.05
SEC_034,2024-03-15,2,Coal,1.01
SEC_011,2024-06-05,12,Steel,0.83
SEC_026,2024-07-27,8,Steel,0.82
SEC_025,2024-05-15,10,Coal,1.01
SEC_030,2024-09-06,2,Other,1.03
SEC_007,2024-07-04,5,Coal,0.75
SEC_013,2024-06-02,5,Foodgrain,0.82
SEC_037,2024-04-27,10,Steel,1.02
SEC_046,2024-05-29,7,Coal,1.01
SEC_001,2024-04-27,4,Other,1.06
SEC_021,2024-07-30,7,Steel,0.82
SEC_044,2024-10-06,15,Steel,1.17
SEC_015,2024-08-06,6,Coal,0.71
SEC_022,2024-01-12,12,Cement,1.2
SEC_045,2024-11-05,3,Other,1.34
SEC_048,2024-10-14,15,Steel,1.28
SEC_033,2024-10-26,13,Other,1.21
SEC_035,2024-01-19,8,Foodgrain,1.16
SEC_031,2024-10-28,14,Foodgrain,1.2
SEC_014,2024-06-19,2,Other,0.71
SEC_044,2024-11-04,15,Other,1.33
SEC_002,2024-10-13,13,Cement,1.19
SEC_003,2024-11-18,8,Steel,1.25
SEC_030,2024-02-14,3,Foodgrain,1.06
SEC_042,2024-07-22,4,Other,0.72
SEC_040,2024-09-23,11,Steel,1.1
SEC_034,2024-08-05,11,Foodgrain,0.81
SEC_019,2024-10-24,6,Cement,1.27
SEC_018,2024-09-23,15,Other,1.05
SEC_021,2024-01-14,15,Foodgrain,1.08
SEC_013,2024-03-13,4,Other,1.05
SEC_021,2024-08-20,4,Other,0.89
SEC_006,2024-05-11,6,Foodgrain,0.97
SEC_016,2024-05-10,3,Steel,1.06
SEC_047,2024-11-30,5,Coal,1.17
SEC_035,2024-02-02,4,Coal,1.19
SEC_007,2024-07-10,7,Coal,0.79
SEC_015,2024-04-24,8,Coal,0.96
SEC_013,2024-01-19,2,Steel,1.13
SEC_014,2024-05-17,11,Other,1.04
SEC_034,2024-05-28,14,Steel,1.04
SEC_044,2024-06-15,7,Steel,0.8
SEC_035,2024-02-28,4,Steel,1.08
SEC_024,2024-09-23,3,Foodgrain,1.04
SEC_008,2024-05-10,6,Foodgrain,0.97
SEC_008,2024-07-28,9,Foodgrain,0.78
SEC_040,2024-07-18,8,Coal,0.72
SEC_034,2024-07-25,7,Steel,0.73
SEC_026,2024-07-03,7,Other,0.81
SEC_029,2024-04-20,12,Other,0.97
SEC_042,2024-06-28,7,Coal,0.83
SEC_040,2024-07-13,2,Cement,0.72
SEC_005,2024-01-07,12,Coal,1.07
SEC_020,2024-09-21,13,Foodgrain,1.06
SEC_003,2024-06-11,4,Coal,0.75
SEC_019,2024-04-17,13,Cement,1.05
SEC_032,2024-01-11,11,Other,1.1
SEC_011,2024-04-21,4,Coal,1.09
SEC_008,2024-05-28,7,Foodgrain,1.01
SEC_025,2024-11-02,2,Coal,1.2
SEC_026,2024-08-24,2,Coal,0.86
SEC_035,2024-06-02,8,Cement,0.77
SEC_001,2024-02-16,10,Coal,1.21
SEC_013,2024-04-10,5,Coal,0.97
SEC_039,2024-12-01,11,Steel,1.12
SEC_034,2024-02-16,7,Steel,1.22
SEC_045,2024-08-18,6,Other,0.89
SEC_040,2024-07-08,10,Steel,0.77
SEC_042,2024-03-20,3,Foodgrain,1.41
SEC_026,2024-11-15,9,Coal,1.18
SEC_047,2024-05-24,3,Steel,1.02
SEC_021,2024-08-29,6,Steel,0.76
SEC_045,2024-02-05,11,Steel,1.18
SEC_020,2024-12-19,7,Steel,1.23
SEC_022,2024-01-09,6,Coal,1.15
SEC_034,2024-04-23,13,Foodgrain,1.45
SEC_020,2024-12-01,10,Foodgrain,1.12
SEC_008,2024-08-21,3,Foodgrain,0.72
SEC_044,2024-09-04,4,Foodgrain,0.96
SEC_023,2024-04-25,7,Foodgrain,1.42
SEC_046,2024-10-12,10,Cement,1.22
SEC_020,2024-12-06,12,Steel,1.24
SEC_048,2024-08-15,7,Coal,0.9
SEC_030,2024-03-20,6,Cement,1.01
SEC_038,2024-11-27,12,Coal,1.23
SEC_038,2024-01-02,11,Steel,1.24
SEC_010,2024-11-23,6,Foodgrain,1.2
SEC_040,2024-01-04,2,Foodgrain,1.18
SEC_047,2024-01-22,7,Cement,1.22
SEC_033,2024-01-16,5,Foodgrain,1.07
SEC_047,2024-03-10,3,Foodgrain,1.31
SEC_042,2024-09-23,13,Coal,1.0
SEC_033,2024-05-24,13,Cement,1.09
SEC_024,2024-01-29,17,Steel,1.23
SEC_043,2024-05-04,14,Other,0.99
SEC_010,2024-12-31,8,Cement,1.16
SEC_028,2024-07-11,5,Other,0.84
SEC_040,2024-09-23,13,Other,1.09
SEC_047,2024-04-07,4,Steel,1.02
SEC_014,2024-07-09,2,Steel,0.79
SEC_005,2024-10-18,18,Other,1.37
SEC_017,2024-09-03,2,Other,1.08
SEC_043,2024-01-03,14,Cement,1.23
SEC_026,2024-08-10,13,Other,0.9
SEC_003,2024-10-16,4,Cement,1.38
SEC_006,2024-02-19,6,Coal,1.16
SEC_017,2024-05-23,5,Foodgrain,1.04
SEC_017,2024-08-24,3,Steel,0.8
SEC_007,2024-01-02,10,Coal,1.12
SEC_025,2024-09-17,10,Foodgrain,1.05
SEC_024,2024-11-06,12,Foodgrain,1.17
SEC_010,2024-07-11,8,Cement,0.85
SEC_012,2024-06-12,8,Cement,0.87
SEC_033,2024-02-03,17,Steel,1.18
SEC_047,2024-09-22,15,Other,1.06
SEC_049,2024-12-11,14,Foodgrain,1.14
SEC_028,2024-11-17,7,Foodgrain,1.31
SEC_002,2024-07-20,10,Coal,0.8
SEC_044,2024-01-13,9,Other,1.22
SEC_047,2024-04-14,14,Steel,1.09
SEC_014,2024-04-05,7,Coal,0.95
SEC_020,2024-01-03,6,Other,1.23
SEC_002,2024-02-13,2,Other,1.14
SEC_040,2024-07-29,2,Steel,0.77
SEC_039,2024-02-05,7,Foodgrain,1.18
SEC_002,2024-01-15,15,Other,1.22
SEC_035,2024-12-12,13,Cement,1.14
SEC_021,2024-08-09,8,Foodgrain,0.85
SEC_027,2024-10-21,13,Foodgrain,1.27
SEC_011,2024-03-31,13,Coal,1.0
SEC_040,2024-05-13,9,Other,1.07
SEC_020,2024-08-11,11,Foodgrain,0.84
SEC_042,2024-09-08,13,Coal,1.1
SEC_008,2024-05-14,7,Steel,1.1
SEC_029,2024-12-02,16,Foodgrain,1.2
SEC_016,2024-09-14,14,Other,1.1
SEC_048,2024-03-21,8,Other,0.97
SEC_028,2024-02-05,11,Steel,1.21
SEC_036,2024-01-06,5,Coal,1.15
SEC_005,2024-11-05,17,Coal,1.38
SEC_034,2024-10-28,15,Foodgrain,1.23
SEC_005,2024-06-24,2,Foodgrain,0.75
SEC_018,2024-09-21,10,Foodgrain,1.06
SEC_011,2024-11-19,7,Steel,1.34
SEC_001,2024-02-28,12,Other,1.05
SEC_029,2024-12-24,14,Foodgrain,1.19
SEC_012,2024-06-28,8,Other,0.78
SEC_026,2024-06-09,6,Steel,0.9
SEC_038,2024-02-28,7,Steel,1.06
SEC_009,2024-09-03,2,Foodgrain,0.96
SEC_035,2024-08-08,6,Cement,0.82
SEC_015,2024-01-11,8,Steel,1.25
SEC_017,2024-08-25,6,Foodgrain,0.81
SEC_029,2024-02-21,7,Foodgrain,1.22
SEC_031,2024-04-11,12,Cement,1.09
SEC_033,2024-08-11,2,Cement,0.83
SEC_010,2024-10-12,18,Steel,1.31
SEC_029,2024-02-19,15,Coal,1.08
SEC_013,2024-06-22,5,Steel,0.79
SEC_014,2024-04-14,7,Coal,1.07
SEC_047,2024-09-15,5,Foodgrain,1.02
SEC_005,2024-10-30,7,Foodgrain,1.21
SEC_021,2024-08-22,5,Coal,0.76
SEC_022,2024-10-17,18,Other,1.38
SEC_013,2024-06-13,11,Cement,0.85
SEC_039,2024-08-06,1,Foodgrain,0.72
SEC_024,2024-04-17,14,Coal,0.97
SEC_036,2024-12-27,3,Coal,1.06
SEC_019,2024-03-15,2,Other,0.99
SEC_044,2024-12-03,4,Steel,1.08
SEC_036,2024-09-30,4,Other,0.99
SEC_017,2024-12-27,4,Cement,1.23
SEC_048,2024-08-22,11,Cement,0.88
SEC_043,2024-05-08,5,Other,1.07
SEC_029,2024-04-12,10,Other,1.04
SEC_001,2024-03-06,2,Steel,1.1
SEC_029,2024-12-19,7,Other,1.2
SEC_034,2024-02-08,10,Coal,1.06
SEC_018,2024-10-23,4,Cement,1.3
SEC_008,2024-09-12,2,Steel,1.08
SEC_028,2024-02-16,14,Cement,1.06
SEC_040,2024-12-01,14,Other,1.11
SEC_016,2024-02-29,15,Foodgrain,1.16
SEC_023,2024-02-28,5,Coal,1.08
SEC_001,2024-07-18,6,Other,0.86
SEC_035,2024-02-07,13,Coal,1.21
SEC_043,2024-02-07,14,Cement,1.05
SEC_039,2024-08-16,9,Foodgrain,0.76
SEC_022,2024-12-18,6,Foodgrain,1.1
SEC_003,2024-01-20,11,Steel,1.14
SEC_025,2024-08-21,5,Foodgrain,0.78
SEC_047,2024-08-08,5,Coal,0.79
SEC_005,2024-01-25,8,Steel,1.25
SEC_011,2024-02-24,16,Foodgrain,1.16
SEC_042,2024-06-11,6,Cement,0.75
SEC_028,2024-09-10,3,Foodgrain,0.99
SEC_009,2024-03-22,11,Other,1.01
SEC_002,2024-06-07,10,Steel,0.77
SEC_021,2024-06-28,4,Coal,0.9
SEC_030,2024-09-17,11,Steel,1.0
SEC_042,2024-03-31,4,Coal,1.06
SEC_044,2024-09-09,5,Foodgrain,1.09
SEC_023,2024-10-31,14,Other,1.24
SEC_021,2024-08-01,6,Foodgrain,0.85
SEC_046,2024-09-20,6,Coal,1.02
SEC_039,2024-03-02,13,Foodgrain,1.32
SEC_011,2024-11-27,6,Cement,1.28
SEC_034,2024-04-20,9,Other,0.96
SEC_036,2024-03-13,15,Foodgrain,1.38
SEC_012,2024-07-19,8,Foodgrain,0.81
SEC_048,2024-05-21,7,Foodgrain,1.06
SEC_015,2024-06-17,12,Steel,0.83
SEC_027,2024-10-21,13,Coal,1.21
SEC_025,2024-07-15,5,Cement,0.83
SEC_034,2024-05-16,8,Coal,0.96
SEC_045,2024-10-19,15,Cement,1.16
SEC_020,2024-05-18,9,Foodgrain,1.04
SEC_019,2024-12-16,8,Foodgrain,1.2
SEC_037,2024-12-26,13,Steel,1.14
SEC_047,2024-06-20,4,Other,0.79
SEC_045,2024-10-09,10,Cement,1.39
SEC_037,2024-09-16,6,Coal,1.05
SEC_035,2024-11-11,8,Other,1.33
SEC_038,2024-06-17,6,Coal,0.81
SEC_046,2024-05-28,10,Other,1.09
SEC_001,2024-04-11,9,Foodgrain,1.42
SEC_029,2024-08-02,11,Foodgrain,0.81
SEC_002,2024-08-13,12,Foodgrain,0.85
SEC_029,2024-06-13,6,Foodgrain,0.81
SEC_020,2024-04-23,7,Coal,1.01
SEC_015,2024-06-13,7,Coal,0.71
SEC_044,2024-07-02,2,Cement,0.84
SEC_035,2024-02-16,10,Cement,1.19
SEC_028,2024-08-29,5,Steel,0.7
SEC_044,2024-11-04,6,Foodgrain,1.29
SEC_005,2024-04-27,10,Steel,1.02
SEC_032,2024-05-22,3,Other,0.96
SEC_008,2024-02-04,10,Coal,1.13
SEC_012,2024-07-31,5,Cement,0.78
SEC_010,2024-06-05,9,Steel,0.89
SEC_027,2024-11-09,5,Coal,1.33
SEC_031,2024-11-27,14,Coal,1.2
SEC_038,2024-10-10,3,Foodgrain,1.31
SEC_022,2024-03-17,11,Coal,1.08
SEC_047,2024-03-13,6,Cement,1.03
SEC_019,2024-06-26,12,Steel,0.83
SEC_008,2024-08-14,8,Other,0.82
SEC_002,2024-01-12,7,Coal,1.23
SEC_007,2024-06-30,3,Steel,0.85
SEC_022,2024-02-01,15,Steel,1.24
SEC_021,2024-04-05,6,Cement,1.07
SEC_042,2024-05-11,4,Steel,1.04
SEC_007,2024-01-15,6,Coal,1.13
SEC_013,2024-04-06,21,Foodgrain,1.48
SEC_049,2024-08-18,6,Other,0.76
SEC_002,2024-12-31,9,Other,1.25
SEC_021,2024-10-12,6,Foodgrain,1.16
SEC_010,2024-04-22,9,Other,0.98
SEC_027,2024-12-10,16,Cement,1.11
SEC_048,2024-06-10,3,Cement,0.87
SEC_012,2024-05-09,12,Steel,0.95
SEC_019,2024-11-06,5,Foodgrain,1.33
SEC_023,2024-05-26,9,Other,1.04
SEC_040,2024-09-27,13,Other,1.02
SEC_049,2024-02-29,3,Cement,1.08
SEC_005,2024-05-01,2,Coal,0.95
SEC_024,2024-12-26,6,Coal,1.18
SEC_037,2024-03-30,19,Foodgrain,1.36
SEC_001,2024-11-06,8,Foodgrain,1.3
SEC_040,2024-06-19,6,Cement,0.83
SEC_012,2024-12-16,15,Steel,1.12
SEC_026,2024-06-01,10,Cement,0.85
SEC_048,2024-06-30,5,Other,0.84
SEC_032,2024-05-24,10,Steel,1.09
SEC_049,2024-03-17,6,Cement,1.02
SEC_030,2024-11-04,5,Coal,1.21
SEC_011,2024-07-28,6,Foodgrain,0.8
SEC_034,2024-07-03,11,Other,0.86
SEC_031,2024-05-16,12,Steel,1.01
SEC_016,2024-10-09,7,Cement,1.19
SEC_004,2024-05-07,5,Other,1.03
SEC_032,2024-03-27,4,Foodgrain,1.49
SEC_029,2024-01-31,11,Other,1.1
SEC_038,2024-11-15,20,Cement,1.4
SEC_007,2024-01-27,14,Foodgrain,1.14
SEC_027,2024-11-05,8,Coal,1.32
SEC_041,2024-05-18,3,Cement,1.1
SEC_044,2024-01-01,13,Steel,1.08
SEC_047,2024-12-04,15,Steel,1.15
SEC_011,2024-09-28,2,Other,1.06
SEC_009,2024-09-21,6,Steel,1.03
SEC_029,2024-07-19,2,Steel,0.82
SEC_023,2024-10-05,9,Other,1.27
SEC_012,2024-02-18,5,Steel,1.25
SEC_006,2024-03-26,7,Cement,0.97
SEC_008,2024-07-18,6,Foodgrain,0.8
SEC_017,2024-09-25,13,Coal,0.99
SEC_037,2024-08-03,5,Foodgrain,0.76
SEC_004,2024-05-28,5,Foodgrain,1.01
SEC_006,2024-09-02,12,Cement,1.02
SEC_013,2024-01-22,7,Steel,1.09
SEC_043,2024-07-05,5,Steel,0.77
SEC_049,2024-05-24,7,Steel,1.02
SEC_022,2024-07-01,7,Foodgrain,0.83
SEC_003,2024-02-18,13,Other,1.22
SEC_001,2024-11-26,4,Foodgrain,1.21
SEC_043,2024-11-08,11,Coal,1.2
SEC_022,2024-12-11,5,Other,1.17
SEC_004,2024-11-03,18,Steel,1.37
SEC_041,2024-08-31,5,Foodgrain,0.82
SEC_026,2024-04-15,5,Other,0.97
SEC_018,2024-02-11,9,Coal,1.14
SEC_023,2024-08-11,6,Coal,0.83
SEC_012,2024-12-12,6,Steel,1.07
SEC_046,2024-05-13,2,Steel,1.06
SEC_039,2024-12-29,11,Other,1.17
SEC_010,2024-02-26,7,Cement,1.2
SEC_037,2024-04-13,11,Cement,1.02
SEC_009,2024-08-25,10,Steel,0.87
SEC_023,2024-06-29,8,Foodgrain,0.85
SEC_037,2024-10-05,16,Foodgrain,1.17
SEC_002,2024-05-06,8,Coal,0.97
SEC_036,2024-10-10,16,Foodgrain,1.33
SEC_012,2024-04-20,2,Steel,1.01
SEC_035,2024-02-24,9,Other,1.09
SEC_025,2024-07-27,10,Cement,0.77
SEC_002,2024-07-06,2,Other,0.71
SEC_038,2024-07-26,6,Coal,0.83
SEC_013,2024-01-09,11,Coal,1.19
SEC_047,2024-05-30,8,Foodgrain,1.01
SEC_042,2024-02-03,14,Foodgrain,1.13
SEC_010,2024-10-21,15,Foodgrain,1.23
SEC_030,2024-01-30,10,Cement,1.16
SEC_018,2024-12-06,10,Other,1.19
SEC_030,2024-01-21,9,Steel,1.24
SEC_028,2024-08-11,5,Steel,0.8
SEC_015,2024-05-02,2,Steel,1.04
SEC_032,2024-02-10,7,Steel,1.2
SEC_013,2024-05-10,8,Foodgrain,1.0
SEC_045,2024-01-15,7,Other,1.16
SEC_047,2024-09-12,10,Foodgrain,1.04
SEC_009,2024-11-14,9,Foodgrain,1.25
SEC_036,2024-04-30,6,Other,1.07
SEC_046,2024-06-09,5,Steel,0.75
SEC_007,2024-02-21,8,Coal,1.18
SEC_037,2024-06-25,7,Steel,0.78
SEC_046,2024-12-12,7,Coal,1.07
SEC_012,2024-07-16,2,Steel,0.8
SEC_029,2024-11-16,19,Other,1.36
SEC_040,2024-10-12,19,Other,1.35
SEC_017,2024-02-15,10,Other,1.21
SEC_012,2024-01-20,9,Steel,1.23
SEC_020,2024-05-12,4,Foodgrain,1.02
SEC_017,2024-12-10,5,Other,1.22
SEC_036,2024-03-02,13,Cement,1.08
SEC_019,2024-01-17,4,Coal,1.24
SEC_019,2024-12-17,6,Other,1.17
SEC_047,2024-03-13,14,Coal,0.97
SEC_029,2024-05-10,8,Steel,0.96
SEC_046,2024-10-12,11,Foodgrain,1.25
SEC_035,2024-02-05,10,Cement,1.19
SEC_044,2024-03-03,3,Cement,0.98
SEC_010,2024-09-23,12,Cement,0.95
SEC_046,2024-01-03,12,Steel,1.17
SEC_047,2024-09-17,14,Steel,1.08
SEC_002,2024-07-17,11,Cement,0.8
SEC_018,2024-03-29,3,Other,0.96
SEC_021,2024-08-12,12,Other,0.84
SEC_021,2024-04-27,3,Other,0.96
SEC_039,2024-12-13,16,Cement,1.14
SEC_035,2024-05-31,4,Foodgrain,1.07
SEC_011,2024-09-30,6,Cement,1.03
SEC_030,2024-04-07,13,Coal,1.01
SEC_048,2024-11-01,10,Other,1.38
SEC_022,2024-04-15,14,Other,1.03
SEC_046,2024-07-04,10,Foodgrain,0.74
SEC_032,2024-10-20,3,Foodgrain,1.38
SEC_046,2024-12-04,3,Foodgrain,1.15
SEC_045,2024-10-02,5,Coal,1.24
SEC_001,2024-09-01,15,Steel,1.09
SEC_040,2024-09-10,14,Cement,0.98
SEC_010,2024-05-28,3,Coal,1.03
SEC_041,2024-09-08,13,Cement,1.06
SEC_040,2024-07-29,2,Steel,0.83
SEC_013,2024-07-10,10,Coal,0.86
SEC_004,2024-04-24,3,Foodgrain,1.42
SEC_021,2024-05-08,9,Steel,1.07
SEC_015,2024-02-15,5,Foodgrain,1.2
SEC_028,2024-09-20,4,Other,1.03
SEC_005,2024-01-09,2,Cement,1.17
SEC_003,2024-02-12,16,Other,1.15
SEC_022,2024-04-17,12,Steel,0.99
SEC_038,2024-02-21,5,Foodgrain,1.24
SEC_016,2024-10-01,9,Cement,1.29
SEC_016,2024-02-16,6,Coal,1.13
SEC_009,2024-06-16,9,Other,0.71
SEC_014,2024-09-25,2,Steel,1.0
SEC_015,2024-08-03,3,Foodgrain,0.84
SEC_013,2024-08-04,8,Foodgrain,0.7
SEC_017,2024-05-05,8,Coal,1.05
SEC_014,2024-06-13,8,Steel,0.75
SEC_034,2024-10-07,8,Coal,1.19
SEC_017,2024-06-23,9,Cement,0.81
SEC_037,2024-09-13,11,Cement,1.01
SEC_030,2024-10-29,12,Coal,1.35
SEC_032,2024-03-30,10,Coal,0.96
SEC_029,2024-02-14,9,Other,1.11
SEC_046,2024-06-18,6,Steel,0.76
SEC_013,2024-05-20,13,Other,1.05
SEC_049,2024-02-24,14,Cement,1.23
SEC_011,2024-10-05,8,Cement,1.28
SEC_007,2024-08-16,7,Steel,0.73
SEC_041,2024-08-28,11,Steel,0.82
SEC_044,2024-09-16,10,Cement,1.09
SEC_005,2024-06-08,7,Cement,0.73
SEC_030,2024-07-05,11,Foodgrain,0.81
SEC_026,2024-03-23,14,Steel,0.98
SEC_011,2024-09-24,4,Cement,1.0
SEC_026,2024-12-12,12,Steel,1.16
SEC_034,2024-11-15,17,Other,1.2
SEC_029,2024-05-29,4,Cement,0.97
SEC_026,2024-01-19,14,Steel,1.16
SEC_044,2024-11-17,17,Other,1.28
SEC_012,2024-07-29,3,Coal,0.78
SEC_031,2024-10-11,5,Other,1.37
SEC_016,2024-04-20,9,Foodgrain,1.5
SEC_048,2024-11-11,14,Steel,1.28
SEC_013,2024-11-02,10,Other,1.38
SEC_043,2024-01-07,9,Cement,1.12
SEC_031,2024-07-25,9,Coal,0.74
SEC_011,2024-06-23,2,Steel,0.79
SEC_038,2024-08-28,2,Foodgrain,0.78
SEC_012,2024-04-04,4,Cement,1.03
SEC_013,2024-02-05,13,Other,1.2
SEC_017,2024-04-10,11,Steel,1.07
SEC_034,2024-07-11,6,Other,0.86
SEC_020,2024-04-08,3,Cement,1.1
SEC_028,2024-06-18,4,Steel,0.73
SEC_028,2024-05-22,11,Other,1.04
SEC_010,2024-09-11,12,Other,1.03
SEC_012,2024-05-30,14,Steel,1.07
SEC_016,2024-02-22,8,Foodgrain,1.06
SEC_011,2024-08-20,8,Other,0.8
SEC_046,2024-03-18,15,Foodgrain,1.38
SEC_019,2024-04-19,2,Cement,1.08
SEC_020,2024-09-15,8,Cement,1.0
SEC_033,2024-04-09,20,Foodgrain,1.46
SEC_039,2024-01-23,10,Steel,1.21
SEC_034,2024-05-11,10,Foodgrain,1.07
SEC_028,2024-05-22,7,Other,0.99
SEC_048,2024-09-08,9,Steel,1.04
SEC_045,2024-09-16,4,Other,1.01
SEC_010,2024-01-01,11,Steel,1.2
SEC_008,2024-10-04,2,Foodgrain,1.2
SEC_020,2024-09-30,14,Coal,1.02
SEC_041,2024-03-04,8,Other,1.05
SEC_048,2024-05-04,14,Cement,1.1
SEC_035,2024-10-07,3,Coal,1.3
SEC_034,2024-07-29,11,Steel,0.82
SEC_012,2024-05-04,12,Foodgrain,0.99
SEC_030,2024-10-05,11,Foodgrain,1.18
SEC_010,2024-08-19,11,Coal,0.85
SEC_027,2024-07-05,4,Other,0.78
SEC_010,2024-01-03,16,Foodgrain,1.13
SEC_004,2024-08-24,4,Cement,0.84
SEC_048,2024-03-06,2,Cement,1.0
SEC_044,2024-12-02,15,Coal,1.05
SEC_034,2024-03-10,10,Steel,1.02
SEC_031,2024-01-11,9,Cement,1.17
SEC_012,2024-05-17,5,Cement,0.97
SEC_029,2024-05-07,13,Steel,0.98
SEC_037,2024-05-08,11,Steel,1.01
SEC_027,2024-12-05,9,Cement,1.05
SEC_014,2024-04-10,11,Steel,1.04
SEC_020,2024-11-02,5,Coal,1.34
SEC_042,2024-02-29,8,Foodgrain,1.11
SEC_013,2024-08-13,7,Coal,0.8
SEC_048,2024-02-17,10,Foodgrain,1.23
SEC_038,2024-03-24,6,Other,1.03
SEC_044,2024-02-24,10,Coal,1.16
SEC_025,2024-04-30,3,Steel,1.03
SEC_011,2024-06-17,6,Foodgrain,0.8
SEC_002,2024-11-10,5,Coal,1.31
SEC_027,2024-10-03,6,Foodgrain,1.28
SEC_020,2024-09-12,3,Steel,1.04
SEC_006,2024-06-27,2,Cement,0.79
SEC_046,2024-04-14,13,Steel,1.03
SEC_048,2024-04-18,4,Other,0.99
SEC_019,2024-02-18,12,Other,1.13
SEC_033,2024-08-31,3,Other,0.87
SEC_021,2024-10-12,8,Coal,1.2
SEC_025,2024-07-19,7,Other,0.8
SEC_031,2024-07-29,2,Coal,0.78
SEC_021,2024-05-16,9,Steel,1.03
SEC_040,2024-12-18,11,Other,1.13
SEC_010,2024-11-20,17,Other,1.19
SEC_033,2024-05-28,6,Steel,1.03
SEC_049,2024-10-03,18,Other,1.29
SEC_042,2024-05-07,12,Coal,0.96
SEC_003,2024-02-15,5,Steel,1.16
SEC_006,2024-04-16,4,Coal,1.08
SEC_031,2024-11-01,8,Foodgrain,1.32
SEC_046,2024-06-25,4,Other,0.82
SEC_042,2024-11-12,16,Cement,1.37
SEC_045,2024-04-28,4,Foodgrain,1.36
SEC_008,2024-06-17,5,Coal,0.8
SEC_026,2024-01-27,5,Cement,1.08
SEC_036,2024-10-12,5,Steel,1.2
SEC_031,2024-04-24,6,Cement,1.06
SEC_039,2024-02-03,5,Coal,1.25
SEC_011,2024-03-21,6,Foodgrain,1.46
SEC_023,2024-08-31,4,Foodgrain,0.79
SEC_022,2024-10-25,4,Cement,1.3
SEC_047,2024-12-15,12,Other,1.13
SEC_010,2024-03-27,5,Other,1.01
SEC_016,2024-08-04,10,Steel,0.8
SEC_002,2024-06-16,6,Cement,0.78
SEC_008,2024-09-18,8,Cement,0.97
SEC_049,2024-09-03,9,Other,1.08
SEC_042,2024-01-26,2,Other,1.13
SEC_013,2024-02-24,11,Coal,1.18
SEC_035,2024-08-03,10,Other,0.79
SEC_030,2024-07-13,9,Foodgrain,0.71
SEC_045,2024-11-20,11,Other,1.18
SEC_015,2024-11-06,3,Cement,1.38
SEC_049,2024-01-22,9,Steel,1.07
SEC_019,2024-08-01,9,Steel,0.72
SEC_036,2024-05-28,13,Other,1.02
SEC_020,2024-06-25,8,Coal,0.86
SEC_033,2024-01-24,5,Coal,1.08
SEC_017,2024-11-03,14,Coal,1.37
SEC_042,2024-03-01,12,Foodgrain,1.49
SEC_032,2024-12-12,17,Steel,1.24
SEC_015,2024-12-06,7,Foodgrain,1.12
SEC_048,2024-10-27,5,Other,1.26
SEC_035,2024-02-13,7,Steel,1.09
SEC_022,2024-05-29,14,Coal,1.02
SEC_007,2024-01-09,10,Steel,1.11
SEC_048,2024-08-11,10,Cement,0.76
SEC_037,2024-11-12,17,Cement,1.27
SEC_033,2024-07-11,6,Coal,0.87
SEC_041,2024-01-09,16,Other,1.15
SEC_030,2024-04-21,8,Foodgrain,1.32
SEC_012,2024-03-03,17,Foodgrain,1.41
SEC_012,2024-06-08,8,Steel,0.75
SEC_004,2024-05-16,4,Other,1.05
SEC_004,2024-10-30,9,Coal,1.16
SEC_036,2024-03-21,9,Foodgrain,1.31
SEC_042,2024-04-19,3,Foodgrain,1.38
SEC_009,2024-03-27,19,Foodgrain,1.46
SEC_029,2024-11-21,8,Steel,1.31
SEC_007,2024-04-17,14,Other,1.08
SEC_021,2024-12-28,11,Steel,1.23
SEC_039,2024-08-31,11,Cement,0.76
SEC_040,2024-04-22,8,Cement,1.03
SEC_047,2024-08-05,9,Steel,0.74
SEC_016,2024-02-14,9,Other,1.18
SEC_047,2024-11-26,4,Foodgrain,1.17
SEC_039,2024-12-16,12,Cement,1.16
SEC_017,2024-04-17,11,Cement,1.01
SEC_017,2024-03-03,9,Foodgrain,1.47
SEC_006,2024-06-05,10,Cement,0.89
SEC_046,2024-10-09,8,Foodgrain,1.26
SEC_010,2024-08-17,11,Cement,0.8
SEC_014,2024-01-15,11,Foodgrain,1.1
SEC_021,2024-01-04,16,Other,1.12
SEC_007,2024-03-27,4,Foodgrain,1.3
SEC_040,2024-10-03,8,Other,1.2
SEC_035,2024-04-05,3,Foodgrain,1.35
SEC_008,2024-11-23,4,Foodgrain,1.24
SEC_008,2024-04-18,3,Foodgrain,1.49
SEC_002,2024-11-22,4,Steel,1.18
SEC_047,2024-12-02,15,Cement,1.19
SEC_022,2024-09-23,9,Cement,1.07
SEC_033,2024-03-05,4,Steel,1.09
SEC_008,2024-01-27,11,Other,1.1
SEC_012,2024-03-04,2,Coal,0.97
SEC_027,2024-08-19,8,Coal,0.77
SEC_011,2024-09-10,3,Cement,1.07
SEC_031,2024-12-26,9,Foodgrain,1.16
SEC_046,2024-12-14,16,Cement,1.17
SEC_015,2024-04-22,6,Cement,0.96
SEC_030,2024-05-22,8,Cement,0.96
SEC_045,2024-10-09,7,Steel,1.38
SEC_044,2024-10-09,12,Steel,1.24
SEC_001,2024-04-24,6,Steel,1.04
SEC_006,2024-01-12,14,Cement,1.24
SEC_049,2024-02-05,8,Cement,1.18
SEC_046,2024-10-28,12,Other,1.25
SEC_016,2024-05-07,4,Steel,0.98
SEC_026,2024-09-21,6,Coal,1.05
SEC_029,2024-10-20,15,Other,1.37
SEC_033,2024-11-24,14,Foodgrain,1.39
SEC_037,2024-06-29,2,Steel,0.83
SEC_019,2024-08-21,7,Steel,0.7
SEC_044,2024-03-12,2,Other,1.04
SEC_003,2024-12-10,2,Cement,1.15
SEC_002,2024-11-19,18,Coal,1.3
SEC_047,2024-05-22,11,Steel,1.08
SEC_009,2024-05-14,14,Other,1.02
SEC_049,2024-09-25,8,Cement,1.03
SEC_015,2024-05-31,8,Other,1.0
SEC_018,2024-09-22,5,Coal,0.97
SEC_002,2024-02-03,17,Foodgrain,1.22
SEC_047,2024-04-08,2,Coal,1.1
SEC_018,2024-10-12,10,Foodgrain,1.22
SEC_009,2024-12-02,13,Coal,1.2
SEC_024,2024-01-10,2,Steel,1.13
SEC_008,2024-10-12,9,Steel,1.3
SEC_039,2024-01-26,15,Coal,1.06
SEC_004,2024-11-13,3,Other,1.33
SEC_025,2024-04-02,3,Steel,1.03
SEC_020,2024-05-12,14,Coal,0.99
SEC_002,2024-09-19,6,Other,1.01
SEC_003,2024-11-03,13,Coal,1.32
SEC_026,2024-05-31,12,Coal,1.01
SEC_020,2024-04-25,3,Other,0.96
SEC_007,2024-12-24,9,Foodgrain,1.05
SEC_007,2024-12-18,7,Steel,1.11
SEC_040,2024-07-10,5,Steel,0.7
SEC_036,2024-01-09,11,Foodgrain,1.12
SEC_030,2024-12-20,12,Steel,1.16
SEC_041,2024-08-14,10,Coal,0.77
SEC_004,2024-07-21,9,Other,0.74
SEC_034,2024-02-11,5,Other,1.06
SEC_037,2024-12-29,2,Coal,1.1
SEC_010,2024-09-20,13,Foodgrain,0.97
SEC_027,2024-03-20,16,Foodgrain,1.37
SEC_038,2024-05-13,3,Coal,0.96
SEC_030,2024-05-05,4,Steel,1.01
SEC_013,2024-11-14,14,Cement,1.16
SEC_033,2024-06-23,8,Coal,0.84
SEC_038,2024-11-15,3,Steel,1.33
SEC_001,2024-09-08,13,Steel,1.09
SEC_028,2024-05-14,5,Steel,1.02
SEC_025,2024-05-28,13,Cement,1.03
SEC_018,2024-10-23,5,Foodgrain,1.16
SEC_003,2024-07-01,9,Cement,0.71
SEC_005,2024-09-06,6,Foodgrain,0.98
SEC_037,2024-02-14,7,Cement,1.15
SEC_041,2024-06-05,2,Cement,0.84
SEC_021,2024-07-30,7,Other,0.73
SEC_047,2024-05-05,2,Coal,0.99
SEC_046,2024-11-06,9,Other,1.32
SEC_033,2024-03-17,3,Cement,1.07
SEC_029,2024-11-06,3,Coal,1.31
SEC_048,2024-01-24,5,Coal,1.07
SEC_030,2024-06-05,7,Coal,0.88
SEC_046,2024-07-08,4,Cement,0.83
SEC_048,2024-04-02,17,Foodgrain,1.44
SEC_010,2024-07-16,7,Coal,0.82
SEC_033,2024-11-25,2,Steel,1.22
SEC_036,2024-06-11,8,Foodgrain,0.86
SEC_041,2024-07-16,7,Coal,0.86
SEC_018,2024-12-13,5,Foodgrain,1.21
SEC_043,2024-12-04,17,Coal,1.19
SEC_024,2024-01-06,8,Cement,1.15
SEC_019,2024-09-22,10,Coal,1.03
SEC_008,2024-11-07,16,Cement,1.3
SEC_016,2024-12-10,6,Steel,1.22
SEC_048,2024-10-20,17,Foodgrain,1.38
SEC_036,2024-01-31,17,Steel,1.22
SEC_036,2024-10-04,2,Other,1.24
SEC_044,2024-11-05,11,Cement,1.24
SEC_014,2024-07-11,8,Other,0.81
SEC_033,2024-01-08,5,Cement,1.25
SEC_019,2024-03-10,10,Other,1.04
SEC_042,2024-04-10,3,Steel,1.08
SEC_021,2024-11-11,14,Steel,1.19
SEC_042,2024-02-16,13,Other,1.15
SEC_037,2024-09-29,15,Coal,1.06
SEC_038,2024-03-06,11,Coal,0.95
SEC_046,2024-10-31,3,Cement,1.33
SEC_039,2024-01-05,5,Steel,1.2
SEC_016,2024-03-27,12,Steel,0.99
SEC_026,2024-02-07,15,Steel,1.21
SEC_024,2024-07-21,11,Cement,0.82
SEC_004,2024-10-12,18,Foodgrain,1.3
SEC_030,2024-06-01,4,Coal,0.74
SEC_022,2024-07-14,4,Foodgrain,0.7
SEC_020,2024-08-22,3,Cement,0.73
SEC_006,2024-06-15,8,Coal,0.83
SEC_025,2024-10-02,3,Coal,1.39
SEC_029,2024-04-13,14,Cement,1.09
SEC_006,2024-03-04,7,Other,1.09
SEC_032,2024-03-09,8,Coal,1.02
SEC_009,2024-03-04,14,Cement,1.05
SEC_008,2024-01-14,3,Cement,1.07
SEC_020,2024-01-16,13,Coal,1.18
SEC_020,2024-01-20,6,Steel,1.21
SEC_045,2024-02-27,13,Foodgrain,1.2
SEC_004,2024-08-20,3,Cement,0.83
SEC_018,2024-03-28,19,Foodgrain,1.46
SEC_036,2024-08-01,2,Coal,0.85
SEC_013,2024-01-27,4,Other,1.24
SEC_049,2024-10-19,8,Foodgrain,1.37
SEC_037,2024-05-10,9,Foodgrain,1.09
SEC_047,2024-06-10,4,Foodgrain,0.81
SEC_047,2024-09-04,10,Foodgrain,1.08
SEC_006,2024-12-31,10,Steel,1.13
SEC_023,2024-10-17,15,Steel,1.35
SEC_037,2024-05-26,6,Coal,1.08
SEC_001,2024-05-06,10,Cement,0.99
SEC_023,2024-05-03,9,Steel,1.07
SEC_034,2024-01-31,4,Coal,1.18
SEC_039,2024-05-03,15,Coal,1.06
SEC_021,2024-10-04,16,Other,1.25
SEC_043,2024-04-11,16,Foodgrain,1.45
SEC_034,2024-05-23,9,Cement,1.04
SEC_003,2024-01-26,11,Foodgrain,1.19
SEC_014,2024-04-02,4,Other,1.06
SEC_046,2024-01-26,5,Other,1.07
SEC_001,2024-06-21,10,Cement,0.73
SEC_006,2024-04-18,2,Other,1.1
SEC_017,2024-12-20,6,Steel,1.13
SEC_049,2024-08-03,4,Foodgrain,0.81
SEC_035,2024-05-16,8,Steel,1.06
SEC_008,2024-07-15,3,Other,0.84
SEC_020,2024-12-17,7,Steel,1.2
SEC_047,2024-03-07,9,Cement,1.02
SEC_011,2024-04-02,11,Steel,1.06
SEC_029,2024-07-18,11,Cement,0.82
SEC_023,2024-02-08,4,Coal,1.2
SEC_038,2024-07-09,9,Cement,0.8
SEC_037,2024-02-27,3,Other,1.09
SEC_041,2024-11-12,8,Foodgrain,1.21
SEC_006,2024-10-10,17,Foodgrain,1.3
SEC_023,2024-01-18,12,Foodgrain,1.06
SEC_034,2024-07-15,10,Foodgrain,0.84
SEC_021,2024-03-17,4,Foodgrain,1.4
SEC_033,2024-07-31,10,Foodgrain,0.85
SEC_032,2024-07-18,6,Foodgrain,0.8
SEC_019,2024-12-20,12,Coal,1.05
SEC_005,2024-03-05,4,Foodgrain,1.4
SEC_048,2024-07-03,4,Foodgrain,0.75
SEC_041,2024-12-19,7,Other,1.14
SEC_044,2024-02-12,8,Steel,1.09
SEC_015,2024-04-02,12,Other,1.1
SEC_016,2024-09-19,2,Other,1.08
SEC_016,2024-02-09,12,Cement,1.2
SEC_002,2024-03-17,2,Cement,1.0
SEC_009,2024-12-16,12,Steel,1.17
SEC_016,2024-07-31,3,Coal,0.85
SEC_049,2024-01-21,15,Cement,1.12
SEC_011,2024-11-08,4,Cement,1.32
SEC_025,2024-07-10,6,Other,0.75
SEC_027,2024-06-23,5,Foodgrain,0.79
SEC_018,2024-12-29,13,Other,1.14
SEC_046,2024-04-25,13,Coal,1.05
SEC_005,2024-05-18,4,Coal,1.08
SEC_043,2024-07-29,11,Coal,0.89
SEC_037,2024-03-29,5,Steel,1.0
SEC_015,2024-02-16,11,Coal,1.22
SEC_038,2024-02-20,10,Coal,1.21
SEC_022,2024-04-22,12,Other,1.01
SEC_048,2024-01-30,13,Coal,1.15
SEC_002,2024-07-03,2,Other,0.73
SEC_002,2024-12-29,14,Cement,1.14
SEC_027,2024-04-03,6,Cement,0.99
SEC_046,2024-01-15,11,Coal,1.08
SEC_004,2024-01-15,13,Coal,1.21
SEC_039,2024-03-01,13,Coal,1.02
SEC_046,2024-08-02,11,Steel,0.88
SEC_024,2024-06-21,7,Other,0.73
SEC_043,2024-05-26,11,Foodgrain,0.95
SEC_038,2024-10-03,7,Steel,1.18
SEC_011,2024-05-22,7,Steel,1.05
SEC_042,2024-08-13,6,Steel,0.8
SEC_035,2024-12-30,5,Foodgrain,1.18
SEC_001,2024-03-03,11,Other,1.08
SEC_028,2024-02-10,13,Coal,1.11
SEC_033,2024-03-20,4,Cement,1.09
SEC_040,2024-02-26,9,Coal,1.23
SEC_038,2024-10-30,4,Steel,1.18
SEC_024,2024-11-16,17,Foodgrain,1.24
SEC_015,2024-07-23,2,Coal,0.79
SEC_010,2024-02-17,14,Steel,1.19
SEC_005,2024-11-07,9,Cement,1.29
SEC_032,2024-12-01,12,Cement,1.15
SEC_048,2024-05-29,13,Coal,0.95
SEC_004,2024-09-02,8,Cement,1.04
SEC_035,2024-08-10,6,Foodgrain,0.73
SEC_029,2024-07-12,3,Cement,0.75
SEC_009,2024-05-09,13,Steel,1.03
SEC_011,2024-04-11,4,Other,0.98
SEC_014,2024-04-10,7,Cement,1.01
SEC_034,2024-05-11,12,Cement,0.99
SEC_015,2024-10-05,8,Coal,1.21
SEC_041,2024-10-29,10,Cement,1.24
SEC_019,2024-02-11,15,Steel,1.25
SEC_006,2024-01-22,14,Cement,1.13
SEC_005,2024-06-24,10,Cement,0.72
SEC_020,2024-10-08,5,Other,1.35
SEC_020,2024-07-24,11,Other,0.79
SEC_036,2024-10-29,5,Steel,1.31
SEC_024,2024-09-18,5,Coal,1.05
SEC_009,2024-09-15,6,Foodgrain,0.97
SEC_011,2024-07-16,5,Foodgrain,0.81
SEC_028,2024-01-20,10,Steel,1.14
SEC_017,2024-03-06,18,Foodgrain,1.49
SEC_033,2024-09-28,6,Foodgrain,1.03
SEC_046,2024-04-23,8,Cement,1.05
SEC_018,2024-09-21,11,Steel,1.08
SEC_028,2024-05-04,9,Cement,0.98
SEC_041,2024-01-05,14,Other,1.07
SEC_011,2024-09-04,6,Cement,0.96
SEC_026,2024-11-22,16,Cement,1.23
SEC_015,2024-06-12,6,Steel,0.86
SEC_031,2024-02-18,14,Steel,1.19
SEC_037,2024-05-31,12,Coal,0.98
SEC_007,2024-12-17,8,Foodgrain,1.21
SEC_010,2024-04-26,2,Coal,0.96
SEC_002,2024-01-26,9,Cement,1.08
SEC_001,2024-10-08,12,Other,1.18
SEC_003,2024-03-28,7,Other,1.0
SEC_035,2024-01-14,17,Coal,1.21
SEC_045,2024-09-09,8,Cement,1.06
SEC_021,2024-05-03,7,Foodgrain,1.05
SEC_044,2024-02-20,15,Coal,1.1
SEC_036,2024-01-20,5,Cement,1.21
SEC_040,2024-03-08,4,Other,1.08
SEC_037,2024-02-24,17,Foodgrain,1.22
SEC_010,2024-01-05,13,Other,1.11
SEC_026,2024-05-15,12,Coal,0.97
SEC_026,2024-10-29,16,Other,1.3
SEC_032,2024-05-24,6,Cement,1.02
SEC_040,2024-01-14,7,Cement,1.07
SEC_006,2024-11-18,16,Foodgrain,1.31
SEC_034,2024-08-19,7,Coal,0.89
SEC_041,2024-12-18,12,Foodgrain,1.19
SEC_006,2024-08-01,10,Other,0.73
SEC_021,2024-06-23,4,Foodgrain,0.84
SEC_044,2024-07-06,10,Coal,0.82
SEC_002,2024-01-03,11,Foodgrain,1.17
SEC_008,2024-05-17,4,Coal,1.0
SEC_040,2024-06-10,2,Foodgrain,0.83
SEC_009,2024-04-19,9,Cement,1.08
SEC_035,2024-11-02,16,Coal,1.34
SEC_045,2024-12-16,9,Foodgrain,1.17
SEC_025,2024-06-24,8,Foodgrain,0.83
SEC_024,2024-10-14,13,Cement,1.32
SEC_022,2024-03-22,8,Coal,1.02
SEC_019,2024-12-03,4,Cement,1.24
SEC_019,2024-09-14,10,Cement,0.95
SEC_028,2024-09-25,2,Coal,1.09
SEC_044,2024-08-05,4,Coal,0.8
SEC_049,2024-10-30,15,Cement,1.25
SEC_043,2024-07-14,4,Other,0.79
SEC_006,2024-12-18,13,Other,1.15
SEC_016,2024-08-30,4,Cement,0.88
SEC_038,2024-06-15,8,Other,0.81
SEC_027,2024-03-17,2,Cement,1.07
SEC_017,2024-11-27,11,Coal,1.22
SEC_016,2024-01-21,4,Foodgrain,1.07
SEC_006,2024-01-16,7,Steel,1.18
SEC_017,2024-01-12,16,Steel,1.25
SEC_021,2024-02-09,13,Coal,1.17
SEC_021,2024-03-31,11,Coal,0.98
SEC_027,2024-06-28,9,Cement,0.8
SEC_014,2024-04-11,11,Coal,1.06
SEC_011,2024-06-15,5,Cement,0.8
SEC_044,2024-06-12,11,Steel,0.81
SEC_020,2024-06-09,5,Foodgrain,0.82
SEC_013,2024-01-22,10,Steel,1.11
SEC_032,2024-07-15,1,Steel,0.74
SEC_027,2024-04-19,7,Foodgrain,1.4
SEC_029,2024-07-16,2,Cement,0.78
SEC_011,2024-01-23,13,Foodgrain,1.19
SEC_036,2024-11-14,10,Cement,1.29
SEC_010,2024-09-21,6,Other,1.06
SEC_041,2024-05-06,3,Foodgrain,0.99
SEC_021,2024-05-11,11,Other,1.01
SEC_021,2024-04-25,5,Coal,1.02
SEC_020,2024-12-28,16,Foodgrain,1.23
SEC_021,2024-09-13,3,Foodgrain,0.99
SEC_033,2024-06-17,3,Coal,0.87
SEC_025,2024-08-25,8,Other,0.89
SEC_007,2024-01-24,8,Cement,1.08
SEC_028,2024-10-30,15,Foodgrain,1.36
SEC_014,2024-08-06,9,Cement,0.89
SEC_006,2024-04-23,4,Cement,1.03
SEC_042,2024-09-10,2,Cement,1.01
SEC_016,2024-01-03,10,Steel,1.07
SEC_030,2024-06-28,3,Foodgrain,0.79
SEC_009,2024-12-11,2,Steel,1.11
SEC_017,2024-10-05,7,Other,1.36
SEC_019,2024-01-17,10,Coal,1.22
SEC_007,2024-08-03,4,Other,0.71
SEC_048,2024-09-05,11,Steel,0.96
SEC_016,2024-07-11,3,Cement,0.73
SEC_029,2024-04-27,11,Coal,0.95
SEC_028,2024-09-05,12,Other,1.01
SEC_022,2024-06-04,10,Foodgrain,0.73
SEC_029,2024-12-13,15,Other,1.24
SEC_028,2024-11-02,5,Steel,1.22
SEC_004,2024-11-28,12,Other,1.31
SEC_033,2024-06-02,2,Other,0.84
SEC_006,2024-09-04,7,Coal,1.09
SEC_022,2024-02-22,7,Steel,1.17
SEC_018,2024-10-02,4,Foodgrain,1.24
SEC_022,2024-10-03,13,Steel,1.28
SEC_004,2024-10-10,8,Other,1.28
SEC_035,2024-01-08,2,Coal,1.18
SEC_021,2024-06-15,6,Steel,0.8
SEC_003,2024-04-10,6,Steel,1.02
SEC_001,2024-11-30,17,Foodgrain,1.23
SEC_027,2024-07-15,4,Cement,0.72
SEC_033,2024-08-11,9,Coal,0.74
SEC_027,2024-06-09,2,Cement,0.7
SEC_036,2024-02-11,16,Foodgrain,1.2
SEC_038,2024-08-15,2,Cement,0.78
SEC_043,2024-08-11,5,Coal,0.83
SEC_049,2024-05-19,11,Other,0.96
SEC_044,2024-08-18,8,Foodgrain,0.88
SEC_039,2024-05-22,3,Steel,1.03
SEC_022,2024-08-29,12,Cement,0.86
SEC_025,2024-05-07,8,Foodgrain,1.1
SEC_031,2024-10-10,19,Steel,1.33
SEC_009,2024-11-20,7,Coal,1.17
SEC_034,2024-06-26,7,Foodgrain,0.87
SEC_029,2024-01-07,15,Steel,1.18
SEC_026,2024-09-06,8,Cement,1.0
SEC_041,2024-12-09,9,Steel,1.05
SEC_034,2024-09-16,14,Coal,1.01
SEC_046,2024-05-11,14,Cement,0.98
SEC_048,2024-07-25,2,Other,0.84
SEC_041,2024-05-13,3,Other,1.06
SEC_015,2024-10-10,16,Foodgrain,1.26
SEC_010,2024-09-22,6,Steel,1.03
SEC_015,2024-08-16,11,Steel,0.86
SEC_035,2024-05-22,12,Steel,1.0
SEC_043,2024-03-04,11,Coal,1.04
SEC_044,2024-08-13,5,Other,0.79
SEC_034,2024-05-03,5,Steel,1.05
SEC_034,2024-11-26,6,Cement,1.23
SEC_047,2024-01-24,14,Steel,1.08
SEC_034,2024-11-05,12,Cement,1.36
SEC_007,2024-10-12,15,Other,1.38
SEC_025,2024-07-07,12,Foodgrain,0.86
SEC_018,2024-12-29,16,Other,1.14
SEC_032,2024-09-19,12,Steel,0.99
SEC_032,2024-01-16,12,Steel,1.15
SEC_015,2024-05-23,14,Cement,1.04
SEC_015,2024-11-03,5,Coal,1.3
SEC_005,2024-10-11,14,Coal,1.35
SEC_015,2024-02-28,10,Steel,1.07
SEC_041,2024-03-03,9,Foodgrain,1.49
SEC_033,2024-12-04,4,Foodgrain,1.24
SEC_047,2024-01-17,10,Coal,1.11
SEC_046,2024-12-13,16,Foodgrain,1.22
SEC_042,2024-07-16,10,Cement,0.76
SEC_009,2024-10-22,3,Steel,1.33
SEC_017,2024-03-19,19,Foodgrain,1.39
SEC_003,2024-05-05,9,Steel,0.96
SEC_005,2024-09-23,13,Coal,1.05
SEC_012,2024-02-29,5,Cement,1.2
SEC_014,2024-02-07,11,Foodgrain,1.13
SEC_001,2024-08-10,2,Other,0.89
SEC_042,2024-01-04,12,Coal,1.16
SEC_026,2024-12-09,14,Coal,1.16
SEC_033,2024-09-04,11,Cement,1.04
SEC_033,2024-09-18,8,Other,0.96
SEC_048,2024-07-02,4,Other,0.8
SEC_008,2024-08-16,5,Other,0.73
SEC_017,2024-12-14,16,Steel,1.21
SEC_016,2024-01-02,5,Cement,1.2
SEC_028,2024-03-31,8,Coal,0.99
SEC_026,2024-09-12,10,Foodgrain,1.08
SEC_039,2024-02-15,7,Other,1.16
SEC_028,2024-03-30,6,Cement,0.99
SEC_012,2024-01-09,17,Other,1.19
SEC_028,2024-01-21,7,Other,1.24
SEC_048,2024-06-11,10,Cement,0.74
SEC_029,2024-08-29,7,Cement,0.85
SEC_030,2024-02-06,9,Steel,1.18
SEC_009,2024-12-25,10,Foodgrain,1.14
SEC_001,2024-10-10,3,Coal,1.32
SEC_011,2024-08-30,8,Foodgrain,0.8
SEC_002,2024-01-27,4,Other,1.18
SEC_023,2024-07-08,9,Coal,0.73
SEC_044,2024-12-02,14,Foodgrain,1.05
SEC_022,2024-03-28,14,Other,1.01
SEC_032,2024-07-16,5,Steel,0.88
SEC_042,2024-07-25,8,Foodgrain,0.85
SEC_038,2024-09-11,5,Cement,1.0
SEC_032,2024-12-02,2,Cement,1.18
SEC_039,2024-02-17,16,Cement,1.13
SEC_014,2024-01-24,10,Coal,1.22
SEC_021,2024-02-02,13,Coal,1.19
SEC_020,2024-04-07,4,Cement,0.99
SEC_040,2024-05-09,2,Other,1.02
SEC_021,2024-11-17,8,Steel,1.3
SEC_046,2024-07-09,6,Foodgrain,0.78
SEC_010,2024-09-29,7,Coal,0.99
SEC_009,2024-07-29,9,Coal,0.73
SEC_036,2024-12-14,14,Foodgrain,1.05
SEC_038,2024-04-30,3,Coal,1.02
SEC_034,2024-09-01,13,Foodgrain,1.03
SEC_016,2024-04-09,16,Foodgrain,1.41
SEC_001,2024-03-26,6,Coal,1.05
SEC_016,2024-12-25,3,Foodgrain,1.14
SEC_023,2024-01-09,14,Foodgrain,1.19
SEC_021,2024-04-09,6,Coal,0.99
SEC_046,2024-05-21,6,Steel,0.99
SEC_043,2024-02-20,6,Foodgrain,1.05
SEC_038,2024-10-09,7,Other,1.38
SEC_002,2024-05-11,4,Foodgrain,1.08
SEC_007,2024-06-16,3,Cement,0.71
SEC_022,2024-04-21,7,Foodgrain,1.41
SEC_031,2024-11-22,13,Other,1.19
SEC_034,2024-06-03,11,Other,0.81
SEC_015,2024-10-15,12,Foodgrain,1.35
SEC_006,2024-08-16,4,Steel,0.74
SEC_017,2024-12-15,9,Foodgrain,1.22
SEC_039,2024-08-08,3,Other,0.78
SEC_049,2024-12-26,4,Foodgrain,1.2
SEC_047,2024-09-12,5,Steel,1.05
SEC_030,2024-01-22,7,Cement,1.24
SEC_005,2024-02-27,9,Coal,1.1
SEC_048,2024-10-16,6,Steel,1.39
SEC_008,2024-01-17,15,Coal,1.17
SEC_014,2024-03-10,6,Other,1.06
SEC_048,2024-10-16,14,Other,1.26
SEC_025,2024-05-09,3,Other,0.99
SEC_010,2024-03-20,2,Coal,0.96
SEC_025,2024-03-13,12,Other,0.96
SEC_004,2024-04-25,5,Steel,0.97
SEC_016,2024-11-02,7,Other,1.16
SEC_047,2024-06-15,7,Steel,0.77
SEC_015,2024-12-15,16,Steel,1.25
SEC_044,2024-09-19,11,Cement,1.09
SEC_027,2024-04-08,12,Cement,0.96
SEC_033,2024-02-29,6,Steel,1.21
SEC_035,2024-12-11,8,Other,1.17
SEC_028,2024-11-26,8,Coal,1.36
SEC_002,2024-02-14,13,Other,1.15
SEC_046,2024-04-27,18,Foodgrain,1.41
SEC_024,2024-09-28,15,Foodgrain,1.04
SEC_033,2024-12-25,6,Other,1.07
SEC_028,2024-11-26,15,Coal,1.15
SEC_033,2024-04-14,5,Other,1.08
SEC_018,2024-11-24,9,Steel,1.23
SEC_042,2024-09-22,13,Other,1.1
SEC_011,2024-06-18,2,Cement,0.79
SEC_033,2024-05-17,8,Steel,1.08
SEC_029,2024-10-24,5,Coal,1.29
SEC_025,2024-11-02,16,Coal,1.33
SEC_002,2024-11-30,17,Coal,1.24
SEC_020,2024-06-18,7,Coal,0.71
SEC_003,2024-04-07,14,Cement,1.03
SEC_025,2024-11-14,4,Other,1.29
SEC_034,2024-04-20,2,Cement,1.07
SEC_026,2024-10-02,5,Cement,1.25
SEC_038,2024-07-05,6,Other,0.81
SEC_018,2024-08-02,3,Cement,0.71
SEC_016,2024-03-17,13,Coal,0.95
SEC_022,2024-04-01,7,Foodgrain,1.36
SEC_012,2024-08-26,9,Cement,0.79
SEC_040,2024-04-05,18,Foodgrain,1.38
SEC_040,2024-09-01,12,Steel,0.96
SEC_021,2024-12-28,7,Foodgrain,1.11
SEC_039,2024-01-31,6,Cement,1.16
SEC_002,2024-12-04,10,Steel,1.05
SEC_008,2024-03-03,9,Steel,1.03
SEC_014,2024-02-20,6,Foodgrain,1.2
SEC_020,2024-11-01,16,Foodgrain,1.23
SEC_012,2024-03-15,13,Steel,1.01
SEC_026,2024-08-24,7,Steel,0.77
SEC_039,2024-02-09,3,Coal,1.08
SEC_023,2024-02-01,15,Cement,1.18
SEC_023,2024-03-14,9,Steel,1.03
SEC_003,2024-07-09,4,Other,0.73
SEC_014,2024-04-16,3,Other,1.02
SEC_040,2024-03-22,10,Cement,1.09
SEC_040,2024-11-02,10,Other,1.38
SEC_006,2024-03-04,8,Other,1.1
SEC_001,2024-02-04,4,Cement,1.23
SEC_041,2024-02-10,17,Steel,1.19
SEC_009,2024-11-18,4,Other,1.33
SEC_029,2024-06-23,8,Steel,0.8
SEC_041,2024-12-21,3,Coal,1.1
SEC_039,2024-10-22,3,Foodgrain,1.33
SEC_027,2024-04-13,7,Coal,1.09
SEC_019,2024-10-16,12,Coal,1.36
SEC_038,2024-06-15,7,Coal,0.83
SEC_035,2024-07-23,2,Other,0.88
SEC_042,2024-07-12,5,Coal,0.86
SEC_026,2024-10-04,3,Steel,1.26
SEC_047,2024-03-16,12,Cement,0.96
SEC_038,2024-01-22,2,Other,1.19
SEC_004,2024-09-24,12,Coal,1.04
SEC_015,2024-12-15,9,Other,1.11
SEC_040,2024-07-31,3,Other,0.85
SEC_006,2024-02-13,3,Other,1.08
SEC_035,2024-02-11,14,Cement,1.15
SEC_017,2024-07-18,6,Foodgrain,0.78
SEC_011,2024-11-23,6,Coal,1.15
SEC_027,2024-08-12,10,Coal,0.88
SEC_046,2024-04-20,10,Other,1.06
SEC_044,2024-08-15,12,Other,0.89
SEC_020,2024-02-27,4,Other,1.06
SEC_001,2024-06-24,7,Cement,0.8
SEC_044,2024-12-25,7,Foodgrain,1.06
SEC_044,2024-08-18,2,Coal,0.79
SEC_030,2024-02-07,10,Coal,1.07
SEC_031,2024-03-14,2,Steel,1.05
SEC_026,2024-01-22,7,Foodgrain,1.16
SEC_001,2024-05-27,5,Steel,1.05
SEC_008,2024-03-27,9,Foodgrain,1.45
SEC_008,2024-12-24,8,Cement,1.18
SEC_045,2024-04-26,2,Cement,0.97
SEC_003,2024-01-13,2,Other,1.06
SEC_028,2024-06-07,10,Steel,0.77
SEC_018,2024-09-26,11,Other,1.03
SEC_001,2024-09-07,8,Other,1.02
SEC_046,2024-12-23,3,Steel,1.13
SEC_001,2024-05-13,6,Steel,0.99
SEC_042,2024-07-10,2,Other,0.75
SEC_039,2024-07-23,8,Other,0.84
SEC_039,2024-01-09,4,Foodgrain,1.1
SEC_008,2024-01-03,4,Coal,1.2
SEC_044,2024-10-18,11,Cement,1.17
SEC_030,2024-05-20,9,Other,1.02
SEC_020,2024-09-08,7,Foodgrain,1.05
SEC_034,2024-12-11,15,Coal,1.23
SEC_017,2024-03-30,9,Cement,0.99
SEC_014,2024-10-10,3,Cement,1.29
SEC_015,2024-03-19,11,Other,1.01
SEC_028,2024-09-28,8,Other,1.08
SEC_030,2024-02-28,8,Foodgrain,1.12
SEC_012,2024-04-21,9,Steel,0.97
SEC_013,2024-06-21,2,Coal,0.86
SEC_047,2024-06-27,6,Coal,0.77
SEC_026,2024-01-12,11,Other,1.14
SEC_043,2024-11-05,6,Other,1.29
SEC_017,2024-01-03,13,Cement,1.1
SEC_015,2024-11-18,7,Other,1.17
SEC_014,2024-03-16,2,Steel,1.0
SEC_026,2024-09-17,6,Cement,1.07
SEC_039,2024-09-17,9,Steel,1.05
SEC_025,2024-06-16,2,Steel,0.82
SEC_015,2024-07-15,9,Cement,0.79
SEC_048,2024-01-27,7,Coal,1.07
SEC_029,2024-11-25,18,Foodgrain,1.3
SEC_020,2024-02-13,4,Foodgrain,1.11
SEC_001,2024-08-28,10,Foodgrain,0.86
SEC_028,2024-01-01,2,Cement,1.21
SEC_031,2024-09-29,7,Steel,1.01
SEC_046,2024-05-11,5,Coal,1.03
SEC_012,2024-06-25,2,Cement,0.75
SEC_008,2024-01-09,13,Coal,1.06
SEC_049,2024-03-21,9,Other,1.05
SEC_027,2024-06-08,9,Other,0.74
SEC_002,2024-09-19,15,Steel,1.07
SEC_006,2024-08-06,6,Cement,0.9
SEC_024,2024-04-05,17,Foodgrain,1.38
SEC_031,2024-08-06,5,Cement,0.88
SEC_012,2024-03-22,3,Steel,1.05
SEC_018,2024-07-22,9,Other,0.78
SEC_037,2024-07-16,11,Other,0.8
SEC_048,2024-03-23,20,Foodgrain,1.41
SEC_025,2024-03-14,4,Other,1.06
SEC_021,2024-07-09,12,Steel,0.85
SEC_018,2024-08-02,3,Cement,0.84
SEC_007,2024-12-24,3,Other,1.09
SEC_003,2024-06-30,6,Cement,0.86
SEC_041,2024-06-11,11,Other,0.79
SEC_002,2024-06-23,8,Steel,0.85
SEC_041,2024-11-16,2,Coal,1.18
SEC_013,2024-04-22,17,Foodgrain,1.32
SEC_035,2024-05-19,3,Steel,0.96
SEC_047,2024-05-15,10,Cement,0.95
SEC_037,2024-08-16,8,Steel,0.79
SEC_036,2024-09-12,3,Other,1.03
SEC_013,2024-06-25,5,Coal,0.78
SEC_030,2024-04-06,5,Other,0.97
SEC_032,2024-09-09,10,Steel,0.97
SEC_021,2024-04-10,6,Steel,1.08
SEC_002,2024-11-24,6,Coal,1.22
SEC_045,2024-08-16,7,Cement,0.74
SEC_010,2024-06-10,2,Cement,0.75
SEC_048,2024-03-26,10,Other,1.1
SEC_046,2024-10-04,3,Coal,1.27
SEC_001,2024-08-11,7,Foodgrain,0.77
SEC_037,2024-11-19,16,Other,1.3
SEC_032,2024-09-15,7,Coal,0.95
SEC_012,2024-10-15,4,Foodgrain,1.31
SEC_040,2024-02-03,17,Steel,1.19
SEC_006,2024-01-09,12,Steel,1.18
SEC_013,2024-08-28,7,Cement,0.87
SEC_047,2024-01-01,7,Other,1.11
SEC_037,2024-11-22,19,Coal,1.36
SEC_006,2024-11-19,8,Cement,1.39
SEC_008,2024-08-02,10,Steel,0.84
SEC_013,2024-09-23,12,Cement,1.09
SEC_004,2024-06-03,4,Other,0.85
SEC_009,2024-12-16,2,Other,1.14
SEC_029,2024-01-14,9,Coal,1.13
SEC_001,2024-04-17,7,Other,0.99
SEC_015,2024-09-12,9,Other,0.98
SEC_016,2024-10-15,12,Cement,1.34
SEC_048,2024-03-29,4,Steel,0.98
SEC_048,2024-10-20,7,Cement,1.32
SEC_042,2024-06-17,3,Coal,0.83
SEC_017,2024-11-09,4,Steel,1.17
SEC_026,2024-04-07,10,Other,1.02
SEC_025,2024-09-10,12,Cement,0.98
SEC_043,2024-03-16,9,Steel,1.1
SEC_037,2024-02-20,16,Foodgrain,1.17
SEC_045,2024-09-15,10,Coal,1.09
SEC_028,2024-09-06,7,Other,1.03
SEC_046,2024-04-17,9,Foodgrain,1.44
SEC_037,2024-08-09,2,Foodgrain,0.85
SEC_037,2024-12-10,17,Steel,1.24
SEC_033,2024-05-02,9,Steel,0.98
SEC_017,2024-07-02,10,Steel,0.73
SEC_030,2024-03-17,5,Foodgrain,1.34
SEC_018,2024-07-08,10,Foodgrain,0.87
SEC_032,2024-11-19,4,Foodgrain,1.39
SEC_013,2024-08-20,6,Foodgrain,0.86
SEC_040,2024-02-21,13,Foodgrain,1.17
SEC_028,2024-09-28,10,Steel,0.96
SEC_035,2024-06-03,9,Foodgrain,0.78
SEC_011,2024-01-07,13,Steel,1.07
SEC_039,2024-08-15,9,Other,0.77
SEC_040,2024-04-19,8,Cement,1.04
SEC_008,2024-12-21,4,Steel,1.08
SEC_018,2024-12-30,13,Cement,1.14
SEC_034,2024-09-02,2,Other,1.04
SEC_043,2024-08-19,9,Cement,0.72
SEC_037,2024-04-21,8,Cement,1.0
SEC_024,2024-01-26,14,Steel,1.11
SEC_015,2024-01-23,13,Coal,1.14
SEC_045,2024-06-18,7,Foodgrain,0.74
SEC_043,2024-04-26,7,Steel,1.01
SEC_044,2024-12-17,15,Coal,1.16
SEC_015,2024-04-17,10,Other,1.0
SEC_022,2024-03-19,3,Steel,1.0
SEC_012,2024-10-26,14,Other,1.2
SEC_047,2024-11-01,12,Cement,1.31
SEC_043,2024-05-17,15,Coal,1.07
SEC_009,2024-01-30,2,Coal,1.1
SEC_013,2024-02-06,2,Foodgrain,1.11
SEC_028,2024-07-09,4,Cement,0.7
SEC_021,2024-11-14,11,Steel,1.26
SEC_023,2024-05-21,9,Coal,1.04
SEC_019,2024-01-07,13,Cement,1.1
SEC_034,2024-05-17,13,Steel,1.01
SEC_045,2024-01-02,8,Coal,1.2
SEC_045,2024-06-03,5,Steel,0.79
SEC_023,2024-06-22,4,Steel,0.88
SEC_041,2024-09-24,12,Foodgrain,0.96
SEC_035,2024-01-26,11,Steel,1.11
SEC_010,2024-06-24,2,Foodgrain,0.8
SEC_039,2024-03-05,20,Foodgrain,1.42
SEC_018,2024-06-19,4,Coal,0.83
SEC_031,2024-12-26,12,Steel,1.19
SEC_036,2024-09-28,14,Foodgrain,1.02
SEC_047,2024-11-05,3,Cement,1.37
SEC_047,2024-01-15,2,Coal,1.16
SEC_040,2024-10-06,17,Other,1.33
SEC_025,2024-11-12,5,Coal,1.34
SEC_020,2024-09-02,11,Cement,1.09
SEC_022,2024-10-13,15,Steel,1.35
SEC_047,2024-01-18,8,Other,1.1
SEC_011,2024-09-27,13,Cement,1.01
SEC_026,2024-11-01,5,Cement,1.21
SEC_034,2024-03-25,9,Other,0.97
SEC_002,2024-06-21,2,Coal,0.78
SEC_032,2024-06-03,11,Other,0.85
SEC_013,2024-02-05,2,Coal,1.18
SEC_014,2024-02-16,16,Foodgrain,1.25
SEC_031,2024-04-20,7,Cement,0.99
SEC_001,2024-02-09,2,Other,1.17
SEC_008,2024-07-02,8,Cement,0.76
SEC_023,2024-01-21,16,Cement,1.13
SEC_029,2024-01-06,16,Other,1.16
SEC_006,2024-08-18,9,Coal,0.9
SEC_018,2024-04-02,8,Coal,0.97
SEC_016,2024-05-18,5,Coal,1.07
SEC_027,2024-05-02,12,Steel,0.95
SEC_015,2024-06-20,6,Foodgrain,0.75
SEC_001,2024-06-18,6,Other,0.88
SEC_026,2024-02-18,16,Steel,1.23
SEC_042,2024-01-01,12,Other,1.2
SEC_029,2024-06-11,4,Cement,0.73
SEC_018,2024-07-25,8,Foodgrain,0.86
SEC_024,2024-10-08,15,Cement,1.21
SEC_007,2024-03-13,4,Foodgrain,1.42
SEC_012,2024-01-31,2,Coal,1.23
SEC_022,2024-08-06,11,Other,0.79
SEC_030,2024-11-26,11,Coal,1.27
SEC_024,2024-03-28,13,Foodgrain,1.31
SEC_048,2024-02-01,10,Coal,1.16
SEC_032,2024-05-27,10,Cement,0.97
SEC_002,2024-07-24,6,Cement,0.87
SEC_026,2024-08-16,7,Other,0.87
SEC_029,2024-02-11,16,Other,1.16
SEC_003,2024-08-28,5,Steel,0.77
SEC_019,2024-05-05,12,Steel,1.09
SEC_043,2024-01-12,8,Steel,1.15
SEC_018,2024-12-03,7,Coal,1.2
SEC_023,2024-07-14,11,Other,0.88
SEC_011,2024-04-21,10,Coal,1.05
SEC_004,2024-10-25,6,Foodgrain,1.19
SEC_016,2024-10-18,15,Steel,1.26
SEC_038,2024-03-16,3,Coal,1.09
SEC_049,2024-12-17,5,Other,1.25
SEC_033,2024-07-13,6,Foodgrain,0.71
SEC_041,2024-04-06,2,Other,0.99
SEC_032,2024-06-12,5,Cement,0.78
SEC_033,2024-03-09,16,Foodgrain,1.44
SEC_021,2024-11-07,16,Steel,1.16
SEC_003,2024-04-08,15,Foodgrain,1.49
SEC_021,2024-06-09,11,Cement,0.87
SEC_043,2024-01-26,10,Coal,1.14
SEC_027,2024-12-11,8,Steel,1.15
SEC_038,2024-04-20,2,Steel,1.05
SEC_003,2024-08-26,4,Coal,0.78
SEC_010,2024-05-09,12,Coal,1.09
SEC_015,2024-07-24,1,Steel,0.74
SEC_018,2024-07-24,4,Steel,0.71
SEC_049,2024-04-16,13,Foodgrain,1.4
SEC_023,2024-06-07,4,Other,0.71
SEC_033,2024-08-06,6,Other,0.74
SEC_032,2024-03-20,13,Steel,1.05
SEC_021,2024-02-18,13,Foodgrain,1.07
SEC_048,2024-03-06,7,Coal,1.06
SEC_011,2024-06-01,6,Other,0.8
SEC_002,2024-03-19,10,Steel,1.02
SEC_037,2024-04-14,12,Coal,1.06
SEC_033,2024-09-08,10,Cement,1.04
SEC_013,2024-09-02,4,Steel,1.01
SEC_043,2024-12-11,11,Foodgrain,1.21
SEC_008,2024-10-06,8,Foodgrain,1.38
SEC_013,2024-06-04,11,Cement,0.76
SEC_008,2024-12-05,11,Other,1.17
SEC_010,2024-12-03,5,Foodgrain,1.08
SEC_036,2024-03-22,8,Cement,0.99
SEC_035,2024-03-03,9,Other,0.99
SEC_032,2024-11-19,10,Cement,1.22
SEC_043,2024-11-21,3,Coal,1.3
SEC_004,2024-11-05,15,Steel,1.33
SEC_031,2024-06-17,9,Foodgrain,0.74
SEC_006,2024-11-11,8,Other,1.39
SEC_047,2024-10-08,8,Cement,1.38
SEC_032,2024-09-28,14,Other,1.04
SEC_038,2024-08-08,7,Cement,0.81
SEC_028,2024-04-07,8,Other,1.06
SEC_019,2024-09-30,10,Foodgrain,0.96
SEC_034,2024-11-17,5,Steel,1.22
SEC_041,2024-11-19,16,Foodgrain,1.31
SEC_009,2024-08-07,4,Coal,0.73
SEC_043,2024-01-15,2,Cement,1.07
SEC_036,2024-09-28,14,Cement,1.05
SEC_005,2024-04-02,4,Coal,1.01
SEC_046,2024-03-16,4,Foodgrain,1.43
SEC_009,2024-01-29,8,Cement,1.17
SEC_030,2024-02-27,2,Cement,1.11
SEC_007,2024-06-28,12,Cement,0.85
SEC_010,2024-04-11,13,Coal,0.99
SEC_032,2024-05-19,8,Steel,1.02
SEC_034,2024-07-06,10,Foodgrain,0.82
SEC_034,2024-07-11,3,Coal,0.77
SEC_017,2024-06-01,11,Coal,0.8
SEC_041,2024-06-14,12,Other,0.83
SEC_003,2024-11-20,9,Foodgrain,1.18
SEC_042,2024-04-13,8,Foodgrain,1.41
SEC_015,2024-01-05,5,Coal,1.05
SEC_031,2024-10-19,17,Cement,1.19
SEC_045,2024-01-30,17,Other,1.21
SEC_013,2024-10-10,7,Other,1.16
SEC_021,2024-04-29,9,Coal,1.04
SEC_041,2024-11-03,4,Steel,1.27
SEC_043,2024-03-02,4,Foodgrain,1.49
SEC_012,2024-03-01,14,Other,1.03
SEC_025,2024-05-28,12,Coal,1.08
SEC_017,2024-06-02,12,Steel,0.89
SEC_026,2024-09-19,3,Coal,1.01
SEC_019,2024-08-24,5,Cement,0.81
SEC_001,2024-12-29,11,Foodgrain,1.23
SEC_046,2024-09-04,2,Cement,1.02
SEC_032,2024-03-14,11,Coal,1.02
SEC_023,2024-02-02,8,Coal,1.13
SEC_006,2024-04-07,7,Foodgrain,1.36
SEC_004,2024-12-25,8,Foodgrain,1.18
SEC_024,2024-10-08,2,Coal,1.23
SEC_032,2024-09-28,12,Steel,1.05
SEC_013,2024-04-09,3,Cement,1.03
SEC_037,2024-06-20,11,Coal,0.79
SEC_020,2024-09-14,2,Other,0.96
SEC_001,2024-12-12,11,Coal,1.17
SEC_027,2024-08-01,7,Cement,0.84
SEC_009,2024-01-08,15,Cement,1.17
SEC_001,2024-11-08,10,Coal,1.26
SEC_007,2024-12-07,7,Cement,1.11
SEC_014,2024-01-13,2,Foodgrain,1.07
SEC_026,2024-05-23,11,Steel,1.04
SEC_049,2024-12-24,10,Coal,1.06
SEC_011,2024-12-15,16,Coal,1.14
SEC_003,2024-12-18,15,Foodgrain,1.09
SEC_010,2024-12-23,7,Steel,1.2
SEC_016,2024-01-09,10,Other,1.21
SEC_011,2024-02-25,2,Foodgrain,1.1
SEC_016,2024-07-01,11,Coal,0.77
SEC_048,2024-08-08,12,Other,0.83
SEC_019,2024-05-26,10,Steel,1.05
SEC_032,2024-04-08,12,Cement,1.03
SEC_034,2024-04-03,10,Other,1.05
SEC_007,2024-08-08,6,Cement,0.85
SEC_013,2024-12-23,13,Foodgrain,1.18
SEC_021,2024-10-29,8,Coal,1.38
SEC_023,2024-03-04,12,Steel,0.96
SEC_001,2024-02-24,6,Foodgrain,1.25
SEC_032,2024-04-06,12,Other,1.04
SEC_015,2024-09-25,12,Coal,1.04
SEC_016,2024-01-04,8,Coal,1.14
SEC_030,2024-09-14,4,Steel,1.01
SEC_047,2024-07-31,11,Cement,0.82
SEC_043,2024-08-29,8,Other,0.73
SEC_049,2024-11-11,16,Coal,1.32
SEC_021,2024-08-04,10,Foodgrain,0.83
SEC_006,2024-08-15,4,Other,0.82
SEC_011,2024-06-24,9,Other,0.86
SEC_017,2024-08-26,3,Cement,0.81
SEC_015,2024-05-19,8,Cement,0.98
SEC_011,2024-01-25,11,Steel,1.18
SEC_008,2024-01-10,10,Steel,1.21
SEC_010,2024-09-18,9,Other,1.09
SEC_033,2024-08-21,11,Cement,0.88
SEC_025,2024-05-29,12,Coal,1.03
SEC_002,2024-09-30,5,Coal,0.98
SEC_028,2024-06-22,8,Other,0.84
SEC_042,2024-04-03,5,Coal,1.02
SEC_021,2024-08-02,10,Cement,0.72
SEC_016,2024-05-18,6,Steel,1.08
SEC_014,2024-12-22,15,Coal,1.18
SEC_019,2024-09-20,5,Coal,1.08
SEC_014,2024-09-30,4,Foodgrain,1.0
SEC_046,2024-09-08,9,Other,0.98
SEC_049,2024-09-07,6,Coal,0.97
SEC_017,2024-10-09,17,Cement,1.19
SEC_046,2024-06-07,2,Foodgrain,0.85
SEC_042,2024-10-27,4,Cement,1.23
SEC_004,2024-01-13,11,Foodgrain,1.19
SEC_025,2024-08-31,12,Coal,0.83
SEC_033,2024-07-16,12,Foodgrain,0.84
SEC_021,2024-01-04,4,Other,1.17
SEC_023,2024-08-29,2,Other,0.7
SEC_025,2024-01-01,7,Steel,1.2
SEC_034,2024-09-14,14,Other,1.04
SEC_015,2024-07-10,9,Coal,0.9
SEC_030,2024-08-10,12,Foodgrain,0.89
SEC_012,2024-08-11,12,Cement,0.85
SEC_044,2024-04-19,15,Cement,1.04
SEC_005,2024-08-15,6,Coal,0.79
SEC_004,2024-03-21,2,Coal,1.09
SEC_002,2024-10-04,14,Cement,1.25
SEC_018,2024-02-02,4,Other,1.19
SEC_030,2024-02-21,3,Cement,1.12
SEC_049,2024-09-14,10,Other,1.1
SEC_023,2024-01-22,2,Other,1.18
SEC_009,2024-12-21,2,Other,1.06
SEC_019,2024-01-12,5,Cement,1.17
SEC_007,2024-07-11,1,Cement,0.7
SEC_024,2024-12-26,13,Cement,1.11
SEC_036,2024-09-03,2,Steel,1.08
SEC_002,2024-08-19,2,Foodgrain,0.77
SEC_039,2024-09-10,8,Steel,1.06
SEC_012,2024-09-15,2,Foodgrain,1.0
SEC_033,2024-02-29,7,Foodgrain,1.1
SEC_040,2024-04-23,15,Coal,1.1
SEC_039,2024-03-11,4,Coal,1.05
SEC_033,2024-03-18,12,Other,1.05
SEC_034,2024-03-17,10,Foodgrain,1.45
SEC_010,2024-08-21,6,Coal,0.74
SEC_007,2024-12-07,4,Steel,1.18
SEC_019,2024-07-23,6,Other,0.75
SEC_030,2024-01-06,15,Cement,1.16
SEC_031,2024-09-10,8,Other,0.98
SEC_039,2024-07-17,4,Cement,0.82
SEC_016,2024-10-11,8,Cement,1.38
SEC_043,2024-05-18,6,Steel,0.96
SEC_023,2024-06-05,8,Other,0.84
SEC_013,2024-08-29,8,Cement,0.85
SEC_037,2024-09-15,12,Steel,1.03
SEC_007,2024-03-21,7,Steel,1.01
SEC_020,2024-08-02,10,Cement,0.86
SEC_039,2024-12-17,8,Steel,1.14
SEC_038,2024-01-24,4,Cement,1.1
SEC_013,2024-05-01,2,Foodgrain,0.98
SEC_009,2024-07-14,12,Steel,0.86
SEC_002,2024-12-04,16,Coal,1.2
SEC_005,2024-12-20,14,Cement,1.14
SEC_041,2024-08-03,7,Steel,0.72
SEC_039,2024-07-19,3,Foodgrain,0.72
SEC_025,2024-05-31,4,Steel,1.04
SEC_028,2024-06-12,9,Coal,0.78
SEC_017,2024-09-25,4,Coal,1.03
SEC_010,2024-07-18,6,Other,0.88
SEC_001,2024-07-21,7,Steel,0.8
SEC_033,2024-11-04,17,Foodgrain,1.24
SEC_002,2024-02-20,2,Foodgrain,1.1
SEC_006,2024-12-16,4,Steel,1.12
SEC_039,2024-09-14,8,Other,1.09
SEC_029,2024-08-02,9,Other,0.76
SEC_024,2024-07-31,5,Coal,0.76
SEC_011,2024-07-30,3,Coal,0.74
SEC_008,2024-07-26,6,Steel,0.85
SEC_023,2024-05-08,8,Coal,1.06
SEC_018,2024-09-27,2,Coal,1.07
SEC_027,2024-04-02,10,Other,1.01
SEC_009,2024-08-27,2,Coal,0.9
SEC_012,2024-07-11,11,Coal,0.87
SEC_006,2024-05-14,6,Steel,1.05
SEC_021,2024-10-21,5,Foodgrain,1.31
SEC_014,2024-04-26,19,Foodgrain,1.34
SEC_011,2024-08-29,1,Cement,0.74
SEC_027,2024-04-01,10,Cement,0.96
SEC_025,2024-03-14,3,Coal,1.07
SEC_011,2024-07-29,3,Cement,0.85
SEC_035,2024-12-23,5,Coal,1.08
SEC_017,2024-04-19,11,Other,0.96
SEC_017,2024-02-11,11,Steel,1.07
SEC_024,2024-02-14,2,Other,1.18
SEC_007,2024-06-29,7,Other,0.73
SEC_021,2024-10-13,8,Coal,1.37
SEC_029,2024-09-17,12,Steel,1.0
SEC_007,2024-03-17,4,Coal,1.05
SEC_028,2024-11-01,15,Other,1.19
SEC_002,2024-03-01,15,Foodgrain,1.39
SEC_030,2024-07-23,10,Other,0.89
SEC_002,2024-11-06,6,Foodgrain,1.27
SEC_009,2024-10-22,4,Other,1.36
SEC_018,2024-09-13,10,Foodgrain,0.98
SEC_031,2024-05-01,2,Coal,0.96
SEC_036,2024-10-07,12,Foodgrain,1.29
SEC_023,2024-05-21,11,Cement,0.98
SEC_007,2024-05-08,12,Other,0.99
SEC_019,2024-07-13,8,Other,0.89
SEC_039,2024-08-13,9,Foodgrain,0.82
SEC_005,2024-03-17,7,Other,1.05
SEC_036,2024-12-07,2,Other,1.12
SEC_019,2024-11-13,5,Other,1.37
SEC_001,2024-04-13,13,Other,0.98
SEC_035,2024-03-29,15,Steel,1.08
SEC_002,2024-01-26,7,Foodgrain,1.19
SEC_019,2024-05-28,9,Coal,1.08
SEC_010,2024-03-03,4,Coal,0.97
SEC_029,2024-12-06,10,Other,1.14
SEC_003,2024-11-24,13,Steel,1.29
SEC_005,2024-10-30,11,Foodgrain,1.32
SEC_027,2024-04-13,13,Steel,0.97
SEC_049,2024-09-09,4,Other,1.09
SEC_002,2024-06-28,4,Other,0.89
SEC_023,2024-04-10,5,Cement,1.06
SEC_040,2024-07-14,10,Other,0.87
SEC_015,2024-03-01,18,Foodgrain,1.32
SEC_025,2024-12-17,11,Coal,1.12
SEC_042,2024-02-29,16,Cement,1.13
SEC_036,2024-04-20,8,Coal,1.04
SEC_015,2024-03-22,4,Foodgrain,1.44
SEC_037,2024-07-09,7,Other,0.75
SEC_034,2024-09-02,9,Coal,1.0
SEC_025,2024-12-16,15,Foodgrain,1.19
SEC_022,2024-05-22,3,Cement,1.02
SEC_046,2024-03-14,5,Cement,1.07
SEC_043,2024-01-08,3,Foodgrain,1.1
SEC_049,2024-08-06,10,Steel,0.79
SEC_034,2024-12-24,14,Steel,1.18
SEC_018,2024-01-24,4,Coal,1.08
SEC_006,2024-12-30,14,Cement,1.1
SEC_007,2024-04-06,9,Steel,1.05
SEC_047,2024-11-28,9,Cement,1.27
SEC_018,2024-01-26,13,Coal,1.08
SEC_006,2024-11-22,14,Steel,1.38
SEC_011,2024-04-30,9,Steel,1.0
SEC_002,2024-04-10,14,Cement,1.03
SEC_027,2024-03-16,7,Coal,1.07
SEC_029,2024-02-18,13,Foodgrain,1.11
SEC_019,2024-10-19,13,Foodgrain,1.33
SEC_037,2024-01-26,14,Steel,1.24
SEC_024,2024-06-18,2,Cement,0.82
SEC_048,2024-12-13,3,Other,1.12
SEC_038,2024-05-28,7,Coal,1.01
SEC_004,2024-10-29,7,Other,1.23
SEC_014,2024-09-10,8,Other,0.99
SEC_037,2024-10-18,14,Other,1.36
SEC_027,2024-12-12,13,Coal,1.07
SEC_037,2024-02-05,14,Steel,1.07
SEC_017,2024-04-20,7,Cement,1.05
SEC_002,2024-04-27,12,Steel,1.04
SEC_039,2024-01-25,5,Steel,1.16
SEC_039,2024-02-08,6,Foodgrain,1.05
SEC_032,2024-02-10,4,Other,1.11
SEC_020,2024-12-13,6,Coal,1.2
SEC_001,2024-11-09,13,Coal,1.18
SEC_036,2024-08-03,3,Other,0.73
SEC_033,2024-11-05,5,Foodgrain,1.29
SEC_033,2024-05-05,11,Coal,0.96
SEC_009,2024-06-22,10,Other,0.84
SEC_036,2024-11-19,8,Steel,1.33
SEC_036,2024-02-24,6,Coal,1.16
SEC_043,2024-02-23,4,Cement,1.11
SEC_028,2024-07-11,5,Cement,0.72
SEC_036,2024-04-02,9,Coal,0.98
SEC_020,2024-09-01,3,Cement,1.04
SEC_035,2024-08-20,12,Steel,0.86
SEC_035,2024-05-01,15,Steel,1.05
SEC_039,2024-02-12,5,Cement,1.22
SEC_042,2024-01-31,7,Coal,1.21
SEC_001,2024-06-11,9,Coal,0.75
SEC_039,2024-04-27,9,Other,1.01
SEC_039,2024-01-13,11,Other,1.19
SEC_027,2024-09-09,10,Other,1.07
SEC_026,2024-12-16,3,Cement,1.1
SEC_036,2024-12-24,14,Coal,1.11
SEC_023,2024-02-13,14,Steel,1.06
SEC_021,2024-03-10,7,Other,0.95
SEC_040,2024-06-07,11,Cement,0.83
SEC_039,2024-11-30,5,Other,1.33
SEC_011,2024-07-29,11,Foodgrain,0.88
SEC_041,2024-06-16,7,Foodgrain,0.83
SEC_016,2024-12-04,5,Cement,1.14
SEC_007,2024-08-30,2,Cement,0.79
SEC_044,2024-12-26,16,Cement,1.13
SEC_012,2024-11-12,9,Coal,1.31
SEC_010,2024-12-31,5,Steel,1.15
SEC_014,2024-07-23,11,Foodgrain,0.85
SEC_025,2024-05-17,3,Cement,1.06
SEC_009,2024-01-23,15,Other,1.15
SEC_008,2024-09-24,9,Steel,1.09
SEC_020,2024-04-07,7,Cement,0.99
SEC_011,2024-01-05,13,Cement,1.21
SEC_010,2024-10-20,15,Steel,1.25
SEC_045,2024-06-04,9,Coal,0.83
SEC_030,2024-07-21,9,Cement,0.71
SEC_001,2024-10-13,11,Steel,1.34
SEC_005,2024-04-30,7,Steel,1.09
SEC_040,2024-10-25,12,Steel,1.18
SEC_014,2024-08-01,8,Steel,0.85
SEC_008,2024-07-26,4,Coal,0.73
SEC_033,2024-04-08,13,Coal,1.01
SEC_042,2024-10-15,6,Other,1.16
SEC_020,2024-03-29,10,Coal,0.95
SEC_037,2024-08-14,7,Foodgrain,0.89
SEC_021,2024-10-30,11,Foodgrain,1.37
SEC_006,2024-02-12,13,Cement,1.18
SEC_040,2024-05-26,14,Steel,1.03
SEC_046,2024-09-04,6,Other,1.0
SEC_049,2024-04-10,3,Cement,0.99
SEC_005,2024-01-11,9,Foodgrain,1.23
SEC_028,2024-05-29,13,Other,0.96
SEC_031,2024-06-30,9,Steel,0.75
SEC_004,2024-12-02,5,Foodgrain,1.15
SEC_047,2024-10-22,13,Foodgrain,1.26
SEC_006,2024-03-07,14,Coal,1.0
SEC_014,2024-04-11,14,Coal,1.04
SEC_048,2024-03-08,11,Other,0.95
SEC_028,2024-11-29,11,Coal,1.35
SEC_034,2024-05-09,12,Coal,1.09
SEC_025,2024-11-22,15,Coal,1.39
SEC_037,2024-01-23,11,Foodgrain,1.2
SEC_004,2024-07-23,4,Steel,0.9
SEC_034,2024-01-28,14,Steel,1.17
SEC_004,2024-07-21,8,Other,0.73
SEC_009,2024-01-05,7,Other,1.23
SEC_025,2024-02-27,7,Other,1.07
SEC_022,2024-02-23,15,Steel,1.18
SEC_008,2024-09-16,9,Coal,1.07
SEC_040,2024-08-22,5,Other,0.76
SEC_015,2024-07-23,8,Foodgrain,0.89
SEC_043,2024-03-12,9,Other,1.05
SEC_001,2024-04-07,14,Coal,1.09
SEC_012,2024-05-18,8,Other,0.96
SEC_015,2024-12-24,4,Steel,1.1
SEC_030,2024-09-15,11,Cement,1.06
SEC_020,2024-01-12,8,Coal,1.15
SEC_008,2024-01-12,12,Cement,1.19
SEC_028,2024-05-07,7,Foodgrain,0.96
SEC_047,2024-03-17,9,Other,1.08
SEC_007,2024-05-28,5,Coal,0.96
SEC_013,2024-12-30,12,Steel,1.16
SEC_024,2024-03-12,5,Cement,1.06
SEC_036,2024-08-06,11,Other,0.88
SEC_007,2024-06-25,9,Other,0.86
SEC_012,2024-08-29,5,Coal,0.74
SEC_012,2024-07-19,2,Coal,0.84
SEC_031,2024-07-07,8,Steel,0.73
SEC_005,2024-04-11,2,Coal,1.06
SEC_033,2024-12-19,13,Foodgrain,1.16
SEC_021,2024-04-07,6,Foodgrain,1.47
SEC_017,2024-02-22,14,Other,1.09
SEC_043,2024-02-05,10,Coal,1.09
SEC_041,2024-01-25,4,Steel,1.23
SEC_040,2024-05-09,10,Steel,0.97
SEC_044,2024-10-25,9,Foodgrain,1.17
SEC_012,2024-02-26,12,Steel,1.17
SEC_042,2024-01-02,8,Cement,1.1
SEC_009,2024-07-12,3,Other,0.84
SEC_017,2024-07-24,6,Cement,0.8
SEC_028,2024-07-25,2,Cement,0.89
SEC_037,2024-01-01,8,Coal,1.25
SEC_029,2024-03-15,14,Other,1.08
SEC_028,2024-05-07,4,Foodgrain,1.0
SEC_019,2024-09-27,12,Coal,1.0
SEC_030,2024-08-26,8,Cement,0.75
SEC_024,2024-10-25,11,Foodgrain,1.22
SEC_024,2024-07-19,9,Other,0.86
SEC_029,2024-05-27,4,Cement,1.06
SEC_030,2024-07-23,7,Other,0.85
SEC_017,2024-05-20,10,Other,1.04
SEC_007,2024-02-27,15,Steel,1.19
SEC_015,2024-07-29,9,Steel,0.82
SEC_021,2024-04-17,10,Steel,0.99
SEC_008,2024-04-06,9,Steel,1.04
SEC_009,2024-09-16,15,Cement,1.09
SEC_047,2024-01-25,11,Other,1.07
SEC_014,2024-01-09,8,Foodgrain,1.1
SEC_037,2024-05-10,5,Other,1.07
SEC_007,2024-08-05,8,Cement,0.88
SEC_048,2024-11-03,13,Steel,1.18
SEC_011,2024-07-08,8,Other,0.8
SEC_020,2024-04-04,20,Foodgrain,1.42
SEC_039,2024-05-05,13,Coal,1.08
SEC_010,2024-05-18,9,Cement,0.95
SEC_027,2024-05-02,14,Other,1.1
SEC_039,2024-09-01,3,Steel,1.06
SEC_002,2024-10-19,5,Steel,1.22
SEC_002,2024-09-16,12,Cement,0.96
SEC_039,2024-05-19,14,Other,1.01
SEC_013,2024-04-15,3,Steel,1.09
SEC_045,2024-01-30,13,Foodgrain,1.12
SEC_046,2024-10-19,4,Cement,1.21
SEC_044,2024-12-18,8,Other,1.12
SEC_049,2024-01-21,13,Coal,1.16
SEC_041,2024-02-17,2,Coal,1.17
SEC_019,2024-03-19,5,Other,1.08
SEC_049,2024-10-18,5,Foodgrain,1.24
SEC_017,2024-03-20,9,Cement,1.09
SEC_029,2024-01-06,12,Coal,1.05
SEC_001,2024-05-02,12,Coal,1.01
SEC_048,2024-05-13,3,Cement,0.99
SEC_030,2024-05-24,3,Steel,1.07
SEC_047,2024-07-07,2,Other,0.77
SEC_018,2024-03-29,4,Foodgrain,1.33
SEC_016,2024-01-11,12,Other,1.13
SEC_026,2024-02-09,8,Foodgrain,1.15
SEC_043,2024-09-25,3,Cement,1.09
SEC_027,2024-08-29,10,Cement,0.87
SEC_039,2024-04-05,13,Coal,1.07
SEC_011,2024-12-10,18,Cement,1.25
SEC_039,2024-07-17,8,Other,0.87
SEC_036,2024-10-18,18,Steel,1.37
SEC_044,2024-10-16,10,Steel,1.19
SEC_003,2024-04-19,17,Foodgrain,1.41
SEC_019,2024-08-04,10,Cement,0.83
SEC_005,2024-08-05,10,Steel,0.84
SEC_020,2024-06-15,3,Steel,0.72
SEC_038,2024-08-20,3,Other,0.76
SEC_032,2024-05-03,9,Other,0.98
SEC_037,2024-02-05,11,Foodgrain,1.09
SEC_037,2024-01-17,17,Steel,1.2
SEC_049,2024-06-12,11,Steel,0.77
SEC_044,2024-11-30,4,Steel,1.19
SEC_029,2024-03-19,17,Foodgrain,1.38
SEC_043,2024-08-04,3,Coal,0.7
SEC_003,2024-03-01,5,Cement,1.07
SEC_036,2024-08-19,4,Foodgrain,0.87
SEC_026,2024-03-08,4,Coal,1.09
SEC_047,2024-06-10,6,Steel,0.75
SEC_025,2024-10-22,16,Steel,1.31
SEC_009,2024-05-16,15,Other,1.06
SEC_036,2024-12-07,5,Other,1.08
SEC_047,2024-01-18,14,Cement,1.16
SEC_001,2024-01-31,10,Cement,1.14
SEC_004,2024-03-02,4,Other,1.03
SEC_033,2024-03-30,13,Cement,1.06
SEC_028,2024-06-04,5,Steel,0.89
SEC_027,2024-11-30,7,Steel,1.19
SEC_005,2024-03-29,2,Cement,1.03
SEC_029,2024-05-10,2,Foodgrain,0.98
SEC_028,2024-01-17,11,Foodgrain,1.14
SEC_042,2024-09-18,7,Other,1.01
SEC_020,2024-07-18,5,Other,0.72
SEC_018,2024-01-17,2,Cement,1.1
SEC_004,2024-06-18,6,Steel,0.85
SEC_028,2024-03-20,7,Foodgrain,1.48
SEC_032,2024-06-03,4,Steel,0.73
SEC_014,2024-04-14,7,Foodgrain,1.37
SEC_036,2024-10-14,8,Steel,1.26
SEC_046,2024-01-22,6,Foodgrain,1.17
SEC_009,2024-08-07,5,Foodgrain,0.75
SEC_029,2024-10-17,16,Cement,1.17
SEC_035,2024-01-01,14,Other,1.2
SEC_001,2024-11-27,8,Foodgrain,1.36
SEC_009,2024-10-05,5,Steel,1.36
SEC_020,2024-04-12,7,Coal,1.09
SEC_007,2024-06-25,9,Cement,0.71
SEC_018,2024-09-06,3,Other,1.0
SEC_008,2024-07-08,11,Steel,0.81
SEC_044,2024-10-03,7,Coal,1.34
SEC_030,2024-11-21,8,Coal,1.26
SEC_017,2024-05-11,7,Steel,1.01
SEC_039,2024-02-09,13,Other,1.08
SEC_001,2024-06-06,2,Cement,0.79
SEC_030,2024-08-07,11,Cement,0.87
SEC_034,2024-10-10,18,Steel,1.35
SEC_040,2024-04-13,3,Other,1.04
SEC_011,2024-12-05,11,Foodgrain,1.11
SEC_029,2024-01-14,16,Foodgrain,1.17
SEC_038,2024-07-31,4,Other,0.88
SEC_040,2024-06-09,3,Cement,0.87
SEC_009,2024-09-11,4,Steel,1.01
SEC_048,2024-04-13,9,Cement,1.07
SEC_014,2024-12-07,12,Steel,1.09
SEC_020,2024-01-01,4,Cement,1.06
SEC_010,2024-10-25,10,Coal,1.28
SEC_008,2024-06-29,10,Coal,0.89
SEC_013,2024-07-07,11,Other,0.85
SEC_007,2024-04-23,10,Coal,1.03
SEC_036,2024-05-23,11,Foodgrain,1.02
SEC_030,2024-06-07,6,Coal,0.86
SEC_020,2024-04-23,14,Coal,1.0
SEC_027,2024-01-05,7,Cement,1.23
SEC_030,2024-05-26,4,Steel,1.08
SEC_010,2024-05-27,12,Cement,1.05
SEC_015,2024-09-21,12,Foodgrain,1.0
SEC_044,2024-06-21,9,Cement,0.86
SEC_001,2024-07-20,7,Cement,0.8
SEC_047,2024-06-19,5,Coal,0.72
SEC_048,2024-06-04,4,Foodgrain,0.82
SEC_013,2024-09-19,8,Cement,1.05
SEC_016,2024-09-04,8,Steel,0.95
SEC_011,2024-12-28,12,Coal,1.21
SEC_028,2024-06-30,11,Foodgrain,0.82
SEC_011,2024-01-11,9,Other,1.25
SEC_039,2024-08-02,5,Steel,0.82
SEC_019,2024-05-24,12,Steel,0.98
SEC_048,2024-02-05,2,Coal,1.09
SEC_042,2024-11-09,19,Cement,1.38
SEC_020,2024-08-19,7,Steel,0.73
SEC_030,2024-08-17,12,Coal,0.85
SEC_002,2024-08-20,6,Coal,0.76
SEC_004,2024-12-25,5,Steel,1.18
SEC_025,2024-09-08,4,Steel,0.96
SEC_024,2024-09-18,12,Foodgrain,1.07
SEC_020,2024-10-01,18,Foodgrain,1.28
SEC_005,2024-09-22,13,Foodgrain,1.05
SEC_042,2024-09-14,3,Steel,1.04
SEC_020,2024-01-28,8,Coal,1.18
SEC_024,2024-05-27,15,Cement,1.1
SEC_020,2024-04-10,4,Foodgrain,1.33
SEC_025,2024-11-21,12,Coal,1.32
SEC_032,2024-08-01,11,Coal,0.8
SEC_038,2024-07-07,3,Other,0.78
SEC_027,2024-07-10,11,Other,0.76
SEC_009,2024-09-06,7,Coal,1.0
SEC_043,2024-10-06,9,Foodgrain,1.28
SEC_014,2024-03-14,5,Foodgrain,1.31
SEC_001,2024-12-29,8,Foodgrain,1.17
SEC_002,2024-10-05,4,Other,1.18
SEC_038,2024-03-16,10,Foodgrain,1.36
SEC_019,2024-08-09,2,Steel,0.72
SEC_002,2024-06-05,10,Cement,0.77
SEC_040,2024-05-17,11,Other,1.02
SEC_015,2024-11-13,10,Coal,1.19
SEC_048,2024-04-14,2,Other,1.03
SEC_044,2024-11-02,6,Cement,1.3
SEC_003,2024-08-21,2,Other,0.72
SEC_034,2024-10-26,16,Other,1.37
SEC_030,2024-09-29,11,Coal,1.1
SEC_009,2024-08-15,11,Foodgrain,0.83
SEC_017,2024-03-10,11,Coal,0.97
SEC_025,2024-12-29,3,Coal,1.07
SEC_008,2024-08-23,3,Other,0.87
SEC_036,2024-05-10,11,Steel,0.98
SEC_014,2024-04-03,9,Coal,0.99
SEC_046,2024-02-12,4,Other,1.24
SEC_040,2024-04-25,18,Foodgrain,1.35
SEC_032,2024-02-18,16,Coal,1.2
SEC_006,2024-11-20,7,Steel,1.35
SEC_002,2024-06-08,7,Coal,0.74
SEC_008,2024-08-17,6,Cement,0.74
SEC_025,2024-10-21,18,Other,1.29
SEC_039,2024-12-17,14,Steel,1.18
SEC_008,2024-06-14,6,Other,0.77
SEC_035,2024-01-20,12,Steel,1.19
SEC_003,2024-08-11,10,Foodgrain,0.75
SEC_014,2024-12-12,4,Steel,1.08
SEC_030,2024-05-11,2,Coal,1.09
SEC_041,2024-02-07,15,Coal,1.19
SEC_039,2024-09-18,11,Foodgrain,0.96
SEC_027,2024-08-15,9,Coal,0.78
SEC_002,2024-02-26,2,Other,1.19
SEC_015,2024-01-02,11,Other,1.12
SEC_039,2024-07-09,12,Steel,0.84
SEC_004,2024-02-24,13,Steel,1.08
SEC_035,2024-03-08,4,Coal,0.97
SEC_035,2024-04-23,9,Foodgrain,1.35
SEC_037,2024-06-20,13,Other,0.9
SEC_011,2024-10-26,4,Steel,1.22
SEC_012,2024-06-06,4,Cement,0.75
SEC_010,2024-11-02,3,Steel,1.28
SEC_020,2024-08-09,6,Foodgrain,0.79
SEC_026,2024-05-23,9,Foodgrain,0.96
SEC_006,2024-07-05,4,Other,0.79
SEC_028,2024-02-21,11,Foodgrain,1.09
SEC_012,2024-12-23,11,Cement,1.08
SEC_028,2024-04-20,13,Other,1.0
SEC_015,2024-11-25,14,Other,1.3
SEC_047,2024-08-24,9,Other,0.88
SEC_016,2024-04-17,5,Coal,0.95
SEC_043,2024-06-27,8,Coal,0.8
SEC_009,2024-02-14,4,Foodgrain,1.07
SEC_005,2024-08-13,8,Steel,0.7
SEC_010,2024-01-24,10,Cement,1.13
SEC_021,2024-08-21,4,Foodgrain,0.76
SEC_045,2024-03-13,9,Foodgrain,1.45
SEC_009,2024-02-17,14,Coal,1.1
SEC_039,2024-03-22,9,Steel,1.1
SEC_035,2024-02-02,3,Foodgrain,1.06
SEC_017,2024-11-21,13,Cement,1.32
SEC_017,2024-12-08,9,Coal,1.13
SEC_047,2024-12-04,14,Cement,1.18
SEC_036,2024-09-19,3,Foodgrain,1.06
SEC_012,2024-03-25,3,Steel,1.03
SEC_045,2024-10-04,10,Other,1.19
SEC_020,2024-10-04,4,Foodgrain,1.26
SEC_004,2024-03-27,12,Steel,0.96
SEC_040,2024-11-01,3,Cement,1.39
SEC_043,2024-12-30,14,Coal,1.23
SEC_022,2024-05-18,4,Cement,0.97
SEC_035,2024-08-03,2,Cement,0.77
SEC_012,2024-11-15,4,Foodgrain,1.23
SEC_042,2024-04-06,12,Steel,1.06
SEC_019,2024-12-27,6,Steel,1.21
SEC_014,2024-04-20,5,Steel,1.09
SEC_025,2024-12-20,2,Coal,1.16
SEC_014,2024-03-26,7,Other,0.96
SEC_031,2024-09-28,9,Other,0.96
SEC_037,2024-07-11,7,Foodgrain,0.8
SEC_020,2024-05-16,8,Other,1.09
SEC_039,2024-06-09,6,Cement,0.74
SEC_022,2024-03-24,3,Cement,0.96
SEC_048,2024-09-02,3,Cement,0.97
SEC_013,2024-12-29,11,Foodgrain,1.24
SEC_035,2024-08-02,11,Foodgrain,0.82
SEC_027,2024-04-11,10,Coal,1.04
SEC_047,2024-09-02,14,Cement,0.98
SEC_011,2024-06-09,13,Foodgrain,0.9
SEC_010,2024-12-03,12,Steel,1.08
SEC_043,2024-04-06,7,Foodgrain,1.41
SEC_045,2024-07-08,10,Other,0.88
SEC_037,2024-06-30,7,Foodgrain,0.78
SEC_024,2024-11-20,2,Foodgrain,1.24
SEC_021,2024-02-10,9,Steel,1.24
SEC_033,2024-08-14,3,Other,0.85
SEC_037,2024-10-23,14,Coal,1.16
SEC_014,2024-05-12,12,Other,1.0
SEC_001,2024-07-03,9,Other,0.72
SEC_004,2024-04-17,10,Coal,0.99
SEC_017,2024-06-02,10,Foodgrain,0.81
SEC_034,2024-12-13,8,Foodgrain,1.16
SEC_022,2024-05-12,5,Other,0.96
SEC_031,2024-03-14,4,Steel,1.08
SEC_024,2024-07-31,3,Cement,0.81
SEC_013,2024-06-20,2,Coal,0.82
SEC_037,2024-10-12,11,Other,1.35
SEC_036,2024-01-14,10,Cement,1.05
SEC_048,2024-11-26,8,Steel,1.33
SEC_041,2024-09-13,3,Coal,0.96
SEC_019,2024-11-03,16,Coal,1.24
SEC_035,2024-05-29,4,Other,1.04
SEC_018,2024-06-12,2,Cement,0.81
SEC_043,2024-05-02,14,Steel,0.98
SEC_030,2024-11-01,8,Foodgrain,1.38
SEC_041,2024-01-27,10,Foodgrain,1.19
SEC_014,2024-07-12,9,Coal,0.9
SEC_001,2024-04-05,17,Foodgrain,1.34
SEC_007,2024-08-21,2,Cement,0.85
SEC_027,2024-12-18,6,Cement,1.05
SEC_048,2024-09-03,12,Coal,1.03
SEC_031,2024-01-17,9,Other,1.1
SEC_040,2024-05-26,10,Coal,1.02
SEC_023,2024-01-12,9,Other,1.09
SEC_047,2024-06-26,9,Other,0.76
SEC_047,2024-03-04,2,Cement,0.99
SEC_011,2024-09-10,11,Foodgrain,1.01
SEC_043,2024-07-14,5,Coal,0.77
SEC_001,2024-04-22,9,Steel,1.05
SEC_030,2024-11-09,7,Foodgrain,1.18
SEC_022,2024-09-30,13,Coal,1.01
SEC_015,2024-08-17,6,Cement,0.74
SEC_046,2024-05-09,3,Other,1.08
SEC_033,2024-04-09,4,Cement,0.96
SEC_007,2024-08-02,8,Other,0.7
SEC_007,2024-10-16,3,Foodgrain,1.37
SEC_006,2024-11-02,16,Steel,1.22
SEC_015,2024-10-11,5,Coal,1.17
SEC_004,2024-01-09,2,Foodgrain,1.24
SEC_013,2024-12-26,5,Coal,1.18
SEC_038,2024-03-28,14,Cement,1.02
SEC_043,2024-01-04,8,Other,1.21
SEC_039,2024-07-24,10,Coal,0.75
SEC_025,2024-06-15,9,Foodgrain,0.72
SEC_035,2024-02-08,6,Foodgrain,1.16
SEC_047,2024-03-19,4,Steel,1.05
SEC_003,2024-03-16,15,Steel,1.07
SEC_045,2024-06-09,9,Cement,0.72
SEC_036,2024-10-01,18,Steel,1.36
SEC_019,2024-09-06,11,Coal,0.98
SEC_022,2024-01-10,14,Cement,1.1
SEC_022,2024-03-04,10,Coal,1.03
SEC_008,2024-08-11,8,Steel,0.72
SEC_012,2024-10-20,9,Coal,1.33
SEC_015,2024-01-13,9,Foodgrain,1.15
SEC_001,2024-05-02,15,Steel,1.04
SEC_025,2024-02-12,2,Steel,1.08
SEC_024,2024-06-26,1,Steel,0.74
SEC_017,2024-05-22,3,Foodgrain,1.02
SEC_009,2024-03-04,4,Cement,1.04
SEC_048,2024-12-19,4,Other,1.2
SEC_034,2024-10-06,3,Cement,1.36
SEC_024,2024-07-18,2,Foodgrain,0.73
SEC_036,2024-10-07,10,Foodgrain,1.24
SEC_019,2024-04-24,13,Foodgrain,1.32
SEC_011,2024-12-08,13,Coal,1.12
SEC_033,2024-05-30,14,Foodgrain,1.03
SEC_038,2024-05-21,5,Cement,0.98
SEC_032,2024-07-27,7,Other,0.77
SEC_028,2024-07-30,11,Coal,0.88
SEC_001,2024-08-14,10,Cement,0.75
SEC_032,2024-10-31,14,Coal,1.38
SEC_031,2024-04-08,12,Coal,0.97
SEC_021,2024-09-15,5,Coal,1.07
SEC_012,2024-03-13,4,Coal,0.95
SEC_048,2024-03-28,14,Coal,1.07
SEC_019,2024-06-30,5,Foodgrain,0.88
SEC_014,2024-07-10,11,Other,0.79
SEC_035,2024-08-24,8,Cement,0.85
SEC_024,2024-02-20,4,Cement,1.22
SEC_028,2024-10-25,5,Coal,1.2
SEC_032,2024-07-22,3,Other,0.88
SEC_019,2024-08-04,4,Foodgrain,0.83
SEC_008,2024-09-30,6,Coal,0.96
SEC_009,2024-09-10,10,Cement,0.98
SEC_047,2024-06-05,10,Cement,0.86
SEC_025,2024-06-26,9,Foodgrain,0.82
SEC_021,2024-03-26,12,Cement,0.97
SEC_016,2024-07-26,4,Cement,0.71
SEC_036,2024-03-15,12,Foodgrain,1.36
SEC_045,2024-08-20,5,Steel,0.79
SEC_038,2024-06-01,6,Other,0.9
SEC_027,2024-03-27,11,Cement,1.01
SEC_024,2024-06-23,5,Foodgrain,0.87
SEC_043,2024-12-07,7,Cement,1.12
SEC_042,2024-07-24,4,Steel,0.71
SEC_020,2024-05-06,11,Other,0.98
SEC_048,2024-06-13,10,Cement,0.75
SEC_041,2024-08-09,5,Cement,0.86
SEC_042,2024-02-26,11,Steel,1.22
SEC_003,2024-07-24,8,Steel,0.89
SEC_007,2024-01-13,2,Other,1.14
SEC_015,2024-11-08,12,Cement,1.38
SEC_038,2024-08-11,8,Coal,0.8
SEC_004,2024-02-11,7,Other,1.06
SEC_005,2024-06-19,9,Coal,0.88
SEC_002,2024-11-19,5,Foodgrain,1.26
SEC_010,2024-12-19,13,Foodgrain,1.21
SEC_046,2024-02-20,10,Steel,1.21
SEC_036,2024-04-08,10,Foodgrain,1.47
SEC_036,2024-02-22,14,Coal,1.07
SEC_015,2024-05-14,4,Cement,0.98
SEC_031,2024-11-11,16,Cement,1.22
SEC_039,2024-09-15,4,Other,1.06
SEC_027,2024-04-04,12,Foodgrain,1.49
SEC_042,2024-04-29,11,Foodgrain,1.35
SEC_028,2024-08-11,9,Coal,0.78
SEC_016,2024-08-06,2,Steel,0.75
SEC_032,2024-06-18,6,Foodgrain,0.81
SEC_047,2024-06-03,5,Foodgrain,0.72
SEC_041,2024-12-07,5,Other,1.23
SEC_025,2024-07-03,6,Steel,0.83
SEC_030,2024-10-13,14,Coal,1.24
SEC_048,2024-12-17,13,Other,1.16
SEC_037,2024-05-02,2,Foodgrain,0.97
SEC_025,2024-10-12,17,Coal,1.39
SEC_014,2024-10-24,5,Other,1.27
SEC_045,2024-03-21,9,Steel,1.09
SEC_048,2024-03-23,10,Other,0.97
SEC_004,2024-02-29,13,Steel,1.14
SEC_002,2024-08-13,6,Steel,0.8
SEC_006,2024-10-05,7,Steel,1.36
SEC_019,2024-10-02,12,Coal,1.34
SEC_008,2024-05-21,13,Other,1.0
SEC_044,2024-09-14,11,Foodgrain,1.01
SEC_045,2024-01-11,7,Foodgrain,1.2
SEC_009,2024-08-28,8,Steel,0.77
SEC_041,2024-06-22,5,Foodgrain,0.77
SEC_007,2024-10-30,16,Foodgrain,1.3
SEC_039,2024-12-20,6,Steel,1.17
SEC_018,2024-07-22,10,Foodgrain,0.74
SEC_002,2024-08-15,8,Foodgrain,0.8
SEC_021,2024-12-05,4,Cement,1.1
SEC_041,2024-05-05,6,Cement,1.04
SEC_046,2024-02-23,3,Cement,1.08
SEC_006,2024-07-04,4,Coal,0.75
SEC_041,2024-05-10,9,Other,1.09
SEC_015,2024-08-20,3,Cement,0.84
SEC_023,2024-10-13,12,Cement,1.24
SEC_006,2024-07-03,7,Cement,0.72
SEC_048,2024-04-22,16,Foodgrain,1.31
SEC_039,2024-07-25,3,Foodgrain,0.85
SEC_032,2024-06-11,5,Coal,0.8
SEC_036,2024-03-08,9,Other,1.03
SEC_043,2024-10-09,7,Other,1.32
SEC_008,2024-05-01,5,Other,0.99
SEC_013,2024-07-16,2,Cement,0.77
SEC_002,2024-11-28,18,Steel,1.36
SEC_024,2024-03-09,8,Steel,1.09
SEC_025,2024-06-05,8,Other,0.71
SEC_002,2024-03-04,2,Steel,1.08
SEC_033,2024-06-08,3,Cement,0.74
SEC_001,2024-04-20,4,Cement,1.07
SEC_039,2024-12-01,8,Coal,1.09
SEC_035,2024-04-20,9,Coal,0.96
SEC_040,2024-08-12,7,Coal,0.88
SEC_006,2024-02-20,10,Cement,1.14
SEC_043,2024-06-15,9,Steel,0.77
SEC_027,2024-11-01,7,Steel,1.22
SEC_043,2024-09-02,11,Other,1.1
SEC_035,2024-04-13,7,Foodgrain,1.35
SEC_033,2024-12-21,5,Coal,1.14
SEC_002,2024-10-20,6,Steel,1.22
SEC_034,2024-05-27,4,Foodgrain,0.99
SEC_022,2024-12-22,4,Foodgrain,1.23
SEC_042,2024-03-09,5,Cement,0.98
SEC_034,2024-05-01,2,Other,1.07
SEC_004,2024-12-06,14,Coal,1.14
SEC_044,2024-12-21,7,Steel,1.16
SEC_004,2024-10-28,8,Cement,1.29
SEC_015,2024-03-10,8,Coal,1.08
SEC_011,2024-03-20,9,Foodgrain,1.47
SEC_048,2024-08-24,4,Coal,0.74
SEC_008,2024-01-21,3,Foodgrain,1.15
SEC_042,2024-12-28,4,Coal,1.11
SEC_011,2024-12-10,15,Cement,1.13
SEC_032,2024-10-22,7,Foodgrain,1.19
SEC_005,2024-12-20,8,Other,1.15
SEC_020,2024-03-25,9,Coal,1.04
SEC_031,2024-11-18,19,Other,1.35
SEC_035,2024-04-04,4,Foodgrain,1.33
SEC_043,2024-02-14,2,Foodgrain,1.14
SEC_040,2024-04-06,8,Cement,0.98
SEC_026,2024-10-10,10,Cement,1.22
SEC_015,2024-12-11,5,Other,1.16
SEC_013,2024-08-11,9,Other,0.8
SEC_049,2024-03-30,10,Steel,1.04
SEC_030,2024-08-07,3,Steel,0.75
SEC_045,2024-07-05,8,Other,0.73
SEC_022,2024-07-08,11,Other,0.83
SEC_024,2024-05-08,10,Other,0.99
SEC_041,2024-02-20,8,Other,1.09
SEC_036,2024-05-12,3,Cement,1.04
SEC_010,2024-11-21,11,Other,1.24
SEC_026,2024-05-29,15,Cement,1.05
SEC_011,2024-01-08,7,Other,1.05
SEC_038,2024-05-06,6,Foodgrain,0.95
SEC_002,2024-06-17,2,Other,0.83
SEC_041,2024-08-07,11,Coal,0.85
SEC_046,2024-08-22,9,Other,0.75
SEC_002,2024-06-04,4,Other,0.88
SEC_031,2024-02-22,12,Cement,1.07
SEC_004,2024-06-10,8,Other,0.75
SEC_018,2024-01-02,8,Foodgrain,1.11
SEC_017,2024-07-04,1,Steel,0.73
SEC_026,2024-06-11,6,Coal,0.71
SEC_045,2024-05-10,8,Coal,1.02
SEC_023,2024-08-30,2,Other,0.81
SEC_020,2024-10-03,3,Coal,1.35
SEC_005,2024-04-06,7,Steel,0.97
SEC_044,2024-07-03,9,Foodgrain,0.76
SEC_016,2024-07-05,4,Steel,0.79
SEC_023,2024-07-05,8,Other,0.82
SEC_005,2024-05-27,10,Coal,1.03
SEC_015,2024-03-17,7,Coal,1.02
SEC_028,2024-03-03,8,Steel,0.96
SEC_045,2024-01-12,5,Cement,1.2
SEC_017,2024-01-20,9,Steel,1.18
SEC_028,2024-10-23,8,Other,1.35
SEC_043,2024-01-26,6,Coal,1.21
SEC_018,2024-11-09,11,Steel,1.39
SEC_015,2024-11-24,5,Cement,1.22
SEC_003,2024-03-29,5,Cement,0.95
SEC_045,2024-06-11,7,Foodgrain,0.73
SEC_006,2024-05-11,12,Foodgrain,1.04
SEC_011,2024-05-24,10,Coal,0.98
SEC_007,2024-05-11,10,Coal,0.97
SEC_035,2024-05-05,11,Coal,1.01
SEC_018,2024-09-07,14,Foodgrain,1.0
SEC_035,2024-05-31,12,Other,1.05
SEC_030,2024-03-09,2,Coal,0.99
SEC_001,2024-05-18,6,Coal,1.0
SEC_016,2024-12-24,13,Cement,1.08
SEC_001,2024-12-27,12,Foodgrain,1.11
SEC_004,2024-01-23,5,Steel,1.15
SEC_024,2024-07-29,7,Coal,0.75
SEC_013,2024-12-22,5,Other,1.14
SEC_005,2024-03-11,8,Cement,1.02
SEC_021,2024-01-26,7,Foodgrain,1.24
SEC_023,2024-03-18,3,Steel,0.97
SEC_049,2024-04-26,11,Other,1.03
SEC_033,2024-12-08,7,Coal,1.13
SEC_020,2024-04-01,10,Cement,0.97
SEC_024,2024-05-01,3,Cement,1.09
SEC_005,2024-04-05,13,Cement,1.06
SEC_019,2024-05-23,7,Cement,1.09
SEC_029,2024-12-30,15,Steel,1.09
SEC_002,2024-01-31,5,Foodgrain,1.23
SEC_046,2024-06-16,9,Foodgrain,0.79
SEC_026,2024-08-12,7,Other,0.81
SEC_039,2024-02-13,10,Cement,1.15
SEC_014,2024-01-17,6,Foodgrain,1.13
SEC_041,2024-12-25,12,Cement,1.21
SEC_018,2024-04-08,14,Other,1.09
SEC_046,2024-03-29,11,Cement,1.09
SEC_026,2024-05-07,15,Steel,1.09
SEC_032,2024-01-27,11,Coal,1.11
SEC_010,2024-02-23,7,Other,1.15
SEC_049,2024-01-09,14,Coal,1.08
SEC_010,2024-07-14,6,Foodgrain,0.85
SEC_002,2024-06-18,12,Coal,0.84
SEC_022,2024-04-10,11,Other,1.09
SEC_041,2024-12-02,14,Coal,1.25
SEC_046,2024-04-21,5,Cement,1.09
SEC_042,2024-01-07,12,Cement,1.17
SEC_028,2024-02-06,2,Cement,1.23
SEC_045,2024-09-22,12,Foodgrain,1.04
SEC_025,2024-07-14,12,Foodgrain,0.84
SEC_024,2024-04-05,3,Foodgrain,1.49
SEC_009,2024-03-31,11,Cement,1.01
SEC_039,2024-03-21,3,Coal,1.01
SEC_016,2024-06-03,10,Other,0.8
SEC_010,2024-09-14,15,Cement,1.04
SEC_019,2024-08-21,4,Other,0.71
SEC_030,2024-09-30,2,Coal,1.01
SEC_014,2024-01-16,9,Steel,1.22
SEC_018,2024-07-23,5,Steel,0.9
SEC_017,2024-10-06,8,Foodgrain,1.15
SEC_030,2024-03-15,10,Other,1.1
SEC_035,2024-08-01,6,Cement,0.8
SEC_034,2024-01-03,9,Cement,1.11
SEC_007,2024-11-29,15,Steel,1.35
SEC_018,2024-09-26,14,Coal,1.01
SEC_032,2024-08-16,9,Cement,0.88
SEC_011,2024-08-07,2,Coal,0.83
SEC_004,2024-09-02,3,Steel,1.0
SEC_016,2024-06-03,2,Foodgrain,0.82
SEC_034,2024-12-19,10,Cement,1.16
SEC_033,2024-03-19,10,Cement,1.06
SEC_007,2024-10-23,13,Coal,1.27
SEC_034,2024-10-05,8,Steel,1.34
SEC_010,2024-11-02,4,Other,1.33
SEC_037,2024-01-26,9,Foodgrain,1.17
SEC_028,2024-06-11,10,Cement,0.8
SEC_007,2024-08-23,8,Steel,0.78
SEC_018,2024-08-14,9,Other,0.86
SEC_041,2024-09-08,12,Foodgrain,1.06
SEC_022,2024-08-20,6,Coal,0.9
SEC_034,2024-03-22,9,Cement,1.09
SEC_037,2024-10-30,8,Steel,1.25
SEC_002,2024-06-25,11,Other,0.81
SEC_046,2024-12-21,8,Cement,1.16
SEC_017,2024-07-09,12,Coal,0.89
SEC_039,2024-07-15,6,Coal,0.74
SEC_023,2024-08-04,3,Coal,0.86
SEC_029,2024-11-14,4,Steel,1.24
SEC_018,2024-11-25,4,Coal,1.21
SEC_042,2024-08-02,5,Cement,0.77
SEC_006,2024-07-18,9,Coal,0.71
SEC_044,2024-01-20,7,Foodgrain,1.15
SEC_011,2024-01-25,2,Steel,1.19
SEC_044,2024-09-26,11,Cement,1.09
SEC_002,2024-05-06,7,Coal,1.09
SEC_001,2024-06-08,11,Foodgrain,0.88
SEC_005,2024-08-17,4,Other,0.74
SEC_027,2024-03-22,4,Steel,1.0
SEC_014,2024-05-01,13,Other,1.01
SEC_030,2024-01-16,2,Coal,1.15
SEC_041,2024-10-08,4,Cement,1.21
SEC_002,2024-07-05,7,Steel,0.89
SEC_026,2024-03-10,13,Steel,0.99
SEC_037,2024-08-06,6,Foodgrain,0.84
SEC_021,2024-02-22,11,Cement,1.13
SEC_046,2024-10-12,4,Foodgrain,1.33
SEC_033,2024-03-25,19,Foodgrain,1.45
SEC_002,2024-04-08,3,Steel,1.03
SEC_027,2024-11-16,14,Cement,1.36
SEC_019,2024-09-28,10,Coal,1.06
SEC_007,2024-09-06,15,Coal,1.08
SEC_047,2024-08-08,6,Coal,0.71
SEC_011,2024-07-09,8,Other,0.73
SEC_005,2024-03-11,15,Cement,1.08
SEC_011,2024-04-19,3,Steel,0.99
SEC_041,2024-12-18,16,Cement,1.11
SEC_030,2024-12-02,18,Steel,1.25
SEC_041,2024-09-22,8,Cement,1.03
SEC_023,2024-11-21,10,Steel,1.29
SEC_006,2024-10-21,8,Cement,1.31
SEC_019,2024-05-26,2,Steel,0.99
SEC_010,2024-09-18,4,Coal,1.04
SEC_028,2024-10-02,6,Other,1.3
SEC_014,2024-02-20,17,Cement,1.23
SEC_048,2024-11-30,14,Cement,1.28
SEC_019,2024-06-29,8,Cement,0.76
SEC_016,2024-04-24,7,Other,0.96
SEC_049,2024-06-22,5,Coal,0.73
SEC_026,2024-04-30,15,Other,1.09
SEC_009,2024-05-01,15,Foodgrain,1.04
SEC_024,2024-07-18,8,Foodgrain,0.76
SEC_013,2024-12-31,15,Other,1.13
SEC_036,2024-05-29,4,Other,1.09
SEC_029,2024-03-19,2,Steel,1.07
SEC_036,2024-10-05,6,Other,1.24
SEC_047,2024-04-17,7,Coal,0.95
SEC_036,2024-07-15,4,Coal,0.75
SEC_017,2024-04-02,14,Steel,0.97
SEC_010,2024-03-18,12,Steel,0.95
SEC_026,2024-04-02,10,Cement,1.03
SEC_023,2024-05-10,7,Foodgrain,1.01
SEC_016,2024-12-15,6,Other,1.08
SEC_040,2024-09-02,12,Cement,1.0
SEC_045,2024-09-11,12,Cement,1.05
SEC_019,2024-01-20,7,Cement,1.23
SEC_034,2024-01-04,7,Foodgrain,1.1
SEC_049,2024-05-05,13,Steel,1.06
SEC_001,2024-11-20,8,Coal,1.37
SEC_018,2024-01-06,16,Other,1.17
SEC_037,2024-10-07,7,Steel,1.33
SEC_025,2024-10-27,12,Cement,1.37
SEC_039,2024-04-11,2,Cement,1.04
SEC_024,2024-02-12,14,Steel,1.1
SEC_004,2024-02-26,15,Coal,1.06
SEC_022,2024-01-29,4,Cement,1.18
SEC_020,2024-11-04,16,Steel,1.36
SEC_042,2024-10-14,6,Other,1.3
SEC_008,2024-09-03,11,Foodgrain,1.03
SEC_008,2024-02-02,11,Steel,1.1
SEC_007,2024-12-13,8,Cement,1.09
SEC_028,2024-09-07,12,Steel,0.96
SEC_049,2024-10-30,5,Cement,1.32
SEC_031,2024-05-19,2,Cement,0.97
SEC_040,2024-03-13,3,Other,0.99
SEC_042,2024-10-27,8,Foodgrain,1.4
SEC_030,2024-01-19,11,Coal,1.14
SEC_030,2024-03-07,7,Coal,1.07
SEC_012,2024-02-26,14,Coal,1.1
SEC_048,2024-01-31,11,Other,1.19
SEC_039,2024-07-20,10,Steel,0.87
SEC_043,2024-03-24,3,Steel,1.05
SEC_049,2024-12-19,4,Cement,1.05
SEC_018,2024-12-07,9,Steel,1.12
SEC_008,2024-03-02,4,Other,1.07
SEC_043,2024-10-30,15,Other,1.32
SEC_024,2024-01-15,13,Foodgrain,1.08
SEC_047,2024-04-14,6,Cement,0.99
SEC_035,2024-08-29,4,Steel,0.74
SEC_013,2024-03-16,10,Foodgrain,1.39
SEC_018,2024-01-29,2,Foodgrain,1.12
SEC_030,2024-02-27,14,Steel,1.19
SEC_020,2024-08-29,7,Foodgrain,0.86
SEC_014,2024-03-21,12,Coal,0.98
SEC_011,2024-03-31,14,Cement,1.09
SEC_032,2024-03-16,11,Coal,1.07
SEC_002,2024-11-18,19,Other,1.38
SEC_005,2024-11-21,15,Other,1.29
SEC_003,2024-10-21,5,Steel,1.27
SEC_036,2024-01-08,11,Coal,1.22
SEC_002,2024-04-01,17,Foodgrain,1.31
SEC_021,2024-11-18,9,Coal,1.22
SEC_006,2024-07-21,2,Foodgrain,0.79
SEC_029,2024-01-16,11,Cement,1.2
SEC_002,2024-04-01,8,Steel,0.95
SEC_002,2024-10-29,9,Other,1.22
SEC_021,2024-11-17,15,Coal,1.33
SEC_035,2024-06-04,4,Cement,0.75
SEC_006,2024-02-25,3,Foodgrain,1.08
SEC_025,2024-01-29,8,Steel,1.06
SEC_040,2024-03-23,14,Foodgrain,1.44
SEC_031,2024-10-19,16,Steel,1.2
SEC_037,2024-10-29,17,Cement,1.27
SEC_016,2024-04-03,14,Other,1.08
SEC_047,2024-12-23,12,Foodgrain,1.21
SEC_008,2024-11-17,5,Cement,1.26
SEC_030,2024-12-27,11,Cement,1.25
SEC_022,2024-10-02,6,Other,1.18
SEC_002,2024-07-28,9,Foodgrain,0.78
SEC_047,2024-12-25,3,Foodgrain,1.14
SEC_035,2024-09-09,6,Coal,1.04
SEC_012,2024-10-31,8,Cement,1.21
SEC_003,2024-05-27,6,Other,1.02
SEC_034,2024-03-29,13,Other,1.07
SEC_027,2024-07-28,4,Cement,0.7
SEC_003,2024-05-29,2,Steel,1.09
SEC_049,2024-05-08,3,Cement,0.98
SEC_036,2024-09-11,7,Steel,0.97
SEC_023,2024-08-11,3,Other,0.77
SEC_012,2024-04-25,11,Coal,0.96
SEC_014,2024-03-29,12,Other,1.02
SEC_023,2024-07-19,8,Cement,0.76
SEC_003,2024-04-29,13,Other,1.07
SEC_019,2024-03-27,2,Steel,1.01
SEC_011,2024-03-22,13,Foodgrain,1.47
SEC_006,2024-08-30,2,Steel,0.74
SEC_007,2024-06-01,7,Cement,0.83
SEC_017,2024-05-05,6,Cement,0.99
SEC_019,2024-02-12,5,Cement,1.15
SEC_018,2024-01-21,12,Cement,1.19
SEC_034,2024-09-11,11,Coal,1.01
SEC_026,2024-12-20,11,Foodgrain,1.23
SEC_010,2024-04-28,7,Steel,1.09
SEC_048,2024-11-04,13,Other,1.28
SEC_036,2024-08-08,8,Foodgrain,0.85
SEC_024,2024-04-21,13,Coal,0.98
SEC_003,2024-07-26,7,Steel,0.77
SEC_045,2024-02-17,2,Foodgrain,1.24
SEC_037,2024-05-03,12,Steel,1.07
SEC_023,2024-09-26,2,Cement,1.08
SEC_008,2024-11-07,19,Cement,1.33
SEC_006,2024-03-21,14,Cement,1.08
SEC_015,2024-11-29,17,Foodgrain,1.21
SEC_012,2024-08-09,4,Cement,0.77
SEC_011,2024-03-24,14,Steel,1.05
SEC_020,2024-10-12,13,Cement,1.27
SEC_003,2024-11-18,8,Coal,1.29
SEC_016,2024-04-09,7,Cement,1.0
SEC_043,2024-02-08,6,Steel,1.21
SEC_043,2024-04-14,10,Other,1.06
SEC_001,2024-10-03,14,Steel,1.19
SEC_034,2024-01-23,6,Other,1.13
SEC_049,2024-04-15,3,Foodgrain,1.34
SEC_029,2024-04-27,10,Other,1.06
SEC_020,2024-01-07,13,Steel,1.1
SEC_025,2024-08-06,2,Foodgrain,0.82
SEC_011,2024-10-22,10,Cement,1.4
SEC_020,2024-02-27,7,Cement,1.18
SEC_046,2024-11-20,2,Steel,1.16
SEC_030,2024-12-14,10,Foodgrain,1.16
SEC_022,2024-11-14,15,Steel,1.29
SEC_007,2024-09-21,8,Cement,1.02
SEC_045,2024-06-12,6,Foodgrain,0.87
SEC_008,2024-03-15,2,Coal,1.01
SEC_036,2024-11-30,11,Steel,1.25
SEC_015,2024-07-13,9,Steel,0.78
SEC_014,2024-06-14,3,Foodgrain,0.72
SEC_009,2024-05-23,3,Other,0.97
SEC_019,2024-03-20,12,Other,1.04
SEC_034,2024-05-19,8,Cement,0.99
SEC_021,2024-10-19,10,Other,1.2
SEC_002,2024-07-23,11,Coal,0.82
SEC_013,2024-05-24,2,Other,1.08
SEC_008,2024-02-09,6,Foodgrain,1.14
SEC_020,2024-05-31,12,Steel,0.99
SEC_045,2024-03-19,4,Steel,1.01
SEC_048,2024-05-25,13,Steel,0.95
SEC_049,2024-02-24,15,Other,1.14
SEC_006,2024-12-12,5,Foodgrain,1.07
SEC_024,2024-03-04,9,Coal,1.08
SEC_003,2024-02-15,17,Other,1.24
SEC_025,2024-08-27,2,Cement,0.89
SEC_029,2024-05-05,6,Steel,1.0
SEC_038,2024-12-30,13,Cement,1.2
SEC_017,2024-05-27,5,Steel,1.09
SEC_002,2024-08-26,6,Foodgrain,0.85
SEC_023,2024-11-01,9,Coal,1.32
SEC_021,2024-12-26,7,Steel,1.22
SEC_031,2024-10-23,10,Steel,1.37
SEC_005,2024-07-30,8,Cement,0.86
SEC_031,2024-10-25,17,Cement,1.31
SEC_020,2024-04-13,12,Cement,1.04
SEC_037,2024-11-14,13,Foodgrain,1.32
SEC_049,2024-11-15,2,Steel,1.17
SEC_012,2024-05-20,7,Foodgrain,1.01
SEC_037,2024-01-25,13,Steel,1.06
SEC_007,2024-09-07,11,Foodgrain,0.95
SEC_049,2024-02-07,5,Cement,1.22
SEC_024,2024-01-07,7,Other,1.23
SEC_037,2024-12-12,6,Steel,1.19
SEC_039,2024-07-26,11,Coal,0.84
SEC_030,2024-08-25,2,Steel,0.77
SEC_019,2024-11-18,8,Other,1.19
SEC_037,2024-12-06,7,Foodgrain,1.1
SEC_024,2024-12-16,5,Foodgrain,1.07
SEC_033,2024-02-18,16,Foodgrain,1.15
SEC_031,2024-04-28,14,Steel,0.97
SEC_023,2024-10-08,6,Other,1.16
SEC_006,2024-01-11,8,Cement,1.11
SEC_015,2024-03-26,2,Other,0.99
SEC_046,2024-07-07,3,Coal,0.79
SEC_026,2024-05-05,11,Cement,1.07
SEC_032,2024-03-04,8,Coal,0.96
SEC_013,2024-11-25,6,Coal,1.18
SEC_035,2024-06-12,6,Other,0.77
SEC_024,2024-05-30,4,Steel,0.99
SEC_011,2024-08-28,12,Steel,0.88
SEC_008,2024-09-02,11,Coal,1.08
SEC_020,2024-06-29,7,Coal,0.81
SEC_028,2024-11-20,15,Cement,1.24
SEC_014,2024-04-18,16,Foodgrain,1.35
SEC_013,2024-11-14,13,Foodgrain,1.39
SEC_014,2024-11-13,11,Coal,1.36
SEC_015,2024-01-04,6,Other,1.24
SEC_037,2024-10-03,14,Coal,1.28
SEC_025,2024-02-27,8,Foodgrain,1.11
SEC_023,2024-06-26,7,Foodgrain,0.83
SEC_008,2024-12-02,11,Coal,1.22
SEC_027,2024-03-12,9,Foodgrain,1.48
SEC_048,2024-07-24,8,Foodgrain,0.74
SEC_037,2024-10-11,9,Foodgrain,1.18
SEC_022,2024-06-24,6,Steel,0.73
SEC_016,2024-01-29,11,Other,1.17
SEC_018,2024-01-24,4,Coal,1.1
SEC_002,2024-07-08,1,Cement,0.72
SEC_002,2024-01-10,14,Steel,1.17
SEC_039,2024-01-06,7,Steel,1.12
SEC_042,2024-12-14,8,Steel,1.08
SEC_048,2024-07-14,2,Cement,0.87
SEC_031,2024-06-22,4,Coal,0.71
SEC_046,2024-02-06,10,Steel,1.12
SEC_021,2024-10-14,6,Foodgrain,1.25
SEC_013,2024-07-05,4,Coal,0.87
SEC_013,2024-03-21,11,Other,0.99
SEC_012,2024-10-02,16,Steel,1.23
SEC_037,2024-03-27,7,Other,0.97
SEC_001,2024-07-03,3,Cement,0.76
SEC_047,2024-07-24,4,Steel,0.74
SEC_038,2024-04-12,2,Cement,0.99
SEC_019,2024-11-16,10,Foodgrain,1.36
SEC_035,2024-09-14,3,Foodgrain,1.05
SEC_007,2024-04-15,2,Other,1.03
SEC_022,2024-02-27,8,Cement,1.1
SEC_006,2024-04-30,2,Other,1.03
SEC_006,2024-06-19,7,Other,0.74
SEC_001,2024-07-20,8,Other,0.75
SEC_039,2024-05-26,9,Foodgrain,0.99
SEC_037,2024-01-15,11,Foodgrain,1.17
SEC_044,2024-09-04,8,Other,1.08
SEC_049,2024-05-18,4,Other,1.1
SEC_048,2024-05-02,6,Steel,1.01
SEC_049,2024-07-22,10,Cement,0.73
SEC_001,2024-11-01,14,Foodgrain,1.39
SEC_039,2024-01-02,16,Coal,1.11
SEC_036,2024-12-17,13,Coal,1.09
SEC_008,2024-08-21,7,Coal,0.73
SEC_007,2024-07-19,8,Steel,0.76
SEC_048,2024-01-19,17,Other,1.2
SEC_044,2024-09-17,5,Steel,1.07
SEC_017,2024-09-20,14,Other,1.05
SEC_004,2024-07-24,7,Foodgrain,0.84
SEC_017,2024-10-20,14,Foodgrain,1.25
SEC_001,2024-11-02,9,Steel,1.18
SEC_034,2024-11-02,12,Cement,1.35
SEC_019,2024-04-29,4,Foodgrain,1.35
SEC_003,2024-09-03,4,Steel,1.09
SEC_049,2024-01-21,10,Cement,1.08
SEC_041,2024-07-24,8,Cement,0.85
SEC_045,2024-02-23,11,Cement,1.07
SEC_049,2024-04-22,13,Foodgrain,1.44
SEC_001,2024-09-04,12,Cement,0.96
SEC_038,2024-06-04,6,Steel,0.79
SEC_039,2024-11-12,6,Other,1.29
SEC_039,2024-02-01,2,Foodgrain,1.23
SEC_013,2024-12-21,5,Steel,1.22
SEC_020,2024-09-15,13,Foodgrain,1.03
SEC_046,2024-06-06,3,Other,0.86
SEC_004,2024-01-10,15,Other,1.24
SEC_032,2024-01-16,13,Steel,1.21
SEC_039,2024-05-31,3,Other,0.97
SEC_040,2024-07-28,10,Steel,0.8
SEC_030,2024-07-04,10,Coal,0.87
SEC_038,2024-04-18,13,Steel,0.95
SEC_045,2024-08-25,5,Steel,0.78
SEC_038,2024-08-12,6,Steel,0.84
SEC_006,2024-05-05,10,Steel,1.07
SEC_012,2024-04-29,10,Steel,1.06
SEC_015,2024-06-11,6,Coal,0.75
SEC_017,2024-09-29,3,Steel,1.05
SEC_018,2024-08-02,3,Foodgrain,0.83
SEC_011,2024-02-16,13,Foodgrain,1.08
SEC_034,2024-12-03,5,Foodgrain,1.14
SEC_006,2024-03-14,5,Steel,1.03
SEC_039,2024-09-02,15,Coal,1.04
SEC_033,2024-01-07,14,Other,1.13
SEC_048,2024-04-03,12,Other,0.97
SEC_001,2024-07-25,6,Foodgrain,0.7
SEC_015,2024-11-06,6,Cement,1.28
SEC_045,2024-07-24,6,Coal,0.83
SEC_025,2024-01-21,14,Coal,1.17
SEC_028,2024-12-15,4,Foodgrain,1.07
SEC_002,2024-04-09,11,Cement,0.95
SEC_038,2024-05-13,12,Cement,1.06
SEC_013,2024-02-09,9,Steel,1.15
SEC_048,2024-09-11,13,Other,1.06
SEC_019,2024-06-12,2,Cement,0.78
SEC_010,2024-03-21,10,Steel,1.09
SEC_030,2024-08-21,2,Foodgrain,0.88
SEC_024,2024-03-12,7,Steel,1.05
SEC_024,2024-07-13,9,Coal,0.71
SEC_047,2024-08-30,12,Coal,0.86
SEC_018,2024-10-23,10,Foodgrain,1.21
SEC_020,2024-09-11,5,Coal,1.02
SEC_031,2024-07-26,11,Other,0.79
SEC_009,2024-01-13,11,Other,1.08
SEC_041,2024-03-26,2,Cement,0.95
SEC_012,2024-07-30,4,Cement,0.74
SEC_012,2024-07-15,7,Cement,0.77
SEC_001,2024-07-14,4,Cement,0.88
SEC_017,2024-09-26,12,Other,1.02
SEC_029,2024-11-27,6,Foodgrain,1.21
SEC_035,2024-07-03,6,Other,0.83
SEC_045,2024-02-19,13,Steel,1.05
SEC_039,2024-06-10,11,Other,0.83
SEC_016,2024-04-02,13,Cement,1.09
SEC_041,2024-07-12,8,Coal,0.77
SEC_010,2024-08-03,2,Coal,0.79
SEC_011,2024-07-19,1,Coal,0.71
SEC_018,2024-07-31,6,Steel,0.72
SEC_027,2024-04-23,7,Cement,0.99
SEC_010,2024-03-05,3,Other,1.01
SEC_045,2024-11-08,9,Other,1.24
SEC_014,2024-05-26,7,Coal,1.03
SEC_020,2024-03-17,20,Foodgrain,1.4
SEC_030,2024-12-30,12,Other,1.21
SEC_022,2024-01-13,14,Other,1.13
SEC_020,2024-05-06,2,Coal,0.99
SEC_049,2024-09-28,2,Cement,0.96
SEC_022,2024-05-30,8,Coal,0.98
SEC_006,2024-11-04,15,Coal,1.18
SEC_036,2024-05-11,5,Other,1.07
SEC_035,2024-08-23,6,Other,0.83
SEC_011,2024-06-05,10,Coal,0.73
SEC_042,2024-06-20,9,Other,0.72
SEC_020,2024-07-01,10,Other,0.8
SEC_008,2024-12-22,4,Foodgrain,1.22
SEC_009,2024-10-05,13,Coal,1.3
SEC_036,2024-05-15,9,Cement,0.99
SEC_011,2024-06-01,11,Foodgrain,0.8
SEC_024,2024-05-28,2,Steel,1.02
SEC_036,2024-09-26,6,Other,0.98
SEC_042,2024-08-04,10,Cement,0.75
SEC_024,2024-07-14,11,Steel,0.8
SEC_045,2024-06-06,2,Foodgrain,0.85
SEC_015,2024-05-25,5,Steel,0.97
SEC_043,2024-07-22,11,Foodgrain,0.76
SEC_013,2024-10-31,7,Steel,1.32
SEC_004,2024-12-19,17,Cement,1.2
SEC_036,2024-01-23,6,Foodgrain,1.12
SEC_038,2024-03-27,13,Coal,0.98
SEC_046,2024-09-07,3,Coal,1.05
SEC_046,2024-02-24,12,Coal,1.12
SEC_006,2024-08-11,9,Coal,0.87
SEC_031,2024-06-04,7,Coal,0.87
SEC_035,2024-03-10,3,Cement,0.98
SEC_030,2024-07-03,11,Foodgrain,0.81
SEC_001,2024-07-05,11,Coal,0.79
SEC_003,2024-09-18,5,Foodgrain,0.97
SEC_033,2024-10-29,15,Steel,1.22
SEC_042,2024-12-15,8,Foodgrain,1.17
SEC_009,2024-06-09,11,Foodgrain,0.84
SEC_003,2024-09-09,2,Foodgrain,1.09
SEC_020,2024-10-15,4,Steel,1.21
SEC_016,2024-12-27,12,Coal,1.21
SEC_049,2024-08-25,7,Cement,0.78
SEC_046,2024-03-31,7,Cement,0.96
SEC_028,2024-05-05,7,Other,1.01
SEC_047,2024-03-17,14,Cement,1.01
SEC_012,2024-03-13,13,Steel,1.08
SEC_049,2024-04-22,12,Cement,1.08
SEC_022,2024-07-01,5,Other,0.74
SEC_024,2024-10-15,12,Coal,1.17
SEC_003,2024-04-16,14,Foodgrain,1.4
SEC_009,2024-03-09,11,Cement,0.97
SEC_010,2024-02-16,14,Other,1.24
SEC_024,2024-03-12,11,Foodgrain,1.39
SEC_010,2024-06-07,11,Other,0.88
SEC_006,2024-05-30,14,Cement,1.09
SEC_030,2024-05-25,12,Cement,1.05
SEC_043,2024-04-26,10,Coal,0.98
SEC_004,2024-06-14,9,Foodgrain,0.85
SEC_028,2024-08-24,8,Cement,0.77
SEC_048,2024-01-17,5,Coal,1.24
SEC_020,2024-11-21,11,Other,1.33
SEC_009,2024-04-21,2,Cement,1.05
SEC_004,2024-02-20,2,Other,1.14
SEC_046,2024-03-04,9,Cement,1.04
SEC_020,2024-07-19,10,Other,0.73
SEC_006,2024-07-09,7,Other,0.84
SEC_043,2024-02-02,8,Coal,1.14
SEC_040,2024-07-01,4,Other,0.73
SEC_035,2024-03-22,10,Foodgrain,1.31
SEC_005,2024-11-29,15,Foodgrain,1.25
SEC_005,2024-04-23,7,Steel,0.98
SEC_011,2024-12-31,14,Foodgrain,1.25
SEC_008,2024-07-30,10,Foodgrain,0.89
SEC_027,2024-12-18,6,Foodgrain,1.2
SEC_020,2024-07-22,7,Cement,0.82
SEC_038,2024-02-16,13,Cement,1.08
SEC_005,2024-08-23,2,Cement,0.8
SEC_036,2024-06-23,6,Foodgrain,0.74
SEC_046,2024-10-26,15,Other,1.22
SEC_007,2024-05-23,12,Other,0.96
SEC_032,2024-03-09,9,Other,1.03
SEC_025,2024-02-11,3,Cement,1.1
SEC_005,2024-09-29,3,Steel,1.04
SEC_015,2024-03-26,11,Other,1.06
SEC_039,2024-09-01,4,Other,1.06
SEC_043,2024-02-19,8,Steel,1.18
SEC_019,2024-01-30,13,Other,1.06
SEC_006,2024-09-17,13,Foodgrain,1.09
SEC_012,2024-05-06,10,Cement,0.99
SEC_042,2024-07-26,2,Steel,0.88
SEC_028,2024-01-11,10,Steel,1.08
SEC_022,2024-03-09,13,Foodgrain,1.47
SEC_001,2024-02-03,12,Coal,1.11
SEC_039,2024-04-12,12,Coal,1.03
SEC_023,2024-04-13,9,Foodgrain,1.3
SEC_027,2024-05-17,7,Other,1.02
SEC_042,2024-03-29,5,Coal,0.97
SEC_028,2024-06-16,4,Steel,0.72
SEC_046,2024-11-25,5,Steel,1.34
SEC_028,2024-02-01,13,Steel,1.12
SEC_017,2024-11-23,4,Coal,1.19
SEC_046,2024-05-31,6,Coal,1.05
SEC_032,2024-07-30,6,Foodgrain,0.82
SEC_038,2024-09-02,5,Foodgrain,0.96
SEC_012,2024-09-26,12,Cement,1.09
SEC_033,2024-12-11,16,Other,1.21
SEC_028,2024-12-31,12,Coal,1.09
SEC_006,2024-02-06,16,Steel,1.13
SEC_013,2024-05-30,4,Other,1.06
SEC_045,2024-07-16,2,Steel,0.85
SEC_028,2024-07-10,3,Coal,0.85
SEC_038,2024-12-28,8,Steel,1.16
SEC_009,2024-08-26,13,Steel,0.9
SEC_011,2024-05-27,12,Steel,0.96
SEC_047,2024-12-02,13,Foodgrain,1.08
SEC_021,2024-09-24,12,Steel,1.03
SEC_044,2024-10-18,10,Foodgrain,1.22
SEC_040,2024-08-17,2,Other,0.84
SEC_017,2024-01-24,9,Steel,1.17
SEC_047,2024-12-21,4,Foodgrain,1.19
SEC_039,2024-09-17,7,Cement,0.96
SEC_007,2024-02-24,2,Coal,1.1
SEC_005,2024-04-02,4,Steel,1.06
SEC_007,2024-05-04,8,Cement,0.99
SEC_037,2024-04-03,6,Steel,1.02
SEC_008,2024-08-15,9,Foodgrain,0.87
SEC_014,2024-07-19,9,Foodgrain,0.74
SEC_022,2024-03-18,12,Other,1.01
SEC_007,2024-09-11,6,Coal,1.1
SEC_017,2024-04-14,8,Cement,1.03
SEC_034,2024-02-28,2,Other,1.07
SEC_048,2024-12-16,6,Other,1.22
SEC_024,2024-04-25,10,Foodgrain,1.48
SEC_037,2024-03-26,15,Steel,1.05
SEC_026,2024-09-19,9,Coal,1.07
SEC_023,2024-10-06,16,Steel,1.33
SEC_026,2024-02-25,10,Cement,1.07
SEC_047,2024-01-21,17,Coal,1.21
SEC_003,2024-11-06,16,Cement,1.37
SEC_026,2024-07-03,4,Other,0.72
SEC_003,2024-06-15,11,Foodgrain,0.79
SEC_043,2024-06-02,9,Other,0.74
SEC_030,2024-08-02,9,Other,0.85
SEC_003,2024-09-03,5,Cement,0.95
SEC_031,2024-01-30,7,Foodgrain,1.14
SEC_022,2024-04-07,9,Foodgrain,1.47
SEC_003,2024-12-15,2,Steel,1.2
SEC_048,2024-03-02,8,Coal,1.09
SEC_019,2024-11-28,17,Cement,1.21
SEC_002,2024-05-26,5,Foodgrain,1.04
SEC_031,2024-03-10,8,Other,1.04
SEC_019,2024-08-05,8,Cement,0.81
SEC_033,2024-08-30,11,Steel,0.85
SEC_008,2024-05-08,4,Other,1.03
SEC_041,2024-10-17,19,Coal,1.38
SEC_021,2024-01-24,11,Coal,1.08
SEC_021,2024-02-14,12,Cement,1.24
SEC_040,2024-08-15,8,Cement,0.87
SEC_027,2024-07-30,11,Cement,0.82
SEC_001,2024-09-12,2,Cement,0.96
SEC_029,2024-11-07,2,Steel,1.23
SEC_032,2024-12-06,15,Coal,1.17
SEC_016,2024-07-04,11,Other,0.78
SEC_009,2024-07-02,11,Steel,0.83
SEC_003,2024-12-04,9,Coal,1.1
SEC_042,2024-12-17,13,Coal,1.11
SEC_001,2024-01-18,7,Other,1.2
SEC_029,2024-07-04,2,Other,0.83
SEC_041,2024-12-02,10,Other,1.25
SEC_018,2024-01-19,10,Other,1.11
SEC_010,2024-12-23,12,Coal,1.07
SEC_036,2024-10-01,16,Coal,1.26
SEC_031,2024-02-27,14,Foodgrain,1.15
SEC_001,2024-08-22,4,Foodgrain,0.82
SEC_029,2024-06-06,6,Coal,0.75
SEC_001,2024-05-02,10,Other,1.08
SEC_020,2024-08-15,8,Cement,0.85
SEC_015,2024-09-26,2,Cement,1.09
SEC_041,2024-11-22,13,Foodgrain,1.17
SEC_048,2024-06-01,4,Other,0.83
SEC_035,2024-02-28,9,Cement,1.09
SEC_036,2024-11-12,3,Foodgrain,1.3
SEC_002,2024-05-02,10,Foodgrain,1.03
SEC_004,2024-10-04,11,Other,1.19
SEC_039,2024-10-19,12,Steel,1.16
SEC_021,2024-01-22,10,Other,1.08
SEC_025,2024-05-30,12,Coal,1.02
SEC_034,2024-02-01,2,Coal,1.17
SEC_018,2024-08-09,5,Coal,0.81
SEC_034,2024-10-17,7,Steel,1.16
SEC_036,2024-07-23,2,Foodgrain,0.88
SEC_012,2024-04-28,11,Other,0.99
SEC_034,2024-12-22,14,Other,1.15
SEC_009,2024-02-01,7,Coal,1.07
SEC_016,2024-02-21,2,Cement,1.06
SEC_039,2024-05-14,6,Steel,1.03
SEC_049,2024-12-13,8,Steel,1.25
SEC_004,2024-11-23,2,Other,1.18
SEC_032,2024-07-25,5,Other,0.7
SEC_028,2024-12-14,9,Cement,1.17
SEC_030,2024-11-26,4,Coal,1.32
SEC_039,2024-08-02,12,Coal,0.84
SEC_004,2024-02-13,15,Other,1.09
SEC_037,2024-11-25,12,Steel,1.31
SEC_014,2024-08-22,4,Steel,0.76
SEC_008,2024-02-21,10,Foodgrain,1.22
SEC_022,2024-11-03,16,Coal,1.22
SEC_002,2024-05-25,3,Cement,1.04
SEC_031,2024-10-14,14,Other,1.23
SEC_028,2024-04-05,5,Steel,0.97
SEC_026,2024-01-04,14,Foodgrain,1.15
SEC_002,2024-06-15,6,Other,0.76
SEC_038,2024-06-14,2,Other,0.87
SEC_002,2024-11-12,9,Coal,1.26
SEC_013,2024-02-12,10,Cement,1.08
SEC_020,2024-11-30,11,Coal,1.17
SEC_035,2024-02-25,7,Coal,1.1
SEC_020,2024-12-08,7,Cement,1.06
SEC_041,2024-09-15,4,Coal,1.05
SEC_046,2024-05-11,5,Coal,0.99
SEC_038,2024-12-16,17,Foodgrain,1.23
SEC_002,2024-05-11,4,Foodgrain,1.0
SEC_038,2024-08-20,9,Foodgrain,0.74
SEC_011,2024-01-06,13,Other,1.14
SEC_044,2024-02-07,9,Foodgrain,1.22
SEC_048,2024-05-09,9,Steel,1.01
SEC_005,2024-03-30,4,Steel,1.05
SEC_005,2024-03-24,9,Other,1.05
SEC_035,2024-05-18,6,Steel,1.06
SEC_008,2024-08-10,10,Coal,0.83
SEC_048,2024-02-15,4,Foodgrain,1.09
SEC_027,2024-10-02,16,Cement,1.32
SEC_029,2024-11-06,10,Coal,1.16
SEC_043,2024-11-01,13,Cement,1.21
SEC_011,2024-03-12,4,Foodgrain,1.49
SEC_028,2024-11-18,17,Cement,1.27
SEC_049,2024-02-17,9,Coal,1.08
SEC_002,2024-02-09,11,Other,1.14
SEC_009,2024-09-22,15,Other,1.08
SEC_008,2024-10-05,9,Cement,1.27
SEC_017,2024-02-16,15,Cement,1.13
SEC_007,2024-06-01,6,Cement,0.82
SEC_009,2024-05-30,6,Coal,1.05
SEC_042,2024-09-21,6,Other,1.06
SEC_023,2024-07-07,3,Cement,0.88
SEC_018,2024-08-07,7,Cement,0.75
SEC_021,2024-01-30,14,Foodgrain,1.24
SEC_048,2024-12-23,12,Coal,1.11
SEC_025,2024-07-22,12,Foodgrain,0.85
SEC_023,2024-09-01,14,Foodgrain,1.06
SEC_046,2024-06-24,2,Steel,0.79
SEC_002,2024-03-31,12,Other,1.02
SEC_024,2024-09-01,13,Steel,1.02
SEC_037,2024-04-15,2,Other,1.01
SEC_026,2024-03-21,8,Other,1.09
SEC_043,2024-07-21,7,Coal,0.82
SEC_044,2024-05-10,8,Coal,1.06
SEC_017,2024-11-23,2,Steel,1.22
SEC_041,2024-08-29,11,Cement,0.82
SEC_012,2024-05-16,5,Coal,0.99
SEC_012,2024-01-14,3,Steel,1.15
SEC_048,2024-05-04,6,Other,1.06
SEC_001,2024-02-12,7,Foodgrain,1.24
SEC_018,2024-03-21,13,Foodgrain,1.41
SEC_031,2024-04-13,17,Foodgrain,1.32
SEC_021,2024-08-26,3,Other,0.81
SEC_042,2024-02-08,16,Coal,1.14
SEC_013,2024-02-29,15,Foodgrain,1.21
SEC_028,2024-01-15,12,Coal,1.12
SEC_007,2024-12-01,4,Coal,1.22
SEC_011,2024-12-27,8,Foodgrain,1.13
SEC_009,2024-04-19,3,Other,1.05
SEC_037,2024-06-15,4,Foodgrain,0.88
SEC_010,2024-04-20,8,Cement,0.96
SEC_033,2024-07-14,11,Other,0.81
SEC_017,2024-07-20,7,Coal,0.83
SEC_028,2024-04-03,15,Cement,1.09
SEC_043,2024-08-24,10,Other,0.87
SEC_043,2024-01-03,13,Other,1.16
SEC_001,2024-08-23,10,Cement,0.75
SEC_039,2024-10-01,9,Other,1.29
SEC_047,2024-01-20,15,Cement,1.1
SEC_033,2024-09-21,9,Coal,1.03
SEC_010,2024-09-26,15,Other,1.06
SEC_033,2024-12-21,12,Other,1.22
SEC_032,2024-10-22,5,Coal,1.25
SEC_033,2024-01-08,11,Other,1.17
SEC_022,2024-01-30,6,Cement,1.12
SEC_026,2024-02-20,11,Foodgrain,1.12
SEC_032,2024-07-31,8,Other,0.86
SEC_023,2024-09-17,13,Cement,0.99
SEC_038,2024-08-28,5,Cement,0.82
SEC_035,2024-04-30,14,Steel,1.04
SEC_015,2024-03-14,5,Steel,1.01
SEC_030,2024-01-24,12,Coal,1.13
SEC_038,2024-05-16,7,Other,1.02
SEC_025,2024-04-20,14,Steel,1.01
SEC_036,2024-04-21,13,Coal,1.09
SEC_007,2024-02-02,12,Coal,1.13
SEC_019,2024-04-16,4,Steel,1.09
SEC_035,2024-11-02,4,Foodgrain,1.39
SEC_044,2024-03-29,6,Other,1.06
SEC_032,2024-11-16,11,Cement,1.26
SEC_033,2024-02-01,11,Other,1.24
SEC_017,2024-08-21,10,Coal,0.81
SEC_035,2024-02-09,2,Coal,1.21
SEC_018,2024-05-21,10,Steel,1.06
SEC_003,2024-12-15,13,Steel,1.18
SEC_013,2024-10-08,5,Coal,1.2
SEC_030,2024-07-06,3,Other,0.84
SEC_048,2024-08-19,4,Other,0.88
SEC_025,2024-08-29,6,Foodgrain,0.81
SEC_043,2024-10-16,4,Other,1.34
SEC_039,2024-08-05,10,Coal,0.85
SEC_028,2024-07-05,9,Coal,0.88
SEC_040,2024-01-28,17,Other,1.2
SEC_020,2024-12-16,14,Other,1.15
SEC_022,2024-07-26,3,Cement,0.85
SEC_037,2024-04-16,7,Other,1.02
SEC_032,2024-02-19,14,Cement,1.17
SEC_026,2024-08-09,8,Other,0.72
SEC_022,2024-10-13,15,Other,1.27
SEC_048,2024-10-22,3,Other,1.28
SEC_004,2024-11-20,10,Other,1.26
SEC_003,2024-11-23,2,Foodgrain,1.24
SEC_024,2024-08-16,7,Other,0.76
SEC_002,2024-12-12,15,Steel,1.14
SEC_017,2024-01-28,12,Steel,1.07
SEC_028,2024-05-24,7,Other,1.05
SEC_020,2024-06-26,11,Steel,0.88
SEC_010,2024-09-12,13,Other,1.02
SEC_014,2024-04-19,7,Foodgrain,1.43
SEC_030,2024-04-16,14,Steel,0.97
SEC_047,2024-11-26,3,Foodgrain,1.37
SEC_039,2024-08-25,11,Foodgrain,0.88
SEC_027,2024-08-20,6,Coal,0.89
SEC_007,2024-03-08,6,Foodgrain,1.41
SEC_012,2024-07-02,10,Coal,0.73
SEC_022,2024-06-03,4,Foodgrain,0.86
SEC_013,2024-08-15,4,Steel,0.88
SEC_034,2024-12-02,8,Cement,1.2
SEC_018,2024-04-11,10,Other,0.98
SEC_041,2024-10-23,8,Coal,1.15
SEC_014,2024-08-19,7,Coal,0.86
SEC_025,2024-06-30,4,Foodgrain,0.71
SEC_036,2024-12-13,11,Cement,1.12
SEC_011,2024-02-23,7,Steel,1.19
SEC_038,2024-09-05,14,Cement,1.0
SEC_029,2024-05-25,5,Coal,0.95
SEC_032,2024-09-06,5,Steel,1.07
SEC_023,2024-02-20,2,Foodgrain,1.12
SEC_046,2024-09-26,3,Cement,0.99
SEC_038,2024-01-26,16,Steel,1.17
SEC_010,2024-05-07,7,Other,0.95
SEC_028,2024-11-27,14,Foodgrain,1.37
SEC_045,2024-08-19,3,Cement,0.83
SEC_014,2024-06-28,6,Coal,0.77
SEC_027,2024-05-01,12,Other,1.04
SEC_037,2024-02-02,2,Foodgrain,1.09
SEC_014,2024-02-10,7,Foodgrain,1.23
SEC_026,2024-09-19,11,Steel,0.96
SEC_028,2024-04-10,15,Cement,1.05
SEC_009,2024-01-28,15,Coal,1.18
SEC_009,2024-06-09,11,Foodgrain,0.82
SEC_028,2024-05-24,8,Cement,1.04
SEC_009,2024-12-16,2,Cement,1.22
SEC_047,2024-03-25,6,Cement,1.07
SEC_026,2024-04-07,3,Steel,1.05
SEC_035,2024-03-01,4,Foodgrain,1.35
SEC_020,2024-03-09,6,Coal,1.08
SEC_015,2024-07-14,5,Cement,0.78
SEC_024,2024-03-22,5,Steel,1.0
SEC_035,2024-09-20,9,Steel,0.96
SEC_020,2024-10-26,18,Cement,1.26
SEC_014,2024-06-27,7,Coal,0.86
SEC_008,2024-03-28,11,Steel,0.98
SEC_027,2024-10-27,9,Steel,1.28
SEC_034,2024-12-19,11,Other,1.21
SEC_026,2024-12-01,12,Cement,1.06
SEC_013,2024-12-02,7,Steel,1.12
SEC_013,2024-10-22,5,Cement,1.18
SEC_019,2024-09-27,14,Steel,0.99
SEC_018,2024-12-16,11,Cement,1.21
SEC_010,2024-05-04,6,Steel,1.08
SEC_047,2024-12-06,7,Other,1.1
SEC_017,2024-01-08,6,Other,1.16
SEC_013,2024-10-31,13,Steel,1.29
SEC_030,2024-05-02,12,Foodgrain,1.07
SEC_040,2024-04-17,7,Other,1.0
SEC_023,2024-09-04,14,Coal,1.04
SEC_033,2024-03-04,10,Cement,1.0
SEC_005,2024-12-29,10,Foodgrain,1.1
SEC_027,2024-09-23,15,Foodgrain,1.06
SEC_004,2024-01-08,14,Foodgrain,1.17
SEC_007,2024-11-05,7,Foodgrain,1.38
SEC_030,2024-02-09,13,Steel,1.16
SEC_011,2024-10-28,6,Foodgrain,1.24
SEC_002,2024-10-24,17,Other,1.24
SEC_009,2024-08-23,2,Coal,0.78
SEC_038,2024-08-07,3,Coal,0.75
SEC_029,2024-10-30,9,Coal,1.29
SEC_019,2024-11-07,16,Cement,1.23
SEC_048,2024-09-15,2,Steel,1.09
SEC_019,2024-03-03,7,Coal,0.97
SEC_043,2024-08-31,5,Steel,0.85
SEC_017,2024-03-14,6,Steel,1.08
SEC_002,2024-01-18,11,Coal,1.1
SEC_006,2024-02-25,12,Cement,1.18
SEC_014,2024-06-17,6,Coal,0.85
SEC_010,2024-12-18,14,Other,1.13
SEC_008,2024-01-13,3,Other,1.16
SEC_019,2024-01-28,15,Other,1.06
SEC_048,2024-02-03,11,Steel,1.11
SEC_010,2024-03-10,8,Steel,1.08
SEC_012,2024-07-17,6,Other,0.71
SEC_049,2024-10-27,17,Cement,1.31
SEC_010,2024-01-18,13,Foodgrain,1.06
SEC_041,2024-10-21,5,Other,1.34
SEC_031,2024-11-30,15,Coal,1.32
SEC_046,2024-01-30,6,Foodgrain,1.15
SEC_028,2024-06-13,8,Coal,0.8
SEC_030,2024-10-25,17,Cement,1.24
SEC_012,2024-09-13,2,Steel,1.02
SEC_029,2024-03-08,14,Coal,1.07
SEC_033,2024-02-24,2,Steel,1.06
SEC_049,2024-06-12,7,Foodgrain,0.73
SEC_005,2024-11-06,6,Steel,1.28
SEC_008,2024-12-13,10,Other,1.22
SEC_001,2024-06-23,2,Other,0.86
SEC_039,2024-07-12,4,Other,0.84
SEC_005,2024-07-23,6,Steel,0.74
SEC_045,2024-06-28,5,Steel,0.72
SEC_018,2024-08-25,3,Foodgrain,0.77
SEC_015,2024-04-10,6,Other,1.03
SEC_048,2024-07-16,5,Foodgrain,0.81
SEC_036,2024-08-12,12,Steel,0.88
SEC_027,2024-07-25,3,Cement,0.88
SEC_044,2024-12-22,3,Coal,1.09
SEC_037,2024-09-29,8,Other,1.06
SEC_032,2024-09-25,13,Cement,1.05
SEC_016,2024-10-22,15,Foodgrain,1.33
SEC_049,2024-07-12,5,Coal,0.7
SEC_036,2024-04-22,8,Steel,1.01
SEC_047,2024-07-15,10,Foodgrain,0.89
SEC_048,2024-12-03,15,Other,1.1
SEC_027,2024-11-17,5,Foodgrain,1.33
SEC_018,2024-05-09,5,Other,1.06
SEC_047,2024-06-25,2,Foodgrain,0.76
SEC_049,2024-04-09,10,Cement,0.95
SEC_006,2024-01-05,8,Coal,1.19
SEC_032,2024-04-23,7,Cement,1.06
SEC_030,2024-02-06,4,Steel,1.07
SEC_037,2024-05-11,14,Foodgrain,1.05
SEC_048,2024-01-20,10,Steel,1.12
SEC_013,2024-04-25,8,Foodgrain,1.36
SEC_048,2024-09-18,5,Cement,1.04
SEC_032,2024-11-04,3,Steel,1.33
SEC_005,2024-11-20,19,Coal,1.35
SEC_026,2024-07-24,4,Cement,0.73
SEC_007,2024-07-18,7,Foodgrain,0.89
SEC_047,2024-12-20,12,Other,1.19
SEC_038,2024-07-22,6,Cement,0.83
SEC_045,2024-01-31,6,Steel,1.21
SEC_030,2024-12-08,12,Coal,1.15
SEC_020,2024-08-12,4,Foodgrain,0.82
SEC_021,2024-08-31,10,Cement,0.88
SEC_047,2024-02-05,14,Cement,1.19
SEC_008,2024-06-20,4,Steel,0.75
SEC_044,2024-06-16,4,Steel,0.87
SEC_021,2024-10-25,7,Coal,1.35
SEC_029,2024-05-20,14,Cement,1.09
SEC_033,2024-05-05,9,Steel,1.0
SEC_005,2024-09-06,9,Cement,1.03
SEC_008,2024-01-06,4,Foodgrain,1.11
SEC_008,2024-09-29,10,Coal,1.1
SEC_039,2024-01-03,7,Cement,1.24
SEC_004,2024-03-28,8,Steel,0.99
SEC_030,2024-07-01,6,Other,0.87
SEC_006,2024-03-11,13,Coal,1.03
SEC_038,2024-01-13,11,Steel,1.14
SEC_048,2024-06-02,3,Coal,0.77
SEC_021,2024-09-15,12,Cement,0.95
SEC_011,2024-03-29,9,Foodgrain,1.33
SEC_022,2024-04-10,8,Foodgrain,1.4
SEC_034,2024-09-04,5,Cement,1.08
SEC_036,2024-12-12,13,Other,1.07
SEC_032,2024-07-08,5,Steel,0.73
SEC_029,2024-07-23,9,Foodgrain,0.81
SEC_031,2024-10-29,7,Cement,1.18
SEC_011,2024-01-25,15,Other,1.17
SEC_011,2024-12-25,9,Coal,1.09
SEC_046,2024-06-23,4,Foodgrain,0.89
SEC_029,2024-05-18,12,Other,1.04
SEC_043,2024-08-14,2,Steel,0.89
SEC_031,2024-11-29,14,Steel,1.27
SEC_023,2024-12-08,12,Foodgrain,1.24
SEC_028,2024-10-11,12,Cement,1.18
SEC_034,2024-06-26,1,Cement,0.72
SEC_010,2024-02-24,3,Coal,1.12
SEC_023,2024-03-10,5,Steel,0.95
SEC_036,2024-11-01,11,Other,1.26
SEC_005,2024-02-15,2,Cement,1.12
SEC_004,2024-06-25,5,Foodgrain,0.78
SEC_008,2024-05-29,9,Foodgrain,1.1
SEC_029,2024-09-16,8,Other,1.09
SEC_012,2024-05-05,11,Other,1.08
SEC_022,2024-09-14,7,Foodgrain,0.96
SEC_007,2024-07-04,10,Steel,0.87
SEC_013,2024-11-20,5,Other,1.16
SEC_001,2024-03-09,10,Steel,1.08
SEC_040,2024-10-05,12,Foodgrain,1.19
SEC_023,2024-09-21,4,Other,0.99
SEC_009,2024-10-28,13,Coal,1.18
SEC_026,2024-06-28,9,Cement,0.84
SEC_046,2024-04-27,8,Cement,1.08
SEC_041,2024-07-08,4,Steel,0.83
SEC_044,2024-12-22,17,Coal,1.22
SEC_020,2024-03-12,4,Other,1.0
SEC_018,2024-08-30,7,Cement,0.89
SEC_016,2024-03-23,3,Other,0.97
SEC_015,2024-10-10,9,Steel,1.29
SEC_046,2024-06-04,5,Other,0.77
SEC_007,2024-11-10,4,Cement,1.2
SEC_042,2024-02-29,10,Steel,1.14
SEC_045,2024-02-15,15,Foodgrain,1.16
SEC_042,2024-12-13,4,Steel,1.11
SEC_031,2024-05-03,4,Foodgrain,1.04
SEC_042,2024-02-01,5,Coal,1.09
SEC_002,2024-11-01,2,Cement,1.16
SEC_041,2024-05-31,10,Foodgrain,1.05
SEC_026,2024-12-03,15,Cement,1.16
SEC_047,2024-06-09,6,Cement,0.76
SEC_005,2024-10-03,5,Cement,1.22
SEC_046,2024-07-30,2,Cement,0.76
SEC_029,2024-06-25,8,Cement,0.88
SEC_006,2024-06-26,10,Foodgrain,0.74
SEC_025,2024-04-01,9,Foodgrain,1.42
SEC_002,2024-09-26,12,Cement,1.02
SEC_005,2024-07-11,2,Other,0.73
SEC_027,2024-01-01,9,Foodgrain,1.17
SEC_040,2024-05-25,9,Steel,1.04
SEC_006,2024-05-28,10,Steel,1.07
SEC_013,2024-11-20,5,Coal,1.26
SEC_020,2024-06-05,6,Cement,0.79
SEC_027,2024-07-26,3,Cement,0.84
SEC_001,2024-01-31,4,Steel,1.11
SEC_032,2024-05-23,10,Foodgrain,1.01
SEC_025,2024-04-13,14,Steel,0.99
SEC_048,2024-07-01,3,Other,0.8
SEC_015,2024-11-24,10,Other,1.21
SEC_025,2024-12-07,12,Other,1.17
SEC_004,2024-04-15,15,Other,1.07
SEC_045,2024-08-12,3,Other,0.88
SEC_041,2024-12-15,13,Foodgrain,1.15
SEC_018,2024-03-24,15,Foodgrain,1.5
SEC_023,2024-06-09,9,Steel,0.8
SEC_043,2024-07-02,10,Cement,0.76
SEC_015,2024-01-02,2,Steel,1.22
SEC_012,2024-06-19,10,Steel,0.74
SEC_012,2024-02-14,13,Other,1.15
SEC_035,2024-04-23,13,Coal,1.0
SEC_011,2024-02-12,13,Coal,1.19
SEC_005,2024-09-26,3,Cement,1.0
SEC_009,2024-11-01,13,Cement,1.31
SEC_049,2024-04-08,7,Cement,1.05
SEC_043,2024-01-15,6,Foodgrain,1.16
SEC_047,2024-06-29,10,Coal,0.72
SEC_014,2024-02-11,14,Steel,1.17
SEC_022,2024-06-10,6,Other,0.89
SEC_025,2024-07-18,7,Cement,0.87
SEC_026,2024-06-19,5,Other,0.87
SEC_002,2024-07-10,8,Coal,0.82
SEC_030,2024-07-26,4,Steel,0.72
SEC_002,2024-02-29,3,Cement,1.08
SEC_014,2024-09-07,10,Coal,1.02
SEC_015,2024-09-01,10,Foodgrain,0.97
SEC_034,2024-02-22,15,Other,1.17
SEC_044,2024-06-07,7,Coal,0.89
SEC_035,2024-04-15,5,Coal,0.98
SEC_022,2024-05-25,11,Cement,1.08
SEC_026,2024-10-09,13,Steel,1.2
SEC_026,2024-08-06,7,Coal,0.77
SEC_008,2024-11-28,8,Foodgrain,1.33
SEC_047,2024-07-27,1,Cement,0.74
SEC_046,2024-01-17,4,Other,1.21
SEC_012,2024-09-17,11,Coal,0.95
SEC_006,2024-01-27,10,Cement,1.11
SEC_009,2024-05-05,9,Cement,1.01
SEC_031,2024-12-07,2,Cement,1.08
SEC_002,2024-12-28,13,Steel,1.15
SEC_006,2024-02-24,7,Other,1.14
SEC_032,2024-12-26,5,Coal,1.05
SEC_008,2024-12-24,16,Cement,1.15
SEC_004,2024-11-17,14,Coal,1.26
SEC_002,2024-10-30,15,Cement,1.17
SEC_035,2024-01-28,15,Foodgrain,1.14
SEC_018,2024-02-14,10,Coal,1.11
SEC_014,2024-08-12,6,Coal,0.75
SEC_032,2024-02-07,5,Foodgrain,1.19
SEC_009,2024-04-01,14,Steel,1.05
SEC_026,2024-12-23,7,Foodgrain,1.07
SEC_024,2024-11-29,2,Foodgrain,1.2
SEC_034,2024-04-03,7,Coal,0.99
SEC_031,2024-07-16,3,Foodgrain,0.85
SEC_034,2024-07-16,2,Foodgrain,0.78
SEC_011,2024-04-06,12,Steel,1.08
SEC_007,2024-03-27,6,Steel,1.06
SEC_027,2024-06-08,8,Coal,0.76
SEC_003,2024-08-07,8,Coal,0.81
SEC_023,2024-10-21,8,Cement,1.28
SEC_031,2024-11-03,3,Foodgrain,1.16
SEC_041,2024-01-08,13,Other,1.08
SEC_033,2024-08-28,10,Steel,0.9
SEC_049,2024-08-13,2,Foodgrain,0.75
SEC_028,2024-01-18,6,Coal,1.13
SEC_022,2024-11-01,11,Other,1.24
SEC_013,2024-08-05,8,Cement,0.79
SEC_033,2024-09-20,7,Coal,1.04
SEC_040,2024-08-29,3,Other,0.85
SEC_016,2024-05-02,6,Other,1.07
SEC_004,2024-03-14,15,Cement,1.05
SEC_001,2024-05-18,2,Other,1.04
SEC_031,2024-10-05,11,Coal,1.17
SEC_033,2024-08-21,3,Steel,0.77
SEC_006,2024-08-17,11,Cement,0.88
SEC_002,2024-02-17,10,Foodgrain,1.24
SEC_033,2024-01-04,11,Cement,1.09
SEC_020,2024-09-01,6,Other,1.07
SEC_021,2024-12-13,10,Steel,1.07
SEC_013,2024-05-11,12,Other,0.96
SEC_036,2024-06-12,8,Coal,0.83
SEC_037,2024-12-16,9,Foodgrain,1.11
SEC_003,2024-03-26,19,Foodgrain,1.34
SEC_005,2024-07-10,10,Other,0.73
SEC_028,2024-02-01,7,Foodgrain,1.15
SEC_030,2024-04-06,3,Other,1.02
SEC_008,2024-05-17,10,Coal,0.98
SEC_008,2024-09-07,4,Other,1.03
SEC_034,2024-04-22,9,Coal,1.09
SEC_023,2024-06-17,12,Foodgrain,0.86
SEC_006,2024-04-19,19,Foodgrain,1.48
SEC_030,2024-02-21,12,Coal,1.07
SEC_004,2024-10-17,11,Foodgrain,1.37
SEC_012,2024-09-03,6,Other,1.07
SEC_035,2024-08-24,9,Foodgrain,0.71
SEC_011,2024-08-01,2,Cement,0.78
SEC_004,2024-02-18,3,Other,1.07
SEC_048,2024-07-07,4,Steel,0.81
SEC_012,2024-09-16,15,Coal,1.06
SEC_026,2024-06-29,6,Cement,0.81
SEC_041,2024-09-21,12,Cement,1.04
SEC_049,2024-04-30,2,Coal,0.96
SEC_040,2024-07-07,7,Steel,0.72
SEC_017,2024-05-19,13,Steel,1.01
SEC_042,2024-12-30,8,Cement,1.25
SEC_001,2024-03-06,14,Other,0.97
SEC_016,2024-04-13,13,Cement,1.0
SEC_010,2024-09-06,8,Steel,1.02
SEC_026,2024-01-22,15,Cement,1.13
SEC_044,2024-07-06,7,Steel,0.84
SEC_038,2024-01-11,14,Cement,1.09
SEC_049,2024-07-12,11,Other,0.77
SEC_007,2024-04-27,9,Cement,1.01
SEC_037,2024-03-10,10,Cement,1.02
SEC_036,2024-07-01,10,Cement,0.87
SEC_023,2024-05-01,8,Foodgrain,1.01
SEC_005,2024-01-29,6,Coal,1.2
SEC_006,2024-07-13,10,Other,0.82
SEC_045,2024-07-26,10,Steel,0.89
SEC_015,2024-08-30,4,Other,0.75
SEC_032,2024-11-25,13,Other,1.22
SEC_047,2024-09-14,11,Cement,0.99
SEC_025,2024-10-18,13,Foodgrain,1.22
SEC_011,2024-08-25,6,Steel,0.7
SEC_024,2024-09-03,7,Coal,1.0
SEC_012,2024-10-17,12,Other,1.16
SEC_009,2024-08-30,5,Other,0.77
SEC_040,2024-07-02,9,Cement,0.81
SEC_017,2024-09-24,8,Other,0.97
SEC_034,2024-12-19,6,Steel,1.19
SEC_036,2024-06-29,11,Foodgrain,0.86
SEC_027,2024-03-23,7,Coal,0.97
SEC_027,2024-05-27,9,Foodgrain,0.98
SEC_009,2024-01-06,5,Other,1.13
SEC_026,2024-04-22,13,Steel,0.97
SEC_037,2024-11-20,17,Foodgrain,1.39
SEC_010,2024-02-06,7,Foodgrain,1.17
SEC_012,2024-11-21,10,Foodgrain,1.27
SEC_034,2024-07-24,7,Other,0.83
SEC_049,2024-04-26,13,Foodgrain,1.32
SEC_020,2024-06-21,3,Steel,0.85
SEC_041,2024-11-17,11,Steel,1.34
SEC_009,2024-02-13,11,Steel,1.24
SEC_028,2024-07-26,4,Steel,0.71
SEC_047,2024-04-08,13,Other,1.01
SEC_022,2024-07-17,11,Foodgrain,0.88
SEC_025,2024-10-15,11,Steel,1.34
SEC_008,2024-12-03,9,Coal,1.25
SEC_026,2024-04-03,12,Other,0.96
SEC_029,2024-08-30,3,Coal,0.86
SEC_049,2024-06-04,6,Steel,0.76
SEC_010,2024-07-03,8,Cement,0.84
SEC_018,2024-02-29,8,Coal,1.17
SEC_032,2024-11-09,8,Steel,1.35
SEC_047,2024-03-03,12,Other,1.02
SEC_012,2024-01-15,14,Coal,1.14
SEC_035,2024-10-03,9,Steel,1.32
SEC_044,2024-05-28,5,Coal,1.09
SEC_032,2024-01-25,6,Cement,1.11
SEC_021,2024-09-06,9,Coal,1.05
SEC_012,2024-04-14,7,Coal,0.96
SEC_015,2024-12-23,4,Foodgrain,1.06
SEC_003,2024-12-24,10,Cement,1.13
SEC_008,2024-07-20,4,Other,0.82
SEC_022,2024-06-23,8,Steel,0.77
SEC_007,2024-06-11,7,Foodgrain,0.82
SEC_001,2024-08-09,6,Other,0.88
SEC_034,2024-11-28,6,Cement,1.39
SEC_004,2024-08-22,8,Other,0.78
SEC_007,2024-02-06,15,Coal,1.24
SEC_030,2024-03-12,6,Coal,1.03
SEC_046,2024-08-18,2,Cement,0.89
SEC_036,2024-05-15,9,Steel,1.01
SEC_002,2024-06-24,6,Cement,0.71
SEC_009,2024-05-26,12,Cement,0.96
SEC_037,2024-08-06,5,Foodgrain,0.72
SEC_036,2024-03-25,4,Other,1.04
SEC_020,2024-01-27,10,Other,1.23
SEC_047,2024-03-26,2,Steel,1.05
SEC_044,2024-09-01,11,Coal,1.03
SEC_037,2024-08-10,8,Other,0.84
SEC_037,2024-10-23,13,Other,1.31
SEC_039,2024-02-09,13,Other,1.07
SEC_008,2024-02-21,2,Coal,1.09
SEC_035,2024-02-17,13,Cement,1.06
SEC_047,2024-07-24,10,Other,0.9
SEC_012,2024-07-28,5,Steel,0.77
SEC_001,2024-02-28,15,Cement,1.14
SEC_018,2024-06-13,4,Foodgrain,0.87
SEC_014,2024-01-19,15,Foodgrain,1.17
SEC_047,2024-08-11,4,Cement,0.86
SEC_022,2024-07-27,7,Foodgrain,0.84
SEC_033,2024-01-10,10,Cement,1.14
SEC_049,2024-02-02,7,Steel,1.22
SEC_039,2024-09-14,4,Steel,1.09
SEC_037,2024-11-25,10,Cement,1.3
SEC_048,2024-11-07,19,Foodgrain,1.38
SEC_034,2024-07-26,4,Steel,0.72
SEC_012,2024-07-10,5,Other,0.83
SEC_036,2024-10-22,8,Steel,1.18
SEC_016,2024-11-03,11,Foodgrain,1.24
SEC_017,2024-11-27,18,Steel,1.4
SEC_032,2024-05-26,4,Foodgrain,0.97
SEC_016,2024-06-23,4,Foodgrain,0.79
SEC_002,2024-01-29,6,Steel,1.21
SEC_049,2024-03-05,13,Cement,0.95
SEC_028,2024-05-18,10,Coal,1.01
SEC_033,2024-10-23,3,Cement,1.38
SEC_040,2024-06-12,11,Coal,0.86
SEC_032,2024-08-02,7,Steel,0.79
SEC_030,2024-11-12,8,Foodgrain,1.16
SEC_039,2024-06-23,10,Foodgrain,0.89
SEC_015,2024-05-02,14,Cement,0.98
SEC_041,2024-09-24,13,Other,1.02
SEC_036,2024-04-25,9,Cement,1.03
SEC_009,2024-05-22,6,Foodgrain,1.02
SEC_008,2024-11-21,12,Coal,1.35
SEC_044,2024-06-09,2,Other,0.78
SEC_044,2024-04-01,2,Steel,0.99
SEC_049,2024-11-01,6,Cement,1.18
SEC_005,2024-08-23,7,Other,0.8
SEC_044,2024-10-08,5,Cement,1.19
SEC_043,2024-04-29,7,Coal,1.09
SEC_038,2024-10-13,8,Steel,1.37
SEC_025,2024-12-14,9,Other,1.05
SEC_025,2024-02-29,4,Cement,1.21
SEC_022,2024-03-10,2,Cement,1.09
SEC_002,2024-07-25,8,Foodgrain,0.82
SEC_025,2024-09-21,5,Other,0.96
SEC_012,2024-01-01,14,Cement,1.2
SEC_010,2024-07-20,2,Cement,0.79
SEC_003,2024-02-16,10,Other,1.05
SEC_023,2024-12-24,16,Other,1.2
SEC_003,2024-09-22,9,Other,0.97
SEC_042,2024-12-29,12,Cement,1.15
SEC_044,2024-03-20,4,Steel,0.96
SEC_040,2024-10-17,10,Steel,1.24
SEC_015,2024-05-19,4,Coal,0.98
SEC_008,2024-02-07,15,Other,1.1
SEC_025,2024-06-24,2,Steel,0.83
SEC_033,2024-06-20,10,Steel,0.7
SEC_002,2024-07-02,6,Cement,0.73
SEC_042,2024-11-08,14,Foodgrain,1.29
SEC_022,2024-04-12,11,Steel,1.07
SEC_041,2024-08-21,7,Steel,0.88
SEC_004,2024-03-13,17,Foodgrain,1.34
SEC_021,2024-11-17,11,Cement,1.36
SEC_023,2024-06-16,10,Coal,0.73
SEC_003,2024-10-19,11,Cement,1.25
SEC_035,2024-04-08,5,Coal,1.04
SEC_046,2024-04-24,3,Other,1.04
SEC_027,2024-12-25,5,Coal,1.17
SEC_020,2024-03-12,9,Steel,0.98
SEC_032,2024-07-24,9,Steel,0.78
SEC_018,2024-04-28,7,Other,1.05
SEC_018,2024-05-22,8,Steel,1.09
SEC_038,2024-09-11,3,Other,1.09
SEC_029,2024-10-13,5,Steel,1.36
SEC_013,2024-06-25,6,Steel,0.81
SEC_020,2024-08-21,3,Foodgrain,0.75
SEC_041,2024-01-17,10,Coal,1.21
SEC_026,2024-03-26,11,Coal,0.95
SEC_004,2024-09-28,13,Steel,1.03
SEC_042,2024-08-31,7,Cement,0.82
SEC_037,2024-01-17,9,Coal,1.1
SEC_014,2024-11-22,2,Other,1.24
SEC_048,2024-05-29,8,Cement,1.01
SEC_047,2024-04-21,15,Steel,1.04
SEC_049,2024-06-18,2,Coal,0.84
SEC_019,2024-05-24,6,Foodgrain,1.03
SEC_046,2024-07-03,10,Foodgrain,0.8
SEC_040,2024-03-01,12,Coal,0.96
SEC_043,2024-02-20,15,Cement,1.24
SEC_027,2024-12-28,15,Other,1.17
SEC_014,2024-09-30,6,Foodgrain,1.03
SEC_012,2024-05-12,6,Foodgrain,1.08
SEC_048,2024-11-06,3,Other,1.16
SEC_025,2024-10-18,15,Steel,1.36
SEC_046,2024-09-12,4,Steel,1.06
SEC_028,2024-09-21,9,Other,1.09
SEC_027,2024-12-14,6,Foodgrain,1.24
SEC_004,2024-11-01,14,Other,1.35
SEC_020,2024-04-04,10,Other,1.03
SEC_028,2024-09-22,14,Other,0.98
SEC_006,2024-02-28,10,Steel,1.06
SEC_008,2024-07-02,9,Cement,0.78
SEC_029,2024-01-25,12,Foodgrain,1.23
SEC_013,2024-03-03,11,Cement,0.98
SEC_035,2024-09-21,2,Other,0.95
SEC_023,2024-05-16,6,Cement,1.07
SEC_020,2024-02-29,6,Foodgrain,1.07
SEC_006,2024-12-24,4,Other,1.21
SEC_020,2024-12-09,3,Other,1.16
SEC_027,2024-03-24,6,Steel,1.05
SEC_029,2024-08-06,10,Other,0.79
SEC_014,2024-04-17,13,Foodgrain,1.44
SEC_002,2024-10-21,3,Steel,1.28
SEC_046,2024-09-08,7,Steel,1.02
SEC_047,2024-06-08,4,Cement,0.88
SEC_045,2024-12-06,12,Steel,1.18
SEC_015,2024-09-25,9,Cement,0.97
SEC_030,2024-02-25,11,Foodgrain,1.19
SEC_007,2024-06-11,6,Other,0.84
SEC_045,2024-10-30,16,Coal,1.33
SEC_001,2024-07-16,9,Foodgrain,0.79
SEC_024,2024-02-06,14,Steel,1.23
SEC_042,2024-10-10,8,Cement,1.32
SEC_036,2024-06-25,7,Other,0.77
SEC_043,2024-03-28,13,Steel,1.01
SEC_025,2024-10-25,5,Other,1.2
SEC_005,2024-11-19,17,Cement,1.23
SEC_001,2024-08-03,10,Coal,0.88
SEC_008,2024-09-19,12,Cement,1.03
SEC_003,2024-03-29,12,Foodgrain,1.36
SEC_022,2024-09-30,2,Other,0.99
SEC_003,2024-11-26,14,Foodgrain,1.37
SEC_010,2024-03-28,5,Steel,0.98
SEC_021,2024-12-11,14,Coal,1.06
SEC_037,2024-02-02,9,Coal,1.16
SEC_034,2024-06-12,12,Cement,0.84
SEC_003,2024-01-27,14,Other,1.07
SEC_045,2024-06-12,7,Cement,0.77
SEC_027,2024-08-24,7,Cement,0.74
SEC_018,2024-11-14,7,Coal,1.22
SEC_019,2024-02-24,13,Coal,1.06
SEC_042,2024-11-20,11,Foodgrain,1.37
SEC_023,2024-12-31,13,Foodgrain,1.11
SEC_013,2024-01-25,6,Foodgrain,1.12
SEC_021,2024-12-17,5,Other,1.05
SEC_004,2024-11-27,3,Steel,1.33
SEC_008,2024-01-11,13,Other,1.09
SEC_016,2024-01-24,11,Steel,1.13
SEC_011,2024-09-22,7,Steel,0.96
SEC_018,2024-06-02,9,Steel,0.76
SEC_004,2024-04-05,5,Cement,1.08
SEC_030,2024-05-27,11,Steel,0.97
SEC_006,2024-05-04,5,Foodgrain,1.02
SEC_011,2024-12-22,3,Coal,1.08
SEC_048,2024-03-28,4,Steel,1.09
SEC_001,2024-02-02,11,Coal,1.22
SEC_014,2024-10-30,4,Cement,1.22
SEC_025,2024-11-03,16,Other,1.37
SEC_016,2024-11-23,8,Steel,1.26
SEC_016,2024-12-21,14,Other,1.09
SEC_007,2024-01-15,10,Foodgrain,1.08
SEC_021,2024-10-08,6,Other,1.28
SEC_038,2024-04-08,13,Steel,1.02
SEC_029,2024-06-03,11,Other,0.86
SEC_046,2024-06-13,7,Coal,0.77
SEC_035,2024-12-26,14,Steel,1.24
SEC_039,2024-07-09,11,Steel,0.77
SEC_022,2024-03-22,8,Coal,1.1
SEC_031,2024-02-02,16,Other,1.11
SEC_029,2024-08-03,11,Steel,0.79
SEC_040,2024-10-30,2,Foodgrain,1.15
SEC_025,2024-09-17,14,Coal,0.97
SEC_020,2024-12-07,6,Cement,1.23
SEC_004,2024-01-16,16,Coal,1.12
SEC_043,2024-05-27,12,Steel,1.09
SEC_022,2024-08-11,2,Other,0.81
SEC_040,2024-11-09,15,Other,1.25
SEC_034,2024-04-24,14,Coal,0.99
SEC_001,2024-09-04,13,Cement,1.05
SEC_032,2024-03-17,6,Cement,1.05
SEC_024,2024-08-04,5,Other,0.8
SEC_012,2024-10-10,6,Steel,1.25
SEC_013,2024-10-26,18,Steel,1.38
SEC_032,2024-06-14,6,Steel,0.72
SEC_005,2024-06-22,8,Foodgrain,0.75
SEC_030,2024-11-18,16,Cement,1.33
SEC_042,2024-07-19,4,Coal,0.79
SEC_005,2024-05-08,12,Coal,1.01
SEC_001,2024-04-10,12,Coal,1.0
SEC_003,2024-09-17,14,Steel,1.09
SEC_036,2024-09-17,3,Foodgrain,0.99
SEC_042,2024-07-15,4,Steel,0.75
SEC_049,2024-02-28,6,Other,1.17
SEC_002,2024-02-29,15,Cement,1.13
SEC_024,2024-03-29,8,Coal,1.1
SEC_003,2024-01-05,4,Other,1.22
SEC_019,2024-06-24,6,Cement,0.85
SEC_016,2024-05-31,9,Other,0.97
SEC_030,2024-05-21,7,Cement,1.09
SEC_045,2024-12-08,11,Cement,1.25
SEC_040,2024-03-28,19,Foodgrain,1.43
SEC_004,2024-10-23,3,Cement,1.35
SEC_012,2024-03-11,3,Cement,1.01
SEC_014,2024-08-11,11,Other,0.82
SEC_013,2024-11-11,11,Foodgrain,1.22
SEC_018,2024-11-02,10,Cement,1.31
SEC_030,2024-08-04,4,Other,0.85
SEC_037,2024-03-16,12,Cement,1.02
SEC_047,2024-05-18,10,Cement,1.09
SEC_035,2024-06-04,4,Coal,0.9
SEC_015,2024-11-05,15,Other,1.26
SEC_010,2024-05-18,12,Other,1.02
SEC_019,2024-10-29,11,Steel,1.34
SEC_040,2024-12-14,14,Other,1.2
SEC_049,2024-02-10,6,Other,1.14
SEC_020,2024-12-08,12,Steel,1.19
SEC_009,2024-07-26,1,Other,0.72
SEC_001,2024-08-07,9,Foodgrain,0.86
SEC_004,2024-04-21,14,Coal,0.98
SEC_032,2024-05-02,15,Coal,1.09
SEC_029,2024-07-16,9,Foodgrain,0.73
SEC_032,2024-03-13,4,Foodgrain,1.33
SEC_002,2024-09-19,9,Other,1.07
SEC_022,2024-09-01,14,Foodgrain,1.02
SEC_009,2024-01-04,13,Steel,1.08
SEC_017,2024-03-18,13,Steel,0.99
SEC_031,2024-07-06,9,Foodgrain,0.8
SEC_014,2024-09-28,9,Steel,1.01
SEC_033,2024-04-16,12,Cement,0.97
SEC_015,2024-11-20,18,Coal,1.25
SEC_026,2024-07-14,11,Other,0.88
SEC_023,2024-07-16,2,Steel,0.77
SEC_019,2024-02-10,7,Coal,1.07
SEC_007,2024-08-17,9,Other,0.74
SEC_029,2024-10-26,3,Steel,1.28
SEC_049,2024-03-18,13,Cement,1.1
SEC_032,2024-07-17,3,Steel,0.89
SEC_037,2024-01-03,6,Other,1.13
SEC_040,2024-03-18,2,Coal,0.97
SEC_002,2024-01-26,9,Foodgrain,1.14
SEC_039,2024-10-08,5,Coal,1.32
SEC_012,2024-12-30,8,Foodgrain,1.1
SEC_033,2024-01-14,13,Cement,1.09
SEC_049,2024-09-14,7,Foodgrain,1.04
SEC_044,2024-08-04,7,Other,0.86
SEC_021,2024-09-13,15,Cement,1.04
SEC_042,2024-07-02,7,Other,0.88
SEC_031,2024-12-28,11,Other,1.23
SEC_007,2024-01-15,14,Other,1.1
SEC_012,2024-02-24,12,Foodgrain,1.19
SEC_047,2024-04-01,11,Other,1.08
SEC_045,2024-10-13,13,Cement,1.31
SEC_044,2024-01-29,4,Coal,1.11
SEC_019,2024-02-15,9,Coal,1.15
SEC_016,2024-09-25,9,Steel,1.01
SEC_040,2024-06-02,3,Foodgrain,0.87
SEC_001,2024-09-15,14,Coal,1.06
SEC_044,2024-05-14,4,Foodgrain,1.02
SEC_030,2024-02-02,13,Cement,1.22
SEC_032,2024-08-06,7,Cement,0.82
SEC_022,2024-02-09,10,Other,1.1
SEC_048,2024-06-24,3,Steel,0.77
SEC_037,2024-11-18,14,Coal,1.38
SEC_003,2024-03-07,12,Other,1.05
SEC_026,2024-03-14,9,Foodgrain,1.46
SEC_043,2024-12-13,8,Cement,1.15
SEC_004,2024-04-21,8,Foodgrain,1.37
SEC_037,2024-05-16,6,Foodgrain,1.07
SEC_012,2024-09-07,13,Coal,1.0
SEC_025,2024-02-16,3,Foodgrain,1.09
SEC_044,2024-01-23,10,Other,1.22
SEC_025,2024-11-04,9,Coal,1.18
SEC_002,2024-12-12,8,Steel,1.05
SEC_002,2024-12-27,9,Other,1.17
SEC_037,2024-01-09,6,Foodgrain,1.12
SEC_046,2024-07-12,6,Coal,0.76
SEC_015,2024-11-06,11,Other,1.32
SEC_046,2024-11-05,5,Coal,1.17
SEC_023,2024-05-12,10,Steel,0.99
SEC_003,2024-06-28,8,Foodgrain,0.85
SEC_027,2024-02-24,4,Steel,1.21
SEC_048,2024-02-20,10,Foodgrain,1.19
SEC_013,2024-05-18,3,Cement,1.08
SEC_048,2024-03-25,17,Foodgrain,1.32
SEC_032,2024-12-22,3,Foodgrain,1.09
SEC_020,2024-01-30,8,Cement,1.09
SEC_034,2024-07-12,10,Cement,0.78
SEC_020,2024-07-22,9,Cement,0.73
SEC_005,2024-01-22,11,Foodgrain,1.2
SEC_043,2024-06-10,10,Foodgrain,0.9
SEC_019,2024-12-10,10,Steel,1.07
SEC_028,2024-02-10,12,Foodgrain,1.08
SEC_037,2024-02-22,17,Coal,1.2
SEC_005,2024-03-01,8,Coal,0.97
SEC_036,2024-01-21,13,Other,1.07
SEC_018,2024-11-19,5,Other,1.24
SEC_027,2024-01-17,2,Steel,1.24
SEC_023,2024-04-12,18,Foodgrain,1.37
SEC_039,2024-10-29,4,Other,1.35
SEC_010,2024-12-30,7,Foodgrain,1.13
SEC_006,2024-02-26,12,Coal,1.22
SEC_021,2024-05-11,11,Foodgrain,0.99
SEC_006,2024-03-06,8,Other,0.97
SEC_012,2024-03-11,2,Steel,1.08
SEC_033,2024-12-11,7,Other,1.15
SEC_041,2024-05-03,10,Cement,1.06
SEC_034,2024-08-11,10,Coal,0.77
SEC_016,2024-02-27,13,Other,1.07
SEC_040,2024-04-14,8,Cement,0.95
SEC_020,2024-05-12,3,Steel,1.01
SEC_009,2024-08-02,6,Cement,0.79
SEC_038,2024-11-25,9,Other,1.25
SEC_026,2024-03-29,11,Cement,0.99
SEC_019,2024-08-24,4,Other,0.8
SEC_033,2024-06-29,5,Other,0.82
SEC_036,2024-10-18,3,Steel,1.26
SEC_011,2024-05-02,4,Coal,1.04
SEC_006,2024-06-04,4,Other,0.75
SEC_026,2024-08-15,5,Other,0.78
SEC_003,2024-06-11,4,Steel,0.88
SEC_032,2024-10-04,14,Foodgrain,1.31
SEC_022,2024-01-06,6,Foodgrain,1.07
SEC_011,2024-05-07,6,Steel,0.96
SEC_030,2024-03-04,3,Foodgrain,1.41
SEC_019,2024-02-22,3,Foodgrain,1.06
SEC_020,2024-01-20,7,Other,1.12
SEC_011,2024-05-10,11,Steel,1.01
SEC_034,2024-03-20,6,Coal,0.96
SEC_045,2024-10-04,11,Foodgrain,1.26
SEC_031,2024-07-02,8,Coal,0.89
SEC_012,2024-10-15,4,Coal,1.32
SEC_041,2024-11-20,4,Cement,1.33
SEC_006,2024-10-14,18,Other,1.36
SEC_015,2024-06-03,4,Coal,0.78
SEC_002,2024-12-22,12,Steel,1.13
SEC_042,2024-05-20,8,Coal,1.08
SEC_003,2024-10-28,13,Foodgrain,1.16
SEC_027,2024-03-04,12,Foodgrain,1.34
SEC_010,2024-12-20,15,Other,1.16
SEC_011,2024-04-20,12,Other,1.07
SEC_030,2024-08-17,9,Other,0.71
SEC_040,2024-05-09,3,Foodgrain,0.97
SEC_001,2024-03-24,15,Cement,1.04
SEC_008,2024-04-30,8,Steel,1.06
SEC_015,2024-08-10,5,Coal,0.75
SEC_047,2024-02-10,2,Other,1.07
SEC_003,2024-03-13,4,Other,0.97
SEC_009,2024-12-02,11,Coal,1.24
SEC_020,2024-02-01,16,Coal,1.2
SEC_016,2024-09-21,2,Other,0.95
SEC_003,2024-04-20,11,Foodgrain,1.35
SEC_027,2024-04-26,12,Cement,0.96
SEC_030,2024-05-12,2,Other,1.06
SEC_009,2024-05-20,2,Foodgrain,1.01
SEC_034,2024-09-16,10,Coal,1.07
SEC_003,2024-10-21,6,Cement,1.26
SEC_036,2024-05-12,3,Coal,1.09
SEC_013,2024-03-03,7,Cement,1.05
SEC_011,2024-01-02,5,Foodgrain,1.19
SEC_010,2024-09-22,6,Foodgrain,1.01
SEC_043,2024-12-01,14,Foodgrain,1.19
SEC_025,2024-01-13,8,Other,1.1
SEC_034,2024-08-03,9,Steel,0.81
SEC_010,2024-03-20,6,Other,1.05
SEC_003,2024-03-18,7,Other,0.97
SEC_002,2024-10-30,14,Other,1.16
SEC_022,2024-04-02,12,Other,0.99
SEC_016,2024-04-21,15,Cement,1.04
SEC_038,2024-02-15,15,Other,1.24
SEC_039,2024-11-26,8,Cement,1.39
SEC_016,2024-11-27,15,Coal,1.28
SEC_022,2024-11-30,7,Coal,1.22
SEC_019,2024-03-25,2,Cement,0.98
SEC_034,2024-03-09,16,Foodgrain,1.35
SEC_031,2024-12-10,9,Other,1.18
SEC_032,2024-08-12,3,Foodgrain,0.9
SEC_003,2024-04-06,8,Steel,1.09
SEC_017,2024-01-18,6,Other,1.21
SEC_048,2024-10-19,13,Foodgrain,1.19
SEC_017,2024-10-20,3,Other,1.3
SEC_009,2024-01-04,11,Coal,1.21
SEC_010,2024-06-24,3,Coal,0.82
SEC_002,2024-06-25,10,Coal,0.74
SEC_039,2024-06-18,2,Other,0.73
SEC_001,2024-05-15,12,Coal,1.1
SEC_030,2024-04-30,2,Cement,0.99
SEC_020,2024-05-02,2,Cement,1.05
SEC_005,2024-12-02,11,Other,1.2
SEC_044,2024-12-29,9,Cement,1.1
SEC_037,2024-02-10,5,Coal,1.15
SEC_041,2024-09-20,5,Coal,0.98
SEC_046,2024-07-28,11,Coal,0.8
SEC_045,2024-04-03,3,Foodgrain,1.44
SEC_035,2024-03-09,10,Foodgrain,1.45
SEC_027,2024-10-02,19,Coal,1.37
SEC_035,2024-05-13,12,Coal,0.99
SEC_022,2024-02-17,6,Steel,1.14
SEC_009,2024-12-20,5,Foodgrain,1.19
SEC_019,2024-12-04,2,Other,1.24
SEC_023,2024-06-02,3,Other,0.84
SEC_003,2024-06-05,11,Foodgrain,0.84
SEC_042,2024-06-02,4,Steel,0.88
SEC_045,2024-03-10,12,Cement,1.02
SEC_021,2024-02-08,2,Other,1.19
SEC_025,2024-04-09,15,Steel,1.09
SEC_042,2024-05-21,3,Foodgrain,1.09
SEC_023,2024-02-26,13,Coal,1.18
SEC_034,2024-01-13,10,Coal,1.16
SEC_026,2024-12-06,5,Other,1.14
SEC_014,2024-11-17,2,Steel,1.18
SEC_039,2024-04-21,3,Coal,0.97
SEC_010,2024-08-12,9,Steel,0.79
SEC_011,2024-02-22,4,Steel,1.22
SEC_034,2024-12-05,16,Steel,1.23
SEC_035,2024-10-24,13,Cement,1.28
SEC_047,2024-03-05,6,Foodgrain,1.49
SEC_035,2024-03-19,9,Foodgrain,1.42
SEC_002,2024-05-01,5,Other,1.07
SEC_042,2024-02-04,13,Other,1.22
SEC_021,2024-05-06,7,Steel,0.98
SEC_001,2024-09-01,12,Other,0.96
SEC_029,2024-09-22,4,Cement,1.03
SEC_009,2024-01-03,2,Coal,1.12
SEC_021,2024-05-08,11,Steel,1.04
SEC_024,2024-10-31,14,Steel,1.27
SEC_004,2024-11-14,10,Cement,1.39
SEC_042,2024-07-24,6,Cement,0.71
SEC_026,2024-09-26,10,Cement,0.98
SEC_048,2024-03-31,13,Coal,1.09
SEC_023,2024-11-13,4,Foodgrain,1.32
SEC_030,2024-06-22,9,Foodgrain,0.82
SEC_040,2024-09-10,12,Cement,1.05
SEC_011,2024-04-06,13,Steel,1.02
SEC_045,2024-03-04,3,Coal,1.05
SEC_010,2024-07-14,8,Other,0.78
SEC_049,2024-07-10,6,Foodgrain,0.79
SEC_032,2024-07-28,5,Other,0.89
SEC_026,2024-10-22,11,Foodgrain,1.18
SEC_011,2024-10-09,7,Steel,1.34
SEC_028,2024-04-20,4,Foodgrain,1.37
SEC_028,2024-06-19,9,Coal,0.85
SEC_049,2024-02-01,2,Foodgrain,1.16
SEC_041,2024-10-14,9,Other,1.33
SEC_024,2024-02-19,7,Steel,1.05
SEC_020,2024-01-26,13,Coal,1.17
SEC_019,2024-07-09,3,Coal,0.87
SEC_019,2024-12-03,13,Coal,1.16
SEC_001,2024-05-17,6,Steel,1.07
SEC_002,2024-03-08,4,Steel,1.01
SEC_037,2024-03-08,3,Cement,1.03
SEC_013,2024-11-02,14,Steel,1.2
SEC_021,2024-08-29,5,Steel,0.84
SEC_035,2024-06-30,4,Coal,0.74
SEC_030,2024-12-05,8,Foodgrain,1.13
SEC_018,2024-02-08,5,Steel,1.14
SEC_037,2024-08-13,6,Cement,0.81
SEC_008,2024-05-11,7,Coal,1.09
SEC_024,2024-03-26,10,Cement,1.05
SEC_006,2024-12-02,9,Other,1.24
SEC_027,2024-12-16,4,Cement,1.11
SEC_005,2024-11-01,13,Steel,1.27
SEC_047,2024-02-24,17,Cement,1.22
SEC_033,2024-09-21,7,Other,0.96
SEC_013,2024-05-11,7,Foodgrain,1.0
SEC_031,2024-05-19,6,Cement,1.01
SEC_018,2024-03-11,6,Other,1.06
SEC_026,2024-08-03,8,Foodgrain,0.72
SEC_009,2024-11-09,16,Coal,1.16
SEC_025,2024-03-25,4,Other,1.02
SEC_006,2024-07-15,11,Steel,0.82
SEC_008,2024-08-25,6,Steel,0.86
SEC_029,2024-08-18,4,Cement,0.8
SEC_025,2024-04-05,12,Coal,1.1
SEC_015,2024-01-11,9,Steel,1.18
SEC_003,2024-10-30,13,Foodgrain,1.34
SEC_021,2024-08-06,5,Cement,0.8
SEC_046,2024-09-14,14,Coal,1.04
SEC_035,2024-07-13,10,Other,0.88
SEC_003,2024-05-21,8,Steel,0.98
SEC_046,2024-04-02,4,Other,1.08
SEC_021,2024-08-29,4,Other,0.89
SEC_029,2024-10-31,8,Cement,1.38
SEC_001,2024-04-28,6,Other,1.08
SEC_016,2024-01-09,10,Coal,1.23
SEC_039,2024-02-26,7,Foodgrain,1.23
SEC_017,2024-07-30,2,Coal,0.83
SEC_009,2024-03-27,8,Foodgrain,1.39
SEC_005,2024-10-25,18,Foodgrain,1.38
SEC_046,2024-04-09,14,Foodgrain,1.43
SEC_040,2024-06-29,6,Coal,0.85
SEC_003,2024-03-23,11,Coal,1.0
SEC_046,2024-06-15,6,Other,0.87
SEC_041,2024-09-05,10,Steel,1.1
SEC_018,2024-10-18,6,Foodgrain,1.29
SEC_033,2024-09-27,4,Foodgrain,0.96
SEC_013,2024-07-04,8,Coal,0.84
SEC_013,2024-06-16,8,Steel,0.87
SEC_036,2024-04-29,12,Cement,1.08
SEC_010,2024-12-27,8,Steel,1.25
SEC_018,2024-09-25,11,Cement,1.08
SEC_018,2024-11-22,2,Cement,1.23
SEC_008,2024-09-27,13,Other,1.05
SEC_041,2024-02-01,2,Foodgrain,1.11
SEC_034,2024-04-07,3,Other,1.03
SEC_043,2024-06-17,12,Steel,0.87
SEC_026,2024-04-25,11,Cement,0.96
SEC_009,2024-11-28,14,Other,1.19
SEC_014,2024-06-29,3,Other,0.88
SEC_018,2024-03-21,10,Cement,0.97
SEC_047,2024-08-06,7,Foodgrain,0.9
SEC_012,2024-05-18,3,Foodgrain,0.98
SEC_034,2024-02-16,6,Foodgrain,1.07
SEC_007,2024-12-12,6,Steel,1.08
SEC_047,2024-12-12,16,Steel,1.25
SEC_032,2024-10-11,11,Cement,1.34
SEC_022,2024-04-24,6,Cement,0.99
SEC_017,2024-10-31,6,Cement,1.27
SEC_018,2024-04-15,9,Cement,1.07
SEC_012,2024-11-17,13,Foodgrain,1.27
SEC_030,2024-11-19,12,Foodgrain,1.19
SEC_043,2024-03-03,8,Cement,1.05
SEC_012,2024-04-25,6,Steel,0.96
SEC_037,2024-09-12,11,Coal,1.09
SEC_028,2024-03-26,3,Cement,0.98
SEC_038,2024-10-20,5,Steel,1.26
SEC_038,2024-09-05,15,Cement,1.06
SEC_002,2024-03-23,8,Other,0.97
SEC_002,2024-10-10,5,Steel,1.33
SEC_045,2024-01-16,10,Coal,1.2
SEC_008,2024-05-20,6,Coal,0.99
SEC_029,2024-03-06,19,Foodgrain,1.33
SEC_037,2024-01-01,7,Other,1.24
SEC_025,2024-09-28,3,Other,0.99
SEC_001,2024-02-25,8,Other,1.08
SEC_001,2024-09-11,13,Coal,1.05
SEC_033,2024-01-28,15,Coal,1.15
SEC_044,2024-11-22,17,Other,1.19
SEC_017,2024-12-23,7,Cement,1.12
SEC_027,2024-04-26,2,Other,1.01
SEC_046,2024-06-26,2,Other,0.71
SEC_041,2024-08-15,3,Cement,0.74
SEC_027,2024-08-03,9,Foodgrain,0.81
SEC_033,2024-01-10,5,Cement,1.07
SEC_048,2024-12-24,5,Cement,1.18
SEC_040,2024-12-08,4,Other,1.1
SEC_021,2024-06-27,3,Other,0.81
SEC_034,2024-07-21,12,Coal,0.86
SEC_017,2024-03-03,9,Other,1.07
SEC_046,2024-09-30,10,Cement,0.99
SEC_005,2024-07-07,11,Cement,0.82
SEC_012,2024-04-13,12,Steel,0.98
SEC_017,2024-04-22,15,Foodgrain,1.49
SEC_010,2024-01-30,14,Other,1.16
SEC_030,2024-10-15,14,Coal,1.27
SEC_035,2024-01-23,14,Foodgrain,1.24
SEC_044,2024-07-25,8,Other,0.75
SEC_025,2024-10-25,4,Cement,1.31
SEC_031,2024-01-20,8,Coal,1.12
SEC_030,2024-02-25,6,Coal,1.14
SEC_001,2024-10-06,12,Foodgrain,1.3
SEC_035,2024-10-28,5,Steel,1.27
SEC_002,2024-01-30,7,Other,1.14
SEC_027,2024-04-07,4,Other,0.95
SEC_049,2024-08-09,1,Other,0.74
SEC_039,2024-07-17,1,Steel,0.71
SEC_025,2024-07-08,6,Steel,0.81
SEC_016,2024-04-05,19,Foodgrain,1.37
SEC_042,2024-07-16,2,Coal,0.87
SEC_043,2024-01-19,8,Cement,1.18
SEC_019,2024-11-15,4,Other,1.27
SEC_006,2024-07-17,12,Coal,0.83
SEC_029,2024-05-16,14,Coal,1.03
SEC_032,2024-05-14,6,Steel,1.07
SEC_046,2024-05-15,11,Other,1.1
SEC_044,2024-06-08,4,Steel,0.73
SEC_012,2024-03-11,15,Cement,1.1
SEC_013,2024-08-08,8,Other,0.71
SEC_049,2024-03-08,19,Foodgrain,1.34
SEC_017,2024-04-24,12,Coal,1.09
SEC_023,2024-11-14,4,Other,1.17
SEC_015,2024-07-25,2,Steel,0.73
SEC_020,2024-11-26,3,Foodgrain,1.38
SEC_028,2024-08-28,11,Other,0.82
SEC_015,2024-10-13,8,Other,1.25
SEC_021,2024-02-02,11,Other,1.18
SEC_018,2024-07-03,8,Steel,0.87
SEC_006,2024-05-08,10,Cement,1.05
SEC_039,2024-01-07,14,Steel,1.24
SEC_044,2024-02-02,5,Foodgrain,1.2
SEC_025,2024-03-10,9,Steel,1.09
SEC_011,2024-01-03,4,Other,1.12
SEC_032,2024-06-09,6,Cement,0.77
SEC_027,2024-01-19,15,Other,1.17
SEC_028,2024-10-28,14,Steel,1.31
SEC_030,2024-08-04,7,Other,0.79
SEC_036,2024-12-18,2,Steel,1.09
SEC_002,2024-01-31,2,Cement,1.11
SEC_005,2024-01-30,10,Coal,1.25
SEC_005,2024-11-13,14,Cement,1.2
SEC_008,2024-05-23,10,Cement,0.99
SEC_048,2024-10-04,11,Cement,1.32
SEC_036,2024-03-10,11,Steel,0.96
SEC_033,2024-01-04,2,Other,1.18
SEC_035,2024-07-01,8,Coal,0.82
SEC_002,2024-07-28,7,Cement,0.76
SEC_011,2024-02-10,12,Foodgrain,1.15
SEC_039,2024-01-04,11,Coal,1.1
SEC_023,2024-03-18,10,Other,0.95
SEC_025,2024-02-09,10,Cement,1.19
SEC_037,2024-12-30,9,Coal,1.09
SEC_004,2024-12-27,7,Steel,1.11
SEC_040,2024-01-06,5,Cement,1.22
SEC_034,2024-06-16,11,Coal,0.8
SEC_020,2024-05-20,13,Foodgrain,1.01
SEC_025,2024-01-10,12,Coal,1.25
SEC_004,2024-08-31,12,Coal,0.85
SEC_011,2024-11-07,3,Steel,1.26
SEC_013,2024-08-11,7,Cement,0.74
SEC_044,2024-12-01,5,Foodgrain,1.19
SEC_006,2024-08-21,3,Steel,0.85
SEC_015,2024-07-19,6,Steel,0.79
SEC_007,2024-12-12,16,Other,1.12
SEC_014,2024-09-15,14,Cement,0.99
SEC_001,2024-10-06,10,Other,1.2
SEC_014,2024-10-12,18,Other,1.29
SEC_036,2024-01-12,8,Cement,1.08
SEC_038,2024-09-25,12,Coal,1.04
SEC_019,2024-09-30,9,Other,1.07
SEC_035,2024-06-29,8,Coal,0.87
SEC_031,2024-07-25,8,Cement,0.85
SEC_045,2024-10-31,14,Steel,1.36
SEC_040,2024-02-21,4,Cement,1.11
SEC_012,2024-07-12,2,Other,0.71
SEC_029,2024-10-09,10,Cement,1.2
SEC_039,2024-04-04,8,Steel,0.95
SEC_015,2024-04-06,3,Cement,1.05
SEC_029,2024-01-02,16,Coal,1.13
SEC_020,2024-04-24,9,Other,1.03
SEC_016,2024-05-11,14,Coal,0.97
SEC_010,2024-12-14,7,Other,1.13
SEC_002,2024-01-31,15,Coal,1.08
SEC_037,2024-08-24,4,Steel,0.88
SEC_041,2024-01-24,8,Cement,1.15
SEC_032,2024-10-19,7,Other,1.36
SEC_012,2024-06-20,10,Cement,0.71
SEC_001,2024-06-04,5,Steel,0.77
SEC_031,2024-12-11,6,Steel,1.14
SEC_010,2024-10-01,2,Cement,1.19
SEC_027,2024-02-08,7,Foodgrain,1.17
SEC_048,2024-04-07,13,Steel,1.07
SEC_001,2024-04-10,14,Cement,0.99
SEC_029,2024-08-11,7,Foodgrain,0.89
SEC_049,2024-10-30,7,Other,1.38
SEC_017,2024-08-21,7,Coal,0.85
SEC_040,2024-05-27,8,Cement,1.1
SEC_041,2024-09-30,10,Cement,0.95
SEC_024,2024-10-04,16,Other,1.32
SEC_016,2024-01-30,2,Cement,1.07
SEC_034,2024-07-17,4,Other,0.79
SEC_031,2024-09-17,10,Steel,0.99
SEC_024,2024-08-09,10,Steel,0.73
SEC_010,2024-03-30,12,Other,1.03
SEC_037,2024-02-28,10,Coal,1.16
SEC_011,2024-04-16,2,Other,0.97
SEC_007,2024-05-08,9,Cement,1.09
SEC_004,2024-12-03,4,Foodgrain,1.09
SEC_022,2024-08-15,2,Coal,0.89
SEC_006,2024-11-01,15,Cement,1.38
SEC_017,2024-01-10,11,Foodgrain,1.23
SEC_012,2024-10-13,7,Coal,1.39
SEC_023,2024-03-09,4,Cement,0.98
SEC_039,2024-07-26,2,Other,0.81
SEC_023,2024-05-21,12,Foodgrain,1.07
SEC_028,2024-11-12,14,Coal,1.27
SEC_008,2024-09-03,2,Steel,0.96
SEC_006,2024-06-17,8,Foodgrain,0.87
SEC_048,2024-07-05,6,Foodgrain,0.71
SEC_031,2024-09-15,7,Foodgrain,1.05
SEC_001,2024-09-20,10,Steel,1.01
SEC_028,2024-07-28,10,Cement,0.87
SEC_001,2024-09-23,5,Coal,1.06
SEC_004,2024-10-15,10,Other,1.23
SEC_019,2024-01-12,11,Foodgrain,1.25
SEC_033,2024-05-14,5,Other,1.04
SEC_031,2024-11-26,12,Coal,1.29
SEC_039,2024-04-27,10,Cement,1.05
SEC_009,2024-10-28,16,Other,1.35
SEC_010,2024-07-20,3,Other,0.85
SEC_027,2024-04-09,8,Foodgrain,1.35
SEC_043,2024-05-08,6,Steel,1.01
SEC_036,2024-06-26,7,Other,0.86
SEC_033,2024-02-15,2,Cement,1.15
SEC_005,2024-04-22,6,Other,1.03
SEC_044,2024-09-06,12,Steel,0.96
SEC_049,2024-11-27,10,Foodgrain,1.28
SEC_029,2024-12-13,8,Steel,1.17
SEC_017,2024-05-20,14,Foodgrain,1.04
SEC_033,2024-10-17,10,Other,1.29
SEC_032,2024-05-24,11,Other,1.1
SEC_046,2024-10-22,3,Foodgrain,1.33
SEC_006,2024-11-29,5,Coal,1.26
SEC_026,2024-06-12,1,Foodgrain,0.73
SEC_035,2024-08-07,2,Foodgrain,0.86
SEC_018,2024-11-13,17,Cement,1.24
SEC_042,2024-02-20,6,Steel,1.15
SEC_004,2024-03-31,7,Foodgrain,1.34
SEC_006,2024-08-17,2,Cement,0.83
SEC_039,2024-03-06,16,Foodgrain,1.34
SEC_007,2024-10-17,3,Other,1.33
SEC_021,2024-04-07,2,Steel,1.09
SEC_014,2024-05-03,3,Cement,1.02
SEC_034,2024-10-23,13,Foodgrain,1.2
SEC_001,2024-07-11,2,Foodgrain,0.78
SEC_018,2024-10-16,4,Foodgrain,1.35
SEC_049,2024-08-17,4,Foodgrain,0.72
SEC_019,2024-07-07,4,Foodgrain,0.82
SEC_030,2024-07-05,9,Foodgrain,0.77
SEC_049,2024-10-20,5,Other,1.26
SEC_030,2024-12-31,5,Cement,1.25
SEC_037,2024-01-09,7,Foodgrain,1.24
SEC_047,2024-07-04,9,Other,0.71
SEC_031,2024-10-13,7,Steel,1.23
SEC_041,2024-08-23,3,Steel,0.72
SEC_025,2024-06-26,3,Coal,0.78
SEC_040,2024-10-17,10,Steel,1.39
SEC_032,2024-06-20,8,Coal,0.85
SEC_017,2024-02-19,3,Coal,1.06
SEC_028,2024-04-09,7,Cement,1.09
SEC_017,2024-01-17,13,Cement,1.06
SEC_020,2024-09-13,9,Cement,1.08
SEC_015,2024-12-22,10,Other,1.2
SEC_025,2024-05-18,9,Other,1.04
SEC_017,2024-09-25,10,Steel,1.0
SEC_031,2024-12-25,5,Coal,1.15
SEC_019,2024-05-23,4,Foodgrain,1.01
SEC_025,2024-11-18,14,Other,1.17
SEC_007,2024-01-07,11,Other,1.06
SEC_019,2024-09-05,9,Steel,0.99
SEC_018,2024-03-01,3,Coal,1.05
SEC_048,2024-10-13,9,Cement,1.27
SEC_022,2024-01-04,7,Other,1.14
SEC_002,2024-10-31,4,Other,1.19
SEC_016,2024-05-25,13,Other,1.0
SEC_036,2024-03-27,8,Steel,1.05
SEC_009,2024-07-22,10,Cement,0.72
SEC_008,2024-12-28,14,Cement,1.19
SEC_019,2024-02-28,2,Steel,1.24
SEC_018,2024-04-23,2,Coal,1.0
SEC_024,2024-08-22,4,Cement,0.76
SEC_002,2024-02-04,2,Steel,1.25
SEC_036,2024-12-15,6,Steel,1.23
SEC_011,2024-07-10,6,Coal,0.88
SEC_035,2024-12-28,14,Coal,1.08
SEC_028,2024-05-31,2,Coal,1.05
SEC_010,2024-10-31,8,Coal,1.27
SEC_024,2024-05-01,13,Other,0.97
SEC_002,2024-06-11,10,Coal,0.75
SEC_035,2024-05-06,8,Steel,1.08
SEC_015,2024-07-19,2,Other,0.86
SEC_019,2024-03-22,11,Coal,1.07
SEC_008,2024-07-03,4,Cement,0.81
SEC_018,2024-11-03,7,Steel,1.22
SEC_020,2024-02-26,5,Steel,1.17
SEC_012,2024-10-17,3,Foodgrain,1.33
SEC_048,2024-11-08,15,Foodgrain,1.36
SEC_014,2024-01-13,14,Cement,1.19
SEC_009,2024-09-04,7,Cement,1.1
SEC_027,2024-06-26,12,Coal,0.89
SEC_016,2024-08-21,6,Coal,0.89
SEC_023,2024-04-17,11,Cement,1.1
SEC_036,2024-03-21,12,Steel,1.07
SEC_004,2024-04-15,5,Coal,0.97
SEC_025,2024-02-26,5,Foodgrain,1.07
SEC_002,2024-05-28,11,Steel,0.97
SEC_003,2024-11-15,14,Other,1.2
SEC_005,2024-10-11,14,Other,1.24
SEC_008,2024-03-06,7,Coal,0.96
SEC_018,2024-07-23,10,Cement,0.87
SEC_046,2024-01-27,13,Other,1.05
SEC_045,2024-01-22,12,Cement,1.17
SEC_006,2024-08-16,7,Cement,0.83
SEC_049,2024-04-20,7,Foodgrain,1.35
SEC_032,2024-09-14,4,Foodgrain,0.96
SEC_028,2024-02-27,6,Coal,1.19
SEC_039,2024-02-13,9,Coal,1.17
SEC_024,2024-09-18,9,Cement,1.03
SEC_014,2024-03-16,14,Foodgrain,1.44
SEC_026,2024-01-22,8,Coal,1.09
SEC_036,2024-10-15,12,Steel,1.22
SEC_034,2024-09-15,11,Cement,0.95
SEC_009,2024-12-06,14,Coal,1.2
SEC_046,2024-08-07,9,Steel,0.85
SEC_014,2024-06-23,5,Other,0.85
SEC_041,2024-09-02,4,Foodgrain,0.99
SEC_016,2024-10-16,6,Foodgrain,1.24
SEC_004,2024-08-18,5,Coal,0.84
SEC_049,2024-04-26,5,Coal,0.96
SEC_029,2024-11-21,11,Cement,1.21
SEC_011,2024-09-14,7,Steel,1.0
SEC_001,2024-11-17,17,Steel,1.33
SEC_007,2024-07-22,2,Coal,0.83
SEC_009,2024-06-13,2,Cement,0.76
SEC_046,2024-11-04,5,Other,1.21
SEC_009,2024-08-11,2,Steel,0.74
SEC_008,2024-10-10,16,Steel,1.22
SEC_042,2024-11-21,3,Cement,1.35
SEC_044,2024-04-13,6,Foodgrain,1.3
SEC_011,2024-03-11,13,Cement,0.95
SEC_032,2024-02-24,7,Cement,1.22
SEC_027,2024-08-07,11,Cement,0.82
SEC_029,2024-10-22,12,Coal,1.25
SEC_016,2024-12-23,2,Foodgrain,1.11
SEC_037,2024-01-13,12,Foodgrain,1.17
SEC_044,2024-01-01,4,Other,1.06
SEC_036,2024-09-05,9,Cement,1.04
SEC_045,2024-04-08,14,Cement,1.01
SEC_006,2024-06-23,5,Other,0.86
SEC_033,2024-01-29,9,Cement,1.12
SEC_049,2024-01-28,6,Cement,1.21
SEC_027,2024-07-12,4,Foodgrain,0.9
SEC_047,2024-09-09,4,Coal,1.01
SEC_018,2024-11-20,13,Cement,1.15
SEC_044,2024-06-25,6,Steel,0.76
SEC_047,2024-08-24,6,Coal,0.87
SEC_031,2024-11-10,15,Steel,1.18
SEC_035,2024-06-07,2,Steel,0.87
SEC_026,2024-03-17,4,Steel,1.0
SEC_016,2024-10-29,15,Steel,1.37
SEC_027,2024-01-01,6,Other,1.05
SEC_048,2024-04-11,4,Other,0.96
SEC_001,2024-02-17,7,Coal,1.23
SEC_011,2024-08-23,8,Foodgrain,0.72
SEC_025,2024-04-08,4,Steel,1.1
SEC_017,2024-05-06,10,Other,1.01
SEC_031,2024-08-26,10,Foodgrain,0.78
SEC_018,2024-04-18,7,Cement,1.03
SEC_033,2024-05-12,15,Coal,1.09
SEC_006,2024-07-01,2,Cement,0.73
SEC_017,2024-02-13,11,Foodgrain,1.13
SEC_034,2024-12-08,3,Other,1.08
SEC_024,2024-12-25,2,Coal,1.15
SEC_035,2024-09-17,9,Steel,0.96
SEC_032,2024-02-09,15,Other,1.1
SEC_017,2024-06-21,3,Steel,0.79
SEC_021,2024-05-09,11,Steel,1.03
SEC_048,2024-03-01,9,Steel,1.01
SEC_048,2024-11-16,12,Foodgrain,1.2
SEC_002,2024-05-31,7,Coal,1.02
SEC_035,2024-08-26,12,Cement,0.86
SEC_025,2024-09-09,5,Other,1.0
SEC_001,2024-04-27,14,Steel,1.08
SEC_032,2024-05-07,13,Coal,0.99
SEC_002,2024-12-21,16,Steel,1.15
SEC_016,2024-10-28,8,Cement,1.38
SEC_034,2024-07-02,6,Foodgrain,0.72
SEC_040,2024-07-14,9,Cement,0.73
SEC_021,2024-01-03,8,Other,1.05
SEC_040,2024-03-15,15,Other,1.07
SEC_042,2024-01-03,5,Foodgrain,1.06
SEC_022,2024-10-21,7,Cement,1.31
SEC_009,2024-12-10,10,Foodgrain,1.08
SEC_033,2024-02-29,8,Coal,1.09
SEC_001,2024-04-12,15,Foodgrain,1.33
SEC_044,2024-05-08,13,Other,0.95
SEC_020,2024-10-24,17,Foodgrain,1.22
SEC_038,2024-05-29,12,Foodgrain,1.08
SEC_037,2024-01-16,9,Cement,1.24
SEC_024,2024-08-02,9,Other,0.79
SEC_048,2024-02-23,14,Coal,1.24
SEC_040,2024-08-24,3,Coal,0.76
SEC_044,2024-11-09,3,Foodgrain,1.26
SEC_005,2024-01-25,5,Coal,1.2
SEC_024,2024-12-29,11,Other,1.22
SEC_047,2024-08-30,8,Cement,0.75
SEC_040,2024-01-20,2,Cement,1.09
SEC_023,2024-03-21,16,Foodgrain,1.35
SEC_004,2024-03-02,8,Foodgrain,1.36
SEC_014,2024-11-19,13,Coal,1.21
SEC_029,2024-09-21,3,Cement,1.03
SEC_032,2024-05-16,3,Foodgrain,1.06
SEC_046,2024-07-12,10,Steel,0.76
SEC_005,2024-05-07,14,Foodgrain,1.05
SEC_020,2024-05-28,9,Foodgrain,1.08
SEC_014,2024-08-21,5,Other,0.84
SEC_048,2024-03-12,4,Coal,0.99
SEC_009,2024-10-05,5,Coal,1.31
SEC_011,2024-12-12,12,Coal,1.07
SEC_015,2024-12-22,2,Cement,1.18
SEC_006,2024-03-04,4,Coal,1.09
SEC_032,2024-05-30,7,Cement,1.09
SEC_026,2024-04-07,14,Cement,1.08
SEC_028,2024-08-20,7,Cement,0.89
SEC_045,2024-04-28,7,Foodgrain,1.4
SEC_022,2024-05-24,12,Foodgrain,0.97
SEC_016,2024-02-20,7,Other,1.07
SEC_019,2024-07-23,4,Other,0.84
SEC_040,2024-07-15,2,Coal,0.87
SEC_026,2024-07-20,5,Steel,0.87
SEC_009,2024-05-04,13,Steel,0.95
SEC_034,2024-10-03,5,Foodgrain,1.35
SEC_037,2024-08-10,4,Cement,0.74
SEC_013,2024-03-05,5,Steel,1.06
SEC_028,2024-05-14,3,Coal,1.08
SEC_028,2024-08-29,7,Steel,0.88
SEC_009,2024-02-12,10,Foodgrain,1.13
SEC_001,2024-05-08,11,Cement,1.08
SEC_036,2024-11-15,13,Coal,1.16
SEC_031,2024-06-10,2,Cement,0.78
SEC_035,2024-07-05,6,Coal,0.87
SEC_019,2024-09-06,11,Steel,1.08
SEC_026,2024-04-27,12,Foodgrain,1.32
SEC_049,2024-10-29,14,Coal,1.3
SEC_012,2024-01-06,8,Foodgrain,1.13
SEC_032,2024-06-21,4,Coal,0.9
SEC_007,2024-08-06,11,Steel,0.78
SEC_004,2024-03-28,12,Foodgrain,1.49
SEC_047,2024-10-13,6,Steel,1.2
SEC_007,2024-01-30,11,Foodgrain,1.18
SEC_033,2024-08-25,7,Steel,0.85
SEC_026,2024-08-19,4,Foodgrain,0.72
SEC_040,2024-10-15,11,Coal,1.32
SEC_027,2024-03-16,8,Coal,1.03
SEC_035,2024-02-26,6,Other,1.15
SEC_044,2024-07-31,4,Steel,0.82
SEC_041,2024-12-21,10,Cement,1.16
SEC_036,2024-10-14,8,Coal,1.26
SEC_008,2024-03-18,6,Coal,0.96
SEC_009,2024-05-29,10,Cement,0.96
SEC_025,2024-04-07,9,Steel,1.08
SEC_033,2024-10-12,12,Steel,1.35
SEC_033,2024-07-06,7,Coal,0.83
SEC_039,2024-06-09,5,Steel,0.9
SEC_006,2024-01-02,18,Steel,1.25
SEC_009,2024-08-19,4,Cement,0.7
SEC_008,2024-06-10,8,Other,0.85
SEC_027,2024-01-15,10,Coal,1.07
SEC_032,2024-03-12,6,Coal,0.97
SEC_006,2024-09-22,4,Cement,1.01
SEC_043,2024-10-01,8,Other,1.19
SEC_015,2024-06-29,2,Steel,0.8
SEC_033,2024-10-04,6,Other,1.38
SEC_037,2024-09-27,6,Coal,0.98
SEC_002,2024-08-13,6,Cement,0.77
SEC_043,2024-03-17,14,Other,1.01
SEC_048,2024-06-03,6,Foodgrain,0.9
SEC_047,2024-10-25,16,Foodgrain,1.32
SEC_007,2024-04-23,2,Steel,1.08
SEC_020,2024-08-29,3,Cement,0.81
SEC_012,2024-10-29,4,Other,1.27
SEC_023,2024-07-14,4,Other,0.73
SEC_048,2024-07-04,7,Other,0.77
SEC_038,2024-03-09,7,Coal,0.96
SEC_038,2024-06-30,8,Foodgrain,0.75
SEC_021,2024-01-16,10,Foodgrain,1.2
SEC_046,2024-02-11,14,Coal,1.1
SEC_046,2024-07-17,4,Other,0.76
SEC_040,2024-03-20,2,Coal,1.02
SEC_040,2024-05-07,5,Foodgrain,1.08
SEC_032,2024-05-11,3,Coal,0.98
SEC_005,2024-06-22,9,Cement,0.85
SEC_014,2024-09-12,10,Coal,0.98
SEC_038,2024-06-12,6,Foodgrain,0.73
SEC_017,2024-11-05,2,Foodgrain,1.15
SEC_009,2024-06-25,2,Coal,0.78
SEC_047,2024-12-29,3,Other,1.11
SEC_024,2024-12-31,2,Coal,1.22
SEC_043,2024-06-05,2,Cement,0.86
SEC_014,2024-10-07,6,Coal,1.25
SEC_018,2024-06-14,6,Cement,0.89
SEC_017,2024-11-16,17,Steel,1.29
SEC_019,2024-10-07,3,Cement,1.35
SEC_022,2024-05-03,12,Foodgrain,1.03
SEC_015,2024-04-27,12,Cement,0.97
SEC_040,2024-11-18,13,Other,1.22
SEC_016,2024-07-16,10,Foodgrain,0.79
SEC_022,2024-09-11,10,Cement,1.03
SEC_043,2024-09-04,10,Other,1.03
SEC_022,2024-03-01,2,Steel,1.06
SEC_001,2024-03-27,4,Steel,1.09
SEC_001,2024-11-25,6,Cement,1.16
SEC_022,2024-04-12,9,Other,1.1
SEC_032,2024-11-13,8,Coal,1.31
SEC_047,2024-05-10,9,Coal,1.09
SEC_007,2024-11-05,7,Coal,1.17
SEC_027,2024-07-30,6,Cement,0.88
SEC_015,2024-02-06,14,Foodgrain,1.19
SEC_023,2024-04-08,9,Foodgrain,1.5
SEC_022,2024-12-14,11,Steel,1.2
SEC_016,2024-03-17,20,Foodgrain,1.42
SEC_001,2024-03-24,12,Cement,0.95
SEC_004,2024-02-24,17,Foodgrain,1.21
SEC_026,2024-08-11,3,Steel,0.81
SEC_011,2024-10-23,5,Coal,1.37
SEC_017,2024-12-08,17,Steel,1.18
SEC_005,2024-11-20,3,Cement,1.27
SEC_003,2024-11-19,8,Coal,1.4
SEC_007,2024-11-27,12,Steel,1.33
SEC_019,2024-07-26,7,Steel,0.83
SEC_009,2024-10-27,11,Foodgrain,1.32
SEC_012,2024-08-20,7,Other,0.74
SEC_015,2024-02-20,7,Other,1.23
SEC_015,2024-01-09,6,Steel,1.1
SEC_001,2024-02-05,7,Foodgrain,1.07
SEC_006,2024-05-06,14,Other,1.09
SEC_047,2024-07-01,4,Other,0.82
SEC_033,2024-08-21,5,Cement,0.78
SEC_007,2024-07-09,4,Coal,0.73
SEC_014,2024-05-14,6,Steel,1.1
SEC_019,2024-09-25,5,Steel,1.01
SEC_045,2024-11-11,6,Cement,1.2
SEC_044,2024-03-22,10,Steel,0.96
SEC_038,2024-04-05,10,Coal,1.05
SEC_006,2024-12-06,9,Other,1.18
SEC_025,2024-12-21,12,Coal,1.05
SEC_024,2024-04-23,10,Cement,0.96
SEC_032,2024-07-05,10,Other,0.88
SEC_042,2024-07-30,9,Other,0.72
SEC_016,2024-08-20,7,Foodgrain,0.81
SEC_028,2024-11-12,17,Foodgrain,1.21
SEC_013,2024-02-08,6,Cement,1.06
SEC_011,2024-07-10,5,Steel,0.73
SEC_016,2024-03-20,3,Foodgrain,1.46
SEC_037,2024-10-02,16,Steel,1.26
SEC_022,2024-08-06,13,Steel,0.9
SEC_034,2024-10-01,6,Foodgrain,1.38
SEC_034,2024-11-27,12,Foodgrain,1.23
SEC_018,2024-10-16,18,Coal,1.38
SEC_047,2024-11-08,17,Coal,1.24
SEC_003,2024-10-23,2,Cement,1.23
SEC_044,2024-08-16,6,Foodgrain,0.79
SEC_001,2024-05-23,15,Other,1.05
SEC_019,2024-05-03,13,Coal,1.05
SEC_041,2024-05-13,10,Steel,1.01
SEC_034,2024-08-10,5,Steel,0.84
SEC_016,2024-10-21,7,Cement,1.34
SEC_044,2024-05-14,7,Foodgrain,1.05
SEC_007,2024-07-31,8,Foodgrain,0.73
SEC_033,2024-05-31,13,Other,1.03
SEC_026,2024-08-10,3,Coal,0.76
SEC_011,2024-10-26,12,Other,1.35
SEC_046,2024-05-30,7,Steel,0.96
SEC_038,2024-05-25,2,Coal,1.08
SEC_001,2024-03-14,4,Foodgrain,1.4
SEC_005,2024-07-01,10,Steel,0.8
SEC_003,2024-06-16,5,Cement,0.7
SEC_021,2024-02-28,3,Cement,1.1
SEC_021,2024-12-20,4,Foodgrain,1.08
SEC_036,2024-11-10,9,Cement,1.18
SEC_034,2024-04-16,12,Coal,0.97
SEC_001,2024-12-11,13,Steel,1.12
SEC_024,2024-04-09,9,Coal,0.96
SEC_039,2024-06-02,2,Cement,0.81
SEC_044,2024-02-17,10,Cement,1.22
SEC_015,2024-08-12,4,Cement,0.72
SEC_003,2024-06-25,1,Steel,0.73
SEC_008,2024-04-07,10,Other,1.02
SEC_017,2024-04-15,3,Cement,1.04
SEC_022,2024-12-08,2,Foodgrain,1.21
SEC_018,2024-09-08,9,Steel,1.0
SEC_005,2024-02-25,16,Other,1.14
SEC_017,2024-02-19,6,Cement,1.22
SEC_015,2024-01-26,7,Other,1.11
SEC_024,2024-03-31,14,Steel,1.09
SEC_004,2024-09-27,10,Foodgrain,0.99
SEC_039,2024-01-23,16,Coal,1.22
SEC_021,2024-04-01,3,Foodgrain,1.42
SEC_016,2024-01-16,14,Foodgrain,1.14
SEC_045,2024-08-25,8,Other,0.82
SEC_037,2024-10-24,10,Cement,1.4
SEC_007,2024-07-12,5,Other,0.81
SEC_008,2024-11-27,7,Other,1.32
SEC_001,2024-09-08,8,Coal,1.06
SEC_028,2024-10-06,15,Other,1.15
SEC_018,2024-04-24,14,Coal,1.06
SEC_019,2024-11-12,11,Foodgrain,1.33
SEC_025,2024-08-18,8,Other,0.81
SEC_027,2024-02-01,6,Cement,1.06
SEC_001,2024-01-31,4,Other,1.11
SEC_006,2024-11-24,12,Foodgrain,1.15
SEC_039,2024-04-10,11,Cement,1.09
SEC_047,2024-06-19,5,Foodgrain,0.71
SEC_042,2024-10-05,12,Other,1.37
SEC_045,2024-10-08,5,Coal,1.16
SEC_023,2024-01-10,3,Steel,1.07
SEC_041,2024-08-13,6,Cement,0.76
SEC_044,2024-11-30,14,Foodgrain,1.36
SEC_044,2024-05-08,9,Other,0.99
SEC_008,2024-07-17,6,Foodgrain,0.82
SEC_008,2024-04-06,15,Coal,1.08
SEC_020,2024-09-20,13,Cement,0.97
SEC_025,2024-02-13,15,Steel,1.12
SEC_047,2024-07-09,2,Foodgrain,0.78
SEC_016,2024-05-31,9,Coal,1.07
SEC_041,2024-08-22,2,Other,0.78
SEC_044,2024-06-29,7,Foodgrain,0.73
SEC_048,2024-12-25,3,Other,1.11
SEC_010,2024-12-25,16,Foodgrain,1.13
SEC_012,2024-04-13,7,Other,1.06
SEC_011,2024-01-14,3,Steel,1.06
SEC_037,2024-06-29,9,Coal,0.71
SEC_034,2024-08-03,8,Foodgrain,0.71
SEC_020,2024-10-02,17,Coal,1.3
SEC_005,2024-07-11,4,Other,0.73
SEC_026,2024-08-02,3,Other,0.84
SEC_036,2024-01-09,11,Steel,1.23
SEC_024,2024-10-06,13,Coal,1.33
SEC_014,2024-04-30,6,Cement,0.97
SEC_030,2024-05-20,12,Cement,1.05
SEC_033,2024-06-03,4,Cement,0.73
SEC_029,2024-01-27,13,Foodgrain,1.16
SEC_043,2024-06-29,8,Foodgrain,0.76
SEC_016,2024-05-19,5,Steel,1.06
SEC_030,2024-03-26,2,Steel,1.06
SEC_042,2024-03-30,3,Cement,0.97
SEC_011,2024-01-13,11,Other,1.14
SEC_014,2024-11-20,15,Steel,1.19
SEC_003,2024-04-17,2,Steel,1.08
SEC_019,2024-11-16,16,Foodgrain,1.37
SEC_003,2024-11-02,8,Coal,1.31
SEC_037,2024-06-16,4,Cement,0.87
SEC_005,2024-10-22,4,Coal,1.28
SEC_034,2024-03-18,6,Cement,1.01
SEC_029,2024-03-07,4,Other,0.99
SEC_049,2024-11-25,15,Other,1.38
SEC_018,2024-08-24,9,Coal,0.82
SEC_017,2024-09-09,7,Foodgrain,1.05
SEC_012,2024-12-04,8,Foodgrain,1.21
SEC_027,2024-01-06,6,Foodgrain,1.2
SEC_011,2024-03-03,7,Cement,0.97
SEC_006,2024-12-17,4,Other,1.07
SEC_047,2024-02-17,14,Foodgrain,1.19
SEC_034,2024-06-13,9,Foodgrain,0.79
SEC_006,2024-01-09,4,Cement,1.2
SEC_031,2024-04-29,15,Foodgrain,1.37
SEC_015,2024-03-04,13,Steel,1.05
SEC_009,2024-04-03,4,Other,1.09
SEC_024,2024-10-24,3,Cement,1.31
SEC_039,2024-04-10,16,Foodgrain,1.46
SEC_001,2024-10-24,7,Coal,1.33
SEC_018,2024-11-23,7,Steel,1.22
SEC_046,2024-07-16,8,Steel,0.84
SEC_020,2024-07-16,3,Cement,0.88
SEC_005,2024-05-02,15,Coal,1.1
SEC_022,2024-09-01,4,Steel,1.05
SEC_034,2024-10-22,12,Foodgrain,1.32
SEC_049,2024-11-11,8,Cement,1.34
SEC_031,2024-03-12,12,Coal,0.99
SEC_003,2024-09-08,4,Cement,1.06
SEC_040,2024-02-21,4,Foodgrain,1.07
SEC_039,2024-06-28,3,Cement,0.86
SEC_032,2024-02-02,10,Coal,1.15
SEC_044,2024-07-20,9,Foodgrain,0.78
SEC_038,2024-11-07,6,Foodgrain,1.3
SEC_012,2024-10-26,7,Steel,1.17
SEC_021,2024-09-18,11,Coal,1.02
SEC_025,2024-07-30,7,Steel,0.83
SEC_024,2024-08-16,2,Foodgrain,0.77
SEC_032,2024-02-06,9,Coal,1.13
SEC_035,2024-09-23,10,Other,1.09
SEC_006,2024-09-06,11,Cement,1.06
SEC_028,2024-02-22,14,Steel,1.2
SEC_002,2024-08-19,8,Coal,0.74
SEC_026,2024-05-20,8,Cement,1.06
SEC_021,2024-07-05,10,Coal,0.81
SEC_011,2024-10-24,18,Foodgrain,1.28
SEC_049,2024-04-27,4,Steel,1.03
SEC_013,2024-12-01,3,Steel,1.07
SEC_003,2024-06-01,5,Cement,0.71
SEC_018,2024-07-06,2,Steel,0.83
SEC_038,2024-01-11,9,Steel,1.09
SEC_001,2024-02-14,4,Steel,1.17
SEC_025,2024-04-13,2,Coal,1.08
SEC_021,2024-12-24,2,Cement,1.15
SEC_043,2024-04-05,17,Foodgrain,1.34
SEC_001,2024-05-24,13,Steel,1.01
SEC_001,2024-11-08,18,Steel,1.31
SEC_028,2024-04-26,7,Other,1.07
SEC_009,2024-10-24,18,Foodgrain,1.27
SEC_035,2024-02-13,16,Cement,1.12
SEC_014,2024-02-18,7,Other,1.19
SEC_028,2024-01-05,3,Foodgrain,1.08
SEC_002,2024-02-15,14,Steel,1.16
SEC_034,2024-08-08,4,Other,0.71
SEC_026,2024-02-03,11,Foodgrain,1.1
SEC_001,2024-08-12,4,Steel,0.82
SEC_014,2024-08-07,9,Other,0.73
SEC_003,2024-03-26,14,Cement,0.99
SEC_003,2024-01-14,14,Foodgrain,1.24
SEC_035,2024-02-29,8,Steel,1.2
SEC_021,2024-02-22,13,Cement,1.19
SEC_040,2024-07-12,4,Foodgrain,0.79
SEC_013,2024-12-06,8,Steel,1.1
SEC_036,2024-06-08,11,Coal,0.88
SEC_031,2024-08-19,10,Other,0.77
SEC_033,2024-04-21,7,Other,1.0
SEC_041,2024-02-03,3,Other,1.11
SEC_035,2024-03-20,3,Steel,1.05
SEC_037,2024-06-24,7,Cement,0.85
SEC_037,2024-11-10,8,Foodgrain,1.28
SEC_022,2024-03-31,11,Steel,0.95
SEC_036,2024-12-26,11,Other,1.11
SEC_042,2024-08-21,6,Steel,0.73
SEC_037,2024-05-10,2,Coal,1.01
SEC_030,2024-08-15,7,Coal,0.83
SEC_004,2024-09-12,5,Other,0.98
SEC_022,2024-09-08,10,Coal,1.04
SEC_004,2024-11-12,11,Foodgrain,1.23
SEC_006,2024-08-30,3,Foodgrain,0.87
SEC_018,2024-01-10,11,Cement,1.21
SEC_023,2024-05-18,5,Other,1.09
SEC_026,2024-11-28,12,Foodgrain,1.22
SEC_045,2024-03-16,5,Cement,1.05
SEC_038,2024-07-01,5,Other,0.74
SEC_021,2024-07-02,6,Other,0.73
SEC_017,2024-07-22,2,Other,0.79
SEC_035,2024-11-14,13,Cement,1.3
SEC_014,2024-07-16,12,Steel,0.83
SEC_044,2024-01-01,2,Foodgrain,1.1
SEC_039,2024-03-29,13,Cement,1.1
SEC_034,2024-08-18,11,Steel,0.78
SEC_013,2024-10-13,17,Other,1.34
SEC_031,2024-08-24,8,Foodgrain,0.76
SEC_041,2024-09-25,2,Cement,1.05
SEC_004,2024-03-29,15,Foodgrain,1.49
SEC_009,2024-02-05,4,Other,1.23
SEC_026,2024-12-13,3,Cement,1.09
SEC_018,2024-07-24,7,Cement,0.81
SEC_035,2024-09-27,3,Cement,0.98
SEC_020,2024-12-16,2,Steel,1.08
SEC_049,2024-03-07,8,Steel,1.01
SEC_015,2024-11-14,5,Other,1.32
SEC_018,2024-05-14,9,Foodgrain,1.02
SEC_001,2024-08-17,4,Cement,0.75
SEC_013,2024-05-21,9,Foodgrain,1.05
SEC_012,2024-03-13,14,Coal,1.05
SEC_038,2024-11-17,6,Foodgrain,1.25
SEC_017,2024-05-07,2,Coal,1.07
SEC_010,2024-01-10,13,Coal,1.15
SEC_016,2024-02-25,2,Steel,1.2
SEC_028,2024-12-17,9,Steel,1.1
SEC_039,2024-10-27,7,Cement,1.31
SEC_048,2024-08-31,10,Steel,0.74
SEC_003,2024-10-11,8,Cement,1.32
SEC_042,2024-08-25,11,Steel,0.76
SEC_020,2024-11-29,4,Other,1.18
SEC_040,2024-02-06,8,Foodgrain,1.16
SEC_002,2024-01-24,16,Coal,1.15
SEC_031,2024-09-11,11,Coal,1.1
SEC_046,2024-12-19,16,Coal,1.23
SEC_002,2024-07-31,9,Foodgrain,0.79
SEC_039,2024-12-19,11,Steel,1.18
SEC_006,2024-05-26,9,Coal,0.95
SEC_049,2024-09-03,2,Cement,1.09
SEC_037,2024-07-05,6,Other,0.79
SEC_045,2024-11-18,14,Other,1.18
SEC_044,2024-08-24,4,Coal,0.75
SEC_016,2024-06-09,2,Other,0.85
SEC_021,2024-03-30,19,Foodgrain,1.35
SEC_034,2024-04-24,13,Steel,1.07
SEC_009,2024-01-28,9,Coal,1.07
SEC_016,2024-02-26,6,Cement,1.16
SEC_005,2024-07-05,11,Steel,0.86
SEC_044,2024-01-12,14,Cement,1.16
SEC_013,2024-06-21,3,Foodgrain,0.84
SEC_021,2024-01-16,16,Other,1.13
SEC_023,2024-02-29,8,Cement,1.08
SEC_019,2024-09-10,3,Cement,1.01
SEC_039,2024-01-11,4,Foodgrain,1.07
SEC_045,2024-05-03,13,Foodgrain,1.03
SEC_029,2024-03-10,3,Coal,1.07
SEC_042,2024-01-20,16,Cement,1.13
SEC_006,2024-03-17,15,Cement,1.07
SEC_048,2024-02-11,12,Steel,1.1
SEC_006,2024-01-30,5,Coal,1.07
SEC_004,2024-08-31,2,Cement,0.87
SEC_002,2024-02-15,5,Cement,1.25
SEC_012,2024-12-09,8,Cement,1.16
SEC_042,2024-06-27,4,Coal,0.74
SEC_015,2024-05-29,11,Other,0.95
SEC_039,2024-11-16,13,Steel,1.18
SEC_021,2024-10-11,17,Steel,1.23
SEC_006,2024-06-02,6,Foodgrain,0.81
SEC_024,2024-12-22,8,Other,1.09
SEC_012,2024-07-13,9,Other,0.84
SEC_015,2024-09-16,14,Coal,1.04
SEC_026,2024-12-20,11,Other,1.1
SEC_039,2024-09-21,13,Cement,0.99
SEC_029,2024-08-04,4,Other,0.86
SEC_011,2024-08-13,11,Other,0.87
SEC_036,2024-08-27,4,Foodgrain,0.84
SEC_035,2024-12-23,17,Coal,1.23
SEC_012,2024-09-13,4,Coal,1.09
SEC_042,2024-04-19,7,Cement,0.99
SEC_042,2024-01-09,5,Coal,1.25
SEC_030,2024-10-13,4,Cement,1.3
SEC_015,2024-06-27,10,Coal,0.84
SEC_018,2024-05-31,6,Other,0.99
SEC_022,2024-12-08,9,Steel,1.08
SEC_010,2024-02-26,2,Coal,1.25
SEC_015,2024-01-14,6,Steel,1.14
SEC_007,2024-09-27,5,Other,0.98
SEC_008,2024-12-04,2,Foodgrain,1.1
SEC_037,2024-10-30,10,Other,1.21
SEC_007,2024-11-14,12,Steel,1.22
SEC_023,2024-11-12,18,Cement,1.3
SEC_022,2024-09-07,11,Coal,0.97
SEC_003,2024-12-03,12,Foodgrain,1.07
SEC_041,2024-05-04,6,Steel,1.0
SEC_049,2024-09-29,6,Cement,1.05
SEC_032,2024-02-03,15,Cement,1.07
SEC_033,2024-07-12,7,Coal,0.81
SEC_012,2024-04-16,6,Cement,1.0
SEC_042,2024-12-09,9,Cement,1.14
SEC_039,2024-06-08,4,Steel,0.89
SEC_022,2024-03-17,10,Coal,0.99
SEC_035,2024-07-27,7,Foodgrain,0.86
SEC_047,2024-01-29,7,Steel,1.07
SEC_030,2024-02-16,6,Cement,1.08
SEC_010,2024-06-06,7,Coal,0.73
SEC_017,2024-08-18,10,Steel,0.87
SEC_010,2024-08-01,3,Cement,0.77
SEC_017,2024-01-21,15,Other,1.16
SEC_044,2024-09-05,13,Foodgrain,0.96
SEC_010,2024-01-22,14,Coal,1.18
SEC_044,2024-10-25,10,Cement,1.26
SEC_014,2024-01-15,13,Coal,1.1
SEC_025,2024-01-10,2,Coal,1.21
SEC_026,2024-07-08,11,Cement,0.85
SEC_007,2024-10-20,4,Steel,1.29
SEC_010,2024-10-07,16,Coal,1.23
SEC_015,2024-08-07,2,Foodgrain,0.79
SEC_003,2024-03-06,11,Steel,0.95
SEC_037,2024-12-14,9,Cement,1.08
SEC_027,2024-01-08,6,Other,1.12
SEC_042,2024-05-07,6,Coal,0.96
SEC_043,2024-10-02,5,Cement,1.3
SEC_018,2024-08-13,7,Cement,0.83
SEC_041,2024-10-16,4,Other,1.36
SEC_004,2024-10-07,8,Steel,1.28
SEC_022,2024-12-09,7,Coal,1.21
SEC_033,2024-07-08,5,Other,0.81
SEC_023,2024-10-27,6,Coal,1.29
SEC_037,2024-02-27,6,Foodgrain,1.16
SEC_043,2024-03-04,8,Cement,0.99
SEC_021,2024-01-19,4,Coal,1.21
SEC_014,2024-03-15,11,Steel,1.08
SEC_029,2024-02-10,14,Coal,1.17
SEC_043,2024-10-28,4,Other,1.17
SEC_049,2024-06-30,7,Steel,0.89
SEC_040,2024-06-11,7,Cement,0.88
SEC_013,2024-08-22,10,Steel,0.84
SEC_011,2024-05-11,13,Cement,1.03
SEC_029,2024-07-27,6,Cement,0.82
SEC_020,2024-01-02,5,Coal,1.14
SEC_030,2024-09-17,7,Cement,1.04
SEC_046,2024-11-14,6,Cement,1.38
SEC_027,2024-01-15,4,Coal,1.08
SEC_018,2024-01-30,8,Steel,1.08
SEC_043,2024-02-19,13,Other,1.22
SEC_022,2024-08-10,8,Foodgrain,0.85
SEC_030,2024-10-05,9,Coal,1.29
SEC_007,2024-10-28,10,Cement,1.16
SEC_025,2024-10-12,11,Cement,1.34
SEC_021,2024-07-30,5,Foodgrain,0.86
SEC_007,2024-09-14,10,Coal,1.07
SEC_011,2024-04-12,12,Coal,1.0
SEC_035,2024-09-29,3,Steel,1.03
SEC_009,2024-03-07,20,Foodgrain,1.5
SEC_007,2024-12-18,16,Cement,1.23
SEC_003,2024-01-16,11,Cement,1.17
SEC_002,2024-12-11,16,Steel,1.16
SEC_022,2024-06-17,3,Cement,0.79
SEC_024,2024-08-23,8,Coal,0.81
SEC_031,2024-02-28,4,Coal,1.19
SEC_029,2024-04-26,7,Cement,1.1
SEC_027,2024-11-11,7,Other,1.39
SEC_049,2024-01-06,13,Cement,1.06
SEC_013,2024-03-11,3,Foodgrain,1.35
SEC_035,2024-08-19,12,Other,0.86
SEC_004,2024-10-21,12,Steel,1.21
SEC_042,2024-06-06,6,Cement,0.71
SEC_018,2024-02-02,9,Cement,1.22
SEC_017,2024-02-23,9,Coal,1.15
SEC_007,2024-11-21,8,Other,1.18
SEC_025,2024-03-19,2,Cement,1.09
SEC_020,2024-07-30,8,Steel,0.85
SEC_048,2024-12-08,5,Other,1.05
SEC_009,2024-05-17,4,Steel,1.05
SEC_021,2024-01-25,15,Coal,1.14
SEC_045,2024-10-24,11,Cement,1.32
SEC_040,2024-10-15,18,Coal,1.27
SEC_038,2024-08-26,10,Foodgrain,0.86
SEC_026,2024-11-26,7,Cement,1.15
SEC_043,2024-10-10,8,Coal,1.36
SEC_011,2024-09-08,13,Cement,0.96
SEC_040,2024-05-02,8,Foodgrain,1.05
SEC_029,2024-01-23,13,Steel,1.22
SEC_018,2024-09-22,4,Coal,1.05
SEC_011,2024-11-05,16,Cement,1.33
SEC_026,2024-09-11,11,Coal,1.01
SEC_001,2024-08-27,3,Coal,0.88
SEC_036,2024-09-19,9,Steel,1.09
SEC_012,2024-04-11,3,Foodgrain,1.44
SEC_020,2024-02-12,10,Other,1.07
SEC_010,2024-08-18,8,Cement,0.74
SEC_023,2024-12-11,5,Cement,1.25
SEC_019,2024-02-19,13,Coal,1.19
SEC_010,2024-01-27,2,Cement,1.09
SEC_044,2024-09-15,5,Steel,1.03
SEC_038,2024-06-03,10,Foodgrain,0.73
SEC_020,2024-11-26,8,Cement,1.38
SEC_003,2024-06-21,2,Coal,0.79
SEC_042,2024-07-09,5,Steel,0.87
SEC_035,2024-01-23,6,Steel,1.18
SEC_028,2024-12-14,8,Other,1.2
SEC_030,2024-05-01,5,Other,0.98
SEC_001,2024-06-09,2,Other,0.76
SEC_024,2024-08-18,8,Foodgrain,0.76
SEC_010,2024-11-09,18,Cement,1.39
SEC_032,2024-10-18,2,Cement,1.16
SEC_046,2024-10-10,18,Cement,1.36
SEC_027,2024-02-08,14,Cement,1.09
SEC_030,2024-02-02,9,Other,1.15
SEC_033,2024-10-31,12,Steel,1.2
SEC_046,2024-11-30,7,Cement,1.19
SEC_002,2024-08-16,11,Cement,0.81
SEC_016,2024-11-29,8,Cement,1.27
SEC_014,2024-04-26,8,Other,1.02
SEC_036,2024-05-08,8,Coal,0.98
SEC_022,2024-03-03,8,Other,0.95
SEC_038,2024-10-17,11,Other,1.23
SEC_024,2024-09-02,7,Other,0.96
SEC_048,2024-03-23,7,Steel,1.1
SEC_038,2024-12-31,2,Foodgrain,1.17
SEC_001,2024-01-12,13,Coal,1.22
SEC_049,2024-10-08,12,Coal,1.32
SEC_047,2024-03-17,10,Foodgrain,1.47
SEC_003,2024-10-13,5,Other,1.23
SEC_020,2024-06-26,4,Steel,0.75
SEC_048,2024-03-26,4,Cement,1.0
SEC_042,2024-01-22,13,Coal,1.07
SEC_023,2024-08-15,5,Coal,0.8
SEC_027,2024-02-28,11,Cement,1.24
SEC_002,2024-06-13,5,Steel,0.78
SEC_028,2024-12-13,10,Coal,1.19
SEC_033,2024-11-20,6,Other,1.19
SEC_018,2024-06-29,5,Other,0.71
SEC_016,2024-09-24,2,Coal,0.95
SEC_041,2024-10-28,9,Other,1.35
SEC_022,2024-08-09,2,Coal,0.78
SEC_013,2024-03-16,9,Cement,1.02
SEC_019,2024-10-23,16,Cement,1.26
SEC_025,2024-02-02,11,Steel,1.24
SEC_013,2024-07-10,5,Coal,0.81
SEC_028,2024-10-12,16,Foodgrain,1.23
SEC_043,2024-07-27,5,Other,0.76
SEC_037,2024-05-07,3,Coal,1.04
SEC_012,2024-06-01,9,Other,0.85
SEC_024,2024-06-17,9,Cement,0.87
SEC_027,2024-09-29,5,Other,0.98
SEC_034,2024-12-29,12,Steel,1.15
SEC_038,2024-10-11,4,Cement,1.23
SEC_024,2024-04-25,12,Foodgrain,1.44
SEC_016,2024-02-10,14,Cement,1.23
SEC_033,2024-06-22,7,Coal,0.83
SEC_007,2024-11-10,12,Foodgrain,1.38
SEC_034,2024-08-20,8,Other,0.74
SEC_044,2024-04-27,14,Other,1.07
SEC_035,2024-02-02,3,Steel,1.08
SEC_022,2024-04-02,3,Coal,1.09
SEC_041,2024-09-19,3,Foodgrain,1.07
SEC_027,2024-09-02,9,Steel,1.05
SEC_027,2024-06-14,9,Steel,0.81
SEC_042,2024-05-02,8,Coal,1.06
SEC_010,2024-03-05,20,Foodgrain,1.45
SEC_039,2024-12-21,8,Coal,1.11
SEC_034,2024-06-06,10,Other,0.8
SEC_026,2024-10-07,12,Coal,1.19
SEC_004,2024-06-17,10,Coal,0.78
SEC_038,2024-07-27,8,Foodgrain,0.75
SEC_011,2024-08-22,9,Coal,0.9
SEC_044,2024-05-10,11,Foodgrain,1.08
SEC_039,2024-12-08,6,Coal,1.19
SEC_018,2024-06-16,2,Other,0.75
SEC_022,2024-10-07,10,Foodgrain,1.19
SEC_002,2024-12-01,4,Steel,1.11
SEC_025,2024-05-19,14,Cement,1.02
SEC_003,2024-03-26,20,Foodgrain,1.45
SEC_049,2024-12-20,7,Other,1.05
SEC_032,2024-10-14,9,Cement,1.31
SEC_012,2024-10-16,9,Other,1.22
SEC_040,2024-12-12,5,Other,1.09
SEC_001,2024-01-11,10,Coal,1.23
SEC_027,2024-12-11,6,Cement,1.12
SEC_006,2024-02-12,10,Other,1.06
SEC_003,2024-02-23,13,Coal,1.19
SEC_012,2024-03-20,12,Other,1.01
SEC_015,2024-02-11,3,Cement,1.14
SEC_036,2024-01-31,2,Cement,1.23
SEC_044,2024-02-15,5,Cement,1.16
SEC_039,2024-06-26,3,Steel,0.85
SEC_037,2024-05-16,2,Other,1.07
SEC_028,2024-05-04,4,Cement,1.02
SEC_019,2024-03-03,13,Foodgrain,1.39
SEC_013,2024-12-22,7,Cement,1.22
SEC_047,2024-05-01,12,Other,1.06
SEC_026,2024-06-22,11,Steel,0.81
SEC_028,2024-02-22,5,Other,1.21
SEC_001,2024-03-18,5,Coal,0.99
SEC_023,2024-03-26,10,Cement,1.02
SEC_034,2024-12-21,8,Foodgrain,1.06
SEC_025,2024-03-05,5,Cement,1.04
SEC_031,2024-07-07,1,Foodgrain,0.74
SEC_040,2024-07-18,6,Foodgrain,0.76
SEC_002,2024-01-27,13,Coal,1.09
SEC_045,2024-05-08,9,Steel,1.01
SEC_041,2024-01-30,11,Other,1.08
SEC_021,2024-03-05,4,Foodgrain,1.31
SEC_038,2024-09-04,2,Coal,1.09
SEC_004,2024-07-27,4,Coal,0.71
SEC_016,2024-06-30,7,Steel,0.7
SEC_006,2024-03-19,13,Cement,1.07
SEC_032,2024-08-16,9,Steel,0.9
SEC_042,2024-11-27,12,Foodgrain,1.38
SEC_030,2024-11-06,16,Cement,1.17
SEC_035,2024-03-04,9,Cement,1.04
SEC_008,2024-09-06,11,Coal,0.97
SEC_046,2024-03-30,5,Steel,0.98
SEC_010,2024-11-11,10,Cement,1.36
SEC_026,2024-06-22,8,Cement,0.86
SEC_034,2024-09-28,12,Foodgrain,0.99
SEC_042,2024-07-16,8,Steel,0.85
SEC_046,2024-09-03,3,Coal,1.09
SEC_030,2024-12-08,8,Coal,1.15
SEC_029,2024-02-19,14,Coal,1.24
SEC_021,2024-11-26,9,Other,1.25
SEC_028,2024-06-25,4,Foodgrain,0.76
SEC_034,2024-02-22,7,Steel,1.07
SEC_032,2024-06-07,9,Foodgrain,0.9
SEC_030,2024-01-21,7,Foodgrain,1.22
SEC_022,2024-07-16,10,Coal,0.74
SEC_010,2024-06-21,4,Other,0.71
SEC_003,2024-05-23,5,Foodgrain,1.04
SEC_021,2024-06-11,3,Foodgrain,0.85
SEC_020,2024-08-15,9,Foodgrain,0.71
SEC_030,2024-10-29,6,Other,1.3
SEC_045,2024-05-23,5,Other,0.99
SEC_035,2024-01-07,6,Coal,1.21
SEC_040,2024-07-23,11,Cement,0.82
SEC_029,2024-12-11,7,Coal,1.05
SEC_046,2024-05-24,7,Coal,1.09
SEC_047,2024-02-14,6,Foodgrain,1.17
SEC_008,2024-11-26,15,Foodgrain,1.27
SEC_032,2024-06-02,10,Foodgrain,0.79
SEC_025,2024-05-16,10,Coal,1.08
SEC_048,2024-04-18,7,Cement,1.09
SEC_029,2024-09-24,9,Foodgrain,1.09
SEC_001,2024-02-23,10,Coal,1.21
SEC_011,2024-08-12,11,Steel,0.89
SEC_007,2024-05-07,10,Coal,0.97
SEC_010,2024-05-21,2,Other,0.97
SEC_005,2024-03-19,14,Cement,1.03
SEC_039,2024-10-22,15,Foodgrain,1.16
SEC_025,2024-06-14,6,Coal,0.8
SEC_033,2024-12-05,12,Other,1.17
SEC_049,2024-10-30,10,Steel,1.22
SEC_032,2024-10-05,6,Foodgrain,1.16
SEC_024,2024-06-13,1,Cement,0.73
SEC_014,2024-12-13,2,Steel,1.15
SEC_037,2024-08-02,3,Other,0.83
SEC_025,2024-06-08,8,Steel,0.84
SEC_038,2024-05-07,3,Steel,0.96
SEC_002,2024-11-30,11,Coal,1.2
SEC_008,2024-04-03,13,Steel,1.05
SEC_007,2024-11-16,16,Cement,1.31
SEC_034,2024-03-24,14,Foodgrain,1.38
SEC_026,2024-10-06,9,Other,1.29
SEC_016,2024-04-13,15,Other,1.08
SEC_016,2024-11-01,12,Steel,1.17
SEC_030,2024-11-01,12,Cement,1.35
SEC_048,2024-09-24,2,Foodgrain,1.01
SEC_049,2024-12-29,9,Foodgrain,1.13
SEC_024,2024-07-06,9,Steel,0.87
SEC_033,2024-11-02,17,Coal,1.22
SEC_005,2024-07-21,8,Foodgrain,0.82
SEC_047,2024-01-15,14,Cement,1.17
SEC_001,2024-06-01,2,Other,0.8
SEC_017,2024-01-12,7,Foodgrain,1.24
SEC_036,2024-08-31,4,Coal,0.86
SEC_048,2024-02-25,12,Foodgrain,1.19
SEC_009,2024-04-28,14,Steel,1.0
SEC_033,2024-11-14,18,Other,1.36
SEC_010,2024-09-27,5,Cement,1.02
SEC_003,2024-05-02,13,Other,1.02
SEC_021,2024-07-03,8,Steel,0.75
SEC_029,2024-07-31,10,Foodgrain,0.77
SEC_013,2024-05-09,15,Coal,1.05
SEC_048,2024-10-01,3,Coal,1.29
SEC_031,2024-02-23,2,Steel,1.25
SEC_022,2024-06-05,10,Steel,0.85
SEC_024,2024-04-03,14,Cement,1.0
SEC_023,2024-09-05,9,Steel,0.97
SEC_006,2024-08-22,9,Other,0.85
SEC_030,2024-10-22,14,Cement,1.37
SEC_039,2024-05-15,2,Other,1.04
SEC_021,2024-03-25,3,Steel,0.97
SEC_021,2024-01-13,10,Foodgrain,1.25
SEC_045,2024-11-10,15,Foodgrain,1.34
SEC_030,2024-04-30,5,Cement,1.04
SEC_015,2024-10-03,6,Other,1.27
SEC_001,2024-05-14,7,Foodgrain,0.96
SEC_041,2024-05-01,9,Other,1.05
SEC_031,2024-03-26,12,Foodgrain,1.32
SEC_031,2024-10-12,15,Steel,1.18
SEC_014,2024-04-14,7,Coal,1.03
SEC_010,2024-04-18,3,Steel,0.98
SEC_025,2024-09-15,13,Steel,1.06
SEC_038,2024-07-08,8,Steel,0.75
SEC_015,2024-09-30,12,Foodgrain,1.04
SEC_026,2024-02-07,14,Steel,1.11
SEC_049,2024-12-16,14,Other,1.15
SEC_011,2024-03-27,3,Steel,1.02
SEC_012,2024-02-13,2,Cement,1.21
SEC_012,2024-02-10,3,Cement,1.11
SEC_045,2024-04-24,5,Other,1.08
SEC_026,2024-06-04,1,Cement,0.72
SEC_045,2024-01-29,16,Steel,1.12
SEC_047,2024-08-15,2,Foodgrain,0.77
SEC_021,2024-08-12,8,Coal,0.77
SEC_003,2024-10-11,6,Steel,1.22
SEC_015,2024-01-06,4,Other,1.12
SEC_027,2024-02-05,9,Coal,1.24
SEC_019,2024-03-16,3,Steel,1.09
SEC_001,2024-06-09,2,Coal,0.81
SEC_049,2024-08-02,9,Foodgrain,0.86
SEC_015,2024-03-14,12,Cement,0.96
SEC_031,2024-05-11,15,Coal,1.06
SEC_047,2024-07-06,3,Coal,0.86
SEC_027,2024-07-18,6,Other,0.82
SEC_035,2024-07-11,3,Steel,0.81
SEC_002,2024-08-22,2,Coal,0.74
SEC_035,2024-10-03,13,Coal,1.34
SEC_042,2024-11-03,10,Other,1.2
SEC_045,2024-12-19,11,Other,1.22
SEC_005,2024-05-23,4,Coal,1.09
SEC_012,2024-04-30,5,Steel,1.06
SEC_003,2024-04-12,12,Coal,1.03
SEC_045,2024-05-08,4,Foodgrain,1.03
SEC_014,2024-07-16,3,Other,0.89
SEC_027,2024-08-09,4,Cement,0.78
SEC_024,2024-01-26,10,Steel,1.06
SEC_034,2024-12-31,8,Cement,1.09
SEC_044,2024-01-16,15,Steel,1.14
SEC_016,2024-05-26,6,Other,1.01
SEC_039,2024-06-14,4,Foodgrain,0.89
SEC_015,2024-05-06,9,Other,1.05
SEC_010,2024-03-20,9,Steel,1.09
SEC_006,2024-07-13,7,Other,0.82
SEC_019,2024-01-03,15,Steel,1.08
SEC_028,2024-09-29,2,Cement,1.01
SEC_039,2024-09-05,9,Coal,0.98
SEC_042,2024-10-09,18,Steel,1.31
SEC_026,2024-10-25,13,Foodgrain,1.21
SEC_021,2024-11-20,12,Foodgrain,1.25
SEC_009,2024-02-24,16,Coal,1.17
SEC_045,2024-11-01,4,Coal,1.32
SEC_020,2024-07-25,9,Other,0.74
SEC_038,2024-02-15,14,Steel,1.19
SEC_031,2024-12-26,16,Cement,1.24
SEC_046,2024-10-24,5,Coal,1.17
SEC_048,2024-04-08,4,Steel,0.95
SEC_035,2024-11-21,4,Coal,1.25
SEC_033,2024-09-24,5,Foodgrain,1.04
SEC_007,2024-06-12,9,Foodgrain,0.75
SEC_001,2024-02-29,14,Foodgrain,1.24
SEC_027,2024-09-24,3,Cement,0.97
SEC_035,2024-12-07,4,Cement,1.09
SEC_037,2024-03-11,9,Steel,1.1
SEC_013,2024-01-01,10,Foodgrain,1.11
SEC_025,2024-03-24,14,Coal,1.01
SEC_043,2024-04-17,13,Cement,1.06
SEC_005,2024-05-18,9,Steel,1.01
SEC_019,2024-12-23,6,Coal,1.24
SEC_047,2024-12-18,11,Other,1.22
SEC_010,2024-09-02,2,Foodgrain,1.03
SEC_016,2024-03-20,11,Coal,0.96
SEC_023,2024-03-18,10,Coal,1.09
SEC_034,2024-01-30,5,Steel,1.05
SEC_013,2024-10-16,6,Other,1.28
SEC_039,2024-03-21,6,Coal,0.99
SEC_012,2024-11-24,4,Foodgrain,1.22
SEC_019,2024-08-07,4,Steel,0.78
SEC_029,2024-06-27,5,Cement,0.9
SEC_001,2024-12-06,17,Foodgrain,1.24
SEC_038,2024-02-27,11,Foodgrain,1.06
SEC_033,2024-06-18,8,Other,0.72
SEC_041,2024-04-04,12,Coal,1.05
SEC_014,2024-03-07,11,Steel,0.98
SEC_020,2024-12-11,15,Coal,1.19
SEC_045,2024-08-09,3,Steel,0.74
SEC_004,2024-02-28,16,Steel,1.2
SEC_025,2024-02-09,6,Other,1.23
SEC_024,2024-04-24,12,Cement,0.95
SEC_022,2024-11-01,10,Steel,1.28
SEC_022,2024-02-23,3,Cement,1.12
SEC_037,2024-09-28,13,Other,0.99
SEC_010,2024-02-08,10,Coal,1.22
SEC_044,2024-05-03,4,Foodgrain,0.97
SEC_044,2024-07-10,7,Foodgrain,0.87
SEC_009,2024-02-17,7,Other,1.14
SEC_048,2024-05-25,5,Steel,1.03
SEC_013,2024-04-08,4,Cement,0.95
SEC_003,2024-01-17,8,Foodgrain,1.16
SEC_020,2024-01-01,8,Steel,1.09
SEC_039,2024-02-23,5,Steel,1.07
SEC_042,2024-09-30,13,Other,1.08
SEC_032,2024-01-14,2,Other,1.23
SEC_040,2024-07-04,10,Steel,0.89
SEC_013,2024-01-09,11,Foodgrain,1.23
SEC_044,2024-03-19,9,Coal,1.03
SEC_032,2024-03-06,3,Foodgrain,1.35
SEC_007,2024-05-04,8,Other,1.1
SEC_007,2024-09-29,13,Cement,1.1
SEC_014,2024-06-03,2,Foodgrain,0.79
SEC_004,2024-01-06,4,Cement,1.1
SEC_014,2024-02-22,13,Foodgrain,1.22
SEC_049,2024-04-21,6,Foodgrain,1.42
SEC_012,2024-04-11,6,Coal,1.08
SEC_032,2024-07-25,9,Coal,0.78
SEC_048,2024-05-08,4,Foodgrain,1.01
SEC_013,2024-09-29,9,Coal,1.02
SEC_035,2024-04-02,8,Coal,0.99
SEC_023,2024-09-05,3,Steel,1.0
SEC_014,2024-02-06,14,Foodgrain,1.08
SEC_047,2024-12-27,2,Cement,1.23
SEC_033,2024-12-27,14,Other,1.18
SEC_022,2024-04-10,15,Cement,1.06
SEC_040,2024-03-26,12,Other,1.06
SEC_045,2024-01-01,9,Steel,1.17
SEC_039,2024-12-23,10,Cement,1.07
SEC_043,2024-01-14,12,Coal,1.18
SEC_016,2024-01-01,10,Coal,1.15
SEC_017,2024-02-05,12,Cement,1.21
SEC_012,2024-04-17,4,Steel,1.01
SEC_035,2024-12-22,7,Foodgrain,1.11
SEC_040,2024-03-01,12,Other,1.08
SEC_033,2024-07-27,12,Cement,0.86
SEC_030,2024-08-26,12,Steel,0.84
SEC_038,2024-10-19,16,Cement,1.34
SEC_009,2024-09-12,3,Other,1.0
SEC_018,2024-12-26,6,Steel,1.22
SEC_035,2024-08-30,3,Foodgrain,0.87
SEC_003,2024-11-05,6,Cement,1.22
SEC_045,2024-04-27,13,Cement,1.09
SEC_009,2024-05-29,10,Foodgrain,1.06
SEC_039,2024-09-26,11,Foodgrain,0.96
SEC_031,2024-11-16,10,Foodgrain,1.25
SEC_042,2024-01-02,7,Foodgrain,1.1
SEC_038,2024-06-07,5,Steel,0.87
SEC_026,2024-10-20,8,Other,1.15
SEC_038,2024-02-11,13,Cement,1.15
SEC_017,2024-05-09,10,Cement,1.01
SEC_029,2024-07-19,11,Coal,0.85
SEC_045,2024-01-31,9,Foodgrain,1.17
SEC_005,2024-12-01,9,Steel,1.23
SEC_018,2024-05-14,11,Coal,1.09
SEC_001,2024-10-14,14,Steel,1.26
SEC_027,2024-06-05,5,Coal,0.9
SEC_039,2024-05-27,2,Cement,1.08
SEC_002,2024-12-19,13,Foodgrain,1.11
SEC_027,2024-11-08,9,Cement,1.17
SEC_021,2024-07-07,7,Other,0.79
SEC_039,2024-06-18,3,Steel,0.76
SEC_011,2024-10-12,6,Coal,1.29
SEC_008,2024-09-07,14,Coal,0.98
SEC_005,2024-12-24,12,Coal,1.12
SEC_020,2024-05-01,5,Coal,1.03
SEC_024,2024-02-11,8,Foodgrain,1.1
SEC_046,2024-03-12,4,Cement,1.05
SEC_023,2024-07-12,7,Steel,0.74
SEC_009,2024-04-24,12,Foodgrain,1.31
SEC_035,2024-10-23,9,Steel,1.33
SEC_004,2024-11-16,3,Cement,1.32
SEC_017,2024-03-09,11,Cement,0.97
SEC_033,2024-12-28,12,Cement,1.07
SEC_013,2024-08-19,5,Foodgrain,0.76
SEC_030,2024-04-06,11,Other,1.04
SEC_023,2024-03-14,3,Coal,0.99
SEC_047,2024-03-01,10,Foodgrain,1.37
SEC_015,2024-06-21,6,Coal,0.7
SEC_045,2024-01-27,11,Other,1.25
SEC_031,2024-02-17,9,Coal,1.15
SEC_037,2024-10-02,8,Foodgrain,1.27
SEC_009,2024-06-27,12,Coal,0.84
SEC_001,2024-07-12,2,Cement,0.79
SEC_036,2024-04-28,16,Foodgrain,1.33
SEC_024,2024-07-22,9,Foodgrain,0.89
SEC_016,2024-05-05,9,Other,0.98
SEC_044,2024-01-17,8,Other,1.1
SEC_016,2024-07-26,10,Foodgrain,0.78
SEC_022,2024-01-30,8,Steel,1.21
SEC_036,2024-09-09,3,Steel,1.03
SEC_048,2024-11-30,9,Cement,1.16
SEC_045,2024-09-01,3,Other,0.96
SEC_032,2024-07-30,11,Foodgrain,0.87
SEC_006,2024-12-18,3,Foodgrain,1.08
SEC_006,2024-03-21,14,Other,1.1
SEC_034,2024-10-10,5,Coal,1.33
SEC_025,2024-03-16,8,Coal,0.98
SEC_007,2024-01-01,9,Coal,1.23
SEC_035,2024-03-29,8,Foodgrain,1.35
SEC_047,2024-07-02,11,Other,0.82
SEC_004,2024-01-24,16,Steel,1.22
SEC_041,2024-04-12,6,Cement,1.07
SEC_017,2024-01-19,7,Other,1.2
SEC_020,2024-03-30,14,Other,1.08
SEC_036,2024-09-20,12,Cement,1.04
SEC_013,2024-02-25,3,Steel,1.16
SEC_008,2024-04-06,12,Cement,1.03
SEC_048,2024-02-19,6,Foodgrain,1.1
SEC_018,2024-05-20,8,Foodgrain,1.08
SEC_009,2024-10-05,5,Cement,1.15
SEC_034,2024-07-15,6,Cement,0.87
SEC_011,2024-03-14,7,Other,1.03
SEC_039,2024-04-27,10,Foodgrain,1.44
SEC_004,2024-09-02,12,Cement,1.04
SEC_026,2024-06-24,7,Steel,0.75
SEC_020,2024-06-17,4,Foodgrain,0.88
SEC_047,2024-11-12,4,Other,1.32
SEC_026,2024-10-26,11,Cement,1.32
SEC_046,2024-03-30,4,Foodgrain,1.32
SEC_013,2024-09-14,12,Foodgrain,1.0
SEC_024,2024-10-16,4,Steel,1.39
SEC_040,2024-11-25,16,Steel,1.36
SEC_008,2024-04-06,15,Cement,1.1
SEC_046,2024-09-23,12,Coal,0.98
SEC_038,2024-03-09,12,Coal,1.02
SEC_034,2024-06-11,10,Foodgrain,0.71
SEC_012,2024-01-27,9,Cement,1.07
SEC_041,2024-08-09,6,Other,0.9
SEC_042,2024-09-07,13,Foodgrain,1.07
SEC_015,2024-06-12,4,Coal,0.72
SEC_029,2024-05-30,2,Cement,0.99
SEC_003,2024-03-29,3,Steel,1.07
SEC_020,2024-10-08,12,Coal,1.31
SEC_008,2024-11-29,12,Cement,1.18
SEC_028,2024-02-18,8,Cement,1.14
SEC_027,2024-04-10,7,Coal,1.1
SEC_027,2024-08-08,9,Cement,0.73
SEC_034,2024-05-13,8,Foodgrain,1.02
SEC_046,2024-01-05,15,Cement,1.21
SEC_010,2024-01-08,16,Cement,1.14
SEC_011,2024-03-26,17,Foodgrain,1.4
SEC_011,2024-12-20,7,Steel,1.06
SEC_046,2024-08-11,11,Cement,0.9
SEC_005,2024-04-03,7,Coal,0.99
SEC_002,2024-01-21,11,Foodgrain,1.13
SEC_008,2024-10-03,10,Cement,1.25
SEC_038,2024-05-18,14,Steel,1.09
SEC_029,2024-05-24,11,Coal,0.97
SEC_046,2024-07-24,8,Coal,0.74
SEC_011,2024-03-24,8,Foodgrain,1.41
SEC_020,2024-09-23,12,Foodgrain,0.98
SEC_028,2024-04-24,4,Cement,1.0
SEC_004,2024-09-15,14,Other,1.01
SEC_046,2024-07-08,7,Other,0.72
SEC_040,2024-02-24,8,Steel,1.14
SEC_008,2024-08-16,8,Coal,0.86
SEC_042,2024-01-28,6,Cement,1.08
SEC_022,2024-09-18,4,Coal,1.07
SEC_017,2024-05-17,6,Cement,0.95
SEC_047,2024-09-02,13,Steel,1.07
SEC_026,2024-03-29,15,Steel,1.09
SEC_012,2024-05-29,5,Coal,1.04
SEC_040,2024-04-21,5,Coal,1.08
SEC_036,2024-04-01,8,Coal,0.98
SEC_010,2024-05-05,12,Foodgrain,1.08
SEC_034,2024-01-20,15,Steel,1.24
SEC_031,2024-05-25,10,Steel,1.09
SEC_014,2024-02-15,8,Coal,1.06
SEC_022,2024-07-08,2,Coal,0.85
SEC_042,2024-02-03,5,Cement,1.25
SEC_009,2024-01-04,3,Other,1.12
SEC_036,2024-06-09,11,Cement,0.9
SEC_041,2024-04-19,13,Other,1.01
SEC_046,2024-11-16,4,Cement,1.37
SEC_016,2024-04-06,7,Coal,1.0
SEC_014,2024-05-26,3,Cement,1.04
SEC_046,2024-03-27,5,Steel,1.05
SEC_023,2024-11-21,12,Cement,1.22
SEC_028,2024-10-15,11,Cement,1.34
SEC_026,2024-03-03,3,Other,1.08
SEC_026,2024-04-01,2,Other,1.06
SEC_031,2024-03-09,12,Cement,1.08
SEC_021,2024-02-25,12,Other,1.1
SEC_020,2024-03-29,6,Foodgrain,1.45
SEC_020,2024-11-07,14,Other,1.19
SEC_033,2024-06-16,4,Coal,0.88
SEC_041,2024-05-20,5,Foodgrain,1.09
SEC_028,2024-03-10,12,Cement,1.02
SEC_034,2024-03-08,3,Other,1.06
SEC_021,2024-07-22,6,Other,0.81
SEC_038,2024-10-01,13,Steel,1.22
SEC_020,2024-07-23,2,Cement,0.71
SEC_021,2024-08-28,3,Coal,0.8
SEC_003,2024-04-05,13,Coal,0.96
SEC_013,2024-12-11,12,Cement,1.15
SEC_037,2024-10-28,7,Steel,1.2
SEC_005,2024-11-17,16,Foodgrain,1.31
SEC_011,2024-09-01,7,Steel,1.03
SEC_039,2024-09-11,11,Cement,1.04
SEC_043,2024-01-26,3,Coal,1.05
SEC_021,2024-02-28,10,Cement,1.1
SEC_020,2024-02-18,11,Cement,1.2
SEC_025,2024-06-25,8,Other,0.82
SEC_038,2024-08-03,11,Steel,0.81
SEC_023,2024-02-13,6,Steel,1.18
SEC_009,2024-10-02,14,Foodgrain,1.35
SEC_022,2024-07-20,5,Steel,0.77
SEC_013,2024-08-05,12,Cement,0.89
SEC_034,2024-12-01,13,Cement,1.06
SEC_007,2024-08-01,5,Cement,0.76
SEC_030,2024-01-02,16,Foodgrain,1.2
SEC_007,2024-10-08,8,Cement,1.2
SEC_048,2024-11-16,10,Coal,1.2
SEC_032,2024-01-31,9,Coal,1.17
SEC_007,2024-07-16,2,Steel,0.75
SEC_047,2024-06-20,1,Steel,0.72
SEC_029,2024-02-25,15,Other,1.09
SEC_030,2024-04-11,6,Steel,1.03
SEC_004,2024-11-09,5,Other,1.18
SEC_010,2024-05-23,7,Foodgrain,0.95
SEC_040,2024-07-15,2,Cement,0.81
SEC_023,2024-10-11,6,Coal,1.28
SEC_031,2024-06-13,4,Cement,0.89
SEC_049,2024-11-22,5,Foodgrain,1.26
SEC_021,2024-07-01,10,Other,0.8
SEC_019,2024-12-26,15,Coal,1.1
SEC_040,2024-02-23,4,Steel,1.09
SEC_004,2024-11-21,13,Other,1.32
SEC_023,2024-02-11,12,Foodgrain,1.08
SEC_042,2024-10-24,20,Foodgrain,1.4
SEC_012,2024-08-30,10,Foodgrain,0.75
SEC_015,2024-07-23,5,Steel,0.76
SEC_024,2024-11-18,20,Other,1.4
SEC_004,2024-08-22,4,Foodgrain,0.78
SEC_004,2024-09-11,13,Coal,1.09
SEC_013,2024-10-03,8,Steel,1.37
SEC_044,2024-11-03,12,Other,1.25
SEC_011,2024-03-25,3,Foodgrain,1.4
SEC_036,2024-11-05,13,Cement,1.21
SEC_021,2024-08-03,10,Coal,0.84
SEC_038,2024-01-12,9,Coal,1.17
SEC_017,2024-12-02,9,Steel,1.22
SEC_043,2024-10-09,17,Foodgrain,1.23
SEC_019,2024-11-22,12,Cement,1.34
SEC_039,2024-10-09,11,Coal,1.22
SEC_041,2024-05-06,2,Other,1.05
SEC_022,2024-05-08,11,Cement,1.07
SEC_033,2024-04-11,10,Steel,1.01
SEC_006,2024-05-30,12,Foodgrain,0.99
SEC_025,2024-01-13,8,Foodgrain,1.14
SEC_019,2024-09-29,10,Cement,1.04
SEC_047,2024-10-02,15,Coal,1.16
SEC_046,2024-12-27,7,Foodgrain,1.11
SEC_039,2024-07-20,3,Foodgrain,0.89
SEC_047,2024-12-27,16,Cement,1.12
SEC_048,2024-03-17,2,Steel,1.07
SEC_038,2024-06-22,7,Steel,0.78
SEC_030,2024-10-13,14,Other,1.35
SEC_011,2024-10-15,17,Other,1.24
SEC_040,2024-10-10,11,Other,1.19
SEC_010,2024-06-19,12,Other,0.84
SEC_010,2024-01-27,13,Coal,1.09
SEC_044,2024-11-12,3,Cement,1.32
SEC_006,2024-05-19,2,Cement,1.04
SEC_007,2024-08-25,3,Steel,0.83
SEC_026,2024-02-18,13,Foodgrain,1.08
SEC_029,2024-12-08,8,Other,1.11
SEC_003,2024-04-03,12,Coal,1.08
SEC_019,2024-12-30,6,Other,1.11
SEC_012,2024-09-18,4,Steel,1.06
SEC_015,2024-04-30,2,Other,1.06
SEC_009,2024-05-15,13,Foodgrain,0.96
SEC_034,2024-12-24,2,Coal,1.15
SEC_024,2024-08-05,5,Coal,0.89
SEC_048,2024-09-10,4,Other,1.0
SEC_001,2024-08-12,3,Cement,0.84
SEC_039,2024-03-28,13,Steel,1.02
SEC_045,2024-02-18,9,Cement,1.15
SEC_024,2024-01-02,7,Foodgrain,1.13
SEC_035,2024-05-28,2,Coal,0.97
SEC_022,2024-09-07,3,Cement,1.06
SEC_030,2024-04-20,12,Coal,1.02
SEC_045,2024-03-22,17,Foodgrain,1.43
SEC_026,2024-05-22,6,Coal,0.95
SEC_029,2024-03-25,8,Steel,1.03
SEC_049,2024-06-08,9,Other,0.73
SEC_025,2024-07-21,12,Foodgrain,0.86
SEC_009,2024-04-09,11,Cement,1.08
SEC_034,2024-01-12,11,Steel,1.22
SEC_034,2024-02-07,10,Coal,1.09
SEC_012,2024-06-01,11,Cement,0.88
SEC_036,2024-03-05,4,Steel,0.95
SEC_004,2024-10-19,12,Coal,1.17
SEC_016,2024-03-01,3,Foodgrain,1.43
SEC_042,2024-01-10,14,Foodgrain,1.09
SEC_031,2024-08-14,10,Coal,0.8
SEC_030,2024-08-16,2,Foodgrain,0.83
SEC_031,2024-09-02,3,Foodgrain,0.97
SEC_009,2024-02-27,16,Other,1.11
SEC_048,2024-09-06,12,Coal,0.98
SEC_015,2024-11-11,18,Foodgrain,1.31
SEC_039,2024-08-09,6,Cement,0.8
SEC_049,2024-05-22,12,Foodgrain,1.08
SEC_012,2024-06-25,6,Steel,0.86
SEC_032,2024-10-24,8,Other,1.25
SEC_003,2024-02-22,10,Steel,1.16
SEC_032,2024-09-21,9,Other,1.0
SEC_022,2024-04-08,11,Other,0.97
SEC_004,2024-11-17,9,Cement,1.35
SEC_033,2024-02-21,9,Cement,1.11
SEC_048,2024-07-08,4,Foodgrain,0.75
SEC_005,2024-05-26,11,Cement,1.04
SEC_044,2024-06-26,10,Steel,0.74
SEC_042,2024-05-19,11,Coal,1.07
SEC_027,2024-01-14,12,Cement,1.25
SEC_045,2024-11-09,9,Other,1.17
SEC_016,2024-07-14,11,Other,0.86
SEC_036,2024-08-07,8,Cement,0.88
SEC_035,2024-07-10,8,Other,0.76
SEC_029,2024-07-12,11,Foodgrain,0.78
SEC_041,2024-08-09,2,Coal,0.7
SEC_043,2024-06-02,6,Steel,0.89
SEC_039,2024-02-17,13,Steel,1.07
SEC_029,2024-01-11,7,Other,1.14
SEC_048,2024-07-16,4,Other,0.76
SEC_028,2024-03-09,2,Cement,1.08
SEC_032,2024-06-15,11,Other,0.78
SEC_010,2024-08-09,3,Steel,0.86
SEC_016,2024-08-06,3,Cement,0.85
SEC_045,2024-03-02,12,Coal,0.96
SEC_025,2024-08-29,5,Coal,0.81
SEC_026,2024-12-10,5,Cement,1.06
SEC_040,2024-05-12,3,Cement,1.0
SEC_016,2024-02-13,11,Foodgrain,1.14
SEC_014,2024-07-03,3,Foodgrain,0.76
SEC_001,2024-08-13,7,Cement,0.73
SEC_012,2024-05-24,3,Steel,1.01
SEC_026,2024-08-07,2,Steel,0.74
SEC_036,2024-10-07,12,Steel,1.21
SEC_017,2024-07-30,4,Steel,0.74
SEC_022,2024-10-18,7,Steel,1.18
SEC_011,2024-02-23,6,Coal,1.06
SEC_041,2024-04-17,15,Foodgrain,1.33
SEC_026,2024-07-22,2,Foodgrain,0.82
SEC_008,2024-04-04,5,Coal,1.0
SEC_030,2024-12-29,8,Other,1.08
SEC_017,2024-09-05,4,Foodgrain,1.04
SEC_043,2024-05-30,4,Coal,1.04
SEC_014,2024-10-10,6,Coal,1.2
SEC_043,2024-12-25,16,Coal,1.12
SEC_035,2024-01-04,3,Foodgrain,1.16
SEC_007,2024-07-22,9,Steel,0.86
SEC_038,2024-06-05,7,Other,0.7
SEC_036,2024-10-03,12,Foodgrain,1.22
SEC_023,2024-04-22,9,Cement,1.09
SEC_008,2024-04-29,7,Steel,0.98
SEC_024,2024-10-07,3,Coal,1.28
SEC_030,2024-11-21,12,Steel,1.29
SEC_007,2024-02-22,16,Cement,1.16
SEC_017,2024-08-13,8,Cement,0.7
SEC_035,2024-10-11,12,Coal,1.2
SEC_028,2024-03-01,6,Steel,1.07
SEC_049,2024-08-30,6,Foodgrain,0.87
SEC_011,2024-12-24,14,Steel,1.09
SEC_039,2024-11-04,12,Steel,1.33
SEC_021,2024-03-12,9,Other,0.96
SEC_011,2024-12-28,10,Other,1.19
SEC_047,2024-05-10,7,Steel,1.04
SEC_031,2024-06-23,2,Coal,0.71
SEC_027,2024-04-16,9,Steel,0.98
SEC_015,2024-09-12,5,Other,1.04
SEC_044,2024-02-16,15,Other,1.05
SEC_002,2024-09-16,5,Cement,0.98
SEC_006,2024-01-21,4,Cement,1.22
SEC_009,2024-11-05,8,Steel,1.33
SEC_032,2024-04-29,7,Foodgrain,1.47
SEC_006,2024-07-08,8,Other,0.72
SEC_040,2024-03-24,6,Steel,1.06
SEC_010,2024-02-09,15,Foodgrain,1.13
SEC_034,2024-01-09,6,Other,1.23
SEC_039,2024-12-24,12,Cement,1.19
SEC_044,2024-02-19,10,Coal,1.16
SEC_015,2024-01-21,7,Cement,1.11
SEC_004,2024-07-07,5,Coal,0.86
SEC_038,2024-12-18,13,Steel,1.12
SEC_022,2024-01-31,14,Other,1.18
SEC_047,2024-04-03,11,Coal,0.98
SEC_010,2024-07-22,4,Coal,0.83
SEC_029,2024-06-29,4,Other,0.75
SEC_006,2024-02-23,8,Cement,1.11
SEC_024,2024-12-13,7,Steel,1.15
SEC_001,2024-05-11,12,Steel,1.0
SEC_037,2024-09-04,12,Other,1.08
SEC_030,2024-06-16,5,Cement,0.85
SEC_005,2024-08-02,8,Steel,0.84
SEC_025,2024-11-27,15,Coal,1.37
SEC_021,2024-04-29,12,Foodgrain,1.31
SEC_034,2024-10-25,16,Steel,1.22
SEC_025,2024-04-17,9,Foodgrain,1.5
SEC_023,2024-04-25,2,Coal,1.06
SEC_041,2024-01-12,8,Foodgrain,1.12
SEC_026,2024-05-06,3,Steel,1.09
SEC_040,2024-08-02,8,Other,0.74
SEC_044,2024-08-22,7,Steel,0.79
SEC_042,2024-06-06,4,Steel,0.9
SEC_047,2024-05-10,12,Steel,1.04
SEC_035,2024-03-23,3,Cement,1.0
SEC_028,2024-11-26,17,Cement,1.28
SEC_026,2024-05-20,8,Steel,0.98
SEC_011,2024-04-21,10,Cement,1.05
SEC_041,2024-12-10,6,Coal,1.25
SEC_034,2024-08-21,8,Coal,0.86
SEC_043,2024-11-06,9,Steel,1.24
SEC_035,2024-05-22,8,Cement,0.98
SEC_024,2024-06-06,3,Foodgrain,0.85
SEC_015,2024-09-24,11,Foodgrain,1.08
SEC_049,2024-12-24,10,Cement,1.23
SEC_036,2024-10-15,14,Coal,1.39
SEC_043,2024-06-18,7,Steel,0.75
SEC_029,2024-08-06,5,Cement,0.86
SEC_026,2024-05-07,4,Other,1.09
SEC_002,2024-06-15,8,Coal,0.74
SEC_004,2024-05-21,6,Steel,0.97
SEC_035,2024-02-06,12,Other,1.11
SEC_012,2024-11-16,10,Other,1.25
SEC_005,2024-02-20,7,Steel,1.18
SEC_039,2024-04-07,6,Coal,1.04
SEC_031,2024-04-02,3,Foodgrain,1.43
SEC_006,2024-03-22,15,Cement,1.08
SEC_025,2024-07-01,9,Steel,0.75
SEC_024,2024-12-17,9,Steel,1.07
SEC_001,2024-04-30,5,Cement,0.98
SEC_030,2024-09-25,5,Foodgrain,1.09
SEC_020,2024-09-25,14,Steel,1.06
SEC_044,2024-10-06,16,Other,1.22
SEC_006,2024-08-15,10,Other,0.87
SEC_042,2024-09-27,12,Cement,0.97
SEC_001,2024-10-05,15,Other,1.23
SEC_038,2024-09-06,11,Steel,1.0
SEC_039,2024-07-23,7,Coal,0.75
SEC_020,2024-02-03,16,Cement,1.15
SEC_014,2024-07-04,2,Foodgrain,0.77
SEC_007,2024-10-02,8,Foodgrain,1.3
SEC_017,2024-05-05,2,Steel,1.05
SEC_033,2024-04-01,14,Coal,1.05
SEC_036,2024-08-05,6,Coal,0.89
SEC_009,2024-02-18,10,Cement,1.15
SEC_001,2024-09-20,3,Steel,1.07
SEC_028,2024-12-25,5,Other,1.18
SEC_029,2024-06-26,4,Foodgrain,0.78
SEC_049,2024-01-11,3,Coal,1.11
SEC_038,2024-04-09,7,Cement,1.04
SEC_027,2024-01-12,16,Cement,1.16
SEC_029,2024-06-17,9,Coal,0.78
SEC_032,2024-04-23,13,Other,0.98
SEC_023,2024-10-10,5,Cement,1.17
SEC_034,2024-11-04,7,Foodgrain,1.17
SEC_010,2024-06-08,2,Coal,0.78
SEC_041,2024-12-23,5,Foodgrain,1.09
SEC_043,2024-06-13,4,Other,0.74
SEC_022,2024-02-13,6,Steel,1.16
SEC_023,2024-11-28,12,Other,1.15
SEC_025,2024-05-24,11,Coal,1.06
SEC_041,2024-11-20,16,Cement,1.33
SEC_009,2024-09-25,8,Steel,1.02
SEC_017,2024-12-09,9,Coal,1.17
SEC_031,2024-08-24,4,Cement,0.72
SEC_034,2024-08-04,2,Foodgrain,0.8
SEC_015,2024-03-26,13,Steel,1.02
SEC_006,2024-04-12,3,Steel,0.99
SEC_025,2024-04-30,5,Foodgrain,1.31
SEC_032,2024-04-23,8,Coal,1.09
SEC_038,2024-08-05,5,Foodgrain,0.88
SEC_001,2024-11-14,7,Coal,1.39
SEC_001,2024-01-13,8,Steel,1.13
SEC_019,2024-08-14,2,Foodgrain,0.76
SEC_028,2024-10-04,12,Cement,1.2
SEC_001,2024-06-11,8,Steel,0.77
SEC_009,2024-04-10,5,Cement,1.01
SEC_021,2024-06-07,3,Other,0.71
SEC_014,2024-10-30,9,Foodgrain,1.17
SEC_035,2024-11-30,8,Cement,1.35
SEC_002,2024-09-07,7,Foodgrain,1.06
SEC_044,2024-06-26,7,Steel,0.73
SEC_009,2024-08-24,7,Steel,0.74
SEC_022,2024-09-04,7,Steel,1.04
SEC_049,2024-10-07,9,Foodgrain,1.31
SEC_033,2024-02-22,12,Coal,1.07
SEC_049,2024-01-28,15,Cement,1.15
SEC_001,2024-05-06,8,Coal,1.05
SEC_036,2024-04-05,5,Cement,1.06
SEC_004,2024-08-13,4,Foodgrain,0.89
SEC_030,2024-07-09,12,Cement,0.86
SEC_016,2024-12-02,11,Coal,1.13
SEC_039,2024-10-11,5,Steel,1.22
SEC_007,2024-02-24,7,Steel,1.2
SEC_044,2024-11-06,6,Cement,1.22
SEC_024,2024-10-09,11,Steel,1.22
SEC_026,2024-05-19,6,Steel,1.03
SEC_028,2024-01-22,12,Coal,1.19
SEC_002,2024-10-17,9,Steel,1.25
SEC_016,2024-03-11,2,Other,1.07
SEC_035,2024-03-21,4,Coal,1.04
SEC_048,2024-06-21,8,Other,0.81
SEC_049,2024-01-31,9,Other,1.23
SEC_027,2024-05-26,10,Other,0.95
SEC_013,2024-03-31,12,Cement,1.01
SEC_024,2024-01-20,13,Cement,1.21
SEC_023,2024-11-26,8,Other,1.2
SEC_020,2024-04-05,7,Cement,1.03
SEC_018,2024-07-18,10,Foodgrain,0.72
SEC_043,2024-10-25,18,Foodgrain,1.37
SEC_020,2024-06-25,9,Other,0.86
SEC_002,2024-04-17,13,Steel,1.07
SEC_036,2024-09-29,3,Foodgrain,1.01
SEC_033,2024-09-10,6,Coal,1.04
SEC_019,2024-01-04,13,Cement,1.11
SEC_031,2024-10-26,4,Coal,1.39
SEC_047,2024-02-13,2,Coal,1.16
SEC_046,2024-09-26,6,Steel,1.05
SEC_039,2024-02-06,10,Cement,1.06
SEC_029,2024-01-24,2,Other,1.14
SEC_002,2024-02-14,5,Foodgrain,1.16
SEC_026,2024-09-28,2,Cement,1.0
SEC_041,2024-06-14,9,Steel,0.71
SEC_042,2024-08-08,4,Coal,0.79
SEC_038,2024-04-12,14,Coal,1.05
SEC_049,2024-02-13,10,Coal,1.09
SEC_026,2024-10-14,15,Steel,1.23
SEC_006,2024-10-31,14,Cement,1.28
SEC_025,2024-11-03,11,Coal,1.18
SEC_016,2024-01-24,9,Steel,1.18
SEC_041,2024-12-04,12,Cement,1.18
SEC_039,2024-07-17,8,Coal,0.84
SEC_021,2024-03-12,7,Foodgrain,1.35
SEC_020,2024-03-13,11,Steel,0.99
SEC_008,2024-07-03,4,Other,0.77
SEC_003,2024-08-08,4,Foodgrain,0.75
SEC_016,2024-01-18,15,Foodgrain,1.07
SEC_012,2024-06-30,8,Other,0.87
SEC_013,2024-03-28,6,Cement,1.04
SEC_049,2024-12-01,2,Foodgrain,1.11
SEC_034,2024-08-13,9,Cement,0.71
SEC_028,2024-05-16,10,Foodgrain,0.99
SEC_009,2024-06-03,11,Cement,0.77
SEC_042,2024-11-02,16,Steel,1.21
SEC_032,2024-09-09,5,Steel,0.97
SEC_026,2024-05-21,2,Other,1.0
SEC_023,2024-11-03,7,Foodgrain,1.22
SEC_028,2024-08-15,4,Foodgrain,0.72
SEC_042,2024-01-22,11,Coal,1.19
SEC_036,2024-08-18,10,Steel,0.84
SEC_024,2024-12-09,5,Cement,1.18
SEC_033,2024-11-11,16,Foodgrain,1.37
SEC_046,2024-01-16,17,Steel,1.23
SEC_016,2024-11-18,15,Coal,1.18
SEC_045,2024-12-25,16,Foodgrain,1.11
SEC_030,2024-02-29,2,Steel,1.06
SEC_010,2024-08-21,5,Other,0.76
SEC_048,2024-10-03,8,Coal,1.32
SEC_034,2024-01-16,17,Cement,1.2
SEC_019,2024-10-29,5,Steel,1.32
SEC_011,2024-05-24,4,Steel,1.06
SEC_045,2024-04-19,2,Cement,0.99
SEC_041,2024-04-04,7,Foodgrain,1.39
SEC_003,2024-07-04,3,Coal,0.88
SEC_032,2024-10-19,5,Cement,1.37
SEC_006,2024-10-27,9,Coal,1.27
SEC_015,2024-03-23,2,Other,1.05
SEC_028,2024-10-29,16,Steel,1.32
SEC_013,2024-10-29,17,Cement,1.23
SEC_026,2024-01-23,13,Steel,1.07
SEC_022,2024-04-24,7,Steel,0.99
SEC_029,2024-01-06,6,Coal,1.16
SEC_040,2024-12-28,10,Other,1.12
SEC_008,2024-06-21,11,Foodgrain,0.89
SEC_040,2024-04-08,4,Coal,0.98
SEC_011,2024-11-23,6,Coal,1.25
SEC_002,2024-09-07,9,Steel,1.03
SEC_022,2024-12-10,6,Foodgrain,1.19
SEC_015,2024-10-19,4,Coal,1.39
SEC_010,2024-12-15,3,Steel,1.06
SEC_021,2024-03-20,10,Steel,1.03
SEC_043,2024-03-15,4,Other,0.99
SEC_029,2024-01-28,7,Foodgrain,1.15
SEC_036,2024-05-05,12,Coal,0.96
SEC_008,2024-07-20,5,Steel,0.78
SEC_004,2024-07-25,10,Other,0.8
SEC_017,2024-09-04,9,Coal,1.1
SEC_038,2024-09-25,15,Coal,1.08
SEC_044,2024-10-26,15,Coal,1.39
SEC_005,2024-07-09,5,Coal,0.77
SEC_024,2024-04-09,5,Other,1.02
SEC_020,2024-06-09,10,Other,0.84
SEC_037,2024-11-15,14,Cement,1.31
SEC_011,2024-10-25,6,Coal,1.2
SEC_024,2024-12-01,4,Cement,1.11
SEC_042,2024-07-16,8,Cement,0.79
SEC_023,2024-10-12,8,Cement,1.32
SEC_039,2024-05-31,5,Cement,1.05
SEC_031,2024-01-03,7,Cement,1.2
SEC_030,2024-09-29,2,Foodgrain,1.01
SEC_013,2024-02-01,2,Coal,1.18
SEC_049,2024-08-20,8,Other,0.86
SEC_013,2024-12-31,11,Other,1.09
SEC_046,2024-01-10,13,Foodgrain,1.14
SEC_049,2024-09-25,12,Foodgrain,0.96
SEC_026,2024-11-13,18,Other,1.39
SEC_043,2024-08-17,1,Foodgrain,0.74
SEC_036,2024-09-09,12,Steel,1.04
SEC_037,2024-11-25,10,Other,1.3
SEC_004,2024-10-11,3,Other,1.26
SEC_007,2024-01-15,15,Steel,1.24
SEC_004,2024-10-10,8,Steel,1.34
SEC_002,2024-10-04,11,Steel,1.24
SEC_041,2024-03-24,15,Coal,1.04
SEC_009,2024-08-27,10,Other,0.86
SEC_001,2024-11-04,13,Other,1.15
SEC_046,2024-11-06,13,Foodgrain,1.2
SEC_014,2024-11-14,17,Cement,1.28
SEC_040,2024-10-11,15,Foodgrain,1.39
SEC_048,2024-02-14,2,Other,1.06
SEC_026,2024-06-26,4,Other,0.71
SEC_046,2024-03-26,2,Cement,1.07
SEC_048,2024-01-26,4,Other,1.07
SEC_008,2024-04-06,12,Coal,0.96
SEC_008,2024-11-28,13,Other,1.17
SEC_019,2024-08-06,4,Foodgrain,0.79
SEC_028,2024-10-06,5,Steel,1.31
SEC_039,2024-07-03,4,Other,0.73
SEC_009,2024-05-10,5,Other,1.08
SEC_010,2024-06-25,9,Coal,0.7
SEC_016,2024-12-26,2,Cement,1.2
SEC_014,2024-04-15,11,Other,0.98
SEC_047,2024-04-23,5,Cement,0.95
SEC_020,2024-11-06,12,Foodgrain,1.28
SEC_043,2024-05-15,8,Coal,1.08
SEC_003,2024-11-26,9,Foodgrain,1.18
SEC_005,2024-12-22,15,Foodgrain,1.06
SEC_040,2024-01-25,3,Other,1.09
SEC_013,2024-09-01,3,Steel,1.07
SEC_005,2024-02-04,10,Steel,1.11
SEC_030,2024-11-17,3,Other,1.28
SEC_008,2024-02-12,4,Other,1.1
SEC_004,2024-11-20,13,Foodgrain,1.26
SEC_020,2024-10-08,15,Foodgrain,1.17
SEC_027,2024-07-15,10,Cement,0.75
SEC_026,2024-03-17,7,Coal,0.95
SEC_029,2024-04-07,10,Steel,1.07
SEC_002,2024-06-06,2,Foodgrain,0.8
SEC_015,2024-11-06,15,Foodgrain,1.17
SEC_017,2024-11-24,15,Coal,1.22
SEC_015,2024-07-02,8,Foodgrain,0.85
SEC_028,2024-03-26,11,Cement,0.96
SEC_012,2024-07-25,8,Other,0.85
SEC_031,2024-10-31,4,Cement,1.18
SEC_046,2024-07-17,2,Cement,0.8
SEC_033,2024-11-21,3,Foodgrain,1.26
SEC_020,2024-01-04,9,Coal,1.22
SEC_022,2024-07-02,6,Steel,0.71
SEC_029,2024-01-17,13,Foodgrain,1.21
SEC_036,2024-08-11,11,Foodgrain,0.78
SEC_015,2024-08-13,9,Steel,0.82
SEC_002,2024-04-24,4,Cement,0.99
SEC_035,2024-10-17,9,Foodgrain,1.16
SEC_033,2024-12-14,11,Steel,1.21
SEC_005,2024-06-16,2,Foodgrain,0.76
SEC_031,2024-06-08,5,Cement,0.78
SEC_004,2024-03-10,8,Coal,1.03
SEC_032,2024-01-11,5,Steel,1.17
SEC_037,2024-05-28,13,Steel,1.02
SEC_001,2024-06-10,2,Steel,0.83
SEC_036,2024-10-08,4,Cement,1.36
SEC_006,2024-11-11,11,Steel,1.23
SEC_013,2024-02-09,11,Foodgrain,1.25
SEC_035,2024-02-25,16,Steel,1.2
SEC_018,2024-07-24,6,Coal,0.79
SEC_048,2024-05-17,5,Other,0.97
SEC_047,2024-09-14,10,Foodgrain,1.03
SEC_049,2024-04-28,10,Steel,1.04
SEC_006,2024-06-01,4,Foodgrain,0.84
SEC_009,2024-06-11,2,Other,0.76
SEC_009,2024-08-08,5,Coal,0.73
SEC_029,2024-01-26,13,Other,1.19
SEC_022,2024-11-19,5,Coal,1.3
SEC_037,2024-05-04,9,Other,1.07
SEC_014,2024-03-18,9,Steel,1.04
SEC_010,2024-08-22,4,Steel,0.88
SEC_032,2024-02-19,15,Cement,1.09
SEC_031,2024-08-03,6,Coal,0.8
SEC_034,2024-01-23,6,Coal,1.06
SEC_016,2024-04-06,14,Foodgrain,1.37
SEC_026,2024-09-22,12,Other,1.08
SEC_046,2024-05-16,11,Steel,1.07
SEC_030,2024-11-25,2,Foodgrain,1.25
SEC_046,2024-05-10,9,Steel,1.09
SEC_022,2024-09-09,10,Cement,1.1
SEC_003,2024-01-11,12,Other,1.12
SEC_038,2024-12-23,8,Other,1.14
SEC_023,2024-08-13,12,Steel,0.87
SEC_003,2024-09-16,5,Steel,1.02
SEC_007,2024-04-29,15,Other,1.07
SEC_016,2024-04-15,8,Foodgrain,1.38
SEC_010,2024-06-08,11,Steel,0.88
SEC_034,2024-04-03,6,Steel,1.03
SEC_030,2024-01-08,6,Coal,1.06
SEC_017,2024-09-01,15,Coal,1.05
SEC_005,2024-09-19,11,Steel,1.09
SEC_004,2024-09-04,13,Cement,1.06
SEC_047,2024-07-21,4,Cement,0.73
SEC_017,2024-07-10,6,Coal,0.7
SEC_006,2024-12-26,2,Coal,1.16
SEC_035,2024-07-11,11,Other,0.78
SEC_043,2024-09-15,10,Cement,1.0
SEC_006,2024-06-01,4,Cement,0.82
SEC_047,2024-01-13,6,Other,1.23
SEC_036,2024-05-08,10,Cement,1.06
SEC_013,2024-09-21,12,Steel,1.01
SEC_038,2024-08-20,4,Foodgrain,0.75
SEC_021,2024-09-10,12,Cement,0.96
SEC_032,2024-09-30,13,Other,1.06
SEC_007,2024-03-20,13,Foodgrain,1.33
SEC_012,2024-10-24,10,Coal,1.31
SEC_038,2024-09-18,6,Cement,1.08
SEC_040,2024-04-22,3,Cement,0.97
SEC_001,2024-07-03,10,Other,0.75
SEC_011,2024-11-09,6,Coal,1.19
SEC_030,2024-03-02,8,Other,1.08
SEC_045,2024-04-20,15,Coal,1.05
SEC_034,2024-03-11,14,Cement,1.06
SEC_035,2024-04-21,8,Steel,1.04
SEC_020,2024-03-15,13,Coal,1.08
SEC_003,2024-10-21,16,Steel,1.23
SEC_038,2024-12-28,8,Foodgrain,1.21
SEC_040,2024-12-20,2,Coal,1.07
SEC_022,2024-05-11,10,Foodgrain,0.99
SEC_025,2024-12-07,9,Cement,1.1
SEC_012,2024-01-30,7,Other,1.22
SEC_023,2024-02-10,10,Foodgrain,1.13
SEC_012,2024-04-29,10,Cement,1.07
SEC_021,2024-04-15,12,Other,1.06
SEC_007,2024-12-01,16,Coal,1.11
SEC_030,2024-10-05,7,Cement,1.23
SEC_013,2024-10-02,14,Other,1.35
SEC_036,2024-10-22,7,Other,1.18
SEC_026,2024-09-22,12,Other,1.03
SEC_044,2024-07-03,3,Other,0.82
SEC_011,2024-01-22,13,Foodgrain,1.15
SEC_014,2024-01-06,6,Other,1.24
SEC_012,2024-12-23,7,Steel,1.14
SEC_031,2024-07-02,7,Coal,0.84
SEC_006,2024-12-14,4,Coal,1.18
SEC_034,2024-01-12,2,Coal,1.15
SEC_041,2024-08-20,12,Cement,0.88
SEC_034,2024-04-12,17,Foodgrain,1.33
SEC_007,2024-05-13,13,Other,0.99
SEC_025,2024-08-28,4,Steel,0.88
SEC_027,2024-06-30,6,Cement,0.89
SEC_020,2024-02-19,8,Other,1.19
SEC_023,2024-12-31,9,Steel,1.08
SEC_038,2024-09-17,10,Foodgrain,0.96
SEC_041,2024-05-12,12,Foodgrain,0.96
SEC_015,2024-08-15,6,Other,0.87
SEC_017,2024-02-25,14,Steel,1.05
SEC_011,2024-06-06,5,Steel,0.83
SEC_020,2024-06-04,5,Cement,0.76
SEC_027,2024-05-16,2,Other,1.03
SEC_035,2024-06-26,8,Coal,0.72
SEC_014,2024-11-30,8,Coal,1.37
SEC_011,2024-01-03,15,Other,1.17
SEC_002,2024-07-21,8,Foodgrain,0.73
SEC_005,2024-12-10,8,Foodgrain,1.2
SEC_003,2024-11-21,5,Other,1.37
SEC_011,2024-11-24,16,Steel,1.32
SEC_035,2024-05-30,10,Foodgrain,0.98
SEC_038,2024-07-26,10,Other,0.79
SEC_048,2024-08-05,2,Cement,0.77
SEC_027,2024-11-02,12,Cement,1.16
SEC_023,2024-12-15,2,Steel,1.09
SEC_045,2024-04-03,14,Cement,1.05
SEC_008,2024-02-15,6,Other,1.23
SEC_031,2024-04-06,8,Other,1.03
SEC_041,2024-04-06,7,Cement,1.01
SEC_025,2024-04-19,13,Other,1.02
SEC_013,2024-12-01,5,Other,1.13
SEC_031,2024-03-19,9,Cement,0.95
SEC_049,2024-06-03,5,Foodgrain,0.78
SEC_012,2024-05-10,9,Foodgrain,0.96
SEC_028,2024-04-09,10,Cement,1.07
SEC_003,2024-03-12,7,Other,0.98
SEC_012,2024-12-31,9,Foodgrain,1.23
SEC_038,2024-08-17,4,Cement,0.88
SEC_025,2024-02-07,5,Foodgrain,1.09
SEC_010,2024-08-27,1,Cement,0.74
SEC_017,2024-08-11,8,Cement,0.87
SEC_006,2024-05-11,13,Coal,0.99
SEC_039,2024-10-15,13,Coal,1.33
SEC_047,2024-10-20,12,Coal,1.18
SEC_006,2024-10-14,4,Cement,1.17
SEC_012,2024-08-21,11,Other,0.79
SEC_042,2024-06-10,4,Steel,0.77
SEC_044,2024-03-16,9,Coal,1.1
SEC_038,2024-01-17,7,Coal,1.12
SEC_036,2024-12-02,4,Foodgrain,1.2
SEC_043,2024-11-03,18,Cement,1.31
SEC_019,2024-03-14,14,Steel,1.07
SEC_044,2024-10-20,5,Cement,1.2
SEC_044,2024-01-18,11,Coal,1.25
SEC_012,2024-03-27,14,Cement,1.0
SEC_004,2024-02-24,12,Steel,1.21
SEC_026,2024-05-04,5,Other,0.96
SEC_038,2024-04-26,10,Cement,1.05
SEC_042,2024-07-06,6,Foodgrain,0.71
SEC_007,2024-06-16,5,Other,0.78
SEC_019,2024-02-11,10,Other,1.13
SEC_038,2024-02-24,13,Coal,1.06
SEC_003,2024-10-27,19,Foodgrain,1.38
SEC_036,2024-07-19,6,Cement,0.88
SEC_015,2024-12-03,14,Steel,1.23
SEC_002,2024-02-17,2,Other,1.22
SEC_012,2024-04-22,9,Cement,1.03
SEC_037,2024-02-27,5,Cement,1.17
SEC_043,2024-12-04,5,Coal,1.07
SEC_004,2024-02-28,10,Other,1.24
SEC_023,2024-10-20,9,Other,1.17
SEC_010,2024-03-11,7,Other,1.09
SEC_034,2024-09-23,13,Foodgrain,1.05
SEC_039,2024-06-15,6,Other,0.9
SEC_048,2024-12-20,13,Coal,1.07
SEC_018,2024-01-26,8,Steel,1.19
SEC_015,2024-04-28,3,Cement,1.07
SEC_016,2024-09-21,5,Cement,0.99
SEC_038,2024-12-01,7,Coal,1.22
SEC_022,2024-07-16,8,Steel,0.73
SEC_002,2024-02-06,15,Coal,1.08
SEC_047,2024-08-18,6,Coal,0.71
SEC_006,2024-06-23,2,Coal,0.86
SEC_046,2024-10-10,11,Other,1.27
SEC_008,2024-07-21,7,Other,0.87
SEC_027,2024-11-24,15,Cement,1.28
SEC_016,2024-02-14,15,Coal,1.05
SEC_034,2024-08-16,1,Cement,0.73
SEC_020,2024-09-26,13,Foodgrain,1.09
SEC_018,2024-05-28,8,Cement,1.06
SEC_024,2024-06-22,4,Foodgrain,0.87
SEC_048,2024-09-11,11,Coal,0.98
SEC_013,2024-06-15,6,Other,0.86
SEC_011,2024-05-23,10,Other,1.01
SEC_004,2024-07-31,10,Other,0.82
SEC_037,2024-10-21,7,Cement,1.37
SEC_034,2024-02-19,6,Other,1.18
SEC_030,2024-11-15,7,Coal,1.32
SEC_002,2024-03-14,10,Foodgrain,1.39
SEC_039,2024-02-05,12,Steel,1.23
SEC_040,2024-03-07,5,Foodgrain,1.32
SEC_047,2024-01-29,16,Coal,1.15
SEC_046,2024-12-14,16,Other,1.25
SEC_013,2024-04-16,14,Steel,1.08
SEC_035,2024-10-09,14,Coal,1.18
SEC_020,2024-03-07,15,Coal,1.04
SEC_030,2024-07-12,8,Coal,0.8
SEC_017,2024-06-04,8,Cement,0.87
SEC_033,2024-08-29,12,Other,0.89
SEC_047,2024-12-27,13,Coal,1.05
SEC_032,2024-08-25,1,Coal,0.71
SEC_046,2024-09-13,14,Other,1.0
SEC_046,2024-04-06,11,Steel,1.04
SEC_006,2024-02-14,13,Coal,1.15
SEC_048,2024-02-01,12,Coal,1.1
SEC_041,2024-04-19,9,Cement,1.1
SEC_021,2024-07-22,4,Coal,0.77
SEC_030,2024-01-23,2,Foodgrain,1.22
SEC_031,2024-04-06,12,Other,0.97
SEC_039,2024-08-19,4,Foodgrain,0.71
SEC_040,2024-11-15,13,Coal,1.32
SEC_006,2024-12-28,2,Cement,1.23
SEC_001,2024-03-27,3,Foodgrain,1.47
SEC_013,2024-02-07,8,Steel,1.12
SEC_026,2024-07-28,5,Steel,0.83
SEC_042,2024-12-09,12,Cement,1.22
SEC_032,2024-06-02,5,Foodgrain,0.7
SEC_007,2024-11-26,7,Foodgrain,1.31
SEC_036,2024-09-28,10,Cement,1.1
SEC_023,2024-11-24,6,Steel,1.28
SEC_019,2024-12-13,12,Cement,1.22
SEC_038,2024-02-09,10,Coal,1.1
SEC_015,2024-05-30,2,Foodgrain,1.06
SEC_031,2024-01-19,11,Foodgrain,1.19
SEC_009,2024-01-17,14,Foodgrain,1.1
SEC_019,2024-06-22,2,Steel,0.79
SEC_028,2024-08-30,2,Coal,0.84
SEC_031,2024-11-20,7,Other,1.2
SEC_046,2024-02-17,10,Foodgrain,1.15
SEC_015,2024-01-13,8,Cement,1.13
SEC_044,2024-02-08,2,Other,1.17
SEC_041,2024-12-05,5,Foodgrain,1.15
SEC_018,2024-08-30,4,Other,0.83
SEC_007,2024-06-25,12,Foodgrain,0.89
SEC_013,2024-02-07,17,Coal,1.23
SEC_033,2024-05-15,8,Other,1.06
SEC_039,2024-02-17,14,Other,1.19
SEC_031,2024-01-12,15,Foodgrain,1.13
SEC_036,2024-06-09,3,Other,0.85
SEC_005,2024-07-02,7,Cement,0.82
SEC_025,2024-06-14,11,Other,0.89
SEC_043,2024-11-14,11,Coal,1.25
SEC_020,2024-11-30,15,Other,1.17
SEC_045,2024-02-14,10,Steel,1.1
SEC_007,2024-04-11,9,Other,1.09
SEC_048,2024-07-02,4,Other,0.89
SEC_039,2024-05-26,8,Coal,1.04
SEC_031,2024-06-08,3,Cement,0.79
SEC_031,2024-09-15,14,Steel,1.08
SEC_046,2024-03-06,8,Steel,0.99
SEC_019,2024-10-29,2,Other,1.17
SEC_009,2024-04-06,10,Foodgrain,1.48
SEC_046,2024-05-07,11,Foodgrain,0.98
SEC_006,2024-03-22,3,Steel,1.06
SEC_033,2024-08-18,6,Cement,0.82
SEC_014,2024-09-11,11,Steel,1.04
SEC_046,2024-08-16,8,Steel,0.76
SEC_048,2024-06-29,3,Cement,0.89
SEC_024,2024-04-20,12,Steel,0.95
SEC_027,2024-09-08,15,Cement,1.05
SEC_023,2024-02-13,10,Other,1.15
SEC_021,2024-04-24,6,Cement,0.97
SEC_046,2024-09-06,8,Steel,1.06
SEC_015,2024-09-10,13,Coal,0.95
SEC_048,2024-04-08,10,Foodgrain,1.42
SEC_032,2024-05-04,9,Foodgrain,0.97
SEC_048,2024-04-26,15,Steel,1.05
SEC_030,2024-11-20,15,Steel,1.32
SEC_041,2024-07-28,5,Other,0.72
SEC_025,2024-02-13,2,Coal,1.23
SEC_023,2024-02-28,2,Steel,1.21
SEC_013,2024-01-26,12,Steel,1.08
SEC_011,2024-03-29,11,Other,1.02
SEC_002,2024-03-22,12,Steel,1.02
SEC_019,2024-06-12,13,Steel,0.9
SEC_049,2024-09-30,7,Steel,0.96
SEC_046,2024-11-17,15,Other,1.15
SEC_034,2024-07-23,11,Steel,0.82
SEC_018,2024-10-09,15,Steel,1.23
SEC_026,2024-08-27,3,Steel,0.84
SEC_038,2024-04-26,9,Other,1.02
SEC_001,2024-08-11,3,Cement,0.87
SEC_046,2024-04-20,15,Foodgrain,1.46
SEC_043,2024-04-23,10,Steel,0.96
SEC_048,2024-12-27,5,Coal,1.17
SEC_005,2024-11-29,5,Coal,1.36
SEC_047,2024-08-27,9,Steel,0.79
SEC_031,2024-08-05,6,Cement,0.86
SEC_028,2024-09-07,14,Cement,1.04
SEC_009,2024-10-02,8,Cement,1.19
SEC_025,2024-01-21,10,Cement,1.11
SEC_018,2024-05-11,6,Foodgrain,1.0
SEC_049,2024-02-08,16,Steel,1.25
SEC_017,2024-07-12,8,Cement,0.84
SEC_011,2024-04-17,6,Coal,0.99
SEC_047,2024-04-30,13,Coal,0.96
SEC_010,2024-11-04,2,Other,1.17
SEC_045,2024-03-15,13,Foodgrain,1.44
SEC_048,2024-11-29,5,Cement,1.17
SEC_016,2024-06-03,5,Other,0.9
SEC_034,2024-03-10,11,Cement,1.04
SEC_040,2024-02-22,10,Cement,1.16
SEC_027,2024-09-18,15,Foodgrain,1.04
SEC_035,2024-11-26,2,Steel,1.16
SEC_007,2024-11-15,11,Steel,1.26
SEC_026,2024-03-03,6,Other,1.1
SEC_026,2024-11-17,11,Steel,1.35
SEC_028,2024-03-23,12,Other,1.07
SEC_047,2024-06-16,2,Coal,0.89
SEC_041,2024-01-03,14,Steel,1.15
SEC_030,2024-04-04,13,Other,1.05
SEC_020,2024-04-27,19,Foodgrain,1.39
SEC_020,2024-12-15,5,Steel,1.09
SEC_001,2024-04-11,4,Coal,1.06
SEC_028,2024-04-11,4,Foodgrain,1.35
SEC_013,2024-04-10,13,Other,1.03
SEC_044,2024-04-02,4,Steel,1.03
SEC_038,2024-07-16,7,Foodgrain,0.77
SEC_045,2024-03-16,5,Steel,1.06
SEC_049,2024-04-16,8,Other,0.99
SEC_020,2024-07-13,3,Cement,0.73
SEC_021,2024-10-03,17,Cement,1.2
SEC_030,2024-02-09,2,Cement,1.19
SEC_022,2024-05-07,2,Foodgrain,1.03
SEC_014,2024-07-27,2,Other,0.8
SEC_035,2024-12-01,4,Cement,1.22
SEC_023,2024-12-11,10,Coal,1.25
SEC_047,2024-11-15,12,Steel,1.18
SEC_011,2024-07-03,7,Other,0.81
SEC_022,2024-02-05,12,Steel,1.17
SEC_027,2024-12-19,9,Other,1.16
SEC_045,2024-08-15,8,Other,0.88
SEC_029,2024-11-27,8,Other,1.31
SEC_004,2024-12-02,2,Cement,1.09
SEC_017,2024-10-16,8,Coal,1.28
SEC_044,2024-06-02,8,Coal,0.84
SEC_014,2024-08-10,11,Foodgrain,0.84
SEC_017,2024-09-09,14,Steel,1.05
SEC_008,2024-11-18,8,Other,1.21
SEC_036,2024-03-23,11,Other,1.06
SEC_007,2024-07-22,5,Cement,0.87
SEC_019,2024-08-06,3,Other,0.87
SEC_035,2024-03-16,3,Coal,0.96
SEC_044,2024-05-27,7,Cement,1.02
SEC_011,2024-12-04,4,Other,1.1
SEC_017,2024-01-06,10,Other,1.13
SEC_006,2024-07-02,9,Other,0.73
SEC_022,2024-08-11,7,Other,0.89
SEC_049,2024-11-28,12,Cement,1.34
SEC_015,2024-04-13,10,Coal,0.97
SEC_013,2024-05-23,3,Foodgrain,1.0
SEC_020,2024-01-30,16,Other,1.23
SEC_044,2024-05-02,12,Cement,0.99
SEC_027,2024-12-31,7,Steel,1.13
SEC_030,2024-10-07,10,Cement,1.23
SEC_039,2024-06-05,9,Coal,0.89
SEC_036,2024-08-20,8,Steel,0.79
SEC_030,2024-12-19,7,Cement,1.05
SEC_028,2024-06-09,2,Cement,0.81
SEC_027,2024-04-17,12,Foodgrain,1.45
SEC_009,2024-11-17,14,Steel,1.35
SEC_021,2024-11-07,4,Foodgrain,1.34
SEC_042,2024-07-08,10,Coal,0.82
SEC_002,2024-01-05,2,Other,1.22
SEC_041,2024-01-05,6,Other,1.08
SEC_028,2024-02-13,11,Cement,1.21
SEC_018,2024-09-10,5,Steel,0.98
SEC_006,2024-03-05,9,Coal,1.03
SEC_038,2024-01-24,10,Coal,1.07
SEC_001,2024-09-06,2,Steel,1.04
SEC_027,2024-06-25,3,Other,0.73
SEC_008,2024-07-13,8,Steel,0.89
SEC_045,2024-03-11,5,Cement,1.01
SEC_009,2024-03-19,5,Coal,0.97
SEC_040,2024-03-29,13,Other,0.95
SEC_029,2024-08-23,6,Coal,0.7
SEC_003,2024-12-24,7,Steel,1.07
SEC_036,2024-12-01,13,Coal,1.09
SEC_044,2024-02-11,6,Cement,1.14
SEC_011,2024-09-05,10,Coal,1.08
SEC_048,2024-10-04,9,Coal,1.35
SEC_040,2024-01-15,15,Steel,1.24
SEC_037,2024-08-21,10,Coal,0.87
SEC_017,2024-06-11,9,Steel,0.86
SEC_006,2024-03-12,3,Steel,0.98
SEC_022,2024-10-16,6,Other,1.22
SEC_040,2024-12-08,11,Foodgrain,1.13
SEC_029,2024-08-06,2,Foodgrain,0.8
SEC_032,2024-03-14,11,Cement,0.95
SEC_039,2024-06-05,12,Coal,0.87
SEC_017,2024-07-07,7,Coal,0.82
SEC_002,2024-11-26,5,Coal,1.22
SEC_044,2024-10-16,5,Other,1.29
SEC_031,2024-09-02,14,Cement,1.08
SEC_028,2024-10-06,15,Other,1.35
SEC_029,2024-09-11,7,Other,1.0
SEC_042,2024-04-27,10,Coal,1.03
SEC_038,2024-02-18,11,Coal,1.07
SEC_033,2024-11-03,10,Other,1.15
SEC_039,2024-07-21,12,Foodgrain,0.85
SEC_015,2024-12-18,16,Cement,1.23
SEC_035,2024-09-06,4,Steel,1.0
SEC_048,2024-06-22,8,Foodgrain,0.85
SEC_012,2024-08-24,12,Other,0.83
SEC_028,2024-08-26,2,Foodgrain,0.8
SEC_034,2024-12-25,5,Cement,1.15
SEC_026,2024-05-13,13,Cement,1.07
SEC_048,2024-05-19,13,Other,1.05
SEC_020,2024-05-09,4,Steel,1.03
SEC_011,2024-02-09,17,Other,1.23
SEC_007,2024-06-20,3,Cement,0.87
SEC_042,2024-06-11,4,Other,0.72
SEC_034,2024-03-13,15,Steel,1.09
SEC_029,2024-10-25,13,Coal,1.4
SEC_022,2024-09-09,6,Coal,1.08
SEC_021,2024-03-29,10,Steel,1.0
SEC_046,2024-03-01,4,Foodgrain,1.39
SEC_034,2024-08-14,9,Steel,0.86
SEC_048,2024-01-02,2,Steel,1.14
SEC_040,2024-02-25,7,Other,1.17
SEC_038,2024-06-09,9,Cement,0.75
SEC_028,2024-12-28,6,Cement,1.07
SEC_012,2024-01-28,5,Cement,1.17
SEC_033,2024-07-12,2,Other,0.82
SEC_036,2024-07-24,5,Steel,0.8
SEC_026,2024-04-02,3,Other,1.01
SEC_002,2024-07-09,2,Other,0.72
SEC_048,2024-08-20,10,Steel,0.8
SEC_041,2024-02-20,16,Steel,1.14
SEC_018,2024-12-15,13,Coal,1.15
SEC_025,2024-03-31,12,Cement,1.03
SEC_007,2024-05-14,6,Steel,0.96
SEC_046,2024-01-09,6,Steel,1.05
SEC_012,2024-08-05,2,Cement,0.88
SEC_019,2024-08-05,10,Coal,0.74
SEC_021,2024-02-12,9,Coal,1.16
SEC_013,2024-04-17,2,Other,0.98
SEC_032,2024-10-07,13,Coal,1.17
SEC_049,2024-09-17,2,Other,1.05
SEC_042,2024-04-22,6,Cement,1.02
SEC_027,2024-08-18,10,Steel,0.89
SEC_007,2024-09-30,9,Foodgrain,1.08
SEC_043,2024-05-16,2,Steel,1.01
SEC_013,2024-03-05,15,Foodgrain,1.49
SEC_045,2024-01-08,17,Cement,1.19
SEC_020,2024-12-15,4,Other,1.1
SEC_026,2024-04-27,7,Steel,0.99
SEC_022,2024-10-22,2,Foodgrain,1.21
SEC_023,2024-04-28,5,Other,1.05
SEC_009,2024-09-17,15,Coal,1.06
SEC_028,2024-05-01,10,Coal,1.09
SEC_020,2024-08-10,6,Cement,0.85
SEC_042,2024-12-14,8,Coal,1.21
SEC_024,2024-10-02,8,Other,1.21
SEC_048,2024-03-01,7,Coal,0.96
SEC_015,2024-07-10,8,Cement,0.88
SEC_017,2024-04-08,5,Steel,0.97
SEC_002,2024-03-21,7,Other,1.07
SEC_037,2024-10-31,19,Other,1.36
SEC_004,2024-12-25,12,Cement,1.11
SEC_014,2024-12-04,16,Cement,1.11
SEC_045,2024-11-03,4,Steel,1.21
SEC_030,2024-06-20,3,Coal,0.7
SEC_028,2024-07-11,11,Steel,0.82
SEC_040,2024-07-16,9,Coal,0.82
SEC_038,2024-09-26,12,Cement,1.03
SEC_044,2024-01-20,12,Steel,1.22
SEC_033,2024-10-29,15,Foodgrain,1.23
SEC_022,2024-10-22,11,Cement,1.38
SEC_007,2024-12-30,9,Cement,1.1
SEC_019,2024-08-05,2,Foodgrain,0.77
SEC_035,2024-06-16,7,Cement,0.83
SEC_013,2024-06-24,1,Coal,0.74
SEC_033,2024-08-14,2,Steel,0.79
SEC_007,2024-04-20,7,Cement,1.09
SEC_003,2024-10-11,3,Cement,1.28
SEC_018,2024-06-11,10,Cement,0.78
SEC_012,2024-04-13,9,Other,1.04
SEC_043,2024-09-26,9,Other,0.97
SEC_019,2024-05-03,4,Coal,0.95
SEC_021,2024-01-30,5,Foodgrain,1.06
SEC_020,2024-07-10,3,Other,0.85
SEC_016,2024-07-04,9,Steel,0.77
SEC_045,2024-04-16,12,Coal,0.98
SEC_037,2024-01-13,3,Coal,1.15
SEC_008,2024-06-23,9,Cement,0.79
SEC_011,2024-10-09,19,Other,1.38
SEC_004,2024-10-20,11,Cement,1.39
SEC_013,2024-03-18,11,Coal,1.08
SEC_033,2024-06-06,3,Foodgrain,0.86
SEC_046,2024-11-26,6,Steel,1.3
SEC_024,2024-05-06,7,Other,1.03
SEC_004,2024-06-23,7,Foodgrain,0.79
SEC_003,2024-09-05,8,Steel,0.99
SEC_021,2024-06-16,9,Foodgrain,0.73
SEC_013,2024-11-03,10,Cement,1.22
SEC_029,2024-05-11,13,Foodgrain,1.08
SEC_006,2024-06-29,9,Foodgrain,0.89
SEC_012,2024-07-07,10,Cement,0.73
SEC_028,2024-09-29,13,Steel,1.03
SEC_014,2024-05-03,4,Coal,1.02
SEC_018,2024-04-10,10,Other,1.06
SEC_011,2024-05-11,15,Cement,1.1
SEC_003,2024-03-26,10,Cement,1.04
SEC_017,2024-03-12,7,Other,1.0
SEC_017,2024-10-26,18,Cement,1.29
SEC_045,2024-05-06,3,Coal,1.01
SEC_044,2024-04-08,5,Other,0.97
SEC_022,2024-10-24,3,Coal,1.39
SEC_015,2024-10-15,14,Cement,1.23
SEC_021,2024-03-30,8,Other,1.05
SEC_030,2024-04-21,3,Foodgrain,1.4
SEC_019,2024-10-27,18,Steel,1.38
SEC_038,2024-04-11,9,Other,0.99
SEC_048,2024-11-11,8,Foodgrain,1.2
SEC_020,2024-08-14,10,Other,0.89
SEC_006,2024-08-31,2,Steel,0.86
SEC_006,2024-07-14,10,Coal,0.87
SEC_043,2024-01-12,15,Foodgrain,1.18
SEC_021,2024-10-28,17,Steel,1.28
SEC_017,2024-07-24,7,Cement,0.74
SEC_031,2024-03-04,4,Steel,0.98
SEC_047,2024-10-31,15,Cement,1.29
SEC_021,2024-04-17,8,Steel,1.09
SEC_016,2024-05-13,5,Steel,0.99
SEC_043,2024-08-21,4,Cement,0.8
SEC_005,2024-04-13,3,Steel,1.06
SEC_042,2024-01-03,13,Steel,1.08
SEC_026,2024-04-27,12,Foodgrain,1.32
SEC_001,2024-09-07,11,Steel,1.01
SEC_012,2024-06-03,7,Steel,0.81
SEC_034,2024-09-17,14,Steel,1.1
SEC_037,2024-01-26,12,Cement,1.16
SEC_010,2024-04-04,14,Steel,1.05
SEC_033,2024-03-27,12,Cement,1.09
SEC_049,2024-01-24,14,Steel,1.08
SEC_034,2024-08-24,8,Other,0.7
SEC_035,2024-03-17,10,Other,0.95
SEC_010,2024-06-21,9,Coal,0.81
SEC_032,2024-12-28,15,Coal,1.21
SEC_035,2024-03-31,6,Coal,0.97
SEC_006,2024-03-12,13,Coal,1.05
SEC_016,2024-12-06,9,Cement,1.11
SEC_044,2024-05-10,14,Steel,1.02
SEC_049,2024-04-18,12,Foodgrain,1.34
SEC_009,2024-09-20,7,Steel,1.06
SEC_036,2024-02-17,10,Coal,1.06
SEC_025,2024-05-18,9,Coal,1.03
SEC_029,2024-03-13,5,Other,1.08
SEC_026,2024-11-22,8,Foodgrain,1.26
SEC_043,2024-04-18,3,Cement,1.05
SEC_022,2024-07-26,10,Coal,0.75
SEC_029,2024-07-10,10,Foodgrain,0.71
SEC_033,2024-06-29,7,Cement,0.73
SEC_028,2024-01-25,17,Cement,1.24
SEC_044,2024-04-06,9,Cement,0.96
SEC_012,2024-11-08,8,Foodgrain,1.39
SEC_047,2024-07-19,8,Cement,0.75
SEC_034,2024-11-17,17,Steel,1.28
SEC_048,2024-07-23,9,Cement,0.86
SEC_019,2024-04-26,11,Steel,1.07
SEC_024,2024-05-06,12,Cement,1.0
SEC_003,2024-10-10,18,Foodgrain,1.25
SEC_046,2024-03-28,8,Foodgrain,1.31
SEC_040,2024-08-07,8,Foodgrain,0.74
SEC_015,2024-12-08,10,Foodgrain,1.07
SEC_003,2024-11-05,13,Cement,1.34
SEC_035,2024-05-21,2,Steel,1.04
SEC_033,2024-04-11,7,Foodgrain,1.34
SEC_026,2024-08-15,10,Foodgrain,0.76
SEC_008,2024-08-11,7,Coal,0.71
SEC_046,2024-09-21,8,Other,1.08
SEC_022,2024-01-27,17,Cement,1.23
SEC_036,2024-07-16,9,Coal,0.78
SEC_043,2024-01-04,9,Coal,1.15
SEC_027,2024-12-28,2,Other,1.17
SEC_005,2024-11-16,18,Other,1.37
SEC_044,2024-09-27,10,Cement,1.0
SEC_033,2024-04-17,3,Cement,1.03
SEC_044,2024-09-30,12,Other,0.96
SEC_031,2024-06-12,8,Foodgrain,0.84
SEC_045,2024-08-25,2,Coal,0.83
SEC_043,2024-03-25,7,Foodgrain,1.45
SEC_011,2024-06-22,5,Steel,0.76
SEC_009,2024-11-16,9,Coal,1.32
SEC_008,2024-03-10,6,Other,1.0
SEC_040,2024-05-20,13,Cement,1.0
SEC_012,2024-04-16,2,Other,1.08
SEC_023,2024-03-06,14,Coal,1.01
SEC_039,2024-05-25,12,Other,0.96
SEC_022,2024-08-10,4,Cement,0.85
SEC_004,2024-01-21,7,Foodgrain,1.07
SEC_018,2024-03-16,14,Coal,1.04
SEC_005,2024-10-26,5,Cement,1.35
SEC_019,2024-04-05,16,Foodgrain,1.45
SEC_037,2024-05-02,3,Cement,0.95
SEC_026,2024-09-03,12,Coal,1.05
SEC_034,2024-09-30,15,Cement,1.04
SEC_006,2024-12-17,15,Coal,1.16
SEC_037,2024-02-28,6,Coal,1.16
SEC_021,2024-10-03,11,Foodgrain,1.34
SEC_015,2024-09-21,12,Coal,1.09
SEC_032,2024-02-15,10,Cement,1.12
SEC_007,2024-11-16,14,Foodgrain,1.28
SEC_025,2024-04-24,14,Steel,0.98
SEC_021,2024-06-03,6,Steel,0.88
SEC_009,2024-10-18,15,Foodgrain,1.24
SEC_047,2024-07-10,4,Foodgrain,0.88
SEC_018,2024-04-10,12,Cement,1.09
SEC_002,2024-04-27,14,Foodgrain,1.4
SEC_022,2024-09-27,11,Foodgrain,1.0
SEC_048,2024-03-08,3,Cement,1.01
SEC_033,2024-06-21,3,Foodgrain,0.82
SEC_032,2024-09-30,5,Steel,0.95
SEC_045,2024-11-19,16,Steel,1.23
SEC_005,2024-10-29,18,Foodgrain,1.31
SEC_027,2024-05-11,14,Coal,1.01
SEC_016,2024-03-13,12,Steel,0.96
SEC_034,2024-12-08,8,Coal,1.25
SEC_042,2024-08-06,6,Foodgrain,0.89
SEC_004,2024-05-29,10,Other,1.05
SEC_008,2024-11-26,11,Other,1.27
SEC_047,2024-09-22,8,Coal,1.03
SEC_025,2024-06-23,2,Other,0.78
SEC_016,2024-03-12,13,Coal,1.09
SEC_008,2024-01-30,16,Other,1.22
SEC_018,2024-07-13,4,Steel,0.74
SEC_001,2024-02-11,10,Coal,1.25
SEC_011,2024-04-23,4,Cement,1.01
SEC_009,2024-09-06,3,Other,0.96
SEC_005,2024-01-05,5,Steel,1.14
SEC_048,2024-12-28,11,Foodgrain,1.06
SEC_039,2024-06-09,7,Cement,0.79
SEC_047,2024-11-14,10,Other,1.26
SEC_012,2024-03-04,15,Foodgrain,1.38
SEC_015,2024-06-17,5,Cement,0.71
SEC_014,2024-12-16,12,Cement,1.19
SEC_028,2024-08-19,6,Cement,0.8
SEC_009,2024-10-22,3,Other,1.39
SEC_012,2024-09-07,12,Other,1.0
SEC_048,2024-09-27,5,Foodgrain,0.98
SEC_018,2024-05-13,13,Steel,1.05
SEC_039,2024-06-14,8,Other,0.88
SEC_012,2024-01-19,2,Foodgrain,1.18
SEC_046,2024-04-04,5,Other,1.07
SEC_034,2024-01-24,7,Other,1.11
SEC_043,2024-04-28,13,Coal,0.97
SEC_026,2024-09-22,7,Coal,1.01
SEC_045,2024-03-15,20,Foodgrain,1.45
SEC_018,2024-06-24,6,Coal,0.77
SEC_024,2024-07-20,8,Cement,0.7
SEC_004,2024-02-29,3,Coal,1.05
SEC_009,2024-10-23,10,Other,1.39
SEC_038,2024-10-09,14,Foodgrain,1.29
SEC_017,2024-03-09,3,Cement,1.04
SEC_005,2024-01-14,9,Foodgrain,1.23
SEC_015,2024-01-02,10,Cement,1.11
SEC_018,2024-04-17,10,Cement,1.1
SEC_036,2024-02-15,16,Steel,1.14
SEC_005,2024-01-07,12,Other,1.22
SEC_002,2024-06-17,4,Other,0.74
SEC_036,2024-07-11,9,Steel,0.79
SEC_007,2024-01-07,16,Coal,1.2
SEC_021,2024-08-07,7,Foodgrain,0.9
SEC_034,2024-05-27,13,Cement,1.07
SEC_026,2024-03-14,6,Cement,1.08
SEC_007,2024-02-10,2,Steel,1.19
SEC_036,2024-10-04,11,Foodgrain,1.17
SEC_003,2024-02-09,9,Cement,1.15
SEC_012,2024-03-14,6,Foodgrain,1.45
SEC_006,2024-09-17,14,Cement,0.98
SEC_026,2024-08-18,4,Cement,0.89
SEC_034,2024-12-31,13,Coal,1.17
SEC_032,2024-01-15,10,Steel,1.2
SEC_007,2024-03-12,4,Cement,0.96
SEC_017,2024-08-30,4,Cement,0.74
SEC_008,2024-03-25,6,Other,1.01
SEC_017,2024-05-19,3,Steel,0.97
SEC_012,2024-04-18,11,Coal,1.03
SEC_037,2024-10-22,15,Steel,1.32
SEC_037,2024-10-14,4,Foodgrain,1.28
SEC_041,2024-10-21,8,Coal,1.37
SEC_010,2024-07-04,11,Coal,0.84
SEC_001,2024-06-27,4,Coal,0.82
SEC_002,2024-07-27,10,Coal,0.72
SEC_042,2024-01-25,6,Steel,1.06
SEC_045,2024-07-19,8,Other,0.77
SEC_011,2024-04-11,7,Steel,0.97
SEC_043,2024-12-09,15,Steel,1.05
SEC_026,2024-03-08,20,Foodgrain,1.46
SEC_010,2024-01-13,8,Cement,1.13
SEC_016,2024-12-18,14,Steel,1.13
SEC_014,2024-02-27,6,Coal,1.07
SEC_038,2024-07-08,9,Steel,0.84
SEC_010,2024-05-19,8,Coal,1.01
SEC_009,2024-04-08,4,Coal,1.03
SEC_036,2024-06-27,6,Cement,0.75
SEC_015,2024-09-25,3,Coal,0.97
SEC_013,2024-02-11,14,Steel,1.19
SEC_040,2024-08-30,3,Steel,0.74
SEC_046,2024-11-22,4,Other,1.29
SEC_028,2024-04-16,7,Coal,1.05
SEC_041,2024-09-05,9,Coal,0.99
SEC_042,2024-12-02,14,Foodgrain,1.2
SEC_029,2024-12-07,5,Cement,1.15
SEC_041,2024-08-25,3,Foodgrain,0.74
SEC_001,2024-12-10,7,Cement,1.15
SEC_002,2024-10-11,17,Other,1.29
SEC_044,2024-07-06,2,Cement,0.77
SEC_007,2024-02-16,2,Foodgrain,1.16
SEC_036,2024-11-08,15,Cement,1.21
SEC_021,2024-04-14,11,Steel,1.07
SEC_039,2024-09-26,15,Steel,1.05
SEC_033,2024-08-24,3,Steel,0.85
SEC_004,2024-05-11,13,Cement,1.08
SEC_017,2024-10-10,5,Other,1.17
SEC_035,2024-08-28,5,Foodgrain,0.8
SEC_046,2024-09-29,3,Cement,1.0
SEC_040,2024-12-14,5,Cement,1.23
SEC_044,2024-04-10,4,Steel,1.07
SEC_047,2024-10-06,5,Coal,1.21
SEC_044,2024-01-15,9,Cement,1.18
SEC_029,2024-09-16,8,Coal,1.0
SEC_017,2024-02-26,6,Coal,1.22
SEC_025,2024-03-22,14,Steel,1.0
SEC_039,2024-03-12,3,Cement,1.05
SEC_021,2024-10-31,8,Steel,1.39
SEC_041,2024-05-16,9,Coal,1.01
SEC_035,2024-05-22,4,Coal,1.01
SEC_011,2024-05-12,13,Steel,1.0
SEC_046,2024-08-16,6,Coal,0.72
SEC_042,2024-12-01,15,Steel,1.17
SEC_030,2024-09-05,12,Coal,0.99
SEC_010,2024-02-07,11,Other,1.1
SEC_012,2024-07-07,5,Coal,0.8
SEC_042,2024-02-09,14,Coal,1.07
SEC_001,2024-03-01,9,Coal,1.05
SEC_024,2024-03-12,14,Steel,1.1
SEC_031,2024-09-12,14,Other,1.0
SEC_012,2024-11-16,4,Foodgrain,1.32
SEC_043,2024-03-31,12,Other,1.07
SEC_026,2024-12-10,10,Cement,1.07
SEC_004,2024-04-07,4,Foodgrain,1.36
SEC_016,2024-04-22,3,Other,0.99
SEC_020,2024-02-16,15,Coal,1.21
SEC_011,2024-01-18,9,Coal,1.14
SEC_047,2024-08-14,6,Steel,0.8
SEC_018,2024-05-29,10,Other,0.95
SEC_025,2024-02-12,7,Other,1.07
SEC_027,2024-07-25,9,Foodgrain,0.73
SEC_011,2024-05-06,10,Other,1.03
SEC_028,2024-05-23,6,Cement,1.02
SEC_018,2024-11-21,14,Steel,1.3
SEC_001,2024-05-27,7,Coal,0.99
SEC_020,2024-06-14,8,Coal,0.76
SEC_029,2024-09-08,3,Other,0.97
SEC_006,2024-11-23,19,Steel,1.36
SEC_039,2024-09-27,2,Foodgrain,1.03
SEC_033,2024-06-29,2,Steel,0.79
SEC_016,2024-04-21,10,Coal,1.04
SEC_030,2024-03-06,6,Coal,0.98
SEC_015,2024-02-15,9,Cement,1.15
SEC_032,2024-10-04,16,Cement,1.23
SEC_008,2024-09-26,15,Steel,1.08
SEC_030,2024-05-09,6,Coal,0.99
SEC_003,2024-12-09,7,Foodgrain,1.22
SEC_001,2024-12-19,4,Coal,1.2
SEC_013,2024-08-15,9,Steel,0.8
SEC_009,2024-04-05,3,Cement,1.05
SEC_025,2024-07-04,2,Coal,0.77
SEC_009,2024-10-27,14,Cement,1.28
SEC_012,2024-07-04,9,Other,0.86
SEC_005,2024-06-29,2,Coal,0.8
SEC_044,2024-07-13,2,Cement,0.8
SEC_037,2024-11-04,18,Cement,1.36
SEC_011,2024-05-30,4,Foodgrain,1.02
SEC_006,2024-03-07,5,Steel,1.02
SEC_042,2024-07-07,6,Other,0.85
SEC_033,2024-08-19,3,Steel,0.9
SEC_044,2024-12-08,15,Steel,1.18
SEC_009,2024-02-11,8,Coal,1.17
SEC_018,2024-12-11,6,Other,1.23
SEC_006,2024-10-21,8,Steel,1.21
SEC_021,2024-09-17,14,Coal,1.05
SEC_008,2024-03-27,2,Coal,1.01
SEC_001,2024-03-16,6,Steel,0.98
SEC_025,2024-06-05,10,Cement,0.87
SEC_048,2024-03-07,12,Cement,1.07
SEC_032,2024-08-28,2,Other,0.73
SEC_038,2024-10-02,18,Cement,1.38
SEC_040,2024-06-24,8,Coal,0.75
SEC_048,2024-09-10,8,Other,1.04
SEC_007,2024-10-12,15,Steel,1.32
SEC_013,2024-11-30,6,Other,1.24
SEC_031,2024-09-08,10,Steel,0.96
SEC_041,2024-03-26,2,Coal,1.09
SEC_038,2024-02-17,15,Steel,1.23
SEC_036,2024-12-10,13,Foodgrain,1.1
SEC_016,2024-10-10,6,Other,1.29
SEC_018,2024-11-06,9,Foodgrain,1.24
SEC_004,2024-06-03,3,Coal,0.86
SEC_016,2024-02-27,7,Coal,1.07
SEC_008,2024-08-06,2,Cement,0.87
SEC_046,2024-08-22,1,Coal,0.74
SEC_005,2024-03-20,18,Foodgrain,1.41
SEC_018,2024-06-20,9,Other,0.82
SEC_044,2024-06-03,2,Other,0.79
SEC_047,2024-04-05,13,Cement,1.09
SEC_019,2024-10-26,13,Steel,1.21
SEC_023,2024-06-26,4,Foodgrain,0.71
SEC_026,2024-12-05,4,Coal,1.21
SEC_041,2024-01-01,13,Cement,1.15
SEC_038,2024-12-09,10,Coal,1.22
SEC_026,2024-08-30,3,Coal,0.79
SEC_019,2024-09-13,7,Cement,0.96
SEC_019,2024-04-15,7,Foodgrain,1.46
SEC_032,2024-01-29,9,Foodgrain,1.24
SEC_041,2024-03-25,3,Foodgrain,1.35
SEC_004,2024-06-11,3,Foodgrain,0.7
SEC_038,2024-05-03,9,Foodgrain,1.05
SEC_024,2024-03-11,9,Coal,0.99
SEC_008,2024-01-05,8,Foodgrain,1.12
SEC_005,2024-09-12,5,Coal,1.01
SEC_017,2024-09-01,13,Coal,1.0
SEC_013,2024-02-29,9,Foodgrain,1.22
SEC_006,2024-10-13,15,Cement,1.28
SEC_015,2024-12-23,14,Coal,1.16
SEC_041,2024-12-31,11,Steel,1.11
SEC_036,2024-03-12,14,Other,0.98
SEC_011,2024-06-05,2,Cement,0.89
SEC_034,2024-01-20,15,Other,1.09
SEC_023,2024-01-05,10,Cement,1.08
SEC_037,2024-11-04,6,Coal,1.3
SEC_013,2024-12-20,10,Steel,1.14
SEC_004,2024-03-15,20,Foodgrain,1.5
SEC_016,2024-06-18,7,Cement,0.79
SEC_049,2024-01-09,2,Coal,1.25
SEC_028,2024-10-25,9,Other,1.26
SEC_003,2024-07-19,7,Other,0.83
SEC_048,2024-04-16,3,Coal,1.06
SEC_041,2024-12-20,8,Foodgrain,1.06
SEC_027,2024-02-19,12,Coal,1.17
SEC_037,2024-04-07,7,Steel,1.03
SEC_010,2024-09-30,3,Other,0.99
SEC_029,2024-05-29,2,Cement,0.97
SEC_045,2024-09-13,8,Steel,1.04
SEC_022,2024-03-27,10,Coal,0.97
SEC_002,2024-08-28,7,Other,0.79
SEC_038,2024-07-23,8,Steel,0.79
SEC_036,2024-01-18,6,Cement,1.19
SEC_037,2024-04-28,14,Steel,1.0
SEC_032,2024-04-18,11,Cement,1.07
SEC_007,2024-08-04,4,Steel,0.82
SEC_006,2024-06-09,6,Cement,0.87
SEC_039,2024-06-23,10,Coal,0.78
SEC_042,2024-03-03,14,Cement,1.07
SEC_004,2024-12-05,9,Other,1.18
SEC_029,2024-10-01,12,Foodgrain,1.28
SEC_025,2024-09-02,9,Foodgrain,0.96
SEC_018,2024-04-10,12,Cement,1.08
SEC_032,2024-09-06,6,Other,0.97
SEC_045,2024-03-26,9,Other,1.0
SEC_041,2024-06-27,2,Coal,0.71
SEC_008,2024-04-08,14,Steel,1.01
SEC_023,2024-04-20,9,Other,1.09
SEC_046,2024-08-25,8,Other,0.78
SEC_012,2024-04-24,12,Cement,1.04
SEC_042,2024-09-24,7,Coal,1.02
SEC_025,2024-07-03,2,Cement,0.87
SEC_026,2024-12-25,14,Other,1.17
SEC_013,2024-03-11,4,Other,0.99
SEC_046,2024-12-11,7,Cement,1.2
SEC_026,2024-02-18,14,Foodgrain,1.2
SEC_029,2024-07-20,4,Other,0.74
SEC_023,2024-05-16,2,Cement,1.02
SEC_005,2024-10-02,15,Foodgrain,1.28
SEC_039,2024-02-17,10,Other,1.16
SEC_017,2024-04-03,15,Coal,1.06
SEC_012,2024-03-25,9,Coal,0.99
SEC_039,2024-12-02,12,Other,1.06
SEC_010,2024-07-14,6,Coal,0.74
SEC_034,2024-03-01,12,Other,1.01
SEC_024,2024-10-16,5,Other,1.27
SEC_040,2024-04-14,7,Steel,0.99
SEC_003,2024-03-23,5,Other,0.98
SEC_038,2024-06-29,9,Foodgrain,0.82
SEC_012,2024-10-16,13,Foodgrain,1.28
SEC_043,2024-11-03,4,Other,1.4
SEC_018,2024-01-06,8,Cement,1.09
SEC_001,2024-11-24,8,Other,1.36
SEC_024,2024-12-30,8,Other,1.13
SEC_003,2024-04-27,11,Cement,1.03
SEC_014,2024-07-08,3,Foodgrain,0.88
SEC_036,2024-05-17,12,Coal,1.07
SEC_028,2024-06-23,11,Coal,0.8
SEC_035,2024-08-26,9,Steel,0.77
SEC_044,2024-08-26,2,Foodgrain,0.83
SEC_023,2024-06-22,9,Coal,0.75
SEC_027,2024-06-22,4,Steel,0.7
SEC_003,2024-06-27,7,Cement,0.89
SEC_015,2024-05-29,13,Coal,1.06
SEC_036,2024-02-15,5,Steel,1.2
SEC_004,2024-05-15,12,Other,0.98
SEC_018,2024-09-18,14,Steel,1.02
SEC_007,2024-12-23,7,Cement,1.06
SEC_043,2024-10-24,6,Cement,1.3
SEC_028,2024-11-11,4,Cement,1.29
SEC_032,2024-10-13,19,Cement,1.34
SEC_034,2024-07-02,2,Foodgrain,0.73
SEC_011,2024-09-06,12,Other,1.08
SEC_003,2024-11-02,15,Steel,1.35
SEC_020,2024-03-22,13,Steel,0.97
SEC_010,2024-02-24,11,Foodgrain,1.08
SEC_016,2024-04-07,6,Cement,1.01
SEC_016,2024-07-12,2,Cement,0.77
SEC_039,2024-10-14,6,Other,1.39
SEC_016,2024-06-13,8,Foodgrain,0.71
SEC_008,2024-12-25,10,Cement,1.2
SEC_047,2024-04-28,7,Coal,0.99
SEC_003,2024-06-18,3,Coal,0.74
SEC_010,2024-12-02,8,Other,1.1
SEC_018,2024-03-03,3,Foodgrain,1.48
SEC_004,2024-10-31,15,Steel,1.38
SEC_045,2024-02-25,11,Cement,1.06
SEC_018,2024-11-27,3,Steel,1.31
SEC_039,2024-04-28,12,Coal,1.04
SEC_007,2024-08-20,9,Foodgrain,0.81
SEC_026,2024-09-17,12,Coal,0.96
SEC_007,2024-05-17,11,Other,1.07
SEC_012,2024-07-20,6,Steel,0.84
SEC_020,2024-10-03,15,Steel,1.26
SEC_043,2024-11-16,6,Other,1.18
SEC_016,2024-02-09,16,Coal,1.2
SEC_037,2024-06-30,4,Cement,0.81
SEC_005,2024-11-08,4,Other,1.19
SEC_013,2024-07-22,7,Coal,0.74
SEC_030,2024-01-11,5,Other,1.21
SEC_023,2024-02-15,5,Cement,1.14
SEC_025,2024-10-26,6,Coal,1.23
SEC_034,2024-06-03,4,Other,0.75
SEC_004,2024-09-14,8,Other,1.02
SEC_035,2024-11-22,11,Other,1.37
SEC_043,2024-02-02,5,Other,1.22
SEC_038,2024-06-15,5,Cement,0.76
SEC_014,2024-02-23,17,Coal,1.19
SEC_018,2024-11-04,15,Cement,1.38
SEC_048,2024-06-14,10,Cement,0.8
SEC_039,2024-11-16,6,Cement,1.26
SEC_046,2024-04-19,4,Coal,1.0
SEC_045,2024-02-23,4,Cement,1.11
SEC_022,2024-11-13,7,Other,1.19
SEC_007,2024-08-12,7,Coal,0.74
SEC_012,2024-03-11,13,Coal,1.07
SEC_015,2024-09-11,14,Coal,1.08
SEC_041,2024-06-01,4,Cement,0.89
SEC_014,2024-01-18,9,Steel,1.1
SEC_018,2024-04-05,4,Other,0.97
SEC_042,2024-10-01,2,Other,1.18
SEC_009,2024-02-16,6,Coal,1.25
SEC_033,2024-05-03,12,Cement,1.06
SEC_028,2024-04-05,8,Cement,1.0
SEC_049,2024-09-25,6,Coal,1.04
SEC_024,2024-11-10,11,Coal,1.37
SEC_026,2024-10-15,6,Other,1.22
SEC_042,2024-09-18,4,Coal,0.99
SEC_049,2024-02-02,4,Coal,1.2
SEC_036,2024-11-30,12,Other,1.33
SEC_035,2024-02-29,7,Cement,1.15
SEC_043,2024-05-28,7,Other,0.99
SEC_049,2024-10-29,7,Steel,1.35
SEC_037,2024-03-28,6,Cement,0.96
SEC_015,2024-03-20,3,Cement,0.99
SEC_032,2024-01-10,5,Other,1.16
SEC_012,2024-05-11,6,Steel,1.02
SEC_025,2024-06-30,6,Coal,0.75
SEC_022,2024-06-20,8,Steel,0.72
SEC_049,2024-01-15,3,Foodgrain,1.12
SEC_028,2024-03-16,11,Foodgrain,1.43
SEC_047,2024-01-02,2,Other,1.05
SEC_040,2024-03-23,13,Cement,0.97
SEC_042,2024-08-09,6,Other,0.77
SEC_009,2024-01-04,16,Cement,1.14
SEC_038,2024-03-01,5,Steel,1.05
SEC_013,2024-07-18,2,Other,0.76
SEC_029,2024-07-23,3,Steel,0.85
SEC_024,2024-11-24,11,Other,1.39
SEC_013,2024-07-28,6,Cement,0.71
SEC_049,2024-12-04,15,Steel,1.21
SEC_043,2024-09-21,7,Coal,1.05
SEC_029,2024-07-20,5,Other,0.82
SEC_001,2024-05-20,8,Cement,1.01
SEC_009,2024-02-10,11,Coal,1.09
SEC_012,2024-09-15,7,Steel,0.97
SEC_048,2024-12-09,13,Foodgrain,1.18
SEC_020,2024-05-13,3,Foodgrain,1.06
SEC_003,2024-05-10,14,Steel,1.07
SEC_029,2024-02-05,11,Coal,1.21
SEC_047,2024-08-06,11,Cement,0.77
SEC_028,2024-04-23,8,Cement,1.03
SEC_022,2024-01-04,17,Cement,1.18
SEC_009,2024-01-03,8,Other,1.06
SEC_044,2024-05-02,7,Steel,1.03
SEC_006,2024-06-18,2,Foodgrain,0.79
SEC_046,2024-06-16,6,Steel,0.71
SEC_011,2024-09-27,8,Other,1.01
SEC_007,2024-07-12,8,Foodgrain,0.8
SEC_018,2024-10-14,11,Foodgrain,1.35
SEC_001,2024-04-18,4,Cement,1.09
SEC_001,2024-03-25,5,Steel,1.09
SEC_010,2024-07-16,2,Steel,0.78
SEC_034,2024-02-08,5,Other,1.17
SEC_040,2024-10-06,14,Coal,1.25
SEC_013,2024-03-08,6,Coal,1.04
SEC_032,2024-11-30,13,Other,1.32
SEC_018,2024-12-26,8,Steel,1.11
SEC_022,2024-07-15,8,Cement,0.86
SEC_017,2024-04-24,10,Cement,1.04
SEC_044,2024-05-03,2,Coal,1.09
SEC_026,2024-06-06,10,Coal,0.71
SEC_025,2024-06-24,8,Other,0.75
SEC_043,2024-01-28,13,Other,1.07
SEC_033,2024-03-13,7,Steel,0.95
SEC_008,2024-10-15,8,Foodgrain,1.35
SEC_010,2024-01-20,7,Other,1.13
SEC_017,2024-06-13,3,Steel,0.73
SEC_005,2024-11-16,17,Cement,1.29
SEC_034,2024-02-01,7,Steel,1.18
SEC_025,2024-12-04,12,Other,1.21
SEC_003,2024-06-22,2,Steel,0.76
SEC_020,2024-06-03,11,Foodgrain,0.81
SEC_041,2024-09-18,10,Cement,1.0
SEC_045,2024-10-11,18,Cement,1.27
SEC_048,2024-06-22,2,Coal,0.72
SEC_046,2024-01-31,12,Coal,1.22
SEC_030,2024-12-20,10,Other,1.14
SEC_046,2024-01-04,14,Cement,1.14
SEC_047,2024-11-15,18,Coal,1.26
SEC_032,2024-06-07,9,Cement,0.75
SEC_021,2024-07-07,3,Steel,0.86
SEC_048,2024-10-07,19,Foodgrain,1.39
SEC_021,2024-12-10,15,Cement,1.08
SEC_009,2024-02-25,12,Cement,1.18
SEC_006,2024-10-23,10,Steel,1.25
SEC_028,2024-08-29,11,Other,0.86
SEC_002,2024-05-14,13,Foodgrain,0.97
SEC_006,2024-06-04,1,Other,0.7
SEC_012,2024-10-09,5,Foodgrain,1.35
SEC_026,2024-02-21,12,Steel,1.23
SEC_024,2024-07-04,7,Steel,0.7
SEC_026,2024-09-21,14,Coal,1.04
SEC_025,2024-07-16,6,Foodgrain,0.86
SEC_049,2024-06-12,8,Foodgrain,0.85
SEC_011,2024-07-09,3,Other,0.76
SEC_024,2024-07-06,10,Steel,0.74
SEC_031,2024-10-21,9,Coal,1.17
SEC_014,2024-10-27,17,Other,1.3
SEC_009,2024-12-02,9,Foodgrain,1.16
SEC_003,2024-01-27,7,Coal,1.22
SEC_016,2024-04-26,9,Steel,1.07
SEC_013,2024-11-16,17,Other,1.38
SEC_010,2024-08-22,2,Other,0.72
SEC_014,2024-05-17,4,Foodgrain,0.98
SEC_035,2024-08-17,9,Coal,0.83
SEC_041,2024-06-18,11,Cement,0.82
SEC_026,2024-11-20,13,Coal,1.26
SEC_004,2024-07-23,5,Steel,0.76
SEC_037,2024-06-12,4,Foodgrain,0.89
SEC_008,2024-08-16,2,Cement,0.75
SEC_003,2024-03-10,6,Cement,1.06
SEC_028,2024-10-09,16,Foodgrain,1.34
SEC_021,2024-03-15,8,Coal,1.03
SEC_016,2024-01-09,17,Coal,1.24
SEC_048,2024-01-19,10,Other,1.23
SEC_005,2024-01-25,12,Cement,1.25
SEC_003,2024-02-06,2,Steel,1.18
SEC_029,2024-01-19,9,Cement,1.24
SEC_021,2024-04-20,7,Other,1.01
SEC_040,2024-12-17,3,Coal,1.12
SEC_002,2024-02-07,13,Other,1.18
SEC_021,2024-09-04,2,Steel,1.02
SEC_008,2024-11-14,12,Cement,1.3
SEC_003,2024-10-23,7,Foodgrain,1.22
SEC_023,2024-05-12,2,Cement,0.95
SEC_037,2024-01-20,10,Coal,1.14
SEC_008,2024-05-14,11,Cement,1.09
SEC_042,2024-08-08,12,Other,0.87
SEC_026,2024-10-04,8,Cement,1.28
SEC_024,2024-02-21,3,Cement,1.14
SEC_046,2024-04-20,4,Coal,0.98
SEC_017,2024-08-08,3,Steel,0.87
SEC_010,2024-09-18,3,Other,0.96
SEC_039,2024-04-23,15,Foodgrain,1.36
SEC_006,2024-10-28,9,Foodgrain,1.16
SEC_043,2024-10-20,5,Coal,1.24
SEC_041,2024-05-11,12,Cement,1.01
SEC_048,2024-07-15,7,Foodgrain,0.82
SEC_023,2024-06-23,12,Foodgrain,0.84
SEC_031,2024-09-01,15,Other,1.05
SEC_044,2024-04-27,13,Cement,0.96
SEC_007,2024-04-30,6,Foodgrain,1.49
SEC_016,2024-06-03,2,Steel,0.71
SEC_024,2024-03-19,14,Cement,1.02
SEC_031,2024-07-31,10,Foodgrain,0.76
SEC_034,2024-12-16,3,Steel,1.07
SEC_046,2024-05-07,2,Steel,1.01
SEC_024,2024-11-11,18,Steel,1.4
SEC_009,2024-06-18,8,Cement,0.8
SEC_010,2024-03-01,13,Foodgrain,1.34
SEC_040,2024-06-30,10,Steel,0.71
SEC_023,2024-07-01,3,Coal,0.71
SEC_031,2024-01-09,6,Other,1.14
SEC_028,2024-06-24,2,Other,0.88
SEC_040,2024-02-29,12,Other,1.13
SEC_011,2024-10-17,7,Cement,1.31
SEC_009,2024-07-17,8,Other,0.74
SEC_036,2024-04-21,9,Cement,1.0
SEC_022,2024-01-01,6,Other,1.22
SEC_040,2024-07-27,7,Other,0.88
SEC_007,2024-09-14,14,Foodgrain,1.04
SEC_014,2024-06-04,8,Steel,0.77
SEC_048,2024-11-27,11,Other,1.37
SEC_042,2024-03-12,2,Other,1.05
SEC_004,2024-10-03,14,Foodgrain,1.17
SEC_041,2024-06-30,7,Other,0.81
SEC_004,2024-04-24,12,Coal,1.03
SEC_006,2024-04-15,11,Other,1.0
SEC_045,2024-06-13,4,Coal,0.71
SEC_007,2024-01-30,17,Coal,1.23
SEC_015,2024-08-26,10,Coal,0.88
SEC_007,2024-05-29,2,Coal,0.97
SEC_030,2024-09-06,5,Coal,1.03
SEC_003,2024-07-07,8,Steel,0.72
SEC_015,2024-12-23,11,Steel,1.11
SEC_016,2024-01-31,5,Foodgrain,1.08
SEC_032,2024-06-29,5,Other,0.89
SEC_025,2024-07-15,11,Foodgrain,0.82
SEC_010,2024-04-01,11,Steel,1.06
SEC_023,2024-09-03,11,Coal,1.07
SEC_023,2024-05-12,9,Other,1.02
SEC_018,2024-10-06,12,Steel,1.17
SEC_027,2024-12-03,13,Other,1.1
SEC_016,2024-11-08,13,Cement,1.19
SEC_017,2024-08-19,12,Other,0.83
SEC_039,2024-09-19,14,Coal,1.04
SEC_013,2024-11-12,12,Cement,1.24
SEC_017,2024-12-24,7,Cement,1.23
SEC_007,2024-09-22,8,Other,1.03
SEC_035,2024-11-30,4,Cement,1.23
SEC_035,2024-12-19,16,Coal,1.15
SEC_034,2024-03-05,10,Foodgrain,1.31
SEC_009,2024-07-02,10,Foodgrain,0.78
SEC_023,2024-05-10,10,Foodgrain,1.04
SEC_015,2024-12-13,5,Steel,1.06
SEC_038,2024-09-29,12,Other,0.96
SEC_017,2024-11-20,7,Steel,1.36
SEC_021,2024-05-07,8,Foodgrain,1.1
SEC_023,2024-11-04,4,Foodgrain,1.31
SEC_038,2024-01-30,10,Cement,1.24
SEC_035,2024-12-09,7,Foodgrain,1.24
SEC_041,2024-03-25,11,Other,1.02
SEC_021,2024-07-11,5,Other,0.86
SEC_041,2024-09-19,4,Foodgrain,0.97
SEC_043,2024-09-28,8,Steel,0.98
SEC_026,2024-03-18,2,Cement,1.02
SEC_034,2024-07-22,7,Other,0.82
SEC_045,2024-07-13,2,Other,0.73
SEC_042,2024-10-11,17,Coal,1.38
SEC_014,2024-04-27,3,Coal,1.08
SEC_036,2024-10-06,12,Cement,1.32
SEC_022,2024-08-13,7,Steel,0.88
SEC_008,2024-10-04,4,Steel,1.33
SEC_019,2024-11-16,10,Coal,1.29
SEC_048,2024-06-05,8,Other,0.74
SEC_047,2024-06-07,2,Coal,0.76
SEC_039,2024-10-18,15,Cement,1.17
SEC_049,2024-10-13,10,Other,1.38
SEC_029,2024-11-16,13,Coal,1.21
SEC_038,2024-07-20,9,Cement,0.84
SEC_009,2024-08-20,10,Other,0.74
SEC_015,2024-01-22,11,Foodgrain,1.19
SEC_009,2024-06-15,10,Steel,0.75
SEC_046,2024-03-31,3,Cement,1.09
SEC_031,2024-11-08,4,Other,1.33
SEC_046,2024-02-14,15,Foodgrain,1.06
SEC_021,2024-10-11,9,Coal,1.16
SEC_020,2024-11-02,7,Cement,1.39
SEC_034,2024-06-20,10,Steel,0.87
SEC_028,2024-09-01,10,Other,1.09
SEC_019,2024-07-31,8,Steel,0.76
SEC_016,2024-09-09,11,Cement,1.1
SEC_026,2024-09-08,6,Cement,1.08
SEC_004,2024-04-02,13,Foodgrain,1.45
SEC_010,2024-09-08,10,Cement,1.05
SEC_003,2024-11-26,3,Other,1.15
SEC_008,2024-04-23,9,Cement,0.96
SEC_010,2024-04-22,14,Cement,1.1
SEC_004,2024-04-17,4,Coal,1.08
SEC_003,2024-11-29,3,Steel,1.35
SEC_041,2024-11-20,13,Foodgrain,1.29
SEC_009,2024-05-07,12,Coal,1.01
SEC_028,2024-12-08,12,Foodgrain,1.13
SEC_005,2024-10-05,11,Coal,1.34
SEC_047,2024-05-27,4,Steel,1.07
SEC_012,2024-10-29,12,Coal,1.34
SEC_037,2024-11-30,14,Foodgrain,1.25
SEC_032,2024-11-13,17,Foodgrain,1.33
SEC_038,2024-06-21,6,Foodgrain,0.75
SEC_031,2024-03-20,3,Other,1.02
SEC_025,2024-03-02,9,Foodgrain,1.33
SEC_038,2024-10-29,7,Coal,1.15
SEC_040,2024-09-25,11,Cement,1.06
SEC_019,2024-09-16,7,Other,1.0
SEC_047,2024-01-17,15,Steel,1.09
SEC_049,2024-12-19,9,Coal,1.17
SEC_036,2024-02-11,14,Other,1.19
SEC_046,2024-07-31,9,Coal,0.78
SEC_006,2024-12-10,16,Other,1.2
SEC_027,2024-03-29,12,Foodgrain,1.35
SEC_032,2024-07-08,8,Cement,0.77
SEC_046,2024-11-03,7,Cement,1.22
SEC_006,2024-04-07,6,Other,1.01
SEC_040,2024-02-07,4,Cement,1.05
SEC_004,2024-06-24,4,Foodgrain,0.84
SEC_018,2024-10-17,6,Steel,1.24
SEC_034,2024-07-30,8,Other,0.83
SEC_015,2024-06-11,4,Coal,0.9
SEC_041,2024-08-21,6,Steel,0.82
SEC_046,2024-01-19,10,Steel,1.19
SEC_008,2024-05-07,10,Foodgrain,1.03
SEC_013,2024-11-17,4,Steel,1.35
SEC_004,2024-05-21,10,Other,1.05
SEC_035,2024-12-19,8,Foodgrain,1.11
SEC_044,2024-07-20,10,Other,0.81
SEC_030,2024-12-07,2,Coal,1.22
SEC_007,2024-08-17,3,Foodgrain,0.78
SEC_009,2024-06-02,3,Foodgrain,0.84
SEC_002,2024-12-03,16,Other,1.22
SEC_025,2024-04-08,3,Cement,1.04
SEC_036,2024-05-23,11,Cement,1.01
SEC_008,2024-09-21,10,Other,0.98
SEC_042,2024-11-16,11,Steel,1.39
SEC_013,2024-03-11,13,Other,1.01
SEC_026,2024-12-29,10,Other,1.24
SEC_033,2024-06-06,3,Other,0.72
SEC_027,2024-05-04,2,Foodgrain,1.04
SEC_024,2024-02-17,2,Coal,1.12
SEC_017,2024-01-10,11,Other,1.13
SEC_022,2024-07-23,9,Foodgrain,0.8
SEC_012,2024-08-09,11,Other,0.79
SEC_015,2024-02-04,8,Coal,1.19
SEC_038,2024-11-26,18,Coal,1.25
SEC_044,2024-07-18,6,Steel,0.7
SEC_042,2024-01-20,13,Other,1.18
SEC_017,2024-11-03,15,Coal,1.24
SEC_016,2024-03-13,12,Coal,1.06
SEC_003,2024-09-03,9,Foodgrain,0.98
SEC_014,2024-09-04,4,Other,1.05
SEC_029,2024-10-23,8,Coal,1.26
SEC_014,2024-10-23,4,Cement,1.18
SEC_036,2024-12-26,9,Foodgrain,1.05
SEC_003,2024-02-01,4,Cement,1.18
SEC_021,2024-05-13,11,Cement,1.09
SEC_014,2024-05-13,12,Other,1.02
SEC_025,2024-05-17,2,Coal,1.05
SEC_002,2024-03-28,9,Cement,0.98
SEC_021,2024-03-26,15,Foodgrain,1.38
SEC_039,2024-12-19,9,Steel,1.1
SEC_042,2024-11-24,8,Cement,1.39
SEC_013,2024-09-06,5,Foodgrain,1.05
SEC_022,2024-07-22,8,Foodgrain,0.77
SEC_034,2024-06-23,7,Cement,0.84
SEC_023,2024-09-06,8,Foodgrain,1.06
SEC_027,2024-11-11,6,Steel,1.29
SEC_017,2024-06-05,7,Steel,0.83
SEC_042,2024-07-15,2,Steel,0.85
SEC_031,2024-11-29,17,Steel,1.31
SEC_048,2024-11-29,12,Foodgrain,1.2
SEC_039,2024-03-25,5,Coal,1.02
SEC_018,2024-03-28,9,Other,1.0
SEC_017,2024-03-15,4,Foodgrain,1.44
SEC_005,2024-01-11,2,Cement,1.15
SEC_031,2024-09-11,5,Foodgrain,0.96
SEC_037,2024-06-05,6,Other,0.88
SEC_018,2024-01-12,5,Other,1.14
SEC_002,2024-03-15,20,Foodgrain,1.45
SEC_041,2024-07-13,12,Steel,0.89
SEC_011,2024-11-01,18,Other,1.36
SEC_029,2024-08-30,2,Foodgrain,0.77
SEC_003,2024-07-14,9,Cement,0.77
SEC_004,2024-03-09,10,Coal,1.08
SEC_045,2024-04-15,8,Steel,0.95
SEC_033,2024-10-13,8,Steel,1.38
SEC_001,2024-10-10,15,Foodgrain,1.32
SEC_005,2024-11-13,15,Foodgrain,1.37
SEC_025,2024-07-11,12,Other,0.85
SEC_034,2024-04-09,5,Coal,1.04
SEC_021,2024-07-03,3,Other,0.84
SEC_043,2024-11-24,10,Other,1.28
SEC_032,2024-03-07,11,Foodgrain,1.43
SEC_031,2024-11-05,7,Steel,1.34
SEC_015,2024-12-30,6,Other,1.11
SEC_034,2024-10-27,8,Coal,1.21
SEC_043,2024-08-29,9,Other,0.79
SEC_003,2024-05-29,11,Other,1.04
SEC_036,2024-11-08,11,Steel,1.36
SEC_044,2024-02-28,7,Foodgrain,1.17
SEC_022,2024-10-05,18,Foodgrain,1.3
SEC_038,2024-05-27,7,Cement,1.03
SEC_018,2024-07-03,2,Cement,0.78
SEC_010,2024-06-18,9,Other,0.77
SEC_040,2024-01-04,10,Coal,1.12
SEC_016,2024-12-27,11,Other,1.11
SEC_038,2024-09-01,14,Other,1.0
SEC_016,2024-08-07,7,Cement,0.87
SEC_020,2024-02-06,13,Steel,1.11
SEC_034,2024-10-12,5,Cement,1.25
SEC_017,2024-12-17,12,Foodgrain,1.13
SEC_040,2024-10-25,3,Steel,1.16
SEC_002,2024-04-01,8,Steel,1.03
SEC_001,2024-03-07,12,Foodgrain,1.37
SEC_005,2024-05-14,2,Cement,1.02
SEC_013,2024-01-09,4,Steel,1.24
SEC_003,2024-07-20,12,Steel,0.87
SEC_019,2024-06-16,2,Steel,0.77
SEC_002,2024-07-02,4,Foodgrain,0.9
SEC_038,2024-12-28,10,Other,1.22
SEC_008,2024-08-27,3,Steel,0.79
SEC_048,2024-06-01,10,Other,0.82
SEC_042,2024-10-13,12,Coal,1.31
SEC_035,2024-05-15,5,Foodgrain,1.09
SEC_040,2024-10-04,5,Other,1.37
SEC_038,2024-12-07,4,Steel,1.11
SEC_042,2024-11-28,12,Steel,1.29
SEC_028,2024-07-08,5,Cement,0.84
SEC_031,2024-06-20,4,Steel,0.72
SEC_023,2024-05-25,5,Coal,1.08
SEC_031,2024-07-14,3,Coal,0.75
SEC_019,2024-12-08,4,Foodgrain,1.07
SEC_007,2024-11-15,10,Foodgrain,1.3
SEC_046,2024-08-09,2,Coal,0.8
SEC_035,2024-04-13,3,Steel,1.08
SEC_035,2024-05-17,6,Cement,0.96
SEC_014,2024-03-31,19,Foodgrain,1.37
SEC_038,2024-03-09,4,Cement,1.04
SEC_026,2024-01-04,12,Cement,1.16
SEC_004,2024-10-10,14,Other,1.36
SEC_047,2024-09-27,12,Coal,1.04
SEC_049,2024-03-06,14,Foodgrain,1.3
SEC_043,2024-09-08,11,Steel,1.07
SEC_024,2024-03-01,6,Cement,1.07
SEC_012,2024-04-11,9,Steel,1.0
SEC_001,2024-04-04,6,Coal,1.0
SEC_037,2024-02-17,7,Other,1.19
SEC_044,2024-09-23,13,Foodgrain,1.06
SEC_006,2024-01-16,11,Coal,1.2
SEC_034,2024-05-28,4,Steel,1.02
SEC_002,2024-06-27,7,Cement,0.87
SEC_039,2024-07-30,4,Foodgrain,0.8
SEC_002,2024-03-11,5,Other,1.01
SEC_048,2024-06-21,3,Coal,0.75
SEC_009,2024-10-17,5,Coal,1.3
SEC_020,2024-05-16,13,Cement,0.95
SEC_035,2024-12-13,7,Steel,1.18
SEC_042,2024-06-06,4,Other,0.74
SEC_018,2024-10-11,18,Cement,1.31
SEC_049,2024-02-11,4,Coal,1.18
SEC_001,2024-11-07,11,Other,1.34
SEC_024,2024-06-24,5,Other,0.84
SEC_049,2024-12-28,13,Steel,1.1
SEC_014,2024-09-13,7,Cement,1.01
SEC_027,2024-09-28,8,Cement,1.0
SEC_022,2024-02-24,10,Coal,1.1
SEC_020,2024-07-26,2,Cement,0.77
SEC_038,2024-09-27,10,Other,1.02
SEC_026,2024-10-23,16,Foodgrain,1.32
SEC_035,2024-05-17,10,Other,1.0
SEC_026,2024-07-25,8,Cement,0.73
SEC_049,2024-03-04,9,Cement,0.99
SEC_024,2024-06-07,4,Foodgrain,0.71
SEC_040,2024-06-23,3,Cement,0.87
SEC_031,2024-01-12,8,Other,1.11
SEC_040,2024-12-01,11,Foodgrain,1.2
SEC_044,2024-08-23,7,Foodgrain,0.88
SEC_012,2024-03-07,2,Coal,1.05
SEC_015,2024-11-24,17,Foodgrain,1.33
SEC_015,2024-09-10,5,Other,1.07
SEC_024,2024-09-10,7,Cement,0.97
SEC_025,2024-12-07,12,Cement,1.15
SEC_001,2024-05-27,9,Coal,0.99
SEC_044,2024-05-09,5,Other,0.98
SEC_043,2024-08-13,5,Foodgrain,0.78
SEC_030,2024-11-21,12,Foodgrain,1.31
SEC_015,2024-10-24,6,Coal,1.17
SEC_041,2024-10-14,6,Other,1.23
SEC_014,2024-10-06,5,Cement,1.3
SEC_015,2024-01-13,9,Steel,1.13
SEC_049,2024-06-28,7,Foodgrain,0.77
SEC_046,2024-05-10,3,Other,1.04
SEC_029,2024-05-12,2,Other,1.04
SEC_009,2024-11-09,16,Steel,1.16
SEC_007,2024-05-25,12,Cement,1.09
SEC_048,2024-11-02,3,Coal,1.28
SEC_014,2024-11-28,2,Foodgrain,1.23
SEC_034,2024-06-15,4,Foodgrain,0.72
SEC_018,2024-03-03,2,Cement,1.05
SEC_025,2024-09-12,3,Coal,1.05
SEC_049,2024-11-11,12,Steel,1.19
SEC_030,2024-05-28,13,Steel,0.98
SEC_022,2024-03-12,5,Steel,1.01
SEC_021,2024-07-09,9,Cement,0.75
SEC_012,2024-12-25,14,Coal,1.06
SEC_028,2024-07-08,10,Cement,0.8
SEC_028,2024-06-13,13,Coal,0.9
SEC_005,2024-06-10,7,Foodgrain,0.76
SEC_020,2024-09-25,11,Other,1.07
SEC_032,2024-05-04,14,Other,0.98
SEC_003,2024-09-23,10,Other,1.1
SEC_048,2024-12-27,4,Foodgrain,1.23
SEC_043,2024-10-09,17,Foodgrain,1.3
SEC_032,2024-12-05,14,Other,1.17
SEC_001,2024-10-15,7,Coal,1.35
SEC_026,2024-11-04,9,Other,1.34
SEC_045,2024-01-15,9,Coal,1.22
SEC_002,2024-05-09,2,Coal,0.99
SEC_039,2024-04-10,14,Coal,1.04
SEC_042,2024-11-11,8,Steel,1.16
SEC_004,2024-03-25,6,Other,1.05
SEC_012,2024-12-20,13,Steel,1.19
SEC_036,2024-09-12,6,Foodgrain,0.98
SEC_045,2024-02-15,3,Other,1.08
SEC_038,2024-09-07,14,Other,1.01
SEC_026,2024-05-05,14,Foodgrain,1.01
SEC_030,2024-04-18,4,Steel,1.01
SEC_026,2024-12-29,4,Foodgrain,1.25
SEC_029,2024-10-17,11,Foodgrain,1.33
SEC_038,2024-10-06,11,Steel,1.39
SEC_003,2024-04-24,15,Cement,1.08
SEC_011,2024-08-30,3,Other,0.88
SEC_003,2024-05-05,10,Coal,1.08
SEC_040,2024-08-08,9,Other,0.86
SEC_036,2024-05-25,15,Cement,1.08
SEC_003,2024-08-11,2,Coal,0.81
SEC_006,2024-09-29,2,Cement,1.1
SEC_013,2024-04-25,10,Foodgrain,1.41
SEC_012,2024-01-05,16,Coal,1.13
SEC_026,2024-02-05,9,Coal,1.18
SEC_025,2024-11-27,15,Coal,1.19
SEC_018,2024-12-17,10,Foodgrain,1.12
SEC_009,2024-09-10,13,Foodgrain,1.02
SEC_032,2024-02-09,11,Steel,1.18
SEC_039,2024-08-02,7,Other,0.79
SEC_032,2024-06-07,5,Coal,0.77
SEC_040,2024-03-27,15,Other,1.06
SEC_045,2024-05-18,2,Coal,1.09
SEC_042,2024-10-14,15,Coal,1.16
SEC_032,2024-12-30,6,Foodgrain,1.22
SEC_003,2024-11-15,4,Cement,1.39
SEC_017,2024-03-15,12,Cement,1.03
SEC_021,2024-07-02,4,Cement,0.83
SEC_035,2024-07-12,11,Foodgrain,0.88
SEC_042,2024-04-17,14,Other,0.98
SEC_032,2024-06-08,10,Cement,0.85
SEC_018,2024-05-19,4,Coal,0.96
SEC_039,2024-01-26,15,Foodgrain,1.08
SEC_035,2024-06-01,8,Other,0.72
SEC_040,2024-05-13,13,Cement,1.06
SEC_029,2024-04-21,15,Other,1.06
SEC_032,2024-08-12,8,Cement,0.75
SEC_018,2024-09-17,14,Cement,1.07
SEC_020,2024-01-18,14,Steel,1.17
SEC_014,2024-05-05,14,Coal,0.98
SEC_013,2024-01-12,10,Steel,1.05
SEC_032,2024-10-27,6,Steel,1.22
SEC_019,2024-12-05,9,Cement,1.08
SEC_007,2024-06-18,6,Steel,0.72
SEC_002,2024-12-11,2,Steel,1.17
SEC_043,2024-08-18,2,Other,0.78
SEC_022,2024-11-14,15,Coal,1.27
SEC_029,2024-12-12,5,Cement,1.24
SEC_045,2024-08-02,10,Steel,0.72
SEC_006,2024-06-12,3,Other,0.78
SEC_046,2024-09-28,7,Other,1.07
SEC_035,2024-03-03,12,Foodgrain,1.37
SEC_032,2024-04-18,5,Cement,1.02
SEC_022,2024-07-20,10,Other,0.79
SEC_035,2024-03-14,7,Cement,0.99
SEC_010,2024-06-30,3,Other,0.87
SEC_015,2024-11-09,11,Cement,1.21
SEC_048,2024-10-13,11,Coal,1.32
SEC_014,2024-11-22,8,Cement,1.19
SEC_036,2024-11-10,3,Steel,1.4
SEC_046,2024-05-01,3,Foodgrain,1.07
SEC_030,2024-09-17,14,Cement,1.03
SEC_015,2024-05-16,13,Coal,0.98
SEC_042,2024-12-21,10,Cement,1.2
SEC_041,2024-03-05,11,Foodgrain,1.42
SEC_027,2024-04-08,8,Steel,1.03
SEC_006,2024-12-10,11,Cement,1.09
SEC_022,2024-03-28,7,Cement,1.02
SEC_022,2024-08-14,4,Coal,0.85
SEC_010,2024-04-16,8,Steel,1.02
SEC_020,2024-04-14,2,Coal,1.09
SEC_008,2024-09-02,4,Cement,1.07
SEC_034,2024-10-17,10,Other,1.15
SEC_022,2024-03-26,7,Other,0.98
SEC_036,2024-12-25,8,Steel,1.15
SEC_023,2024-02-02,9,Steel,1.13
SEC_035,2024-02-06,15,Steel,1.06
SEC_036,2024-12-23,6,Coal,1.1
SEC_008,2024-01-21,6,Steel,1.14
SEC_022,2024-04-25,7,Cement,0.98
SEC_037,2024-02-14,6,Coal,1.17
SEC_030,2024-03-22,8,Cement,0.98
SEC_011,2024-01-28,12,Other,1.07
SEC_041,2024-05-11,3,Steel,0.96
SEC_010,2024-04-18,8,Cement,0.96
SEC_049,2024-02-27,3,Foodgrain,1.12
SEC_035,2024-09-20,4,Other,1.03
SEC_016,2024-01-14,10,Foodgrain,1.23
SEC_010,2024-06-22,4,Foodgrain,0.88
SEC_045,2024-04-21,4,Other,1.08
SEC_026,2024-08-25,7,Steel,0.81
SEC_040,2024-05-03,12,Cement,1.07
SEC_041,2024-06-22,11,Other,0.78
SEC_004,2024-10-23,9,Steel,1.34
SEC_034,2024-02-22,11,Other,1.21
SEC_017,2024-06-08,5,Steel,0.75
SEC_045,2024-07-24,12,Cement,0.83
SEC_011,2024-09-26,13,Steel,1.06
SEC_002,2024-07-15,4,Cement,0.78
SEC_033,2024-09-26,4,Coal,1.03
SEC_028,2024-10-18,2,Other,1.22
SEC_028,2024-10-15,8,Coal,1.32
SEC_013,2024-08-13,8,Steel,0.76
SEC_025,2024-12-02,14,Other,1.13
SEC_048,2024-01-09,5,Coal,1.08
SEC_038,2024-07-01,5,Other,0.77
SEC_049,2024-10-20,16,Foodgrain,1.23
SEC_017,2024-02-08,4,Steel,1.1
SEC_043,2024-10-26,7,Other,1.34
SEC_019,2024-01-15,12,Other,1.13
SEC_046,2024-10-14,11,Other,1.22
SEC_043,2024-03-09,14,Foodgrain,1.43
SEC_009,2024-09-01,8,Coal,1.03
SEC_048,2024-10-30,14,Cement,1.26
SEC_030,2024-10-24,10,Cement,1.31
SEC_039,2024-07-29,6,Other,0.76
SEC_029,2024-11-28,7,Cement,1.18
SEC_011,2024-02-21,5,Steel,1.15
SEC_049,2024-03-27,17,Foodgrain,1.34
SEC_006,2024-02-18,16,Cement,1.12
SEC_040,2024-09-20,5,Cement,0.97
SEC_011,2024-11-22,19,Steel,1.36
SEC_039,2024-12-06,9,Steel,1.1
SEC_021,2024-07-09,8,Other,0.84
SEC_012,2024-02-18,15,Other,1.15
SEC_012,2024-03-03,10,Steel,1.08
SEC_016,2024-08-17,4,Coal,0.8
SEC_045,2024-11-24,9,Cement,1.34
SEC_038,2024-12-27,6,Coal,1.24
SEC_033,2024-09-20,14,Coal,1.04
SEC_031,2024-11-18,4,Foodgrain,1.29
SEC_021,2024-06-23,7,Steel,0.71
SEC_045,2024-03-12,2,Coal,1.08
SEC_014,2024-06-19,1,Steel,0.71
SEC_047,2024-02-06,13,Cement,1.06
SEC_019,2024-09-03,11,Cement,0.99
SEC_017,2024-04-30,6,Cement,1.01
SEC_024,2024-05-03,5,Steel,1.09
SEC_037,2024-01-02,5,Cement,1.25
SEC_035,2024-12-31,8,Steel,1.21
SEC_038,2024-06-05,8,Cement,0.75
SEC_005,2024-10-14,12,Coal,1.18
SEC_008,2024-07-09,10,Foodgrain,0.87
SEC_042,2024-08-22,6,Steel,0.84
SEC_049,2024-06-20,8,Cement,0.83
SEC_007,2024-09-08,12,Steel,1.01
SEC_045,2024-03-14,6,Steel,1.04
SEC_013,2024-12-30,10,Foodgrain,1.09
SEC_048,2024-06-05,9,Cement,0.74
SEC_049,2024-01-04,12,Foodgrain,1.1
SEC_032,2024-12-14,8,Other,1.18
SEC_010,2024-01-09,15,Other,1.1
SEC_039,2024-06-21,12,Cement,0.88
SEC_005,2024-10-14,10,Foodgrain,1.3
SEC_017,2024-05-15,7,Foodgrain,0.99
SEC_032,2024-03-17,15,Coal,1.06
SEC_004,2024-03-29,10,Foodgrain,1.44
SEC_020,2024-09-07,13,Other,0.97
SEC_040,2024-07-29,9,Cement,0.72
SEC_005,2024-07-03,3,Coal,0.88
SEC_018,2024-07-07,10,Coal,0.88
SEC_001,2024-04-26,7,Other,1.05
SEC_033,2024-12-08,4,Cement,1.22
SEC_004,2024-03-25,8,Foodgrain,1.35
SEC_014,2024-11-02,3,Other,1.39
SEC_026,2024-10-11,5,Coal,1.28
SEC_011,2024-01-03,16,Cement,1.17
SEC_012,2024-03-03,6,Other,1.02
SEC_041,2024-07-21,3,Foodgrain,0.86
SEC_039,2024-02-28,13,Foodgrain,1.21
SEC_004,2024-11-08,4,Steel,1.22
SEC_043,2024-06-10,4,Other,0.75
SEC_023,2024-11-02,12,Cement,1.28
SEC_008,2024-02-13,5,Foodgrain,1.24
SEC_045,2024-01-09,12,Steel,1.21
SEC_017,2024-08-22,10,Foodgrain,0.75
SEC_016,2024-10-20,16,Foodgrain,1.31
SEC_008,2024-12-29,15,Steel,1.14
SEC_044,2024-10-15,4,Other,1.27
SEC_015,2024-09-30,2,Steel,1.09
SEC_030,2024-01-22,10,Coal,1.2
SEC_012,2024-08-08,10,Cement,0.74
SEC_044,2024-09-18,14,Cement,1.07
SEC_039,2024-05-24,4,Coal,0.97
SEC_025,2024-12-31,12,Cement,1.23
SEC_017,2024-12-27,4,Foodgrain,1.18
SEC_033,2024-11-09,2,Cement,1.25
SEC_025,2024-11-18,18,Steel,1.28
SEC_047,2024-07-26,5,Coal,0.83
SEC_034,2024-10-27,14,Foodgrain,1.24
SEC_002,2024-01-27,16,Coal,1.24
SEC_041,2024-03-25,2,Steel,0.97
SEC_010,2024-08-31,9,Coal,0.83
SEC_015,2024-02-15,8,Steel,1.12
SEC_022,2024-10-24,12,Other,1.34
SEC_011,2024-03-06,16,Foodgrain,1.47
SEC_047,2024-05-07,11,Cement,0.98
SEC_048,2024-04-04,13,Cement,1.05
SEC_008,2024-07-17,9,Coal,0.87
SEC_016,2024-01-30,11,Other,1.23
SEC_019,2024-10-24,16,Coal,1.34
SEC_033,2024-11-21,18,Steel,1.31
SEC_030,2024-09-30,5,Cement,1.01
SEC_034,2024-03-08,10,Foodgrain,1.38
SEC_002,2024-04-16,6,Steel,1.05
SEC_026,2024-03-23,6,Steel,0.95
SEC_011,2024-08-08,9,Foodgrain,0.72
SEC_012,2024-11-21,17,Cement,1.38
SEC_038,2024-11-17,5,Cement,1.17
SEC_007,2024-12-16,7,Steel,1.16
SEC_002,2024-09-09,10,Steel,1.07
SEC_024,2024-03-22,12,Coal,1.1
SEC_037,2024-05-25,15,Other,1.04
SEC_026,2024-04-17,8,Cement,1.09
SEC_008,2024-01-24,11,Steel,1.11
SEC_038,2024-10-19,5,Coal,1.22
SEC_019,2024-07-30,4,Other,0.76
SEC_035,2024-12-21,9,Coal,1.11
SEC_010,2024-11-03,8,Coal,1.36
SEC_045,2024-08-25,12,Other,0.89
SEC_014,2024-01-17,13,Steel,1.19
SEC_048,2024-06-10,8,Other,0.71
SEC_019,2024-06-22,6,Foodgrain,0.8
SEC_036,2024-09-03,10,Foodgrain,1.09
SEC_025,2024-07-26,8,Other,0.72
SEC_004,2024-10-12,10,Coal,1.26
SEC_005,2024-01-09,8,Steel,1.08
SEC_020,2024-02-11,17,Steel,1.23
SEC_010,2024-12-14,10,Cement,1.08
SEC_030,2024-06-08,4,Steel,0.81
SEC_007,2024-10-28,16,Other,1.21
SEC_029,2024-11-09,14,Cement,1.35
SEC_011,2024-02-14,11,Other,1.13
SEC_009,2024-09-15,14,Other,0.97
SEC_018,2024-03-04,2,Cement,0.98
SEC_029,2024-02-26,13,Steel,1.16
SEC_020,2024-03-30,15,Cement,1.04
SEC_018,2024-10-03,12,Foodgrain,1.37
SEC_017,2024-02-04,8,Steel,1.13
SEC_017,2024-09-01,2,Steel,1.05
SEC_020,2024-05-19,12,Other,1.03
SEC_041,2024-04-06,9,Cement,0.99
SEC_029,2024-03-28,14,Coal,1.07
SEC_021,2024-05-05,2,Steel,0.98
SEC_037,2024-05-07,4,Foodgrain,0.95
SEC_026,2024-04-25,11,Cement,1.06
SEC_047,2024-07-08,8,Steel,0.81
SEC_028,2024-12-29,4,Cement,1.06
SEC_011,2024-06-14,10,Steel,0.76
SEC_028,2024-03-08,7,Coal,1.02
SEC_038,2024-08-11,8,Coal,0.85
SEC_011,2024-10-30,19,Other,1.35
SEC_010,2024-08-07,3,Cement,0.77
SEC_030,2024-07-13,2,Other,0.89
SEC_044,2024-09-01,10,Foodgrain,1.05
SEC_017,2024-11-18,8,Foodgrain,1.38
SEC_025,2024-01-29,2,Steel,1.07
SEC_033,2024-12-25,7,Coal,1.15
SEC_033,2024-11-22,13,Cement,1.22
SEC_008,2024-12-17,3,Coal,1.07
SEC_020,2024-07-01,3,Other,0.83
SEC_049,2024-11-08,20,Coal,1.4
SEC_044,2024-01-30,6,Other,1.14
SEC_038,2024-05-31,11,Foodgrain,0.98
SEC_002,2024-11-17,15,Steel,1.32
SEC_021,2024-04-09,7,Steel,1.05
SEC_003,2024-10-06,16,Cement,1.16
SEC_015,2024-04-26,11,Other,1.03
SEC_043,2024-08-03,11,Foodgrain,0.81
SEC_020,2024-08-27,3,Foodgrain,0.77
SEC_009,2024-11-17,15,Other,1.16
SEC_036,2024-05-05,6,Foodgrain,0.99
SEC_038,2024-10-15,9,Steel,1.35
SEC_033,2024-06-08,2,Other,0.73
SEC_040,2024-05-23,12,Other,1.07
SEC_035,2024-01-30,11,Foodgrain,1.18
SEC_032,2024-01-28,11,Coal,1.08
SEC_044,2024-10-09,13,Steel,1.31
SEC_016,2024-02-08,5,Other,1.14
SEC_023,2024-02-10,15,Other,1.1
SEC_028,2024-03-08,5,Cement,1.04
SEC_033,2024-05-03,3,Foodgrain,1.01
SEC_024,2024-02-29,4,Other,1.1
SEC_022,2024-08-04,9,Foodgrain,0.85
SEC_009,2024-10-27,11,Coal,1.36
SEC_032,2024-07-13,4,Steel,0.83
SEC_007,2024-08-31,6,Steel,0.8
SEC_024,2024-11-22,10,Cement,1.21
SEC_021,2024-11-23,15,Steel,1.33
SEC_039,2024-08-29,9,Cement,0.88
SEC_024,2024-01-25,15,Steel,1.17
SEC_001,2024-10-15,14,Cement,1.24
SEC_025,2024-10-04,13,Steel,1.2
SEC_011,2024-04-21,15,Steel,1.04
SEC_019,2024-02-29,13,Cement,1.15
SEC_015,2024-02-18,15,Other,1.1
SEC_009,2024-04-11,12,Cement,1.06
SEC_047,2024-09-29,4,Foodgrain,1.02
SEC_013,2024-12-12,2,Other,1.13
SEC_025,2024-02-26,13,Other,1.14
SEC_041,2024-05-31,3,Other,1.0
SEC_018,2024-11-01,7,Coal,1.36
SEC_046,2024-02-01,5,Other,1.09
SEC_020,2024-12-11,8,Foodgrain,1.13
SEC_047,2024-01-07,15,Cement,1.14
SEC_023,2024-04-13,11,Other,1.08
SEC_001,2024-01-12,4,Foodgrain,1.08
SEC_043,2024-10-05,13,Cement,1.19
SEC_043,2024-06-05,9,Other,0.7
SEC_048,2024-06-09,2,Coal,0.88
SEC_007,2024-07-19,7,Cement,0.87
SEC_042,2024-04-19,6,Cement,1.05
SEC_017,2024-10-04,15,Coal,1.19
SEC_042,2024-06-06,10,Coal,0.9
SEC_048,2024-10-18,19,Cement,1.39
SEC_010,2024-08-24,8,Steel,0.79
SEC_019,2024-09-04,6,Steel,1.0
SEC_014,2024-12-27,5,Steel,1.07
SEC_015,2024-07-04,10,Foodgrain,0.74
SEC_030,2024-04-19,9,Steel,0.99
SEC_021,2024-09-23,14,Coal,1.06
SEC_033,2024-09-15,11,Coal,1.02
SEC_034,2024-06-25,10,Steel,0.88
SEC_010,2024-05-02,12,Cement,0.96
SEC_003,2024-12-06,12,Foodgrain,1.21
SEC_037,2024-04-02,12,Cement,1.0
SEC_009,2024-01-29,6,Foodgrain,1.15
SEC_010,2024-08-19,2,Steel,0.75
SEC_030,2024-01-30,12,Other,1.24
SEC_013,2024-10-05,18,Foodgrain,1.32
SEC_010,2024-11-04,5,Cement,1.15
SEC_016,2024-09-19,2,Foodgrain,1.04
SEC_026,2024-03-27,9,Foodgrain,1.35
SEC_042,2024-12-10,11,Other,1.07
SEC_049,2024-02-02,5,Steel,1.25
SEC_036,2024-02-09,3,Other,1.12
SEC_045,2024-04-21,2,Coal,0.96
SEC_027,2024-07-16,5,Other,0.77
SEC_021,2024-09-16,2,Cement,1.05
SEC_041,2024-04-16,14,Other,1.07
SEC_015,2024-12-01,16,Steel,1.2
SEC_040,2024-10-26,16,Cement,1.16
SEC_049,2024-03-25,9,Cement,1.07
SEC_020,2024-01-23,4,Coal,1.17
SEC_032,2024-09-13,13,Cement,1.07
SEC_039,2024-03-05,10,Other,0.97
SEC_039,2024-04-13,9,Other,0.98
SEC_011,2024-10-09,18,Cement,1.38
SEC_048,2024-03-10,7,Other,1.06
SEC_025,2024-05-09,5,Steel,0.99
SEC_003,2024-12-05,10,Cement,1.06
SEC_006,2024-09-06,8,Steel,1.01
SEC_036,2024-08-14,5,Other,0.75
SEC_021,2024-12-31,11,Foodgrain,1.09
SEC_006,2024-10-09,9,Other,1.17
SEC_026,2024-06-17,6,Steel,0.85
SEC_030,2024-08-31,4,Steel,0.74
SEC_004,2024-07-14,6,Other,0.72
SEC_018,2024-05-13,10,Other,0.99
SEC_023,2024-12-22,13,Coal,1.08
SEC_039,2024-08-05,2,Steel,0.83
SEC_032,2024-09-30,2,Coal,1.03
SEC_005,2024-05-30,9,Cement,0.99
SEC_031,2024-03-13,4,Coal,1.03
SEC_045,2024-02-14,14,Coal,1.25
SEC_003,2024-10-21,6,Foodgrain,1.29
SEC_049,2024-07-09,9,Other,0.78
SEC_005,2024-07-07,10,Cement,0.89
SEC_031,2024-02-14,6,Cement,1.13
SEC_018,2024-10-15,18,Foodgrain,1.38
SEC_036,2024-04-06,6,Coal,1.08
SEC_042,2024-08-07,4,Steel,0.84
SEC_042,2024-05-08,7,Cement,1.0
SEC_043,2024-03-24,4,Other,1.02
SEC_040,2024-02-29,10,Coal,1.15
SEC_016,2024-10-25,12,Steel,1.23
SEC_023,2024-02-04,5,Coal,1.07
SEC_036,2024-01-01,6,Coal,1.21
SEC_009,2024-04-22,4,Steel,1.08
SEC_029,2024-11-21,2,Coal,1.2
SEC_026,2024-09-13,9,Steel,0.96
SEC_049,2024-10-26,10,Foodgrain,1.19
SEC_003,2024-03-15,6,Cement,1.07
SEC_005,2024-12-21,14,Foodgrain,1.15
SEC_002,2024-02-13,11,Foodgrain,1.14
SEC_027,2024-01-14,9,Cement,1.1
SEC_027,2024-06-23,11,Steel,0.84
SEC_030,2024-06-09,7,Coal,0.73
SEC_012,2024-04-16,4,Coal,1.0
SEC_016,2024-03-02,9,Other,1.09
SEC_021,2024-04-27,9,Other,0.97
SEC_003,2024-05-16,2,Steel,0.97
SEC_037,2024-08-08,10,Cement,0.75
SEC_003,2024-05-11,9,Steel,0.95
SEC_033,2024-03-30,8,Steel,0.96
SEC_023,2024-08-06,9,Cement,0.72
SEC_049,2024-08-01,8,Other,0.77
SEC_034,2024-06-09,5,Cement,0.86
SEC_024,2024-02-10,16,Other,1.23
SEC_035,2024-12-19,14,Other,1.15
SEC_006,2024-07-09,10,Coal,0.81
SEC_009,2024-04-11,10,Foodgrain,1.5
SEC_025,2024-09-22,8,Foodgrain,1.09
SEC_043,2024-06-02,10,Coal,0.88
SEC_041,2024-03-01,3,Steel,1.03
SEC_019,2024-09-13,10,Other,1.06
SEC_014,2024-02-03,13,Coal,1.12
SEC_048,2024-04-11,14,Foodgrain,1.38
SEC_028,2024-08-30,9,Foodgrain,0.88
SEC_006,2024-09-21,6,Cement,1.05
SEC_012,2024-12-28,3,Foodgrain,1.05
SEC_041,2024-09-16,10,Coal,1.07
SEC_045,2024-03-25,18,Foodgrain,1.47
SEC_045,2024-09-17,13,Steel,1.03
SEC_001,2024-10-02,17,Coal,1.3
SEC_041,2024-09-04,7,Other,1.09
SEC_006,2024-09-30,3,Foodgrain,1.04
SEC_040,2024-10-26,7,Other,1.37
SEC_044,2024-07-26,12,Other,0.83
SEC_018,2024-12-30,11,Other,1.08
SEC_010,2024-08-23,3,Steel,0.7
SEC_035,2024-01-21,10,Other,1.08
SEC_004,2024-03-04,2,Coal,1.05
SEC_029,2024-06-30,7,Foodgrain,0.77
SEC_017,2024-06-08,10,Other,0.79
SEC_021,2024-10-24,16,Foodgrain,1.32
SEC_041,2024-09-03,9,Steel,1.0
SEC_049,2024-01-01,9,Coal,1.14
SEC_020,2024-06-15,5,Foodgrain,0.71
SEC_015,2024-07-18,4,Cement,0.72
SEC_041,2024-12-24,10,Other,1.08
SEC_021,2024-08-29,5,Cement,0.9
SEC_010,2024-03-07,14,Foodgrain,1.42
SEC_045,2024-03-11,6,Cement,0.97
SEC_049,2024-04-25,14,Cement,1.01
SEC_015,2024-05-26,5,Steel,1.08
SEC_008,2024-02-09,10,Steel,1.16
SEC_008,2024-10-15,17,Steel,1.23
SEC_030,2024-01-25,2,Cement,1.08
SEC_016,2024-01-25,15,Other,1.18
SEC_031,2024-02-16,17,Coal,1.19
SEC_038,2024-02-19,4,Other,1.11
SEC_001,2024-07-25,2,Coal,0.71
SEC_043,2024-10-26,7,Foodgrain,1.32
SEC_002,2024-12-10,16,Foodgrain,1.21
SEC_006,2024-10-23,17,Coal,1.24
SEC_036,2024-09-07,11,Cement,0.99
SEC_031,2024-08-04,10,Other,0.77
SEC_048,2024-04-23,9,Steel,1.01
SEC_028,2024-06-01,3,Cement,0.71
SEC_021,2024-11-15,13,Other,1.2
SEC_033,2024-02-08,5,Cement,1.2
SEC_038,2024-10-29,4,Foodgrain,1.31
SEC_033,2024-10-23,2,Other,1.15
SEC_019,2024-01-22,14,Foodgrain,1.14
SEC_048,2024-03-29,9,Cement,1.05
SEC_015,2024-04-23,8,Cement,1.0
SEC_017,2024-11-30,12,Cement,1.3
SEC_014,2024-06-09,4,Steel,0.71
SEC_015,2024-10-10,19,Cement,1.39
SEC_011,2024-08-07,2,Steel,0.78
SEC_029,2024-01-30,10,Foodgrain,1.13
SEC_036,2024-09-01,12,Foodgrain,1.08
SEC_022,2024-08-20,2,Steel,0.73
SEC_046,2024-11-14,12,Cement,1.33
SEC_024,2024-12-02,6,Steel,1.25
SEC_023,2024-08-02,10,Coal,0.87
SEC_004,2024-11-17,14,Cement,1.19
SEC_045,2024-02-21,12,Other,1.09
SEC_008,2024-08-12,9,Steel,0.78
SEC_009,2024-07-30,3,Foodgrain,0.85
SEC_046,2024-03-03,11,Other,1.08
SEC_026,2024-07-16,2,Steel,0.86
SEC_004,2024-09-05,10,Foodgrain,1.05
SEC_022,2024-05-31,15,Cement,1.07
SEC_029,2024-08-31,6,Cement,0.8
SEC_001,2024-09-29,2,Coal,1.09
SEC_037,2024-08-03,11,Coal,0.88
SEC_033,2024-05-25,4,Steel,1.05
SEC_001,2024-04-07,9,Foodgrain,1.49
SEC_031,2024-08-29,4,Cement,0.75
SEC_011,2024-11-25,7,Steel,1.21
SEC_036,2024-06-18,3,Coal,0.84
SEC_019,2024-07-02,7,Cement,0.81
SEC_010,2024-11-29,5,Foodgrain,1.33
SEC_025,2024-04-18,12,Coal,0.99
SEC_022,2024-10-22,8,Foodgrain,1.34
SEC_017,2024-04-03,12,Foodgrain,1.48
SEC_044,2024-04-04,14,Foodgrain,1.31
SEC_032,2024-04-12,5,Other,0.98
SEC_024,2024-01-20,2,Coal,1.06
SEC_012,2024-06-17,9,Cement,0.86
SEC_028,2024-05-09,6,Coal,1.03
SEC_002,2024-03-25,13,Cement,1.05
SEC_044,2024-10-03,7,Steel,1.31
SEC_001,2024-07-08,4,Cement,0.89
SEC_035,2024-03-12,11,Coal,1.02
SEC_017,2024-03-11,14,Cement,1.01
SEC_036,2024-10-23,10,Steel,1.26
SEC_018,2024-04-09,12,Steel,1.07
SEC_002,2024-05-24,13,Steel,0.99
SEC_047,2024-02-13,15,Steel,1.06
SEC_038,2024-10-21,15,Cement,1.16
SEC_003,2024-05-10,3,Coal,1.03
SEC_002,2024-09-14,6,Cement,1.05
SEC_026,2024-05-28,13,Coal,1.02
SEC_047,2024-10-20,8,Steel,1.35
SEC_029,2024-05-27,9,Foodgrain,1.01
SEC_001,2024-11-23,8,Coal,1.29
SEC_035,2024-09-22,4,Other,1.06
SEC_021,2024-06-24,7,Cement,0.81
SEC_032,2024-06-25,9,Cement,0.77
SEC_018,2024-08-15,8,Other,0.74
SEC_001,2024-09-10,8,Steel,1.02
SEC_001,2024-09-15,9,Coal,1.0
SEC_031,2024-01-13,10,Other,1.11
SEC_032,2024-04-06,14,Cement,1.04
SEC_016,2024-06-08,6,Foodgrain,0.7
SEC_005,2024-07-15,2,Coal,0.83
SEC_038,2024-02-02,8,Steel,1.21
SEC_008,2024-03-14,12,Foodgrain,1.45
SEC_010,2024-06-18,9,Coal,0.75
SEC_023,2024-06-12,8,Foodgrain,0.85
SEC_036,2024-08-13,9,Other,0.88
SEC_049,2024-01-26,15,Foodgrain,1.18
SEC_031,2024-10-18,4,Cement,1.28
SEC_048,2024-04-20,6,Steel,1.05
SEC_032,2024-07-20,10,Foodgrain,0.76
SEC_042,2024-12-12,4,Coal,1.12
SEC_009,2024-05-18,12,Cement,1.04
SEC_003,2024-04-24,17,Foodgrain,1.39
SEC_033,2024-04-06,10,Cement,0.95
SEC_048,2024-08-26,9,Steel,0.78
SEC_037,2024-12-16,7,Steel,1.07
SEC_017,2024-07-23,5,Cement,0.89
SEC_024,2024-03-13,15,Cement,1.04
SEC_006,2024-12-12,13,Cement,1.12
SEC_017,2024-01-16,12,Coal,1.24
SEC_034,2024-05-30,11,Coal,1.08
SEC_009,2024-02-16,7,Steel,1.19
SEC_024,2024-01-13,12,Steel,1.08
SEC_015,2024-12-31,11,Foodgrain,1.1
SEC_025,2024-02-01,17,Foodgrain,1.21
SEC_038,2024-11-27,13,Coal,1.15
SEC_044,2024-07-18,2,Coal,0.81
SEC_021,2024-04-27,8,Other,1.09
SEC_041,2024-11-11,14,Foodgrain,1.29
SEC_035,2024-01-02,4,Coal,1.21
SEC_046,2024-09-09,3,Other,1.08
SEC_037,2024-10-07,12,Steel,1.37
SEC_027,2024-05-13,4,Cement,1.0
SEC_034,2024-04-19,7,Foodgrain,1.48
SEC_016,2024-01-04,3,Coal,1.13
SEC_034,2024-01-09,17,Cement,1.24
SEC_035,2024-01-17,14,Steel,1.16
SEC_030,2024-06-16,10,Coal,0.86
SEC_006,2024-07-13,2,Steel,0.77
SEC_026,2024-06-04,6,Other,0.88
SEC_035,2024-09-14,9,Foodgrain,1.03
SEC_010,2024-05-12,5,Foodgrain,0.97
SEC_039,2024-10-16,9,Cement,1.26
SEC_042,2024-08-27,6,Steel,0.8
SEC_027,2024-12-08,17,Coal,1.2
SEC_048,2024-09-22,14,Coal,1.01
SEC_043,2024-02-16,12,Coal,1.21
SEC_023,2024-07-23,9,Other,0.87
SEC_044,2024-08-28,10,Other,0.79
SEC_046,2024-01-06,9,Foodgrain,1.11
SEC_006,2024-01-17,8,Foodgrain,1.19
SEC_049,2024-01-09,6,Steel,1.13
SEC_001,2024-03-03,3,Foodgrain,1.4
SEC_024,2024-11-18,16,Coal,1.31
SEC_046,2024-03-28,13,Cement,1.03
SEC_036,2024-03-09,4,Foodgrain,1.31
SEC_014,2024-06-12,5,Other,0.77
SEC_032,2024-05-25,2,Steel,0.98
SEC_011,2024-12-29,10,Cement,1.24
SEC_012,2024-02-07,5,Coal,1.21
SEC_045,2024-11-03,7,Coal,1.31
SEC_003,2024-03-24,3,Cement,0.98
SEC_048,2024-04-23,2,Other,0.95
SEC_023,2024-06-26,2,Other,0.88
SEC_004,2024-12-23,8,Coal,1.25
SEC_039,2024-03-27,14,Steel,1.0
SEC_003,2024-05-05,3,Foodgrain,0.96
SEC_016,2024-08-29,8,Steel,0.76
SEC_012,2024-09-02,4,Steel,0.98
SEC_039,2024-05-14,7,Steel,0.96
SEC_020,2024-02-18,15,Coal,1.05
SEC_033,2024-10-15,10,Other,1.31
SEC_004,2024-11-25,5,Steel,1.3
SEC_035,2024-08-08,1,Foodgrain,0.72
SEC_035,2024-11-15,12,Cement,1.2
SEC_015,2024-04-02,6,Coal,1.06
SEC_044,2024-11-12,7,Steel,1.16
SEC_024,2024-10-22,5,Cement,1.34
SEC_033,2024-11-26,11,Other,1.25
SEC_009,2024-12-07,7,Foodgrain,1.07
SEC_046,2024-05-06,7,Other,0.99
SEC_013,2024-02-13,7,Coal,1.24
SEC_031,2024-10-01,8,Cement,1.29
SEC_005,2024-09-02,3,Other,1.06
SEC_003,2024-08-25,12,Cement,0.89
SEC_007,2024-08-18,2,Coal,0.8
SEC_047,2024-01-15,11,Coal,1.13
SEC_011,2024-09-02,10,Foodgrain,0.97
SEC_044,2024-06-26,4,Foodgrain,0.73
SEC_029,2024-01-12,10,Cement,1.15
SEC_005,2024-11-09,11,Other,1.32
SEC_022,2024-01-11,13,Foodgrain,1.21
SEC_024,2024-03-26,2,Steel,1.06
SEC_014,2024-04-17,15,Coal,1.04
SEC_030,2024-10-13,19,Other,1.34
SEC_043,2024-01-30,15,Cement,1.15
SEC_044,2024-05-20,6,Cement,0.97
SEC_026,2024-05-13,12,Cement,0.97
SEC_044,2024-05-31,8,Other,1.0
SEC_046,2024-11-15,14,Other,1.2
SEC_005,2024-04-29,4,Other,0.98
SEC_032,2024-05-09,12,Coal,1.0
SEC_038,2024-05-29,2,Steel,1.03
SEC_001,2024-05-23,5,Coal,1.0
SEC_030,2024-12-15,17,Coal,1.21
SEC_045,2024-04-07,13,Other,1.02
SEC_014,2024-02-11,3,Foodgrain,1.15
SEC_043,2024-06-03,8,Cement,0.76
SEC_046,2024-01-31,7,Foodgrain,1.2
SEC_032,2024-10-18,17,Foodgrain,1.19
SEC_031,2024-11-22,9,Coal,1.24
SEC_027,2024-10-31,4,Cement,1.18
SEC_021,2024-10-21,10,Cement,1.3
SEC_023,2024-06-03,4,Coal,0.75
SEC_026,2024-09-12,5,Steel,1.01
SEC_024,2024-05-25,10,Other,0.99
SEC_041,2024-11-08,18,Other,1.28
SEC_038,2024-03-12,12,Cement,0.96
SEC_018,2024-02-21,14,Other,1.09
SEC_026,2024-12-23,9,Other,1.1
SEC_011,2024-05-11,11,Cement,1.09
SEC_009,2024-04-23,3,Foodgrain,1.37
SEC_019,2024-09-01,12,Cement,0.95
SEC_003,2024-05-05,2,Other,0.96
SEC_042,2024-09-30,9,Other,1.01
SEC_007,2024-06-06,5,Steel,0.78
SEC_017,2024-10-13,12,Steel,1.24
SEC_013,2024-01-30,2,Coal,1.17
SEC_011,2024-09-23,8,Coal,1.0
SEC_019,2024-04-30,9,Steel,1.07
SEC_036,2024-06-03,4,Steel,0.88
SEC_044,2024-12-06,15,Other,1.12
SEC_010,2024-06-25,10,Foodgrain,0.74
SEC_012,2024-01-28,11,Cement,1.22
SEC_024,2024-06-16,4,Steel,0.86
SEC_016,2024-03-29,10,Foodgrain,1.45
SEC_040,2024-06-22,10,Other,0.74
SEC_011,2024-03-20,2,Steel,1.09
SEC_020,2024-08-23,12,Steel,0.89
SEC_027,2024-03-27,15,Foodgrain,1.37
SEC_019,2024-06-19,6,Steel,0.72
SEC_031,2024-12-15,2,Foodgrain,1.05
SEC_040,2024-08-21,9,Cement,0.76
SEC_027,2024-09-16,5,Foodgrain,0.99
SEC_023,2024-10-09,8,Coal,1.37
SEC_047,2024-12-02,4,Cement,1.07
SEC_049,2024-11-20,10,Other,1.25
SEC_049,2024-11-09,15,Steel,1.27
SEC_001,2024-05-04,7,Coal,1.05
SEC_042,2024-08-16,7,Foodgrain,0.73
SEC_045,2024-10-26,12,Coal,1.34
SEC_040,2024-07-23,3,Steel,0.84
SEC_037,2024-02-16,16,Cement,1.23
SEC_018,2024-07-05,2,Steel,0.73
SEC_036,2024-03-20,8,Steel,1.1
SEC_029,2024-09-09,14,Steel,1.02
SEC_041,2024-11-10,5,Cement,1.19
SEC_018,2024-09-13,10,Other,1.03
SEC_037,2024-07-20,7,Other,0.78
SEC_039,2024-08-07,8,Coal,0.75
SEC_041,2024-07-16,4,Cement,0.86
SEC_009,2024-06-13,7,Steel,0.72
SEC_043,2024-03-24,2,Other,1.01
SEC_011,2024-09-04,8,Foodgrain,1.02
SEC_046,2024-05-07,12,Other,1.02
SEC_002,2024-02-27,14,Foodgrain,1.16
SEC_011,2024-10-19,10,Steel,1.21
SEC_030,2024-07-20,7,Other,0.76
SEC_027,2024-07-09,2,Steel,0.74
SEC_034,2024-07-09,12,Cement,0.83
SEC_020,2024-01-29,12,Coal,1.12
SEC_001,2024-07-14,4,Cement,0.78
SEC_031,2024-07-17,8,Other,0.85
SEC_026,2024-07-05,9,Steel,0.81
SEC_025,2024-01-03,12,Other,1.21
SEC_019,2024-10-01,11,Coal,1.35
SEC_044,2024-08-12,8,Coal,0.86
SEC_039,2024-10-04,11,Steel,1.2
SEC_009,2024-07-03,11,Steel,0.85
SEC_002,2024-04-30,12,Cement,1.03
SEC_009,2024-10-31,12,Other,1.33
SEC_003,2024-05-08,8,Coal,0.95
SEC_035,2024-06-14,2,Cement,0.86
SEC_031,2024-01-07,9,Other,1.24
SEC_023,2024-02-29,7,Foodgrain,1.06
SEC_029,2024-02-11,14,Other,1.08
SEC_040,2024-06-04,4,Coal,0.72
SEC_041,2024-04-06,7,Cement,0.98
SEC_022,2024-05-01,13,Foodgrain,1.05
SEC_030,2024-10-07,12,Foodgrain,1.36
SEC_029,2024-09-06,4,Cement,1.08
SEC_047,2024-10-19,7,Cement,1.34
SEC_038,2024-10-25,14,Foodgrain,1.39
SEC_016,2024-03-31,6,Steel,1.0
SEC_044,2024-08-13,6,Steel,0.73
SEC_020,2024-11-14,19,Other,1.39
SEC_038,2024-04-21,19,Foodgrain,1.44
SEC_048,2024-05-17,2,Steel,1.03
SEC_040,2024-07-13,5,Foodgrain,0.87
SEC_006,2024-10-19,4,Cement,1.26
SEC_011,2024-02-23,6,Coal,1.07
SEC_039,2024-06-19,11,Coal,0.83
SEC_007,2024-03-29,18,Foodgrain,1.42
SEC_001,2024-09-17,6,Cement,1.01
SEC_013,2024-03-29,10,Foodgrain,1.45
SEC_024,2024-05-10,3,Steel,1.05
SEC_007,2024-05-06,10,Cement,1.02
SEC_008,2024-01-26,8,Coal,1.18
SEC_017,2024-09-01,13,Cement,0.95
SEC_030,2024-04-02,11,Foodgrain,1.41
SEC_027,2024-06-28,9,Steel,0.72
SEC_040,2024-09-12,3,Coal,1.01
SEC_049,2024-10-14,11,Cement,1.38
SEC_002,2024-12-01,10,Coal,1.16
SEC_034,2024-02-16,6,Foodgrain,1.24
SEC_009,2024-08-17,6,Other,0.71
SEC_018,2024-04-30,9,Cement,1.08
SEC_017,2024-10-08,19,Coal,1.39
SEC_035,2024-05-22,5,Other,0.98
SEC_013,2024-01-06,10,Cement,1.13
SEC_044,2024-11-09,10,Other,1.26
SEC_019,2024-10-05,7,Coal,1.16
SEC_040,2024-04-30,2,Other,0.98
SEC_047,2024-11-01,4,Cement,1.27
SEC_026,2024-05-30,14,Other,0.98
SEC_005,2024-05-31,8,Other,0.98
SEC_035,2024-04-19,13,Other,1.05
SEC_021,2024-06-29,11,Foodgrain,0.82
SEC_017,2024-12-29,15,Other,1.07
SEC_023,2024-01-20,5,Other,1.21
SEC_015,2024-08-05,5,Other,0.78
SEC_014,2024-03-04,10,Cement,1.05
SEC_049,2024-02-15,7,Other,1.09
SEC_014,2024-01-21,6,Foodgrain,1.19
SEC_023,2024-04-10,18,Foodgrain,1.3
SEC_036,2024-09-24,8,Coal,0.97
SEC_011,2024-09-26,4,Foodgrain,1.03
SEC_031,2024-10-19,10,Other,1.29
SEC_044,2024-02-23,12,Coal,1.12
SEC_040,2024-02-09,5,Other,1.14
SEC_002,2024-12-25,5,Cement,1.14
SEC_020,2024-12-03,9,Coal,1.16
SEC_001,2024-09-13,6,Steel,1.02
SEC_030,2024-11-03,7,Coal,1.22
SEC_016,2024-10-21,16,Cement,1.33
SEC_044,2024-07-29,6,Steel,0.72
SEC_009,2024-06-23,5,Coal,0.74
SEC_042,2024-12-24,8,Coal,1.06
SEC_017,2024-09-04,13,Foodgrain,0.97
SEC_046,2024-11-18,4,Steel,1.37
SEC_010,2024-03-16,10,Other,1.01
SEC_014,2024-03-22,13,Other,1.0
SEC_018,2024-08-18,3,Steel,0.84
SEC_049,2024-12-15,9,Other,1.1
SEC_036,2024-08-15,11,Coal,0.88
SEC_041,2024-06-11,11,Foodgrain,0.85
SEC_028,2024-01-10,14,Foodgrain,1.18
SEC_039,2024-02-26,8,Steel,1.08
SEC_031,2024-03-25,9,Cement,1.01
SEC_033,2024-03-14,15,Foodgrain,1.4
SEC_042,2024-09-14,6,Other,1.1
SEC_049,2024-09-07,10,Other,0.97
SEC_029,2024-05-18,8,Other,0.96
SEC_022,2024-12-27,5,Cement,1.16
SEC_033,2024-05-24,13,Steel,1.1
SEC_037,2024-06-11,12,Other,0.85
SEC_049,2024-07-11,9,Steel,0.75
SEC_035,2024-07-28,12,Cement,0.89
SEC_047,2024-03-10,3,Foodgrain,1.43
SEC_036,2024-04-19,3,Foodgrain,1.35
SEC_047,2024-09-08,3,Other,1.02
SEC_037,2024-11-05,6,Coal,1.3
SEC_044,2024-06-03,10,Other,0.81
SEC_010,2024-02-12,16,Other,1.14
SEC_049,2024-11-07,15,Foodgrain,1.16
SEC_018,2024-08-01,1,Cement,0.73
SEC_040,2024-06-08,2,Steel,0.75
SEC_020,2024-08-02,8,Cement,0.84
SEC_023,2024-10-28,12,Coal,1.36
SEC_037,2024-01-01,2,Cement,1.19
SEC_027,2024-05-11,5,Cement,1.03
SEC_036,2024-12-10,6,Steel,1.17
SEC_004,2024-04-20,10,Other,0.97
SEC_041,2024-12-22,2,Steel,1.14
SEC_021,2024-04-13,17,Foodgrain,1.43
SEC_039,2024-06-20,8,Other,0.86
SEC_014,2024-01-26,11,Coal,1.1
SEC_030,2024-09-22,6,Foodgrain,1.04
SEC_029,2024-03-28,8,Cement,1.01
SEC_007,2024-11-06,14,Coal,1.15
SEC_024,2024-02-17,16,Foodgrain,1.2
SEC_032,2024-02-12,14,Cement,1.19
SEC_041,2024-06-20,4,Other,0.81
SEC_044,2024-01-31,5,Steel,1.08
SEC_019,2024-04-30,14,Other,1.08
SEC_032,2024-09-09,14,Cement,0.97
SEC_009,2024-07-03,2,Foodgrain,0.78
SEC_044,2024-07-23,3,Foodgrain,0.74
SEC_043,2024-02-03,2,Other,1.19
SEC_049,2024-09-05,14,Cement,1.01
SEC_024,2024-02-03,16,Foodgrain,1.22
SEC_018,2024-07-28,11,Other,0.84
SEC_038,2024-10-16,11,Cement,1.34
SEC_036,2024-09-22,3,Steel,1.07
SEC_011,2024-05-09,13,Cement,0.97
SEC_027,2024-02-26,14,Other,1.24
SEC_032,2024-10-31,4,Cement,1.22
SEC_023,2024-03-19,8,Cement,1.02
SEC_019,2024-06-30,4,Cement,0.74
SEC_012,2024-03-27,2,Other,1.06
SEC_021,2024-01-11,10,Coal,1.23
SEC_013,2024-06-01,4,Other,0.83
SEC_015,2024-07-20,3,Other,0.82
SEC_010,2024-10-04,7,Coal,1.22
SEC_019,2024-09-22,6,Cement,1.08
SEC_031,2024-10-31,10,Foodgrain,1.4
SEC_019,2024-10-24,19,Steel,1.36
SEC_007,2024-05-26,12,Coal,0.98
SEC_040,2024-05-04,8,Steel,1.01
SEC_022,2024-08-08,2,Cement,0.78
SEC_029,2024-06-24,2,Foodgrain,0.9
SEC_026,2024-04-18,10,Coal,1.0
SEC_025,2024-01-12,10,Steel,1.11
SEC_022,2024-06-23,3,Coal,0.72
SEC_038,2024-06-20,3,Steel,0.73
SEC_042,2024-12-10,7,Other,1.14
SEC_045,2024-10-24,5,Cement,1.25
SEC_022,2024-04-08,3,Other,0.99
SEC_017,2024-02-10,7,Coal,1.14
SEC_005,2024-10-15,3,Cement,1.16
SEC_022,2024-06-27,3,Steel,0.86
SEC_049,2024-01-16,4,Foodgrain,1.11
SEC_013,2024-10-02,9,Other,1.18
SEC_042,2024-05-06,4,Other,1.08
SEC_038,2024-03-03,15,Cement,1.09
SEC_033,2024-08-29,5,Other,0.74
SEC_028,2024-10-14,16,Foodgrain,1.32
SEC_038,2024-10-11,5,Coal,1.32
SEC_005,2024-04-10,8,Other,1.05
SEC_007,2024-08-04,9,Coal,0.75
SEC_010,2024-06-19,6,Steel,0.76
SEC_038,2024-11-14,7,Other,1.31
SEC_022,2024-03-10,13,Other,1.1
SEC_011,2024-10-27,9,Coal,1.23
SEC_003,2024-05-06,6,Other,1.04
SEC_024,2024-08-14,4,Cement,0.72
SEC_020,2024-07-02,9,Coal,0.8
SEC_009,2024-05-07,9,Foodgrain,1.01
SEC_002,2024-03-25,11,Steel,1.06
SEC_037,2024-05-13,10,Foodgrain,1.02
SEC_039,2024-08-10,11,Coal,0.89
SEC_013,2024-08-13,7,Coal,0.77
SEC_025,2024-08-16,2,Cement,0.78
SEC_013,2024-08-28,2,Cement,0.83
SEC_021,2024-01-19,11,Coal,1.2
SEC_006,2024-05-24,4,Cement,1.07
SEC_047,2024-04-25,7,Foodgrain,1.44
SEC_036,2024-05-25,2,Other,0.99
SEC_045,2024-05-19,15,Foodgrain,1.1
SEC_015,2024-03-05,3,Foodgrain,1.48
SEC_043,2024-12-19,4,Coal,1.21
SEC_026,2024-01-01,13,Other,1.16
SEC_010,2024-08-05,6,Cement,0.75
SEC_017,2024-06-17,3,Coal,0.71
SEC_040,2024-09-14,8,Coal,1.03
SEC_038,2024-10-31,15,Steel,1.19
SEC_036,2024-08-25,2,Foodgrain,0.75
SEC_012,2024-10-07,4,Other,1.31
SEC_032,2024-04-10,12,Cement,1.06
SEC_047,2024-12-29,13,Coal,1.1
SEC_003,2024-02-01,4,Coal,1.19
SEC_016,2024-09-02,8,Steel,1.1
SEC_004,2024-02-23,11,Coal,1.19
SEC_006,2024-03-26,3,Coal,1.0
SEC_049,2024-10-29,7,Coal,1.32
SEC_012,2024-09-04,11,Cement,1.01
SEC_009,2024-08-19,9,Cement,0.76
SEC_004,2024-10-30,6,Cement,1.23
SEC_049,2024-04-11,12,Coal,0.96
SEC_023,2024-08-22,4,Other,0.73
SEC_039,2024-03-14,5,Steel,0.98
SEC_013,2024-06-25,4,Coal,0.73
SEC_032,2024-05-28,3,Coal,1.03
SEC_044,2024-08-14,9,Steel,0.87
SEC_033,2024-01-24,8,Coal,1.15
SEC_026,2024-01-10,2,Steel,1.12
SEC_011,2024-01-12,7,Cement,1.16
SEC_012,2024-04-07,11,Other,0.98
SEC_030,2024-07-29,10,Coal,0.85
SEC_023,2024-02-27,13,Foodgrain,1.2
SEC_003,2024-12-28,9,Steel,1.18
SEC_010,2024-05-31,5,Steel,1.04
SEC_022,2024-04-20,14,Cement,0.99
SEC_009,2024-11-22,15,Steel,1.16
SEC_028,2024-03-05,12,Foodgrain,1.44
SEC_015,2024-03-09,13,Steel,1.0
SEC_015,2024-05-19,5,Steel,0.99
SEC_006,2024-01-26,3,Cement,1.15
SEC_025,2024-09-06,14,Steel,0.98
SEC_010,2024-10-11,12,Foodgrain,1.29
SEC_031,2024-05-09,8,Cement,0.97
SEC_046,2024-11-13,14,Cement,1.38
SEC_045,2024-01-03,17,Cement,1.24
SEC_033,2024-07-13,3,Foodgrain,0.86
SEC_040,2024-09-24,3,Foodgrain,1.06
SEC_046,2024-05-17,14,Coal,0.99
SEC_034,2024-12-12,5,Cement,1.17
SEC_013,2024-06-06,7,Cement,0.87
SEC_025,2024-12-02,14,Foodgrain,1.07
SEC_042,2024-08-29,6,Cement,0.79
SEC_033,2024-03-25,8,Cement,1.1
SEC_018,2024-10-31,17,Coal,1.39
SEC_009,2024-01-12,12,Steel,1.19
SEC_008,2024-03-10,5,Cement,1.05
SEC_019,2024-10-12,14,Coal,1.36
SEC_040,2024-11-26,6,Other,1.3
SEC_028,2024-05-22,9,Steel,0.97
SEC_003,2024-08-28,2,Cement,0.78
SEC_046,2024-09-12,4,Foodgrain,1.03
SEC_020,2024-09-27,7,Cement,0.96
SEC_020,2024-11-27,16,Steel,1.35
SEC_041,2024-02-01,6,Cement,1.23
SEC_019,2024-03-11,14,Coal,0.99
SEC_031,2024-12-02,11,Steel,1.14
SEC_046,2024-07-18,9,Coal,0.7
SEC_026,2024-07-12,6,Coal,0.71
SEC_031,2024-05-27,6,Coal,0.96
SEC_018,2024-05-12,10,Foodgrain,1.02
SEC_044,2024-03-30,14,Coal,1.08
SEC_004,2024-05-26,8,Steel,1.1
SEC_014,2024-01-27,3,Foodgrain,1.05
SEC_049,2024-04-17,13,Cement,0.98
SEC_024,2024-12-29,14,Coal,1.09
SEC_009,2024-02-29,9,Cement,1.18
SEC_021,2024-09-24,10,Foodgrain,1.04
SEC_013,2024-01-13,7,Coal,1.17
SEC_026,2024-09-25,11,Coal,1.02
SEC_012,2024-04-06,4,Other,0.96
SEC_020,2024-09-14,2,Foodgrain,1.05
SEC_045,2024-06-30,7,Other,0.8
SEC_005,2024-10-10,9,Foodgrain,1.26
SEC_038,2024-09-01,8,Coal,0.97
SEC_004,2024-07-23,7,Cement,0.84
SEC_023,2024-09-25,13,Foodgrain,0.97
SEC_033,2024-12-19,11,Steel,1.2
SEC_047,2024-08-05,6,Steel,0.86
SEC_013,2024-03-04,17,Foodgrain,1.4
SEC_003,2024-02-12,5,Other,1.13
SEC_037,2024-07-19,4,Steel,0.72
SEC_044,2024-06-06,1,Foodgrain,0.71
SEC_028,2024-08-10,7,Coal,0.89
SEC_003,2024-09-01,13,Cement,0.96
SEC_025,2024-03-09,8,Other,0.98
SEC_020,2024-09-29,8,Other,1.05
SEC_023,2024-12-28,4,Other,1.08
SEC_003,2024-04-28,4,Cement,1.03
SEC_016,2024-12-05,8,Foodgrain,1.06
SEC_049,2024-12-05,10,Other,1.23
SEC_003,2024-06-02,7,Coal,0.9
SEC_045,2024-10-18,11,Steel,1.24
SEC_026,2024-12-07,12,Coal,1.2
SEC_029,2024-11-07,17,Steel,1.27
SEC_046,2024-05-22,12,Steel,1.08
SEC_011,2024-08-31,6,Foodgrain,0.79
SEC_049,2024-08-04,2,Cement,0.82
SEC_014,2024-05-31,7,Other,0.99
SEC_018,2024-08-22,9,Foodgrain,0.87
SEC_023,2024-12-07,16,Coal,1.16
SEC_030,2024-01-10,8,Coal,1.21
SEC_016,2024-11-25,5,Foodgrain,1.32
SEC_039,2024-05-14,6,Cement,1.0
SEC_002,2024-10-30,5,Other,1.27
SEC_033,2024-02-09,4,Steel,1.06
SEC_033,2024-11-22,6,Coal,1.21
SEC_027,2024-06-12,11,Coal,0.8
SEC_031,2024-12-01,10,Cement,1.19
SEC_037,2024-06-05,9,Other,0.72
SEC_045,2024-09-30,7,Coal,0.96
SEC_011,2024-08-06,2,Coal,0.86
SEC_024,2024-03-14,14,Coal,1.1
SEC_028,2024-04-01,3,Foodgrain,1.4
SEC_017,2024-07-16,10,Steel,0.79
SEC_048,2024-06-27,1,Other,0.74
SEC_026,2024-08-13,9,Other,0.71
SEC_030,2024-10-22,3,Foodgrain,1.3
SEC_010,2024-10-10,17,Coal,1.22
SEC_021,2024-01-22,12,Foodgrain,1.1
SEC_031,2024-06-30,2,Steel,0.8
SEC_021,2024-02-24,7,Other,1.18
SEC_038,2024-07-06,6,Cement,0.77
SEC_007,2024-07-15,7,Other,0.79
SEC_008,2024-12-30,15,Steel,1.24
SEC_017,2024-05-22,5,Steel,1.0
SEC_016,2024-06-14,9,Foodgrain,0.86
SEC_040,2024-07-06,4,Other,0.83
SEC_043,2024-02-17,15,Foodgrain,1.18
SEC_024,2024-01-22,2,Steel,1.1
SEC_025,2024-09-16,9,Other,1.03
SEC_015,2024-04-20,4,Steel,1.0
SEC_027,2024-05-12,3,Other,1.07
SEC_035,2024-12-29,16,Cement,1.21
SEC_036,2024-03-31,2,Coal,1.06
SEC_048,2024-11-26,13,Foodgrain,1.31
SEC_029,2024-08-18,5,Cement,0.86
SEC_017,2024-04-07,3,Other,1.07
SEC_004,2024-12-15,14,Foodgrain,1.07
SEC_034,2024-08-15,7,Coal,0.78
SEC_040,2024-04-24,2,Steel,1.06
SEC_028,2024-06-14,5,Other,0.78
SEC_046,2024-05-16,12,Foodgrain,1.07
SEC_016,2024-11-05,12,Steel,1.17
SEC_003,2024-06-19,11,Other,0.8
SEC_032,2024-01-14,11,Foodgrain,1.24
SEC_006,2024-09-08,3,Cement,1.0
SEC_005,2024-10-04,14,Coal,1.26
SEC_035,2024-05-24,14,Foodgrain,0.97
SEC_022,2024-12-03,8,Coal,1.16
SEC_030,2024-06-04,2,Coal,0.74
SEC_037,2024-04-06,4,Foodgrain,1.42
SEC_019,2024-09-13,5,Cement,0.99
SEC_030,2024-02-16,6,Coal,1.18
SEC_027,2024-12-26,13,Foodgrain,1.06
SEC_029,2024-09-07,7,Foodgrain,0.98
SEC_035,2024-04-25,12,Foodgrain,1.48
SEC_019,2024-01-30,4,Other,1.12
SEC_025,2024-08-02,4,Other,0.72
SEC_029,2024-08-02,7,Coal,0.74
SEC_007,2024-10-17,10,Other,1.22
SEC_011,2024-04-13,4,Coal,1.04
SEC_005,2024-03-18,5,Other,0.99
SEC_010,2024-05-31,4,Cement,1.05
SEC_022,2024-10-26,15,Cement,1.38
SEC_046,2024-11-28,9,Steel,1.29
SEC_046,2024-05-09,14,Foodgrain,0.98
SEC_038,2024-01-18,10,Foodgrain,1.16
SEC_028,2024-02-10,8,Steel,1.19
SEC_010,2024-07-18,9,Foodgrain,0.75
SEC_018,2024-01-10,3,Other,1.14
SEC_038,2024-09-21,13,Coal,1.05
SEC_045,2024-01-13,13,Foodgrain,1.18
SEC_048,2024-06-04,6,Steel,0.83
SEC_020,2024-10-18,5,Steel,1.35
SEC_024,2024-06-20,11,Foodgrain,0.81
SEC_025,2024-09-04,2,Coal,0.99
SEC_003,2024-05-02,6,Coal,0.99
SEC_006,2024-10-17,4,Other,1.19
SEC_003,2024-06-05,3,Steel,0.88
SEC_037,2024-10-02,9,Steel,1.25
SEC_011,2024-12-14,7,Cement,1.21
SEC_035,2024-05-19,6,Cement,1.0
SEC_019,2024-03-25,4,Other,0.98
SEC_039,2024-12-07,3,Cement,1.09
SEC_006,2024-09-06,14,Steel,1.07
SEC_016,2024-11-17,12,Steel,1.3
SEC_011,2024-05-18,12,Cement,1.01
SEC_022,2024-05-07,8,Other,1.05
SEC_028,2024-02-15,14,Other,1.13
SEC_009,2024-10-09,7,Other,1.21
SEC_033,2024-11-04,10,Cement,1.2
SEC_048,2024-10-26,11,Coal,1.17
SEC_003,2024-04-16,7,Foodgrain,1.33
SEC_005,2024-06-27,8,Coal,0.86
SEC_047,2024-06-29,2,Foodgrain,0.75
SEC_032,2024-02-14,2,Cement,1.18
SEC_046,2024-01-01,4,Cement,1.06
SEC_035,2024-05-02,6,Steel,1.02
SEC_036,2024-07-05,4,Cement,0.85
SEC_008,2024-12-27,14,Steel,1.13
SEC_026,2024-11-15,15,Cement,1.37
SEC_018,2024-09-19,6,Other,1.02
SEC_041,2024-12-18,9,Steel,1.13
SEC_003,2024-10-10,12,Coal,1.25
SEC_001,2024-07-11,12,Other,0.89
SEC_028,2024-11-29,15,Foodgrain,1.25
SEC_048,2024-12-02,8,Steel,1.05
SEC_049,2024-03-15,9,Steel,0.99
SEC_030,2024-04-13,4,Foodgrain,1.36
SEC_022,2024-12-20,8,Steel,1.21
SEC_014,2024-01-03,5,Other,1.2
SEC_049,2024-07-08,8,Steel,0.85
SEC_009,2024-05-20,8,Foodgrain,1.0
SEC_007,2024-09-29,8,Steel,0.96
SEC_025,2024-12-16,2,Cement,1.06
SEC_020,2024-04-26,4,Cement,1.06
SEC_025,2024-03-21,21,Foodgrain,1.48
SEC_045,2024-04-30,10,Other,0.96
SEC_014,2024-09-18,11,Steel,1.04
SEC_043,2024-05-11,5,Foodgrain,1.08
SEC_011,2024-08-23,5,Cement,0.85
SEC_016,2024-05-07,6,Other,1.02
SEC_001,2024-09-27,4,Steel,1.06
SEC_034,2024-01-23,16,Coal,1.11
SEC_043,2024-05-05,6,Cement,1.07
SEC_044,2024-04-23,14,Foodgrain,1.35
SEC_009,2024-08-06,9,Coal,0.75
SEC_038,2024-08-24,3,Other,0.73
SEC_007,2024-09-23,7,Foodgrain,1.0
SEC_031,2024-11-26,4,Cement,1.21
SEC_035,2024-10-18,17,Steel,1.24
SEC_008,2024-01-16,10,Other,1.14
SEC_006,2024-09-05,8,Foodgrain,1.0
SEC_004,2024-01-07,3,Foodgrain,1.16
SEC_035,2024-05-31,9,Foodgrain,1.08
SEC_031,2024-08-04,7,Other,0.81
SEC_006,2024-04-26,3,Cement,1.01
SEC_025,2024-09-13,8,Coal,1.05
SEC_039,2024-10-18,13,Other,1.22
SEC_012,2024-08-10,10,Coal,0.7
SEC_030,2024-07-11,2,Foodgrain,0.77
SEC_015,2024-12-22,17,Steel,1.21
SEC_013,2024-08-26,6,Foodgrain,0.71
SEC_020,2024-03-24,6,Other,1.05
SEC_018,2024-08-28,9,Coal,0.81
SEC_025,2024-06-25,12,Coal,0.86
SEC_011,2024-01-09,15,Other,1.18
SEC_020,2024-12-01,11,Steel,1.25
SEC_031,2024-10-18,12,Foodgrain,1.28
SEC_019,2024-08-14,2,Other,0.85
SEC_033,2024-09-03,8,Cement,1.03
SEC_006,2024-07-30,9,Cement,0.79
SEC_007,2024-05-05,9,Coal,0.97
SEC_043,2024-12-07,12,Steel,1.23
SEC_023,2024-07-21,6,Foodgrain,0.72
SEC_030,2024-05-04,4,Coal,0.98
SEC_037,2024-09-07,14,Cement,0.97
SEC_008,2024-02-27,10,Cement,1.07
SEC_048,2024-04-26,8,Steel,1.1
SEC_021,2024-02-17,4,Other,1.06
SEC_044,2024-02-01,8,Other,1.12
SEC_021,2024-10-27,11,Cement,1.36
SEC_020,2024-06-08,7,Steel,0.82
SEC_030,2024-11-09,18,Coal,1.25
SEC_010,2024-08-21,9,Cement,0.72
SEC_030,2024-03-26,18,Foodgrain,1.41
SEC_049,2024-03-18,3,Cement,1.03
SEC_032,2024-06-16,5,Foodgrain,0.74
SEC_004,2024-02-04,2,Coal,1.12
SEC_035,2024-08-02,5,Other,0.77
SEC_002,2024-06-17,5,Other,0.76
SEC_006,2024-02-20,10,Cement,1.2
SEC_014,2024-07-11,5,Coal,0.89
SEC_015,2024-11-06,4,Other,1.37
SEC_001,2024-11-28,16,Other,1.24
SEC_001,2024-06-02,6,Foodgrain,0.72
SEC_039,2024-01-27,12,Foodgrain,1.08
SEC_023,2024-11-12,15,Coal,1.28
SEC_010,2024-07-20,2,Cement,0.75
SEC_022,2024-10-05,19,Cement,1.37
SEC_034,2024-01-17,14,Steel,1.13
SEC_036,2024-04-17,4,Cement,1.0
SEC_015,2024-04-14,12,Steel,1.05
SEC_009,2024-09-19,6,Coal,1.02
SEC_048,2024-09-06,15,Coal,1.09
SEC_031,2024-09-28,14,Cement,1.02
SEC_049,2024-05-25,5,Steel,1.08
SEC_016,2024-04-23,7,Coal,1.02
SEC_006,2024-03-10,6,Other,0.98
SEC_019,2024-04-02,5,Cement,1.05
SEC_017,2024-03-01,11,Steel,1.07
SEC_036,2024-10-28,12,Cement,1.31
SEC_036,2024-09-05,9,Foodgrain,1.0
SEC_004,2024-09-05,14,Coal,1.05
SEC_029,2024-11-20,15,Steel,1.37
SEC_017,2024-09-27,12,Cement,1.02
SEC_031,2024-04-27,14,Cement,1.05
SEC_020,2024-04-24,4,Foodgrain,1.37
SEC_027,2024-02-16,15,Other,1.17
SEC_036,2024-09-21,4,Foodgrain,1.07
SEC_015,2024-11-16,10,Coal,1.24
SEC_010,2024-09-18,14,Other,1.07
SEC_035,2024-06-21,8,Coal,0.75
SEC_047,2024-05-01,2,Other,0.96
SEC_022,2024-06-09,2,Coal,0.72
SEC_049,2024-04-08,5,Steel,0.95
SEC_010,2024-03-01,12,Coal,1.02
SEC_041,2024-06-06,8,Cement,0.86
SEC_049,2024-03-27,15,Steel,1.08
SEC_015,2024-09-27,2,Foodgrain,1.1
SEC_008,2024-11-27,10,Coal,1.29
SEC_033,2024-03-11,10,Other,0.98
SEC_043,2024-01-03,13,Foodgrain,1.15
SEC_005,2024-11-15,8,Steel,1.25
SEC_032,2024-04-17,8,Coal,1.01
SEC_043,2024-04-03,5,Foodgrain,1.37
SEC_002,2024-11-09,13,Cement,1.33
SEC_026,2024-11-03,7,Coal,1.34
SEC_004,2024-07-31,6,Foodgrain,0.79
SEC_009,2024-02-27,16,Other,1.12
SEC_024,2024-09-15,9,Other,1.09
SEC_017,2024-09-27,2,Other,0.96
SEC_005,2024-06-11,5,Other,0.75
SEC_040,2024-07-24,11,Steel,0.85
SEC_010,2024-07-15,10,Coal,0.75
SEC_043,2024-08-30,2,Foodgrain,0.86
SEC_009,2024-07-07,3,Cement,0.87
SEC_026,2024-12-22,5,Steel,1.05
SEC_036,2024-01-13,6,Steel,1.24
SEC_024,2024-01-20,7,Coal,1.1
SEC_021,2024-02-25,12,Foodgrain,1.24
SEC_037,2024-02-24,12,Coal,1.08
SEC_001,2024-07-01,4,Cement,0.79
SEC_041,2024-01-29,8,Other,1.13
SEC_034,2024-03-10,7,Other,1.05
SEC_038,2024-07-09,2,Steel,0.79
SEC_021,2024-11-25,14,Coal,1.28
SEC_019,2024-10-20,12,Foodgrain,1.19
SEC_029,2024-03-20,12,Cement,1.07
SEC_032,2024-01-21,11,Other,1.24
SEC_046,2024-09-27,14,Coal,1.01
SEC_043,2024-10-12,15,Coal,1.17
SEC_003,2024-12-06,17,Coal,1.24
SEC_008,2024-06-07,9,Foodgrain,0.79
SEC_047,2024-01-22,10,Coal,1.07
SEC_020,2024-12-10,14,Other,1.13
SEC_029,2024-04-15,7,Steel,1.04
SEC_003,2024-05-20,7,Other,0.98
SEC_006,2024-05-31,4,Steel,0.96
SEC_021,2024-12-26,15,Steel,1.1
SEC_036,2024-05-12,13,Coal,1.02
SEC_038,2024-07-22,8,Steel,0.86
SEC_044,2024-07-03,6,Cement,0.75
SEC_010,2024-12-28,12,Cement,1.08
SEC_010,2024-12-14,6,Cement,1.21
SEC_027,2024-08-19,11,Coal,0.88
SEC_027,2024-02-08,3,Steel,1.06
SEC_002,2024-05-06,9,Foodgrain,1.08
SEC_022,2024-08-31,11,Other,0.86
SEC_044,2024-10-21,17,Steel,1.33
SEC_009,2024-10-02,15,Coal,1.36
SEC_041,2024-06-27,1,Other,0.74
SEC_022,2024-09-02,7,Foodgrain,1.06
SEC_026,2024-04-23,12,Steel,0.98
SEC_032,2024-08-20,8,Steel,0.86
SEC_035,2024-06-24,3,Foodgrain,0.83
SEC_032,2024-09-07,12,Foodgrain,1.03
SEC_006,2024-11-15,15,Cement,1.26
SEC_015,2024-10-27,11,Cement,1.2
SEC_042,2024-09-25,13,Coal,1.09
SEC_002,2024-10-08,17,Coal,1.31
SEC_036,2024-03-04,12,Cement,0.95
SEC_026,2024-03-08,12,Other,1.03
SEC_006,2024-11-02,9,Other,1.33
SEC_007,2024-07-16,2,Other,0.77
SEC_049,2024-06-06,2,Cement,0.79
SEC_002,2024-08-31,11,Steel,0.82
SEC_002,2024-01-31,12,Coal,1.22
SEC_001,2024-03-01,12,Cement,1.1
SEC_031,2024-02-23,12,Other,1.11
SEC_046,2024-07-26,4,Foodgrain,0.89
SEC_009,2024-01-25,12,Coal,1.23
SEC_039,2024-01-17,16,Cement,1.13
SEC_036,2024-09-04,3,Steel,1.05
SEC_012,2024-09-25,5,Cement,0.97
SEC_004,2024-04-04,14,Coal,1.05
SEC_024,2024-09-09,7,Steel,1.02
SEC_004,2024-02-05,3,Cement,1.11
SEC_006,2024-05-29,7,Other,0.99
SEC_023,2024-05-13,2,Steel,0.97
SEC_040,2024-05-06,5,Cement,1.04
SEC_049,2024-11-13,3,Steel,1.27
SEC_031,2024-01-29,8,Cement,1.17
SEC_014,2024-08-18,4,Foodgrain,0.9
SEC_017,2024-04-10,13,Cement,1.02
SEC_031,2024-06-26,8,Steel,0.74
SEC_009,2024-03-14,7,Coal,0.96
SEC_026,2024-09-25,2,Cement,0.99
SEC_038,2024-01-23,9,Coal,1.11
SEC_042,2024-01-28,4,Foodgrain,1.12
SEC_003,2024-04-30,3,Coal,0.97
SEC_015,2024-11-19,16,Foodgrain,1.23
SEC_013,2024-01-09,12,Coal,1.2
SEC_028,2024-03-06,14,Coal,1.09
SEC_010,2024-06-28,10,Other,0.81
SEC_047,2024-01-08,7,Other,1.23
SEC_045,2024-07-14,2,Foodgrain,0.89
SEC_017,2024-05-12,11,Steel,1.04
SEC_020,2024-08-24,4,Cement,0.73
SEC_022,2024-01-22,11,Steel,1.1
SEC_003,2024-03-05,5,Coal,0.98
SEC_044,2024-03-02,7,Steel,1.01
SEC_039,2024-09-26,11,Cement,1.03
SEC_017,2024-09-27,7,Other,0.96
SEC_027,2024-02-12,14,Cement,1.15
SEC_019,2024-05-28,5,Cement,1.04
SEC_012,2024-09-14,9,Cement,1.01
SEC_015,2024-01-03,9,Coal,1.22
SEC_006,2024-02-06,5,Cement,1.2
SEC_040,2024-08-23,10,Coal,0.83
SEC_033,2024-07-25,4,Foodgrain,0.88
SEC_046,2024-09-15,10,Foodgrain,0.95
SEC_001,2024-06-19,6,Cement,0.8
SEC_031,2024-11-26,12,Coal,1.37
SEC_028,2024-02-15,16,Other,1.15
SEC_031,2024-02-26,6,Cement,1.14
SEC_049,2024-08-20,6,Steel,0.78
SEC_020,2024-11-09,11,Steel,1.22
SEC_007,2024-01-09,11,Coal,1.12
SEC_001,2024-09-16,14,Steel,1.02
SEC_025,2024-12-21,15,Coal,1.22
SEC_009,2024-07-25,12,Cement,0.86
SEC_007,2024-10-31,2,Cement,1.25
SEC_008,2024-04-05,6,Foodgrain,1.46
SEC_014,2024-10-21,5,Other,1.3
SEC_006,2024-06-16,5,Coal,0.86
SEC_024,2024-04-19,6,Other,1.04
SEC_033,2024-03-13,12,Steel,1.03
SEC_015,2024-11-08,17,Cement,1.3
SEC_007,2024-09-19,6,Other,1.0
SEC_029,2024-10-15,5,Coal,1.33
SEC_005,2024-09-14,6,Other,1.01
SEC_037,2024-04-03,13,Other,0.99
SEC_019,2024-03-11,13,Cement,1.07
SEC_021,2024-08-25,8,Coal,0.73
SEC_013,2024-04-02,10,Other,0.99
SEC_014,2024-08-25,7,Steel,0.75
SEC_008,2024-11-25,5,Coal,1.21
SEC_028,2024-10-01,5,Cement,1.25
SEC_008,2024-06-21,4,Coal,0.74
SEC_034,2024-11-28,13,Foodgrain,1.31
SEC_013,2024-07-20,9,Coal,0.79
SEC_028,2024-06-20,1,Cement,0.7
SEC_027,2024-12-16,11,Coal,1.22
SEC_032,2024-05-02,4,Cement,1.04
SEC_038,2024-03-16,11,Other,0.95
SEC_028,2024-02-20,5,Coal,1.09
SEC_042,2024-08-17,8,Coal,0.78
SEC_013,2024-07-05,3,Other,0.74
SEC_037,2024-10-10,16,Foodgrain,1.25
SEC_017,2024-02-23,17,Foodgrain,1.22
SEC_031,2024-04-26,13,Steel,0.95
SEC_025,2024-02-14,17,Foodgrain,1.24
SEC_045,2024-04-23,12,Other,1.07
SEC_014,2024-12-17,10,Other,1.09
SEC_026,2024-11-24,5,Other,1.27
SEC_009,2024-06-30,4,Steel,0.73
SEC_032,2024-02-06,14,Cement,1.23
SEC_002,2024-12-30,5,Foodgrain,1.24
SEC_021,2024-02-27,6,Steel,1.15
SEC_001,2024-02-07,5,Steel,1.09
SEC_017,2024-05-30,6,Other,0.99
SEC_024,2024-12-10,8,Coal,1.15
SEC_017,2024-10-19,6,Other,1.15
SEC_019,2024-05-11,12,Other,0.99
SEC_008,2024-06-15,2,Cement,0.71
SEC_036,2024-01-23,16,Coal,1.14
SEC_040,2024-04-09,11,Cement,1.09
SEC_023,2024-09-02,7,Coal,0.98
SEC_003,2024-06-02,2,Steel,0.85
SEC_004,2024-12-24,15,Coal,1.15
SEC_034,2024-06-12,10,Cement,0.79
SEC_046,2024-11-05,7,Foodgrain,1.37
SEC_043,2024-09-23,2,Other,1.1
SEC_020,2024-07-04,9,Cement,0.78
SEC_025,2024-11-13,15,Steel,1.16
SEC_008,2024-11-14,2,Cement,1.2
SEC_004,2024-04-27,9,Steel,0.95
SEC_038,2024-04-11,10,Steel,1.03
SEC_021,2024-09-16,5,Steel,1.03
SEC_025,2024-01-10,8,Cement,1.2
SEC_017,2024-09-13,11,Other,1.06
SEC_016,2024-06-08,11,Other,0.77
SEC_049,2024-10-07,14,Foodgrain,1.28
SEC_040,2024-02-17,13,Coal,1.15
SEC_034,2024-07-29,8,Other,0.8
SEC_020,2024-07-15,8,Steel,0.79
SEC_036,2024-01-06,7,Cement,1.17
SEC_017,2024-07-11,7,Foodgrain,0.76
SEC_026,2024-08-28,1,Steel,0.71
SEC_008,2024-05-28,4,Steel,1.08
SEC_035,2024-08-12,12,Foodgrain,0.89
SEC_003,2024-04-29,18,Foodgrain,1.39
SEC_036,2024-08-11,4,Coal,0.9
SEC_030,2024-03-30,6,Steel,1.04
SEC_004,2024-04-12,18,Foodgrain,1.37
SEC_025,2024-01-26,4,Cement,1.2
SEC_011,2024-02-05,14,Foodgrain,1.18
SEC_024,2024-02-19,6,Coal,1.1
SEC_001,2024-03-10,17,Foodgrain,1.39
SEC_036,2024-09-20,3,Other,1.06
SEC_025,2024-03-20,9,Steel,0.97
SEC_018,2024-05-10,4,Cement,1.02
SEC_043,2024-03-04,9,Foodgrain,1.49
SEC_032,2024-06-04,10,Steel,0.87
SEC_030,2024-03-30,6,Other,1.04
SEC_008,2024-04-30,5,Other,1.02
SEC_025,2024-01-26,11,Coal,1.14
SEC_035,2024-07-03,6,Cement,0.78
SEC_046,2024-04-08,13,Other,1.09
SEC_030,2024-08-26,4,Foodgrain,0.71
SEC_009,2024-12-31,2,Foodgrain,1.15
SEC_034,2024-06-26,3,Other,0.84
SEC_004,2024-07-06,10,Cement,0.76
SEC_016,2024-10-30,6,Other,1.27
SEC_045,2024-05-06,12,Coal,1.0
SEC_040,2024-02-21,5,Foodgrain,1.06
SEC_045,2024-09-20,13,Coal,0.99
SEC_018,2024-08-25,5,Steel,0.9
SEC_034,2024-06-20,4,Cement,0.83
SEC_035,2024-05-21,3,Other,1.09
SEC_013,2024-01-11,6,Other,1.14
SEC_047,2024-07-22,9,Cement,0.79
SEC_048,2024-07-19,6,Foodgrain,0.77
SEC_006,2024-07-07,7,Foodgrain,0.81
SEC_038,2024-04-21,10,Coal,1.0
SEC_022,2024-02-25,7,Cement,1.17
SEC_034,2024-07-28,3,Cement,0.75
SEC_028,2024-08-14,4,Coal,0.72
SEC_011,2024-03-04,13,Other,1.01
SEC_005,2024-02-14,12,Steel,1.11
SEC_026,2024-06-25,8,Cement,0.77
SEC_042,2024-01-18,3,Coal,1.15
SEC_041,2024-03-11,6,Coal,0.99
SEC_014,2024-08-20,10,Cement,0.89
SEC_043,2024-04-19,3,Foodgrain,1.36
SEC_018,2024-06-17,12,Coal,0.83
SEC_028,2024-09-08,8,Other,1.02
SEC_016,2024-03-05,15,Other,1.04
SEC_026,2024-03-24,11,Coal,0.97
SEC_026,2024-04-18,7,Cement,0.96
SEC_035,2024-06-01,5,Coal,0.79
SEC_024,2024-07-23,6,Cement,0.86
SEC_026,2024-01-27,2,Cement,1.18
SEC_032,2024-06-22,11,Cement,0.77
SEC_021,2024-09-08,7,Foodgrain,1.04
SEC_026,2024-11-07,10,Coal,1.2
SEC_005,2024-07-16,3,Steel,0.85
SEC_043,2024-08-17,8,Other,0.87
SEC_007,2024-10-24,7,Cement,1.31
SEC_043,2024-09-23,5,Steel,1.03
SEC_038,2024-07-14,8,Other,0.87
SEC_047,2024-07-26,8,Foodgrain,0.82
SEC_002,2024-12-29,15,Other,1.14
SEC_011,2024-10-04,7,Other,1.17
SEC_003,2024-03-29,4,Coal,1.05
SEC_021,2024-06-15,2,Other,0.78
SEC_045,2024-09-28,8,Other,1.06
SEC_038,2024-07-10,2,Other,0.82
SEC_035,2024-06-07,8,Cement,0.71
SEC_042,2024-08-10,10,Cement,0.89
SEC_001,2024-05-17,6,Steel,1.06
SEC_039,2024-09-05,2,Coal,1.01
SEC_016,2024-09-24,4,Coal,1.03
SEC_034,2024-11-24,16,Coal,1.17
SEC_038,2024-12-15,2,Other,1.11
SEC_034,2024-09-17,9,Steel,1.01
SEC_021,2024-10-03,7,Coal,1.4
SEC_030,2024-10-09,12,Cement,1.16
SEC_023,2024-04-30,13,Coal,1.01
SEC_031,2024-12-01,16,Foodgrain,1.2
SEC_023,2024-07-05,11,Cement,0.82
SEC_020,2024-11-13,3,Foodgrain,1.27
SEC_010,2024-03-20,11,Cement,1.1
SEC_019,2024-04-23,9,Coal,0.96
SEC_036,2024-08-15,7,Steel,0.8
SEC_043,2024-07-30,3,Foodgrain,0.86
SEC_006,2024-05-27,3,Cement,1.05
SEC_009,2024-03-21,12,Foodgrain,1.36
SEC_025,2024-03-24,11,Cement,0.96
SEC_035,2024-09-23,2,Cement,1.08
SEC_009,2024-01-08,2,Other,1.23
SEC_016,2024-02-13,8,Cement,1.15
SEC_003,2024-12-04,15,Cement,1.05
SEC_003,2024-12-24,15,Cement,1.23
SEC_008,2024-01-29,10,Coal,1.06
SEC_036,2024-02-22,11,Steel,1.25
SEC_043,2024-04-30,5,Other,0.98
SEC_025,2024-08-02,6,Coal,0.71
SEC_009,2024-03-10,12,Foodgrain,1.44
SEC_046,2024-12-25,14,Cement,1.11
SEC_014,2024-06-29,10,Foodgrain,0.87
SEC_008,2024-07-15,8,Coal,0.79
SEC_007,2024-03-12,14,Coal,0.97
SEC_018,2024-04-22,15,Cement,1.06
SEC_037,2024-09-26,11,Foodgrain,1.03
SEC_020,2024-08-19,9,Cement,0.73
SEC_022,2024-03-23,9,Coal,0.97
SEC_017,2024-06-10,7,Foodgrain,0.72
SEC_047,2024-03-08,13,Foodgrain,1.42
SEC_034,2024-05-29,9,Other,1.07
SEC_033,2024-03-20,4,Coal,1.09
SEC_022,2024-12-24,9,Cement,1.16
SEC_027,2024-04-18,10,Cement,0.98
SEC_044,2024-06-22,9,Foodgrain,0.86
SEC_033,2024-08-22,7,Coal,0.74
SEC_040,2024-01-16,13,Coal,1.15
SEC_002,2024-03-17,8,Cement,1.1
SEC_043,2024-12-27,14,Cement,1.25
SEC_047,2024-09-12,9,Cement,1.01
SEC_033,2024-03-29,13,Cement,1.02
SEC_047,2024-06-06,4,Steel,0.85
SEC_028,2024-11-09,8,Steel,1.28
SEC_014,2024-03-13,9,Other,0.96
SEC_030,2024-04-19,7,Cement,0.96
SEC_031,2024-03-28,6,Foodgrain,1.39
SEC_008,2024-08-31,4,Foodgrain,0.79
SEC_010,2024-07-12,11,Cement,0.86
SEC_015,2024-07-02,4,Steel,0.83
SEC_027,2024-05-18,2,Foodgrain,1.03
SEC_008,2024-04-30,2,Coal,1.1
SEC_038,2024-07-07,6,Cement,0.81
SEC_006,2024-10-19,12,Foodgrain,1.16
SEC_047,2024-10-24,6,Other,1.3
SEC_034,2024-10-14,18,Steel,1.37
SEC_017,2024-01-17,13,Foodgrain,1.22
SEC_019,2024-06-28,2,Coal,0.86
SEC_034,2024-05-24,10,Other,1.03
SEC_005,2024-12-08,12,Steel,1.12
SEC_036,2024-06-01,9,Coal,0.79
SEC_028,2024-03-31,14,Cement,1.03
SEC_011,2024-04-01,14,Other,0.99
SEC_044,2024-03-12,4,Coal,1.01
SEC_031,2024-06-10,2,Foodgrain,0.77
SEC_009,2024-04-06,9,Foodgrain,1.48
SEC_033,2024-07-26,4,Coal,0.87
SEC_021,2024-03-25,7,Steel,1.03
SEC_038,2024-08-02,8,Cement,0.9
SEC_025,2024-08-13,8,Other,0.79
SEC_049,2024-09-02,5,Coal,1.05
SEC_046,2024-11-19,14,Cement,1.28
SEC_002,2024-01-29,10,Other,1.23
SEC_021,2024-01-20,5,Cement,1.2
SEC_010,2024-06-17,5,Other,0.74
SEC_023,2024-07-07,7,Other,0.71
SEC_008,2024-10-04,7,Cement,1.39
SEC_027,2024-03-24,10,Coal,0.97
SEC_008,2024-06-15,12,Steel,0.83
SEC_031,2024-08-11,9,Foodgrain,0.8
SEC_023,2024-08-28,10,Other,0.76
SEC_049,2024-07-17,7,Steel,0.71
SEC_044,2024-08-04,3,Other,0.86
SEC_030,2024-03-01,2,Cement,1.04
SEC_022,2024-06-19,7,Cement,0.85
SEC_036,2024-07-17,9,Coal,0.8
SEC_033,2024-01-29,10,Steel,1.23
SEC_007,2024-12-20,9,Foodgrain,1.16
SEC_019,2024-08-19,8,Foodgrain,0.83
SEC_049,2024-09-19,11,Other,0.99
SEC_016,2024-07-14,10,Steel,0.71
SEC_001,2024-12-06,16,Other,1.11
SEC_041,2024-01-03,8,Other,1.25
SEC_046,2024-12-16,6,Cement,1.17
SEC_033,2024-03-16,6,Steel,1.0
SEC_032,2024-11-19,4,Coal,1.17
SEC_018,2024-01-23,2,Steel,1.08
SEC_018,2024-04-24,9,Cement,1.02
SEC_045,2024-07-27,4,Steel,0.9
SEC_043,2024-08-28,8,Other,0.76
SEC_025,2024-01-06,15,Foodgrain,1.22
SEC_016,2024-05-11,7,Steel,0.98
SEC_010,2024-11-04,5,Cement,1.33
SEC_001,2024-03-08,9,Coal,1.09
SEC_024,2024-12-12,9,Other,1.13
SEC_028,2024-09-16,2,Foodgrain,0.95
SEC_034,2024-12-23,13,Other,1.1
SEC_040,2024-11-26,11,Other,1.2
SEC_018,2024-03-23,4,Coal,1.05
SEC_009,2024-12-10,10,Other,1.13
SEC_042,2024-06-30,9,Coal,0.72
SEC_038,2024-04-04,8,Cement,1.05
SEC_027,2024-11-22,18,Steel,1.36
SEC_002,2024-06-21,9,Steel,0.73
SEC_023,2024-09-08,10,Other,1.09
SEC_031,2024-08-11,5,Steel,0.86
SEC_043,2024-04-19,14,Other,1.09
SEC_025,2024-12-25,7,Coal,1.07
SEC_023,2024-11-01,5,Coal,1.35
SEC_019,2024-07-12,10,Steel,0.86
SEC_021,2024-07-29,3,Steel,0.87
SEC_001,2024-01-26,4,Other,1.11
SEC_006,2024-09-24,13,Other,0.96
SEC_038,2024-11-28,12,Foodgrain,1.3
SEC_018,2024-12-20,16,Foodgrain,1.17
SEC_042,2024-07-23,4,Steel,0.72
SEC_020,2024-12-31,3,Foodgrain,1.16
SEC_049,2024-10-19,13,Steel,1.33
SEC_009,2024-07-03,10,Steel,0.82
SEC_010,2024-10-19,7,Cement,1.23
SEC_029,2024-02-27,4,Coal,1.18
SEC_040,2024-09-04,8,Steel,1.03
SEC_008,2024-08-14,4,Coal,0.89
SEC_025,2024-06-29,11,Foodgrain,0.81
SEC_011,2024-08-23,10,Cement,0.82
SEC_037,2024-11-07,10,Foodgrain,1.19
SEC_028,2024-07-28,11,Cement,0.82
SEC_033,2024-05-18,12,Foodgrain,1.05
SEC_014,2024-06-03,7,Steel,0.85
SEC_015,2024-07-26,7,Other,0.89
SEC_032,2024-07-31,5,Cement,0.87
SEC_018,2024-04-24,13,Coal,0.97
SEC_034,2024-07-14,6,Coal,0.88
SEC_008,2024-04-15,9,Cement,1.04
SEC_015,2024-12-11,2,Coal,1.12
SEC_005,2024-07-14,3,Coal,0.84
SEC_005,2024-11-02,7,Coal,1.21
SEC_013,2024-05-18,3,Other,1.07
SEC_024,2024-05-24,5,Coal,0.98
SEC_008,2024-04-15,14,Steel,1.05
SEC_005,2024-07-27,8,Other,0.7
SEC_043,2024-08-13,8,Coal,0.81
SEC_026,2024-07-26,2,Steel,0.88
SEC_036,2024-11-02,15,Other,1.33
SEC_036,2024-07-05,9,Coal,0.85
SEC_005,2024-10-27,10,Steel,1.2
SEC_031,2024-01-22,3,Cement,1.14
SEC_043,2024-05-11,6,Coal,1.05
SEC_022,2024-09-17,14,Steel,0.99
SEC_043,2024-05-20,14,Steel,1.09
SEC_047,2024-09-24,2,Steel,1.0
SEC_027,2024-08-04,2,Steel,0.78
SEC_005,2024-06-26,5,Steel,0.87
SEC_031,2024-07-23,6,Cement,0.79
SEC_044,2024-11-25,15,Coal,1.37
SEC_029,2024-09-05,12,Steel,1.03
SEC_040,2024-12-26,6,Coal,1.05
SEC_027,2024-02-05,4,Coal,1.2
SEC_021,2024-10-24,17,Cement,1.21
SEC_047,2024-11-22,8,Foodgrain,1.38
SEC_008,2024-12-05,17,Foodgrain,1.18
SEC_022,2024-07-16,10,Steel,0.83
SEC_008,2024-06-27,11,Coal,0.89
SEC_033,2024-08-01,11,Other,0.82
SEC_046,2024-11-30,3,Cement,1.34
SEC_049,2024-11-13,13,Foodgrain,1.22
SEC_012,2024-12-08,9,Coal,1.17
SEC_036,2024-12-20,13,Other,1.12
SEC_043,2024-08-16,2,Foodgrain,0.81
SEC_041,2024-04-04,6,Coal,1.02
SEC_025,2024-02-25,15,Coal,1.07
SEC_009,2024-11-24,11,Other,1.37
SEC_023,2024-02-25,9,Coal,1.09
SEC_039,2024-01-26,13,Steel,1.11
SEC_031,2024-06-21,2,Foodgrain,0.81
SEC_020,2024-09-29,7,Steel,1.09
SEC_011,2024-09-26,11,Coal,0.99
SEC_032,2024-04-03,7,Cement,1.0
SEC_021,2024-07-02,4,Coal,0.73
SEC_024,2024-11-23,13,Other,1.19
SEC_046,2024-10-19,14,Foodgrain,1.3
SEC_001,2024-12-01,13,Cement,1.11
SEC_012,2024-10-08,7,Other,1.33
SEC_046,2024-02-03,10,Cement,1.07
SEC_046,2024-03-15,5,Foodgrain,1.37
SEC_015,2024-03-02,2,Coal,1.08
SEC_049,2024-02-18,13,Coal,1.07
SEC_011,2024-11-10,5,Steel,1.29
SEC_003,2024-09-15,12,Steel,1.03
SEC_016,2024-11-30,14,Other,1.27
SEC_027,2024-04-27,19,Foodgrain,1.45
SEC_001,2024-12-24,15,Other,1.15
SEC_009,2024-12-06,4,Steel,1.09
SEC_039,2024-02-08,12,Other,1.1
SEC_031,2024-11-13,12,Steel,1.29
SEC_030,2024-02-10,5,Other,1.18
SEC_049,2024-06-14,3,Foodgrain,0.8
SEC_012,2024-03-07,3,Coal,1.04
SEC_044,2024-07-31,10,Other,0.76
SEC_018,2024-01-07,16,Steel,1.11
SEC_046,2024-11-06,16,Other,1.17
SEC_039,2024-06-23,11,Other,0.8
SEC_011,2024-11-14,18,Steel,1.29
SEC_011,2024-06-07,2,Foodgrain,0.82
SEC_027,2024-07-22,4,Cement,0.85
SEC_025,2024-09-27,12,Other,1.09
SEC_012,2024-12-21,10,Steel,1.22
SEC_013,2024-05-16,9,Foodgrain,0.96
SEC_045,2024-07-09,11,Other,0.89
SEC_037,2024-04-28,10,Foodgrain,1.47
SEC_010,2024-01-16,4,Cement,1.18
SEC_036,2024-11-15,4,Coal,1.17
SEC_008,2024-07-24,1,Cement,0.72
SEC_022,2024-05-16,11,Steel,0.97
SEC_001,2024-10-11,11,Steel,1.34
SEC_032,2024-10-26,15,Other,1.19
SEC_009,2024-12-26,2,Cement,1.14
SEC_012,2024-06-08,3,Foodgrain,0.79
SEC_010,2024-02-08,8,Foodgrain,1.16
SEC_009,2024-06-26,4,Other,0.89
SEC_004,2024-06-10,4,Cement,0.81
SEC_028,2024-03-16,9,Steel,1.08
SEC_043,2024-08-02,5,Foodgrain,0.7
SEC_015,2024-05-31,11,Cement,1.0
SEC_039,2024-11-18,13,Coal,1.2
SEC_027,2024-01-18,6,Coal,1.18
SEC_013,2024-09-19,2,Foodgrain,1.05
SEC_004,2024-08-08,10,Foodgrain,0.8
SEC_039,2024-03-25,10,Coal,0.95
SEC_002,2024-05-08,11,Foodgrain,1.09
SEC_021,2024-11-10,12,Coal,1.32
SEC_002,2024-05-13,4,Cement,1.07
SEC_039,2024-08-31,1,Foodgrain,0.73
SEC_049,2024-07-06,3,Coal,0.73
SEC_016,2024-11-23,5,Foodgrain,1.17
SEC_016,2024-08-29,5,Other,0.88
SEC_028,2024-11-01,7,Coal,1.18
SEC_025,2024-11-26,9,Foodgrain,1.33
SEC_019,2024-02-17,7,Coal,1.09
SEC_018,2024-11-01,6,Other,1.38
SEC_010,2024-12-17,15,Foodgrain,1.17
SEC_013,2024-01-14,16,Cement,1.15
SEC_029,2024-06-15,2,Other,0.8
SEC_036,2024-04-03,12,Coal,1.01
SEC_037,2024-12-25,9,Foodgrain,1.13
SEC_026,2024-05-08,14,Coal,1.03
SEC_037,2024-03-09,9,Cement,0.96
SEC_030,2024-02-04,2,Foodgrain,1.09
SEC_018,2024-10-17,10,Foodgrain,1.38
SEC_018,2024-01-22,11,Steel,1.24
SEC_026,2024-04-21,9,Coal,1.04
SEC_016,2024-07-21,8,Other,0.81
SEC_038,2024-01-17,6,Coal,1.14
SEC_010,2024-03-04,10,Coal,1.04
SEC_003,2024-12-29,15,Steel,1.12
SEC_025,2024-06-16,4,Steel,0.74
SEC_004,2024-04-21,3,Other,1.0
SEC_010,2024-11-14,4,Steel,1.28
SEC_019,2024-01-30,15,Steel,1.09
SEC_001,2024-04-06,3,Steel,0.96
SEC_011,2024-11-10,6,Steel,1.3
SEC_027,2024-10-02,15,Steel,1.39
SEC_019,2024-06-07,9,Cement,0.86
SEC_044,2024-12-24,6,Cement,1.17
SEC_005,2024-07-29,11,Cement,0.82
SEC_036,2024-09-29,14,Other,1.05
SEC_030,2024-12-26,16,Cement,1.16
SEC_032,2024-07-03,4,Cement,0.75
SEC_033,2024-06-24,11,Steel,0.81
SEC_003,2024-08-30,4,Other,0.86
SEC_039,2024-01-25,9,Other,1.24
SEC_017,2024-06-05,7,Coal,0.86
SEC_032,2024-09-09,11,Steel,1.06
SEC_015,2024-05-18,2,Cement,1.07
SEC_020,2024-09-17,13,Steel,1.03
SEC_035,2024-05-27,10,Foodgrain,1.06
SEC_046,2024-03-12,15,Other,1.04
SEC_044,2024-02-23,7,Other,1.05
SEC_036,2024-07-18,2,Other,0.85
SEC_027,2024-03-11,12,Cement,0.96
SEC_026,2024-05-15,11,Other,1.08
SEC_048,2024-07-09,10,Cement,0.81
SEC_011,2024-01-19,6,Foodgrain,1.24
SEC_047,2024-06-02,4,Steel,0.8
SEC_032,2024-04-24,4,Other,1.01
SEC_031,2024-04-24,11,Steel,1.07
SEC_029,2024-11-28,12,Coal,1.29
SEC_040,2024-12-04,13,Cement,1.06
SEC_034,2024-04-19,7,Other,1.05
SEC_005,2024-11-18,13,Other,1.19
SEC_039,2024-03-22,13,Cement,0.95
SEC_036,2024-05-06,8,Other,0.99
SEC_045,2024-12-10,2,Steel,1.1
SEC_046,2024-02-07,14,Coal,1.11
SEC_047,2024-05-19,9,Steel,1.08
SEC_003,2024-10-21,15,Coal,1.23
SEC_031,2024-12-10,4,Cement,1.09
SEC_046,2024-12-13,10,Foodgrain,1.07
SEC_048,2024-11-18,4,Foodgrain,1.22
SEC_027,2024-12-18,12,Other,1.1
SEC_045,2024-06-21,3,Other,0.89
SEC_044,2024-04-28,9,Coal,0.96
SEC_001,2024-05-20,11,Other,0.99
SEC_044,2024-02-14,6,Cement,1.16
SEC_032,2024-02-20,2,Cement,1.05
SEC_029,2024-12-22,2,Other,1.12
SEC_009,2024-03-10,12,Steel,1.1
SEC_046,2024-08-13,5,Other,0.79
SEC_015,2024-03-26,10,Cement,1.04
SEC_021,2024-08-31,4,Cement,0.89
SEC_015,2024-06-21,7,Cement,0.75
SEC_048,2024-02-08,14,Cement,1.19
SEC_024,2024-05-16,14,Foodgrain,1.08
SEC_006,2024-09-24,14,Other,1.07
SEC_001,2024-10-19,4,Coal,1.27
SEC_049,2024-04-15,7,Coal,1.01
SEC_012,2024-04-18,14,Cement,0.97
SEC_038,2024-09-24,13,Foodgrain,1.02
SEC_002,2024-06-04,8,Steel,0.71
SEC_044,2024-01-26,7,Foodgrain,1.23
SEC_032,2024-02-14,12,Coal,1.08
SEC_012,2024-05-16,15,Coal,1.05
SEC_044,2024-04-09,10,Coal,0.97
SEC_015,2024-02-13,10,Other,1.24
SEC_049,2024-10-13,10,Steel,1.28
SEC_030,2024-06-16,3,Other,0.84
SEC_022,2024-09-15,4,Foodgrain,1.04
SEC_003,2024-01-01,13,Steel,1.12
SEC_013,2024-05-27,14,Coal,1.08
SEC_003,2024-06-23,2,Coal,0.85
SEC_042,2024-07-30,3,Foodgrain,0.79
SEC_005,2024-12-20,2,Cement,1.24
SEC_006,2024-06-16,5,Other,0.76
SEC_007,2024-06-28,5,Coal,0.74
SEC_048,2024-11-23,2,Foodgrain,1.17
SEC_048,2024-05-25,13,Coal,0.98
SEC_036,2024-05-24,7,Foodgrain,1.03
SEC_004,2024-02-28,10,Coal,1.16
SEC_025,2024-09-21,8,Steel,1.08
SEC_047,2024-01-08,9,Foodgrain,1.22
SEC_005,2024-03-20,10,Foodgrain,1.4
SEC_039,2024-06-02,3,Coal,0.88
SEC_001,2024-06-07,3,Cement,0.77
SEC_040,2024-01-15,8,Foodgrain,1.17
SEC_027,2024-07-12,6,Other,0.81
SEC_044,2024-12-21,3,Cement,1.06
SEC_021,2024-02-08,10,Other,1.24
SEC_039,2024-06-29,6,Coal,0.89
SEC_042,2024-08-02,10,Foodgrain,0.89
SEC_016,2024-04-28,11,Other,1.06
SEC_032,2024-07-29,3,Coal,0.84
SEC_023,2024-05-04,7,Steel,1.1
SEC_022,2024-02-28,12,Cement,1.21
SEC_040,2024-11-03,3,Coal,1.32
SEC_012,2024-12-31,2,Other,1.05
SEC_006,2024-05-21,4,Other,1.06
SEC_024,2024-02-03,6,Other,1.15
SEC_041,2024-02-29,3,Cement,1.12
SEC_008,2024-11-23,5,Other,1.23
SEC_017,2024-11-18,10,Other,1.26
SEC_033,2024-06-28,4,Steel,0.89
SEC_024,2024-11-14,10,Coal,1.39
SEC_030,2024-03-22,3,Other,0.99
SEC_026,2024-05-26,7,Foodgrain,0.97
SEC_040,2024-02-11,10,Coal,1.16
SEC_043,2024-07-18,3,Foodgrain,0.73
SEC_023,2024-09-12,10,Coal,1.0
SEC_022,2024-12-17,11,Foodgrain,1.14
SEC_014,2024-10-03,13,Cement,1.16
SEC_022,2024-08-31,10,Coal,0.88
SEC_041,2024-09-03,3,Coal,1.03
SEC_025,2024-08-18,2,Other,0.89
SEC_034,2024-06-02,12,Steel,0.85
SEC_021,2024-07-02,2,Coal,0.83
SEC_035,2024-03-04,8,Coal,0.97
SEC_035,2024-01-08,12,Steel,1.15
SEC_026,2024-10-15,8,Coal,1.38
SEC_046,2024-06-30,8,Coal,0.7
SEC_043,2024-11-14,12,Steel,1.36
SEC_008,2024-02-14,11,Cement,1.06
SEC_012,2024-05-23,9,Foodgrain,1.03
SEC_047,2024-04-04,6,Cement,0.96
SEC_020,2024-11-03,14,Steel,1.25
SEC_016,2024-05-17,3,Coal,1.02
SEC_040,2024-08-20,2,Foodgrain,0.78
SEC_030,2024-01-31,13,Other,1.07
SEC_007,2024-07-11,9,Cement,0.86
SEC_005,2024-06-10,3,Steel,0.73
SEC_040,2024-08-11,3,Coal,0.89
SEC_038,2024-08-02,10,Coal,0.79
SEC_018,2024-02-09,12,Other,1.1
SEC_043,2024-01-19,10,Steel,1.08
SEC_007,2024-02-15,7,Coal,1.2
SEC_043,2024-03-20,2,Steel,1.03
SEC_004,2024-09-22,11,Other,0.95
SEC_032,2024-04-08,3,Foodgrain,1.41
SEC_042,2024-12-21,8,Other,1.08
SEC_031,2024-02-01,3,Foodgrain,1.12
SEC_039,2024-07-04,6,Other,0.78
SEC_017,2024-09-18,2,Steel,1.09
SEC_015,2024-01-20,7,Foodgrain,1.22
SEC_014,2024-07-07,6,Foodgrain,0.82
SEC_006,2024-01-25,14,Cement,1.17
SEC_014,2024-10-16,3,Coal,1.34
SEC_013,2024-06-20,3,Coal,0.72
SEC_038,2024-11-12,4,Steel,1.3
SEC_011,2024-08-28,4,Other,0.79
SEC_009,2024-04-25,6,Other,0.99
SEC_036,2024-02-26,12,Coal,1.2
SEC_027,2024-02-27,2,Foodgrain,1.15
SEC_011,2024-01-13,7,Foodgrain,1.17
SEC_035,2024-04-19,6,Other,1.08
SEC_011,2024-09-23,5,Foodgrain,0.97
SEC_039,2024-05-09,4,Cement,1.04
SEC_002,2024-02-23,8,Cement,1.16
SEC_029,2024-01-30,13,Foodgrain,1.14
SEC_030,2024-06-09,8,Cement,0.89
SEC_019,2024-03-17,5,Coal,0.98
SEC_034,2024-09-25,6,Steel,1.1
SEC_019,2024-05-03,11,Other,1.1
SEC_033,2024-02-15,8,Coal,1.15
SEC_011,2024-04-09,11,Foodgrain,1.41
SEC_028,2024-06-11,8,Cement,0.85
SEC_038,2024-01-14,16,Foodgrain,1.16
SEC_048,2024-02-10,13,Other,1.2
SEC_018,2024-12-17,8,Other,1.12
SEC_024,2024-05-07,11,Coal,1.03
SEC_024,2024-09-30,7,Foodgrain,1.09
SEC_043,2024-11-29,12,Cement,1.35
SEC_048,2024-02-11,13,Cement,1.07
SEC_032,2024-09-08,10,Foodgrain,0.97
SEC_041,2024-10-31,7,Foodgrain,1.32
SEC_005,2024-01-09,7,Steel,1.18
SEC_038,2024-04-23,8,Steel,1.02
SEC_040,2024-02-19,13,Coal,1.07
SEC_036,2024-01-12,3,Other,1.1
SEC_029,2024-04-17,7,Cement,1.0
SEC_045,2024-03-07,10,Steel,0.96
SEC_033,2024-11-23,9,Coal,1.29
SEC_042,2024-03-27,17,Foodgrain,1.45
SEC_009,2024-09-30,4,Other,0.99
SEC_033,2024-01-19,3,Other,1.14
SEC_022,2024-08-14,9,Steel,0.78
SEC_043,2024-09-11,2,Foodgrain,1.06
SEC_044,2024-02-25,14,Foodgrain,1.09
SEC_042,2024-06-06,10,Foodgrain,0.83
SEC_011,2024-12-05,5,Steel,1.21
SEC_025,2024-08-12,5,Other,0.77
SEC_001,2024-10-22,14,Cement,1.38
SEC_049,2024-06-04,4,Other,0.75
SEC_013,2024-03-28,10,Coal,1.03
SEC_031,2024-06-20,7,Cement,0.83
SEC_024,2024-05-27,3,Steel,0.97
SEC_045,2024-12-25,2,Cement,1.22
SEC_041,2024-06-05,4,Foodgrain,0.84
SEC_039,2024-08-17,8,Foodgrain,0.84
SEC_032,2024-08-03,3,Foodgrain,0.78
SEC_006,2024-05-15,14,Steel,0.97
SEC_046,2024-05-17,3,Foodgrain,1.08
SEC_004,2024-11-05,4,Other,1.31
SEC_023,2024-03-17,6,Coal,1.03
SEC_019,2024-06-01,2,Coal,0.82
SEC_020,2024-09-01,2,Coal,1.0
SEC_048,2024-01-21,15,Foodgrain,1.16
SEC_012,2024-09-04,6,Steel,0.99
SEC_029,2024-10-31,5,Foodgrain,1.27
SEC_011,2024-06-10,9,Coal,0.85
SEC_045,2024-08-01,11,Coal,0.82
SEC_037,2024-06-27,8,Steel,0.73
SEC_021,2024-08-31,5,Cement,0.73
SEC_004,2024-01-19,12,Coal,1.1
SEC_008,2024-08-13,10,Foodgrain,0.74
SEC_012,2024-06-15,2,Foodgrain,0.79
SEC_020,2024-01-14,9,Steel,1.16
SEC_044,2024-10-19,6,Coal,1.24
SEC_006,2024-02-25,11,Cement,1.24
SEC_029,2024-08-04,4,Foodgrain,0.78
SEC_018,2024-11-07,7,Foodgrain,1.24
SEC_003,2024-12-02,11,Cement,1.22
SEC_031,2024-08-17,4,Coal,0.88
SEC_035,2024-09-19,7,Cement,1.01
SEC_048,2024-08-02,9,Coal,0.81
SEC_025,2024-10-11,15,Foodgrain,1.17
SEC_016,2024-12-23,9,Coal,1.24
SEC_042,2024-06-16,9,Coal,0.79
SEC_013,2024-05-31,2,Foodgrain,1.04
SEC_034,2024-03-04,19,Foodgrain,1.34
SEC_047,2024-12-24,2,Steel,1.24
SEC_001,2024-11-29,6,Steel,1.39
SEC_046,2024-09-15,7,Coal,0.95
SEC_011,2024-08-29,8,Foodgrain,0.71
SEC_024,2024-03-15,11,Foodgrain,1.39
SEC_013,2024-11-28,2,Other,1.16
SEC_008,2024-01-22,2,Foodgrain,1.21
SEC_035,2024-08-14,11,Foodgrain,0.84
SEC_024,2024-04-02,5,Other,1.08
SEC_025,2024-06-15,3,Other,0.82
SEC_024,2024-02-04,3,Foodgrain,1.15
SEC_037,2024-02-19,15,Steel,1.16
SEC_048,2024-05-17,11,Steel,1.09
SEC_026,2024-05-25,13,Steel,1.0
SEC_008,2024-11-18,8,Foodgrain,1.34
SEC_017,2024-08-06,10,Coal,0.77
SEC_025,2024-01-12,8,Foodgrain,1.2
SEC_006,2024-12-06,2,Coal,1.14
SEC_012,2024-08-11,9,Other,0.83
SEC_010,2024-10-30,8,Coal,1.37
SEC_048,2024-12-04,6,Other,1.18
SEC_020,2024-07-06,7,Other,0.87
SEC_044,2024-03-06,11,Other,1.06
SEC_028,2024-06-12,4,Foodgrain,0.86
SEC_025,2024-09-08,8,Cement,1.03
SEC_046,2024-01-13,5,Other,1.25
SEC_034,2024-12-12,12,Other,1.13
SEC_012,2024-05-08,2,Other,1.09
SEC_014,2024-08-29,3,Foodgrain,0.73
SEC_033,2024-12-25,8,Cement,1.15
SEC_001,2024-11-12,15,Steel,1.34
SEC_008,2024-09-28,3,Other,1.06
SEC_004,2024-04-19,17,Foodgrain,1.44
SEC_035,2024-07-11,4,Steel,0.86
SEC_022,2024-07-02,4,Steel,0.74
SEC_001,2024-11-11,19,Other,1.38
SEC_037,2024-01-15,17,Coal,1.18
SEC_033,2024-01-09,7,Cement,1.13
SEC_036,2024-02-13,13,Steel,1.2
SEC_008,2024-12-16,4,Foodgrain,1.11
SEC_043,2024-07-16,9,Foodgrain,0.79
SEC_009,2024-09-13,12,Cement,0.97
SEC_028,2024-02-04,9,Steel,1.07
SEC_028,2024-01-05,16,Other,1.24
SEC_011,2024-08-25,2,Other,0.81
SEC_019,2024-09-15,11,Other,0.98
SEC_003,2024-06-05,5,Foodgrain,0.87
SEC_024,2024-01-31,14,Coal,1.08
SEC_034,2024-06-28,10,Foodgrain,0.85
SEC_016,2024-08-22,3,Coal,0.79
SEC_027,2024-03-19,13,Cement,1.0
SEC_047,2024-04-20,13,Steel,1.02
SEC_012,2024-09-30,9,Coal,1.07
SEC_015,2024-03-18,9,Other,1.02
SEC_006,2024-02-06,8,Cement,1.18
SEC_027,2024-08-17,2,Coal,0.81
SEC_010,2024-01-09,14,Other,1.09
SEC_042,2024-06-07,10,Cement,0.87
SEC_015,2024-07-27,12,Steel,0.85
SEC_033,2024-01-24,15,Steel,1.08
SEC_010,2024-08-27,9,Foodgrain,0.74
SEC_016,2024-10-27,13,Other,1.18
SEC_009,2024-12-22,13,Foodgrain,1.15
SEC_028,2024-04-07,10,Other,0.98
SEC_002,2024-04-29,14,Coal,1.01
SEC_005,2024-08-14,9,Foodgrain,0.77
SEC_025,2024-08-07,2,Coal,0.84
SEC_027,2024-08-11,12,Steel,0.85
SEC_017,2024-04-25,12,Foodgrain,1.46
SEC_022,2024-01-21,6,Other,1.08
SEC_021,2024-01-10,14,Steel,1.2
SEC_038,2024-12-31,8,Steel,1.19
SEC_022,2024-05-28,11,Other,1.0
SEC_042,2024-06-12,3,Foodgrain,0.8
SEC_011,2024-08-17,4,Cement,0.72
SEC_010,2024-03-16,9,Other,0.99
SEC_020,2024-05-19,12,Coal,0.97
SEC_004,2024-06-08,7,Cement,0.82
SEC_033,2024-02-04,7,Coal,1.21
SEC_020,2024-08-08,4,Other,0.81
SEC_018,2024-03-11,13,Foodgrain,1.42
SEC_027,2024-01-02,4,Foodgrain,1.05
SEC_005,2024-08-15,5,Coal,0.82
SEC_019,2024-04-19,9,Cement,1.09
SEC_048,2024-09-19,6,Foodgrain,1.04
SEC_031,2024-07-15,3,Other,0.85
SEC_029,2024-01-11,3,Coal,1.05
SEC_025,2024-09-11,12,Cement,1.07
SEC_023,2024-01-15,3,Other,1.08
SEC_046,2024-04-24,5,Other,0.96
SEC_046,2024-09-08,9,Cement,0.98
SEC_021,2024-05-27,5,Other,0.99
SEC_046,2024-05-20,9,Coal,1.02
SEC_005,2024-03-21,13,Coal,0.96
SEC_016,2024-06-11,7,Cement,0.77
SEC_015,2024-04-17,4,Steel,1.06
SEC_035,2024-12-12,14,Cement,1.24
SEC_030,2024-09-08,8,Cement,1.09
SEC_024,2024-11-28,18,Cement,1.36
SEC_013,2024-05-03,6,Other,0.97
SEC_025,2024-12-13,15,Steel,1.24
SEC_014,2024-04-12,13,Other,1.06
SEC_025,2024-04-23,6,Other,1.02
SEC_017,2024-04-19,4,Steel,1.0
SEC_044,2024-08-03,8,Steel,0.79
SEC_037,2024-08-12,7,Cement,0.72
SEC_009,2024-01-24,12,Other,1.19
SEC_047,2024-07-24,10,Cement,0.9
SEC_033,2024-12-14,12,Coal,1.21
SEC_018,2024-05-28,13,Foodgrain,0.96
SEC_026,2024-09-13,15,Steel,1.09
SEC_010,2024-08-19,10,Foodgrain,0.81
SEC_003,2024-12-24,11,Foodgrain,1.12
SEC_021,2024-08-23,2,Other,0.71
SEC_039,2024-06-21,8,Other,0.77
SEC_018,2024-01-05,8,Foodgrain,1.2
SEC_019,2024-10-21,5,Coal,1.21
SEC_049,2024-05-04,5,Coal,0.98
SEC_049,2024-12-04,10,Coal,1.24
SEC_023,2024-03-30,4,Foodgrain,1.41
SEC_003,2024-06-09,5,Coal,0.77
SEC_034,2024-10-30,10,Coal,1.15
SEC_036,2024-02-25,16,Coal,1.22
SEC_045,2024-04-10,7,Cement,0.99
SEC_047,2024-10-16,15,Steel,1.23
SEC_031,2024-04-26,14,Other,1.01
SEC_006,2024-12-16,14,Foodgrain,1.14
SEC_013,2024-07-15,12,Cement,0.9
SEC_036,2024-10-29,6,Foodgrain,1.39
SEC_030,2024-07-19,2,Other,0.81
SEC_022,2024-01-17,8,Coal,1.17
SEC_020,2024-10-23,15,Cement,1.27
SEC_035,2024-06-02,3,Foodgrain,0.79
SEC_021,2024-05-21,6,Foodgrain,1.06
SEC_008,2024-09-26,5,Cement,1.05
SEC_048,2024-04-12,20,Foodgrain,1.42
SEC_018,2024-06-05,2,Cement,0.88
SEC_014,2024-08-10,10,Foodgrain,0.71
SEC_004,2024-08-05,6,Coal,0.71
SEC_023,2024-09-23,15,Steel,1.04
SEC_049,2024-01-31,6,Other,1.11
SEC_008,2024-12-29,8,Coal,1.14
SEC_012,2024-08-10,2,Steel,0.72
SEC_009,2024-08-14,10,Cement,0.76
SEC_005,2024-11-19,15,Coal,1.29
SEC_030,2024-06-28,11,Coal,0.88
SEC_015,2024-01-12,9,Cement,1.09
SEC_037,2024-02-18,4,Steel,1.08
SEC_020,2024-12-12,15,Steel,1.1
SEC_032,2024-12-27,7,Foodgrain,1.2
SEC_005,2024-01-31,8,Other,1.08
SEC_017,2024-09-07,4,Other,1.01
SEC_021,2024-08-29,10,Steel,0.7
SEC_003,2024-03-01,5,Steel,1.02
SEC_021,2024-10-15,9,Foodgrain,1.29
SEC_024,2024-06-17,8,Cement,0.78
SEC_020,2024-03-25,9,Coal,1.03
SEC_025,2024-07-24,11,Foodgrain,0.85
SEC_040,2024-11-27,17,Coal,1.29
SEC_038,2024-03-20,12,Steel,0.99
SEC_001,2024-08-14,5,Cement,0.89
SEC_032,2024-09-25,10,Coal,1.05
SEC_045,2024-08-16,9,Other,0.86
SEC_043,2024-08-26,1,Coal,0.73
SEC_016,2024-09-22,9,Other,1.04
SEC_039,2024-03-26,13,Foodgrain,1.48
SEC_040,2024-02-07,13,Foodgrain,1.16
SEC_018,2024-12-28,6,Foodgrain,1.15
SEC_043,2024-04-26,12,Steel,1.0
SEC_031,2024-12-13,12,Cement,1.17
SEC_037,2024-04-08,6,Steel,0.98
SEC_037,2024-04-07,6,Coal,1.05
SEC_039,2024-01-10,11,Coal,1.24
SEC_047,2024-06-10,6,Steel,0.84
SEC_043,2024-12-11,3,Steel,1.13
SEC_021,2024-11-23,8,Coal,1.31
SEC_028,2024-04-21,11,Coal,1.09
SEC_032,2024-05-28,6,Other,1.02
SEC_042,2024-09-02,12,Foodgrain,0.96
SEC_020,2024-12-15,11,Steel,1.13
SEC_016,2024-08-09,8,Other,0.72
SEC_037,2024-03-14,14,Foodgrain,1.44
SEC_047,2024-05-10,9,Coal,0.97
SEC_045,2024-09-21,10,Cement,1.08
SEC_008,2024-01-09,13,Cement,1.16
SEC_046,2024-08-07,10,Steel,0.8
SEC_039,2024-10-08,11,Cement,1.21
SEC_008,2024-05-06,4,Coal,0.98
SEC_001,2024-07-16,3,Other,0.83
SEC_011,2024-09-19,5,Foodgrain,1.03
SEC_046,2024-08-05,3,Steel,0.86
SEC_037,2024-01-09,3,Other,1.07
SEC_029,2024-08-02,8,Foodgrain,0.85
SEC_031,2024-03-25,2,Other,0.98
SEC_021,2024-09-27,12,Coal,1.01
SEC_045,2024-04-05,14,Steel,1.03
SEC_008,2024-12-24,10,Foodgrain,1.08
SEC_016,2024-02-12,10,Steel,1.13
SEC_010,2024-11-21,3,Foodgrain,1.16
SEC_042,2024-01-13,9,Steel,1.18
SEC_027,2024-09-06,2,Other,1.09
SEC_034,2024-05-09,12,Steel,1.07
SEC_046,2024-03-12,8,Coal,1.09
SEC_010,2024-03-20,6,Other,1.03
SEC_048,2024-01-15,6,Cement,1.24
SEC_007,2024-02-18,10,Coal,1.08
SEC_037,2024-05-23,8,Other,1.09
SEC_035,2024-02-27,7,Coal,1.1
SEC_041,2024-12-20,9,Cement,1.18
SEC_008,2024-10-29,8,Coal,1.25
SEC_048,2024-06-21,4,Steel,0.74
SEC_039,2024-02-04,2,Other,1.06
SEC_006,2024-12-26,11,Coal,1.11
SEC_028,2024-09-22,7,Foodgrain,1.07
SEC_041,2024-03-08,12,Steel,0.98
SEC_024,2024-01-20,12,Steel,1.24
SEC_019,2024-08-14,6,Coal,0.78
SEC_014,2024-01-15,17,Steel,1.18
SEC_026,2024-08-12,4,Steel,0.89
SEC_049,2024-06-10,4,Coal,0.83
SEC_030,2024-11-18,11,Cement,1.19
SEC_036,2024-05-19,13,Coal,1.0
SEC_039,2024-06-12,9,Steel,0.73
SEC_039,2024-07-18,6,Other,0.73
SEC_020,2024-12-25,6,Steel,1.11
SEC_038,2024-09-14,6,Cement,0.97
SEC_017,2024-09-01,11,Foodgrain,0.96
SEC_029,2024-04-23,6,Cement,0.98
SEC_015,2024-06-25,9,Cement,0.83
SEC_047,2024-03-12,3,Foodgrain,1.43
SEC_036,2024-05-23,12,Cement,1.03
SEC_029,2024-10-27,10,Foodgrain,1.28
SEC_023,2024-02-06,13,Steel,1.16
SEC_026,2024-03-01,8,Cement,1.02
SEC_039,2024-08-02,2,Steel,0.77
SEC_014,2024-10-19,7,Coal,1.17
SEC_041,2024-12-22,15,Steel,1.13
SEC_014,2024-08-02,7,Cement,0.85
SEC_007,2024-08-28,4,Cement,0.79
SEC_037,2024-04-15,18,Foodgrain,1.46
SEC_035,2024-05-30,12,Foodgrain,1.0
SEC_017,2024-04-25,8,Steel,1.0
SEC_032,2024-02-09,6,Coal,1.06
SEC_036,2024-05-15,14,Steel,1.07
SEC_039,2024-03-20,4,Other,0.96
SEC_047,2024-08-04,9,Other,0.87
SEC_042,2024-10-02,10,Coal,1.16
SEC_022,2024-12-24,8,Other,1.1
SEC_012,2024-11-18,5,Cement,1.27
SEC_005,2024-04-26,4,Coal,0.96
SEC_029,2024-12-09,15,Foodgrain,1.05
SEC_033,2024-12-10,15,Coal,1.06
SEC_034,2024-07-03,8,Cement,0.74
SEC_001,2024-03-16,10,Cement,1.05
SEC_035,2024-10-11,6,Steel,1.17
SEC_039,2024-02-11,10,Cement,1.14
SEC_036,2024-05-12,4,Steel,0.98
SEC_026,2024-07-13,11,Foodgrain,0.89
SEC_001,2024-11-12,12,Coal,1.22
SEC_024,2024-12-23,4,Other,1.12
SEC_032,2024-10-26,12,Coal,1.37
SEC_028,2024-06-26,9,Other,0.85
SEC_029,2024-02-01,6,Other,1.23
SEC_026,2024-10-19,7,Coal,1.37
SEC_028,2024-11-09,12,Coal,1.38
SEC_016,2024-06-21,9,Coal,0.78
SEC_030,2024-07-21,10,Other,0.88
SEC_014,2024-11-07,2,Coal,1.22
SEC_025,2024-02-18,14,Cement,1.07
SEC_021,2024-10-24,8,Other,1.34
SEC_035,2024-07-06,6,Steel,0.78
SEC_044,2024-09-08,9,Foodgrain,1.01
SEC_032,2024-03-10,10,Coal,0.95
SEC_007,2024-08-13,1,Other,0.71
SEC_033,2024-04-08,3,Cement,1.07
SEC_016,2024-07-08,2,Cement,0.77
SEC_003,2024-07-11,4,Steel,0.81
SEC_010,2024-12-16,9,Cement,1.17
SEC_049,2024-09-02,9,Cement,1.03
SEC_021,2024-07-23,7,Coal,0.83
SEC_010,2024-05-27,4,Foodgrain,0.99
SEC_007,2024-05-03,7,Coal,1.01
SEC_032,2024-08-26,8,Cement,0.77
SEC_038,2024-11-18,19,Other,1.38
SEC_018,2024-07-28,5,Other,0.84
SEC_006,2024-08-29,10,Foodgrain,0.87
SEC_018,2024-04-30,7,Other,1.0
SEC_033,2024-07-23,6,Other,0.77
SEC_006,2024-07-28,8,Foodgrain,0.88
SEC_014,2024-09-06,9,Steel,1.03
SEC_001,2024-04-25,11,Coal,1.02
SEC_024,2024-05-07,9,Cement,0.99
SEC_009,2024-05-11,4,Steel,1.03
SEC_010,2024-06-03,3,Foodgrain,0.75
SEC_006,2024-04-16,11,Other,0.98
SEC_036,2024-03-12,4,Coal,1.02
SEC_024,2024-07-02,8,Steel,0.71
SEC_047,2024-11-08,8,Foodgrain,1.27
SEC_020,2024-01-12,3,Cement,1.08
SEC_011,2024-08-31,5,Other,0.81
SEC_011,2024-10-25,10,Other,1.38
SEC_047,2024-10-28,7,Foodgrain,1.15
SEC_029,2024-11-08,3,Foodgrain,1.32
SEC_016,2024-04-26,21,Foodgrain,1.5
SEC_033,2024-02-06,13,Coal,1.14
SEC_028,2024-12-30,5,Cement,1.18
SEC_006,2024-09-13,9,Other,1.07
SEC_035,2024-05-10,9,Cement,1.0
SEC_006,2024-11-07,16,Steel,1.23
SEC_010,2024-05-09,7,Other,0.98
SEC_035,2024-10-01,14,Steel,1.26
SEC_022,2024-12-17,14,Foodgrain,1.16
SEC_011,2024-10-08,16,Steel,1.21
SEC_004,2024-08-27,8,Foodgrain,0.77
SEC_030,2024-03-10,11,Other,0.98
SEC_035,2024-12-07,2,Foodgrain,1.22
SEC_010,2024-06-04,10,Cement,0.81
SEC_021,2024-08-16,2,Other,0.8
SEC_017,2024-08-11,7,Coal,0.76
SEC_044,2024-03-31,5,Other,1.09
SEC_039,2024-08-08,4,Coal,0.89
SEC_014,2024-05-23,11,Cement,0.99
SEC_026,2024-05-07,13,Foodgrain,0.96
SEC_046,2024-11-10,2,Steel,1.16
SEC_017,2024-09-21,4,Cement,1.1
SEC_007,2024-06-28,3,Other,0.85
SEC_015,2024-01-08,12,Coal,1.11
SEC_030,2024-09-16,12,Coal,1.07
SEC_049,2024-09-27,4,Foodgrain,0.99
SEC_016,2024-03-01,6,Coal,1.02
SEC_003,2024-10-04,5,Steel,1.16
SEC_009,2024-05-26,2,Foodgrain,1.07
SEC_021,2024-09-25,8,Foodgrain,1.02
SEC_005,2024-11-03,10,Cement,1.3
SEC_002,2024-09-13,11,Foodgrain,1.0
SEC_033,2024-12-10,12,Coal,1.05
SEC_041,2024-01-28,6,Cement,1.08
SEC_012,2024-04-28,15,Steel,1.08
SEC_026,2024-01-22,3,Coal,1.07
SEC_029,2024-03-04,10,Cement,1.06
SEC_033,2024-05-16,5,Foodgrain,0.99
SEC_048,2024-01-09,2,Cement,1.18
SEC_044,2024-05-25,12,Cement,1.07
SEC_016,2024-02-16,12,Coal,1.08
SEC_048,2024-02-11,3,Other,1.16
SEC_002,2024-11-01,5,Steel,1.3
SEC_048,2024-09-29,9,Cement,1.02
SEC_007,2024-06-15,7,Cement,0.76
SEC_006,2024-07-26,7,Coal,0.81
SEC_006,2024-04-16,8,Coal,0.98
SEC_006,2024-06-26,4,Other,0.7
SEC_023,2024-10-10,12,Coal,1.21
SEC_032,2024-07-09,2,Steel,0.81
SEC_037,2024-10-17,2,Other,1.22
SEC_001,2024-06-26,5,Coal,0.71
SEC_015,2024-05-12,5,Cement,1.06
SEC_007,2024-11-23,10,Steel,1.31
SEC_008,2024-11-25,5,Foodgrain,1.18
SEC_037,2024-03-24,5,Coal,0.97
SEC_032,2024-06-18,10,Foodgrain,0.76
SEC_011,2024-10-09,18,Steel,1.4
SEC_015,2024-04-05,10,Cement,1.1
SEC_046,2024-10-01,11,Cement,1.21
SEC_029,2024-11-25,19,Foodgrain,1.38
SEC_012,2024-03-27,14,Coal,0.98
SEC_046,2024-02-25,16,Cement,1.12
SEC_010,2024-12-11,15,Foodgrain,1.08
SEC_015,2024-12-30,6,Cement,1.07
SEC_034,2024-11-10,5,Cement,1.3
SEC_026,2024-08-12,7,Coal,0.77
SEC_004,2024-02-01,6,Coal,1.11
SEC_040,2024-12-01,2,Foodgrain,1.18
SEC_012,2024-03-13,7,Other,0.99
SEC_034,2024-03-06,8,Steel,1.03
SEC_017,2024-09-19,3,Foodgrain,1.07
SEC_037,2024-05-22,11,Cement,1.1
SEC_045,2024-11-13,17,Other,1.31
SEC_038,2024-11-15,8,Cement,1.37
SEC_046,2024-10-21,9,Other,1.28
SEC_027,2024-11-02,5,Other,1.29
SEC_004,2024-07-18,4,Coal,0.72
SEC_027,2024-11-15,7,Foodgrain,1.16
SEC_023,2024-12-01,12,Cement,1.07
SEC_036,2024-04-12,6,Foodgrain,1.42
SEC_013,2024-06-04,8,Coal,0.8
SEC_035,2024-08-14,6,Cement,0.81
SEC_022,2024-11-10,13,Coal,1.2
SEC_033,2024-05-22,10,Steel,1.03
SEC_021,2024-04-05,3,Other,0.97
SEC_019,2024-04-27,9,Other,0.97
SEC_011,2024-10-19,18,Coal,1.32
SEC_041,2024-07-09,3,Steel,0.71
SEC_004,2024-04-03,7,Steel,0.98
SEC_012,2024-09-18,8,Foodgrain,1.06
SEC_021,2024-08-29,11,Other,0.77
SEC_008,2024-07-08,5,Other,0.79
SEC_045,2024-08-14,3,Coal,0.87
SEC_017,2024-03-25,13,Cement,1.09
SEC_012,2024-03-07,2,Coal,1.07
SEC_013,2024-10-22,9,Foodgrain,1.29
SEC_010,2024-09-05,4,Foodgrain,1.03
SEC_033,2024-12-23,17,Foodgrain,1.2
SEC_024,2024-12-09,16,Other,1.16
SEC_012,2024-05-12,11,Cement,1.09
SEC_043,2024-06-18,7,Other,0.74
SEC_033,2024-11-06,17,Foodgrain,1.24
SEC_020,2024-01-02,12,Foodgrain,1.12
SEC_026,2024-11-12,5,Foodgrain,1.24
SEC_033,2024-03-02,10,Steel,1.03
SEC_008,2024-04-05,4,Cement,0.98
SEC_040,2024-06-25,7,Steel,0.76
SEC_013,2024-09-15,2,Coal,1.05
SEC_002,2024-05-09,11,Foodgrain,0.98
SEC_026,2024-12-09,15,Cement,1.13
SEC_043,2024-10-13,4,Foodgrain,1.26
SEC_036,2024-09-27,13,Coal,0.95
SEC_016,2024-10-09,8,Coal,1.33
SEC_020,2024-01-11,9,Cement,1.18
SEC_030,2024-10-28,7,Other,1.39
SEC_012,2024-08-09,3,Steel,0.84
SEC_041,2024-03-09,4,Other,1.06
SEC_015,2024-10-11,8,Foodgrain,1.19
SEC_011,2024-02-08,8,Coal,1.08
SEC_005,2024-08-14,6,Steel,0.84
SEC_034,2024-07-27,10,Other,0.81
SEC_002,2024-01-11,3,Steel,1.06
SEC_040,2024-05-17,3,Other,1.01
SEC_048,2024-02-13,3,Cement,1.08
SEC_006,2024-12-12,11,Other,1.19
SEC_005,2024-10-20,10,Foodgrain,1.31
SEC_046,2024-12-30,9,Coal,1.12
SEC_007,2024-06-27,2,Foodgrain,0.71
SEC_020,2024-04-30,5,Other,0.95
SEC_043,2024-12-16,16,Other,1.24
SEC_007,2024-04-22,5,Foodgrain,1.33
SEC_033,2024-05-31,14,Coal,0.99
SEC_019,2024-02-18,11,Steel,1.18
SEC_022,2024-10-27,8,Steel,1.3
SEC_046,2024-02-13,13,Other,1.22
SEC_032,2024-01-13,16,Foodgrain,1.22
SEC_016,2024-10-31,16,Foodgrain,1.22
SEC_046,2024-11-03,15,Other,1.24
SEC_029,2024-11-08,5,Coal,1.2
SEC_005,2024-11-10,7,Steel,1.24
SEC_020,2024-02-21,8,Cement,1.16
SEC_012,2024-05-12,10,Steel,1.01
SEC_032,2024-10-07,5,Foodgrain,1.36
SEC_043,2024-04-23,2,Other,1.08
SEC_002,2024-10-11,5,Cement,1.33
SEC_039,2024-11-29,8,Foodgrain,1.3
SEC_045,2024-12-17,3,Coal,1.14
SEC_049,2024-10-11,4,Other,1.39
SEC_033,2024-10-18,10,Coal,1.24
SEC_016,2024-08-06,10,Coal,0.86
SEC_008,2024-01-29,11,Steel,1.2
SEC_047,2024-06-08,2,Steel,0.87
SEC_021,2024-12-14,7,Cement,1.15
SEC_017,2024-11-29,16,Foodgrain,1.25
SEC_036,2024-03-28,14,Other,1.05
SEC_036,2024-09-30,5,Coal,1.06
SEC_040,2024-04-22,8,Other,1.1
SEC_044,2024-06-01,5,Foodgrain,0.77
SEC_043,2024-08-25,8,Foodgrain,0.85
SEC_009,2024-06-30,6,Coal,0.76
SEC_009,2024-08-09,2,Cement,0.89
SEC_011,2024-02-06,2,Foodgrain,1.22
SEC_031,2024-04-18,10,Cement,0.96
SEC_029,2024-10-23,12,Other,1.24
SEC_043,2024-08-14,7,Steel,0.84
SEC_042,2024-11-04,12,Other,1.22
SEC_040,2024-12-19,9,Foodgrain,1.12
SEC_004,2024-05-10,10,Steel,0.95
SEC_035,2024-04-06,12,Cement,1.01
SEC_042,2024-04-23,4,Coal,1.02
SEC_049,2024-07-28,10,Cement,0.74
SEC_017,2024-04-02,12,Other,1.07
SEC_039,2024-05-22,4,Steel,0.99
SEC_020,2024-03-04,13,Foodgrain,1.4
SEC_008,2024-05-21,12,Cement,0.99
SEC_017,2024-12-12,12,Foodgrain,1.11
SEC_013,2024-06-04,2,Other,0.82
SEC_045,2024-10-04,17,Other,1.31
SEC_009,2024-06-06,6,Steel,0.78
SEC_007,2024-06-07,7,Steel,0.88
SEC_029,2024-08-28,2,Cement,0.83
SEC_029,2024-02-10,10,Foodgrain,1.13
SEC_028,2024-05-10,4,Steel,1.06
SEC_008,2024-02-21,5,Other,1.19
SEC_025,2024-03-13,8,Coal,1.03
SEC_046,2024-09-16,3,Foodgrain,1.08
SEC_005,2024-03-04,11,Steel,1.04
SEC_040,2024-03-15,9,Cement,1.04
SEC_007,2024-07-28,12,Other,0.88
SEC_012,2024-05-07,10,Other,1.06
SEC_045,2024-02-14,10,Steel,1.16
SEC_015,2024-12-16,15,Steel,1.21
SEC_026,2024-12-03,2,Coal,1.25
SEC_019,2024-07-31,7,Other,0.77
SEC_031,2024-07-11,2,Steel,0.88
SEC_020,2024-10-22,13,Steel,1.3
SEC_022,2024-12-22,4,Steel,1.2
SEC_041,2024-02-08,10,Other,1.19
SEC_028,2024-02-05,5,Other,1.25
SEC_028,2024-04-30,12,Steel,1.06
SEC_040,2024-04-21,3,Cement,1.06
SEC_021,2024-11-23,13,Steel,1.31
SEC_041,2024-07-05,7,Foodgrain,0.9
SEC_036,2024-10-23,12,Cement,1.16
SEC_044,2024-09-01,8,Foodgrain,0.98
SEC_023,2024-09-21,5,Other,1.05
SEC_028,2024-12-16,9,Foodgrain,1.08
SEC_007,2024-08-02,9,Cement,0.73
SEC_006,2024-10-11,14,Foodgrain,1.36
SEC_006,2024-04-08,14,Cement,1.1
SEC_032,2024-04-05,7,Other,0.95
SEC_016,2024-08-02,7,Other,0.86
SEC_015,2024-11-25,7,Steel,1.38
SEC_030,2024-01-19,9,Foodgrain,1.1
SEC_020,2024-07-02,5,Cement,0.77
SEC_007,2024-03-15,7,Other,1.07
SEC_028,2024-11-19,6,Coal,1.38
SEC_027,2024-07-08,6,Coal,0.89
SEC_007,2024-01-16,11,Coal,1.19
SEC_014,2024-01-01,9,Coal,1.07
SEC_012,2024-08-22,9,Steel,0.8
SEC_035,2024-03-25,7,Steel,0.97
SEC_013,2024-01-16,2,Coal,1.23
SEC_002,2024-02-25,4,Other,1.24
SEC_014,2024-02-26,3,Other,1.05
SEC_023,2024-05-06,4,Coal,1.06
SEC_038,2024-09-19,4,Steel,1.09
SEC_003,2024-11-10,2,Steel,1.21
SEC_044,2024-07-13,9,Other,0.82
SEC_017,2024-12-12,16,Coal,1.14
SEC_017,2024-10-16,17,Other,1.3
SEC_001,2024-03-01,6,Coal,0.97
SEC_014,2024-09-26,6,Foodgrain,0.95
SEC_023,2024-03-25,15,Foodgrain,1.48
SEC_031,2024-12-18,9,Steel,1.08
SEC_038,2024-11-05,12,Coal,1.34
SEC_026,2024-01-24,2,Foodgrain,1.11
SEC_005,2024-03-04,7,Other,1.09
SEC_020,2024-06-10,7,Foodgrain,0.77
SEC_037,2024-09-28,5,Other,0.96
SEC_032,2024-07-21,9,Steel,0.82
SEC_029,2024-02-01,10,Cement,1.24
SEC_025,2024-08-18,11,Other,0.82
SEC_025,2024-08-25,4,Steel,0.71
SEC_049,2024-12-06,4,Other,1.23
SEC_030,2024-04-07,11,Other,1.04
SEC_030,2024-01-14,10,Foodgrain,1.14
SEC_017,2024-10-01,3,Foodgrain,1.29
SEC_025,2024-09-14,3,Coal,0.97
SEC_035,2024-07-09,10,Coal,0.88
SEC_043,2024-09-10,12,Other,1.09
SEC_039,2024-03-06,2,Steel,1.01
SEC_033,2024-02-15,8,Other,1.17
SEC_039,2024-05-27,7,Steel,1.05
SEC_002,2024-11-23,17,Steel,1.28
SEC_014,2024-07-07,2,Foodgrain,0.73
SEC_012,2024-08-21,6,Steel,0.83
SEC_033,2024-12-30,13,Foodgrain,1.05
SEC_037,2024-04-20,19,Foodgrain,1.37
SEC_008,2024-06-24,4,Other,0.89
SEC_010,2024-09-07,9,Other,1.0
SEC_025,2024-02-25,8,Cement,1.2
SEC_048,2024-05-27,8,Other,0.97
SEC_001,2024-07-22,4,Steel,0.88
SEC_044,2024-04-21,8,Cement,1.05
SEC_010,2024-03-21,11,Foodgrain,1.43
SEC_014,2024-06-09,3,Foodgrain,0.83
SEC_031,2024-11-17,7,Cement,1.39
SEC_036,2024-06-01,6,Steel,0.77
SEC_043,2024-11-01,8,Steel,1.18
SEC_001,2024-09-04,5,Foodgrain,1.03
SEC_003,2024-02-17,10,Coal,1.15
SEC_024,2024-11-30,13,Foodgrain,1.34
SEC_028,2024-08-03,5,Cement,0.82
SEC_013,2024-07-27,2,Coal,0.74
SEC_032,2024-09-11,15,Foodgrain,1.06
SEC_013,2024-01-16,9,Steel,1.1
SEC_046,2024-04-02,3,Coal,0.98
SEC_009,2024-10-17,2,Coal,1.19
SEC_033,2024-08-17,8,Foodgrain,0.7
SEC_026,2024-05-22,14,Foodgrain,0.99
SEC_006,2024-06-18,5,Foodgrain,0.71
SEC_030,2024-08-14,4,Coal,0.75
SEC_008,2024-06-25,10,Coal,0.87
SEC_027,2024-06-16,10,Coal,0.79
SEC_032,2024-07-20,10,Cement,0.87
SEC_004,2024-04-13,2,Cement,0.96
SEC_011,2024-07-27,10,Foodgrain,0.87
SEC_015,2024-09-10,3,Coal,1.06
SEC_046,2024-09-16,7,Coal,1.03
SEC_011,2024-08-15,5,Steel,0.73
SEC_046,2024-06-14,9,Other,0.84
SEC_027,2024-08-27,7,Coal,0.82
SEC_047,2024-09-21,12,Foodgrain,0.96
SEC_041,2024-04-23,6,Foodgrain,1.41
SEC_015,2024-06-26,5,Other,0.82
SEC_028,2024-09-05,8,Steel,0.95
SEC_036,2024-08-30,4,Steel,0.72
SEC_004,2024-06-30,10,Cement,0.79
SEC_033,2024-04-06,18,Foodgrain,1.31
SEC_023,2024-11-29,12,Coal,1.38
SEC_002,2024-07-17,10,Cement,0.88
SEC_043,2024-07-16,5,Other,0.86
SEC_014,2024-06-20,6,Other,0.79
SEC_043,2024-10-05,15,Coal,1.15
SEC_011,2024-04-20,8,Cement,1.03
SEC_027,2024-12-09,11,Cement,1.2
SEC_019,2024-01-23,10,Cement,1.11
SEC_044,2024-01-05,10,Foodgrain,1.1
SEC_047,2024-07-05,10,Cement,0.8
SEC_038,2024-11-10,4,Foodgrain,1.18
SEC_042,2024-01-04,14,Coal,1.13
SEC_038,2024-09-05,6,Coal,0.99
SEC_015,2024-05-22,3,Cement,0.98
SEC_046,2024-01-08,7,Foodgrain,1.06
SEC_026,2024-05-15,11,Foodgrain,1.04
SEC_017,2024-08-24,10,Other,0.89
SEC_010,2024-08-19,3,Steel,0.76
SEC_035,2024-11-06,10,Other,1.31
SEC_014,2024-12-27,10,Steel,1.16
SEC_032,2024-01-20,10,Foodgrain,1.07
SEC_004,2024-11-10,3,Steel,1.33
SEC_032,2024-01-04,8,Cement,1.19
SEC_032,2024-12-22,2,Coal,1.22
SEC_026,2024-10-10,3,Steel,1.34
SEC_033,2024-12-14,5,Steel,1.16
SEC_049,2024-01-25,8,Cement,1.1
SEC_042,2024-01-28,13,Coal,1.08
SEC_022,2024-12-26,17,Cement,1.22
SEC_043,2024-04-13,10,Cement,0.98
SEC_047,2024-05-19,12,Cement,1.08
SEC_008,2024-04-18,17,Foodgrain,1.43
SEC_018,2024-02-27,3,Cement,1.15
SEC_037,2024-01-26,12,Coal,1.18
SEC_026,2024-02-19,15,Foodgrain,1.07
SEC_007,2024-11-05,10,Cement,1.38
SEC_024,2024-01-10,13,Steel,1.2
SEC_019,2024-11-23,4,Coal,1.36
SEC_037,2024-03-21,3,Steel,0.96
SEC_026,2024-08-09,8,Foodgrain,0.77
SEC_007,2024-04-04,6,Coal,0.99
SEC_003,2024-11-22,9,Other,1.17
SEC_015,2024-01-15,7,Cement,1.24
SEC_008,2024-09-18,14,Cement,0.98
SEC_043,2024-12-08,14,Other,1.24
SEC_014,2024-06-10,10,Foodgrain,0.72
SEC_032,2024-06-13,9,Cement,0.7
SEC_007,2024-02-24,9,Foodgrain,1.12
SEC_022,2024-11-17,9,Cement,1.27
SEC_046,2024-12-16,10,Coal,1.2
SEC_032,2024-06-30,2,Other,0.83
SEC_015,2024-09-10,8,Foodgrain,1.03
SEC_037,2024-10-04,19,Foodgrain,1.38
SEC_025,2024-05-09,5,Steel,0.98
SEC_012,2024-01-02,4,Foodgrain,1.11
SEC_049,2024-02-17,13,Foodgrain,1.11
SEC_046,2024-11-24,18,Steel,1.31
SEC_028,2024-10-19,8,Other,1.25
SEC_002,2024-02-04,17,Foodgrain,1.2
SEC_021,2024-10-20,5,Cement,1.3
SEC_026,2024-11-19,5,Other,1.29
SEC_046,2024-07-17,11,Cement,0.88
SEC_036,2024-06-14,5,Steel,0.73
SEC_011,2024-12-31,5,Cement,1.08
SEC_025,2024-11-15,15,Coal,1.4
SEC_009,2024-05-21,10,Cement,1.09
SEC_024,2024-06-23,8,Coal,0.89
SEC_027,2024-12-10,14,Foodgrain,1.1
SEC_025,2024-12-03,10,Steel,1.15
SEC_021,2024-08-18,4,Other,0.79
SEC_022,2024-08-25,5,Cement,0.79
SEC_040,2024-09-26,14,Cement,1.05
SEC_025,2024-04-15,7,Cement,1.06
SEC_003,2024-12-01,13,Cement,1.16
SEC_037,2024-04-17,6,Coal,1.0
SEC_031,2024-10-31,15,Coal,1.24
SEC_035,2024-10-27,5,Other,1.28
SEC_035,2024-04-15,4,Foodgrain,1.42
SEC_009,2024-10-22,13,Cement,1.27
SEC_048,2024-11-13,16,Steel,1.23
SEC_049,2024-06-30,2,Other,0.76
SEC_008,2024-07-16,2,Coal,0.8
SEC_011,2024-07-05,3,Foodgrain,0.85
SEC_013,2024-01-17,11,Cement,1.07
SEC_048,2024-07-16,9,Foodgrain,0.76
SEC_046,2024-09-03,6,Other,1.04
SEC_013,2024-07-24,9,Coal,0.86
SEC_031,2024-07-01,10,Cement,0.75
SEC_012,2024-07-02,5,Other,0.74
SEC_002,2024-07-15,6,Coal,0.84
SEC_012,2024-12-06,11,Cement,1.19
SEC_004,2024-05-30,12,Coal,1.0
SEC_042,2024-03-23,5,Cement,1.08
SEC_039,2024-01-24,10,Steel,1.05
SEC_010,2024-11-14,8,Other,1.39
SEC_028,2024-03-06,5,Steel,0.96
SEC_011,2024-06-01,6,Steel,0.79
SEC_028,2024-10-03,10,Coal,1.27
SEC_044,2024-03-06,6,Cement,1.07
SEC_044,2024-03-26,3,Coal,1.07
SEC_041,2024-08-20,2,Cement,0.8
SEC_012,2024-08-17,3,Steel,0.9
SEC_010,2024-03-30,5,Other,1.08
SEC_008,2024-07-17,5,Coal,0.8
SEC_007,2024-09-14,8,Cement,0.99
SEC_031,2024-03-22,8,Coal,0.99
SEC_033,2024-06-11,5,Coal,0.77
SEC_044,2024-04-12,5,Other,1.02
SEC_005,2024-12-10,3,Other,1.06
SEC_013,2024-05-20,8,Other,0.98
SEC_036,2024-11-09,14,Coal,1.19
SEC_034,2024-11-18,8,Other,1.33
SEC_021,2024-03-02,8,Foodgrain,1.37
SEC_008,2024-12-10,14,Steel,1.25
SEC_024,2024-01-18,5,Steel,1.24
SEC_009,2024-05-21,4,Coal,1.09
SEC_027,2024-02-28,2,Cement,1.22
SEC_045,2024-01-17,2,Foodgrain,1.24
SEC_010,2024-07-21,12,Coal,0.89
SEC_006,2024-08-07,9,Cement,0.82
SEC_037,2024-08-01,5,Foodgrain,0.9
SEC_002,2024-06-01,3,Cement,0.85
SEC_049,2024-10-14,18,Coal,1.38
SEC_038,2024-06-29,6,Other,0.76
SEC_020,2024-07-14,9,Steel,0.79
SEC_018,2024-06-10,12,Foodgrain,0.85
SEC_019,2024-03-16,11,Coal,1.03
SEC_020,2024-08-27,3,Other,0.84
SEC_042,2024-10-30,6,Foodgrain,1.22
SEC_040,2024-04-21,14,Cement,1.03
SEC_011,2024-06-18,7,Cement,0.82
SEC_009,2024-11-22,19,Coal,1.34
SEC_027,2024-03-16,9,Cement,1.02
SEC_032,2024-06-03,8,Steel,0.88
SEC_036,2024-04-08,10,Foodgrain,1.49
SEC_016,2024-05-05,8,Foodgrain,1.0
SEC_024,2024-06-17,2,Cement,0.86
SEC_006,2024-12-03,5,Steel,1.13
SEC_023,2024-01-05,5,Other,1.05
SEC_034,2024-05-11,12,Foodgrain,0.96
SEC_015,2024-11-12,12,Cement,1.29
SEC_016,2024-01-31,16,Cement,1.12
SEC_023,2024-07-04,11,Foodgrain,0.86
SEC_043,2024-02-26,3,Foodgrain,1.08
SEC_030,2024-07-23,8,Cement,0.75
SEC_046,2024-09-18,12,Other,1.04
SEC_004,2024-08-20,12,Steel,0.87
SEC_042,2024-07-24,4,Steel,0.73
SEC_003,2024-09-28,8,Other,1.03
SEC_016,2024-07-14,2,Other,0.8
SEC_021,2024-08-12,7,Steel,0.89
SEC_012,2024-01-31,12,Steel,1.15
SEC_049,2024-01-08,5,Cement,1.09
SEC_044,2024-03-01,7,Other,1.03
SEC_028,2024-07-16,10,Other,0.8
SEC_023,2024-05-25,10,Steel,1.09
SEC_038,2024-05-13,11,Steel,0.98
SEC_035,2024-06-12,5,Foodgrain,0.73
SEC_024,2024-12-28,10,Coal,1.13
SEC_041,2024-05-17,3,Other,1.0
SEC_010,2024-06-11,5,Steel,0.78
SEC_014,2024-07-03,10,Steel,0.88
SEC_001,2024-10-10,15,Other,1.28
SEC_006,2024-09-25,12,Other,1.01
SEC_010,2024-12-24,13,Other,1.11
SEC_031,2024-08-20,2,Foodgrain,0.78
SEC_042,2024-12-15,2,Cement,1.2
SEC_029,2024-08-11,7,Foodgrain,0.74
SEC_022,2024-07-15,2,Coal,0.85
SEC_014,2024-07-23,2,Cement,0.73
SEC_005,2024-06-24,9,Coal,0.74
SEC_029,2024-03-14,10,Coal,0.99
SEC_007,2024-05-14,15,Steel,1.08
SEC_039,2024-08-09,3,Cement,0.89
SEC_021,2024-08-09,1,Cement,0.7
SEC_018,2024-02-27,14,Coal,1.08
SEC_002,2024-10-21,8,Cement,1.16
SEC_012,2024-09-17,5,Cement,1.0
SEC_001,2024-07-11,3,Foodgrain,0.85
SEC_036,2024-06-14,10,Cement,0.78
SEC_025,2024-07-23,9,Foodgrain,0.75
SEC_039,2024-07-31,4,Coal,0.88
SEC_028,2024-06-05,6,Coal,0.71
SEC_047,2024-11-11,8,Coal,1.21
SEC_039,2024-02-27,13,Foodgrain,1.12
SEC_008,2024-05-16,5,Cement,1.07
SEC_006,2024-05-25,7,Coal,0.99
SEC_044,2024-02-06,15,Coal,1.19
SEC_014,2024-02-02,16,Cement,1.11
SEC_038,2024-11-22,2,Cement,1.19
SEC_031,2024-10-10,5,Other,1.28
SEC_035,2024-05-13,12,Other,1.01
SEC_014,2024-04-07,8,Other,1.01
SEC_016,2024-05-28,13,Coal,1.01
SEC_028,2024-09-14,9,Steel,0.98
SEC_002,2024-04-18,6,Foodgrain,1.47
SEC_016,2024-01-25,13,Cement,1.15
SEC_025,2024-06-02,10,Other,0.81
SEC_011,2024-08-07,1,Other,0.74
SEC_015,2024-07-09,4,Other,0.73
SEC_049,2024-03-04,6,Coal,0.97
SEC_015,2024-11-04,12,Coal,1.35
SEC_045,2024-08-19,10,Foodgrain,0.84
SEC_046,2024-09-20,14,Other,1.09
SEC_034,2024-12-16,16,Steel,1.24
SEC_008,2024-07-06,10,Steel,0.8
SEC_011,2024-07-30,4,Steel,0.77
SEC_046,2024-10-06,4,Cement,1.38
SEC_001,2024-10-10,9,Cement,1.22
SEC_025,2024-11-06,5,Steel,1.17
SEC_030,2024-09-14,11,Coal,0.99
SEC_042,2024-01-22,16,Steel,1.24
SEC_044,2024-05-08,8,Steel,0.99
SEC_014,2024-08-04,10,Foodgrain,0.82
SEC_025,2024-06-11,8,Steel,0.76
SEC_032,2024-01-16,6,Coal,1.13
SEC_048,2024-04-07,4,Other,0.97
SEC_028,2024-04-22,13,Foodgrain,1.31
SEC_006,2024-01-14,15,Steel,1.23
SEC_046,2024-10-06,14,Steel,1.24
SEC_026,2024-05-18,6,Cement,1.02
SEC_009,2024-10-16,10,Other,1.39
SEC_010,2024-11-14,9,Foodgrain,1.27
SEC_011,2024-11-19,19,Foodgrain,1.35
SEC_036,2024-11-28,9,Steel,1.34
SEC_047,2024-07-01,9,Cement,0.84
SEC_022,2024-03-29,8,Cement,1.01
SEC_005,2024-01-31,3,Coal,1.15
SEC_044,2024-08-16,5,Foodgrain,0.86
SEC_032,2024-02-16,3,Other,1.14
SEC_028,2024-03-29,9,Steel,0.99
SEC_003,2024-03-30,9,Foodgrain,1.34
SEC_048,2024-04-10,3,Cement,1.05
SEC_004,2024-05-16,10,Coal,1.01
SEC_030,2024-05-01,14,Foodgrain,0.99
SEC_030,2024-07-11,4,Cement,0.74
SEC_026,2024-12-16,11,Foodgrain,1.24
SEC_028,2024-08-24,3,Steel,0.79
SEC_020,2024-09-04,2,Other,1.03
SEC_029,2024-02-29,12,Steel,1.2
SEC_018,2024-02-11,2,Foodgrain,1.13
SEC_024,2024-03-10,9,Steel,1.09
SEC_034,2024-11-06,13,Other,1.18
SEC_037,2024-03-04,9,Foodgrain,1.34
SEC_008,2024-12-26,7,Steel,1.06
SEC_049,2024-10-03,5,Steel,1.21
SEC_005,2024-10-30,6,Foodgrain,1.29
SEC_014,2024-04-20,12,Cement,1.09
SEC_017,2024-02-27,2,Cement,1.24
SEC_016,2024-03-02,13,Coal,1.03
SEC_018,2024-11-09,9,Coal,1.26
SEC_016,2024-06-06,6,Coal,0.89
SEC_022,2024-05-29,8,Other,1.04
SEC_038,2024-03-31,11,Coal,0.96
SEC_041,2024-05-10,15,Coal,1.1
SEC_018,2024-05-15,8,Foodgrain,1.04
SEC_013,2024-10-01,12,Coal,1.35
SEC_034,2024-10-28,3,Coal,1.15
SEC_003,2024-06-19,8,Coal,0.89
SEC_022,2024-05-02,4,Coal,0.97
SEC_011,2024-06-14,2,Foodgrain,0.89
SEC_030,2024-03-04,6,Steel,1.08
SEC_004,2024-01-26,16,Steel,1.24
SEC_041,2024-03-26,4,Other,0.96
SEC_014,2024-01-09,11,Other,1.06
SEC_026,2024-01-13,5,Coal,1.09
SEC_029,2024-03-28,11,Other,1.09
SEC_024,2024-11-25,18,Coal,1.26
SEC_022,2024-03-08,11,Foodgrain,1.37
SEC_014,2024-09-12,8,Foodgrain,1.08
SEC_038,2024-02-23,4,Cement,1.08
SEC_026,2024-06-18,2,Foodgrain,0.76
SEC_011,2024-08-10,6,Cement,0.82
SEC_013,2024-07-24,10,Coal,0.9
SEC_022,2024-10-19,7,Foodgrain,1.16
SEC_042,2024-04-02,6,Other,1.0
SEC_048,2024-09-28,9,Foodgrain,0.96
SEC_020,2024-05-27,12,Cement,1.01
SEC_020,2024-06-11,6,Coal,0.82
SEC_007,2024-04-27,10,Foodgrain,1.37
SEC_027,2024-12-30,9,Coal,1.08
SEC_012,2024-10-28,15,Foodgrain,1.18
SEC_041,2024-06-18,7,Steel,0.82
SEC_027,2024-09-29,14,Cement,0.99
SEC_011,2024-12-01,12,Cement,1.15
SEC_045,2024-04-13,11,Coal,0.99
SEC_040,2024-04-29,3,Steel,0.98
SEC_015,2024-10-05,3,Other,1.16
SEC_006,2024-04-13,2,Coal,0.99
SEC_013,2024-02-04,11,Coal,1.07
SEC_019,2024-08-05,10,Other,0.85
SEC_020,2024-03-15,10,Foodgrain,1.41
SEC_041,2024-08-02,9,Cement,0.76
SEC_048,2024-02-08,12,Steel,1.2
SEC_037,2024-06-24,4,Foodgrain,0.72
SEC_042,2024-03-28,14,Cement,1.04
SEC_007,2024-07-12,12,Steel,0.83
SEC_008,2024-03-23,8,Other,0.96
SEC_045,2024-04-01,10,Other,1.02
SEC_031,2024-11-25,5,Cement,1.28
SEC_012,2024-12-25,16,Steel,1.23
SEC_039,2024-04-29,8,Steel,0.98
SEC_009,2024-08-24,10,Coal,0.8
SEC_038,2024-05-10,7,Cement,1.09
SEC_044,2024-03-03,5,Other,1.01
SEC_024,2024-02-06,14,Other,1.15
SEC_033,2024-11-21,17,Other,1.21
SEC_036,2024-01-25,10,Coal,1.05
SEC_044,2024-06-29,9,Cement,0.86
SEC_029,2024-03-21,13,Steel,1.03
SEC_015,2024-10-05,4,Coal,1.21
SEC_010,2024-02-19,5,Foodgrain,1.19
SEC_018,2024-07-30,8,Cement,0.74
SEC_003,2024-05-06,9,Cement,1.08
SEC_035,2024-07-09,3,Foodgrain,0.85
SEC_019,2024-03-09,2,Coal,1.06
SEC_035,2024-02-12,15,Coal,1.05
SEC_004,2024-03-06,6,Coal,1.01
SEC_016,2024-07-29,9,Cement,0.79
SEC_020,2024-08-24,9,Foodgrain,0.9
SEC_005,2024-11-27,6,Steel,1.19
SEC_041,2024-12-10,11,Cement,1.09
SEC_030,2024-10-02,4,Steel,1.23
SEC_042,2024-01-05,13,Steel,1.06
SEC_040,2024-09-14,4,Other,0.95
SEC_002,2024-09-15,6,Foodgrain,1.02
SEC_043,2024-09-15,12,Cement,1.01
SEC_004,2024-08-29,8,Other,0.85
SEC_043,2024-09-08,10,Steel,1.05
SEC_033,2024-08-02,9,Coal,0.8
SEC_041,2024-08-14,2,Cement,0.79
SEC_025,2024-09-10,3,Steel,1.1
SEC_008,2024-01-16,14,Other,1.18
SEC_008,2024-07-05,3,Steel,0.84
SEC_006,2024-02-16,7,Cement,1.16
SEC_040,2024-12-05,8,Cement,1.17
SEC_027,2024-12-28,13,Cement,1.09
SEC_011,2024-02-27,16,Cement,1.14
SEC_007,2024-11-22,8,Coal,1.29
SEC_004,2024-06-22,3,Other,0.88
SEC_013,2024-09-03,5,Steel,1.05
SEC_037,2024-08-27,2,Foodgrain,0.79
SEC_044,2024-02-13,3,Steel,1.1
SEC_030,2024-11-28,10,Steel,1.25
SEC_049,2024-08-22,8,Steel,0.86
SEC_020,2024-06-27,7,Foodgrain,0.79
SEC_017,2024-08-13,10,Other,0.73
SEC_034,2024-12-23,16,Steel,1.11
SEC_007,2024-08-24,6,Other,0.71
SEC_045,2024-08-28,4,Cement,0.74
SEC_039,2024-11-16,16,Cement,1.24
SEC_002,2024-09-12,12,Other,1.01
SEC_010,2024-02-22,16,Other,1.14
SEC_031,2024-10-26,15,Foodgrain,1.28
SEC_037,2024-11-25,16,Steel,1.33
SEC_011,2024-09-25,8,Cement,1.0
SEC_037,2024-02-25,14,Steel,1.15
SEC_024,2024-07-10,10,Coal,0.72
SEC_034,2024-01-20,5,Steel,1.23
SEC_021,2024-10-09,14,Foodgrain,1.39
SEC_023,2024-12-16,6,Other,1.1
SEC_020,2024-01-14,6,Cement,1.07
SEC_008,2024-02-09,3,Steel,1.06
SEC_010,2024-12-07,9,Cement,1.07
SEC_009,2024-10-19,3,Foodgrain,1.3
SEC_040,2024-10-28,13,Other,1.39
SEC_021,2024-03-17,11,Cement,1.09
SEC_019,2024-08-21,4,Other,0.88
SEC_042,2024-10-30,5,Cement,1.16
SEC_044,2024-01-26,13,Foodgrain,1.17
SEC_012,2024-04-13,6,Cement,1.0
SEC_018,2024-04-17,12,Other,1.0
SEC_021,2024-07-17,9,Steel,0.81
SEC_042,2024-04-02,10,Cement,0.99
SEC_033,2024-05-05,6,Other,0.97
SEC_027,2024-04-04,15,Foodgrain,1.34
SEC_012,2024-01-24,10,Foodgrain,1.09
SEC_019,2024-09-02,4,Coal,1.06
SEC_002,2024-08-21,8,Cement,0.76
SEC_035,2024-11-16,14,Other,1.29
SEC_046,2024-07-29,7,Cement,0.8
SEC_039,2024-09-06,14,Other,1.04
SEC_016,2024-05-11,3,Coal,0.99
SEC_024,2024-05-22,14,Foodgrain,1.0
SEC_047,2024-05-30,11,Cement,1.02
SEC_021,2024-12-20,7,Steel,1.2
SEC_042,2024-06-21,9,Other,0.79
SEC_029,2024-11-11,8,Coal,1.31
SEC_025,2024-04-27,9,Other,1.02
SEC_029,2024-09-07,2,Coal,1.05
SEC_011,2024-04-10,2,Coal,0.97
SEC_021,2024-05-25,15,Other,1.06
SEC_015,2024-11-10,7,Other,1.24
SEC_038,2024-09-07,2,Foodgrain,1.0
SEC_031,2024-06-26,2,Steel,0.83
SEC_020,2024-05-29,14,Foodgrain,1.06
SEC_041,2024-10-19,12,Steel,1.34
SEC_023,2024-02-26,3,Steel,1.1
SEC_047,2024-11-06,18,Coal,1.35
SEC_030,2024-08-14,5,Cement,0.87
SEC_044,2024-04-30,7,Coal,0.96
SEC_049,2024-09-12,10,Cement,1.03
SEC_017,2024-12-28,8,Steel,1.21
SEC_013,2024-05-07,4,Other,0.98
SEC_041,2024-05-23,8,Cement,1.02
SEC_012,2024-12-06,10,Foodgrain,1.08
SEC_037,2024-05-06,15,Foodgrain,1.09
SEC_009,2024-11-08,14,Steel,1.18
SEC_043,2024-11-25,18,Coal,1.36
SEC_034,2024-08-01,10,Coal,0.75
SEC_026,2024-01-31,2,Foodgrain,1.22
SEC_023,2024-01-23,11,Other,1.21
SEC_032,2024-04-12,7,Cement,1.04
SEC_020,2024-01-07,6,Other,1.19
SEC_020,2024-10-06,15,Cement,1.32
SEC_011,2024-08-22,9,Steel,0.85
SEC_008,2024-06-15,2,Other,0.83
SEC_044,2024-10-24,9,Steel,1.23
SEC_037,2024-02-18,14,Steel,1.23
SEC_022,2024-07-02,10,Cement,0.87
SEC_041,2024-05-03,10,Coal,0.96
SEC_030,2024-01-09,8,Cement,1.12
SEC_030,2024-06-24,4,Steel,0.88
SEC_006,2024-02-23,7,Cement,1.24
SEC_027,2024-01-17,4,Cement,1.21
SEC_006,2024-03-18,13,Coal,0.97
SEC_034,2024-03-12,15,Steel,1.1
SEC_004,2024-08-17,4,Other,0.72
SEC_026,2024-10-17,9,Other,1.31
SEC_018,2024-06-26,11,Foodgrain,0.85
SEC_007,2024-08-22,12,Foodgrain,0.84
SEC_024,2024-02-07,17,Cement,1.24
SEC_010,2024-10-14,19,Cement,1.36
SEC_012,2024-07-02,9,Coal,0.77
SEC_044,2024-06-05,3,Steel,0.79
SEC_018,2024-11-14,10,Coal,1.27
SEC_020,2024-04-24,20,Foodgrain,1.46
SEC_001,2024-06-09,10,Coal,0.74
SEC_015,2024-12-04,15,Other,1.21
SEC_018,2024-02-24,11,Steel,1.2
SEC_036,2024-07-10,7,Other,0.8
SEC_006,2024-07-30,9,Other,0.83
SEC_046,2024-09-13,5,Steel,1.05
SEC_007,2024-12-06,15,Cement,1.06
SEC_032,2024-05-05,6,Coal,0.99
SEC_001,2024-02-12,11,Other,1.13
SEC_041,2024-05-26,6,Cement,1.02
SEC_035,2024-02-27,8,Cement,1.21
SEC_042,2024-09-23,6,Foodgrain,0.96
SEC_046,2024-07-26,6,Coal,0.83
SEC_041,2024-10-04,11,Steel,1.25
SEC_031,2024-05-04,2,Cement,1.09
SEC_042,2024-12-15,16,Steel,1.13
SEC_005,2024-11-23,19,Cement,1.38
SEC_032,2024-12-01,3,Other,1.08
SEC_049,2024-09-17,10,Other,0.99
SEC_019,2024-03-09,6,Coal,0.98
SEC_048,2024-02-23,10,Foodgrain,1.16
SEC_025,2024-12-16,11,Coal,1.23
SEC_023,2024-11-14,13,Steel,1.33
SEC_015,2024-11-18,4,Other,1.35
SEC_006,2024-08-23,2,Cement,0.77
SEC_043,2024-11-09,12,Cement,1.3
SEC_036,2024-06-29,10,Cement,0.86
SEC_020,2024-02-29,15,Coal,1.22
SEC_048,2024-04-03,13,Foodgrain,1.33
SEC_010,2024-11-07,17,Steel,1.22
SEC_039,2024-08-25,7,Coal,0.83
SEC_023,2024-12-31,5,Other,1.05
SEC_031,2024-11-24,11,Foodgrain,1.39
SEC_002,2024-10-04,8,Steel,1.16
SEC_030,2024-01-15,7,Other,1.17
SEC_034,2024-03-08,11,Cement,1.09
SEC_048,2024-05-17,2,Steel,1.08
SEC_017,2024-01-14,6,Other,1.11
SEC_004,2024-12-08,6,Cement,1.1
SEC_004,2024-03-24,10,Steel,1.08
SEC_008,2024-05-20,4,Steel,0.96
SEC_015,2024-09-03,6,Coal,1.07
SEC_041,2024-01-14,14,Steel,1.1
SEC_010,2024-08-20,4,Steel,0.89
SEC_008,2024-02-07,15,Steel,1.07
SEC_002,2024-11-26,11,Steel,1.19
SEC_019,2024-09-09,6,Coal,1.05
SEC_030,2024-05-02,6,Cement,0.95
SEC_014,2024-09-13,10,Steel,1.08
SEC_025,2024-04-24,6,Coal,1.02
SEC_012,2024-02-12,3,Cement,1.09
SEC_040,2024-01-04,12,Steel,1.17
SEC_002,2024-03-21,13,Foodgrain,1.33
SEC_010,2024-09-16,15,Other,1.04
SEC_028,2024-07-25,4,Steel,0.72
SEC_042,2024-04-09,9,Coal,1.03
SEC_020,2024-09-08,10,Cement,0.99
SEC_004,2024-05-22,12,Coal,1.07
SEC_028,2024-02-27,2,Foodgrain,1.1
SEC_014,2024-09-05,5,Other,1.02
SEC_015,2024-06-16,7,Foodgrain,0.82
SEC_046,2024-08-31,5,Coal,0.76
SEC_047,2024-07-24,4,Cement,0.89
SEC_013,2024-02-07,6,Cement,1.07
SEC_029,2024-01-19,2,Steel,1.16
SEC_027,2024-02-06,15,Coal,1.08
SEC_048,2024-03-22,14,Foodgrain,1.43
SEC_047,2024-03-23,2,Cement,1.03
SEC_018,2024-12-02,7,Coal,1.19
SEC_002,2024-10-13,4,Foodgrain,1.3
SEC_001,2024-11-18,6,Steel,1.18
SEC_001,2024-06-22,7,Steel,0.73
SEC_039,2024-04-28,9,Steel,1.02
SEC_037,2024-05-27,8,Cement,1.05
SEC_041,2024-11-13,3,Other,1.39
SEC_007,2024-05-10,10,Coal,1.03
SEC_003,2024-08-19,3,Coal,0.74
SEC_009,2024-02-22,14,Steel,1.23
SEC_031,2024-12-25,3,Cement,1.07
SEC_001,2024-08-22,12,Coal,0.86
SEC_033,2024-12-19,16,Cement,1.14
SEC_044,2024-04-17,4,Cement,0.96
SEC_008,2024-08-13,8,Steel,0.75
SEC_037,2024-04-10,3,Steel,1.09
SEC_028,2024-06-20,11,Steel,0.88
SEC_047,2024-04-28,2,Cement,0.95
SEC_012,2024-02-22,17,Coal,1.19
SEC_012,2024-06-10,4,Steel,0.71
SEC_001,2024-07-13,10,Steel,0.88
SEC_035,2024-02-27,7,Steel,1.12
SEC_043,2024-05-25,10,Other,1.0
SEC_001,2024-02-04,2,Coal,1.18
SEC_025,2024-08-24,6,Coal,0.73
SEC_036,2024-04-24,18,Foodgrain,1.3
SEC_039,2024-02-02,12,Foodgrain,1.09
SEC_046,2024-07-06,2,Other,0.78
SEC_036,2024-11-01,18,Steel,1.36
SEC_046,2024-12-28,17,Foodgrain,1.18
SEC_049,2024-12-19,5,Cement,1.07
SEC_046,2024-03-04,12,Cement,0.98
SEC_022,2024-03-17,15,Steel,1.04
SEC_020,2024-11-22,12,Other,1.25
SEC_021,2024-08-19,11,Steel,0.81
SEC_047,2024-07-17,7,Foodgrain,0.78
SEC_014,2024-10-20,4,Coal,1.17
SEC_037,2024-01-24,15,Other,1.18
SEC_031,2024-07-21,1,Other,0.72
SEC_004,2024-07-28,4,Steel,0.89
SEC_024,2024-12-08,11,Foodgrain,1.23
SEC_010,2024-06-20,7,Other,0.73
SEC_036,2024-07-06,12,Coal,0.84
SEC_022,2024-10-20,9,Cement,1.23
SEC_018,2024-04-09,13,Cement,0.97
SEC_004,2024-01-26,14,Cement,1.23
SEC_007,2024-06-21,8,Cement,0.8
SEC_038,2024-08-11,12,Steel,0.88
SEC_043,2024-06-27,2,Foodgrain,0.81
SEC_015,2024-09-15,14,Cement,1.03
SEC_041,2024-04-02,4,Other,0.99
SEC_028,2024-01-06,5,Coal,1.09
SEC_018,2024-10-15,7,Steel,1.33
SEC_023,2024-11-07,4,Steel,1.39
SEC_034,2024-08-14,8,Other,0.81
SEC_045,2024-04-24,4,Cement,1.02
SEC_025,2024-05-15,3,Other,1.06
SEC_017,2024-06-24,11,Cement,0.88
SEC_038,2024-06-03,4,Foodgrain,0.72
SEC_026,2024-03-22,17,Foodgrain,1.44
SEC_020,2024-05-16,11,Foodgrain,0.97
SEC_023,2024-04-19,13,Coal,0.99
SEC_027,2024-06-12,5,Coal,0.76
SEC_007,2024-05-17,3,Coal,0.99
SEC_003,2024-07-12,8,Coal,0.87
SEC_033,2024-10-22,4,Steel,1.3
SEC_009,2024-05-01,4,Foodgrain,0.97
SEC_027,2024-01-22,7,Other,1.24
SEC_039,2024-10-26,3,Other,1.38
SEC_011,2024-03-09,11,Cement,1.02
SEC_019,2024-12-05,2,Steel,1.1
SEC_048,2024-07-12,7,Foodgrain,0.82
SEC_002,2024-07-10,4,Foodgrain,0.88
SEC_038,2024-05-29,5,Cement,0.95
SEC_009,2024-09-17,6,Coal,1.0
SEC_045,2024-08-26,2,Coal,0.84
SEC_021,2024-12-06,17,Steel,1.24
SEC_001,2024-01-07,16,Coal,1.13
SEC_036,2024-03-11,11,Steel,1.09
SEC_008,2024-04-11,4,Steel,1.06
SEC_018,2024-03-10,3,Other,1.09
SEC_025,2024-12-13,5,Cement,1.14
SEC_037,2024-01-27,7,Coal,1.06
SEC_021,2024-02-14,2,Foodgrain,1.22
SEC_043,2024-06-10,11,Coal,0.88
SEC_024,2024-04-06,12,Other,0.98
SEC_017,2024-05-01,3,Coal,0.98
SEC_017,2024-08-09,2,Steel,0.75
SEC_040,2024-07-24,5,Foodgrain,0.8
SEC_033,2024-11-12,11,Cement,1.4
SEC_007,2024-06-14,4,Foodgrain,0.74
SEC_037,2024-12-09,14,Other,1.09
SEC_021,2024-03-10,9,Coal,1.05
SEC_018,2024-03-12,8,Other,1.02
SEC_005,2024-05-23,11,Steel,0.95
SEC_049,2024-02-12,8,Cement,1.17
SEC_003,2024-01-11,11,Steel,1.23
SEC_049,2024-05-15,8,Cement,0.98
SEC_004,2024-07-15,5,Coal,0.8
SEC_025,2024-04-11,3,Cement,1.03
SEC_006,2024-04-09,5,Other,1.03
SEC_025,2024-02-05,10,Steel,1.08
SEC_041,2024-02-11,7,Cement,1.24
SEC_029,2024-11-19,5,Foodgrain,1.2
SEC_027,2024-01-25,3,Steel,1.06
SEC_006,2024-09-14,2,Foodgrain,1.06
SEC_047,2024-09-18,10,Foodgrain,0.98
SEC_019,2024-03-15,4,Steel,1.01
SEC_027,2024-03-31,4,Steel,1.05
SEC_044,2024-05-14,2,Foodgrain,0.97
SEC_031,2024-08-29,8,Coal,0.77
SEC_037,2024-01-14,13,Foodgrain,1.15
SEC_010,2024-10-25,15,Foodgrain,1.28
SEC_023,2024-05-04,13,Foodgrain,1.01
SEC_027,2024-07-01,5,Cement,0.8
SEC_009,2024-11-29,2,Foodgrain,1.19
SEC_019,2024-02-18,6,Steel,1.16
SEC_041,2024-12-12,3,Other,1.09
SEC_046,2024-08-12,7,Steel,0.75
SEC_041,2024-06-05,12,Coal,0.83
SEC_046,2024-01-27,3,Steel,1.15
SEC_049,2024-01-25,6,Cement,1.2
SEC_010,2024-10-26,8,Steel,1.34
SEC_042,2024-05-27,11,Coal,1.0
SEC_031,2024-10-05,16,Foodgrain,1.37
SEC_043,2024-10-31,3,Coal,1.16
SEC_032,2024-05-27,6,Cement,1.1
SEC_007,2024-04-25,3,Coal,0.96
SEC_028,2024-04-08,3,Coal,0.95
SEC_038,2024-08-21,10,Cement,0.75
SEC_007,2024-09-16,9,Cement,0.99
SEC_025,2024-05-07,13,Steel,1.1
SEC_033,2024-07-26,6,Other,0.82
SEC_023,2024-07-16,2,Coal,0.75
SEC_040,2024-02-23,11,Coal,1.1
SEC_007,2024-07-11,8,Steel,0.89
SEC_017,2024-10-04,14,Foodgrain,1.15
SEC_047,2024-12-18,3,Foodgrain,1.13
SEC_026,2024-05-02,7,Steel,1.03
SEC_009,2024-03-28,13,Steel,1.07
SEC_006,2024-11-23,17,Cement,1.29
SEC_030,2024-12-02,10,Foodgrain,1.19
SEC_046,2024-10-30,6,Other,1.17
SEC_003,2024-05-02,6,Coal,0.95
SEC_006,2024-04-10,2,Other,1.06
SEC_019,2024-08-16,4,Other,0.74
SEC_011,2024-04-03,15,Foodgrain,1.32
SEC_006,2024-10-08,19,Cement,1.35
SEC_015,2024-05-25,10,Cement,1.01
SEC_032,2024-04-29,15,Other,1.07
SEC_041,2024-10-21,15,Foodgrain,1.36
SEC_016,2024-05-09,6,Coal,1.06
SEC_035,2024-02-17,2,Cement,1.16
SEC_041,2024-10-17,9,Coal,1.29
SEC_001,2024-04-25,12,Other,0.98
SEC_042,2024-08-27,5,Other,0.75
SEC_009,2024-08-29,2,Cement,0.79
SEC_034,2024-01-31,7,Steel,1.05
SEC_037,2024-01-13,11,Coal,1.08
SEC_042,2024-10-27,14,Foodgrain,1.19
SEC_020,2024-01-21,3,Steel,1.14
SEC_033,2024-05-01,2,Other,0.98
SEC_002,2024-10-05,2,Cement,1.21
SEC_022,2024-03-06,15,Coal,1.06
SEC_048,2024-07-10,2,Coal,0.75
SEC_008,2024-02-12,3,Other,1.1
SEC_008,2024-07-23,4,Foodgrain,0.74
SEC_035,2024-09-18,10,Cement,1.0
SEC_026,2024-04-01,12,Cement,1.05
SEC_023,2024-04-13,6,Steel,1.0
SEC_013,2024-07-13,8,Other,0.77
SEC_009,2024-10-16,14,Steel,1.27
SEC_037,2024-07-18,7,Other,0.81
SEC_018,2024-09-13,2,Other,1.01
SEC_039,2024-05-31,5,Coal,1.05
SEC_022,2024-02-17,11,Cement,1.13
SEC_020,2024-12-18,10,Cement,1.13
SEC_012,2024-10-18,7,Cement,1.35
SEC_033,2024-01-19,17,Cement,1.24
SEC_014,2024-04-11,7,Other,0.96
SEC_045,2024-05-31,8,Coal,1.0
SEC_021,2024-01-30,13,Steel,1.07
SEC_040,2024-11-09,16,Foodgrain,1.32
SEC_024,2024-03-04,15,Other,1.04
SEC_021,2024-03-16,14,Cement,1.05
SEC_023,2024-04-25,4,Cement,1.09
SEC_022,2024-12-08,11,Steel,1.07
SEC_024,2024-03-23,5,Coal,0.95
SEC_044,2024-06-04,11,Steel,0.81
SEC_035,2024-09-06,6,Foodgrain,1.0
SEC_002,2024-02-27,10,Coal,1.14
SEC_003,2024-02-02,6,Coal,1.11
SEC_002,2024-02-04,7,Cement,1.17
SEC_034,2024-03-08,5,Steel,1.05
SEC_011,2024-04-29,15,Steel,1.07
SEC_019,2024-12-10,11,Coal,1.2
SEC_041,2024-12-02,13,Foodgrain,1.05
SEC_007,2024-07-27,9,Coal,0.9
SEC_008,2024-12-09,15,Foodgrain,1.1
SEC_004,2024-01-11,2,Coal,1.22
SEC_014,2024-07-25,5,Coal,0.84
SEC_005,2024-06-11,5,Other,0.75
SEC_031,2024-02-13,17,Foodgrain,1.23
SEC_037,2024-07-21,6,Steel,0.86
SEC_010,2024-06-16,1,Coal,0.71
SEC_026,2024-10-06,17,Foodgrain,1.28
SEC_015,2024-06-01,10,Steel,0.74
SEC_004,2024-06-06,2,Steel,0.73
SEC_023,2024-03-25,8,Steel,1.09
SEC_035,2024-06-21,11,Coal,0.89
SEC_012,2024-01-28,16,Foodgrain,1.15
SEC_039,2024-07-26,12,Foodgrain,0.89
SEC_049,2024-05-19,15,Foodgrain,1.09
SEC_003,2024-04-10,13,Cement,1.02
SEC_009,2024-05-16,5,Coal,1.06
SEC_015,2024-11-22,5,Steel,1.22
SEC_042,2024-09-14,6,Steel,1.03
SEC_007,2024-11-07,3,Steel,1.37
SEC_024,2024-05-24,8,Coal,0.96
SEC_027,2024-05-24,9,Steel,1.04
SEC_007,2024-01-05,3,Steel,1.1
SEC_003,2024-09-06,12,Other,0.97
SEC_006,2024-01-08,10,Coal,1.1
SEC_003,2024-12-21,13,Foodgrain,1.17
SEC_025,2024-09-08,10,Coal,1.02
SEC_046,2024-06-19,1,Other,0.7
SEC_018,2024-08-29,2,Foodgrain,0.8
SEC_013,2024-12-29,10,Steel,1.09
SEC_012,2024-02-28,9,Other,1.17
SEC_049,2024-09-30,8,Cement,1.02
SEC_047,2024-11-13,11,Coal,1.39
SEC_032,2024-08-02,2,Cement,0.83
SEC_023,2024-08-30,3,Cement,0.73
SEC_008,2024-07-04,8,Foodgrain,0.89
SEC_046,2024-02-26,16,Coal,1.14
SEC_001,2024-12-25,2,Cement,1.22
SEC_009,2024-04-15,10,Steel,0.96
SEC_034,2024-05-21,7,Coal,1.07
SEC_009,2024-12-22,7,Foodgrain,1.17
SEC_006,2024-01-21,9,Foodgrain,1.23
SEC_030,2024-05-29,8,Coal,1.04
SEC_002,2024-07-22,2,Steel,0.86
SEC_014,2024-03-27,12,Cement,1.04
SEC_032,2024-09-02,3,Cement,0.96
SEC_010,2024-07-10,11,Coal,0.82
SEC_038,2024-04-05,7,Steel,1.03
SEC_005,2024-03-16,13,Other,1.01
SEC_031,2024-04-14,13,Coal,0.96
SEC_004,2024-10-16,7,Foodgrain,1.38
SEC_036,2024-07-09,3,Foodgrain,0.86
SEC_037,2024-10-17,11,Cement,1.36
SEC_039,2024-09-19,11,Coal,1.08
SEC_014,2024-10-20,17,Coal,1.4
SEC_012,2024-11-08,17,Other,1.39
SEC_048,2024-08-13,7,Steel,0.83
SEC_036,2024-05-11,8,Steel,1.1
SEC_009,2024-09-11,13,Cement,1.02
SEC_002,2024-12-11,15,Foodgrain,1.09
SEC_018,2024-04-27,5,Foodgrain,1.33
SEC_033,2024-06-27,9,Coal,0.7
SEC_019,2024-11-17,14,Cement,1.28
SEC_040,2024-08-06,9,Coal,0.79
SEC_025,2024-02-22,2,Foodgrain,1.14
SEC_049,2024-05-08,6,Steel,0.95
SEC_043,2024-04-03,11,Cement,1.1
SEC_024,2024-06-23,10,Cement,0.88
SEC_041,2024-12-29,5,Cement,1.18
SEC_022,2024-11-03,11,Cement,1.22
SEC_001,2024-12-17,10,Steel,1.14
SEC_016,2024-09-28,14,Steel,0.99
SEC_021,2024-07-04,8,Other,0.84
SEC_048,2024-08-29,9,Cement,0.84
SEC_041,2024-07-01,3,Cement,0.7
SEC_008,2024-01-16,11,Other,1.21
SEC_001,2024-02-12,11,Coal,1.14
SEC_026,2024-07-22,5,Coal,0.83
SEC_027,2024-08-29,10,Coal,0.77
SEC_037,2024-04-02,13,Foodgrain,1.39
SEC_013,2024-01-12,10,Cement,1.19
SEC_040,2024-01-26,15,Other,1.15
SEC_021,2024-04-25,11,Cement,0.99
SEC_017,2024-11-11,12,Cement,1.18
SEC_021,2024-06-02,1,Other,0.72
SEC_047,2024-12-22,13,Coal,1.05
SEC_020,2024-11-23,19,Cement,1.34
SEC_028,2024-11-10,5,Cement,1.28
SEC_044,2024-12-20,6,Steel,1.2
SEC_001,2024-03-29,10,Foodgrain,1.5
SEC_027,2024-12-22,7,Coal,1.13
SEC_035,2024-12-04,2,Foodgrain,1.22
SEC_045,2024-10-19,10,Foodgrain,1.37
SEC_004,2024-03-11,9,Steel,0.98
SEC_036,2024-04-16,17,Foodgrain,1.33
SEC_040,2024-08-26,9,Cement,0.85
SEC_018,2024-01-17,7,Other,1.21
SEC_037,2024-10-27,11,Steel,1.19
SEC_025,2024-06-04,8,Cement,0.8
SEC_033,2024-01-08,16,Foodgrain,1.11
SEC_020,2024-04-18,9,Other,1.09
SEC_009,2024-05-24,14,Foodgrain,1.06
SEC_041,2024-08-27,2,Cement,0.9
SEC_011,2024-08-08,5,Steel,0.84
SEC_010,2024-05-15,5,Cement,1.09
SEC_044,2024-08-14,3,Steel,0.8
SEC_046,2024-11-22,11,Foodgrain,1.21
SEC_030,2024-05-08,9,Coal,1.1
SEC_029,2024-05-16,5,Foodgrain,1.05
SEC_018,2024-02-07,9,Coal,1.17
SEC_030,2024-05-18,11,Foodgrain,0.96
SEC_030,2024-04-13,13,Foodgrain,1.4
SEC_026,2024-10-04,5,Other,1.18
SEC_033,2024-02-11,13,Coal,1.16
SEC_028,2024-08-03,6,Steel,0.79
SEC_044,2024-10-09,14,Cement,1.25
SEC_033,2024-04-03,6,Other,0.95
SEC_019,2024-01-25,6,Other,1.17
SEC_033,2024-09-04,13,Foodgrain,1.02
SEC_012,2024-08-03,2,Steel,0.76
SEC_011,2024-07-25,4,Foodgrain,0.75
SEC_041,2024-11-17,6,Other,1.26
SEC_029,2024-02-08,2,Steel,1.1
SEC_003,2024-03-13,2,Other,1.09
SEC_018,2024-06-20,5,Steel,0.71
SEC_049,2024-07-24,8,Foodgrain,0.7
SEC_032,2024-12-02,17,Foodgrain,1.21
SEC_043,2024-08-14,8,Steel,0.75
SEC_027,2024-03-18,6,Coal,1.06
SEC_003,2024-11-07,17,Steel,1.31
SEC_009,2024-05-31,10,Coal,1.01
SEC_005,2024-11-13,3,Cement,1.36
SEC_037,2024-04-10,12,Steel,1.06
SEC_038,2024-10-16,17,Foodgrain,1.2
SEC_023,2024-07-15,4,Steel,0.77
SEC_036,2024-07-22,11,Steel,0.76
SEC_028,2024-12-22,5,Other,1.18
SEC_037,2024-02-26,11,Steel,1.18
SEC_033,2024-04-23,13,Foodgrain,1.42
SEC_023,2024-03-07,15,Steel,1.1
SEC_032,2024-10-31,3,Foodgrain,1.32
SEC_016,2024-11-07,12,Steel,1.35
SEC_037,2024-11-02,9,Other,1.23
SEC_045,2024-03-28,9,Cement,1.03
SEC_011,2024-04-04,12,Steel,1.08
SEC_033,2024-05-27,6,Foodgrain,1.05
SEC_006,2024-10-09,14,Other,1.37
SEC_019,2024-10-01,18,Cement,1.28
SEC_033,2024-12-27,7,Other,1.09
SEC_014,2024-10-14,7,Cement,1.18
SEC_012,2024-12-15,6,Cement,1.06
SEC_019,2024-04-07,14,Steel,1.05
SEC_006,2024-08-09,11,Foodgrain,0.83
SEC_031,2024-07-14,4,Cement,0.9
SEC_007,2024-02-25,16,Other,1.17
SEC_017,2024-12-12,5,Cement,1.08
SEC_016,2024-02-13,4,Steel,1.12
SEC_048,2024-11-08,10,Foodgrain,1.19
SEC_049,2024-04-07,8,Steel,1.1
SEC_004,2024-03-22,2,Other,1.1
SEC_008,2024-08-08,9,Steel,0.82
SEC_036,2024-06-20,7,Foodgrain,0.87
SEC_015,2024-05-21,15,Steel,1.08
SEC_032,2024-11-26,10,Coal,1.31
SEC_046,2024-09-12,8,Coal,1.01
SEC_008,2024-08-10,10,Coal,0.79
SEC_048,2024-10-15,5,Other,1.22
SEC_003,2024-10-20,4,Other,1.34
SEC_012,2024-03-07,10,Coal,1.0
SEC_025,2024-06-10,3,Steel,0.8
SEC_044,2024-11-27,7,Foodgrain,1.21
SEC_028,2024-10-25,17,Coal,1.18
SEC_007,2024-01-23,9,Steel,1.18
SEC_013,2024-03-31,12,Other,0.95
SEC_038,2024-04-06,2,Steel,0.98
SEC_028,2024-07-06,5,Foodgrain,0.85
SEC_001,2024-10-25,14,Other,1.25
SEC_025,2024-06-25,2,Coal,0.9
SEC_020,2024-03-08,8,Other,1.05
SEC_001,2024-07-22,2,Foodgrain,0.81
SEC_013,2024-03-21,14,Cement,0.97
SEC_046,2024-09-05,10,Other,0.96
SEC_035,2024-12-23,11,Cement,1.18
SEC_004,2024-08-19,3,Steel,0.87
SEC_001,2024-11-29,10,Other,1.19
SEC_017,2024-07-18,2,Steel,0.77
SEC_023,2024-10-24,15,Steel,1.22
SEC_023,2024-12-10,11,Cement,1.22
SEC_035,2024-03-04,4,Foodgrain,1.38
SEC_009,2024-08-31,2,Other,0.84
SEC_003,2024-04-03,6,Steel,1.05
SEC_033,2024-01-31,14,Cement,1.25
SEC_044,2024-03-27,2,Steel,0.95
SEC_009,2024-02-22,6,Foodgrain,1.17
SEC_018,2024-03-10,14,Other,1.02
SEC_031,2024-01-03,8,Other,1.14
SEC_009,2024-12-21,4,Cement,1.12
SEC_043,2024-06-10,3,Cement,0.7
SEC_012,2024-03-01,12,Foodgrain,1.46
SEC_027,2024-05-05,12,Steel,1.07
SEC_017,2024-09-30,7,Coal,1.02
SEC_033,2024-08-19,12,Foodgrain,0.84
SEC_010,2024-01-19,17,Cement,1.2
SEC_005,2024-02-24,2,Other,1.15
SEC_026,2024-07-18,12,Other,0.9
SEC_043,2024-12-20,8,Coal,1.19
SEC_032,2024-01-26,16,Other,1.24
SEC_038,2024-11-11,13,Steel,1.29
SEC_022,2024-01-23,6,Cement,1.2
SEC_007,2024-06-30,10,Cement,0.73
SEC_021,2024-03-25,6,Cement,1.01
SEC_049,2024-06-03,10,Foodgrain,0.87
SEC_039,2024-12-04,8,Coal,1.17
SEC_035,2024-03-19,13,Foodgrain,1.47
SEC_015,2024-08-21,3,Coal,0.84
SEC_030,2024-05-01,13,Cement,1.05
SEC_031,2024-08-26,8,Steel,0.88
SEC_033,2024-01-21,6,Coal,1.16
SEC_044,2024-04-18,6,Foodgrain,1.43
SEC_034,2024-12-16,7,Steel,1.13
SEC_011,2024-09-21,15,Other,1.07
SEC_011,2024-12-08,5,Coal,1.08
SEC_031,2024-09-06,6,Other,0.97
SEC_043,2024-03-08,5,Cement,1.09
SEC_047,2024-06-17,2,Steel,0.78
SEC_030,2024-11-17,11,Foodgrain,1.2
SEC_026,2024-09-06,7,Steel,1.07
SEC_040,2024-07-09,9,Steel,0.7
SEC_048,2024-11-13,7,Steel,1.36
SEC_002,2024-02-11,16,Steel,1.11
SEC_016,2024-12-17,7,Foodgrain,1.11
SEC_017,2024-02-16,15,Foodgrain,1.19
SEC_028,2024-12-30,15,Other,1.13
SEC_015,2024-10-21,4,Foodgrain,1.39
SEC_016,2024-06-27,3,Cement,0.87
SEC_002,2024-06-23,4,Other,0.77
SEC_001,2024-01-12,5,Other,1.19
SEC_023,2024-04-25,11,Foodgrain,1.35
SEC_049,2024-03-24,4,Foodgrain,1.4
SEC_015,2024-09-15,5,Other,0.98
SEC_012,2024-03-13,9,Cement,1.09
SEC_013,2024-10-21,7,Coal,1.15
SEC_048,2024-04-19,6,Other,1.04
SEC_033,2024-11-07,3,Cement,1.27
SEC_032,2024-05-11,9,Cement,0.95
SEC_010,2024-10-02,5,Other,1.28
SEC_045,2024-09-01,10,Coal,1.04
SEC_010,2024-12-28,12,Other,1.06
SEC_048,2024-07-11,3,Steel,0.84
SEC_047,2024-05-09,10,Other,0.97
SEC_028,2024-08-25,5,Coal,0.79
SEC_043,2024-01-11,3,Foodgrain,1.14
SEC_049,2024-12-21,2,Coal,1.14
SEC_029,2024-09-05,10,Other,1.01
SEC_038,2024-01-18,6,Foodgrain,1.15
SEC_029,2024-03-04,15,Other,1.06
SEC_026,2024-01-06,17,Cement,1.24
SEC_017,2024-09-01,6,Foodgrain,1.05
SEC_033,2024-08-31,4,Coal,0.87
SEC_014,2024-02-29,2,Foodgrain,1.12
SEC_010,2024-07-18,3,Steel,0.77
SEC_014,2024-06-28,4,Steel,0.71
SEC_001,2024-06-25,6,Steel,0.86
SEC_046,2024-08-14,4,Steel,0.7
SEC_013,2024-11-08,2,Other,1.19
SEC_040,2024-11-30,5,Other,1.2
SEC_022,2024-02-28,11,Coal,1.08
SEC_017,2024-12-11,9,Steel,1.13
SEC_012,2024-07-28,8,Coal,0.75
SEC_041,2024-03-07,5,Foodgrain,1.33
SEC_026,2024-12-07,14,Cement,1.09
SEC_023,2024-05-15,6,Steel,1.08
SEC_033,2024-06-12,12,Foodgrain,0.89
SEC_040,2024-12-19,6,Steel,1.15
SEC_033,2024-07-31,8,Coal,0.75
SEC_023,2024-02-22,4,Steel,1.06
SEC_044,2024-01-26,9,Cement,1.07
SEC_044,2024-10-27,15,Other,1.34
SEC_048,2024-05-07,8,Foodgrain,0.96
SEC_005,2024-02-06,7,Foodgrain,1.19
SEC_044,2024-01-16,9,Foodgrain,1.14
SEC_010,2024-12-12,5,Steel,1.16
SEC_031,2024-07-28,9,Cement,0.73
SEC_033,2024-07-10,5,Foodgrain,0.72
SEC_011,2024-08-04,3,Coal,0.76
SEC_001,2024-06-02,6,Steel,0.85
SEC_047,2024-12-14,10,Coal,1.06
SEC_044,2024-08-08,3,Foodgrain,0.86
SEC_009,2024-08-21,1,Foodgrain,0.74
SEC_030,2024-11-23,12,Foodgrain,1.37
SEC_008,2024-01-02,7,Coal,1.12
SEC_028,2024-04-26,7,Other,0.98
SEC_016,2024-10-31,5,Coal,1.16
SEC_037,2024-02-05,5,Steel,1.22
SEC_029,2024-04-30,11,Steel,1.01
SEC_025,2024-02-29,12,Foodgrain,1.2
SEC_034,2024-09-18,5,Foodgrain,1.0
SEC_024,2024-11-04,15,Other,1.37
SEC_001,2024-04-06,4,Other,1.08
SEC_030,2024-09-08,13,Coal,0.99
SEC_039,2024-10-05,16,Foodgrain,1.21
SEC_025,2024-11-27,4,Foodgrain,1.22
SEC_009,2024-12-05,10,Other,1.09
SEC_001,2024-06-15,9,Steel,0.71
SEC_015,2024-01-30,6,Foodgrain,1.14
SEC_038,2024-09-29,3,Other,0.95
SEC_016,2024-07-18,9,Foodgrain,0.76
SEC_047,2024-06-17,10,Cement,0.74
SEC_017,2024-07-16,9,Steel,0.88
SEC_021,2024-08-23,6,Cement,0.79
SEC_038,2024-04-14,7,Coal,1.02
SEC_031,2024-04-30,13,Other,0.97
SEC_003,2024-05-05,6,Coal,1.02
SEC_004,2024-06-29,11,Foodgrain,0.9
SEC_010,2024-09-04,7,Coal,0.96
SEC_043,2024-01-16,10,Coal,1.1
SEC_002,2024-04-17,15,Cement,1.08
SEC_004,2024-09-23,2,Cement,1.04
SEC_039,2024-01-12,9,Steel,1.18
SEC_031,2024-10-18,13,Coal,1.39
SEC_049,2024-10-08,9,Coal,1.35
SEC_011,2024-04-26,12,Other,1.08
SEC_033,2024-08-16,3,Cement,0.78
SEC_007,2024-06-28,4,Steel,0.84
SEC_029,2024-04-01,5,Steel,1.0
SEC_006,2024-02-24,13,Cement,1.12
SEC_045,2024-12-17,17,Other,1.19
SEC_021,2024-11-10,9,Cement,1.28
SEC_013,2024-11-24,9,Other,1.32
SEC_049,2024-02-21,16,Other,1.23
SEC_004,2024-12-18,5,Steel,1.2
SEC_040,2024-08-17,8,Cement,0.75
SEC_025,2024-07-06,10,Steel,0.85
SEC_034,2024-05-05,6,Steel,1.05
SEC_013,2024-03-27,6,Other,1.1
SEC_044,2024-04-29,13,Steel,1.0
SEC_023,2024-03-04,13,Other,0.98
SEC_021,2024-10-16,4,Steel,1.24
SEC_023,2024-12-13,2,Other,1.07
SEC_015,2024-12-19,10,Steel,1.14
SEC_016,2024-11-22,16,Coal,1.32
SEC_007,2024-02-18,8,Foodgrain,1.16
SEC_024,2024-09-28,2,Foodgrain,1.07
SEC_024,2024-11-09,16,Steel,1.23
SEC_019,2024-07-05,8,Steel,0.86
SEC_049,2024-07-23,1,Other,0.71
SEC_006,2024-05-20,7,Steel,1.09
SEC_045,2024-10-28,12,Cement,1.17
SEC_043,2024-09-14,6,Coal,1.08
SEC_002,2024-08-18,5,Other,0.72
SEC_035,2024-01-04,12,Cement,1.19
SEC_011,2024-12-17,11,Coal,1.1
SEC_003,2024-07-10,3,Foodgrain,0.85
SEC_043,2024-12-15,6,Cement,1.1
SEC_006,2024-09-05,13,Cement,1.09
SEC_015,2024-07-09,10,Foodgrain,0.71
SEC_005,2024-10-02,7,Coal,1.33
SEC_007,2024-03-31,5,Coal,1.03
SEC_004,2024-06-14,6,Other,0.79
SEC_042,2024-01-10,10,Coal,1.24
SEC_003,2024-09-29,12,Steel,1.03
SEC_038,2024-04-28,14,Other,1.0
SEC_008,2024-02-05,2,Other,1.19
SEC_045,2024-10-18,8,Foodgrain,1.19
SEC_042,2024-03-26,4,Cement,0.97
SEC_031,2024-03-22,15,Foodgrain,1.48
SEC_041,2024-02-22,11,Coal,1.21
SEC_015,2024-08-08,3,Foodgrain,0.7
SEC_039,2024-05-04,8,Cement,1.04
SEC_011,2024-07-27,4,Cement,0.88
SEC_031,2024-05-05,9,Foodgrain,0.97
SEC_046,2024-10-02,13,Other,1.33
SEC_036,2024-05-16,6,Coal,0.99
SEC_014,2024-10-17,16,Foodgrain,1.36
SEC_037,2024-06-19,7,Coal,0.8
SEC_044,2024-01-06,2,Coal,1.22
SEC_044,2024-06-08,12,Other,0.83
SEC_037,2024-03-30,6,Cement,1.08
SEC_036,2024-06-28,6,Other,0.88
SEC_039,2024-02-15,2,Foodgrain,1.19
SEC_037,2024-10-02,18,Foodgrain,1.37
SEC_007,2024-08-16,7,Coal,0.77
SEC_040,2024-02-21,15,Coal,1.16
SEC_009,2024-12-24,13,Coal,1.21
SEC_028,2024-05-08,12,Steel,1.09
SEC_017,2024-03-17,14,Foodgrain,1.44
SEC_011,2024-01-01,14,Steel,1.25
SEC_014,2024-03-31,10,Cement,1.08
SEC_005,2024-01-11,11,Cement,1.2
SEC_022,2024-06-25,9,Foodgrain,0.75
SEC_021,2024-08-09,8,Foodgrain,0.9
SEC_020,2024-05-15,9,Foodgrain,0.98
SEC_005,2024-11-16,17,Steel,1.34
SEC_030,2024-12-19,2,Cement,1.11
SEC_009,2024-04-21,14,Other,1.01
SEC_042,2024-08-21,10,Coal,0.79
SEC_002,2024-05-27,8,Other,0.98
SEC_003,2024-04-10,4,Foodgrain,1.43
SEC_015,2024-03-17,9,Coal,1.1
SEC_020,2024-07-09,6,Other,0.86
SEC_048,2024-02-22,9,Foodgrain,1.23
SEC_026,2024-09-03,15,Coal,1.09
SEC_019,2024-11-19,13,Foodgrain,1.39
SEC_042,2024-05-14,4,Foodgrain,1.03
SEC_012,2024-07-28,3,Steel,0.81
SEC_044,2024-12-23,14,Cement,1.15
SEC_020,2024-09-14,8,Foodgrain,0.98
SEC_016,2024-05-27,8,Foodgrain,0.98
SEC_015,2024-11-18,9,Coal,1.34
SEC_001,2024-01-16,12,Steel,1.1
SEC_034,2024-08-03,2,Coal,0.75
SEC_029,2024-04-02,11,Steel,1.01
SEC_032,2024-03-06,2,Cement,1.01
SEC_032,2024-07-08,8,Other,0.82
SEC_002,2024-09-18,12,Steel,1.02
SEC_044,2024-09-27,5,Cement,1.06
SEC_026,2024-09-30,10,Cement,1.03
SEC_034,2024-04-15,7,Cement,1.03
SEC_002,2024-05-31,5,Coal,0.97
SEC_038,2024-02-11,13,Steel,1.16
SEC_034,2024-08-13,4,Cement,0.77
SEC_019,2024-10-21,7,Steel,1.34
SEC_046,2024-06-26,7,Cement,0.73
SEC_032,2024-04-24,12,Other,0.97
SEC_045,2024-05-01,13,Other,1.01
SEC_041,2024-08-25,5,Foodgrain,0.74
SEC_011,2024-09-03,10,Steel,1.1
SEC_049,2024-06-23,2,Steel,0.82
SEC_037,2024-03-31,13,Foodgrain,1.48
SEC_010,2024-05-30,5,Cement,0.98
SEC_039,2024-04-29,9,Other,0.99
SEC_022,2024-02-05,12,Other,1.19
SEC_043,2024-05-28,10,Steel,1.08
SEC_009,2024-11-06,12,Coal,1.3
SEC_013,2024-08-12,7,Coal,0.8
SEC_018,2024-02-18,12,Steel,1.06
SEC_023,2024-11-07,9,Steel,1.16
SEC_031,2024-03-19,4,Coal,1.04
SEC_011,2024-08-13,4,Other,0.7
SEC_035,2024-07-26,3,Steel,0.85
SEC_002,2024-09-22,6,Coal,1.05
SEC_017,2024-10-07,17,Foodgrain,1.32
SEC_033,2024-04-17,8,Coal,0.95
SEC_013,2024-10-11,14,Other,1.35
SEC_022,2024-08-02,4,Other,0.75
SEC_030,2024-05-07,8,Other,1.06
SEC_013,2024-02-08,15,Steel,1.21
SEC_048,2024-07-27,11,Cement,0.85
SEC_042,2024-06-18,3,Coal,0.86
SEC_048,2024-06-21,10,Coal,0.75
SEC_025,2024-09-09,5,Foodgrain,0.99
SEC_017,2024-09-16,7,Cement,0.98
SEC_049,2024-03-06,9,Coal,1.04
SEC_036,2024-04-18,12,Other,1.06
SEC_039,2024-11-26,5,Foodgrain,1.27
SEC_009,2024-08-05,2,Cement,0.82
SEC_043,2024-06-01,4,Coal,0.74
SEC_026,2024-12-21,7,Other,1.07
SEC_038,2024-09-02,5,Foodgrain,1.03
SEC_041,2024-11-06,6,Foodgrain,1.19
SEC_006,2024-06-20,11,Cement,0.84
SEC_005,2024-02-29,15,Other,1.07
SEC_004,2024-09-25,4,Coal,0.96
SEC_032,2024-10-25,10,Coal,1.36
SEC_045,2024-08-01,4,Foodgrain,0.89
SEC_002,2024-06-07,11,Cement,0.9
SEC_007,2024-02-14,6,Other,1.24
SEC_024,2024-03-30,9,Coal,1.0
SEC_020,2024-12-04,7,Steel,1.23
SEC_006,2024-03-02,6,Cement,1.04
SEC_030,2024-08-29,8,Other,0.78
SEC_045,2024-08-30,6,Steel,0.8
SEC_011,2024-06-21,9,Other,0.73
SEC_001,2024-12-30,11,Other,1.25
SEC_012,2024-09-04,12,Steel,0.99
SEC_010,2024-12-19,14,Other,1.19
SEC_023,2024-04-05,3,Foodgrain,1.45
SEC_006,2024-09-28,9,Other,1.07
SEC_018,2024-10-08,4,Other,1.23
SEC_006,2024-12-02,2,Steel,1.18
SEC_034,2024-05-30,11,Cement,0.96
SEC_023,2024-05-01,3,Foodgrain,1.01
SEC_004,2024-10-21,11,Cement,1.32
SEC_003,2024-09-20,7,Coal,1.0
SEC_024,2024-04-10,6,Steel,0.98
SEC_029,2024-04-21,13,Steel,1.09
SEC_009,2024-10-16,4,Other,1.27
SEC_016,2024-07-27,4,Steel,0.73
SEC_030,2024-11-27,3,Steel,1.32
SEC_024,2024-08-18,4,Cement,0.73
SEC_006,2024-12-24,11,Cement,1.17
SEC_020,2024-04-29,11,Cement,1.1
SEC_010,2024-10-11,8,Other,1.17
SEC_046,2024-03-10,14,Other,1.02
SEC_040,2024-09-14,3,Steel,1.03
SEC_016,2024-06-01,6,Other,0.8
SEC_012,2024-07-09,6,Foodgrain,0.86
SEC_007,2024-10-22,6,Other,1.24
SEC_037,2024-02-08,13,Cement,1.21
SEC_045,2024-03-22,13,Coal,1.0
SEC_014,2024-07-23,4,Other,0.7
SEC_032,2024-05-31,5,Foodgrain,1.07
SEC_012,2024-07-25,8,Foodgrain,0.73
SEC_045,2024-06-06,5,Steel,0.73
SEC_015,2024-01-24,12,Cement,1.08
SEC_005,2024-12-08,15,Other,1.21
SEC_044,2024-09-09,4,Coal,1.02
SEC_047,2024-08-11,7,Steel,0.74
SEC_020,2024-02-24,6,Coal,1.17
SEC_045,2024-03-13,8,Coal,1.08
SEC_012,2024-08-06,7,Coal,0.74
SEC_014,2024-01-20,2,Steel,1.16
SEC_027,2024-06-21,3,Foodgrain,0.8
SEC_030,2024-11-21,17,Other,1.21
SEC_019,2024-11-16,16,Foodgrain,1.36
SEC_040,2024-07-07,11,Steel,0.82
SEC_039,2024-03-26,8,Coal,1.08
SEC_006,2024-01-28,9,Other,1.12
SEC_049,2024-03-03,6,Coal,0.97
SEC_008,2024-04-12,11,Cement,1.08
SEC_026,2024-07-20,3,Steel,0.89
SEC_021,2024-09-22,11,Cement,1.06
SEC_023,2024-06-17,10,Other,0.8
SEC_007,2024-10-29,17,Other,1.21
SEC_017,2024-02-29,10,Coal,1.21
SEC_002,2024-06-03,5,Foodgrain,0.79
SEC_048,2024-08-12,4,Foodgrain,0.81
SEC_008,2024-01-20,5,Other,1.06
SEC_024,2024-11-27,15,Cement,1.32
SEC_011,2024-12-30,15,Coal,1.09
SEC_009,2024-09-27,4,Other,1.07
SEC_020,2024-09-14,7,Steel,0.99
SEC_048,2024-03-17,9,Cement,1.03
SEC_024,2024-03-07,3,Coal,1.04
SEC_048,2024-03-28,2,Steel,1.02
SEC_041,2024-02-19,7,Coal,1.2
SEC_022,2024-07-23,9,Coal,0.79
SEC_045,2024-12-16,5,Other,1.07
SEC_018,2024-09-04,8,Coal,1.04
SEC_025,2024-11-18,19,Cement,1.35
SEC_034,2024-12-24,12,Cement,1.12
SEC_029,2024-08-30,2,Coal,0.83
SEC_041,2024-02-08,9,Steel,1.09
SEC_008,2024-12-06,11,Foodgrain,1.1
SEC_025,2024-07-18,9,Steel,0.84
SEC_033,2024-07-19,2,Other,0.84
SEC_017,2024-12-27,7,Coal,1.15
SEC_043,2024-09-07,9,Cement,0.98
SEC_015,2024-02-10,11,Foodgrain,1.12
SEC_015,2024-10-06,12,Steel,1.23
SEC_017,2024-12-21,6,Steel,1.06
SEC_034,2024-03-27,13,Cement,1.02
SEC_006,2024-06-18,6,Steel,0.71
SEC_008,2024-02-07,4,Cement,1.12
SEC_039,2024-09-19,14,Coal,1.02
SEC_011,2024-02-22,10,Steel,1.13
SEC_006,2024-06-04,7,Foodgrain,0.77
SEC_013,2024-08-26,9,Steel,0.72
SEC_020,2024-11-03,16,Coal,1.35
SEC_002,2024-04-26,8,Steel,1.06
SEC_041,2024-11-28,6,Foodgrain,1.29
SEC_006,2024-01-09,5,Other,1.14
SEC_020,2024-03-01,11,Cement,1.06
SEC_010,2024-02-13,15,Other,1.13
SEC_015,2024-09-30,12,Foodgrain,1.04
SEC_003,2024-05-12,3,Coal,1.06
SEC_047,2024-01-08,13,Coal,1.2
SEC_046,2024-10-15,5,Cement,1.29
SEC_007,2024-04-11,9,Cement,0.97
SEC_010,2024-09-06,5,Other,1.03
SEC_044,2024-07-21,10,Foodgrain,0.76
SEC_021,2024-02-10,3,Other,1.13
SEC_004,2024-08-08,7,Steel,0.76
SEC_007,2024-11-11,11,Other,1.2
SEC_021,2024-05-13,12,Coal,0.96
SEC_028,2024-11-01,12,Foodgrain,1.21
SEC_031,2024-04-08,11,Other,1.08
SEC_008,2024-04-13,5,Cement,0.97
SEC_019,2024-03-03,6,Steel,1.07
SEC_013,2024-03-18,6,Other,0.97
SEC_027,2024-03-28,3,Foodgrain,1.31
SEC_016,2024-08-25,4,Other,0.88
SEC_010,2024-02-17,14,Coal,1.14
SEC_040,2024-07-18,9,Other,0.88
SEC_028,2024-04-05,3,Cement,0.96
SEC_024,2024-02-23,9,Coal,1.15
SEC_007,2024-10-27,14,Steel,1.17
SEC_004,2024-07-16,9,Other,0.77
SEC_040,2024-04-15,3,Cement,1.06
SEC_048,2024-08-21,5,Coal,0.75
SEC_029,2024-11-28,10,Coal,1.15
SEC_002,2024-04-13,7,Steel,1.01
SEC_024,2024-03-30,3,Steel,1.09
SEC_014,2024-09-06,10,Cement,1.05
SEC_003,2024-06-29,7,Cement,0.77
SEC_007,2024-09-03,12,Steel,0.95
SEC_025,2024-03-02,7,Steel,0.98
SEC_021,2024-12-07,8,Coal,1.15
SEC_028,2024-01-07,3,Coal,1.16
SEC_034,2024-04-10,10,Other,1.07
SEC_014,2024-08-16,5,Cement,0.71
SEC_015,2024-07-09,10,Cement,0.82
SEC_034,2024-05-03,15,Other,1.09
SEC_010,2024-12-23,9,Coal,1.13
SEC_004,2024-05-06,7,Steel,0.99
SEC_042,2024-09-05,12,Cement,1.09
SEC_011,2024-05-29,4,Cement,1.03
SEC_006,2024-06-10,8,Cement,0.8
SEC_037,2024-10-11,4,Steel,1.28
SEC_027,2024-05-09,14,Coal,1.03
SEC_008,2024-05-26,5,Foodgrain,0.98
SEC_042,2024-10-13,6,Cement,1.26
SEC_013,2024-02-01,17,Cement,1.24
SEC_034,2024-06-07,7,Coal,0.78
SEC_032,2024-04-12,13,Cement,1.07
SEC_041,2024-06-25,10,Cement,0.89
SEC_036,2024-07-29,8,Steel,0.76
SEC_035,2024-06-06,3,Steel,0.9
SEC_003,2024-12-29,6,Coal,1.08
SEC_046,2024-11-30,14,Coal,1.27
SEC_007,2024-02-22,17,Foodgrain,1.18
SEC_013,2024-08-23,9,Steel,0.82
SEC_022,2024-04-28,6,Cement,1.06
SEC_015,2024-09-18,10,Foodgrain,0.98
SEC_030,2024-06-26,3,Foodgrain,0.87
SEC_003,2024-12-15,8,Other,1.15
SEC_023,2024-12-11,14,Coal,1.06
SEC_018,2024-01-21,2,Coal,1.19
SEC_032,2024-02-09,3,Steel,1.08
SEC_026,2024-01-09,14,Coal,1.09
SEC_038,2024-10-17,3,Cement,1.4
SEC_009,2024-03-24,2,Steel,1.05
SEC_047,2024-09-21,13,Coal,0.97
SEC_020,2024-05-01,9,Coal,1.07
SEC_018,2024-04-22,3,Other,0.97
SEC_027,2024-08-09,12,Steel,0.87
SEC_008,2024-10-10,5,Foodgrain,1.35
SEC_040,2024-07-26,3,Coal,0.88
SEC_013,2024-07-29,2,Cement,0.89
SEC_046,2024-09-26,5,Cement,1.03
SEC_008,2024-03-03,10,Steel,1.08
SEC_043,2024-08-04,6,Other,0.83
SEC_020,2024-04-14,15,Steel,1.09
SEC_030,2024-02-26,2,Other,1.1
SEC_043,2024-04-30,11,Other,1.01
SEC_007,2024-03-11,13,Foodgrain,1.32
SEC_018,2024-04-28,7,Foodgrain,1.31
SEC_047,2024-01-09,6,Other,1.15
SEC_008,2024-09-30,2,Coal,0.98
SEC_006,2024-05-07,7,Foodgrain,1.1
SEC_026,2024-08-29,11,Other,0.82
SEC_002,2024-10-01,7,Steel,1.4
SEC_049,2024-10-27,10,Steel,1.27
SEC_045,2024-01-29,3,Other,1.14
SEC_010,2024-07-05,2,Cement,0.77
SEC_009,2024-06-01,2,Foodgrain,0.81
SEC_039,2024-05-08,8,Coal,1.03
SEC_026,2024-10-22,15,Coal,1.24
SEC_041,2024-01-25,14,Other,1.24
SEC_048,2024-04-23,12,Foodgrain,1.46
SEC_020,2024-10-17,7,Other,1.22
SEC_013,2024-05-24,10,Coal,1.08
SEC_031,2024-01-28,4,Steel,1.07
SEC_032,2024-03-04,6,Coal,0.99
SEC_022,2024-04-20,8,Coal,0.95
SEC_015,2024-03-31,14,Coal,0.98
SEC_013,2024-09-01,5,Foodgrain,1.03
SEC_026,2024-03-03,8,Steel,1.06
SEC_021,2024-10-06,17,Coal,1.2
SEC_023,2024-04-24,12,Other,1.05
SEC_005,2024-01-26,5,Foodgrain,1.17
SEC_044,2024-01-05,13,Foodgrain,1.1
SEC_035,2024-08-10,6,Cement,0.8
SEC_046,2024-09-25,11,Foodgrain,1.09
SEC_041,2024-02-20,6,Coal,1.21
SEC_031,2024-04-23,12,Foodgrain,1.45
SEC_016,2024-10-04,12,Other,1.33
SEC_033,2024-11-13,12,Cement,1.24
SEC_028,2024-09-24,10,Cement,0.97
SEC_046,2024-08-14,10,Foodgrain,0.86
SEC_012,2024-09-30,7,Steel,1.1
SEC_002,2024-04-18,6,Foodgrain,1.39
SEC_007,2024-01-24,15,Foodgrain,1.1
SEC_009,2024-07-25,7,Foodgrain,0.76
SEC_033,2024-07-23,11,Other,0.88
SEC_008,2024-10-20,17,Coal,1.27
SEC_007,2024-03-29,3,Foodgrain,1.37
SEC_020,2024-11-21,12,Steel,1.35
SEC_039,2024-06-30,7,Other,0.84
SEC_021,2024-06-10,7,Coal,0.78
SEC_014,2024-12-28,2,Coal,1.19
SEC_014,2024-07-17,2,Cement,0.76
SEC_041,2024-02-03,10,Steel,1.23
SEC_022,2024-04-02,4,Steel,0.98
SEC_019,2024-08-05,4,Foodgrain,0.73
SEC_038,2024-03-25,2,Other,0.96
SEC_019,2024-03-01,7,Coal,0.96
SEC_018,2024-04-18,15,Foodgrain,1.36
SEC_037,2024-07-05,9,Steel,0.71
SEC_017,2024-02-03,11,Coal,1.18
SEC_026,2024-07-09,5,Foodgrain,0.78
SEC_033,2024-09-23,3,Other,1.03
SEC_010,2024-06-15,4,Steel,0.72
SEC_007,2024-09-11,3,Steel,1.08
SEC_042,2024-08-22,3,Coal,0.84
SEC_015,2024-06-30,8,Cement,0.85
SEC_017,2024-12-22,4,Steel,1.08
SEC_029,2024-08-11,2,Foodgrain,0.88
SEC_006,2024-10-21,3,Coal,1.26
SEC_003,2024-08-22,6,Cement,0.71
SEC_021,2024-12-16,8,Coal,1.09
SEC_048,2024-06-06,8,Coal,0.88
SEC_029,2024-03-10,6,Coal,1.07
SEC_029,2024-03-07,3,Cement,1.01
SEC_030,2024-12-29,10,Other,1.19
SEC_043,2024-10-19,3,Foodgrain,1.32
SEC_041,2024-04-21,13,Coal,1.0
SEC_002,2024-06-12,10,Other,0.8
SEC_027,2024-01-13,13,Coal,1.11
SEC_027,2024-12-14,7,Steel,1.09
SEC_011,2024-06-08,4,Other,0.77
SEC_048,2024-05-20,13,Steel,0.97
SEC_013,2024-03-31,4,Cement,0.96
SEC_041,2024-01-31,2,Steel,1.09
SEC_005,2024-10-05,17,Steel,1.3
SEC_030,2024-03-22,13,Steel,1.0
SEC_037,2024-02-01,14,Other,1.17
SEC_025,2024-12-24,13,Foodgrain,1.09
SEC_006,2024-07-19,9,Other,0.89
SEC_007,2024-01-29,13,Other,1.07
SEC_030,2024-04-15,14,Cement,1.01
SEC_043,2024-07-21,2,Steel,0.8
SEC_030,2024-03-16,3,Foodgrain,1.35
SEC_005,2024-12-28,12,Steel,1.13
SEC_039,2024-11-16,19,Foodgrain,1.33
SEC_023,2024-11-20,6,Cement,1.38
SEC_004,2024-07-07,10,Other,0.87
SEC_019,2024-12-27,14,Cement,1.06
SEC_010,2024-04-29,19,Foodgrain,1.46
SEC_049,2024-07-22,4,Other,0.82
SEC_045,2024-09-30,12,Other,1.07
SEC_006,2024-07-03,9,Steel,0.71
SEC_029,2024-11-08,7,Coal,1.38
SEC_001,2024-02-08,16,Foodgrain,1.11
SEC_023,2024-06-10,3,Cement,0.84
SEC_008,2024-10-30,4,Steel,1.24
SEC_037,2024-03-07,12,Other,1.04
SEC_004,2024-05-20,2,Other,1.1
SEC_045,2024-12-29,13,Coal,1.18
SEC_012,2024-08-12,8,Steel,0.8
SEC_013,2024-05-11,2,Steel,0.95
SEC_044,2024-05-12,8,Other,1.06
SEC_045,2024-03-16,11,Cement,0.98
SEC_005,2024-09-25,6,Cement,1.03
SEC_006,2024-02-07,7,Cement,1.2
SEC_042,2024-03-17,13,Cement,1.07
SEC_048,2024-02-15,8,Cement,1.19
SEC_024,2024-10-02,16,Cement,1.24
SEC_009,2024-12-11,10,Other,1.2
SEC_008,2024-02-01,11,Foodgrain,1.07
SEC_014,2024-12-12,2,Coal,1.18
SEC_034,2024-12-01,2,Foodgrain,1.21
SEC_005,2024-07-04,7,Cement,0.74
SEC_032,2024-01-14,13,Other,1.15
SEC_040,2024-09-10,8,Cement,1.09
SEC_008,2024-07-11,10,Steel,0.84
SEC_049,2024-10-31,10,Steel,1.25
SEC_049,2024-04-17,9,Other,1.0
SEC_015,2024-07-23,3,Steel,0.84
SEC_006,2024-11-22,8,Coal,1.28
SEC_016,2024-09-01,3,Cement,1.01
SEC_013,2024-08-24,12,Foodgrain,0.85
SEC_014,2024-12-19,4,Cement,1.21
SEC_046,2024-06-28,2,Foodgrain,0.79
SEC_008,2024-03-04,2,Cement,1.09
SEC_016,2024-12-23,8,Steel,1.09
SEC_039,2024-02-20,2,Foodgrain,1.16
SEC_003,2024-07-20,4,Coal,0.73
SEC_003,2024-10-02,3,Cement,1.32
SEC_015,2024-10-15,4,Foodgrain,1.18
SEC_048,2024-09-14,15,Steel,1.07
SEC_042,2024-06-04,11,Foodgrain,0.87
SEC_046,2024-03-09,10,Steel,1.03
SEC_043,2024-01-14,6,Cement,1.19
SEC_006,2024-04-20,13,Foodgrain,1.46
SEC_020,2024-12-21,2,Cement,1.09
SEC_026,2024-09-07,3,Cement,1.05
SEC_009,2024-05-28,14,Other,0.98
SEC_049,2024-06-29,10,Other,0.73
SEC_030,2024-05-02,6,Steel,1.05
SEC_042,2024-11-23,15,Foodgrain,1.22
SEC_013,2024-06-14,9,Foodgrain,0.83
SEC_036,2024-11-02,19,Cement,1.39
SEC_006,2024-01-19,15,Coal,1.08
SEC_002,2024-06-27,2,Other,0.76
SEC_032,2024-08-08,4,Steel,0.71
SEC_004,2024-09-01,3,Foodgrain,1.01
SEC_014,2024-01-09,13,Steel,1.05
SEC_039,2024-08-23,2,Foodgrain,0.89
SEC_025,2024-11-03,4,Steel,1.33
SEC_019,2024-02-03,6,Other,1.07
SEC_015,2024-05-01,5,Steel,1.02
SEC_033,2024-06-04,7,Steel,0.75
SEC_047,2024-04-03,15,Coal,1.04
SEC_037,2024-06-09,6,Cement,0.83
SEC_018,2024-11-22,9,Other,1.25
SEC_021,2024-11-24,9,Foodgrain,1.18
SEC_006,2024-08-08,6,Other,0.74
SEC_008,2024-11-20,10,Foodgrain,1.28
SEC_014,2024-10-25,7,Cement,1.34
SEC_019,2024-01-22,5,Other,1.19
SEC_049,2024-05-21,7,Cement,1.02
SEC_043,2024-11-05,2,Coal,1.16
SEC_006,2024-06-10,11,Other,0.8
SEC_017,2024-08-11,9,Coal,0.87
SEC_003,2024-05-30,11,Coal,0.98
SEC_004,2024-01-06,13,Steel,1.09
SEC_019,2024-07-25,9,Cement,0.83
SEC_047,2024-05-19,4,Other,1.04
SEC_010,2024-10-10,11,Foodgrain,1.22
SEC_034,2024-11-21,8,Steel,1.31
SEC_020,2024-02-08,5,Foodgrain,1.16
SEC_027,2024-05-11,3,Cement,1.04
SEC_043,2024-05-23,11,Steel,1.03
SEC_041,2024-09-04,12,Steel,1.08
SEC_041,2024-05-25,7,Steel,0.98
SEC_021,2024-07-26,8,Foodgrain,0.77
SEC_003,2024-11-28,2,Cement,1.21
SEC_049,2024-08-03,9,Foodgrain,0.8
SEC_049,2024-02-06,12,Coal,1.23
SEC_043,2024-06-24,4,Steel,0.73
SEC_024,2024-11-20,8,Coal,1.28
SEC_014,2024-06-25,10,Steel,0.8
SEC_009,2024-12-25,2,Foodgrain,1.14
SEC_019,2024-11-26,13,Steel,1.28
SEC_017,2024-04-06,9,Coal,1.05
SEC_014,2024-05-31,12,Coal,1.1
SEC_047,2024-03-08,2,Cement,0.99
SEC_033,2024-03-11,13,Foodgrain,1.42
SEC_011,2024-05-14,10,Other,0.98
SEC_032,2024-06-02,12,Foodgrain,0.86
SEC_035,2024-05-08,7,Steel,0.98
SEC_026,2024-09-25,14,Coal,0.98
SEC_047,2024-02-25,7,Cement,1.1
SEC_048,2024-06-22,1,Steel,0.72
SEC_022,2024-11-21,14,Foodgrain,1.17
SEC_024,2024-09-24,15,Foodgrain,1.08
SEC_011,2024-03-15,15,Coal,1.05
SEC_039,2024-03-28,7,Other,1.06
SEC_046,2024-12-04,14,Coal,1.15
SEC_033,2024-08-01,10,Cement,0.71
SEC_010,2024-11-17,13,Coal,1.15
SEC_026,2024-11-12,8,Other,1.36
SEC_039,2024-06-10,9,Steel,0.84
SEC_003,2024-07-12,4,Foodgrain,0.72
SEC_029,2024-05-14,6,Coal,1.03
SEC_033,2024-08-21,6,Other,0.71
SEC_027,2024-08-25,2,Steel,0.87
SEC_032,2024-09-05,11,Coal,1.02
SEC_044,2024-11-11,10,Steel,1.19
SEC_007,2024-09-27,8,Foodgrain,1.04
SEC_028,2024-02-07,16,Steel,1.23
SEC_039,2024-05-08,5,Steel,1.07
SEC_041,2024-07-27,10,Coal,0.8
SEC_023,2024-08-17,2,Cement,0.86
SEC_049,2024-11-12,14,Steel,1.29
SEC_016,2024-06-01,2,Other,0.84
SEC_022,2024-10-27,17,Foodgrain,1.29
SEC_041,2024-05-23,7,Cement,0.96
SEC_022,2024-02-23,14,Steel,1.23
SEC_017,2024-06-22,12,Coal,0.89
SEC_028,2024-02-24,4,Cement,1.18
SEC_031,2024-05-29,2,Cement,1.05
SEC_048,2024-03-29,4,Other,1.08
SEC_031,2024-01-10,16,Cement,1.16
SEC_010,2024-08-30,2,Cement,0.77
SEC_003,2024-09-28,7,Coal,1.04
SEC_048,2024-02-18,2,Other,1.22
SEC_021,2024-08-01,10,Coal,0.74
SEC_010,2024-07-02,6,Cement,0.75
SEC_011,2024-02-20,14,Cement,1.14
SEC_006,2024-08-10,5,Other,0.76
SEC_010,2024-04-05,3,Steel,0.98
SEC_039,2024-10-27,10,Foodgrain,1.23
SEC_033,2024-08-11,2,Coal,0.89
SEC_030,2024-02-10,3,Steel,1.16
SEC_001,2024-07-08,9,Other,0.79
SEC_033,2024-02-12,16,Steel,1.24
SEC_048,2024-09-21,7,Other,1.01
SEC_046,2024-04-18,8,Coal,1.06
SEC_020,2024-06-28,7,Steel,0.76
SEC_030,2024-09-11,7,Steel,0.95
SEC_015,2024-11-05,4,Other,1.22
SEC_044,2024-07-06,9,Foodgrain,0.72
SEC_046,2024-01-29,9,Other,1.12
SEC_011,2024-04-04,7,Other,1.05
SEC_024,2024-08-12,6,Foodgrain,0.74
SEC_012,2024-01-16,10,Cement,1.14
SEC_031,2024-05-15,11,Cement,1.03
SEC_015,2024-04-28,14,Foodgrain,1.39
SEC_035,2024-04-22,6,Other,1.05
SEC_049,2024-12-15,11,Foodgrain,1.19
SEC_043,2024-12-11,12,Cement,1.16
SEC_009,2024-11-24,14,Steel,1.24
SEC_007,2024-11-12,15,Steel,1.37
SEC_040,2024-11-23,5,Steel,1.18
SEC_005,2024-03-08,13,Coal,0.98
SEC_020,2024-05-23,3,Other,0.97
SEC_049,2024-01-22,11,Foodgrain,1.14
SEC_022,2024-10-18,8,Cement,1.39
SEC_001,2024-11-13,9,Coal,1.31
SEC_048,2024-01-11,12,Cement,1.08
SEC_035,2024-03-02,7,Coal,1.05
SEC_017,2024-03-02,6,Cement,0.97
SEC_030,2024-12-05,11,Foodgrain,1.24
SEC_031,2024-10-16,15,Coal,1.22
SEC_028,2024-04-11,9,Steel,1.04
SEC_048,2024-01-17,11,Coal,1.22
SEC_039,2024-05-30,3,Coal,1.06
SEC_013,2024-08-01,3,Other,0.81
SEC_049,2024-01-17,11,Other,1.18
SEC_048,2024-06-20,7,Other,0.86
SEC_003,2024-07-15,8,Coal,0.71
SEC_015,2024-12-25,15,Foodgrain,1.15
SEC_031,2024-03-10,10,Cement,0.95
SEC_044,2024-03-08,3,Steel,1.0
SEC_036,2024-06-06,2,Foodgrain,0.76
SEC_029,2024-04-26,6,Steel,1.06
SEC_015,2024-12-02,14,Other,1.18
SEC_005,2024-10-15,2,Steel,1.18
SEC_044,2024-04-02,12,Steel,1.06
SEC_027,2024-05-02,9,Cement,0.96
SEC_023,2024-08-20,7,Steel,0.8
SEC_049,2024-11-14,12,Other,1.31
SEC_009,2024-03-14,10,Cement,0.96
SEC_013,2024-04-18,4,Other,0.99
SEC_042,2024-08-11,10,Foodgrain,0.8
SEC_014,2024-11-10,18,Other,1.35
SEC_047,2024-04-15,5,Other,1.09
SEC_043,2024-06-20,9,Other,0.79
SEC_005,2024-09-06,8,Coal,0.99
SEC_023,2024-06-04,11,Other,0.86
SEC_037,2024-10-09,15,Steel,1.37
SEC_024,2024-07-07,9,Other,0.78
SEC_011,2024-11-18,15,Coal,1.26
SEC_003,2024-08-10,5,Coal,0.76
SEC_001,2024-12-02,15,Cement,1.1
SEC_009,2024-11-10,8,Coal,1.2
SEC_013,2024-03-29,10,Steel,1.06
SEC_015,2024-11-24,5,Foodgrain,1.18
SEC_042,2024-02-17,15,Steel,1.24
SEC_025,2024-04-13,11,Cement,1.03
SEC_007,2024-01-18,15,Cement,1.08
SEC_005,2024-02-08,7,Cement,1.16
SEC_007,2024-09-20,13,Steel,1.02
SEC_016,2024-02-10,15,Coal,1.22
SEC_037,2024-03-09,10,Coal,0.99
SEC_003,2024-05-29,13,Steel,1.09
SEC_020,2024-10-19,7,Steel,1.16
SEC_022,2024-10-23,10,Cement,1.21
SEC_008,2024-12-19,14,Other,1.19
SEC_003,2024-01-21,15,Steel,1.18
SEC_012,2024-02-24,4,Foodgrain,1.2
SEC_008,2024-05-25,10,Other,1.04
SEC_039,2024-04-13,4,Foodgrain,1.39
SEC_045,2024-02-05,8,Steel,1.11
SEC_031,2024-07-10,9,Foodgrain,0.78
SEC_038,2024-06-20,11,Coal,0.84
SEC_038,2024-06-06,10,Other,0.79
SEC_044,2024-01-09,12,Other,1.23
SEC_005,2024-06-04,5,Coal,0.76
SEC_049,2024-06-16,3,Steel,0.73
SEC_023,2024-03-20,12,Coal,1.06
SEC_027,2024-10-17,7,Other,1.18
SEC_040,2024-11-21,17,Other,1.24
SEC_025,2024-12-05,9,Steel,1.18
SEC_014,2024-09-06,13,Foodgrain,1.03
SEC_001,2024-09-04,11,Cement,1.08
SEC_009,2024-02-26,12,Other,1.12
SEC_005,2024-05-24,10,Other,1.02
SEC_019,2024-01-02,12,Cement,1.23
SEC_039,2024-07-23,5,Foodgrain,0.9
SEC_017,2024-10-06,5,Cement,1.31
SEC_030,2024-09-01,14,Cement,1.09
SEC_010,2024-01-06,6,Foodgrain,1.15
SEC_029,2024-07-22,9,Steel,0.84
SEC_047,2024-11-18,10,Coal,1.19
SEC_016,2024-02-07,3,Foodgrain,1.09
SEC_024,2024-07-12,8,Other,0.9
SEC_048,2024-04-01,11,Other,0.97
SEC_030,2024-12-06,9,Foodgrain,1.07
SEC_020,2024-07-20,7,Other,0.85
SEC_006,2024-10-09,16,Coal,1.33
SEC_046,2024-07-10,10,Other,0.83
SEC_030,2024-11-23,16,Steel,1.33
SEC_003,2024-04-15,10,Steel,1.04
SEC_028,2024-09-29,11,Steel,0.97
SEC_048,2024-06-06,9,Steel,0.77
SEC_046,2024-07-30,9,Steel,0.86
SEC_010,2024-09-08,7,Foodgrain,0.98
SEC_021,2024-03-04,6,Coal,1.02
SEC_049,2024-11-13,3,Steel,1.38
SEC_039,2024-09-23,6,Steel,0.97
SEC_028,2024-05-29,13,Coal,1.08
SEC_015,2024-08-04,6,Other,0.87
SEC_038,2024-08-30,2,Foodgrain,0.72
SEC_029,2024-06-15,12,Foodgrain,0.89
SEC_026,2024-08-20,8,Foodgrain,0.76
SEC_046,2024-07-23,2,Steel,0.78
SEC_019,2024-10-12,8,Steel,1.21
SEC_031,2024-03-26,12,Coal,0.96
SEC_003,2024-01-02,7,Other,1.07
SEC_035,2024-05-28,11,Cement,1.07
SEC_027,2024-10-28,5,Cement,1.16
SEC_043,2024-02-15,6,Cement,1.17
SEC_017,2024-11-11,5,Other,1.22
SEC_046,2024-05-29,10,Coal,1.04
SEC_029,2024-03-17,8,Cement,1.03
SEC_011,2024-06-19,9,Other,0.71
SEC_008,2024-10-24,15,Other,1.18
SEC_010,2024-11-09,4,Steel,1.39
SEC_015,2024-08-12,2,Foodgrain,0.76
SEC_027,2024-07-11,5,Steel,0.75
SEC_043,2024-10-22,3,Coal,1.33
SEC_049,2024-11-28,6,Steel,1.29
SEC_034,2024-10-18,4,Steel,1.18
SEC_025,2024-12-20,15,Other,1.24
SEC_031,2024-10-31,6,Foodgrain,1.24
SEC_017,2024-01-18,3,Other,1.12
SEC_012,2024-01-08,15,Other,1.08
SEC_027,2024-08-06,12,Cement,0.89
SEC_041,2024-12-16,11,Foodgrain,1.11
SEC_004,2024-04-19,16,Foodgrain,1.45
SEC_006,2024-12-19,13,Cement,1.21
SEC_009,2024-11-07,4,Steel,1.36
SEC_011,2024-02-21,10,Foodgrain,1.14
SEC_008,2024-06-29,9,Steel,0.77
SEC_007,2024-03-21,8,Steel,1.09
SEC_002,2024-01-29,4,Steel,1.09
SEC_018,2024-09-09,2,Coal,0.95
SEC_036,2024-03-19,5,Other,1.01
SEC_008,2024-07-23,4,Other,0.85
SEC_016,2024-09-03,2,Cement,0.98
SEC_048,2024-06-07,2,Cement,0.82
SEC_009,2024-01-30,13,Foodgrain,1.19
SEC_049,2024-01-26,17,Foodgrain,1.2
SEC_026,2024-05-18,12,Other,0.97
SEC_036,2024-01-16,2,Coal,1.11
SEC_016,2024-11-15,17,Coal,1.33
SEC_016,2024-03-01,12,Other,1.09
SEC_020,2024-01-11,15,Coal,1.05
SEC_007,2024-02-21,13,Cement,1.17
SEC_016,2024-09-11,13,Steel,1.05
SEC_044,2024-08-03,4,Cement,0.71
SEC_001,2024-09-04,10,Other,1.02
SEC_029,2024-05-06,2,Foodgrain,1.04
SEC_034,2024-04-27,12,Coal,0.98
SEC_007,2024-09-02,8,Foodgrain,1.0
SEC_006,2024-02-11,2,Coal,1.16
SEC_028,2024-05-24,5,Other,0.96
SEC_011,2024-02-07,6,Steel,1.2
SEC_048,2024-06-04,4,Other,0.72
SEC_010,2024-12-20,7,Other,1.2
SEC_007,2024-11-07,17,Steel,1.34
SEC_017,2024-09-04,11,Steel,1.04
SEC_017,2024-08-28,8,Other,0.84
SEC_008,2024-05-17,10,Cement,1.03
SEC_033,2024-09-15,14,Foodgrain,1.01
SEC_018,2024-11-01,4,Other,1.36
SEC_026,2024-07-23,10,Steel,0.8
SEC_012,2024-02-07,14,Cement,1.14
SEC_005,2024-09-11,12,Steel,1.05
SEC_003,2024-02-16,15,Coal,1.07
SEC_003,2024-04-28,4,Steel,0.99
SEC_043,2024-03-13,5,Coal,1.08
SEC_013,2024-01-19,11,Other,1.07
SEC_015,2024-10-06,14,Steel,1.18
SEC_029,2024-08-24,11,Other,0.9
SEC_005,2024-05-29,3,Cement,0.96
SEC_030,2024-05-19,11,Steel,1.09
SEC_026,2024-08-23,11,Other,0.79
SEC_039,2024-07-13,11,Coal,0.82
SEC_007,2024-03-26,4,Coal,1.09
SEC_001,2024-06-24,3,Other,0.87
SEC_038,2024-10-11,18,Steel,1.36
SEC_019,2024-07-21,11,Coal,0.81
SEC_004,2024-10-20,8,Coal,1.4
SEC_028,2024-07-04,9,Other,0.78
SEC_023,2024-05-31,14,Foodgrain,0.98
SEC_047,2024-09-28,2,Foodgrain,1.04
SEC_047,2024-03-17,9,Steel,0.99
SEC_027,2024-08-17,4,Coal,0.75
SEC_008,2024-08-18,9,Other,0.77
SEC_037,2024-04-11,7,Steel,1.05
SEC_010,2024-04-03,8,Steel,0.98
SEC_042,2024-01-31,13,Other,1.11
SEC_030,2024-02-24,7,Coal,1.1
SEC_018,2024-02-04,2,Foodgrain,1.07
SEC_049,2024-08-13,2,Foodgrain,0.86
SEC_026,2024-02-14,7,Cement,1.1
SEC_019,2024-07-06,9,Other,0.71
SEC_010,2024-02-10,8,Coal,1.21
SEC_032,2024-10-13,7,Steel,1.32
SEC_014,2024-09-05,3,Steel,1.05
SEC_008,2024-04-16,4,Other,0.98
SEC_006,2024-09-26,12,Foodgrain,1.08
SEC_032,2024-03-23,5,Foodgrain,1.32
SEC_046,2024-08-20,6,Steel,0.84
SEC_013,2024-08-22,3,Foodgrain,0.84
SEC_011,2024-06-08,5,Cement,0.79
SEC_031,2024-09-13,6,Foodgrain,0.96
SEC_008,2024-12-12,16,Cement,1.11
SEC_005,2024-05-31,5,Other,1.06
SEC_032,2024-04-13,6,Other,1.03
SEC_026,2024-06-10,9,Foodgrain,0.72
SEC_002,2024-07-26,3,Other,0.8
SEC_012,2024-02-15,6,Steel,1.14
SEC_010,2024-12-17,4,Coal,1.09
SEC_034,2024-06-20,5,Cement,0.84
SEC_033,2024-12-18,15,Cement,1.21
SEC_037,2024-12-17,10,Coal,1.11
SEC_005,2024-01-24,8,Steel,1.12
SEC_042,2024-02-11,9,Steel,1.16
SEC_011,2024-03-07,4,Foodgrain,1.46
SEC_049,2024-07-26,10,Steel,0.74
SEC_043,2024-05-09,4,Cement,1.09
SEC_023,2024-01-07,10,Foodgrain,1.12
SEC_039,2024-07-25,5,Other,0.74
SEC_033,2024-04-29,10,Other,1.05
SEC_038,2024-11-04,5,Steel,1.37
SEC_001,2024-10-05,8,Foodgrain,1.28
SEC_005,2024-11-05,3,Cement,1.31
SEC_045,2024-07-26,10,Foodgrain,0.87
SEC_039,2024-09-11,3,Other,1.06
SEC_031,2024-01-30,6,Coal,1.15
SEC_016,2024-10-05,14,Other,1.28
SEC_021,2024-06-14,11,Other,0.81
SEC_020,2024-01-02,13,Steel,1.06
SEC_022,2024-01-29,12,Steel,1.13
SEC_031,2024-04-22,7,Coal,1.03
SEC_038,2024-05-16,12,Coal,1.09
SEC_019,2024-03-17,10,Steel,1.07
SEC_041,2024-10-08,6,Other,1.2
SEC_005,2024-06-12,4,Cement,0.9
SEC_040,2024-04-04,4,Other,0.97
SEC_034,2024-09-03,10,Steel,1.08
SEC_026,2024-06-14,5,Steel,0.71
SEC_019,2024-10-12,13,Other,1.3
SEC_019,2024-07-02,5,Foodgrain,0.79
SEC_018,2024-10-01,18,Coal,1.3
SEC_047,2024-11-08,17,Cement,1.18
SEC_002,2024-01-30,14,Coal,1.1
SEC_032,2024-02-14,13,Coal,1.08
SEC_049,2024-09-24,2,Other,1.1
SEC_027,2024-07-20,5,Other,0.83
SEC_032,2024-03-29,7,Cement,0.98
SEC_030,2024-01-12,7,Steel,1.16
SEC_025,2024-12-15,7,Coal,1.24
SEC_031,2024-02-04,7,Foodgrain,1.23
SEC_045,2024-06-18,10,Foodgrain,0.74
SEC_035,2024-03-21,2,Coal,1.08
SEC_042,2024-05-24,10,Cement,1.06
SEC_028,2024-09-20,3,Coal,0.95
SEC_038,2024-07-05,5,Foodgrain,0.86
SEC_043,2024-01-16,5,Coal,1.15
SEC_011,2024-02-01,15,Coal,1.22
SEC_043,2024-12-11,11,Steel,1.23
SEC_034,2024-04-02,4,Foodgrain,1.31
SEC_022,2024-06-05,5,Other,0.74
SEC_038,2024-10-14,4,Coal,1.25
SEC_009,2024-11-02,15,Foodgrain,1.37
SEC_035,2024-04-13,5,Cement,0.97
SEC_029,2024-03-22,6,Steel,1.02
SEC_044,2024-06-09,4,Other,0.75
SEC_031,2024-05-03,4,Foodgrain,1.07
SEC_026,2024-09-13,4,Coal,1.08
SEC_026,2024-09-23,2,Steel,1.09
SEC_028,2024-04-05,20,Foodgrain,1.46
SEC_044,2024-05-18,5,Cement,1.05
SEC_039,2024-09-24,10,Coal,1.02
SEC_005,2024-07-04,3,Foodgrain,0.72
SEC_027,2024-07-20,10,Cement,0.82
SEC_015,2024-10-23,3,Steel,1.35
SEC_009,2024-08-26,9,Coal,0.83
SEC_043,2024-08-26,8,Cement,0.81
SEC_043,2024-06-25,10,Cement,0.82
SEC_047,2024-11-01,17,Steel,1.29
SEC_020,2024-01-09,4,Other,1.11
SEC_021,2024-02-01,12,Other,1.12
SEC_039,2024-09-04,6,Coal,1.08
SEC_010,2024-08-10,5,Foodgrain,0.75
SEC_003,2024-04-12,3,Cement,0.96
SEC_021,2024-08-08,5,Steel,0.8
SEC_031,2024-02-09,2,Coal,1.07
SEC_023,2024-08-10,11,Coal,0.82
SEC_011,2024-05-12,13,Steel,1.06
SEC_026,2024-08-03,2,Steel,0.78
SEC_047,2024-05-04,4,Cement,1.01
SEC_014,2024-09-21,10,Other,1.02
SEC_020,2024-02-10,15,Foodgrain,1.1
SEC_016,2024-11-04,15,Other,1.32
SEC_015,2024-06-30,3,Foodgrain,0.78
SEC_033,2024-03-25,13,Other,0.97
SEC_019,2024-12-18,10,Steel,1.15
SEC_031,2024-02-08,15,Cement,1.19
SEC_001,2024-07-15,11,Other,0.81
SEC_033,2024-01-28,3,Other,1.06
SEC_006,2024-11-25,9,Steel,1.32
SEC_019,2024-02-27,8,Steel,1.13
SEC_043,2024-04-02,13,Coal,1.01
SEC_017,2024-08-28,3,Cement,0.81
SEC_035,2024-11-19,8,Foodgrain,1.25
SEC_018,2024-06-01,2,Steel,0.89
SEC_045,2024-04-05,6,Steel,1.02
SEC_047,2024-05-07,5,Other,1.06
SEC_045,2024-12-01,6,Other,1.22
SEC_020,2024-11-29,7,Other,1.38
SEC_016,2024-02-14,4,Foodgrain,1.17
SEC_030,2024-11-25,7,Cement,1.33
SEC_041,2024-11-03,18,Other,1.3
SEC_026,2024-07-16,12,Cement,0.88
SEC_037,2024-04-03,11,Steel,1.04
SEC_043,2024-06-16,7,Other,0.74
SEC_037,2024-10-10,3,Cement,1.34
SEC_019,2024-04-08,13,Coal,1.1
SEC_013,2024-05-05,11,Coal,0.98
SEC_022,2024-06-17,8,Foodgrain,0.89
SEC_029,2024-01-25,6,Other,1.19
SEC_042,2024-05-30,6,Cement,0.96
SEC_015,2024-02-19,18,Cement,1.25
SEC_008,2024-01-03,12,Cement,1.21
SEC_016,2024-05-21,10,Other,0.96
SEC_030,2024-10-04,12,Foodgrain,1.38
SEC_012,2024-12-25,5,Foodgrain,1.18
SEC_020,2024-06-09,5,Steel,0.76
SEC_013,2024-10-02,12,Foodgrain,1.17
SEC_049,2024-03-22,2,Steel,1.0
SEC_026,2024-08-20,5,Other,0.81
SEC_036,2024-08-31,12,Other,0.9
SEC_026,2024-05-01,13,Steel,0.96
SEC_001,2024-06-12,4,Cement,0.71
SEC_013,2024-09-02,12,Cement,1.0
SEC_042,2024-04-24,10,Cement,1.01
SEC_026,2024-08-08,3,Coal,0.86
SEC_035,2024-03-25,2,Coal,1.05
SEC_038,2024-07-15,11,Cement,0.9
SEC_028,2024-01-22,5,Coal,1.24
SEC_029,2024-06-12,9,Other,0.85
SEC_012,2024-07-03,5,Foodgrain,0.78
SEC_013,2024-10-29,4,Other,1.18
SEC_008,2024-05-17,10,Coal,1.03
SEC_015,2024-01-03,5,Steel,1.09
SEC_031,2024-01-15,10,Coal,1.24
SEC_046,2024-07-16,9,Foodgrain,0.89
SEC_022,2024-10-24,14,Coal,1.19
SEC_030,2024-11-21,16,Steel,1.24
SEC_043,2024-10-22,11,Steel,1.19
SEC_034,2024-05-04,14,Foodgrain,1.08
SEC_013,2024-06-28,8,Coal,0.75
SEC_014,2024-11-21,11,Steel,1.37
SEC_032,2024-11-03,14,Cement,1.36
SEC_015,2024-06-15,9,Foodgrain,0.83
SEC_013,2024-06-25,12,Foodgrain,0.87
SEC_030,2024-01-26,12,Other,1.24
SEC_032,2024-03-02,20,Foodgrain,1.42
SEC_013,2024-07-12,3,Other,0.87
SEC_003,2024-07-08,4,Other,0.72
SEC_038,2024-07-29,6,Foodgrain,0.8
SEC_020,2024-04-24,4,Foodgrain,1.34
SEC_032,2024-03-24,2,Steel,1.04
SEC_009,2024-06-14,4,Other,0.7
SEC_016,2024-11-17,5,Cement,1.22
SEC_030,2024-12-21,10,Coal,1.15
SEC_007,2024-01-20,6,Cement,1.11
SEC_016,2024-05-10,11,Steel,0.99
SEC_036,2024-07-09,5,Other,0.84
SEC_038,2024-03-20,4,Steel,0.96
SEC_018,2024-05-09,5,Coal,1.0
SEC_006,2024-02-17,16,Other,1.2
SEC_002,2024-06-18,11,Cement,0.84
SEC_028,2024-11-19,4,Other,1.19
SEC_034,2024-12-05,7,Other,1.18
SEC_030,2024-01-06,11,Foodgrain,1.13
SEC_020,2024-08-21,4,Foodgrain,0.88
SEC_002,2024-11-28,17,Other,1.19
SEC_012,2024-10-08,13,Steel,1.21
SEC_002,2024-01-23,17,Steel,1.21
SEC_023,2024-05-22,14,Foodgrain,0.98
SEC_016,2024-10-02,17,Foodgrain,1.31
SEC_004,2024-12-24,13,Other,1.16
SEC_030,2024-04-17,11,Coal,0.98
SEC_019,2024-04-13,17,Foodgrain,1.38
SEC_048,2024-04-01,10,Foodgrain,1.38
SEC_021,2024-11-23,15,Other,1.17
SEC_005,2024-03-06,7,Steel,0.97
SEC_035,2024-05-13,4,Cement,1.04
SEC_035,2024-02-19,16,Foodgrain,1.2
SEC_046,2024-12-09,7,Other,1.14
SEC_034,2024-01-25,9,Foodgrain,1.17
SEC_018,2024-07-04,6,Coal,0.89
SEC_033,2024-02-26,17,Foodgrain,1.19
SEC_040,2024-05-29,12,Other,1.02
SEC_026,2024-08-03,3,Coal,0.73
SEC_039,2024-09-12,13,Cement,0.95
SEC_048,2024-07-27,4,Foodgrain,0.71
SEC_037,2024-06-05,7,Cement,0.84
SEC_025,2024-04-12,3,Steel,1.07
SEC_025,2024-10-20,4,Other,1.23
SEC_042,2024-09-05,12,Coal,0.95
SEC_043,2024-09-02,14,Foodgrain,0.97
SEC_013,2024-10-08,16,Foodgrain,1.31
SEC_001,2024-03-21,13,Steel,0.97
SEC_040,2024-12-24,15,Coal,1.18
SEC_012,2024-12-02,2,Other,1.15
SEC_049,2024-06-09,9,Foodgrain,0.83
SEC_002,2024-03-15,12,Other,0.95
SEC_045,2024-05-17,14,Steel,1.08
SEC_034,2024-05-22,9,Cement,1.04
SEC_015,2024-12-22,10,Foodgrain,1.21
SEC_002,2024-04-15,16,Foodgrain,1.33
SEC_042,2024-12-10,17,Foodgrain,1.24
SEC_006,2024-03-25,8,Steel,1.01
SEC_005,2024-12-05,11,Coal,1.18
SEC_039,2024-12-06,15,Cement,1.21
SEC_034,2024-08-10,10,Steel,0.84
SEC_007,2024-02-09,7,Foodgrain,1.21
SEC_017,2024-08-14,4,Foodgrain,0.8
SEC_033,2024-11-29,14,Other,1.37
SEC_033,2024-12-05,12,Other,1.2
SEC_018,2024-06-16,2,Coal,0.79
SEC_021,2024-06-24,6,Coal,0.73
SEC_004,2024-05-20,6,Other,1.05
SEC_001,2024-03-19,10,Coal,1.1
SEC_048,2024-08-27,6,Cement,0.8
SEC_012,2024-12-26,9,Cement,1.15
SEC_046,2024-04-07,9,Other,1.08
SEC_003,2024-11-04,11,Steel,1.27
SEC_049,2024-02-05,11,Steel,1.11
SEC_021,2024-01-21,17,Steel,1.19
SEC_040,2024-11-25,6,Coal,1.18
SEC_042,2024-02-11,3,Steel,1.16
SEC_018,2024-05-31,13,Steel,1.05
SEC_037,2024-11-18,7,Other,1.15
SEC_017,2024-05-07,9,Foodgrain,1.04
SEC_039,2024-04-20,4,Foodgrain,1.41
SEC_047,2024-01-15,2,Cement,1.23
SEC_040,2024-09-11,8,Coal,0.97
SEC_036,2024-04-27,14,Other,1.03
SEC_019,2024-02-13,4,Foodgrain,1.21
SEC_006,2024-06-22,2,Foodgrain,0.81
SEC_025,2024-03-03,7,Steel,1.03
SEC_007,2024-11-06,2,Steel,1.2
SEC_025,2024-09-30,5,Coal,1.0
SEC_043,2024-12-24,14,Foodgrain,1.18
SEC_006,2024-12-24,10,Other,1.07
SEC_045,2024-11-02,16,Coal,1.37
SEC_030,2024-07-02,4,Foodgrain,0.87
SEC_003,2024-03-03,10,Steel,1.0
SEC_036,2024-01-16,9,Cement,1.14
SEC_001,2024-02-03,7,Cement,1.18
SEC_030,2024-03-26,5,Other,1.05
SEC_025,2024-11-19,18,Steel,1.26
SEC_037,2024-03-18,11,Steel,1.03
SEC_019,2024-02-03,13,Foodgrain,1.21
SEC_006,2024-12-08,15,Coal,1.13
SEC_019,2024-06-08,3,Foodgrain,0.74
SEC_038,2024-06-02,2,Steel,0.77
SEC_047,2024-04-20,14,Steel,1.04
SEC_011,2024-12-12,13,Cement,1.18
SEC_018,2024-05-07,13,Coal,0.98
SEC_043,2024-11-10,11,Steel,1.34
SEC_016,2024-12-29,7,Cement,1.21
SEC_013,2024-06-13,7,Foodgrain,0.73
SEC_041,2024-09-13,14,Other,1.02
SEC_025,2024-01-10,2,Coal,1.19
SEC_029,2024-10-13,4,Foodgrain,1.24
SEC_024,2024-12-22,4,Coal,1.1
SEC_030,2024-03-12,2,Coal,0.95
SEC_014,2024-01-04,13,Foodgrain,1.05
SEC_036,2024-01-17,13,Steel,1.12
SEC_018,2024-11-09,14,Coal,1.35
SEC_026,2024-03-30,3,Other,1.09
SEC_010,2024-05-31,5,Cement,0.95
SEC_001,2024-05-03,6,Foodgrain,1.06
SEC_028,2024-04-20,8,Other,1.01
SEC_007,2024-03-01,5,Coal,1.06
SEC_045,2024-05-29,14,Other,0.98
SEC_048,2024-12-04,2,Other,1.18
SEC_016,2024-05-10,9,Foodgrain,1.04
SEC_015,2024-10-20,4,Cement,1.28
SEC_025,2024-09-09,14,Steel,0.99
SEC_011,2024-10-18,8,Other,1.37
SEC_043,2024-07-28,9,Foodgrain,0.88
SEC_005,2024-05-15,13,Steel,1.07
SEC_023,2024-04-04,10,Coal,0.96
SEC_010,2024-04-12,3,Cement,1.04
SEC_041,2024-07-12,3,Other,0.77
SEC_008,2024-05-27,14,Cement,1.01
SEC_022,2024-05-28,14,Cement,1.09
SEC_041,2024-05-15,13,Cement,1.07
SEC_022,2024-12-02,3,Steel,1.13
SEC_010,2024-08-23,1,Steel,0.7
SEC_008,2024-11-22,15,Cement,1.18
SEC_030,2024-12-05,4,Cement,1.18
SEC_007,2024-08-13,6,Steel,0.75
SEC_018,2024-02-03,13,Coal,1.17
SEC_030,2024-12-19,6,Cement,1.11
SEC_019,2024-06-24,8,Other,0.73
SEC_041,2024-05-17,10,Foodgrain,1.08
SEC_034,2024-05-31,6,Other,1.0
SEC_007,2024-02-02,10,Other,1.13
SEC_041,2024-08-31,2,Cement,0.76
SEC_045,2024-01-18,9,Other,1.1
SEC_010,2024-09-20,2,Other,1.05
SEC_018,2024-11-01,16,Steel,1.25
SEC_020,2024-06-03,6,Other,0.84
SEC_021,2024-05-20,5,Foodgrain,1.03
SEC_023,2024-09-03,10,Steel,1.04
SEC_044,2024-11-10,16,Steel,1.32
SEC_032,2024-02-05,13,Cement,1.11
SEC_044,2024-06-16,10,Other,0.87
SEC_018,2024-04-28,9,Steel,1.03
SEC_026,2024-01-05,11,Foodgrain,1.19
SEC_006,2024-01-04,13,Other,1.14
SEC_014,2024-07-12,8,Other,0.84
SEC_029,2024-10-06,13,Foodgrain,1.22
SEC_009,2024-08-05,2,Other,0.76
SEC_048,2024-04-01,13,Other,1.01
SEC_014,2024-06-14,11,Steel,0.88
SEC_008,2024-12-19,12,Foodgrain,1.17
SEC_039,2024-11-02,4,Coal,1.18
SEC_005,2024-02-13,12,Coal,1.05
SEC_016,2024-08-23,6,Cement,0.83
SEC_010,2024-08-16,2,Coal,0.89
SEC_035,2024-05-13,4,Steel,0.97
SEC_042,2024-05-13,2,Coal,0.99
SEC_010,2024-09-20,9,Steel,0.96
SEC_021,2024-12-08,12,Steel,1.22
SEC_024,2024-04-26,14,Foodgrain,1.45
SEC_034,2024-12-05,10,Cement,1.24
SEC_018,2024-11-02,15,Foodgrain,1.35
SEC_026,2024-01-20,8,Cement,1.18
SEC_025,2024-04-12,7,Foodgrain,1.34
SEC_001,2024-06-10,4,Cement,0.9
SEC_028,2024-08-31,6,Steel,0.8
SEC_028,2024-03-23,5,Steel,0.98
SEC_049,2024-05-31,3,Coal,1.02
SEC_025,2024-02-03,5,Foodgrain,1.18
SEC_045,2024-02-07,15,Coal,1.12
SEC_018,2024-06-08,9,Cement,0.78
SEC_035,2024-08-18,11,Cement,0.84
SEC_045,2024-06-14,2,Other,0.76
SEC_008,2024-05-20,12,Foodgrain,0.96
SEC_028,2024-07-01,7,Other,0.83
SEC_046,2024-08-20,10,Foodgrain,0.71
SEC_028,2024-09-18,9,Cement,1.03
SEC_044,2024-07-16,5,Other,0.78
SEC_021,2024-02-03,3,Foodgrain,1.1
SEC_044,2024-01-16,14,Other,1.08
SEC_031,2024-05-05,12,Foodgrain,0.96
SEC_024,2024-03-16,3,Coal,0.96
SEC_011,2024-07-15,4,Foodgrain,0.81
SEC_009,2024-09-13,5,Cement,1.09
SEC_015,2024-04-02,10,Cement,1.07
SEC_037,2024-06-20,7,Steel,0.75
SEC_023,2024-03-20,11,Steel,1.09
SEC_020,2024-06-19,4,Cement,0.89
SEC_023,2024-05-18,13,Cement,1.0
SEC_017,2024-01-01,13,Coal,1.19
SEC_040,2024-08-31,2,Foodgrain,0.81
SEC_020,2024-04-20,6,Coal,0.99
SEC_024,2024-09-30,4,Steel,1.02
SEC_028,2024-09-02,13,Other,1.0
SEC_032,2024-03-12,5,Coal,1.04
SEC_017,2024-11-20,4,Foodgrain,1.19
SEC_004,2024-01-09,13,Foodgrain,1.05
SEC_034,2024-07-29,11,Steel,0.82
SEC_028,2024-10-20,3,Other,1.34
SEC_032,2024-07-16,8,Other,0.7
SEC_027,2024-07-23,2,Coal,0.79
SEC_025,2024-06-21,11,Steel,0.85
SEC_047,2024-01-22,15,Steel,1.19
SEC_003,2024-09-05,10,Coal,0.99
SEC_005,2024-12-14,12,Foodgrain,1.12
SEC_046,2024-10-19,3,Steel,1.32
SEC_044,2024-01-22,6,Steel,1.1
SEC_021,2024-03-21,6,Cement,0.96
SEC_027,2024-10-31,14,Other,1.37
SEC_023,2024-09-18,4,Cement,1.02
SEC_049,2024-05-14,12,Cement,1.0
SEC_023,2024-03-30,6,Foodgrain,1.47
SEC_038,2024-06-18,6,Foodgrain,0.75
SEC_018,2024-01-12,7,Foodgrain,1.22
SEC_019,2024-02-02,3,Steel,1.13
SEC_034,2024-01-28,11,Foodgrain,1.2
SEC_020,2024-10-28,11,Steel,1.24
SEC_001,2024-01-18,8,Steel,1.12
SEC_009,2024-07-21,8,Other,0.72
SEC_043,2024-04-12,10,Coal,1.01
SEC_018,2024-10-03,16,Other,1.16
SEC_006,2024-02-16,16,Coal,1.14
SEC_047,2024-11-29,5,Steel,1.15
SEC_049,2024-02-01,7,Cement,1.2
SEC_025,2024-11-05,17,Other,1.22
SEC_031,2024-02-24,2,Other,1.25
SEC_037,2024-01-11,4,Cement,1.17
SEC_004,2024-01-14,10,Steel,1.21
SEC_015,2024-10-12,7,Steel,1.22
SEC_028,2024-05-05,10,Steel,0.96
SEC_027,2024-06-01,6,Other,0.76
SEC_017,2024-10-28,2,Cement,1.2
SEC_001,2024-04-05,10,Coal,1.08
SEC_047,2024-07-21,4,Coal,0.72
SEC_031,2024-04-19,15,Coal,1.1
SEC_038,2024-01-24,8,Foodgrain,1.09
SEC_022,2024-12-29,7,Other,1.12
SEC_025,2024-05-17,2,Foodgrain,1.01
SEC_022,2024-11-06,16,Steel,1.24
SEC_022,2024-06-06,11,Foodgrain,0.83
SEC_033,2024-11-13,18,Cement,1.31
SEC_049,2024-03-04,14,Coal,0.97
SEC_039,2024-07-16,8,Cement,0.81
SEC_033,2024-05-16,10,Other,1.02
SEC_001,2024-12-29,5,Other,1.09
SEC_026,2024-05-03,5,Coal,0.95
SEC_047,2024-10-09,17,Other,1.21
SEC_020,2024-06-29,8,Coal,0.87
SEC_027,2024-05-26,9,Foodgrain,1.05
SEC_016,2024-09-12,15,Steel,1.1
SEC_010,2024-08-23,6,Cement,0.75
SEC_035,2024-06-24,8,Cement,0.85
SEC_016,2024-01-21,10,Cement,1.06
SEC_029,2024-01-28,10,Cement,1.2
SEC_030,2024-08-07,4,Other,0.79
SEC_042,2024-01-21,8,Foodgrain,1.16
SEC_046,2024-08-09,10,Foodgrain,0.72
SEC_028,2024-11-20,2,Foodgrain,1.15
SEC_003,2024-10-15,10,Steel,1.25
SEC_029,2024-09-11,8,Foodgrain,1.09
SEC_044,2024-04-10,6,Foodgrain,1.48
SEC_024,2024-08-28,5,Coal,0.89
SEC_028,2024-03-08,8,Steel,0.97
SEC_038,2024-11-30,6,Steel,1.28
SEC_022,2024-02-02,4,Cement,1.12
SEC_021,2024-07-17,6,Steel,0.7
SEC_024,2024-06-27,9,Coal,0.84
SEC_042,2024-01-27,6,Foodgrain,1.11
SEC_024,2024-03-09,3,Foodgrain,1.48
SEC_017,2024-09-18,13,Cement,1.01
SEC_030,2024-08-06,4,Cement,0.78
SEC_034,2024-02-29,14,Other,1.2
SEC_045,2024-02-21,9,Cement,1.08
SEC_044,2024-08-31,6,Foodgrain,0.8
SEC_039,2024-08-29,8,Steel,0.79
SEC_038,2024-05-26,3,Cement,1.04
SEC_023,2024-01-08,11,Foodgrain,1.18
SEC_017,2024-01-11,14,Other,1.17
SEC_028,2024-02-25,11,Cement,1.06
SEC_035,2024-01-21,6,Steel,1.16
SEC_026,2024-07-22,5,Other,0.78
SEC_011,2024-05-23,9,Foodgrain,0.96
SEC_001,2024-03-20,8,Cement,1.0
SEC_003,2024-08-05,3,Cement,0.82
SEC_021,2024-09-14,14,Cement,0.97
SEC_039,2024-03-03,9,Foodgrain,1.47
SEC_039,2024-08-16,6,Cement,0.84
SEC_040,2024-02-09,8,Other,1.15
SEC_035,2024-08-07,1,Coal,0.7
SEC_002,2024-05-17,12,Foodgrain,1.0
SEC_044,2024-02-10,9,Cement,1.1
SEC_047,2024-10-21,7,Other,1.2
SEC_042,2024-03-07,3,Foodgrain,1.46
SEC_022,2024-10-13,3,Coal,1.27
SEC_011,2024-05-13,12,Cement,1.05
SEC_045,2024-09-07,2,Other,1.03
SEC_010,2024-09-15,12,Other,1.01
SEC_039,2024-06-04,10,Steel,0.88
SEC_048,2024-09-01,10,Coal,0.95
SEC_045,2024-06-10,4,Coal,0.83
SEC_026,2024-08-09,6,Foodgrain,0.89
SEC_041,2024-03-23,15,Coal,1.1
SEC_041,2024-06-04,2,Cement,0.87
SEC_048,2024-02-20,4,Foodgrain,1.21
SEC_018,2024-06-01,3,Steel,0.73
SEC_031,2024-01-06,9,Steel,1.16
SEC_041,2024-05-29,14,Foodgrain,1.04
SEC_012,2024-11-10,4,Coal,1.34
SEC_012,2024-05-12,9,Foodgrain,0.96
SEC_020,2024-06-30,11,Cement,0.8
SEC_018,2024-11-09,10,Foodgrain,1.23
SEC_037,2024-01-02,5,Foodgrain,1.23
SEC_046,2024-09-02,6,Other,1.06
SEC_008,2024-07-12,8,Steel,0.84
SEC_016,2024-05-05,4,Coal,1.08
SEC_046,2024-04-04,12,Foodgrain,1.49
SEC_030,2024-08-04,9,Coal,0.75
SEC_011,2024-06-05,10,Other,0.83
SEC_030,2024-05-24,12,Coal,1.1
SEC_043,2024-09-03,14,Cement,1.1
SEC_019,2024-05-26,14,Foodgrain,1.05
SEC_024,2024-10-23,11,Foodgrain,1.26
SEC_031,2024-04-14,10,Other,1.01
SEC_042,2024-09-13,11,Other,0.97
SEC_028,2024-07-25,7,Coal,0.75
SEC_047,2024-11-24,10,Other,1.36
SEC_037,2024-05-26,5,Steel,0.95
SEC_021,2024-03-26,4,Steel,1.08
SEC_024,2024-05-25,6,Other,1.03
SEC_035,2024-08-30,5,Coal,0.71
SEC_004,2024-06-06,5,Foodgrain,0.82
SEC_012,2024-11-21,12,Coal,1.18
SEC_012,2024-02-27,5,Foodgrain,1.18
SEC_040,2024-04-22,14,Cement,1.03
SEC_041,2024-12-25,14,Foodgrain,1.09
SEC_041,2024-10-19,14,Other,1.19
SEC_006,2024-01-29,12,Cement,1.09
SEC_015,2024-12-10,13,Coal,1.22
SEC_016,2024-06-04,8,Steel,0.76
SEC_002,2024-08-23,7,Foodgrain,0.81
SEC_013,2024-01-07,17,Foodgrain,1.2
SEC_022,2024-03-01,4,Coal,0.96
SEC_044,2024-09-12,11,Foodgrain,1.06
SEC_009,2024-04-05,21,Foodgrain,1.49
SEC_043,2024-02-13,16,Foodgrain,1.21
SEC_041,2024-09-05,13,Other,0.99
SEC_008,2024-03-20,12,Steel,0.95
SEC_013,2024-11-13,5,Cement,1.3
SEC_023,2024-03-06,3,Cement,1.03
SEC_047,2024-01-09,15,Other,1.07
SEC_039,2024-05-22,2,Cement,0.98
SEC_048,2024-04-29,3,Foodgrain,1.35
SEC_016,2024-08-21,9,Coal,0.78
SEC_045,2024-03-26,6,Cement,0.96
SEC_047,2024-12-24,11,Foodgrain,1.17
SEC_030,2024-06-03,4,Other,0.71
SEC_008,2024-09-16,8,Foodgrain,1.01
SEC_014,2024-10-08,19,Cement,1.38
SEC_007,2024-11-19,10,Other,1.2
SEC_040,2024-07-03,3,Other,0.83
SEC_016,2024-03-24,6,Steel,1.08
SEC_035,2024-07-08,7,Steel,0.82
SEC_014,2024-06-04,11,Cement,0.82
SEC_048,2024-08-10,9,Coal,0.88
SEC_038,2024-03-27,10,Other,1.05
SEC_019,2024-07-07,3,Coal,0.88
SEC_024,2024-12-16,7,Steel,1.13
SEC_003,2024-09-08,2,Other,1.04
SEC_007,2024-12-16,10,Coal,1.23
SEC_049,2024-02-09,10,Coal,1.05
SEC_040,2024-08-27,8,Cement,0.81
SEC_042,2024-01-09,13,Other,1.14
SEC_032,2024-03-15,5,Cement,0.98
SEC_011,2024-10-29,16,Foodgrain,1.16
SEC_006,2024-02-06,8,Cement,1.06
SEC_036,2024-06-24,8,Cement,0.76
SEC_017,2024-01-26,5,Steel,1.23
SEC_001,2024-04-19,12,Cement,1.02
SEC_002,2024-02-15,6,Coal,1.14
SEC_028,2024-06-15,10,Foodgrain,0.85
SEC_042,2024-08-23,3,Other,0.83
SEC_018,2024-08-25,9,Coal,0.88
SEC_049,2024-12-07,3,Foodgrain,1.07
SEC_019,2024-02-14,4,Cement,1.11
SEC_036,2024-05-26,3,Foodgrain,1.01
SEC_012,2024-07-10,2,Other,0.83
SEC_030,2024-02-01,10,Cement,1.13
SEC_014,2024-02-10,6,Coal,1.22
SEC_039,2024-04-23,7,Other,1.03
SEC_023,2024-11-10,8,Steel,1.36
SEC_003,2024-08-02,10,Foodgrain,0.79
SEC_013,2024-07-24,6,Other,0.84
SEC_018,2024-07-20,8,Cement,0.89
SEC_023,2024-10-23,15,Coal,1.38
SEC_014,2024-07-18,11,Steel,0.9
SEC_029,2024-09-20,13,Coal,1.06
SEC_048,2024-04-23,6,Foodgrain,1.4
SEC_035,2024-10-25,8,Other,1.32
SEC_016,2024-01-12,9,Steel,1.14
SEC_034,2024-05-05,9,Cement,1.07
SEC_048,2024-04-01,14,Coal,1.07
SEC_012,2024-02-21,5,Steel,1.17
SEC_012,2024-07-15,5,Foodgrain,0.89
SEC_002,2024-11-22,15,Other,1.16
SEC_042,2024-02-29,5,Cement,1.22
SEC_041,2024-11-19,16,Cement,1.22
SEC_021,2024-11-09,19,Cement,1.39
SEC_043,2024-11-19,9,Coal,1.34
SEC_032,2024-01-03,4,Other,1.06
SEC_048,2024-12-28,5,Foodgrain,1.13
SEC_046,2024-06-05,9,Steel,0.72
SEC_048,2024-08-06,7,Other,0.75
SEC_020,2024-04-21,10,Foodgrain,1.36
SEC_032,2024-07-06,8,Cement,0.8
SEC_009,2024-07-20,7,Steel,0.74
SEC_044,2024-10-18,5,Foodgrain,1.23
SEC_016,2024-05-04,5,Coal,1.0
SEC_022,2024-02-10,17,Foodgrain,1.2
SEC_030,2024-08-02,8,Foodgrain,0.75
SEC_039,2024-10-13,19,Steel,1.38
SEC_036,2024-01-06,9,Other,1.22
SEC_047,2024-10-24,15,Cement,1.34
SEC_035,2024-10-21,3,Other,1.27
SEC_040,2024-07-30,4,Coal,0.8
SEC_029,2024-12-13,13,Foodgrain,1.2
SEC_021,2024-05-21,6,Other,1.0
SEC_045,2024-02-18,14,Coal,1.08
SEC_019,2024-08-28,9,Steel,0.83
SEC_031,2024-08-11,11,Other,0.81
SEC_015,2024-11-30,6,Coal,1.29
SEC_024,2024-03-23,5,Foodgrain,1.31
SEC_018,2024-02-27,3,Coal,1.11
SEC_013,2024-09-05,11,Steel,0.96
SEC_041,2024-04-23,2,Other,0.98
SEC_038,2024-03-08,2,Steel,1.08
SEC_035,2024-09-02,2,Foodgrain,1.07
SEC_005,2024-03-08,15,Other,1.04
SEC_013,2024-10-31,2,Steel,1.25
SEC_011,2024-04-23,7,Cement,1.05
SEC_035,2024-08-26,2,Foodgrain,0.72
SEC_044,2024-07-30,2,Cement,0.72
SEC_019,2024-08-04,8,Foodgrain,0.72
SEC_017,2024-04-21,8,Other,1.04
SEC_028,2024-02-01,6,Other,1.17
SEC_049,2024-08-22,10,Other,0.7
SEC_019,2024-06-07,7,Steel,0.86
SEC_014,2024-12-23,4,Coal,1.21
SEC_026,2024-11-21,10,Coal,1.2
SEC_045,2024-01-28,13,Cement,1.2
SEC_036,2024-05-12,9,Other,0.99
SEC_026,2024-06-01,4,Steel,0.89
SEC_036,2024-05-19,9,Foodgrain,1.09
SEC_001,2024-09-21,14,Coal,1.01
SEC_037,2024-05-10,7,Foodgrain,1.0
SEC_005,2024-02-25,8,Cement,1.13
SEC_020,2024-05-12,6,Coal,1.06
SEC_018,2024-10-15,2,Other,1.22
SEC_034,2024-05-28,4,Other,1.08
SEC_012,2024-04-14,9,Other,1.1
SEC_012,2024-10-10,10,Other,1.19
SEC_044,2024-01-25,5,Coal,1.07
SEC_024,2024-06-15,8,Foodgrain,0.86
SEC_037,2024-02-07,8,Foodgrain,1.19
SEC_029,2024-08-10,10,Coal,0.78
SEC_031,2024-11-25,10,Other,1.38
SEC_034,2024-06-10,8,Coal,0.85
SEC_033,2024-12-25,7,Cement,1.18
SEC_045,2024-11-15,4,Steel,1.37
SEC_039,2024-09-23,7,Foodgrain,0.99
SEC_015,2024-03-06,4,Foodgrain,1.48
SEC_009,2024-01-13,8,Steel,1.1
SEC_042,2024-02-14,17,Foodgrain,1.22
SEC_019,2024-05-07,7,Cement,1.05
SEC_016,2024-05-29,14,Foodgrain,1.07
SEC_006,2024-03-17,8,Steel,1.05
SEC_028,2024-12-22,11,Steel,1.2
SEC_026,2024-09-28,3,Cement,0.98
SEC_041,2024-09-13,10,Steel,0.96
SEC_037,2024-08-26,6,Foodgrain,0.87
SEC_036,2024-08-13,8,Other,0.72
SEC_027,2024-11-18,18,Foodgrain,1.39
SEC_043,2024-05-22,14,Steel,1.03
SEC_049,2024-02-21,8,Cement,1.05
SEC_040,2024-04-18,14,Other,1.09
SEC_018,2024-03-24,12,Cement,0.97
SEC_014,2024-12-16,10,Foodgrain,1.24
SEC_001,2024-07-26,2,Cement,0.87
SEC_049,2024-06-05,12,Coal,0.84
SEC_036,2024-01-10,2,Coal,1.1
SEC_046,2024-09-17,11,Foodgrain,1.01
SEC_039,2024-08-24,3,Foodgrain,0.84
SEC_022,2024-10-23,11,Other,1.36
SEC_008,2024-02-17,4,Foodgrain,1.17
SEC_003,2024-08-28,4,Other,0.75
SEC_039,2024-05-12,6,Cement,1.06
SEC_015,2024-03-26,14,Steel,1.09
SEC_019,2024-03-22,2,Other,1.09
SEC_041,2024-04-15,2,Coal,1.04
SEC_024,2024-09-25,8,Cement,1.06
SEC_047,2024-01-09,4,Foodgrain,1.11
SEC_027,2024-12-12,11,Cement,1.19
SEC_041,2024-12-20,15,Coal,1.09
SEC_007,2024-12-20,16,Steel,1.2
SEC_020,2024-11-01,9,Steel,1.23
SEC_009,2024-04-28,18,Foodgrain,1.36
SEC_003,2024-05-27,12,Other,0.96
SEC_049,2024-02-16,2,Other,1.2
SEC_026,2024-11-22,6,Cement,1.23
SEC_018,2024-10-08,7,Coal,1.33
SEC_019,2024-02-26,8,Cement,1.06
SEC_012,2024-12-28,2,Other,1.21
SEC_007,2024-01-16,8,Foodgrain,1.13
SEC_045,2024-10-07,13,Coal,1.29
SEC_006,2024-02-19,12,Coal,1.24
SEC_019,2024-10-01,15,Other,1.17
SEC_008,2024-11-19,12,Coal,1.19
SEC_046,2024-12-13,13,Steel,1.05
SEC_011,2024-02-28,15,Cement,1.24
SEC_020,2024-03-01,10,Coal,1.0
SEC_037,2024-01-25,8,Foodgrain,1.17
SEC_028,2024-10-27,10,Cement,1.3
SEC_019,2024-03-08,16,Foodgrain,1.37
SEC_028,2024-05-22,10,Other,1.04
SEC_022,2024-05-31,3,Coal,1.07
SEC_015,2024-05-08,13,Foodgrain,1.05
SEC_030,2024-06-30,6,Steel,0.71
SEC_018,2024-05-07,9,Foodgrain,0.96
SEC_048,2024-03-27,3,Coal,0.98
SEC_023,2024-05-21,2,Cement,1.01
SEC_038,2024-10-21,8,Steel,1.19
SEC_012,2024-02-13,3,Other,1.14
SEC_032,2024-12-17,9,Other,1.07
SEC_028,2024-05-30,3,Steel,0.97
SEC_037,2024-04-16,12,Cement,1.1
SEC_023,2024-06-11,8,Foodgrain,0.74
SEC_036,2024-12-06,9,Other,1.09
SEC_003,2024-10-23,16,Other,1.16
SEC_034,2024-10-26,5,Other,1.24
SEC_037,2024-03-21,14,Steel,1.03
SEC_025,2024-11-20,10,Foodgrain,1.26
SEC_002,2024-09-15,13,Coal,1.0
SEC_028,2024-01-22,6,Steel,1.05
SEC_039,2024-06-05,9,Steel,0.74
SEC_023,2024-11-01,5,Foodgrain,1.3
SEC_005,2024-07-13,7,Other,0.79
SEC_020,2024-08-02,3,Coal,0.73
SEC_049,2024-05-17,8,Foodgrain,1.05
SEC_014,2024-01-15,14,Other,1.1
SEC_026,2024-11-20,18,Steel,1.3
SEC_018,2024-10-02,5,Other,1.21
SEC_035,2024-04-09,2,Coal,0.98
SEC_021,2024-03-29,12,Foodgrain,1.31
SEC_019,2024-07-08,9,Other,0.79
SEC_029,2024-10-18,15,Steel,1.18
SEC_029,2024-02-01,11,Cement,1.17
SEC_025,2024-08-17,2,Coal,0.81
SEC_013,2024-11-05,15,Foodgrain,1.35
SEC_006,2024-06-29,3,Coal,0.78
SEC_034,2024-01-20,6,Coal,1.13
SEC_017,2024-01-09,14,Steel,1.06
SEC_031,2024-02-29,9,Other,1.11
SEC_019,2024-11-21,4,Other,1.31
SEC_042,2024-06-16,10,Coal,0.8
SEC_035,2024-02-24,9,Coal,1.09
SEC_020,2024-11-27,15,Cement,1.24
SEC_017,2024-10-30,17,Other,1.3
SEC_037,2024-02-23,10,Foodgrain,1.22
SEC_001,2024-09-08,10,Foodgrain,1.04
SEC_003,2024-05-01,9,Cement,1.08
SEC_005,2024-01-26,10,Foodgrain,1.19
SEC_017,2024-01-23,14,Cement,1.07
SEC_025,2024-07-17,3,Coal,0.79
SEC_015,2024-11-04,5,Coal,1.24
SEC_010,2024-12-18,6,Coal,1.12
SEC_016,2024-09-15,14,Steel,1.05
SEC_025,2024-12-03,11,Foodgrain,1.07
SEC_015,2024-03-27,7,Steel,1.1
SEC_029,2024-02-23,12,Foodgrain,1.09
SEC_019,2024-02-10,4,Coal,1.07
SEC_046,2024-03-04,18,Foodgrain,1.37
SEC_049,2024-10-02,5,Coal,1.21
SEC_033,2024-02-26,6,Steel,1.1
SEC_028,2024-06-07,7,Cement,0.86
SEC_002,2024-10-03,12,Coal,1.24
SEC_031,2024-12-05,7,Cement,1.12
SEC_019,2024-02-28,17,Steel,1.18
SEC_015,2024-03-09,2,Other,1.06
SEC_039,2024-01-24,6,Cement,1.25
SEC_003,2024-02-11,6,Other,1.2
SEC_013,2024-05-22,5,Cement,1.09
SEC_038,2024-04-25,12,Foodgrain,1.38
SEC_046,2024-12-19,2,Coal,1.13
SEC_026,2024-06-11,10,Coal,0.86
SEC_026,2024-04-22,7,Cement,1.03
SEC_048,2024-06-20,2,Cement,0.8
SEC_005,2024-09-22,13,Coal,0.96
SEC_024,2024-05-03,2,Coal,0.99
SEC_012,2024-02-22,13,Cement,1.06
SEC_024,2024-06-02,11,Coal,0.77
SEC_045,2024-08-15,9,Foodgrain,0.72
SEC_030,2024-04-25,14,Steel,0.97
SEC_049,2024-07-31,5,Cement,0.84
SEC_025,2024-04-28,14,Coal,1.01
SEC_043,2024-11-26,14,Coal,1.15
SEC_009,2024-11-20,8,Coal,1.17
SEC_016,2024-09-19,12,Cement,1.01
SEC_014,2024-11-02,18,Cement,1.28
SEC_038,2024-02-14,14,Cement,1.08
SEC_026,2024-08-27,5,Foodgrain,0.83
SEC_011,2024-05-28,11,Coal,1.02
SEC_009,2024-10-11,13,Steel,1.21
SEC_019,2024-01-01,2,Coal,1.16
SEC_008,2024-03-09,5,Coal,0.98
SEC_035,2024-03-29,5,Cement,1.0
SEC_042,2024-07-22,10,Foodgrain,0.82
SEC_048,2024-12-21,16,Foodgrain,1.2
SEC_012,2024-11-24,12,Coal,1.29
SEC_022,2024-06-15,2,Cement,0.74
SEC_025,2024-01-01,12,Other,1.1
SEC_025,2024-11-13,12,Coal,1.32
SEC_023,2024-07-28,8,Other,0.76
SEC_011,2024-01-09,11,Coal,1.2
SEC_006,2024-08-24,10,Other,0.82
SEC_020,2024-11-18,17,Cement,1.2
SEC_005,2024-11-14,11,Other,1.32
SEC_004,2024-11-21,2,Coal,1.17
SEC_026,2024-12-23,4,Foodgrain,1.05
SEC_043,2024-08-27,4,Coal,0.71
SEC_027,2024-08-12,12,Foodgrain,0.87
SEC_002,2024-02-12,10,Coal,1.19
SEC_042,2024-08-19,10,Coal,0.84
SEC_034,2024-11-16,15,Other,1.18
SEC_015,2024-10-24,10,Cement,1.16
SEC_014,2024-11-25,15,Steel,1.36
SEC_045,2024-03-03,14,Foodgrain,1.3
SEC_024,2024-03-14,12,Foodgrain,1.38
SEC_007,2024-11-10,14,Cement,1.38
SEC_014,2024-12-10,14,Foodgrain,1.25
SEC_013,2024-07-11,10,Steel,0.77
SEC_020,2024-11-18,4,Steel,1.34
SEC_017,2024-09-06,3,Other,1.06
SEC_027,2024-03-15,7,Coal,0.98
SEC_016,2024-07-04,6,Foodgrain,0.72
SEC_032,2024-05-24,10,Steel,0.98
SEC_025,2024-10-16,8,Steel,1.17
SEC_047,2024-05-03,10,Coal,1.04
SEC_041,2024-03-05,14,Coal,1.03
SEC_017,2024-07-01,8,Other,0.77
SEC_003,2024-06-30,2,Other,0.8
SEC_029,2024-11-21,17,Cement,1.22
SEC_017,2024-01-03,14,Other,1.08
SEC_045,2024-11-16,8,Other,1.28
SEC_020,2024-03-18,4,Coal,1.07
SEC_015,2024-03-05,8,Other,1.05
SEC_017,2024-06-02,8,Other,0.82
SEC_043,2024-07-20,6,Coal,0.86
SEC_006,2024-12-06,10,Other,1.07
SEC_047,2024-07-14,9,Cement,0.83
SEC_012,2024-02-23,6,Other,1.24
SEC_042,2024-06-13,4,Foodgrain,0.73
SEC_027,2024-12-02,8,Cement,1.11
SEC_028,2024-09-18,5,Cement,1.08
SEC_011,2024-03-20,15,Cement,1.05
SEC_036,2024-08-24,7,Other,0.85
SEC_032,2024-09-25,9,Coal,0.96
SEC_024,2024-04-10,6,Steel,1.0
SEC_023,2024-07-12,11,Coal,0.88
SEC_030,2024-05-07,6,Cement,1.0
SEC_024,2024-03-07,8,Coal,1.09
SEC_048,2024-11-21,16,Steel,1.33
SEC_003,2024-04-27,12,Cement,0.96
SEC_013,2024-04-29,5,Other,0.98
SEC_042,2024-02-07,4,Steel,1.22
SEC_039,2024-06-11,12,Steel,0.84
SEC_018,2024-08-23,4,Coal,0.87
SEC_025,2024-12-22,9,Steel,1.08
SEC_002,2024-10-10,19,Cement,1.33
SEC_009,2024-11-09,18,Other,1.37
SEC_047,2024-12-27,4,Foodgrain,1.09
SEC_032,2024-09-12,14,Coal,1.02
SEC_002,2024-11-09,8,Steel,1.27
SEC_039,2024-04-21,11,Foodgrain,1.34
SEC_020,2024-09-18,6,Cement,1.02
SEC_028,2024-08-18,8,Foodgrain,0.89
SEC_042,2024-06-14,9,Other,0.89
SEC_042,2024-08-22,3,Foodgrain,0.73
SEC_007,2024-09-20,12,Foodgrain,0.98
SEC_018,2024-05-30,6,Coal,1.03
SEC_014,2024-11-04,9,Other,1.26
SEC_045,2024-01-14,2,Coal,1.06
SEC_039,2024-04-28,6,Steel,1.06
SEC_032,2024-05-14,13,Foodgrain,1.07
SEC_003,2024-10-30,12,Other,1.15
SEC_040,2024-07-04,7,Foodgrain,0.89
SEC_028,2024-12-07,11,Foodgrain,1.25
SEC_014,2024-12-13,17,Other,1.23
SEC_022,2024-06-16,9,Steel,0.83
SEC_022,2024-09-23,14,Cement,1.09
SEC_015,2024-03-31,15,Coal,1.04
SEC_045,2024-02-09,3,Foodgrain,1.09
SEC_045,2024-06-28,2,Cement,0.84
SEC_003,2024-04-20,10,Steel,1.01
SEC_046,2024-09-24,2,Cement,0.97
SEC_020,2024-07-09,4,Other,0.9
SEC_040,2024-02-19,10,Coal,1.05
SEC_039,2024-06-14,10,Coal,0.82
SEC_030,2024-05-27,12,Coal,0.96
SEC_037,2024-01-02,8,Other,1.21
SEC_034,2024-07-18,4,Steel,0.82
SEC_042,2024-12-08,17,Other,1.24
SEC_021,2024-11-24,4,Steel,1.36
SEC_037,2024-11-26,13,Other,1.18
SEC_048,2024-11-23,3,Foodgrain,1.34
SEC_047,2024-12-04,11,Steel,1.13
SEC_008,2024-02-05,7,Foodgrain,1.21
SEC_025,2024-06-05,6,Coal,0.84
SEC_025,2024-07-18,6,Coal,0.84
SEC_031,2024-11-01,14,Cement,1.24
SEC_032,2024-05-16,13,Cement,0.98
SEC_042,2024-09-16,11,Foodgrain,1.01
SEC_027,2024-10-12,18,Other,1.39
SEC_035,2024-07-06,12,Steel,0.89
SEC_045,2024-03-29,7,Steel,1.02
SEC_006,2024-01-29,15,Foodgrain,1.06
SEC_032,2024-06-11,7,Steel,0.83
SEC_018,2024-03-02,13,Cement,0.95
SEC_045,2024-08-23,11,Other,0.85
SEC_028,2024-03-28,9,Steel,0.96
SEC_030,2024-11-16,5,Foodgrain,1.2
SEC_037,2024-11-23,4,Steel,1.34
SEC_012,2024-11-02,19,Foodgrain,1.35
SEC_027,2024-08-31,12,Cement,0.85
SEC_038,2024-02-12,12,Foodgrain,1.21
SEC_039,2024-12-25,8,Coal,1.08
SEC_012,2024-01-25,14,Other,1.13
SEC_042,2024-07-26,3,Cement,0.87
SEC_008,2024-10-21,14,Cement,1.26
SEC_013,2024-02-01,15,Cement,1.24
SEC_042,2024-06-30,6,Coal,0.77
SEC_031,2024-06-23,3,Other,0.75
SEC_027,2024-03-13,3,Coal,1.06
SEC_028,2024-02-10,6,Cement,1.12
SEC_048,2024-11-29,4,Other,1.3
SEC_012,2024-11-25,8,Foodgrain,1.2
SEC_015,2024-02-04,9,Cement,1.15
SEC_025,2024-04-11,7,Other,1.05
SEC_042,2024-05-23,12,Foodgrain,1.01
SEC_027,2024-03-13,16,Foodgrain,1.35
SEC_036,2024-01-25,12,Other,1.15
SEC_041,2024-07-06,9,Cement,0.75
SEC_044,2024-06-10,10,Coal,0.75
SEC_023,2024-10-22,12,Coal,1.28
SEC_023,2024-04-18,7,Cement,1.09
SEC_004,2024-07-05,9,Cement,0.76
SEC_004,2024-04-24,2,Other,0.97
SEC_024,2024-01-14,6,Coal,1.13
SEC_037,2024-09-23,10,Coal,0.96
SEC_042,2024-09-28,5,Coal,1.07
SEC_021,2024-08-31,5,Steel,0.82
SEC_028,2024-01-13,2,Foodgrain,1.05
SEC_040,2024-09-11,9,Steel,1.01
SEC_016,2024-08-09,2,Coal,0.76
SEC_008,2024-06-10,4,Foodgrain,0.75
SEC_046,2024-08-13,6,Steel,0.81
SEC_027,2024-02-10,4,Steel,1.19
SEC_008,2024-03-17,7,Cement,1.04
SEC_013,2024-02-17,14,Steel,1.17
SEC_017,2024-06-12,5,Foodgrain,0.76
SEC_010,2024-11-23,13,Coal,1.32
SEC_022,2024-01-03,4,Cement,1.06
SEC_040,2024-06-12,10,Foodgrain,0.71
SEC_037,2024-04-13,7,Cement,1.1
SEC_045,2024-12-09,3,Steel,1.15
SEC_041,2024-08-14,5,Foodgrain,0.83
SEC_016,2024-03-22,19,Foodgrain,1.33
SEC_003,2024-04-14,14,Other,1.1
SEC_008,2024-07-31,11,Coal,0.82
SEC_039,2024-01-18,4,Steel,1.24
SEC_017,2024-01-25,10,Other,1.07
SEC_036,2024-09-03,3,Coal,1.06
SEC_023,2024-10-20,11,Steel,1.33
SEC_044,2024-09-28,4,Steel,1.05
SEC_025,2024-03-03,15,Cement,1.09
SEC_045,2024-11-11,15,Cement,1.22
SEC_013,2024-03-23,11,Other,1.0
SEC_039,2024-11-16,18,Coal,1.27
SEC_026,2024-04-18,11,Steel,1.08
SEC_010,2024-06-30,1,Foodgrain,0.71
SEC_012,2024-12-16,8,Cement,1.08
SEC_016,2024-05-29,5,Foodgrain,1.08
SEC_008,2024-09-01,9,Foodgrain,0.97
SEC_046,2024-08-02,10,Other,0.84
SEC_011,2024-01-28,6,Coal,1.14
SEC_030,2024-10-17,10,Other,1.3
SEC_028,2024-05-11,10,Cement,1.0
SEC_027,2024-06-22,9,Steel,0.73
SEC_031,2024-04-21,11,Foodgrain,1.33
SEC_045,2024-12-30,11,Steel,1.11
SEC_048,2024-07-20,8,Steel,0.7
SEC_043,2024-08-21,9,Cement,0.86
SEC_023,2024-07-10,6,Steel,0.83
SEC_036,2024-04-22,8,Other,1.05
SEC_010,2024-08-02,9,Coal,0.79
SEC_044,2024-10-17,12,Coal,1.25
SEC_010,2024-02-04,4,Other,1.2
SEC_006,2024-02-25,17,Cement,1.2
SEC_041,2024-03-01,4,Foodgrain,1.42
SEC_038,2024-12-08,3,Steel,1.07
SEC_007,2024-07-30,6,Steel,0.7
SEC_048,2024-05-04,8,Coal,0.99
SEC_006,2024-03-13,7,Other,0.98
SEC_003,2024-09-07,5,Steel,1.09
SEC_047,2024-07-11,6,Other,0.74
SEC_011,2024-08-16,7,Cement,0.9
SEC_012,2024-09-18,3,Steel,0.97
SEC_039,2024-02-05,6,Cement,1.17
SEC_030,2024-09-05,12,Foodgrain,1.06
SEC_026,2024-09-21,14,Foodgrain,1.05
SEC_049,2024-04-11,5,Cement,0.95
SEC_005,2024-04-24,4,Cement,1.03
SEC_046,2024-08-04,9,Steel,0.72
SEC_014,2024-05-19,3,Foodgrain,1.07
SEC_031,2024-12-06,14,Other,1.2
SEC_016,2024-02-05,5,Steel,1.15
SEC_015,2024-03-02,7,Cement,1.1
SEC_016,2024-10-23,12,Other,1.33
SEC_028,2024-09-06,14,Cement,1.05
SEC_044,2024-11-10,9,Coal,1.35
SEC_006,2024-01-09,3,Other,1.07
SEC_033,2024-02-19,10,Other,1.13
SEC_043,2024-11-02,16,Cement,1.37
SEC_037,2024-10-24,12,Cement,1.22
SEC_049,2024-10-29,17,Coal,1.34
SEC_001,2024-11-24,9,Cement,1.34
SEC_018,2024-03-25,14,Other,0.97
SEC_021,2024-02-05,7,Foodgrain,1.16
SEC_027,2024-04-18,9,Foodgrain,1.33
SEC_016,2024-12-31,10,Other,1.23
SEC_013,2024-07-08,6,Cement,0.71
SEC_042,2024-01-02,8,Coal,1.21
SEC_012,2024-09-29,10,Coal,0.97
SEC_047,2024-11-04,3,Foodgrain,1.27
SEC_002,2024-02-14,2,Cement,1.24
SEC_021,2024-07-23,9,Steel,0.87
SEC_030,2024-09-29,12,Coal,1.09
SEC_048,2024-12-16,8,Cement,1.06
SEC_038,2024-08-10,6,Steel,0.72
SEC_001,2024-05-03,12,Cement,1.05
SEC_037,2024-11-29,8,Cement,1.21
SEC_016,2024-05-12,11,Steel,0.99
SEC_043,2024-08-19,2,Cement,0.81
SEC_038,2024-11-03,8,Coal,1.33
SEC_010,2024-07-13,11,Steel,0.84
SEC_018,2024-09-17,12,Foodgrain,0.99
SEC_041,2024-11-04,4,Other,1.25
SEC_046,2024-08-07,3,Other,0.81
SEC_030,2024-06-02,8,Cement,0.71
SEC_011,2024-08-23,10,Cement,0.77
SEC_020,2024-05-26,12,Foodgrain,1.0
SEC_039,2024-09-06,7,Foodgrain,1.0
SEC_030,2024-01-30,13,Foodgrain,1.18
SEC_010,2024-01-18,16,Other,1.15
SEC_014,2024-06-22,6,Cement,0.86
SEC_010,2024-02-13,7,Other,1.13
SEC_023,2024-09-24,8,Foodgrain,1.09
SEC_022,2024-03-07,2,Cement,1.03
SEC_027,2024-07-01,10,Other,0.87
SEC_047,2024-03-05,12,Foodgrain,1.32
SEC_032,2024-12-03,10,Cement,1.06
SEC_029,2024-11-04,16,Foodgrain,1.25
SEC_018,2024-01-01,14,Foodgrain,1.14
SEC_032,2024-05-24,4,Steel,1.02
SEC_047,2024-12-10,12,Other,1.13
SEC_001,2024-06-28,9,Other,0.72
SEC_018,2024-11-04,17,Other,1.31
SEC_003,2024-02-02,16,Steel,1.11
SEC_010,2024-06-06,5,Other,0.84
SEC_004,2024-11-14,4,Cement,1.27
SEC_030,2024-03-12,5,Steel,1.0
SEC_041,2024-01-04,14,Other,1.24
SEC_047,2024-09-25,2,Foodgrain,1.06
SEC_012,2024-01-31,5,Foodgrain,1.21
SEC_035,2024-04-20,2,Cement,0.95
SEC_017,2024-10-24,12,Coal,1.16
SEC_016,2024-11-22,10,Foodgrain,1.36
SEC_030,2024-02-17,15,Coal,1.18
SEC_034,2024-06-30,9,Foodgrain,0.75
SEC_029,2024-10-17,5,Cement,1.21
SEC_005,2024-05-23,7,Other,1.0
SEC_021,2024-05-08,8,Steel,0.96
SEC_014,2024-07-17,4,Other,0.86
SEC_001,2024-10-11,10,Coal,1.29
SEC_002,2024-01-15,6,Coal,1.18
SEC_023,2024-01-19,5,Steel,1.17
SEC_005,2024-02-09,5,Steel,1.13
SEC_037,2024-05-04,8,Foodgrain,1.04
SEC_003,2024-04-11,5,Coal,0.99
SEC_012,2024-06-25,2,Foodgrain,0.78
SEC_049,2024-04-20,13,Other,0.97
SEC_035,2024-08-17,3,Coal,0.85
SEC_028,2024-04-27,16,Foodgrain,1.42
SEC_001,2024-11-02,5,Cement,1.27
SEC_003,2024-04-23,19,Foodgrain,1.48
SEC_045,2024-03-30,18,Foodgrain,1.39
SEC_040,2024-11-10,10,Coal,1.38
SEC_047,2024-08-29,9,Foodgrain,0.72
SEC_040,2024-01-18,9,Other,1.11
SEC_001,2024-02-25,5,Other,1.06
SEC_040,2024-01-18,8,Cement,1.16
SEC_023,2024-10-18,10,Coal,1.16
SEC_034,2024-08-17,8,Coal,0.82
SEC_021,2024-12-07,4,Foodgrain,1.1
SEC_036,2024-04-30,2,Steel,0.95
SEC_042,2024-01-18,2,Coal,1.18
SEC_048,2024-06-16,9,Coal,0.74
SEC_027,2024-01-30,17,Coal,1.23
SEC_014,2024-02-22,5,Coal,1.06
SEC_030,2024-10-15,16,Cement,1.32
SEC_025,2024-05-18,10,Foodgrain,1.01
SEC_010,2024-11-18,6,Cement,1.29
SEC_036,2024-07-07,3,Steel,0.88
SEC_004,2024-08-25,3,Cement,0.88
SEC_020,2024-11-01,4,Coal,1.32
SEC_034,2024-06-17,2,Other,0.8
SEC_046,2024-04-27,13,Coal,0.96
SEC_031,2024-10-08,12,Cement,1.17
SEC_048,2024-10-31,6,Cement,1.25
SEC_041,2024-04-19,3,Coal,1.09
SEC_012,2024-10-28,13,Coal,1.22
SEC_042,2024-12-28,9,Cement,1.1
SEC_017,2024-03-11,14,Coal,1.03
SEC_031,2024-11-06,4,Cement,1.32
SEC_010,2024-02-01,14,Cement,1.08
SEC_027,2024-11-20,18,Cement,1.3
SEC_034,2024-11-22,15,Other,1.38
SEC_045,2024-11-08,4,Foodgrain,1.23
SEC_047,2024-05-07,6,Foodgrain,1.03
SEC_040,2024-12-07,11,Other,1.21
SEC_028,2024-07-21,6,Other,0.7
SEC_044,2024-01-24,13,Foodgrain,1.16
SEC_006,2024-11-06,7,Foodgrain,1.39
SEC_049,2024-11-28,15,Cement,1.23
SEC_010,2024-04-20,6,Foodgrain,1.3
SEC_020,2024-03-31,13,Foodgrain,1.4
SEC_045,2024-07-27,7,Other,0.87
SEC_036,2024-05-11,3,Cement,1.04
SEC_042,2024-08-21,9,Foodgrain,0.9
SEC_034,2024-05-15,2,Steel,0.96
SEC_030,2024-03-20,10,Cement,0.95
SEC_009,2024-03-26,2,Coal,0.98
SEC_049,2024-08-28,2,Cement,0.83
SEC_032,2024-06-09,6,Foodgrain,0.72
SEC_033,2024-01-06,6,Other,1.12
SEC_021,2024-07-04,6,Foodgrain,0.83
SEC_047,2024-10-15,10,Steel,1.22
SEC_023,2024-02-24,2,Coal,1.06
SEC_010,2024-03-30,5,Coal,0.96
SEC_009,2024-05-11,11,Cement,0.95
SEC_035,2024-12-05,2,Coal,1.11
SEC_037,2024-05-07,6,Other,1.07
SEC_011,2024-11-02,12,Foodgrain,1.34
SEC_035,2024-09-03,12,Other,1.05
SEC_049,2024-12-29,15,Foodgrain,1.17
SEC_027,2024-07-31,10,Steel,0.7
SEC_048,2024-04-26,4,Coal,1.02
SEC_008,2024-09-19,10,Foodgrain,1.04
SEC_020,2024-02-03,16,Other,1.25
SEC_028,2024-10-13,14,Other,1.3
SEC_018,2024-03-26,7,Foodgrain,1.35
SEC_005,2024-09-01,13,Other,1.0
SEC_023,2024-07-31,2,Coal,0.84
SEC_017,2024-03-29,6,Coal,1.04
SEC_010,2024-06-25,2,Coal,0.79
SEC_019,2024-07-02,6,Coal,0.78
SEC_021,2024-10-07,15,Coal,1.35
SEC_044,2024-06-19,7,Coal,0.8
SEC_025,2024-01-22,2,Cement,1.15
SEC_021,2024-01-28,10,Foodgrain,1.21
SEC_020,2024-08-31,5,Cement,0.8
SEC_030,2024-11-23,9,Cement,1.18
SEC_014,2024-06-08,2,Cement,0.75
SEC_043,2024-02-03,15,Coal,1.21
SEC_021,2024-03-03,5,Coal,1.0
SEC_021,2024-12-23,5,Cement,1.21
SEC_004,2024-09-14,7,Other,1.09
SEC_044,2024-01-12,12,Coal,1.13
SEC_024,2024-04-04,4,Cement,1.02
SEC_007,2024-09-24,13,Coal,0.97
SEC_009,2024-08-19,5,Coal,0.71
SEC_018,2024-04-15,18,Foodgrain,1.41
SEC_039,2024-09-11,9,Cement,1.05
SEC_005,2024-11-27,4,Foodgrain,1.33
SEC_006,2024-11-25,9,Foodgrain,1.29
SEC_028,2024-10-28,8,Steel,1.32
SEC_025,2024-05-09,15,Cement,1.09
SEC_047,2024-01-10,14,Steel,1.06
SEC_037,2024-05-23,12,Cement,0.96
SEC_033,2024-01-09,11,Steel,1.18
SEC_017,2024-07-27,7,Foodgrain,0.89
SEC_031,2024-08-08,9,Other,0.86
SEC_029,2024-05-05,3,Steel,1.06
SEC_014,2024-02-24,8,Other,1.12
SEC_019,2024-07-11,6,Coal,0.83
SEC_046,2024-01-06,11,Foodgrain,1.12
SEC_027,2024-04-11,7,Foodgrain,1.36
SEC_024,2024-12-20,3,Other,1.07
SEC_040,2024-11-30,15,Steel,1.17
SEC_014,2024-08-19,9,Foodgrain,0.81
SEC_011,2024-05-16,4,Foodgrain,1.08
SEC_049,2024-01-04,4,Coal,1.25
SEC_040,2024-08-25,9,Other,0.79
SEC_021,2024-06-28,9,Foodgrain,0.75
SEC_047,2024-09-18,5,Foodgrain,1.0
SEC_019,2024-02-27,3,Other,1.12
SEC_034,2024-10-30,6,Coal,1.24
SEC_002,2024-10-21,8,Cement,1.38
SEC_035,2024-06-05,10,Coal,0.87
SEC_009,2024-01-11,3,Other,1.13
SEC_012,2024-06-19,8,Other,0.76
SEC_040,2024-05-15,15,Foodgrain,1.04
SEC_011,2024-10-05,8,Steel,1.37
SEC_024,2024-03-28,7,Other,1.04
SEC_046,2024-01-07,6,Steel,1.08
SEC_047,2024-12-24,4,Cement,1.17
SEC_022,2024-03-29,16,Foodgrain,1.41
SEC_005,2024-01-29,15,Other,1.19
SEC_015,2024-11-09,4,Cement,1.2
SEC_031,2024-09-20,8,Other,0.96
SEC_017,2024-04-08,3,Cement,1.05
SEC_036,2024-06-23,2,Steel,0.78
SEC_049,2024-09-08,6,Other,0.96
SEC_031,2024-10-25,13,Cement,1.32
SEC_031,2024-05-16,4,Cement,0.97
SEC_026,2024-03-19,4,Steel,1.0
SEC_010,2024-01-06,4,Foodgrain,1.25
SEC_029,2024-11-09,17,Other,1.27
SEC_046,2024-10-25,14,Steel,1.35
SEC_034,2024-12-13,2,Foodgrain,1.07
SEC_037,2024-09-30,13,Steel,1.06
SEC_043,2024-03-18,13,Coal,0.97
SEC_019,2024-03-28,13,Cement,1.07
SEC_017,2024-03-29,3,Foodgrain,1.37
SEC_048,2024-06-16,8,Steel,0.85
SEC_023,2024-12-18,10,Coal,1.2
SEC_036,2024-09-09,6,Coal,0.99
SEC_032,2024-06-07,9,Foodgrain,0.86
SEC_007,2024-09-26,8,Steel,0.98
SEC_016,2024-11-01,5,Coal,1.16
SEC_016,2024-05-27,10,Foodgrain,1.01
SEC_009,2024-11-04,3,Other,1.28
SEC_039,2024-01-07,8,Other,1.11
SEC_048,2024-04-23,21,Foodgrain,1.47
SEC_048,2024-03-03,3,Foodgrain,1.41
SEC_010,2024-03-06,14,Other,1.09
SEC_023,2024-03-15,12,Cement,1.04
SEC_012,2024-05-14,6,Coal,1.08
SEC_004,2024-09-22,2,Foodgrain,0.99
SEC_031,2024-08-04,5,Steel,0.83
SEC_043,2024-06-10,7,Coal,0.71
SEC_004,2024-06-30,2,Other,0.81
SEC_032,2024-03-08,13,Foodgrain,1.33
SEC_002,2024-09-26,14,Cement,1.08
SEC_042,2024-10-03,14,Cement,1.28
SEC_004,2024-07-19,2,Coal,0.76
SEC_022,2024-10-25,8,Steel,1.3
SEC_007,2024-10-21,2,Other,1.24
SEC_021,2024-10-21,8,Steel,1.19
SEC_022,2024-02-08,11,Coal,1.22
SEC_027,2024-02-01,6,Cement,1.23
SEC_041,2024-06-09,2,Steel,0.72
SEC_049,2024-01-21,13,Other,1.2
SEC_017,2024-01-06,2,Cement,1.15
SEC_046,2024-02-17,13,Cement,1.18
SEC_021,2024-02-14,8,Cement,1.14
SEC_006,2024-04-29,3,Coal,1.02
SEC_030,2024-05-01,5,Cement,1.01
SEC_036,2024-10-26,12,Coal,1.35
SEC_015,2024-11-25,16,Coal,1.3
SEC_029,2024-03-03,6,Other,1.0
SEC_022,2024-05-19,7,Steel,1.06
SEC_008,2024-07-05,7,Cement,0.79
SEC_019,2024-04-10,3,Steel,1.05
SEC_021,2024-05-01,8,Cement,0.96
SEC_017,2024-09-02,14,Foodgrain,1.0
SEC_045,2024-06-04,7,Foodgrain,0.73
SEC_020,2024-09-14,10,Coal,1.06
SEC_031,2024-01-28,10,Foodgrain,1.19
SEC_001,2024-06-25,4,Cement,0.81
SEC_016,2024-04-23,14,Cement,1.05
SEC_044,2024-04-15,12,Other,1.02
SEC_044,2024-06-20,4,Foodgrain,0.7
SEC_048,2024-04-20,7,Other,1.04
SEC_003,2024-10-04,10,Cement,1.19
SEC_043,2024-03-08,14,Cement,0.98
SEC_014,2024-11-22,8,Coal,1.19
SEC_001,2024-05-12,2,Steel,0.99
SEC_005,2024-07-11,4,Foodgrain,0.87
SEC_037,2024-03-02,15,Foodgrain,1.33
SEC_030,2024-12-02,10,Foodgrain,1.24
SEC_029,2024-08-23,8,Other,0.8
SEC_044,2024-10-08,15,Foodgrain,1.18
SEC_005,2024-11-23,17,Coal,1.3
SEC_005,2024-12-30,6,Foodgrain,1.08
SEC_046,2024-04-03,8,Steel,0.96
SEC_030,2024-04-30,10,Coal,0.96
SEC_039,2024-03-29,4,Steel,1.01
SEC_026,2024-07-02,3,Coal,0.86
SEC_008,2024-11-24,13,Cement,1.32
SEC_026,2024-09-27,6,Foodgrain,0.96
SEC_048,2024-07-26,3,Other,0.79
SEC_006,2024-06-22,4,Coal,0.89
SEC_007,2024-09-24,10,Foodgrain,0.98
SEC_017,2024-06-20,5,Other,0.7
SEC_023,2024-11-21,2,Foodgrain,1.19
SEC_031,2024-07-23,2,Steel,0.83
SEC_008,2024-08-31,2,Cement,0.71
SEC_046,2024-09-05,11,Steel,1.04
SEC_008,2024-09-28,4,Other,0.98
SEC_010,2024-06-23,11,Cement,0.89
SEC_048,2024-05-21,13,Steel,1.08
SEC_019,2024-05-31,5,Coal,0.95
SEC_029,2024-12-09,16,Cement,1.15
SEC_022,2024-02-10,10,Other,1.07
SEC_013,2024-09-14,6,Other,0.97
SEC_025,2024-12-17,9,Cement,1.12
SEC_039,2024-01-27,3,Other,1.1
SEC_001,2024-08-14,7,Other,0.71
SEC_043,2024-08-05,4,Steel,0.77
SEC_010,2024-05-02,15,Other,1.09
SEC_045,2024-02-04,5,Coal,1.22
SEC_048,2024-09-05,4,Other,1.07
SEC_046,2024-07-10,7,Other,0.79
SEC_032,2024-10-02,12,Foodgrain,1.25
SEC_045,2024-02-02,16,Other,1.24
SEC_043,2024-12-08,15,Coal,1.19
SEC_032,2024-08-17,11,Coal,0.86
SEC_044,2024-06-10,9,Steel,0.84
SEC_017,2024-06-16,4,Coal,0.78
SEC_041,2024-12-14,3,Steel,1.1
SEC_046,2024-07-21,8,Coal,0.76
SEC_032,2024-07-31,9,Foodgrain,0.84
SEC_007,2024-08-25,4,Cement,0.71
SEC_011,2024-04-24,13,Coal,1.08
SEC_009,2024-04-01,7,Steel,0.98
SEC_027,2024-10-01,4,Cement,1.28
SEC_022,2024-04-26,3,Steel,0.95
SEC_041,2024-01-13,12,Steel,1.05
SEC_014,2024-06-25,12,Cement,0.86
SEC_009,2024-01-04,2,Steel,1.22
SEC_031,2024-07-26,6,Steel,0.81
SEC_007,2024-08-23,7,Other,0.74
SEC_045,2024-12-04,9,Other,1.17
SEC_004,2024-08-10,8,Other,0.86
SEC_025,2024-05-08,14,Foodgrain,1.07
SEC_047,2024-08-23,12,Coal,0.89
SEC_028,2024-08-04,10,Foodgrain,0.76
SEC_040,2024-09-28,6,Cement,0.98
SEC_021,2024-12-03,6,Other,1.07
SEC_037,2024-02-05,11,Coal,1.22
SEC_035,2024-09-19,8,Coal,0.97
SEC_026,2024-10-21,14,Steel,1.26
SEC_005,2024-04-30,9,Coal,1.0
SEC_048,2024-05-27,5,Coal,1.0
SEC_003,2024-05-31,7,Foodgrain,0.99
SEC_018,2024-05-16,8,Steel,1.01
SEC_032,2024-11-17,15,Foodgrain,1.38
SEC_038,2024-04-29,7,Other,0.96
SEC_027,2024-06-09,11,Foodgrain,0.78
SEC_020,2024-08-02,7,Foodgrain,0.87
SEC_020,2024-04-02,11,Other,1.07
SEC_048,2024-09-12,6,Cement,0.97
SEC_017,2024-07-10,2,Other,0.71
SEC_042,2024-03-03,5,Other,0.98
SEC_003,2024-03-09,10,Coal,1.03
SEC_033,2024-01-10,17,Other,1.18
SEC_034,2024-08-01,10,Coal,0.73
SEC_034,2024-10-20,15,Steel,1.21
SEC_021,2024-12-28,5,Foodgrain,1.19
SEC_034,2024-08-29,2,Cement,0.71
SEC_022,2024-12-20,7,Other,1.16
SEC_030,2024-12-27,2,Foodgrain,1.05
SEC_044,2024-08-12,12,Steel,0.89
SEC_033,2024-05-17,9,Steel,1.07
SEC_037,2024-11-20,10,Steel,1.3
SEC_048,2024-08-19,3,Steel,0.71
SEC_011,2024-10-25,14,Steel,1.15
SEC_029,2024-03-23,5,Cement,1.04
SEC_033,2024-12-13,4,Other,1.21
SEC_035,2024-06-06,7,Foodgrain,0.81
SEC_007,2024-11-15,5,Coal,1.17
SEC_038,2024-05-17,8,Cement,0.99
SEC_010,2024-11-25,17,Foodgrain,1.18
SEC_021,2024-09-03,2,Foodgrain,1.02
SEC_035,2024-03-25,5,Coal,1.05
SEC_013,2024-02-24,8,Cement,1.2
SEC_007,2024-02-27,16,Cement,1.14
SEC_034,2024-05-17,14,Steel,1.02
SEC_014,2024-01-17,6,Steel,1.2
SEC_041,2024-07-19,11,Foodgrain,0.9
SEC_045,2024-08-29,5,Foodgrain,0.84
SEC_018,2024-09-29,14,Cement,1.07
SEC_037,2024-12-07,14,Coal,1.17
SEC_011,2024-10-19,9,Foodgrain,1.25
SEC_046,2024-12-29,10,Coal,1.07
SEC_013,2024-08-08,6,Coal,0.89
SEC_044,2024-11-07,5,Coal,1.2
SEC_039,2024-10-10,6,Cement,1.3
SEC_016,2024-10-31,11,Other,1.17
SEC_041,2024-05-30,11,Other,1.03
SEC_031,2024-07-08,8,Cement,0.8
SEC_033,2024-11-30,5,Cement,1.29
SEC_019,2024-06-14,3,Coal,0.88
SEC_012,2024-08-09,8,Coal,0.9
SEC_035,2024-08-22,7,Steel,0.81
SEC_003,2024-03-08,8,Steel,1.06
SEC_018,2024-01-09,14,Foodgrain,1.09
SEC_007,2024-09-11,7,Cement,1.02
SEC_001,2024-10-17,8,Coal,1.19
SEC_001,2024-08-01,7,Coal,0.78
SEC_005,2024-08-28,9,Other,0.72
SEC_047,2024-01-25,10,Foodgrain,1.09
SEC_038,2024-03-03,10,Steel,0.98
SEC_049,2024-09-26,11,Other,0.98
SEC_005,2024-08-20,11,Cement,0.79
SEC_049,2024-03-13,2,Other,0.98
SEC_030,2024-08-07,6,Cement,0.71
SEC_039,2024-01-13,3,Foodgrain,1.1
SEC_043,2024-10-15,11,Other,1.2
SEC_013,2024-01-10,15,Other,1.23
SEC_037,2024-11-02,6,Cement,1.22
SEC_032,2024-03-22,13,Cement,1.06
SEC_021,2024-04-02,12,Coal,0.96
SEC_025,2024-12-04,15,Other,1.16
SEC_011,2024-10-25,15,Coal,1.37
SEC_010,2024-05-03,10,Coal,0.96
SEC_046,2024-03-07,18,Foodgrain,1.32
SEC_036,2024-02-10,16,Coal,1.21
SEC_028,2024-05-24,3,Coal,1.04
SEC_035,2024-07-31,4,Foodgrain,0.77
SEC_020,2024-06-29,5,Steel,0.77
SEC_013,2024-11-24,15,Coal,1.33
SEC_047,2024-10-21,10,Other,1.38
SEC_049,2024-04-05,8,Steel,0.98
SEC_011,2024-11-25,2,Steel,1.19
SEC_040,2024-06-18,2,Other,0.89
SEC_022,2024-01-07,12,Cement,1.17
SEC_035,2024-11-07,7,Steel,1.39
SEC_006,2024-09-26,7,Steel,1.0
SEC_024,2024-05-10,10,Other,0.95
SEC_007,2024-11-17,6,Coal,1.27
SEC_040,2024-11-27,12,Cement,1.15
SEC_020,2024-12-15,15,Coal,1.16
SEC_013,2024-11-29,11,Coal,1.37
SEC_035,2024-04-08,11,Coal,1.04
SEC_047,2024-07-23,7,Foodgrain,0.84
SEC_017,2024-03-04,11,Steel,1.01
SEC_036,2024-09-06,7,Cement,1.06
SEC_034,2024-07-01,11,Other,0.85
SEC_025,2024-11-17,12,Coal,1.32
SEC_040,2024-11-25,14,Cement,1.2
SEC_007,2024-04-26,12,Other,1.0
SEC_044,2024-04-25,9,Coal,0.98
SEC_020,2024-01-12,11,Foodgrain,1.19
SEC_003,2024-07-03,8,Coal,0.71
SEC_049,2024-05-20,6,Coal,1.05
SEC_038,2024-12-30,2,Other,1.06
SEC_040,2024-10-26,14,Steel,1.19
SEC_008,2024-06-15,3,Coal,0.87
SEC_037,2024-07-26,10,Other,0.81
SEC_035,2024-08-17,2,Steel,0.89
SEC_045,2024-11-26,3,Steel,1.27
SEC_019,2024-12-30,11,Other,1.19
SEC_046,2024-06-02,6,Cement,0.87
SEC_035,2024-05-14,9,Foodgrain,1.04
SEC_013,2024-09-17,10,Other,0.96
SEC_011,2024-04-09,2,Steel,0.99
SEC_045,2024-02-21,12,Cement,1.16
SEC_032,2024-04-13,13,Cement,0.98
SEC_006,2024-04-25,10,Foodgrain,1.49
SEC_007,2024-08-13,4,Steel,0.86
SEC_041,2024-09-26,5,Coal,0.99
SEC_009,2024-02-29,8,Foodgrain,1.19
SEC_011,2024-01-17,9,Other,1.23
SEC_031,2024-03-01,5,Coal,1.07
SEC_043,2024-11-29,8,Coal,1.4
SEC_017,2024-04-05,7,Other,0.96
SEC_033,2024-07-12,6,Other,0.81
SEC_035,2024-07-16,4,Foodgrain,0.72
SEC_030,2024-04-11,18,Foodgrain,1.42
SEC_034,2024-11-04,7,Coal,1.23
SEC_012,2024-01-24,7,Other,1.23
SEC_031,2024-07-12,2,Foodgrain,0.79
SEC_001,2024-05-31,13,Coal,1.06
SEC_036,2024-10-13,13,Steel,1.31
SEC_039,2024-03-13,2,Other,1.07
SEC_039,2024-12-16,7,Other,1.14
SEC_002,2024-10-17,2,Cement,1.23
SEC_045,2024-09-27,5,Coal,1.0
SEC_022,2024-06-30,8,Coal,0.77
SEC_004,2024-08-23,6,Steel,0.87
SEC_027,2024-03-17,13,Cement,1.0
SEC_029,2024-01-03,8,Cement,1.14
SEC_020,2024-09-29,4,Cement,0.99
SEC_037,2024-06-13,7,Steel,0.87
SEC_027,2024-05-09,13,Steel,0.99
SEC_011,2024-04-08,8,Steel,1.02
SEC_031,2024-08-15,10,Cement,0.84
SEC_013,2024-07-06,6,Cement,0.75
SEC_006,2024-09-04,3,Coal,1.01
SEC_014,2024-12-14,4,Cement,1.07
SEC_045,2024-11-01,6,Steel,1.19
SEC_029,2024-04-27,3,Steel,0.96
SEC_016,2024-03-29,8,Foodgrain,1.33
SEC_018,2024-02-28,6,Foodgrain,1.08
SEC_043,2024-07-27,6,Other,0.8
SEC_033,2024-10-29,7,Foodgrain,1.36
SEC_038,2024-04-02,7,Other,0.97
SEC_030,2024-12-28,12,Other,1.06
SEC_049,2024-06-06,5,Other,0.89
SEC_033,2024-10-12,15,Cement,1.37
SEC_020,2024-04-19,6,Other,0.96
SEC_013,2024-02-20,9,Foodgrain,1.05
SEC_003,2024-07-06,3,Steel,0.77
SEC_038,2024-07-20,11,Other,0.77
SEC_046,2024-06-24,4,Other,0.82
SEC_033,2024-05-28,8,Steel,1.0
SEC_024,2024-08-25,6,Other,0.71
SEC_007,2024-08-19,11,Foodgrain,0.83
SEC_032,2024-02-25,5,Steel,1.25
SEC_010,2024-09-01,10,Cement,0.97
SEC_031,2024-05-01,2,Steel,1.02
SEC_015,2024-10-22,7,Foodgrain,1.38
SEC_043,2024-07-01,7,Foodgrain,0.74
SEC_046,2024-03-28,10,Foodgrain,1.49
SEC_012,2024-03-06,5,Coal,0.96
SEC_016,2024-12-19,13,Coal,1.18
SEC_046,2024-09-20,5,Coal,1.01
SEC_001,2024-03-19,3,Cement,1.08
SEC_026,2024-07-02,6,Other,0.71
SEC_007,2024-02-15,14,Cement,1.17
SEC_022,2024-11-01,5,Foodgrain,1.2
SEC_002,2024-10-30,12,Other,1.32
SEC_007,2024-10-20,15,Coal,1.25
SEC_020,2024-06-18,11,Coal,0.89
SEC_003,2024-03-01,12,Other,1.06
SEC_040,2024-06-28,2,Other,0.77
SEC_029,2024-07-05,8,Foodgrain,0.88
SEC_023,2024-04-26,6,Coal,0.98
SEC_024,2024-05-18,3,Coal,0.97
SEC_042,2024-01-17,13,Cement,1.1
SEC_042,2024-07-10,9,Steel,0.79
SEC_003,2024-03-11,12,Foodgrain,1.49
SEC_034,2024-11-03,14,Cement,1.31
SEC_024,2024-10-05,17,Foodgrain,1.2
SEC_039,2024-08-08,9,Foodgrain,0.87
SEC_039,2024-03-23,4,Other,0.99
SEC_035,2024-09-01,7,Other,1.1
SEC_034,2024-12-29,9,Foodgrain,1.12
SEC_011,2024-08-18,2,Steel,0.83
SEC_042,2024-10-14,15,Coal,1.26
SEC_035,2024-11-25,7,Coal,1.36
SEC_014,2024-11-06,14,Foodgrain,1.36
SEC_012,2024-02-29,12,Other,1.24
SEC_025,2024-11-15,13,Foodgrain,1.33
SEC_017,2024-10-07,9,Other,1.17
SEC_034,2024-09-20,13,Cement,1.1
SEC_020,2024-03-24,3,Coal,1.02
SEC_009,2024-06-19,6,Steel,0.84
SEC_020,2024-11-26,8,Foodgrain,1.2
SEC_040,2024-12-01,4,Coal,1.24
SEC_041,2024-02-12,14,Coal,1.06
SEC_016,2024-06-05,8,Steel,0.76
SEC_039,2024-08-09,7,Other,0.7
SEC_005,2024-02-05,6,Cement,1.22
SEC_049,2024-03-31,10,Foodgrain,1.3
SEC_038,2024-08-06,3,Foodgrain,0.85
SEC_003,2024-08-28,11,Foodgrain,0.9
SEC_035,2024-02-08,12,Other,1.16
SEC_025,2024-06-04,8,Steel,0.78
SEC_044,2024-08-27,8,Steel,0.74
SEC_012,2024-12-28,5,Steel,1.07
SEC_044,2024-12-31,14,Foodgrain,1.23
SEC_043,2024-04-23,6,Steel,1.08
SEC_014,2024-09-04,7,Other,1.09
SEC_022,2024-07-21,2,Cement,0.72
SEC_032,2024-03-18,2,Steel,1.03
SEC_012,2024-07-04,3,Steel,0.84
SEC_049,2024-02-20,6,Foodgrain,1.17
SEC_010,2024-02-13,7,Other,1.06
SEC_012,2024-05-10,13,Other,1.03
SEC_025,2024-04-05,13,Foodgrain,1.49
SEC_024,2024-02-23,11,Coal,1.22
SEC_003,2024-01-19,2,Coal,1.24
SEC_045,2024-07-27,6,Foodgrain,0.77
SEC_012,2024-01-03,13,Cement,1.11
SEC_006,2024-10-13,7,Steel,1.22
SEC_026,2024-01-27,15,Other,1.24
SEC_046,2024-08-28,7,Coal,0.82
SEC_001,2024-02-24,5,Steel,1.06
SEC_024,2024-08-13,9,Cement,0.72
SEC_045,2024-02-22,14,Steel,1.15
SEC_044,2024-06-08,9,Coal,0.72
SEC_009,2024-08-29,4,Cement,0.87
SEC_031,2024-03-04,11,Other,1.03
SEC_041,2024-02-18,9,Coal,1.12
SEC_033,2024-08-21,10,Foodgrain,0.89
SEC_033,2024-08-22,9,Other,0.73
SEC_038,2024-06-02,1,Coal,0.7
SEC_023,2024-02-14,11,Coal,1.25
SEC_004,2024-04-21,9,Steel,1.03
SEC_032,2024-03-20,13,Foodgrain,1.34
SEC_031,2024-08-29,4,Other,0.82
SEC_042,2024-04-19,12,Foodgrain,1.33
SEC_046,2024-05-18,8,Steel,0.95
SEC_017,2024-04-05,15,Other,1.06
SEC_047,2024-03-02,4,Steel,1.1
SEC_001,2024-10-24,13,Steel,1.39
SEC_048,2024-06-25,2,Steel,0.8
SEC_007,2024-07-28,6,Coal,0.76
SEC_032,2024-04-15,13,Foodgrain,1.41
SEC_034,2024-02-02,10,Other,1.2
SEC_032,2024-09-25,10,Steel,0.98
SEC_049,2024-09-21,5,Coal,1.03
SEC_028,2024-01-18,15,Other,1.06
SEC_007,2024-11-20,6,Coal,1.16
SEC_030,2024-11-08,7,Coal,1.34
SEC_015,2024-11-06,4,Cement,1.4
SEC_030,2024-06-17,3,Coal,0.76
SEC_019,2024-09-10,6,Other,1.08
SEC_003,2024-01-06,11,Foodgrain,1.11
SEC_032,2024-08-07,4,Cement,0.84
SEC_005,2024-02-18,5,Steel,1.19
SEC_017,2024-11-28,11,Steel,1.18
SEC_031,2024-12-12,10,Cement,1.15
SEC_044,2024-02-25,13,Foodgrain,1.14
SEC_016,2024-07-15,8,Other,0.9
SEC_015,2024-08-04,10,Other,0.81
SEC_015,2024-10-08,4,Cement,1.2
SEC_029,2024-06-27,7,Cement,0.75
SEC_010,2024-11-19,13,Other,1.2
SEC_026,2024-05-06,12,Foodgrain,0.98
SEC_040,2024-04-27,15,Other,1.06
SEC_004,2024-09-23,4,Coal,1.01
SEC_048,2024-07-19,7,Coal,0.79
SEC_027,2024-01-30,8,Foodgrain,1.17
SEC_031,2024-08-26,12,Coal,0.86
SEC_031,2024-04-12,20,Foodgrain,1.4
SEC_047,2024-11-04,4,Cement,1.17
SEC_033,2024-11-02,6,Steel,1.27
SEC_044,2024-06-02,2,Other,0.9
SEC_015,2024-11-08,18,Other,1.28
SEC_011,2024-12-14,4,Other,1.1
SEC_032,2024-09-23,14,Cement,0.98
SEC_008,2024-08-10,6,Cement,0.79
SEC_006,2024-12-07,4,Cement,1.18
SEC_011,2024-11-15,9,Coal,1.32
SEC_014,2024-06-23,10,Other,0.78
SEC_005,2024-01-31,5,Cement,1.06
SEC_036,2024-08-07,2,Steel,0.86
SEC_029,2024-06-18,6,Cement,0.74
SEC_010,2024-05-13,10,Foodgrain,1.02
SEC_014,2024-03-06,6,Other,0.98
SEC_046,2024-09-19,4,Foodgrain,1.05
SEC_045,2024-11-29,10,Cement,1.26
SEC_007,2024-08-06,4,Coal,0.79
SEC_031,2024-03-27,11,Coal,1.07
SEC_016,2024-01-01,9,Other,1.14
SEC_018,2024-09-17,9,Cement,1.05
SEC_030,2024-02-27,11,Cement,1.09
SEC_049,2024-01-24,13,Foodgrain,1.06
SEC_029,2024-03-13,9,Cement,0.99
SEC_047,2024-03-14,20,Foodgrain,1.42
SEC_041,2024-05-04,7,Cement,1.01
SEC_039,2024-04-27,11,Cement,1.01
SEC_039,2024-03-13,4,Steel,1.0
SEC_039,2024-10-13,14,Other,1.27
SEC_013,2024-10-29,4,Other,1.27
SEC_048,2024-04-01,3,Cement,1.07
SEC_045,2024-05-14,13,Coal,1.0
SEC_030,2024-10-25,11,Coal,1.25
SEC_035,2024-12-14,14,Other,1.17
SEC_044,2024-10-15,11,Coal,1.39
SEC_008,2024-07-21,10,Other,0.89
SEC_004,2024-12-29,5,Steel,1.23
SEC_049,2024-09-23,13,Coal,1.02
SEC_028,2024-09-04,8,Cement,1.06
SEC_036,2024-01-11,2,Cement,1.15
SEC_025,2024-08-21,9,Cement,0.78
SEC_026,2024-04-15,13,Cement,1.06
SEC_002,2024-08-08,6,Foodgrain,0.72
SEC_015,2024-07-28,3,Steel,0.82
SEC_005,2024-02-10,11,Foodgrain,1.1
SEC_022,2024-06-17,2,Cement,0.83
SEC_002,2024-07-06,11,Cement,0.8
SEC_040,2024-01-18,4,Foodgrain,1.11
SEC_015,2024-11-07,5,Coal,1.2
SEC_037,2024-12-09,11,Foodgrain,1.1
SEC_003,2024-01-08,6,Foodgrain,1.06
SEC_002,2024-02-14,3,Cement,1.15
SEC_021,2024-02-16,15,Other,1.14
SEC_039,2024-06-10,2,Cement,0.8
SEC_040,2024-08-07,8,Steel,0.89
SEC_027,2024-03-29,10,Coal,0.99
SEC_031,2024-11-06,19,Steel,1.34
SEC_034,2024-04-23,14,Coal,1.02
SEC_034,2024-04-22,13,Cement,1.09
SEC_037,2024-08-03,4,Steel,0.89
SEC_002,2024-11-14,10,Coal,1.38
SEC_022,2024-04-01,12,Foodgrain,1.44
SEC_042,2024-05-03,3,Foodgrain,0.96
SEC_022,2024-05-03,7,Cement,1.01
SEC_008,2024-06-19,9,Other,0.88
SEC_033,2024-06-05,8,Coal,0.71
SEC_015,2024-12-14,6,Coal,1.2
SEC_026,2024-02-23,7,Other,1.12
SEC_026,2024-06-01,7,Other,0.78
SEC_035,2024-04-02,8,Steel,0.98
SEC_046,2024-08-07,2,Coal,0.81
SEC_034,2024-10-12,6,Steel,1.2
SEC_049,2024-12-08,2,Foodgrain,1.11
SEC_001,2024-06-09,2,Coal,0.89
SEC_039,2024-04-06,9,Coal,0.99
SEC_021,2024-12-18,14,Coal,1.17
SEC_036,2024-02-03,15,Cement,1.22
SEC_005,2024-02-18,12,Foodgrain,1.25
SEC_026,2024-12-16,11,Other,1.14
SEC_002,2024-11-20,5,Foodgrain,1.32
SEC_033,2024-07-23,3,Steel,0.85
SEC_011,2024-04-30,12,Steel,0.99
SEC_008,2024-12-19,11,Other,1.14
SEC_004,2024-12-16,2,Coal,1.1
SEC_014,2024-11-13,16,Cement,1.37
SEC_048,2024-10-09,6,Other,1.29
SEC_049,2024-08-05,10,Other,0.87
SEC_004,2024-05-16,9,Coal,0.99
SEC_049,2024-06-21,8,Cement,0.9
SEC_029,2024-07-17,8,Other,0.72
SEC_016,2024-06-24,8,Cement,0.77
SEC_047,2024-11-11,2,Other,1.25
SEC_012,2024-03-01,2,Other,0.99
SEC_009,2024-01-31,12,Other,1.22
SEC_012,2024-06-15,2,Cement,0.76
SEC_008,2024-03-16,2,Coal,1.1
SEC_024,2024-10-27,4,Other,1.34
SEC_007,2024-11-06,3,Cement,1.4
SEC_011,2024-12-27,16,Steel,1.22
SEC_019,2024-05-21,15,Cement,1.1
SEC_032,2024-12-17,6,Coal,1.24
SEC_043,2024-02-07,13,Other,1.16
SEC_004,2024-12-18,4,Cement,1.22
SEC_031,2024-03-31,3,Cement,0.97
SEC_006,2024-01-07,4,Steel,1.05
SEC_049,2024-10-29,10,Coal,1.24
SEC_014,2024-07-07,5,Foodgrain,0.75
SEC_042,2024-05-31,12,Steel,1.07
SEC_039,2024-03-14,13,Other,0.99
SEC_016,2024-06-01,8,Other,0.8
SEC_016,2024-08-13,10,Cement,0.74
SEC_016,2024-02-22,9,Cement,1.09
SEC_024,2024-12-12,7,Other,1.1
SEC_022,2024-09-21,6,Cement,0.96
SEC_033,2024-11-16,15,Steel,1.16
SEC_023,2024-01-17,3,Steel,1.12
SEC_039,2024-11-13,4,Steel,1.24
SEC_023,2024-11-12,9,Steel,1.18
SEC_016,2024-05-13,3,Steel,1.05
SEC_017,2024-07-27,6,Cement,0.79
SEC_036,2024-07-02,4,Other,0.89
SEC_007,2024-10-29,13,Steel,1.39
SEC_015,2024-04-13,12,Foodgrain,1.34
SEC_016,2024-12-02,9,Other,1.24
SEC_032,2024-07-21,5,Other,0.8
SEC_007,2024-01-01,2,Coal,1.2
SEC_023,2024-04-21,11,Steel,1.02
SEC_034,2024-02-22,6,Steel,1.16
SEC_046,2024-10-22,18,Steel,1.27
SEC_022,2024-05-29,8,Other,1.06
SEC_049,2024-06-18,3,Cement,0.82
SEC_030,2024-05-08,3,Coal,0.98
SEC_038,2024-09-13,6,Cement,1.02
SEC_012,2024-12-29,14,Foodgrain,1.18
SEC_045,2024-11-15,4,Foodgrain,1.18
SEC_013,2024-12-28,5,Cement,1.06
SEC_007,2024-04-19,8,Foodgrain,1.34
SEC_004,2024-08-31,7,Cement,0.85
SEC_033,2024-08-15,9,Foodgrain,0.75
SEC_031,2024-04-20,5,Other,1.04
SEC_010,2024-11-05,10,Other,1.2
SEC_044,2024-12-02,9,Coal,1.18
SEC_014,2024-12-13,13,Coal,1.22
SEC_030,2024-12-27,16,Steel,1.11
SEC_026,2024-02-29,5,Coal,1.24
SEC_030,2024-02-23,5,Coal,1.24
SEC_037,2024-09-06,5,Coal,0.96
SEC_046,2024-09-22,3,Other,1.06
SEC_036,2024-06-08,5,Foodgrain,0.85
SEC_045,2024-02-29,10,Cement,1.06
SEC_043,2024-04-14,7,Other,1.0
SEC_018,2024-02-16,2,Coal,1.18
SEC_028,2024-02-27,14,Cement,1.24
SEC_010,2024-03-09,3,Cement,1.0
SEC_046,2024-08-02,3,Other,0.89
SEC_048,2024-07-06,11,Other,0.81
SEC_044,2024-05-02,15,Cement,1.07
SEC_037,2024-07-17,6,Cement,0.8
SEC_042,2024-09-01,3,Foodgrain,0.99
SEC_039,2024-02-05,7,Foodgrain,1.19
SEC_012,2024-04-12,15,Foodgrain,1.35
SEC_013,2024-03-14,14,Other,1.05
SEC_027,2024-01-01,3,Other,1.09
SEC_021,2024-02-12,6,Steel,1.07
SEC_037,2024-10-07,5,Coal,1.19
SEC_037,2024-11-16,9,Steel,1.33
SEC_048,2024-02-29,16,Foodgrain,1.24
SEC_039,2024-10-07,2,Steel,1.25
SEC_001,2024-04-02,17,Foodgrain,1.32
SEC_017,2024-02-21,7,Foodgrain,1.16
SEC_017,2024-03-27,9,Other,1.01
SEC_032,2024-12-02,10,Foodgrain,1.05
SEC_017,2024-05-05,6,Coal,0.95
SEC_048,2024-09-28,13,Foodgrain,1.07
SEC_015,2024-06-26,10,Coal,0.74
SEC_022,2024-06-08,7,Coal,0.85
SEC_041,2024-10-24,16,Cement,1.22
SEC_018,2024-12-28,13,Steel,1.18
SEC_003,2024-08-25,4,Cement,0.71
SEC_017,2024-11-06,18,Coal,1.29
SEC_018,2024-02-23,6,Steel,1.22
SEC_030,2024-11-25,14,Foodgrain,1.39
SEC_035,2024-03-08,5,Foodgrain,1.33
SEC_027,2024-03-10,17,Foodgrain,1.34
SEC_020,2024-11-06,10,Foodgrain,1.23
SEC_025,2024-06-25,12,Steel,0.83
SEC_008,2024-04-01,8,Steel,0.95
SEC_009,2024-01-10,16,Foodgrain,1.2
SEC_030,2024-03-21,9,Foodgrain,1.43
SEC_043,2024-10-28,8,Cement,1.36
SEC_026,2024-01-02,4,Coal,1.17
SEC_003,2024-12-02,17,Foodgrain,1.24
SEC_049,2024-10-10,4,Cement,1.3
SEC_016,2024-03-15,4,Steel,0.98
SEC_037,2024-09-27,7,Steel,1.06
SEC_044,2024-07-08,12,Cement,0.87
SEC_049,2024-05-07,15,Cement,1.07
SEC_006,2024-07-03,4,Foodgrain,0.87
SEC_010,2024-01-03,4,Foodgrain,1.19
SEC_032,2024-11-18,8,Coal,1.32
SEC_038,2024-10-14,4,Coal,1.23
SEC_041,2024-03-06,10,Foodgrain,1.37
SEC_028,2024-02-06,12,Cement,1.16
SEC_008,2024-06-03,12,Steel,0.89
SEC_035,2024-06-17,2,Foodgrain,0.82
SEC_033,2024-10-09,13,Steel,1.18
SEC_023,2024-11-03,16,Coal,1.25
SEC_032,2024-01-24,13,Other,1.11
SEC_011,2024-03-30,5,Other,0.97
SEC_040,2024-08-02,8,Other,0.74
SEC_003,2024-05-18,6,Other,0.96
SEC_042,2024-12-28,5,Foodgrain,1.15
SEC_042,2024-08-29,3,Cement,0.81
SEC_034,2024-04-28,8,Steel,0.97
SEC_040,2024-09-03,5,Foodgrain,1.07
SEC_045,2024-06-06,9,Steel,0.9
SEC_008,2024-06-18,5,Cement,0.79
SEC_027,2024-09-18,2,Foodgrain,1.02
SEC_032,2024-06-07,4,Steel,0.75
SEC_047,2024-09-11,13,Coal,1.05
SEC_037,2024-06-02,4,Steel,0.79
SEC_030,2024-08-05,9,Foodgrain,0.78
SEC_028,2024-06-26,9,Foodgrain,0.86
SEC_008,2024-07-29,4,Other,0.7
SEC_016,2024-05-06,9,Cement,0.97
SEC_022,2024-02-13,13,Foodgrain,1.07
SEC_044,2024-04-03,8,Foodgrain,1.31
SEC_043,2024-05-10,5,Foodgrain,1.09
SEC_032,2024-04-25,12,Other,1.05
SEC_006,2024-06-03,2,Other,0.73
SEC_036,2024-06-23,10,Steel,0.75
SEC_023,2024-04-02,9,Foodgrain,1.35
SEC_032,2024-05-19,14,Steel,1.04
SEC_022,2024-04-13,10,Foodgrain,1.43
SEC_036,2024-08-02,11,Foodgrain,0.78
SEC_011,2024-06-23,6,Other,0.75
SEC_008,2024-08-18,4,Cement,0.74
SEC_011,2024-06-07,3,Coal,0.87
SEC_046,2024-12-30,5,Coal,1.07
SEC_004,2024-06-26,9,Other,0.85
SEC_015,2024-08-13,12,Steel,0.85
SEC_017,2024-06-10,3,Coal,0.77
SEC_041,2024-09-25,4,Cement,1.07
SEC_018,2024-07-23,3,Foodgrain,0.83
SEC_044,2024-02-05,5,Foodgrain,1.24
SEC_049,2024-09-23,3,Cement,1.04
SEC_032,2024-10-05,11,Steel,1.25
SEC_017,2024-05-27,7,Foodgrain,0.98
SEC_030,2024-07-05,7,Cement,0.78
SEC_033,2024-01-05,3,Cement,1.08
SEC_006,2024-11-13,3,Other,1.37
SEC_041,2024-10-11,11,Steel,1.38
SEC_022,2024-12-21,3,Foodgrain,1.11
SEC_042,2024-08-07,12,Cement,0.85
SEC_030,2024-03-25,10,Cement,1.01
SEC_043,2024-04-16,9,Other,1.0
SEC_005,2024-12-05,15,Coal,1.07
SEC_003,2024-01-16,15,Other,1.21
SEC_006,2024-09-02,7,Foodgrain,0.95
SEC_043,2024-01-25,12,Steel,1.21
SEC_049,2024-09-27,15,Steel,1.07
SEC_049,2024-07-31,8,Steel,0.82
SEC_017,2024-06-21,8,Other,0.76
SEC_013,2024-09-13,11,Coal,0.99
SEC_018,2024-05-09,14,Steel,1.04
SEC_041,2024-07-28,11,Cement,0.79
SEC_013,2024-10-19,12,Other,1.25
SEC_027,2024-06-16,10,Coal,0.88
SEC_032,2024-01-09,5,Foodgrain,1.08
SEC_018,2024-12-29,11,Foodgrain,1.09
SEC_024,2024-07-16,11,Foodgrain,0.76
SEC_033,2024-06-06,3,Cement,0.9
SEC_039,2024-01-28,2,Foodgrain,1.06
SEC_010,2024-02-03,4,Coal,1.21
SEC_026,2024-04-03,7,Steel,1.06
SEC_008,2024-12-03,11,Cement,1.17
SEC_001,2024-09-22,10,Steel,1.03
SEC_032,2024-05-31,2,Foodgrain,1.06
SEC_024,2024-10-03,11,Steel,1.25
SEC_013,2024-05-23,7,Foodgrain,1.05
SEC_003,2024-11-21,4,Cement,1.22
SEC_047,2024-04-29,13,Steel,0.98
SEC_041,2024-09-18,12,Cement,1.04
SEC_046,2024-06-08,6,Cement,0.7
SEC_006,2024-09-03,12,Other,0.99
SEC_001,2024-03-09,4,Foodgrain,1.3
SEC_011,2024-12-11,3,Coal,1.16
SEC_005,2024-04-14,13,Cement,0.98
SEC_023,2024-07-15,9,Cement,0.87
SEC_032,2024-09-08,11,Coal,1.01
SEC_010,2024-08-27,10,Coal,0.74
SEC_020,2024-07-21,2,Steel,0.83
SEC_027,2024-11-13,17,Foodgrain,1.29
SEC_016,2024-12-20,11,Foodgrain,1.21
SEC_023,2024-10-06,11,Coal,1.19
SEC_029,2024-03-08,11,Coal,1.09
SEC_047,2024-10-08,5,Other,1.35
SEC_016,2024-07-03,4,Cement,0.72
SEC_005,2024-07-15,7,Foodgrain,0.82
SEC_043,2024-12-10,12,Steel,1.19
SEC_029,2024-07-12,8,Foodgrain,0.71
SEC_024,2024-11-07,15,Other,1.23
SEC_036,2024-08-25,8,Steel,0.77
SEC_049,2024-02-01,6,Steel,1.14
SEC_007,2024-09-13,3,Foodgrain,1.04
SEC_043,2024-06-30,6,Coal,0.77
SEC_032,2024-07-18,2,Coal,0.8
SEC_029,2024-04-20,5,Other,1.01
SEC_043,2024-03-08,10,Cement,0.98
SEC_015,2024-09-29,14,Steel,0.97
SEC_039,2024-03-31,9,Foodgrain,1.48
SEC_028,2024-02-04,2,Foodgrain,1.09
SEC_046,2024-06-29,4,Coal,0.86
SEC_023,2024-09-17,13,Cement,1.06
SEC_036,2024-03-15,7,Coal,1.07
SEC_025,2024-05-12,11,Foodgrain,1.06
SEC_020,2024-06-03,4,Steel,0.82
SEC_019,2024-12-04,11,Foodgrain,1.1
SEC_046,2024-02-23,9,Foodgrain,1.14
SEC_042,2024-12-02,3,Foodgrain,1.15
SEC_012,2024-02-23,17,Steel,1.21
SEC_043,2024-07-30,2,Coal,0.82
SEC_029,2024-11-04,2,Coal,1.18
SEC_006,2024-11-26,5,Cement,1.31
SEC_038,2024-07-17,9,Coal,0.71
SEC_008,2024-06-29,3,Foodgrain,0.9
SEC_043,2024-10-12,10,Steel,1.25
SEC_023,2024-11-28,15,Cement,1.32
SEC_045,2024-01-05,15,Cement,1.09
SEC_024,2024-04-05,10,Coal,1.09
SEC_005,2024-04-14,3,Cement,1.07
SEC_038,2024-11-01,11,Cement,1.33
SEC_036,2024-01-07,9,Steel,1.16
SEC_015,2024-02-15,9,Other,1.25
SEC_011,2024-01-02,14,Foodgrain,1.25
SEC_043,2024-12-14,14,Coal,1.07
SEC_039,2024-01-12,8,Cement,1.1
SEC_015,2024-04-07,12,Foodgrain,1.37
SEC_035,2024-07-09,11,Steel,0.81
SEC_012,2024-05-07,12,Foodgrain,1.08
SEC_009,2024-02-03,2,Other,1.15
SEC_033,2024-05-31,15,Steel,1.09
SEC_041,2024-10-19,8,Cement,1.27
SEC_046,2024-04-15,10,Other,0.99
SEC_023,2024-07-07,8,Foodgrain,0.7
SEC_008,2024-06-20,10,Other,0.81
SEC_027,2024-03-30,4,Foodgrain,1.39
SEC_034,2024-01-01,12,Steel,1.15
SEC_048,2024-11-02,8,Foodgrain,1.16
SEC_006,2024-12-29,8,Coal,1.16
SEC_033,2024-07-05,4,Steel,0.79
SEC_026,2024-10-30,4,Steel,1.17
SEC_029,2024-05-08,4,Coal,1.04
SEC_005,2024-12-11,4,Coal,1.25
SEC_001,2024-07-26,10,Other,0.72
SEC_030,2024-10-19,4,Other,1.29
SEC_010,2024-09-03,13,Other,1.01
SEC_031,2024-12-04,11,Coal,1.21
SEC_002,2024-07-23,3,Other,0.9
SEC_040,2024-11-06,12,Steel,1.31
SEC_017,2024-12-07,12,Foodgrain,1.17
SEC_023,2024-10-05,12,Coal,1.38
SEC_017,2024-05-09,6,Other,0.98
SEC_021,2024-02-03,8,Other,1.16
SEC_026,2024-05-30,15,Cement,1.1
SEC_032,2024-09-10,5,Coal,0.96
SEC_034,2024-11-10,3,Foodgrain,1.35
SEC_049,2024-10-08,7,Steel,1.31
SEC_009,2024-08-21,8,Other,0.84
SEC_043,2024-07-15,6,Cement,0.71
SEC_030,2024-12-19,8,Other,1.15
SEC_016,2024-03-30,2,Other,1.05
SEC_045,2024-10-16,12,Foodgrain,1.34
SEC_035,2024-07-20,10,Steel,0.81
SEC_010,2024-07-06,7,Cement,0.7
SEC_009,2024-05-26,15,Cement,1.05
SEC_033,2024-08-20,6,Cement,0.78
SEC_036,2024-12-31,13,Other,1.19
SEC_003,2024-05-28,2,Cement,1.07
SEC_031,2024-02-11,14,Cement,1.23
SEC_027,2024-02-16,3,Foodgrain,1.12
SEC_048,2024-03-05,16,Foodgrain,1.47
SEC_037,2024-05-29,2,Coal,0.98
SEC_045,2024-01-02,10,Coal,1.21
SEC_002,2024-04-13,6,Other,1.0
SEC_038,2024-09-11,7,Coal,1.01
SEC_017,2024-09-05,13,Coal,0.96
SEC_028,2024-09-01,5,Cement,1.01
SEC_044,2024-09-01,7,Coal,1.1
SEC_043,2024-01-28,7,Foodgrain,1.11
SEC_012,2024-12-09,16,Steel,1.13
SEC_012,2024-04-18,18,Foodgrain,1.39
SEC_036,2024-01-30,12,Steel,1.15
SEC_044,2024-10-24,11,Coal,1.2
SEC_030,2024-06-20,9,Steel,0.76
SEC_003,2024-05-06,10,Cement,1.08
SEC_009,2024-05-25,14,Coal,1.03
SEC_037,2024-08-01,2,Steel,0.73
SEC_037,2024-07-12,3,Other,0.87
SEC_044,2024-01-06,12,Cement,1.11
SEC_027,2024-02-13,10,Foodgrain,1.21
SEC_021,2024-12-12,8,Foodgrain,1.06
SEC_006,2024-06-28,6,Other,0.83
SEC_039,2024-12-27,7,Coal,1.16
SEC_047,2024-08-28,5,Other,0.77
SEC_003,2024-09-26,9,Foodgrain,0.96
SEC_025,2024-04-24,12,Foodgrain,1.31
SEC_018,2024-11-02,5,Steel,1.28
SEC_037,2024-08-26,2,Steel,0.71
SEC_038,2024-10-02,11,Foodgrain,1.27
SEC_011,2024-04-07,5,Steel,1.02
SEC_047,2024-08-02,5,Steel,0.73
SEC_007,2024-05-15,13,Other,0.95
SEC_039,2024-11-28,12,Other,1.18
SEC_037,2024-11-28,15,Cement,1.38
SEC_008,2024-05-09,13,Steel,0.96
SEC_034,2024-01-10,2,Other,1.16
SEC_014,2024-04-01,10,Other,1.02
SEC_014,2024-04-09,4,Other,0.97
SEC_005,2024-01-08,9,Cement,1.22
SEC_037,2024-12-08,4,Steel,1.19
SEC_040,2024-06-19,2,Steel,0.87
SEC_025,2024-02-23,2,Other,1.2
SEC_039,2024-08-11,3,Coal,0.84
SEC_018,2024-05-25,9,Cement,0.96
SEC_028,2024-03-04,7,Foodgrain,1.48
SEC_039,2024-06-15,10,Foodgrain,0.77
SEC_022,2024-08-07,5,Coal,0.77
SEC_031,2024-08-26,8,Other,0.88
SEC_008,2024-03-23,14,Steel,1.09
SEC_025,2024-08-11,4,Foodgrain,0.81
SEC_042,2024-10-17,10,Foodgrain,1.24
SEC_038,2024-08-17,3,Steel,0.7
SEC_015,2024-12-14,12,Coal,1.11
SEC_027,2024-12-10,7,Coal,1.18
SEC_031,2024-06-30,6,Cement,0.83
SEC_046,2024-05-23,15,Cement,1.05
SEC_041,2024-06-16,10,Steel,0.73
SEC_041,2024-06-28,7,Cement,0.73
SEC_037,2024-03-04,7,Cement,0.97
SEC_018,2024-12-18,15,Steel,1.09
SEC_019,2024-07-26,9,Steel,0.8
SEC_023,2024-02-16,15,Steel,1.17
SEC_021,2024-11-26,6,Foodgrain,1.26
SEC_047,2024-12-13,6,Coal,1.08
SEC_043,2024-07-24,4,Other,0.87
SEC_044,2024-12-13,15,Foodgrain,1.23
SEC_030,2024-12-21,10,Cement,1.2
SEC_010,2024-12-14,9,Cement,1.09
SEC_008,2024-12-18,10,Steel,1.23
SEC_014,2024-01-25,5,Other,1.14
SEC_032,2024-01-12,7,Steel,1.18
SEC_018,2024-07-30,11,Coal,0.87
SEC_033,2024-09-30,11,Foodgrain,1.0
SEC_044,2024-11-02,4,Coal,1.27
SEC_017,2024-08-22,5,Other,0.87
SEC_046,2024-04-24,5,Coal,1.03
SEC_026,2024-12-07,15,Steel,1.08
SEC_040,2024-08-04,9,Other,0.82
SEC_003,2024-09-06,2,Steel,1.06
SEC_014,2024-04-03,7,Foodgrain,1.44
SEC_046,2024-10-04,13,Other,1.19
SEC_044,2024-02-17,9,Steel,1.22
SEC_028,2024-11-14,12,Steel,1.28
SEC_002,2024-11-07,18,Coal,1.35
SEC_003,2024-09-06,14,Other,1.03
SEC_021,2024-12-25,7,Coal,1.2
SEC_045,2024-11-29,7,Other,1.34
SEC_019,2024-01-26,9,Cement,1.08
SEC_044,2024-03-21,11,Steel,1.0
SEC_027,2024-02-14,10,Foodgrain,1.24
SEC_007,2024-04-27,13,Foodgrain,1.45
SEC_028,2024-08-03,9,Cement,0.74
SEC_018,2024-02-22,6,Steel,1.08
SEC_012,2024-02-01,16,Steel,1.11
SEC_034,2024-08-23,10,Coal,0.83
SEC_011,2024-08-19,9,Foodgrain,0.8
SEC_045,2024-05-14,12,Foodgrain,0.96
SEC_040,2024-09-20,7,Cement,1.09
SEC_039,2024-08-04,7,Other,0.81
SEC_004,2024-05-31,14,Steel,0.97
SEC_048,2024-01-25,14,Steel,1.06
SEC_025,2024-10-03,12,Steel,1.22
SEC_036,2024-08-16,6,Coal,0.81
SEC_010,2024-02-11,7,Coal,1.1
SEC_038,2024-03-09,6,Cement,0.96
SEC_016,2024-04-20,9,Cement,0.96
SEC_035,2024-03-06,8,Other,1.06
SEC_014,2024-10-22,6,Foodgrain,1.19
SEC_046,2024-12-07,13,Other,1.22
SEC_035,2024-02-02,14,Foodgrain,1.08
SEC_023,2024-03-28,14,Other,1.09
SEC_023,2024-04-14,11,Foodgrain,1.32
SEC_001,2024-12-28,6,Coal,1.12
SEC_015,2024-08-15,7,Coal,0.75
SEC_039,2024-12-15,12,Foodgrain,1.21
SEC_041,2024-03-31,3,Other,1.08
SEC_049,2024-01-25,3,Coal,1.13
SEC_005,2024-06-25,11,Cement,0.79
SEC_013,2024-10-26,8,Other,1.15
SEC_038,2024-11-02,9,Coal,1.25
SEC_018,2024-06-21,5,Foodgrain,0.77
SEC_013,2024-04-08,11,Other,1.04
SEC_014,2024-01-18,2,Steel,1.23
SEC_045,2024-06-08,8,Steel,0.82
SEC_043,2024-07-15,9,Foodgrain,0.75
SEC_001,2024-01-07,12,Foodgrain,1.19
SEC_042,2024-12-08,10,Steel,1.06
SEC_028,2024-09-16,2,Foodgrain,0.98
SEC_042,2024-04-29,12,Steel,1.04
SEC_031,2024-05-09,10,Cement,1.0
SEC_034,2024-05-10,11,Cement,0.99
SEC_029,2024-11-10,5,Coal,1.23
SEC_036,2024-09-21,3,Other,1.02
SEC_040,2024-02-02,11,Steel,1.22
SEC_025,2024-04-22,14,Foodgrain,1.43
SEC_006,2024-10-13,11,Other,1.24
SEC_005,2024-05-10,6,Cement,1.01
SEC_021,2024-10-24,13,Other,1.31
SEC_024,2024-07-04,4,Cement,0.74
SEC_043,2024-10-11,16,Other,1.36
SEC_002,2024-07-12,7,Foodgrain,0.9
SEC_044,2024-09-25,13,Coal,0.97
SEC_003,2024-06-06,4,Coal,0.79
SEC_025,2024-03-28,3,Foodgrain,1.45
SEC_021,2024-11-18,19,Coal,1.37
SEC_028,2024-06-01,6,Foodgrain,0.74
SEC_003,2024-01-04,9,Foodgrain,1.14
SEC_038,2024-05-21,3,Coal,0.96
SEC_007,2024-05-30,12,Other,0.97
SEC_039,2024-03-29,3,Coal,1.08
SEC_028,2024-11-17,5,Steel,1.16
SEC_044,2024-06-28,4,Other,0.74
SEC_048,2024-05-15,3,Coal,1.02
SEC_042,2024-09-12,5,Coal,0.99
SEC_023,2024-08-22,3,Other,0.88
SEC_021,2024-06-24,8,Steel,0.76
SEC_033,2024-12-22,11,Other,1.11
SEC_032,2024-12-22,7,Coal,1.13
SEC_039,2024-06-23,7,Coal,0.74
SEC_024,2024-09-16,6,Foodgrain,1.08
SEC_023,2024-01-20,14,Other,1.19
SEC_006,2024-06-11,2,Cement,0.86
SEC_009,2024-06-10,6,Cement,0.78
SEC_041,2024-05-27,11,Steel,1.01
SEC_049,2024-11-03,19,Coal,1.34
SEC_030,2024-08-01,8,Cement,0.83
SEC_017,2024-06-21,11,Coal,0.88
SEC_003,2024-06-07,10,Coal,0.8
SEC_003,2024-08-14,8,Foodgrain,0.83
SEC_034,2024-03-22,6,Steel,1.05
SEC_032,2024-03-30,3,Other,0.99
SEC_014,2024-07-09,8,Steel,0.86
SEC_010,2024-04-26,3,Cement,1.03
SEC_004,2024-09-03,10,Foodgrain,0.99
SEC_034,2024-11-25,5,Steel,1.35
SEC_030,2024-05-11,8,Other,1.01
SEC_017,2024-07-30,6,Cement,0.71
SEC_036,2024-04-13,3,Cement,0.97
SEC_042,2024-10-17,9,Foodgrain,1.27
SEC_026,2024-03-20,3,Steel,1.04
SEC_013,2024-07-10,1,Cement,0.73
SEC_001,2024-05-12,10,Other,1.03
SEC_039,2024-10-06,4,Steel,1.22
SEC_029,2024-03-30,8,Cement,1.02
SEC_018,2024-03-14,14,Other,0.97
SEC_001,2024-10-06,10,Foodgrain,1.31
SEC_040,2024-07-22,4,Coal,0.84
SEC_046,2024-08-21,11,Other,0.84
SEC_024,2024-10-17,18,Coal,1.28
SEC_014,2024-04-15,5,Cement,1.02
SEC_031,2024-03-29,8,Foodgrain,1.5
SEC_043,2024-12-29,17,Cement,1.2
SEC_029,2024-02-10,6,Cement,1.06
SEC_001,2024-08-24,2,Steel,0.9
SEC_010,2024-05-22,10,Coal,1.07
SEC_005,2024-02-22,9,Coal,1.13
SEC_021,2024-12-14,2,Steel,1.09
SEC_023,2024-10-30,10,Other,1.31
SEC_027,2024-03-22,14,Coal,0.97
SEC_038,2024-10-02,10,Cement,1.24
SEC_006,2024-10-07,16,Steel,1.37
SEC_047,2024-07-02,10,Other,0.88
SEC_013,2024-12-15,3,Foodgrain,1.12
SEC_026,2024-03-26,4,Cement,1.07
SEC_011,2024-01-27,16,Other,1.13
SEC_018,2024-10-23,12,Other,1.33
SEC_041,2024-05-10,11,Other,1.04
SEC_003,2024-02-15,13,Steel,1.09
SEC_024,2024-12-20,5,Other,1.07
SEC_029,2024-06-02,5,Steel,0.81
SEC_028,2024-11-12,17,Foodgrain,1.34
SEC_019,2024-10-26,15,Steel,1.29
SEC_019,2024-04-21,10,Other,1.07
SEC_045,2024-10-20,11,Coal,1.21
SEC_012,2024-06-20,9,Other,0.85
SEC_024,2024-08-18,7,Foodgrain,0.81
SEC_018,2024-04-14,5,Other,1.07
SEC_038,2024-01-03,2,Foodgrain,1.1
SEC_040,2024-03-10,6,Coal,1.05
SEC_042,2024-05-01,4,Coal,0.98
SEC_005,2024-07-19,5,Other,0.89
SEC_005,2024-11-08,18,Cement,1.27
SEC_019,2024-03-05,5,Coal,0.97
SEC_022,2024-09-21,13,Steel,1.07
SEC_004,2024-10-01,6,Foodgrain,1.24
SEC_044,2024-10-23,13,Foodgrain,1.17
SEC_044,2024-10-25,18,Coal,1.26
SEC_021,2024-01-24,2,Foodgrain,1.23
SEC_038,2024-03-20,12,Coal,1.0
SEC_028,2024-12-10,4,Steel,1.08
SEC_033,2024-08-19,7,Cement,0.72
SEC_043,2024-03-24,3,Cement,1.02
SEC_005,2024-12-30,11,Coal,1.08
SEC_012,2024-05-01,11,Foodgrain,1.03
SEC_021,2024-04-15,6,Steel,1.08
SEC_044,2024-11-03,16,Foodgrain,1.33
SEC_030,2024-12-17,4,Other,1.08
SEC_020,2024-05-28,8,Foodgrain,1.09
SEC_002,2024-08-24,5,Foodgrain,0.85
SEC_030,2024-08-23,7,Coal,0.81
SEC_014,2024-03-23,18,Foodgrain,1.37
SEC_017,2024-07-21,11,Cement,0.88
SEC_049,2024-01-21,17,Cement,1.19
SEC_026,2024-11-12,19,Other,1.35
SEC_007,2024-10-30,4,Cement,1.36
SEC_003,2024-02-27,9,Coal,1.14
SEC_020,2024-08-10,7,Coal,0.77
SEC_004,2024-02-05,9,Steel,1.17
SEC_022,2024-02-02,16,Other,1.16
SEC_021,2024-08-19,3,Other,0.79
SEC_044,2024-10-18,8,Cement,1.27
SEC_017,2024-11-05,10,Cement,1.16
SEC_014,2024-05-01,6,Cement,1.06
SEC_031,2024-12-03,15,Steel,1.09
SEC_032,2024-07-16,11,Cement,0.87
SEC_002,2024-05-26,4,Cement,0.96
SEC_005,2024-05-06,8,Coal,1.06
SEC_009,2024-09-25,14,Other,1.08
SEC_039,2024-05-15,10,Cement,0.96
SEC_011,2024-05-23,2,Steel,1.08
SEC_049,2024-05-21,2,Steel,0.99
SEC_022,2024-04-26,4,Cement,1.08
SEC_046,2024-05-25,5,Steel,0.99
SEC_013,2024-01-09,10,Other,1.24
SEC_021,2024-11-16,11,Foodgrain,1.32
SEC_007,2024-04-01,7,Coal,1.03
SEC_042,2024-06-12,5,Cement,0.77
SEC_030,2024-03-03,13,Other,1.03
SEC_004,2024-07-15,7,Steel,0.86
SEC_037,2024-04-08,14,Other,1.02
SEC_044,2024-03-03,12,Cement,0.95
SEC_034,2024-04-15,13,Cement,0.99
SEC_040,2024-11-27,12,Steel,1.21
SEC_014,2024-11-10,8,Foodgrain,1.39
SEC_022,2024-10-16,10,Steel,1.31
SEC_042,2024-03-15,11,Cement,0.97
SEC_030,2024-08-25,5,Other,0.78
SEC_030,2024-10-26,6,Cement,1.15
SEC_038,2024-08-25,8,Other,0.83
SEC_031,2024-11-10,3,Coal,1.37
SEC_007,2024-03-14,2,Cement,1.05
SEC_011,2024-06-18,6,Steel,0.79
SEC_039,2024-04-30,14,Foodgrain,1.39
SEC_012,2024-09-22,6,Coal,1.05
SEC_033,2024-02-16,14,Steel,1.17
SEC_024,2024-04-26,7,Steel,1.09
SEC_031,2024-09-14,11,Foodgrain,1.01
SEC_012,2024-01-07,13,Cement,1.14
SEC_016,2024-04-03,16,Foodgrain,1.32
SEC_034,2024-09-16,14,Other,1.07
SEC_009,2024-03-28,5,Steel,0.98
SEC_016,2024-08-09,6,Steel,0.87
SEC_049,2024-05-26,12,Foodgrain,1.06
SEC_008,2024-06-17,9,Cement,0.86
SEC_029,2024-05-11,2,Other,1.0
SEC_008,2024-11-24,18,Foodgrain,1.38
SEC_035,2024-09-20,6,Other,0.96
SEC_007,2024-09-23,14,Foodgrain,1.09
SEC_029,2024-10-16,8,Foodgrain,1.25
SEC_022,2024-06-04,9,Cement,0.71
SEC_034,2024-02-07,5,Coal,1.19
SEC_001,2024-01-20,9,Coal,1.15
SEC_026,2024-06-25,12,Steel,0.88
SEC_027,2024-11-16,14,Coal,1.37
SEC_012,2024-06-25,3,Foodgrain,0.74
SEC_015,2024-12-26,12,Steel,1.1
SEC_035,2024-07-10,9,Cement,0.73
SEC_028,2024-08-20,11,Other,0.82
SEC_029,2024-01-29,10,Foodgrain,1.08
SEC_046,2024-10-08,12,Other,1.31
SEC_020,2024-11-21,18,Cement,1.37
SEC_043,2024-07-04,3,Cement,0.74
SEC_048,2024-11-27,5,Other,1.33
SEC_029,2024-03-27,10,Foodgrain,1.44
SEC_011,2024-06-28,9,Other,0.74
SEC_021,2024-11-29,12,Cement,1.2
SEC_003,2024-08-08,6,Steel,0.78
SEC_035,2024-09-08,13,Foodgrain,0.98
SEC_014,2024-05-27,7,Cement,0.98
SEC_046,2024-07-19,8,Steel,0.75
SEC_032,2024-05-15,2,Cement,1.03
SEC_024,2024-09-06,10,Coal,1.08
SEC_010,2024-01-21,14,Cement,1.06
SEC_005,2024-07-06,12,Coal,0.83
SEC_033,2024-12-06,2,Coal,1.22
SEC_038,2024-01-22,8,Other,1.08
SEC_014,2024-06-14,12,Other,0.87
SEC_001,2024-08-29,6,Cement,0.81
SEC_016,2024-01-31,12,Other,1.13
SEC_038,2024-01-02,2,Cement,1.09
SEC_029,2024-03-01,10,Coal,1.09
SEC_005,2024-03-21,9,Other,1.03
SEC_006,2024-11-17,14,Steel,1.16
SEC_006,2024-02-27,16,Cement,1.25
SEC_038,2024-08-22,2,Other,0.71
SEC_039,2024-05-04,12,Cement,1.09
SEC_020,2024-07-15,9,Coal,0.89
SEC_034,2024-11-28,13,Cement,1.29
SEC_002,2024-11-10,9,Other,1.17
SEC_028,2024-01-30,11,Coal,1.22
SEC_014,2024-02-02,11,Other,1.08
SEC_041,2024-05-10,3,Coal,1.07
SEC_024,2024-10-23,13,Coal,1.39
SEC_042,2024-10-04,4,Foodgrain,1.19
SEC_028,2024-08-14,8,Cement,0.78
SEC_023,2024-11-11,16,Coal,1.17
SEC_047,2024-03-07,6,Coal,0.96
SEC_049,2024-09-26,14,Cement,1.01
SEC_023,2024-12-20,13,Coal,1.17
SEC_018,2024-12-19,7,Other,1.18
SEC_032,2024-09-17,9,Steel,1.03
SEC_009,2024-09-11,2,Other,0.98
SEC_019,2024-03-22,9,Cement,0.96
SEC_042,2024-09-29,3,Steel,0.97
SEC_044,2024-03-31,14,Cement,1.09
SEC_021,2024-06-03,4,Steel,0.9
SEC_020,2024-02-12,11,Foodgrain,1.23
SEC_043,2024-04-20,7,Other,0.96
SEC_010,2024-01-28,7,Other,1.24
SEC_003,2024-06-18,8,Other,0.76
SEC_004,2024-01-27,11,Coal,1.1
SEC_006,2024-10-08,18,Steel,1.35
SEC_044,2024-08-27,4,Coal,0.74
SEC_002,2024-08-25,3,Other,0.86
SEC_017,2024-09-14,15,Cement,1.08
SEC_030,2024-10-09,10,Other,1.19
SEC_030,2024-09-04,10,Coal,0.99
SEC_041,2024-08-17,7,Steel,0.73
SEC_049,2024-03-07,8,Cement,0.95
SEC_020,2024-09-25,5,Steel,1.05
SEC_012,2024-06-27,9,Steel,0.8
SEC_005,2024-02-26,15,Other,1.08
SEC_044,2024-06-24,11,Foodgrain,0.89
SEC_019,2024-04-28,9,Cement,1.09
SEC_045,2024-03-13,5,Cement,0.98
SEC_018,2024-07-24,4,Cement,0.77
SEC_038,2024-11-23,5,Cement,1.18
SEC_032,2024-01-07,5,Other,1.13
SEC_035,2024-02-19,3,Foodgrain,1.16
SEC_032,2024-11-29,10,Other,1.15
SEC_016,2024-09-09,5,Coal,1.07
SEC_006,2024-03-28,5,Coal,1.06
SEC_001,2024-05-15,8,Steel,0.99
SEC_021,2024-02-02,6,Foodgrain,1.17
SEC_044,2024-11-04,14,Steel,1.15
SEC_032,2024-08-31,3,Other,0.89
SEC_034,2024-03-25,2,Coal,1.02
SEC_013,2024-03-11,13,Coal,1.07
SEC_024,2024-09-09,12,Cement,0.95
SEC_020,2024-07-24,7,Coal,0.82
SEC_007,2024-10-01,8,Coal,1.35
SEC_031,2024-04-01,14,Other,0.97
SEC_018,2024-12-29,4,Other,1.19
SEC_020,2024-03-01,7,Cement,1.01
SEC_030,2024-03-06,6,Steel,0.95
SEC_002,2024-09-26,15,Coal,1.04
SEC_046,2024-07-25,3,Steel,0.83
SEC_011,2024-05-22,14,Coal,0.99
SEC_034,2024-09-26,12,Steel,1.06
SEC_039,2024-07-29,6,Other,0.8
SEC_008,2024-05-27,3,Steel,1.07
SEC_013,2024-03-20,5,Steel,1.09
SEC_021,2024-09-19,7,Steel,1.02
SEC_041,2024-07-21,6,Coal,0.78
SEC_032,2024-11-23,9,Other,1.17
SEC_023,2024-06-03,7,Other,0.83
SEC_042,2024-04-07,7,Steel,0.96
SEC_024,2024-01-19,6,Other,1.22
SEC_044,2024-04-09,10,Steel,1.02
SEC_038,2024-09-22,9,Foodgrain,1.01
SEC_009,2024-04-15,2,Other,0.96
SEC_019,2024-07-21,7,Cement,0.75
SEC_002,2024-03-19,6,Other,1.06
SEC_012,2024-12-05,8,Foodgrain,1.15
SEC_002,2024-11-26,9,Cement,1.29
SEC_006,2024-10-22,15,Steel,1.35
SEC_001,2024-09-25,11,Cement,0.97
SEC_033,2024-07-28,2,Other,0.73
SEC_021,2024-01-04,17,Coal,1.18
SEC_024,2024-01-16,6,Foodgrain,1.2
SEC_038,2024-06-11,5,Steel,0.78
SEC_040,2024-10-02,9,Cement,1.29
SEC_027,2024-02-17,11,Foodgrain,1.17
SEC_023,2024-07-19,2,Foodgrain,0.78
SEC_032,2024-12-15,7,Steel,1.21
SEC_021,2024-11-01,11,Foodgrain,1.22
SEC_022,2024-07-20,9,Steel,0.89
SEC_015,2024-07-30,11,Steel,0.79
SEC_010,2024-01-23,12,Coal,1.12
SEC_010,2024-01-01,14,Foodgrain,1.11
SEC_033,2024-04-25,2,Cement,1.06
SEC_041,2024-10-25,13,Cement,1.31
SEC_021,2024-01-03,4,Steel,1.08
SEC_005,2024-10-19,5,Other,1.25
SEC_030,2024-04-04,20,Foodgrain,1.41
SEC_045,2024-02-06,7,Other,1.2
SEC_026,2024-02-05,2,Other,1.11
SEC_002,2024-09-07,9,Coal,0.99
SEC_005,2024-01-17,9,Coal,1.14
SEC_026,2024-07-11,6,Foodgrain,0.8
SEC_043,2024-12-08,5,Other,1.2
SEC_003,2024-08-03,5,Steel,0.83
SEC_037,2024-05-02,9,Cement,1.08
SEC_039,2024-11-21,8,Cement,1.28
SEC_003,2024-01-27,13,Cement,1.11
SEC_011,2024-04-01,12,Other,0.99
SEC_001,2024-03-03,12,Foodgrain,1.5
SEC_028,2024-01-05,2,Cement,1.23
SEC_009,2024-12-15,16,Cement,1.21
SEC_045,2024-03-17,4,Steel,1.05
SEC_005,2024-01-27,3,Foodgrain,1.06
SEC_032,2024-11-30,3,Cement,1.29
SEC_039,2024-12-18,6,Other,1.17
SEC_009,2024-03-18,6,Coal,1.08
SEC_013,2024-05-27,6,Steel,1.04
SEC_040,2024-09-03,10,Coal,1.04
SEC_005,2024-06-05,9,Coal,0.78
SEC_022,2024-10-16,3,Steel,1.29
SEC_013,2024-04-01,10,Other,1.07
SEC_001,2024-10-24,15,Steel,1.18
SEC_023,2024-07-23,11,Other,0.85
SEC_024,2024-01-04,4,Foodgrain,1.09
SEC_018,2024-08-15,1,Coal,0.71
SEC_040,2024-01-04,17,Steel,1.2
SEC_005,2024-11-05,2,Cement,1.23
SEC_022,2024-12-27,14,Cement,1.08
SEC_009,2024-02-26,10,Steel,1.12
SEC_038,2024-07-12,2,Coal,0.79
SEC_028,2024-05-03,4,Cement,0.99
SEC_035,2024-01-24,15,Foodgrain,1.09
SEC_006,2024-09-05,6,Cement,0.98
SEC_023,2024-01-10,2,Steel,1.15
SEC_003,2024-01-09,12,Coal,1.07
SEC_016,2024-10-23,14,Steel,1.25
SEC_047,2024-04-13,11,Steel,1.1
SEC_036,2024-11-27,3,Foodgrain,1.26
SEC_004,2024-08-05,2,Foodgrain,0.89
SEC_019,2024-07-10,5,Coal,0.77
SEC_043,2024-05-29,6,Foodgrain,0.97
SEC_009,2024-05-16,9,Steel,1.0
SEC_038,2024-03-23,11,Foodgrain,1.41
SEC_016,2024-09-14,14,Cement,1.04
SEC_024,2024-08-09,3,Foodgrain,0.71
SEC_043,2024-01-09,10,Steel,1.19
SEC_033,2024-04-28,10,Other,1.04
SEC_014,2024-11-25,4,Cement,1.26
SEC_001,2024-06-29,6,Other,0.81
SEC_012,2024-04-03,8,Steel,1.09
SEC_021,2024-03-25,2,Cement,1.1
SEC_007,2024-03-10,12,Cement,1.09
SEC_044,2024-11-11,6,Other,1.38
SEC_003,2024-04-23,6,Coal,1.0
SEC_027,2024-04-18,5,Steel,0.96
SEC_048,2024-01-24,4,Other,1.08
SEC_017,2024-11-21,2,Foodgrain,1.19
SEC_027,2024-05-22,4,Coal,1.0
SEC_004,2024-09-14,10,Coal,1.05
SEC_036,2024-09-18,13,Other,0.98
SEC_048,2024-05-08,15,Other,1.05
SEC_038,2024-07-01,7,Steel,0.83
SEC_008,2024-02-07,6,Foodgrain,1.05
SEC_018,2024-09-01,12,Cement,1.01
SEC_036,2024-09-03,4,Foodgrain,1.07
SEC_040,2024-03-19,7,Steel,1.09
SEC_020,2024-03-12,13,Cement,1.05
SEC_048,2024-05-25,14,Coal,1.01
SEC_010,2024-09-10,11,Steel,0.99
SEC_037,2024-07-09,5,Coal,0.73
SEC_025,2024-01-23,8,Other,1.09
SEC_035,2024-07-28,5,Coal,0.77
SEC_030,2024-09-15,9,Other,0.96
SEC_022,2024-03-09,6,Foodgrain,1.42
SEC_040,2024-06-11,10,Coal,0.88
SEC_042,2024-10-22,5,Foodgrain,1.2
SEC_041,2024-04-28,10,Steel,1.06
SEC_005,2024-02-03,12,Foodgrain,1.23
SEC_021,2024-12-04,13,Other,1.08
SEC_037,2024-02-05,14,Cement,1.11
SEC_043,2024-01-23,6,Coal,1.11
SEC_018,2024-04-01,8,Coal,1.09
SEC_037,2024-10-02,4,Cement,1.18
SEC_028,2024-08-27,9,Cement,0.87
SEC_011,2024-03-27,12,Foodgrain,1.49
SEC_044,2024-01-29,13,Cement,1.06
SEC_022,2024-12-15,4,Steel,1.21
SEC_030,2024-01-03,15,Steel,1.24
SEC_015,2024-12-04,8,Foodgrain,1.09
SEC_002,2024-06-21,6,Cement,0.78
SEC_023,2024-03-12,6,Other,1.05
SEC_036,2024-05-06,4,Steel,0.96
SEC_017,2024-04-23,14,Cement,1.0
SEC_046,2024-02-27,13,Foodgrain,1.18
SEC_037,2024-06-07,6,Other,0.76
SEC_032,2024-08-28,7,Other,0.81
SEC_040,2024-06-21,5,Coal,0.76
SEC_043,2024-08-22,2,Cement,0.8
SEC_036,2024-12-21,9,Coal,1.05
SEC_041,2024-02-14,12,Foodgrain,1.09
SEC_035,2024-09-27,8,Steel,1.0
SEC_043,2024-03-25,3,Steel,1.03
SEC_006,2024-01-07,13,Steel,1.07
SEC_017,2024-05-13,7,Foodgrain,1.05
SEC_044,2024-05-24,12,Other,1.1
SEC_024,2024-12-28,9,Foodgrain,1.1
SEC_001,2024-05-06,5,Other,1.05
SEC_042,2024-10-08,6,Other,1.22
SEC_033,2024-12-08,2,Steel,1.18
SEC_045,2024-05-03,2,Other,1.01
SEC_001,2024-03-06,3,Steel,1.01
SEC_008,2024-12-19,4,Coal,1.17
SEC_026,2024-06-16,2,Steel,0.85
SEC_009,2024-06-15,4,Foodgrain,0.77
SEC_026,2024-09-23,5,Coal,1.01
SEC_017,2024-05-19,10,Foodgrain,1.07
SEC_011,2024-07-17,8,Foodgrain,0.73
SEC_038,2024-12-11,2,Cement,1.2
SEC_002,2024-01-18,16,Other,1.12
SEC_043,2024-09-26,8,Coal,1.05
SEC_008,2024-05-25,6,Other,1.1
SEC_029,2024-07-19,8,Other,0.77
SEC_049,2024-11-29,14,Coal,1.2
SEC_006,2024-08-07,6,Cement,0.8
SEC_046,2024-06-02,5,Steel,0.72
SEC_015,2024-12-22,9,Coal,1.24
SEC_037,2024-08-09,3,Cement,0.81
SEC_042,2024-02-25,15,Coal,1.09
