task_id,department,section_id,location_reference_type,location_reference_id,start_km,end_km,defect_type,severity_class,logged_date,target_completion_date,deferred_count,status,overdue_days,required_resource_type,estimated_duration_minutes,gps_latitude,gps_longitude,mapped_chainage_km,spatial_mapping_method,spatial_mapping_confidence,srs,seasonal_risk_score,live_weather_severity,live_weather_risk_score,weather_maintenance_suitability,seasonal_risk_factor,criticality_score,priority_rank,priority_band,cluster_id,cluster_size,departments_involved,integrated_block_candidate,spatial_overlap_score,traffic_feasible,machine_feasible,crew_feasible,time_feasible,spatially_feasible,weather_feasible,overall_feasible,rejection_reason
TMS_TASK_012884,Engineering,SEC_045,CHAINAGE,TMS_TASK_012884,177.887,177.984,Deep Screening Overdue,B,2024-09-15,2024-10-01,4,Deferred,91,Ballast Cleaning Machine,240,10.966485,78.949703,177.935,LINEAR_SEGMENT_INTERPOLATION,0.98,33.2,33.2,5.3,5.3,0.84,0.33,81.11,28211,Critical,CLUST_SEC_045_0001,152,Engineering,True,1.0,True,True,True,True,True,True,True,NONE
TMS_TASK_028306,Engineering,SEC_045,CHAINAGE,TMS_TASK_028306,178.027,178.15,Rail Fracture Risk,B,2024-08-04,2024-08-14,0,Completed,139,Engineering crew,180,10.966485,78.949703,178.089,LINEAR_SEGMENT_INTERPOLATION,0.98,33.2,33.2,5.3,5.3,0.84,0.33,63.22,40989,High,CLUST_SEC_045_0001,152,Engineering,True,1.0,True,True,True,True,True,True,True,NONE
TMS_TASK_010702,Engineering,SEC_045,CHAINAGE,TMS_TASK_010702,177.884,178.331,Ballast Issue,C,2024-12-31,2025-02-01,4,Open,0,Ballast Cleaning Machine,120,10.966485,78.949703,178.107,LINEAR_SEGMENT_INTERPOLATION,0.98,33.2,33.2,5.3,5.3,0.84,0.33,32.42,77526,Medium,CLUST_SEC_045_0001,152,Engineering,True,1.0,True,True,True,True,True,True,True,NONE
TMS_TASK_012684,Engineering,SEC_045,CHAINAGE,TMS_TASK_012684,178.079,178.266,Weld Failure,B,2024-10-14,2024-10-26,0,In-Progress,66,Engineering crew,120,10.966485,78.949703,178.173,LINEAR_SEGMENT_INTERPOLATION,0.98,33.2,33.2,5.3,5.3,0.84,0.33,63.22,40989,High,CLUST_SEC_045_0001,152,Engineering,True,1.0,True,True,True,True,True,True,True,NONE
TMS_TASK_003750,Engineering,SEC_045,CHAINAGE,TMS_TASK_003750,178.026,178.382,Deep Screening Overdue,C,2024-09-29,2024-10-25,0,In-Progress,67,Ballast Cleaning Machine,240,10.966485,78.949703,178.204,LINEAR_SEGMENT_INTERPOLATION,0.98,33.2,33.2,5.3,5.3,0.84,0.33,48.3,68883,Medium,CLUST_SEC_045_0001,152,Engineering,True,1.0,True,True,True,True,True,True,True,NONE
TMS_TASK_023637,Engineering,SEC_045,CHAINAGE,TMS_TASK_023637,178.181,178.324,Ballast Issue,C,2024-04-05,2024-05-05,2,Open,240,Ballast Cleaning Machine,120,10.966485,78.949703,178.252,LINEAR_SEGMENT_INTERPOLATION,0.98,33.2,33.2,5.3,5.3,0.84,0.33,56.54,64416,High,CLUST_SEC_045_0001,152,Engineering,True,1.0,True,True,True,True,True,True,True,NONE
TMS_TASK_022089,Engineering,SEC_045,CHAINAGE,TMS_TASK_022089,177.871,178.632,Ballast Issue,C,2024-09-26,2024-10-31,0,Deferred,61,Ballast Cleaning Machine,120,10.966485,78.949703,178.252,LINEAR_SEGMENT_INTERPOLATION,0.98,33.2,33.2,5.3,5.3,0.84,0.33,48.3,68883,Medium,CLUST_SEC_045_0001,152,Engineering,True,1.0,True,True,True,True,True,True,True,NONE
TMS_TASK_021293,Engineering,SEC_045,CHAINAGE,TMS_TASK_021293,178.161,178.351,Rail Fracture Risk,B,2024-03-31,2024-04-07,0,Completed,268,Engineering crew,180,10.966485,78.949703,178.256,LINEAR_SEGMENT_INTERPOLATION,0.98,33.2,33.2,5.3,5.3,0.84,0.33,63.22,40989,High,CLUST_SEC_045_0001,152,Engineering,True,1.0,True,True,True,True,True,True,True,NONE
TMS_TASK_002894,Engineering,SEC_045,CHAINAGE,TMS_TASK_002894,177.927,178.628,Track Parameter Deviation,C,2024-08-25,2024-09-19,3,Deferred,103,Tamping Machine,90,10.966485,78.949703,178.277,LINEAR_SEGMENT_INTERPOLATION,0.98,33.2,33.2,5.3,5.3,0.84,0.33,60.98,62305,High,CLUST_SEC_045_0001,152,Engineering,True,1.0,True,True,True,True,True,True,True,NONE
TMS_TASK_000840,Engineering,SEC_045,CHAINAGE,TMS_TASK_000840,177.846,178.766,Rail Fracture Risk,C,2024-03-18,2024-04-01,4,Deferred,274,Engineering crew,180,10.966485,78.949703,178.306,LINEAR_SEGMENT_INTERPOLATION,0.98,33.2,33.2,5.3,5.3,0.84,0.33,65.79,39346,High,CLUST_SEC_045_0001,152,Engineering,True,1.0,True,True,True,True,True,True,True,NONE
TMS_TASK_017813,Engineering,SEC_045,CHAINAGE,TMS_TASK_017813,178.133,178.503,Deep Screening Overdue,B,2024-10-28,2024-11-17,4,In-Progress,44,Ballast Cleaning Machine,240,10.966485,78.949703,178.318,LINEAR_SEGMENT_INTERPOLATION,0.98,33.2,33.2,5.3,5.3,0.84,0.33,81.11,28211,Critical,CLUST_SEC_045_0001,152,Engineering,True,1.0,True,True,True,True,True,True,True,NONE
TMS_TASK_007170,Engineering,SEC_045,CHAINAGE,TMS_TASK_007170,177.915,178.725,Track Parameter Deviation,B,2024-03-31,2024-04-16,3,In-Progress,259,Tamping Machine,90,10.966485,78.949703,178.32,LINEAR_SEGMENT_INTERPOLATION,0.98,33.2,33.2,5.3,5.3,0.84,0.33,76.62,30945,Critical,CLUST_SEC_045_0001,152,Engineering,True,1.0,True,True,True,True,True,True,True,NONE
TMS_TASK_013856,Engineering,SEC_045,CHAINAGE,TMS_TASK_013856,178.227,178.424,Weld Failure,C,2024-08-13,2024-09-19,4,Deferred,103,Engineering crew,120,10.966485,78.949703,178.326,LINEAR_SEGMENT_INTERPOLATION,0.98,33.2,33.2,5.3,5.3,0.84,0.33,65.79,39346,High,CLUST_SEC_045_0001,152,Engineering,True,1.0,True,True,True,True,True,True,True,NONE
TMS_TASK_002796,Engineering,SEC_045,CHAINAGE,TMS_TASK_002796,178.009,178.644,Track Parameter Deviation,A,2024-06-29,2024-07-01,0,Completed,183,Tamping Machine,90,10.966485,78.949703,178.327,LINEAR_SEGMENT_INTERPOLATION,0.98,33.2,33.2,5.3,5.3,0.84,0.33,83.65,3477,Critical,CLUST_SEC_045_0001,152,Engineering,True,1.0,True,True,True,True,True,True,True,NONE
TMS_TASK_008942,Engineering,SEC_045,CHAINAGE,TMS_TASK_008942,178.1,178.555,Weld Failure,A,2024-11-28,2024-12-03,0,In-Progress,28,Engineering crew,120,10.966485,78.949703,178.327,LINEAR_SEGMENT_INTERPOLATION,0.98,33.2,33.2,5.3,5.3,0.84,0.33,81.05,30520,Critical,CLUST_SEC_045_0001,152,Engineering,True,1.0,True,True,True,True,True,True,True,NONE
TMS_TASK_026574,Engineering,SEC_045,CHAINAGE,TMS_TASK_026574,178.031,178.645,Deep Screening Overdue,B,2024-12-06,2024-12-23,2,Deferred,8,Ballast Cleaning Machine,240,10.966485,78.949703,178.338,LINEAR_SEGMENT_INTERPOLATION,0.98,33.2,33.2,5.3,5.3,0.84,0.33,47.85,75442,Medium,CLUST_SEC_045_0001,152,Engineering,True,1.0,True,True,True,True,True,True,True,NONE
TMS_TASK_023191,Engineering,SEC_045,CHAINAGE,TMS_TASK_023191,178.312,178.371,Rail Fracture Risk,A,2024-08-17,2024-08-18,0,In-Progress,135,Engineering crew,180,10.966485,78.949703,178.341,LINEAR_SEGMENT_INTERPOLATION,0.98,33.2,33.2,5.3,5.3,0.84,0.33,83.65,3477,Critical,CLUST_SEC_045_0001,152,Engineering,True,1.0,True,True,True,True,True,True,True,NONE
TMS_TASK_005461,Engineering,SEC_045,CHAINAGE,TMS_TASK_005461,178.085,178.596,Track Parameter Deviation,B,2024-07-02,2024-07-13,0,Completed,171,Tamping Machine,90,10.966485,78.949703,178.341,LINEAR_SEGMENT_INTERPOLATION,0.98,33.2,33.2,5.3,5.3,0.84,0.33,63.22,40989,High,CLUST_SEC_045_0001,152,Engineering,True,1.0,True,True,True,True,True,True,True,NONE
TMS_TASK_025471,Engineering,SEC_045,CHAINAGE,TMS_TASK_025471,178.264,178.419,Ballast Issue,C,2024-01-15,2024-01-31,1,Open,335,Ballast Cleaning Machine,120,10.966485,78.949703,178.341,LINEAR_SEGMENT_INTERPOLATION,0.98,33.2,33.2,5.3,5.3,0.84,0.33,52.71,66410,High,CLUST_SEC_045_0001,152,Engineering,True,1.0,True,True,True,True,True,True,True,NONE
TMS_TASK_004335,Engineering,SEC_045,CHAINAGE,TMS_TASK_004335,177.971,178.742,Deep Screening Overdue,B,2024-02-10,2024-02-26,4,Deferred,309,Ballast Cleaning Machine,240,10.966485,78.949703,178.356,LINEAR_SEGMENT_INTERPOLATION,0.98,33.2,33.2,5.3,5.3,0.84,0.33,81.11,28211,Critical,CLUST_SEC_045_0001,152,Engineering,True,1.0,True,True,True,True,True,True,True,NONE
TMS_TASK_018074,Engineering,SEC_045,CHAINAGE,TMS_TASK_018074,178.084,178.63,Rail Fracture Risk,A,2024-07-01,2024-07-02,0,Open,182,Engineering crew,180,10.966485,78.949703,178.357,LINEAR_SEGMENT_INTERPOLATION,0.98,33.2,33.2,5.3,5.3,0.84,0.33,83.65,3477,Critical,CLUST_SEC_045_0001,152,Engineering,True,1.0,True,True,True,True,True,True,True,NONE
TMS_TASK_022000,Engineering,SEC_045,CHAINAGE,TMS_TASK_022000,177.888,178.848,Rail Fracture Risk,A,2024-02-05,2024-02-12,0,Completed,323,Engineering crew,180,10.966485,78.949703,178.368,LINEAR_SEGMENT_INTERPOLATION,0.98,33.2,33.2,5.3,5.3,0.84,0.33,83.65,3477,Critical,CLUST_SEC_045_0001,152,Engineering,True,1.0,True,True,True,True,True,True,True,NONE
TMS_TASK_009731,Engineering,SEC_045,CHAINAGE,TMS_TASK_009731,177.927,178.818,Ballast Issue,C,2024-10-10,2024-10-25,0,Deferred,67,Ballast Cleaning Machine,120,10.966485,78.949703,178.373,LINEAR_SEGMENT_INTERPOLATION,0.98,33.2,33.2,5.3,5.3,0.84,0.33,48.3,68883,Medium,CLUST_SEC_045_0001,152,Engineering,True,1.0,True,True,True,True,True,True,True,NONE
TMS_TASK_016101,Engineering,SEC_045,CHAINAGE,TMS_TASK_016101,178.001,178.781,Ballast Issue,B,2024-02-21,2024-03-02,0,In-Progress,304,Ballast Cleaning Machine,120,10.966485,78.949703,178.391,LINEAR_SEGMENT_INTERPOLATION,0.98,33.2,33.2,5.3,5.3,0.84,0.33,63.22,40989,High,CLUST_SEC_045_0001,152,Engineering,True,1.0,True,True,True,True,True,True,True,NONE
TMS_TASK_001948,Engineering,SEC_045,CHAINAGE,TMS_TASK_001948,178.031,178.763,Track Parameter Deviation,B,2024-02-15,2024-02-29,4,Deferred,306,Tamping Machine,90,10.966485,78.949703,178.397,LINEAR_SEGMENT_INTERPOLATION,0.98,33.2,33.2,5.3,5.3,0.84,0.33,81.11,28211,Critical,CLUST_SEC_045_0001,152,Engineering,True,1.0,True,True,True,True,True,True,True,NONE
TMS_TASK_017975,Engineering,SEC_045,CHAINAGE,TMS_TASK_017975,177.931,178.887,Weld Failure,A,2024-04-22,2024-04-27,0,In-Progress,248,Engineering crew,120,10.966485,78.949703,178.409,LINEAR_SEGMENT_INTERPOLATION,0.98,33.2,33.2,5.3,5.3,0.84,0.33,83.65,3477,Critical,CLUST_SEC_045_0001,152,Engineering,True,1.0,True,True,True,True,True,True,True,NONE
TMS_TASK_008210,Engineering,SEC_045,CHAINAGE,TMS_TASK_008210,178.351,178.48,Rail Fracture Risk,B,2024-11-06,2024-11-27,2,Deferred,34,Engineering crew,180,10.966485,78.949703,178.416,LINEAR_SEGMENT_INTERPOLATION,0.98,33.2,33.2,5.3,5.3,0.84,0.33,71.61,36129,High,CLUST_SEC_045_0001,152,Engineering,True,1.0,True,True,True,True,True,True,True,NONE
TMS_TASK_012429,Engineering,SEC_045,CHAINAGE,TMS_TASK_012429,177.973,178.878,Weld Failure,A,2024-05-21,2024-05-24,0,Completed,221,Engineering crew,120,10.966485,78.949703,178.425,LINEAR_SEGMENT_INTERPOLATION,0.98,33.2,33.2,5.3,5.3,0.84,0.33,83.65,3477,Critical,CLUST_SEC_045_0001,152,Engineering,True,1.0,True,True,True,True,True,True,True,NONE
TMS_TASK_010949,Engineering,SEC_045,CHAINAGE,TMS_TASK_010949,178.3,178.614,Ballast Issue,B,2024-07-05,2024-07-17,3,In-Progress,167,Ballast Cleaning Machine,120,10.966485,78.949703,178.457,LINEAR_SEGMENT_INTERPOLATION,0.98,33.2,33.2,5.3,5.3,0.84,0.33,76.62,30945,Critical,CLUST_SEC_045_0001,152,Engineering,True,1.0,True,True,True,True,True,True,True,NONE
TMS_TASK_013724,Engineering,SEC_045,CHAINAGE,TMS_TASK_013724,177.864,179.055,Ballast Issue,B,2024-03-20,2024-04-09,0,Open,266,Ballast Cleaning Machine,120,10.966485,78.949703,178.459,LINEAR_SEGMENT_INTERPOLATION,0.98,33.2,33.2,5.3,5.3,0.84,0.33,63.22,40989,High,CLUST_SEC_045_0001,152,Engineering,True,1.0,True,True,True,True,True,True,True,NONE
TMS_TASK_016337,Engineering,SEC_045,CHAINAGE,TMS_TASK_016337,178.321,178.607,Deep Screening Overdue,B,2024-03-12,2024-03-29,0,Open,277,Ballast Cleaning Machine,240,10.966485,78.949703,178.464,LINEAR_SEGMENT_INTERPOLATION,0.98,33.2,33.2,5.3,5.3,0.84,0.33,63.22,40989,High,CLUST_SEC_045_0001,152,Engineering,True,1.0,True,True,True,True,True,True,True,NONE
TMS_TASK_012443,Engineering,SEC_045,CHAINAGE,TMS_TASK_012443,177.881,179.092,Weld Failure,B,2024-08-17,2024-08-25,2,Deferred,128,Engineering crew,120,10.966485,78.949703,178.487,LINEAR_SEGMENT_INTERPOLATION,0.98,33.2,33.2,5.3,5.3,0.84,0.33,71.85,33663,High,CLUST_SEC_045_0001,152,Engineering,True,1.0,True,True,True,True,True,True,True,NONE
TMS_TASK_011414,Engineering,SEC_045,CHAINAGE,TMS_TASK_011414,178.191,178.787,Deep Screening Overdue,B,2024-01-08,2024-01-16,3,Deferred,350,Ballast Cleaning Machine,240,10.966485,78.949703,178.489,LINEAR_SEGMENT_INTERPOLATION,0.98,33.2,33.2,5.3,5.3,0.84,0.33,76.62,30945,Critical,CLUST_SEC_045_0001,152,Engineering,True,1.0,True,True,True,True,True,True,True,NONE
TMS_TASK_009155,Engineering,SEC_045,CHAINAGE,TMS_TASK_009155,178.062,178.918,Weld Failure,A,2024-06-15,2024-06-19,0,Completed,195,Engineering crew,120,10.966485,78.949703,178.49,LINEAR_SEGMENT_INTERPOLATION,0.98,33.2,33.2,5.3,5.3,0.84,0.33,83.65,3477,Critical,CLUST_SEC_045_0001,152,Engineering,True,1.0,True,True,True,True,True,True,True,NONE
TMS_TASK_025216,Engineering,SEC_045,CHAINAGE,TMS_TASK_025216,177.855,179.149,Weld Failure,B,2024-06-17,2024-06-24,4,In-Progress,190,Engineering crew,120,10.966485,78.949703,178.502,LINEAR_SEGMENT_INTERPOLATION,0.98,33.2,33.2,5.3,5.3,0.84,0.33,81.11,28211,Critical,CLUST_SEC_045_0001,152,Engineering,True,1.0,True,True,True,True,True,True,True,NONE
TMS_TASK_009197,Engineering,SEC_045,CHAINAGE,TMS_TASK_009197,178.251,178.874,Ballast Issue,C,2024-07-06,2024-07-24,1,Deferred,160,Ballast Cleaning Machine,120,10.966485,78.949703,178.562,LINEAR_SEGMENT_INTERPOLATION,0.98,33.2,33.2,5.3,5.3,0.84,0.33,52.71,66410,High,CLUST_SEC_045_0001,152,Engineering,True,1.0,True,True,True,True,True,True,True,NONE
TMS_TASK_008411,Engineering,SEC_045,CHAINAGE,TMS_TASK_008411,178.118,179.036,Rail Fracture Risk,A,2024-03-16,2024-03-23,0,In-Progress,283,Engineering crew,180,10.966485,78.949703,178.577,LINEAR_SEGMENT_INTERPOLATION,0.98,33.2,33.2,5.3,5.3,0.84,0.33,83.65,3477,Critical,CLUST_SEC_045_0001,152,Engineering,True,1.0,True,True,True,True,True,True,True,NONE
TMS_TASK_024512,Engineering,SEC_045,CHAINAGE,TMS_TASK_024512,178.457,178.697,Deep Screening Overdue,B,2024-03-19,2024-04-08,0,Open,267,Ballast Cleaning Machine,240,10.966485,78.949703,178.577,LINEAR_SEGMENT_INTERPOLATION,0.98,33.2,33.2,5.3,5.3,0.84,0.33,63.22,40989,High,CLUST_SEC_045_0001,152,Engineering,True,1.0,True,True,True,True,True,True,True,NONE
TMS_TASK_027714,Engineering,SEC_045,CHAINAGE,TMS_TASK_027714,178.079,179.099,Track Parameter Deviation,A,2024-05-20,2024-05-24,0,Open,221,Tamping Machine,90,10.966485,78.949703,178.589,LINEAR_SEGMENT_INTERPOLATION,0.98,33.2,33.2,5.3,5.3,0.84,0.33,83.65,3477,Critical,CLUST_SEC_045_0001,152,Engineering,True,1.0,True,True,True,True,True,True,True,NONE
TMS_TASK_015154,Engineering,SEC_045,CHAINAGE,TMS_TASK_015154,177.933,179.244,Track Parameter Deviation,B,2024-07-18,2024-07-28,3,Open,156,Tamping Machine,90,10.966485,78.949703,178.589,LINEAR_SEGMENT_INTERPOLATION,0.98,33.2,33.2,5.3,5.3,0.84,0.33,76.62,30945,Critical,CLUST_SEC_045_0001,152,Engineering,True,1.0,True,True,True,True,True,True,True,NONE
TMS_TASK_011673,Engineering,SEC_045,CHAINAGE,TMS_TASK_011673,178.387,178.827,Deep Screening Overdue,B,2024-10-28,2024-11-17,0,Completed,44,Ballast Cleaning Machine,240,10.966485,78.949703,178.607,LINEAR_SEGMENT_INTERPOLATION,0.98,33.2,33.2,5.3,5.3,0.84,0.33,63.22,40989,High,CLUST_SEC_045_0001,152,Engineering,True,1.0,True,True,True,True,True,True,True,NONE
TMS_TASK_024742,Engineering,SEC_045,CHAINAGE,TMS_TASK_024742,177.958,179.268,Track Parameter Deviation,B,2024-11-05,2024-11-22,2,Deferred,39,Tamping Machine,90,10.966485,78.949703,178.613,LINEAR_SEGMENT_INTERPOLATION,0.98,33.2,33.2,5.3,5.3,0.84,0.33,71.89,33646,High,CLUST_SEC_045_0001,152,Engineering,True,1.0,True,True,True,True,True,True,True,NONE
TMS_TASK_021959,Engineering,SEC_045,CHAINAGE,TMS_TASK_021959,178.334,178.891,Deep Screening Overdue,B,2024-05-31,2024-06-13,0,Open,201,Ballast Cleaning Machine,240,10.966485,78.949703,178.613,LINEAR_SEGMENT_INTERPOLATION,0.98,33.2,33.2,5.3,5.3,0.84,0.33,63.22,40989,High,CLUST_SEC_045_0001,152,Engineering,True,1.0,True,True,True,True,True,True,True,NONE
TMS_TASK_009499,Engineering,SEC_045,CHAINAGE,TMS_TASK_009499,178.435,178.862,Ballast Issue,A,2024-09-29,2024-10-04,0,In-Progress,88,Ballast Cleaning Machine,120,10.966485,78.949703,178.649,LINEAR_SEGMENT_INTERPOLATION,0.98,33.2,33.2,5.3,5.3,0.84,0.33,83.65,3477,Critical,CLUST_SEC_045_0001,152,Engineering,True,1.0,True,True,True,True,True,True,True,NONE
TMS_TASK_004850,Engineering,SEC_045,CHAINAGE,TMS_TASK_004850,178.204,179.106,Ballast Issue,C,2024-06-22,2024-08-03,0,In-Progress,150,Ballast Cleaning Machine,120,10.966485,78.949703,178.655,LINEAR_SEGMENT_INTERPOLATION,0.98,33.2,33.2,5.3,5.3,0.84,0.33,48.3,68883,Medium,CLUST_SEC_045_0001,152,Engineering,True,1.0,True,True,True,True,True,True,True,NONE
TMS_TASK_005311,Engineering,SEC_045,CHAINAGE,TMS_TASK_005311,178.074,179.236,Track Parameter Deviation,B,2024-12-06,2024-12-16,0,In-Progress,15,Tamping Machine,90,10.966485,78.949703,178.655,LINEAR_SEGMENT_INTERPOLATION,0.98,33.2,33.2,5.3,5.3,0.84,0.33,46.51,75731,Medium,CLUST_SEC_045_0001,152,Engineering,True,1.0,True,True,True,True,True,True,True,NONE
TMS_TASK_009960,Engineering,SEC_045,CHAINAGE,TMS_TASK_009960,178.127,179.193,Weld Failure,A,2024-09-16,2024-09-18,0,Open,104,Engineering crew,120,10.966485,78.949703,178.66,LINEAR_SEGMENT_INTERPOLATION,0.98,33.2,33.2,5.3,5.3,0.84,0.33,83.65,3477,Critical,CLUST_SEC_045_0001,152,Engineering,True,1.0,True,True,True,True,True,True,True,NONE
TMS_TASK_024472,Engineering,SEC_045,CHAINAGE,TMS_TASK_024472,178.532,178.787,Deep Screening Overdue,C,2024-07-07,2024-07-28,0,In-Progress,156,Ballast Cleaning Machine,240,10.966485,78.949703,178.66,LINEAR_SEGMENT_INTERPOLATION,0.98,33.2,33.2,5.3,5.3,0.84,0.33,48.3,68883,Medium,CLUST_SEC_045_0001,152,Engineering,True,1.0,True,True,True,True,True,True,True,NONE
TMS_TASK_004981,Engineering,SEC_045,CHAINAGE,TMS_TASK_004981,178.307,179.062,Track Parameter Deviation,B,2024-10-26,2024-11-05,0,In-Progress,56,Tamping Machine,90,10.966485,78.949703,178.685,LINEAR_SEGMENT_INTERPOLATION,0.98,33.2,33.2,5.3,5.3,0.84,0.33,63.22,40989,High,CLUST_SEC_045_0001,152,Engineering,True,1.0,True,True,True,True,True,True,True,NONE
TMS_TASK_007764,Engineering,SEC_045,CHAINAGE,TMS_TASK_007764,178.155,179.222,Deep Screening Overdue,C,2024-08-20,2024-09-05,0,Open,117,Ballast Cleaning Machine,240,10.966485,78.949703,178.689,LINEAR_SEGMENT_INTERPOLATION,0.98,33.2,33.2,5.3,5.3,0.84,0.33,48.3,68883,Medium,CLUST_SEC_045_0001,152,Engineering,True,1.0,True,True,True,True,True,True,True,NONE
TMS_TASK_001108,Engineering,SEC_045,CHAINAGE,TMS_TASK_001108,178.004,179.472,Deep Screening Overdue,A,2024-12-03,2024-12-04,0,Completed,27,Ballast Cleaning Machine,240,10.966485,78.949703,178.738,LINEAR_SEGMENT_INTERPOLATION,0.98,33.2,33.2,5.3,5.3,0.84,0.33,80.66,30596,Critical,CLUST_SEC_045_0001,152,Engineering,True,1.0,True,True,True,True,True,True,True,NONE
TMS_TASK_011189,Engineering,SEC_045,CHAINAGE,TMS_TASK_011189,178.449,179.069,Deep Screening Overdue,C,2024-04-28,2024-05-12,4,Deferred,233,Ballast Cleaning Machine,240,10.966485,78.949703,178.759,LINEAR_SEGMENT_INTERPOLATION,0.98,33.2,33.2,5.3,5.3,0.84,0.33,65.79,39346,High,CLUST_SEC_045_0001,152,Engineering,True,1.0,True,True,True,True,True,True,True,NONE
TMS_TASK_022473,Engineering,SEC_045,CHAINAGE,TMS_TASK_022473,178.431,179.122,Deep Screening Overdue,B,2024-01-05,2024-01-17,0,In-Progress,349,Ballast Cleaning Machine,240,10.966485,78.949703,178.776,LINEAR_SEGMENT_INTERPOLATION,0.98,33.2,33.2,5.3,5.3,0.84,0.33,63.22,40989,High,CLUST_SEC_045_0001,152,Engineering,True,1.0,True,True,True,True,True,True,True,NONE
TMS_TASK_015952,Engineering,SEC_045,CHAINAGE,TMS_TASK_015952,178.209,179.375,Deep Screening Overdue,B,2024-04-11,2024-04-18,2,Deferred,257,Ballast Cleaning Machine,240,10.966485,78.949703,178.792,LINEAR_SEGMENT_INTERPOLATION,0.98,33.2,33.2,5.3,5.3,0.84,0.33,71.85,33663,High,CLUST_SEC_045_0001,152,Engineering,True,1.0,True,True,True,True,True,True,True,NONE
TMS_TASK_005054,Engineering,SEC_045,CHAINAGE,TMS_TASK_005054,178.582,179.066,Ballast Issue,B,2024-06-13,2024-07-03,3,In-Progress,181,Ballast Cleaning Machine,120,10.966485,78.949703,178.824,LINEAR_SEGMENT_INTERPOLATION,0.98,33.2,33.2,5.3,5.3,0.84,0.33,76.62,30945,Critical,CLUST_SEC_045_0001,152,Engineering,True,1.0,True,True,True,True,True,True,True,NONE
TMS_TASK_015184,Engineering,SEC_045,CHAINAGE,TMS_TASK_015184,178.716,178.947,Track Parameter Deviation,A,2024-01-03,2024-01-09,0,Deferred,357,Tamping Machine,90,10.966485,78.949703,178.832,LINEAR_SEGMENT_INTERPOLATION,0.98,33.2,33.2,5.3,5.3,0.84,0.33,83.65,3477,Critical,CLUST_SEC_045_0001,152,Engineering,True,1.0,True,True,True,True,True,True,True,NONE
TMS_TASK_011961,Engineering,SEC_045,CHAINAGE,TMS_TASK_011961,178.227,179.458,Ballast Issue,C,2024-02-27,2024-04-06,4,Deferred,269,Ballast Cleaning Machine,120,10.966485,78.949703,178.843,LINEAR_SEGMENT_INTERPOLATION,0.98,33.2,33.2,5.3,5.3,0.84,0.33,65.79,39346,High,CLUST_SEC_045_0001,152,Engineering,True,1.0,True,True,True,True,True,True,True,NONE
TMS_TASK_014189,Engineering,SEC_045,CHAINAGE,TMS_TASK_014189,178.755,178.938,Ballast Issue,C,2024-02-17,2024-03-04,0,Open,302,Ballast Cleaning Machine,120,10.966485,78.949703,178.846,LINEAR_SEGMENT_INTERPOLATION,0.98,33.2,33.2,5.3,5.3,0.84,0.33,48.3,68883,Medium,CLUST_SEC_045_0001,152,Engineering,True,1.0,True,True,True,True,True,True,True,NONE
TMS_TASK_018538,Engineering,SEC_045,CHAINAGE,TMS_TASK_018538,178.102,179.592,Track Parameter Deviation,B,2024-08-14,2024-08-25,0,Open,128,Tamping Machine,90,10.966485,78.949703,178.847,LINEAR_SEGMENT_INTERPOLATION,0.98,33.2,33.2,5.3,5.3,0.84,0.33,63.22,40989,High,CLUST_SEC_045_0001,152,Engineering,True,1.0,True,True,True,True,True,True,True,NONE
TMS_TASK_014792,Engineering,SEC_045,CHAINAGE,TMS_TASK_014792,178.505,179.202,Rail Fracture Risk,A,2024-06-24,2024-06-26,0,Open,188,Engineering crew,180,10.966485,78.949703,178.853,LINEAR_SEGMENT_INTERPOLATION,0.98,33.2,33.2,5.3,5.3,0.84,0.33,83.65,3477,Critical,CLUST_SEC_045_0001,152,Engineering,True,1.0,True,True,True,True,True,True,True,NONE
TMS_TASK_006152,Engineering,SEC_045,CHAINAGE,TMS_TASK_006152,178.779,178.954,Ballast Issue,C,2024-02-03,2024-02-29,1,Deferred,306,Ballast Cleaning Machine,120,10.966485,78.949703,178.867,LINEAR_SEGMENT_INTERPOLATION,0.98,33.2,33.2,5.3,5.3,0.84,0.33,52.71,66410,High,CLUST_SEC_045_0001,152,Engineering,True,1.0,True,True,True,True,True,True,True,NONE
TMS_TASK_017938,Engineering,SEC_045,CHAINAGE,TMS_TASK_017938,178.442,179.321,Deep Screening Overdue,C,2024-08-03,2024-08-25,4,Open,128,Ballast Cleaning Machine,240,10.966485,78.949703,178.882,LINEAR_SEGMENT_INTERPOLATION,0.98,33.2,33.2,5.3,5.3,0.84,0.33,65.79,39346,High,CLUST_SEC_045_0001,152,Engineering,True,1.0,True,True,True,True,True,True,True,NONE
TMS_TASK_018124,Engineering,SEC_045,CHAINAGE,TMS_TASK_018124,178.673,179.108,Deep Screening Overdue,C,2024-08-28,2024-09-25,2,Deferred,97,Ballast Cleaning Machine,240,10.966485,78.949703,178.891,LINEAR_SEGMENT_INTERPOLATION,0.98,33.2,33.2,5.3,5.3,0.84,0.33,56.54,64416,High,CLUST_SEC_045_0001,152,Engineering,True,1.0,True,True,True,True,True,True,True,NONE
TMS_TASK_022551,Engineering,SEC_045,CHAINAGE,TMS_TASK_022551,178.197,179.612,Rail Fracture Risk,A,2024-01-22,2024-01-28,1,Deferred,338,Engineering crew,180,10.966485,78.949703,178.904,LINEAR_SEGMENT_INTERPOLATION,0.98,33.2,33.2,5.3,5.3,0.84,0.33,87.36,2537,Critical,CLUST_SEC_045_0001,152,Engineering,True,1.0,True,True,True,True,True,True,True,NONE
TMS_TASK_027683,Engineering,SEC_045,CHAINAGE,TMS_TASK_027683,178.47,179.409,Ballast Issue,B,2024-11-16,2024-11-23,0,Open,38,Ballast Cleaning Machine,120,10.966485,78.949703,178.94,LINEAR_SEGMENT_INTERPOLATION,0.98,33.2,33.2,5.3,5.3,0.84,0.33,63.21,61066,High,CLUST_SEC_045_0001,152,Engineering,True,1.0,True,True,True,True,True,True,True,NONE
TMS_TASK_005925,Engineering,SEC_045,CHAINAGE,TMS_TASK_005925,178.364,179.529,Weld Failure,A,2024-10-04,2024-10-09,0,Completed,83,Engineering crew,120,10.966485,78.949703,178.947,LINEAR_SEGMENT_INTERPOLATION,0.98,33.2,33.2,5.3,5.3,0.84,0.33,83.65,3477,Critical,CLUST_SEC_045_0001,152,Engineering,True,1.0,True,True,True,True,True,True,True,NONE
TMS_TASK_028883,Engineering,SEC_045,CHAINAGE,TMS_TASK_028883,178.419,179.49,Rail Fracture Risk,B,2024-11-07,2024-11-16,0,In-Progress,45,Engineering crew,180,10.966485,78.949703,178.954,LINEAR_SEGMENT_INTERPOLATION,0.98,33.2,33.2,5.3,5.3,0.84,0.33,63.22,40989,High,CLUST_SEC_045_0001,152,Engineering,True,1.0,True,True,True,True,True,True,True,NONE
TMS_TASK_027068,Engineering,SEC_045,CHAINAGE,TMS_TASK_027068,178.319,179.634,Deep Screening Overdue,B,2024-01-08,2024-01-27,0,Completed,339,Ballast Cleaning Machine,240,10.966485,78.949703,178.976,LINEAR_SEGMENT_INTERPOLATION,0.98,33.2,33.2,5.3,5.3,0.84,0.33,63.22,40989,High,CLUST_SEC_045_0001,152,Engineering,True,1.0,True,True,True,True,True,True,True,NONE
TMS_TASK_009962,Engineering,SEC_045,CHAINAGE,TMS_TASK_009962,178.295,179.671,Rail Fracture Risk,A,2024-09-08,2024-09-12,0,Completed,110,Engineering crew,180,10.966485,78.949703,178.983,LINEAR_SEGMENT_INTERPOLATION,0.98,33.2,33.2,5.3,5.3,0.84,0.33,83.65,3477,Critical,CLUST_SEC_045_0001,152,Engineering,True,1.0,True,True,True,True,True,True,True,NONE
TMS_TASK_001315,Engineering,SEC_045,CHAINAGE,TMS_TASK_001315,178.488,179.485,Rail Fracture Risk,A,2024-05-03,2024-05-10,0,Completed,235,Engineering crew,180,10.966485,78.949703,178.987,LINEAR_SEGMENT_INTERPOLATION,0.98,33.2,33.2,5.3,5.3,0.84,0.33,83.65,3477,Critical,CLUST_SEC_045_0001,152,Engineering,True,1.0,True,True,True,True,True,True,True,NONE
TMS_TASK_025397,Engineering,SEC_045,CHAINAGE,TMS_TASK_025397,178.906,179.115,Ballast Issue,B,2024-01-20,2024-01-31,0,Open,335,Ballast Cleaning Machine,120,10.966485,78.949703,179.011,LINEAR_SEGMENT_INTERPOLATION,0.98,33.2,33.2,5.3,5.3,0.84,0.33,63.22,40989,High,CLUST_SEC_045_0001,152,Engineering,True,1.0,True,True,True,True,True,True,True,NONE
TMS_TASK_029007,Engineering,SEC_045,CHAINAGE,TMS_TASK_029007,178.368,179.67,Rail Fracture Risk,A,2024-02-11,2024-02-13,0,Open,322,Engineering crew,180,10.966485,78.949703,179.019,LINEAR_SEGMENT_INTERPOLATION,0.98,33.2,33.2,5.3,5.3,0.84,0.33,83.65,3477,Critical,CLUST_SEC_045_0001,152,Engineering,True,1.0,True,True,True,True,True,True,True,NONE
TMS_TASK_007860,Engineering,SEC_045,CHAINAGE,TMS_TASK_007860,178.98,179.065,Weld Failure,A,2024-06-13,2024-06-18,0,Deferred,196,Engineering crew,120,10.966485,78.949703,179.022,LINEAR_SEGMENT_INTERPOLATION,0.98,33.2,33.2,5.3,5.3,0.84,0.33,83.65,3477,Critical,CLUST_SEC_045_0001,152,Engineering,True,1.0,True,True,True,True,True,True,True,NONE
TMS_TASK_018507,Engineering,SEC_045,CHAINAGE,TMS_TASK_018507,178.405,179.703,Rail Fracture Risk,A,2024-03-20,2024-03-25,4,Open,281,Engineering crew,180,10.966485,78.949703,179.054,LINEAR_SEGMENT_INTERPOLATION,0.98,33.2,33.2,5.3,5.3,0.84,0.33,98.97,11,Critical,CLUST_SEC_045_0001,152,Engineering,True,1.0,True,True,True,True,True,True,True,NONE
TMS_TASK_002939,Engineering,SEC_045,CHAINAGE,TMS_TASK_002939,178.776,179.347,Ballast Issue,C,2024-10-06,2024-11-14,4,In-Progress,47,Ballast Cleaning Machine,120,10.966485,78.949703,179.062,LINEAR_SEGMENT_INTERPOLATION,0.98,33.2,33.2,5.3,5.3,0.84,0.33,65.79,39346,High,CLUST_SEC_045_0001,152,Engineering,True,1.0,True,True,True,True,True,True,True,NONE
TMS_TASK_018064,Engineering,SEC_045,CHAINAGE,TMS_TASK_018064,178.68,179.476,Weld Failure,A,2024-02-02,2024-02-09,0,Completed,326,Engineering crew,120,10.966485,78.949703,179.078,LINEAR_SEGMENT_INTERPOLATION,0.98,33.2,33.2,5.3,5.3,0.84,0.33,83.65,3477,Critical,CLUST_SEC_045_0001,152,Engineering,True,1.0,True,True,True,True,True,True,True,NONE
TMS_TASK_018483,Engineering,SEC_045,CHAINAGE,TMS_TASK_018483,178.471,179.691,Track Parameter Deviation,B,2024-07-16,2024-08-03,0,Completed,150,Tamping Machine,90,10.966485,78.949703,179.081,LINEAR_SEGMENT_INTERPOLATION,0.98,33.2,33.2,5.3,5.3,0.84,0.33,63.22,40989,High,CLUST_SEC_045_0001,152,Engineering,True,1.0,True,True,True,True,True,True,True,NONE
TMS_TASK_001708,Engineering,SEC_045,CHAINAGE,TMS_TASK_001708,178.692,179.493,Track Parameter Deviation,B,2024-04-25,2024-05-09,0,Completed,236,Tamping Machine,90,10.966485,78.949703,179.093,LINEAR_SEGMENT_INTERPOLATION,0.98,33.2,33.2,5.3,5.3,0.84,0.33,63.22,40989,High,CLUST_SEC_045_0001,152,Engineering,True,1.0,True,True,True,True,True,True,True,NONE
TMS_TASK_013755,Engineering,SEC_045,CHAINAGE,TMS_TASK_013755,178.758,179.445,Track Parameter Deviation,B,2024-03-02,2024-03-09,3,Deferred,297,Tamping Machine,90,10.966485,78.949703,179.101,LINEAR_SEGMENT_INTERPOLATION,0.98,33.2,33.2,5.3,5.3,0.84,0.33,76.62,30945,Critical,CLUST_SEC_045_0001,152,Engineering,True,1.0,True,True,True,True,True,True,True,NONE
TMS_TASK_017135,Engineering,SEC_045,CHAINAGE,TMS_TASK_017135,178.593,179.678,Track Parameter Deviation,B,2024-02-17,2024-03-04,0,Completed,302,Tamping Machine,90,10.966485,78.949703,179.135,LINEAR_SEGMENT_INTERPOLATION,0.98,33.2,33.2,5.3,5.3,0.84,0.33,63.22,40989,High,CLUST_SEC_045_0001,152,Engineering,True,1.0,True,True,True,True,True,True,True,NONE
TMS_TASK_016996,Engineering,SEC_045,CHAINAGE,TMS_TASK_016996,178.804,179.471,Weld Failure,B,2024-03-24,2024-04-08,0,Open,267,Engineering crew,120,10.966485,78.949703,179.137,LINEAR_SEGMENT_INTERPOLATION,0.98,33.2,33.2,5.3,5.3,0.84,0.33,63.22,40989,High,CLUST_SEC_045_0001,152,Engineering,True,1.0,True,True,True,True,True,True,True,NONE
TMS_TASK_006184,Engineering,SEC_045,CHAINAGE,TMS_TASK_006184,178.495,179.787,Deep Screening Overdue,B,2024-05-03,2024-05-22,0,Completed,223,Ballast Cleaning Machine,240,10.966485,78.949703,179.141,LINEAR_SEGMENT_INTERPOLATION,0.98,33.2,33.2,5.3,5.3,0.84,0.33,63.22,40989,High,CLUST_SEC_045_0001,152,Engineering,True,1.0,True,True,True,True,True,True,True,NONE
TMS_TASK_024987,Engineering,SEC_045,CHAINAGE,TMS_TASK_024987,178.495,179.787,Ballast Issue,C,2024-06-05,2024-06-27,0,Deferred,187,Ballast Cleaning Machine,120,10.966485,78.949703,179.141,LINEAR_SEGMENT_INTERPOLATION,0.98,33.2,33.2,5.3,5.3,0.84,0.33,48.3,68883,Medium,CLUST_SEC_045_0001,152,Engineering,True,1.0,True,True,True,True,True,True,True,NONE
TMS_TASK_020067,Engineering,SEC_045,CHAINAGE,TMS_TASK_020067,178.674,179.629,Weld Failure,B,2024-03-23,2024-04-01,0,Open,274,Engineering crew,120,10.966485,78.949703,179.151,LINEAR_SEGMENT_INTERPOLATION,0.98,33.2,33.2,5.3,5.3,0.84,0.33,63.22,40989,High,CLUST_SEC_045_0001,152,Engineering,True,1.0,True,True,True,True,True,True,True,NONE
TMS_TASK_021527,Engineering,SEC_045,CHAINAGE,TMS_TASK_021527,178.848,179.456,Weld Failure,C,2024-07-13,2024-08-20,2,Deferred,133,Engineering crew,120,10.966485,78.949703,179.152,LINEAR_SEGMENT_INTERPOLATION,0.98,33.2,33.2,5.3,5.3,0.84,0.33,56.54,64416,High,CLUST_SEC_045_0001,152,Engineering,True,1.0,True,True,True,True,True,True,True,NONE
TMS_TASK_022314,Engineering,SEC_045,CHAINAGE,TMS_TASK_022314,178.791,179.527,Track Parameter Deviation,A,2024-12-26,2024-12-28,0,Completed,3,Tamping Machine,90,10.966485,78.949703,179.159,LINEAR_SEGMENT_INTERPOLATION,0.98,33.2,33.2,5.3,5.3,0.84,0.33,52.47,67842,High,CLUST_SEC_045_0001,152,Engineering,True,1.0,True,True,True,True,True,True,True,NONE
TMS_TASK_024834,Engineering,SEC_045,CHAINAGE,TMS_TASK_024834,178.78,179.561,Track Parameter Deviation,B,2024-02-11,2024-02-19,0,Completed,316,Tamping Machine,90,10.966485,78.949703,179.171,LINEAR_SEGMENT_INTERPOLATION,0.98,33.2,33.2,5.3,5.3,0.84,0.33,63.22,40989,High,CLUST_SEC_045_0001,152,Engineering,True,1.0,True,True,True,True,True,True,True,NONE
TMS_TASK_016264,Engineering,SEC_045,CHAINAGE,TMS_TASK_016264,178.642,179.7,Deep Screening Overdue,B,2024-04-07,2024-04-20,0,In-Progress,255,Ballast Cleaning Machine,240,10.966485,78.949703,179.171,LINEAR_SEGMENT_INTERPOLATION,0.98,33.2,33.2,5.3,5.3,0.84,0.33,63.22,40989,High,CLUST_SEC_045_0001,152,Engineering,True,1.0,True,True,True,True,True,True,True,NONE
TMS_TASK_007323,Engineering,SEC_045,CHAINAGE,TMS_TASK_007323,178.895,179.487,Deep Screening Overdue,B,2024-02-08,2024-02-20,0,Completed,315,Ballast Cleaning Machine,240,10.966485,78.949703,179.191,LINEAR_SEGMENT_INTERPOLATION,0.98,33.2,33.2,5.3,5.3,0.84,0.33,63.22,40989,High,CLUST_SEC_045_0001,152,Engineering,True,1.0,True,True,True,True,True,True,True,NONE
TMS_TASK_027293,Engineering,SEC_045,CHAINAGE,TMS_TASK_027293,178.496,179.929,Rail Fracture Risk,A,2024-08-30,2024-08-31,0,Completed,122,Engineering crew,180,10.966485,78.949703,179.213,LINEAR_SEGMENT_INTERPOLATION,0.98,33.2,33.2,5.3,5.3,0.84,0.33,83.65,3477,Critical,CLUST_SEC_045_0001,152,Engineering,True,1.0,True,True,True,True,True,True,True,NONE
TMS_TASK_006075,Engineering,SEC_045,CHAINAGE,TMS_TASK_006075,178.704,179.731,Deep Screening Overdue,B,2024-09-15,2024-09-23,0,Open,99,Ballast Cleaning Machine,240,10.966485,78.949703,179.218,LINEAR_SEGMENT_INTERPOLATION,0.98,33.2,33.2,5.3,5.3,0.84,0.33,63.22,40989,High,CLUST_SEC_045_0001,152,Engineering,True,1.0,True,True,True,True,True,True,True,NONE
TMS_TASK_003128,Engineering,SEC_045,CHAINAGE,TMS_TASK_003128,178.54,179.908,Track Parameter Deviation,B,2024-05-25,2024-06-07,0,Completed,207,Tamping Machine,90,10.966485,78.949703,179.224,LINEAR_SEGMENT_INTERPOLATION,0.98,33.2,33.2,5.3,5.3,0.84,0.33,63.22,40989,High,CLUST_SEC_045_0001,152,Engineering,True,1.0,True,True,True,True,True,True,True,NONE
TMS_TASK_008955,Engineering,SEC_045,CHAINAGE,TMS_TASK_008955,179.006,179.453,Weld Failure,A,2024-06-04,2024-06-09,0,In-Progress,205,Engineering crew,120,10.966485,78.949703,179.23,LINEAR_SEGMENT_INTERPOLATION,0.98,33.2,33.2,5.3,5.3,0.84,0.33,83.65,3477,Critical,CLUST_SEC_045_0001,152,Engineering,True,1.0,True,True,True,True,True,True,True,NONE
TMS_TASK_000179,Engineering,SEC_045,CHAINAGE,TMS_TASK_000179,179.076,179.424,Rail Fracture Risk,A,2024-03-17,2024-03-21,2,Deferred,285,Engineering crew,180,10.966485,78.949703,179.25,LINEAR_SEGMENT_INTERPOLATION,0.98,33.2,33.2,5.3,5.3,0.84,0.33,92.61,1686,Critical,CLUST_SEC_045_0001,152,Engineering,True,1.0,True,True,True,True,True,True,True,NONE
TMS_TASK_019186,Engineering,SEC_045,CHAINAGE,TMS_TASK_019186,178.668,179.832,Track Parameter Deviation,C,2024-11-18,2024-12-28,0,Completed,3,Tamping Machine,90,10.966485,78.949703,179.25,LINEAR_SEGMENT_INTERPOLATION,0.98,33.2,33.2,5.3,5.3,0.84,0.33,17.99,79356,Low,CLUST_SEC_045_0001,152,Engineering,True,1.0,True,True,True,True,True,True,True,NONE
TMS_TASK_012462,Engineering,SEC_045,CHAINAGE,TMS_TASK_012462,179.193,179.309,Rail Fracture Risk,B,2024-12-19,2024-12-26,3,Deferred,5,Engineering crew,180,10.966485,78.949703,179.251,LINEAR_SEGMENT_INTERPOLATION,0.98,33.2,33.2,5.3,5.3,0.84,0.33,48.65,68804,Medium,CLUST_SEC_045_0001,152,Engineering,True,1.0,True,True,True,True,True,True,True,NONE
TMS_TASK_015122,Engineering,SEC_045,CHAINAGE,TMS_TASK_015122,178.963,179.603,Deep Screening Overdue,C,2024-09-21,2024-10-10,0,Completed,82,Ballast Cleaning Machine,240,10.966485,78.949703,179.283,LINEAR_SEGMENT_INTERPOLATION,0.98,33.2,33.2,5.3,5.3,0.84,0.33,48.3,68883,Medium,CLUST_SEC_045_0001,152,Engineering,True,1.0,True,True,True,True,True,True,True,NONE
TMS_TASK_005037,Engineering,SEC_045,CHAINAGE,TMS_TASK_005037,178.567,180.017,Weld Failure,A,2024-07-28,2024-08-01,0,Deferred,152,Engineering crew,120,10.966485,78.949703,179.292,LINEAR_SEGMENT_INTERPOLATION,0.98,33.2,33.2,5.3,5.3,0.84,0.33,83.65,3477,Critical,CLUST_SEC_045_0001,152,Engineering,True,1.0,True,True,True,True,True,True,True,NONE
TMS_TASK_022242,Engineering,SEC_045,CHAINAGE,TMS_TASK_022242,178.583,180.003,Ballast Issue,B,2024-10-07,2024-10-21,1,Deferred,71,Ballast Cleaning Machine,120,10.966485,78.949703,179.293,LINEAR_SEGMENT_INTERPOLATION,0.98,33.2,33.2,5.3,5.3,0.84,0.33,67.45,36608,High,CLUST_SEC_045_0001,152,Engineering,True,1.0,True,True,True,True,True,True,True,NONE
TMS_TASK_027740,Engineering,SEC_045,CHAINAGE,TMS_TASK_027740,178.696,179.901,Rail Fracture Risk,B,2024-08-08,2024-08-27,0,In-Progress,126,Engineering crew,180,10.966485,78.949703,179.298,LINEAR_SEGMENT_INTERPOLATION,0.98,33.2,33.2,5.3,5.3,0.84,0.33,63.22,40989,High,CLUST_SEC_045_0001,152,Engineering,True,1.0,True,True,True,True,True,True,True,NONE
TMS_TASK_000153,Engineering,SEC_045,CHAINAGE,TMS_TASK_000153,179.15,179.463,Rail Fracture Risk,A,2024-03-30,2024-04-04,0,Completed,271,Engineering crew,180,10.966485,78.949703,179.306,LINEAR_SEGMENT_INTERPOLATION,0.98,33.2,33.2,5.3,5.3,0.84,0.33,83.65,3477,Critical,CLUST_SEC_045_0001,152,Engineering,True,1.0,True,True,True,True,True,True,True,NONE
TMS_TASK_011901,Engineering,SEC_045,CHAINAGE,TMS_TASK_011901,178.969,179.659,Ballast Issue,C,2024-05-28,2024-07-09,4,In-Progress,175,Ballast Cleaning Machine,120,10.966485,78.949703,179.314,LINEAR_SEGMENT_INTERPOLATION,0.98,33.2,33.2,5.3,5.3,0.84,0.33,65.79,39346,High,CLUST_SEC_045_0001,152,Engineering,True,1.0,True,True,True,True,True,True,True,NONE
TMS_TASK_017839,Engineering,SEC_045,CHAINAGE,TMS_TASK_017839,178.736,179.898,Track Parameter Deviation,A,2024-01-25,2024-01-29,0,In-Progress,337,Tamping Machine,90,10.966485,78.949703,179.317,LINEAR_SEGMENT_INTERPOLATION,0.98,33.2,33.2,5.3,5.3,0.84,0.33,83.65,3477,Critical,CLUST_SEC_045_0001,152,Engineering,True,1.0,True,True,True,True,True,True,True,NONE
TMS_TASK_012851,Engineering,SEC_045,CHAINAGE,TMS_TASK_012851,179.213,179.44,Deep Screening Overdue,B,2024-11-04,2024-11-18,1,Deferred,43,Ballast Cleaning Machine,240,10.966485,78.949703,179.327,LINEAR_SEGMENT_INTERPOLATION,0.98,33.2,33.2,5.3,5.3,0.84,0.33,67.23,39109,High,CLUST_SEC_045_0001,152,Engineering,True,1.0,True,True,True,True,True,True,True,NONE
TMS_TASK_016469,Engineering,SEC_045,CHAINAGE,TMS_TASK_016469,178.857,179.819,Deep Screening Overdue,C,2024-06-04,2024-06-26,1,Open,188,Ballast Cleaning Machine,240,10.966485,78.949703,179.338,LINEAR_SEGMENT_INTERPOLATION,0.98,33.2,33.2,5.3,5.3,0.84,0.33,52.71,66410,High,CLUST_SEC_045_0001,152,Engineering,True,1.0,True,True,True,True,True,True,True,NONE
TMS_TASK_020144,Engineering,SEC_045,CHAINAGE,TMS_TASK_020144,179.152,179.572,Weld Failure,B,2024-03-06,2024-03-19,0,Completed,287,Engineering crew,120,10.966485,78.949703,179.362,LINEAR_SEGMENT_INTERPOLATION,0.98,33.2,33.2,5.3,5.3,0.84,0.33,63.22,40989,High,CLUST_SEC_045_0001,152,Engineering,True,1.0,True,True,True,True,True,True,True,NONE
TMS_TASK_017065,Engineering,SEC_045,CHAINAGE,TMS_TASK_017065,179.164,179.613,Deep Screening Overdue,B,2024-02-02,2024-02-17,2,In-Progress,318,Ballast Cleaning Machine,240,10.966485,78.949703,179.388,LINEAR_SEGMENT_INTERPOLATION,0.98,33.2,33.2,5.3,5.3,0.84,0.33,71.85,33663,High,CLUST_SEC_045_0001,152,Engineering,True,1.0,True,True,True,True,True,True,True,NONE
TMS_TASK_009464,Engineering,SEC_045,CHAINAGE,TMS_TASK_009464,179.099,179.683,Weld Failure,C,2024-09-22,2024-10-08,3,Deferred,84,Engineering crew,120,10.966485,78.949703,179.391,LINEAR_SEGMENT_INTERPOLATION,0.98,33.2,33.2,5.3,5.3,0.84,0.33,60.98,62305,High,CLUST_SEC_045_0001,152,Engineering,True,1.0,True,True,True,True,True,True,True,NONE
TMS_TASK_014739,Engineering,SEC_045,CHAINAGE,TMS_TASK_014739,179.358,179.464,Weld Failure,B,2024-03-20,2024-03-31,4,Deferred,275,Engineering crew,120,10.966485,78.949703,179.411,LINEAR_SEGMENT_INTERPOLATION,0.98,33.2,33.2,5.3,5.3,0.84,0.33,81.11,28211,Critical,CLUST_SEC_045_0001,152,Engineering,True,1.0,True,True,True,True,True,True,True,NONE
TMS_TASK_008891,Engineering,SEC_045,CHAINAGE,TMS_TASK_008891,178.902,179.986,Track Parameter Deviation,B,2024-07-13,2024-07-27,4,In-Progress,157,Tamping Machine,90,10.966485,78.949703,179.444,LINEAR_SEGMENT_INTERPOLATION,0.98,33.2,33.2,5.3,5.3,0.84,0.33,81.11,28211,Critical,CLUST_SEC_045_0001,152,Engineering,True,1.0,True,True,True,True,True,True,True,NONE
TMS_TASK_018873,Engineering,SEC_045,CHAINAGE,TMS_TASK_018873,178.946,179.942,Deep Screening Overdue,C,2024-06-10,2024-06-27,0,Completed,187,Ballast Cleaning Machine,240,10.966485,78.949703,179.444,LINEAR_SEGMENT_INTERPOLATION,0.98,33.2,33.2,5.3,5.3,0.84,0.33,48.3,68883,Medium,CLUST_SEC_045_0001,152,Engineering,True,1.0,True,True,True,True,True,True,True,NONE
TMS_TASK_023395,Engineering,SEC_045,CHAINAGE,TMS_TASK_023395,178.914,179.981,Weld Failure,A,2024-09-06,2024-09-10,0,Completed,112,Engineering crew,120,10.966485,78.949703,179.447,LINEAR_SEGMENT_INTERPOLATION,0.98,33.2,33.2,5.3,5.3,0.84,0.33,83.65,3477,Critical,CLUST_SEC_045_0001,152,Engineering,True,1.0,True,True,True,True,True,True,True,NONE
TMS_TASK_016225,Engineering,SEC_045,CHAINAGE,TMS_TASK_016225,179.179,179.717,Rail Fracture Risk,A,2024-05-01,2024-05-05,0,Open,240,Engineering crew,180,10.966485,78.949703,179.448,LINEAR_SEGMENT_INTERPOLATION,0.98,33.2,33.2,5.3,5.3,0.84,0.33,83.65,3477,Critical,CLUST_SEC_045_0001,152,Engineering,True,1.0,True,True,True,True,True,True,True,NONE
TMS_TASK_018081,Engineering,SEC_045,CHAINAGE,TMS_TASK_018081,179.178,179.77,Track Parameter Deviation,B,2024-10-26,2024-11-07,0,In-Progress,54,Tamping Machine,90,10.966485,78.949703,179.474,LINEAR_SEGMENT_INTERPOLATION,0.98,33.2,33.2,5.3,5.3,0.84,0.33,63.22,40989,High,CLUST_SEC_045_0001,152,Engineering,True,1.0,True,True,True,True,True,True,True,NONE
TMS_TASK_015453,Engineering,SEC_045,CHAINAGE,TMS_TASK_015453,178.975,179.982,Track Parameter Deviation,B,2024-10-11,2024-10-29,0,Completed,63,Tamping Machine,90,10.966485,78.949703,179.478,LINEAR_SEGMENT_INTERPOLATION,0.98,33.2,33.2,5.3,5.3,0.84,0.33,63.22,40989,High,CLUST_SEC_045_0001,152,Engineering,True,1.0,True,True,True,True,True,True,True,NONE
TMS_TASK_006756,Engineering,SEC_045,CHAINAGE,TMS_TASK_006756,179.064,179.894,Track Parameter Deviation,A,2024-08-06,2024-08-12,0,Completed,141,Tamping Machine,90,10.966485,78.949703,179.479,LINEAR_SEGMENT_INTERPOLATION,0.98,33.2,33.2,5.3,5.3,0.84,0.33,83.65,3477,Critical,CLUST_SEC_045_0001,152,Engineering,True,1.0,True,True,True,True,True,True,True,NONE
TMS_TASK_024826,Engineering,SEC_045,CHAINAGE,TMS_TASK_024826,178.842,180.151,Ballast Issue,B,2024-10-06,2024-10-14,0,Completed,78,Ballast Cleaning Machine,120,10.966485,78.949703,179.497,LINEAR_SEGMENT_INTERPOLATION,0.98,33.2,33.2,5.3,5.3,0.84,0.33,63.22,40989,High,CLUST_SEC_045_0001,152,Engineering,True,1.0,True,True,True,True,True,True,True,NONE
TMS_TASK_012586,Engineering,SEC_045,CHAINAGE,TMS_TASK_012586,178.933,180.067,Rail Fracture Risk,C,2024-09-03,2024-10-13,0,Open,79,Engineering crew,180,10.966485,78.949703,179.5,LINEAR_SEGMENT_INTERPOLATION,0.98,33.2,33.2,5.3,5.3,0.84,0.33,48.3,68883,Medium,CLUST_SEC_045_0001,152,Engineering,True,1.0,True,True,True,True,True,True,True,NONE
TMS_TASK_000095,Engineering,SEC_045,CHAINAGE,TMS_TASK_000095,179.242,179.781,Deep Screening Overdue,B,2024-09-01,2024-09-14,0,In-Progress,108,Ballast Cleaning Machine,240,10.966485,78.949703,179.512,LINEAR_SEGMENT_INTERPOLATION,0.98,33.2,33.2,5.3,5.3,0.84,0.33,63.22,40989,High,CLUST_SEC_045_0001,152,Engineering,True,1.0,True,True,True,True,True,True,True,NONE
TMS_TASK_020876,Engineering,SEC_045,CHAINAGE,TMS_TASK_020876,178.886,180.145,Weld Failure,B,2024-01-31,2024-02-10,0,Open,325,Engineering crew,120,10.966485,78.949703,179.516,LINEAR_SEGMENT_INTERPOLATION,0.98,33.2,33.2,5.3,5.3,0.84,0.33,63.22,40989,High,CLUST_SEC_045_0001,152,Engineering,True,1.0,True,True,True,True,True,True,True,NONE
TMS_TASK_021925,Engineering,SEC_045,CHAINAGE,TMS_TASK_021925,178.952,180.115,Weld Failure,B,2024-12-31,2025-01-18,0,Deferred,0,Engineering crew,120,10.966485,78.949703,179.534,LINEAR_SEGMENT_INTERPOLATION,0.98,33.2,33.2,5.3,5.3,0.84,0.33,30.05,77903,Medium,CLUST_SEC_045_0001,152,Engineering,True,1.0,True,True,True,True,True,True,True,NONE
TMS_TASK_005325,Engineering,SEC_045,CHAINAGE,TMS_TASK_005325,179.105,179.982,Track Parameter Deviation,A,2024-07-28,2024-08-04,0,Completed,149,Tamping Machine,90,10.966485,78.949703,179.543,LINEAR_SEGMENT_INTERPOLATION,0.98,33.2,33.2,5.3,5.3,0.84,0.33,83.65,3477,Critical,CLUST_SEC_045_0001,152,Engineering,True,1.0,True,True,True,True,True,True,True,NONE
TMS_TASK_003109,Engineering,SEC_045,CHAINAGE,TMS_TASK_003109,178.953,180.142,Weld Failure,B,2024-08-27,2024-09-03,3,Deferred,119,Engineering crew,120,10.966485,78.949703,179.548,LINEAR_SEGMENT_INTERPOLATION,0.98,33.2,33.2,5.3,5.3,0.84,0.33,76.62,30945,Critical,CLUST_SEC_045_0001,152,Engineering,True,1.0,True,True,True,True,True,True,True,NONE
TMS_TASK_014928,Engineering,SEC_045,CHAINAGE,TMS_TASK_014928,178.819,180.304,Ballast Issue,C,2024-12-07,2024-12-28,0,Open,3,Ballast Cleaning Machine,120,10.966485,78.949703,179.561,LINEAR_SEGMENT_INTERPOLATION,0.98,33.2,33.2,5.3,5.3,0.84,0.33,17.99,79356,Low,CLUST_SEC_045_0001,152,Engineering,True,1.0,True,True,True,True,True,True,True,NONE
TMS_TASK_007469,Engineering,SEC_045,CHAINAGE,TMS_TASK_007469,179.076,180.096,Ballast Issue,B,2024-08-14,2024-08-30,0,Completed,123,Ballast Cleaning Machine,120,10.966485,78.949703,179.586,LINEAR_SEGMENT_INTERPOLATION,0.98,33.2,33.2,5.3,5.3,0.84,0.33,63.22,40989,High,CLUST_SEC_045_0001,152,Engineering,True,1.0,True,True,True,True,True,True,True,NONE
TMS_TASK_011524,Engineering,SEC_045,CHAINAGE,TMS_TASK_011524,179.156,180.028,Ballast Issue,B,2024-01-03,2024-01-24,0,Open,342,Ballast Cleaning Machine,120,10.966485,78.949703,179.592,LINEAR_SEGMENT_INTERPOLATION,0.98,33.2,33.2,5.3,5.3,0.84,0.33,63.22,40989,High,CLUST_SEC_045_0001,152,Engineering,True,1.0,True,True,True,True,True,True,True,NONE
TMS_TASK_023527,Engineering,SEC_045,CHAINAGE,TMS_TASK_023527,179.541,179.671,Rail Fracture Risk,B,2024-10-16,2024-10-28,1,Deferred,64,Engineering crew,180,10.966485,78.949703,179.606,LINEAR_SEGMENT_INTERPOLATION,0.98,33.2,33.2,5.3,5.3,0.84,0.33,67.45,36608,High,CLUST_SEC_045_0001,152,Engineering,True,1.0,True,True,True,True,True,True,True,NONE
TMS_TASK_003330,Engineering,SEC_045,CHAINAGE,TMS_TASK_003330,179.116,180.115,Deep Screening Overdue,C,2024-05-01,2024-06-14,0,Deferred,200,Ballast Cleaning Machine,240,10.966485,78.949703,179.615,LINEAR_SEGMENT_INTERPOLATION,0.98,33.2,33.2,5.3,5.3,0.84,0.33,48.3,68883,Medium,CLUST_SEC_045_0001,152,Engineering,True,1.0,True,True,True,True,True,True,True,NONE
TMS_TASK_019685,Engineering,SEC_045,CHAINAGE,TMS_TASK_019685,178.942,180.336,Rail Fracture Risk,A,2024-02-25,2024-03-02,0,In-Progress,304,Engineering crew,180,10.966485,78.949703,179.639,LINEAR_SEGMENT_INTERPOLATION,0.98,33.2,33.2,5.3,5.3,0.84,0.33,83.65,3477,Critical,CLUST_SEC_045_0001,152,Engineering,True,1.0,True,True,True,True,True,True,True,NONE
TMS_TASK_021692,Engineering,SEC_045,CHAINAGE,TMS_TASK_021692,179.611,179.684,Weld Failure,B,2024-03-07,2024-03-22,0,Completed,284,Engineering crew,120,10.966485,78.949703,179.647,LINEAR_SEGMENT_INTERPOLATION,0.98,33.2,33.2,5.3,5.3,0.84,0.33,63.22,40989,High,CLUST_SEC_045_0001,152,Engineering,True,1.0,True,True,True,True,True,True,True,NONE
TMS_TASK_026865,Engineering,SEC_045,CHAINAGE,TMS_TASK_026865,179.177,180.12,Ballast Issue,B,2024-10-15,2024-11-04,1,Deferred,57,Ballast Cleaning Machine,120,10.966485,78.949703,179.649,LINEAR_SEGMENT_INTERPOLATION,0.98,33.2,33.2,5.3,5.3,0.84,0.33,67.45,36608,High,CLUST_SEC_045_0001,152,Engineering,True,1.0,True,True,True,True,True,True,True,NONE
TMS_TASK_008048,Engineering,SEC_045,CHAINAGE,TMS_TASK_008048,179.333,179.983,Track Parameter Deviation,B,2024-06-05,2024-06-23,3,Deferred,191,Tamping Machine,90,10.966485,78.949703,179.658,LINEAR_SEGMENT_INTERPOLATION,0.98,33.2,33.2,5.3,5.3,0.84,0.33,76.62,30945,Critical,CLUST_SEC_045_0001,152,Engineering,True,1.0,True,True,True,True,True,True,True,NONE
TMS_TASK_000642,Engineering,SEC_045,CHAINAGE,TMS_TASK_000642,179.121,180.202,Deep Screening Overdue,A,2024-04-26,2024-04-30,0,Open,245,Ballast Cleaning Machine,240,10.966485,78.949703,179.661,LINEAR_SEGMENT_INTERPOLATION,0.98,33.2,33.2,5.3,5.3,0.84,0.33,83.65,3477,Critical,CLUST_SEC_045_0001,152,Engineering,True,1.0,True,True,True,True,True,True,True,NONE
TMS_TASK_015167,Engineering,SEC_045,CHAINAGE,TMS_TASK_015167,179.091,180.257,Deep Screening Overdue,B,2024-01-05,2024-01-22,1,Deferred,344,Ballast Cleaning Machine,240,10.966485,78.949703,179.674,LINEAR_SEGMENT_INTERPOLATION,0.98,33.2,33.2,5.3,5.3,0.84,0.33,67.45,36608,High,CLUST_SEC_045_0001,152,Engineering,True,1.0,True,True,True,True,True,True,True,NONE
TMS_TASK_003298,Engineering,SEC_045,CHAINAGE,TMS_TASK_003298,179.269,180.1,Ballast Issue,B,2024-08-20,2024-09-09,0,In-Progress,113,Ballast Cleaning Machine,120,10.966485,78.949703,179.685,LINEAR_SEGMENT_INTERPOLATION,0.98,33.2,33.2,5.3,5.3,0.84,0.33,63.22,40989,High,CLUST_SEC_045_0001,152,Engineering,True,1.0,True,True,True,True,True,True,True,NONE
TMS_TASK_022659,Engineering,SEC_045,CHAINAGE,TMS_TASK_022659,179.018,180.354,Deep Screening Overdue,B,2024-10-02,2024-10-16,4,Deferred,76,Ballast Cleaning Machine,240,10.966485,78.949703,179.686,LINEAR_SEGMENT_INTERPOLATION,0.98,33.2,33.2,5.3,5.3,0.84,0.33,81.11,28211,Critical,CLUST_SEC_045_0001,152,Engineering,True,1.0,True,True,True,True,True,True,True,NONE
TMS_TASK_029870,Engineering,SEC_045,CHAINAGE,TMS_TASK_029870,179.105,180.274,Rail Fracture Risk,A,2024-02-06,2024-02-07,0,Open,328,Engineering crew,180,10.966485,78.949703,179.69,LINEAR_SEGMENT_INTERPOLATION,0.98,33.2,33.2,5.3,5.3,0.84,0.33,83.65,3477,Critical,CLUST_SEC_045_0001,152,Engineering,True,1.0,True,True,True,True,True,True,True,NONE
TMS_TASK_013145,Engineering,SEC_045,CHAINAGE,TMS_TASK_013145,179.324,180.058,Rail Fracture Risk,A,2024-08-13,2024-08-16,0,Open,137,Engineering crew,180,10.966485,78.949703,179.691,LINEAR_SEGMENT_INTERPOLATION,0.98,33.2,33.2,5.3,5.3,0.84,0.33,83.65,3477,Critical,CLUST_SEC_045_0001,152,Engineering,True,1.0,True,True,True,True,True,True,True,NONE
TMS_TASK_005239,Engineering,SEC_045,CHAINAGE,TMS_TASK_005239,178.975,180.437,Rail Fracture Risk,C,2024-03-19,2024-04-30,0,In-Progress,245,Engineering crew,180,10.966485,78.949703,179.706,LINEAR_SEGMENT_INTERPOLATION,0.98,33.2,33.2,5.3,5.3,0.84,0.33,48.3,68883,Medium,CLUST_SEC_045_0001,152,Engineering,True,1.0,True,True,True,True,True,True,True,NONE
TMS_TASK_023423,Engineering,SEC_045,CHAINAGE,TMS_TASK_023423,178.967,180.467,Rail Fracture Risk,A,2024-01-29,2024-02-03,0,Completed,332,Engineering crew,180,10.966485,78.949703,179.717,LINEAR_SEGMENT_INTERPOLATION,0.98,33.2,33.2,5.3,5.3,0.84,0.33,83.65,3477,Critical,CLUST_SEC_045_0001,152,Engineering,True,1.0,True,True,True,True,True,True,True,NONE
TMS_TASK_008389,Engineering,SEC_045,CHAINAGE,TMS_TASK_008389,179.328,180.141,Track Parameter Deviation,B,2024-09-13,2024-09-25,4,Open,97,Tamping Machine,90,10.966485,78.949703,179.734,LINEAR_SEGMENT_INTERPOLATION,0.98,33.2,33.2,5.3,5.3,0.84,0.33,81.11,28211,Critical,CLUST_SEC_045_0001,152,Engineering,True,1.0,True,True,True,True,True,True,True,NONE
TMS_TASK_025515,Engineering,SEC_045,CHAINAGE,TMS_TASK_025515,179.037,180.447,Rail Fracture Risk,A,2024-02-24,2024-02-26,0,Deferred,309,Engineering crew,180,10.966485,78.949703,179.742,LINEAR_SEGMENT_INTERPOLATION,0.98,33.2,33.2,5.3,5.3,0.84,0.33,83.65,3477,Critical,CLUST_SEC_045_0001,152,Engineering,True,1.0,True,True,True,True,True,True,True,NONE
TMS_TASK_010428,Engineering,SEC_045,CHAINAGE,TMS_TASK_010428,179.627,179.898,Ballast Issue,C,2024-07-01,2024-07-31,1,Open,153,Ballast Cleaning Machine,120,10.966485,78.949703,179.762,LINEAR_SEGMENT_INTERPOLATION,0.98,33.2,33.2,5.3,5.3,0.84,0.33,52.71,66410,High,CLUST_SEC_045_0001,152,Engineering,True,1.0,True,True,True,True,True,True,True,NONE
TMS_TASK_012868,Engineering,SEC_045,CHAINAGE,TMS_TASK_012868,179.117,180.463,Weld Failure,B,2024-08-13,2024-09-02,0,Open,120,Engineering crew,120,10.966485,78.949703,179.79,LINEAR_SEGMENT_INTERPOLATION,0.98,33.2,33.2,5.3,5.3,0.84,0.33,63.22,40989,High,CLUST_SEC_045_0001,152,Engineering,True,1.0,True,True,True,True,True,True,True,NONE
TMS_TASK_025144,Engineering,SEC_045,CHAINAGE,TMS_TASK_025144,179.113,180.507,Weld Failure,A,2024-11-27,2024-12-03,0,Completed,28,Engineering crew,120,10.966485,78.949703,179.81,LINEAR_SEGMENT_INTERPOLATION,0.98,33.2,33.2,5.3,5.3,0.84,0.33,81.05,30520,Critical,CLUST_SEC_045_0001,152,Engineering,True,1.0,True,True,True,True,True,True,True,NONE
TMS_TASK_001170,Engineering,SEC_045,CHAINAGE,TMS_TASK_001170,179.425,180.243,Ballast Issue,C,2024-02-10,2024-02-28,4,Deferred,307,Ballast Cleaning Machine,120,10.966485,78.949703,179.834,LINEAR_SEGMENT_INTERPOLATION,0.98,33.2,33.2,5.3,5.3,0.84,0.33,65.79,39346,High,CLUST_SEC_045_0001,152,Engineering,True,1.0,True,True,True,True,True,True,True,NONE
TMS_TASK_022111,Engineering,SEC_045,CHAINAGE,TMS_TASK_022111,179.216,180.488,Weld Failure,B,2024-03-31,2024-04-19,1,In-Progress,256,Engineering crew,120,10.966485,78.949703,179.852,LINEAR_SEGMENT_INTERPOLATION,0.98,33.2,33.2,5.3,5.3,0.84,0.33,67.45,36608,High,CLUST_SEC_045_0001,152,Engineering,True,1.0,True,True,True,True,True,True,True,NONE
TMS_TASK_024036,Engineering,SEC_045,CHAINAGE,TMS_TASK_024036,179.77,179.973,Deep Screening Overdue,B,2024-12-19,2024-12-31,2,Open,0,Ballast Cleaning Machine,240,10.966485,78.949703,179.872,LINEAR_SEGMENT_INTERPOLATION,0.98,33.2,33.2,5.3,5.3,0.84,0.33,39.0,76679,Medium,CLUST_SEC_045_0001,152,Engineering,True,1.0,True,True,True,True,True,True,True,NONE
TMS_TASK_008200,Engineering,SEC_045,CHAINAGE,TMS_TASK_008200,179.548,180.205,Weld Failure,C,2024-01-12,2024-01-28,2,In-Progress,338,Engineering crew,120,10.966485,78.949703,179.877,LINEAR_SEGMENT_INTERPOLATION,0.98,33.2,33.2,5.3,5.3,0.84,0.33,56.54,64416,High,CLUST_SEC_045_0001,152,Engineering,True,1.0,True,True,True,True,True,True,True,NONE
TMS_TASK_000324,Engineering,SEC_045,CHAINAGE,TMS_TASK_000324,179.37,180.406,Weld Failure,A,2024-04-13,2024-04-20,0,Open,255,Engineering crew,120,10.966485,78.949703,179.888,LINEAR_SEGMENT_INTERPOLATION,0.98,33.2,33.2,5.3,5.3,0.84,0.33,83.65,3477,Critical,CLUST_SEC_045_0001,152,Engineering,True,1.0,True,True,True,True,True,True,True,NONE
TMS_TASK_027460,Engineering,SEC_045,CHAINAGE,TMS_TASK_027460,179.338,180.447,Track Parameter Deviation,B,2024-08-28,2024-09-04,0,Completed,118,Tamping Machine,90,10.966485,78.949703,179.892,LINEAR_SEGMENT_INTERPOLATION,0.98,33.2,33.2,5.3,5.3,0.84,0.33,63.22,40989,High,CLUST_SEC_045_0001,152,Engineering,True,1.0,True,True,True,True,True,True,True,NONE
TMS_TASK_025827,Engineering,SEC_045,CHAINAGE,TMS_TASK_025827,179.71,180.138,Deep Screening Overdue,B,2024-07-16,2024-07-29,0,Open,155,Ballast Cleaning Machine,240,10.966485,78.949703,179.924,LINEAR_SEGMENT_INTERPOLATION,0.98,33.2,33.2,5.3,5.3,0.84,0.33,63.22,40989,High,CLUST_SEC_045_0001,152,Engineering,True,1.0,True,True,True,True,True,True,True,NONE
TMS_TASK_011194,Engineering,SEC_045,CHAINAGE,TMS_TASK_011194,179.807,180.092,Ballast Issue,A,2024-07-24,2024-07-27,0,Open,157,Ballast Cleaning Machine,120,10.966485,78.949703,179.95,LINEAR_SEGMENT_INTERPOLATION,0.98,33.2,33.2,5.3,5.3,0.84,0.33,83.65,3477,Critical,CLUST_SEC_045_0002,199,Engineering,True,1.0,True,True,True,True,True,True,True,NONE
TMS_TASK_013547,Engineering,SEC_045,CHAINAGE,TMS_TASK_013547,179.382,180.531,Ballast Issue,B,2024-10-17,2024-10-29,0,In-Progress,63,Ballast Cleaning Machine,120,10.966485,78.949703,179.957,LINEAR_SEGMENT_INTERPOLATION,0.98,33.2,33.2,5.3,5.3,0.84,0.33,63.22,40989,High,CLUST_SEC_045_0002,199,Engineering,True,1.0,True,True,True,True,True,True,True,NONE
TMS_TASK_012583,Engineering,SEC_045,CHAINAGE,TMS_TASK_012583,179.756,180.16,Rail Fracture Risk,A,2024-03-19,2024-03-25,0,Deferred,281,Engineering crew,180,10.966485,78.949703,179.958,LINEAR_SEGMENT_INTERPOLATION,0.98,33.2,33.2,5.3,5.3,0.84,0.33,83.65,3477,Critical,CLUST_SEC_045_0002,199,Engineering,True,1.0,True,True,True,True,True,True,True,NONE
TMS_TASK_015506,Engineering,SEC_045,CHAINAGE,TMS_TASK_015506,179.845,180.107,Weld Failure,A,2024-02-29,2024-03-02,0,Open,304,Engineering crew,120,10.966485,78.949703,179.976,LINEAR_SEGMENT_INTERPOLATION,0.98,33.2,33.2,5.3,5.3,0.84,0.33,83.65,3477,Critical,CLUST_SEC_045_0002,199,Engineering,True,1.0,True,True,True,True,True,True,True,NONE
TMS_TASK_010125,Engineering,SEC_045,CHAINAGE,TMS_TASK_010125,179.843,180.117,Deep Screening Overdue,B,2024-04-08,2024-04-16,0,Completed,259,Ballast Cleaning Machine,240,10.966485,78.949703,179.98,LINEAR_SEGMENT_INTERPOLATION,0.98,33.2,33.2,5.3,5.3,0.84,0.33,63.22,40989,High,CLUST_SEC_045_0002,199,Engineering,True,1.0,True,True,True,True,True,True,True,NONE
TMS_TASK_005513,Engineering,SEC_045,CHAINAGE,TMS_TASK_005513,179.959,180.018,Track Parameter Deviation,A,2024-04-27,2024-05-01,0,In-Progress,244,Tamping Machine,90,10.966485,78.949703,179.988,LINEAR_SEGMENT_INTERPOLATION,0.98,33.2,33.2,5.3,5.3,0.84,0.33,83.65,3477,Critical,CLUST_SEC_045_0002,199,Engineering,True,1.0,True,True,True,True,True,True,True,NONE
TMS_TASK_009739,Engineering,SEC_045,CHAINAGE,TMS_TASK_009739,179.601,180.377,Track Parameter Deviation,B,2024-04-24,2024-05-09,2,Open,236,Tamping Machine,90,10.966485,78.949703,179.989,LINEAR_SEGMENT_INTERPOLATION,0.98,33.2,33.2,5.3,5.3,0.84,0.33,71.85,33663,High,CLUST_SEC_045_0002,199,Engineering,True,1.0,True,True,True,True,True,True,True,NONE
TMS_TASK_014964,Engineering,SEC_045,CHAINAGE,TMS_TASK_014964,179.314,180.672,Weld Failure,C,2024-09-20,2024-10-11,0,Completed,81,Engineering crew,120,10.966485,78.949703,179.993,LINEAR_SEGMENT_INTERPOLATION,0.98,33.2,33.2,5.3,5.3,0.84,0.33,48.3,68883,Medium,CLUST_SEC_045_0002,199,Engineering,True,1.0,True,True,True,True,True,True,True,NONE
TMS_TASK_015784,Engineering,SEC_045,CHAINAGE,TMS_TASK_015784,179.394,180.598,Rail Fracture Risk,A,2024-06-23,2024-06-27,0,Completed,187,Engineering crew,180,10.966485,78.949703,179.996,LINEAR_SEGMENT_INTERPOLATION,0.98,33.2,33.2,5.3,5.3,0.84,0.33,83.65,3477,Critical,CLUST_SEC_045_0002,199,Engineering,True,1.0,True,True,True,True,True,True,True,NONE
TMS_TASK_001826,Engineering,SEC_045,CHAINAGE,TMS_TASK_001826,179.275,180.725,Weld Failure,A,2024-07-21,2024-07-27,0,Completed,157,Engineering crew,120,10.966485,78.949703,180.0,LINEAR_SEGMENT_INTERPOLATION,0.98,33.2,33.2,5.3,5.3,0.84,0.33,83.65,3477,Critical,CLUST_SEC_045_0002,199,Engineering,True,1.0,True,True,True,True,True,True,True,NONE
TMS_TASK_014516,Engineering,SEC_045,CHAINAGE,TMS_TASK_014516,179.947,180.077,Weld Failure,A,2024-01-13,2024-01-20,0,In-Progress,346,Engineering crew,120,10.966485,78.949703,180.012,LINEAR_SEGMENT_INTERPOLATION,0.98,33.2,33.2,5.3,5.3,0.84,0.33,83.65,3477,Critical,CLUST_SEC_045_0002,199,Engineering,True,1.0,True,True,True,True,True,True,True,NONE
TMS_TASK_020319,Engineering,SEC_045,CHAINAGE,TMS_TASK_020319,179.77,180.262,Deep Screening Overdue,B,2024-04-03,2024-04-11,0,Open,264,Ballast Cleaning Machine,240,10.966485,78.949703,180.016,LINEAR_SEGMENT_INTERPOLATION,0.98,33.2,33.2,5.3,5.3,0.84,0.33,63.22,40989,High,CLUST_SEC_045_0002,199,Engineering,True,1.0,True,True,True,True,True,True,True,NONE
TMS_TASK_020520,Engineering,SEC_045,CHAINAGE,TMS_TASK_020520,179.461,180.586,Weld Failure,A,2024-02-06,2024-02-13,0,Open,322,Engineering crew,120,10.966485,78.949703,180.024,LINEAR_SEGMENT_INTERPOLATION,0.98,33.2,33.2,5.3,5.3,0.84,0.33,83.65,3477,Critical,CLUST_SEC_045_0002,199,Engineering,True,1.0,True,True,True,True,True,True,True,NONE
TMS_TASK_008579,Engineering,SEC_045,CHAINAGE,TMS_TASK_008579,179.732,180.394,Weld Failure,B,2024-12-20,2024-12-30,0,Completed,1,Engineering crew,120,10.966485,78.949703,180.063,LINEAR_SEGMENT_INTERPOLATION,0.98,33.2,33.2,5.3,5.3,0.84,0.33,30.96,77788,Medium,CLUST_SEC_045_0002,199,Engineering,True,1.0,True,True,True,True,True,True,True,NONE
TMS_TASK_029070,Engineering,SEC_045,CHAINAGE,TMS_TASK_029070,179.997,180.141,Ballast Issue,B,2024-12-04,2024-12-12,0,Open,19,Ballast Cleaning Machine,120,10.966485,78.949703,180.069,LINEAR_SEGMENT_INTERPOLATION,0.98,33.2,33.2,5.3,5.3,0.84,0.33,51.23,68107,High,CLUST_SEC_045_0002,199,Engineering,True,1.0,True,True,True,True,True,True,True,NONE
TMS_TASK_022754,Engineering,SEC_045,CHAINAGE,TMS_TASK_022754,179.508,180.645,Track Parameter Deviation,B,2024-10-04,2024-10-25,0,Completed,67,Tamping Machine,90,10.966485,78.949703,180.077,LINEAR_SEGMENT_INTERPOLATION,0.98,33.2,33.2,5.3,5.3,0.84,0.33,63.22,40989,High,CLUST_SEC_045_0002,199,Engineering,True,1.0,True,True,True,True,True,True,True,NONE
TMS_TASK_027879,Engineering,SEC_045,CHAINAGE,TMS_TASK_027879,179.372,180.801,Rail Fracture Risk,A,2024-01-26,2024-01-30,0,Completed,336,Engineering crew,180,10.966485,78.949703,180.087,LINEAR_SEGMENT_INTERPOLATION,0.98,33.2,33.2,5.3,5.3,0.84,0.33,83.65,3477,Critical,CLUST_SEC_045_0002,199,Engineering,True,1.0,True,True,True,True,True,True,True,NONE
TMS_TASK_028740,Engineering,SEC_045,CHAINAGE,TMS_TASK_028740,179.956,180.217,Rail Fracture Risk,A,2024-06-21,2024-06-27,0,Completed,187,Engineering crew,180,10.966485,78.949703,180.087,LINEAR_SEGMENT_INTERPOLATION,0.98,33.2,33.2,5.3,5.3,0.84,0.33,83.65,3477,Critical,CLUST_SEC_045_0002,199,Engineering,True,1.0,True,True,True,True,True,True,True,NONE
TMS_TASK_015512,Engineering,SEC_045,CHAINAGE,TMS_TASK_015512,179.629,180.568,Track Parameter Deviation,A,2024-03-18,2024-03-19,0,Completed,287,Tamping Machine,90,10.966485,78.949703,180.099,LINEAR_SEGMENT_INTERPOLATION,0.98,33.2,33.2,5.3,5.3,0.84,0.33,83.65,3477,Critical,CLUST_SEC_045_0002,199,Engineering,True,1.0,True,True,True,True,True,True,True,NONE
TMS_TASK_003095,Engineering,SEC_045,CHAINAGE,TMS_TASK_003095,180.075,180.127,Ballast Issue,A,2024-10-16,2024-10-21,0,Deferred,71,Ballast Cleaning Machine,120,10.966485,78.949703,180.101,LINEAR_SEGMENT_INTERPOLATION,0.98,33.2,33.2,5.3,5.3,0.84,0.33,83.65,3477,Critical,CLUST_SEC_045_0002,199,Engineering,True,1.0,True,True,True,True,True,True,True,NONE
TMS_TASK_005865,Engineering,SEC_045,CHAINAGE,TMS_TASK_005865,180.023,180.237,Rail Fracture Risk,A,2024-06-26,2024-07-02,0,In-Progress,182,Engineering crew,180,10.966485,78.949703,180.13,LINEAR_SEGMENT_INTERPOLATION,0.98,33.2,33.2,5.3,5.3,0.84,0.33,83.65,3477,Critical,CLUST_SEC_045_0002,199,Engineering,True,1.0,True,True,True,True,True,True,True,NONE
TMS_TASK_012074,Engineering,SEC_045,CHAINAGE,TMS_TASK_012074,179.503,180.765,Deep Screening Overdue,B,2024-04-25,2024-05-09,0,Deferred,236,Ballast Cleaning Machine,240,10.966485,78.949703,180.134,LINEAR_SEGMENT_INTERPOLATION,0.98,33.2,33.2,5.3,5.3,0.84,0.33,63.22,40989,High,CLUST_SEC_045_0002,199,Engineering,True,1.0,True,True,True,True,True,True,True,NONE
TMS_TASK_025204,Engineering,SEC_045,CHAINAGE,TMS_TASK_025204,179.995,180.277,Deep Screening Overdue,B,2024-08-26,2024-09-14,0,In-Progress,108,Ballast Cleaning Machine,240,10.966485,78.949703,180.136,LINEAR_SEGMENT_INTERPOLATION,0.98,33.2,33.2,5.3,5.3,0.84,0.33,63.22,40989,High,CLUST_SEC_045_0002,199,Engineering,True,1.0,True,True,True,True,True,True,True,NONE
TMS_TASK_006967,Engineering,SEC_045,CHAINAGE,TMS_TASK_006967,180.011,180.278,Track Parameter Deviation,B,2024-02-13,2024-03-03,0,Open,303,Tamping Machine,90,10.966485,78.949703,180.144,LINEAR_SEGMENT_INTERPOLATION,0.98,33.2,33.2,5.3,5.3,0.84,0.33,63.22,40989,High,CLUST_SEC_045_0002,199,Engineering,True,1.0,True,True,True,True,True,True,True,NONE
TMS_TASK_004829,Engineering,SEC_045,CHAINAGE,TMS_TASK_004829,179.453,180.842,Track Parameter Deviation,A,2024-01-27,2024-02-01,0,Completed,334,Tamping Machine,90,10.966485,78.949703,180.148,LINEAR_SEGMENT_INTERPOLATION,0.98,33.2,33.2,5.3,5.3,0.84,0.33,83.65,3477,Critical,CLUST_SEC_045_0002,199,Engineering,True,1.0,True,True,True,True,True,True,True,NONE
TMS_TASK_020899,Engineering,SEC_045,CHAINAGE,TMS_TASK_020899,179.441,180.871,Weld Failure,A,2024-10-02,2024-10-09,0,In-Progress,83,Engineering crew,120,10.966485,78.949703,180.156,LINEAR_SEGMENT_INTERPOLATION,0.98,33.2,33.2,5.3,5.3,0.84,0.33,83.65,3477,Critical,CLUST_SEC_045_0002,199,Engineering,True,1.0,True,True,True,True,True,True,True,NONE
TMS_TASK_016106,Engineering,SEC_045,CHAINAGE,TMS_TASK_016106,179.923,180.395,Deep Screening Overdue,B,2024-01-03,2024-01-12,0,Completed,354,Ballast Cleaning Machine,240,10.966485,78.949703,180.159,LINEAR_SEGMENT_INTERPOLATION,0.98,33.2,33.2,5.3,5.3,0.84,0.33,63.22,40989,High,CLUST_SEC_045_0002,199,Engineering,True,1.0,True,True,True,True,True,True,True,NONE
TMS_TASK_017119,Engineering,SEC_045,CHAINAGE,TMS_TASK_017119,179.448,180.872,Track Parameter Deviation,C,2024-06-11,2024-07-21,0,Completed,163,Tamping Machine,90,10.966485,78.949703,180.16,LINEAR_SEGMENT_INTERPOLATION,0.98,33.2,33.2,5.3,5.3,0.84,0.33,48.3,68883,Medium,CLUST_SEC_045_0002,199,Engineering,True,1.0,True,True,True,True,True,True,True,NONE
TMS_TASK_009428,Engineering,SEC_045,CHAINAGE,TMS_TASK_009428,179.518,180.81,Weld Failure,A,2024-05-17,2024-05-18,0,In-Progress,227,Engineering crew,120,10.966485,78.949703,180.164,LINEAR_SEGMENT_INTERPOLATION,0.98,33.2,33.2,5.3,5.3,0.84,0.33,83.65,3477,Critical,CLUST_SEC_045_0002,199,Engineering,True,1.0,True,True,True,True,True,True,True,NONE
TMS_TASK_013986,Engineering,SEC_045,CHAINAGE,TMS_TASK_013986,180.112,180.248,Deep Screening Overdue,B,2024-05-13,2024-06-02,0,Open,212,Ballast Cleaning Machine,240,10.966485,78.949703,180.18,LINEAR_SEGMENT_INTERPOLATION,0.98,33.2,33.2,5.3,5.3,0.84,0.33,63.22,40989,High,CLUST_SEC_045_0002,199,Engineering,True,1.0,True,True,True,True,True,True,True,NONE
TMS_TASK_019451,Engineering,SEC_045,CHAINAGE,TMS_TASK_019451,179.727,180.639,Ballast Issue,C,2024-09-06,2024-10-10,0,Open,82,Ballast Cleaning Machine,120,10.966485,78.949703,180.183,LINEAR_SEGMENT_INTERPOLATION,0.98,33.2,33.2,5.3,5.3,0.84,0.33,48.3,68883,Medium,CLUST_SEC_045_0002,199,Engineering,True,1.0,True,True,True,True,True,True,True,NONE
TMS_TASK_013252,Engineering,SEC_045,CHAINAGE,TMS_TASK_013252,179.683,180.686,Track Parameter Deviation,C,2024-12-18,2025-01-30,1,Deferred,0,Tamping Machine,90,10.966485,78.949703,180.185,LINEAR_SEGMENT_INTERPOLATION,0.98,33.2,33.2,5.3,5.3,0.84,0.33,20.51,79196,Low,CLUST_SEC_045_0002,199,Engineering,True,1.0,True,True,True,True,True,True,True,NONE
TMS_TASK_028390,Engineering,SEC_045,CHAINAGE,TMS_TASK_028390,179.651,180.721,Ballast Issue,A,2024-02-26,2024-02-27,0,Completed,308,Ballast Cleaning Machine,120,10.966485,78.949703,180.186,LINEAR_SEGMENT_INTERPOLATION,0.98,33.2,33.2,5.3,5.3,0.84,0.33,83.65,3477,Critical,CLUST_SEC_045_0002,199,Engineering,True,1.0,True,True,True,True,True,True,True,NONE
TMS_TASK_015138,Engineering,SEC_045,CHAINAGE,TMS_TASK_015138,179.927,180.456,Ballast Issue,B,2024-08-05,2024-08-15,3,Deferred,138,Ballast Cleaning Machine,120,10.966485,78.949703,180.191,LINEAR_SEGMENT_INTERPOLATION,0.98,33.2,33.2,5.3,5.3,0.84,0.33,76.62,30945,Critical,CLUST_SEC_045_0002,199,Engineering,True,1.0,True,True,True,True,True,True,True,NONE
TMS_TASK_014004,Engineering,SEC_045,CHAINAGE,TMS_TASK_014004,180.151,180.281,Weld Failure,A,2024-01-06,2024-01-07,0,In-Progress,359,Engineering crew,120,10.966485,78.949703,180.216,LINEAR_SEGMENT_INTERPOLATION,0.98,33.2,33.2,5.3,5.3,0.84,0.33,83.65,3477,Critical,CLUST_SEC_045_0002,199,Engineering,True,1.0,True,True,True,True,True,True,True,NONE
TMS_TASK_017256,Engineering,SEC_045,CHAINAGE,TMS_TASK_017256,179.627,180.819,Rail Fracture Risk,B,2024-02-29,2024-03-18,0,In-Progress,288,Engineering crew,180,10.966485,78.949703,180.223,LINEAR_SEGMENT_INTERPOLATION,0.98,33.2,33.2,5.3,5.3,0.84,0.33,63.22,40989,High,CLUST_SEC_045_0002,199,Engineering,True,1.0,True,True,True,True,True,True,True,NONE
TMS_TASK_024116,Engineering,SEC_045,CHAINAGE,TMS_TASK_024116,180.116,180.367,Rail Fracture Risk,A,2024-01-22,2024-01-27,0,Completed,339,Engineering crew,180,10.966485,78.949703,180.242,LINEAR_SEGMENT_INTERPOLATION,0.98,33.2,33.2,5.3,5.3,0.84,0.33,83.65,3477,Critical,CLUST_SEC_045_0002,199,Engineering,True,1.0,True,True,True,True,True,True,True,NONE
TMS_TASK_008772,Engineering,SEC_045,CHAINAGE,TMS_TASK_008772,179.575,180.909,Ballast Issue,C,2024-04-06,2024-04-29,1,In-Progress,246,Ballast Cleaning Machine,120,10.966485,78.949703,180.242,LINEAR_SEGMENT_INTERPOLATION,0.98,33.2,33.2,5.3,5.3,0.84,0.33,52.71,66410,High,CLUST_SEC_045_0002,199,Engineering,True,1.0,True,True,True,True,True,True,True,NONE
TMS_TASK_004597,Engineering,SEC_045,CHAINAGE,TMS_TASK_004597,179.617,180.89,Weld Failure,B,2024-03-01,2024-03-21,0,In-Progress,285,Engineering crew,120,10.966485,78.949703,180.253,LINEAR_SEGMENT_INTERPOLATION,0.98,33.2,33.2,5.3,5.3,0.84,0.33,63.22,40989,High,CLUST_SEC_045_0002,199,Engineering,True,1.0,True,True,True,True,True,True,True,NONE
TMS_TASK_029648,Engineering,SEC_045,CHAINAGE,TMS_TASK_029648,179.75,180.766,Ballast Issue,C,2024-09-22,2024-10-09,2,Deferred,83,Ballast Cleaning Machine,120,10.966485,78.949703,180.258,LINEAR_SEGMENT_INTERPOLATION,0.98,33.2,33.2,5.3,5.3,0.84,0.33,56.54,64416,High,CLUST_SEC_045_0002,199,Engineering,True,1.0,True,True,True,True,True,True,True,NONE
TMS_TASK_018627,Engineering,SEC_045,CHAINAGE,TMS_TASK_018627,179.724,180.796,Track Parameter Deviation,B,2024-07-11,2024-07-26,0,Open,158,Tamping Machine,90,10.966485,78.949703,180.26,LINEAR_SEGMENT_INTERPOLATION,0.98,33.2,33.2,5.3,5.3,0.84,0.33,63.22,40989,High,CLUST_SEC_045_0002,199,Engineering,True,1.0,True,True,True,True,True,True,True,NONE
TMS_TASK_027487,Engineering,SEC_045,CHAINAGE,TMS_TASK_027487,179.885,180.652,Track Parameter Deviation,C,2024-04-21,2024-05-25,0,Completed,220,Tamping Machine,90,10.966485,78.949703,180.268,LINEAR_SEGMENT_INTERPOLATION,0.98,33.2,33.2,5.3,5.3,0.84,0.33,48.3,68883,Medium,CLUST_SEC_045_0002,199,Engineering,True,1.0,True,True,True,True,True,True,True,NONE
TMS_TASK_006191,Engineering,SEC_045,CHAINAGE,TMS_TASK_006191,179.935,180.602,Track Parameter Deviation,B,2024-10-22,2024-11-05,0,Open,56,Tamping Machine,90,10.966485,78.949703,180.269,LINEAR_SEGMENT_INTERPOLATION,0.98,33.2,33.2,5.3,5.3,0.84,0.33,63.22,40989,High,CLUST_SEC_045_0002,199,Engineering,True,1.0,True,True,True,True,True,True,True,NONE
TMS_TASK_000943,Engineering,SEC_045,CHAINAGE,TMS_TASK_000943,179.774,180.773,Track Parameter Deviation,B,2024-12-10,2024-12-22,0,Completed,9,Tamping Machine,90,10.966485,78.949703,180.274,LINEAR_SEGMENT_INTERPOLATION,0.98,33.2,33.2,5.3,5.3,0.84,0.33,40.21,76550,Medium,CLUST_SEC_045_0002,199,Engineering,True,1.0,True,True,True,True,True,True,True,NONE
TMS_TASK_017895,Engineering,SEC_045,CHAINAGE,TMS_TASK_017895,179.935,180.665,Track Parameter Deviation,C,2024-01-12,2024-01-26,0,Deferred,340,Tamping Machine,90,10.966485,78.949703,180.3,LINEAR_SEGMENT_INTERPOLATION,0.98,33.2,33.2,5.3,5.3,0.84,0.33,48.3,68883,Medium,CLUST_SEC_045_0002,199,Engineering,True,1.0,True,True,True,True,True,True,True,NONE
TMS_TASK_015284,Engineering,SEC_045,CHAINAGE,TMS_TASK_015284,179.591,181.073,Track Parameter Deviation,B,2024-09-07,2024-09-28,0,Deferred,94,Tamping Machine,90,10.966485,78.949703,180.332,LINEAR_SEGMENT_INTERPOLATION,0.98,33.2,33.2,5.3,5.3,0.84,0.33,63.22,40989,High,CLUST_SEC_045_0002,199,Engineering,True,1.0,True,True,True,True,True,True,True,NONE
TMS_TASK_022577,Engineering,SEC_045,CHAINAGE,TMS_TASK_022577,179.828,180.84,Rail Fracture Risk,A,2024-07-04,2024-07-05,0,In-Progress,179,Engineering crew,180,10.966485,78.949703,180.334,LINEAR_SEGMENT_INTERPOLATION,0.98,33.2,33.2,5.3,5.3,0.84,0.33,83.65,3477,Critical,CLUST_SEC_045_0002,199,Engineering,True,1.0,True,True,True,True,True,True,True,NONE
TMS_TASK_028904,Engineering,SEC_045,CHAINAGE,TMS_TASK_028904,180.244,180.435,Deep Screening Overdue,B,2024-08-08,2024-08-22,2,Deferred,131,Ballast Cleaning Machine,240,10.966485,78.949703,180.339,LINEAR_SEGMENT_INTERPOLATION,0.98,33.2,33.2,5.3,5.3,0.84,0.33,71.85,33663,High,CLUST_SEC_045_0002,199,Engineering,True,1.0,True,True,True,True,True,True,True,NONE
TMS_TASK_020261,Engineering,SEC_045,CHAINAGE,TMS_TASK_020261,179.758,180.958,Ballast Issue,B,2024-07-03,2024-07-17,0,Completed,167,Ballast Cleaning Machine,120,10.966485,78.949703,180.358,LINEAR_SEGMENT_INTERPOLATION,0.98,33.2,33.2,5.3,5.3,0.84,0.33,63.22,40989,High,CLUST_SEC_045_0002,199,Engineering,True,1.0,True,True,True,True,True,True,True,NONE
TMS_TASK_000220,Engineering,SEC_045,CHAINAGE,TMS_TASK_000220,179.931,180.792,Ballast Issue,B,2024-12-09,2024-12-18,0,Open,13,Ballast Cleaning Machine,120,10.966485,78.949703,180.362,LINEAR_SEGMENT_INTERPOLATION,0.98,33.2,33.2,5.3,5.3,0.84,0.33,44.39,75990,Medium,CLUST_SEC_045_0002,199,Engineering,True,1.0,True,True,True,True,True,True,True,NONE
TMS_TASK_012973,Engineering,SEC_045,CHAINAGE,TMS_TASK_012973,179.713,181.033,Track Parameter Deviation,C,2024-12-04,2025-01-15,0,In-Progress,0,Tamping Machine,90,10.966485,78.949703,180.373,LINEAR_SEGMENT_INTERPOLATION,0.98,33.2,33.2,5.3,5.3,0.84,0.33,15.14,79421,Low,CLUST_SEC_045_0002,199,Engineering,True,1.0,True,True,True,True,True,True,True,NONE
TMS_TASK_023472,Engineering,SEC_045,CHAINAGE,TMS_TASK_023472,179.995,180.804,Deep Screening Overdue,B,2024-07-13,2024-08-02,0,Completed,151,Ballast Cleaning Machine,240,10.966485,78.949703,180.399,LINEAR_SEGMENT_INTERPOLATION,0.98,33.2,33.2,5.3,5.3,0.84,0.33,63.22,40989,High,CLUST_SEC_045_0002,199,Engineering,True,1.0,True,True,True,True,True,True,True,NONE
TMS_TASK_029884,Engineering,SEC_045,CHAINAGE,TMS_TASK_029884,180.134,180.69,Weld Failure,B,2024-01-20,2024-02-08,4,Open,327,Engineering crew,120,10.966485,78.949703,180.412,LINEAR_SEGMENT_INTERPOLATION,0.98,33.2,33.2,5.3,5.3,0.84,0.33,81.11,28211,Critical,CLUST_SEC_045_0002,199,Engineering,True,1.0,True,True,True,True,True,True,True,NONE
TMS_TASK_024016,Engineering,SEC_045,CHAINAGE,TMS_TASK_024016,180.252,180.62,Track Parameter Deviation,C,2024-05-10,2024-06-01,3,In-Progress,213,Tamping Machine,90,10.966485,78.949703,180.436,LINEAR_SEGMENT_INTERPOLATION,0.98,33.2,33.2,5.3,5.3,0.84,0.33,60.98,62305,High,CLUST_SEC_045_0002,199,Engineering,True,1.0,True,True,True,True,True,True,True,NONE
TMS_TASK_014990,Engineering,SEC_045,CHAINAGE,TMS_TASK_014990,180.141,180.733,Ballast Issue,C,2024-08-03,2024-09-02,2,Deferred,120,Ballast Cleaning Machine,120,10.966485,78.949703,180.437,LINEAR_SEGMENT_INTERPOLATION,0.98,33.2,33.2,5.3,5.3,0.84,0.33,56.54,64416,High,CLUST_SEC_045_0002,199,Engineering,True,1.0,True,True,True,True,True,True,True,NONE
TMS_TASK_025502,Engineering,SEC_045,CHAINAGE,TMS_TASK_025502,180.407,180.475,Deep Screening Overdue,B,2024-10-17,2024-11-04,0,Open,57,Ballast Cleaning Machine,240,10.966485,78.949703,180.441,LINEAR_SEGMENT_INTERPOLATION,0.98,33.2,33.2,5.3,5.3,0.84,0.33,63.22,40989,High,CLUST_SEC_045_0002,199,Engineering,True,1.0,True,True,True,True,True,True,True,NONE
TMS_TASK_029269,Engineering,SEC_045,CHAINAGE,TMS_TASK_029269,179.985,180.913,Track Parameter Deviation,C,2024-04-13,2024-05-08,2,Open,237,Tamping Machine,90,10.966485,78.949703,180.449,LINEAR_SEGMENT_INTERPOLATION,0.98,33.2,33.2,5.3,5.3,0.84,0.33,56.54,64416,High,CLUST_SEC_045_0002,199,Engineering,True,1.0,True,True,True,True,True,True,True,NONE
TMS_TASK_020334,Engineering,SEC_045,CHAINAGE,TMS_TASK_020334,180.424,180.477,Deep Screening Overdue,A,2024-11-12,2024-11-18,0,In-Progress,43,Ballast Cleaning Machine,240,10.966485,78.949703,180.451,LINEAR_SEGMENT_INTERPOLATION,0.98,33.2,33.2,5.3,5.3,0.84,0.33,83.53,27284,Critical,CLUST_SEC_045_0002,199,Engineering,True,1.0,True,True,True,True,True,True,True,NONE
TMS_TASK_001287,Engineering,SEC_045,CHAINAGE,TMS_TASK_001287,180.421,180.512,Track Parameter Deviation,B,2024-11-27,2024-12-13,1,Deferred,18,Tamping Machine,90,10.966485,78.949703,180.466,LINEAR_SEGMENT_INTERPOLATION,0.98,33.2,33.2,5.3,5.3,0.84,0.33,54.8,66036,High,CLUST_SEC_045_0002,199,Engineering,True,1.0,True,True,True,True,True,True,True,NONE
TMS_TASK_013002,Engineering,SEC_045,CHAINAGE,TMS_TASK_013002,180.469,180.572,Weld Failure,C,2024-12-20,2025-01-29,0,Completed,0,Engineering crew,120,10.966485,78.949703,180.52,LINEAR_SEGMENT_INTERPOLATION,0.98,33.2,33.2,5.3,5.3,0.84,0.33,15.14,79421,Low,CLUST_SEC_045_0002,199,Engineering,True,1.0,True,True,True,True,True,True,True,NONE
TMS_TASK_028307,Engineering,SEC_045,CHAINAGE,TMS_TASK_028307,179.983,181.089,Track Parameter Deviation,B,2024-08-27,2024-09-03,0,Deferred,119,Tamping Machine,90,10.966485,78.949703,180.536,LINEAR_SEGMENT_INTERPOLATION,0.98,33.2,33.2,5.3,5.3,0.84,0.33,63.22,40989,High,CLUST_SEC_045_0002,199,Engineering,True,1.0,True,True,True,True,True,True,True,NONE
TMS_TASK_000067,Engineering,SEC_045,CHAINAGE,TMS_TASK_000067,180.094,180.982,Ballast Issue,B,2024-12-26,2025-01-06,0,Open,0,Ballast Cleaning Machine,120,10.966485,78.949703,180.538,LINEAR_SEGMENT_INTERPOLATION,0.98,33.2,33.2,5.3,5.3,0.84,0.33,30.05,77903,Medium,CLUST_SEC_045_0002,199,Engineering,True,1.0,True,True,True,True,True,True,True,NONE
TMS_TASK_021005,Engineering,SEC_045,CHAINAGE,TMS_TASK_021005,179.936,181.174,Weld Failure,A,2024-11-30,2024-12-03,0,Completed,28,Engineering crew,120,10.966485,78.949703,180.555,LINEAR_SEGMENT_INTERPOLATION,0.98,33.2,33.2,5.3,5.3,0.84,0.33,81.05,30520,Critical,CLUST_SEC_045_0002,199,Engineering,True,1.0,True,True,True,True,True,True,True,NONE
TMS_TASK_010464,Engineering,SEC_045,CHAINAGE,TMS_TASK_010464,180.033,181.096,Ballast Issue,C,2024-12-29,2025-01-21,4,Deferred,0,Ballast Cleaning Machine,120,10.966485,78.949703,180.565,LINEAR_SEGMENT_INTERPOLATION,0.98,33.2,33.2,5.3,5.3,0.84,0.33,32.42,77526,Medium,CLUST_SEC_045_0002,199,Engineering,True,1.0,True,True,True,True,True,True,True,NONE
TMS_TASK_020463,Engineering,SEC_045,CHAINAGE,TMS_TASK_020463,180.499,180.662,Weld Failure,A,2024-01-19,2024-01-26,0,In-Progress,340,Engineering crew,120,10.966485,78.949703,180.581,LINEAR_SEGMENT_INTERPOLATION,0.98,33.2,33.2,5.3,5.3,0.84,0.33,83.65,3477,Critical,CLUST_SEC_045_0002,199,Engineering,True,1.0,True,True,True,True,True,True,True,NONE
TMS_TASK_000529,Engineering,SEC_045,CHAINAGE,TMS_TASK_000529,179.932,181.232,Track Parameter Deviation,C,2024-04-26,2024-05-10,0,Completed,235,Tamping Machine,90,10.966485,78.949703,180.582,LINEAR_SEGMENT_INTERPOLATION,0.98,33.2,33.2,5.3,5.3,0.84,0.33,48.3,68883,Medium,CLUST_SEC_045_0002,199,Engineering,True,1.0,True,True,True,True,True,True,True,NONE
TMS_TASK_006679,Engineering,SEC_045,CHAINAGE,TMS_TASK_006679,179.978,181.232,Weld Failure,B,2024-02-14,2024-02-21,0,Deferred,314,Engineering crew,120,10.966485,78.949703,180.605,LINEAR_SEGMENT_INTERPOLATION,0.98,33.2,33.2,5.3,5.3,0.84,0.33,63.22,40989,High,CLUST_SEC_045_0002,199,Engineering,True,1.0,True,True,True,True,True,True,True,NONE
TMS_TASK_007171,Engineering,SEC_045,CHAINAGE,TMS_TASK_007171,180.304,180.923,Track Parameter Deviation,C,2024-11-11,2024-11-25,4,Open,36,Tamping Machine,90,10.966485,78.949703,180.613,LINEAR_SEGMENT_INTERPOLATION,0.98,33.2,33.2,5.3,5.3,0.84,0.33,66.32,39211,High,CLUST_SEC_045_0002,199,Engineering,True,1.0,True,True,True,True,True,True,True,NONE
TMS_TASK_028296,Engineering,SEC_045,CHAINAGE,TMS_TASK_028296,179.952,181.291,Rail Fracture Risk,A,2024-11-15,2024-11-20,2,Deferred,41,Engineering crew,180,10.966485,78.949703,180.621,LINEAR_SEGMENT_INTERPOLATION,0.98,33.2,33.2,5.3,5.3,0.84,0.33,92.54,2486,Critical,CLUST_SEC_045_0002,199,Engineering,True,1.0,True,True,True,True,True,True,True,NONE
TMS_TASK_010421,Engineering,SEC_045,CHAINAGE,TMS_TASK_010421,180.45,180.815,Ballast Issue,B,2024-12-12,2024-12-28,0,Completed,3,Ballast Cleaning Machine,120,10.966485,78.949703,180.632,LINEAR_SEGMENT_INTERPOLATION,0.98,33.2,33.2,5.3,5.3,0.84,0.33,33.22,77455,Medium,CLUST_SEC_045_0002,199,Engineering,True,1.0,True,True,True,True,True,True,True,NONE
TMS_TASK_024054,Engineering,SEC_045,CHAINAGE,TMS_TASK_024054,180.603,180.697,Deep Screening Overdue,C,2024-12-12,2025-01-06,0,Deferred,0,Ballast Cleaning Machine,240,10.966485,78.949703,180.65,LINEAR_SEGMENT_INTERPOLATION,0.98,33.2,33.2,5.3,5.3,0.84,0.33,15.14,79421,Low,CLUST_SEC_045_0002,199,Engineering,True,1.0,True,True,True,True,True,True,True,NONE
TMS_TASK_008811,Engineering,SEC_045,CHAINAGE,TMS_TASK_008811,180.476,180.831,Weld Failure,A,2024-04-07,2024-04-13,0,Deferred,262,Engineering crew,120,10.966485,78.949703,180.654,LINEAR_SEGMENT_INTERPOLATION,0.98,33.2,33.2,5.3,5.3,0.84,0.33,83.65,3477,Critical,CLUST_SEC_045_0002,199,Engineering,True,1.0,True,True,True,True,True,True,True,NONE
TMS_TASK_014023,Engineering,SEC_045,CHAINAGE,TMS_TASK_014023,180.626,180.688,Rail Fracture Risk,A,2024-10-06,2024-10-08,0,Completed,84,Engineering crew,180,10.966485,78.949703,180.657,LINEAR_SEGMENT_INTERPOLATION,0.98,33.2,33.2,5.3,5.3,0.84,0.33,83.65,3477,Critical,CLUST_SEC_045_0002,199,Engineering,True,1.0,True,True,True,True,True,True,True,NONE
TMS_TASK_027776,Engineering,SEC_045,CHAINAGE,TMS_TASK_027776,180.305,181.11,Rail Fracture Risk,A,2024-10-14,2024-10-21,0,Completed,71,Engineering crew,180,10.966485,78.949703,180.708,LINEAR_SEGMENT_INTERPOLATION,0.98,33.2,33.2,5.3,5.3,0.84,0.33,83.65,3477,Critical,CLUST_SEC_045_0002,199,Engineering,True,1.0,True,True,True,True,True,True,True,NONE
TMS_TASK_016390,Engineering,SEC_045,CHAINAGE,TMS_TASK_016390,180.414,181.026,Weld Failure,A,2024-11-16,2024-11-18,0,Open,43,Engineering crew,120,10.966485,78.949703,180.72,LINEAR_SEGMENT_INTERPOLATION,0.98,33.2,33.2,5.3,5.3,0.84,0.33,83.53,27284,Critical,CLUST_SEC_045_0002,199,Engineering,True,1.0,True,True,True,True,True,True,True,NONE
TMS_TASK_014309,Engineering,SEC_045,CHAINAGE,TMS_TASK_014309,180.245,181.201,Deep Screening Overdue,B,2024-11-22,2024-12-13,2,In-Progress,18,Ballast Cleaning Machine,240,10.966485,78.949703,180.723,LINEAR_SEGMENT_INTERPOLATION,0.98,33.2,33.2,5.3,5.3,0.84,0.33,58.28,64150,High,CLUST_SEC_045_0002,199,Engineering,True,1.0,True,True,True,True,True,True,True,NONE
TMS_TASK_011396,Engineering,SEC_045,CHAINAGE,TMS_TASK_011396,180.185,181.282,Track Parameter Deviation,C,2024-02-05,2024-03-02,3,Deferred,304,Tamping Machine,90,10.966485,78.949703,180.733,LINEAR_SEGMENT_INTERPOLATION,0.98,33.2,33.2,5.3,5.3,0.84,0.33,60.98,62305,High,CLUST_SEC_045_0002,199,Engineering,True,1.0,True,True,True,True,True,True,True,NONE
TMS_TASK_007464,Engineering,SEC_045,CHAINAGE,TMS_TASK_007464,180.582,180.915,Rail Fracture Risk,B,2024-03-30,2024-04-19,0,In-Progress,256,Engineering crew,180,10.966485,78.949703,180.748,LINEAR_SEGMENT_INTERPOLATION,0.98,33.2,33.2,5.3,5.3,0.84,0.33,63.22,40989,High,CLUST_SEC_045_0002,199,Engineering,True,1.0,True,True,True,True,True,True,True,NONE
TMS_TASK_026420,Engineering,SEC_045,CHAINAGE,TMS_TASK_026420,180.098,181.422,Deep Screening Overdue,B,2024-07-07,2024-07-16,0,Completed,168,Ballast Cleaning Machine,240,10.966485,78.949703,180.76,LINEAR_SEGMENT_INTERPOLATION,0.98,33.2,33.2,5.3,5.3,0.84,0.33,63.22,40989,High,CLUST_SEC_045_0002,199,Engineering,True,1.0,True,True,True,True,True,True,True,NONE
TMS_TASK_012953,Engineering,SEC_045,CHAINAGE,TMS_TASK_012953,180.109,181.412,Track Parameter Deviation,B,2024-09-23,2024-10-14,0,Completed,78,Tamping Machine,90,10.966485,78.949703,180.761,LINEAR_SEGMENT_INTERPOLATION,0.98,33.2,33.2,5.3,5.3,0.84,0.33,63.22,40989,High,CLUST_SEC_045_0002,199,Engineering,True,1.0,True,True,True,True,True,True,True,NONE
TMS_TASK_027541,Engineering,SEC_045,CHAINAGE,TMS_TASK_027541,180.294,181.234,Weld Failure,A,2024-02-01,2024-02-08,0,Completed,327,Engineering crew,120,10.966485,78.949703,180.764,LINEAR_SEGMENT_INTERPOLATION,0.98,33.2,33.2,5.3,5.3,0.84,0.33,83.65,3477,Critical,CLUST_SEC_045_0002,199,Engineering,True,1.0,True,True,True,True,True,True,True,NONE
TMS_TASK_028074,Engineering,SEC_045,CHAINAGE,TMS_TASK_028074,180.246,181.307,Ballast Issue,C,2024-07-15,2024-08-06,3,Deferred,147,Ballast Cleaning Machine,120,10.966485,78.949703,180.776,LINEAR_SEGMENT_INTERPOLATION,0.98,33.2,33.2,5.3,5.3,0.84,0.33,60.98,62305,High,CLUST_SEC_045_0002,199,Engineering,True,1.0,True,True,True,True,True,True,True,NONE
TMS_TASK_010710,Engineering,SEC_045,CHAINAGE,TMS_TASK_010710,180.67,180.908,Rail Fracture Risk,A,2024-10-28,2024-11-01,0,Completed,60,Engineering crew,180,10.966485,78.949703,180.789,LINEAR_SEGMENT_INTERPOLATION,0.98,33.2,33.2,5.3,5.3,0.84,0.33,83.65,3477,Critical,CLUST_SEC_045_0002,199,Engineering,True,1.0,True,True,True,True,True,True,True,NONE
TMS_TASK_002113,Engineering,SEC_045,CHAINAGE,TMS_TASK_002113,180.766,180.823,Weld Failure,A,2024-04-20,2024-04-22,0,Open,253,Engineering crew,120,10.966485,78.949703,180.794,LINEAR_SEGMENT_INTERPOLATION,0.98,33.2,33.2,5.3,5.3,0.84,0.33,83.65,3477,Critical,CLUST_SEC_045_0002,199,Engineering,True,1.0,True,True,True,True,True,True,True,NONE
TMS_TASK_029000,Engineering,SEC_045,CHAINAGE,TMS_TASK_029000,180.578,181.03,Track Parameter Deviation,B,2024-03-04,2024-03-18,0,Completed,288,Tamping Machine,90,10.966485,78.949703,180.804,LINEAR_SEGMENT_INTERPOLATION,0.98,33.2,33.2,5.3,5.3,0.84,0.33,63.22,40989,High,CLUST_SEC_045_0002,199,Engineering,True,1.0,True,True,True,True,True,True,True,NONE
TMS_TASK_019367,Engineering,SEC_045,CHAINAGE,TMS_TASK_019367,180.194,181.434,Ballast Issue,C,2024-03-30,2024-04-20,0,In-Progress,255,Ballast Cleaning Machine,120,10.966485,78.949703,180.814,LINEAR_SEGMENT_INTERPOLATION,0.98,33.2,33.2,5.3,5.3,0.84,0.33,48.3,68883,Medium,CLUST_SEC_045_0002,199,Engineering,True,1.0,True,True,True,True,True,True,True,NONE
TMS_TASK_024162,Engineering,SEC_045,CHAINAGE,TMS_TASK_024162,180.386,181.293,Weld Failure,A,2024-02-04,2024-02-09,0,Open,326,Engineering crew,120,10.966485,78.949703,180.839,LINEAR_SEGMENT_INTERPOLATION,0.98,33.2,33.2,5.3,5.3,0.84,0.33,83.65,3477,Critical,CLUST_SEC_045_0002,199,Engineering,True,1.0,True,True,True,True,True,True,True,NONE
TMS_TASK_029426,Engineering,SEC_045,CHAINAGE,TMS_TASK_029426,180.325,181.454,Deep Screening Overdue,C,2024-03-31,2024-04-27,2,Deferred,248,Ballast Cleaning Machine,240,10.966485,78.949703,180.889,LINEAR_SEGMENT_INTERPOLATION,0.98,33.2,33.2,5.3,5.3,0.84,0.33,56.54,64416,High,CLUST_SEC_045_0002,199,Engineering,True,1.0,True,True,True,True,True,True,True,NONE
TMS_TASK_028806,Engineering,SEC_045,CHAINAGE,TMS_TASK_028806,180.68,181.116,Deep Screening Overdue,B,2024-01-29,2024-02-08,3,Deferred,327,Ballast Cleaning Machine,240,10.966485,78.949703,180.898,LINEAR_SEGMENT_INTERPOLATION,0.98,33.2,33.2,5.3,5.3,0.84,0.33,76.62,30945,Critical,CLUST_SEC_045_0002,199,Engineering,True,1.0,True,True,True,True,True,True,True,NONE
TMS_TASK_006264,Engineering,SEC_045,CHAINAGE,TMS_TASK_006264,180.231,181.572,Rail Fracture Risk,A,2024-03-13,2024-03-16,0,In-Progress,290,Engineering crew,180,10.966485,78.949703,180.901,LINEAR_SEGMENT_INTERPOLATION,0.98,33.2,33.2,5.3,5.3,0.84,0.33,83.65,3477,Critical,CLUST_SEC_045_0002,199,Engineering,True,1.0,True,True,True,True,True,True,True,NONE
TMS_TASK_018312,Engineering,SEC_045,CHAINAGE,TMS_TASK_018312,180.264,181.566,Rail Fracture Risk,A,2024-10-19,2024-10-21,3,Deferred,71,Engineering crew,180,10.966485,78.949703,180.915,LINEAR_SEGMENT_INTERPOLATION,0.98,33.2,33.2,5.3,5.3,0.84,0.33,96.41,819,Critical,CLUST_SEC_045_0002,199,Engineering,True,1.0,True,True,True,True,True,True,True,NONE
TMS_TASK_009519,Engineering,SEC_045,CHAINAGE,TMS_TASK_009519,180.42,181.446,Weld Failure,A,2024-08-12,2024-08-18,0,Deferred,135,Engineering crew,120,10.966485,78.949703,180.933,LINEAR_SEGMENT_INTERPOLATION,0.98,33.2,33.2,5.3,5.3,0.84,0.33,83.65,3477,Critical,CLUST_SEC_045_0002,199,Engineering,True,1.0,True,True,True,True,True,True,True,NONE
TMS_TASK_028206,Engineering,SEC_045,CHAINAGE,TMS_TASK_028206,180.48,181.403,Deep Screening Overdue,B,2024-08-24,2024-09-09,0,Completed,113,Ballast Cleaning Machine,240,10.966485,78.949703,180.941,LINEAR_SEGMENT_INTERPOLATION,0.98,33.2,33.2,5.3,5.3,0.84,0.33,63.22,40989,High,CLUST_SEC_045_0002,199,Engineering,True,1.0,True,True,True,True,True,True,True,NONE
TMS_TASK_020767,Engineering,SEC_045,CHAINAGE,TMS_TASK_020767,180.451,181.476,Weld Failure,B,2024-09-05,2024-09-26,1,Deferred,96,Engineering crew,120,10.966485,78.949703,180.964,LINEAR_SEGMENT_INTERPOLATION,0.98,33.2,33.2,5.3,5.3,0.84,0.33,67.45,36608,High,CLUST_SEC_045_0002,199,Engineering,True,1.0,True,True,True,True,True,True,True,NONE
TMS_TASK_026792,Engineering,SEC_045,CHAINAGE,TMS_TASK_026792,180.934,181.028,Track Parameter Deviation,A,2024-05-08,2024-05-12,0,In-Progress,233,Tamping Machine,90,10.966485,78.949703,180.981,LINEAR_SEGMENT_INTERPOLATION,0.98,33.2,33.2,5.3,5.3,0.84,0.33,83.65,3477,Critical,CLUST_SEC_045_0002,199,Engineering,True,1.0,True,True,True,True,True,True,True,NONE
TMS_TASK_003704,Engineering,SEC_045,CHAINAGE,TMS_TASK_003704,180.769,181.213,Track Parameter Deviation,C,2024-04-18,2024-05-31,0,Open,214,Tamping Machine,90,10.966485,78.949703,180.991,LINEAR_SEGMENT_INTERPOLATION,0.98,33.2,33.2,5.3,5.3,0.84,0.33,48.3,68883,Medium,CLUST_SEC_045_0002,199,Engineering,True,1.0,True,True,True,True,True,True,True,NONE
TMS_TASK_020990,Engineering,SEC_045,CHAINAGE,TMS_TASK_020990,180.689,181.326,Rail Fracture Risk,A,2024-09-17,2024-09-22,0,In-Progress,100,Engineering crew,180,10.966485,78.949703,181.007,LINEAR_SEGMENT_INTERPOLATION,0.98,33.2,33.2,5.3,5.3,0.84,0.33,83.65,3477,Critical,CLUST_SEC_045_0002,199,Engineering,True,1.0,True,True,True,True,True,True,True,NONE
TMS_TASK_000843,Engineering,SEC_045,CHAINAGE,TMS_TASK_000843,180.502,181.539,Track Parameter Deviation,C,2024-04-10,2024-05-16,3,Deferred,229,Tamping Machine,90,10.966485,78.949703,181.02,LINEAR_SEGMENT_INTERPOLATION,0.98,33.2,33.2,5.3,5.3,0.84,0.33,60.98,62305,High,CLUST_SEC_045_0002,199,Engineering,True,1.0,True,True,True,True,True,True,True,NONE
TMS_TASK_023903,Engineering,SEC_045,CHAINAGE,TMS_TASK_023903,180.303,181.767,Ballast Issue,B,2024-08-09,2024-08-18,0,Open,135,Ballast Cleaning Machine,120,10.966485,78.949703,181.035,LINEAR_SEGMENT_INTERPOLATION,0.98,33.2,33.2,5.3,5.3,0.84,0.33,63.22,40989,High,CLUST_SEC_045_0002,199,Engineering,True,1.0,True,True,True,True,True,True,True,NONE
TMS_TASK_021946,Engineering,SEC_045,CHAINAGE,TMS_TASK_021946,180.905,181.18,Weld Failure,A,2024-01-26,2024-02-02,0,Completed,333,Engineering crew,120,10.966485,78.949703,181.043,LINEAR_SEGMENT_INTERPOLATION,0.98,33.2,33.2,5.3,5.3,0.84,0.33,83.65,3477,Critical,CLUST_SEC_045_0002,199,Engineering,True,1.0,True,True,True,True,True,True,True,NONE
TMS_TASK_018219,Engineering,SEC_045,CHAINAGE,TMS_TASK_018219,180.718,181.381,Deep Screening Overdue,B,2024-03-03,2024-03-12,0,Open,294,Ballast Cleaning Machine,240,10.966485,78.949703,181.049,LINEAR_SEGMENT_INTERPOLATION,0.98,33.2,33.2,5.3,5.3,0.84,0.33,63.22,40989,High,CLUST_SEC_045_0002,199,Engineering,True,1.0,True,True,True,True,True,True,True,NONE
TMS_TASK_015958,Engineering,SEC_045,CHAINAGE,TMS_TASK_015958,180.767,181.334,Rail Fracture Risk,A,2024-03-03,2024-03-09,0,Completed,297,Engineering crew,180,10.966485,78.949703,181.05,LINEAR_SEGMENT_INTERPOLATION,0.98,33.2,33.2,5.3,5.3,0.84,0.33,83.65,3477,Critical,CLUST_SEC_045_0002,199,Engineering,True,1.0,True,True,True,True,True,True,True,NONE
TMS_TASK_028404,Engineering,SEC_045,CHAINAGE,TMS_TASK_028404,180.852,181.252,Ballast Issue,B,2024-06-16,2024-07-07,0,Open,177,Ballast Cleaning Machine,120,10.966485,78.949703,181.052,LINEAR_SEGMENT_INTERPOLATION,0.98,33.2,33.2,5.3,5.3,0.84,0.33,63.22,40989,High,CLUST_SEC_045_0002,199,Engineering,True,1.0,True,True,True,True,True,True,True,NONE
TMS_TASK_019371,Engineering,SEC_045,CHAINAGE,TMS_TASK_019371,181.029,181.101,Ballast Issue,B,2024-06-17,2024-06-25,0,Completed,189,Ballast Cleaning Machine,120,10.966485,78.949703,181.065,LINEAR_SEGMENT_INTERPOLATION,0.98,33.2,33.2,5.3,5.3,0.84,0.33,63.22,40989,High,CLUST_SEC_045_0002,199,Engineering,True,1.0,True,True,True,True,True,True,True,NONE
TMS_TASK_005240,Engineering,SEC_045,CHAINAGE,TMS_TASK_005240,180.998,181.139,Weld Failure,B,2024-07-22,2024-08-03,0,Open,150,Engineering crew,120,10.966485,78.949703,181.069,LINEAR_SEGMENT_INTERPOLATION,0.98,33.2,33.2,5.3,5.3,0.84,0.33,63.22,40989,High,CLUST_SEC_045_0002,199,Engineering,True,1.0,True,True,True,True,True,True,True,NONE
TMS_TASK_015567,Engineering,SEC_045,CHAINAGE,TMS_TASK_015567,180.583,181.558,Track Parameter Deviation,B,2024-03-26,2024-04-03,0,Open,272,Tamping Machine,90,10.966485,78.949703,181.07,LINEAR_SEGMENT_INTERPOLATION,0.98,33.2,33.2,5.3,5.3,0.84,0.33,63.22,40989,High,CLUST_SEC_045_0002,199,Engineering,True,1.0,True,True,True,True,True,True,True,NONE
TMS_TASK_026310,Engineering,SEC_045,CHAINAGE,TMS_TASK_026310,180.851,181.321,Track Parameter Deviation,A,2024-10-09,2024-10-14,0,Completed,78,Tamping Machine,90,10.966485,78.949703,181.086,LINEAR_SEGMENT_INTERPOLATION,0.98,33.2,33.2,5.3,5.3,0.84,0.33,83.65,3477,Critical,CLUST_SEC_045_0002,199,Engineering,True,1.0,True,True,True,True,True,True,True,NONE
TMS_TASK_008574,Engineering,SEC_045,CHAINAGE,TMS_TASK_008574,180.441,181.748,Deep Screening Overdue,B,2024-06-22,2024-07-01,0,Completed,183,Ballast Cleaning Machine,240,10.966485,78.949703,181.094,LINEAR_SEGMENT_INTERPOLATION,0.98,33.2,33.2,5.3,5.3,0.84,0.33,63.22,40989,High,CLUST_SEC_045_0002,199,Engineering,True,1.0,True,True,True,True,True,True,True,NONE
TMS_TASK_014598,Engineering,SEC_045,CHAINAGE,TMS_TASK_014598,180.85,181.344,Weld Failure,A,2024-09-08,2024-09-10,4,Deferred,112,Engineering crew,120,10.966485,78.949703,181.097,LINEAR_SEGMENT_INTERPOLATION,0.98,33.2,33.2,5.3,5.3,0.84,0.33,98.97,11,Critical,CLUST_SEC_045_0002,199,Engineering,True,1.0,True,True,True,True,True,True,True,NONE
TMS_TASK_023682,Engineering,SEC_045,CHAINAGE,TMS_TASK_023682,180.672,181.533,Weld Failure,A,2024-05-05,2024-05-11,0,Completed,234,Engineering crew,120,10.966485,78.949703,181.102,LINEAR_SEGMENT_INTERPOLATION,0.98,33.2,33.2,5.3,5.3,0.84,0.33,83.65,3477,Critical,CLUST_SEC_045_0002,199,Engineering,True,1.0,True,True,True,True,True,True,True,NONE
TMS_TASK_012701,Engineering,SEC_045,CHAINAGE,TMS_TASK_012701,180.685,181.541,Weld Failure,A,2024-03-20,2024-03-23,0,In-Progress,283,Engineering crew,120,10.966485,78.949703,181.113,LINEAR_SEGMENT_INTERPOLATION,0.98,33.2,33.2,5.3,5.3,0.84,0.33,83.65,3477,Critical,CLUST_SEC_045_0002,199,Engineering,True,1.0,True,True,True,True,True,True,True,NONE
TMS_TASK_028055,Engineering,SEC_045,CHAINAGE,TMS_TASK_028055,180.906,181.348,Rail Fracture Risk,A,2024-10-16,2024-10-22,0,Completed,70,Engineering crew,180,10.966485,78.949703,181.127,LINEAR_SEGMENT_INTERPOLATION,0.98,33.2,33.2,5.3,5.3,0.84,0.33,83.65,3477,Critical,CLUST_SEC_045_0002,199,Engineering,True,1.0,True,True,True,True,True,True,True,NONE
TMS_TASK_003384,Engineering,SEC_045,CHAINAGE,TMS_TASK_003384,180.574,181.684,Deep Screening Overdue,B,2024-05-17,2024-06-05,0,Completed,209,Ballast Cleaning Machine,240,10.966485,78.949703,181.129,LINEAR_SEGMENT_INTERPOLATION,0.98,33.2,33.2,5.3,5.3,0.84,0.33,63.22,40989,High,CLUST_SEC_045_0002,199,Engineering,True,1.0,True,True,True,True,True,True,True,NONE
TMS_TASK_002287,Engineering,SEC_045,CHAINAGE,TMS_TASK_002287,180.498,181.765,Deep Screening Overdue,B,2024-04-05,2024-04-25,0,In-Progress,250,Ballast Cleaning Machine,240,10.966485,78.949703,181.131,LINEAR_SEGMENT_INTERPOLATION,0.98,33.2,33.2,5.3,5.3,0.84,0.33,63.22,40989,High,CLUST_SEC_045_0002,199,Engineering,True,1.0,True,True,True,True,True,True,True,NONE
TMS_TASK_014547,Engineering,SEC_045,CHAINAGE,TMS_TASK_014547,180.859,181.405,Weld Failure,B,2024-06-18,2024-07-06,1,In-Progress,178,Engineering crew,120,10.966485,78.949703,181.132,LINEAR_SEGMENT_INTERPOLATION,0.98,33.2,33.2,5.3,5.3,0.84,0.33,67.45,36608,High,CLUST_SEC_045_0002,199,Engineering,True,1.0,True,True,True,True,True,True,True,NONE
TMS_TASK_021743,Engineering,SEC_045,CHAINAGE,TMS_TASK_021743,180.587,181.677,Weld Failure,B,2024-10-13,2024-10-25,0,Completed,67,Engineering crew,120,10.966485,78.949703,181.132,LINEAR_SEGMENT_INTERPOLATION,0.98,33.2,33.2,5.3,5.3,0.84,0.33,63.22,40989,High,CLUST_SEC_045_0002,199,Engineering,True,1.0,True,True,True,True,True,True,True,NONE
TMS_TASK_002633,Engineering,SEC_045,CHAINAGE,TMS_TASK_002633,180.508,181.757,Deep Screening Overdue,B,2024-04-03,2024-04-18,0,Completed,257,Ballast Cleaning Machine,240,10.966485,78.949703,181.132,LINEAR_SEGMENT_INTERPOLATION,0.98,33.2,33.2,5.3,5.3,0.84,0.33,63.22,40989,High,CLUST_SEC_045_0002,199,Engineering,True,1.0,True,True,True,True,True,True,True,NONE
TMS_TASK_004620,Engineering,SEC_045,CHAINAGE,TMS_TASK_004620,180.871,181.408,Ballast Issue,A,2024-05-15,2024-05-17,0,Completed,228,Ballast Cleaning Machine,120,10.966485,78.949703,181.139,LINEAR_SEGMENT_INTERPOLATION,0.98,33.2,33.2,5.3,5.3,0.84,0.33,83.65,3477,Critical,CLUST_SEC_045_0002,199,Engineering,True,1.0,True,True,True,True,True,True,True,NONE
TMS_TASK_019580,Engineering,SEC_045,CHAINAGE,TMS_TASK_019580,180.439,181.839,Deep Screening Overdue,B,2024-02-17,2024-02-28,0,Open,307,Ballast Cleaning Machine,240,10.966485,78.949703,181.139,LINEAR_SEGMENT_INTERPOLATION,0.98,33.2,33.2,5.3,5.3,0.84,0.33,63.22,40989,High,CLUST_SEC_045_0002,199,Engineering,True,1.0,True,True,True,True,True,True,True,NONE
TMS_TASK_010538,Engineering,SEC_045,CHAINAGE,TMS_TASK_010538,180.959,181.334,Rail Fracture Risk,A,2024-02-20,2024-02-21,4,Deferred,314,Engineering crew,180,10.966485,78.949703,181.147,LINEAR_SEGMENT_INTERPOLATION,0.98,33.2,33.2,5.3,5.3,0.84,0.33,98.97,11,Critical,CLUST_SEC_045_0002,199,Engineering,True,1.0,True,True,True,True,True,True,True,NONE
TMS_TASK_007257,Engineering,SEC_045,CHAINAGE,TMS_TASK_007257,180.618,181.698,Weld Failure,B,2024-10-10,2024-10-31,0,In-Progress,61,Engineering crew,120,10.966485,78.949703,181.158,LINEAR_SEGMENT_INTERPOLATION,0.98,33.2,33.2,5.3,5.3,0.84,0.33,63.22,40989,High,CLUST_SEC_045_0002,199,Engineering,True,1.0,True,True,True,True,True,True,True,NONE
TMS_TASK_002838,Engineering,SEC_045,CHAINAGE,TMS_TASK_002838,181.113,181.209,Track Parameter Deviation,B,2024-08-08,2024-08-28,4,Deferred,125,Tamping Machine,90,10.966485,78.949703,181.161,LINEAR_SEGMENT_INTERPOLATION,0.98,33.2,33.2,5.3,5.3,0.84,0.33,81.11,28211,Critical,CLUST_SEC_045_0002,199,Engineering,True,1.0,True,True,True,True,True,True,True,NONE
TMS_TASK_015325,Engineering,SEC_045,CHAINAGE,TMS_TASK_015325,180.967,181.401,Track Parameter Deviation,C,2024-01-29,2024-02-26,0,Completed,309,Tamping Machine,90,10.966485,78.949703,181.184,LINEAR_SEGMENT_INTERPOLATION,0.98,33.2,33.2,5.3,5.3,0.84,0.33,48.3,68883,Medium,CLUST_SEC_045_0002,199,Engineering,True,1.0,True,True,True,True,True,True,True,NONE
TMS_TASK_008573,Engineering,SEC_045,CHAINAGE,TMS_TASK_008573,181.114,181.33,Track Parameter Deviation,C,2024-01-17,2024-02-26,0,In-Progress,309,Tamping Machine,90,10.966485,78.949703,181.222,LINEAR_SEGMENT_INTERPOLATION,0.98,33.2,33.2,5.3,5.3,0.84,0.33,48.3,68883,Medium,CLUST_SEC_045_0002,199,Engineering,True,1.0,True,True,True,True,True,True,True,NONE
TMS_TASK_025974,Engineering,SEC_045,CHAINAGE,TMS_TASK_025974,181.079,181.373,Deep Screening Overdue,B,2024-05-20,2024-06-09,4,In-Progress,205,Ballast Cleaning Machine,240,10.966485,78.949703,181.226,LINEAR_SEGMENT_INTERPOLATION,0.98,33.2,33.2,5.3,5.3,0.84,0.33,81.11,28211,Critical,CLUST_SEC_045_0002,199,Engineering,True,1.0,True,True,True,True,True,True,True,NONE
TMS_TASK_029521,Engineering,SEC_045,CHAINAGE,TMS_TASK_029521,180.715,181.753,Ballast Issue,B,2024-10-08,2024-10-22,0,In-Progress,70,Ballast Cleaning Machine,120,10.966485,78.949703,181.234,LINEAR_SEGMENT_INTERPOLATION,0.98,33.2,33.2,5.3,5.3,0.84,0.33,63.22,40989,High,CLUST_SEC_045_0002,199,Engineering,True,1.0,True,True,True,True,True,True,True,NONE
TMS_TASK_014572,Engineering,SEC_045,CHAINAGE,TMS_TASK_014572,180.747,181.721,Track Parameter Deviation,B,2024-05-28,2024-06-11,0,In-Progress,203,Tamping Machine,90,10.966485,78.949703,181.234,LINEAR_SEGMENT_INTERPOLATION,0.98,33.2,33.2,5.3,5.3,0.84,0.33,63.22,40989,High,CLUST_SEC_045_0002,199,Engineering,True,1.0,True,True,True,True,True,True,True,NONE
TMS_TASK_028917,Engineering,SEC_045,CHAINAGE,TMS_TASK_028917,180.613,181.855,Ballast Issue,C,2024-02-08,2024-03-21,0,Open,285,Ballast Cleaning Machine,120,10.966485,78.949703,181.234,LINEAR_SEGMENT_INTERPOLATION,0.98,33.2,33.2,5.3,5.3,0.84,0.33,48.3,68883,Medium,CLUST_SEC_045_0002,199,Engineering,True,1.0,True,True,True,True,True,True,True,NONE
TMS_TASK_029188,Engineering,SEC_045,CHAINAGE,TMS_TASK_029188,180.785,181.691,Ballast Issue,C,2024-12-14,2025-01-21,0,Completed,0,Ballast Cleaning Machine,120,10.966485,78.949703,181.238,LINEAR_SEGMENT_INTERPOLATION,0.98,33.2,33.2,5.3,5.3,0.84,0.33,15.14,79421,Low,CLUST_SEC_045_0002,199,Engineering,True,1.0,True,True,True,True,True,True,True,NONE
TMS_TASK_008218,Engineering,SEC_045,CHAINAGE,TMS_TASK_008218,181.005,181.488,Ballast Issue,B,2024-01-21,2024-02-04,0,Completed,331,Ballast Cleaning Machine,120,10.966485,78.949703,181.246,LINEAR_SEGMENT_INTERPOLATION,0.98,33.2,33.2,5.3,5.3,0.84,0.33,63.22,40989,High,CLUST_SEC_045_0002,199,Engineering,True,1.0,True,True,True,True,True,True,True,NONE
TMS_TASK_022276,Engineering,SEC_045,CHAINAGE,TMS_TASK_022276,180.688,181.806,Weld Failure,B,2024-08-15,2024-09-02,0,Completed,120,Engineering crew,120,10.966485,78.949703,181.247,LINEAR_SEGMENT_INTERPOLATION,0.98,33.2,33.2,5.3,5.3,0.84,0.33,63.22,40989,High,CLUST_SEC_045_0002,199,Engineering,True,1.0,True,True,True,True,True,True,True,NONE
TMS_TASK_001354,Engineering,SEC_045,CHAINAGE,TMS_TASK_001354,180.558,181.95,Ballast Issue,C,2024-08-25,2024-09-18,1,In-Progress,104,Ballast Cleaning Machine,120,10.966485,78.949703,181.254,LINEAR_SEGMENT_INTERPOLATION,0.98,33.2,33.2,5.3,5.3,0.84,0.33,52.71,66410,High,CLUST_SEC_045_0002,199,Engineering,True,1.0,True,True,True,True,True,True,True,NONE
TMS_TASK_025742,Engineering,SEC_045,CHAINAGE,TMS_TASK_025742,180.854,181.665,Rail Fracture Risk,A,2024-06-03,2024-06-07,0,In-Progress,207,Engineering crew,180,10.966485,78.949703,181.26,LINEAR_SEGMENT_INTERPOLATION,0.98,33.2,33.2,5.3,5.3,0.84,0.33,83.65,3477,Critical,CLUST_SEC_045_0002,199,Engineering,True,1.0,True,True,True,True,True,True,True,NONE
TMS_TASK_008864,Engineering,SEC_045,CHAINAGE,TMS_TASK_008864,181.177,181.366,Ballast Issue,B,2024-01-11,2024-01-30,0,Open,336,Ballast Cleaning Machine,120,10.966485,78.949703,181.272,LINEAR_SEGMENT_INTERPOLATION,0.98,33.2,33.2,5.3,5.3,0.84,0.33,63.22,40989,High,CLUST_SEC_045_0002,199,Engineering,True,1.0,True,True,True,True,True,True,True,NONE
TMS_TASK_013140,Engineering,SEC_045,CHAINAGE,TMS_TASK_013140,181.012,181.546,Ballast Issue,C,2024-02-09,2024-03-18,3,Deferred,288,Ballast Cleaning Machine,120,10.966485,78.949703,181.279,LINEAR_SEGMENT_INTERPOLATION,0.98,33.2,33.2,5.3,5.3,0.84,0.33,60.98,62305,High,CLUST_SEC_045_0002,199,Engineering,True,1.0,True,True,True,True,True,True,True,NONE
TMS_TASK_010159,Engineering,SEC_045,CHAINAGE,TMS_TASK_010159,180.707,181.864,Deep Screening Overdue,B,2024-10-30,2024-11-18,4,Deferred,43,Ballast Cleaning Machine,240,10.966485,78.949703,181.286,LINEAR_SEGMENT_INTERPOLATION,0.98,33.2,33.2,5.3,5.3,0.84,0.33,81.11,28211,Critical,CLUST_SEC_045_0002,199,Engineering,True,1.0,True,True,True,True,True,True,True,NONE
TMS_TASK_012731,Engineering,SEC_045,CHAINAGE,TMS_TASK_012731,181.266,181.389,Weld Failure,B,2024-02-02,2024-02-11,2,Deferred,324,Engineering crew,120,10.966485,78.949703,181.327,LINEAR_SEGMENT_INTERPOLATION,0.98,33.2,33.2,5.3,5.3,0.84,0.33,71.85,33663,High,CLUST_SEC_045_0002,199,Engineering,True,1.0,True,True,True,True,True,True,True,NONE
TMS_TASK_023057,Engineering,SEC_045,CHAINAGE,TMS_TASK_023057,180.882,181.787,Rail Fracture Risk,A,2024-05-26,2024-05-29,0,Open,216,Engineering crew,180,10.966485,78.949703,181.334,LINEAR_SEGMENT_INTERPOLATION,0.98,33.2,33.2,5.3,5.3,0.84,0.33,83.65,3477,Critical,CLUST_SEC_045_0002,199,Engineering,True,1.0,True,True,True,True,True,True,True,NONE
TMS_TASK_027960,Engineering,SEC_045,CHAINAGE,TMS_TASK_027960,181.187,181.493,Weld Failure,B,2024-09-07,2024-09-16,0,Open,106,Engineering crew,120,10.966485,78.949703,181.34,LINEAR_SEGMENT_INTERPOLATION,0.98,33.2,33.2,5.3,5.3,0.84,0.33,63.22,40989,High,CLUST_SEC_045_0002,199,Engineering,True,1.0,True,True,True,True,True,True,True,NONE
TMS_TASK_007324,Engineering,SEC_045,CHAINAGE,TMS_TASK_007324,180.605,182.093,Rail Fracture Risk,A,2024-09-28,2024-10-02,0,In-Progress,90,Engineering crew,180,10.966485,78.949703,181.349,LINEAR_SEGMENT_INTERPOLATION,0.98,33.2,33.2,5.3,5.3,0.84,0.33,83.65,3477,Critical,CLUST_SEC_045_0002,199,Engineering,True,1.0,True,True,True,True,True,True,True,NONE
TMS_TASK_005249,Engineering,SEC_045,CHAINAGE,TMS_TASK_005249,181.078,181.635,Rail Fracture Risk,A,2024-03-10,2024-03-11,0,In-Progress,295,Engineering crew,180,10.966485,78.949703,181.356,LINEAR_SEGMENT_INTERPOLATION,0.98,33.2,33.2,5.3,5.3,0.84,0.33,83.65,3477,Critical,CLUST_SEC_045_0002,199,Engineering,True,1.0,True,True,True,True,True,True,True,NONE
TMS_TASK_010636,Engineering,SEC_045,CHAINAGE,TMS_TASK_010636,181.055,181.66,Track Parameter Deviation,B,2024-04-10,2024-04-27,0,Open,248,Tamping Machine,90,10.966485,78.949703,181.358,LINEAR_SEGMENT_INTERPOLATION,0.98,33.2,33.2,5.3,5.3,0.84,0.33,63.22,40989,High,CLUST_SEC_045_0002,199,Engineering,True,1.0,True,True,True,True,True,True,True,NONE
TMS_TASK_008375,Engineering,SEC_045,CHAINAGE,TMS_TASK_008375,180.91,181.821,Ballast Issue,B,2024-07-18,2024-08-08,0,Completed,145,Ballast Cleaning Machine,120,10.966485,78.949703,181.365,LINEAR_SEGMENT_INTERPOLATION,0.98,33.2,33.2,5.3,5.3,0.84,0.33,63.22,40989,High,CLUST_SEC_045_0002,199,Engineering,True,1.0,True,True,True,True,True,True,True,NONE
TMS_TASK_011473,Engineering,SEC_045,CHAINAGE,TMS_TASK_011473,180.946,181.803,Weld Failure,A,2024-08-27,2024-08-28,0,Open,125,Engineering crew,120,10.966485,78.949703,181.375,LINEAR_SEGMENT_INTERPOLATION,0.98,33.2,33.2,5.3,5.3,0.84,0.33,83.65,3477,Critical,CLUST_SEC_045_0002,199,Engineering,True,1.0,True,True,True,True,True,True,True,NONE
TMS_TASK_025001,Engineering,SEC_045,CHAINAGE,TMS_TASK_025001,180.971,181.804,Track Parameter Deviation,A,2024-02-20,2024-02-22,0,Completed,313,Tamping Machine,90,10.966485,78.949703,181.387,LINEAR_SEGMENT_INTERPOLATION,0.98,33.2,33.2,5.3,5.3,0.84,0.33,83.65,3477,Critical,CLUST_SEC_045_0002,199,Engineering,True,1.0,True,True,True,True,True,True,True,NONE
TMS_TASK_013526,Engineering,SEC_045,CHAINAGE,TMS_TASK_013526,180.907,181.919,Weld Failure,A,2024-08-20,2024-08-23,0,In-Progress,130,Engineering crew,120,10.966485,78.949703,181.413,LINEAR_SEGMENT_INTERPOLATION,0.98,33.2,33.2,5.3,5.3,0.84,0.33,83.65,3477,Critical,CLUST_SEC_045_0002,199,Engineering,True,1.0,True,True,True,True,True,True,True,NONE
TMS_TASK_026837,Engineering,SEC_045,CHAINAGE,TMS_TASK_026837,180.725,182.122,Rail Fracture Risk,A,2024-08-16,2024-08-21,0,In-Progress,132,Engineering crew,180,10.966485,78.949703,181.423,LINEAR_SEGMENT_INTERPOLATION,0.98,33.2,33.2,5.3,5.3,0.84,0.33,83.65,3477,Critical,CLUST_SEC_045_0002,199,Engineering,True,1.0,True,True,True,True,True,True,True,NONE
TMS_TASK_016702,Engineering,SEC_045,CHAINAGE,TMS_TASK_016702,180.812,182.042,Deep Screening Overdue,B,2024-11-04,2024-11-16,0,Completed,45,Ballast Cleaning Machine,240,10.966485,78.949703,181.427,LINEAR_SEGMENT_INTERPOLATION,0.98,33.2,33.2,5.3,5.3,0.84,0.33,63.22,40989,High,CLUST_SEC_045_0002,199,Engineering,True,1.0,True,True,True,True,True,True,True,NONE
TMS_TASK_011052,Engineering,SEC_045,CHAINAGE,TMS_TASK_011052,180.731,182.127,Deep Screening Overdue,B,2024-12-23,2025-01-04,0,Completed,0,Ballast Cleaning Machine,240,10.966485,78.949703,181.429,LINEAR_SEGMENT_INTERPOLATION,0.98,33.2,33.2,5.3,5.3,0.84,0.33,30.05,77903,Medium,CLUST_SEC_045_0002,199,Engineering,True,1.0,True,True,True,True,True,True,True,NONE
TMS_TASK_019654,Engineering,SEC_045,CHAINAGE,TMS_TASK_019654,181.309,181.562,Rail Fracture Risk,C,2024-05-05,2024-05-28,3,Deferred,217,Engineering crew,180,10.966485,78.949703,181.435,LINEAR_SEGMENT_INTERPOLATION,0.98,33.2,33.2,5.3,5.3,0.84,0.33,60.98,62305,High,CLUST_SEC_045_0002,199,Engineering,True,1.0,True,True,True,True,True,True,True,NONE
TMS_TASK_026827,Engineering,SEC_045,CHAINAGE,TMS_TASK_026827,180.769,182.108,Weld Failure,A,2024-11-27,2024-12-02,0,In-Progress,29,Engineering crew,120,10.966485,78.949703,181.439,LINEAR_SEGMENT_INTERPOLATION,0.98,33.2,33.2,5.3,5.3,0.84,0.33,81.89,28046,Critical,CLUST_SEC_045_0002,199,Engineering,True,1.0,True,True,True,True,True,True,True,NONE
TMS_TASK_021015,Engineering,SEC_045,CHAINAGE,TMS_TASK_021015,180.781,182.097,Rail Fracture Risk,A,2024-12-12,2024-12-19,4,Deferred,12,Engineering crew,180,10.966485,78.949703,181.439,LINEAR_SEGMENT_INTERPOLATION,0.98,33.2,33.2,5.3,5.3,0.84,0.33,81.29,28129,Critical,CLUST_SEC_045_0002,199,Engineering,True,1.0,True,True,True,True,True,True,True,NONE
TMS_TASK_014544,Engineering,SEC_045,CHAINAGE,TMS_TASK_014544,180.723,182.176,Weld Failure,A,2024-03-10,2024-03-12,0,Open,294,Engineering crew,120,10.966485,78.949703,181.45,LINEAR_SEGMENT_INTERPOLATION,0.98,33.2,33.2,5.3,5.3,0.84,0.33,83.65,3477,Critical,CLUST_SEC_045_0002,199,Engineering,True,1.0,True,True,True,True,True,True,True,NONE
TMS_TASK_023727,Engineering,SEC_045,CHAINAGE,TMS_TASK_023727,181.291,181.649,Ballast Issue,B,2024-04-25,2024-05-04,0,Completed,241,Ballast Cleaning Machine,120,10.966485,78.949703,181.47,LINEAR_SEGMENT_INTERPOLATION,0.98,33.2,33.2,5.3,5.3,0.84,0.33,63.22,40989,High,CLUST_SEC_045_0002,199,Engineering,True,1.0,True,True,True,True,True,True,True,NONE
TMS_TASK_002693,Engineering,SEC_045,CHAINAGE,TMS_TASK_002693,181.384,181.565,Weld Failure,A,2024-10-26,2024-10-29,0,Open,63,Engineering crew,120,10.966485,78.949703,181.474,LINEAR_SEGMENT_INTERPOLATION,0.98,33.2,33.2,5.3,5.3,0.84,0.33,83.65,3477,Critical,CLUST_SEC_045_0002,199,Engineering,True,1.0,True,True,True,True,True,True,True,NONE
TMS_TASK_009324,Engineering,SEC_045,CHAINAGE,TMS_TASK_009324,180.816,182.137,Ballast Issue,C,2024-11-16,2024-11-30,1,In-Progress,31,Ballast Cleaning Machine,120,10.966485,78.949703,181.476,LINEAR_SEGMENT_INTERPOLATION,0.98,33.2,33.2,5.3,5.3,0.84,0.33,52.27,67932,High,CLUST_SEC_045_0002,199,Engineering,True,1.0,True,True,True,True,True,True,True,NONE
TMS_TASK_023148,Engineering,SEC_045,CHAINAGE,TMS_TASK_023148,181.206,181.755,Weld Failure,B,2024-09-28,2024-10-09,1,In-Progress,83,Engineering crew,120,10.966485,78.949703,181.481,LINEAR_SEGMENT_INTERPOLATION,0.98,33.2,33.2,5.3,5.3,0.84,0.33,67.45,36608,High,CLUST_SEC_045_0002,199,Engineering,True,1.0,True,True,True,True,True,True,True,NONE
TMS_TASK_024622,Engineering,SEC_045,CHAINAGE,TMS_TASK_024622,180.825,182.142,Track Parameter Deviation,C,2024-05-10,2024-05-29,0,Open,216,Tamping Machine,90,10.966485,78.949703,181.483,LINEAR_SEGMENT_INTERPOLATION,0.98,33.2,33.2,5.3,5.3,0.84,0.33,48.3,68883,Medium,CLUST_SEC_045_0002,199,Engineering,True,1.0,True,True,True,True,True,True,True,NONE
TMS_TASK_020859,Engineering,SEC_045,CHAINAGE,TMS_TASK_020859,181.169,181.802,Ballast Issue,C,2024-03-21,2024-04-16,0,Completed,259,Ballast Cleaning Machine,120,10.966485,78.949703,181.486,LINEAR_SEGMENT_INTERPOLATION,0.98,33.2,33.2,5.3,5.3,0.84,0.33,48.3,68883,Medium,CLUST_SEC_045_0002,199,Engineering,True,1.0,True,True,True,True,True,True,True,NONE
TMS_TASK_029382,Engineering,SEC_045,CHAINAGE,TMS_TASK_029382,180.958,182.034,Rail Fracture Risk,B,2024-12-26,2025-01-14,0,Completed,0,Engineering crew,180,10.966485,78.949703,181.496,LINEAR_SEGMENT_INTERPOLATION,0.98,33.2,33.2,5.3,5.3,0.84,0.33,30.05,77903,Medium,CLUST_SEC_045_0002,199,Engineering,True,1.0,True,True,True,True,True,True,True,NONE
TMS_TASK_026981,Engineering,SEC_045,CHAINAGE,TMS_TASK_026981,180.906,182.116,Rail Fracture Risk,A,2024-09-22,2024-09-26,0,Completed,96,Engineering crew,180,10.966485,78.949703,181.511,LINEAR_SEGMENT_INTERPOLATION,0.98,33.2,33.2,5.3,5.3,0.84,0.33,83.65,3477,Critical,CLUST_SEC_045_0002,199,Engineering,True,1.0,True,True,True,True,True,True,True,NONE
TMS_TASK_019070,Engineering,SEC_045,CHAINAGE,TMS_TASK_019070,180.887,182.139,Deep Screening Overdue,A,2024-06-30,2024-07-01,0,Completed,183,Ballast Cleaning Machine,240,10.966485,78.949703,181.513,LINEAR_SEGMENT_INTERPOLATION,0.98,33.2,33.2,5.3,5.3,0.84,0.33,83.65,3477,Critical,CLUST_SEC_045_0002,199,Engineering,True,1.0,True,True,True,True,True,True,True,NONE
TMS_TASK_005071,Engineering,SEC_045,CHAINAGE,TMS_TASK_005071,180.863,182.17,Rail Fracture Risk,B,2024-10-12,2024-11-02,0,Completed,59,Engineering crew,180,10.966485,78.949703,181.517,LINEAR_SEGMENT_INTERPOLATION,0.98,33.2,33.2,5.3,5.3,0.84,0.33,63.22,40989,High,CLUST_SEC_045_0002,199,Engineering,True,1.0,True,True,True,True,True,True,True,NONE
TMS_TASK_018949,Engineering,SEC_045,CHAINAGE,TMS_TASK_018949,181.081,181.98,Track Parameter Deviation,B,2024-01-28,2024-02-13,0,Completed,322,Tamping Machine,90,10.966485,78.949703,181.53,LINEAR_SEGMENT_INTERPOLATION,0.98,33.2,33.2,5.3,5.3,0.84,0.33,63.22,40989,High,CLUST_SEC_045_0002,199,Engineering,True,1.0,True,True,True,True,True,True,True,NONE
TMS_TASK_028736,Engineering,SEC_045,CHAINAGE,TMS_TASK_028736,181.141,181.921,Rail Fracture Risk,A,2024-10-29,2024-11-02,0,Deferred,59,Engineering crew,180,10.966485,78.949703,181.531,LINEAR_SEGMENT_INTERPOLATION,0.98,33.2,33.2,5.3,5.3,0.84,0.33,83.65,3477,Critical,CLUST_SEC_045_0002,199,Engineering,True,1.0,True,True,True,True,True,True,True,NONE
TMS_TASK_002531,Engineering,SEC_045,CHAINAGE,TMS_TASK_002531,181.14,181.953,Ballast Issue,C,2024-09-17,2024-10-16,1,In-Progress,76,Ballast Cleaning Machine,120,10.966485,78.949703,181.546,LINEAR_SEGMENT_INTERPOLATION,0.98,33.2,33.2,5.3,5.3,0.84,0.33,52.71,66410,High,CLUST_SEC_045_0002,199,Engineering,True,1.0,True,True,True,True,True,True,True,NONE
TMS_TASK_019882,Engineering,SEC_045,CHAINAGE,TMS_TASK_019882,181.016,182.158,Ballast Issue,B,2024-03-10,2024-03-30,0,Completed,276,Ballast Cleaning Machine,120,10.966485,78.949703,181.587,LINEAR_SEGMENT_INTERPOLATION,0.98,33.2,33.2,5.3,5.3,0.84,0.33,63.22,40989,High,CLUST_SEC_045_0002,199,Engineering,True,1.0,True,True,True,True,True,True,True,NONE
TMS_TASK_004207,Engineering,SEC_045,CHAINAGE,TMS_TASK_004207,181.539,181.675,Deep Screening Overdue,B,2024-01-05,2024-01-26,1,Deferred,340,Ballast Cleaning Machine,240,10.966485,78.949703,181.607,LINEAR_SEGMENT_INTERPOLATION,0.98,33.2,33.2,5.3,5.3,0.84,0.33,67.45,36608,High,CLUST_SEC_045_0002,199,Engineering,True,1.0,True,True,True,True,True,True,True,NONE
TMS_TASK_010487,Engineering,SEC_045,CHAINAGE,TMS_TASK_010487,181.441,181.849,Ballast Issue,C,2024-06-15,2024-07-30,0,Open,154,Ballast Cleaning Machine,120,10.966485,78.949703,181.645,LINEAR_SEGMENT_INTERPOLATION,0.98,33.2,33.2,5.3,5.3,0.84,0.33,48.3,68883,Medium,CLUST_SEC_045_0002,199,Engineering,True,1.0,True,True,True,True,True,True,True,NONE
TMS_TASK_028510,Engineering,SEC_045,CHAINAGE,TMS_TASK_028510,181.05,182.26,Weld Failure,A,2024-06-26,2024-07-02,3,Open,182,Engineering crew,120,10.966485,78.949703,181.655,LINEAR_SEGMENT_INTERPOLATION,0.98,33.2,33.2,5.3,5.3,0.84,0.33,96.41,819,Critical,CLUST_SEC_045_0002,199,Engineering,True,1.0,True,True,True,True,True,True,True,NONE
TMS_TASK_001507,Engineering,SEC_045,CHAINAGE,TMS_TASK_001507,181.204,182.118,Rail Fracture Risk,A,2024-08-08,2024-08-12,0,Open,141,Engineering crew,180,10.966485,78.949703,181.661,LINEAR_SEGMENT_INTERPOLATION,0.98,33.2,33.2,5.3,5.3,0.84,0.33,83.65,3477,Critical,CLUST_SEC_045_0002,199,Engineering,True,1.0,True,True,True,True,True,True,True,NONE
TMS_TASK_007001,Engineering,SEC_045,CHAINAGE,TMS_TASK_007001,181.342,182.011,Weld Failure,A,2024-04-22,2024-04-25,0,Completed,250,Engineering crew,120,10.966485,78.949703,181.677,LINEAR_SEGMENT_INTERPOLATION,0.98,33.2,33.2,5.3,5.3,0.84,0.33,83.65,3477,Critical,CLUST_SEC_045_0002,199,Engineering,True,1.0,True,True,True,True,True,True,True,NONE
TMS_TASK_005192,Engineering,SEC_045,CHAINAGE,TMS_TASK_005192,181.257,182.101,Weld Failure,B,2024-04-24,2024-05-12,1,Deferred,233,Engineering crew,120,10.966485,78.949703,181.679,LINEAR_SEGMENT_INTERPOLATION,0.98,33.2,33.2,5.3,5.3,0.84,0.33,67.45,36608,High,CLUST_SEC_045_0002,199,Engineering,True,1.0,True,True,True,True,True,True,True,NONE
TMS_TASK_014672,Engineering,SEC_045,CHAINAGE,TMS_TASK_014672,181.521,181.875,Track Parameter Deviation,A,2024-07-17,2024-07-18,0,Open,166,Tamping Machine,90,10.966485,78.949703,181.698,LINEAR_SEGMENT_INTERPOLATION,0.98,33.2,33.2,5.3,5.3,0.84,0.33,83.65,3477,Critical,CLUST_SEC_045_0002,199,Engineering,True,1.0,True,True,True,True,True,True,True,NONE
TMS_TASK_018516,Engineering,SEC_045,CHAINAGE,TMS_TASK_018516,181.249,182.15,Ballast Issue,C,2024-01-21,2024-02-16,2,Deferred,319,Ballast Cleaning Machine,120,10.966485,78.949703,181.7,LINEAR_SEGMENT_INTERPOLATION,0.98,33.2,33.2,5.3,5.3,0.84,0.33,56.54,64416,High,CLUST_SEC_045_0002,199,Engineering,True,1.0,True,True,True,True,True,True,True,NONE
TMS_TASK_002778,Engineering,SEC_045,CHAINAGE,TMS_TASK_002778,181.009,182.413,Deep Screening Overdue,B,2024-02-03,2024-02-11,4,Deferred,324,Ballast Cleaning Machine,240,10.966485,78.949703,181.711,LINEAR_SEGMENT_INTERPOLATION,0.98,33.2,33.2,5.3,5.3,0.84,0.33,81.11,28211,Critical,CLUST_SEC_045_0002,199,Engineering,True,1.0,True,True,True,True,True,True,True,NONE
TMS_TASK_018453,Engineering,SEC_045,CHAINAGE,TMS_TASK_018453,181.337,182.087,Rail Fracture Risk,B,2024-09-09,2024-09-24,0,In-Progress,98,Engineering crew,180,10.966485,78.949703,181.712,LINEAR_SEGMENT_INTERPOLATION,0.98,33.2,33.2,5.3,5.3,0.84,0.33,63.22,40989,High,CLUST_SEC_045_0002,199,Engineering,True,1.0,True,True,True,True,True,True,True,NONE
TMS_TASK_007953,Engineering,SEC_045,CHAINAGE,TMS_TASK_007953,181.371,182.057,Deep Screening Overdue,C,2024-08-01,2024-09-08,0,Completed,114,Ballast Cleaning Machine,240,10.966485,78.949703,181.714,LINEAR_SEGMENT_INTERPOLATION,0.98,33.2,33.2,5.3,5.3,0.84,0.33,48.3,68883,Medium,CLUST_SEC_045_0002,199,Engineering,True,1.0,True,True,True,True,True,True,True,NONE
TMS_TASK_004450,Engineering,SEC_045,CHAINAGE,TMS_TASK_004450,181.595,181.838,Deep Screening Overdue,B,2024-04-11,2024-04-20,4,Deferred,255,Ballast Cleaning Machine,240,10.966485,78.949703,181.716,LINEAR_SEGMENT_INTERPOLATION,0.98,33.2,33.2,5.3,5.3,0.84,0.33,81.11,28211,Critical,CLUST_SEC_045_0002,199,Engineering,True,1.0,True,True,True,True,True,True,True,NONE
TMS_TASK_028758,Engineering,SEC_045,CHAINAGE,TMS_TASK_028758,181.035,182.442,Ballast Issue,C,2024-02-15,2024-03-13,2,Deferred,293,Ballast Cleaning Machine,120,10.966485,78.949703,181.738,LINEAR_SEGMENT_INTERPOLATION,0.98,33.2,33.2,5.3,5.3,0.84,0.33,56.54,64416,High,CLUST_SEC_045_0002,199,Engineering,True,1.0,True,True,True,True,True,True,True,NONE
TMS_TASK_014433,Engineering,SEC_045,CHAINAGE,TMS_TASK_014433,181.682,181.89,Ballast Issue,C,2024-01-27,2024-02-29,3,Deferred,306,Ballast Cleaning Machine,120,10.966485,78.949703,181.786,LINEAR_SEGMENT_INTERPOLATION,0.98,33.2,33.2,5.3,5.3,0.84,0.33,60.98,62305,High,CLUST_SEC_045_0002,199,Engineering,True,1.0,True,True,True,True,True,True,True,NONE
TMS_TASK_021246,Engineering,SEC_045,CHAINAGE,TMS_TASK_021246,181.115,182.464,Weld Failure,B,2024-06-15,2024-06-24,0,In-Progress,190,Engineering crew,120,10.966485,78.949703,181.79,LINEAR_SEGMENT_INTERPOLATION,0.98,33.2,33.2,5.3,5.3,0.84,0.33,63.22,40989,High,CLUST_SEC_045_0002,199,Engineering,True,1.0,True,True,True,True,True,True,True,NONE
TMS_TASK_020917,Engineering,SEC_045,CHAINAGE,TMS_TASK_020917,181.689,181.904,Ballast Issue,B,2024-02-09,2024-03-01,0,In-Progress,305,Ballast Cleaning Machine,120,10.966485,78.949703,181.796,LINEAR_SEGMENT_INTERPOLATION,0.98,33.2,33.2,5.3,5.3,0.84,0.33,63.22,40989,High,CLUST_SEC_045_0002,199,Engineering,True,1.0,True,True,True,True,True,True,True,NONE
TMS_TASK_028241,Engineering,SEC_045,CHAINAGE,TMS_TASK_028241,181.143,182.498,Rail Fracture Risk,A,2024-08-19,2024-08-24,1,Deferred,129,Engineering crew,180,10.966485,78.949703,181.82,LINEAR_SEGMENT_INTERPOLATION,0.98,33.2,33.2,5.3,5.3,0.84,0.33,87.36,2537,Critical,CLUST_SEC_045_0002,199,Engineering,True,1.0,True,True,True,True,True,True,True,NONE
TMS_TASK_004190,Engineering,SEC_045,CHAINAGE,TMS_TASK_004190,181.652,182.009,Ballast Issue,C,2024-01-18,2024-02-19,0,Completed,316,Ballast Cleaning Machine,120,10.966485,78.949703,181.83,LINEAR_SEGMENT_INTERPOLATION,0.98,33.2,33.2,5.3,5.3,0.84,0.33,48.3,68883,Medium,CLUST_SEC_045_0002,199,Engineering,True,1.0,True,True,True,True,True,True,True,NONE
TMS_TASK_011208,Engineering,SEC_045,CHAINAGE,TMS_TASK_011208,181.553,182.132,Ballast Issue,C,2024-07-06,2024-08-16,0,Completed,137,Ballast Cleaning Machine,120,10.966485,78.949703,181.843,LINEAR_SEGMENT_INTERPOLATION,0.98,33.2,33.2,5.3,5.3,0.84,0.33,48.3,68883,Medium,CLUST_SEC_045_0002,199,Engineering,True,1.0,True,True,True,True,True,True,True,NONE
TMS_TASK_026205,Engineering,SEC_045,CHAINAGE,TMS_TASK_026205,181.103,182.601,Deep Screening Overdue,B,2024-11-26,2024-12-14,4,Deferred,17,Ballast Cleaning Machine,240,10.966485,78.949703,181.852,LINEAR_SEGMENT_INTERPOLATION,0.98,33.2,33.2,5.3,5.3,0.84,0.33,66.98,39170,High,CLUST_SEC_045_0002,199,Engineering,True,1.0,True,True,True,True,True,True,True,NONE
TMS_TASK_021871,Engineering,SEC_045,CHAINAGE,TMS_TASK_021871,181.457,182.271,Rail Fracture Risk,A,2024-05-07,2024-05-13,3,Deferred,232,Engineering crew,180,10.966485,78.949703,181.864,LINEAR_SEGMENT_INTERPOLATION,0.98,33.2,33.2,5.3,5.3,0.84,0.33,96.41,819,Critical,CLUST_SEC_045_0002,199,Engineering,True,1.0,True,True,True,True,True,True,True,NONE
TMS_TASK_017983,Engineering,SEC_045,CHAINAGE,TMS_TASK_017983,181.373,182.365,Rail Fracture Risk,B,2024-02-26,2024-03-11,0,Open,295,Engineering crew,180,10.966485,78.949703,181.869,LINEAR_SEGMENT_INTERPOLATION,0.98,33.2,33.2,5.3,5.3,0.84,0.33,63.22,40989,High,CLUST_SEC_045_0002,199,Engineering,True,1.0,True,True,True,True,True,True,True,NONE
TMS_TASK_002114,Engineering,SEC_045,CHAINAGE,TMS_TASK_002114,181.653,182.097,Ballast Issue,B,2024-07-02,2024-07-11,0,Open,173,Ballast Cleaning Machine,120,10.966485,78.949703,181.875,LINEAR_SEGMENT_INTERPOLATION,0.98,33.2,33.2,5.3,5.3,0.84,0.33,63.22,40989,High,CLUST_SEC_045_0002,199,Engineering,True,1.0,True,True,True,True,True,True,True,NONE
TMS_TASK_018980,Engineering,SEC_045,CHAINAGE,TMS_TASK_018980,181.599,182.163,Rail Fracture Risk,A,2024-04-07,2024-04-08,0,Completed,267,Engineering crew,180,10.966485,78.949703,181.881,LINEAR_SEGMENT_INTERPOLATION,0.98,33.2,33.2,5.3,5.3,0.84,0.33,83.65,3477,Critical,CLUST_SEC_045_0002,199,Engineering,True,1.0,True,True,True,True,True,True,True,NONE
TMS_TASK_000740,Engineering,SEC_045,CHAINAGE,TMS_TASK_000740,181.67,182.105,Weld Failure,A,2024-11-18,2024-11-22,4,In-Progress,39,Engineering crew,120,10.966485,78.949703,181.887,LINEAR_SEGMENT_INTERPOLATION,0.98,33.2,33.2,5.3,5.3,0.84,0.33,99.12,1,Critical,CLUST_SEC_045_0002,199,Engineering,True,1.0,True,True,True,True,True,True,True,NONE
TMS_TASK_010553,Engineering,SEC_045,CHAINAGE,TMS_TASK_010553,181.272,182.517,Weld Failure,B,2024-12-01,2024-12-12,1,Deferred,19,Engineering crew,120,10.966485,78.949703,181.894,LINEAR_SEGMENT_INTERPOLATION,0.98,33.2,33.2,5.3,5.3,0.84,0.33,55.61,65930,High,CLUST_SEC_045_0002,199,Engineering,True,1.0,True,True,True,True,True,True,True,NONE
TMS_TASK_023107,Engineering,SEC_045,CHAINAGE,TMS_TASK_023107,181.859,181.975,Track Parameter Deviation,B,2024-03-14,2024-03-24,0,Completed,282,Tamping Machine,90,10.966485,78.949703,181.917,LINEAR_SEGMENT_INTERPOLATION,0.98,33.2,33.2,5.3,5.3,0.84,0.33,63.22,40989,High,CLUST_SEC_045_0002,199,Engineering,True,1.0,True,True,True,True,True,True,True,NONE
TMS_TASK_024408,Engineering,SEC_045,CHAINAGE,TMS_TASK_024408,181.236,182.599,Weld Failure,C,2024-08-31,2024-09-24,2,In-Progress,98,Engineering crew,120,10.966485,78.949703,181.917,LINEAR_SEGMENT_INTERPOLATION,0.98,33.2,33.2,5.3,5.3,0.84,0.33,56.54,64416,High,CLUST_SEC_045_0002,199,Engineering,True,1.0,True,True,True,True,True,True,True,NONE
TMS_TASK_012069,Engineering,SEC_045,CHAINAGE,TMS_TASK_012069,181.456,182.386,Ballast Issue,B,2024-10-16,2024-11-04,3,In-Progress,57,Ballast Cleaning Machine,120,10.966485,78.949703,181.921,LINEAR_SEGMENT_INTERPOLATION,0.98,33.2,33.2,5.3,5.3,0.84,0.33,76.62,30945,Critical,CLUST_SEC_045_0002,199,Engineering,True,1.0,True,True,True,True,True,True,True,NONE
TMS_TASK_005619,Engineering,SEC_045,CHAINAGE,TMS_TASK_005619,181.858,182.027,Deep Screening Overdue,B,2024-06-25,2024-07-05,4,In-Progress,179,Ballast Cleaning Machine,240,10.966485,78.949703,181.942,LINEAR_SEGMENT_INTERPOLATION,0.98,33.2,33.2,5.3,5.3,0.84,0.33,81.11,28211,Critical,CLUST_SEC_045_0002,199,Engineering,True,1.0,True,True,True,True,True,True,True,NONE
TMS_TASK_000345,Engineering,SEC_045,CHAINAGE,TMS_TASK_000345,181.896,181.99,Deep Screening Overdue,C,2024-08-20,2024-10-04,0,Open,88,Ballast Cleaning Machine,240,10.966485,78.949703,181.943,LINEAR_SEGMENT_INTERPOLATION,0.98,33.2,33.2,5.3,5.3,0.84,0.33,48.3,68883,Medium,CLUST_SEC_045_0002,199,Engineering,True,1.0,True,True,True,True,True,True,True,NONE
TMS_TASK_007126,Engineering,SEC_045,CHAINAGE,TMS_TASK_007126,181.403,182.495,Weld Failure,C,2024-01-11,2024-02-02,0,Open,333,Engineering crew,120,10.966485,78.949703,181.949,LINEAR_SEGMENT_INTERPOLATION,0.98,33.2,33.2,5.3,5.3,0.84,0.33,48.3,68883,Medium,CLUST_SEC_045_0002,199,Engineering,True,1.0,True,True,True,True,True,True,True,NONE
TMS_TASK_009827,Engineering,SEC_045,CHAINAGE,TMS_TASK_009827,181.849,182.054,Weld Failure,B,2024-12-25,2025-01-13,0,Open,0,Engineering crew,120,10.966485,78.949703,181.952,LINEAR_SEGMENT_INTERPOLATION,0.98,33.2,33.2,5.3,5.3,0.84,0.33,30.05,77903,Medium,CLUST_SEC_045_0003,186,Engineering,True,1.0,True,True,True,True,True,True,True,NONE
TMS_TASK_015707,Engineering,SEC_045,CHAINAGE,TMS_TASK_015707,181.59,182.317,Ballast Issue,C,2024-03-22,2024-04-28,0,Open,247,Ballast Cleaning Machine,120,10.966485,78.949703,181.954,LINEAR_SEGMENT_INTERPOLATION,0.98,33.2,33.2,5.3,5.3,0.84,0.33,48.3,68883,Medium,CLUST_SEC_045_0003,186,Engineering,True,1.0,True,True,True,True,True,True,True,NONE
TMS_TASK_018350,Engineering,SEC_045,CHAINAGE,TMS_TASK_018350,181.652,182.265,Weld Failure,B,2024-07-29,2024-08-19,0,Completed,134,Engineering crew,120,10.966485,78.949703,181.958,LINEAR_SEGMENT_INTERPOLATION,0.98,33.2,33.2,5.3,5.3,0.84,0.33,63.22,40989,High,CLUST_SEC_045_0003,186,Engineering,True,1.0,True,True,True,True,True,True,True,NONE
TMS_TASK_009660,Engineering,SEC_045,CHAINAGE,TMS_TASK_009660,181.427,182.497,Ballast Issue,B,2024-11-18,2024-12-01,4,Deferred,30,Ballast Cleaning Machine,120,10.966485,78.949703,181.962,LINEAR_SEGMENT_INTERPOLATION,0.98,33.2,33.2,5.3,5.3,0.84,0.33,81.27,28135,Critical,CLUST_SEC_045_0003,186,Engineering,True,1.0,True,True,True,True,True,True,True,NONE
TMS_TASK_013920,Engineering,SEC_045,CHAINAGE,TMS_TASK_013920,181.657,182.295,Deep Screening Overdue,A,2024-11-12,2024-11-18,0,Open,43,Ballast Cleaning Machine,240,10.966485,78.949703,181.976,LINEAR_SEGMENT_INTERPOLATION,0.98,33.2,33.2,5.3,5.3,0.84,0.33,83.53,27284,Critical,CLUST_SEC_045_0003,186,Engineering,True,1.0,True,True,True,True,True,True,True,NONE
TMS_TASK_009470,Engineering,SEC_045,CHAINAGE,TMS_TASK_009470,181.586,182.365,Deep Screening Overdue,B,2024-05-04,2024-05-19,0,Completed,226,Ballast Cleaning Machine,240,10.966485,78.949703,181.976,LINEAR_SEGMENT_INTERPOLATION,0.98,33.2,33.2,5.3,5.3,0.84,0.33,63.22,40989,High,CLUST_SEC_045_0003,186,Engineering,True,1.0,True,True,True,True,True,True,True,NONE
TMS_TASK_010765,Engineering,SEC_045,CHAINAGE,TMS_TASK_010765,181.831,182.122,Ballast Issue,C,2024-04-29,2024-06-11,0,Open,203,Ballast Cleaning Machine,120,10.966485,78.949703,181.976,LINEAR_SEGMENT_INTERPOLATION,0.98,33.2,33.2,5.3,5.3,0.84,0.33,48.3,68883,Medium,CLUST_SEC_045_0003,186,Engineering,True,1.0,True,True,True,True,True,True,True,NONE
TMS_TASK_013035,Engineering,SEC_045,CHAINAGE,TMS_TASK_013035,181.38,182.588,Track Parameter Deviation,C,2024-10-25,2024-11-22,2,Deferred,39,Tamping Machine,90,10.966485,78.949703,181.984,LINEAR_SEGMENT_INTERPOLATION,0.98,33.2,33.2,5.3,5.3,0.84,0.33,56.5,65777,High,CLUST_SEC_045_0003,186,Engineering,True,1.0,True,True,True,True,True,True,True,NONE
TMS_TASK_029809,Engineering,SEC_045,CHAINAGE,TMS_TASK_029809,181.264,182.754,Rail Fracture Risk,A,2024-12-11,2024-12-18,0,Deferred,13,Engineering crew,180,10.966485,78.949703,182.009,LINEAR_SEGMENT_INTERPOLATION,0.98,33.2,33.2,5.3,5.3,0.84,0.33,65.09,40780,High,CLUST_SEC_045_0003,186,Engineering,True,1.0,True,True,True,True,True,True,True,NONE
TMS_TASK_007305,Engineering,SEC_045,CHAINAGE,TMS_TASK_007305,181.522,182.498,Weld Failure,B,2024-01-23,2024-02-13,2,Deferred,322,Engineering crew,120,10.966485,78.949703,182.01,LINEAR_SEGMENT_INTERPOLATION,0.98,33.2,33.2,5.3,5.3,0.84,0.33,71.85,33663,High,CLUST_SEC_045_0003,186,Engineering,True,1.0,True,True,True,True,True,True,True,NONE
TMS_TASK_013874,Engineering,SEC_045,CHAINAGE,TMS_TASK_013874,181.596,182.455,Rail Fracture Risk,B,2024-08-07,2024-08-21,2,Deferred,132,Engineering crew,180,10.966485,78.949703,182.026,LINEAR_SEGMENT_INTERPOLATION,0.98,33.2,33.2,5.3,5.3,0.84,0.33,71.85,33663,High,CLUST_SEC_045_0003,186,Engineering,True,1.0,True,True,True,True,True,True,True,NONE
TMS_TASK_009993,Engineering,SEC_045,CHAINAGE,TMS_TASK_009993,181.677,182.389,Rail Fracture Risk,A,2024-03-04,2024-03-07,3,Deferred,299,Engineering crew,180,10.966485,78.949703,182.033,LINEAR_SEGMENT_INTERPOLATION,0.98,33.2,33.2,5.3,5.3,0.84,0.33,96.41,819,Critical,CLUST_SEC_045_0003,186,Engineering,True,1.0,True,True,True,True,True,True,True,NONE
TMS_TASK_009639,Engineering,SEC_045,CHAINAGE,TMS_TASK_009639,181.567,182.534,Ballast Issue,B,2024-10-07,2024-10-17,0,Completed,75,Ballast Cleaning Machine,120,10.966485,78.949703,182.05,LINEAR_SEGMENT_INTERPOLATION,0.98,33.2,33.2,5.3,5.3,0.84,0.33,63.22,40989,High,CLUST_SEC_045_0003,186,Engineering,True,1.0,True,True,True,True,True,True,True,NONE
TMS_TASK_014880,Engineering,SEC_045,CHAINAGE,TMS_TASK_014880,181.651,182.504,Track Parameter Deviation,C,2024-05-22,2024-06-10,4,Deferred,204,Tamping Machine,90,10.966485,78.949703,182.077,LINEAR_SEGMENT_INTERPOLATION,0.98,33.2,33.2,5.3,5.3,0.84,0.33,65.79,39346,High,CLUST_SEC_045_0003,186,Engineering,True,1.0,True,True,True,True,True,True,True,NONE
TMS_TASK_028258,Engineering,SEC_045,CHAINAGE,TMS_TASK_028258,181.701,182.536,Ballast Issue,C,2024-11-23,2024-12-31,2,Deferred,0,Ballast Cleaning Machine,120,10.966485,78.949703,182.118,LINEAR_SEGMENT_INTERPOLATION,0.98,33.2,33.2,5.3,5.3,0.84,0.33,23.21,79039,Low,CLUST_SEC_045_0003,186,Engineering,True,1.0,True,True,True,True,True,True,True,NONE
TMS_TASK_013298,Engineering,SEC_045,CHAINAGE,TMS_TASK_013298,181.994,182.244,Track Parameter Deviation,A,2024-03-30,2024-04-06,0,Open,269,Tamping Machine,90,10.966485,78.949703,182.119,LINEAR_SEGMENT_INTERPOLATION,0.98,33.2,33.2,5.3,5.3,0.84,0.33,83.65,3477,Critical,CLUST_SEC_045_0003,186,Engineering,True,1.0,True,True,True,True,True,True,True,NONE
TMS_TASK_002383,Engineering,SEC_045,CHAINAGE,TMS_TASK_002383,181.564,182.705,Deep Screening Overdue,B,2024-04-02,2024-04-20,1,In-Progress,255,Ballast Cleaning Machine,240,10.966485,78.949703,182.135,LINEAR_SEGMENT_INTERPOLATION,0.98,33.2,33.2,5.3,5.3,0.84,0.33,67.45,36608,High,CLUST_SEC_045_0003,186,Engineering,True,1.0,True,True,True,True,True,True,True,NONE
TMS_TASK_015900,Engineering,SEC_045,CHAINAGE,TMS_TASK_015900,181.718,182.602,Ballast Issue,B,2024-08-06,2024-08-22,0,Deferred,131,Ballast Cleaning Machine,120,10.966485,78.949703,182.16,LINEAR_SEGMENT_INTERPOLATION,0.98,33.2,33.2,5.3,5.3,0.84,0.33,63.22,40989,High,CLUST_SEC_045_0003,186,Engineering,True,1.0,True,True,True,True,True,True,True,NONE
TMS_TASK_026675,Engineering,SEC_045,CHAINAGE,TMS_TASK_026675,181.658,182.687,Ballast Issue,C,2024-04-06,2024-04-21,3,Deferred,254,Ballast Cleaning Machine,120,10.966485,78.949703,182.173,LINEAR_SEGMENT_INTERPOLATION,0.98,33.2,33.2,5.3,5.3,0.84,0.33,60.98,62305,High,CLUST_SEC_045_0003,186,Engineering,True,1.0,True,True,True,True,True,True,True,NONE
TMS_TASK_008888,Engineering,SEC_045,CHAINAGE,TMS_TASK_008888,181.611,182.747,Track Parameter Deviation,A,2024-09-13,2024-09-15,0,Completed,107,Tamping Machine,90,10.966485,78.949703,182.179,LINEAR_SEGMENT_INTERPOLATION,0.98,33.2,33.2,5.3,5.3,0.84,0.33,83.65,3477,Critical,CLUST_SEC_045_0003,186,Engineering,True,1.0,True,True,True,True,True,True,True,NONE
TMS_TASK_004823,Engineering,SEC_045,CHAINAGE,TMS_TASK_004823,181.98,182.405,Rail Fracture Risk,A,2024-06-02,2024-06-05,0,In-Progress,209,Engineering crew,180,10.966485,78.949703,182.192,LINEAR_SEGMENT_INTERPOLATION,0.98,33.2,33.2,5.3,5.3,0.84,0.33,83.65,3477,Critical,CLUST_SEC_045_0003,186,Engineering,True,1.0,True,True,True,True,True,True,True,NONE
TMS_TASK_022489,Engineering,SEC_045,CHAINAGE,TMS_TASK_022489,181.775,182.625,Weld Failure,A,2024-04-10,2024-04-14,0,In-Progress,261,Engineering crew,120,10.966485,78.949703,182.2,LINEAR_SEGMENT_INTERPOLATION,0.98,33.2,33.2,5.3,5.3,0.84,0.33,83.65,3477,Critical,CLUST_SEC_045_0003,186,Engineering,True,1.0,True,True,True,True,True,True,True,NONE
TMS_TASK_023205,Engineering,SEC_045,CHAINAGE,TMS_TASK_023205,182.001,182.414,Rail Fracture Risk,C,2024-09-04,2024-10-16,0,Completed,76,Engineering crew,180,10.966485,78.949703,182.207,LINEAR_SEGMENT_INTERPOLATION,0.98,33.2,33.2,5.3,5.3,0.84,0.33,48.3,68883,Medium,CLUST_SEC_045_0003,186,Engineering,True,1.0,True,True,True,True,True,True,True,NONE
TMS_TASK_020506,Engineering,SEC_045,CHAINAGE,TMS_TASK_020506,181.899,182.516,Ballast Issue,B,2024-12-14,2024-12-25,0,Completed,6,Ballast Cleaning Machine,120,10.966485,78.949703,182.207,LINEAR_SEGMENT_INTERPOLATION,0.98,33.2,33.2,5.3,5.3,0.84,0.33,36.84,77032,Medium,CLUST_SEC_045_0003,186,Engineering,True,1.0,True,True,True,True,True,True,True,NONE
TMS_TASK_003202,Engineering,SEC_045,CHAINAGE,TMS_TASK_003202,181.728,182.705,Weld Failure,A,2024-09-08,2024-09-12,0,In-Progress,110,Engineering crew,120,10.966485,78.949703,182.216,LINEAR_SEGMENT_INTERPOLATION,0.98,33.2,33.2,5.3,5.3,0.84,0.33,83.65,3477,Critical,CLUST_SEC_045_0003,186,Engineering,True,1.0,True,True,True,True,True,True,True,NONE
TMS_TASK_003518,Engineering,SEC_045,CHAINAGE,TMS_TASK_003518,182.144,182.347,Track Parameter Deviation,B,2024-01-19,2024-02-03,0,Deferred,332,Tamping Machine,90,10.966485,78.949703,182.245,LINEAR_SEGMENT_INTERPOLATION,0.98,33.2,33.2,5.3,5.3,0.84,0.33,63.22,40989,High,CLUST_SEC_045_0003,186,Engineering,True,1.0,True,True,True,True,True,True,True,NONE
TMS_TASK_017134,Engineering,SEC_045,CHAINAGE,TMS_TASK_017134,182.011,182.496,Rail Fracture Risk,A,2024-03-25,2024-03-26,0,Completed,280,Engineering crew,180,10.966485,78.949703,182.254,LINEAR_SEGMENT_INTERPOLATION,0.98,33.2,33.2,5.3,5.3,0.84,0.33,83.65,3477,Critical,CLUST_SEC_045_0003,186,Engineering,True,1.0,True,True,True,True,True,True,True,NONE
TMS_TASK_026799,Engineering,SEC_045,CHAINAGE,TMS_TASK_026799,182.086,182.476,Deep Screening Overdue,C,2024-05-13,2024-06-23,0,Deferred,191,Ballast Cleaning Machine,240,10.966485,78.949703,182.281,LINEAR_SEGMENT_INTERPOLATION,0.98,33.2,33.2,5.3,5.3,0.84,0.33,48.3,68883,Medium,CLUST_SEC_045_0003,186,Engineering,True,1.0,True,True,True,True,True,True,True,NONE
TMS_TASK_020951,Engineering,SEC_045,CHAINAGE,TMS_TASK_020951,181.876,182.732,Deep Screening Overdue,B,2024-08-07,2024-08-22,0,In-Progress,131,Ballast Cleaning Machine,240,10.966485,78.949703,182.304,LINEAR_SEGMENT_INTERPOLATION,0.98,33.2,33.2,5.3,5.3,0.84,0.33,63.22,40989,High,CLUST_SEC_045_0003,186,Engineering,True,1.0,True,True,True,True,True,True,True,NONE
TMS_TASK_006865,Engineering,SEC_045,CHAINAGE,TMS_TASK_006865,181.943,182.669,Weld Failure,C,2024-11-24,2025-01-02,1,Deferred,0,Engineering crew,120,10.966485,78.949703,182.306,LINEAR_SEGMENT_INTERPOLATION,0.98,33.2,33.2,5.3,5.3,0.84,0.33,20.51,79196,Low,CLUST_SEC_045_0003,186,Engineering,True,1.0,True,True,True,True,True,True,True,NONE
TMS_TASK_015830,Engineering,SEC_045,CHAINAGE,TMS_TASK_015830,181.736,182.886,Deep Screening Overdue,C,2024-02-29,2024-04-10,0,In-Progress,265,Ballast Cleaning Machine,240,10.966485,78.949703,182.311,LINEAR_SEGMENT_INTERPOLATION,0.98,33.2,33.2,5.3,5.3,0.84,0.33,48.3,68883,Medium,CLUST_SEC_045_0003,186,Engineering,True,1.0,True,True,True,True,True,True,True,NONE
TMS_TASK_010728,Engineering,SEC_045,CHAINAGE,TMS_TASK_010728,181.655,182.982,Rail Fracture Risk,B,2024-01-21,2024-02-10,0,Completed,325,Engineering crew,180,10.966485,78.949703,182.319,LINEAR_SEGMENT_INTERPOLATION,0.98,33.2,33.2,5.3,5.3,0.84,0.33,63.22,40989,High,CLUST_SEC_045_0003,186,Engineering,True,1.0,True,True,True,True,True,True,True,NONE
TMS_TASK_017521,Engineering,SEC_045,CHAINAGE,TMS_TASK_017521,181.65,183.014,Track Parameter Deviation,A,2024-12-22,2024-12-24,0,Open,7,Tamping Machine,90,10.966485,78.949703,182.332,LINEAR_SEGMENT_INTERPOLATION,0.98,33.2,33.2,5.3,5.3,0.84,0.33,57.61,64245,High,CLUST_SEC_045_0003,186,Engineering,True,1.0,True,True,True,True,True,True,True,NONE
TMS_TASK_022793,Engineering,SEC_045,CHAINAGE,TMS_TASK_022793,182.26,182.41,Track Parameter Deviation,B,2024-07-22,2024-08-08,1,Deferred,145,Tamping Machine,90,10.966485,78.949703,182.335,LINEAR_SEGMENT_INTERPOLATION,0.98,33.2,33.2,5.3,5.3,0.84,0.33,67.45,36608,High,CLUST_SEC_045_0003,186,Engineering,True,1.0,True,True,True,True,True,True,True,NONE
TMS_TASK_028542,Engineering,SEC_045,CHAINAGE,TMS_TASK_028542,181.677,182.998,Ballast Issue,C,2024-03-11,2024-04-18,3,Deferred,257,Ballast Cleaning Machine,120,10.966485,78.949703,182.337,LINEAR_SEGMENT_INTERPOLATION,0.98,33.2,33.2,5.3,5.3,0.84,0.33,60.98,62305,High,CLUST_SEC_045_0003,186,Engineering,True,1.0,True,True,True,True,True,True,True,NONE
TMS_TASK_008643,Engineering,SEC_045,CHAINAGE,TMS_TASK_008643,181.607,183.084,Deep Screening Overdue,B,2024-11-16,2024-11-27,0,Open,34,Ballast Cleaning Machine,240,10.966485,78.949703,182.346,LINEAR_SEGMENT_INTERPOLATION,0.98,33.2,33.2,5.3,5.3,0.84,0.33,62.94,61517,High,CLUST_SEC_045_0003,186,Engineering,True,1.0,True,True,True,True,True,True,True,NONE
TMS_TASK_002305,Engineering,SEC_045,CHAINAGE,TMS_TASK_002305,181.9,182.798,Ballast Issue,B,2024-02-29,2024-03-09,0,Completed,297,Ballast Cleaning Machine,120,10.966485,78.949703,182.349,LINEAR_SEGMENT_INTERPOLATION,0.98,33.2,33.2,5.3,5.3,0.84,0.33,63.22,40989,High,CLUST_SEC_045_0003,186,Engineering,True,1.0,True,True,True,True,True,True,True,NONE
TMS_TASK_017095,Engineering,SEC_045,CHAINAGE,TMS_TASK_017095,181.962,182.763,Deep Screening Overdue,C,2024-08-16,2024-09-10,1,Open,112,Ballast Cleaning Machine,240,10.966485,78.949703,182.363,LINEAR_SEGMENT_INTERPOLATION,0.98,33.2,33.2,5.3,5.3,0.84,0.33,52.71,66410,High,CLUST_SEC_045_0003,186,Engineering,True,1.0,True,True,True,True,True,True,True,NONE
TMS_TASK_005050,Engineering,SEC_045,CHAINAGE,TMS_TASK_005050,182.06,182.735,Ballast Issue,B,2024-12-23,2025-01-03,0,Open,0,Ballast Cleaning Machine,120,10.966485,78.949703,182.398,LINEAR_SEGMENT_INTERPOLATION,0.98,33.2,33.2,5.3,5.3,0.84,0.33,30.05,77903,Medium,CLUST_SEC_045_0003,186,Engineering,True,1.0,True,True,True,True,True,True,True,NONE
TMS_TASK_014060,Engineering,SEC_045,CHAINAGE,TMS_TASK_014060,182.183,182.67,Track Parameter Deviation,A,2024-01-03,2024-01-07,0,Completed,359,Tamping Machine,90,10.966485,78.949703,182.426,LINEAR_SEGMENT_INTERPOLATION,0.98,33.2,33.2,5.3,5.3,0.84,0.33,83.65,3477,Critical,CLUST_SEC_045_0003,186,Engineering,True,1.0,True,True,True,True,True,True,True,NONE
TMS_TASK_005243,Engineering,SEC_045,CHAINAGE,TMS_TASK_005243,182.317,182.536,Deep Screening Overdue,B,2024-12-18,2024-12-27,0,Completed,4,Ballast Cleaning Machine,240,10.966485,78.949703,182.427,LINEAR_SEGMENT_INTERPOLATION,0.98,33.2,33.2,5.3,5.3,0.84,0.33,33.53,77366,Medium,CLUST_SEC_045_0003,186,Engineering,True,1.0,True,True,True,True,True,True,True,NONE
TMS_TASK_015358,Engineering,SEC_045,CHAINAGE,TMS_TASK_015358,182.02,182.851,Track Parameter Deviation,B,2024-01-14,2024-01-26,2,Deferred,340,Tamping Machine,90,10.966485,78.949703,182.435,LINEAR_SEGMENT_INTERPOLATION,0.98,33.2,33.2,5.3,5.3,0.84,0.33,71.85,33663,High,CLUST_SEC_045_0003,186,Engineering,True,1.0,True,True,True,True,True,True,True,NONE
TMS_TASK_005056,Engineering,SEC_045,CHAINAGE,TMS_TASK_005056,181.706,183.179,Ballast Issue,B,2024-08-12,2024-09-01,2,Deferred,121,Ballast Cleaning Machine,120,10.966485,78.949703,182.442,LINEAR_SEGMENT_INTERPOLATION,0.98,33.2,33.2,5.3,5.3,0.84,0.33,71.85,33663,High,CLUST_SEC_045_0003,186,Engineering,True,1.0,True,True,True,True,True,True,True,NONE
TMS_TASK_029085,Engineering,SEC_045,CHAINAGE,TMS_TASK_029085,181.844,183.072,Weld Failure,A,2024-03-28,2024-04-03,0,Completed,272,Engineering crew,120,10.966485,78.949703,182.458,LINEAR_SEGMENT_INTERPOLATION,0.98,33.2,33.2,5.3,5.3,0.84,0.33,83.65,3477,Critical,CLUST_SEC_045_0003,186,Engineering,True,1.0,True,True,True,True,True,True,True,NONE
TMS_TASK_023233,Engineering,SEC_045,CHAINAGE,TMS_TASK_023233,182.003,182.944,Rail Fracture Risk,C,2024-01-01,2024-01-23,0,Open,343,Engineering crew,180,10.966485,78.949703,182.474,LINEAR_SEGMENT_INTERPOLATION,0.98,33.2,33.2,5.3,5.3,0.84,0.33,48.3,68883,Medium,CLUST_SEC_045_0003,186,Engineering,True,1.0,True,True,True,True,True,True,True,NONE
TMS_TASK_002164,Engineering,SEC_045,CHAINAGE,TMS_TASK_002164,182.133,182.817,Deep Screening Overdue,B,2024-12-17,2024-12-28,0,Deferred,3,Ballast Cleaning Machine,240,10.966485,78.949703,182.475,LINEAR_SEGMENT_INTERPOLATION,0.98,33.2,33.2,5.3,5.3,0.84,0.33,33.22,77455,Medium,CLUST_SEC_045_0003,186,Engineering,True,1.0,True,True,True,True,True,True,True,NONE
TMS_TASK_015037,Engineering,SEC_045,CHAINAGE,TMS_TASK_015037,181.992,182.998,Track Parameter Deviation,B,2024-09-08,2024-09-29,2,Open,93,Tamping Machine,90,10.966485,78.949703,182.495,LINEAR_SEGMENT_INTERPOLATION,0.98,33.2,33.2,5.3,5.3,0.84,0.33,71.85,33663,High,CLUST_SEC_045_0003,186,Engineering,True,1.0,True,True,True,True,True,True,True,NONE
TMS_TASK_019042,Engineering,SEC_045,CHAINAGE,TMS_TASK_019042,181.761,183.258,Rail Fracture Risk,A,2024-02-15,2024-02-18,0,Completed,317,Engineering crew,180,10.966485,78.949703,182.51,LINEAR_SEGMENT_INTERPOLATION,0.98,33.2,33.2,5.3,5.3,0.84,0.33,83.65,3477,Critical,CLUST_SEC_045_0003,186,Engineering,True,1.0,True,True,True,True,True,True,True,NONE
TMS_TASK_004515,Engineering,SEC_045,CHAINAGE,TMS_TASK_004515,181.82,183.202,Track Parameter Deviation,B,2024-04-30,2024-05-15,0,Completed,230,Tamping Machine,90,10.966485,78.949703,182.511,LINEAR_SEGMENT_INTERPOLATION,0.98,33.2,33.2,5.3,5.3,0.84,0.33,63.22,40989,High,CLUST_SEC_045_0003,186,Engineering,True,1.0,True,True,True,True,True,True,True,NONE
TMS_TASK_004249,Engineering,SEC_045,CHAINAGE,TMS_TASK_004249,182.292,182.736,Weld Failure,A,2024-01-23,2024-01-29,0,In-Progress,337,Engineering crew,120,10.966485,78.949703,182.514,LINEAR_SEGMENT_INTERPOLATION,0.98,33.2,33.2,5.3,5.3,0.84,0.33,83.65,3477,Critical,CLUST_SEC_045_0003,186,Engineering,True,1.0,True,True,True,True,True,True,True,NONE
TMS_TASK_024351,Engineering,SEC_045,CHAINAGE,TMS_TASK_024351,182.336,182.693,Track Parameter Deviation,C,2024-01-03,2024-01-28,0,Completed,338,Tamping Machine,90,10.966485,78.949703,182.514,LINEAR_SEGMENT_INTERPOLATION,0.98,33.2,33.2,5.3,5.3,0.84,0.33,48.3,68883,Medium,CLUST_SEC_045_0003,186,Engineering,True,1.0,True,True,True,True,True,True,True,NONE
TMS_TASK_026831,Engineering,SEC_045,CHAINAGE,TMS_TASK_026831,182.0,183.036,Track Parameter Deviation,A,2024-07-03,2024-07-05,0,Completed,179,Tamping Machine,90,10.966485,78.949703,182.518,LINEAR_SEGMENT_INTERPOLATION,0.98,33.2,33.2,5.3,5.3,0.84,0.33,83.65,3477,Critical,CLUST_SEC_045_0003,186,Engineering,True,1.0,True,True,True,True,True,True,True,NONE
TMS_TASK_028551,Engineering,SEC_045,CHAINAGE,TMS_TASK_028551,182.282,182.773,Track Parameter Deviation,B,2024-06-19,2024-06-27,0,In-Progress,187,Tamping Machine,90,10.966485,78.949703,182.528,LINEAR_SEGMENT_INTERPOLATION,0.98,33.2,33.2,5.3,5.3,0.84,0.33,63.22,40989,High,CLUST_SEC_045_0003,186,Engineering,True,1.0,True,True,True,True,True,True,True,NONE
TMS_TASK_019780,Engineering,SEC_045,CHAINAGE,TMS_TASK_019780,181.999,183.076,Rail Fracture Risk,B,2024-12-23,2025-01-02,0,Open,0,Engineering crew,180,10.966485,78.949703,182.537,LINEAR_SEGMENT_INTERPOLATION,0.98,33.2,33.2,5.3,5.3,0.84,0.33,30.05,77903,Medium,CLUST_SEC_045_0003,186,Engineering,True,1.0,True,True,True,True,True,True,True,NONE
TMS_TASK_008138,Engineering,SEC_045,CHAINAGE,TMS_TASK_008138,181.792,183.288,Ballast Issue,C,2024-03-21,2024-04-17,0,Open,258,Ballast Cleaning Machine,120,10.966485,78.949703,182.54,LINEAR_SEGMENT_INTERPOLATION,0.98,33.2,33.2,5.3,5.3,0.84,0.33,48.3,68883,Medium,CLUST_SEC_045_0003,186,Engineering,True,1.0,True,True,True,True,True,True,True,NONE
TMS_TASK_015735,Engineering,SEC_045,CHAINAGE,TMS_TASK_015735,182.355,182.73,Track Parameter Deviation,C,2024-05-17,2024-06-25,4,Deferred,189,Tamping Machine,90,10.966485,78.949703,182.542,LINEAR_SEGMENT_INTERPOLATION,0.98,33.2,33.2,5.3,5.3,0.84,0.33,65.79,39346,High,CLUST_SEC_045_0003,186,Engineering,True,1.0,True,True,True,True,True,True,True,NONE
TMS_TASK_013671,Engineering,SEC_045,CHAINAGE,TMS_TASK_013671,182.111,182.973,Rail Fracture Risk,B,2024-09-20,2024-10-11,0,Open,81,Engineering crew,180,10.966485,78.949703,182.542,LINEAR_SEGMENT_INTERPOLATION,0.98,33.2,33.2,5.3,5.3,0.84,0.33,63.22,40989,High,CLUST_SEC_045_0003,186,Engineering,True,1.0,True,True,True,True,True,True,True,NONE
TMS_TASK_015256,Engineering,SEC_045,CHAINAGE,TMS_TASK_015256,182.286,182.811,Track Parameter Deviation,A,2024-02-24,2024-02-28,1,In-Progress,307,Tamping Machine,90,10.966485,78.949703,182.548,LINEAR_SEGMENT_INTERPOLATION,0.98,33.2,33.2,5.3,5.3,0.84,0.33,87.36,2537,Critical,CLUST_SEC_045_0003,186,Engineering,True,1.0,True,True,True,True,True,True,True,NONE
TMS_TASK_001154,Engineering,SEC_045,CHAINAGE,TMS_TASK_001154,181.898,183.233,Ballast Issue,A,2024-07-23,2024-07-30,0,Completed,154,Ballast Cleaning Machine,120,10.966485,78.949703,182.565,LINEAR_SEGMENT_INTERPOLATION,0.98,33.2,33.2,5.3,5.3,0.84,0.33,83.65,3477,Critical,CLUST_SEC_045_0003,186,Engineering,True,1.0,True,True,True,True,True,True,True,NONE
TMS_TASK_007229,Engineering,SEC_045,CHAINAGE,TMS_TASK_007229,182.066,183.069,Rail Fracture Risk,B,2024-06-17,2024-07-01,0,Completed,183,Engineering crew,180,10.966485,78.949703,182.567,LINEAR_SEGMENT_INTERPOLATION,0.98,33.2,33.2,5.3,5.3,0.84,0.33,63.22,40989,High,CLUST_SEC_045_0003,186,Engineering,True,1.0,True,True,True,True,True,True,True,NONE
TMS_TASK_028329,Engineering,SEC_045,CHAINAGE,TMS_TASK_028329,182.346,182.823,Weld Failure,A,2024-05-15,2024-05-20,3,In-Progress,225,Engineering crew,120,10.966485,78.949703,182.584,LINEAR_SEGMENT_INTERPOLATION,0.98,33.2,33.2,5.3,5.3,0.84,0.33,96.41,819,Critical,CLUST_SEC_045_0003,186,Engineering,True,1.0,True,True,True,True,True,True,True,NONE
TMS_TASK_028033,Engineering,SEC_045,CHAINAGE,TMS_TASK_028033,181.911,183.302,Rail Fracture Risk,A,2024-02-01,2024-02-05,0,Completed,330,Engineering crew,180,10.966485,78.949703,182.606,LINEAR_SEGMENT_INTERPOLATION,0.98,33.2,33.2,5.3,5.3,0.84,0.33,83.65,3477,Critical,CLUST_SEC_045_0003,186,Engineering,True,1.0,True,True,True,True,True,True,True,NONE
TMS_TASK_015575,Engineering,SEC_045,CHAINAGE,TMS_TASK_015575,182.008,183.209,Track Parameter Deviation,B,2024-12-03,2024-12-24,4,Open,7,Tamping Machine,90,10.966485,78.949703,182.608,LINEAR_SEGMENT_INTERPOLATION,0.98,33.2,33.2,5.3,5.3,0.84,0.33,54.43,66119,High,CLUST_SEC_045_0003,186,Engineering,True,1.0,True,True,True,True,True,True,True,NONE
TMS_TASK_009248,Engineering,SEC_045,CHAINAGE,TMS_TASK_009248,182.385,182.833,Rail Fracture Risk,A,2024-05-08,2024-05-11,0,Open,234,Engineering crew,180,10.966485,78.949703,182.609,LINEAR_SEGMENT_INTERPOLATION,0.98,33.2,33.2,5.3,5.3,0.84,0.33,83.65,3477,Critical,CLUST_SEC_045_0003,186,Engineering,True,1.0,True,True,True,True,True,True,True,NONE
TMS_TASK_023278,Engineering,SEC_045,CHAINAGE,TMS_TASK_023278,182.332,182.894,Deep Screening Overdue,B,2024-09-16,2024-10-07,0,Completed,85,Ballast Cleaning Machine,240,10.966485,78.949703,182.613,LINEAR_SEGMENT_INTERPOLATION,0.98,33.2,33.2,5.3,5.3,0.84,0.33,63.22,40989,High,CLUST_SEC_045_0003,186,Engineering,True,1.0,True,True,True,True,True,True,True,NONE
TMS_TASK_015789,Engineering,SEC_045,CHAINAGE,TMS_TASK_015789,182.206,183.034,Deep Screening Overdue,B,2024-08-18,2024-09-03,0,Deferred,119,Ballast Cleaning Machine,240,10.966485,78.949703,182.62,LINEAR_SEGMENT_INTERPOLATION,0.98,33.2,33.2,5.3,5.3,0.84,0.33,63.22,40989,High,CLUST_SEC_045_0003,186,Engineering,True,1.0,True,True,True,True,True,True,True,NONE
TMS_TASK_008060,Engineering,SEC_045,CHAINAGE,TMS_TASK_008060,182.559,182.684,Ballast Issue,B,2024-12-22,2025-01-03,0,Completed,0,Ballast Cleaning Machine,120,10.966485,78.949703,182.621,LINEAR_SEGMENT_INTERPOLATION,0.98,33.2,33.2,5.3,5.3,0.84,0.33,30.05,77903,Medium,CLUST_SEC_045_0003,186,Engineering,True,1.0,True,True,True,True,True,True,True,NONE
TMS_TASK_002785,Engineering,SEC_045,CHAINAGE,TMS_TASK_002785,182.482,182.799,Rail Fracture Risk,A,2024-11-15,2024-11-18,0,Completed,43,Engineering crew,180,10.966485,78.949703,182.641,LINEAR_SEGMENT_INTERPOLATION,0.98,33.2,33.2,5.3,5.3,0.84,0.33,83.53,27284,Critical,CLUST_SEC_045_0003,186,Engineering,True,1.0,True,True,True,True,True,True,True,NONE
TMS_TASK_019389,Engineering,SEC_045,CHAINAGE,TMS_TASK_019389,182.612,182.679,Track Parameter Deviation,C,2024-01-14,2024-02-10,4,Deferred,325,Tamping Machine,90,10.966485,78.949703,182.645,LINEAR_SEGMENT_INTERPOLATION,0.98,33.2,33.2,5.3,5.3,0.84,0.33,65.79,39346,High,CLUST_SEC_045_0003,186,Engineering,True,1.0,True,True,True,True,True,True,True,NONE
TMS_TASK_013013,Engineering,SEC_045,CHAINAGE,TMS_TASK_013013,182.424,182.866,Track Parameter Deviation,C,2024-07-28,2024-08-14,0,Open,139,Tamping Machine,90,10.966485,78.949703,182.645,LINEAR_SEGMENT_INTERPOLATION,0.98,33.2,33.2,5.3,5.3,0.84,0.33,48.3,68883,Medium,CLUST_SEC_045_0003,186,Engineering,True,1.0,True,True,True,True,True,True,True,NONE
TMS_TASK_008360,Engineering,SEC_045,CHAINAGE,TMS_TASK_008360,182.525,182.909,Weld Failure,A,2024-02-16,2024-02-19,0,Deferred,316,Engineering crew,120,10.966485,78.949703,182.717,LINEAR_SEGMENT_INTERPOLATION,0.98,33.2,33.2,5.3,5.3,0.84,0.33,83.65,3477,Critical,CLUST_SEC_045_0003,186,Engineering,True,1.0,True,True,True,True,True,True,True,NONE
TMS_TASK_011352,Engineering,SEC_045,CHAINAGE,TMS_TASK_011352,182.396,183.04,Deep Screening Overdue,C,2024-12-17,2025-01-05,3,Deferred,0,Ballast Cleaning Machine,240,10.966485,78.949703,182.718,LINEAR_SEGMENT_INTERPOLATION,0.98,33.2,33.2,5.3,5.3,0.84,0.33,27.87,78780,Medium,CLUST_SEC_045_0003,186,Engineering,True,1.0,True,True,True,True,True,True,True,NONE
TMS_TASK_015091,Engineering,SEC_045,CHAINAGE,TMS_TASK_015091,182.728,182.806,Ballast Issue,A,2024-07-23,2024-07-29,0,Open,155,Ballast Cleaning Machine,120,10.966485,78.949703,182.767,LINEAR_SEGMENT_INTERPOLATION,0.98,33.2,33.2,5.3,5.3,0.84,0.33,83.65,3477,Critical,CLUST_SEC_045_0003,186,Engineering,True,1.0,True,True,True,True,True,True,True,NONE
TMS_TASK_027906,Engineering,SEC_045,CHAINAGE,TMS_TASK_027906,182.662,182.871,Track Parameter Deviation,B,2024-07-16,2024-07-25,0,Open,159,Tamping Machine,90,10.966485,78.949703,182.767,LINEAR_SEGMENT_INTERPOLATION,0.98,33.2,33.2,5.3,5.3,0.84,0.33,63.22,40989,High,CLUST_SEC_045_0003,186,Engineering,True,1.0,True,True,True,True,True,True,True,NONE
TMS_TASK_005987,Engineering,SEC_045,CHAINAGE,TMS_TASK_005987,182.435,183.106,Rail Fracture Risk,A,2024-07-01,2024-07-04,0,Open,180,Engineering crew,180,10.966485,78.949703,182.77,LINEAR_SEGMENT_INTERPOLATION,0.98,33.2,33.2,5.3,5.3,0.84,0.33,83.65,3477,Critical,CLUST_SEC_045_0003,186,Engineering,True,1.0,True,True,True,True,True,True,True,NONE
TMS_TASK_028691,Engineering,SEC_045,CHAINAGE,TMS_TASK_028691,182.242,183.298,Track Parameter Deviation,B,2024-02-19,2024-03-06,0,Completed,300,Tamping Machine,90,10.966485,78.949703,182.77,LINEAR_SEGMENT_INTERPOLATION,0.98,33.2,33.2,5.3,5.3,0.84,0.33,63.22,40989,High,CLUST_SEC_045_0003,186,Engineering,True,1.0,True,True,True,True,True,True,True,NONE
TMS_TASK_026752,Engineering,SEC_045,CHAINAGE,TMS_TASK_026752,182.637,182.924,Weld Failure,A,2024-09-17,2024-09-21,0,Open,101,Engineering crew,120,10.966485,78.949703,182.781,LINEAR_SEGMENT_INTERPOLATION,0.98,33.2,33.2,5.3,5.3,0.84,0.33,83.65,3477,Critical,CLUST_SEC_045_0003,186,Engineering,True,1.0,True,True,True,True,True,True,True,NONE
TMS_TASK_016409,Engineering,SEC_045,CHAINAGE,TMS_TASK_016409,182.21,183.367,Ballast Issue,C,2024-01-07,2024-02-13,0,Deferred,322,Ballast Cleaning Machine,120,10.966485,78.949703,182.788,LINEAR_SEGMENT_INTERPOLATION,0.98,33.2,33.2,5.3,5.3,0.84,0.33,48.3,68883,Medium,CLUST_SEC_045_0003,186,Engineering,True,1.0,True,True,True,True,True,True,True,NONE
TMS_TASK_016576,Engineering,SEC_045,CHAINAGE,TMS_TASK_016576,182.284,183.304,Rail Fracture Risk,B,2024-11-14,2024-11-23,4,Deferred,38,Engineering crew,180,10.966485,78.949703,182.794,LINEAR_SEGMENT_INTERPOLATION,0.98,33.2,33.2,5.3,5.3,0.84,0.33,81.13,28199,Critical,CLUST_SEC_045_0003,186,Engineering,True,1.0,True,True,True,True,True,True,True,NONE
TMS_TASK_016724,Engineering,SEC_045,CHAINAGE,TMS_TASK_016724,182.469,183.128,Ballast Issue,C,2024-03-02,2024-04-01,0,Open,274,Ballast Cleaning Machine,120,10.966485,78.949703,182.798,LINEAR_SEGMENT_INTERPOLATION,0.98,33.2,33.2,5.3,5.3,0.84,0.33,48.3,68883,Medium,CLUST_SEC_045_0003,186,Engineering,True,1.0,True,True,True,True,True,True,True,NONE
TMS_TASK_010993,Engineering,SEC_045,CHAINAGE,TMS_TASK_010993,182.366,183.238,Ballast Issue,C,2024-02-12,2024-03-09,0,Open,297,Ballast Cleaning Machine,120,10.966485,78.949703,182.802,LINEAR_SEGMENT_INTERPOLATION,0.98,33.2,33.2,5.3,5.3,0.84,0.33,48.3,68883,Medium,CLUST_SEC_045_0003,186,Engineering,True,1.0,True,True,True,True,True,True,True,NONE
TMS_TASK_028333,Engineering,SEC_045,CHAINAGE,TMS_TASK_028333,182.356,183.249,Deep Screening Overdue,C,2024-06-12,2024-07-24,2,Deferred,160,Ballast Cleaning Machine,240,10.966485,78.949703,182.803,LINEAR_SEGMENT_INTERPOLATION,0.98,33.2,33.2,5.3,5.3,0.84,0.33,56.54,64416,High,CLUST_SEC_045_0003,186,Engineering,True,1.0,True,True,True,True,True,True,True,NONE
TMS_TASK_012510,Engineering,SEC_045,CHAINAGE,TMS_TASK_012510,182.703,182.963,Track Parameter Deviation,B,2024-10-06,2024-10-14,0,In-Progress,78,Tamping Machine,90,10.966485,78.949703,182.833,LINEAR_SEGMENT_INTERPOLATION,0.98,33.2,33.2,5.3,5.3,0.84,0.33,63.22,40989,High,CLUST_SEC_045_0003,186,Engineering,True,1.0,True,True,True,True,True,True,True,NONE
TMS_TASK_021042,Engineering,SEC_045,CHAINAGE,TMS_TASK_021042,182.593,183.084,Rail Fracture Risk,A,2024-05-31,2024-06-02,0,Completed,212,Engineering crew,180,10.966485,78.949703,182.839,LINEAR_SEGMENT_INTERPOLATION,0.98,33.2,33.2,5.3,5.3,0.84,0.33,83.65,3477,Critical,CLUST_SEC_045_0003,186,Engineering,True,1.0,True,True,True,True,True,True,True,NONE
TMS_TASK_024971,Engineering,SEC_045,CHAINAGE,TMS_TASK_024971,182.495,183.207,Rail Fracture Risk,A,2024-03-23,2024-03-30,0,In-Progress,276,Engineering crew,180,10.966485,78.949703,182.851,LINEAR_SEGMENT_INTERPOLATION,0.98,33.2,33.2,5.3,5.3,0.84,0.33,83.65,3477,Critical,CLUST_SEC_045_0003,186,Engineering,True,1.0,True,True,True,True,True,True,True,NONE
TMS_TASK_020895,Engineering,SEC_045,CHAINAGE,TMS_TASK_020895,182.507,183.217,Ballast Issue,C,2024-10-22,2024-11-16,0,Completed,45,Ballast Cleaning Machine,120,10.966485,78.949703,182.862,LINEAR_SEGMENT_INTERPOLATION,0.98,33.2,33.2,5.3,5.3,0.84,0.33,48.3,68883,Medium,CLUST_SEC_045_0003,186,Engineering,True,1.0,True,True,True,True,True,True,True,NONE
TMS_TASK_025183,Engineering,SEC_045,CHAINAGE,TMS_TASK_025183,182.16,183.602,Deep Screening Overdue,B,2024-05-26,2024-06-12,0,Completed,202,Ballast Cleaning Machine,240,10.966485,78.949703,182.881,LINEAR_SEGMENT_INTERPOLATION,0.98,33.2,33.2,5.3,5.3,0.84,0.33,63.22,40989,High,CLUST_SEC_045_0003,186,Engineering,True,1.0,True,True,True,True,True,True,True,NONE
TMS_TASK_011596,Engineering,SEC_045,CHAINAGE,TMS_TASK_011596,182.676,183.109,Rail Fracture Risk,A,2024-02-15,2024-02-21,0,In-Progress,314,Engineering crew,180,10.966485,78.949703,182.892,LINEAR_SEGMENT_INTERPOLATION,0.98,33.2,33.2,5.3,5.3,0.84,0.33,83.65,3477,Critical,CLUST_SEC_045_0003,186,Engineering,True,1.0,True,True,True,True,True,True,True,NONE
TMS_TASK_003402,Engineering,SEC_045,CHAINAGE,TMS_TASK_003402,182.813,182.997,Weld Failure,B,2024-07-26,2024-08-05,0,Deferred,148,Engineering crew,120,10.966485,78.949703,182.905,LINEAR_SEGMENT_INTERPOLATION,0.98,33.2,33.2,5.3,5.3,0.84,0.33,63.22,40989,High,CLUST_SEC_045_0003,186,Engineering,True,1.0,True,True,True,True,True,True,True,NONE
TMS_TASK_001428,Engineering,SEC_045,CHAINAGE,TMS_TASK_001428,182.548,183.266,Deep Screening Overdue,B,2024-06-29,2024-07-16,0,Deferred,168,Ballast Cleaning Machine,240,10.966485,78.949703,182.907,LINEAR_SEGMENT_INTERPOLATION,0.98,33.2,33.2,5.3,5.3,0.84,0.33,63.22,40989,High,CLUST_SEC_045_0003,186,Engineering,True,1.0,True,True,True,True,True,True,True,NONE
TMS_TASK_001951,Engineering,SEC_045,CHAINAGE,TMS_TASK_001951,182.172,183.653,Rail Fracture Risk,A,2024-07-29,2024-07-30,0,Completed,154,Engineering crew,180,10.966485,78.949703,182.912,LINEAR_SEGMENT_INTERPOLATION,0.98,33.2,33.2,5.3,5.3,0.84,0.33,83.65,3477,Critical,CLUST_SEC_045_0003,186,Engineering,True,1.0,True,True,True,True,True,True,True,NONE
TMS_TASK_029203,Engineering,SEC_045,CHAINAGE,TMS_TASK_029203,182.545,183.286,Rail Fracture Risk,B,2024-05-18,2024-05-30,2,Deferred,215,Engineering crew,180,10.966485,78.949703,182.916,LINEAR_SEGMENT_INTERPOLATION,0.98,33.2,33.2,5.3,5.3,0.84,0.33,71.85,33663,High,CLUST_SEC_045_0003,186,Engineering,True,1.0,True,True,True,True,True,True,True,NONE
TMS_TASK_025910,Engineering,SEC_045,CHAINAGE,TMS_TASK_025910,182.794,183.043,Weld Failure,A,2024-03-08,2024-03-12,0,In-Progress,294,Engineering crew,120,10.966485,78.949703,182.918,LINEAR_SEGMENT_INTERPOLATION,0.98,33.2,33.2,5.3,5.3,0.84,0.33,83.65,3477,Critical,CLUST_SEC_045_0003,186,Engineering,True,1.0,True,True,True,True,True,True,True,NONE
TMS_TASK_023471,Engineering,SEC_045,CHAINAGE,TMS_TASK_023471,182.739,183.11,Weld Failure,A,2024-07-25,2024-07-29,0,Completed,155,Engineering crew,120,10.966485,78.949703,182.925,LINEAR_SEGMENT_INTERPOLATION,0.98,33.2,33.2,5.3,5.3,0.84,0.33,83.65,3477,Critical,CLUST_SEC_045_0003,186,Engineering,True,1.0,True,True,True,True,True,True,True,NONE
TMS_TASK_022134,Engineering,SEC_045,CHAINAGE,TMS_TASK_022134,182.241,183.615,Weld Failure,B,2024-08-19,2024-08-26,0,In-Progress,127,Engineering crew,120,10.966485,78.949703,182.928,LINEAR_SEGMENT_INTERPOLATION,0.98,33.2,33.2,5.3,5.3,0.84,0.33,63.22,40989,High,CLUST_SEC_045_0003,186,Engineering,True,1.0,True,True,True,True,True,True,True,NONE
TMS_TASK_023979,Engineering,SEC_045,CHAINAGE,TMS_TASK_023979,182.196,183.672,Rail Fracture Risk,A,2024-11-04,2024-11-05,0,Open,56,Engineering crew,180,10.966485,78.949703,182.934,LINEAR_SEGMENT_INTERPOLATION,0.98,33.2,33.2,5.3,5.3,0.84,0.33,83.65,3477,Critical,CLUST_SEC_045_0003,186,Engineering,True,1.0,True,True,True,True,True,True,True,NONE
TMS_TASK_006916,Engineering,SEC_045,CHAINAGE,TMS_TASK_006916,182.343,183.527,Weld Failure,A,2024-09-12,2024-09-13,3,Deferred,109,Engineering crew,120,10.966485,78.949703,182.935,LINEAR_SEGMENT_INTERPOLATION,0.98,33.2,33.2,5.3,5.3,0.84,0.33,96.41,819,Critical,CLUST_SEC_045_0003,186,Engineering,True,1.0,True,True,True,True,True,True,True,NONE
TMS_TASK_014738,Engineering,SEC_045,CHAINAGE,TMS_TASK_014738,182.522,183.394,Track Parameter Deviation,C,2024-01-09,2024-02-22,4,In-Progress,313,Tamping Machine,90,10.966485,78.949703,182.958,LINEAR_SEGMENT_INTERPOLATION,0.98,33.2,33.2,5.3,5.3,0.84,0.33,65.79,39346,High,CLUST_SEC_045_0003,186,Engineering,True,1.0,True,True,True,True,True,True,True,NONE
TMS_TASK_001732,Engineering,SEC_045,CHAINAGE,TMS_TASK_001732,182.768,183.166,Rail Fracture Risk,B,2024-09-06,2024-09-18,3,Open,104,Engineering crew,180,10.966485,78.949703,182.967,LINEAR_SEGMENT_INTERPOLATION,0.98,33.2,33.2,5.3,5.3,0.84,0.33,76.62,30945,Critical,CLUST_SEC_045_0003,186,Engineering,True,1.0,True,True,True,True,True,True,True,NONE
TMS_TASK_029558,Engineering,SEC_045,CHAINAGE,TMS_TASK_029558,182.803,183.133,Track Parameter Deviation,A,2024-04-05,2024-04-06,0,Open,269,Tamping Machine,90,10.966485,78.949703,182.968,LINEAR_SEGMENT_INTERPOLATION,0.98,33.2,33.2,5.3,5.3,0.84,0.33,83.65,3477,Critical,CLUST_SEC_045_0003,186,Engineering,True,1.0,True,True,True,True,True,True,True,NONE
TMS_TASK_029531,Engineering,SEC_045,CHAINAGE,TMS_TASK_029531,182.407,183.531,Weld Failure,A,2024-05-05,2024-05-10,0,Deferred,235,Engineering crew,120,10.966485,78.949703,182.969,LINEAR_SEGMENT_INTERPOLATION,0.98,33.2,33.2,5.3,5.3,0.84,0.33,83.65,3477,Critical,CLUST_SEC_045_0003,186,Engineering,True,1.0,True,True,True,True,True,True,True,NONE
TMS_TASK_025417,Engineering,SEC_045,CHAINAGE,TMS_TASK_025417,182.404,183.545,Deep Screening Overdue,B,2024-08-05,2024-08-19,0,Open,134,Ballast Cleaning Machine,240,10.966485,78.949703,182.974,LINEAR_SEGMENT_INTERPOLATION,0.98,33.2,33.2,5.3,5.3,0.84,0.33,63.22,40989,High,CLUST_SEC_045_0003,186,Engineering,True,1.0,True,True,True,True,True,True,True,NONE
TMS_TASK_023186,Engineering,SEC_045,CHAINAGE,TMS_TASK_023186,182.663,183.286,Ballast Issue,C,2024-09-24,2024-10-22,2,In-Progress,70,Ballast Cleaning Machine,120,10.966485,78.949703,182.975,LINEAR_SEGMENT_INTERPOLATION,0.98,33.2,33.2,5.3,5.3,0.84,0.33,56.54,64416,High,CLUST_SEC_045_0003,186,Engineering,True,1.0,True,True,True,True,True,True,True,NONE
TMS_TASK_026185,Engineering,SEC_045,CHAINAGE,TMS_TASK_026185,182.472,183.491,Weld Failure,A,2024-08-10,2024-08-13,0,Completed,140,Engineering crew,120,10.966485,78.949703,182.982,LINEAR_SEGMENT_INTERPOLATION,0.98,33.2,33.2,5.3,5.3,0.84,0.33,83.65,3477,Critical,CLUST_SEC_045_0003,186,Engineering,True,1.0,True,True,True,True,True,True,True,NONE
TMS_TASK_022072,Engineering,SEC_045,CHAINAGE,TMS_TASK_022072,182.252,183.726,Rail Fracture Risk,A,2024-09-25,2024-10-01,0,In-Progress,91,Engineering crew,180,10.966485,78.949703,182.989,LINEAR_SEGMENT_INTERPOLATION,0.98,33.2,33.2,5.3,5.3,0.84,0.33,83.65,3477,Critical,CLUST_SEC_045_0003,186,Engineering,True,1.0,True,True,True,True,True,True,True,NONE
TMS_TASK_027076,Engineering,SEC_045,CHAINAGE,TMS_TASK_027076,182.618,183.411,Ballast Issue,B,2024-05-03,2024-05-24,4,Open,221,Ballast Cleaning Machine,120,10.966485,78.949703,183.014,LINEAR_SEGMENT_INTERPOLATION,0.98,33.2,33.2,5.3,5.3,0.84,0.33,81.11,28211,Critical,CLUST_SEC_045_0003,186,Engineering,True,1.0,True,True,True,True,True,True,True,NONE
TMS_TASK_027644,Engineering,SEC_045,CHAINAGE,TMS_TASK_027644,182.329,183.723,Weld Failure,A,2024-01-13,2024-01-14,0,Completed,352,Engineering crew,120,10.966485,78.949703,183.026,LINEAR_SEGMENT_INTERPOLATION,0.98,33.2,33.2,5.3,5.3,0.84,0.33,83.65,3477,Critical,CLUST_SEC_045_0003,186,Engineering,True,1.0,True,True,True,True,True,True,True,NONE
TMS_TASK_011314,Engineering,SEC_045,CHAINAGE,TMS_TASK_011314,182.726,183.358,Deep Screening Overdue,C,2024-12-22,2025-02-02,0,Open,0,Ballast Cleaning Machine,240,10.966485,78.949703,183.042,LINEAR_SEGMENT_INTERPOLATION,0.98,33.2,33.2,5.3,5.3,0.84,0.33,15.14,79421,Low,CLUST_SEC_045_0003,186,Engineering,True,1.0,True,True,True,True,True,True,True,NONE
TMS_TASK_008907,Engineering,SEC_045,CHAINAGE,TMS_TASK_008907,182.376,183.721,Ballast Issue,B,2024-03-22,2024-04-08,2,Deferred,267,Ballast Cleaning Machine,120,10.966485,78.949703,183.048,LINEAR_SEGMENT_INTERPOLATION,0.98,33.2,33.2,5.3,5.3,0.84,0.33,71.85,33663,High,CLUST_SEC_045_0003,186,Engineering,True,1.0,True,True,True,True,True,True,True,NONE
TMS_TASK_000592,Engineering,SEC_045,CHAINAGE,TMS_TASK_000592,182.71,183.406,Rail Fracture Risk,A,2024-08-25,2024-08-28,0,In-Progress,125,Engineering crew,180,10.966485,78.949703,183.058,LINEAR_SEGMENT_INTERPOLATION,0.98,33.2,33.2,5.3,5.3,0.84,0.33,83.65,3477,Critical,CLUST_SEC_045_0003,186,Engineering,True,1.0,True,True,True,True,True,True,True,NONE
TMS_TASK_003590,Engineering,SEC_045,CHAINAGE,TMS_TASK_003590,182.783,183.349,Deep Screening Overdue,B,2024-08-14,2024-08-29,0,Open,124,Ballast Cleaning Machine,240,10.966485,78.949703,183.066,LINEAR_SEGMENT_INTERPOLATION,0.98,33.2,33.2,5.3,5.3,0.84,0.33,63.22,40989,High,CLUST_SEC_045_0003,186,Engineering,True,1.0,True,True,True,True,True,True,True,NONE
TMS_TASK_021520,Engineering,SEC_045,CHAINAGE,TMS_TASK_021520,182.572,183.561,Ballast Issue,C,2024-05-28,2024-07-01,0,Completed,183,Ballast Cleaning Machine,120,10.966485,78.949703,183.067,LINEAR_SEGMENT_INTERPOLATION,0.98,33.2,33.2,5.3,5.3,0.84,0.33,48.3,68883,Medium,CLUST_SEC_045_0003,186,Engineering,True,1.0,True,True,True,True,True,True,True,NONE
TMS_TASK_010972,Engineering,SEC_045,CHAINAGE,TMS_TASK_010972,183.024,183.118,Ballast Issue,B,2024-12-09,2024-12-21,3,Deferred,10,Ballast Cleaning Machine,120,10.966485,78.949703,183.071,LINEAR_SEGMENT_INTERPOLATION,0.98,33.2,33.2,5.3,5.3,0.84,0.33,54.87,66028,High,CLUST_SEC_045_0003,186,Engineering,True,1.0,True,True,True,True,True,True,True,NONE
TMS_TASK_013311,Engineering,SEC_045,CHAINAGE,TMS_TASK_013311,182.485,183.666,Rail Fracture Risk,A,2024-06-29,2024-07-01,0,Open,183,Engineering crew,180,10.966485,78.949703,183.076,LINEAR_SEGMENT_INTERPOLATION,0.98,33.2,33.2,5.3,5.3,0.84,0.33,83.65,3477,Critical,CLUST_SEC_045_0003,186,Engineering,True,1.0,True,True,True,True,True,True,True,NONE
TMS_TASK_028119,Engineering,SEC_045,CHAINAGE,TMS_TASK_028119,182.54,183.623,Deep Screening Overdue,B,2024-09-09,2024-09-18,0,Deferred,104,Ballast Cleaning Machine,240,10.966485,78.949703,183.082,LINEAR_SEGMENT_INTERPOLATION,0.98,33.2,33.2,5.3,5.3,0.84,0.33,63.22,40989,High,CLUST_SEC_045_0003,186,Engineering,True,1.0,True,True,True,True,True,True,True,NONE
TMS_TASK_011458,Engineering,SEC_045,CHAINAGE,TMS_TASK_011458,182.901,183.275,Ballast Issue,C,2024-09-27,2024-11-04,0,In-Progress,57,Ballast Cleaning Machine,120,10.966485,78.949703,183.088,LINEAR_SEGMENT_INTERPOLATION,0.98,33.2,33.2,5.3,5.3,0.84,0.33,48.3,68883,Medium,CLUST_SEC_045_0003,186,Engineering,True,1.0,True,True,True,True,True,True,True,NONE
TMS_TASK_023492,Engineering,SEC_045,CHAINAGE,TMS_TASK_023492,182.601,183.596,Rail Fracture Risk,A,2024-09-10,2024-09-16,0,In-Progress,106,Engineering crew,180,10.966485,78.949703,183.099,LINEAR_SEGMENT_INTERPOLATION,0.98,33.2,33.2,5.3,5.3,0.84,0.33,83.65,3477,Critical,CLUST_SEC_045_0003,186,Engineering,True,1.0,True,True,True,True,True,True,True,NONE
TMS_TASK_015059,Engineering,SEC_045,CHAINAGE,TMS_TASK_015059,182.708,183.53,Deep Screening Overdue,C,2024-11-20,2024-12-12,2,In-Progress,19,Ballast Cleaning Machine,240,10.966485,78.949703,183.119,LINEAR_SEGMENT_INTERPOLATION,0.98,33.2,33.2,5.3,5.3,0.84,0.33,45.36,75926,Medium,CLUST_SEC_045_0003,186,Engineering,True,1.0,True,True,True,True,True,True,True,NONE
TMS_TASK_014680,Engineering,SEC_045,CHAINAGE,TMS_TASK_014680,182.944,183.301,Track Parameter Deviation,A,2024-06-03,2024-06-10,0,Open,204,Tamping Machine,90,10.966485,78.949703,183.123,LINEAR_SEGMENT_INTERPOLATION,0.98,33.2,33.2,5.3,5.3,0.84,0.33,83.65,3477,Critical,CLUST_SEC_045_0003,186,Engineering,True,1.0,True,True,True,True,True,True,True,NONE
TMS_TASK_014538,Engineering,SEC_045,CHAINAGE,TMS_TASK_014538,183.05,183.28,Track Parameter Deviation,B,2024-11-30,2024-12-09,0,Completed,22,Tamping Machine,90,10.966485,78.949703,183.165,LINEAR_SEGMENT_INTERPOLATION,0.98,33.2,33.2,5.3,5.3,0.84,0.33,54.01,66141,High,CLUST_SEC_045_0003,186,Engineering,True,1.0,True,True,True,True,True,True,True,NONE
TMS_TASK_006482,Engineering,SEC_045,CHAINAGE,TMS_TASK_006482,182.82,183.516,Track Parameter Deviation,B,2024-03-21,2024-04-03,1,Deferred,272,Tamping Machine,90,10.966485,78.949703,183.168,LINEAR_SEGMENT_INTERPOLATION,0.98,33.2,33.2,5.3,5.3,0.84,0.33,67.45,36608,High,CLUST_SEC_045_0003,186,Engineering,True,1.0,True,True,True,True,True,True,True,NONE
TMS_TASK_017804,Engineering,SEC_045,CHAINAGE,TMS_TASK_017804,182.456,183.892,Rail Fracture Risk,B,2024-06-20,2024-06-30,0,Completed,184,Engineering crew,180,10.966485,78.949703,183.174,LINEAR_SEGMENT_INTERPOLATION,0.98,33.2,33.2,5.3,5.3,0.84,0.33,63.22,40989,High,CLUST_SEC_045_0003,186,Engineering,True,1.0,True,True,True,True,True,True,True,NONE
TMS_TASK_028379,Engineering,SEC_045,CHAINAGE,TMS_TASK_028379,182.804,183.576,Ballast Issue,C,2024-04-19,2024-05-11,3,Open,234,Ballast Cleaning Machine,120,10.966485,78.949703,183.19,LINEAR_SEGMENT_INTERPOLATION,0.98,33.2,33.2,5.3,5.3,0.84,0.33,60.98,62305,High,CLUST_SEC_045_0003,186,Engineering,True,1.0,True,True,True,True,True,True,True,NONE
TMS_TASK_026691,Engineering,SEC_045,CHAINAGE,TMS_TASK_026691,183.164,183.222,Deep Screening Overdue,B,2024-04-08,2024-04-23,0,Open,252,Ballast Cleaning Machine,240,10.966485,78.949703,183.193,LINEAR_SEGMENT_INTERPOLATION,0.98,33.2,33.2,5.3,5.3,0.84,0.33,63.22,40989,High,CLUST_SEC_045_0003,186,Engineering,True,1.0,True,True,True,True,True,True,True,NONE
TMS_TASK_002101,Engineering,SEC_045,CHAINAGE,TMS_TASK_002101,182.905,183.488,Weld Failure,A,2024-04-20,2024-04-22,0,Completed,253,Engineering crew,120,10.966485,78.949703,183.197,LINEAR_SEGMENT_INTERPOLATION,0.98,33.2,33.2,5.3,5.3,0.84,0.33,83.65,3477,Critical,CLUST_SEC_045_0003,186,Engineering,True,1.0,True,True,True,True,True,True,True,NONE
TMS_TASK_004933,Engineering,SEC_045,CHAINAGE,TMS_TASK_004933,182.708,183.695,Track Parameter Deviation,A,2024-07-20,2024-07-22,0,Open,162,Tamping Machine,90,10.966485,78.949703,183.202,LINEAR_SEGMENT_INTERPOLATION,0.98,33.2,33.2,5.3,5.3,0.84,0.33,83.65,3477,Critical,CLUST_SEC_045_0003,186,Engineering,True,1.0,True,True,True,True,True,True,True,NONE
TMS_TASK_029437,Engineering,SEC_045,CHAINAGE,TMS_TASK_029437,182.75,183.669,Rail Fracture Risk,A,2024-11-24,2024-12-01,0,In-Progress,30,Engineering crew,180,10.966485,78.949703,183.209,LINEAR_SEGMENT_INTERPOLATION,0.98,33.2,33.2,5.3,5.3,0.84,0.33,83.3,27716,Critical,CLUST_SEC_045_0003,186,Engineering,True,1.0,True,True,True,True,True,True,True,NONE
TMS_TASK_010258,Engineering,SEC_045,CHAINAGE,TMS_TASK_010258,183.055,183.414,Rail Fracture Risk,B,2024-11-07,2024-11-17,0,Deferred,44,Engineering crew,180,10.966485,78.949703,183.234,LINEAR_SEGMENT_INTERPOLATION,0.98,33.2,33.2,5.3,5.3,0.84,0.33,63.22,40989,High,CLUST_SEC_045_0003,186,Engineering,True,1.0,True,True,True,True,True,True,True,NONE
TMS_TASK_011478,Engineering,SEC_045,CHAINAGE,TMS_TASK_011478,182.502,183.998,Deep Screening Overdue,A,2024-11-06,2024-11-08,0,In-Progress,53,Ballast Cleaning Machine,240,10.966485,78.949703,183.25,LINEAR_SEGMENT_INTERPOLATION,0.98,33.2,33.2,5.3,5.3,0.84,0.33,83.65,3477,Critical,CLUST_SEC_045_0003,186,Engineering,True,1.0,True,True,True,True,True,True,True,NONE
TMS_TASK_019644,Engineering,SEC_045,CHAINAGE,TMS_TASK_019644,183.008,183.5,Weld Failure,B,2024-05-26,2024-06-09,4,Deferred,205,Engineering crew,120,10.966485,78.949703,183.254,LINEAR_SEGMENT_INTERPOLATION,0.98,33.2,33.2,5.3,5.3,0.84,0.33,81.11,28211,Critical,CLUST_SEC_045_0003,186,Engineering,True,1.0,True,True,True,True,True,True,True,NONE
TMS_TASK_006318,Engineering,SEC_045,CHAINAGE,TMS_TASK_006318,182.921,183.586,Ballast Issue,B,2024-07-12,2024-08-01,2,Deferred,152,Ballast Cleaning Machine,120,10.966485,78.949703,183.254,LINEAR_SEGMENT_INTERPOLATION,0.98,33.2,33.2,5.3,5.3,0.84,0.33,71.85,33663,High,CLUST_SEC_045_0003,186,Engineering,True,1.0,True,True,True,True,True,True,True,NONE
TMS_TASK_001206,Engineering,SEC_045,CHAINAGE,TMS_TASK_001206,183.029,183.493,Deep Screening Overdue,A,2024-05-21,2024-05-25,0,Completed,220,Ballast Cleaning Machine,240,10.966485,78.949703,183.261,LINEAR_SEGMENT_INTERPOLATION,0.98,33.2,33.2,5.3,5.3,0.84,0.33,83.65,3477,Critical,CLUST_SEC_045_0003,186,Engineering,True,1.0,True,True,True,True,True,True,True,NONE
TMS_TASK_027902,Engineering,SEC_045,CHAINAGE,TMS_TASK_027902,182.621,183.904,Deep Screening Overdue,C,2024-02-16,2024-03-23,3,Open,283,Ballast Cleaning Machine,240,10.966485,78.949703,183.262,LINEAR_SEGMENT_INTERPOLATION,0.98,33.2,33.2,5.3,5.3,0.84,0.33,60.98,62305,High,CLUST_SEC_045_0003,186,Engineering,True,1.0,True,True,True,True,True,True,True,NONE
TMS_TASK_025923,Engineering,SEC_045,CHAINAGE,TMS_TASK_025923,183.163,183.365,Weld Failure,B,2024-07-06,2024-07-22,4,In-Progress,162,Engineering crew,120,10.966485,78.949703,183.264,LINEAR_SEGMENT_INTERPOLATION,0.98,33.2,33.2,5.3,5.3,0.84,0.33,81.11,28211,Critical,CLUST_SEC_045_0003,186,Engineering,True,1.0,True,True,True,True,True,True,True,NONE
TMS_TASK_014817,Engineering,SEC_045,CHAINAGE,TMS_TASK_014817,182.825,183.714,Rail Fracture Risk,A,2024-08-22,2024-08-29,2,In-Progress,124,Engineering crew,180,10.966485,78.949703,183.269,LINEAR_SEGMENT_INTERPOLATION,0.98,33.2,33.2,5.3,5.3,0.84,0.33,92.61,1686,Critical,CLUST_SEC_045_0003,186,Engineering,True,1.0,True,True,True,True,True,True,True,NONE
TMS_TASK_013047,Engineering,SEC_045,CHAINAGE,TMS_TASK_013047,183.204,183.414,Ballast Issue,B,2024-07-02,2024-07-19,0,Deferred,165,Ballast Cleaning Machine,120,10.966485,78.949703,183.309,LINEAR_SEGMENT_INTERPOLATION,0.98,33.2,33.2,5.3,5.3,0.84,0.33,63.22,40989,High,CLUST_SEC_045_0003,186,Engineering,True,1.0,True,True,True,True,True,True,True,NONE
TMS_TASK_006133,Engineering,SEC_045,CHAINAGE,TMS_TASK_006133,182.655,184.048,Weld Failure,B,2024-01-03,2024-01-19,0,Completed,347,Engineering crew,120,10.966485,78.949703,183.351,LINEAR_SEGMENT_INTERPOLATION,0.98,33.2,33.2,5.3,5.3,0.84,0.33,63.22,40989,High,CLUST_SEC_045_0003,186,Engineering,True,1.0,True,True,True,True,True,True,True,NONE
TMS_TASK_022918,Engineering,SEC_045,CHAINAGE,TMS_TASK_022918,183.307,183.419,Weld Failure,B,2024-11-24,2024-12-13,0,In-Progress,18,Engineering crew,120,10.966485,78.949703,183.363,LINEAR_SEGMENT_INTERPOLATION,0.98,33.2,33.2,5.3,5.3,0.84,0.33,50.48,68299,High,CLUST_SEC_045_0003,186,Engineering,True,1.0,True,True,True,True,True,True,True,NONE
TMS_TASK_020878,Engineering,SEC_045,CHAINAGE,TMS_TASK_020878,182.822,183.926,Rail Fracture Risk,C,2024-12-02,2025-01-06,4,Open,0,Engineering crew,180,10.966485,78.949703,183.374,LINEAR_SEGMENT_INTERPOLATION,0.98,33.2,33.2,5.3,5.3,0.84,0.33,32.42,77526,Medium,CLUST_SEC_045_0003,186,Engineering,True,1.0,True,True,True,True,True,True,True,NONE
TMS_TASK_013475,Engineering,SEC_045,CHAINAGE,TMS_TASK_013475,182.883,183.886,Deep Screening Overdue,B,2024-08-15,2024-09-05,0,Open,117,Ballast Cleaning Machine,240,10.966485,78.949703,183.385,LINEAR_SEGMENT_INTERPOLATION,0.98,33.2,33.2,5.3,5.3,0.84,0.33,63.22,40989,High,CLUST_SEC_045_0003,186,Engineering,True,1.0,True,True,True,True,True,True,True,NONE
TMS_TASK_001569,Engineering,SEC_045,CHAINAGE,TMS_TASK_001569,183.292,183.506,Rail Fracture Risk,A,2024-03-17,2024-03-24,0,Open,282,Engineering crew,180,10.966485,78.949703,183.399,LINEAR_SEGMENT_INTERPOLATION,0.98,33.2,33.2,5.3,5.3,0.84,0.33,83.65,3477,Critical,CLUST_SEC_045_0003,186,Engineering,True,1.0,True,True,True,True,True,True,True,NONE
TMS_TASK_001390,Engineering,SEC_045,CHAINAGE,TMS_TASK_001390,182.702,184.101,Ballast Issue,C,2024-11-03,2024-12-14,0,Open,17,Ballast Cleaning Machine,120,10.966485,78.949703,183.401,LINEAR_SEGMENT_INTERPOLATION,0.98,33.2,33.2,5.3,5.3,0.84,0.33,33.28,77434,Medium,CLUST_SEC_045_0003,186,Engineering,True,1.0,True,True,True,True,True,True,True,NONE
TMS_TASK_020641,Engineering,SEC_045,CHAINAGE,TMS_TASK_020641,183.015,183.799,Ballast Issue,B,2024-11-30,2024-12-14,0,Open,17,Ballast Cleaning Machine,120,10.966485,78.949703,183.407,LINEAR_SEGMENT_INTERPOLATION,0.98,33.2,33.2,5.3,5.3,0.84,0.33,48.78,68752,Medium,CLUST_SEC_045_0003,186,Engineering,True,1.0,True,True,True,True,True,True,True,NONE
TMS_TASK_022209,Engineering,SEC_045,CHAINAGE,TMS_TASK_022209,183.358,183.456,Deep Screening Overdue,C,2024-12-30,2025-01-22,4,Deferred,0,Ballast Cleaning Machine,240,10.966485,78.949703,183.407,LINEAR_SEGMENT_INTERPOLATION,0.98,33.2,33.2,5.3,5.3,0.84,0.33,32.42,77526,Medium,CLUST_SEC_045_0003,186,Engineering,True,1.0,True,True,True,True,True,True,True,NONE
TMS_TASK_014960,Engineering,SEC_045,CHAINAGE,TMS_TASK_014960,182.966,183.911,Track Parameter Deviation,C,2024-08-19,2024-09-26,2,In-Progress,96,Tamping Machine,90,10.966485,78.949703,183.439,LINEAR_SEGMENT_INTERPOLATION,0.98,33.2,33.2,5.3,5.3,0.84,0.33,56.54,64416,High,CLUST_SEC_045_0003,186,Engineering,True,1.0,True,True,True,True,True,True,True,NONE
TMS_TASK_023081,Engineering,SEC_045,CHAINAGE,TMS_TASK_023081,183.38,183.514,Weld Failure,A,2024-01-15,2024-01-21,0,In-Progress,345,Engineering crew,120,10.966485,78.949703,183.447,LINEAR_SEGMENT_INTERPOLATION,0.98,33.2,33.2,5.3,5.3,0.84,0.33,83.65,3477,Critical,CLUST_SEC_045_0003,186,Engineering,True,1.0,True,True,True,True,True,True,True,NONE
TMS_TASK_003910,Engineering,SEC_045,CHAINAGE,TMS_TASK_003910,183.301,183.611,Deep Screening Overdue,B,2024-09-21,2024-10-10,1,Deferred,82,Ballast Cleaning Machine,240,10.966485,78.949703,183.456,LINEAR_SEGMENT_INTERPOLATION,0.98,33.2,33.2,5.3,5.3,0.84,0.33,67.45,36608,High,CLUST_SEC_045_0003,186,Engineering,True,1.0,True,True,True,True,True,True,True,NONE
TMS_TASK_013508,Engineering,SEC_045,CHAINAGE,TMS_TASK_013508,183.411,183.513,Rail Fracture Risk,C,2024-09-01,2024-09-16,0,In-Progress,106,Engineering crew,180,10.966485,78.949703,183.462,LINEAR_SEGMENT_INTERPOLATION,0.98,33.2,33.2,5.3,5.3,0.84,0.33,48.3,68883,Medium,CLUST_SEC_045_0003,186,Engineering,True,1.0,True,True,True,True,True,True,True,NONE
TMS_TASK_009176,Engineering,SEC_045,CHAINAGE,TMS_TASK_009176,183.171,183.756,Weld Failure,B,2024-07-24,2024-08-02,0,Open,151,Engineering crew,120,10.966485,78.949703,183.464,LINEAR_SEGMENT_INTERPOLATION,0.98,33.2,33.2,5.3,5.3,0.84,0.33,63.22,40989,High,CLUST_SEC_045_0003,186,Engineering,True,1.0,True,True,True,True,True,True,True,NONE
