sev_num,overdue_days,traffic_num,deferred_count,actual_priority_rank
3,37,3,2,94.18
2,33,1,0,77.63
3,0,1,2,70.21
2,9,3,4,60.71
3,0,1,0,47.28
2,14,2,0,47.89
1,2,1,2,34.66
2,28,1,3,70.21
3,10,2,0,62.39
2,26,1,1,75.28
3,3,1,4,80.55
2,8,1,2,48.87
1,2,3,1,26.63
2,4,2,4,48.32
2,12,1,2,57.05
2,38,2,3,75.31
2,12,1,2,56.62
2,18,1,0,60.96
1,27,1,3,57.15
2,33,1,4,89.69
2,44,3,4,83.7
2,8,1,0,51.42
2,14,1,4,61.86
3,6,1,5,78.64
2,41,1,3,77.6
1,10,1,4,46.08
3,40,1,0,85.29
3,35,1,5,100.0
3,24,3,0,86.23
1,21,3,3,53.95
1,43,1,1,50.73
1,6,3,5,53.31
2,6,2,0,35.89
2,0,2,0,33.38
1,8,2,1,29.18
2,41,2,2,68.38
2,18,1,2,68.3
1,19,1,3,64.64
1,29,2,3,59.89
3,37,1,4,100.0
3,5,2,4,68.65
2,17,3,2,62.84
3,36,1,3,99.43
2,20,1,3,79.79
1,37,3,3,65.81
2,21,2,5,78.8
2,43,1,2,77.51
3,1,1,3,63.38
2,22,1,4,68.76
2,5,1,2,50.06
1,22,3,1,52.59
2,0,3,5,55.49
2,36,1,2,78.66
1,9,3,1,31.03
2,1,3,5,55.62
3,19,2,5,98.51
2,23,1,1,56.99
1,12,1,1,42.57
2,18,1,1,66.28
2,28,1,2,70.26
1,26,3,4,65.84
1,9,1,2,38.0
2,33,1,0,75.48
3,5,1,2,68.33
1,26,1,4,76.5
3,2,1,4,68.24
2,11,1,2,51.65
3,31,1,0,79.47
2,29,2,0,64.32
2,6,2,1,41.39
1,18,1,3,50.16
2,26,2,4,70.81
2,19,1,2,70.47
2,40,3,4,88.41
3,35,3,3,99.88
3,20,1,5,90.23
3,5,1,4,71.05
2,32,3,1,68.87
2,43,3,0,68.21
2,4,2,2,42.36
1,42,2,3,62.36
1,31,1,5,66.43
2,8,1,4,68.36
3,9,1,0,57.42
2,30,3,2,76.6
2,32,2,2,66.73
1,34,3,2,60.01
2,41,1,2,74.29
3,32,2,5,100.0
1,35,2,0,43.75
3,21,3,2,84.31
2,26,3,3,75.96
1,21,1,5,60.25
2,14,1,4,65.38
2,0,1,4,49.85
1,24,1,2,60.07
2,44,1,5,88.81
1,12,1,4,50.8
2,43,1,3,83.59
2,33,2,3,79.02
1,1,1,3,35.72
1,17,1,5,56.76
3,25,2,1,82.65
2,42,3,5,93.8
2,38,2,2,66.25
3,27,2,0,83.76
1,17,3,0,37.24
2,16,2,3,62.99
3,39,3,4,100.0
3,39,1,5,100.0
2,23,1,1,69.46
3,40,3,0,85.34
1,19,1,5,61.87
2,25,3,5,89.8
2,16,1,0,43.36
2,43,1,5,84.54
3,7,3,2,71.6
3,1,2,1,55.61
2,32,1,5,81.66
2,5,1,1,44.41
2,25,3,4,78.43
2,43,1,4,90.2
2,5,1,4,61.07
3,15,3,0,70.78
3,24,3,3,91.32
1,30,1,3,57.82
1,3,3,3,37.17
3,17,3,4,93.49
2,2,3,2,49.42
1,29,1,4,77.5
2,43,1,2,65.44
2,42,1,4,91.11
1,27,3,3,61.96
2,17,1,4,74.78
3,3,1,4,72.08
2,13,3,1,57.95
1,20,1,3,53.4
2,7,1,5,58.83
2,5,1,0,47.7
1,25,1,3,46.63
3,33,1,5,100.0
2,8,1,1,37.74
3,17,1,5,100.0
2,35,1,2,74.67
1,37,3,1,57.22
3,16,3,1,78.3
1,13,1,5,62.72
2,5,1,5,66.22
3,24,2,0,77.46
2,28,2,3,74.8
2,11,3,3,59.86
1,41,2,3,53.08
3,20,1,2,83.22
1,33,3,3,68.98
3,31,2,0,81.2
2,2,1,5,63.74
2,9,1,4,58.17
1,25,1,3,66.13
2,42,1,4,81.95
1,21,1,1,54.22
3,17,1,5,99.91
2,9,3,1,51.15
3,2,2,3,67.17
2,32,1,0,67.76
3,7,1,3,79.36
1,5,3,4,48.85
2,10,3,4,64.05
3,8,2,5,77.85
2,29,1,1,78.87
2,22,1,3,79.18
3,10,1,0,61.38
3,15,3,3,86.91
1,31,3,1,57.17
3,25,1,0,90.17
1,0,2,3,29.35
3,26,2,1,78.73
3,4,1,2,65.57
2,13,2,2,54.74
1,2,1,2,29.29
1,5,1,3,44.62
1,19,2,3,52.1
3,21,3,5,96.73
2,16,2,2,55.82
1,22,1,5,75.25
2,25,1,0,61.36
3,2,2,1,51.47
3,37,3,4,100.0
3,5,2,0,60.94
2,32,3,1,71.07
1,41,2,2,47.9
1,31,1,1,53.87
2,25,3,1,67.49
2,16,3,0,52.65
3,27,1,1,89.12
2,20,3,0,52.28
3,19,1,3,84.51
2,28,2,5,89.86
2,0,1,1,36.48
2,19,1,5,76.96
2,8,2,3,48.32
1,20,2,1,42.62
2,31,3,1,74.49
3,23,1,5,100.0
2,21,2,0,59.66
1,40,1,3,72.46
2,28,3,4,80.53
2,37,2,4,81.82
2,29,2,0,61.0
3,10,1,2,68.69
1,33,3,4,67.7
2,19,3,2,68.05
2,9,1,3,65.56
1,3,2,3,31.82
2,26,1,5,79.02
1,1,1,3,37.46
2,16,2,5,70.58
2,21,3,5,77.67
2,20,1,4,76.79
1,20,1,5,68.25
2,9,2,1,45.14
1,22,2,2,48.14
2,25,1,1,65.18
3,35,3,3,98.0
2,31,1,4,84.53
2,31,3,5,94.34
2,18,1,4,78.13
3,36,3,4,100.0
1,41,1,2,68.83
2,11,3,4,61.91
2,8,1,1,48.15
2,31,3,0,73.25
2,21,2,1,63.21
1,13,2,1,31.35
2,29,1,4,81.89
1,13,1,1,45.21
3,41,1,3,91.48
2,17,1,3,61.25
2,33,3,5,91.12
2,37,1,2,81.49
1,38,1,3,68.37
2,28,3,2,77.02
2,20,1,5,87.5
3,8,1,0,68.19
2,10,2,0,45.26
1,44,1,2,66.23
2,42,1,2,87.4
1,2,2,0,14.11
3,1,2,3,65.73
2,3,3,4,57.44
1,21,1,0,42.73
3,1,2,2,61.31
2,3,3,5,59.85
2,43,2,4,82.42
3,41,1,2,100.0
2,16,3,5,80.85
1,42,1,5,76.35
2,13,3,2,58.25
1,19,2,5,55.36
1,16,2,0,36.78
2,11,3,5,67.48
1,32,1,5,83.63
3,6,2,5,75.51
2,13,3,1,54.58
1,15,3,5,57.15
3,31,1,4,98.13
2,23,3,2,72.06
3,40,2,5,100.0
2,1,3,4,53.81
2,19,1,3,65.72
2,10,1,4,65.15
1,7,1,4,38.82
3,31,1,3,92.11
2,17,3,5,74.38
2,37,1,1,67.45
2,30,3,1,74.54
2,18,2,4,69.39
1,5,1,0,20.1
3,0,3,2,62.32
1,42,1,5,75.75
2,8,3,5,65.43
2,12,1,5,67.41
2,36,2,0,64.09
3,2,3,0,63.66
1,14,1,3,53.31
3,35,2,0,82.96
2,2,2,5,53.02
2,40,3,1,65.84
3,9,3,1,68.6
2,16,3,1,57.73
3,43,1,1,91.27
2,17,3,3,66.99
2,25,1,2,76.89
2,0,1,5,61.93
3,14,2,1,74.09
1,21,2,2,46.99
3,8,1,3,80.97
3,24,1,4,100.0
2,12,2,4,65.12
3,19,1,3,94.42
2,27,1,2,65.63
2,38,1,0,61.17
2,28,1,0,72.76
1,22,1,2,54.98
1,22,1,2,53.12
2,32,3,5,87.67
1,34,1,4,68.13
1,36,1,3,62.63
2,4,2,0,33.25
1,34,2,5,69.03
3,2,3,3,75.18
2,21,1,2,63.35
3,43,1,4,100.0
1,8,1,5,59.89
2,31,1,3,85.79
3,34,1,1,84.25
1,8,2,3,40.68
2,34,1,4,90.75
3,44,2,4,99.78
2,10,1,0,50.15
2,29,3,4,88.91
1,20,3,3,60.0
1,30,1,1,61.32
3,13,1,2,77.45
3,23,3,4,95.7
3,43,2,0,86.13
2,18,1,5,70.56
1,39,2,2,62.13
2,26,3,3,84.7
2,12,3,0,52.67
2,7,1,3,53.53
1,7,3,1,32.33
2,21,2,1,55.57
2,6,1,2,54.72
2,5,2,3,50.52
2,34,1,3,81.03
1,4,1,2,27.77
2,30,1,3,89.37
2,14,2,0,45.82
1,18,1,5,67.63
1,10,2,1,35.51
2,37,3,2,72.04
2,35,1,2,81.15
2,41,3,0,68.1
1,19,3,2,48.41
1,14,1,0,34.78
2,32,1,4,81.18
3,28,1,0,93.34
2,22,3,2,66.25
1,3,1,2,25.44
2,37,1,4,87.49
1,0,1,4,41.55
1,28,2,1,54.32
2,28,3,3,74.44
1,33,3,1,54.23
1,38,3,2,60.59
1,25,1,4,64.37
2,25,2,3,72.93
1,20,3,1,45.81
1,14,1,3,53.21
2,16,1,5,68.59
2,2,1,5,66.17
3,33,1,3,100.0
2,22,1,0,60.57
2,20,1,1,69.88
2,40,3,2,83.77
2,10,3,5,69.98
2,32,3,5,92.87
2,2,3,4,53.55
2,17,2,4,70.48
2,40,2,0,58.25
2,19,2,3,66.41
2,1,2,1,38.86
2,9,1,3,66.82
2,33,1,1,80.77
2,22,3,2,71.55
3,8,2,3,69.07
2,23,1,2,72.97
2,0,3,3,53.41
2,34,1,4,92.59
2,31,1,4,86.59
1,4,3,1,30.85
2,31,3,3,75.83
2,12,1,4,58.76
2,20,1,0,59.99
3,8,1,2,77.43
1,33,1,3,70.5
2,10,1,0,49.18
1,11,1,0,28.02
3,5,3,4,81.37
2,30,3,1,81.22
2,35,2,0,60.73
2,39,2,0,61.84
2,7,3,1,41.49
2,38,2,4,85.66
3,12,1,0,72.56
3,34,2,0,83.66
3,16,2,0,68.12
2,26,1,5,91.93
2,1,1,0,35.64
3,42,1,3,100.0
3,16,2,3,79.05
1,19,3,0,35.94
2,17,3,5,73.19
3,43,2,1,91.65
2,22,1,0,62.33
2,39,1,0,59.62
2,9,1,4,55.54
2,25,1,3,81.45
3,27,1,0,84.9
2,26,1,4,84.13
2,21,1,2,71.91
2,39,1,3,76.75
3,35,3,2,98.77
2,44,1,2,70.67
1,44,1,5,80.09
3,10,2,3,73.75
3,10,3,2,73.57
2,21,2,0,52.13
2,25,1,4,93.07
2,19,2,5,75.67
2,36,1,2,71.27
2,20,2,4,62.8
2,10,1,3,58.37
2,39,1,2,78.51
1,33,3,0,48.37
1,28,2,0,48.43
2,30,2,0,64.44
1,33,3,1,58.25
2,22,3,3,72.05
2,24,2,4,71.53
2,37,1,2,85.73
2,33,3,0,66.41
1,7,2,2,37.56
2,18,3,1,56.22
3,4,1,1,67.86
1,8,1,2,35.23
1,40,2,2,56.18
1,9,2,2,34.32
2,19,2,3,65.4
2,34,1,4,77.73
2,20,1,3,61.83
3,24,1,4,95.07
3,15,3,0,72.09
3,11,1,5,77.7
1,14,1,2,42.08
2,7,2,3,50.22
1,12,1,0,28.14
3,37,1,4,100.0
3,4,1,3,78.46
3,19,1,0,80.04
2,44,1,1,67.68
3,35,1,3,100.0
1,10,3,4,53.11
2,19,3,0,58.31
1,23,3,5,65.51
3,12,1,0,74.44
3,44,1,1,94.5
2,25,1,1,73.19
2,17,2,2,58.07
2,11,3,4,67.14
2,20,1,5,70.73
1,30,2,2,59.71
3,14,1,4,86.44
1,2,1,1,22.57
1,35,2,4,63.88
2,23,1,1,59.92
2,5,1,5,64.25
3,26,2,3,96.41
2,6,1,4,58.42
2,39,1,3,75.19
1,22,1,2,47.69
2,24,1,4,71.27
2,15,2,2,56.59
3,40,1,0,89.58
3,22,2,5,100.0
2,15,1,2,54.27
2,0,1,2,42.22
3,14,3,5,91.7
2,10,3,0,49.29
3,20,1,4,98.74
2,41,3,0,68.81
2,17,1,1,57.17
3,14,1,1,71.58
1,4,1,0,20.36
2,24,1,2,78.19
3,32,1,2,99.49
1,12,1,3,51.02
3,11,1,1,72.04
1,1,2,2,23.23
3,15,2,3,80.22
2,7,1,2,53.58
2,10,3,5,65.75
2,8,1,4,69.75
3,36,1,5,100.0
2,6,2,3,51.92
2,32,1,0,78.7
2,43,1,0,65.61
3,34,3,5,100.0
3,30,2,5,100.0
1,36,1,1,53.77
3,33,1,2,98.27
1,2,2,4,36.38
2,17,2,1,61.65
3,26,2,4,96.32
1,1,1,4,33.33
1,20,2,0,32.04
3,36,1,5,100.0
2,40,1,3,82.8
3,26,3,4,100.0
2,24,3,5,87.23
2,9,3,2,51.83
2,23,1,2,71.68
1,4,2,1,17.93
2,2,1,2,52.43
2,12,1,4,63.52
2,39,3,0,73.49
2,43,1,4,92.03
2,1,1,3,50.31
1,28,3,3,60.47
2,20,3,4,72.62
1,4,1,1,26.46
2,14,1,0,56.94
1,25,3,3,55.73
2,32,1,0,71.6
2,43,3,1,66.72
1,12,1,5,48.32
2,30,1,0,56.23
3,35,1,0,80.11
3,38,1,2,100.0
2,22,2,3,66.96
3,25,3,4,100.0
2,28,3,1,71.06
1,18,1,5,63.61
3,13,2,5,86.94
1,17,2,1,37.96
3,17,2,3,79.14
2,0,1,3,51.22
1,29,3,1,54.69
2,3,1,1,38.38
2,30,1,1,74.32
3,20,3,4,94.17
3,1,1,0,52.23
3,22,3,5,99.9
3,38,2,5,100.0
3,11,2,0,67.34
2,35,1,3,89.22
2,1,2,0,27.61
3,3,1,4,75.81
1,13,2,2,35.64
3,11,1,5,94.88
2,4,2,0,35.65
3,1,3,3,68.3
2,24,3,5,84.75
3,11,2,4,80.6
3,16,1,5,92.92
2,13,1,1,48.45
1,3,1,0,25.62
2,14,1,4,74.88
2,30,3,5,92.94
1,25,1,4,69.83
2,23,3,0,58.15
2,11,2,1,36.24
3,33,1,5,100.0
2,20,1,4,77.1
2,4,1,2,52.21
2,24,2,4,72.38
1,6,1,4,39.43
2,7,1,1,55.14
1,41,1,1,54.51
2,19,1,2,57.45
2,9,2,0,40.65
2,4,2,4,54.35
3,31,2,1,83.07
2,43,1,3,71.97
2,36,2,4,83.95
2,42,2,0,65.27
1,5,3,4,44.45
3,35,2,2,92.8
1,25,1,3,58.57
2,39,2,3,82.17
2,21,1,1,65.52
2,25,2,5,77.44
3,0,1,1,56.56
2,18,2,3,65.92
1,41,1,3,72.53
2,35,1,0,64.75
2,6,2,4,47.03
3,2,2,1,56.78
1,27,2,5,69.67
2,39,3,3,77.92
3,22,3,1,82.17
3,29,1,5,100.0
1,4,3,0,25.05
2,38,3,4,83.05
3,35,1,0,89.85
2,16,1,5,67.26
1,43,1,3,55.27
3,13,1,2,71.6
2,0,1,0,38.66
2,43,3,4,90.05
3,25,3,5,100.0
3,21,1,1,79.97
2,17,1,5,68.69
3,18,3,1,78.86
2,26,2,3,70.9
1,28,1,2,55.12
2,13,2,5,64.24
2,38,2,5,88.17
2,24,2,3,63.58
1,16,1,1,53.32
2,20,1,2,74.1
2,32,3,4,90.18
3,18,1,4,90.92
1,37,3,0,51.42
2,25,1,2,67.55
3,10,1,5,89.68
2,31,3,1,76.01
3,4,1,0,53.32
1,39,2,5,66.46
2,20,3,0,60.25
1,4,3,0,19.03
3,20,2,4,92.36
2,6,2,3,50.0
1,29,1,0,45.31
2,17,1,4,71.54
2,31,1,2,76.65
2,28,1,3,74.43
3,10,1,4,80.11
3,4,3,5,86.42
2,38,3,4,87.68
3,24,1,5,100.0
2,3,3,1,36.49
1,16,1,3,44.1
1,14,2,1,35.37
2,23,2,5,77.22
3,43,1,2,99.03
2,8,1,1,55.57
3,0,3,3,68.41
3,28,1,3,96.08
2,3,3,4,56.57
1,33,1,1,52.01
2,27,2,0,56.03
1,21,1,0,38.56
2,41,1,4,85.36
2,39,2,2,70.39
2,23,1,5,86.68
2,13,1,1,49.05
2,39,2,5,86.36
3,9,2,4,85.46
2,27,2,0,62.92
1,31,1,1,59.32
3,14,3,1,72.57
2,30,1,5,91.18
2,28,1,5,88.49
1,16,1,5,58.69
2,11,3,4,60.73
3,37,3,2,100.0
2,44,3,0,68.77
2,33,2,4,82.96
2,34,1,5,83.13
1,25,2,0,37.06
3,15,1,0,75.24
3,5,1,0,55.63
3,1,2,3,62.6
2,36,1,1,66.15
3,13,2,3,72.47
2,21,3,5,82.32
1,33,2,4,67.71
2,18,3,3,74.37
2,11,3,0,51.91
1,3,3,0,24.99
2,38,1,3,84.15
1,1,1,5,49.4
2,43,2,0,59.23
3,11,3,0,70.02
2,22,3,2,64.03
1,33,1,3,60.9
3,40,1,4,100.0
2,21,1,5,91.04
3,10,1,0,59.89
2,23,1,0,57.14
1,24,1,4,61.4
3,39,3,3,100.0
2,18,1,1,66.76
2,1,1,0,31.14
2,3,1,1,48.35
2,34,1,2,65.51
1,19,1,1,41.0
2,14,2,3,61.57
2,7,2,2,47.12
2,6,3,0,37.79
3,34,3,4,100.0
1,22,1,4,57.97
1,39,3,2,60.87
3,10,2,5,85.31
1,10,1,3,41.54
3,36,3,1,91.03
2,43,3,5,86.99
3,43,1,3,100.0
1,6,3,4,42.4
1,19,2,4,54.22
2,35,2,3,76.93
3,43,2,0,85.04
2,43,1,3,91.63
3,33,3,1,90.05
2,26,1,5,81.58
2,28,1,0,67.83
3,26,1,4,100.0
2,7,1,3,52.08
2,31,2,1,68.08
1,41,2,2,60.41
1,35,2,3,61.61
3,41,1,0,90.58
1,12,1,4,59.22
2,5,1,4,56.4
2,4,3,5,54.17
2,32,1,5,85.93
2,33,2,0,60.37
2,8,2,3,55.46
2,43,1,3,85.85
3,8,3,5,90.76
1,27,3,2,57.52
1,17,2,4,52.8
2,42,1,0,59.64
2,29,3,5,88.99
2,34,1,1,66.05
2,5,2,2,44.13
2,30,2,2,72.71
2,26,1,3,72.59
2,7,3,2,54.3
1,20,2,3,46.73
3,26,1,1,94.49
2,43,1,4,81.4
2,9,1,1,53.42
3,33,2,3,97.46
1,18,3,1,49.74
2,16,1,2,69.18
2,44,2,0,60.87
2,34,1,3,72.61
3,28,3,0,86.14
1,25,3,4,60.52
1,13,2,1,33.82
2,10,3,5,69.47
2,13,1,0,42.2
2,29,2,3,75.46
1,18,3,3,47.48
3,0,1,4,69.34
2,16,2,3,58.49
2,18,3,1,57.05
1,0,3,2,27.29
1,38,1,3,61.18
2,23,1,2,63.66
2,22,1,0,66.5
1,21,1,4,65.49
2,30,2,1,65.34
3,3,2,4,63.73
3,18,3,4,93.21
1,31,3,5,79.71
3,28,3,1,94.54
1,3,2,0,16.26
3,25,2,4,98.17
3,27,2,3,95.81
3,1,1,4,75.23
2,10,1,5,63.84
1,39,2,2,56.88
2,32,3,0,73.24
2,0,1,3,49.82
3,20,3,1,76.95
2,11,3,5,68.73
2,40,3,1,76.57
1,4,1,4,48.34
2,42,1,2,70.78
3,29,3,4,100.0
2,44,1,1,64.01
3,10,3,5,85.36
2,14,3,3,60.99
1,43,3,0,50.06
2,29,3,3,79.35
1,1,2,1,16.13
2,31,3,3,78.59
3,20,1,0,83.43
2,18,2,1,57.74
1,10,3,2,43.63
2,30,3,2,76.36
3,22,1,1,80.37
1,29,1,3,68.62
2,31,3,4,88.9
3,13,3,5,91.78
2,6,1,2,56.35
3,5,3,1,62.76
3,24,2,4,93.57
2,16,1,2,51.19
2,8,2,2,47.25
1,32,3,5,77.83
1,18,3,4,57.81
3,3,2,4,73.57
2,5,1,0,35.71
2,9,1,5,72.16
2,22,1,4,70.47
2,21,1,2,68.06
2,26,3,3,79.01
3,44,2,3,97.73
1,37,3,4,68.26
3,21,1,0,79.71
3,22,1,3,89.04
1,14,1,2,55.01
1,13,3,5,60.02
2,6,3,2,48.9
2,34,1,1,78.42
2,21,2,5,73.17
1,35,3,4,65.93
1,8,1,2,32.56
2,29,1,2,85.03
2,12,1,2,54.42
1,32,3,2,63.3
2,26,1,4,77.62
2,13,3,3,56.6
2,26,3,0,64.75
3,10,2,1,66.43
2,5,1,1,54.01
1,24,3,3,58.41
1,34,3,1,57.97
1,23,3,5,68.43
2,43,3,1,73.49
3,7,1,2,71.27
1,9,3,4,51.82
2,1,1,0,32.62
1,36,3,1,55.08
1,42,1,4,66.15
2,39,3,4,86.34
1,33,1,2,64.66
3,15,2,5,87.25
2,1,1,1,38.68
3,41,3,4,100.0
2,22,3,4,72.04
3,29,2,3,96.3
2,21,1,1,60.42
2,22,1,5,78.12
2,15,1,2,64.26
1,5,3,2,39.39
3,39,1,2,94.91
1,35,2,5,71.19
2,16,3,0,53.62
1,36,2,5,69.45
2,29,1,4,94.85
2,31,1,1,77.31
2,31,2,3,77.2
2,20,1,1,56.54
3,44,1,2,87.68
2,10,1,2,61.09
3,41,1,3,100.0
3,20,1,3,88.87
1,44,1,1,50.34
2,5,1,1,41.63
1,11,3,2,40.92
2,11,3,5,68.06
2,16,2,2,60.94
3,7,1,0,70.1
2,1,3,4,52.33
3,18,3,0,80.0
2,34,1,1,65.53
2,41,2,5,84.71
2,6,1,4,57.8
2,28,1,3,78.09
1,8,2,3,39.37
2,22,1,2,69.88
3,3,3,0,56.63
2,8,3,1,44.58
3,28,3,5,100.0
3,32,1,5,100.0
2,5,1,1,48.61
2,32,3,2,83.68
3,7,2,5,85.36
2,2,1,1,34.04
1,38,1,3,68.0
2,24,3,2,72.03
2,11,1,4,60.28
1,31,3,1,67.36
2,37,1,0,59.76
1,28,1,2,56.52
2,32,2,2,68.69
1,24,2,0,43.13
2,0,1,3,40.32
2,24,3,0,64.82
2,7,1,2,51.59
2,29,1,0,60.9
2,37,2,2,72.46
2,14,1,0,46.67
3,33,2,2,95.1
3,44,1,1,86.09
2,11,1,5,65.32
1,4,3,5,46.79
2,20,1,0,59.39
3,17,1,1,70.59
1,1,2,5,38.04
2,25,1,3,82.17
2,20,1,0,48.61
2,27,1,5,75.26
2,29,1,2,81.09
1,7,1,0,26.97
2,36,1,2,82.77
2,43,3,3,78.84
2,13,3,5,65.53
2,1,3,4,53.0
1,41,2,2,61.04
2,20,2,4,66.41
2,33,1,2,75.05
2,35,1,3,78.73
2,22,1,4,83.69
1,35,1,5,72.47
3,13,1,1,78.87
2,33,2,0,59.15
3,24,1,2,98.4
2,32,1,5,87.19
2,6,2,2,45.75
2,25,1,1,68.72
2,43,1,3,85.58
2,5,2,0,31.1
1,42,3,0,51.85
3,15,2,1,72.55
2,5,1,4,62.49
2,20,2,0,50.6
2,3,3,1,45.75
2,44,1,2,72.95
2,30,2,1,62.27
1,43,3,4,71.44
1,44,1,1,55.09
2,23,2,3,68.16
2,35,2,3,78.87
3,4,3,1,67.29
2,38,3,3,77.8
3,16,1,3,87.37
2,41,1,1,80.12
1,22,2,5,64.62
2,28,1,1,71.35
2,14,1,3,71.63
1,19,1,1,50.68
2,18,3,5,80.84
2,0,2,5,51.13
3,16,2,0,66.72
2,13,1,2,55.19
3,41,2,3,94.96
3,33,1,2,99.11
3,38,3,4,100.0
2,34,1,1,83.64
2,11,3,4,70.51
1,32,1,0,58.76
3,14,3,0,73.75
1,27,1,4,61.83
3,35,3,1,92.17
2,3,1,4,61.23
2,44,3,0,68.23
1,17,2,2,39.46
2,21,2,1,59.67
1,16,2,5,51.93
2,25,1,2,67.55
2,39,2,5,82.71
1,9,2,2,30.49
1,9,3,5,47.43
2,32,2,4,80.76
2,44,2,0,60.89
2,18,3,1,60.58
3,31,1,5,100.0
2,6,2,5,63.0
1,0,2,5,34.78
2,13,1,5,77.1
2,4,2,3,49.75
1,42,1,3,70.95
1,7,1,1,39.1
3,14,1,4,92.35
3,36,1,2,93.53
1,21,3,0,38.14
2,10,1,3,60.82
3,37,3,2,90.42
1,20,2,4,53.25
1,5,1,2,34.83
3,21,1,4,91.16
2,6,3,2,46.76
1,4,1,1,21.9
1,19,3,1,44.03
2,4,2,1,37.25
2,26,3,5,78.98
2,24,1,4,86.25
2,36,1,5,84.29
2,28,1,0,61.33
2,11,1,2,58.43
2,43,3,4,82.76
1,30,3,1,54.68
2,39,3,3,85.98
1,0,1,2,28.14
2,28,1,1,74.96
1,15,1,1,35.83
2,6,1,4,55.42
2,25,1,0,72.07
2,2,3,5,58.31
2,27,1,2,70.89
2,22,2,1,53.15
2,19,1,0,61.85
3,17,3,2,80.96
2,40,2,5,84.83
3,41,2,3,99.09
2,35,1,1,67.85
2,42,1,4,81.42
2,13,1,5,79.4
2,17,1,3,60.18
3,34,2,4,100.0
2,39,1,2,71.99
2,32,1,4,83.7
3,11,1,0,70.23
2,17,2,1,52.61
1,5,2,4,36.62
3,20,3,2,81.73
3,24,2,4,91.27
1,12,1,4,58.36
2,30,1,1,76.99
2,35,1,1,67.75
1,5,3,4,43.09
2,1,3,0,39.16
2,31,2,5,84.19
2,0,2,3,46.77
2,36,3,2,78.18
1,22,1,3,51.73
2,32,2,2,67.87
2,8,1,1,48.26
3,9,1,2,78.81
1,6,3,0,23.74
3,15,3,2,78.63
3,34,1,5,100.0
1,20,1,0,36.15
1,32,1,3,70.5
3,36,1,4,100.0
3,2,1,0,66.38
1,31,2,4,63.28
2,20,3,1,60.65
3,9,1,5,88.4
2,29,1,2,76.9
3,36,1,1,99.67
1,22,2,3,48.84
1,31,1,4,75.46
2,39,2,4,81.28
2,35,1,2,71.5
3,34,1,4,100.0
1,38,1,4,74.95
3,2,1,4,71.52
2,21,3,4,77.69
1,15,1,4,57.09
1,20,2,4,58.55
2,4,1,5,55.82
2,11,3,3,60.23
2,27,1,5,91.81
2,5,3,0,42.39
3,39,2,4,100.0
1,35,1,1,50.82
2,19,1,1,53.37
2,11,3,4,66.09
2,20,1,2,73.59
2,31,1,2,70.83
1,6,1,3,50.03
2,22,1,5,76.19
3,42,3,2,100.0
2,24,1,0,66.18
2,15,3,3,60.9
2,4,1,2,57.83
2,25,1,3,79.87
1,3,1,3,29.5
2,38,3,5,88.8
1,21,3,0,43.24
1,13,1,2,40.14
1,11,1,0,30.42
2,28,3,2,69.59
1,29,3,0,52.09
1,23,1,0,43.45
2,31,2,0,67.53
2,41,1,4,82.66
2,30,2,2,70.15
2,17,1,5,74.11
2,30,3,0,67.06
1,6,3,3,41.44
2,42,1,2,81.8
2,38,1,2,73.91
3,33,3,1,92.26
2,8,1,3,55.24
2,24,3,3,77.83
3,31,1,5,100.0
1,33,2,5,69.11
2,27,3,4,78.81
2,42,1,4,86.49
2,30,1,4,77.82
3,11,1,1,79.26
2,28,3,5,86.17
2,18,1,2,57.0
1,37,3,2,61.75
2,32,1,5,86.54
2,4,1,2,49.25
2,25,2,0,54.94
2,22,2,5,79.51
3,9,1,2,78.83
2,13,1,0,55.59
2,29,2,1,64.84
3,25,1,3,91.78
3,12,1,5,87.99
3,11,1,4,80.98
2,35,3,0,72.24
2,21,3,3,76.9
1,1,2,3,31.73
3,35,1,2,91.99
1,20,2,3,51.16
2,4,1,5,56.97
2,41,1,2,73.47
2,42,1,1,79.55
2,11,2,4,59.08
2,7,1,2,37.93
1,1,1,4,42.39
2,38,1,5,86.26
2,11,2,0,41.63
2,10,3,4,62.54
2,26,2,3,74.21
1,9,1,5,53.04
2,44,3,3,78.86
3,32,1,1,99.06
2,43,1,0,60.25
2,27,3,3,74.58
2,31,1,4,85.02
2,18,1,0,63.66
2,26,1,2,77.95
3,5,1,1,73.43
3,18,2,1,77.92
2,8,1,0,49.39
1,16,2,3,45.02
1,25,1,1,45.37
2,20,1,1,72.58
2,17,1,5,71.35
3,22,1,2,88.35
3,32,1,3,100.0
3,4,1,3,80.74
1,8,1,3,44.27
2,15,2,0,46.35
2,10,1,2,48.13
1,18,3,2,45.26
3,7,2,2,66.02
2,36,1,0,61.2
3,1,3,0,54.07
2,17,1,1,49.55
3,32,1,3,95.75
2,10,3,3,57.19
3,31,3,4,100.0
1,29,1,3,66.88
3,24,3,3,99.01
1,8,1,1,29.28
3,30,3,0,89.67
3,2,1,1,65.14
2,42,2,3,78.68
1,36,1,0,50.19
1,20,3,3,56.42
2,27,3,2,72.33
1,39,3,1,56.78
2,7,2,2,42.35
1,37,1,5,64.96
2,41,1,0,71.97
2,33,3,1,69.49
3,33,1,5,100.0
2,25,3,0,68.41
3,11,3,5,85.27
3,18,1,5,99.96
2,39,1,1,78.16
3,1,1,2,58.51
2,18,1,4,66.61
2,5,1,5,70.05
2,4,2,1,37.55
2,21,2,0,54.64
2,31,3,4,83.45
3,14,2,3,79.97
3,33,3,1,87.65
2,7,3,0,42.22
3,23,1,5,100.0
3,0,3,4,69.24
2,3,3,4,58.88
3,4,1,2,73.06
2,12,1,5,76.56
1,40,2,1,49.47
1,3,1,3,34.65
3,30,1,3,95.98
1,44,1,4,65.08
2,39,1,4,81.41
3,3,3,5,78.15
3,44,1,2,94.66
1,39,1,5,73.3
2,29,1,5,84.41
1,26,1,5,79.54
1,30,1,2,70.1
3,42,2,0,80.59
2,18,3,2,61.58
3,44,1,5,100.0
3,3,1,5,84.37
2,4,3,1,40.48
3,35,1,3,100.0
2,42,1,5,91.83
2,19,1,5,71.24
2,29,3,1,66.31
2,1,1,0,35.87
1,31,1,3,69.29
2,15,3,4,64.87
2,42,1,1,76.58
1,19,3,4,59.65
3,18,1,4,96.11
3,17,2,1,71.12
2,36,2,2,70.51
2,30,1,3,76.44
3,44,2,1,85.36
1,21,3,1,51.85
1,41,1,2,57.88
1,15,3,1,37.54
1,41,3,2,67.97
1,11,3,3,46.48
3,25,3,0,81.18
3,35,1,2,89.27
2,17,1,2,55.79
2,7,2,4,55.61
1,15,1,5,57.12
3,20,1,0,79.48
3,13,3,3,83.55
3,1,2,5,74.32
3,21,2,5,96.84
2,32,3,2,83.31
1,29,2,0,48.51
2,17,3,1,56.16
3,18,3,4,85.47
3,10,3,2,80.04
1,29,3,0,45.97
3,4,1,0,64.59
3,37,2,5,100.0
1,27,1,0,46.05
3,24,1,0,86.86
3,1,1,2,73.53
2,25,3,0,65.1
2,13,1,5,76.96
2,19,3,5,74.79
2,31,1,1,78.52
2,2,1,4,62.74
2,28,1,5,93.78
1,36,2,3,56.08
1,35,2,0,48.22
2,27,1,4,91.15
2,21,2,3,64.7
2,11,2,3,57.38
1,5,1,3,28.88
1,40,3,1,61.44
2,6,1,3,56.85
2,26,3,1,71.0
3,30,2,2,96.41
2,27,3,4,88.59
2,37,2,2,71.35
2,19,1,0,48.63
1,43,3,1,57.82
1,36,2,4,71.69
2,31,1,1,78.1
2,41,1,0,70.21
2,20,1,4,76.35
3,7,1,1,69.63
1,12,2,5,49.49
2,44,3,1,69.56
2,28,1,4,78.42
3,4,1,5,75.92
3,25,1,4,94.79
1,44,2,5,72.01
3,26,2,1,85.48
2,44,1,5,80.53
2,38,1,1,65.87
2,26,1,5,80.71
2,43,3,4,87.75
2,28,2,2,64.34
3,19,3,1,84.18
1,18,3,5,56.72
2,39,3,4,86.82
3,8,1,5,89.74
3,39,1,0,80.05
3,3,2,2,64.51
2,23,1,5,89.55
2,25,2,1,59.09
1,1,2,5,30.82
1,14,3,0,34.34
1,6,3,4,47.79
2,8,3,4,62.79
3,44,3,5,100.0
2,2,2,1,35.57
3,36,2,5,100.0
3,31,1,5,100.0
3,19,3,2,83.28
2,13,2,3,60.79
1,18,1,4,64.68
1,20,1,3,52.89
1,27,1,2,55.02
3,26,3,4,100.0
2,43,1,5,96.16
2,9,2,4,58.37
3,31,3,5,100.0
2,7,3,0,45.38
2,34,2,3,74.93
1,7,1,2,28.02
3,17,1,4,91.47
2,42,1,0,71.61
2,22,3,1,66.02
3,34,1,0,86.81
2,38,3,2,76.79
1,43,1,3,73.85
3,30,2,5,100.0
2,40,1,3,90.38
2,20,1,0,51.31
3,38,1,0,79.87
2,34,1,3,73.16
2,4,3,5,61.25
3,35,1,1,100.0
1,17,2,2,39.45
2,32,2,0,64.26
2,23,2,4,78.05
2,30,3,0,71.59
1,11,2,4,42.83
3,38,2,1,82.87
2,15,3,2,59.33
3,33,3,0,91.4
2,0,1,5,59.94
3,11,2,0,60.72
2,0,2,4,51.12
3,17,1,0,67.74
1,1,2,2,25.57
1,10,1,2,33.25
2,13,3,1,54.64
1,29,3,0,46.25
3,35,1,0,85.39
1,5,1,4,41.25
2,39,1,0,60.21
3,24,1,0,73.28
2,37,2,1,67.09
2,9,1,5,62.26
3,6,1,3,68.29
2,35,2,5,85.07
1,34,1,4,66.55
1,34,1,0,47.49
2,14,1,5,66.31
2,11,1,2,60.82
3,31,2,3,96.01
2,26,2,1,63.1
2,31,1,1,66.91
3,39,2,2,93.36
2,25,2,4,73.49
1,23,2,3,52.57
2,13,2,1,50.29
3,36,3,0,89.44
3,44,2,5,100.0
2,41,2,1,62.56
3,11,3,0,72.41
2,17,2,0,50.97
3,3,2,3,64.54
1,31,1,0,66.74
3,14,1,4,81.64
1,40,1,5,78.21
3,28,1,2,96.51
2,14,1,3,58.34
2,24,1,3,81.19
2,17,2,4,68.65
2,9,1,4,71.28
2,18,2,1,57.77
2,12,3,2,56.49
2,18,2,1,46.82
3,38,2,0,84.77
2,10,1,2,52.1
2,30,1,4,82.39
1,2,2,0,22.33
1,32,2,0,49.37
1,2,3,0,20.41
1,6,2,5,41.59
1,41,1,3,65.5
2,8,2,3,52.69
2,18,1,3,76.7
3,17,1,4,93.57
2,24,3,4,81.39
2,11,2,0,42.13
2,23,1,5,85.25
1,20,3,3,56.32
2,30,1,2,86.4
2,2,2,3,47.92
3,33,1,0,89.11
3,32,3,5,100.0
3,33,1,5,100.0
2,8,1,3,48.98
2,1,1,5,63.52
3,41,3,4,100.0
1,33,1,1,51.02
3,42,3,4,100.0
1,25,1,3,55.64
1,43,2,1,51.06
2,16,1,5,81.78
2,2,3,1,44.8
2,15,1,5,75.42
2,24,3,0,56.43
3,2,1,0,49.48
3,0,1,1,61.59
3,35,2,4,98.84
1,34,1,5,78.77
3,43,1,1,94.41
3,0,1,2,60.25
2,20,2,0,49.75
2,35,3,1,73.35
2,40,1,2,72.97
3,23,1,2,81.36
3,7,2,2,67.14
2,43,2,2,71.55
2,35,1,3,76.07
1,15,3,0,31.07
3,21,1,4,83.04
3,15,3,4,93.34
3,24,1,4,100.0
2,19,1,0,53.93
3,10,2,1,64.76
2,29,3,2,73.56
1,23,2,4,59.22
2,44,2,2,69.32
3,30,2,0,87.76
3,39,2,0,80.46
1,8,1,2,39.27
2,32,3,4,83.82
2,21,2,5,74.76
2,38,3,3,79.62
1,23,2,2,46.2
2,25,3,5,85.58
3,4,1,5,75.41
3,40,1,3,100.0
2,26,1,5,79.49
2,44,1,0,62.79
2,19,2,4,63.24
2,42,3,3,77.98
3,38,3,4,100.0
1,24,1,2,48.85
2,25,1,5,86.48
2,5,3,3,52.4
2,15,2,2,55.79
2,32,1,1,69.88
2,23,1,2,68.26
1,11,1,5,63.14
2,22,2,4,71.95
2,44,2,5,86.51
2,34,3,5,91.03
1,0,2,5,34.92
2,32,1,2,72.45
3,36,3,1,88.84
1,36,1,1,64.07
1,34,1,0,49.73
2,2,1,4,50.29
2,5,2,0,37.54
3,44,3,2,93.34
1,40,2,2,54.37
2,23,1,4,82.4
1,8,1,5,42.73
3,1,3,5,73.49
3,3,3,3,68.06
2,8,1,1,54.4
2,24,1,4,78.9
3,44,1,2,88.67
2,40,1,1,76.53
1,43,2,2,56.42
2,13,2,1,49.8
2,20,2,5,80.28
2,26,1,5,94.67
2,30,3,5,90.99
1,22,2,2,48.84
1,27,2,1,49.21
2,16,1,3,61.56
1,41,1,0,46.41
1,20,2,5,56.21
3,8,2,4,76.84
2,12,1,5,75.08
2,22,3,1,67.59
2,14,1,0,57.6
2,0,3,1,40.12
1,8,3,1,27.29
1,30,1,0,56.04
1,9,1,0,25.11
1,37,2,5,73.05
1,35,3,1,59.52
2,10,1,5,62.92
2,21,2,3,69.49
1,13,1,0,28.4
3,16,1,1,75.7
3,35,1,2,87.93
2,17,1,4,70.68
2,21,1,2,67.48
2,20,2,5,77.39
2,7,2,2,46.81
2,3,1,4,50.65
2,16,2,3,67.02
2,38,1,0,77.9
3,12,2,4,84.85
1,34,1,0,51.17
1,4,2,5,39.33
1,18,1,5,54.89
1,8,1,3,51.82
3,8,3,0,71.19
2,5,1,4,62.64
3,16,3,3,85.02
2,29,2,3,75.15
3,13,1,3,80.82
2,17,1,4,65.91
2,0,1,1,40.87
2,3,3,4,51.45
2,22,3,0,59.43
2,9,1,3,66.91
1,44,3,0,49.85
2,13,2,3,59.77
3,8,1,0,61.76
3,8,1,1,72.18
2,22,2,2,64.78
1,26,1,3,64.7
2,26,1,5,95.45
1,5,1,5,52.12
2,34,2,2,71.44
1,36,3,3,66.91
1,2,1,1,21.01
3,27,1,2,100.0
2,30,1,5,83.06
1,7,3,0,30.2
2,40,1,2,72.02
1,27,1,0,53.72
3,24,1,5,100.0
1,4,3,4,40.47
2,18,1,2,63.17
2,17,2,2,55.79
1,12,3,0,30.65
2,28,3,1,70.13
1,2,2,1,23.86
3,12,1,0,62.94
2,40,1,0,60.47
1,42,1,4,76.21
1,35,2,4,65.26
2,12,1,0,55.91
2,43,1,0,73.75
2,4,3,4,57.62
2,40,3,3,79.37
2,14,3,3,62.25
2,31,2,0,64.76
2,32,1,2,78.92
2,32,3,1,76.19
3,42,1,4,100.0
2,31,1,5,84.33
2,34,1,3,85.65
3,25,1,2,97.85
2,38,2,4,78.72
2,32,3,5,88.36
3,22,3,3,90.15
3,25,1,0,86.31
2,6,1,3,49.64
1,8,1,1,30.64
3,37,3,2,97.42
3,13,3,1,75.42
3,5,3,0,62.08
2,20,3,4,77.68
2,29,1,2,68.88
3,44,3,2,100.0
1,43,1,3,70.48
1,35,2,3,62.55
3,22,1,4,92.83
2,40,1,2,81.18
1,9,1,5,56.13
2,22,1,5,80.96
1,16,3,1,40.48
2,11,3,1,51.21
1,44,1,5,74.4
1,14,2,0,24.0
1,34,2,3,64.98
2,40,1,5,96.44
2,43,1,1,68.3
2,17,1,2,67.65
3,12,2,4,79.06
1,11,1,4,44.31
3,11,1,5,91.69
1,43,1,0,57.36
1,4,3,1,28.44
2,37,3,5,86.55
2,25,1,0,66.16
2,35,1,2,66.35
2,37,1,5,98.16
1,7,1,4,51.61
1,40,1,1,50.42
1,30,3,5,75.18
1,1,1,3,43.07
3,32,1,5,100.0
2,39,1,3,76.41
3,3,3,0,56.7
1,27,1,2,51.44
1,25,3,4,65.66
2,8,1,0,45.34
2,41,3,3,81.13
2,5,1,4,51.73
2,3,3,4,57.82
2,17,1,3,61.85
2,18,2,3,63.87
3,36,3,1,89.92
3,33,3,5,100.0
2,21,1,0,54.69
1,34,3,0,52.0
1,34,3,0,54.81
2,42,1,1,71.48
1,14,3,0,35.95
2,5,1,1,44.63
2,29,1,1,76.35
2,8,3,1,46.07
3,20,3,0,79.13
3,27,1,2,86.55
1,29,1,2,57.09
3,14,1,1,67.72
2,23,1,3,73.07
2,38,1,5,86.15
1,8,2,4,46.4
3,18,2,2,76.85
2,13,1,1,57.32
2,33,1,2,78.93
1,34,1,5,80.88
3,19,2,2,82.05
2,7,2,1,39.56
1,25,1,5,72.58
2,16,1,0,43.89
3,3,1,1,60.02
3,31,2,3,97.59
1,33,1,1,55.91
2,1,1,4,59.73
3,32,1,1,100.0
3,5,1,2,71.25
3,43,1,4,100.0
1,12,2,2,34.62
1,44,2,1,52.13
3,42,3,2,98.79
2,4,2,3,44.56
2,32,3,3,78.57
2,35,2,3,79.77
2,23,1,0,68.96
2,35,1,1,77.63
2,42,3,0,69.02
3,5,2,4,75.15
2,17,2,4,73.45
3,7,3,5,87.02
1,19,3,4,63.97
2,39,1,0,71.97
2,34,3,5,94.32
2,6,3,1,47.05
3,33,3,0,90.56
2,34,3,2,75.82
2,31,1,5,89.12
2,7,2,0,39.86
1,22,1,4,67.28
1,25,1,5,69.85
2,3,1,0,35.09
2,44,2,5,88.98
3,37,1,0,80.76
1,32,2,3,64.53
1,2,3,5,44.23
2,40,3,3,79.72
3,44,1,2,100.0
3,31,1,0,89.22
3,4,2,5,74.11
2,19,1,0,53.4
2,44,1,5,90.76
1,10,2,3,37.69
3,40,3,0,85.39
2,3,3,0,48.12
2,4,2,5,58.91
3,14,3,4,88.2
3,2,1,0,62.34
2,10,2,0,43.18
2,43,3,4,82.49
2,8,2,1,49.03
1,9,1,0,26.89
1,25,1,3,58.85
2,31,1,1,75.13
2,6,1,2,40.9
2,23,1,4,79.33
3,11,1,0,75.29
2,34,1,4,90.78
3,34,3,0,83.01
2,9,1,4,56.96
1,5,1,2,32.4
1,41,1,1,61.15
2,25,3,2,69.04
2,1,3,5,54.73
1,10,3,3,45.94
1,20,3,1,49.42
3,2,1,5,75.05
3,39,1,0,79.6
2,16,2,5,73.38
2,22,2,1,57.86
2,5,2,1,43.27
2,0,1,2,46.62
3,27,3,5,100.0
2,43,1,2,84.54
2,3,2,1,35.45
2,21,2,5,73.83
3,37,3,2,96.26
3,0,1,4,65.33
1,44,1,1,65.83
1,24,1,3,54.48
2,28,2,3,70.57
3,11,1,4,88.55
2,38,1,4,79.91
2,13,1,0,52.1
2,43,2,1,66.04
1,11,3,2,40.11
1,40,2,2,55.8
1,8,3,4,48.68
3,42,2,2,85.51
2,44,1,4,80.77
3,19,3,2,79.23
3,4,2,1,56.77
1,20,1,2,48.35
2,35,3,3,80.14
2,0,1,3,52.91
2,13,1,4,62.94
2,24,3,5,82.23
2,25,3,3,72.17
2,41,1,2,74.97
2,43,3,1,74.37
2,25,1,5,87.52
2,8,3,2,57.01
3,26,1,2,87.66
2,21,3,4,75.55
1,39,1,5,79.8
2,10,1,4,58.92
1,33,3,1,61.6
2,17,1,0,46.99
3,16,2,1,72.33
2,26,1,1,63.89
1,40,3,0,53.25
2,22,1,5,89.48
2,23,3,4,77.27
2,7,1,1,42.62
2,25,1,5,76.62
2,25,1,4,79.07
2,18,2,5,72.58
2,1,1,0,38.36
2,40,1,4,93.02
3,16,2,4,90.57
3,1,1,0,48.5
2,27,2,2,73.41
1,38,1,5,82.0
2,28,2,5,84.67
3,43,1,5,100.0
2,6,3,0,43.58
2,14,2,3,61.3
2,32,1,0,63.06
2,9,2,3,53.53
2,17,2,1,50.86
2,40,1,2,79.67
2,21,2,2,61.58
1,44,1,2,50.49
2,25,1,4,75.11
2,24,1,4,81.28
1,7,1,0,22.28
2,30,1,1,74.78
2,10,1,1,57.13
2,13,2,5,67.65
2,29,3,0,70.96
2,18,1,0,55.1
1,11,2,2,29.11
2,27,3,5,92.79
3,3,2,2,62.49
1,26,1,2,65.03
2,20,1,5,80.48
2,20,2,3,64.28
1,38,3,5,75.8
2,37,1,3,84.42
2,35,2,2,72.01
1,32,1,2,61.89
3,4,1,1,68.51
2,12,1,1,59.43
1,2,3,3,39.72
1,18,1,3,49.29
2,42,3,5,93.69
2,15,2,4,65.35
2,2,1,4,63.84
1,10,2,2,37.5
1,43,1,0,51.13
2,30,3,5,90.0
2,11,1,5,68.41
2,44,1,4,77.33
1,9,1,2,43.01
1,4,1,2,24.35
2,3,1,1,48.49
1,5,1,2,29.52
2,19,1,3,62.73
2,38,3,4,87.1
2,44,1,2,80.84
2,43,1,3,81.81
1,25,1,1,43.54
1,27,1,1,50.94
3,23,3,5,100.0
2,16,1,2,62.61
2,33,2,1,65.87
2,1,2,0,30.45
3,20,3,5,97.24
2,4,1,4,65.69
1,25,3,2,60.24
2,18,1,4,70.33
3,7,3,3,74.81
2,15,3,5,71.32
2,36,1,1,77.27
3,21,3,4,92.89
3,13,3,2,76.77
2,16,2,5,68.42
2,43,1,5,87.97
2,23,1,0,57.55
3,25,1,3,100.0
2,22,3,0,62.17
1,22,1,0,48.2
2,22,2,0,49.97
3,7,3,5,85.85
2,44,2,4,85.41
3,31,1,2,100.0
2,32,2,5,85.9
2,13,3,2,56.47
1,5,1,5,54.96
2,9,2,5,60.87
3,7,1,3,81.04
3,41,3,4,100.0
2,17,3,1,55.81
2,14,1,0,45.04
2,31,2,4,77.72
3,41,1,5,100.0
2,38,1,4,79.52
1,31,3,0,55.26
3,30,2,5,100.0
3,18,3,4,91.79
1,24,1,4,56.03
1,16,2,1,38.15
2,20,3,3,69.04
1,20,2,1,42.41
2,44,2,4,80.15
1,6,1,4,50.25
1,7,3,3,40.22
3,9,3,1,73.33
2,2,2,2,40.59
2,17,1,2,58.06
1,13,2,2,38.89
1,38,1,4,69.79
3,5,1,1,61.15
2,16,1,2,65.31
2,0,2,3,41.55
3,38,2,0,81.46
3,11,2,5,80.04
2,8,1,5,73.77
2,6,1,2,46.8
1,23,1,0,44.24
3,40,1,5,100.0
3,7,2,1,57.8
2,38,3,4,84.43
2,2,2,5,57.8
2,41,1,0,72.18
1,13,1,4,56.6
2,20,1,2,71.26
3,6,1,0,67.16
3,13,1,0,73.54
2,3,3,5,59.87
2,17,3,2,65.08
1,23,1,3,55.25
1,13,1,1,29.08
3,33,1,5,100.0
3,5,1,0,54.81
2,42,2,1,73.98
2,29,1,5,90.61
1,36,2,4,68.23
2,3,2,3,50.63
2,33,2,3,77.74
3,2,2,4,73.67
2,3,3,3,54.25
2,14,2,1,54.14
1,11,1,4,42.79
2,33,1,1,62.75
1,43,1,1,57.48
2,43,3,3,85.35
3,25,3,0,80.4
1,38,2,4,64.12
2,30,3,1,72.47
3,39,1,3,97.85
2,9,2,3,52.76
2,18,1,1,53.11
1,35,1,1,46.42
3,6,1,3,78.66
2,40,2,2,77.67
2,11,1,5,72.79
2,12,1,4,67.83
2,23,2,0,59.96
2,38,2,3,77.4
2,17,1,4,77.0
2,28,2,0,64.23
3,29,2,3,92.86
3,33,2,5,100.0
1,4,1,2,28.75
2,19,1,0,58.81
1,35,2,0,51.46
2,20,2,1,56.42
2,11,2,1,50.73
1,13,1,4,51.01
3,8,3,5,84.84
2,17,1,4,72.56
3,13,1,5,98.39
1,16,1,1,49.74
3,29,3,0,89.81
3,13,3,5,92.61
1,39,3,2,57.85
2,19,1,2,73.37
1,10,2,0,29.36
2,0,1,3,56.17
2,7,1,3,51.53
2,19,1,1,56.28
1,32,3,5,76.99
2,31,3,1,76.59
3,38,2,3,95.07
2,20,1,0,56.12
2,32,3,2,77.73
1,10,3,5,51.14
2,22,2,3,66.45
2,29,3,5,89.8
2,31,2,5,85.36
2,15,2,0,47.9
2,4,1,0,44.96
2,32,1,1,77.02
2,23,3,1,65.86
3,34,1,3,100.0
2,8,1,4,66.17
1,1,2,5,42.56
3,3,1,2,75.49
1,28,1,1,51.46
3,44,2,5,100.0
1,17,1,4,64.1
3,44,1,0,90.81
1,26,2,3,56.1
3,2,1,4,75.26
3,32,3,0,91.53
2,4,1,5,71.56
2,41,1,5,97.11
3,29,1,0,90.21
3,25,1,2,86.85
1,37,3,5,75.75
1,2,3,5,44.51
3,41,1,5,100.0
3,30,1,5,100.0
3,6,1,3,82.47
2,33,2,0,60.83
2,32,2,0,64.74
2,44,3,4,83.48
2,41,1,4,78.46
2,16,1,1,50.79
2,44,1,1,70.0
2,44,1,1,82.87
2,28,3,4,79.36
3,30,1,1,83.03
2,38,1,2,67.88
1,43,3,4,69.72
3,1,1,1,62.69
2,17,1,0,54.16
2,2,3,4,60.81
2,19,1,1,58.32
2,14,2,0,46.13
2,40,1,4,91.48
2,0,3,3,45.58
2,38,3,4,81.52
3,30,1,4,100.0
3,8,2,1,61.04
3,40,2,0,81.04
3,4,1,3,69.42
2,39,3,5,87.45
2,27,1,3,83.24
1,4,1,4,50.74
2,18,2,5,71.92
2,42,1,5,98.36
2,32,1,1,64.62
3,14,2,2,74.57
1,37,2,0,49.9
3,36,2,1,87.32
1,33,2,0,42.21
3,24,1,0,90.73
2,2,3,0,35.88
2,3,1,0,34.99
2,7,3,2,54.15
3,12,2,0,66.33
2,39,3,5,88.85
3,1,3,1,64.23
2,37,1,3,81.37
2,34,1,5,94.79
1,11,1,2,32.07
2,21,1,2,75.64
2,12,2,3,49.31
3,19,1,1,74.12
1,27,1,1,53.6
3,19,3,1,76.55
3,26,2,5,99.04
1,25,1,0,52.76
2,23,3,4,83.49
2,16,1,5,78.61
2,20,2,3,71.07
2,24,1,4,69.83
3,25,2,5,100.0
2,5,2,1,42.89
2,10,2,3,57.48
3,5,3,4,77.76
1,39,2,0,43.48
1,31,2,1,52.97
1,10,1,0,38.4
2,3,3,2,47.24
2,15,1,5,65.79
2,2,1,0,45.68
3,27,2,5,100.0
2,38,1,0,73.87
1,27,2,1,49.3
1,37,1,2,67.85
2,11,3,2,58.37
2,24,2,2,62.78
3,11,1,1,72.32
1,13,2,3,35.55
1,10,1,2,41.7
2,33,1,0,59.45
1,20,1,0,38.73
2,32,1,3,84.69
2,36,2,3,76.74
2,7,3,3,57.32
1,3,3,0,21.89
1,17,2,2,49.92
1,25,3,1,47.23
3,21,3,5,100.0
2,20,2,3,68.07
2,14,2,0,46.15
2,36,1,3,74.25
2,39,1,3,92.6
1,23,1,4,56.37
1,9,1,1,40.64
3,42,1,4,100.0
1,22,1,5,57.16
1,28,2,1,48.69
2,25,1,5,85.49
2,31,3,5,90.62
1,23,2,5,64.74
3,16,1,3,90.04
2,27,1,3,69.27
1,43,2,2,59.39
3,24,1,1,92.16
2,38,2,5,85.81
3,22,1,3,99.24
1,26,3,5,71.4
2,43,1,0,60.94
1,4,1,0,30.11
1,12,1,3,50.83
2,32,2,4,79.95
2,39,1,4,83.75
3,7,2,1,64.59
2,30,1,4,96.41
1,14,3,0,38.06
2,4,1,0,35.17
2,36,3,3,76.98
1,26,1,4,60.92
3,26,1,1,85.48
2,44,2,3,79.61
3,33,1,3,100.0
1,21,2,0,32.23
3,15,1,3,80.11
2,6,3,2,53.01
1,24,3,1,45.3
2,19,1,3,64.36
2,0,2,2,38.82
2,10,3,5,67.77
2,38,2,3,71.98
1,20,2,0,39.71
3,2,2,4,69.37
2,28,1,3,75.14
2,34,3,3,80.45
2,23,3,4,77.36
2,27,3,1,71.14
3,21,2,1,75.91
2,11,1,3,62.88
1,34,1,4,63.48
3,19,3,2,82.31
3,18,1,0,72.03
3,1,1,5,83.0
3,12,1,3,86.99
2,23,3,0,61.44
1,16,2,4,49.96
1,37,2,3,62.65
2,14,1,1,49.18
3,16,2,5,87.18
2,36,3,2,79.66
3,32,3,0,86.26
2,39,1,1,81.99
3,36,3,3,100.0
2,43,1,1,67.98
2,30,1,2,81.82
2,31,1,5,90.46
3,32,1,2,86.26
3,16,1,1,76.56
3,29,1,4,100.0
2,5,1,0,46.78
3,6,1,1,71.45
2,40,2,4,82.36
2,34,3,4,87.61
1,13,2,5,54.39
2,23,1,1,70.07
2,3,3,0,39.47
2,39,2,4,83.04
1,37,1,3,61.39
2,44,2,1,64.52
1,42,1,4,70.23
3,14,1,1,77.63
1,27,3,0,51.14
2,11,1,0,52.97
2,12,3,2,58.73
2,1,1,3,50.61
2,29,2,3,77.12
2,43,3,2,75.67
2,13,3,1,48.45
3,1,1,1,51.9
2,42,2,5,85.16
1,9,3,1,36.27
2,40,1,3,86.74
3,26,2,3,94.51
2,42,3,1,69.21
1,13,2,3,41.73
2,3,3,4,55.14
1,40,1,0,55.79
2,8,3,2,55.22
2,2,2,0,33.67
1,11,2,3,40.48
2,44,1,4,92.19
3,40,1,5,100.0
2,26,1,5,84.02
1,32,1,3,55.93
2,14,1,2,65.75
2,18,3,3,68.88
1,7,1,2,41.4
1,14,1,3,54.98
2,0,1,3,43.26
2,7,3,4,56.72
2,43,1,5,97.62
3,32,3,5,100.0
1,26,3,2,58.38
3,43,3,3,100.0
2,16,3,1,53.54
2,11,1,5,72.75
3,28,1,2,88.53
2,8,2,2,49.08
1,25,2,3,53.65
2,5,2,4,55.02
1,20,3,3,58.25
2,23,3,1,68.19
2,43,1,3,67.92
2,8,3,1,49.66
3,2,3,2,66.24
3,43,1,4,100.0
1,25,1,0,50.58
2,0,1,2,51.52
2,8,1,4,67.47
1,19,1,3,60.98
1,15,1,4,54.21
2,41,3,1,74.7
2,0,2,1,34.42
2,36,2,1,66.55
1,17,3,4,54.6
2,30,1,1,78.01
2,38,1,3,86.51
2,14,1,2,54.87
3,37,2,4,100.0
1,8,2,1,24.3
3,38,3,2,99.8
1,7,3,1,30.8
3,7,2,0,62.51
1,13,2,0,32.67
2,1,3,3,52.81
2,39,1,5,91.05
2,27,1,4,78.6
3,39,1,4,100.0
2,19,3,0,56.15
2,22,1,2,62.95
3,4,3,0,55.8
2,8,2,1,46.81
3,10,1,3,88.54
3,5,2,3,66.92
3,43,2,4,96.36
3,4,1,4,72.36
2,7,2,5,64.84
2,13,1,2,52.88
2,20,2,0,51.7
3,7,2,0,48.93
2,25,1,2,76.25
2,3,1,1,38.21
3,24,1,5,100.0
1,1,3,4,40.65
3,19,1,4,99.96
3,18,3,1,77.51
2,2,2,3,43.02
1,13,2,5,48.71
1,36,1,3,60.65
3,19,1,5,90.15
1,42,2,2,55.75
2,44,1,1,76.13
3,16,2,0,65.68
1,26,3,2,54.25
2,32,1,5,95.98
3,14,1,1,77.93
3,9,3,4,82.64
3,42,2,4,100.0
2,12,3,0,48.55
2,42,1,0,65.32
1,14,1,2,53.91
1,15,3,2,41.58
2,30,1,5,96.87
2,38,3,1,71.23
2,42,1,0,72.71
2,7,3,4,55.23
3,16,1,0,71.15
2,29,2,0,60.71
2,17,3,0,54.4
2,39,2,5,85.2
2,21,2,1,59.78
3,24,2,3,84.65
2,12,1,0,53.36
3,11,1,0,62.57
1,20,3,2,45.39
2,32,2,3,77.01
2,43,1,0,73.63
3,33,1,4,100.0
3,22,1,5,100.0
3,11,1,5,95.95
3,0,1,5,85.59
1,36,1,1,58.71
2,9,2,5,59.87
3,7,3,0,62.84
3,9,1,2,64.92
2,41,1,4,84.48
2,31,1,2,86.48
1,39,3,1,49.41
3,1,1,3,72.71
3,40,2,3,98.44
1,3,1,2,36.89
2,29,1,5,94.46
2,27,1,1,65.21
1,32,3,5,76.86
2,33,1,2,74.07
2,27,3,1,67.37
1,14,3,1,40.59
2,33,1,3,77.82
2,42,1,3,85.8
1,34,1,0,63.07
3,6,3,3,75.38
2,22,3,2,65.18
2,13,1,0,56.82
2,9,3,5,69.69
2,40,2,4,79.44
1,11,2,3,40.1
1,23,3,2,54.5
2,0,3,5,56.2
3,32,1,5,100.0
3,39,3,1,92.61
2,26,1,5,91.05
2,43,1,2,78.31
2,32,1,1,69.42
2,8,3,3,61.85
1,26,1,2,62.5
2,3,1,4,53.04
2,4,2,5,55.49
1,40,1,2,58.14
1,22,1,1,38.39
2,38,3,2,71.95
1,10,3,1,30.19
2,27,3,3,79.86
2,21,3,0,60.38
1,34,1,4,75.54
2,43,2,3,72.85
2,34,1,2,71.17
3,15,3,0,72.33
2,43,1,0,58.72
2,17,2,4,69.09
3,12,2,1,72.5
3,32,3,5,100.0
1,14,1,1,42.26
2,26,2,0,57.68
2,25,1,2,67.15
1,35,1,4,71.54
2,40,1,2,72.1
2,18,2,2,56.77
1,30,3,1,56.36
3,16,1,4,99.04
2,16,1,3,75.92
3,37,2,0,82.16
2,14,1,4,74.93
3,16,1,4,95.12
2,3,1,5,67.92
2,0,1,3,50.22
2,2,1,3,40.44
2,4,1,5,67.35
2,18,1,0,57.77
1,6,1,3,40.89
2,1,1,5,51.62
2,23,1,3,81.79
2,17,2,1,59.43
3,15,1,1,69.14
3,42,2,1,85.77
1,29,1,1,54.54
1,42,3,0,56.93
3,31,3,1,95.47
3,23,2,3,88.78
2,37,3,5,92.31
2,1,3,5,60.56
3,7,3,1,66.01
2,19,2,3,60.63
2,23,3,2,71.59
1,34,1,4,64.5
2,20,2,1,57.45
2,2,2,2,39.18
2,43,1,5,86.17
1,43,2,2,58.67
2,16,2,1,55.67
1,38,3,1,60.24
2,30,2,3,81.13
2,40,1,2,82.31
2,43,3,5,91.89
2,5,1,1,37.5
2,10,1,4,64.97
2,0,1,0,27.04
3,43,3,1,91.98
1,10,1,5,63.46
2,18,1,2,69.84
2,23,2,1,60.96
3,11,1,0,61.8
2,32,2,2,72.67
2,29,1,4,79.24
1,6,3,5,46.43
1,0,1,2,28.69
2,32,1,1,76.96
2,22,1,1,63.33
2,3,3,3,52.98
1,34,2,2,53.41
2,12,1,5,78.98
3,19,3,4,95.08
1,41,1,4,72.88
3,11,1,1,77.16
2,5,1,1,41.26
2,17,1,3,73.69
2,34,3,4,86.0
1,25,1,0,52.88
2,40,1,5,90.68
2,44,2,1,72.81
2,17,1,3,76.02
3,19,3,2,93.97
1,16,1,0,45.45
2,28,1,5,94.64
1,7,2,4,39.93
3,22,1,3,85.22
2,36,2,1,66.21
2,1,1,5,58.48
3,17,1,2,79.45
2,33,2,3,80.04
2,41,1,2,75.27
2,22,1,3,72.1
2,33,2,0,62.79
2,24,3,3,76.53
3,10,1,0,60.58
3,35,2,2,95.07
1,42,2,4,67.47
2,37,1,3,76.77
2,37,3,5,90.18
2,8,1,1,42.72
2,42,1,1,65.8
1,5,1,1,37.57
2,1,1,1,34.74
2,10,2,5,63.5
2,24,1,5,92.22
2,31,1,3,75.63
2,2,2,1,35.35
3,19,1,5,100.0
1,15,1,0,32.81
3,29,1,3,92.79
2,11,1,2,47.96
2,24,2,4,76.26
1,5,3,3,40.51
2,3,3,4,58.72
3,33,3,0,81.65
2,9,2,4,61.21
3,15,3,1,76.79
2,13,1,5,67.4
2,36,1,1,66.54
1,32,2,5,74.65
2,26,1,5,89.98
1,21,1,5,62.31
1,32,1,0,47.11
1,31,1,0,50.17
2,14,1,1,46.26
3,33,1,5,100.0
3,44,1,3,100.0
3,27,2,0,80.51
3,43,3,0,92.75
3,5,3,1,63.85
3,35,3,3,100.0
3,38,1,0,85.02
2,19,1,3,68.08
1,4,3,0,23.08
3,6,1,4,79.16
2,15,1,1,57.19
2,43,3,5,91.24
1,1,2,5,41.74
1,39,2,2,50.32
2,23,1,2,71.91
2,9,1,2,61.17
2,38,2,4,81.53
3,20,1,2,79.95
2,14,1,4,80.05
2,19,3,3,65.26
3,31,2,0,86.9
2,8,3,2,55.85
2,23,1,2,73.83
2,30,3,2,79.15
3,18,1,1,74.04
2,16,2,3,64.19
3,38,1,5,100.0
3,4,1,0,65.27
2,29,1,4,85.57
2,42,1,0,73.85
1,14,2,4,49.53
3,41,2,5,100.0
2,37,2,5,84.39
3,44,1,3,100.0
2,35,2,4,78.87
1,41,3,5,78.66
1,19,1,3,51.48
1,4,1,5,40.8
2,21,1,3,68.41
2,15,1,4,73.07
1,8,3,4,50.56
2,17,3,4,67.12
2,10,1,2,46.17
1,26,1,4,72.45
3,8,1,5,84.57
3,34,1,0,85.45
2,6,3,0,38.94
3,25,1,3,92.3
3,11,3,0,67.09
2,40,1,0,65.46
2,38,1,0,59.9
3,9,1,2,80.54
2,24,2,1,60.64
2,10,1,2,57.8
1,29,2,5,70.08
1,42,1,4,77.47
1,10,1,3,35.9
1,25,2,5,66.59
2,29,2,5,82.43
2,42,1,3,74.44
2,19,3,0,59.33
2,10,1,1,49.55
2,1,1,1,46.99
2,27,1,3,69.77
3,40,2,3,96.6
2,10,1,5,66.6
2,4,1,2,55.88
2,37,2,3,76.27
2,18,3,4,74.1
3,44,2,1,84.13
2,21,3,4,82.87
2,23,1,3,80.49
1,37,2,0,50.47
2,8,1,3,53.3
2,26,2,4,75.67
2,39,3,1,74.21
2,31,1,4,80.17
2,44,1,2,81.57
2,29,2,1,69.71
3,26,1,4,100.0
1,32,1,0,50.65
1,11,1,0,29.0
1,34,3,4,69.38
1,12,1,1,37.45
2,6,2,5,58.44
1,31,1,4,80.18
2,39,1,4,93.87
2,39,1,4,92.45
2,16,1,5,79.01
3,21,3,5,99.7
1,2,1,2,26.65
1,16,1,5,61.07
3,21,1,1,80.48
2,26,3,4,78.02
3,0,1,5,70.99
2,1,1,5,51.16
2,9,2,2,45.17
3,41,3,4,100.0
2,34,1,3,82.41
2,35,3,1,77.38
3,26,1,4,97.67
1,40,3,0,51.16
1,26,3,2,61.82
2,14,3,1,54.16
2,15,1,5,80.33
1,32,1,2,68.4
2,35,1,5,94.96
3,16,1,1,68.71
2,27,1,2,73.09
3,8,1,3,69.48
1,23,1,5,69.3
2,38,3,0,67.89
2,3,1,1,36.59
1,3,2,5,42.0
1,17,1,2,50.61
2,28,1,5,81.39
1,7,3,4,43.32
2,7,1,1,40.41
1,36,1,1,55.59
1,18,3,4,57.48
2,31,3,3,80.53
3,39,1,3,98.03
2,41,3,4,85.75
2,18,1,0,59.03
1,36,1,2,56.41
1,21,2,5,58.9
1,25,3,1,50.32
2,42,1,2,83.25
1,11,2,5,49.46
2,44,3,0,67.39
2,16,1,0,50.18
2,13,1,2,61.59
2,39,3,2,77.28
3,37,1,0,92.03
1,7,2,5,47.91
2,3,3,3,51.74
2,32,2,5,82.22
2,25,1,5,86.72
2,35,1,1,75.2
2,36,3,5,89.95
1,16,2,0,29.08
2,12,1,3,67.01
2,38,2,2,74.47
2,22,1,0,59.32
2,1,1,5,55.88
2,19,1,2,70.77
3,17,3,0,72.63
2,40,1,3,93.32
3,25,1,5,100.0
3,39,1,2,100.0
2,15,1,4,59.25
2,16,2,4,67.74
3,44,2,2,91.28
1,34,1,2,57.57
3,38,1,1,100.0
2,36,1,2,67.58
3,0,1,0,51.85
1,22,3,5,68.38
1,7,1,0,34.32
2,29,1,4,92.02
1,43,3,5,74.84
2,28,2,4,77.29
1,27,1,1,55.97
2,6,3,5,65.75
2,3,3,2,51.79
1,4,2,0,16.46
2,22,1,5,92.9
3,34,2,1,88.54
3,10,1,3,73.66
2,38,2,0,65.45
2,42,1,5,88.06
2,13,3,5,77.06
2,9,2,2,49.13
2,34,1,2,79.21
3,5,3,4,74.42
1,26,1,3,68.23
2,43,1,1,76.89
2,14,1,3,57.66
3,23,1,4,91.0
2,41,2,4,79.62
1,16,1,0,33.87
2,2,3,3,50.14
1,0,2,4,32.78
2,3,1,2,39.51
1,20,1,2,57.83
1,22,1,0,50.58
3,26,1,0,87.77
1,33,2,5,75.3
1,4,1,0,19.65
2,35,1,5,100.0
1,28,3,5,73.08
3,0,1,5,75.51
1,26,1,3,67.64
3,44,1,5,100.0
2,24,1,1,73.79
1,17,1,5,59.49
2,13,2,0,43.69
2,29,2,2,68.9
1,42,1,1,70.26
3,24,3,4,100.0
2,23,1,4,85.21
3,21,1,4,93.21
1,9,1,2,35.3
2,41,2,4,82.22
2,6,1,0,37.62
2,21,1,4,70.44
3,5,2,3,70.16
2,14,2,2,52.89
2,12,1,0,51.02
3,16,3,5,96.36
2,33,3,0,67.51
2,17,3,4,68.87
2,4,2,1,36.73
3,43,1,3,100.0
1,12,3,4,49.64
1,30,1,0,47.24
2,34,1,3,84.67
2,13,2,2,48.99
3,30,1,0,93.28
2,40,3,0,66.46
3,19,1,2,83.71
2,10,1,2,54.75
3,8,1,3,79.78
2,1,3,2,42.16
1,7,2,1,24.95
2,17,1,3,63.02
2,2,1,5,57.86
2,35,3,2,77.25
1,37,1,4,70.24
1,25,3,0,44.03
1,34,2,3,62.39
3,43,2,1,92.78
1,7,1,2,45.39
1,21,1,1,54.96
3,17,3,5,92.71
1,3,3,2,37.71
1,2,1,0,27.16
3,32,3,3,99.83
3,40,1,1,88.64
1,16,1,4,59.25
1,43,3,1,59.84
1,27,1,1,58.98
3,11,1,5,96.67
3,0,1,4,63.81
3,0,1,3,71.94
2,5,1,2,46.0
2,33,2,2,67.05
2,2,1,5,50.87
2,31,2,4,79.87
3,36,2,1,88.33
2,21,1,0,57.02
1,10,2,5,47.35
3,2,3,1,58.51
1,23,3,3,56.23
1,4,1,0,18.93
3,8,3,4,87.19
1,31,3,4,71.7
3,27,1,2,90.16
2,6,1,0,35.43
2,39,1,0,64.05
2,25,1,5,82.84
3,44,1,2,100.0
2,44,3,3,83.93
2,41,1,1,68.54
2,33,3,5,89.6
1,4,1,3,40.75
2,25,1,0,70.08
1,38,1,5,70.36
2,13,2,3,55.6
1,39,1,4,68.73
2,42,2,5,80.83
3,42,1,0,88.72
3,29,1,2,91.16
3,33,3,3,99.59
2,33,1,4,93.19
3,1,2,4,67.11
1,16,2,0,32.55
2,10,3,5,70.22
1,30,1,4,73.36
2,16,2,3,55.34
1,31,2,3,65.54
2,41,2,5,84.46
2,36,3,3,86.98
3,30,3,2,97.4
2,26,3,3,75.31
3,7,3,2,74.29
1,4,2,1,23.74
1,11,2,0,28.48
3,2,2,4,71.75
3,41,2,1,85.26
3,16,1,1,82.42
2,10,1,0,48.76
2,26,1,1,64.94
2,0,1,4,60.27
1,38,2,1,53.21
2,0,3,4,48.71
2,8,1,3,53.72
3,26,1,3,92.85
3,25,1,3,100.0
2,32,2,1,65.75
1,40,1,2,74.17
1,18,1,3,49.93
2,30,1,4,91.34
3,15,1,5,98.25
3,7,2,4,80.7
3,33,3,4,100.0
1,25,1,3,60.25
1,34,3,4,68.38
2,34,3,3,83.58
1,20,2,3,47.05
3,44,1,1,87.63
2,39,3,3,82.54
3,34,1,3,100.0
2,32,1,0,75.36
1,30,1,4,62.51
1,6,2,4,42.59
1,8,3,5,50.63
3,30,1,2,100.0
1,7,2,1,27.63
3,16,1,1,72.12
1,31,3,0,50.76
2,32,1,1,66.46
2,6,1,0,29.93
2,13,1,1,50.83
2,41,3,4,89.11
1,28,2,3,61.43
3,31,3,5,100.0
1,26,3,4,67.99
3,24,2,1,83.3
3,10,2,3,73.56
2,38,2,4,82.51
1,17,1,5,68.78
2,37,2,3,77.53
3,12,3,3,78.56
2,12,2,1,49.21
3,38,2,0,81.37
1,9,1,5,57.15
2,42,3,1,69.22
3,33,2,3,94.45
2,21,2,3,71.66
3,29,1,1,80.81
3,28,3,0,90.16
2,29,2,0,60.39
3,39,1,3,100.0
1,42,2,2,56.61
3,40,1,0,83.96
2,4,1,4,65.05
3,2,1,5,72.49
3,41,2,1,89.92
1,31,1,3,62.04
3,11,2,1,68.96
3,20,1,2,96.46
2,28,1,5,86.63
2,30,3,4,87.25
2,5,3,5,61.79
1,15,1,5,63.04
3,25,1,1,90.04
1,18,2,1,36.6
1,42,2,5,70.54
2,4,2,1,43.98
3,4,3,4,74.96
3,6,3,5,82.37
3,0,1,0,58.56
1,35,1,3,62.51
2,23,2,0,48.63
2,18,1,0,47.87
2,44,2,5,85.96
3,31,2,5,100.0
2,44,2,1,72.43
2,20,1,5,81.37
2,42,3,4,87.29
2,40,1,2,84.45
1,27,1,2,60.49
2,33,1,3,71.82
3,33,3,5,100.0
2,8,2,0,38.77
1,5,1,2,32.86
2,12,1,1,43.82
2,41,3,0,69.16
2,7,2,5,61.26
3,40,2,5,100.0
2,35,3,5,89.03
3,10,3,3,80.28
1,13,1,4,63.1
3,29,3,2,91.45
1,0,1,5,35.89
1,17,1,0,37.31
1,9,1,5,57.79
3,18,2,5,92.33
2,28,1,5,86.46
2,6,2,3,49.66
1,42,1,0,58.06
3,25,1,3,100.0
1,38,3,4,69.44
1,0,1,5,53.18
1,12,3,4,55.55
3,38,1,0,96.21
1,35,2,1,58.24
2,35,2,1,61.66
2,22,2,2,60.69
1,31,1,0,51.84
1,14,2,2,42.73
2,28,2,4,77.24
2,26,3,0,58.7
3,0,2,5,73.62
3,22,1,0,70.66
1,24,1,4,69.26
2,21,1,4,79.31
1,24,3,5,66.44
2,32,1,0,64.38
2,11,2,2,55.13
2,19,2,2,58.47
2,18,2,3,64.94
2,31,1,5,84.04
2,8,1,2,58.4
2,32,1,1,67.26
2,27,2,1,62.31
2,29,1,0,73.06
2,5,3,0,39.08
3,34,1,1,87.61
3,11,1,5,83.04
2,9,3,2,53.2
1,10,2,4,48.05
1,39,2,3,63.74
3,34,2,4,100.0
2,7,2,0,35.25
2,37,3,1,67.7
3,9,1,4,87.93
2,6,2,4,53.01
2,8,1,4,54.97
3,25,1,3,90.77
3,10,3,3,77.72
3,3,2,3,64.59
1,43,3,4,66.5
2,43,1,1,64.75
2,36,1,0,65.92
2,35,1,2,75.5
2,19,2,5,75.69
2,32,1,3,75.43
2,12,1,1,57.09
2,40,3,2,77.12
1,10,2,0,29.99
2,20,1,5,78.37
3,4,2,3,71.43
1,2,1,5,49.56
2,6,3,2,47.75
2,14,1,1,59.67
2,32,1,4,86.4
2,40,2,1,63.52
3,27,1,5,100.0
3,22,2,2,84.27
3,7,2,0,50.4
2,9,3,2,54.62
2,6,1,2,55.24
1,5,1,5,36.14
2,3,1,4,60.04
2,8,1,0,41.43
2,25,1,1,65.39
3,21,2,3,88.94
2,11,3,0,44.49
3,4,1,2,72.02
2,36,1,5,95.3
3,2,1,3,78.0
3,8,1,4,75.69
2,4,1,2,47.27
1,19,2,1,43.9
1,2,3,2,32.22
2,16,1,0,48.09
2,23,1,2,63.3
2,38,3,2,78.18
2,37,1,0,62.74
2,14,1,1,45.36
2,36,3,0,64.5
2,21,3,5,81.31
3,19,1,5,100.0
3,13,2,0,65.63
1,5,3,4,42.41
1,5,1,0,18.66
1,4,1,2,40.42
2,33,2,0,65.99
1,14,3,2,46.38
3,22,1,4,90.95
1,42,1,2,67.77
3,35,1,5,100.0
2,34,1,1,74.81
2,25,2,5,78.73
2,43,1,2,80.28
1,19,2,4,51.74
3,2,3,2,66.16
2,9,1,4,73.24
2,37,1,0,73.47
2,43,2,5,83.37
2,20,3,0,57.49
3,12,1,4,95.2
2,40,2,4,80.64
1,15,1,4,44.93
2,36,1,1,63.27
3,34,1,0,89.68
1,39,3,5,77.13
3,21,2,0,71.61
2,40,1,3,88.63
1,39,1,3,69.3
2,15,1,5,73.5
1,3,3,2,35.62
3,15,1,0,63.51
2,41,1,2,84.63
3,16,1,4,81.62
2,37,3,4,88.61
3,22,3,5,100.0
2,9,1,3,65.98
1,0,2,3,21.01
2,5,1,0,45.31
1,1,3,1,26.55
2,36,1,4,85.67
2,26,1,5,83.52
3,9,1,1,63.68
2,17,3,2,65.37
2,43,1,4,82.44
1,21,3,3,49.47
1,39,3,1,56.52
2,18,1,2,52.91
2,18,2,5,68.24
1,11,3,4,46.91
3,12,2,4,75.81
2,20,2,1,55.52
3,13,2,4,81.88
2,29,2,1,64.09
1,41,1,2,58.74
2,34,1,3,89.51
1,18,1,3,63.61
1,34,3,4,64.65
3,31,2,4,100.0
1,19,2,0,38.92
2,28,3,4,83.62
3,4,3,2,71.73
3,4,1,2,74.94
2,7,1,3,55.18
3,29,1,1,95.08
1,40,3,3,64.51
2,44,2,3,74.89
1,2,3,3,36.99
2,30,1,2,75.74
3,16,1,4,79.79
2,31,3,4,93.85
2,6,1,1,50.79
3,16,1,1,72.35
3,15,1,3,78.22
2,10,1,0,55.97
1,38,1,5,70.66
2,34,3,5,93.87
1,28,1,5,78.49
3,34,1,1,87.59
1,17,3,4,59.7
2,23,1,5,92.59
3,0,1,0,48.46
1,13,1,1,44.5
2,27,3,3,84.74
2,28,3,2,73.83
3,8,1,3,67.78
1,18,2,3,51.4
1,25,1,4,63.91
2,41,1,4,93.04
3,33,1,3,100.0
2,25,1,2,67.3
3,19,2,5,93.64
2,19,3,3,69.19
2,26,1,3,71.06
2,7,2,3,53.28
2,19,1,5,86.78
2,19,1,2,59.51
3,12,2,2,71.67
3,33,3,1,96.95
3,30,1,1,97.39
1,40,2,5,72.48
3,3,1,5,73.58
3,13,3,4,84.33
2,33,1,3,88.69
3,3,1,4,84.37
1,27,2,1,44.5
3,6,1,5,76.41
3,10,2,4,80.86
2,4,2,5,58.73
2,37,2,4,81.22
2,31,1,2,73.49
2,16,2,3,64.63
2,20,2,0,50.99
1,38,3,2,67.92
2,35,1,3,73.58
2,39,3,2,80.88
1,16,3,0,35.4
3,34,1,5,100.0
2,43,3,4,86.2
1,32,2,3,59.99
2,32,3,4,88.71
1,36,2,1,60.1
1,12,1,3,52.58
3,24,3,4,100.0
3,22,1,3,89.05
2,30,3,2,81.28
2,41,3,2,80.21
1,31,3,1,55.9
2,18,1,4,69.02
1,2,2,3,29.61
1,8,3,4,43.56
1,44,3,0,54.59
2,26,2,4,72.59
3,40,1,2,100.0
2,33,1,2,83.83
3,21,1,3,94.87
1,1,3,2,37.07
2,28,2,5,84.88
2,0,2,4,48.65
2,31,1,4,83.18
3,18,1,5,99.52
2,12,3,3,64.69
1,6,2,5,45.91
3,36,1,1,100.0
3,35,1,4,100.0
3,33,1,2,96.22
2,10,2,5,61.6
2,30,3,2,78.42
1,43,2,5,70.89
2,12,3,3,62.33
1,0,3,3,31.76
2,41,3,1,72.75
2,22,1,5,79.88
2,3,3,0,44.94
2,1,1,5,49.59
1,16,3,1,42.5
2,23,1,5,85.91
1,23,3,3,59.14
2,9,2,1,41.09
1,8,2,1,31.11
2,30,3,1,75.07
2,26,1,2,83.22
3,38,2,5,100.0
2,44,3,5,92.36
2,44,2,4,77.4
3,22,1,0,88.45
3,15,3,5,97.72
1,1,1,1,31.72
3,1,1,1,64.92
2,0,1,0,43.24
2,27,2,2,67.6
3,14,1,4,100.0
1,16,3,1,44.57
1,4,1,2,30.33
2,23,2,2,64.53
3,2,1,1,52.03
3,29,3,0,90.42
2,4,1,0,33.34
2,3,1,5,71.83
1,18,2,5,62.54
2,10,2,0,42.49
2,38,3,2,79.89
1,1,3,0,20.18
2,10,1,3,54.52
2,23,3,0,55.26
1,13,3,1,40.64
1,43,2,5,69.02
3,4,1,5,90.41
1,41,2,0,48.07
3,9,2,1,68.99
3,36,1,3,100.0
1,1,3,5,44.85
3,14,2,1,74.29
2,23,1,1,68.1
2,7,1,0,42.24
1,6,1,3,45.8
2,16,1,2,56.64
2,37,1,0,70.26
3,3,1,3,79.01
2,13,3,5,68.45
2,9,2,3,52.99
2,13,2,3,59.09
1,29,2,5,69.45
2,41,2,5,83.34
2,8,3,5,62.54
3,14,3,1,73.58
2,38,1,4,89.15
3,27,3,4,100.0
2,39,2,2,72.09
2,25,1,4,81.73
3,42,1,2,100.0
3,4,3,0,58.72
2,6,1,1,45.79
3,37,2,4,100.0
2,34,3,4,88.35
1,42,1,1,60.87
2,7,2,4,53.1
3,30,3,0,84.14
2,44,1,0,80.0
2,36,1,5,94.83
3,31,2,3,94.07
2,3,2,4,48.57
2,20,3,1,64.64
2,25,1,4,88.07
2,6,3,1,50.68
2,6,2,0,32.27
2,15,2,1,53.21
3,31,3,4,100.0
2,39,3,5,92.85
2,32,3,1,74.9
1,9,3,5,53.99
1,44,1,5,82.34
1,19,1,5,67.78
2,27,2,3,78.06
2,1,1,2,54.57
1,7,3,2,38.54
2,0,1,3,40.89
2,41,2,1,62.56
2,18,3,3,58.54
2,29,1,4,80.24
2,21,2,1,58.92
1,42,1,4,77.41
1,4,1,4,48.79
2,22,1,4,80.76
1,9,1,4,53.68
2,0,3,2,47.0
2,43,1,4,82.13
3,10,2,1,62.51
2,30,2,5,83.58
2,7,1,3,45.55
2,13,2,5,68.47
1,7,1,4,53.0
2,2,2,2,39.04
1,26,3,3,59.98
2,11,3,5,69.29
1,24,3,0,50.18
1,27,1,1,56.61
2,38,1,1,71.81
2,41,2,2,77.53
2,4,3,3,48.33
1,13,3,2,38.61
2,6,1,4,60.54
3,32,2,0,87.61
2,3,1,0,37.21
2,1,3,2,48.88
2,23,1,1,70.86
2,10,2,3,52.85
2,3,3,1,43.37
1,14,1,2,52.77
1,39,2,3,61.42
2,27,1,5,79.76
2,30,1,0,74.92
2,17,3,1,53.89
2,11,2,1,51.37
1,30,3,4,67.68
3,31,1,0,92.55
2,11,2,0,40.66
3,21,1,3,95.24
1,35,1,5,81.18
1,13,1,5,63.6
3,26,3,4,100.0
2,16,1,1,60.84
1,33,2,5,65.72
3,21,1,5,91.87
2,41,3,4,91.14
2,7,1,0,42.87
3,0,2,5,75.76
1,24,3,3,63.48
1,12,3,5,53.54
2,36,1,0,65.97
2,33,1,5,94.64
2,4,1,2,56.44
1,13,1,2,37.27
2,31,1,4,83.12
2,28,1,0,65.9
1,31,2,3,63.34
3,40,3,1,93.0
3,26,3,4,97.72
3,3,1,3,78.7
2,34,1,1,63.67
3,0,3,3,65.86
2,44,2,5,89.29
1,22,1,4,67.82
3,3,2,3,71.91
2,6,1,1,42.92
2,0,1,4,64.46
3,11,1,4,92.55
2,40,2,4,81.96
1,32,1,3,65.4
2,16,1,4,74.51
1,38,3,0,51.4
3,19,2,3,84.91
2,18,1,2,67.76
1,30,2,3,58.47
2,29,3,0,71.76
1,36,1,1,55.79
2,42,3,1,72.29
3,10,3,5,90.1
2,32,1,5,99.42
3,32,2,1,84.79
3,27,1,1,79.57
2,35,3,2,78.42
3,2,1,0,57.52
1,35,1,3,67.84
1,22,1,1,54.24
2,13,1,1,56.32
2,10,1,3,65.27
3,22,2,3,88.46
3,17,2,4,86.38
1,0,1,0,14.42
2,22,1,2,60.78
2,34,1,1,79.45
3,22,3,0,83.0
1,26,2,4,58.15
2,28,3,5,92.47
3,19,1,4,93.95
2,39,3,4,85.86
1,11,1,0,27.27
2,20,1,5,85.49
3,41,3,2,100.0
2,23,2,2,65.66
2,3,1,3,52.67
2,11,3,5,68.67
2,18,2,5,75.78
1,36,2,3,56.89
2,24,2,4,68.95
1,32,3,0,51.09
3,35,2,0,83.75
2,24,2,0,59.45
2,13,1,5,72.64
3,6,2,2,63.96
2,21,1,4,86.18
3,28,3,1,89.97
3,24,1,3,98.76
3,9,1,4,87.09
1,41,2,1,50.12
1,38,1,0,47.03
3,26,1,4,100.0
2,20,1,4,73.18
1,37,1,3,59.97
3,22,1,3,90.71
2,32,1,4,81.86
1,20,1,3,52.95
3,40,2,3,100.0
1,16,2,2,42.33
2,0,3,5,53.79
1,22,1,5,58.8
2,14,2,1,52.8
2,41,1,1,79.18
2,7,3,4,57.69
2,38,3,2,67.64
3,36,3,2,99.61
2,16,2,2,55.23
2,23,1,3,78.19
3,34,3,4,100.0
3,39,2,1,85.82
2,26,1,0,66.84
2,33,1,3,86.38
2,43,3,1,72.99
3,40,1,0,95.43
3,32,1,3,100.0
2,23,3,5,84.68
2,26,3,4,78.86
2,12,1,4,73.57
2,8,2,0,40.19
1,19,2,0,31.27
3,10,1,0,60.38
1,36,1,2,66.81
3,29,1,4,100.0
2,37,2,2,72.02
1,22,1,0,34.06
2,25,3,5,86.92
2,44,1,4,88.56
2,6,3,3,50.95
2,17,1,0,58.68
3,7,1,4,74.98
3,13,1,2,75.16
2,20,3,0,56.82
1,32,1,4,71.08
3,44,3,0,94.44
2,32,2,4,77.93
3,6,3,4,83.78
3,28,1,2,92.74
3,35,3,5,100.0
1,6,3,2,35.66
2,18,2,1,56.08
2,4,2,2,43.34
1,11,3,1,40.0
2,24,1,1,58.93
2,34,3,5,90.09
1,23,2,3,57.16
2,9,2,0,48.74
2,34,2,3,77.11
2,14,3,0,48.77
2,0,2,3,42.16
2,18,1,0,53.56
2,19,1,5,84.2
2,27,1,5,94.58
3,37,2,4,100.0
1,15,1,3,52.88
1,3,2,2,29.84
1,22,1,1,43.04
1,38,1,4,74.61
2,29,1,5,96.74
3,35,1,1,80.76
2,5,3,3,59.51
2,28,1,3,73.15
2,25,3,1,64.37
2,27,1,4,77.06
2,18,3,0,55.02
2,26,3,3,75.22
2,44,3,1,71.77
2,43,3,1,73.69
2,38,3,0,68.72
3,5,3,5,84.42
2,19,2,1,53.31
3,44,3,4,100.0
2,31,1,0,76.6
2,12,2,2,48.48
3,40,1,2,91.97
2,28,1,2,71.22
2,25,1,2,62.44
1,43,1,0,62.58
3,40,1,5,100.0
3,13,2,3,81.3
3,22,3,5,100.0
1,10,1,1,31.63
1,9,1,3,33.77
1,0,3,0,19.21
2,21,1,5,74.75
2,14,2,5,72.77
2,5,1,4,59.55
3,12,2,4,81.9
1,8,3,1,29.73
3,33,1,3,100.0
2,4,1,0,35.2
2,9,1,5,71.34
1,32,2,3,56.74
1,18,3,5,61.05
1,20,2,3,45.38
2,8,1,3,69.14
2,5,1,1,42.08
1,4,1,4,49.66
2,28,3,4,82.29
1,8,1,0,20.09
2,15,3,5,77.27
3,28,1,1,95.28
1,40,2,3,54.5
1,16,2,3,51.67
2,19,2,5,70.75
2,4,1,4,51.62
2,29,1,3,85.12
3,1,3,0,52.48
2,22,1,4,83.66
3,33,1,1,83.93
2,33,1,4,92.35
3,26,2,3,95.36
2,32,1,3,81.81
3,40,3,5,100.0
2,13,2,4,63.05
2,43,2,5,88.22
1,17,1,3,48.12
3,42,2,2,92.0
1,17,3,3,52.09
3,22,3,0,76.16
2,44,2,2,66.87
3,37,3,4,100.0
3,24,3,0,80.43
3,2,1,2,59.65
3,30,3,1,89.32
2,40,2,5,80.74
3,27,2,3,91.29
2,28,1,4,78.27
2,1,1,1,46.35
2,28,2,1,67.09
1,12,1,5,47.95
2,27,2,4,77.2
2,27,1,0,63.08
3,38,2,2,95.42
2,6,1,3,56.05
2,2,2,2,39.54
3,32,3,2,97.02
1,20,1,5,64.35
2,18,2,4,68.7
1,20,3,4,62.62
3,1,1,1,64.17
3,19,3,4,92.56
3,43,2,5,100.0
2,41,2,0,62.71
2,27,1,2,69.58
2,22,3,4,75.87
3,33,2,4,100.0
2,34,2,3,74.44
3,8,3,1,71.37
1,11,2,0,30.94
1,24,2,5,67.11
2,22,2,4,72.3
2,4,1,2,59.61
2,4,1,4,61.45
2,0,1,3,46.05
3,7,1,3,75.5
2,0,1,5,63.41
1,28,2,3,57.76
1,20,1,5,57.9
2,10,1,1,56.88
1,23,3,2,56.85
1,10,1,3,39.27
3,19,2,0,69.52
1,3,3,2,35.36
2,24,3,4,78.35
2,22,1,1,58.34
2,6,1,4,59.84
1,9,1,3,36.04
3,20,3,0,82.04
1,16,1,2,47.62
1,26,1,5,68.25
2,37,3,2,77.15
1,5,3,3,38.17
2,38,2,3,73.81
2,21,2,0,52.03
2,5,3,4,61.97
2,21,3,4,74.77
2,10,1,3,55.36
2,26,3,5,84.73
3,42,2,0,81.44
3,30,2,5,100.0
3,2,2,2,61.25
2,0,2,4,42.69
3,7,3,0,59.51
1,37,2,0,48.48
1,13,1,0,27.57
2,8,1,1,56.37
2,18,1,1,69.19
2,24,1,2,65.73
2,44,2,0,67.75
2,28,1,3,87.01
2,12,1,2,59.26
1,9,1,3,50.57
2,7,1,0,44.98
2,28,1,3,80.92
2,36,1,3,83.62
3,17,1,1,79.95
2,17,3,2,60.98
2,6,1,3,50.51
3,8,3,4,76.54
2,26,1,2,74.95
3,39,1,1,98.26
2,33,1,3,79.8
1,23,1,5,70.24
3,7,1,1,62.07
2,35,2,2,75.38
3,30,2,2,95.24
3,16,1,4,87.32
1,39,2,3,58.65
3,35,1,5,100.0
1,12,3,5,53.37
2,11,1,4,59.37
3,35,2,1,85.86
3,41,1,2,98.22
2,29,3,4,81.92
2,19,3,4,76.43
3,31,1,0,96.16
2,22,2,2,67.6
2,22,1,5,89.84
2,4,1,0,41.57
2,39,1,1,78.06
1,41,1,2,52.9
2,15,2,0,43.73
2,35,1,5,82.61
3,14,2,4,81.85
1,10,2,0,19.58
1,8,2,0,23.74
3,35,3,1,87.92
2,17,1,5,82.44
1,23,3,5,72.93
1,16,2,2,42.76
2,35,1,2,70.27
2,0,2,0,28.18
2,44,2,2,72.54
1,5,1,1,37.72
3,28,3,0,86.85
2,18,3,0,57.17
2,14,2,1,49.38
2,28,1,1,75.67
2,37,2,4,79.4
3,43,3,3,100.0
2,23,3,2,71.41
2,21,1,3,78.56
1,40,3,3,66.12
2,8,1,5,67.58
1,22,2,3,54.31
2,22,1,4,68.76
3,33,3,1,94.63
2,38,1,1,64.83
1,20,1,0,40.87
3,42,2,3,97.63
3,20,1,4,97.36
2,28,1,5,81.52
2,5,1,4,63.38
1,31,3,2,63.01
3,4,1,5,72.5
2,12,1,3,69.7
1,4,3,1,31.9
3,42,3,5,100.0
1,40,2,4,72.05
1,36,1,0,61.32
2,31,1,5,93.5
2,23,3,5,78.98
2,4,3,3,50.31
2,40,2,1,68.86
2,2,1,1,52.47
1,42,3,0,56.3
1,1,2,5,37.6
3,38,3,0,86.23
2,5,2,3,49.81
1,27,1,0,44.44
1,39,3,1,62.47
1,29,3,0,47.09
2,27,3,0,58.79
3,13,1,1,65.5
1,37,1,4,63.13
3,6,1,2,69.84
2,13,2,4,62.42
1,1,3,3,29.54
3,43,1,0,92.82
1,14,1,0,33.93
1,0,3,0,14.39
1,22,3,0,43.94
2,3,3,1,45.58
2,36,1,2,79.38
2,29,1,1,64.07
3,2,1,4,69.38
2,16,2,5,71.73
3,26,1,3,99.56
2,3,2,1,44.91
2,2,1,3,47.53
1,18,1,0,37.06
1,35,1,2,62.62
3,21,2,2,82.7
3,17,1,1,76.54
2,13,2,1,44.6
3,19,1,2,88.37
2,2,2,4,51.58
3,8,1,2,79.41
2,16,1,1,50.47
2,19,2,4,64.38
2,30,1,3,74.88
3,23,3,5,100.0
1,22,3,4,64.51
2,25,2,0,60.03
2,41,1,3,89.65
2,24,1,2,61.23
3,21,2,3,87.19
2,26,1,3,86.89
2,3,3,0,36.01
3,44,2,3,93.17
2,13,2,4,63.64
2,34,1,1,69.11
2,36,3,4,87.78
3,38,3,3,100.0
3,7,1,5,78.98
3,27,3,2,94.94
3,31,2,2,90.34
2,12,1,3,59.87
2,15,1,0,47.37
3,14,1,1,67.23
2,29,1,0,63.73
3,26,1,1,99.25
2,25,1,2,70.43
1,24,2,1,49.25
2,33,2,3,78.36
1,35,3,0,51.87
2,38,1,1,81.25
2,21,1,5,74.98
1,43,2,1,46.59
2,42,2,3,78.82
3,12,1,4,92.51
2,29,3,4,85.36
1,1,3,2,26.99
1,19,1,5,69.14
3,29,1,3,91.57
2,3,2,3,43.98
1,10,1,3,42.42
2,44,3,1,74.4
2,42,1,2,82.39
3,29,1,5,100.0
2,13,2,0,45.61
2,10,3,2,55.73
2,40,3,1,67.3
2,33,1,4,87.14
1,32,1,0,52.17
3,40,1,0,88.21
2,27,3,3,76.92
1,16,3,1,40.45
2,11,2,4,61.1
2,26,2,5,78.28
2,18,2,0,51.27
2,7,1,0,44.39
3,30,1,4,98.56
3,11,1,0,71.16
1,14,1,4,59.99
1,21,1,4,54.94
2,30,3,2,75.35
1,20,2,5,58.2
3,15,2,1,71.82
3,28,3,3,100.0
2,23,1,1,55.33
3,42,3,5,100.0
1,32,2,0,45.23
2,32,3,3,85.27
2,3,1,4,47.18
2,38,1,2,84.01
3,32,1,4,100.0
2,1,2,1,35.06
2,23,1,5,81.26
2,0,3,5,57.63
2,8,2,0,39.78
2,35,1,0,57.23
1,37,1,2,68.15
1,26,3,4,74.29
2,16,1,2,61.51
3,22,3,1,83.5
2,18,1,3,61.47
2,9,3,2,48.69
2,5,3,1,44.9
2,28,1,0,62.55
3,31,3,3,100.0
3,14,2,0,69.63
1,35,1,0,61.94
2,34,1,4,86.86
3,33,1,2,100.0
2,24,1,2,66.2
2,40,1,1,85.48
3,25,1,4,100.0
1,25,2,2,46.73
2,33,2,1,67.78
2,23,1,1,71.79
2,4,2,4,50.79
3,20,2,5,91.57
2,41,1,5,78.28
1,25,1,1,44.53
2,15,3,0,56.35
3,0,2,5,73.15
3,24,1,0,90.0
2,23,1,2,70.27
2,12,2,5,66.59
2,10,2,4,59.98
2,4,3,5,56.2
3,4,1,5,85.93
3,30,1,1,88.23
2,33,2,4,83.42
1,7,3,0,28.79
3,7,1,0,58.05
2,9,1,0,48.36
1,6,2,4,43.24
2,26,1,1,62.97
2,44,3,0,71.69
2,3,1,3,52.47
2,30,1,3,77.46
2,20,3,1,58.05
3,34,1,1,96.49
2,1,2,0,26.13
2,33,3,5,89.82
3,22,2,2,84.42
2,2,2,5,56.56
3,34,3,5,100.0
2,15,2,1,50.09
2,5,1,2,53.26
2,37,1,5,92.96
3,39,1,5,100.0
3,11,1,4,95.16
2,14,2,2,57.3
2,1,1,4,47.78
1,7,3,0,31.65
2,39,1,2,81.53
2,20,1,3,65.43
2,4,1,0,42.38
2,20,1,1,51.62
2,29,2,5,84.32
2,27,1,1,66.63
2,39,1,0,60.85
3,8,3,0,65.24
2,6,1,2,57.29
2,10,1,4,58.28
3,13,2,3,81.59
3,31,1,4,100.0
2,26,3,2,76.57
3,4,3,1,63.3
2,19,1,0,58.36
1,36,3,4,68.68
2,21,1,5,73.77
3,40,3,0,85.57
1,36,3,3,69.7
2,10,3,4,61.38
2,20,1,2,63.42
3,19,3,2,83.15
2,36,1,2,79.82
2,23,1,3,68.59
1,32,3,2,63.44
1,13,1,0,40.67
2,18,1,5,68.72
1,2,3,0,21.93
3,11,2,5,86.34
1,43,3,4,70.51
2,33,2,5,84.78
1,1,1,0,17.6
1,40,3,3,64.54
1,19,2,3,48.07
3,21,1,4,100.0
3,23,1,1,88.02
1,3,2,5,35.56
1,27,3,4,64.02
2,24,1,2,61.54
2,31,1,4,90.65
3,2,2,4,73.34
2,41,1,2,83.11
2,20,1,2,61.03
2,29,1,5,97.74
1,28,3,3,65.0
2,18,1,2,69.37
3,40,2,4,100.0
2,35,2,2,70.56
2,15,1,3,63.0
2,10,1,0,45.05
3,31,3,5,100.0
2,11,2,0,43.48
3,14,3,4,90.56
2,8,1,2,52.2
2,40,2,4,81.33
2,4,3,5,66.12
1,37,1,3,69.43
2,13,1,4,60.74
2,30,1,4,94.64
2,16,2,5,69.2
2,9,1,5,70.97
1,24,1,1,56.06
3,7,1,0,60.93
2,30,1,2,73.92
2,3,2,1,40.11
2,15,3,1,56.94
1,7,1,0,25.12
3,44,2,0,82.22
2,13,3,3,64.36
2,9,1,5,70.72
1,28,1,2,67.25
2,42,1,2,79.71
2,18,2,1,50.68
1,42,2,1,53.46
3,44,3,3,98.4
3,39,2,4,100.0
3,14,2,0,69.7
2,7,3,3,49.36
2,19,2,2,59.03
2,44,1,2,73.21
2,27,3,1,71.64
1,41,3,4,75.11
2,1,3,0,31.22
2,34,1,4,100.0
3,7,2,5,84.12
1,35,3,5,78.5
2,39,1,3,71.68
3,13,1,4,93.75
2,40,2,3,80.09
3,18,3,4,89.97
1,15,1,0,36.52
2,7,2,0,36.24
2,13,1,5,76.3
2,13,1,0,54.58
2,1,1,1,28.08
3,26,3,1,87.41
3,40,1,5,100.0
2,11,1,1,46.86
2,20,3,2,68.19
2,37,1,0,58.76
1,6,2,5,45.08
2,37,1,0,75.31
1,0,2,3,29.84
2,37,1,4,83.33
1,30,1,2,64.71
3,31,3,5,100.0
2,12,1,0,42.33
2,28,2,1,64.62
3,7,1,4,86.53
2,24,1,2,75.74
3,12,1,2,75.77
2,21,1,5,81.06
2,2,2,2,45.61
3,24,1,2,85.32
3,13,1,5,86.39
2,25,1,1,68.45
1,37,2,3,67.09
2,24,3,0,59.37
1,28,1,5,77.16
2,44,2,2,73.94
2,17,2,4,68.61
3,37,1,3,100.0
2,24,3,2,73.13
2,13,1,3,59.71
2,20,3,4,72.65
2,29,3,1,72.77
3,10,2,1,64.37
2,22,3,1,62.87
2,39,1,3,92.87
2,44,3,5,86.86
3,41,2,0,81.57
2,44,1,0,70.7
1,5,1,5,41.39
2,8,2,0,37.67
1,5,1,3,43.41
1,26,1,4,69.17
2,6,1,2,47.06
2,15,3,2,59.65
3,17,2,0,70.84
2,27,3,4,82.37
1,12,1,1,36.42
2,23,3,4,80.47
1,42,1,1,53.97
2,42,3,5,90.26
3,28,1,0,83.73
1,38,1,5,78.82
2,20,3,3,76.03
2,42,1,1,72.36
2,38,3,5,84.93
1,26,3,2,60.07
3,20,2,4,90.85
2,22,3,0,60.09
2,23,1,4,86.71
1,3,3,3,38.13
2,0,3,4,56.06
2,24,2,5,81.66
1,25,2,3,55.14
1,7,1,1,38.99
2,9,1,3,64.68
2,10,1,2,56.48
2,5,3,2,53.56
2,23,3,5,85.35
2,39,1,0,77.08
2,9,2,1,47.44
2,21,1,4,68.51
2,1,3,1,48.58
2,23,3,3,70.54
3,10,1,4,94.82
2,1,1,3,47.66
3,42,1,4,100.0
3,24,1,4,89.42
2,20,2,3,65.72
2,16,1,5,76.29
2,37,2,4,82.15
2,36,1,2,84.6
2,4,3,1,52.48
3,27,1,4,100.0
1,44,1,1,45.56
2,21,1,5,89.55
1,15,1,3,46.79
2,27,3,5,83.94
2,13,2,0,42.95
3,8,3,2,74.11
3,36,3,4,100.0
3,14,1,2,82.51
3,9,3,2,72.78
2,27,1,4,92.03
2,7,3,5,61.08
2,35,2,5,89.34
1,6,1,5,42.99
2,17,2,2,60.72
1,12,3,1,37.68
1,12,1,5,64.95
3,27,1,2,100.0
3,39,2,0,88.14
2,22,1,1,68.3
3,4,3,4,77.21
1,44,1,3,57.67
2,15,3,5,71.3
1,42,1,4,75.73
1,34,3,3,67.94
1,22,1,3,64.97
2,38,1,4,89.78
2,25,3,2,67.73
2,9,1,5,75.37
2,42,3,4,85.48
2,39,1,0,71.33
3,4,1,1,70.49
2,40,1,3,84.64
3,36,3,5,100.0
1,1,3,5,42.63
2,13,1,0,54.81
2,39,2,2,72.14
2,38,1,3,86.39
1,8,1,3,44.89
2,13,3,0,49.54
3,42,1,4,98.1
1,8,1,2,39.82
2,39,1,4,79.59
2,5,2,4,44.14
3,7,3,4,77.83
3,24,2,3,93.7
1,36,1,0,45.11
2,15,1,4,79.81
3,42,2,0,82.95
3,44,1,4,100.0
1,24,3,0,48.3
2,8,1,5,67.87
1,31,1,1,49.01
2,2,1,5,60.77
1,13,2,0,28.56
3,7,2,3,73.87
2,3,3,0,40.01
1,6,1,3,45.99
2,10,1,3,52.9
1,32,1,3,62.75
3,13,3,0,68.96
2,31,2,0,63.92
2,40,2,5,82.12
3,9,1,2,77.92
2,2,3,0,32.69
1,23,2,4,59.86
3,37,3,0,89.13
1,27,3,4,68.79
2,15,3,5,73.99
1,20,1,4,50.57
2,1,2,1,38.64
2,19,2,1,58.32
2,43,1,0,63.89
2,7,1,3,60.39
2,36,1,5,98.2
3,22,1,2,84.26
2,21,1,1,56.6
1,43,1,3,72.02
2,18,1,2,64.01
2,17,2,0,47.48
2,12,1,2,62.42
1,14,2,3,39.8
2,0,1,1,46.82
3,25,2,3,90.16
1,20,1,2,59.73
3,23,1,1,79.99
1,29,1,1,55.59
2,5,1,0,38.06
3,22,1,1,85.58
2,1,1,2,48.15
3,26,3,1,90.39
3,6,1,4,77.76
2,37,1,0,58.99
2,27,1,2,74.57
2,42,2,4,77.31
2,37,3,1,76.14
2,8,2,2,48.45
1,3,2,2,21.47
2,33,3,5,90.86
1,1,1,0,15.45
1,33,1,1,52.62
1,21,1,0,32.82
1,15,1,5,49.19
2,25,1,3,71.82
2,10,1,3,65.15
2,18,2,1,52.89
3,26,2,4,95.44
2,35,1,4,75.61
2,4,1,2,43.94
2,31,3,2,79.58
1,42,1,4,70.72
1,16,2,0,30.43
3,9,1,0,64.58
2,17,1,5,66.33
3,3,1,3,74.84
1,3,1,1,34.87
3,38,1,1,83.46
2,7,1,1,50.98
2,12,3,3,58.82
1,43,3,2,64.32
1,1,2,1,23.23
3,32,3,1,87.47
2,22,2,5,74.5
1,4,2,2,30.62
1,18,2,4,57.31
3,4,2,1,59.67
3,37,3,2,96.43
2,14,2,5,68.37
2,22,3,3,72.64
1,40,2,2,62.04
3,37,1,4,99.85
3,33,1,0,93.76
2,20,2,2,61.29
3,0,2,1,53.43
2,16,1,1,60.16
2,14,2,3,61.84
3,28,2,2,90.51
3,14,1,4,83.6
1,36,2,5,77.44
2,22,2,3,69.03
2,28,1,5,92.0
3,37,1,1,97.05
3,26,3,0,86.73
1,2,1,0,26.33
1,39,2,5,66.47
3,11,1,0,73.5
3,25,1,5,100.0
1,4,3,5,40.32
2,30,1,5,93.41
2,30,3,0,66.78
1,17,1,4,57.02
2,9,1,4,72.64
1,39,3,1,55.18
2,5,1,3,47.83
2,34,2,5,89.0
1,13,3,4,53.84
2,25,1,2,63.41
2,9,1,3,59.52
3,34,1,0,89.67
3,34,1,2,100.0
1,17,1,4,51.7
2,19,1,3,57.28
3,18,2,4,82.24
2,17,2,5,70.92
2,28,2,3,69.33
3,29,1,3,91.9
3,8,1,5,91.91
2,40,1,4,91.48
1,4,3,1,27.03
2,23,2,3,66.72
3,2,1,5,87.4
2,23,2,5,82.26
1,5,2,4,33.46
1,2,3,2,30.12
2,18,1,0,62.53
2,3,3,4,55.43
2,23,2,4,70.06
3,25,1,1,91.08
1,22,1,3,50.5
3,34,3,3,97.56
1,17,1,5,67.85
3,35,2,5,100.0
1,11,1,1,32.85
3,4,3,3,65.08
2,19,1,5,75.28
3,2,1,1,55.37
2,33,1,5,99.96
2,40,1,2,81.91
3,31,1,1,97.19
2,2,1,1,49.72
1,13,2,3,49.25
3,1,1,2,75.24
2,2,2,0,33.69
2,19,3,3,68.61
3,20,3,1,79.46
3,34,2,0,83.22
2,28,1,0,72.59
3,26,2,1,86.18
1,41,1,4,64.63
1,7,3,0,28.55
2,32,3,5,91.32
2,28,3,3,78.57
2,43,1,4,87.12
2,3,1,2,42.19
2,4,3,2,45.05
2,17,2,1,57.31
3,6,1,0,62.94
3,31,1,3,93.26
3,5,3,2,70.14
2,32,2,1,64.51
2,35,3,4,87.8
2,29,3,2,82.0
3,26,3,4,100.0
2,28,2,1,67.71
2,31,2,2,67.12
2,27,2,4,83.84
3,7,1,4,87.47
2,10,1,2,62.02
1,4,2,1,14.72
1,3,1,1,23.57
2,3,3,4,54.53
2,36,2,4,75.97
3,8,1,3,70.96
3,39,3,1,92.29
2,26,3,0,63.28
2,19,1,3,73.05
2,33,1,4,77.71
2,18,2,4,65.46
1,44,3,3,61.54
1,24,1,2,56.95
1,7,3,3,47.91
2,39,3,5,93.88
2,31,3,2,79.7
2,41,2,0,67.48
1,37,1,3,74.55
2,43,1,0,71.12
2,14,2,3,59.01
1,32,3,1,56.45
1,14,1,3,51.22
2,0,3,5,56.91
2,3,1,4,64.68
3,20,2,3,91.95
2,14,3,2,63.56
1,29,2,5,69.92
1,42,1,0,46.41
2,44,1,4,81.77
2,21,3,4,78.07
2,15,3,5,71.33
3,26,3,0,80.35
3,42,1,3,100.0
2,18,3,5,77.55
3,13,1,4,83.59
1,15,3,5,61.85
2,38,1,3,79.05
2,4,1,3,45.88
1,31,2,4,65.52
2,35,3,4,89.96
1,11,2,0,25.38
3,40,1,5,100.0
1,17,1,1,37.94
3,39,2,2,92.46
2,5,3,3,52.94
3,34,1,4,100.0
2,35,2,4,77.32
3,17,1,1,80.11
2,30,2,3,73.38
2,12,3,2,62.09
2,4,3,4,52.61
2,30,3,0,66.94
2,3,1,2,41.71
2,21,1,1,55.79
1,6,3,5,48.44
2,28,1,5,85.99
2,43,3,4,85.69
2,5,2,4,51.69
2,16,1,1,47.89
2,32,1,3,82.8
3,13,3,2,71.69
3,5,2,5,78.26
3,26,1,3,91.21
3,18,2,1,80.81
2,5,3,5,61.88
3,21,1,5,100.0
3,4,2,5,76.99
1,3,3,2,30.06
1,25,1,5,70.92
1,27,1,3,70.44
1,8,2,1,32.29
2,12,1,5,63.4
2,34,2,1,64.94
2,42,1,5,84.26
1,41,3,1,62.07
2,39,1,0,71.42
1,34,2,2,56.1
2,6,1,4,55.42
1,2,2,2,26.97
1,34,1,1,46.49
1,26,1,4,70.74
2,7,1,4,59.72
2,11,1,5,70.07
1,18,1,1,47.73
2,22,2,0,55.97
1,42,1,3,60.01
3,31,1,2,89.93
2,10,2,4,60.68
2,24,1,1,60.54
2,20,1,0,62.21
1,39,1,0,59.76
1,16,1,2,44.53
2,18,1,3,66.98
3,21,2,4,90.19
1,29,2,3,63.13
1,15,3,3,45.57
2,5,2,2,45.44
1,20,2,2,44.46
1,22,1,5,71.57
3,31,1,5,100.0
2,16,2,0,45.72
2,18,2,1,59.28
2,24,3,3,76.63
2,25,1,2,71.55
3,19,1,1,78.12
3,36,1,4,100.0
2,24,2,2,61.49
3,5,1,4,79.11
3,10,1,2,83.27
2,4,1,4,52.17
1,30,1,5,67.66
1,35,1,2,57.81
1,36,3,2,65.04
1,18,2,4,51.24
2,41,1,2,77.76
2,6,3,0,43.6
2,20,1,2,68.01
2,41,1,3,77.54
1,32,1,3,75.5
1,34,1,0,47.55
2,28,1,5,84.09
2,37,1,3,86.93
2,19,1,0,61.58
1,43,1,1,57.65
1,0,2,0,14.48
2,15,2,3,53.96
3,5,1,3,76.56
3,42,1,2,100.0
2,6,1,1,37.73
3,28,1,0,90.1
2,29,1,1,72.84
2,39,1,1,67.98
2,41,1,2,72.17
1,38,2,1,49.32
3,13,1,2,74.28
2,0,3,5,55.92
2,18,2,1,50.93
2,33,1,2,68.25
2,29,2,0,62.23
1,4,2,4,36.44
2,2,2,1,38.87
2,25,1,5,86.97
1,27,1,0,54.84
1,9,1,0,37.75
3,22,1,4,100.0
3,6,3,4,77.59
1,14,1,0,41.22
1,1,1,2,34.79
2,31,1,5,100.0
2,4,1,1,38.0
2,4,2,5,61.11
3,1,1,2,65.74
1,34,1,4,66.73
3,0,2,4,66.33
2,13,2,1,47.81
2,16,1,3,62.78
1,31,3,4,70.27
3,27,2,5,100.0
2,21,2,2,62.48
1,42,1,5,71.33
1,4,2,3,26.5
1,19,3,5,66.26
1,34,1,4,61.0
2,0,1,0,40.0
3,9,3,3,76.4
1,22,3,5,69.16
2,10,1,5,59.36
2,43,2,2,70.22
1,39,3,5,69.54
3,28,3,2,94.77
3,38,3,0,88.52
2,11,1,5,78.55
2,43,3,4,88.2
3,25,2,3,92.18
3,14,3,4,92.09
3,32,1,2,91.34
2,44,1,1,68.03
3,2,2,5,72.39
3,10,1,1,65.92
2,2,3,5,61.56
2,24,3,0,60.53
2,18,1,1,53.95
2,8,1,3,64.79
3,19,1,1,87.31
2,29,1,4,76.88
2,30,1,2,85.89
1,15,1,2,49.62
2,39,1,4,91.33
3,40,2,1,90.34
1,15,2,2,40.95
2,1,2,2,38.69
1,20,1,0,41.06
2,29,3,5,95.2
3,33,2,2,94.98
2,35,2,1,71.37
1,30,1,4,74.38
2,33,3,1,75.7
3,12,1,5,97.65
1,9,2,5,52.63
2,30,1,5,82.94
2,38,1,0,60.53
1,40,1,0,59.95
3,2,3,3,73.4
2,12,1,1,59.42
1,29,1,4,63.35
1,41,3,1,57.2
2,23,2,3,66.0
1,29,2,5,64.99
2,13,2,5,65.76
1,21,1,4,68.92
2,11,3,0,49.04
3,42,3,5,100.0
3,6,3,1,64.34
3,27,1,4,100.0
2,3,1,1,46.95
2,39,2,4,79.2
3,9,1,3,72.39
2,20,3,1,60.1
3,6,2,0,58.34
3,0,1,4,78.06
2,12,1,1,43.25
2,40,1,2,84.13
3,37,1,4,100.0
3,12,1,0,59.02
3,29,2,4,96.73
2,27,3,4,83.54
3,28,1,1,95.16
3,1,2,5,73.36
2,25,1,4,73.08
2,25,2,3,68.33
2,43,1,5,94.08
2,5,2,4,58.2
1,28,2,1,51.92
3,33,1,0,87.59
2,24,1,0,59.33
1,27,3,0,51.39
2,30,1,3,75.09
1,0,2,3,23.14
3,1,1,2,70.8
3,22,1,4,90.69
2,28,3,4,81.88
2,43,3,2,76.47
1,30,1,1,49.52
3,41,2,0,85.49
2,28,3,2,70.71
2,35,1,4,80.5
1,31,1,4,64.1
1,12,3,5,57.18
2,30,1,0,63.45
1,4,1,5,48.37
1,32,1,5,81.59
2,11,2,4,59.15
2,4,2,2,37.85
1,12,2,4,45.41
3,31,2,2,90.98
1,11,3,5,53.0
1,5,3,1,35.82
1,8,3,4,48.77
2,18,2,2,54.95
1,30,3,3,66.74
1,34,3,3,66.46
1,31,1,4,66.06
3,42,1,5,100.0
2,9,2,3,54.71
2,31,2,2,73.91
2,4,3,3,48.9
3,31,1,5,100.0
3,32,1,1,99.0
3,27,1,1,93.71
2,13,3,0,50.01
2,1,1,4,49.34
1,31,1,2,53.98
3,42,2,2,94.26
3,22,1,3,86.33
1,0,1,5,40.64
1,9,3,0,29.78
1,36,1,2,67.54
3,38,1,4,100.0
1,2,1,5,38.51
1,34,1,4,80.5
3,40,3,5,100.0
2,22,1,0,58.51
1,18,2,3,45.42
2,24,3,3,82.99
1,31,1,2,53.86
2,29,1,2,74.19
2,44,2,1,66.87
2,32,1,2,77.91
2,31,2,2,73.28
2,14,2,4,57.9
2,3,3,2,43.3
2,29,3,2,69.56
3,31,2,2,93.48
2,18,2,4,63.09
2,40,3,1,68.13
2,14,2,3,56.87
2,6,2,5,54.31
3,5,1,5,70.93
1,27,3,5,70.7
2,28,2,5,80.67
2,40,1,1,78.49
2,16,2,3,65.11
1,12,1,2,46.71
2,21,3,5,82.89
2,18,1,4,76.55
2,11,3,1,48.13
3,32,1,4,100.0
1,16,3,3,51.65
2,40,1,5,99.47
2,0,2,4,48.2
2,32,1,0,61.62
1,8,1,5,47.72
3,7,3,1,69.39
3,2,1,1,63.68
1,40,3,0,55.29
2,33,2,0,63.23
1,11,3,3,38.75
1,19,3,3,53.77
2,5,1,5,66.3
2,40,3,3,84.69
3,38,3,2,98.76
3,6,2,4,78.98
1,6,3,1,29.03
2,24,1,0,58.93
2,12,3,1,47.7
2,21,1,4,69.18
1,39,3,1,59.08
2,7,2,5,60.12
3,33,2,1,92.73
3,38,3,3,95.83
2,20,1,5,83.41
2,23,1,0,57.73
3,36,2,2,91.8
3,40,1,0,92.3
2,41,3,0,67.65
2,28,1,2,80.91
3,23,3,5,100.0
2,37,1,3,76.0
2,13,1,5,77.59
2,9,2,3,55.43
2,31,1,5,97.45
2,3,1,4,56.33
2,41,2,1,69.27
2,30,3,3,80.13
3,2,3,2,65.2
2,25,3,1,66.1
3,5,1,3,77.8
2,0,2,3,42.41
3,7,1,4,75.62
2,0,1,4,53.25
2,24,1,3,77.62
3,7,1,2,77.81
2,23,2,0,50.94
2,32,3,0,69.3
3,22,3,2,84.33
3,36,1,3,97.47
3,37,1,5,100.0
2,27,1,4,85.09
1,37,1,4,65.5
2,17,1,2,66.62
2,30,1,1,63.57
3,39,1,3,100.0
2,1,3,5,58.41
2,7,1,1,53.05
3,36,2,2,91.66
1,17,3,0,39.67
3,8,1,4,82.96
3,33,1,4,94.82
2,4,1,5,58.71
3,43,3,2,100.0
1,9,1,2,31.06
1,11,3,0,32.89
2,41,2,1,62.14
1,8,1,3,40.42
3,22,2,4,88.78
2,10,2,3,60.01
1,23,2,0,38.49
3,36,2,1,87.84
2,18,3,0,55.29
2,26,1,5,78.99
2,0,3,0,30.84
3,2,2,2,63.29
2,21,3,3,71.41
3,8,1,5,84.28
3,26,2,4,100.0
3,16,3,1,74.08
1,14,1,5,60.64
1,11,1,1,45.41
2,32,3,0,65.48
3,28,1,5,100.0
2,19,1,0,66.41
2,13,3,3,64.41
3,11,1,3,79.39
1,7,3,1,31.63
1,14,2,3,44.1
2,30,2,0,59.43
2,6,1,2,56.28
2,3,2,2,42.93
2,7,3,1,42.86
2,25,3,2,71.09
1,3,2,3,29.53
2,23,1,0,58.37
2,6,1,1,42.69
1,43,1,1,49.8
1,22,3,4,57.7
2,33,1,3,81.67
3,21,1,2,83.35
1,31,3,2,59.97
2,5,2,2,46.09
2,19,1,3,64.63
2,39,1,5,86.38
3,11,3,2,77.34
2,29,3,3,84.44
2,16,1,0,46.3
2,36,1,1,74.47
1,29,2,1,50.73
1,37,1,0,52.97
3,16,1,3,89.76
3,12,3,0,71.68
2,42,1,2,70.42
1,42,1,5,71.82
2,14,2,4,63.99
1,15,1,2,46.28
1,22,3,5,67.41
1,33,1,0,56.89
2,30,2,4,81.17
2,12,1,1,53.06
1,34,3,2,61.84
2,8,1,0,36.04
3,34,3,4,100.0
1,39,1,1,53.98
2,7,2,4,52.61
3,44,2,1,90.45
2,7,1,0,49.94
1,27,1,3,58.17
1,33,1,3,67.3
2,33,2,0,67.48
1,5,1,4,47.51
1,11,1,5,48.89
3,44,3,2,98.61
1,16,3,2,48.35
2,28,1,3,78.08
2,43,1,2,78.02
2,25,2,5,82.79
3,7,3,4,84.6
2,19,2,3,66.66
1,35,1,1,51.25
1,31,2,5,73.46
2,21,3,3,69.83
2,34,2,0,58.33
2,40,2,1,69.43
3,39,2,4,100.0
2,27,1,1,72.03
1,14,3,2,50.49
3,8,1,5,83.91
2,25,1,3,72.61
2,10,3,0,45.79
1,0,3,3,37.25
2,41,2,4,83.02
2,43,1,0,75.94
1,40,3,5,71.04
2,41,1,5,98.15
2,30,2,1,66.78
2,10,1,2,65.92
1,0,1,4,50.39
1,43,1,3,57.3
1,40,2,3,57.62
1,22,3,0,42.49
1,8,2,3,34.43
2,20,2,2,60.45
2,19,2,5,73.32
2,34,3,5,91.92
2,22,1,5,80.32
3,24,2,1,82.1
2,23,2,0,56.07
1,34,2,1,55.43
1,7,2,2,30.52
1,35,1,0,51.9
1,4,3,0,24.8
2,10,1,0,48.28
3,15,1,4,91.62
2,32,1,2,75.63
2,3,1,1,40.78
2,17,2,5,65.99
2,20,1,1,63.77
2,34,1,3,87.78
2,30,1,0,71.71
3,9,2,2,72.99
3,1,3,5,78.16
2,28,1,5,91.14
2,20,3,1,60.01
2,10,1,4,73.06
3,35,3,5,100.0
2,3,2,4,53.02
2,24,1,3,80.44
2,29,3,3,78.11
3,6,1,1,68.82
1,1,2,2,27.02
2,13,1,0,47.07
2,10,2,0,40.31
3,16,1,5,87.11
2,41,1,2,80.39
2,21,1,5,81.61
1,27,2,1,53.06
2,35,3,3,78.31
1,5,1,0,29.17
2,15,1,0,42.79
3,20,1,4,85.74
1,39,1,4,68.25
2,18,3,3,66.25
3,26,1,1,81.9
3,16,1,0,70.81
3,11,1,3,78.2
2,17,3,3,67.18
1,42,2,0,49.17
3,4,3,2,69.73
2,18,1,4,71.95
2,36,1,2,87.16
2,8,1,2,45.03
3,3,2,0,54.91
2,2,1,4,64.31
3,33,1,5,100.0
2,13,1,4,65.31
2,10,1,1,39.77
1,19,1,5,56.95
1,2,1,1,32.95
3,22,1,5,100.0
1,33,1,0,49.29
1,7,3,0,31.37
3,1,1,0,52.04
3,41,3,1,95.7
1,1,2,4,38.65
3,44,2,3,98.88
3,33,2,4,100.0
2,3,3,2,45.07
1,18,1,3,58.32
2,27,3,4,84.44
3,18,3,1,71.62
2,39,3,2,74.34
2,22,1,1,68.24
1,43,2,2,54.59
2,25,2,4,77.42
1,15,2,0,31.45
2,4,2,3,46.23
1,10,3,0,34.31
1,44,2,4,69.27
3,2,2,5,71.4
2,22,3,4,78.66
2,18,2,1,55.77
3,6,1,2,78.39
2,12,2,5,71.3
2,36,1,3,74.35
2,17,2,0,49.0
2,29,2,2,75.86
2,0,1,0,29.16
1,9,1,1,33.36
2,12,1,5,74.0
3,31,3,4,100.0
1,31,3,4,69.3
2,26,1,0,62.66
1,31,2,3,63.62
2,33,3,1,76.18
2,12,3,1,52.57
2,26,3,4,81.02
2,43,3,0,71.08
3,18,1,5,100.0
3,27,1,2,100.0
1,15,2,1,37.18
3,5,2,0,57.14
2,16,1,0,50.0
3,31,3,3,100.0
1,18,3,2,48.19
2,29,1,0,71.84
1,24,3,2,57.95
2,31,2,3,73.99
2,24,1,5,81.21
2,19,2,5,69.67
3,40,1,0,87.12
1,1,1,4,46.28
2,31,3,2,79.75
1,13,1,2,39.39
2,11,3,3,60.82
1,6,1,2,33.35
3,44,3,1,98.18
2,9,2,2,48.93
2,27,1,0,69.16
3,19,1,5,94.01
1,9,1,2,39.49
2,40,2,0,61.08
3,3,2,5,75.29
2,24,3,0,58.19
2,16,1,2,50.26
2,33,1,3,74.33
2,3,3,0,34.55
1,6,1,4,46.51
2,24,1,4,70.0
3,2,1,4,80.02
2,25,1,0,61.39
2,26,1,1,64.21
2,7,2,4,51.32
3,11,3,2,81.85
3,21,3,1,79.75
3,5,2,2,61.75
1,11,3,0,30.68
1,26,1,1,51.08
2,1,1,0,41.45
2,21,2,2,57.27
2,44,1,4,83.26
2,7,1,4,54.65
3,5,2,1,57.9
1,26,2,4,60.46
3,4,1,1,58.96
3,4,3,4,77.88
2,26,2,0,59.83
2,17,1,0,47.12
1,16,2,3,44.27
1,6,1,4,49.91
2,20,1,3,73.62
2,26,3,0,67.7
2,27,3,2,77.58
3,4,2,1,61.29
1,25,2,2,50.05
2,6,3,5,63.3
1,3,3,1,25.86
3,18,3,0,75.91
2,21,1,1,57.68
1,19,3,0,38.62
1,3,1,5,47.37
3,22,3,3,95.67
2,34,3,4,82.77
3,37,2,1,85.13
3,32,2,3,94.67
1,16,1,1,48.89
3,33,1,2,93.95
1,32,2,0,42.55
2,29,2,3,77.55
3,6,1,0,64.42
2,6,1,1,47.76
1,35,2,2,56.24
1,22,2,0,38.19
2,10,1,3,61.07
3,23,1,1,89.61
2,14,1,5,64.85
1,2,1,2,38.07
2,24,3,0,61.21
2,22,1,2,79.58
3,42,2,3,95.59
2,37,2,0,62.45
2,11,2,5,59.53
2,36,1,1,69.77
3,16,1,3,82.2
1,23,2,5,68.43
2,40,2,0,67.35
3,9,2,1,67.73
3,20,1,4,89.77
2,2,2,4,50.45
1,37,1,1,52.11
2,43,1,2,70.13
3,40,1,0,94.24
2,35,1,5,95.2
2,14,1,4,76.13
2,16,2,1,51.73
2,10,3,4,69.2
2,8,1,1,57.93
2,27,2,3,78.31
3,16,1,5,99.73
2,36,2,1,64.25
3,18,2,3,79.51
2,5,1,3,51.02
3,37,3,2,94.72
2,41,1,2,69.52
2,7,1,2,49.21
3,23,2,5,93.37
2,30,1,1,66.23
2,32,2,0,63.04
2,15,1,2,68.71
2,38,1,0,67.37
1,9,2,4,46.19
1,29,3,0,52.78
3,29,1,2,100.0
2,20,3,2,64.63
1,26,1,3,66.24
2,28,1,4,80.02
2,20,3,1,66.47
2,22,1,0,64.37
2,43,1,0,57.64
2,23,2,4,73.01
2,1,1,4,56.83
1,38,1,2,59.13
2,26,1,5,87.73
1,20,1,3,49.52
2,40,2,2,69.47
2,3,1,3,62.14
1,5,1,4,45.56
2,7,1,5,67.04
1,26,1,2,51.87
2,11,1,0,43.45
2,17,1,3,69.3
2,26,3,1,65.27
2,13,1,0,45.3
1,11,1,0,20.87
3,2,1,0,58.65
2,20,2,3,60.72
2,27,2,1,62.47
1,31,1,5,81.88
2,9,2,4,58.73
2,10,2,1,49.67
2,2,3,3,50.99
2,27,2,1,68.22
3,28,1,4,100.0
1,43,2,1,58.56
2,19,1,5,84.59
2,9,3,2,54.62
3,30,1,2,93.62
2,5,2,1,40.45
2,11,2,5,62.86
3,25,1,4,90.54
2,5,2,0,36.06
2,43,1,2,80.9
2,19,1,0,52.19
2,23,1,5,80.91
2,6,1,2,54.37
3,35,1,3,97.79
2,7,1,3,55.28
2,4,3,4,59.86
2,20,3,1,57.13
3,25,1,4,100.0
2,10,1,2,61.14
3,31,3,3,100.0
2,30,3,3,83.06
2,27,3,5,94.18
1,27,2,5,69.67
2,11,1,0,52.41
1,33,1,3,71.01
1,44,1,0,52.79
3,20,3,3,88.55
1,13,3,4,49.22
2,44,1,2,76.6
1,37,1,0,46.08
2,17,1,4,78.42
2,5,2,2,48.33
2,33,3,0,61.3
3,14,1,3,88.13
3,31,3,2,100.0
3,37,1,2,100.0
2,11,2,5,69.06
2,39,3,5,91.12
3,3,2,3,67.04
1,32,2,5,67.37
3,15,3,3,87.31
2,38,1,1,66.07
2,18,3,0,57.48
3,20,1,4,98.89
2,20,1,0,50.04
2,8,1,3,48.37
2,4,3,5,62.26
1,43,2,5,72.24
2,10,2,1,48.94
2,30,1,1,70.61
3,31,2,1,90.09
3,0,1,3,66.56
1,35,1,1,63.48
2,32,3,0,68.66
2,39,2,1,67.34
2,1,3,3,51.71
2,0,2,4,47.33
2,27,2,1,63.29
3,26,1,5,100.0
2,14,3,0,48.89
3,32,1,0,92.09
2,34,2,4,84.61
2,42,2,1,65.01
3,20,3,3,86.86
1,3,2,2,27.45
1,15,3,4,60.77
2,40,1,0,72.33
2,29,1,3,75.03
3,17,1,1,68.92
2,0,3,0,37.33
1,40,1,5,85.41
2,14,2,2,53.06
2,24,1,1,71.05
3,28,2,5,100.0
3,28,3,4,100.0
2,21,1,2,72.28
2,4,3,5,59.99
1,1,1,4,42.76
2,15,1,1,61.27
2,34,1,4,88.91
2,19,2,0,51.71
3,29,3,1,93.75
1,42,3,1,59.62
2,21,3,4,73.2
3,19,1,1,79.33
1,9,2,0,27.19
2,32,2,0,62.46
1,8,3,1,37.05
3,24,1,4,100.0
1,13,2,5,49.13
1,39,2,4,68.98
1,42,1,3,63.09
1,4,1,2,27.15
2,5,1,0,48.52
2,7,1,0,46.72
1,25,1,5,65.64
2,14,1,1,52.32
2,12,1,4,71.35
2,29,2,1,67.41
2,22,2,4,68.4
2,38,1,5,88.95
1,41,2,0,49.82
3,31,2,2,91.55
2,10,1,4,67.84
1,5,1,4,41.99
2,13,1,4,73.45
1,14,1,2,51.64
2,28,2,4,80.32
1,32,3,1,57.98
2,31,2,3,76.98
2,31,1,5,83.77
1,13,3,2,44.28
1,39,1,1,53.42
2,33,3,2,76.59
2,30,2,2,72.33
2,12,1,1,51.45
2,24,1,5,82.71
2,15,1,3,71.75
3,25,3,4,98.68
3,18,2,5,94.75
2,42,3,1,76.18
1,3,2,1,22.03
1,18,2,2,44.38
1,32,1,3,65.48
1,12,1,2,45.46
1,15,2,3,43.16
3,16,1,4,99.15
3,41,3,4,100.0
3,17,1,0,77.44
3,25,2,4,93.05
3,14,1,2,79.17
3,44,2,2,93.08
3,8,1,5,83.11
2,41,1,1,65.57
2,31,3,3,83.02
1,44,1,4,69.2
3,7,1,5,85.62
3,36,2,2,94.09
3,5,3,2,69.48
1,28,1,2,71.84
2,39,1,0,56.13
1,33,1,2,70.17
1,42,3,0,53.79
3,5,3,1,55.56
3,40,2,3,100.0
1,28,3,2,56.24
2,11,2,2,51.76
3,29,1,2,91.18
2,43,1,0,74.26
3,32,1,5,100.0
2,14,1,4,62.65
3,26,2,4,93.55
3,1,3,1,61.19
1,37,1,4,73.59
2,43,1,5,81.25
2,36,2,4,82.58
2,19,1,0,53.59
2,6,3,5,66.95
2,28,3,1,71.74
3,6,3,3,76.19
2,1,3,5,57.55
2,42,1,5,82.8
2,26,1,0,70.85
3,16,1,5,92.7
2,35,3,0,63.39
1,6,1,0,21.16
2,38,1,1,69.64
2,30,1,3,89.31
2,23,2,1,61.46
2,36,2,4,80.27
3,32,1,2,100.0
2,21,1,1,68.1
3,15,1,5,95.95
3,10,1,4,86.63
3,42,1,0,93.06
1,12,2,2,36.21
2,7,3,5,64.3
2,41,1,1,68.98
3,24,3,5,100.0
1,15,1,1,35.55
2,18,2,1,53.46
2,22,3,5,83.88
2,16,3,2,64.49
1,15,2,3,50.16
3,18,2,5,88.58
2,7,2,0,33.57
1,25,2,1,50.01
3,16,1,4,85.7
1,7,2,4,40.61
2,11,2,5,70.76
2,2,1,3,43.1
2,44,2,0,64.45
1,12,2,5,46.88
2,42,1,4,81.74
2,10,3,1,45.81
1,5,2,4,34.53
3,41,3,5,100.0
2,32,3,0,62.97
2,22,1,3,70.13
3,5,3,0,62.21
2,35,2,1,69.61
3,10,3,4,86.82
2,32,1,2,72.98
3,33,2,4,100.0
2,44,1,3,76.51
2,35,1,3,76.55
3,29,3,5,100.0
2,8,3,0,42.14
3,38,1,4,100.0
2,34,1,2,75.03
3,13,1,5,91.27
2,4,1,3,46.77
2,37,3,1,78.15
3,30,1,4,100.0
3,0,2,5,74.49
2,40,2,5,85.89
2,28,3,1,73.31
3,33,1,5,100.0
2,7,3,3,55.23
2,4,2,3,46.37
2,30,1,1,77.56
2,42,2,1,66.0
2,27,2,2,61.48
3,18,2,2,78.67
2,26,1,1,64.3
1,28,1,5,69.19
2,35,2,1,66.96
2,38,3,5,90.59
3,15,2,2,76.99
3,14,3,5,90.18
3,0,1,0,49.28
1,17,3,1,45.77
1,23,3,0,42.87
1,24,1,3,65.54
2,1,2,1,35.67
1,9,2,0,21.67
1,44,3,3,65.7
2,4,3,0,37.81
3,4,3,1,66.86
2,4,1,4,62.74
3,33,2,4,98.69
2,6,1,2,52.9
3,35,1,1,91.22
2,28,3,3,84.33
2,10,1,3,64.07
3,23,1,4,100.0
1,39,3,1,54.02
1,31,1,5,68.3
1,27,1,5,78.93
3,15,3,5,91.32
2,21,2,0,54.97
3,35,3,3,99.3
3,12,1,2,81.6
1,10,1,1,27.8
2,11,1,5,77.38
3,38,1,0,91.81
2,16,1,3,75.97
3,24,1,5,100.0
2,39,3,3,84.62
2,44,1,1,62.82
1,26,1,3,57.12
1,20,3,0,44.21
1,24,2,3,54.64
1,42,1,0,57.36
2,32,2,4,81.25
2,12,1,4,71.4
2,42,2,2,69.41
1,24,1,2,50.9
3,23,3,0,81.16
3,22,1,4,94.29
2,24,1,3,79.74
3,3,2,5,77.16
2,6,2,1,43.97
3,5,1,1,70.22
3,39,3,1,94.23
2,31,2,4,82.05
1,19,1,5,69.52
3,3,2,5,76.87
2,5,1,0,42.42
3,12,2,5,94.38
3,12,2,3,71.68
2,41,3,4,84.2
1,30,2,0,47.47
3,26,1,4,100.0
2,38,1,3,78.96
3,30,1,3,92.43
2,10,3,5,72.62
2,0,1,0,31.7
1,21,1,3,62.29
2,7,2,0,38.92
2,8,1,3,61.53
3,36,1,3,95.11
2,38,3,2,79.39
2,34,3,5,93.86
2,24,3,5,85.82
3,14,2,3,78.5
2,34,2,4,83.31
2,44,2,3,79.21
2,37,3,4,82.88
3,3,1,4,73.41
3,22,3,2,87.06
3,4,1,1,67.93
1,36,1,0,56.74
2,8,1,3,62.06
2,30,1,4,88.99
2,6,1,2,45.64
1,24,1,2,50.19
1,32,3,0,52.8
1,17,1,2,42.78
1,39,3,2,60.41
1,28,2,5,68.2
2,33,2,4,80.9
3,19,3,2,81.92
3,12,1,1,77.4
2,14,1,2,62.09
1,11,2,3,39.46
2,36,1,5,84.25
2,8,2,0,37.91
2,36,2,5,85.8
3,37,1,0,91.21
1,0,2,1,24.22
1,8,1,4,55.97
3,34,1,2,90.98
1,38,3,5,76.45
3,5,2,4,72.3
2,17,1,0,59.77
1,44,1,0,60.36
2,0,3,0,32.63
2,15,1,0,40.34
3,32,3,3,100.0
1,43,3,1,60.02
2,25,1,5,78.56
2,21,1,2,68.33
3,19,1,0,78.78
3,0,2,4,64.31
2,29,2,4,80.63
2,18,1,2,60.31
2,17,3,5,74.74
2,33,3,0,72.31
2,21,1,2,73.28
1,5,2,0,18.53
2,8,1,4,57.84
2,35,1,0,73.5
1,16,2,0,40.62
1,13,1,3,36.45
2,26,1,3,85.77
2,0,2,2,32.32
2,21,2,4,78.22
3,41,3,3,100.0
2,43,3,2,79.21
2,13,2,1,51.46
3,41,1,3,96.78
1,40,3,0,50.22
2,16,1,5,67.23
1,4,2,2,30.51
2,10,1,1,55.97
2,26,2,0,58.62
3,7,1,5,85.72
2,40,2,4,78.66
3,44,1,1,87.83
2,41,3,5,90.52
1,16,1,4,62.47
2,44,3,2,75.32
1,13,1,0,42.54
3,31,3,5,100.0
3,39,1,2,100.0
1,23,1,4,73.7
2,36,2,4,78.05
1,33,2,4,64.15
2,28,3,2,75.22
2,6,3,5,61.4
1,32,1,3,59.71
2,35,2,3,80.09
3,17,1,1,83.63
2,44,2,5,81.31
2,33,1,2,72.98
3,38,2,4,100.0
2,22,1,1,68.98
3,31,3,3,98.76
2,18,2,0,45.94
2,28,3,1,70.15
2,4,3,2,48.66
2,41,1,0,77.19
2,14,1,1,52.87
2,11,1,3,55.6
1,37,1,4,66.68
3,22,1,5,100.0
3,13,2,2,69.0
1,37,1,3,67.99
2,36,1,0,60.57
2,9,2,3,49.61
2,36,1,0,60.74
1,19,1,2,43.08
2,2,1,0,42.18
2,19,3,3,71.33
2,33,3,4,85.01
3,17,1,0,68.77
2,6,3,3,56.31
2,39,2,0,61.58
1,1,3,0,25.4
1,42,1,3,72.19
2,30,1,0,71.27
1,13,3,3,52.0
1,22,1,0,48.65
1,28,1,3,60.14
1,20,1,3,52.92
2,25,3,1,65.4
1,23,2,5,60.6
1,3,1,3,30.26
3,13,2,0,68.04
3,9,1,3,83.15
2,44,1,3,89.34
2,14,2,3,58.49
3,2,3,1,64.47
2,38,1,5,80.41
3,1,3,5,77.75
2,17,2,0,47.88
1,31,3,3,70.44
3,12,1,4,89.11
3,8,1,3,70.94
2,27,2,1,68.1
3,37,2,3,98.33
1,40,1,3,64.83
3,38,3,2,99.41
2,17,1,4,82.73
2,16,3,3,67.92
3,39,2,2,90.97
1,0,1,0,29.19
2,34,2,2,70.29
2,27,3,2,71.91
2,6,1,4,51.84
3,32,1,2,100.0
3,28,3,0,84.67
2,31,2,3,76.22
1,33,1,0,52.16
2,8,1,2,44.98
1,26,2,1,47.12
2,24,3,3,77.19
2,34,1,5,84.91
2,20,1,3,75.36
2,10,1,1,53.72
1,28,1,4,69.8
3,2,3,2,65.95
1,22,1,3,48.59
1,40,2,4,69.91
3,25,1,0,72.36
2,37,3,0,67.36
2,35,3,1,71.38
2,44,2,0,62.54
2,9,1,4,67.68
1,30,2,3,65.65
2,43,2,3,74.03
2,5,1,1,52.76
3,38,3,3,100.0
3,39,2,5,100.0
2,8,3,1,46.9
1,36,3,5,72.65
3,6,1,0,50.0
1,27,3,0,52.87
2,38,1,1,72.93
2,29,2,5,89.11
2,31,1,4,79.02
2,33,1,1,78.15
3,23,1,4,98.82
3,29,3,0,89.3
2,17,2,4,68.57
3,15,3,4,88.33
3,20,1,0,73.53
2,12,2,5,65.43
2,5,1,1,49.99
1,36,2,0,48.99
2,8,2,1,44.41
2,5,3,0,38.71
2,31,2,2,70.66
2,35,2,2,68.22
2,42,3,5,91.19
2,18,2,4,72.59
3,30,1,3,93.55
3,18,1,0,74.93
2,36,1,5,83.97
2,38,1,3,87.5
2,20,2,3,64.95
1,27,1,1,46.8
1,14,2,2,40.17
3,41,1,3,95.01
2,17,1,0,50.06
1,6,3,5,52.0
2,6,1,3,57.85
2,31,1,3,84.8
2,9,2,0,39.71
2,28,1,0,69.37
2,34,1,5,85.22
1,12,2,5,55.25
1,6,3,1,30.05
2,42,1,4,81.68
1,14,1,3,44.21
2,7,1,4,63.71
3,16,1,0,80.43
1,26,2,1,44.68
2,34,2,0,63.14
1,34,1,5,69.2
3,8,1,2,65.6
3,24,2,4,92.98
1,37,1,4,67.34
2,23,2,0,51.27
1,25,2,3,56.98
2,40,2,1,71.88
1,37,3,3,59.1
1,42,3,3,67.3
1,28,2,2,54.44
3,35,1,3,100.0
2,17,1,0,45.13
2,22,2,3,69.2
1,9,2,3,30.84
3,9,2,1,66.62
1,43,1,4,67.9
2,34,1,2,69.5
2,13,2,3,63.09
2,33,1,1,77.69
1,12,1,4,54.2
1,43,1,1,59.8
2,32,1,1,80.68
1,27,3,0,48.37
2,37,3,5,83.32
2,31,1,4,91.6
2,22,3,0,55.7
2,13,2,4,59.11
1,12,2,0,26.36
2,44,1,0,61.32
2,3,1,3,56.57
2,37,2,4,80.79
1,10,1,3,33.9
2,28,1,1,73.33
3,12,3,2,76.66
1,1,1,5,45.46
2,15,3,1,50.41
3,24,1,0,86.92
2,32,1,0,62.38
2,36,3,3,84.72
2,44,2,4,82.23
1,6,1,0,20.84
2,21,3,5,73.74
2,17,1,2,52.9
3,39,2,1,87.84
2,31,1,3,77.56
1,16,3,5,59.12
1,12,1,1,40.7
3,22,1,0,80.86
1,5,1,2,39.92
2,0,1,0,31.55
2,42,1,2,71.03
2,1,2,4,51.05
2,6,2,2,42.57
3,29,2,2,95.48
3,24,1,1,80.33
1,36,1,4,65.64
1,3,1,1,38.47
1,23,2,3,52.41
1,0,3,2,24.02
3,20,3,3,96.96
1,37,3,2,62.01
2,5,1,3,48.44
3,27,3,0,83.01
2,15,1,2,67.87
3,23,1,4,100.0
2,15,3,4,64.3
3,12,2,2,72.96
1,6,2,1,25.36
2,24,1,3,68.54
3,18,3,5,100.0
3,41,1,1,85.15
2,5,2,0,33.58
1,44,1,1,52.9
3,27,1,1,88.65
1,1,3,5,44.26
3,40,2,2,99.87
3,6,1,2,76.39
2,27,2,0,62.55
2,26,2,1,58.27
3,31,2,1,90.23
3,28,3,5,100.0
1,42,1,0,58.44
1,30,1,4,66.49
1,24,2,0,45.2
3,27,2,0,83.13
2,42,1,4,89.12
3,8,1,0,59.55
2,2,2,3,46.28
2,38,3,3,84.94
2,42,2,1,66.75
1,38,1,3,78.15
2,15,2,0,48.18
2,43,1,1,74.42
3,14,2,2,75.19
2,8,1,0,38.22
1,43,1,0,59.04
2,29,1,5,95.42
3,24,1,5,95.63
1,37,2,5,71.96
1,7,3,0,25.42
2,2,2,1,32.91
1,12,1,3,57.53
3,11,2,4,71.82
1,2,3,5,53.31
2,15,1,5,78.29
2,33,3,4,80.81
1,38,1,2,52.08
3,22,1,5,90.26
1,6,1,1,34.97
2,40,3,3,77.73
2,23,1,2,67.3
1,6,3,2,35.61
2,40,2,5,82.24
1,1,1,2,28.62
3,31,1,0,91.35
2,17,1,1,50.24
3,15,1,1,81.18
2,19,2,1,54.9
1,40,3,2,63.31
3,44,2,2,93.45
3,5,3,0,59.83
2,30,3,0,66.31
3,40,2,4,100.0
3,22,1,2,89.18
3,18,2,5,95.18
2,1,3,3,51.47
2,9,1,2,51.13
2,34,1,2,78.91
2,24,1,0,58.96
2,26,3,0,61.41
1,22,1,2,44.89
2,11,3,1,44.18
2,11,2,4,56.71
3,11,2,4,83.3
2,28,1,3,77.91
1,31,1,5,80.73
2,4,3,4,60.71
2,29,3,5,88.59
2,27,1,2,69.2
1,19,2,0,37.02
2,38,3,4,87.14
1,44,3,1,60.6
3,35,1,4,92.51
3,2,1,3,76.96
2,19,1,3,73.5
2,25,3,5,86.87
1,28,3,2,59.81
1,16,1,5,52.53
2,37,2,4,84.3
2,42,1,3,87.41
2,5,1,5,72.18
3,10,1,4,79.87
1,24,1,4,74.28
2,27,1,3,75.96
2,1,1,5,59.88
2,35,2,2,73.02
2,25,1,5,82.83
2,13,1,4,59.74
3,2,1,1,61.99
2,4,1,1,46.67
3,8,2,5,81.73
2,25,2,2,67.5
2,40,1,1,73.03
3,4,2,0,53.12
1,22,3,5,68.25
2,35,3,5,89.47
2,23,3,4,74.29
1,38,2,5,74.35
3,40,1,0,95.34
3,16,1,5,100.0
2,37,1,3,72.56
2,38,1,1,77.28
1,24,1,3,48.09
3,27,3,5,100.0
1,41,1,0,45.48
2,18,2,3,67.61
1,13,3,5,57.88
2,32,1,1,68.69
2,33,1,5,82.74
2,7,3,2,44.2
3,13,1,3,75.08
3,31,2,5,100.0
2,28,3,1,66.75
1,7,3,1,35.79
3,10,3,4,79.33
2,27,1,0,62.93
3,13,1,3,74.91
3,26,1,1,93.23
3,8,1,5,92.36
2,17,1,4,75.09
1,33,3,2,61.41
2,14,3,1,51.91
3,18,1,2,76.12
3,41,1,2,89.48
3,33,2,5,100.0
1,12,1,2,45.66
3,24,3,4,100.0
2,10,2,2,49.36
2,40,2,4,80.83
2,7,1,5,67.57
1,17,3,3,53.48
2,1,3,1,41.8
2,2,2,2,49.43
1,7,2,1,31.0
3,10,3,3,83.43
1,10,2,5,48.89
3,24,2,3,86.11
3,35,1,4,99.21
2,19,2,0,48.14
2,1,2,1,35.82
1,39,1,3,75.47
2,42,1,2,83.3
2,12,1,1,62.11
2,26,2,1,64.67
1,29,1,4,72.95
2,44,2,3,78.11
3,18,3,5,100.0
1,8,3,2,36.02
2,10,1,4,55.0
3,34,2,3,97.3
3,12,2,0,66.84
2,31,2,2,70.62
3,13,1,2,72.65
3,31,1,2,100.0
2,4,1,2,53.75
2,40,1,3,85.56
1,24,1,5,64.61
2,44,1,5,93.39
3,12,1,0,66.67
2,21,3,3,66.31
2,4,1,1,45.28
2,10,1,3,61.54
1,15,2,2,40.42
3,17,3,1,78.91
2,32,1,5,85.5
2,22,1,0,49.55
2,32,1,1,73.98
1,36,1,5,81.22
2,17,1,0,63.27
2,43,1,2,82.94
2,22,1,2,72.35
3,15,3,5,96.4
3,33,1,3,100.0
2,18,3,3,71.22
2,26,3,2,75.27
3,28,1,1,97.17
1,0,1,3,25.77
3,6,1,4,79.41
3,23,3,5,97.94
2,16,1,5,72.12
1,42,1,5,81.73
1,41,2,1,51.46
3,23,1,3,98.7
2,2,1,3,47.9
3,5,1,4,81.87
1,39,3,0,52.67
2,14,2,3,61.01
1,30,1,4,75.36
2,28,1,3,72.45
1,44,2,3,60.41
2,25,1,4,83.69
3,18,1,5,100.0
2,10,2,4,60.13
1,11,1,0,43.23
2,39,1,0,71.11
3,25,1,3,90.79
1,8,1,3,47.8
2,40,2,0,63.33
1,26,1,1,52.64
3,1,2,0,52.9
3,15,3,3,82.88
3,20,1,2,89.83
1,8,1,4,49.06
1,38,3,4,76.17
2,13,1,1,48.94
1,21,2,4,52.16
2,20,1,0,60.56
1,35,2,4,70.9
3,29,3,1,90.44
2,44,2,4,77.2
3,38,1,1,92.02
2,9,3,5,64.19
1,33,3,0,45.8
2,6,2,4,57.33
2,10,1,2,47.42
2,4,1,1,35.98
3,13,1,5,84.74
3,3,3,3,70.9
3,40,3,3,100.0
1,11,1,1,40.84
2,22,1,5,88.33
1,1,1,1,23.74
1,19,1,5,57.36
2,5,2,5,55.4
2,43,1,1,70.1
2,8,2,0,34.21
1,33,2,1,61.73
3,6,3,5,83.53
3,5,1,2,66.23
1,23,3,4,64.74
3,15,1,2,83.86
2,42,1,3,74.8
2,20,3,4,78.2
1,20,2,2,47.25
2,21,2,3,67.0
2,43,1,3,77.84
2,32,3,2,79.75
3,35,2,4,100.0
2,4,1,0,34.53
2,33,3,0,65.87
2,0,1,3,41.96
3,43,1,3,100.0
1,34,3,5,75.08
3,26,1,2,98.5
3,8,1,3,79.86
2,18,1,5,82.95
3,43,2,0,83.61
1,37,1,0,59.94
3,21,1,5,100.0
3,7,3,4,84.89
2,18,2,5,76.06
3,38,1,4,100.0
3,12,3,5,93.31
2,15,3,2,64.85
3,7,1,2,60.61
2,0,3,3,50.18
2,37,2,0,60.6
2,16,3,3,67.94
2,36,1,2,71.98
2,39,2,5,83.9
3,43,3,5,100.0
2,16,2,5,75.07
2,28,3,1,74.24
2,40,1,5,82.9
1,28,3,4,70.84
1,3,1,0,28.19
1,36,1,3,61.76
3,4,3,3,77.94
3,29,3,3,98.47
2,40,3,2,78.22
1,13,3,3,40.87
1,28,3,4,67.42
1,25,3,4,64.73
1,18,1,1,52.58
1,6,1,3,46.23
1,13,2,3,41.69
2,13,1,3,71.55
2,41,1,4,88.67
3,13,1,4,83.61
2,25,3,0,67.6
2,4,3,4,60.17
2,42,1,4,81.1
2,0,2,4,44.36
2,33,1,5,88.13
1,31,2,0,46.34
2,36,2,4,77.33
3,44,3,1,93.84
2,4,1,4,51.43
3,33,2,2,93.79
2,3,1,3,52.79
2,31,3,2,76.29
2,14,1,2,56.8
2,40,1,2,70.86
3,37,1,3,96.06
2,25,3,3,76.74
1,29,1,5,67.17
3,8,3,0,66.78
3,2,2,1,59.59
2,7,1,2,47.13
2,16,2,4,64.94
1,37,2,2,53.63
1,30,1,1,55.6
2,30,2,3,74.58
2,44,3,1,68.04
2,41,3,3,74.78
1,15,1,4,47.28
2,10,3,5,63.55
2,8,1,2,52.06
3,24,1,1,77.24
3,2,1,5,81.13
1,15,1,4,45.49
2,43,1,2,85.21
2,38,1,1,80.43
3,13,2,2,75.47
2,25,1,3,71.99
2,12,2,3,56.36
2,39,2,4,83.73
3,37,1,2,100.0
2,12,2,5,69.3
2,38,1,4,87.72
2,19,3,3,75.63
3,16,3,1,76.95
2,31,3,1,67.91
2,7,3,5,68.5
1,2,1,4,40.58
3,11,3,1,67.52
3,11,1,5,82.86
1,15,2,3,39.49
2,38,1,4,88.1
2,39,1,4,86.33
2,26,2,1,58.28
2,4,2,1,39.4
2,43,1,5,99.18
2,22,1,2,73.57
3,30,1,0,92.72
2,27,1,2,67.98
2,13,2,5,66.9
3,3,2,2,65.0
1,41,1,1,53.22
1,43,1,1,59.87
3,35,2,3,90.64
2,24,1,2,68.22
3,36,1,5,100.0
2,38,2,4,77.07
1,34,2,0,46.3
1,7,1,1,22.29
2,10,2,5,62.91
2,28,2,4,81.76
1,17,1,2,52.14
2,0,1,3,43.16
2,43,2,0,65.83
3,28,1,5,100.0
1,8,2,0,28.06
2,32,3,0,64.72
3,4,1,2,60.48
2,24,1,4,70.48
2,2,1,1,44.78
3,6,1,3,70.69
2,3,1,5,64.96
1,40,1,4,76.58
2,41,1,3,76.31
2,14,2,4,68.42
1,38,3,2,62.21
1,18,3,4,55.66
2,6,1,5,70.42
3,20,1,3,90.7
2,44,2,5,90.92
2,39,3,0,68.88
1,17,3,0,38.41
2,40,2,2,73.2
2,31,2,5,84.12
1,22,2,2,43.96
2,39,2,5,79.01
2,31,2,5,85.56
2,7,2,5,56.91
1,18,1,3,56.16
2,16,2,4,68.52
2,29,3,2,77.77
2,9,2,5,63.58
3,7,1,1,72.28
2,18,3,3,66.82
2,40,1,5,98.98
2,40,1,0,69.17
1,28,1,3,62.08
2,30,3,3,85.45
3,41,1,3,100.0
2,32,1,2,75.99
3,10,2,1,62.38
3,3,3,5,81.32
2,4,3,3,54.3
2,27,3,2,70.81
2,7,3,4,54.91
1,43,1,5,83.98
1,39,3,4,78.9
2,9,2,3,50.66
2,19,1,4,78.69
1,16,1,2,51.66
2,6,2,1,43.67
2,32,1,0,73.63
2,13,1,1,56.89
3,15,2,5,90.4
2,29,1,5,84.4
3,2,2,0,49.86
3,30,1,5,100.0
3,4,3,3,71.55
2,36,1,4,88.44
2,18,2,0,47.33
2,40,3,2,75.58
2,43,1,4,75.29
2,13,1,1,47.45
2,43,2,3,75.21
2,15,1,5,65.01
2,15,3,1,56.96
3,42,3,4,100.0
2,18,3,2,59.79
1,34,3,0,52.5
2,9,2,4,60.85
3,7,1,5,79.67
3,19,2,4,88.06
2,37,1,0,74.43
1,15,1,2,50.49
1,31,1,2,54.55
2,29,2,0,63.68
3,27,3,0,83.84
1,35,1,3,73.94
3,39,2,2,94.02
2,41,3,1,69.33
2,43,2,4,83.16
1,17,3,0,35.12
1,12,2,0,32.14
3,9,1,4,88.21
2,39,2,2,71.82
3,22,2,3,86.22
2,30,3,0,71.26
3,7,2,5,78.92
3,9,1,0,60.8
2,21,1,1,66.62
2,18,2,1,54.11
3,42,3,5,100.0
2,24,2,0,57.3
2,44,1,5,82.93
2,15,2,3,57.82
3,42,1,3,95.62
3,19,2,4,83.72
3,10,1,1,67.13
2,14,1,5,81.11
3,25,1,4,95.17
3,27,2,3,90.53
2,44,3,5,87.83
3,7,1,5,92.68
2,33,3,3,81.04
1,27,2,3,55.38
2,23,1,3,76.99
1,10,2,4,41.42
1,29,2,2,55.91
2,14,1,1,49.81
2,11,1,5,64.06
2,23,1,0,54.31
2,22,1,0,56.35
3,44,1,1,92.71
1,1,1,1,21.54
1,33,2,5,75.87
1,7,2,0,23.26
2,41,3,2,78.58
2,17,3,5,77.13
1,22,1,3,49.14
2,4,3,4,50.54
3,21,3,4,99.62
2,21,1,3,67.9
2,3,1,2,44.62
3,41,1,0,79.94
3,10,3,1,65.49
2,32,1,0,70.09
2,8,1,2,49.34
3,30,1,5,100.0
2,36,1,1,67.25
1,31,3,2,63.46
3,40,1,0,93.79
1,14,1,3,46.42
3,44,1,3,98.76
2,5,3,4,55.81
2,41,3,0,70.1
2,15,2,0,44.66
2,13,1,3,64.21
2,8,2,2,43.91
2,2,3,5,60.93
1,9,2,4,44.39
3,18,1,2,85.01
2,13,3,5,70.01
1,23,2,4,60.08
3,36,3,5,100.0
2,5,1,0,45.5
3,28,1,4,100.0
3,25,1,4,100.0
2,12,1,0,42.38
2,18,2,3,63.15
3,26,1,1,83.89
3,13,1,1,78.54
2,19,3,2,65.56
3,44,1,0,93.22
1,1,1,4,35.68
2,29,2,2,73.4
3,9,1,2,68.55
2,2,2,3,46.31
2,31,3,3,81.84
2,29,1,3,81.04
2,40,3,4,90.46
2,28,2,3,78.54
2,36,3,2,82.96
2,37,3,1,70.77
3,17,1,4,86.06
2,27,1,2,69.33
3,10,1,4,87.54
3,21,1,2,82.23
2,35,2,1,65.5
2,27,2,0,56.66
3,12,3,1,74.87
3,20,3,4,93.72
2,27,3,2,75.9
1,34,3,2,61.39
3,2,2,1,54.28
2,4,1,3,51.81
1,44,3,0,55.71
2,20,2,1,57.9
1,40,1,4,69.94
1,38,1,5,83.9
1,5,3,4,44.6
2,15,1,1,59.77
2,23,2,1,61.81
2,1,1,0,39.64
2,14,2,4,60.56
2,5,2,1,36.02
2,19,3,3,69.09
3,29,1,0,96.64
2,31,2,5,91.03
1,28,1,5,70.85
2,23,3,3,71.6
3,23,1,2,89.53
2,24,1,3,78.95
2,0,1,2,32.98
3,0,1,0,49.42
2,23,3,0,62.64
2,40,2,1,66.79
2,9,2,0,37.42
3,28,2,0,81.06
2,10,3,4,65.19
2,12,2,3,54.18
1,4,3,5,49.19
1,34,2,3,58.46
2,10,2,0,44.11
1,21,1,3,57.66
2,0,3,2,37.72
1,29,2,3,60.37
3,19,2,0,72.76
2,3,1,4,61.14
2,19,2,4,69.21
3,2,3,4,74.0
1,19,3,2,47.83
2,9,1,5,76.75
1,10,1,4,55.81
3,22,3,3,95.98
2,23,3,2,69.14
2,4,1,2,50.6
2,40,3,5,84.12
1,10,2,1,35.14
3,36,1,4,100.0
2,44,2,1,64.81
1,42,1,4,66.31
3,36,3,3,98.83
2,16,1,5,67.57
2,36,1,5,94.75
3,40,1,0,84.84
2,1,2,2,44.54
2,38,2,1,65.21
1,10,2,5,50.71
1,19,2,3,48.63
2,21,3,2,67.48
1,42,3,2,62.38
1,39,3,1,56.72
2,29,3,0,69.78
2,44,1,3,91.25
2,34,2,5,80.22
2,10,3,4,61.49
1,16,2,4,52.55
2,43,1,4,89.4
3,26,1,0,77.7
2,23,3,2,63.72
3,2,3,0,55.14
3,38,3,0,93.47
2,7,3,5,62.27
1,8,3,4,42.34
3,30,1,1,94.78
2,38,3,1,76.07
3,36,1,2,91.75
1,29,3,1,57.89
2,18,2,5,68.81
2,40,2,2,70.47
1,34,1,3,61.85
3,15,1,5,85.19
2,34,2,1,66.52
1,24,1,3,66.9
1,11,1,4,47.89
2,31,1,3,82.49
2,22,2,3,66.42
2,1,3,5,54.72
2,30,1,3,88.39
3,13,2,3,75.79
2,10,2,5,60.96
3,4,1,5,88.05
2,3,1,1,41.62
1,40,1,3,67.71
3,0,2,0,49.1
2,29,2,1,66.71
1,34,1,5,79.47
3,42,2,5,100.0
2,4,1,2,50.86
2,30,2,0,65.72
1,31,1,0,49.68
3,3,2,1,60.89
1,21,1,0,51.53
1,44,1,2,61.63
3,27,1,3,96.31
2,30,1,5,80.81
3,12,1,0,70.37
1,43,1,2,54.62
3,9,1,3,80.17
1,39,1,5,78.7
2,40,1,1,80.02
2,14,1,4,63.32
2,10,1,3,52.33
1,44,1,5,84.99
3,19,3,1,79.49
1,38,3,0,56.88
1,34,1,4,80.32
3,33,1,0,94.13
2,2,3,1,43.86
1,21,2,2,45.58
2,35,1,5,88.24
1,36,2,3,58.35
3,36,2,2,89.69
3,40,3,5,100.0
3,38,1,3,100.0
2,30,1,2,77.43
3,30,2,3,93.55
2,4,1,0,28.38
2,40,1,3,89.51
2,44,3,5,97.53
1,5,1,3,42.14
2,15,1,1,52.38
1,35,3,0,52.71
3,7,2,3,72.7
1,30,1,4,65.83
3,44,1,5,100.0
2,6,2,5,60.88
2,22,3,1,61.77
1,20,1,1,46.43
1,20,1,5,60.77
2,11,1,5,63.01
3,5,3,4,74.9
2,39,2,1,65.73
2,3,1,2,53.67
3,11,1,4,89.89
1,17,2,2,40.7
2,26,2,3,67.08
2,9,1,0,44.52
3,21,2,5,96.31
1,21,1,4,63.02
1,13,1,1,35.25
2,1,3,3,48.58
2,37,1,3,93.65
3,33,1,3,100.0
2,37,1,4,93.03
1,18,3,1,47.03
3,3,1,3,66.12
2,31,1,5,92.1
2,21,1,4,76.2
2,11,2,5,71.29
1,18,1,4,61.9
2,8,2,3,54.4
1,33,1,3,62.17
2,44,1,4,77.08
2,12,1,2,60.24
2,30,3,4,81.71
2,32,2,1,69.01
2,18,1,4,72.48
2,10,3,4,64.95
3,19,3,2,86.65
3,30,1,1,96.48
1,6,1,1,27.31
2,15,1,4,64.69
2,29,3,3,84.44
3,33,2,2,84.56
1,10,3,4,50.11
2,27,3,2,72.56
2,4,2,4,57.51
2,6,3,1,43.45
3,17,3,1,80.7
2,4,1,1,49.96
1,19,1,2,46.4
2,44,3,0,69.01
2,32,2,0,64.45
2,12,1,2,51.89
2,41,3,2,79.95
2,11,2,0,39.71
1,31,1,4,77.88
2,43,1,5,100.0
3,33,1,1,86.82
3,0,3,5,74.27
3,44,1,0,83.65
3,21,1,5,100.0
3,40,3,0,82.54
3,18,2,3,85.73
2,15,1,4,72.58
2,24,1,1,60.73
1,25,3,4,64.21
1,31,2,5,68.25
2,13,2,2,55.35
1,7,3,2,36.99
1,3,3,1,33.32
3,21,1,2,86.49
1,28,1,4,65.89
1,29,2,1,53.37
1,39,2,1,54.97
3,13,1,2,70.43
1,40,3,2,64.32
2,34,1,2,76.17
3,43,3,1,92.82
1,38,1,2,61.09
3,43,2,2,91.82
2,38,1,1,81.72
3,43,2,1,84.08
3,41,2,5,100.0
3,10,3,3,80.26
3,2,1,4,79.21
1,6,3,0,23.86
1,5,2,2,28.47
1,11,3,0,32.62
3,3,2,5,75.48
1,3,1,0,26.61
1,37,3,4,72.78
1,26,1,4,59.72
2,15,1,0,49.63
2,22,3,5,79.25
3,40,3,0,88.66
1,42,2,3,52.39
2,30,1,4,94.82
1,5,1,3,43.05
3,21,1,2,88.71
3,15,3,0,73.76
3,6,3,2,68.67
2,18,3,0,57.35
3,43,1,4,100.0
2,38,1,5,99.25
1,12,2,0,21.45
2,40,1,4,88.4
3,24,3,4,100.0
1,32,3,1,54.95
1,1,3,5,42.13
2,7,1,5,70.34
2,27,3,2,73.04
2,25,1,2,78.8
2,44,2,5,86.85
2,13,1,0,48.1
3,7,2,0,57.67
3,29,2,2,88.79
2,28,3,5,86.27
1,8,3,5,53.66
2,17,1,5,77.71
3,18,3,0,78.14
2,11,3,4,67.33
2,4,1,5,69.17
1,18,1,1,38.41
1,21,1,2,50.37
2,26,2,3,73.21
3,3,1,4,86.67
2,3,2,4,49.54
2,29,1,5,81.77
2,43,2,0,59.99
2,25,1,5,92.36
2,3,2,1,34.85
1,43,1,5,66.7
1,37,1,5,65.3
2,7,2,3,52.94
3,20,1,1,86.31
2,6,2,3,49.12
2,7,2,4,57.38
1,15,1,2,42.49
1,23,3,1,45.88
2,35,3,2,74.96
2,44,2,2,73.64
2,4,3,0,35.72
3,15,3,2,83.74
3,43,3,4,100.0
2,36,1,3,86.15
1,43,2,1,53.03
2,12,1,2,51.2
3,22,2,3,88.69
2,40,1,2,69.26
1,18,2,0,38.14
1,41,2,0,45.65
2,14,3,4,69.11
2,13,1,5,66.21
1,3,1,1,20.22
1,26,3,5,72.3
1,41,2,1,56.72
2,5,2,3,47.74
3,12,3,5,84.08
2,30,1,1,79.4
1,39,1,0,51.42
2,43,3,2,72.51
3,7,3,2,75.84
2,42,2,0,60.97
2,28,2,5,84.31
2,18,1,4,70.01
2,42,2,4,85.95
2,28,3,2,71.75
2,39,1,1,59.71
2,15,2,4,59.5
2,19,2,3,63.24
2,12,1,0,52.57
3,24,2,2,83.28
2,9,3,3,57.9
2,19,3,0,57.9
2,25,1,5,79.08
2,38,1,0,62.03
3,20,3,4,95.44
2,32,1,2,69.24
3,16,1,2,74.56
2,24,2,2,69.66
2,38,1,1,81.64
1,2,3,4,36.82
1,34,3,0,54.74
2,13,2,1,48.79
2,4,1,5,53.9
3,19,1,0,71.63
2,28,1,0,61.22
2,42,3,5,89.45
2,37,1,5,100.0
2,30,1,5,87.09
2,44,2,1,70.1
1,31,3,3,67.51
3,12,3,2,76.28
2,0,1,2,44.43
1,20,1,1,51.77
3,14,2,1,73.16
1,19,1,3,60.49
3,7,1,0,65.93
2,20,3,3,69.38
2,27,1,4,78.96
3,12,1,4,81.05
1,41,1,5,82.24
2,42,1,0,74.22
1,30,1,5,73.93
1,5,1,3,36.78
2,43,1,4,93.44
2,18,1,2,67.58
3,21,2,3,85.17
3,26,2,4,100.0
2,29,3,3,79.03
3,31,1,1,95.04
2,29,1,2,65.95
3,3,1,2,65.34
3,9,1,1,71.24
2,15,1,5,82.88
2,9,1,1,53.08
2,6,2,3,50.42
2,18,1,2,62.79
2,7,2,4,50.71
3,23,3,2,88.41
1,10,2,1,30.35
1,10,3,0,29.31
2,17,1,4,80.74
2,43,1,5,86.3
2,18,2,5,70.9
2,16,2,4,64.04
3,6,1,4,82.97
2,40,3,2,78.24
3,26,3,5,100.0
3,21,2,1,79.11
2,15,3,3,66.31
1,37,1,2,67.73
2,23,2,5,74.08
2,20,3,3,67.31
1,41,1,0,44.97
2,13,1,3,56.63
2,1,3,1,40.37
1,29,1,1,58.14
1,43,3,1,57.04
2,17,3,0,56.1
1,1,3,0,22.96
2,10,3,5,74.68
2,16,1,5,68.01
2,5,3,0,38.8
1,41,1,0,56.96
1,36,1,0,59.09
3,20,1,1,82.49
3,27,1,4,97.99
2,29,3,1,73.98
2,27,1,0,61.74
2,39,1,3,71.24
1,5,2,4,34.55
2,17,1,4,71.01
3,4,1,0,51.06
3,39,1,0,89.18
1,16,3,0,35.09
2,41,2,4,88.88
2,39,3,4,86.98
2,27,3,2,73.13
1,19,1,4,53.03
3,32,3,4,100.0
3,13,1,0,61.43
1,3,2,0,21.55
2,28,1,1,64.28
3,10,1,1,69.74
2,4,1,5,56.03
2,6,1,2,54.87
1,21,1,3,58.67
1,26,1,2,51.64
1,28,1,3,65.96
2,41,1,3,85.48
3,0,2,4,61.31
1,9,1,2,28.57
2,24,1,4,74.44
1,5,1,4,37.96
1,41,3,4,71.68
2,40,1,3,84.05
2,16,3,1,59.72
1,31,1,1,52.85
2,18,1,0,64.86
2,9,1,5,73.74
2,37,3,1,69.76
1,33,3,4,70.61
2,40,2,5,80.71
1,41,1,3,73.58
3,9,1,0,72.75
1,38,3,0,51.58
3,1,1,4,80.05
2,40,3,5,93.23
2,15,2,0,50.78
2,38,3,0,66.69
2,0,1,3,51.24
2,11,3,0,44.82
1,12,2,5,49.02
3,40,1,2,100.0
2,31,2,4,82.59
2,29,1,1,74.01
2,9,1,5,65.54
2,1,1,1,46.76
3,38,2,5,100.0
2,14,3,2,56.96
1,40,2,0,47.85
3,8,1,4,84.4
2,22,3,2,70.89
2,2,1,0,32.75
2,27,2,4,78.88
3,33,2,3,95.37
2,9,1,5,77.91
2,23,2,1,56.97
1,8,1,5,44.86
1,17,2,3,45.92
2,19,1,2,71.94
2,39,1,3,83.39
2,12,1,1,55.97
3,11,1,0,73.14
1,37,1,1,63.34
2,23,1,4,77.01
2,34,3,0,67.7
2,32,3,4,84.22
1,21,1,4,71.71
3,34,3,2,96.15
2,9,2,4,54.46
1,0,3,5,44.82
1,35,1,5,78.77
2,18,1,5,71.44
1,18,1,4,50.06
1,19,2,2,42.22
3,19,1,0,79.67
2,44,1,2,77.99
2,15,1,0,57.32
2,28,2,3,76.45
1,29,1,4,72.16
1,18,3,5,61.06
2,31,3,4,81.49
2,34,2,0,61.85
3,18,3,2,81.05
1,13,2,0,32.37
2,30,3,0,69.07
2,24,1,4,73.38
3,19,1,1,73.07
2,22,1,1,57.77
3,26,3,1,88.46
2,8,1,0,47.23
2,43,2,3,72.67
1,16,2,0,32.18
1,30,3,5,81.75
3,21,3,3,92.0
1,30,1,4,71.66
1,33,1,4,81.81
2,17,3,4,73.17
1,8,1,1,33.03
3,26,1,5,100.0
2,24,3,2,63.41
2,40,2,0,67.2
2,40,2,5,90.37
2,32,1,4,86.17
2,19,1,1,53.79
1,4,2,4,41.64
3,8,1,2,74.42
2,5,1,2,54.19
1,33,3,2,58.09
2,18,1,4,64.29
2,16,2,5,71.28
1,23,1,5,66.07
2,16,1,5,71.33
1,44,1,0,59.15
2,5,2,0,30.92
3,18,2,1,77.18
3,23,2,5,96.92
2,24,1,3,71.55
2,15,3,2,59.34
2,41,2,0,68.05
2,23,1,1,66.86
3,31,2,1,91.47
2,44,1,5,89.83
1,28,2,5,66.1
2,39,2,5,80.14
2,30,3,3,83.02
2,37,2,0,67.41
2,17,1,0,51.65
1,22,1,2,46.72
2,15,1,5,85.24
3,37,2,3,96.62
2,23,1,0,67.66
1,33,1,1,64.03
2,42,2,0,60.44
2,17,2,3,66.19
2,36,1,4,86.79
3,20,3,1,78.78
3,36,3,0,81.04
2,36,3,3,79.87
2,32,1,4,88.44
2,29,1,3,89.84
3,8,1,0,68.21
1,38,1,1,63.45
2,26,1,3,70.78
2,31,3,4,90.74
3,34,1,3,94.23
2,39,2,3,76.27
2,19,2,0,49.82
2,8,2,1,41.0
2,25,1,0,55.2
1,22,1,3,54.07
3,30,3,1,86.42
2,27,2,1,57.96
1,20,1,3,54.66
1,41,1,0,59.86
2,44,3,1,71.56
1,38,3,5,76.05
2,8,3,4,58.84
2,19,1,5,73.87
2,16,3,0,55.9
2,42,3,1,72.22
3,43,1,5,100.0
1,9,3,4,48.66
2,5,1,5,57.44
3,20,1,3,91.51
3,31,2,2,93.31
2,41,1,0,67.35
1,41,2,0,45.42
3,10,2,1,64.32
2,26,1,2,69.79
3,17,1,5,93.27
2,28,3,3,78.4
2,33,1,4,77.0
2,18,1,0,57.57
2,32,1,4,82.92
1,2,1,2,22.29
2,6,1,5,68.59
1,44,2,3,62.43
2,28,1,4,78.79
3,29,1,3,100.0
3,13,1,0,71.7
1,32,1,2,50.82
2,15,1,1,52.76
3,36,1,2,100.0
3,33,2,1,89.43
3,20,1,1,88.97
3,3,3,4,80.42
2,41,1,2,72.18
1,1,2,3,28.82
1,42,2,4,61.9
3,19,3,2,85.41
1,4,1,4,47.93
2,24,1,1,59.85
1,24,3,0,47.62
1,5,2,1,25.6
3,12,2,0,53.12
2,43,3,1,70.7
1,26,3,4,69.3
2,25,1,4,67.9
2,1,1,0,45.52
1,30,3,1,57.43
3,16,2,3,77.15
1,30,1,1,53.14
2,39,1,3,87.83
3,22,2,1,71.18
1,30,3,2,59.86
3,38,1,0,95.35
2,12,3,0,45.97
2,37,1,4,90.25
2,5,1,4,67.99
2,41,1,2,74.94
2,14,3,4,61.82
1,13,1,2,46.06
3,13,3,1,74.03
3,6,1,5,91.38
2,25,3,0,62.57
2,30,1,2,72.48
2,35,1,3,72.71
2,26,2,5,77.96
2,5,1,4,59.84
1,24,2,0,40.64
2,37,3,1,70.14
1,4,3,1,26.46
1,44,3,4,72.1
3,8,1,1,66.24
2,28,1,3,71.84
1,19,3,1,44.5
1,39,2,2,58.13
3,2,2,1,50.52
3,28,2,1,85.66
2,9,1,1,51.27
3,40,2,5,100.0
3,28,1,2,100.0
2,9,1,1,39.1
1,15,1,1,46.41
3,3,2,1,60.22
1,24,1,3,58.53
2,29,1,4,88.08
3,33,1,3,90.9
2,27,2,3,71.0
3,30,1,0,76.62
3,14,2,2,73.71
3,10,3,1,68.29
2,33,3,5,93.93
2,44,3,2,75.1
1,39,1,0,50.41
3,42,1,3,100.0
3,11,1,5,87.39
2,29,1,1,81.6
2,11,1,3,68.33
2,0,1,3,44.89
1,12,3,1,36.78
3,25,1,1,83.86
2,33,1,2,70.69
2,21,1,5,74.8
2,38,1,3,85.18
3,14,3,3,80.34
1,26,1,0,58.2
2,14,2,2,55.96
2,43,1,0,79.89
2,14,1,5,72.8
2,39,1,3,80.48
2,26,1,4,77.06
3,17,3,2,84.35
3,44,1,5,100.0
2,21,1,4,77.44
1,35,1,0,52.56
2,10,1,5,61.63
2,16,1,3,66.07
2,26,2,1,61.15
1,29,1,2,55.9
1,25,1,2,50.2
2,10,3,2,59.92
2,12,3,4,66.85
2,39,1,1,71.72
1,41,1,5,73.62
1,24,2,2,46.89
2,15,2,0,44.81
3,1,3,1,63.92
2,6,3,2,54.49
2,32,1,2,86.12
2,34,1,1,68.44
1,0,3,2,29.38
2,4,1,2,51.88
3,37,2,1,86.27
1,0,3,3,31.86
2,27,1,1,65.53
3,7,1,1,59.27
3,1,1,2,60.98
2,28,1,4,77.99
2,2,1,2,37.79
1,13,1,4,57.38
2,37,1,5,97.46
2,14,1,1,53.64
2,16,3,4,65.06
1,28,3,4,67.61
1,9,3,2,37.67
3,43,1,2,100.0
2,8,2,1,44.51
2,35,1,5,85.75
3,31,3,5,100.0
3,24,1,4,100.0
3,33,1,1,98.76
1,8,3,3,49.33
3,28,1,3,92.5
3,7,2,3,72.37
2,11,1,2,45.93
2,16,1,2,68.37
1,38,3,0,50.2
2,42,3,3,84.35
2,33,1,5,92.83
1,34,1,0,56.23
2,23,3,3,77.56
3,36,2,0,84.36
1,21,1,3,47.23
2,38,1,2,77.66
3,31,1,1,87.24
1,13,3,0,34.4
1,41,3,1,52.66
3,24,1,0,88.58
2,33,2,3,79.71
2,2,1,2,37.32
2,40,1,4,77.35
3,7,3,5,86.42
1,24,2,0,45.09
2,43,1,3,86.64
3,2,1,3,67.86
3,34,1,4,98.54
2,4,1,3,48.73
1,26,1,2,61.95
1,40,1,5,68.87
1,43,3,3,65.36
1,24,1,2,50.6
2,16,3,2,60.91
2,0,2,0,31.72
3,28,3,5,100.0
3,13,1,2,83.79
2,37,3,1,73.22
2,23,2,3,67.49
3,40,1,1,96.64
3,15,2,5,89.97
3,10,1,1,77.04
2,16,1,4,60.3
3,1,1,4,67.71
2,11,1,0,39.27
3,43,3,0,85.23
2,9,3,2,55.45
2,12,1,2,60.12
2,42,3,1,73.68
3,7,3,3,79.27
1,37,2,4,62.9
2,14,1,0,50.42
1,35,1,3,68.99
2,17,3,3,68.45
2,14,1,5,80.46
3,23,1,1,78.24
2,10,1,4,59.69
2,38,1,1,66.9
3,22,3,3,96.08
2,0,1,5,55.67
2,40,1,5,96.46
2,26,1,3,73.72
1,11,2,0,30.97
3,41,3,0,88.45
3,13,1,4,79.71
3,16,2,5,89.64
1,1,3,1,26.45
2,26,1,0,66.14
3,9,2,5,83.11
1,41,1,0,60.27
1,33,1,2,58.43
3,1,1,3,72.49
3,30,1,2,91.38
2,10,1,3,62.96
2,24,1,4,69.8
1,42,1,3,67.64
2,23,3,3,74.18
1,43,1,5,76.3
2,12,1,1,63.07
1,9,1,2,33.27
3,2,1,0,51.43
2,27,3,3,80.61
2,28,1,1,59.93
1,40,1,2,57.34
3,33,1,3,97.98
2,4,3,1,40.6
1,35,2,3,64.09
1,28,3,2,55.06
2,20,1,4,77.71
2,13,1,2,64.98
2,8,2,5,66.09
2,38,2,3,77.8
2,11,3,1,49.17
1,41,2,3,62.35
3,8,3,1,68.47
2,34,1,0,62.21
2,8,1,1,49.24
2,8,3,5,65.03
2,11,1,0,52.31
1,33,3,1,56.06
1,33,3,2,63.09
2,6,2,1,46.29
1,17,2,2,43.72
1,3,1,4,41.25
1,15,1,3,46.21
2,16,2,1,50.04
2,32,1,3,79.91
2,17,2,1,52.87
2,18,2,4,61.6
1,31,1,5,77.52
1,39,1,0,59.36
2,43,1,5,81.75
3,44,2,3,93.51
3,42,1,0,79.02
1,21,1,2,50.03
2,11,2,0,36.91
3,20,1,5,93.42
3,39,2,3,93.79
1,23,1,3,61.9
1,14,2,1,32.67
2,8,1,2,53.04
2,41,3,5,90.61
2,19,1,4,81.92
3,23,1,1,90.77
3,11,1,3,85.65
2,39,3,1,70.38
1,39,2,3,54.86
1,34,2,0,52.11
2,43,2,3,78.72
3,44,1,3,100.0
2,15,1,4,64.91
1,12,3,4,48.47
2,33,1,4,80.18
3,22,3,4,96.18
2,20,2,2,59.72
2,13,3,1,55.03
2,13,1,4,67.2
1,21,2,3,45.47
2,42,1,3,84.52
2,15,1,0,57.76
2,42,1,4,78.88
2,44,1,0,71.96
2,14,2,4,67.28
1,33,2,5,72.26
2,21,2,3,66.84
2,17,3,1,52.69
3,24,1,3,92.96
2,17,2,3,68.06
2,6,3,3,50.56
3,23,1,1,75.34
2,36,1,5,97.84
2,11,2,2,46.34
2,34,3,0,71.34
2,25,3,0,64.31
2,24,1,0,57.4
3,39,1,5,100.0
2,20,3,0,58.34
1,7,3,0,29.92
1,3,3,1,30.34
2,14,3,4,65.64
3,1,1,1,61.7
3,10,1,3,83.41
2,22,1,3,77.33
2,25,3,2,70.99
2,11,3,0,49.47
2,36,2,4,81.93
2,30,3,3,85.23
1,19,2,2,43.97
1,40,1,1,53.04
1,13,2,4,44.17
2,15,2,5,72.11
3,8,3,3,78.69
3,5,1,1,74.93
2,27,1,2,69.13
1,13,2,3,41.23
2,18,3,3,66.65
2,23,1,1,53.67
1,33,1,3,70.12
3,25,2,0,76.26
2,18,1,2,60.36
1,35,2,1,52.8
2,2,1,5,63.89
2,11,3,3,62.65
2,27,3,2,77.18
3,12,3,0,71.29
2,22,2,0,53.36
2,38,2,4,80.35
2,40,1,0,71.14
2,4,3,3,56.68
2,14,1,3,71.3
2,42,1,0,58.24
2,12,1,1,54.96
3,41,3,5,100.0
3,30,2,3,95.59
1,17,3,3,53.39
2,21,3,5,83.82
3,26,1,2,86.61
3,17,2,2,79.65
2,20,2,2,58.09
3,26,2,5,100.0
2,8,1,5,57.61
2,41,1,0,77.84
2,26,1,3,81.9
3,26,1,4,93.64
2,39,1,4,78.27
1,43,2,1,49.27
3,20,1,3,81.89
2,22,2,5,73.07
1,3,2,4,34.32
2,8,2,2,42.21
3,21,1,4,97.9
2,40,1,1,81.59
1,16,1,2,41.58
2,11,3,2,55.83
2,7,1,0,36.7
3,15,2,5,83.31
2,42,3,0,68.85
3,18,1,1,74.81
2,23,1,0,72.66
3,14,2,1,68.39
2,36,3,2,76.19
2,28,1,1,75.71
2,44,2,3,81.14
2,14,2,5,63.93
2,40,1,5,92.74
1,5,3,0,29.76
2,3,2,1,41.9
2,21,3,1,60.76
3,30,1,1,100.0
3,38,2,2,93.93
2,19,2,4,69.87
2,0,2,5,55.19
2,3,3,4,53.69
2,32,3,2,75.44
2,34,2,4,83.41
1,10,2,4,43.8
1,3,1,1,31.51
3,26,1,4,97.83
3,2,3,5,78.42
2,6,1,3,61.55
2,31,1,2,71.05
1,41,3,1,55.93
1,17,1,4,51.0
3,40,1,4,100.0
1,21,1,3,61.7
2,28,2,4,77.41
1,6,1,2,32.71
1,7,3,0,24.56
3,8,1,0,69.55
2,4,2,0,30.8
2,6,1,5,60.99
2,10,1,4,57.13
1,11,2,4,45.85
1,24,1,0,43.66
2,23,2,0,56.98
3,40,2,3,95.22
2,24,2,0,61.28
1,28,3,4,69.38
2,26,1,5,93.14
1,13,1,5,63.76
3,34,1,0,95.15
2,26,2,2,67.25
2,13,3,1,55.1
2,38,3,4,83.06
3,40,3,3,100.0
2,34,3,0,73.51
1,18,1,0,45.61
1,18,2,0,31.12
2,35,3,0,70.6
3,0,1,1,59.21
2,41,3,1,76.78
3,3,1,5,88.66
1,1,2,4,33.62
2,40,1,2,76.19
2,31,1,3,77.95
3,6,2,2,66.86
2,17,2,2,57.6
2,43,1,2,73.41
2,4,2,4,56.77
2,11,1,0,46.9
2,10,1,5,74.25
1,12,1,3,53.38
1,8,1,4,51.78
3,21,1,4,100.0
1,39,1,4,61.14
2,16,2,3,57.94
1,12,1,3,38.32
1,43,2,1,50.16
2,36,1,3,77.5
2,35,3,1,66.68
1,17,3,5,58.95
2,28,2,5,84.4
2,34,1,1,77.79
3,5,3,5,83.44
1,2,2,2,30.31
2,37,1,2,72.84
2,16,1,5,80.52
3,23,2,3,91.04
3,15,1,5,98.01
3,33,1,0,86.61
3,35,2,5,100.0
2,43,1,1,59.01
2,39,1,5,93.35
2,17,3,3,69.41
2,16,3,2,55.28
2,28,1,4,74.2
3,22,1,3,86.94
2,43,1,1,66.64
2,28,3,0,68.45
2,27,1,0,62.99
3,32,3,4,100.0
2,0,1,2,38.69
3,38,1,3,92.99
2,26,2,0,61.19
2,29,2,2,70.24
2,17,1,1,61.61
3,26,1,3,100.0
2,4,3,0,41.56
2,24,1,1,61.49
2,42,2,2,67.89
1,5,2,5,40.59
3,9,3,1,69.97
3,14,3,1,77.0
1,33,1,2,59.03
3,18,2,2,81.56
2,42,3,3,87.21
2,23,1,1,75.54
2,22,1,2,64.99
1,14,2,4,45.67
2,5,1,5,67.76
3,39,1,5,100.0
2,28,3,3,77.08
2,7,1,0,40.22
2,39,1,1,74.61
2,12,2,5,68.88
1,39,2,1,53.96
2,5,2,2,48.71
3,25,2,5,97.76
1,0,1,1,31.08
2,2,1,1,37.56
2,38,1,1,64.64
2,39,2,1,66.25
2,30,3,0,71.4
1,40,3,4,70.75
3,1,1,5,83.52
1,8,1,1,28.14
2,44,1,3,74.15
1,13,2,3,37.76
2,21,1,2,72.47
2,38,2,0,61.79
2,8,1,2,43.65
2,14,1,5,69.55
2,0,1,4,52.68
2,43,3,0,64.12
3,23,1,2,86.09
3,27,1,0,96.58
2,26,2,5,79.67
2,1,1,5,52.21
2,34,3,5,83.61
1,0,2,3,32.78
2,41,3,2,79.86
3,43,2,4,100.0
1,32,2,0,49.91
3,27,1,5,100.0
2,22,1,3,71.09
2,40,2,1,70.65
2,35,3,2,80.97
2,7,3,0,46.48
3,2,1,3,67.67
2,26,2,2,64.79
2,4,1,1,47.11
2,10,1,3,52.8
2,4,2,2,41.92
2,36,1,0,59.8
2,6,2,4,54.81
1,6,1,4,44.53
2,22,3,0,59.42
2,4,1,0,45.73
3,9,1,3,88.12
3,37,3,5,100.0
2,25,1,3,82.32
2,1,2,0,32.26
3,41,3,3,95.07
2,14,3,2,62.02
2,10,1,3,66.61
1,43,2,3,59.15
2,1,2,0,38.96
2,1,2,5,58.49
2,43,2,5,79.71
2,13,2,1,46.83
3,12,1,0,76.08
1,14,1,3,53.39
2,18,2,0,52.18
2,23,1,5,90.59
2,17,1,5,75.98
2,26,1,5,85.16
2,43,2,5,81.26
1,31,2,2,55.22
1,0,1,4,30.32
3,26,1,0,91.06
3,7,1,3,76.33
1,19,2,5,63.76
2,5,2,4,50.44
2,0,1,2,48.14
3,14,1,5,88.56
1,11,3,3,33.97
2,13,2,5,63.84
2,2,3,5,61.52
2,9,1,3,55.05
1,41,1,0,53.5
2,30,1,4,89.16
1,3,1,4,32.76
3,19,1,4,90.78
1,28,2,1,53.33
3,23,1,4,100.0
1,31,2,3,61.58
1,28,2,0,43.26
1,21,3,3,60.54
1,24,3,4,67.91
2,9,1,1,42.19
2,16,1,4,63.41
2,0,2,4,46.13
3,3,1,3,76.93
3,25,2,1,80.77
1,18,1,5,66.91
2,32,2,1,65.81
1,44,2,2,57.91
1,9,1,1,38.47
2,1,2,1,34.74
2,12,1,2,52.76
2,9,1,3,53.77
3,0,1,5,83.64
1,25,2,3,55.82
3,43,1,1,84.76
3,13,1,2,72.42
3,30,3,2,100.0
3,16,1,4,91.46
3,18,3,5,93.1
1,39,1,2,62.09
3,22,1,5,100.0
2,17,1,5,78.3
2,18,3,0,56.31
2,42,1,3,78.68
1,1,2,1,25.4
1,43,1,1,53.76
2,31,3,1,70.54
2,44,2,3,73.45
3,44,1,2,100.0
2,12,1,4,60.44
2,44,1,3,83.41
3,29,1,4,100.0
2,2,3,5,60.69
2,5,3,1,46.46
3,24,1,1,88.15
2,30,2,5,86.77
3,10,3,5,87.12
2,34,3,5,95.58
2,10,1,2,58.34
2,11,1,2,56.45
2,33,1,2,71.96
1,31,1,5,79.12
1,37,1,3,74.06
3,34,3,1,96.34
2,15,1,2,68.54
2,24,3,5,85.88
2,43,3,1,76.41
2,4,3,0,41.05
2,36,1,2,83.48
1,34,1,5,77.87
3,18,2,4,87.65
2,26,1,5,94.25
3,4,1,4,65.84
1,36,2,4,69.93
2,6,1,4,66.94
2,31,2,3,76.96
1,15,2,1,38.66
2,23,1,4,71.04
3,20,1,0,69.32
1,7,3,3,40.56
3,32,1,5,100.0
2,41,1,2,75.38
3,8,1,5,73.63
1,5,1,1,34.03
1,29,2,3,59.91
1,7,3,2,38.76
2,31,2,4,81.8
3,43,1,3,99.53
1,28,2,2,52.15
1,8,3,2,35.09
1,13,3,1,41.5
1,19,1,5,65.91
2,3,3,1,44.69
2,24,2,5,74.19
2,5,2,4,55.9
1,36,2,5,68.67
1,31,2,4,67.67
3,42,2,4,100.0
1,13,2,3,38.62
1,13,3,3,49.36
1,24,3,5,70.99
2,39,2,3,73.83
1,36,1,0,57.78
3,20,2,1,76.63
2,15,1,2,65.63
3,3,3,4,80.01
2,30,1,3,80.27
1,28,1,1,63.53
3,44,1,0,79.51
2,19,1,0,53.16
3,5,2,5,72.68
2,44,1,2,72.03
3,42,3,5,100.0
1,34,1,0,49.12
3,16,2,0,65.82
2,20,1,1,58.63
2,39,2,3,76.2
3,22,2,4,91.29
2,42,3,3,83.18
3,19,1,0,80.17
2,4,1,3,45.12
2,32,2,0,59.52
2,34,1,2,67.19
2,9,1,2,51.16
2,20,2,0,54.75
1,24,2,3,58.41
2,24,1,1,71.75
2,40,2,4,79.65
2,0,1,3,43.94
2,0,1,0,42.1
2,14,2,0,41.83
2,14,1,5,77.96
1,6,1,1,39.24
3,20,3,3,92.0
1,43,1,2,54.63
3,6,1,4,80.07
2,38,1,2,78.09
1,41,1,5,70.3
2,4,3,1,45.67
2,14,1,0,46.58
2,9,2,0,37.02
3,6,3,1,62.68
1,4,1,0,19.06
1,12,1,5,61.61
2,8,1,5,62.39
3,33,3,5,100.0
2,21,3,4,75.66
3,27,1,3,100.0
2,19,1,2,55.31
2,31,1,4,95.5
2,41,1,1,67.98
1,29,1,5,85.43
3,31,1,2,100.0
1,22,1,5,60.31
3,3,1,4,76.05
2,20,1,2,58.18
2,39,3,5,88.9
3,39,1,3,100.0
2,13,1,5,73.0
2,17,1,5,70.02
3,24,2,0,74.84
2,40,1,1,80.1
2,0,1,5,52.52
3,35,2,3,93.81
1,22,2,3,50.82
3,29,1,5,100.0
2,13,1,2,53.3
2,21,3,2,64.71
3,37,1,4,100.0
1,5,1,3,40.07
2,15,3,3,61.04
2,4,1,2,54.76
2,34,1,3,88.38
2,6,2,5,59.72
1,40,1,1,48.06
3,27,1,0,81.65
2,1,1,4,52.54
1,6,1,4,48.7
2,41,3,0,63.5
3,3,1,4,71.12
1,18,2,3,45.53
2,24,1,0,58.98
2,17,2,5,66.5
1,15,3,1,43.12
1,11,1,4,42.5
3,33,1,5,100.0
1,13,2,4,48.48
3,35,1,3,91.37
1,34,1,3,65.88
3,8,2,4,76.7
2,2,2,3,45.79
2,32,3,0,66.4
2,41,1,2,85.13
3,35,1,5,100.0
2,32,1,2,78.05
2,25,3,0,63.61
1,35,2,1,52.13
2,16,1,5,71.64
3,37,2,5,100.0
1,30,1,2,67.6
1,12,2,2,33.56
1,21,2,3,49.15
2,28,1,3,70.88
1,22,1,0,41.18
1,39,2,3,56.09
2,43,1,5,98.63
2,19,3,0,61.9
2,30,3,3,83.45
3,38,3,4,100.0
3,17,1,3,96.67
1,37,3,2,60.05
1,29,2,3,60.99
3,13,2,2,71.99
2,8,1,3,55.54
2,3,1,5,53.66
2,40,2,0,62.22
1,33,1,3,72.08
2,25,3,1,71.71
2,24,3,4,80.91
2,15,1,0,60.6
3,34,1,3,98.35
1,6,1,0,19.11
2,9,3,4,59.13
2,31,1,0,69.32
1,15,2,5,57.82
1,7,2,5,40.29
1,6,2,2,32.21
2,18,3,2,63.05
3,36,1,4,100.0
1,11,3,3,46.46
2,40,3,2,75.07
2,5,1,1,41.97
2,13,1,2,61.39
2,40,1,2,72.75
1,42,1,0,57.88
3,38,2,5,100.0
2,28,3,2,74.32
2,40,2,0,65.06
3,23,1,1,74.66
1,37,3,0,52.31
2,42,1,1,67.32
2,8,2,1,42.96
2,37,1,1,74.35
2,13,2,5,60.73
3,40,1,2,91.27
2,35,2,4,79.9
3,33,2,4,100.0
2,14,2,3,63.12
1,8,1,1,25.91
3,43,1,3,98.46
2,33,1,3,78.76
3,42,1,1,90.87
3,3,1,1,66.58
3,33,1,4,100.0
3,44,1,0,93.55
1,24,3,1,55.5
2,1,2,1,37.9
3,23,1,5,100.0
3,29,3,1,88.68
3,24,3,4,100.0
3,29,1,4,99.51
2,8,1,4,53.41
3,10,1,0,72.94
1,21,2,3,54.95
2,31,1,0,74.65
1,37,2,5,66.75
2,13,1,2,53.0
2,17,2,4,72.27
2,21,2,2,64.83
1,41,1,4,63.31
1,40,3,5,72.08
3,16,3,4,89.97
3,42,1,0,92.32
2,8,3,1,45.63
1,32,1,5,72.29
2,4,1,4,55.83
1,31,1,5,68.04
1,29,3,1,57.32
3,9,1,1,70.34
3,19,3,4,91.54
2,39,2,4,86.54
2,22,1,3,79.1
1,10,3,5,57.13
1,42,2,2,56.61
2,41,2,2,69.82
1,7,1,4,39.05
1,11,1,0,28.35
2,10,1,4,54.45
3,2,1,5,85.74
3,12,2,1,71.34
2,7,3,1,45.49
2,41,1,2,71.01
3,17,1,5,91.25
1,26,1,3,67.94
2,10,1,3,65.9
1,35,1,1,60.8
3,36,1,2,92.07
3,41,1,0,82.19
3,31,3,2,91.38
1,34,1,4,79.18
2,36,2,0,60.12
1,16,1,1,44.88
2,39,3,2,72.91
3,34,2,0,80.76
2,12,3,1,48.03
1,26,2,1,50.05
2,26,1,2,68.81
1,15,1,4,56.66
2,30,2,3,75.41
1,2,3,5,46.22
3,28,3,4,99.62
2,15,2,3,57.61
1,13,1,0,32.43
2,44,3,0,62.47
1,22,2,3,52.82
2,26,1,1,61.75
2,1,2,2,35.94
2,39,1,3,85.7
3,21,3,5,99.12
3,36,1,3,100.0
2,5,3,4,58.94
2,17,1,5,79.2
1,15,1,1,46.16
3,34,3,1,89.57
3,11,1,3,73.62
2,31,1,2,79.86
1,39,2,1,53.2
3,29,1,2,99.39
2,9,1,0,45.42
2,34,3,4,84.89
2,37,1,4,98.08
3,42,2,3,99.07
1,21,1,3,47.6
2,7,1,4,63.82
3,29,1,3,92.08
3,29,3,1,92.88
2,33,1,4,75.98
1,5,3,4,44.74
1,4,1,0,25.32
2,29,2,1,68.99
2,32,2,3,79.55
2,6,3,5,64.43
2,8,2,5,60.99
1,37,1,0,49.42
3,18,3,1,80.27
2,9,1,5,69.7
1,42,3,3,67.08
2,41,1,1,78.15
3,20,1,4,92.13
3,24,3,3,91.33
1,0,3,4,33.68
2,11,1,4,67.88
3,23,1,2,88.06
3,34,1,1,83.13
1,19,3,2,52.13
1,30,2,3,64.29
2,10,3,4,61.46
2,18,2,0,51.9
2,38,3,2,79.06
1,11,2,4,43.07
2,21,1,2,59.58
2,32,1,1,69.21
3,30,1,5,100.0
2,21,1,3,62.14
2,10,1,2,59.55
2,42,1,1,80.27
2,34,1,2,73.83
2,12,3,4,73.22
2,24,1,2,74.05
2,39,3,0,67.62
2,43,2,2,73.85
1,18,1,2,51.85
1,39,1,3,62.94
3,41,2,5,100.0
2,7,1,0,37.15
3,3,1,4,73.68
2,3,1,5,57.31
3,0,2,0,52.99
2,10,1,3,61.89
2,29,1,3,91.48
2,26,1,3,73.34
3,14,3,3,80.86
1,5,1,2,34.82
1,43,2,4,67.56
3,43,1,1,87.53
2,18,1,3,75.07
2,43,1,5,90.24
2,9,1,1,42.58
3,39,2,0,85.84
1,40,1,5,73.62
3,29,3,1,91.7
1,6,3,2,36.39
2,35,3,0,66.02
1,1,2,3,34.73
3,34,1,1,89.27
2,40,3,3,76.98
2,36,1,0,73.07
1,17,3,1,48.1
2,40,1,1,69.04
2,12,2,4,60.83
3,36,3,0,87.76
2,16,1,3,72.8
2,14,1,1,60.89
2,4,2,4,59.48
2,29,1,1,67.22
2,11,2,0,43.73
1,26,2,2,45.39
2,40,2,1,64.13
1,21,1,2,47.57
3,19,3,0,74.17
2,17,2,2,58.22
3,23,1,2,84.54
2,30,1,0,74.24
3,8,2,5,82.45
3,21,3,4,95.16
1,4,1,0,31.16
2,29,3,1,69.53
3,8,1,3,76.96
1,40,2,2,53.38
2,4,1,1,43.65
2,32,1,0,61.41
1,30,3,0,50.77
2,29,2,2,69.21
1,12,1,1,44.32
2,30,2,3,75.11
2,24,1,0,63.78
1,2,2,5,39.88
3,31,2,1,92.2
3,2,1,0,63.53
3,42,1,5,100.0
2,36,3,2,74.46
3,18,1,1,83.75
3,23,2,2,86.63
3,3,3,4,75.86
2,14,1,4,63.98
1,33,1,1,53.12
2,31,2,5,86.36
1,20,3,1,43.94
2,22,1,3,68.84
1,40,2,2,54.8
3,0,1,0,42.61
3,44,2,4,95.37
3,22,1,4,91.89
2,29,2,1,63.68
3,43,3,3,97.19
1,38,3,5,73.83
3,37,1,1,81.93
2,6,2,0,34.69
1,22,1,5,71.8
3,26,3,3,93.76
2,18,1,5,83.36
2,20,1,3,77.4
2,23,2,5,82.79
2,21,2,2,61.93
2,22,1,0,52.95
2,1,1,1,43.49
2,29,2,2,69.38
2,44,1,4,90.51
2,18,1,3,71.44
3,16,2,0,67.04
3,23,1,2,83.76
3,1,2,4,68.22
3,28,1,3,93.44
2,10,3,0,41.74
2,5,3,5,67.4
1,28,3,3,64.66
1,33,2,0,50.73
2,2,3,4,58.74
2,36,2,0,56.82
2,35,1,1,74.22
2,2,1,2,49.15
2,16,3,0,54.58
2,40,1,4,91.88
2,32,1,0,61.71
1,33,2,3,66.14
3,31,2,5,100.0
1,20,1,2,54.05
1,33,3,0,56.73
3,18,3,0,78.37
2,37,1,4,89.87
2,33,1,0,61.24
1,33,3,2,61.71
1,28,2,4,61.45
2,12,2,4,63.22
1,7,2,3,39.0
3,12,2,3,79.8
1,26,2,4,58.39
1,27,3,4,70.8
2,15,3,4,71.03
3,22,2,5,98.35
1,13,1,3,42.1
3,7,3,1,61.09
2,21,1,4,80.84
2,24,3,5,82.06
2,29,2,2,74.91
2,22,1,3,72.14
2,26,2,5,81.23
2,5,3,1,42.77
2,37,1,2,74.2
2,31,3,2,74.91
3,35,1,1,100.0
1,18,1,3,44.89
2,30,3,2,73.18
3,30,1,1,86.07
2,36,3,2,78.08
3,1,1,4,70.27
2,1,1,4,57.5
2,28,1,3,79.87
2,14,1,5,72.61
2,20,3,0,61.68
2,16,1,5,71.98
3,35,1,2,100.0
2,41,1,2,79.08
1,39,1,2,54.64
3,41,1,4,100.0
3,17,3,1,79.37
2,34,3,0,64.16
2,18,2,2,57.94
2,15,3,0,54.66
3,5,2,3,66.98
2,38,1,5,83.83
3,41,2,0,82.73
1,43,3,3,68.39
2,0,2,3,43.22
2,0,1,4,47.73
2,27,3,4,80.88
2,7,1,5,59.35
2,18,2,1,48.9
2,27,1,5,80.84
1,3,2,3,27.89
2,13,2,2,56.0
2,28,3,1,68.5
2,38,1,4,85.51
1,2,3,1,29.54
2,15,3,2,58.73
2,39,1,4,93.35
2,14,2,5,72.73
1,33,3,4,67.73
2,38,2,1,68.25
3,19,3,0,78.14
3,4,1,1,65.44
2,0,3,4,47.87
1,17,3,1,40.7
2,13,1,4,56.88
1,37,1,1,64.56
1,12,1,1,32.6
2,28,1,2,68.37
2,42,2,4,81.52
2,29,1,1,78.42
3,31,2,4,99.71
2,33,1,2,76.9
2,19,2,5,75.7
3,42,2,0,86.25
2,0,3,1,37.16
1,23,1,5,70.88
2,40,2,3,78.93
1,17,1,2,47.2
2,39,1,4,88.69
2,8,2,2,48.34
1,18,3,3,52.79
2,1,1,2,37.83
3,27,1,4,94.51
2,4,3,1,44.46
2,27,1,5,90.22
2,33,3,0,68.35
3,5,2,2,58.97
2,9,1,2,46.71
1,2,3,1,24.04
3,12,1,4,89.93
1,16,2,0,32.27
2,40,2,5,82.43
2,25,2,4,74.11
1,22,3,5,64.96
3,7,1,2,71.85
2,41,1,4,82.61
1,22,1,2,56.3
1,40,1,1,59.51
1,4,2,2,31.48
3,32,2,2,95.42
3,32,1,5,100.0
2,15,2,1,53.51
2,17,3,3,62.58
2,6,1,2,46.76
2,32,2,5,82.97
2,18,3,4,78.56
2,22,1,4,73.43
3,28,2,5,100.0
3,3,1,5,72.46
1,20,2,0,33.75
1,8,3,1,42.22
2,37,1,5,96.57
2,44,1,1,57.44
3,3,2,0,52.27
3,42,2,4,100.0
2,8,1,0,46.32
3,22,1,3,85.92
2,38,1,0,68.46
2,10,2,3,54.07
3,24,3,1,84.91
2,27,2,1,64.56
3,39,2,0,83.15
3,41,3,4,100.0
2,16,3,1,55.94
1,4,2,2,24.84
2,38,2,2,69.88
3,7,2,2,68.68
2,12,1,2,63.84
2,5,1,0,50.16
1,4,2,1,26.45
2,3,3,3,55.19
3,40,2,2,92.4
3,12,2,5,89.71
2,42,1,0,60.77
2,28,1,4,93.73
2,2,1,0,27.59
3,42,1,0,95.06
2,12,1,2,49.31
2,19,2,2,59.24
3,22,2,3,89.74
3,2,1,4,69.74
2,8,1,4,56.02
1,23,3,5,73.56
3,6,1,4,78.59
2,9,1,5,68.69
2,22,3,0,60.42
3,37,1,0,89.92
3,5,3,1,60.07
3,5,2,4,74.55
2,41,2,3,70.82
2,8,1,0,51.91
2,5,1,0,32.72
3,21,1,0,77.11
1,30,3,4,69.2
2,41,1,0,77.24
3,28,2,0,85.26
2,22,2,3,71.59
1,18,1,0,36.06
2,12,1,2,54.1
3,1,2,1,55.19
3,40,1,4,100.0
1,18,1,3,47.13
2,35,2,3,76.36
2,42,2,4,83.1
1,7,2,1,30.42
2,1,1,5,48.96
2,7,1,3,52.7
3,0,1,1,64.59
2,35,1,3,75.14
3,22,3,4,94.32
1,18,1,2,51.48
2,25,3,2,65.74
2,14,1,0,51.01
3,23,2,1,78.28
1,21,1,5,73.27
2,12,3,0,53.42
1,4,1,2,36.11
3,13,1,5,95.42
2,7,2,3,52.21
2,44,1,2,76.59
2,17,1,2,67.94
1,28,2,0,52.14
1,15,1,0,37.22
1,13,1,2,45.5
1,30,3,5,71.18
2,1,1,3,47.31
2,20,1,3,68.0
2,35,1,4,97.33
2,26,3,3,81.17
2,44,1,3,92.84
3,3,2,4,69.33
3,22,1,4,100.0
2,32,2,1,66.07
3,2,3,5,77.77
3,19,1,0,75.76
3,31,3,3,98.85
3,28,3,3,98.58
2,24,1,4,76.73
2,1,2,0,31.17
3,28,2,3,92.75
2,23,2,5,78.42
2,3,2,5,55.93
1,6,3,2,35.55
2,37,1,5,85.35
1,43,3,3,69.83
1,17,3,0,37.57
1,5,1,2,40.63
1,23,3,4,59.99
1,27,3,5,73.19
3,21,1,3,87.99
1,0,2,3,26.34
2,28,1,4,81.8
1,9,3,3,46.66
3,26,2,4,98.49
2,5,3,4,55.66
1,5,3,3,37.0
2,40,1,0,78.35
2,8,1,4,63.4
2,39,1,4,85.98
1,25,3,3,56.92
2,14,1,5,71.18
2,44,1,2,68.09
2,13,1,2,50.66
1,23,3,4,57.31
3,17,1,4,84.59
3,33,1,0,88.91
1,32,2,5,71.38
2,43,2,4,78.36
2,13,1,1,59.0
3,20,1,0,85.19
2,43,3,2,74.57
2,40,2,3,74.04
2,42,1,5,88.13
2,43,3,1,72.72
1,20,3,3,56.57
3,29,1,3,97.31
3,35,1,2,86.96
2,22,1,2,66.88
1,16,3,3,53.46
2,26,3,0,65.7
2,25,2,0,59.11
2,31,1,1,64.44
2,7,3,4,63.78
1,40,3,3,64.89
2,8,1,3,51.73
2,19,3,2,65.57
2,15,3,3,62.65
2,9,2,0,41.3
2,34,2,3,75.29
1,12,1,2,49.24
3,30,3,2,91.09
2,18,1,1,54.24
2,26,3,4,77.78
3,4,2,5,79.59
2,11,1,2,59.35
3,38,3,1,92.78
2,22,1,1,66.48
1,24,3,0,48.08
2,9,1,2,61.07
2,39,3,4,89.48
1,0,1,0,26.32
1,19,1,2,57.52
2,27,1,3,81.88
2,5,1,4,53.42
1,14,1,4,58.62
3,29,1,2,90.18
3,20,3,4,96.17
3,34,1,3,95.23
2,8,3,2,53.62
1,22,3,1,46.83
3,4,1,1,60.72
2,6,2,4,49.36
2,36,1,2,72.72
2,20,3,4,73.78
3,32,2,3,100.0
3,5,2,1,59.31
1,16,1,5,55.07
2,2,1,5,66.55
2,23,2,4,70.15
1,1,3,2,27.92
2,17,3,3,65.78
1,21,1,3,59.81
2,26,3,3,73.68
3,26,3,4,100.0
1,24,1,2,55.03
2,24,1,1,63.06
3,38,1,4,99.6
2,36,1,1,78.8
2,40,1,3,73.82
2,29,1,2,72.13
2,19,3,4,68.36
2,3,3,1,37.59
3,44,2,4,99.91
2,43,1,0,58.19
1,34,1,1,49.83
2,18,3,4,71.29
2,27,2,5,77.62
1,0,1,5,37.7
2,16,3,3,67.22
3,6,2,5,83.17
3,21,1,0,71.83
1,26,1,2,49.85
1,29,1,4,63.28
2,34,2,4,77.25
2,30,1,3,77.6
1,42,2,3,63.38
3,0,1,0,48.51
2,6,1,2,47.17
1,3,2,4,38.19
2,42,2,4,78.99
1,14,1,3,48.28
1,21,1,5,69.57
1,8,2,3,41.0
1,3,2,4,30.74
2,23,1,5,89.69
1,43,3,2,66.28
2,14,1,5,68.98
2,1,1,4,51.16
2,11,1,1,58.67
1,25,1,2,60.95
1,11,3,2,40.88
1,12,1,4,57.88
1,18,2,0,36.02
2,18,1,1,70.32
2,40,3,0,65.66
2,16,1,1,55.89
2,41,1,3,71.75
1,21,1,3,52.66
3,16,1,4,95.94
2,35,2,4,81.06
1,43,3,5,80.78
1,28,3,2,59.13
2,7,3,0,45.13
3,35,3,3,100.0
2,5,1,0,32.24
2,25,3,1,68.9
3,6,2,3,70.48
2,42,1,1,63.61
2,16,1,4,67.3
3,35,1,4,100.0
1,12,1,1,30.53
1,22,3,4,61.22
1,30,1,2,53.58
1,2,1,1,19.69
2,3,1,0,43.79
1,8,3,1,31.44
3,36,2,4,100.0
3,3,2,0,52.91
3,14,1,0,70.13
1,41,3,5,81.52
2,43,3,5,91.06
3,5,2,5,72.91
1,13,3,3,49.04
3,1,1,3,77.03
2,38,3,4,85.04
2,18,1,0,59.58
2,38,2,3,77.69
3,44,1,2,93.27
2,32,1,1,77.95
2,33,3,2,82.16
3,39,1,1,85.72
2,12,1,3,51.61
3,23,3,1,87.61
1,23,2,5,57.96
2,32,1,5,90.43
2,18,3,4,69.26
2,43,3,3,81.97
2,30,2,1,67.91
2,19,3,2,61.09
2,11,1,1,49.48
2,10,1,5,62.9
1,40,2,5,65.73
1,19,1,4,65.08
2,36,1,3,85.0
3,28,1,1,81.77
2,8,3,2,47.39
3,5,1,5,85.36
1,42,3,1,57.92
3,42,3,1,91.4
2,26,1,0,67.69
2,4,2,3,51.44
2,34,1,2,64.69
2,8,3,3,60.7
2,28,3,3,77.98
1,21,2,5,62.11
1,17,2,2,44.62
3,30,1,4,100.0
1,31,3,4,69.27
2,14,3,3,65.45
2,34,3,0,71.99
2,8,1,3,63.17
1,37,1,5,70.6
2,41,1,1,73.86
3,10,3,0,62.24
1,2,2,5,39.96
3,19,1,5,96.4
2,39,2,5,88.92
2,14,1,2,59.89
1,20,2,2,48.63
2,44,2,4,80.35
2,5,2,3,44.33
1,9,3,2,36.83
2,42,2,2,69.12
3,31,1,1,90.24
3,44,1,5,100.0
2,40,1,4,83.29
2,4,1,2,52.7
2,7,3,0,40.01
2,12,1,4,61.77
2,35,1,3,80.37
2,43,3,5,94.93
3,24,3,3,92.8
2,39,3,5,91.05
2,11,1,2,62.71
2,15,2,2,53.22
2,39,1,4,80.96
2,33,2,2,71.08
2,24,2,2,65.93
2,1,2,5,50.88
3,4,1,2,74.66
2,11,1,0,41.29
2,27,3,0,63.49
2,12,2,4,60.83
1,43,1,4,63.06
3,17,1,4,96.95
2,42,3,2,73.19
2,26,1,2,76.96
3,11,2,3,71.06
1,27,3,0,48.24
1,5,3,0,23.11
3,36,1,1,97.71
2,6,1,3,58.94
3,24,1,0,79.2
1,5,1,5,49.63
2,32,3,1,73.18
2,41,1,1,64.51
1,6,1,3,29.94
2,15,1,0,52.9
1,5,1,5,42.03
1,40,1,5,73.81
2,33,1,1,66.21
2,29,3,0,67.9
2,11,1,1,59.02
2,1,1,4,49.26
1,0,3,1,28.03
2,40,1,3,76.38
1,22,1,4,60.02
2,4,1,0,37.42
3,26,2,1,74.68
2,32,1,4,83.45
2,14,1,1,49.01
1,44,2,1,55.05
3,1,2,2,62.63
2,19,1,5,73.8
1,10,1,0,27.16
3,21,1,3,94.54
3,22,3,4,94.62
2,26,2,1,68.41
2,14,3,5,71.23
2,35,2,1,68.83
2,1,1,0,31.94
3,25,1,1,90.97
3,20,1,4,100.0
1,26,1,0,56.89
1,6,2,4,42.29
3,8,1,4,75.51
3,13,1,5,98.74
2,1,1,5,55.89
2,4,3,3,58.64
1,6,1,1,25.83
2,16,1,2,55.93
3,37,1,1,92.63
2,35,1,1,78.15
2,6,2,5,66.89
3,3,2,3,70.3
2,41,3,5,88.63
1,32,3,3,66.56
2,39,2,0,62.16
2,40,1,5,96.95
2,27,3,4,82.54
2,37,1,4,91.72
1,38,3,2,62.92
3,37,3,2,94.43
3,32,1,3,91.76
1,10,3,0,32.12
3,20,1,4,92.04
3,19,2,2,79.47
3,27,1,1,96.95
2,10,2,5,62.9
2,38,1,3,86.99
2,4,2,1,36.0
3,42,1,3,100.0
1,39,1,3,60.18
2,40,2,4,78.2
2,41,1,3,77.84
1,19,1,3,51.69
1,6,1,0,27.56
2,12,1,4,58.52
3,7,2,2,63.42
3,22,2,2,81.78
3,35,3,0,89.65
2,12,3,4,67.68
1,38,1,4,76.38
3,20,3,1,80.51
2,41,2,1,70.0
2,15,1,1,53.87
2,20,1,5,74.26
1,8,2,0,27.7
2,20,1,0,63.21
3,26,1,3,100.0
2,22,2,3,65.84
1,4,2,0,17.91
2,32,1,2,73.04
3,2,1,2,59.88
3,21,2,3,80.93
3,26,2,5,99.72
3,24,3,2,95.69
1,40,2,3,62.66
1,8,3,0,27.98
3,37,2,0,77.93
3,24,2,3,91.16
3,6,2,0,61.63
2,13,2,4,62.57
2,40,2,3,73.2
2,22,1,1,58.98
3,20,2,1,77.22
2,44,1,5,86.57
2,30,3,2,77.49
1,2,3,4,45.92
3,26,2,2,83.05
1,7,2,5,46.68
3,35,1,0,88.55
3,23,1,5,98.16
2,27,1,0,59.98
2,4,2,0,34.31
3,17,2,5,90.35
3,43,1,5,100.0
1,8,3,5,54.17
2,7,3,4,55.86
3,11,2,0,62.64
3,28,1,3,91.22
2,7,1,4,59.31
3,40,2,5,100.0
3,13,1,0,64.23
1,26,3,1,53.77
3,19,2,3,78.69
2,38,1,2,80.91
2,30,1,5,90.25
2,2,2,2,46.09
3,6,1,4,83.56
1,26,1,0,42.54
2,36,1,1,66.87
2,33,3,0,68.68
2,30,3,5,85.12
2,37,1,5,89.97
3,12,3,4,85.9
2,40,3,2,81.17
3,32,3,5,100.0
1,40,1,1,58.65
3,25,3,5,100.0
2,23,2,4,69.64
1,5,3,2,35.26
3,30,2,0,81.46
1,25,1,5,76.76
2,41,2,3,80.43
2,0,2,3,45.03
2,13,3,5,71.62
2,40,1,0,64.12
2,24,1,2,69.11
2,37,2,3,76.36
2,23,1,3,64.28
2,26,2,1,64.18
1,12,2,2,34.15
1,44,2,2,59.17
2,1,1,0,40.44
3,27,2,3,93.9
2,6,1,5,67.41
2,9,3,0,47.83
1,21,2,0,39.89
3,3,2,0,53.87
1,4,1,5,57.35
2,14,2,5,65.58
2,21,1,4,69.12
2,14,2,1,44.92
1,6,1,4,53.34
1,22,1,2,57.12
1,23,3,0,47.55
1,8,2,0,25.02
3,38,1,5,100.0
2,41,3,0,66.45
2,10,1,0,41.66
3,7,3,5,82.08
1,42,1,0,60.81
3,44,1,1,95.58
2,42,2,1,66.29
3,2,3,2,64.18
2,26,1,0,69.06
2,42,1,4,95.15
2,41,1,0,60.67
1,35,3,4,75.36
2,30,3,4,88.57
1,11,2,5,47.36
2,21,2,1,56.98
1,20,2,4,53.92
3,29,2,4,98.43
2,11,2,0,42.16
2,3,1,2,38.01
1,30,1,2,55.52
3,38,1,1,99.82
1,41,2,1,48.53
3,27,2,2,90.16
2,5,2,2,43.19
3,9,1,4,79.19
1,32,3,4,69.74
2,24,1,4,77.33
1,1,1,5,44.44
3,26,1,5,100.0
1,2,1,5,53.43
3,15,2,3,84.75
3,39,1,2,87.85
3,6,2,0,54.76
2,38,1,4,87.57
3,41,3,3,100.0
3,38,1,0,93.93
2,5,2,3,45.22
1,23,3,4,63.26
2,5,3,3,51.25
1,32,3,4,69.31
3,28,1,3,100.0
2,5,3,2,43.5
3,9,2,3,77.55
1,15,1,3,48.41
1,37,3,3,69.74
2,7,1,0,46.96
2,39,2,2,73.14
2,4,3,4,53.19
2,7,3,0,43.96
3,7,1,5,73.93
1,3,1,5,49.57
1,26,1,0,47.88
3,22,2,1,82.65
2,5,1,1,45.49
2,30,1,0,61.55
3,17,2,4,83.36
2,42,3,2,79.45
2,26,2,1,60.98
2,30,2,1,69.84
2,3,3,0,39.9
1,39,1,0,62.25
2,37,2,0,59.13
3,11,2,5,82.68
3,42,3,3,100.0
1,28,1,5,82.63
3,24,3,1,83.81
1,7,2,3,33.26
3,1,3,5,76.14
2,9,3,2,52.28
1,14,2,0,29.21
2,1,3,0,34.66
2,23,3,2,70.02
2,21,3,4,80.81
2,4,1,3,61.71
2,8,3,1,50.87
3,6,1,0,62.4
3,30,1,3,95.62
1,38,2,4,70.61
2,16,2,0,47.62
3,10,3,1,74.25
2,37,3,4,91.15
3,12,1,3,88.27
1,30,1,5,86.52
1,20,1,2,48.14
3,11,2,3,79.35
1,35,1,2,57.23
1,36,1,2,53.53
1,43,2,0,52.51
1,25,2,5,62.8
2,44,1,3,86.57
1,27,1,2,61.29
1,3,1,1,33.25
3,5,3,1,65.06
1,38,2,3,59.68
2,36,2,3,80.61
3,28,2,1,84.45
1,17,3,2,47.61
1,21,1,0,38.43
2,19,3,2,67.7
1,44,1,4,66.18
1,29,1,2,51.85
2,42,3,1,66.12
2,10,1,3,66.31
2,2,1,1,37.7
1,26,3,4,59.67
2,2,2,2,39.23
1,3,2,1,22.85
3,8,1,4,88.63
1,26,2,4,58.42
3,44,1,0,87.1
2,38,3,0,67.63
3,1,3,1,56.13
3,22,1,5,100.0
3,11,1,4,89.92
2,39,1,0,61.31
2,11,1,3,63.56
3,21,3,1,81.0
3,25,1,0,87.11
2,23,1,5,75.65
1,36,1,2,59.64
1,43,1,4,73.86
3,25,3,1,90.01
2,22,1,4,74.54
1,10,3,3,44.7
3,26,1,3,97.58
1,26,2,5,66.32
3,40,2,0,82.44
1,10,1,5,49.3
2,44,3,5,96.53
2,29,1,4,86.75
2,12,1,5,78.82
3,39,1,3,99.63
1,41,2,5,73.0
1,14,1,4,60.37
1,13,1,5,54.51
1,23,1,4,66.33
3,16,1,4,93.91
2,22,2,2,73.68
2,9,3,0,45.31
1,15,1,5,53.95
2,30,1,4,82.38
2,24,1,1,65.31
1,14,3,4,49.57
2,17,3,0,53.83
2,14,1,2,59.09
1,26,2,2,51.15
3,41,2,1,82.29
2,37,2,5,84.99
3,31,2,4,100.0
1,32,1,0,45.95
2,32,3,0,65.33
3,31,2,3,100.0
2,31,1,4,86.32
2,7,1,0,47.86
3,18,1,1,83.52
2,13,3,2,59.17
2,17,3,3,68.71
3,16,3,1,79.76
1,31,1,4,75.21
2,5,2,0,33.42
3,35,1,0,86.62
2,34,1,5,95.5
2,10,2,3,58.92
2,16,1,4,74.14
1,42,2,0,46.21
2,23,1,4,81.72
3,27,1,0,86.05
1,26,3,3,67.32
2,1,1,5,66.39
1,5,1,1,23.87
2,42,2,0,60.55
2,7,2,4,56.52
2,13,2,1,46.14
2,15,3,1,53.16
3,0,3,0,51.85
3,17,2,1,68.7
2,42,1,1,68.77
2,5,3,1,42.38
1,44,1,0,57.15
1,34,3,4,73.96
3,18,2,5,92.71
2,35,3,5,90.83
3,24,3,3,97.39
3,32,3,2,99.84
3,28,1,3,100.0
2,29,1,2,79.0
1,9,1,4,52.25
3,15,3,2,83.42
3,13,1,3,72.91
1,0,2,0,18.95
2,42,2,4,78.42
2,10,1,5,63.67
3,27,1,3,91.4
2,25,1,3,78.69
2,2,3,5,59.04
3,44,3,2,92.48
2,7,2,5,56.27
1,17,1,1,37.7
2,36,3,0,66.04
3,10,2,3,72.83
2,24,1,1,74.02
2,12,1,4,63.96
1,15,2,1,36.64
2,42,1,1,79.9
3,29,1,0,84.79
1,5,3,2,38.93
2,13,2,1,46.79
2,6,2,3,47.92
3,20,2,3,91.03
2,33,1,4,89.57
2,29,1,4,75.28
1,24,3,2,59.67
2,36,2,0,62.19
2,32,1,0,81.28
3,35,3,5,100.0
3,24,2,4,92.73
3,0,2,5,70.5
3,15,2,3,82.43
2,30,1,5,95.26
3,38,1,0,88.48
1,33,1,2,57.4
1,14,3,2,45.74
2,33,3,0,67.8
2,15,3,3,63.49
2,13,3,2,63.41
1,30,1,2,66.44
2,5,1,1,50.61
2,38,2,0,66.92
2,17,1,5,83.3
2,20,1,0,56.94
2,5,3,0,40.79
1,43,3,1,55.39
3,29,1,1,90.32
2,9,1,3,61.62
1,2,1,0,27.2
3,20,1,1,84.57
2,12,3,3,61.63
3,44,2,1,84.66
3,26,1,1,95.73
2,0,2,1,32.98
2,41,2,2,71.72
3,28,2,4,97.84
3,13,1,4,80.95
3,40,3,2,93.45
2,30,3,1,74.03
3,40,1,5,100.0
2,35,3,4,86.1
2,36,1,3,90.76
2,29,1,5,89.35
2,38,1,5,100.0
2,9,3,0,44.14
2,4,1,4,56.88
1,8,2,0,24.25
2,31,1,4,86.35
2,37,3,5,94.05
1,10,1,3,35.76
2,28,1,5,89.26
1,3,1,3,29.79
3,9,1,1,69.71
2,7,1,0,48.89
2,34,1,3,79.23
2,19,1,2,54.56
3,43,3,2,95.72
2,12,1,2,51.26
2,39,1,2,84.68
3,23,1,0,86.5
1,25,1,4,68.74
1,35,3,4,70.74
2,37,2,5,86.72
2,4,2,4,50.91
1,43,3,2,67.9
1,23,3,2,53.45
1,12,1,3,41.98
2,36,2,4,81.65
2,16,1,1,49.4
3,18,1,1,82.33
2,3,3,0,36.96
2,19,2,5,71.77
3,22,3,4,99.23
2,40,3,3,80.82
2,35,1,1,66.68
1,6,1,2,27.03
3,15,2,1,69.62
2,20,1,3,74.5
2,26,1,2,68.7
2,22,3,0,58.01
3,15,2,3,81.39
2,3,2,1,38.21
1,24,1,0,43.2
2,4,1,0,40.36
2,13,1,4,63.16
3,12,1,5,87.68
2,2,3,2,42.15
3,34,1,3,100.0
2,26,1,0,66.08
2,8,3,4,60.93
2,25,1,3,81.92
3,35,2,2,92.19
2,24,3,0,63.68
2,44,3,5,88.69
1,40,1,1,63.8
1,39,1,0,50.47
3,4,3,4,77.48
2,2,2,3,41.81
1,38,1,3,57.46
3,14,1,4,94.43
2,29,1,4,93.92
2,38,1,5,93.91
3,26,2,3,90.91
2,17,1,5,70.3
1,18,3,0,39.43
2,44,1,0,66.45
2,19,1,2,64.58
2,34,3,0,70.86
1,17,2,4,53.76
2,38,1,1,63.48
2,1,2,4,52.6
2,12,1,0,40.57
2,36,1,0,68.01
3,28,1,3,100.0
1,2,3,3,31.51
3,2,1,1,57.44
2,14,3,0,46.95
2,31,1,0,74.59
2,3,1,0,46.07
1,22,1,1,50.78
1,21,2,3,52.81
2,20,1,1,59.12
1,11,1,0,36.1
1,39,2,2,52.19
3,1,2,2,60.48
2,12,2,0,45.4
2,7,3,4,60.17
3,34,1,2,100.0
3,10,2,5,87.22
2,21,3,3,72.06
2,44,2,3,69.16
2,20,2,3,58.17
1,22,1,1,50.66
2,19,2,2,56.49
2,7,1,5,63.81
1,38,1,3,65.9
2,40,3,5,92.76
2,3,2,0,36.46
3,25,2,3,87.35
1,22,3,3,57.45
1,31,2,1,52.23
2,31,2,1,69.78
1,17,3,2,52.65
1,12,1,5,52.57
1,0,3,1,25.65
3,23,1,4,89.57
2,43,2,2,70.39
3,12,1,5,96.39
1,15,1,4,48.63
2,5,3,3,48.5
2,9,1,5,73.57
2,27,1,4,73.82
3,12,1,4,81.8
1,40,2,3,61.67
2,5,3,0,43.0
2,12,1,1,62.37
2,11,1,2,62.02
2,17,3,4,70.93
1,5,1,3,33.08
2,23,3,0,58.32
2,30,1,1,77.4
2,1,3,2,40.25
1,9,2,3,33.2
2,39,1,2,72.4
1,26,2,0,42.3
2,16,1,2,55.26
2,24,2,1,61.14
2,13,1,1,57.65
3,28,1,0,93.05
2,9,3,0,43.97
1,10,3,4,53.13
3,3,1,3,76.78
2,5,1,4,61.81
2,5,2,0,36.64
2,30,2,3,81.7
2,40,2,5,86.93
3,11,1,5,96.4
2,42,3,5,88.61
2,22,1,1,65.33
3,28,1,2,84.9
2,13,2,3,63.28
2,35,2,0,58.36
1,33,2,1,57.2
3,31,2,3,95.25
1,4,3,0,23.3
2,32,1,4,80.36
1,36,2,3,66.48
3,2,1,1,64.49
1,10,1,2,30.48
1,12,3,0,36.34
2,5,2,0,38.69
2,20,1,0,54.86
1,12,3,5,57.71
2,18,1,4,65.32
3,38,2,0,78.96
1,0,1,1,32.73
2,41,1,4,88.57
2,21,3,0,62.31
2,16,3,2,61.6
1,42,2,5,71.51
2,23,3,1,62.91
2,23,1,5,75.58
2,25,1,0,57.28
2,27,1,1,63.6
2,4,3,5,64.05
2,11,2,1,48.77
3,11,1,2,65.36
3,18,1,3,83.7
1,7,3,0,26.8
1,4,2,0,20.87
3,27,1,4,96.56
2,42,3,3,76.62
1,21,1,4,69.73
2,25,1,4,81.67
1,2,1,5,35.68
1,8,1,1,26.64
2,29,1,5,91.31
1,39,2,3,65.08
3,35,1,5,100.0
2,37,1,0,64.03
2,6,1,5,55.69
3,22,1,0,89.54
2,32,2,2,75.15
3,8,1,5,93.43
1,18,3,0,40.03
3,7,1,0,69.23
1,43,1,4,80.68
2,11,1,4,59.29
2,33,3,4,88.26
2,35,2,0,64.9
1,42,2,1,54.11
2,17,1,0,50.89
2,35,1,2,81.22
2,14,3,3,63.84
2,8,1,4,72.25
2,8,3,4,62.32
2,16,2,2,53.64
3,13,1,4,86.82
1,7,1,4,52.44
2,26,3,1,65.43
2,38,1,2,68.31
2,9,2,5,63.05
1,23,2,4,58.94
1,30,1,3,69.32
1,42,1,5,80.69
3,24,2,4,95.41
3,19,1,0,85.17
2,31,3,2,79.42
2,36,1,2,83.91
2,18,1,0,49.98
3,22,1,1,78.27
2,0,2,3,43.14
2,23,1,3,67.11
2,34,1,4,88.35
2,6,2,1,36.06
2,8,2,2,53.81
3,25,1,0,81.82
3,31,1,3,100.0
2,35,1,3,85.36
2,31,3,5,89.29
2,33,1,0,59.6
3,13,2,4,81.53
3,3,1,2,68.72
1,35,1,4,75.59
2,14,1,0,53.28
1,8,1,0,22.27
3,13,1,3,89.83
1,34,3,3,65.68
2,8,3,5,68.89
2,22,1,5,78.04
3,27,3,2,94.38
1,15,1,0,30.08
3,24,2,4,98.02
2,32,1,3,87.66
2,5,1,5,56.92
1,44,1,5,69.74
2,22,1,1,56.48
2,35,1,5,84.95
3,1,3,3,67.79
2,5,1,5,56.01
1,8,2,1,32.48
1,32,1,2,60.57
2,12,2,4,63.4
2,39,1,5,94.55
2,10,1,0,48.42
2,25,3,4,76.23
1,28,3,2,56.26
3,13,1,3,88.93
3,34,1,0,98.34
3,42,3,4,100.0
2,44,1,1,84.39
1,30,2,5,68.88
1,25,3,5,67.63
1,11,1,5,50.24
2,30,3,3,83.25
2,15,1,3,69.23
3,9,1,2,65.63
2,28,1,0,72.56
2,7,1,2,58.4
2,29,1,4,88.1
2,23,3,4,79.93
2,40,2,2,71.37
1,21,2,0,39.87
2,43,1,1,76.77
3,18,3,2,85.23
2,21,2,5,75.63
3,22,3,3,96.27
2,10,3,2,56.35
3,24,3,4,95.06
1,20,1,5,71.18
1,8,3,2,32.14
2,27,1,3,84.71
1,31,1,0,50.25
2,10,2,2,49.46
3,40,1,1,87.86
1,35,1,0,64.09
1,25,1,4,61.68
3,9,2,4,74.28
2,40,2,4,77.88
2,13,2,1,47.17
2,43,1,1,67.15
2,27,3,5,87.15
2,12,2,1,44.31
2,16,1,1,48.69
2,26,3,4,88.24
2,23,2,3,66.48
1,40,1,2,55.85
3,42,3,1,93.6
2,42,1,3,74.9
3,16,1,2,85.14
1,3,3,3,34.77
3,37,1,4,97.9
2,34,3,2,76.06
3,17,2,4,91.83
2,13,2,3,55.44
3,19,2,1,77.72
2,17,3,0,57.89
2,13,1,0,54.99
3,4,3,4,76.47
2,1,2,4,48.43
2,9,2,5,64.05
2,40,1,1,77.52
3,42,2,3,93.02
2,3,3,1,39.89
2,8,1,0,36.0
3,33,1,1,89.47
2,23,2,4,77.3
2,30,1,2,80.88
3,33,3,3,100.0
2,34,1,0,63.03
2,18,1,0,49.37
1,1,1,1,17.98
2,6,3,4,60.51
2,29,1,0,62.12
1,36,1,5,80.78
3,32,1,1,96.37
3,41,2,0,81.77
1,4,1,3,37.79
2,15,1,1,56.19
3,25,1,4,94.65
3,3,2,3,70.2
2,21,2,5,71.45
2,8,1,2,57.94
2,31,3,2,74.58
3,29,1,1,100.0
2,12,1,2,60.6
3,36,1,3,100.0
2,30,2,0,61.39
1,3,3,3,38.22
1,32,2,5,70.58
3,18,1,4,92.74
2,38,1,4,94.81
1,27,2,4,64.27
2,39,2,3,75.78
3,24,2,0,73.91
2,35,1,3,79.42
2,5,1,2,41.87
3,22,1,5,100.0
2,3,2,2,40.07
2,13,1,4,58.89
1,25,2,4,60.69
1,11,2,5,52.94
3,7,1,4,82.08
2,23,1,0,64.54
3,29,2,3,100.0
1,0,1,4,37.83
3,34,3,5,100.0
2,33,2,2,71.48
1,22,1,5,61.83
3,18,1,1,69.53
3,4,3,1,62.96
1,25,2,0,43.01
2,39,1,2,66.91
2,0,3,0,34.84
2,5,1,2,46.06
3,12,1,2,83.69
1,13,1,3,40.9
1,12,3,3,52.84
2,13,1,3,58.81
1,36,1,5,87.11
2,25,3,4,77.75
2,35,1,3,83.52
2,7,1,0,50.84
1,10,1,2,39.38
2,23,1,5,84.93
2,39,3,1,76.55
2,0,3,2,48.78
1,23,2,2,49.85
1,4,1,1,24.43
3,0,2,4,66.73
3,25,1,3,100.0
3,29,1,1,100.0
2,20,1,3,79.1
1,34,1,2,57.9
2,26,1,4,78.67
3,34,1,0,80.76
2,33,3,2,80.67
1,37,3,3,70.09
1,19,3,5,68.32
2,33,2,2,69.21
2,9,1,0,53.3
2,18,1,0,50.27
1,42,1,2,58.02
2,10,2,3,59.42
2,12,1,4,68.28
2,34,3,2,75.86
3,38,1,5,100.0
1,21,1,4,72.2
2,21,1,3,60.87
3,43,2,0,81.18
3,2,1,0,51.82
3,22,1,2,87.47
3,1,2,2,59.35
2,3,1,1,49.32
3,23,1,1,86.83
2,10,3,3,58.91
1,10,1,2,36.08
2,26,2,1,60.77
2,38,1,4,84.83
3,43,3,5,100.0
3,17,1,3,79.83
1,5,1,5,50.54
1,1,2,3,26.77
3,42,1,3,100.0
2,26,1,4,80.7
2,41,1,2,73.47
1,19,1,0,32.2
1,25,3,1,51.15
2,14,1,3,68.64
1,35,3,0,51.89
2,37,2,5,84.52
2,16,3,1,58.44
3,26,3,0,80.93
1,4,1,1,21.14
2,9,3,2,58.17
2,13,1,0,44.12
3,21,1,3,100.0
2,16,1,5,79.55
2,32,2,4,75.14
2,22,3,4,79.21
3,17,2,3,78.26
2,37,2,1,68.36
1,28,3,5,73.24
2,34,2,3,75.44
1,39,1,4,64.01
3,22,2,0,73.41
3,0,3,0,57.78
3,12,1,1,68.92
2,24,1,2,65.36
3,8,1,0,70.04
3,29,2,0,76.9
2,11,1,4,71.0
1,43,3,5,76.55
2,1,1,3,43.66
2,6,2,4,56.82
2,12,2,3,56.39
2,5,3,1,49.99
3,21,1,1,83.7
2,20,2,0,47.34
3,16,1,3,82.03
2,12,1,5,69.99
2,26,1,0,56.69
3,34,1,4,99.84
1,22,2,3,54.78
2,43,1,1,62.8
2,16,1,1,63.71
1,28,1,5,78.67
3,40,1,0,88.18
3,40,1,3,100.0
3,28,2,3,89.11
2,1,1,4,47.94
3,28,1,2,98.76
1,14,1,2,36.77
1,5,2,2,27.51
2,43,1,4,90.61
1,15,2,2,38.74
1,34,2,4,70.77
2,42,1,0,63.48
1,3,1,4,52.09
2,42,1,4,93.46
1,0,1,1,21.74
3,19,1,0,67.81
1,5,3,4,45.02
2,26,1,4,89.43
3,5,1,1,70.35
3,40,3,2,99.27
2,24,2,3,68.54
2,35,1,0,66.75
3,29,3,3,100.0
2,22,2,1,62.62
2,37,1,5,80.9
2,5,1,3,49.84
2,0,1,5,54.63
3,27,1,0,80.09
2,44,1,4,80.58
1,8,3,5,54.88
1,32,1,0,55.55
3,28,1,3,100.0
1,2,2,2,26.81
2,27,3,1,66.81
1,24,1,4,57.54
1,32,2,3,61.67
2,31,3,5,86.79
2,18,1,5,83.75
2,14,3,2,56.51
2,25,2,0,61.87
2,22,2,2,61.75
2,26,3,2,72.41
3,31,3,3,96.26
1,38,1,2,70.06
2,5,2,0,33.25
2,18,3,4,72.25
1,41,2,3,63.42
1,5,3,1,28.43
1,38,3,0,58.52
2,3,2,5,50.31
1,30,2,4,63.52
2,8,2,2,50.13
2,27,1,1,68.05
3,39,3,3,100.0
2,15,3,5,76.68
1,34,2,0,43.58
2,31,2,2,75.11
1,23,1,5,60.3
1,11,1,2,33.9
2,2,2,1,38.82
2,28,1,4,77.1
2,7,1,2,46.13
2,40,3,5,91.4
3,24,1,5,99.55
1,8,2,5,50.1
2,22,2,4,71.56
1,7,2,2,32.13
2,9,2,1,45.9
2,34,1,2,74.96
1,14,1,0,38.05
2,10,2,2,51.67
1,43,1,4,67.45
2,34,1,1,76.38
2,18,3,3,72.49
2,17,1,5,72.77
2,19,1,1,56.42
2,0,2,3,44.22
2,4,3,4,58.9
1,27,2,4,67.43
2,19,1,1,51.93
2,8,3,5,68.91
1,15,1,5,58.85
1,32,1,0,58.43
1,5,2,0,14.58
2,13,3,4,69.29
2,3,1,0,28.75
3,29,1,2,92.53
2,37,1,1,79.71
2,19,1,4,78.2
3,34,1,2,91.1
2,33,2,2,73.2
3,16,1,2,86.81
3,23,3,0,81.48
1,23,1,4,58.61
2,39,3,4,89.44
2,11,1,2,49.9
1,26,2,4,61.19
1,41,1,5,81.55
1,35,1,1,57.32
2,4,2,3,50.69
2,12,2,2,49.11
2,8,1,1,41.08
1,41,3,4,66.42
2,38,3,5,88.8
1,22,3,3,55.97
2,19,1,0,57.23
2,14,1,4,70.78
2,26,2,1,60.67
3,1,2,3,61.19
1,11,3,2,40.02
1,11,2,4,49.16
3,28,3,0,86.85
2,40,2,5,87.72
2,2,3,2,52.66
2,37,1,5,94.85
2,7,2,0,39.56
3,37,3,5,100.0
3,11,1,5,79.05
2,6,1,3,54.73
3,30,1,3,100.0
2,31,2,3,78.4
2,41,2,3,74.44
3,0,3,1,54.82
3,15,1,3,87.29
2,8,1,5,70.69
1,6,2,1,21.95
2,13,3,0,48.41
3,27,1,1,91.37
1,7,2,1,28.76
2,10,2,3,46.4
3,9,1,2,76.97
2,15,2,5,64.46
3,25,3,5,100.0
3,32,3,1,90.47
1,32,1,3,65.53
2,30,1,1,67.26
2,24,1,1,70.46
2,22,1,5,77.73
3,15,2,4,86.76
2,35,1,4,84.53
2,28,3,4,84.17
1,22,1,0,33.26
2,2,2,4,54.09
3,15,3,2,77.48
2,0,1,0,26.83
2,20,1,3,63.62
1,29,1,4,74.33
1,3,1,0,15.13
3,35,1,1,87.63
1,1,1,2,38.44
3,17,3,2,84.56
1,12,2,0,27.17
3,13,1,5,97.4
1,40,1,1,51.86
3,4,1,5,93.05
3,7,2,5,78.88
2,21,1,0,51.28
1,24,3,2,54.42
2,1,1,2,48.01
2,9,1,5,70.77
3,36,2,1,90.16
1,24,2,3,57.24
1,18,2,5,58.58
1,22,1,1,42.13
2,15,2,0,47.16
2,14,1,5,77.24
2,44,1,1,69.63
2,29,2,4,80.85
2,30,2,0,65.66
2,14,1,3,56.61
3,27,1,4,99.65
3,2,2,3,64.49
2,3,1,0,34.07
1,10,1,0,36.15
2,41,3,4,85.8
3,2,3,3,69.44
2,1,2,4,49.13
1,43,3,0,55.86
1,44,2,5,66.51
2,36,1,0,62.73
1,4,1,3,39.85
3,19,1,5,94.97
3,12,1,0,66.51
1,29,2,1,46.31
1,22,3,3,59.24
3,11,2,3,73.18
3,27,1,2,89.16
1,22,3,4,62.31
2,14,1,3,57.76
3,32,3,3,100.0
2,32,2,4,81.98
1,26,1,5,70.4
2,20,1,2,70.29
1,16,1,3,44.07
3,43,1,0,95.25
2,24,1,1,59.51
3,20,3,3,94.65
2,25,3,1,64.68
3,6,2,4,75.59
2,44,1,5,86.52
3,2,2,0,50.75
2,42,2,0,62.43
2,27,1,1,63.78
3,28,1,3,92.11
3,17,3,3,86.98
1,40,1,5,83.23
1,39,1,5,64.99
1,2,3,1,28.9
2,10,1,1,53.32
3,34,2,4,100.0
1,42,1,4,81.9
1,5,2,3,31.48
3,41,3,5,100.0
2,8,3,4,60.19
1,20,3,1,48.44
2,38,1,3,89.51
1,27,1,0,51.32
1,28,3,1,59.98
1,13,1,1,29.71
2,44,2,2,68.06
1,34,2,0,44.72
2,23,1,4,82.49
2,37,1,2,80.08
1,3,2,2,25.84
2,10,1,5,60.64
3,40,3,0,83.53
1,20,2,3,48.37
1,5,1,0,31.28
3,39,1,5,100.0
2,43,3,5,88.73
2,9,3,1,46.49
1,14,1,2,36.47
1,15,1,5,54.62
2,5,2,4,55.85
1,42,3,1,62.5
2,11,1,1,43.22
2,39,1,2,79.94
1,19,3,3,54.15
1,19,3,3,51.55
1,4,3,0,19.39
2,28,1,1,70.57
1,7,1,1,39.89
2,23,3,5,79.7
2,8,3,4,56.4
2,25,1,3,85.95
2,30,3,5,91.68
3,3,1,3,76.6
1,38,3,5,70.85
1,14,1,3,45.3
2,31,2,4,81.59
3,0,2,4,70.45
2,14,3,4,67.76
1,29,3,2,55.71
2,28,1,0,68.17
2,26,3,0,64.1
2,22,3,3,72.23
2,6,3,5,67.14
2,19,3,5,79.91
1,26,2,4,58.99
3,34,1,4,99.67
2,13,1,4,62.23
1,33,1,5,79.75
2,33,1,3,81.0
2,17,1,1,52.17
3,24,1,3,100.0
1,34,1,3,56.8
2,35,2,3,79.72
2,17,3,4,75.8
2,29,2,5,80.54
3,11,1,5,93.16
1,10,3,0,32.36
3,21,3,5,98.91
2,3,1,1,51.7
3,35,1,0,75.96
2,22,2,4,66.4
2,12,3,1,58.34
2,17,2,2,57.07
3,12,1,3,85.36
1,5,1,3,45.7
3,15,3,5,89.47
2,7,2,2,48.57
2,30,1,5,98.45
3,1,2,2,62.03
3,28,1,2,100.0
1,14,1,0,43.1
3,38,1,4,100.0
1,28,3,3,56.25
1,43,1,5,65.5
2,42,3,3,82.91
3,8,1,2,62.21
3,43,3,4,100.0
1,6,1,0,24.7
3,32,1,0,94.76
3,16,1,0,81.33
3,8,1,2,71.21
1,14,1,4,59.08
1,26,3,1,54.4
1,16,1,2,44.79
1,19,1,1,41.31
2,44,3,2,84.09
3,0,3,0,57.16
3,31,3,0,89.93
2,2,3,5,50.49
2,27,2,1,60.89
3,21,3,2,84.6
2,6,3,1,49.73
1,3,1,2,41.32
1,22,1,3,49.54
3,41,1,1,92.58
2,32,2,1,67.42
2,35,1,1,79.97
1,28,1,0,41.43
2,27,1,3,75.55
2,8,1,4,64.32
1,16,1,1,47.94
3,37,3,2,95.81
2,26,1,5,90.83
3,44,2,4,98.06
2,26,3,1,66.13
1,0,1,4,37.91
3,17,2,1,67.66
3,23,2,5,97.27
2,42,3,2,79.6
3,35,2,3,99.36
2,13,1,2,69.57
1,20,2,3,48.7
2,13,1,2,56.64
3,38,3,5,100.0
1,28,1,5,76.56
3,9,2,4,73.79
2,8,1,2,55.09
2,11,1,5,77.54
2,22,3,4,77.02
2,16,2,5,78.69
1,32,2,4,60.04
3,25,1,4,96.51
1,25,1,1,58.13
3,18,1,5,100.0
2,13,1,3,59.11
2,17,1,0,56.76
1,24,1,3,52.96
1,43,1,5,81.18
2,4,1,1,38.03
2,7,1,2,45.17
3,17,2,4,85.88
2,16,1,2,68.01
2,5,3,0,45.22
3,12,2,3,75.82
3,7,1,5,90.09
2,10,2,0,37.03
1,38,2,5,65.88
1,11,1,5,60.0
2,30,1,2,81.19
2,43,2,3,70.81
2,34,1,1,68.77
3,9,1,3,84.13
3,5,2,4,67.17
2,1,1,1,37.24
1,41,2,5,73.03
3,36,2,5,100.0
1,14,1,2,36.41
1,17,1,1,46.15
2,35,1,1,73.63
2,3,1,0,33.81
2,14,1,3,57.19
1,8,1,0,30.9
1,37,2,5,69.68
2,12,2,4,64.28
1,1,1,0,27.88
1,35,2,1,43.27
2,14,1,4,64.3
2,9,2,0,36.74
2,29,3,3,77.9
1,26,2,4,66.77
2,23,1,2,77.45
1,10,1,3,56.7
2,36,1,3,81.07
2,8,1,4,58.87
3,21,2,0,76.96
3,28,1,5,100.0
3,0,3,5,70.83
3,0,1,3,76.94
2,32,3,5,92.74
2,4,1,1,38.25
2,38,3,5,89.13
3,19,3,3,94.34
3,4,1,1,61.37
1,15,2,2,40.48
2,39,1,3,78.77
1,33,1,3,71.98
1,29,1,1,53.83
3,0,3,5,76.21
2,36,2,4,80.77
2,18,3,3,68.33
3,17,1,2,86.84
2,32,2,2,72.09
2,39,1,0,70.85
3,10,1,2,73.42
3,26,2,3,91.9
2,37,3,0,67.75
3,28,3,5,100.0
1,42,3,3,65.16
3,14,1,1,71.81
2,42,1,4,76.87
2,35,1,4,93.92
1,0,3,2,34.37
2,38,3,2,77.48
1,43,2,4,59.57
1,5,2,0,16.83
2,25,1,4,88.11
2,12,1,2,55.33
1,39,1,1,55.0
2,39,1,4,77.72
2,9,3,0,46.3
3,19,1,5,95.3
2,1,3,2,45.2
2,16,3,3,63.97
2,19,2,4,65.86
2,44,3,1,69.46
2,8,2,5,60.89
3,35,1,2,100.0
1,38,1,5,81.57
2,9,1,5,66.87
2,40,1,0,72.7
1,11,2,1,25.65
2,39,3,0,68.43
1,7,1,0,20.54
1,37,1,2,63.9
2,36,1,2,70.79
3,21,1,1,89.19
1,11,2,3,41.69
1,15,1,3,46.3
1,14,3,1,39.45
2,26,3,5,86.43
2,28,3,0,57.2
3,33,2,4,98.67
2,9,1,4,68.93
2,34,1,4,87.5
2,26,1,1,65.2
3,2,3,2,68.48
3,36,1,2,97.15
1,38,3,1,56.67
3,28,2,0,80.58
1,33,3,1,57.44
2,43,1,3,86.84
2,5,1,5,65.99
2,0,3,2,42.71
2,21,2,3,66.13
1,11,1,1,37.38
2,44,1,0,73.8
3,40,1,0,85.1
1,13,2,2,41.07
3,44,2,5,100.0
2,12,1,5,73.71
2,42,1,5,80.66
3,19,2,5,90.28
2,41,1,1,72.73
3,30,1,0,86.6
2,10,1,2,51.25
1,10,3,3,41.15
2,30,3,4,81.45
2,40,1,4,82.16
1,15,1,3,56.91
3,27,1,4,100.0
1,1,3,0,23.09
2,10,1,5,67.91
3,14,2,3,76.06
3,5,2,5,73.83
2,43,1,3,90.01
2,40,1,1,69.02
1,2,1,4,33.37
2,23,1,3,80.29
3,23,1,2,82.01
2,33,1,0,61.39
2,1,1,5,52.07
2,22,1,3,76.75
1,1,1,1,29.41
3,5,1,3,78.82
2,11,3,1,53.07
1,43,1,2,52.83
3,12,1,5,85.84
3,43,1,4,100.0
3,7,1,0,64.78
2,34,2,5,86.97
1,7,3,4,46.24
1,30,1,1,62.11
2,8,1,2,61.18
2,41,3,3,80.33
1,19,1,2,42.3
1,42,1,1,61.19
2,31,3,1,66.6
1,25,2,4,63.06
2,24,1,3,80.58
3,26,3,0,78.59
3,4,3,3,75.73
1,7,3,1,34.98
3,31,3,3,100.0
2,24,2,1,61.52
3,24,1,1,96.78
2,28,1,3,87.77
2,18,1,1,61.2
2,14,1,3,61.76
2,24,1,1,70.82
1,22,3,0,46.35
3,24,2,3,91.05
1,4,1,4,44.25
2,25,2,0,60.45
2,41,1,1,74.54
2,7,3,4,61.61
2,33,1,2,71.34
2,32,3,1,74.03
3,25,3,4,100.0
3,20,1,3,97.07
2,44,2,4,82.04
1,17,1,4,65.95
2,37,1,2,74.13
1,28,1,2,59.99
3,10,3,4,83.24
1,22,1,1,41.0
1,42,1,2,66.09
1,18,1,1,35.21
2,18,1,4,64.94
3,37,2,5,100.0
3,5,1,3,63.95
2,43,2,2,76.36
1,2,1,3,41.42
2,29,3,3,77.26
2,13,2,2,56.66
1,44,2,5,70.76
2,17,2,0,43.16
1,30,2,5,69.98
2,21,1,3,74.09
1,14,1,1,30.82
1,24,3,3,57.05
3,14,2,1,73.85
2,12,2,3,57.9
2,35,2,1,74.02
1,17,1,5,66.04
2,14,3,3,64.76
1,34,1,5,77.95
1,18,3,0,38.98
2,14,2,2,53.9
1,24,1,0,47.08
1,29,1,0,59.07
2,15,1,0,54.69
2,26,1,5,88.83
2,17,1,5,75.54
2,33,3,5,84.53
3,22,3,0,74.76
1,5,2,5,44.44
3,26,1,1,88.06
1,29,2,1,50.08
2,43,1,3,74.04
2,29,1,2,82.77
3,39,2,1,89.61
2,43,1,1,66.36
2,34,1,1,66.07
2,36,1,0,73.32
3,11,1,4,90.06
3,2,2,4,73.07
1,7,1,1,36.85
2,30,1,4,81.76
3,6,2,3,69.59
3,10,3,5,87.76
2,28,3,4,79.33
2,8,2,2,43.94
1,19,1,5,73.98
2,17,1,4,61.37
1,15,2,3,44.56
1,18,1,4,52.15
2,14,3,4,67.61
3,9,2,4,80.98
3,20,3,3,89.85
2,16,1,0,51.93
2,40,2,0,63.93
2,26,2,1,65.15
2,3,2,1,40.64
1,13,3,4,50.64
3,43,1,0,100.0
3,44,1,3,100.0
1,10,1,4,53.59
2,19,2,1,63.69
1,10,3,2,38.59
2,1,3,0,37.25
1,7,1,1,27.49
1,23,2,0,38.61
1,0,1,5,48.33
2,23,1,1,67.04
3,28,1,4,99.05
3,19,1,4,87.93
3,4,2,0,56.31
1,31,3,4,73.03
2,29,3,3,78.63
2,35,1,0,75.9
2,3,3,3,47.83
2,5,2,2,48.27
1,20,1,0,41.67
2,4,2,1,40.98
2,21,1,1,56.44
3,43,1,0,97.39
2,13,1,2,64.38
3,25,3,0,85.5
1,9,1,2,33.86
2,11,2,5,67.07
2,1,1,5,62.55
2,31,3,5,87.73
2,33,2,2,74.76
1,36,2,4,68.3
3,29,2,5,99.58
2,28,3,3,78.99
1,21,1,5,72.2
2,17,2,1,53.39
2,44,1,3,88.26
1,26,3,5,70.5
2,2,1,3,48.06
3,12,3,2,80.93
3,14,1,4,92.5
3,38,2,1,90.95
1,32,3,3,62.31
2,3,2,5,58.57
1,20,1,3,48.49
3,23,3,4,95.19
3,8,3,5,89.99
3,34,3,3,100.0
3,39,3,2,98.37
2,9,2,3,57.33
3,0,2,2,62.35
3,21,1,0,78.99
3,22,2,5,99.28
2,43,2,4,80.68
1,43,3,5,75.42
2,0,2,4,49.23
2,9,2,1,44.15
3,11,3,4,86.41
2,26,2,0,62.01
1,39,1,5,67.23
2,28,3,1,68.92
3,32,1,3,100.0
3,8,3,3,80.82
2,16,2,4,65.45
1,39,1,5,83.35
2,39,2,5,81.61
1,43,3,5,77.6
1,36,2,0,53.5
2,26,1,2,64.54
2,11,3,2,56.52
2,23,2,2,65.9
2,2,3,2,44.52
1,28,3,4,63.72
3,24,3,0,83.48
3,17,1,3,92.64
1,32,3,5,76.1
2,11,2,5,65.69
2,22,1,5,74.49
2,2,3,3,47.68
3,0,1,3,75.08
3,34,2,3,97.74
2,31,3,5,89.52
3,2,3,2,63.56
1,30,1,4,65.52
2,9,1,1,45.83
1,33,2,1,55.27
1,9,1,1,25.02
2,35,1,2,70.25
2,6,1,4,67.12
1,39,3,2,65.38
2,19,2,4,71.28
1,16,1,1,40.1
3,39,1,3,100.0
2,27,3,1,65.82
2,7,2,2,47.96
1,6,1,5,43.83
2,30,1,5,91.84
2,13,2,2,51.99
2,40,1,0,66.25
2,43,1,3,87.88
1,39,3,2,64.69
2,24,3,4,74.8
3,44,2,1,89.54
2,7,2,3,54.7
2,42,3,0,70.02
1,4,1,3,42.53
3,19,3,3,87.1
3,5,2,3,66.01
2,29,3,5,92.22
1,22,1,0,36.88
2,3,1,2,44.88
1,9,2,5,48.6
1,22,1,1,40.36
2,10,3,0,49.11
2,34,1,0,62.0
2,42,2,0,61.59
2,10,1,3,66.28
2,22,1,0,53.32
1,34,1,4,75.58
2,41,1,3,79.17
3,44,3,1,88.67
3,30,1,1,88.68
2,17,1,5,84.68
1,36,3,2,63.11
2,19,1,5,79.9
2,18,2,3,65.45
3,22,2,4,92.91
2,20,1,0,61.69
2,9,1,4,56.3
2,39,3,4,86.6
3,24,1,4,98.85
2,27,2,2,68.62
3,10,2,0,59.78
2,5,2,3,49.23
3,36,1,4,96.56
3,28,2,3,94.95
2,28,1,4,87.61
2,12,1,1,54.73
2,35,1,5,88.4
2,11,1,5,63.11
2,38,2,2,73.49
2,24,1,4,73.05
2,22,1,5,91.11
1,43,2,3,62.97
2,7,3,1,48.33
3,21,3,3,91.39
2,6,1,5,58.72
3,20,2,0,64.76
1,18,1,5,55.34
3,28,2,4,99.81
2,35,1,4,91.49
1,28,3,2,59.36
2,36,2,5,87.38
3,14,3,2,78.47
3,26,1,0,86.35
1,15,1,0,42.51
1,18,1,4,67.18
2,43,1,3,87.25
1,24,1,4,59.3
2,27,2,1,69.6
1,37,1,4,64.57
2,26,3,0,60.63
2,20,1,3,79.13
2,11,3,0,46.36
2,33,3,2,77.37
2,11,2,1,43.56
1,14,3,5,56.66
1,11,2,1,33.22
2,20,3,5,78.01
3,14,2,4,85.86
1,11,1,1,27.04
1,1,2,2,31.24
2,19,2,5,76.47
1,19,3,0,37.92
2,37,1,0,68.23
3,28,1,0,81.27
1,12,2,3,40.19
2,30,1,4,95.71
3,38,2,2,93.56
3,12,1,0,68.26
2,37,2,2,69.1
2,15,1,0,51.35
2,6,1,3,52.09
2,44,1,0,62.53
3,16,3,5,90.64
3,35,3,5,100.0
2,8,1,1,54.83
2,28,2,1,68.38
3,28,1,1,90.58
2,4,1,4,59.3
1,1,3,2,35.4
3,30,3,3,99.74
2,6,3,3,57.05
2,28,1,4,80.4
2,2,1,5,51.49
2,14,3,0,47.3
3,9,3,0,64.76
3,0,3,5,80.18
3,44,3,0,83.37
2,18,3,0,55.77
2,0,1,2,43.19
3,14,2,3,77.43
1,29,2,2,57.88
2,24,1,5,93.64
2,18,2,0,46.73
2,25,1,2,79.54
1,34,3,4,73.11
2,7,1,4,65.8
1,4,3,4,43.75
2,2,2,4,51.31
2,25,1,5,90.16
3,7,1,1,60.15
1,8,3,0,28.19
2,4,1,4,45.13
1,23,1,0,40.33
2,7,1,1,52.25
1,31,1,2,70.46
3,33,1,1,91.88
2,35,1,2,81.25
2,14,1,4,76.23
3,36,1,0,98.04
3,6,1,2,70.05
3,22,1,4,93.72
2,0,3,5,55.78
3,7,3,4,79.28
1,15,1,0,28.94
3,2,1,4,65.52
2,10,1,2,61.89
1,4,2,5,41.95
3,33,2,3,96.6
3,41,3,1,91.86
2,44,1,4,83.43
3,25,2,3,93.33
1,16,1,5,63.1
3,14,1,3,77.83
3,13,2,1,64.45
3,20,1,5,95.48
2,41,3,0,63.23
2,12,1,5,73.53
1,35,1,3,60.6
2,39,2,0,63.25
2,2,2,3,46.84
3,8,1,5,80.67
3,1,3,3,67.49
2,5,1,2,54.5
1,9,1,2,32.91
1,33,1,2,54.75
2,4,2,2,42.66
2,15,1,1,50.27
1,39,3,5,73.99
2,34,1,2,82.63
3,38,3,2,93.39
2,20,1,5,74.64
3,15,1,1,85.91
3,41,1,1,91.64
3,12,1,1,65.8
2,17,2,2,59.42
2,24,1,3,80.08
2,36,1,3,89.42
2,40,1,1,77.49
2,38,3,1,75.27
2,20,2,3,61.24
1,28,3,2,57.74
2,16,1,0,54.49
1,28,1,0,40.86
2,28,2,3,74.46
2,17,3,2,57.97
1,6,1,5,42.11
3,35,3,3,100.0
3,19,3,5,92.84
2,16,3,5,75.6
2,41,1,4,83.57
2,4,1,3,54.06
3,4,2,3,67.73
2,28,2,1,64.56
3,16,2,5,92.04
1,32,2,5,71.93
3,1,1,4,69.14
2,4,2,0,36.45
2,28,1,3,79.87
2,28,1,2,79.25
3,0,1,0,44.38
2,14,3,0,55.03
1,10,3,0,33.66
1,29,1,2,52.98
2,1,1,2,38.26
2,10,2,5,64.13
1,11,3,2,43.15
1,20,1,1,43.91
2,23,3,5,76.83
3,22,3,0,76.58
2,10,2,3,53.87
1,15,1,5,63.78
3,44,2,5,100.0
2,32,1,0,67.31
2,6,3,1,45.28
3,13,1,1,72.88
1,24,3,0,46.07
2,33,1,3,77.22
2,22,1,2,73.7
2,17,3,2,61.06
3,42,1,0,81.72
2,11,1,5,62.36
2,32,2,2,72.25
2,22,1,5,75.28
2,21,1,4,70.46
2,11,3,1,46.97
3,38,1,3,100.0
3,20,1,1,86.65
2,33,3,0,71.72
3,11,2,2,70.5
3,24,1,3,92.75
1,33,1,4,77.34
2,0,1,3,42.46
1,21,3,5,70.95
2,21,2,1,60.33
2,0,2,2,40.22
3,10,1,3,72.33
1,4,1,0,21.03
1,14,1,5,60.76
2,30,1,1,64.32
1,36,1,4,80.22
2,18,1,2,63.38
3,23,1,0,70.45
2,32,3,5,90.16
2,5,1,4,52.77
3,40,2,4,100.0
3,23,1,4,96.67
3,18,3,0,72.62
2,20,1,4,83.02
2,16,2,3,60.81
2,23,2,0,51.77
2,9,1,4,57.71
2,14,3,3,61.15
3,26,1,1,92.14
1,34,2,5,70.22
1,20,1,1,51.4
1,21,1,5,71.88
2,40,3,3,81.81
1,15,3,5,60.12
1,9,3,4,48.51
2,2,1,1,47.99
1,25,3,4,68.18
1,38,1,2,64.26
2,43,3,2,82.57
2,25,2,4,73.53
2,17,1,1,55.05
2,37,2,1,69.89
2,0,3,1,38.61
2,10,1,5,69.54
2,43,3,3,81.82
2,33,2,5,82.29
3,23,3,1,82.84
1,10,1,3,27.67
2,4,1,5,53.67
1,24,3,5,68.37
2,4,1,0,44.15
1,14,3,3,50.92
1,4,3,5,43.44
2,16,2,1,48.97
2,8,2,4,53.63
1,29,3,3,68.44
2,33,3,5,91.32
3,38,1,3,100.0
1,34,2,3,61.72
2,40,3,5,86.24
2,1,1,5,69.19
3,24,2,3,90.99
2,25,1,5,78.72
2,25,1,0,60.95
2,31,2,5,79.9
1,30,1,0,46.53
2,5,1,0,42.15
2,36,3,4,85.67
3,44,1,5,100.0
3,18,1,5,97.27
1,32,1,3,73.67
3,44,1,4,100.0
3,12,1,3,78.06
1,13,1,3,53.37
1,8,2,5,44.62
2,2,3,2,45.25
3,10,2,5,82.01
2,22,1,3,69.36
1,10,1,3,50.53
2,35,1,3,81.26
2,21,1,2,70.98
2,38,3,2,79.19
3,17,2,2,81.19
2,19,1,2,73.04
2,15,3,4,71.77
1,3,1,5,45.89
3,43,3,0,90.85
2,24,1,5,81.52
3,33,1,0,94.07
2,25,3,5,84.25
2,19,2,2,59.56
3,39,3,4,100.0
2,37,1,0,73.8
2,21,3,0,59.0
3,1,2,5,75.11
2,42,2,4,83.1
2,34,1,1,74.58
2,32,3,5,91.91
1,22,1,0,49.97
3,32,2,1,93.13
3,6,1,2,73.54
2,2,2,4,45.92
2,13,1,4,74.98
2,37,1,3,79.09
3,6,1,0,51.45
2,14,2,0,41.16
3,19,1,2,87.83
1,42,1,2,58.79
1,27,1,1,56.04
1,4,1,5,52.13
1,44,1,1,59.85
2,15,2,5,69.25
2,12,1,3,68.63
2,22,1,2,78.95
3,3,2,3,65.16
1,27,1,1,62.5
1,22,1,5,63.41
2,26,2,5,79.91
2,35,3,3,75.11
3,28,1,3,99.38
3,42,1,0,89.49
2,13,1,3,60.93
1,21,1,3,58.57
1,35,1,2,65.69
1,6,3,1,31.22
3,24,3,3,95.74
2,4,1,4,64.67
1,37,3,3,66.49
2,27,1,5,95.63
2,43,3,0,69.08
2,28,1,1,67.38
2,26,1,2,78.4
3,41,3,0,88.05
2,15,3,4,71.93
2,36,3,1,69.9
3,25,1,0,88.76
2,42,1,1,65.94
2,6,3,0,38.4
2,7,3,4,58.9
2,0,1,2,51.6
2,39,2,0,60.95
1,24,2,5,61.48
2,15,1,2,63.61
3,41,1,3,100.0
2,37,3,1,75.08
1,23,1,1,59.49
2,8,2,3,44.94
3,0,2,2,56.54
3,7,1,4,91.71
2,2,3,1,38.79
3,40,3,0,82.2
1,24,2,4,63.65
3,42,3,1,93.1
3,42,2,0,85.7
2,30,1,3,72.06
3,28,1,2,91.4
1,9,2,4,44.93
1,37,1,4,62.47
1,9,1,2,44.86
1,33,1,0,56.53
3,36,3,2,97.02
1,21,2,2,46.59
3,12,1,3,82.76
1,8,1,5,53.27
2,26,2,3,73.74
3,4,3,5,83.97
3,0,1,0,68.01
3,24,1,0,79.53
3,30,1,4,100.0
3,8,1,3,80.63
2,29,1,1,73.3
2,36,1,3,86.49
2,18,3,1,59.4
1,25,1,3,66.74
2,6,2,0,39.84
1,39,1,3,66.49
3,23,1,5,100.0
2,9,3,1,50.15
2,39,1,5,84.34
1,34,1,4,74.49
1,13,1,2,35.66
2,26,3,1,67.39
2,13,2,2,50.33
2,28,1,4,93.99
2,7,2,2,49.83
3,0,3,0,53.08
2,16,2,4,70.21
2,21,1,1,65.8
1,40,1,5,85.42
2,27,2,3,76.1
2,29,3,0,69.56
1,44,1,3,66.72
1,10,1,5,61.54
2,33,3,2,79.22
2,44,3,3,82.04
2,13,1,1,49.79
2,24,3,3,78.51
2,32,3,1,67.53
2,32,2,1,67.36
3,0,2,1,57.22
3,32,1,3,100.0
2,42,1,4,82.3
2,10,2,3,52.2
3,29,2,3,94.75
1,26,1,2,62.57
2,39,1,1,75.17
2,35,1,5,88.79
2,35,1,2,70.38
3,37,1,4,100.0
1,17,1,2,53.77
2,32,1,4,80.35
2,9,3,5,70.75
2,20,1,1,61.61
1,33,3,5,76.46
3,3,1,5,79.74
1,17,1,3,45.77
2,14,3,2,58.3
3,31,1,2,100.0
2,0,3,1,44.9
1,19,1,5,58.43
2,35,1,5,86.6
2,18,1,3,63.78
2,38,2,2,69.43
2,3,2,3,46.6
2,16,1,4,75.15
2,7,3,2,55.61
2,10,1,4,53.48
2,4,3,1,40.43
2,27,1,0,69.16
1,0,1,3,26.1
2,12,2,0,43.37
2,34,2,4,83.97
2,21,1,1,69.29
1,10,3,0,34.43
2,5,3,3,56.02
2,40,1,0,65.01
2,30,1,4,81.69
1,4,1,5,42.08
1,35,1,3,69.66
2,27,2,0,60.48
1,9,2,2,38.37
3,37,3,4,100.0
3,15,1,4,90.64
2,19,1,0,60.22
3,34,1,3,100.0
1,24,2,1,44.52
2,37,1,2,71.37
1,4,1,0,18.0
2,29,1,5,89.14
1,32,1,1,51.25
3,27,1,2,84.64
2,11,3,5,67.58
1,12,1,5,58.37
3,10,3,1,76.04
2,15,1,0,56.17
2,30,1,0,72.35
1,1,2,3,25.69
2,40,1,2,84.08
3,26,2,2,93.81
3,11,3,3,86.37
2,8,1,2,47.06
3,3,1,1,59.12
2,28,2,0,60.66
1,9,3,3,40.85
3,9,2,4,83.08
3,15,3,0,72.56
1,7,1,5,53.09
2,21,2,0,54.15
2,24,1,0,62.65
2,24,1,3,68.64
1,43,1,0,56.14
1,28,1,5,77.88
1,26,3,1,54.92
2,43,1,4,75.41
2,6,2,4,50.21
1,25,2,1,52.18
3,29,1,3,95.73
2,20,2,5,76.91
3,26,1,4,97.07
3,28,3,0,85.56
2,32,3,0,66.02
3,13,3,5,95.68
1,15,1,5,65.67
3,20,1,3,84.88
3,25,3,3,92.88
1,12,2,5,53.77
1,5,1,3,42.02
1,6,2,1,25.16
3,13,2,4,87.33
2,24,1,5,74.83
1,15,1,0,31.97
3,8,1,1,77.74
3,21,3,3,91.53
2,3,2,1,37.37
1,21,2,0,39.37
2,0,2,0,30.23
2,10,1,4,64.96
2,35,1,5,89.07
2,24,1,3,81.05
2,22,1,3,69.62
2,39,1,2,84.2
1,43,1,0,56.29
3,26,1,0,93.26
1,32,2,1,52.83
2,16,3,2,61.04
2,9,2,2,49.55
2,25,1,3,79.98
3,37,3,1,83.77
1,39,1,2,60.54
3,16,3,3,85.36
2,22,2,5,75.68
2,37,2,2,71.04
3,2,1,4,72.88
3,43,2,2,90.02
2,38,1,0,73.25
3,13,3,2,71.47
1,2,1,3,42.26
2,22,1,5,88.13
2,20,1,2,75.77
1,10,1,0,40.06
2,38,1,2,71.94
2,28,2,3,75.13
2,39,1,0,66.77
2,23,1,3,68.91
1,44,1,3,60.31
3,28,3,5,100.0
1,22,2,3,55.07
1,28,1,4,80.81
3,43,1,4,100.0
2,32,1,2,76.98
2,18,1,3,59.71
1,13,2,5,50.25
3,7,2,1,61.6
3,9,2,5,86.05
2,29,3,2,72.54
3,21,3,0,75.69
2,40,3,1,68.62
2,30,3,2,75.58
3,13,3,3,85.88
2,25,3,4,80.92
1,6,2,0,22.83
3,41,3,0,87.61
3,1,1,0,61.85
2,34,2,0,65.05
3,3,2,4,73.52
3,4,2,3,65.22
2,24,2,4,71.92
3,34,1,4,99.45
3,30,3,3,100.0
2,42,3,4,77.13
2,31,3,3,80.04
3,8,3,1,71.15
3,42,2,5,100.0
3,19,3,4,93.66
2,8,3,3,54.37
2,11,1,0,39.97
2,15,1,4,66.2
1,37,2,3,61.57
2,14,2,0,46.1
2,44,1,3,74.79
2,13,1,5,65.2
2,16,1,0,54.88
2,29,1,0,60.81
3,17,2,4,89.61
2,35,3,3,78.27
2,3,1,5,64.53
1,1,1,4,45.66
2,17,1,2,56.66
2,25,3,5,88.79
2,2,1,2,36.06
2,14,3,0,51.46
2,3,1,3,48.24
3,19,1,2,88.69
1,3,2,5,37.43
1,35,3,2,63.47
2,28,3,3,73.89
3,24,2,1,79.02
1,0,1,4,45.0
3,32,2,0,83.55
2,3,1,3,49.96
1,7,1,2,37.15
2,9,3,2,55.44
2,20,3,5,82.48
3,19,1,1,72.44
3,31,3,4,100.0
2,24,2,2,62.09
2,44,1,5,85.69
3,25,1,0,83.72
2,12,3,0,41.64
2,33,3,4,91.16
2,3,3,4,59.91
1,27,3,2,59.13
2,42,3,5,92.16
1,20,2,5,63.54
1,39,3,4,67.31
3,17,1,0,70.8
1,8,3,3,48.37
1,20,2,4,52.63
2,39,1,0,71.31
1,24,1,2,65.95
3,7,1,0,58.45
2,33,1,0,63.57
1,5,1,2,30.71
3,31,1,4,100.0
2,33,1,2,74.13
3,21,3,2,87.53
1,6,1,0,17.92
3,4,1,2,59.53
3,16,3,4,91.24
1,26,1,3,61.38
1,16,1,1,38.51
1,42,2,3,59.05
2,15,1,0,50.88
2,22,2,3,70.69
3,2,1,5,72.6
3,15,1,0,74.4
2,39,1,3,92.84
2,4,3,1,41.62
1,12,1,4,53.36
2,19,1,0,64.72
2,32,1,1,69.34
2,0,3,1,44.44
2,36,1,2,73.5
3,0,3,5,71.09
1,33,1,1,46.38
2,43,1,0,62.04
2,15,2,0,46.08
3,21,1,2,88.47
3,13,1,3,77.63
1,19,1,3,48.59
2,24,1,3,79.27
2,36,2,2,74.77
3,36,1,1,99.88
2,41,1,3,76.51
2,39,1,0,60.85
2,14,1,3,65.96
2,27,2,3,73.03
1,26,1,5,68.41
3,30,2,5,100.0
3,8,2,3,76.61
3,2,3,1,59.49
3,39,3,0,85.71
1,19,1,2,47.66
2,9,3,3,58.5
1,17,3,4,54.86
2,41,1,5,82.64
1,35,1,5,68.46
1,36,3,5,77.43
1,27,3,2,56.06
1,30,1,0,39.33
1,0,2,3,29.97
1,23,2,2,54.06
1,40,1,4,65.09
1,44,1,4,67.83
3,20,3,4,97.99
1,2,1,2,17.9
2,33,1,1,74.36
1,26,1,5,76.37
1,34,1,4,78.48
1,10,1,5,54.57
2,24,1,2,78.11
2,11,2,0,46.11
2,8,2,0,37.76
3,16,1,3,87.99
3,22,1,1,77.77
2,33,1,2,69.56
3,4,1,1,58.11
2,22,3,4,83.04
3,25,2,0,72.01
3,42,1,0,92.74
2,39,2,4,86.95
1,38,3,5,71.53
2,19,3,0,56.98
1,30,1,3,68.65
2,15,3,3,69.18
1,31,3,5,74.63
1,34,1,3,68.91
2,17,1,5,80.85
3,33,1,0,84.51
2,44,1,1,80.26
3,2,2,2,63.17
2,6,1,3,54.93
3,29,1,5,100.0
3,5,1,3,63.9
2,35,1,0,63.89
1,13,3,1,39.58
3,43,1,1,82.29
2,14,2,0,46.54
2,18,1,2,66.25
2,23,3,1,64.99
3,39,3,2,99.66
3,0,3,5,74.38
3,2,3,2,64.96
1,28,2,5,65.49
2,4,1,5,51.52
2,8,1,4,61.13
2,32,1,2,76.86
3,22,1,0,84.48
2,39,1,1,71.91
2,35,3,2,82.16
2,21,2,1,53.2
1,31,1,1,53.63
1,16,2,2,44.04
2,29,1,2,66.06
3,44,3,0,87.94
1,33,3,3,68.41
2,34,1,1,73.8
2,22,3,0,57.79
2,32,1,0,70.24
2,5,3,1,37.73
1,31,3,5,74.68
2,28,3,0,69.49
2,42,3,4,86.14
1,1,3,3,33.78
2,15,1,4,75.69
2,27,1,0,60.81
2,44,1,2,84.38
2,39,1,3,73.18
1,39,3,5,74.63
2,18,1,2,58.76
2,20,1,1,52.53
2,2,2,0,32.03
2,15,1,0,50.84
1,41,1,1,48.66
3,3,1,2,64.87
1,9,1,1,41.3
2,2,1,1,36.34
2,13,2,1,49.81
2,4,2,0,36.44
2,33,2,1,63.53
1,37,3,4,72.08
1,35,3,5,74.02
1,41,3,2,60.48
1,38,2,3,59.37
1,42,1,2,63.77
3,28,3,1,91.66
2,41,2,2,77.0
1,17,1,1,39.1
2,40,1,1,78.85
1,27,1,3,55.67
2,7,1,1,56.24
2,8,1,4,55.32
2,13,1,3,58.45
3,38,3,1,92.21
1,41,2,3,57.74
2,9,3,2,52.25
2,36,2,3,74.33
2,24,3,1,59.05
2,41,3,1,70.15
2,17,3,1,59.52
1,10,1,1,37.43
1,22,1,4,65.5
2,8,3,1,41.88
2,35,1,2,79.57
2,41,3,5,91.01
3,2,1,1,61.99
2,23,3,4,86.41
3,39,1,0,93.02
1,27,1,4,70.62
3,10,2,1,67.33
1,17,1,0,34.03
2,20,1,3,75.8
3,38,3,5,100.0
3,43,1,1,86.71
2,17,1,4,68.06
3,10,1,1,76.45
2,8,1,2,48.6
2,7,1,4,63.11
2,41,1,5,90.06
2,28,1,3,83.11
1,26,1,1,45.27
2,34,1,5,83.93
2,14,3,3,64.22
1,22,1,4,64.94
3,21,1,3,93.52
3,25,2,1,86.11
2,31,3,2,73.11
1,44,3,1,61.59
2,32,3,2,81.58
2,34,1,3,89.18
1,29,1,1,64.14
2,13,2,5,62.29
1,40,2,3,65.53
1,36,1,5,67.21
3,3,2,3,65.87
3,20,1,5,100.0
1,15,3,2,41.02
2,38,2,2,72.58
2,35,1,5,85.93
3,18,2,1,74.81
2,23,1,3,81.87
1,22,1,4,56.85
1,29,3,4,66.54
3,22,3,5,100.0
3,38,1,4,100.0
1,29,1,2,53.7
2,37,1,0,66.86
2,39,2,3,80.41
3,43,2,2,89.19
2,35,1,3,84.03
2,9,1,4,60.95
2,4,3,4,59.33
1,12,1,5,58.06
2,36,3,4,87.99
2,37,1,5,80.59
3,15,3,0,68.73
3,29,3,2,93.92
2,31,2,2,67.93
2,19,3,4,72.03
2,28,1,3,80.89
1,4,1,2,39.85
2,34,3,5,87.46
3,0,1,3,72.68
2,12,2,3,60.93
3,27,1,0,78.08
1,8,2,1,24.85
2,19,3,4,77.89
1,43,3,1,55.74
1,19,2,1,40.99
2,23,1,4,82.12
3,19,1,1,86.01
2,41,1,4,75.64
1,10,1,3,44.21
2,35,1,3,77.5
1,5,1,5,46.11
3,3,1,0,54.22
2,9,1,3,61.52
3,14,2,5,91.24
1,17,1,3,43.95
2,16,1,5,69.99
2,19,2,3,59.54
1,9,2,1,31.37
2,6,3,3,54.18
3,34,1,1,98.44
1,4,1,1,32.41
3,9,1,5,83.08
2,8,3,2,49.11
3,14,1,1,87.73
3,7,2,0,56.41
3,18,1,1,85.26
3,41,1,1,95.03
1,7,2,1,21.51
2,13,1,2,56.92
3,44,1,2,100.0
2,17,3,4,75.88
2,29,1,1,66.39
1,41,1,3,61.2
1,15,3,1,34.97
2,29,1,3,83.98
2,30,3,4,84.77
3,30,1,5,100.0
1,1,2,3,26.22
2,32,1,5,97.21
3,30,1,2,100.0
2,16,3,3,64.21
2,23,2,5,78.77
2,4,2,4,43.7
2,0,1,2,46.07
3,21,3,4,92.11
1,22,2,4,64.06
2,24,3,0,63.28
2,6,3,2,46.97
2,42,2,0,62.95
3,27,1,3,93.9
1,13,1,5,54.05
2,7,2,0,36.49
1,32,1,2,56.22
2,11,2,1,48.58
3,18,1,4,94.07
2,40,1,1,72.56
1,8,2,5,44.98
2,23,1,3,72.08
1,21,3,5,64.47
2,41,3,2,81.8
1,25,3,3,59.77
2,15,1,1,61.52
1,25,2,4,60.79
2,33,2,2,71.52
2,9,3,2,53.46
3,11,1,2,74.99
2,7,3,4,59.26
1,11,3,0,34.6
2,38,1,2,85.22
1,27,1,0,41.33
2,43,2,0,60.28
2,36,1,3,89.12
2,27,1,5,79.79
3,4,2,2,62.11
2,36,1,5,97.5
2,4,1,1,52.92
2,22,1,0,65.0
2,14,1,5,69.13
3,38,3,0,87.9
2,37,1,3,86.2
1,26,2,1,49.06
1,44,1,2,66.89
2,1,1,3,54.25
3,9,1,3,73.06
2,25,2,1,60.03
2,12,3,5,72.39
1,34,1,0,58.53
2,37,3,0,69.94
2,12,1,0,49.52
1,41,1,1,54.4
1,11,3,5,57.96
2,30,1,2,85.15
1,13,1,3,48.02
2,8,2,2,49.34
2,14,1,4,75.02
2,39,3,4,82.83
2,9,1,5,74.08
2,39,3,4,80.07
2,17,1,5,71.83
2,44,1,2,83.04
2,40,1,1,76.11
2,3,3,0,36.76
2,40,1,5,97.9
1,2,1,4,28.89
1,5,2,5,39.33
1,42,1,0,43.13
2,2,2,3,42.56
3,17,1,4,97.99
3,25,1,2,82.44
2,29,1,4,86.35
1,8,1,4,40.28
3,26,2,2,85.83
3,35,2,1,78.8
3,30,1,4,97.53
1,11,1,1,27.78
3,2,3,1,60.85
3,35,3,0,87.03
1,27,1,4,59.17
3,23,1,0,79.29
1,1,1,1,21.17
3,39,2,0,80.43
1,33,1,4,75.02
1,34,3,0,49.52
2,8,1,0,38.95
2,4,2,3,40.73
2,2,1,1,44.92
3,6,2,3,68.79
3,39,1,5,100.0
3,24,1,3,96.73
3,23,1,1,79.5
1,35,1,2,68.16
3,41,3,0,92.61
1,24,1,0,49.22
2,25,1,0,59.14
2,6,1,0,41.68
2,12,1,5,63.87
2,33,2,3,78.42
2,3,3,5,57.68
3,33,1,3,100.0
2,21,2,0,56.22
1,41,1,3,58.38
2,38,2,4,81.16
1,27,1,3,67.95
2,37,2,1,68.53
2,19,2,2,60.69
3,34,2,1,85.26
2,17,2,5,68.4
3,34,1,5,100.0
2,12,1,1,52.05
2,11,2,3,59.73
3,13,2,4,85.23
1,32,1,1,50.11
3,18,2,2,81.8
1,43,2,4,70.22
2,43,2,2,69.46
2,28,1,2,80.65
2,16,1,1,61.73
3,8,2,2,67.57
2,16,3,0,47.16
2,28,1,4,76.95
2,44,1,5,86.94
2,31,2,5,89.69
2,16,1,2,59.32
3,17,3,4,91.9
2,16,3,1,58.18
2,28,1,1,60.91
2,20,1,0,50.74
1,36,3,1,57.11
2,39,3,0,72.06
3,26,1,5,99.68
1,19,1,0,43.99
2,7,2,0,37.87
3,16,3,2,85.97
2,5,3,4,58.73
2,28,2,3,72.18
3,12,2,4,80.19
1,11,2,0,22.32
3,36,2,0,78.18
2,34,1,1,74.37
3,12,1,4,80.06
1,43,1,1,63.82
2,41,1,1,76.17
2,44,3,4,84.29
2,31,1,2,84.28
3,16,2,5,88.74
2,15,2,4,64.47
2,8,1,2,49.83
2,15,3,2,63.34
3,16,1,1,82.28
2,20,1,0,52.13
2,38,1,3,89.2
3,15,2,0,65.5
2,1,3,0,36.52
1,20,3,4,58.21
2,17,1,5,70.05
1,25,1,1,56.38
2,8,2,4,60.6
2,5,1,0,48.4
1,0,1,5,38.28
3,26,1,2,90.03
2,5,2,2,45.18
2,5,3,3,53.75
3,42,3,4,100.0
3,23,2,0,78.18
2,4,1,4,57.79
1,9,3,5,44.9
2,26,1,3,69.76
2,8,1,5,75.79
3,32,1,0,84.39
3,34,2,2,88.06
3,27,1,1,88.69
2,35,2,5,83.64
2,23,3,1,64.13
2,42,2,3,79.82
2,40,1,5,87.15
2,30,3,5,88.33
2,36,2,1,69.27
3,40,3,0,84.89
1,28,1,0,48.5
1,31,1,2,69.34
1,33,1,0,55.57
2,5,2,1,38.23
3,5,2,5,75.15
2,3,1,1,46.95
2,13,2,3,63.55
2,20,3,4,77.64
2,39,2,2,69.69
2,40,2,1,63.83
2,1,1,5,53.96
3,40,2,3,97.02
3,20,3,0,76.6
1,11,3,2,41.46
1,40,1,0,47.25
3,40,1,5,100.0
2,44,1,4,90.01
2,2,2,1,38.44
2,21,2,2,59.4
1,38,2,2,51.71
2,32,1,3,76.61
1,32,2,4,68.15
2,22,1,4,68.64
2,40,1,0,74.79
1,40,1,1,60.91
3,41,2,2,91.68
3,22,2,1,78.9
3,37,2,0,84.17
2,40,1,5,79.51
3,22,3,0,78.35
2,15,1,0,49.41
1,43,1,5,79.65
1,10,2,3,43.01
2,26,1,0,57.45
2,29,3,5,92.34
2,34,3,3,77.45
2,13,3,0,50.4
2,16,2,5,67.62
3,16,2,5,89.59
1,3,1,0,16.41
3,25,1,3,90.28
1,33,1,3,59.59
2,10,2,3,56.98
2,4,1,0,31.49
1,23,1,5,59.28
2,5,3,1,41.65
3,24,1,5,100.0
2,1,1,0,41.94
2,13,3,0,46.91
2,34,3,1,74.23
2,3,1,1,49.82
3,44,1,3,100.0
1,25,3,0,49.28
2,1,3,0,33.57
2,42,1,1,82.25
1,9,3,4,47.67
3,20,2,3,85.52
2,42,3,5,88.55
1,22,2,0,40.47
2,44,2,2,69.23
1,16,1,3,57.05
1,5,1,2,27.63
2,25,3,0,64.32
2,38,1,2,69.9
2,42,2,5,81.63
3,30,1,5,100.0
1,3,1,0,23.84
2,39,1,4,88.7
1,18,1,3,49.66
2,9,2,4,55.98
3,42,1,2,100.0
2,40,1,4,86.91
1,6,3,5,47.95
1,14,1,4,49.66
3,30,1,1,87.43
1,25,3,4,65.84
2,4,3,5,64.76
2,41,1,0,74.82
1,34,2,4,60.92
1,36,1,4,74.58
1,7,2,5,42.52
1,33,1,0,57.31
1,0,1,0,19.66
2,37,3,3,85.19
2,13,2,2,59.58
2,5,3,1,41.91
1,31,3,4,67.75
2,22,3,4,73.72
2,3,2,4,50.06
2,25,1,0,55.18
2,31,2,1,65.9
3,22,1,3,90.22
2,39,1,1,70.94
2,9,3,4,61.19
2,12,2,5,60.58
2,35,1,3,88.18
2,2,3,3,55.06
3,41,2,0,81.34
3,8,1,0,67.12
2,13,3,1,53.65
2,40,1,5,85.97
3,25,1,0,83.31
2,18,2,3,66.45
1,38,1,0,57.64
1,0,3,2,29.18
3,7,3,2,69.72
2,11,2,5,58.1
3,5,3,0,56.36
3,35,1,3,95.09
3,5,1,3,68.19
2,37,1,4,75.1
3,5,3,0,65.12
1,26,3,5,73.42
3,8,3,0,59.22
1,8,3,4,46.53
2,10,2,4,63.63
2,12,1,4,58.66
2,10,1,5,74.67
1,33,3,1,52.53
1,17,1,2,47.63
2,43,1,0,72.63
2,20,3,3,67.83
3,7,1,3,79.83
2,35,2,3,72.21
3,20,2,4,85.2
2,29,1,1,66.92
2,5,2,5,62.79
2,4,1,1,50.63
1,0,1,3,35.09
1,1,1,4,34.22
2,17,1,0,47.28
2,3,2,4,51.0
2,18,1,3,65.61
2,17,3,2,64.6
2,41,3,3,82.88
2,27,2,0,61.57
2,41,1,2,70.82
2,31,3,0,67.64
2,15,3,3,62.51
3,43,2,4,99.37
3,19,1,1,73.98
2,3,1,4,50.56
2,18,1,1,67.53
1,39,1,3,63.53
2,13,1,4,66.79
2,44,3,1,73.47
2,39,2,5,85.06
3,25,1,1,81.9
2,31,3,5,86.95
3,40,3,2,98.51
3,28,1,3,92.6
1,0,3,5,38.36
2,33,3,2,71.05
2,30,1,3,86.78
2,23,2,2,67.56
3,36,1,0,94.15
3,20,2,3,82.93
2,29,3,1,69.95
1,0,1,5,40.42
3,5,2,5,79.21
2,31,3,2,78.52
2,27,1,1,63.66
3,21,2,3,91.33
3,32,1,1,96.2
1,24,3,5,67.71
1,19,1,5,69.73
1,44,1,4,63.96
2,16,1,1,47.46
1,8,1,5,47.74
2,12,3,2,56.01
2,36,1,2,71.63
3,15,2,2,74.85
2,2,1,5,54.24
3,43,1,1,97.88
1,30,2,1,51.15
1,40,2,0,49.27
3,7,2,1,62.18
2,4,3,2,51.08
1,1,1,1,28.68
2,20,1,2,70.68
1,16,2,5,57.68
1,7,2,3,37.08
2,21,2,5,75.48
2,33,3,2,72.46
3,36,3,1,94.88
2,9,3,4,66.23
2,17,2,2,51.63
3,14,2,2,72.81
2,10,1,0,43.17
2,8,3,5,64.81
2,2,2,3,39.82
2,1,1,3,41.49
3,8,1,2,74.88
1,13,1,4,46.13
3,15,2,4,82.64
3,34,2,1,89.17
2,38,2,4,81.61
3,20,1,4,85.97
1,13,1,1,31.23
2,10,1,3,51.95
2,30,1,0,64.19
2,8,1,0,38.57
3,7,2,3,68.33
2,26,3,4,87.99
3,35,3,3,97.98
1,40,2,3,59.72
1,25,1,3,53.73
2,6,1,4,66.04
1,8,2,4,40.14
2,11,3,1,49.28
2,2,1,0,41.55
3,36,2,2,99.53
3,37,3,5,100.0
3,14,1,3,75.89
3,20,1,3,97.96
2,26,3,4,81.15
2,37,1,5,93.77
2,24,2,2,70.15
3,41,1,2,89.59
3,8,1,4,91.05
1,19,1,2,55.88
3,6,2,0,53.08
2,11,1,2,60.35
3,30,1,2,98.95
1,42,1,3,55.56
2,23,3,3,74.53
2,5,1,2,44.0
2,44,3,2,77.14
2,32,1,0,74.29
2,12,3,1,49.1
3,35,1,2,87.93
2,10,3,4,67.75
2,1,3,2,48.25
2,34,1,2,87.87
3,42,3,4,100.0
2,18,1,3,69.39
1,19,1,5,71.47
3,8,2,1,63.89
1,33,1,0,53.21
1,31,3,2,62.17
1,39,1,4,78.41
1,35,1,4,71.02
1,18,1,4,52.3
1,20,2,3,48.82
1,42,2,5,66.77
1,13,1,5,52.58
2,22,1,4,70.76
2,5,2,0,36.38
1,29,1,0,56.55
2,18,1,2,68.74
2,30,1,4,93.38
1,2,1,2,25.34
1,8,3,0,28.84
3,26,1,5,96.1
2,40,3,3,81.17
3,2,3,2,67.39
2,31,2,3,73.93
1,34,1,4,74.48
2,22,1,0,59.33
1,34,3,3,62.68
1,33,1,5,82.7
2,29,3,4,83.44
1,38,3,5,76.57
3,3,1,0,54.6
2,10,1,0,40.22
3,14,2,5,86.83
3,33,1,4,94.01
2,34,1,4,80.25
2,25,3,3,76.32
1,7,1,2,30.18
1,43,1,3,74.4
2,30,2,4,90.35
3,40,1,4,100.0
2,12,3,4,71.31
1,28,2,2,52.52
3,30,3,0,76.78
2,29,2,1,63.87
3,44,2,5,100.0
1,8,1,1,28.7
3,22,1,1,91.16
2,28,1,5,92.75
2,37,1,0,76.59
2,25,3,5,91.01
3,25,1,3,100.0
3,21,1,0,84.3
1,33,3,1,58.93
3,1,3,0,56.8
2,43,2,5,84.21
2,7,1,2,49.3
1,7,3,0,26.87
2,31,1,1,64.36
2,26,1,4,84.67
3,44,1,3,98.42
2,35,3,5,88.72
3,29,1,3,100.0
3,39,1,4,100.0
3,24,2,2,84.36
1,0,3,2,27.44
3,34,3,4,100.0
2,35,3,5,93.69
3,3,1,5,86.67
2,21,1,2,58.91
2,0,2,1,37.59
1,17,1,5,56.52
1,6,3,1,29.13
2,34,1,3,84.37
1,9,1,3,41.25
1,1,3,5,41.09
3,13,1,3,78.09
2,10,3,2,52.62
2,16,3,0,50.76
2,24,2,3,67.51
3,18,1,5,92.37
2,37,1,2,68.84
2,4,3,4,56.58
2,6,2,5,58.65
2,0,1,3,51.06
3,39,3,2,96.46
2,3,2,1,36.38
2,30,1,2,77.05
1,26,1,5,67.56
1,13,1,4,45.82
2,8,1,2,46.17
3,42,1,3,100.0
2,39,3,4,90.52
1,24,1,4,56.25
1,30,1,5,70.72
2,32,3,2,76.22
2,37,1,1,65.71
3,13,3,4,86.68
1,4,1,1,27.38
1,36,1,5,71.73
3,8,1,2,80.09
2,28,2,2,67.94
2,35,1,5,90.4
1,9,2,0,20.79
2,28,1,0,72.45
1,2,3,0,23.0
3,36,3,5,100.0
2,19,1,4,68.26
2,33,1,5,94.87
2,6,1,2,45.4
1,4,1,0,18.63
2,13,1,0,51.5
2,4,1,2,41.48
2,32,1,3,86.78
1,18,2,4,52.51
1,5,1,1,23.2
2,29,3,2,73.5
2,43,1,1,76.78
2,9,3,3,58.62
2,8,3,4,60.14
2,37,2,2,75.82
2,0,2,3,42.44
3,39,2,5,100.0
1,9,1,5,44.42
1,2,1,5,40.43
1,42,3,4,68.73
1,39,1,4,76.18
2,31,3,0,70.02
1,21,2,2,50.76
2,36,1,2,85.93
2,36,1,5,93.5
2,33,2,4,82.35
2,20,2,1,58.37
2,16,1,4,70.01
1,24,3,3,57.2
3,5,1,2,62.2
2,23,1,1,63.73
2,10,1,0,42.41
3,40,1,2,97.75
2,11,2,2,51.12
1,32,1,2,55.44
2,2,1,3,53.28
2,28,3,2,72.23
2,2,3,4,53.35
2,31,1,1,69.19
2,34,1,0,73.22
3,23,1,2,98.19
2,10,1,4,65.4
2,3,1,1,45.53
1,31,3,3,68.34
2,32,1,4,74.83
2,2,1,4,50.17
2,44,1,3,87.59
1,28,2,0,45.34
3,29,3,2,98.41
2,38,1,3,80.6
3,26,2,0,79.07
1,42,3,1,55.39
2,35,3,5,89.32
3,44,3,4,100.0
2,39,2,5,84.13
1,6,1,1,26.39
1,35,1,3,73.72
1,13,1,5,57.17
3,37,2,0,82.98
3,8,2,1,58.8
2,3,1,1,40.47
2,41,3,2,81.31
2,38,1,1,63.45
3,7,3,4,79.44
2,17,1,5,82.82
1,8,1,2,32.77
2,35,1,5,82.57
3,44,3,4,100.0
2,19,3,2,64.63
3,39,1,2,90.65
2,9,3,2,58.99
1,35,1,0,45.65
1,0,3,5,44.72
2,40,1,2,86.8
2,38,3,1,68.9
1,8,1,3,35.53
3,19,1,5,95.96
2,6,1,2,58.15
2,33,2,4,83.05
2,38,1,5,82.72
2,9,1,4,58.16
2,37,2,4,83.34
2,17,3,0,50.19
1,29,3,1,57.32
2,18,3,2,62.88
2,16,1,1,49.64
2,23,1,4,77.97
1,37,1,2,68.54
1,42,1,2,64.47
2,41,1,2,71.67
1,33,1,5,69.8
1,30,1,0,51.09
3,22,3,4,100.0
3,24,3,5,100.0
3,36,1,3,100.0
2,22,1,5,89.98
3,5,1,3,83.16
1,20,2,4,52.17
3,42,2,1,83.64
2,29,3,4,87.01
2,29,2,3,73.7
3,12,3,1,71.71
2,4,1,5,60.3
1,12,1,4,46.18
2,28,1,3,88.45
2,41,2,4,78.58
1,34,1,0,57.13
1,41,1,3,65.85
3,30,1,1,86.96
2,9,1,5,58.55
2,43,1,2,72.47
3,43,1,3,100.0
3,14,2,0,65.98
2,32,1,4,74.13
2,9,1,3,54.91
1,19,1,4,53.32
1,18,3,4,56.42
3,16,2,5,87.28
1,36,1,5,77.63
1,9,3,4,47.0
2,16,1,2,57.52
3,25,2,2,86.53
3,4,2,0,52.28
2,31,3,4,88.52
3,10,1,5,83.65
1,41,1,0,56.03
3,38,1,0,83.36
2,22,1,1,61.94
2,32,1,3,90.42
1,11,1,5,49.49
2,20,3,3,69.93
2,20,1,1,68.21
3,24,3,0,77.19
2,25,1,1,67.99
1,5,2,0,23.94
1,19,3,3,46.32
2,20,1,4,70.68
2,34,1,3,82.78
2,7,1,2,45.21
3,16,2,2,77.89
3,19,1,2,91.32
2,42,1,3,88.28
1,0,3,0,20.7
2,29,1,0,61.54
2,36,1,5,92.58
2,11,1,3,53.63
3,10,1,1,75.75
1,3,1,1,24.25
2,11,1,5,76.61
3,40,2,3,97.71
2,6,3,5,59.43
2,31,1,2,72.47
3,18,3,1,81.0
2,20,2,4,67.96
2,33,1,4,91.56
2,3,1,4,47.67
2,17,3,2,58.16
1,28,3,3,69.31
2,17,2,2,57.67
2,24,1,3,70.72
2,22,1,2,59.99
2,24,1,4,90.16
3,9,3,3,79.08
2,39,1,4,91.08
3,12,1,2,72.71
3,40,1,5,100.0
2,15,2,1,52.8
3,20,3,5,100.0
2,8,3,2,51.81
1,28,3,3,68.89
1,14,2,1,35.39
2,22,1,2,76.55
1,25,1,0,55.11
1,20,1,2,48.39
2,2,2,2,50.22
2,17,3,2,64.78
2,19,1,1,69.78
3,40,1,0,96.77
2,21,2,3,65.98
2,44,3,4,90.31
1,29,2,5,66.81
2,12,1,5,65.5
1,30,1,5,72.71
2,43,1,4,81.06
3,34,2,5,100.0
2,16,3,1,59.19
1,16,3,5,60.86
3,29,1,5,100.0
2,18,1,2,68.74
1,0,1,4,44.54
2,38,3,0,69.6
1,8,3,4,44.42
2,17,3,5,69.95
1,22,1,0,47.41
2,24,3,3,78.87
2,17,1,4,70.31
3,29,3,3,99.83
2,39,3,1,72.58
1,6,2,1,23.44
1,19,2,5,60.29
3,1,2,4,70.56
1,9,1,3,39.44
1,12,2,3,42.52
1,20,1,3,49.1
3,42,1,4,100.0
2,39,2,2,70.27
2,35,1,2,76.21
1,7,3,0,30.96
2,15,3,0,49.88
3,23,1,3,92.19
2,15,3,2,56.27
2,24,2,1,62.08
2,27,1,2,61.95
2,44,3,1,70.59
2,39,1,2,87.68
2,12,1,2,64.63
2,17,3,1,55.4
2,21,2,0,51.19
2,24,3,4,79.65
3,32,1,4,100.0
1,25,1,3,63.0
2,6,1,2,59.33
3,26,3,0,85.94
1,0,1,2,23.85
2,0,2,2,37.42
1,33,1,1,49.1
3,16,3,5,91.91
3,0,1,5,86.82
3,42,1,3,94.33
2,21,3,2,69.96
3,8,1,3,68.12
2,8,1,2,47.89
2,36,3,3,80.78
1,25,3,5,70.3
1,5,1,3,33.5
3,0,1,0,59.64
3,29,3,3,99.76
2,22,1,5,81.44
3,32,3,5,100.0
1,0,1,5,34.54
2,30,3,2,79.57
2,28,2,3,70.3
2,31,1,3,87.69
2,20,1,0,52.6
2,33,2,3,72.18
2,19,1,3,77.85
2,3,2,5,57.75
2,16,2,0,49.6
3,44,1,4,100.0
3,33,2,1,88.44
1,30,2,2,55.87
2,40,2,1,61.71
1,34,1,2,59.54
2,35,1,2,90.03
2,16,2,2,57.2
2,22,2,3,69.54
3,35,3,2,88.94
3,26,2,4,93.94
2,12,1,5,71.55
2,18,2,4,66.2
2,0,2,4,51.35
1,4,1,0,18.69
2,16,3,1,53.22
2,2,1,0,39.57
2,19,3,0,60.17
1,23,3,4,61.67
3,15,3,2,83.23
1,0,1,0,29.14
3,10,1,5,76.68
2,20,1,0,46.25
2,21,1,0,59.38
2,43,1,1,70.79
3,37,1,2,94.94
2,40,2,4,79.97
3,3,1,5,85.04
2,14,2,5,70.66
3,23,1,4,87.56
2,29,3,0,61.71
2,32,2,1,64.98
1,15,3,1,42.69
2,42,3,4,87.35
2,29,1,2,70.45
2,20,2,2,59.2
2,32,1,3,77.51
1,29,1,0,45.24
1,32,1,5,65.28
1,1,1,3,30.55
2,10,1,4,65.95
2,34,3,3,81.64
2,33,3,3,86.12
2,41,3,4,82.84
3,24,1,2,87.42
2,17,1,3,71.86
2,40,1,3,81.87
3,33,1,2,93.4
1,37,2,0,47.51
2,41,1,5,93.79
2,21,2,2,62.51
2,31,1,2,86.19
1,17,1,1,50.51
1,29,2,1,52.8
1,44,1,0,57.51
3,21,3,4,96.98
1,16,2,0,35.35
1,21,3,4,60.42
2,8,3,0,45.75
1,27,1,5,76.52
3,32,1,3,100.0
2,10,3,0,42.2
2,26,2,1,62.78
2,3,3,5,63.68
2,36,3,1,68.87
1,18,2,3,47.14
2,34,3,0,67.75
2,7,1,3,53.05
3,11,2,0,59.55
1,22,2,4,58.82
2,17,3,2,61.62
1,26,1,5,64.53
2,27,1,0,61.03
2,33,1,4,81.64
1,22,1,4,57.9
1,29,1,4,63.39
2,23,2,0,55.04
1,12,1,0,27.69
2,33,2,4,83.04
2,28,1,1,74.42
3,5,3,4,78.54
3,20,1,0,83.48
2,42,2,1,66.27
3,22,3,2,90.45
2,7,3,4,61.1
2,15,3,3,60.31
1,3,2,1,25.28
2,18,1,4,67.96
2,13,3,0,50.89
3,15,1,3,71.99
1,22,1,5,57.11
2,34,1,1,74.63
3,24,1,4,100.0
3,3,3,2,70.42
2,5,2,4,52.64
1,21,1,2,45.16
2,26,1,4,86.84
2,8,1,5,64.44
2,14,1,5,71.54
2,8,1,1,56.18
3,6,2,4,73.4
1,18,1,5,57.96
2,17,3,5,75.63
3,0,1,3,72.65
2,27,2,1,63.49
3,33,2,0,87.59
2,36,3,5,93.05
2,33,1,5,95.31
3,24,3,1,88.65
1,14,3,1,49.5
2,15,1,1,59.35
2,22,1,2,76.86
1,16,1,1,39.32
3,3,3,3,68.42
3,19,3,1,85.04
2,18,3,2,58.49
2,29,1,2,78.49
1,33,2,0,46.38
2,21,1,3,67.76
1,17,3,5,63.87
2,20,2,5,73.68
3,2,1,1,61.31
1,35,2,0,45.65
3,21,1,0,71.51
3,21,3,1,85.23
2,26,3,4,78.73
2,11,3,1,51.97
1,43,2,0,44.5
2,22,1,2,71.95
3,12,1,1,70.11
2,12,2,3,53.12
2,33,2,3,77.07
1,40,2,4,65.32
3,30,1,5,100.0
2,35,1,1,61.92
3,0,3,4,69.78
3,38,3,0,93.01
2,25,3,2,72.9
2,11,2,0,41.41
3,23,3,5,100.0
2,2,3,5,55.78
2,13,1,0,43.2
1,22,2,1,45.36
2,32,3,0,67.25
2,14,1,0,44.31
1,27,1,3,68.86
3,38,1,4,100.0
1,38,2,5,73.55
3,39,3,2,93.38
3,22,1,4,93.8
3,31,2,4,99.93
2,23,1,4,87.49
3,13,1,4,79.69
1,42,2,5,73.02
3,42,1,5,100.0
3,15,2,2,81.43
2,16,3,2,60.54
3,24,2,3,88.64
3,2,1,2,71.96
2,40,3,4,85.84
2,23,1,3,75.53
1,36,1,4,66.17
3,27,1,0,92.91
2,27,3,2,73.88
2,35,1,2,81.37
2,18,1,2,69.8
1,7,3,2,32.31
2,24,1,4,76.16
2,9,2,4,61.14
2,12,3,4,65.11
3,14,1,4,86.69
2,10,1,3,54.11
1,33,2,3,62.79
2,44,1,5,87.6
2,1,2,0,30.91
3,2,2,0,50.36
2,29,1,5,84.56
2,34,1,0,58.15
1,25,2,1,48.33
2,16,1,1,62.88
2,9,1,2,58.84
2,13,3,1,59.93
2,41,1,4,80.51
2,16,1,0,45.34
1,13,1,0,40.74
3,2,1,3,69.83
3,34,1,4,100.0
1,16,1,1,32.18
2,3,2,0,32.82
2,24,2,4,77.89
2,35,1,1,61.78
1,20,1,2,54.1
3,37,1,2,95.42
3,5,3,4,81.69
3,17,3,3,84.86
3,10,1,5,84.32
3,40,2,5,100.0
2,4,1,4,50.75
2,40,1,1,77.43
2,3,2,5,52.11
1,25,3,3,63.34
3,44,1,0,79.99
3,28,2,5,100.0
1,28,3,1,60.54
2,9,1,3,55.03
3,17,1,0,66.38
2,24,2,3,69.84
2,9,1,1,54.48
3,31,3,5,100.0
1,11,3,5,54.41
3,37,3,0,86.52
2,24,1,4,84.07
1,38,2,2,50.51
1,36,1,4,75.47
3,39,1,1,89.1
1,13,3,0,35.72
2,35,2,4,80.11
1,26,1,5,64.97
3,19,2,5,92.91
2,43,1,3,85.76
1,17,3,3,53.37
3,24,1,2,82.41
3,37,2,0,79.23
2,12,2,5,66.57
1,25,1,5,72.84
2,34,1,3,78.9
1,18,2,0,36.21
2,29,1,4,79.98
3,30,3,4,100.0
2,15,2,0,41.65
3,25,1,2,87.03
3,29,1,3,100.0
2,18,3,3,66.83
1,21,1,0,36.19
3,3,1,5,84.75
2,17,1,1,51.39
1,27,1,0,54.27
2,24,3,0,63.0
2,20,1,5,75.83
3,25,3,3,95.09
2,27,1,0,59.49
1,27,1,2,53.09
2,8,1,1,58.37
2,20,2,3,63.4
1,24,1,1,58.21
3,43,2,4,100.0
2,39,2,5,84.3
1,43,1,4,78.2
1,14,2,3,46.97
2,39,1,2,77.06
1,13,3,5,53.76
3,17,1,0,68.13
2,17,1,5,74.72
2,20,2,2,59.85
2,24,3,4,84.19
2,17,1,4,70.04
2,33,2,5,87.41
2,35,2,4,82.63
1,17,1,1,53.87
3,14,1,3,90.37
1,38,2,1,52.29
3,18,3,3,87.96
2,28,3,4,80.59
2,38,2,3,72.5
3,33,2,4,100.0
1,42,2,1,48.36
2,40,1,1,68.97
1,42,3,4,69.69
2,17,2,3,62.97
3,12,1,1,69.28
3,30,1,4,99.68
3,23,2,5,96.6
2,25,2,0,53.17
2,20,3,4,74.51
3,20,3,5,98.04
2,13,1,4,62.1
2,8,2,0,42.4
3,5,3,3,69.6
3,39,1,5,100.0
3,23,2,1,75.19
3,6,1,1,70.68
1,15,2,5,58.3
1,20,3,2,50.06
1,33,1,3,64.17
2,40,3,5,91.26
1,1,1,4,35.51
3,34,1,1,95.64
3,34,3,0,89.92
2,11,2,3,58.24
1,6,1,5,50.68
2,25,2,4,78.05
2,6,1,1,38.68
2,24,3,4,77.84
3,36,1,1,95.88
1,1,1,4,33.43
1,39,3,0,52.25
2,8,3,5,63.24
2,30,1,2,66.64
1,28,1,5,69.52
2,28,3,2,77.55
1,31,2,0,46.64
3,34,1,3,98.01
2,9,3,3,54.1
2,11,1,4,75.46
1,42,2,0,48.93
2,9,3,3,53.09
2,15,1,5,77.55
2,41,2,1,71.76
1,3,2,4,33.6
1,29,1,4,71.32
2,12,1,5,76.2
2,39,3,2,78.94
1,13,1,2,47.09
1,22,1,1,52.97
1,9,2,4,42.38
3,40,3,2,96.07
1,22,3,5,72.17
2,19,3,2,64.74
2,24,3,4,78.61
1,26,1,5,64.68
3,20,1,5,92.9
2,2,2,2,40.47
2,1,3,3,49.28
2,24,3,3,76.62
1,40,3,5,73.93
3,32,1,3,95.0
2,23,1,3,66.38
1,16,2,4,46.05
2,36,1,3,75.58
1,7,1,2,28.23
3,17,1,5,89.92
2,6,1,3,49.73
3,21,3,4,94.97
2,20,3,0,61.41
3,12,1,5,86.17
1,1,2,0,10.73
2,8,1,1,51.5
2,14,1,3,69.96
2,27,1,5,91.2
3,35,1,4,100.0
2,28,3,1,72.05
1,0,1,0,24.07
2,37,1,5,86.08
1,1,3,5,43.56
2,23,1,5,87.62
1,42,2,5,72.37
1,8,1,5,43.72
1,6,1,1,27.37
3,31,1,3,100.0
2,44,2,2,75.62
1,9,2,4,44.94
2,25,1,1,73.47
1,3,1,5,50.44
2,28,1,1,74.33
2,0,1,5,51.49
1,19,1,5,66.6
3,31,2,5,100.0
2,2,2,0,30.44
2,28,1,1,62.87
1,1,1,2,27.12
1,25,1,0,39.5
2,36,2,4,81.53
2,35,1,4,94.27
3,14,3,2,79.01
2,41,2,4,74.2
2,41,1,4,88.23
3,41,1,4,100.0
2,15,1,4,66.57
2,3,1,2,44.9
2,15,1,0,47.07
2,26,1,3,79.47
2,10,2,5,65.73
1,28,3,3,64.0
3,21,1,3,88.85
1,17,1,2,43.79
2,44,2,3,77.67
1,25,2,1,47.88
3,7,1,5,86.91
2,19,3,1,58.99
2,1,2,2,39.82
1,43,1,4,70.02
3,5,3,5,83.16
1,4,2,3,27.18
2,35,1,2,78.16
2,14,3,3,59.58
2,23,3,2,70.07
1,34,3,5,71.93
1,36,3,1,60.48
3,27,3,2,93.35
3,40,1,3,96.58
1,21,1,3,66.18
2,18,1,0,56.49
1,42,1,4,73.52
2,4,3,1,41.79
2,44,3,4,80.55
1,42,3,3,64.15
2,31,2,2,73.38
1,25,3,3,67.36
1,23,1,1,51.04
2,40,1,4,78.79
2,22,1,0,63.37
3,19,1,5,93.33
1,44,1,4,65.96
2,35,2,2,71.52
1,6,2,3,31.63
2,9,1,3,52.46
2,4,2,5,58.13
3,27,1,2,100.0
3,18,3,3,93.14
2,15,1,2,53.4
1,13,1,2,47.48
2,23,1,1,62.22
3,41,3,5,100.0
3,43,3,5,100.0
3,32,3,0,90.91
1,2,3,0,30.9
2,33,1,4,87.78
2,36,1,3,77.2
1,41,3,5,72.3
1,22,1,3,58.98
1,26,3,4,70.9
2,19,1,5,85.53
3,8,2,3,70.43
2,4,3,0,40.39
2,25,3,2,70.16
2,33,2,4,79.77
1,10,3,2,42.1
2,5,2,3,46.78
2,43,3,4,86.84
3,34,2,1,84.36
2,12,2,0,45.64
3,25,1,2,99.89
2,26,3,1,64.78
2,12,3,2,55.57
3,36,1,3,100.0
1,38,1,4,65.18
3,21,3,5,100.0
2,7,2,1,39.96
1,17,1,4,48.39
2,1,3,2,43.62
2,14,2,0,48.93
1,35,3,1,58.59
1,21,1,2,61.37
3,11,3,1,68.79
2,35,1,1,70.7
2,37,1,0,64.2
3,8,1,2,70.35
2,21,1,0,64.49
3,20,2,5,97.87
3,37,1,4,96.41
3,33,1,2,97.5
1,36,1,3,56.75
2,25,1,4,83.73
2,20,1,2,75.29
2,31,2,1,65.77
2,26,1,4,74.32
2,0,1,1,38.59
1,37,1,5,83.26
2,13,1,4,75.6
2,22,2,2,58.9
2,29,1,5,81.31
3,0,1,5,82.63
2,3,3,0,37.45
1,19,1,2,43.89
2,20,3,3,69.8
2,32,3,0,70.85
2,22,3,4,78.42
3,35,1,2,97.66
1,20,1,3,46.97
2,24,1,5,79.95
2,12,1,2,59.02
3,38,2,5,100.0
3,31,1,3,100.0
1,33,1,0,45.94
2,37,1,1,64.58
2,12,1,3,61.72
3,12,2,3,74.5
2,33,1,0,61.3
2,16,2,0,47.55
2,7,2,4,55.27
2,24,1,2,65.16
2,13,1,4,66.37
3,24,2,2,85.01
2,32,2,2,68.09
2,10,1,1,58.03
3,21,3,2,85.95
3,39,1,5,100.0
1,44,1,1,60.21
3,21,1,5,100.0
2,41,1,2,83.88
2,16,1,0,55.46
3,31,1,5,100.0
2,8,2,0,40.37
2,41,2,3,81.68
2,4,3,0,39.28
1,32,2,1,46.8
2,34,1,3,80.28
2,3,1,2,55.33
2,43,1,1,77.38
2,13,1,5,64.75
2,27,1,3,80.67
2,34,3,1,73.03
2,14,2,0,43.65
2,13,1,1,57.3
3,36,3,5,100.0
1,6,2,4,41.86
2,6,1,2,43.26
2,33,1,0,62.33
3,24,3,2,93.56
1,38,1,4,72.12
2,32,1,4,83.86
2,8,1,0,42.03
1,17,1,1,43.63
1,27,1,1,52.42
1,13,3,1,41.23
2,10,2,1,59.52
1,43,2,5,73.75
2,0,1,2,36.68
1,3,2,4,39.37
3,30,2,4,95.97
3,21,1,5,93.36
1,24,1,3,53.64
2,33,3,3,84.16
2,7,2,3,48.82
1,10,2,1,33.31
1,30,3,1,61.45
2,7,2,5,56.59
2,42,1,4,93.38
2,1,1,5,66.53
1,34,3,5,78.17
2,21,1,3,83.71
3,28,1,1,94.71
2,13,1,1,51.1
2,23,2,3,71.12
1,28,3,1,58.06
2,27,1,0,63.83
1,43,3,1,55.63
2,18,1,4,71.12
3,3,2,5,78.62
2,32,3,0,69.07
1,33,1,1,53.1
3,12,3,4,80.82
2,33,1,5,87.99
2,0,1,5,53.16
1,30,1,3,66.32
2,29,3,0,69.29
2,29,1,0,68.85
2,38,2,4,79.71
2,0,2,2,38.62
2,9,1,3,53.95
3,36,1,1,88.4
2,29,3,5,93.49
1,2,2,3,29.05
3,9,1,4,83.85
1,12,1,5,48.84
1,42,1,0,62.02
2,43,2,4,83.59
3,11,1,1,73.7
2,3,3,1,45.54
3,27,3,2,96.08
3,12,1,0,65.53
2,41,1,4,91.08
2,33,2,0,66.82
1,6,3,2,44.24
2,14,2,4,61.0
2,19,2,0,49.91
1,18,3,3,56.33
2,43,1,1,79.18
1,9,2,5,47.87
3,29,2,3,91.12
2,30,3,3,81.26
1,11,3,4,49.67
2,16,1,2,57.15
1,3,3,2,31.13
1,7,1,0,26.39
3,37,1,1,98.12
1,27,2,5,63.14
1,41,3,0,48.34
1,28,1,4,64.78
3,22,1,1,76.62
2,27,2,2,66.29
1,25,1,0,48.18
3,41,1,1,77.73
2,27,2,1,62.69
3,26,1,1,90.55
3,6,3,3,77.13
2,0,1,2,54.36
2,18,2,4,68.96
2,38,3,3,81.54
1,44,1,5,82.69
3,32,2,5,100.0
1,16,2,5,53.61
2,34,3,0,69.79
3,14,1,2,79.41
1,14,1,3,54.07
2,38,1,4,97.41
3,2,3,0,58.89
2,5,1,4,61.69
1,26,2,0,44.99
2,40,1,3,84.92
2,3,2,0,30.86
2,40,3,2,74.72
3,33,1,0,78.02
3,33,3,3,100.0
1,14,2,0,29.95
2,14,3,0,56.14
2,8,1,5,66.8
1,20,3,3,51.4
2,34,1,3,75.76
1,26,1,4,61.98
2,43,1,0,74.65
1,19,1,2,46.59
1,21,2,5,65.34
2,8,3,4,63.47
2,12,2,4,59.91
3,40,2,5,100.0
1,25,2,2,52.75
2,30,1,1,76.11
2,40,1,4,88.66
1,26,1,0,51.39
3,27,2,5,98.23
2,40,1,5,88.13
2,42,1,0,67.39
3,35,3,0,92.26
2,27,1,1,67.51
2,0,3,1,42.11
2,0,2,5,49.45
2,41,2,3,75.43
2,28,3,1,71.72
2,41,1,2,74.06
1,12,1,4,54.04
3,27,3,2,97.55
2,36,3,2,74.76
1,19,3,3,56.74
3,22,3,3,90.5
1,6,2,0,25.72
1,19,1,5,55.3
1,12,2,0,29.7
1,1,1,2,41.6
2,7,3,2,53.61
2,39,2,1,68.9
2,22,3,1,64.8
2,25,3,0,63.68
2,44,2,0,62.86
1,37,2,3,62.0
1,27,1,4,71.99
2,2,2,0,30.74
2,13,2,4,61.06
2,28,3,1,71.59
3,14,2,1,66.14
3,12,3,0,68.06
1,40,2,4,67.07
2,5,3,5,66.52
3,31,1,3,100.0
2,2,1,4,61.59
3,2,2,0,53.73
3,13,3,0,67.32
2,10,2,5,66.13
1,24,3,0,46.52
2,43,1,1,67.73
3,32,1,3,100.0
2,23,1,5,75.89
2,29,2,0,63.13
2,34,1,3,74.62
1,37,1,1,56.46
3,31,2,2,92.87
2,7,3,2,52.99
2,24,3,1,70.38
1,6,1,4,32.89
3,29,2,0,77.21
1,0,3,4,35.83
2,18,2,5,70.22
2,28,2,0,67.64
3,4,1,5,90.21
1,22,3,5,67.08
3,42,1,5,100.0
2,12,3,4,68.92
1,8,2,5,47.68
2,42,3,0,68.55
2,12,1,0,48.11
2,44,1,1,79.39
3,2,3,4,76.07
1,38,1,0,55.22
2,40,1,0,65.02
2,43,3,5,86.93
3,37,3,0,89.5
3,33,1,4,100.0
2,9,1,4,67.0
3,4,1,3,76.72
3,11,1,5,88.2
2,27,2,2,70.85
3,31,3,5,100.0
3,23,1,4,91.82
1,7,3,1,29.24
1,10,1,0,36.03
1,10,2,3,36.99
1,31,1,3,60.97
2,7,1,1,51.81
2,44,1,2,71.86
2,14,1,0,42.01
2,41,2,4,84.23
2,17,1,5,83.59
2,3,1,4,61.73
2,40,1,0,70.34
2,28,1,2,71.81
2,40,1,5,98.92
2,34,3,5,91.8
2,4,1,4,62.97
1,24,1,4,67.71
2,6,1,0,40.15
2,6,1,2,44.93
1,24,1,0,51.94
3,36,1,0,79.36
1,21,1,2,45.68
1,32,2,2,50.38
2,29,3,2,75.4
1,0,3,0,22.3
2,18,2,1,49.77
2,12,2,2,52.2
3,8,1,4,75.26
2,33,3,2,74.12
2,15,2,3,62.93
1,1,3,1,25.15
2,34,1,1,67.99
2,26,1,1,81.41
2,14,2,5,67.14
1,5,1,0,34.09
2,39,1,4,91.18
1,28,1,5,69.34
2,17,2,4,65.81
2,5,2,0,33.31
2,21,2,2,63.89
2,18,3,4,78.42
2,38,1,5,81.94
3,37,3,0,88.72
1,3,3,4,42.5
3,36,1,0,85.34
1,22,2,1,47.22
2,33,1,1,63.35
3,39,1,3,98.24
3,8,3,1,66.37
1,41,3,2,59.56
2,1,2,3,38.78
1,21,1,4,55.86
1,6,3,3,43.51
3,24,3,1,83.95
3,8,2,0,60.64
2,44,1,0,63.94
3,10,2,1,60.15
1,37,1,0,52.67
2,41,1,5,94.75
1,36,2,5,73.14
2,20,1,4,72.05
2,41,1,4,91.07
2,21,1,1,62.5
2,9,3,3,58.13
2,12,2,4,57.39
2,29,1,4,78.27
1,24,3,5,73.88
3,19,2,0,69.98
2,29,1,4,83.23
3,18,3,2,78.91
1,3,1,0,19.91
2,21,1,4,84.34
2,31,1,2,71.38
2,19,3,3,70.59
2,29,1,0,63.59
2,3,3,4,55.32
1,23,2,1,42.51
2,27,3,4,83.76
1,36,3,3,63.11
1,21,2,2,43.81
3,20,2,1,76.92
2,11,1,5,77.25
2,16,1,2,50.94
1,40,1,5,72.98
2,29,1,3,74.85
1,1,1,2,27.94
2,34,3,2,78.85
2,1,1,1,47.57
3,15,3,1,78.02
3,8,2,3,73.76
2,31,3,1,65.5
2,41,1,3,91.31
1,11,1,5,56.75
3,2,1,5,71.76
1,0,2,1,18.41
3,19,1,0,67.63
1,15,2,1,32.94
2,8,3,0,43.13
1,32,1,4,81.17
2,13,3,0,52.66
3,5,1,3,78.19
2,12,2,5,65.51
2,25,3,0,65.57
3,15,1,3,91.98
3,41,1,0,92.69
3,16,2,0,69.16
3,3,1,4,69.8
3,21,2,2,83.67
3,6,2,3,64.47
2,24,3,5,81.56
2,24,2,5,78.95
1,7,2,5,51.72
3,24,1,1,73.24
2,32,1,3,71.99
2,37,1,2,72.49
2,37,2,3,73.14
2,0,1,4,44.86
3,34,1,2,87.95
3,1,2,1,54.28
1,31,3,3,65.58
3,30,1,5,100.0
1,6,3,4,39.12
2,1,1,5,51.17
2,21,1,0,54.41
1,37,1,3,70.37
1,13,1,5,58.41
1,32,1,5,70.66
1,29,1,4,72.39
1,42,1,5,87.14
3,38,2,3,96.3
2,6,1,0,38.53
2,4,3,1,40.49
2,28,3,1,68.63
1,3,1,2,24.26
2,34,3,4,85.5
3,38,1,2,100.0
3,17,1,3,95.51
2,19,3,5,82.81
1,32,1,5,78.63
3,36,1,2,90.01
2,29,1,0,74.7
1,25,2,1,44.45
2,38,3,0,66.24
2,40,3,0,67.42
1,29,2,1,50.77
2,6,3,3,56.92
2,40,1,1,69.97
3,30,3,4,100.0
2,35,1,5,79.6
1,26,1,0,54.43
2,21,2,1,56.64
2,30,3,2,75.09
2,2,3,4,57.29
2,15,1,1,48.2
1,19,1,2,56.07
2,0,2,2,35.7
2,19,1,0,56.92
1,11,2,3,42.5
1,12,1,2,40.58
1,9,1,5,41.21
2,19,3,1,63.31
3,20,3,0,79.9
1,12,1,2,47.66
3,5,1,1,57.51
2,28,2,2,65.45
2,30,1,0,73.14
2,32,1,2,69.15
1,41,1,3,71.26
1,23,1,1,55.31
3,5,3,4,76.65
3,35,3,1,92.78
2,38,3,0,73.05
2,7,3,0,47.98
2,43,1,3,69.06
2,5,1,0,34.14
3,39,1,2,100.0
3,29,3,3,100.0
2,6,1,0,41.76
3,5,1,4,71.22
1,37,3,3,66.26
2,0,3,1,41.59
2,0,1,3,54.07
2,14,3,1,52.02
1,17,1,3,54.98
2,1,3,4,53.52
1,3,3,4,47.25
2,0,2,0,24.23
2,25,1,4,76.23
1,42,3,1,56.38
3,44,3,5,100.0
1,5,1,0,18.56
1,7,1,4,39.58
2,42,1,3,84.83
2,14,1,3,70.19
3,32,3,2,97.44
2,28,1,2,84.58
2,1,3,1,35.82
3,11,3,2,75.05
1,40,1,5,74.82
1,44,1,0,46.31
3,36,2,3,96.45
2,15,1,3,66.35
3,13,1,2,86.11
2,2,2,4,47.82
2,6,3,3,55.77
2,1,3,4,48.06
1,38,3,2,56.6
2,26,1,5,90.85
3,37,3,4,100.0
3,17,3,0,72.08
1,10,1,2,34.74
2,6,2,4,61.24
3,21,1,5,100.0
3,27,2,0,78.8
3,13,2,2,72.42
3,13,1,4,96.56
1,19,3,5,65.71
3,8,1,2,74.87
2,2,1,4,51.15
2,25,2,3,70.09
2,10,2,4,63.71
3,22,1,0,86.97
2,6,1,2,50.96
2,2,3,5,63.74
2,40,1,5,98.94
3,13,1,3,86.62
1,18,2,4,56.91
2,7,2,0,39.65
2,32,1,5,96.09
2,11,1,5,58.33
1,8,2,1,30.88
3,37,1,0,93.83
2,7,1,2,42.63
3,1,2,2,59.84
3,20,3,5,98.91
2,16,3,2,60.24
3,11,3,0,68.0
2,1,1,3,56.67
2,22,3,5,82.43
2,33,3,2,73.0
1,14,3,5,58.78
2,42,3,5,93.17
2,37,1,2,78.63
3,28,1,0,77.63
1,0,1,3,43.31
1,27,2,4,57.02
1,3,1,5,37.4
2,7,1,3,57.63
2,9,3,2,48.61
1,25,3,2,55.98
3,13,2,0,69.76
2,3,3,5,63.92
1,40,3,4,68.71
3,3,2,2,63.36
2,34,2,5,86.91
2,11,3,2,57.75
2,28,1,5,95.07
3,0,3,0,53.31
2,37,2,1,66.35
1,43,2,4,61.46
1,29,2,4,68.34
1,42,1,3,60.38
2,30,2,4,84.59
2,10,3,2,54.26
2,30,3,3,83.55
2,12,3,0,49.16
2,19,1,1,63.5
2,13,3,5,72.68
2,17,1,1,59.92
1,17,1,5,60.02
2,28,3,2,69.15
2,1,1,0,31.01
2,41,1,0,72.25
1,12,1,4,49.31
3,9,3,5,89.92
2,8,1,5,66.94
1,2,2,3,36.69
1,17,3,5,61.93
2,16,1,5,69.24
2,25,1,4,69.21
3,20,1,5,100.0
3,16,1,1,84.76
1,19,1,4,61.46
3,36,2,1,85.65
1,1,1,4,32.78
1,5,1,4,47.7
2,30,1,5,88.58
3,16,1,0,73.12
2,37,1,4,78.39
3,44,1,1,98.31
1,21,1,1,51.03
3,5,3,5,92.58
2,4,1,4,50.32
3,22,1,4,100.0
2,18,1,2,66.94
2,1,3,2,45.22
1,5,1,0,24.86
2,39,2,4,85.37
2,4,2,1,43.2
2,5,3,4,57.09
2,0,1,2,44.06
3,18,2,0,68.24
2,21,1,0,54.89
1,25,3,5,77.12
1,42,3,2,63.76
3,38,3,5,100.0
2,30,1,5,84.97
1,25,2,2,55.06
3,16,2,1,76.29
2,3,1,4,51.6
3,24,1,3,90.41
2,32,1,2,83.85
2,14,1,0,44.05
2,3,2,3,50.9
1,17,1,0,32.56
2,26,1,0,56.12
2,12,1,3,58.17
3,18,1,5,100.0
2,35,1,3,79.96
2,23,1,2,71.86
1,7,2,2,34.68
2,30,1,5,100.0
2,24,1,5,76.53
2,31,3,4,86.54
2,41,2,2,68.37
2,40,1,5,85.34
2,1,1,1,42.16
3,3,2,1,53.0
2,25,3,2,71.92
1,27,3,5,79.41
2,42,2,1,69.4
2,17,1,3,62.28
1,38,1,2,61.23
2,4,3,0,35.05
2,8,1,2,46.17
3,38,2,1,84.16
2,18,3,0,58.21
2,37,1,0,74.57
2,31,1,4,81.4
3,13,1,0,64.86
2,20,1,1,70.01
2,29,1,1,65.96
1,18,1,2,56.13
3,4,1,4,76.54
2,6,3,4,58.0
2,5,1,3,55.83
2,35,2,4,78.58
2,5,1,5,58.03
2,29,1,0,62.86
1,24,1,4,56.0
2,9,2,5,63.36
3,2,1,0,60.9
2,37,1,1,70.82
3,3,1,4,72.74
1,1,2,1,23.18
2,13,2,4,63.7
1,16,2,0,28.93
2,27,1,2,74.84
3,16,1,4,86.82
1,5,1,4,48.01
3,22,1,2,84.0
3,35,3,2,95.77
1,35,2,3,61.99
3,5,1,1,59.25
1,10,2,0,23.27
3,18,1,0,72.53
2,2,1,0,47.16
1,20,1,3,52.92
1,20,1,1,53.58
2,13,3,1,62.46
3,24,2,0,75.4
1,42,1,3,71.19
2,7,2,3,52.99
2,39,2,3,74.87
1,24,2,3,50.67
3,2,2,5,70.76
1,12,3,4,54.62
1,39,1,2,69.47
2,6,1,2,55.39
2,23,1,4,73.6
3,18,3,4,92.21
1,17,1,2,40.02
1,27,2,0,51.58
2,32,3,2,80.18
1,22,1,2,52.96
1,25,2,5,63.97
3,38,1,5,100.0
2,8,3,4,64.04
3,28,1,3,95.06
1,5,1,2,27.87
1,12,3,2,41.9
3,26,1,3,92.48
2,35,1,5,93.47
3,32,1,1,100.0
3,40,1,5,100.0
3,31,1,0,89.9
2,10,1,4,57.44
2,39,3,4,83.47
1,44,1,0,57.06
2,40,1,2,70.04
3,9,2,4,78.4
2,32,2,2,75.58
2,6,2,3,48.45
2,22,2,1,61.26
2,27,3,1,66.95
1,27,1,3,64.27
2,36,1,1,71.77
2,23,3,2,69.57
1,17,3,4,54.23
2,29,2,1,64.61
2,9,1,3,49.96
3,21,1,3,94.03
2,11,1,4,65.55
2,19,2,1,60.35
1,38,1,5,71.85
2,37,2,1,56.58
3,19,1,3,82.61
1,3,2,5,41.94
2,2,1,5,56.77
1,33,3,1,54.35
3,5,1,2,63.48
2,20,3,2,71.19
1,3,2,1,20.53
2,33,1,5,99.51
1,10,1,5,52.69
2,30,2,3,78.04
3,27,3,0,86.75
2,16,2,1,51.74
2,6,2,3,50.28
1,42,1,3,77.75
1,20,1,0,48.95
3,34,1,4,100.0
3,12,1,3,87.24
3,12,1,2,82.07
2,9,1,5,76.34
2,21,2,5,74.88
2,18,1,3,75.78
1,2,2,5,36.83
2,40,3,4,81.95
1,10,1,5,58.2
2,12,2,2,52.7
2,24,1,0,68.37
2,11,1,4,55.04
3,26,2,0,77.7
3,7,1,1,74.95
3,17,2,3,79.86
2,36,1,1,81.21
2,5,1,5,55.41
3,40,3,1,92.78
1,28,1,2,57.83
1,27,1,0,56.74
2,42,1,4,91.29
1,34,1,5,79.77
2,9,2,3,54.98
2,39,3,2,71.61
2,20,1,3,65.21
1,22,3,0,45.03
2,1,2,5,52.44
2,2,2,5,53.15
2,16,1,4,71.12
2,13,3,4,68.16
2,25,2,1,66.2
2,6,1,0,35.51
1,12,2,2,36.97
3,14,3,0,71.12
1,9,2,0,29.89
1,15,1,1,45.01
2,9,1,4,54.6
2,37,1,5,81.73
1,27,1,5,64.26
2,30,2,5,80.87
2,25,1,3,77.69
3,33,2,0,84.63
2,24,3,4,78.38
3,31,3,2,100.0
2,25,2,1,62.64
2,9,3,2,51.64
1,41,3,3,72.03
2,14,1,2,50.58
3,32,2,2,89.32
1,2,3,5,44.05
3,27,3,0,84.84
2,40,1,0,70.07
1,6,1,5,48.44
2,5,1,1,47.81
3,1,3,0,50.75
1,5,1,3,34.47
1,13,1,3,50.35
3,12,1,0,62.92
2,10,3,1,48.66
2,38,1,5,94.33
3,3,1,4,82.46
2,13,1,0,51.68
2,21,2,2,63.7
2,22,1,2,65.83
1,32,1,0,47.52
3,42,1,3,98.03
1,11,2,3,39.11
2,14,3,2,55.92
2,29,2,3,76.38
2,4,3,3,51.16
2,21,2,2,62.63
1,22,3,0,45.86
1,15,2,3,46.86
3,12,2,1,68.87
1,40,1,0,41.14
2,40,2,0,59.67
2,36,1,0,69.63
2,6,2,1,40.18
2,12,3,3,61.91
1,33,2,2,54.32
2,19,1,3,62.33
1,3,1,0,26.92
2,3,2,1,35.84
1,4,1,4,38.23
1,34,3,3,65.29
2,20,2,1,58.05
3,0,1,5,68.79
1,35,2,2,54.2
1,11,1,0,24.03
2,36,1,3,79.6
1,12,1,1,45.0
2,39,1,1,70.72
3,1,1,5,71.67
2,42,2,2,71.78
2,35,3,1,71.61
3,13,1,0,69.18
2,10,1,2,51.95
1,39,1,4,60.82
2,29,1,4,79.92
2,40,3,5,87.79
3,20,2,3,83.15
1,24,3,4,63.25
3,39,2,1,82.85
1,6,1,5,54.23
1,26,1,2,65.77
3,38,3,2,94.69
2,23,3,5,82.56
1,38,2,5,70.22
2,29,2,4,79.35
1,20,3,4,63.82
2,40,2,2,77.47
3,2,3,4,76.58
1,29,1,2,67.15
3,32,1,2,100.0
1,34,1,5,71.73
3,0,2,3,63.56
2,17,3,1,60.19
2,25,3,5,82.58
3,32,3,1,92.45
1,10,3,1,32.73
1,10,1,0,39.73
1,36,3,1,59.33
3,14,1,4,86.56
2,18,1,1,62.69
3,19,1,4,96.74
1,0,2,0,15.4
3,31,1,1,85.09
1,23,2,0,35.36
3,23,1,4,100.0
1,5,3,1,32.43
1,37,2,3,57.37
1,39,2,1,55.33
2,4,1,4,51.03
2,24,1,0,57.11
3,3,1,4,78.36
2,1,1,3,41.76
3,42,2,3,95.67
2,8,3,3,60.75
2,12,1,4,65.02
2,4,1,2,54.4
2,22,1,2,76.39
1,43,1,5,75.79
3,41,3,4,100.0
2,18,2,5,74.44
3,14,1,1,79.8
1,23,3,0,43.03
2,38,2,0,67.43
2,28,1,1,78.05
3,8,3,0,62.33
3,17,2,0,68.63
2,8,3,2,55.84
1,20,1,2,44.67
2,36,3,1,71.14
2,37,2,2,69.26
1,18,3,3,51.64
2,2,3,5,63.79
2,38,1,4,90.91
3,7,3,2,73.45
2,14,1,5,61.82
3,36,3,5,100.0
2,41,2,4,79.94
3,16,2,1,72.17
1,1,1,0,13.05
2,12,1,5,77.91
2,5,1,0,34.09
3,19,1,4,85.26
3,30,1,1,88.12
1,14,3,4,49.61
3,30,3,4,100.0
3,21,2,3,87.34
1,20,2,0,31.19
2,40,1,5,84.68
2,39,1,3,74.5
2,44,2,0,61.35
3,32,2,1,88.83
3,20,3,5,99.19
3,33,3,0,94.34
1,28,3,0,57.66
1,41,2,5,71.09
2,14,1,0,54.39
3,13,1,5,87.26
2,43,3,3,80.33
2,12,1,5,76.53
3,28,3,1,84.87
3,11,3,3,78.46
2,28,1,0,61.6
2,9,3,1,49.34
3,35,3,0,90.26
1,30,2,1,57.07
2,23,2,5,75.15
3,41,1,3,90.59
3,21,1,0,72.24
2,8,1,2,57.26
1,0,1,2,24.17
2,27,3,3,82.81
3,16,1,1,68.18
2,0,1,0,40.17
3,14,2,5,87.77
2,14,2,0,42.62
2,33,3,1,68.46
1,33,1,2,68.78
2,22,2,5,77.51
3,31,1,2,100.0
3,26,2,1,81.39
2,31,1,0,58.25
1,6,2,0,20.15
2,25,1,3,76.48
3,18,1,5,95.52
2,17,1,5,77.72
2,1,1,5,63.73
1,44,1,3,73.47
2,39,1,5,96.98
2,25,1,0,54.48
1,40,2,0,45.02
2,20,3,3,67.07
3,27,3,3,100.0
2,40,2,5,84.4
1,2,1,5,37.33
2,14,1,0,47.23
3,44,3,0,84.17
2,20,1,3,61.5
3,2,2,3,65.98
2,28,2,4,77.73
2,42,1,5,96.1
2,30,2,4,83.76
1,12,2,1,33.0
2,25,1,2,68.16
2,18,1,5,69.67
1,11,2,1,33.5
1,25,2,4,61.53
2,24,2,2,65.13
3,19,3,1,84.25
2,19,1,0,47.91
2,23,1,0,68.15
3,10,1,3,85.35
3,10,2,2,71.17
2,43,2,5,86.62
2,33,1,5,81.5
3,31,1,2,89.46
3,43,1,0,82.52
2,22,1,2,64.29
1,29,1,3,63.71
2,27,3,0,65.23
2,43,3,1,68.3
2,5,1,3,61.01
3,34,1,3,99.68
2,16,1,4,72.35
2,39,2,3,77.26
3,41,1,1,91.5
1,0,1,3,25.84
1,27,1,3,75.76
1,38,3,1,62.24
2,34,1,4,79.96
2,15,3,3,63.21
2,37,1,2,84.67
3,9,1,2,71.0
1,18,3,0,39.84
1,32,3,4,73.09
3,4,1,1,67.0
2,2,1,5,68.01
2,41,3,5,92.36
3,25,1,0,85.93
2,40,2,3,78.05
1,38,1,2,57.31
2,14,3,4,71.85
2,9,2,2,47.17
2,13,1,4,70.95
2,10,1,1,53.32
2,43,1,0,57.43
1,28,1,0,57.18
1,40,3,4,68.38
3,9,1,2,81.44
2,16,1,0,56.31
2,2,3,1,42.88
1,15,1,3,59.66
2,41,3,0,63.66
2,23,2,2,64.51
1,41,1,0,51.11
3,14,1,1,83.19
3,0,1,0,58.37
1,10,3,1,36.18
2,16,2,0,51.62
3,13,2,5,87.89
1,10,3,0,29.21
2,39,3,0,68.99
1,5,1,3,30.47
1,34,2,1,50.05
2,7,2,2,48.74
2,39,2,1,71.2
2,13,3,5,73.4
2,41,3,5,93.2
1,18,1,4,49.46
2,38,1,5,82.7
2,15,1,4,80.15
2,26,1,3,69.91
1,0,2,2,21.33
2,28,2,0,59.94
1,10,1,4,46.01
2,4,1,4,62.92
3,3,1,5,88.84
2,24,3,3,77.96
3,40,2,3,96.45
1,11,1,2,51.17
2,30,2,4,80.07
2,5,1,3,43.53
2,28,3,0,63.69
3,17,3,3,86.22
2,18,1,5,78.45
2,22,2,3,64.02
2,39,3,4,88.68
1,41,1,5,67.98
2,20,3,2,70.23
2,15,2,2,52.8
2,31,1,3,84.28
2,28,2,2,73.26
3,42,1,1,88.65
2,13,1,4,66.1
3,39,1,1,90.04
1,23,1,1,50.57
2,25,1,0,57.7
2,20,1,2,68.62
2,8,3,3,55.6
3,41,1,5,100.0
3,31,3,0,86.93
1,33,1,4,64.53
2,26,2,4,69.35
2,37,2,0,61.71
2,7,1,5,71.56
1,10,2,2,33.7
1,28,1,2,55.41
2,6,2,0,35.41
2,35,1,0,70.76
1,13,3,2,35.98
1,40,1,5,70.18
2,19,3,4,73.84
2,23,1,1,70.83
3,28,3,1,94.07
3,4,2,5,78.72
3,8,2,3,70.09
2,41,1,0,70.45
2,33,2,3,76.01
2,21,1,2,57.07
2,16,2,0,49.28
2,30,3,4,83.14
2,44,1,0,67.82
1,3,3,2,34.68
2,13,2,4,65.83
2,40,1,4,89.93
2,30,1,4,90.36
2,0,2,4,51.12
2,35,1,4,95.76
3,17,1,3,89.03
2,39,2,5,87.72
1,18,1,4,52.85
2,40,3,3,80.62
2,31,2,5,86.23
3,29,2,0,82.93
2,13,1,1,47.73
2,19,1,5,72.6
2,11,1,1,61.72
2,1,3,3,44.99
3,32,1,3,100.0
2,28,3,4,89.34
3,31,1,0,81.41
3,7,1,0,64.09
2,17,1,2,51.97
2,3,3,3,49.46
3,15,3,1,78.23
1,15,1,5,72.29
3,39,1,4,100.0
1,27,1,5,66.59
3,35,3,0,83.91
1,8,1,4,50.77
3,9,3,4,81.18
2,19,3,5,80.4
2,40,1,0,63.76
2,27,2,4,76.73
1,39,2,4,66.67
1,24,1,1,57.24
3,28,1,0,91.28
2,0,3,0,36.73
3,24,1,1,91.19
2,8,1,2,59.43
3,11,1,0,60.22
1,30,1,5,80.12
1,16,1,0,42.31
2,1,1,5,64.85
2,11,3,1,53.47
3,21,3,5,100.0
3,28,1,5,100.0
3,15,3,2,83.67
2,11,1,3,65.86
2,43,1,2,81.33
3,40,1,1,82.27
1,33,1,0,50.23
1,21,2,4,51.62
2,42,2,3,73.96
1,35,2,2,56.87
3,12,1,0,63.62
2,15,1,3,59.6
2,2,2,1,37.53
1,36,2,2,60.95
1,43,2,4,69.85
2,44,3,5,94.43
3,27,3,0,88.21
3,7,2,2,66.34
1,0,3,4,41.42
2,36,2,3,75.1
3,8,3,0,61.34
3,26,3,3,95.2
2,24,3,4,76.76
1,0,3,1,27.26
3,20,3,5,96.55
1,43,3,4,72.47
1,36,1,5,84.89
2,24,3,3,72.77
2,40,1,0,70.89
1,10,2,0,28.86
3,8,1,5,79.23
2,29,3,0,72.26
1,35,3,0,53.28
2,1,2,5,49.54
2,41,2,1,67.31
1,38,1,3,62.48
3,43,1,2,91.53
1,4,2,0,20.81
1,8,3,0,26.74
1,4,2,1,23.35
2,44,1,5,85.26
1,18,1,0,33.8
2,12,2,0,44.9
3,5,3,3,78.62
2,40,2,0,62.15
3,16,2,4,89.75
2,21,2,5,75.57
3,17,1,4,86.18
2,13,1,1,61.89
2,9,1,1,47.09
2,30,1,4,90.98
2,11,1,1,49.37
2,20,1,3,66.15
2,8,1,5,62.24
2,32,2,3,74.4
2,36,2,2,69.49
2,15,1,2,56.84
2,5,2,2,44.62
2,21,1,1,69.8
3,10,1,5,91.21
3,14,2,1,66.51
3,2,1,3,68.47
2,42,1,3,73.42
2,10,2,4,55.02
3,11,2,1,64.55
2,2,1,1,33.91
3,12,2,5,86.28
1,18,3,4,55.06
2,17,1,2,65.02
3,13,2,1,62.32
3,11,2,2,70.96
2,27,3,0,68.31
1,9,3,5,44.87
1,13,3,2,42.32
2,30,1,1,78.21
2,8,3,0,41.94
2,41,1,1,70.48
1,24,3,2,54.47
2,24,3,3,74.23
2,21,1,4,67.12
2,11,3,3,61.54
3,20,2,1,74.22
1,1,1,3,32.71
1,19,1,5,57.9
3,30,1,0,93.54
1,42,3,5,78.63
2,40,3,3,77.95
1,25,1,3,65.24
3,31,1,2,100.0
1,16,3,2,48.21
2,8,2,2,46.52
2,44,1,3,74.63
2,39,2,5,83.9
2,35,1,4,80.17
2,15,3,2,57.82
3,37,2,3,96.54
3,11,1,2,80.08
2,23,3,4,77.63
2,24,2,3,70.75
2,38,3,3,82.62
1,25,1,0,44.24
1,2,1,0,30.02
2,1,1,1,38.73
1,13,1,0,39.61
2,7,1,2,46.29
2,16,2,0,50.15
1,15,3,5,59.91
2,33,2,5,89.33
2,1,3,2,43.31
2,6,2,4,44.8
3,4,1,1,65.32
1,17,1,4,63.73
2,1,1,4,45.47
2,29,1,4,83.83
2,19,2,1,58.43
1,29,2,3,58.57
3,40,1,2,100.0
2,27,1,3,80.78
3,39,2,5,100.0
2,32,3,2,73.89
1,30,1,5,78.33
1,36,2,4,67.62
3,34,1,3,99.84
3,13,1,1,69.84
2,7,3,1,48.36
2,25,1,0,58.84
1,11,2,1,36.07
3,22,1,3,96.06
1,27,1,0,43.54
2,33,3,1,73.68
3,22,1,2,81.21
1,28,1,4,67.13
3,9,2,3,69.55
1,10,1,2,47.39
1,37,2,0,46.84
3,33,3,3,100.0
3,19,1,2,94.54
1,36,1,1,52.41
1,3,1,2,28.83
1,8,1,2,45.32
2,26,1,4,86.87
2,22,1,2,75.23
2,41,3,0,68.04
2,8,1,1,43.83
2,41,1,4,90.82
2,10,1,3,54.36
2,2,3,3,46.16
2,8,2,0,38.75
3,37,2,1,81.73
2,24,1,1,60.91
3,41,1,5,100.0
2,25,1,1,77.0
1,21,1,1,56.07
1,20,1,1,55.08
1,29,1,2,64.35
2,27,3,2,76.65
3,38,3,2,99.43
2,26,2,1,64.14
3,22,1,5,96.83
2,42,1,4,89.17
2,42,1,2,80.09
1,7,3,4,46.49
2,5,1,3,52.78
3,16,1,0,64.93
2,32,3,3,75.79
1,31,1,2,69.5
2,15,1,1,57.96
1,35,3,3,67.03
1,11,2,0,25.36
3,44,2,2,89.39
3,9,3,1,71.7
3,41,1,2,90.45
2,14,1,2,53.32
2,32,2,1,62.44
2,16,1,0,44.98
3,0,1,0,52.04
2,1,1,1,38.51
1,17,1,4,54.28
3,42,2,4,96.83
2,19,1,0,53.74
2,30,2,3,77.42
3,42,1,1,94.56
2,15,3,4,67.38
1,6,1,2,41.29
2,30,1,1,80.74
2,10,1,4,58.82
3,14,1,3,83.14
2,36,3,4,87.78
2,36,3,0,64.34
2,25,2,3,67.15
3,38,1,0,84.58
2,0,3,5,59.66
2,24,1,1,62.8
2,20,1,2,56.59
2,39,2,0,62.07
2,19,3,4,78.59
1,24,1,4,67.05
3,8,1,2,73.3
3,23,1,1,80.6
2,23,3,3,71.83
1,31,1,4,65.57
2,33,2,0,61.89
1,44,1,4,74.26
2,11,1,3,66.46
2,36,1,5,96.52
1,22,3,3,53.25
1,38,1,0,51.58
2,40,3,2,76.36
2,6,1,2,41.12
2,20,3,1,64.03
3,21,3,1,75.98
2,10,1,0,39.54
3,12,3,1,72.48
2,25,3,3,71.22
1,10,2,1,29.55
3,18,1,3,92.79
2,22,2,4,71.24
2,0,3,5,60.72
1,41,1,0,54.24
2,33,2,5,90.88
2,35,2,2,72.95
2,9,3,1,51.74
3,25,1,0,75.32
3,14,1,3,78.54
3,26,1,1,89.23
1,37,1,1,50.47
2,36,1,0,63.4
2,3,1,4,55.17
3,25,1,0,86.53
2,36,1,1,66.53
1,27,2,4,62.43
1,23,3,2,52.55
2,37,3,4,83.11
2,43,1,3,74.45
2,1,3,3,48.94
2,44,3,2,74.13
2,29,2,1,63.81
1,21,1,0,43.88
2,4,1,1,35.99
2,35,2,5,90.07
2,20,3,5,83.48
2,17,1,3,58.17
3,4,1,0,64.59
2,16,2,4,69.12
2,7,1,3,56.6
1,16,2,0,35.29
3,16,2,3,84.83
3,42,2,0,85.89
1,36,1,5,71.68
2,38,1,1,74.44
1,15,1,4,62.98
2,5,2,2,46.61
2,32,2,3,74.24
1,0,1,3,26.55
2,0,3,0,36.14
2,37,2,1,68.25
2,34,2,5,88.18
1,29,2,4,63.04
2,35,2,2,70.95
2,31,1,2,66.62
2,26,1,0,64.55
2,10,3,1,47.78
2,23,2,4,71.08
3,26,2,0,82.25
2,39,1,4,88.28
3,32,2,4,100.0
2,38,2,1,66.91
3,20,2,1,74.09
3,30,3,1,87.43
3,10,1,5,83.61
2,15,1,4,59.98
2,4,1,4,60.9
3,9,1,0,71.17
2,0,1,0,38.83
3,44,2,5,100.0
1,12,1,2,36.08
1,43,1,5,79.04
2,2,3,5,55.97
1,25,1,1,59.58
2,16,1,4,73.84
1,44,2,2,64.29
3,27,1,1,83.01
1,21,2,1,49.11
3,19,2,5,93.56
2,36,2,0,66.63
2,34,3,1,68.47
3,32,2,4,100.0
1,12,3,3,46.58
1,9,1,2,41.07
2,0,1,0,34.88
1,19,1,2,45.22
2,19,1,1,54.78
2,7,2,1,46.8
2,6,1,5,56.72
1,31,2,4,68.03
2,17,1,2,69.4
2,32,1,2,73.85
2,32,1,1,71.26
2,19,3,4,73.61
1,6,2,2,32.54
2,39,1,3,73.17
2,33,3,1,72.11
3,39,3,2,95.54
2,38,3,4,87.6
1,9,2,2,31.47
1,9,1,1,32.87
1,8,2,2,31.5
3,13,3,4,85.14
2,5,3,4,56.53
3,41,1,2,88.59
3,27,1,3,100.0
2,34,3,3,78.69
2,25,3,4,82.36
1,14,1,0,43.15
1,7,1,1,26.82
2,29,2,5,84.44
2,7,1,1,49.21
3,15,2,1,69.9
2,36,3,2,82.91
2,36,3,1,73.43
1,40,1,2,72.36
2,23,1,5,81.15
1,23,3,5,71.2
2,34,2,4,79.86
1,25,2,0,46.86
2,36,1,2,70.96
2,27,1,2,71.69
2,0,1,3,54.46
2,24,1,0,68.1
2,25,1,0,61.09
2,9,1,5,66.93
1,38,1,3,56.73
1,4,3,1,23.89
2,30,3,4,85.91
2,20,1,2,70.53
2,14,2,5,72.0
3,37,3,1,89.18
2,0,1,3,43.34
2,18,1,4,66.28
2,23,1,2,66.31
3,30,1,1,82.94
1,4,1,5,38.95
3,33,1,3,100.0
2,32,3,1,75.95
1,2,1,2,25.68
2,24,1,0,61.63
2,38,1,5,89.58
1,5,1,4,53.03
2,2,1,4,50.13
2,9,1,3,57.99
1,37,3,3,64.17
2,14,1,3,55.83
1,7,1,4,43.09
3,41,1,1,90.13
2,20,2,1,60.05
1,9,3,2,42.93
3,23,2,3,87.53
1,14,2,5,55.45
2,6,2,2,43.67
1,7,1,0,22.72
2,1,1,3,47.36
2,23,3,2,74.15
2,39,1,0,61.03
2,4,1,2,42.4
3,31,3,5,100.0
1,21,1,1,42.94
2,28,1,0,60.08
2,11,1,2,47.47
2,29,1,0,62.3
1,12,1,0,34.35
2,34,1,1,74.01
1,9,2,3,37.48
1,0,2,4,32.26
2,42,3,4,78.96
2,22,1,2,65.05
2,14,3,5,76.57
1,10,1,1,37.51
2,3,1,3,51.55
2,34,3,1,70.72
2,40,1,0,81.42
2,18,2,4,68.47
2,5,3,0,40.19
2,1,1,5,60.5
2,4,1,3,51.87
3,43,1,5,100.0
2,44,1,3,74.38
2,24,1,5,88.68
2,3,1,3,45.54
3,21,2,0,73.39
2,20,2,0,49.85
1,18,1,0,35.63
3,34,1,1,95.25
3,20,3,5,100.0
3,7,2,2,64.45
2,38,3,2,73.23
1,22,2,5,61.1
3,18,3,1,79.4
2,4,1,1,36.75
2,38,1,4,77.05
1,39,1,3,74.57
3,22,3,5,99.15
2,37,1,4,94.56
2,13,1,3,65.25
1,3,2,1,23.88
3,38,1,5,100.0
3,44,1,4,98.67
1,32,3,3,65.3
1,31,1,4,74.99
2,37,1,1,69.56
3,6,2,3,69.64
3,19,1,2,76.7
3,42,1,1,80.92
1,30,1,3,61.18
1,13,2,3,42.39
3,40,1,3,93.95
1,39,1,5,77.65
2,25,2,4,69.0
2,27,1,2,62.76
3,33,3,5,100.0
3,21,3,4,93.49
2,9,3,2,63.29
1,41,1,2,55.41
1,29,1,0,47.44
1,28,1,3,61.37
2,22,3,2,66.72
2,29,3,4,83.81
1,2,3,1,31.23
2,1,1,2,49.44
1,38,1,0,47.24
1,39,3,2,67.49
2,7,1,5,67.62
2,9,1,1,45.52
1,30,1,2,67.22
3,19,3,2,80.15
2,39,2,0,66.79
1,3,3,0,22.29
1,24,3,2,53.14
1,31,2,0,51.04
2,7,1,4,63.19
2,12,1,0,51.57
2,41,3,3,86.38
1,24,1,5,66.82
3,1,3,5,80.29
1,3,2,5,41.38
2,12,3,0,46.76
1,41,1,3,70.96
3,43,3,5,100.0
2,8,2,1,41.52
1,31,3,3,61.7
1,19,1,3,52.36
1,34,3,0,54.05
2,41,2,5,91.54
2,6,1,5,65.89
2,36,1,5,96.44
2,28,1,3,77.5
2,4,1,4,66.69
3,21,1,2,88.2
3,25,1,1,82.43
2,0,1,3,54.58
3,38,3,1,94.71
2,4,3,1,42.96
3,38,3,2,97.63
2,36,1,1,77.41
2,24,1,2,75.67
3,17,1,3,79.13
2,4,2,3,46.99
3,8,1,0,63.09
2,37,1,2,83.24
2,29,1,3,76.52
2,14,2,5,66.69
3,27,1,1,100.0
2,43,2,3,79.9
1,4,2,2,24.76
3,21,1,3,85.34
3,7,2,4,74.79
3,23,2,3,95.15
3,3,2,4,72.15
1,3,1,4,43.53
2,36,1,2,81.56
2,23,2,0,58.64
3,30,1,3,100.0
2,40,3,3,84.71
3,9,1,2,68.42
1,6,3,4,45.29
2,5,1,1,44.9
3,0,2,3,66.71
1,13,3,5,58.45
3,3,2,1,56.39
2,4,1,4,47.06
2,37,1,4,81.27
3,6,1,3,88.66
2,41,1,1,69.34
2,12,3,0,41.69
3,6,2,5,82.37
3,30,1,4,100.0
3,19,3,2,84.39
2,15,1,3,61.49
2,17,1,5,72.7
1,27,1,0,50.24
2,40,3,3,80.82
3,7,1,1,64.33
3,30,2,2,91.66
2,16,1,1,63.17
2,25,2,3,69.07
3,40,1,0,92.01
3,26,1,2,83.93
1,2,3,3,39.44
3,39,2,5,100.0
2,25,2,2,65.03
1,35,1,3,58.13
1,37,1,4,66.28
2,27,1,3,85.77
2,20,1,2,72.06
2,2,2,1,36.01
2,11,3,5,65.81
2,7,3,2,52.4
3,14,3,4,82.86
1,35,2,1,50.24
2,9,2,2,47.24
1,28,2,3,58.32
3,36,2,2,87.06
2,4,1,5,55.96
3,28,3,3,94.67
3,39,1,0,80.21
1,2,2,4,34.46
2,24,3,5,81.78
3,36,3,3,97.16
2,40,3,0,66.7
2,3,1,3,61.56
2,1,1,2,54.92
2,29,1,5,93.4
2,36,2,3,72.8
1,32,1,5,74.34
2,8,1,1,45.59
2,30,2,2,71.51
1,7,1,2,40.73
2,31,2,5,86.34
1,43,1,4,62.44
2,0,1,1,41.54
3,10,2,3,73.18
3,41,2,0,85.6
1,29,3,2,62.06
3,25,3,5,100.0
2,24,1,4,70.66
3,28,3,3,100.0
1,25,2,1,50.33
3,18,2,4,86.42
1,7,1,3,38.98
1,0,3,4,40.88
2,25,3,1,69.94
3,19,1,3,92.82
3,17,1,0,80.12
2,37,1,0,66.77
3,9,1,3,72.15
3,0,1,5,87.67
2,17,1,2,67.34
2,8,1,1,50.98
2,29,2,3,78.97
3,13,1,4,86.98
2,39,2,2,75.23
2,19,1,3,74.44
2,3,3,4,52.96
2,33,2,1,65.87
2,29,2,3,78.59
2,19,1,3,78.48
1,0,3,1,22.54
2,17,3,1,57.73
2,44,2,2,70.85
1,7,1,3,44.86
1,10,1,3,47.97
3,41,1,5,100.0
2,7,1,0,36.22
3,2,2,1,57.12
2,10,3,0,45.69
1,4,2,4,41.27
2,21,1,0,50.85
2,13,3,2,58.87
3,32,1,1,89.78
2,25,1,0,66.86
2,10,3,3,62.66
3,31,1,4,100.0
2,29,2,5,84.81
1,5,3,3,46.0
2,1,1,3,40.08
3,23,2,2,87.72
2,44,2,0,66.25
2,15,1,2,59.22
2,11,1,3,65.1
3,4,1,5,76.84
2,14,1,1,56.63
3,28,2,1,81.82
1,33,1,4,69.25
2,23,3,3,74.5
3,20,1,5,94.84
2,20,2,0,57.3
1,31,2,0,47.73
2,30,1,0,72.02
2,0,3,4,49.22
2,43,3,3,83.26
2,42,3,0,65.73
1,30,3,2,64.12
3,15,1,3,88.8
1,35,3,4,70.12
2,24,1,3,83.71
2,30,1,2,73.66
3,41,1,0,82.54
2,16,2,0,45.4
1,23,3,3,57.44
2,14,2,4,62.27
3,7,1,0,71.32
2,30,1,4,84.71
1,25,1,2,46.87
3,43,2,0,87.66
1,33,2,0,48.26
1,17,1,5,71.5
3,14,3,4,83.24
1,10,2,1,33.78
3,11,1,3,87.27
2,26,1,3,68.02
2,10,2,4,61.64
3,34,2,0,85.53
2,3,2,5,54.39
2,20,3,1,63.35
2,16,3,1,59.03
3,11,3,0,62.53
2,26,1,4,84.94
2,6,2,3,53.42
2,29,1,5,84.47
1,2,3,3,36.7
2,10,3,0,41.64
1,38,2,3,63.18
3,17,1,0,81.07
3,41,3,2,94.36
2,5,1,2,44.54
2,40,3,1,71.82
1,5,1,4,50.47
2,28,1,0,68.24
1,19,1,1,40.54
2,17,1,1,53.87
2,22,2,5,75.4
3,27,2,1,84.35
1,30,1,0,58.03
3,33,1,2,100.0
2,16,2,0,44.05
3,10,3,4,85.5
2,27,1,2,81.09
2,14,1,4,75.67
1,33,3,4,68.72
1,9,3,2,37.63
2,34,3,5,87.94
3,4,3,0,58.15
1,42,1,5,85.13
1,35,1,4,79.18
2,4,1,1,51.46
2,33,2,1,72.68
2,44,2,0,63.62
2,43,3,3,80.01
3,44,2,5,100.0
3,21,1,3,98.32
1,27,1,2,56.13
1,22,1,1,52.34
2,38,2,5,87.39
1,14,2,2,41.8
1,7,1,3,35.57
3,29,2,5,98.88
2,37,3,2,76.53
3,16,2,2,79.02
2,13,3,5,72.5
1,40,2,3,61.05
1,36,1,2,66.78
2,31,1,2,82.14
2,22,1,2,62.94
1,37,1,4,66.14
2,19,2,1,52.44
2,24,1,0,56.54
3,34,2,4,95.99
2,19,1,1,64.55
1,20,3,3,51.16
3,37,3,3,98.92
3,39,2,1,90.71
2,13,3,3,62.73
2,15,2,5,71.31
2,27,1,5,81.15
1,16,3,5,58.87
1,37,1,3,76.53
2,24,1,0,59.37
2,31,1,4,76.26
3,13,3,2,76.99
3,22,1,4,90.52
2,7,1,1,40.56
1,41,1,0,49.44
2,7,1,4,64.97
3,15,3,4,90.52
3,34,1,3,94.41
2,17,2,1,55.15
2,42,1,3,84.21
1,27,1,4,69.87
1,20,2,3,50.92
1,29,1,1,51.11
1,36,1,3,66.53
3,40,3,2,97.32
1,1,1,5,51.65
1,32,1,4,73.94
3,33,2,2,91.76
2,23,3,4,77.53
3,5,3,4,80.37
1,6,1,5,48.73
2,32,2,2,72.87
3,0,1,4,75.92
2,18,1,3,57.07
3,27,1,1,88.45
3,20,1,1,70.96
1,22,3,3,57.14
1,26,1,0,52.29
2,33,1,3,76.52
2,17,1,0,62.34
2,18,1,4,70.76
2,14,2,2,57.51
2,14,1,1,61.4
2,7,3,5,68.74
3,9,1,0,73.26
2,23,1,4,70.23
3,35,1,3,100.0
2,43,1,3,77.26
1,39,3,5,68.16
3,42,2,1,87.77
2,7,2,1,39.48
2,5,2,5,55.96
2,7,2,3,52.44
2,38,3,4,81.96
2,9,1,0,46.02
3,22,1,3,100.0
1,15,3,3,53.71
3,29,3,2,91.7
2,42,3,0,64.7
3,0,1,4,76.24
1,10,3,2,41.54
1,2,1,0,26.39
1,30,3,0,52.98
3,3,2,0,48.59
2,33,1,2,82.09
2,23,1,2,71.46
1,12,1,5,53.28
3,16,1,3,97.06
1,18,2,2,44.17
3,30,2,2,91.9
2,30,1,2,70.52
2,13,1,5,64.66
1,11,1,3,42.13
3,32,1,5,100.0
1,30,1,1,60.39
1,15,1,5,47.69
3,11,1,2,65.23
2,3,3,2,46.12
2,20,2,3,65.06
2,32,1,5,99.64
3,4,3,5,85.23
1,44,3,3,65.25
3,38,1,2,100.0
2,10,2,1,48.97
3,29,2,5,100.0
1,10,2,1,32.5
2,23,1,1,61.79
1,44,1,1,63.48
1,37,1,2,55.66
1,39,2,5,72.31
1,42,1,3,68.42
1,25,3,1,51.31
2,16,1,0,63.24
3,33,1,0,91.59
2,39,2,0,64.18
2,10,2,3,60.98
3,14,1,3,88.67
2,1,1,2,35.04
3,39,1,1,89.61
1,23,2,4,59.27
2,23,1,5,79.49
1,7,2,1,29.76
2,10,3,5,64.25
3,7,2,0,55.31
2,6,2,0,39.8
3,32,3,0,85.51
1,6,1,3,42.91
1,36,1,2,58.18
2,28,1,1,73.7
2,27,1,3,79.87
1,31,1,0,49.26
2,19,3,1,61.54
2,16,3,4,71.0
3,35,1,3,91.47
2,15,1,4,61.56
1,25,1,1,51.01
2,6,1,5,67.2
1,21,2,2,45.37
3,43,1,1,100.0
2,22,1,5,85.91
2,17,2,1,52.87
3,17,1,2,85.86
2,5,1,1,51.37
3,22,2,0,71.63
2,17,2,1,49.17
3,7,3,1,67.38
1,37,3,2,61.64
2,24,1,1,64.94
3,36,1,0,94.89
2,34,2,0,65.22
1,32,3,4,69.71
3,7,3,0,58.41
2,27,2,0,56.59
3,26,1,5,100.0
3,17,1,0,76.49
2,32,2,3,76.59
2,40,1,0,71.32
1,33,1,1,59.66
2,38,1,1,67.59
2,28,2,4,73.61
3,26,1,4,100.0
2,20,3,4,74.41
2,6,3,2,59.27
3,12,2,5,82.93
3,18,1,3,84.83
1,20,1,0,34.16
3,17,1,2,89.96
2,14,1,2,61.72
2,42,1,4,94.79
3,33,1,4,100.0
1,22,3,5,66.87
3,15,1,5,83.57
3,28,1,3,88.26
3,5,3,1,71.84
2,19,2,0,49.14
2,2,1,3,46.52
2,11,1,0,53.25
1,36,3,5,76.66
1,21,2,4,53.0
2,36,2,3,75.05
2,34,1,3,84.45
1,23,3,1,49.6
2,24,1,3,78.82
1,37,3,2,58.88
2,21,1,0,66.63
1,38,1,5,82.02
2,19,1,4,75.08
1,40,2,3,58.17
1,2,3,4,36.89
2,23,1,4,69.09
2,10,1,4,71.5
2,44,1,1,79.29
1,14,3,1,40.65
2,3,1,2,43.47
3,8,2,1,61.5
1,16,1,2,47.87
2,15,2,3,52.72
1,10,1,2,45.24
2,41,1,5,85.81
3,39,1,2,92.95
2,41,1,1,81.01
3,4,1,0,59.94
1,7,3,2,36.8
2,35,2,5,84.62
1,40,3,2,64.79
2,43,3,5,88.43
3,20,2,2,83.74
1,0,1,4,33.78
2,37,2,0,65.73
2,8,1,1,48.15
2,35,1,2,78.56
2,35,1,3,89.65
2,41,3,4,84.12
3,7,1,1,68.8
1,26,1,1,57.02
2,6,1,4,59.4
2,13,3,4,65.87
2,7,1,0,36.17
2,10,3,2,52.31
2,9,3,2,51.71
2,35,3,3,79.71
1,2,1,2,19.79
2,1,3,2,48.07
1,18,2,5,53.37
2,44,3,0,69.87
2,7,1,2,61.02
2,28,2,4,88.25
2,4,3,0,33.27
2,19,2,0,55.15
3,39,2,0,85.84
3,20,1,5,94.43
2,1,2,5,55.89
2,43,2,2,71.82
3,25,3,0,83.25
2,13,2,5,66.54
3,39,1,1,99.67
2,21,2,0,50.17
2,33,2,4,84.71
2,20,1,3,70.52
3,19,1,0,79.67
3,32,1,0,83.59
2,22,2,2,64.35
2,30,1,4,86.47
2,39,2,4,77.07
1,1,1,3,40.86
2,18,3,2,63.11
1,19,2,1,39.64
3,21,2,1,74.3
1,8,2,4,39.18
2,8,1,0,40.0
2,42,2,4,77.12
2,43,2,1,66.3
3,22,2,0,73.54
2,19,3,4,73.13
2,29,2,3,75.91
2,3,3,4,54.63
3,32,3,1,90.53
1,1,1,4,29.95
3,41,1,4,100.0
2,23,3,1,67.39
3,25,1,0,78.36
1,23,2,4,60.75
2,2,1,3,46.57
3,16,1,0,76.51
1,0,1,0,28.72
2,36,2,5,86.82
2,14,2,5,71.68
2,3,1,4,59.44
1,8,1,1,26.93
2,7,1,4,62.74
1,36,1,0,45.52
2,39,1,0,60.81
3,16,3,4,90.37
2,27,1,0,58.01
2,29,1,4,89.79
3,20,1,5,100.0
2,12,1,2,50.31
3,34,2,1,91.68
1,40,2,5,69.2
1,33,1,2,60.91
3,37,2,0,87.17
1,32,3,4,67.48
2,43,2,1,68.5
2,20,1,3,64.58
2,16,1,1,67.05
3,7,1,4,73.55
1,6,2,0,24.64
3,44,1,0,79.24
3,25,1,1,89.7
2,39,1,4,84.03
3,41,3,3,99.72
2,18,1,1,63.54
2,14,3,4,66.07
2,17,1,3,59.76
1,44,2,2,52.61
3,30,1,4,100.0
2,24,3,1,66.29
1,36,2,5,69.86
3,19,2,0,73.45
1,2,1,3,36.78
1,8,1,1,30.4
1,35,3,0,50.42
2,9,2,0,38.05
1,38,2,3,61.69
2,23,2,2,68.55
2,12,1,1,49.07
2,19,3,4,69.2
1,44,1,4,62.0
2,15,2,5,65.57
3,39,1,2,100.0
1,21,1,0,36.87
3,41,3,5,100.0
1,13,1,0,25.27
2,21,3,0,58.9
1,11,1,1,35.75
3,0,2,2,61.28
3,29,1,2,100.0
1,0,3,2,26.75
2,40,1,3,84.52
2,17,1,0,46.09
2,38,1,4,82.55
2,42,3,2,74.09
2,1,2,2,41.79
2,28,1,2,64.28
2,8,3,1,45.86
3,20,1,0,69.53
1,9,1,1,37.71
3,3,3,5,82.6
2,33,1,1,65.18
1,23,2,1,42.13
3,44,1,2,92.05
2,26,2,2,70.34
1,33,3,5,73.86
3,38,1,5,100.0
2,13,1,3,65.12
1,35,3,1,56.27
3,35,1,0,93.74
3,2,1,3,66.34
2,40,2,5,89.37
2,19,1,4,67.27
2,15,2,0,51.19
2,17,1,4,74.56
3,31,1,1,87.24
2,32,2,3,76.98
2,25,3,2,69.26
2,33,3,5,92.8
2,19,1,0,60.64
3,22,1,0,68.4
2,7,1,5,72.1
3,5,1,5,84.18
3,38,3,4,97.42
2,40,1,3,81.26
1,34,2,3,61.04
1,21,2,5,57.81
2,6,2,4,56.52
2,41,1,3,73.66
3,23,1,0,83.93
1,24,3,0,47.63
2,31,1,3,86.6
3,12,3,4,89.84
2,41,1,4,88.7
2,9,2,3,57.8
3,38,1,2,92.32
1,28,1,0,43.72
1,29,1,3,70.9
1,18,2,5,61.18
2,30,1,2,78.16
2,41,3,1,71.09
2,4,1,1,46.12
2,12,2,2,51.05
2,14,3,4,69.16
2,27,3,1,65.47
2,27,1,4,87.35
3,40,1,5,100.0
2,13,1,1,48.96
2,11,1,2,50.54
2,38,2,1,67.82
1,0,2,2,17.47
1,32,3,3,69.3
2,34,1,2,70.69
2,32,2,1,64.65
2,0,3,4,53.01
3,14,3,4,91.2
2,8,2,2,45.93
2,4,1,5,67.72
2,25,3,4,85.97
2,36,2,0,65.32
2,40,3,5,92.66
1,17,1,0,42.12
2,15,2,5,71.09
2,19,1,4,79.93
3,25,1,5,95.41
3,28,2,4,96.39
1,25,1,0,41.9
3,18,2,1,76.64
2,41,1,1,76.49
2,38,1,1,74.35
2,34,3,2,78.84
2,12,3,5,70.62
2,17,3,2,63.76
3,20,2,4,90.8
3,23,2,5,94.27
1,17,1,4,63.8
2,43,1,4,79.06
2,10,2,2,51.2
3,2,3,2,65.88
2,6,1,1,43.67
2,30,1,2,71.33
2,12,3,2,59.67
2,6,2,1,46.36
2,24,1,5,90.06
1,41,1,5,77.95
3,17,3,0,69.8
1,5,1,1,24.78
2,0,3,5,56.38
2,44,1,2,74.95
2,42,2,1,67.62
2,21,1,2,72.41
3,19,1,1,83.61
2,8,1,4,56.42
1,24,1,0,53.33
2,41,1,5,87.06
2,17,1,3,63.64
3,4,1,1,54.69
2,28,2,5,79.96
1,10,1,4,41.32
2,44,3,5,91.61
2,4,1,0,45.97
2,43,2,5,88.28
1,39,1,2,57.62
3,15,2,5,90.86
3,8,3,5,87.4
3,41,2,2,94.83
3,22,2,1,78.04
2,42,2,5,81.71
2,17,3,5,74.54
2,5,1,2,44.28
3,21,2,2,75.67
3,25,3,3,96.17
1,22,3,3,55.59
3,44,3,1,91.38
2,36,2,0,61.32
2,10,3,1,55.94
3,28,1,4,100.0
2,14,2,4,58.82
1,5,1,5,44.03
1,0,1,0,16.21
3,31,1,3,100.0
2,5,3,2,48.15
3,3,2,5,76.06
3,17,2,3,80.72
3,18,1,4,85.21
2,36,3,1,76.78
1,6,1,1,30.62
2,25,1,5,79.3
2,4,1,1,49.25
3,5,3,1,66.62
2,41,2,0,62.65
3,9,1,4,79.21
2,10,1,1,44.9
2,1,1,3,48.25
2,41,1,2,68.58
3,1,3,0,54.79
2,38,1,5,82.07
3,31,3,3,100.0
3,10,2,3,72.98
1,21,1,5,72.06
2,1,1,0,38.89
3,4,2,4,71.02
1,28,3,1,55.6
2,5,1,2,43.14
3,5,1,2,57.97
1,16,1,5,54.04
2,24,2,0,59.68
1,24,2,0,44.55
3,5,3,0,59.05
2,42,1,1,69.68
2,34,3,4,84.71
2,33,2,4,77.55
1,35,1,5,79.76
1,9,3,3,42.44
2,17,2,1,56.81
2,14,3,2,58.13
2,17,1,1,63.98
2,37,3,3,86.62
3,28,2,0,78.59
3,9,2,3,77.14
1,1,1,3,40.09
3,19,3,3,84.76
2,13,2,2,50.54
1,29,1,2,60.86
1,17,1,0,26.61
2,34,3,5,87.68
1,40,2,0,44.32
2,36,1,3,84.61
2,6,1,5,51.87
3,17,1,1,67.9
2,44,1,5,88.23
2,43,3,1,67.14
2,16,3,4,72.96
2,34,1,2,73.52
2,41,2,0,63.41
2,9,3,5,66.37
1,5,1,5,56.29
3,43,1,0,86.75
2,15,1,4,70.65
2,41,3,2,75.87
2,24,1,2,66.74
2,35,1,4,93.52
2,28,1,5,88.07
2,37,3,2,74.53
2,1,3,2,45.48
3,25,1,1,86.06
3,25,1,0,86.06
1,41,3,0,54.77
3,34,1,2,93.4
3,16,1,3,91.95
2,27,3,3,76.85
2,29,3,3,81.26
2,38,2,1,66.5
1,7,1,5,44.93
2,32,1,1,71.13
3,22,2,5,93.13
1,36,2,4,67.87
2,22,2,5,73.7
2,5,3,2,47.58
1,29,1,0,43.9
3,4,1,0,49.3
2,2,3,3,53.73
1,1,3,4,40.84
3,5,1,1,69.66
2,9,1,5,60.27
2,16,1,4,74.49
1,4,2,5,36.48
3,13,1,0,66.04
2,7,1,2,50.93
2,10,2,4,60.55
3,10,1,3,77.13
1,17,2,4,53.42
2,30,1,3,91.6
2,21,2,4,68.76
2,36,3,1,74.21
2,39,1,2,80.35
3,21,1,3,96.34
3,1,1,3,72.15
1,37,1,0,48.97
1,17,2,3,45.93
2,11,2,3,55.65
1,22,3,4,63.56
2,11,1,0,53.9
2,2,1,5,55.86
2,6,1,1,49.96
2,32,1,1,68.72
1,8,3,3,42.15
2,9,1,2,49.34
1,8,3,4,46.09
1,11,2,2,37.06
1,7,3,3,44.35
2,20,1,2,74.52
3,9,1,4,78.04
2,0,2,4,43.13
1,24,2,2,53.07
2,34,3,5,89.24
2,11,2,4,65.51
2,31,3,2,80.93
2,9,1,3,53.15
3,3,2,4,65.17
2,29,3,1,73.96
2,30,3,1,71.03
3,2,1,5,80.29
3,44,2,5,100.0
3,0,1,1,53.21
3,7,2,0,60.57
3,34,1,5,100.0
2,11,1,0,41.69
2,14,1,5,70.84
2,27,2,4,76.13
1,26,2,4,63.73
1,41,2,3,52.8
2,23,2,0,58.24
3,25,3,5,100.0
1,16,1,4,60.22
2,41,1,1,81.1
3,32,1,2,94.77
3,20,1,1,75.48
1,13,1,1,32.32
2,37,1,4,83.59
1,25,2,2,52.5
2,43,1,1,78.85
2,31,1,1,71.98
2,37,3,2,74.14
2,26,1,0,67.2
3,13,2,2,71.62
3,14,1,0,65.11
2,6,1,0,38.99
1,25,1,1,49.48
3,20,3,1,83.65
1,43,3,3,67.42
2,27,1,5,96.17
3,30,3,4,100.0
2,10,1,3,64.4
2,42,1,2,71.81
2,33,3,2,77.93
2,42,1,2,78.73
3,26,2,1,81.75
2,2,2,2,43.74
2,22,1,5,89.17
2,29,3,5,92.09
3,19,1,3,85.94
3,1,3,3,69.06
3,14,3,0,70.42
1,33,3,0,54.35
2,23,2,0,56.33
1,40,2,4,70.12
2,8,3,3,63.55
2,31,2,4,87.87
3,3,2,3,59.61
3,12,1,5,84.61
2,15,1,2,58.02
3,36,3,1,97.32
3,41,3,2,92.2
1,8,1,4,40.87
2,44,3,5,88.87
2,37,1,1,66.68
2,26,3,5,87.06
3,11,1,4,76.05
2,34,1,5,93.75
1,14,3,4,53.37
3,29,1,5,100.0
2,6,3,0,40.95
2,17,3,2,62.5
1,9,1,4,51.94
2,8,3,0,41.54
2,2,1,4,48.93
2,19,3,1,66.56
2,41,1,1,72.99
2,30,1,3,82.17
2,28,2,0,66.17
3,40,3,1,95.72
1,17,1,4,50.53
2,36,2,1,72.59
1,32,1,0,53.01
2,0,1,0,35.38
3,10,1,2,80.03
1,7,2,0,22.44
2,22,3,2,70.42
2,14,1,2,53.84
3,35,2,1,87.49
2,28,3,3,83.35
2,31,3,0,68.82
1,21,3,3,51.41
2,24,2,5,77.87
1,9,1,0,36.96
3,32,3,5,100.0
2,37,1,4,79.65
2,29,1,0,56.63
2,25,1,4,83.11
3,23,1,5,100.0
3,16,1,0,66.41
2,39,1,0,64.2
3,44,3,3,96.46
3,27,3,5,100.0
2,28,1,5,81.94
1,28,1,2,69.16
1,27,1,5,71.72
2,21,2,3,61.97
1,37,1,3,58.99
1,43,1,2,56.78
1,7,1,0,29.53
2,7,2,5,61.17
2,36,1,5,84.84
2,7,1,5,67.44
3,22,1,0,81.67
1,23,2,4,59.88
3,38,2,5,100.0
1,35,1,0,51.2
2,28,1,1,75.94
2,32,1,3,75.33
1,24,3,1,50.62
3,35,1,2,95.65
1,43,1,2,66.83
1,4,2,3,35.13
2,10,2,1,49.74
2,20,1,3,76.96
3,33,2,1,86.99
2,22,1,2,65.86
2,14,3,4,64.61
2,29,1,4,92.58
3,29,3,1,88.03
2,34,3,0,67.61
3,43,2,5,100.0
1,10,1,5,44.8
2,16,1,1,62.52
1,18,2,4,53.5
1,8,1,5,43.83
1,3,1,0,29.78
2,13,1,3,68.58
2,6,1,5,60.52
1,20,1,0,56.02
3,18,2,1,77.67
2,37,1,3,84.54
3,23,2,5,100.0
2,17,3,4,72.89
2,4,3,1,45.57
3,33,1,3,100.0
1,27,2,3,58.35
3,14,2,3,77.21
2,14,1,4,69.24
2,29,1,2,70.54
2,3,1,1,47.05
3,30,1,0,82.53
2,42,1,1,79.94
3,34,1,0,95.57
2,38,3,0,70.3
3,14,1,2,70.23
2,27,2,2,70.24
3,27,1,0,91.41
2,27,2,1,65.07
2,27,1,1,60.93
2,39,3,2,76.19
2,9,1,5,67.75
3,17,1,1,71.06
2,5,2,2,42.34
1,31,1,3,60.94
1,3,2,5,38.78
2,4,2,5,59.52
2,39,3,2,75.8
2,17,1,2,68.79
2,15,1,1,61.45
2,36,2,2,70.37
2,29,1,4,81.94
1,30,3,1,55.46
3,32,1,2,86.09
3,32,1,4,100.0
3,39,1,2,100.0
1,23,3,4,59.2
1,25,2,4,56.78
3,12,3,4,86.27
3,1,1,2,61.01
1,44,2,1,50.23
3,11,2,2,72.36
2,0,1,2,49.62
2,10,2,4,57.49
3,34,1,2,91.95
3,18,2,4,84.97
2,13,2,1,48.16
3,12,2,1,66.09
2,9,3,3,57.82
2,24,3,0,61.38
2,10,3,3,61.06
2,30,1,1,67.02
1,10,3,5,50.17
1,43,3,0,51.33
2,10,1,0,41.23
3,29,1,0,82.49
1,20,3,0,41.31
2,28,1,2,67.54
2,33,3,4,81.01
1,41,3,1,64.15
2,29,3,5,88.22
3,5,1,4,80.64
2,5,3,2,48.83
2,33,2,2,73.43
2,4,1,4,57.18
3,18,1,1,78.7
2,33,3,1,73.45
2,21,1,3,75.03
1,36,1,3,57.85
1,6,1,1,34.01
1,17,1,4,48.62
2,0,2,2,38.64
2,37,1,2,83.43
2,33,3,4,87.19
2,14,1,4,68.91
1,40,3,2,66.15
2,28,3,2,76.02
3,6,1,0,62.57
2,24,3,0,64.44
2,42,1,3,84.42
2,17,2,4,61.46
1,36,2,5,73.54
2,17,1,5,83.1
2,30,1,2,80.52
2,24,1,5,87.37
3,21,1,1,74.35
2,8,1,5,69.16
1,44,1,4,77.52
2,11,2,0,44.22
1,37,1,3,68.83
2,42,1,2,82.6
3,24,1,1,77.7
2,40,2,4,86.94
2,40,1,0,62.63
3,44,1,2,97.53
1,6,1,3,44.31
3,18,3,2,84.06
3,5,1,0,57.07
2,0,1,1,36.39
3,36,1,5,100.0
2,33,1,3,76.6
2,6,1,4,55.19
2,26,1,1,74.7
2,21,3,3,70.21
1,18,3,1,45.46
3,11,1,4,79.24
2,13,1,4,72.55
3,1,1,3,63.11
1,19,1,5,66.45
1,17,3,1,42.94
2,0,1,2,49.93
2,38,1,2,82.48
3,17,1,0,69.92
2,24,1,2,69.65
3,36,3,1,90.28
3,1,1,4,82.36
2,25,2,3,73.97
2,18,1,4,64.81
1,16,1,2,38.84
1,22,1,2,47.14
2,9,3,1,50.14
1,42,3,4,70.77
2,11,2,4,57.59
2,5,1,0,31.36
1,28,2,2,50.43
3,24,3,5,100.0
2,41,3,4,91.48
1,16,3,1,38.62
2,19,1,3,68.92
2,29,2,4,82.17
2,3,2,1,35.54
2,37,3,4,86.65
1,33,1,0,59.15
2,26,3,1,68.66
2,23,2,0,52.49
3,5,1,4,81.98
1,36,3,4,73.64
1,42,2,2,54.39
2,15,3,0,48.46
2,4,3,4,62.54
1,38,1,5,76.47
2,11,1,5,63.69
2,8,2,2,51.4
2,37,2,5,82.38
2,25,2,5,82.41
3,4,1,0,51.24
2,37,2,2,74.62
1,44,2,5,69.74
1,16,2,3,43.33
2,32,2,2,77.1
1,17,1,4,58.73
3,6,2,0,56.14
2,16,1,5,82.2
2,29,3,2,80.25
1,12,1,5,51.13
2,13,2,2,50.82
1,27,3,4,66.95
2,6,3,5,64.91
2,36,3,2,76.72
1,16,2,3,47.0
2,24,3,4,82.93
3,3,1,5,80.2
1,29,1,3,59.17
2,3,1,5,65.97
3,29,2,4,100.0
2,42,1,5,96.21
3,17,2,1,74.03
2,42,1,1,66.32
2,18,1,2,66.34
1,23,3,0,42.5
2,18,2,5,73.17
1,1,1,1,23.47
2,0,1,3,46.91
1,2,3,5,39.81
1,33,2,4,60.08
1,7,1,3,34.6
2,41,3,2,76.53
2,10,1,5,70.12
3,5,1,1,75.35
2,6,1,2,46.84
2,6,2,1,43.66
3,43,2,5,100.0
3,41,3,4,100.0
3,9,1,4,88.04
2,19,1,3,58.2
2,26,2,5,81.97
3,28,2,3,90.31
1,27,2,5,63.12
3,5,2,4,73.01
2,5,1,4,61.95
2,36,1,2,73.14
3,9,1,5,77.88
1,39,2,1,53.86
1,21,3,5,68.62
2,30,1,0,66.61
3,20,3,3,96.93
2,19,1,3,71.55
3,8,2,4,78.43
3,15,2,5,90.33
3,39,1,0,85.51
2,20,1,2,69.33
2,6,3,0,41.0
2,42,1,0,61.14
3,24,3,1,90.84
2,7,3,2,49.87
1,34,2,1,56.44
1,6,1,5,41.23
2,12,1,1,58.56
3,20,3,0,80.38
2,40,1,1,79.4
3,9,2,0,56.25
3,8,3,1,73.0
3,11,2,3,74.87
1,44,1,0,50.37
3,18,3,5,95.89
3,1,1,3,62.92
2,18,1,1,55.18
3,20,1,3,87.04
2,36,1,1,72.64
2,25,3,5,85.94
1,44,2,0,44.26
1,21,1,3,54.09
1,39,1,4,73.79
2,11,1,3,57.39
1,19,1,0,47.22
3,2,3,4,71.16
2,6,2,1,36.81
1,0,3,1,26.97
3,41,2,1,83.21
3,28,1,1,87.34
2,17,2,1,50.81
2,4,2,4,53.96
2,5,2,1,35.81
1,38,1,0,49.11
2,8,3,1,46.92
3,26,1,5,100.0
2,9,1,4,55.19
2,6,3,4,60.05
2,27,3,0,63.48
2,35,2,0,65.42
2,23,3,4,76.25
1,36,3,3,66.28
2,12,3,0,49.93
2,18,3,3,69.48
2,35,1,5,93.12
2,41,1,0,64.87
2,33,1,1,81.42
3,6,3,4,84.61
2,14,3,3,63.94
2,11,2,1,45.0
2,40,3,4,90.54
3,4,1,3,79.02
1,32,3,1,58.17
3,8,1,3,73.49
2,17,1,5,69.23
3,29,2,5,100.0
1,12,3,1,40.47
2,33,3,0,71.85
2,31,2,3,73.96
2,41,1,0,66.04
1,16,1,3,62.37
2,19,1,0,64.96
2,34,1,2,76.07
3,15,3,2,79.02
3,15,1,4,85.87
2,18,1,4,83.58
2,21,1,2,59.07
3,7,1,2,62.13
3,39,3,4,100.0
2,23,1,5,78.86
2,4,1,3,58.0
2,34,3,5,89.38
1,31,3,3,69.18
2,32,1,3,80.19
2,17,2,3,64.87
2,26,2,3,67.18
3,20,3,1,82.96
1,16,3,0,32.14
1,32,1,2,55.62
3,13,1,3,86.92
2,42,3,2,76.34
2,32,1,1,77.79
3,8,1,0,65.05
3,20,3,2,80.13
2,12,3,2,59.35
2,31,3,5,90.2
3,6,3,5,81.87
2,27,2,1,58.15
1,36,2,2,59.71
2,4,2,4,55.81
2,24,2,4,72.68
1,23,2,5,58.64
1,4,1,1,22.67
2,29,1,2,70.15
2,20,2,3,69.9
2,27,1,1,59.84
2,32,2,2,67.52
2,27,1,3,83.27
3,42,1,2,93.14
2,9,1,0,51.77
2,3,1,0,40.35
1,43,2,2,57.1
2,22,1,2,79.4
2,0,1,0,30.12
3,6,1,5,78.82
2,6,2,4,49.88
3,36,1,5,100.0
1,21,1,5,71.97
3,16,1,5,88.46
2,14,3,2,57.67
2,12,1,4,72.59
3,35,2,5,100.0
2,17,2,1,55.38
1,16,1,2,52.06
2,2,1,0,42.7
2,6,1,4,65.48
1,44,3,3,63.45
3,43,1,3,98.94
2,32,3,4,88.6
1,35,2,3,60.09
2,0,1,0,32.43
3,20,1,3,96.36
3,17,3,0,77.34
3,40,1,4,100.0
3,0,3,2,63.94
2,32,3,3,79.26
1,0,1,1,19.01
1,15,1,1,49.5
1,18,1,4,59.24
2,27,1,2,80.44
1,12,2,2,40.34
3,38,1,0,81.54
3,8,1,3,81.15
2,34,1,5,100.0
2,32,3,1,72.13
1,28,3,0,45.21
1,0,3,5,43.27
2,30,2,1,68.1
1,3,1,3,38.57
2,39,1,3,75.65
2,24,2,2,65.05
2,20,1,3,68.1
1,21,3,3,59.1
1,30,1,1,56.12
2,8,1,5,69.37
2,9,3,5,67.46
2,10,2,3,51.18
2,43,1,5,88.11
1,14,1,4,59.56
2,24,2,3,72.86
3,0,2,4,68.03
2,4,2,0,39.05
2,31,3,0,65.26
2,5,3,1,47.06
2,14,2,5,68.55
2,28,1,4,84.76
3,17,1,4,87.4
3,7,1,4,74.45
2,42,2,4,78.84
3,33,1,2,90.08
2,36,2,3,76.8
3,30,3,3,100.0
3,17,2,5,95.53
2,7,2,3,53.85
3,23,2,4,91.61
1,21,1,2,53.58
2,40,2,3,72.04
1,13,3,2,43.15
1,43,2,3,62.03
2,0,1,2,46.2
2,37,2,2,73.85
1,31,1,3,63.27
2,18,3,5,75.83
1,30,1,0,57.14
1,0,1,1,19.9
3,17,1,5,95.56
1,34,3,2,61.46
3,5,2,3,68.07
2,15,1,1,51.57
3,3,1,2,74.24
2,34,1,5,89.11
2,18,3,5,78.06
1,2,1,4,45.64
2,12,3,4,63.02
3,7,1,2,72.98
2,27,1,5,83.18
2,13,1,4,77.3
2,27,1,2,70.37
2,16,3,5,79.43
2,40,1,1,81.14
2,1,1,0,33.04
3,19,3,0,74.57
1,31,1,4,66.09
2,11,1,1,61.57
1,16,3,4,53.03
2,13,3,5,68.23
2,39,1,5,99.24
1,9,1,0,28.73
1,24,1,1,54.13
2,26,1,3,71.53
1,4,1,1,33.71
1,28,3,5,80.87
3,2,1,2,70.87
2,5,1,1,51.94
2,43,1,2,76.71
2,41,2,0,63.36
2,10,1,2,52.77
3,8,1,1,75.85
2,27,3,0,62.43
3,12,1,5,94.34
2,27,1,1,69.09
2,26,1,1,72.3
2,26,1,4,73.44
1,11,1,3,48.72
3,8,3,3,76.82
1,15,2,2,42.62
3,12,1,5,95.45
2,0,1,5,56.0
2,5,2,4,51.42
3,25,1,0,73.47
2,23,1,0,60.05
2,0,1,4,58.88
1,21,1,2,59.08
2,37,2,5,82.13
2,28,1,4,88.33
1,37,3,2,63.44
1,18,1,3,58.82
1,32,1,4,72.58
1,12,2,3,44.21
2,39,1,5,82.46
1,7,2,3,31.0
3,7,1,0,53.07
1,18,1,4,59.81
2,9,3,1,49.16
3,8,1,3,79.79
2,12,1,5,75.77
1,34,3,2,62.41
3,33,1,1,85.01
2,13,1,1,50.72
2,39,3,1,77.69
2,17,3,5,79.89
1,30,3,0,50.26
2,25,1,4,84.05
2,36,3,4,87.75
1,1,2,1,20.12
2,12,3,5,69.08
3,19,3,0,76.48
3,11,3,0,70.84
2,30,2,1,66.13
3,44,2,5,99.67
2,4,3,2,51.27
2,29,3,1,69.4
2,1,3,1,38.65
1,40,1,0,48.02
3,20,1,1,66.59
2,13,1,1,61.43
1,7,1,1,29.55
3,28,1,1,85.22
2,20,1,1,64.06
2,19,3,2,65.48
2,4,3,2,52.61
2,18,2,2,58.6
2,12,1,3,59.83
1,8,2,4,40.12
3,37,1,4,100.0
3,35,2,5,100.0
3,15,1,2,89.24
1,11,3,5,58.96
1,9,2,3,38.4
1,38,1,5,66.92
1,29,3,4,63.09
1,21,1,3,60.88
1,26,1,4,72.59
2,43,1,4,82.98
2,12,1,2,60.04
1,20,2,1,44.84
2,24,3,5,76.29
2,34,3,3,78.62
1,36,2,0,49.45
2,7,2,2,45.06
2,27,1,5,95.41
2,15,1,5,77.23
2,31,1,3,79.63
1,10,1,3,51.86
1,6,3,1,24.82
1,20,2,1,40.63
1,7,3,2,30.79
2,42,1,0,61.31
2,23,2,5,83.53
3,13,1,4,82.21
2,31,1,3,87.47
3,13,1,0,71.28
2,11,1,0,53.36
2,30,1,5,97.02
2,14,1,1,62.86
2,42,1,2,85.22
3,15,1,5,84.97
3,6,2,3,71.44
2,13,1,4,61.06
1,26,1,1,44.75
2,14,3,1,58.74
2,42,1,2,81.74
3,18,1,5,86.43
2,30,1,3,73.27
3,18,1,0,81.32
2,39,3,2,79.69
1,38,2,4,65.44
1,40,2,0,53.47
3,28,1,5,100.0
3,42,2,2,89.63
3,23,1,3,100.0
2,23,1,4,76.2
2,15,2,5,72.61
2,23,3,2,71.46
2,6,1,0,43.17
1,40,1,5,73.92
2,16,1,4,69.23
3,11,1,5,95.89
1,29,1,3,74.91
1,37,2,3,62.55
1,13,1,2,32.79
2,36,3,2,78.59
2,3,3,5,56.92
3,7,1,1,64.22
1,8,2,5,47.03
3,14,1,3,77.35
2,38,1,3,73.54
2,16,1,0,58.02
2,33,1,3,91.9
2,18,1,0,46.16
3,27,1,1,83.82
2,13,1,1,51.83
2,20,1,4,68.46
2,11,3,3,54.29
3,38,1,1,89.34
1,20,2,5,60.22
2,15,1,4,71.67
2,5,3,3,53.05
2,11,2,5,63.68
3,6,1,5,78.94
3,22,2,2,82.07
2,17,1,2,55.95
2,17,2,5,75.59
1,14,3,0,37.99
3,24,1,5,100.0
1,14,2,3,41.2
3,26,1,4,93.64
1,29,3,1,55.48
2,13,2,3,57.84
1,1,1,1,28.21
2,4,3,3,53.66
1,9,3,3,39.19
3,1,1,2,73.43
2,1,1,2,42.19
3,12,1,4,85.22
2,0,1,2,41.37
1,30,1,5,70.3
2,27,3,2,73.71
2,43,2,3,80.57
2,33,1,1,80.66
2,22,1,3,79.36
1,14,1,1,30.37
3,0,1,1,61.54
2,9,1,2,55.75
3,5,2,3,69.1
2,38,2,5,86.37
2,17,1,4,70.09
1,21,1,1,43.34
1,23,1,5,62.53
2,18,2,2,61.14
2,13,1,0,41.88
2,13,1,3,68.05
2,19,1,2,73.49
2,39,2,4,77.0
2,16,1,5,77.41
2,30,2,1,63.8
1,36,1,2,61.7
2,37,2,4,79.41
2,4,2,4,58.09
1,30,2,2,57.11
1,19,2,1,37.57
1,28,3,3,62.37
2,23,2,2,64.14
2,15,2,4,64.73
2,21,2,2,60.58
1,42,1,4,73.71
2,4,1,4,52.49
3,19,3,2,81.42
2,19,1,5,80.26
3,29,3,5,100.0
1,11,2,5,49.86
3,28,1,4,100.0
2,35,2,1,70.49
1,15,1,1,34.59
2,42,1,1,63.1
3,39,3,5,100.0
2,27,2,5,77.99
1,28,1,0,59.96
2,11,3,4,63.87
3,4,2,5,78.63
1,19,1,0,37.01
3,28,3,0,89.13
2,25,1,3,81.84
2,16,1,1,61.93
2,33,3,3,82.72
2,44,3,1,74.0
2,36,2,1,69.42
2,41,1,4,80.65
1,22,1,3,64.51
2,30,1,3,77.12
2,21,1,5,74.25
2,38,3,0,65.35
1,24,2,3,55.77
2,33,1,0,72.75
2,11,1,0,47.59
2,38,1,3,85.46
2,6,2,4,54.78
2,7,3,3,55.14
1,30,2,3,55.0
2,36,1,4,79.81
2,9,2,0,47.0
3,9,1,2,80.86
2,4,1,1,30.47
2,11,3,0,49.03
2,6,1,3,59.41
2,34,2,4,79.27
3,16,1,1,78.94
2,24,1,2,66.56
1,3,1,3,42.61
2,18,3,1,61.69
2,8,1,1,56.17
2,6,1,2,44.39
1,19,1,4,56.95
2,9,1,1,46.29
1,42,3,1,62.75
3,10,2,4,78.01
1,1,1,4,34.48
1,4,1,3,48.7
2,8,1,1,44.59
3,3,1,0,63.58
2,34,3,3,83.35
1,9,3,1,38.3
2,28,3,2,71.85
3,4,1,1,57.11
2,15,1,4,79.77
2,28,2,5,87.41
1,18,1,3,58.53
2,17,2,1,48.81
2,20,3,4,76.23
1,19,3,3,55.21
2,42,2,1,70.26
3,11,1,3,88.09
2,20,2,4,71.28
2,20,3,2,63.96
2,23,3,3,70.94
2,11,3,4,62.78
2,7,1,2,58.6
3,13,1,2,73.21
2,38,1,3,78.28
2,13,1,1,48.17
1,37,1,3,61.25
1,4,1,4,49.32
3,41,2,1,93.5
3,30,3,2,97.19
3,4,1,3,74.3
2,9,1,3,70.82
1,18,2,4,52.62
3,32,1,4,100.0
2,26,1,2,75.68
3,44,1,3,100.0
2,30,2,1,63.21
3,23,3,4,100.0
2,5,3,5,67.82
2,35,3,5,89.06
1,44,3,0,55.19
2,27,1,4,76.4
1,32,2,5,71.69
1,23,1,1,46.82
3,38,3,0,86.88
3,36,1,3,97.24
2,2,2,4,53.34
2,3,1,2,40.89
3,0,2,3,67.54
3,32,3,0,91.13
2,36,2,1,72.14
1,36,3,1,57.68
3,38,1,5,100.0
2,20,1,5,76.39
2,31,1,2,70.16
3,42,1,4,100.0
2,12,1,2,60.25
2,32,1,1,56.97
3,3,3,5,77.24
3,13,2,3,74.53
3,18,2,5,89.55
3,1,3,5,78.4
1,20,2,5,64.72
3,2,2,3,66.06
2,35,1,1,78.86
3,5,3,3,70.78
3,28,3,2,93.66
2,14,1,0,56.21
1,26,1,0,50.7
1,36,1,0,58.8
2,3,1,5,52.33
1,8,2,2,31.27
2,9,1,3,60.42
3,44,1,3,96.57
2,32,1,5,94.42
3,6,1,3,80.77
3,16,3,3,84.75
2,41,1,5,98.29
3,35,2,5,100.0
2,39,3,3,82.33
2,11,1,5,74.99
1,39,1,4,80.2
2,19,2,4,70.39
1,17,1,1,41.32
2,27,3,0,69.18
3,44,2,5,100.0
2,42,1,3,82.83
1,0,3,1,23.54
2,7,1,5,67.6
3,9,1,1,65.82
2,6,1,0,40.53
2,29,1,0,61.23
1,23,3,3,62.4
1,37,1,0,58.67
3,43,1,2,96.2
3,36,1,3,100.0
2,26,2,1,60.3
2,35,1,3,73.36
3,5,2,1,60.79
3,32,1,0,92.32
2,9,1,1,41.34
2,37,2,0,61.79
1,29,1,1,50.31
2,8,1,4,66.43
1,29,2,3,59.13
1,12,1,0,42.12
2,40,1,3,87.86
2,9,2,4,55.65
3,13,3,3,85.95
1,41,1,3,72.04
2,42,2,0,62.43
3,30,3,5,100.0
2,37,1,1,72.05
3,41,1,5,100.0
1,25,1,1,55.09
2,9,2,1,45.87
2,3,2,5,54.18
2,31,1,3,70.12
2,22,3,0,62.53
1,37,3,4,72.17
3,38,3,3,100.0
1,2,1,4,33.14
2,21,1,1,58.36
2,14,3,2,59.21
2,25,3,2,72.74
1,44,1,4,74.53
3,5,1,1,63.19
3,37,3,0,96.4
3,24,1,5,98.45
2,22,2,4,76.51
1,44,1,0,47.46
3,30,1,2,92.65
3,42,1,2,100.0
1,24,1,3,52.72
2,21,1,4,87.47
1,37,1,1,65.44
2,37,1,2,78.71
2,38,1,0,62.94
3,32,3,0,89.12
1,14,1,2,55.95
2,34,1,1,65.61
2,6,1,2,53.87
3,6,1,5,86.13
1,4,3,4,41.65
1,39,1,3,71.6
3,13,1,0,71.64
3,43,1,0,92.12
3,34,2,4,93.35
2,26,1,1,67.43
1,1,1,4,32.05
3,20,3,1,77.12
2,35,1,0,62.9
1,28,2,4,56.09
2,16,1,1,63.78
2,15,1,1,49.67
1,15,1,3,53.14
1,20,3,2,50.78
2,32,3,4,90.78
1,19,1,5,67.17
2,4,2,2,42.05
2,5,3,4,53.12
1,4,2,2,26.53
2,16,1,3,59.0
2,34,2,3,78.26
3,32,2,4,100.0
2,35,3,5,94.98
2,39,1,1,82.24
3,12,1,2,79.19
2,28,1,4,82.64
2,38,3,3,79.93
2,43,3,4,89.22
2,14,1,3,70.2
3,0,1,0,47.62
1,3,3,2,29.2
3,29,3,1,90.31
3,39,2,4,99.87
3,41,1,5,100.0
3,26,1,2,100.0
2,3,3,3,50.87
1,1,1,1,19.84
3,42,2,2,93.62
2,29,3,3,87.62
2,4,2,4,48.09
3,18,1,1,79.48
2,9,2,3,51.71
2,43,1,5,88.33
1,16,3,5,59.33
1,38,1,2,55.14
2,13,3,1,63.49
1,7,1,0,16.52
2,19,1,5,73.1
2,8,2,0,39.24
1,36,1,1,62.96
1,44,1,2,67.29
2,13,1,5,61.99
2,8,1,5,70.85
2,23,1,4,75.61
3,3,2,0,49.76
1,13,2,5,49.19
2,3,1,5,67.78
2,11,2,5,63.23
2,10,1,1,46.26
2,30,1,3,76.44
2,32,3,0,66.72
2,27,1,1,61.66
1,10,2,1,28.99
2,28,3,2,74.04
1,0,1,1,30.28
1,19,3,2,52.6
2,44,1,2,82.36
2,37,1,1,78.88
2,43,3,0,74.27
3,17,3,2,76.02
2,38,2,4,83.06
1,17,3,3,53.75
2,21,1,1,72.55
1,9,2,5,50.09
2,12,1,5,70.89
2,16,1,1,49.22
3,35,2,4,100.0
3,4,1,3,81.54
1,17,2,2,39.33
2,0,1,1,36.29
2,39,3,1,71.42
2,22,2,4,72.82
2,26,2,4,77.0
1,15,1,4,65.53
3,34,1,1,88.72
2,18,3,3,71.82
3,12,1,4,97.96
3,32,2,2,91.61
2,15,3,5,75.21
2,38,2,4,85.4
2,0,1,2,40.85
1,32,3,5,75.67
3,2,1,2,65.24
3,11,2,2,73.63
2,9,2,2,55.09
3,14,1,2,73.76
2,26,2,3,64.55
2,25,3,1,67.26
3,15,2,3,81.21
2,0,1,5,64.22
2,1,1,1,43.79
3,22,1,2,93.72
2,2,3,1,41.26
3,15,3,0,73.4
1,11,2,3,38.78
3,13,3,1,76.32
2,26,1,3,76.09
2,25,1,2,77.43
2,8,2,0,39.65
2,36,3,3,83.2
2,2,3,0,38.13
3,25,2,3,90.82
2,31,1,2,84.25
2,3,1,2,56.14
2,42,2,3,79.42
1,0,1,4,31.4
2,0,3,2,37.0
3,3,1,3,65.77
2,30,1,4,81.86
3,35,1,4,100.0
2,25,3,0,64.84
1,33,2,2,57.71
3,35,2,1,84.66
2,43,1,0,63.47
2,29,1,3,74.42
2,36,1,4,93.95
2,15,1,4,62.87
3,26,1,2,96.59
3,32,1,2,89.81
1,2,1,5,42.91
2,24,3,2,74.65
1,17,3,4,62.64
2,0,1,2,42.36
2,39,2,1,63.84
3,43,2,5,98.26
3,20,1,0,78.66
1,42,1,5,81.17
2,3,1,5,62.24
2,28,2,5,81.52
2,16,1,0,52.43
1,15,3,2,46.91
2,11,3,5,69.65
2,29,1,5,86.38
2,34,1,1,74.96
3,39,3,1,95.96
2,31,2,0,69.14
2,31,1,0,64.14
3,24,1,5,100.0
2,37,2,3,72.85
2,23,1,2,71.26
3,35,2,0,86.34
1,3,1,0,27.14
2,39,1,0,68.12
2,16,2,3,62.09
2,30,3,1,68.55
3,34,3,1,89.42
3,5,3,2,73.81
1,31,3,0,51.15
2,31,1,1,81.25
2,12,3,0,52.73
2,0,1,2,51.61
2,3,2,4,51.63
3,41,1,1,95.31
1,16,3,0,36.09
2,38,2,5,85.95
3,33,1,3,95.14
3,31,1,3,100.0
2,32,1,3,71.37
3,11,1,4,93.33
3,32,2,1,85.54
2,2,3,0,38.81
2,28,2,5,84.59
2,4,1,3,52.91
1,25,2,0,43.97
3,38,2,0,84.27
2,6,1,2,43.19
2,8,1,2,51.01
2,25,1,1,64.42
1,34,2,2,54.14
3,13,2,0,63.81
3,36,3,1,89.32
2,32,2,2,73.59
1,26,3,2,58.78
1,39,3,3,68.21
2,6,1,2,55.01
3,32,2,5,100.0
1,30,2,3,64.01
3,29,3,3,99.48
2,18,1,0,64.04
2,2,3,5,62.35
2,24,1,2,74.11
2,42,2,1,69.37
2,11,3,1,54.55
3,44,2,3,98.13
1,17,1,0,30.68
1,10,1,5,54.69
2,20,1,0,62.32
2,39,1,1,68.96
2,42,2,1,64.54
2,26,3,0,60.19
3,16,2,4,91.0
1,27,1,1,53.49
1,11,1,0,37.76
2,2,1,4,60.19
2,1,3,4,52.95
1,36,1,5,68.61
3,1,3,3,68.47
1,14,1,0,44.5
3,17,2,1,75.72
1,12,1,3,43.16
3,1,1,3,73.19
2,0,1,0,25.45
2,27,3,2,72.2
3,40,1,0,98.68
2,34,1,4,77.25
2,42,3,5,86.0
3,12,3,4,79.44
3,5,3,5,82.17
3,31,1,2,100.0
3,22,2,0,68.48
3,33,1,0,90.54
3,10,1,3,79.6
2,39,1,3,84.28
3,21,1,1,90.11
2,22,1,1,69.57
1,4,2,4,29.88
3,15,2,1,78.37
3,14,3,5,90.84
1,23,1,2,51.64
1,8,1,5,58.24
2,19,2,1,56.44
2,4,1,3,58.95
3,4,1,0,61.58
3,4,3,3,72.85
1,10,2,3,36.44
1,19,1,3,52.72
2,7,1,0,35.29
2,3,1,1,41.52
2,34,1,2,78.37
2,11,1,5,60.39
1,6,3,0,25.0
2,26,2,1,61.72
2,40,2,5,80.68
2,17,3,5,77.95
2,41,1,0,65.49
3,9,3,1,63.23
2,35,2,2,77.51
2,7,1,5,59.11
3,40,2,5,100.0
1,20,1,0,34.4
2,0,1,5,60.66
1,25,1,4,65.41
2,42,1,4,92.38
3,19,2,1,74.62
2,11,1,4,71.21
2,21,2,2,61.66
2,1,3,5,56.83
3,6,3,2,68.52
2,28,3,3,75.15
1,41,1,4,67.79
2,9,2,4,55.09
1,23,1,4,69.56
2,37,1,4,94.67
2,23,1,2,75.92
2,28,3,0,67.16
2,29,1,0,71.23
2,37,2,0,62.81
3,8,1,0,68.85
2,42,1,2,78.47
2,26,3,2,72.21
3,17,3,3,86.51
3,39,1,3,100.0
2,18,2,4,71.07
1,38,1,3,65.15
1,38,3,1,57.82
1,39,1,0,54.39
2,21,3,1,59.31
2,1,1,1,37.09
2,15,2,4,66.85
1,30,1,1,62.57
3,33,3,0,88.61
3,34,3,2,97.56
1,26,2,2,51.15
1,7,1,3,40.07
2,11,1,3,67.88
3,18,2,5,92.75
3,26,1,4,91.49
2,0,1,5,62.58
2,43,1,3,76.77
1,1,1,1,26.09
3,44,2,0,84.98
1,11,3,1,38.76
2,30,1,0,72.49
2,44,3,2,76.69
2,3,3,1,40.32
1,4,3,3,39.7
2,9,1,1,50.45
2,2,3,2,43.76
3,11,3,3,85.03
1,6,1,1,27.93
3,35,3,1,90.63
2,35,1,0,68.52
2,7,2,5,65.22
2,36,1,1,79.53
1,8,1,3,54.42
2,10,3,1,47.47
1,19,3,0,42.04
2,21,1,2,71.45
2,38,1,4,91.95
2,2,1,0,43.54
2,1,1,5,59.34
2,19,1,5,84.14
2,2,1,1,34.25
3,12,2,0,63.68
2,25,2,4,71.86
1,34,3,0,56.76
1,34,2,3,61.17
2,23,1,1,60.36
2,7,2,1,39.77
1,38,1,1,45.75
2,32,2,4,84.76
2,35,1,4,82.62
2,3,3,3,49.31
3,5,3,3,75.33
2,23,2,4,76.15
2,7,2,1,44.41
3,15,3,5,92.99
1,30,3,3,67.54
2,20,1,4,72.54
3,22,2,3,87.8
1,15,1,2,40.6
3,4,1,3,68.67
2,13,1,5,64.83
2,10,3,5,76.89
3,24,1,3,90.12
1,22,3,3,58.07
2,43,1,1,65.72
2,3,1,2,40.19
3,23,1,0,81.62
3,19,2,4,86.31
3,8,3,0,60.39
2,19,2,1,56.35
2,20,1,5,81.82
2,43,3,5,90.41
3,34,1,3,98.37
2,34,1,3,84.98
2,27,2,3,77.03
2,17,3,1,54.83
2,26,3,1,70.06
2,1,2,0,31.68
1,5,2,5,45.96
2,17,3,1,61.08
2,39,1,1,68.68
2,13,3,1,50.86
2,17,3,2,59.92
2,32,1,2,78.99
1,31,1,3,63.91
2,40,1,0,72.69
2,12,3,1,49.86
2,30,2,3,77.45
1,7,1,5,54.4
1,12,1,2,39.92
2,39,1,5,98.81
1,3,2,3,33.62
3,34,3,5,100.0
2,2,1,4,47.34
2,21,2,4,70.85
3,8,1,3,68.69
1,23,1,2,46.35
1,28,1,0,44.91
2,42,1,2,80.04
2,23,1,4,79.5
1,23,3,5,65.25
2,36,1,5,97.07
1,1,1,4,40.82
1,31,3,1,54.49
1,0,1,5,49.15
2,18,3,0,57.59
3,43,2,1,83.3
2,6,3,0,41.48
3,8,1,0,62.62
3,7,2,3,72.83
2,27,2,2,69.42
2,35,1,5,92.82
1,31,1,2,55.27
2,34,1,1,71.19
3,42,1,4,100.0
2,22,2,3,64.86
2,8,1,0,46.83
2,2,1,1,37.69
2,29,1,2,72.9
3,14,1,4,91.77
2,1,1,3,51.68
2,25,1,5,91.4
2,17,3,1,52.89
2,16,1,5,68.47
2,26,1,3,82.69
3,37,3,2,97.4
3,10,1,3,86.9
3,11,1,2,75.95
3,17,1,5,100.0
1,34,1,2,59.56
3,1,3,5,79.51
2,44,2,2,69.66
2,15,2,1,53.15
3,12,1,0,74.71
1,30,1,4,65.81
1,13,1,0,37.96
1,28,1,5,75.45
2,1,1,2,52.59
1,10,1,1,40.37
1,30,1,3,78.73
3,29,1,2,100.0
3,4,3,5,77.46
2,1,1,5,57.23
2,41,3,2,75.13
2,29,2,3,80.64
3,3,2,5,76.02
2,19,1,0,55.27
2,39,3,0,65.42
3,20,2,2,80.7
3,23,1,3,93.35
1,18,2,3,43.77
1,10,1,0,23.24
1,14,2,2,41.69
2,25,3,5,82.0
3,31,3,4,100.0
1,27,3,5,72.24
1,44,2,2,50.98
1,39,1,5,68.3
3,22,2,5,91.53
2,16,1,4,73.25
3,36,1,0,93.61
3,44,3,0,89.93
2,40,1,5,99.9
1,36,3,4,72.28
3,13,2,1,69.68
3,8,3,5,88.76
1,42,1,1,60.61
1,32,2,0,43.56
1,40,2,0,51.16
2,1,1,5,58.41
2,14,3,5,75.94
1,7,2,2,32.61
2,38,2,4,78.32
2,4,1,4,51.49
3,28,2,4,100.0
2,39,3,4,82.5
2,0,1,1,36.23
1,38,1,1,61.33
2,6,1,0,42.05
1,34,1,1,67.42
1,1,1,4,39.22
2,5,1,1,47.49
2,37,2,1,66.62
1,16,1,2,44.14
2,22,1,3,70.39
3,25,1,4,100.0
2,38,1,0,72.54
1,15,1,4,55.88
2,36,2,3,75.77
1,37,1,0,63.88
2,32,1,4,90.79
2,1,1,5,60.61
3,13,1,5,86.66
1,6,3,0,18.33
1,40,1,1,63.64
3,43,2,5,100.0
2,5,3,4,59.27
1,41,2,4,68.15
3,2,3,4,79.38
2,17,1,2,71.52
3,31,1,0,91.5
3,20,1,5,92.21
2,42,1,0,63.26
2,28,1,3,72.66
2,0,2,1,35.5
2,33,1,5,83.6
2,31,3,0,65.0
3,36,1,3,91.82
3,8,1,0,57.29
2,33,3,5,91.26
2,13,3,4,63.15
3,8,1,2,69.25
1,25,1,2,56.01
3,18,3,5,95.93
1,15,1,3,45.19
1,39,3,0,55.61
2,22,2,1,54.49
2,25,3,5,83.78
1,14,1,0,29.99
1,8,1,0,23.28
1,39,1,4,76.51
2,3,1,1,42.28
1,6,1,3,43.63
2,12,3,0,44.37
1,32,3,2,57.87
1,32,1,2,70.85
2,2,3,5,58.01
3,7,1,4,87.55
2,8,1,1,45.54
2,20,1,1,67.87
1,38,2,4,68.26
2,29,3,5,89.43
2,5,1,4,58.32
2,3,1,0,32.95
2,35,3,2,73.02
3,32,1,0,94.37
3,10,1,0,62.36
1,18,2,3,45.33
3,1,2,5,78.46
1,35,2,4,67.3
2,31,2,5,83.33
2,33,2,2,69.67
3,17,1,5,100.0
1,30,1,1,49.08
2,32,2,1,69.08
2,16,1,4,66.45
2,17,3,3,66.34
2,19,3,5,77.91
2,8,2,4,59.75
3,5,1,5,89.19
3,9,1,5,94.75
3,8,1,5,80.1
2,21,1,1,56.67
2,4,1,5,52.04
1,30,1,0,49.55
2,27,1,5,91.11
2,37,3,3,86.37
3,24,3,1,77.92
2,17,3,0,55.35
1,13,3,1,35.85
2,9,1,2,56.41
2,24,1,2,67.45
1,8,1,4,56.59
1,20,1,3,62.07
2,24,2,3,70.66
2,40,1,0,58.6
3,13,1,4,80.28
2,42,3,4,82.37
1,22,1,1,52.57
1,35,2,2,55.61
3,18,1,3,84.45
2,33,1,1,74.87
2,13,3,1,52.28
1,12,1,1,30.88
2,3,3,5,63.77
2,38,1,1,74.18
2,11,1,4,73.11
1,6,1,1,34.12
1,4,1,0,35.55
2,26,1,0,61.33
2,6,2,4,49.11
2,44,1,2,67.96
2,0,1,4,48.18
2,22,1,3,83.86
3,2,1,5,71.53
1,13,1,1,33.76
1,35,3,0,58.64
2,42,3,5,88.48
2,18,3,1,63.93
1,10,1,4,44.2
2,21,1,1,53.69
3,24,2,4,92.0
2,11,2,0,41.18
1,4,1,0,27.28
2,36,1,0,74.5
2,26,3,4,82.84
2,8,1,1,48.51
1,29,2,1,56.06
1,4,3,4,37.2
2,15,3,4,67.62
2,5,2,2,48.02
2,8,1,2,50.53
1,13,2,0,31.82
1,33,2,1,51.06
1,7,3,5,48.81
1,2,3,5,44.67
3,0,3,5,75.7
2,44,2,2,72.08
2,0,2,5,50.53
1,20,1,5,55.61
2,26,1,2,78.15
3,17,3,2,84.05
1,41,1,0,51.2
3,38,3,5,100.0
2,11,1,2,65.44
3,2,3,2,65.86
3,27,3,4,100.0
3,1,1,1,53.92
3,36,1,0,86.55
3,39,1,3,99.36
1,25,2,4,61.72
1,37,2,3,59.45
3,29,3,2,90.15
2,35,2,0,65.42
3,29,2,2,91.92
3,14,2,0,67.3
2,17,2,2,61.91
2,25,3,3,76.04
2,28,1,5,81.94
3,42,3,4,100.0
1,0,1,0,13.85
3,24,3,2,93.76
3,21,2,1,73.77
1,16,1,3,57.83
1,14,2,0,27.31
2,8,3,0,48.21
1,43,2,4,72.43
2,13,2,0,43.4
1,8,2,1,27.17
3,22,1,5,92.9
3,44,1,1,90.37
3,11,3,5,89.48
1,28,1,4,65.07
2,21,1,4,85.58
2,3,2,0,35.09
2,15,2,5,70.33
2,13,1,5,67.1
2,19,2,2,57.95
2,25,3,5,86.92
3,38,2,1,88.56
2,42,1,4,81.45
3,12,1,5,90.52
2,42,1,4,92.62
1,30,3,2,65.73
2,24,1,5,77.6
2,36,1,5,83.73
2,4,1,1,38.66
3,4,2,2,60.95
1,40,3,0,49.14
1,16,2,0,36.8
1,19,1,4,64.76
1,2,3,4,36.2
2,16,3,0,50.36
2,12,2,0,46.67
1,12,1,4,50.88
1,0,2,5,39.75
2,5,3,0,38.53
3,25,2,3,92.37
2,32,3,5,93.64
2,41,2,2,74.21
1,39,1,4,80.7
3,37,1,5,100.0
3,33,3,4,100.0
3,14,3,3,87.06
3,33,3,5,100.0
2,17,1,1,64.65
2,2,2,5,60.06
2,10,1,1,57.58
1,8,2,2,34.21
2,37,1,2,74.85
3,25,1,5,100.0
2,37,1,1,64.14
1,6,1,1,19.78
3,42,2,1,79.73
1,5,1,4,44.73
2,14,1,4,77.0
2,9,1,5,77.42
1,40,1,0,46.29
1,14,2,2,39.71
3,35,3,0,92.71
1,3,2,0,10.63
3,8,2,3,75.26
1,0,2,4,40.41
1,30,1,1,50.51
1,12,3,4,50.07
1,35,2,5,67.76
1,37,1,4,75.84
2,24,3,2,77.69
2,15,1,1,55.83
1,7,3,0,27.56
1,26,1,2,55.91
3,6,2,5,75.05
3,19,2,5,93.36
3,15,3,5,96.75
3,43,2,4,99.05
2,30,1,4,82.49
2,35,2,1,67.13
1,16,1,3,58.28
2,31,2,4,86.51
3,28,1,3,100.0
2,43,1,0,55.81
2,39,3,0,64.85
3,28,1,2,99.61
2,16,1,4,64.01
2,34,1,0,63.84
3,6,2,1,60.81
3,18,3,3,87.36
3,14,2,2,74.94
3,21,1,1,85.05
2,28,2,1,67.9
2,44,2,1,68.43
2,33,3,2,73.14
1,7,1,3,46.79
2,22,2,4,73.71
2,19,1,4,77.93
2,15,1,3,75.06
2,5,3,1,49.81
2,44,1,3,87.72
2,11,1,4,62.38
2,42,2,0,61.79
1,31,1,5,72.37
3,16,3,3,92.84
2,2,2,2,38.84
2,16,3,5,72.9
2,17,2,5,65.88
2,3,1,0,41.85
1,31,3,1,55.97
2,11,3,3,60.26
2,8,3,5,68.76
3,21,2,3,93.88
3,38,3,1,89.32
2,9,1,1,52.43
3,41,1,3,95.57
2,8,3,5,67.95
3,23,1,4,93.36
2,39,1,1,69.07
3,25,2,2,87.28
3,0,3,4,77.05
2,23,1,1,58.94
2,29,1,0,73.68
1,8,1,5,44.85
1,0,1,1,25.3
2,28,3,4,82.95
2,34,1,3,90.11
3,31,2,4,100.0
1,7,1,3,46.19
2,27,3,1,72.01
1,11,2,5,54.59
2,44,2,3,78.2
2,22,3,0,62.01
2,5,1,5,60.96
1,4,1,5,56.96
3,29,1,3,99.8
2,36,2,5,81.28
2,41,1,1,76.68
2,0,1,5,50.4
1,20,1,5,59.4
2,36,1,1,77.46
1,5,1,0,19.77
2,39,3,0,67.14
2,28,2,5,89.29
1,34,1,4,74.03
2,11,3,5,66.45
1,18,3,1,41.57
3,5,1,0,51.56
2,41,2,2,70.74
3,3,1,2,59.75
3,21,3,5,100.0
2,8,3,1,43.87
2,34,1,2,79.33
2,6,3,1,43.98
1,35,3,4,72.42
1,29,2,3,55.61
2,39,2,1,70.39
2,23,2,5,78.91
2,31,2,2,69.57
1,2,3,4,37.09
3,3,2,1,57.63
2,29,1,3,88.19
1,39,2,1,53.74
3,21,3,2,84.57
2,9,3,3,59.85
2,18,2,1,54.82
3,15,1,3,82.39
2,17,2,4,66.71
2,26,2,4,78.71
1,25,1,5,73.72
1,24,1,0,43.82
1,37,2,0,45.85
3,40,2,4,99.27
3,41,3,2,93.93
1,25,1,4,58.61
1,16,1,4,48.52
3,32,1,5,100.0
3,44,3,0,93.09
2,6,2,2,45.41
2,37,1,3,83.78
1,22,1,1,41.12
2,9,3,0,41.26
2,7,3,3,54.85
2,2,1,0,28.86
2,43,3,3,79.91
1,0,2,4,37.13
1,36,2,5,70.78
1,15,2,0,31.38
3,10,3,3,78.47
2,13,1,1,50.55
1,0,1,2,33.8
2,4,1,2,54.32
1,44,2,1,53.75
3,36,2,1,95.47
1,0,1,3,41.79
3,30,3,2,99.55
2,11,1,3,52.69
1,16,3,3,51.14
2,34,1,2,81.48
3,27,3,0,80.84
1,13,1,1,36.02
2,41,3,4,88.3
3,19,2,0,68.31
2,16,2,3,61.31
1,36,2,1,54.37
2,27,3,3,71.65
1,1,1,2,35.2
3,37,1,5,100.0
2,36,1,3,83.24
3,7,3,4,77.42
2,8,2,4,55.28
3,11,1,4,89.41
2,24,3,3,71.79
3,18,1,0,68.31
2,43,3,3,85.47
2,37,1,0,68.65
2,8,1,3,57.7
2,44,3,2,76.29
1,36,3,5,73.3
2,29,1,5,87.89
2,11,3,0,44.46
2,2,3,1,43.12
2,38,3,4,88.29
1,29,1,0,50.98
2,35,2,2,71.06
2,32,1,0,67.07
1,14,3,4,53.52
3,39,2,4,100.0
2,25,3,0,60.82
1,29,1,1,55.42
1,15,1,5,64.07
1,16,1,0,43.83
3,31,1,0,84.1
1,40,1,5,79.01
2,28,3,3,79.89
2,40,2,2,71.02
2,3,2,3,40.44
3,20,1,2,85.37
2,42,1,4,91.22
1,37,1,0,59.63
2,1,3,4,54.28
1,0,1,5,44.62
2,16,1,1,48.33
3,22,1,2,93.16
2,8,3,4,61.6
3,11,1,2,82.15
3,5,1,5,72.62
3,3,1,0,54.78
2,18,3,4,71.81
1,23,1,2,58.07
3,21,1,2,79.45
1,42,3,2,60.39
1,11,3,1,37.17
2,31,3,2,74.75
2,20,2,0,50.27
2,39,2,0,63.61
3,10,2,5,80.11
1,37,2,5,76.4
1,27,3,5,77.4
2,22,1,1,65.82
2,21,3,2,70.94
2,12,2,5,67.79
2,15,1,1,61.12
1,4,1,0,23.59
3,16,1,3,88.04
1,44,1,2,62.29
2,32,1,4,85.87
1,7,1,5,60.25
3,3,1,2,61.89
2,24,1,5,89.31
2,0,3,1,45.58
2,32,2,5,88.82
2,35,1,0,74.14
1,19,3,0,37.73
3,28,2,2,83.65
3,23,1,2,82.38
3,0,1,3,60.93
1,30,1,5,78.27
2,5,2,1,40.8
1,29,1,3,57.4
1,25,2,5,69.77
1,32,3,4,74.4
3,23,3,3,90.51
3,37,3,3,100.0
2,22,1,5,87.87
2,39,1,4,82.05
2,9,1,4,64.06
2,40,3,0,66.69
1,10,3,4,47.7
2,39,3,0,61.0
3,40,1,1,88.19
1,34,1,1,48.66
2,34,1,2,68.55
1,9,1,5,45.65
2,32,2,2,68.13
2,25,2,0,56.51
1,43,3,3,76.98
2,11,3,3,56.46
2,1,1,0,26.87
1,15,1,1,39.92
1,20,2,1,44.54
2,12,1,5,67.65
3,12,1,4,80.66
3,5,1,4,80.69
2,29,2,4,77.13
2,22,3,4,77.23
3,21,1,4,90.15
3,21,1,0,70.33
2,40,1,0,74.98
2,35,2,5,82.3
1,32,2,1,51.08
1,1,1,0,16.49
2,1,1,2,49.18
3,7,1,1,62.74
2,7,2,1,45.18
3,29,1,5,100.0
2,11,2,2,48.64
2,26,2,4,79.36
3,11,2,3,73.34
3,41,1,5,100.0
2,17,1,3,79.09
3,37,3,5,100.0
2,21,2,4,72.72
1,30,2,2,56.34
2,28,2,5,84.1
2,26,2,1,58.31
3,33,2,3,90.65
2,21,1,1,75.61
3,11,1,5,81.77
2,34,1,5,96.76
2,1,2,4,46.45
3,21,1,5,100.0
2,30,1,4,92.26
3,7,1,4,74.59
2,41,1,4,94.43
2,38,1,3,75.83
2,27,1,1,70.82
3,16,3,1,78.12
2,36,1,0,71.09
1,15,1,2,53.37
1,21,2,4,57.79
2,4,1,4,55.29
1,24,3,0,46.57
2,40,3,0,70.78
3,17,3,1,79.2
3,40,2,4,100.0
1,32,1,3,70.36
2,6,1,2,53.86
2,38,3,4,83.85
3,18,1,5,88.67
2,39,2,1,68.17
2,22,3,4,79.14
2,30,3,2,75.7
2,15,1,5,63.59
2,34,3,3,81.55
3,33,3,4,100.0
3,19,1,5,97.88
2,44,2,4,78.92
2,33,2,4,79.51
2,4,1,1,40.38
2,24,1,2,78.23
1,39,1,3,68.03
2,10,1,4,69.23
2,8,1,4,57.54
1,37,3,5,71.9
2,40,1,2,81.4
2,14,1,1,49.59
3,22,3,3,91.93
2,36,1,1,78.63
3,26,1,0,80.96
3,40,1,2,88.97
3,36,3,0,89.57
1,2,3,3,30.81
1,38,3,2,61.56
2,19,1,0,51.64
1,20,3,5,63.86
2,2,3,3,50.04
2,2,2,3,46.38
1,42,3,5,75.35
2,39,3,4,87.7
1,27,1,1,48.99
2,27,1,1,65.56
2,41,2,3,76.89
2,3,2,3,43.78
3,5,1,5,89.53
2,42,3,3,84.61
2,28,1,3,86.79
3,35,1,3,100.0
1,40,1,2,60.62
2,44,2,5,83.81
2,6,1,0,52.7
1,0,3,2,24.72
2,1,2,5,53.29
1,38,3,5,78.64
2,18,1,4,80.53
2,6,1,4,65.81
3,42,2,1,83.38
3,29,3,1,92.02
2,12,1,0,56.58
2,14,2,2,56.32
2,31,1,5,85.7
1,44,3,1,57.49
3,39,1,1,100.0
3,2,2,0,52.23
3,8,1,3,81.74
1,7,2,3,40.43
2,27,2,4,79.35
3,39,3,4,100.0
2,3,3,1,43.85
2,11,1,0,51.28
2,38,3,4,86.83
2,0,1,3,43.15
3,30,1,0,87.29
2,7,1,5,74.65
3,16,2,0,66.05
1,14,3,4,51.67
3,27,1,0,88.68
1,29,1,5,76.86
3,0,1,1,65.51
3,25,2,4,98.25
3,39,3,0,88.61
1,2,2,4,34.3
2,44,2,3,72.45
2,7,1,5,59.25
2,19,1,5,72.58
2,32,1,0,59.18
3,14,3,3,84.28
1,26,1,2,58.32
2,44,1,2,70.72
2,44,1,3,92.98
1,4,3,2,35.53
2,8,3,0,41.54
1,24,1,4,61.27
1,6,3,1,30.98
2,14,1,5,79.09
2,28,1,2,77.16
2,28,2,5,84.92
1,13,3,2,46.12
1,30,3,1,57.4
2,25,1,3,75.59
1,25,1,3,60.35
3,9,2,2,69.15
1,33,1,0,44.51
1,42,1,3,70.43
2,6,1,5,72.88
1,18,1,2,44.26
2,3,3,1,41.72
2,1,2,0,30.31
1,27,1,5,74.15
2,28,2,3,74.02
3,21,2,1,80.53
2,36,1,0,60.75
3,22,2,3,88.69
2,31,1,2,79.26
2,38,1,3,73.98
2,25,1,3,69.71
2,44,3,5,88.71
2,19,2,3,66.22
3,4,1,5,81.47
1,26,3,2,55.89
2,35,3,5,88.84
2,36,3,5,93.99
1,29,2,1,45.3
1,36,2,2,60.87
3,38,1,2,91.72
2,38,2,2,71.7
2,9,1,2,58.4
1,15,2,5,55.3
3,2,1,1,59.95
2,19,3,0,52.93
2,14,2,1,46.68
1,41,2,2,56.81
1,31,1,5,80.5
1,44,1,4,67.94
1,26,1,3,61.15
3,33,2,1,88.32
1,22,1,4,57.77
2,39,2,4,79.31
3,18,1,2,80.49
1,16,1,4,61.43
3,16,1,2,88.62
2,20,3,0,58.56
2,43,1,3,88.65
2,5,1,3,53.15
2,37,3,1,75.12
3,30,3,5,100.0
3,28,3,5,100.0
1,37,2,0,44.67
2,30,2,5,84.82
1,43,1,4,72.76
2,24,2,0,61.67
2,4,1,5,57.41
2,1,1,4,55.68
1,0,1,3,26.21
2,27,3,4,79.77
2,20,1,1,66.3
2,18,3,1,60.87
2,1,3,3,47.33
3,27,1,3,89.23
2,5,2,1,38.78
3,22,1,5,100.0
3,30,2,2,88.99
2,35,1,1,68.13
2,42,2,2,73.48
3,23,2,3,89.32
2,19,1,5,82.56
2,26,3,0,62.14
3,17,3,4,93.41
2,30,2,2,73.5
3,22,1,5,100.0
3,7,1,4,89.25
2,24,1,5,93.75
2,5,1,0,28.99
2,23,2,1,63.85
2,38,1,4,94.63
2,18,3,5,77.62
2,8,2,5,65.11
3,11,2,4,82.06
2,18,2,0,49.65
1,27,3,4,68.39
1,22,1,3,60.94
2,33,1,1,77.12
2,36,1,3,73.59
1,26,3,3,57.2
1,19,1,0,42.91
3,26,3,3,100.0
2,32,2,3,79.2
3,24,1,1,89.41
3,44,3,0,90.64
2,7,1,1,51.42
2,40,3,4,85.7
2,25,2,5,78.21
2,17,2,0,44.76
2,23,1,1,54.59
2,30,3,5,95.64
3,15,2,1,70.24
3,30,1,4,98.68
1,40,1,2,56.74
1,8,1,1,27.29
2,25,3,2,75.69
2,9,3,1,46.91
2,18,2,0,50.11
2,41,1,1,79.1
1,6,2,5,46.84
2,17,3,2,63.07
1,23,3,3,55.56
2,31,2,5,86.72
1,41,1,5,72.98
2,41,1,5,86.44
1,30,1,4,77.25
3,29,1,2,90.62
3,8,2,2,66.27
2,18,1,5,73.38
1,31,1,4,78.66
2,5,1,4,47.57
1,17,2,2,40.76
2,30,1,5,88.92
3,18,1,3,88.44
1,6,1,2,33.55
1,39,2,5,71.28
2,43,3,4,83.11
1,34,1,0,50.06
2,17,1,2,60.29
3,7,2,4,79.91
3,28,1,5,100.0
2,17,2,3,62.24
1,3,1,5,53.55
2,11,3,1,46.52
1,8,1,3,41.67
3,34,1,3,100.0
3,1,1,1,55.44
2,6,1,2,47.77
2,39,3,5,92.24
2,23,3,3,76.05
2,9,2,3,51.49
2,9,3,1,51.05
2,38,3,0,67.78
1,35,3,1,59.19
2,13,2,0,42.72
2,22,2,4,68.87
2,19,1,5,85.7
2,43,1,3,78.82
1,26,2,1,48.55
3,4,1,0,48.1
1,21,3,5,62.75
1,43,1,1,65.09
2,31,1,0,64.66
1,10,3,4,55.28
3,43,1,5,100.0
3,25,1,1,92.19
3,26,2,3,91.86
2,38,1,2,79.03
2,7,1,2,58.38
1,35,2,4,59.62
2,22,2,0,55.68
3,1,2,2,58.64
3,10,2,1,68.85
2,32,1,1,65.66
3,18,1,4,100.0
3,32,1,2,100.0
2,11,1,5,65.01
3,14,1,1,67.21
3,40,3,1,88.81
3,40,2,3,94.52
2,14,3,5,77.52
1,15,3,2,47.25
1,18,1,2,55.24
3,7,1,3,84.08
3,36,1,3,90.37
2,5,3,4,56.84
1,15,2,1,37.65
2,12,2,5,68.3
3,42,1,1,85.41
2,25,3,4,82.68
3,7,2,1,61.17
2,37,2,3,77.37
2,14,1,1,48.84
1,39,1,1,50.89
1,37,1,1,59.71
1,4,2,2,22.79
3,28,1,2,100.0
2,30,1,3,88.02
2,31,3,2,74.87
2,4,1,5,56.9
1,14,3,4,53.08
1,43,1,2,62.47
1,17,1,3,48.71
2,25,2,0,54.58
2,16,2,1,50.64
2,37,2,0,62.33
2,42,1,4,88.7
2,25,3,2,71.92
2,35,2,0,65.98
1,31,1,2,66.92
2,44,1,5,94.1
1,0,3,1,24.04
2,7,1,4,54.09
2,24,1,5,82.36
3,33,1,1,94.31
2,33,2,4,79.06
1,1,1,3,43.38
2,29,1,1,77.82
1,11,1,2,49.32
3,18,2,4,87.64
1,3,3,5,43.13
1,44,2,5,67.95
1,44,3,2,61.49
3,34,2,5,100.0
3,14,3,0,73.51
2,29,1,0,59.51
1,31,3,0,53.46
2,15,1,3,56.11
2,32,1,0,68.8
3,37,3,4,100.0
3,6,3,0,60.7
3,40,1,4,100.0
2,9,1,0,37.54
3,26,1,2,95.89
2,40,1,2,85.05
1,1,3,1,30.93
2,41,1,4,83.31
2,9,1,4,69.96
2,25,1,2,75.28
2,15,1,4,73.5
3,18,1,0,74.22
2,6,3,2,41.48
2,30,1,1,74.86
2,38,2,1,63.48
2,21,1,0,54.48
2,33,1,1,69.29
3,20,1,1,84.3
3,25,1,5,100.0
3,15,2,0,68.22
3,44,1,4,100.0
2,5,2,5,58.33
1,37,3,5,74.86
2,22,3,3,72.71
2,16,1,1,59.37
1,23,1,1,44.32
2,28,1,0,62.24
1,32,1,3,65.28
1,26,2,1,45.44
2,37,1,5,87.46
2,1,3,2,48.1
1,42,1,2,57.54
2,8,1,4,57.23
2,28,1,2,75.1
2,40,2,0,63.47
1,36,1,3,64.63
2,24,1,5,86.46
2,1,2,2,40.52
3,37,1,5,100.0
1,40,2,3,64.72
2,1,3,5,53.64
3,2,1,3,77.43
3,20,1,5,100.0
3,29,3,5,100.0
2,33,3,5,90.8
1,19,1,4,57.43
1,9,2,2,29.61
2,36,2,4,83.1
3,15,2,5,89.44
2,0,1,4,47.46
2,42,1,5,97.6
3,33,3,3,100.0
3,26,1,3,92.1
1,35,1,3,68.32
3,7,1,2,74.2
3,16,1,3,88.6
2,16,3,1,59.55
2,27,1,4,84.8
3,5,3,1,64.1
1,35,3,5,78.06
2,0,2,4,50.5
2,1,1,4,48.67
1,22,1,1,54.3
3,39,1,5,100.0
3,23,3,1,80.63
2,29,2,4,79.64
1,1,3,1,24.56
2,14,3,3,60.29
2,44,2,3,74.9
3,17,2,0,65.64
2,31,3,1,73.58
2,10,1,3,64.03
2,39,3,2,73.88
2,23,1,3,67.0
2,27,1,4,90.05
1,22,3,3,55.39
1,8,3,5,55.35
1,3,1,2,36.05
2,25,2,0,55.63
1,18,3,2,43.21
3,31,3,1,90.75
2,21,1,1,68.29
3,12,2,0,66.53
3,25,1,5,95.21
2,40,3,5,88.7
2,27,1,2,73.88
1,30,3,0,48.99
2,28,1,5,77.55
2,15,2,0,47.27
2,4,2,0,28.55
2,24,3,3,75.84
2,26,1,1,63.16
1,12,2,4,39.49
3,28,1,4,100.0
1,37,3,5,77.49
2,36,3,2,82.36
1,28,3,2,57.19
1,18,1,2,40.63
1,30,2,4,69.62
2,23,2,3,66.15
2,39,1,5,96.75
2,10,1,3,64.9
1,11,1,0,31.32
2,3,1,1,51.59
2,16,3,3,65.37
3,34,3,0,92.52
3,16,1,5,100.0
2,5,1,0,36.62
2,4,1,3,46.72
1,27,1,2,63.71
2,41,1,0,62.33
3,23,1,1,82.98
2,25,1,4,82.86
2,44,3,1,75.97
1,41,1,3,65.87
1,38,1,1,59.44
3,34,1,5,100.0
1,18,2,4,53.72
2,36,1,4,77.9
3,5,1,0,55.32
1,1,2,1,17.19
1,36,1,3,61.03
3,29,1,1,87.46
2,0,1,3,40.61
3,19,1,1,80.05
2,16,1,2,60.2
1,30,2,1,48.86
2,27,2,1,59.08
2,16,2,3,59.11
2,3,1,3,43.09
2,5,3,2,48.29
1,28,3,4,66.03
3,24,1,5,99.27
3,24,1,1,83.17
2,44,1,1,64.45
2,38,1,0,63.43
1,3,3,0,20.58
3,11,2,4,81.86
2,17,2,1,51.59
1,35,1,5,78.31
2,44,2,5,86.69
2,28,2,4,82.06
1,30,3,3,67.63
2,41,1,1,66.86
1,17,3,3,52.59
2,15,1,4,64.74
2,40,2,2,73.85
2,5,1,4,67.94
2,16,2,5,66.25
3,7,2,3,70.55
1,7,1,2,40.75
3,26,2,0,77.08
3,9,1,4,74.58
2,38,1,1,65.77
2,39,3,5,86.64
2,11,3,2,59.74
2,41,1,1,66.09
2,7,1,2,48.29
3,28,2,4,100.0
2,22,3,5,82.06
2,20,2,2,59.25
1,31,1,1,60.84
2,15,2,3,64.47
2,6,3,0,45.65
1,0,1,0,9.9
2,35,2,4,83.24
3,11,3,3,80.25
1,4,2,3,28.09
2,8,1,3,62.31
2,17,1,2,56.82
2,34,2,3,77.4
3,39,3,5,100.0
1,23,2,1,49.72
3,34,2,0,82.67
2,19,2,1,54.11
2,44,2,3,76.68
1,34,3,4,69.89
1,25,3,0,44.69
3,22,1,2,98.39
3,4,3,4,74.75
1,21,1,4,68.89
1,7,3,2,39.17
2,31,1,3,77.26
2,11,2,2,54.89
2,37,1,1,65.98
1,38,1,5,69.98
3,7,1,5,91.36
2,28,1,1,74.87
1,23,1,2,58.84
1,7,2,0,23.87
1,43,1,5,75.43
2,23,3,2,68.82
3,32,1,1,96.6
3,29,3,3,99.66
1,26,1,2,52.41
2,27,2,4,81.62
2,21,2,4,69.52
1,27,3,0,51.06
3,10,2,4,78.78
1,32,2,2,54.15
3,16,1,3,78.39
1,36,1,4,70.1
1,8,1,4,43.51
2,1,2,3,47.61
1,10,1,1,39.83
3,18,1,1,73.59
2,22,1,1,59.27
3,33,2,2,92.32
2,20,3,0,57.51
3,11,2,0,64.58
2,33,2,3,78.02
3,40,2,4,100.0
1,12,2,0,26.37
2,44,1,3,83.57
1,30,3,0,52.08
3,30,1,2,100.0
2,10,2,5,64.15
2,21,1,4,76.27
2,42,3,5,88.34
2,8,1,3,68.87
2,36,3,0,68.37
2,3,3,4,56.73
1,34,1,3,63.33
2,20,2,1,51.28
3,31,1,3,97.17
2,27,1,0,71.72
2,13,3,3,62.32
2,13,1,2,55.37
1,7,1,2,30.56
2,32,3,5,98.15
2,29,2,5,82.55
1,42,2,4,62.51
1,9,2,3,42.49
2,10,1,2,51.26
1,4,1,0,30.8
2,17,1,1,62.36
2,3,1,1,49.83
2,8,1,0,46.75
2,36,1,2,73.28
3,30,1,2,100.0
2,17,2,5,69.59
1,41,1,3,61.9
2,41,1,5,91.04
3,33,3,3,100.0
3,5,1,2,70.07
2,1,1,1,34.83
3,40,3,0,90.85
3,1,1,0,57.57
2,24,1,5,88.75
2,30,3,2,78.31
2,21,3,3,72.08
2,11,1,4,62.77
3,25,2,0,80.72
1,11,3,5,51.81
3,26,1,2,98.2
1,4,1,2,36.09
3,28,3,2,96.95
2,17,2,0,51.39
1,2,2,0,21.22
1,29,1,1,49.56
2,8,1,2,57.98
1,44,2,2,56.22
2,36,2,1,68.76
2,43,2,2,71.72
2,33,3,0,72.17
1,23,1,2,53.43
3,16,2,0,60.05
3,31,1,5,100.0
1,7,1,2,43.79
2,25,1,2,64.49
2,34,3,3,85.33
2,29,3,5,87.58
1,38,2,0,48.66
2,13,2,4,58.82
3,6,2,2,62.11
2,43,3,4,85.41
2,22,2,4,78.04
2,43,2,5,91.2
3,2,2,3,70.65
2,22,1,5,83.74
1,0,2,4,28.26
3,30,1,1,87.71
2,4,1,4,59.89
3,31,1,1,100.0
1,7,2,4,37.39
1,17,1,5,56.3
3,18,1,0,70.6
2,26,1,2,70.69
2,18,1,4,75.12
2,2,3,4,52.52
2,20,2,3,60.65
2,43,3,2,76.75
1,39,1,4,67.87
3,39,3,4,100.0
2,14,1,1,50.98
2,3,3,1,37.08
2,23,1,0,54.99
2,14,2,3,53.02
2,42,2,5,84.11
2,38,1,4,93.0
1,5,2,2,30.18
3,28,1,5,100.0
1,3,3,2,33.26
2,37,1,5,88.23
2,4,1,5,63.14
1,6,2,1,28.9
1,3,2,0,19.17
1,21,1,0,51.72
2,29,2,0,63.58
1,34,2,5,72.27
2,13,1,5,77.22
3,38,2,3,94.63
3,25,1,3,100.0
1,25,1,1,43.91
2,43,2,1,69.18
2,35,3,2,78.63
2,33,3,0,68.45
2,1,1,3,54.98
2,27,1,5,81.6
3,28,1,4,97.72
2,4,1,1,39.36
2,18,3,2,66.37
2,36,1,5,93.23
2,22,1,1,64.49
3,20,3,3,88.29
2,6,1,0,36.21
1,5,2,0,26.0
1,6,2,1,28.97
2,39,3,2,81.39
2,44,2,5,83.02
2,13,2,2,59.82
3,17,1,4,96.76
3,4,3,1,64.08
1,27,2,3,59.38
2,19,2,0,49.21
1,37,3,1,58.43
3,28,2,0,80.65
2,41,3,2,77.74
2,42,2,5,83.8
1,13,1,3,39.68
1,42,1,4,67.98
2,27,2,5,83.23
1,42,1,0,56.87
2,33,1,1,70.29
2,16,1,1,60.85
1,29,3,3,63.28
2,12,3,5,66.63
1,32,1,2,55.03
2,25,1,3,83.77
1,3,1,5,41.09
2,4,3,0,37.01
1,17,2,1,34.46
2,38,3,0,70.16
2,8,1,4,59.36
2,39,1,3,80.65
2,35,2,1,69.72
1,44,1,1,62.39
2,19,1,2,67.1
2,25,3,3,78.04
2,35,1,3,84.61
1,34,1,1,53.64
1,10,2,3,41.51
1,27,1,3,68.94
2,33,2,4,76.47
2,21,1,1,57.17
2,20,1,2,64.71
3,11,3,5,91.32
2,38,1,4,87.71
2,15,1,1,49.71
1,37,3,4,70.19
1,23,3,0,42.83
2,4,3,1,46.43
1,20,1,1,39.8
2,17,1,0,58.42
3,14,3,0,75.73
2,29,1,1,81.8
2,2,1,4,60.34
2,37,3,1,70.34
2,2,1,0,40.46
1,14,2,2,43.52
2,38,3,1,70.45
1,35,3,1,56.37
1,8,3,2,41.68
2,24,3,0,63.16
2,9,3,1,51.32
2,38,1,1,83.57
2,31,3,2,77.82
3,21,3,4,96.37
2,30,1,1,69.73
1,37,1,4,65.12
1,6,2,1,28.8
2,32,2,3,81.53
2,10,2,2,47.07
2,39,1,4,84.84
2,41,1,1,79.18
1,1,3,3,33.02
2,1,3,0,36.95
1,1,1,2,23.54
2,17,1,4,66.4
1,8,2,2,33.03
2,19,1,0,48.37
3,13,3,5,95.39
1,38,2,5,71.49
3,32,2,4,100.0
1,16,1,2,40.87
2,25,1,5,79.59
2,29,1,5,85.88
2,28,2,3,75.19
2,36,1,2,76.51
2,28,3,3,77.01
1,40,3,2,61.57
3,10,1,5,96.17
2,15,1,2,56.24
2,31,1,4,89.55
2,24,1,1,75.07
1,16,3,1,48.57
2,35,3,5,87.93
1,27,1,4,76.47
1,42,2,5,68.49
1,26,1,5,63.15
1,44,3,1,59.99
2,31,3,5,91.43
3,24,1,0,87.17
1,41,3,0,50.99
1,1,1,2,27.07
1,40,1,2,59.75
1,4,1,4,47.71
3,4,1,3,70.22
1,41,2,5,72.24
2,22,1,0,56.5
1,33,1,3,64.89
1,26,1,4,73.06
3,34,1,2,98.59
3,35,2,4,95.91
3,42,1,5,100.0
2,44,1,5,89.38
2,7,2,1,45.24
3,3,2,0,47.51
2,39,2,3,75.47
2,11,3,5,67.9
2,27,1,2,78.93
2,7,1,2,45.67
1,21,2,5,60.18
2,5,1,0,37.32
2,14,2,4,62.42
1,43,1,0,48.91
2,22,1,3,77.8
3,11,1,2,72.8
1,21,2,3,54.69
2,26,1,5,81.91
2,42,1,5,95.09
3,6,1,2,76.82
2,21,3,1,64.31
2,11,1,1,61.29
2,38,1,4,95.1
2,35,1,0,73.93
1,28,2,5,64.23
2,11,2,3,53.77
2,34,3,2,74.56
3,38,3,0,92.11
2,23,1,5,91.01
2,5,2,0,37.79
2,2,1,4,60.23
2,11,3,0,49.51
2,15,3,1,51.6
3,12,1,2,84.7
3,20,2,2,80.45
2,9,3,0,47.23
2,17,1,4,78.32
2,29,1,4,94.7
1,12,2,4,43.17
1,42,1,2,67.17
3,44,2,4,100.0
3,41,3,2,100.0
2,11,1,3,63.76
2,12,3,3,62.62
1,9,1,5,62.0
2,20,1,4,78.98
2,30,2,5,83.42
3,4,1,1,59.09
3,29,3,3,100.0
2,39,1,4,80.17
1,17,1,4,63.56
1,43,3,0,53.81
1,31,1,0,57.35
2,9,2,5,65.4
2,43,3,4,83.8
3,34,1,5,100.0
1,33,1,4,59.92
3,21,3,5,98.1
2,30,1,2,72.04
3,41,1,0,87.02
3,29,1,0,82.98
3,0,1,3,63.99
2,28,2,1,64.58
2,1,2,3,43.73
1,10,3,4,49.21
2,3,1,1,50.5
2,10,2,1,46.53
2,12,1,5,72.33
2,4,3,5,64.12
2,16,1,2,59.39
2,21,3,1,66.38
3,29,1,0,82.93
3,15,2,1,69.42
3,27,1,4,100.0
1,41,2,5,67.19
2,10,2,5,67.65
3,25,2,1,84.26
1,26,2,3,54.81
1,23,1,1,53.81
3,34,2,1,85.49
2,43,1,5,90.89
1,30,1,1,53.38
3,19,2,5,95.45
2,19,2,1,60.09
1,14,2,5,55.35
3,39,2,3,99.02
1,41,1,3,58.66
2,34,3,5,89.02
2,18,3,3,67.18
2,32,1,0,68.66
1,41,1,2,70.87
1,28,3,1,56.11
2,15,1,2,66.65
2,39,1,0,76.69
1,11,3,3,41.77
3,38,2,1,81.45
2,25,1,3,80.82
2,6,3,4,57.6
1,34,3,5,77.05
1,10,1,1,26.63
2,41,1,2,84.09
2,17,3,1,53.41
3,40,1,1,100.0
2,24,1,3,68.23
1,26,3,2,56.74
2,42,2,0,64.55
2,7,3,2,50.51
1,23,1,3,57.21
2,7,2,5,58.02
3,43,1,3,100.0
2,13,3,5,70.27
2,16,3,3,68.09
3,29,2,4,100.0
3,7,1,1,65.99
3,9,2,2,69.81
2,42,3,1,70.54
1,5,3,3,41.88
2,35,1,1,69.18
1,15,2,5,56.11
2,16,1,2,59.58
3,6,1,0,52.41
2,0,1,1,33.34
2,20,1,3,77.85
3,25,1,3,89.1
3,2,1,3,62.59
2,30,3,0,63.97
3,5,3,1,62.72
2,0,1,1,42.34
1,3,1,2,38.35
3,32,3,3,100.0
3,2,2,1,49.96
2,8,1,4,55.93
2,8,1,3,50.48
3,20,3,4,97.5
2,3,1,2,51.6
2,25,2,3,74.88
1,6,2,2,30.53
2,31,1,5,94.06
3,31,1,2,98.6
1,31,1,1,66.85
3,25,3,2,89.59
2,13,1,0,54.93
2,3,3,4,57.52
1,38,1,5,78.31
2,0,3,5,57.66
3,25,1,0,79.88
2,11,2,5,59.61
2,37,1,5,80.76
2,22,3,5,82.53
1,39,3,4,73.24
1,21,2,0,37.34
2,31,3,4,87.42
3,28,3,4,100.0
1,4,3,5,47.62
1,11,2,2,37.2
2,37,1,2,77.65
2,35,2,2,67.45
2,22,1,5,85.22
1,28,1,1,42.79
2,38,1,3,86.32
2,34,3,2,76.84
2,15,1,3,56.4
2,41,3,4,85.08
1,40,2,0,45.16
2,14,1,5,73.13
1,25,1,3,68.22
3,24,3,2,93.46
2,8,2,4,54.05
2,40,3,5,89.59
2,21,1,5,76.08
3,3,1,4,81.59
1,20,2,0,31.13
2,19,3,5,74.8
3,37,1,0,90.68
2,3,1,3,60.11
2,35,3,2,73.26
2,15,3,1,51.28
2,20,3,0,56.0
2,8,1,1,43.19
1,42,2,4,61.94
2,8,2,2,47.01
3,1,3,2,64.25
2,12,1,4,59.04
2,27,2,4,77.63
1,15,1,0,43.72
2,23,3,1,60.81
2,32,2,3,73.23
3,32,2,0,84.19
1,7,1,4,55.15
2,4,1,4,62.69
2,19,1,1,69.16
2,34,3,4,83.3
2,40,1,1,67.05
1,25,1,1,46.31
2,40,1,1,81.01
3,35,2,2,96.13
3,2,1,5,72.23
2,26,1,1,66.32
1,23,2,4,58.17
3,14,2,3,72.47
2,25,1,0,60.11
3,13,1,0,74.45
2,40,2,0,60.02
2,27,2,0,59.27
1,44,1,3,60.02
3,2,2,3,61.25
2,35,2,4,83.47
1,26,1,5,70.82
1,8,3,4,42.83
3,2,1,2,69.77
2,42,3,2,73.86
1,27,3,4,71.79
1,35,2,2,58.78
2,32,3,2,79.19
3,5,1,1,74.12
2,29,1,4,91.07
2,9,2,0,34.83
1,28,2,3,58.26
1,2,2,4,37.98
1,41,1,5,80.05
2,26,3,3,75.61
3,15,2,4,83.25
2,19,2,2,60.35
2,18,3,4,74.83
2,3,1,0,39.99
2,28,2,2,71.2
3,1,2,0,50.26
2,2,2,1,34.47
2,32,3,2,71.11
3,39,2,4,100.0
2,42,3,3,80.93
2,37,3,2,77.48
1,28,1,4,74.2
1,23,1,1,49.51
1,20,1,1,52.44
2,28,2,1,64.69
3,6,3,3,72.6
2,41,1,2,84.86
2,26,1,5,91.6
1,4,1,1,38.36
1,40,1,4,80.35
2,32,1,2,68.22
2,0,2,2,41.32
2,30,3,4,85.33
2,13,1,3,67.6
1,22,2,3,52.64
3,24,3,1,88.6
2,13,3,2,56.23
1,40,3,5,69.93
2,3,2,0,29.68
3,0,1,5,73.68
2,32,2,5,86.03
3,36,2,3,93.86
3,21,1,2,82.02
1,7,1,4,43.58
2,8,1,3,54.88
1,5,2,2,30.55
3,3,1,5,75.3
1,11,2,5,53.25
2,29,3,4,83.74
3,37,1,2,92.94
2,8,2,4,58.25
3,40,1,5,100.0
3,17,1,3,86.46
1,18,1,0,44.45
3,23,1,1,88.57
3,3,1,4,67.44
2,40,1,5,89.61
2,11,3,3,64.33
1,32,1,0,61.55
2,6,3,0,45.59
2,5,1,2,41.14
2,35,3,1,69.92
2,44,1,2,76.93
3,20,1,2,81.44
2,23,3,4,76.37
2,40,1,2,80.62
2,44,1,5,88.68
2,39,1,0,75.59
2,24,1,2,70.6
3,27,2,4,99.01
3,21,3,1,81.6
1,35,1,1,66.22
2,7,2,0,36.55
2,9,3,2,54.05
2,10,1,0,50.18
2,44,2,1,66.71
1,11,3,2,39.79
2,16,3,5,72.92
1,16,2,4,49.0
2,16,1,0,55.15
3,36,1,4,100.0
2,10,1,5,76.56
2,5,3,5,66.99
3,42,3,1,90.66
2,31,2,0,59.68
1,3,2,0,21.62
1,35,1,4,66.89
3,35,1,3,100.0
2,44,3,4,86.41
1,35,2,2,56.7
1,9,2,4,38.53
1,13,3,1,43.18
2,10,1,2,50.3
2,17,2,3,65.49
2,34,2,3,77.67
3,23,3,0,82.56
3,23,1,0,86.17
2,10,3,5,67.01
1,14,3,4,52.78
2,31,1,0,68.59
1,25,1,3,54.55
2,40,1,4,79.36
3,2,3,3,67.69
3,29,1,1,91.56
2,29,1,3,89.7
2,41,3,2,75.49
3,32,1,0,90.65
3,37,1,3,97.68
2,32,1,4,90.42
3,33,3,1,99.69
3,12,1,5,88.5
2,28,1,5,93.39
1,31,3,3,60.97
1,0,1,0,15.4
2,7,1,0,44.95
2,40,3,2,75.43
2,23,3,3,76.31
1,38,2,4,66.98
2,26,1,2,68.68
1,7,1,5,46.35
3,23,3,1,85.29
1,27,1,4,60.89
2,38,3,2,77.47
2,34,1,5,97.42
2,15,3,4,71.49
1,30,3,1,52.71
1,22,2,3,55.62
2,30,2,4,78.82
3,15,3,1,76.08
2,10,3,2,60.86
1,32,1,0,54.94
1,41,2,4,63.59
2,26,2,0,62.34
2,18,2,0,56.21
2,43,3,0,64.91
3,35,2,0,86.31
1,37,3,5,73.92
2,36,2,5,82.74
2,24,2,2,61.83
3,9,1,5,97.53
2,2,3,3,50.59
2,11,1,1,55.32
2,15,1,5,69.73
2,14,1,5,63.96
2,6,1,5,66.94
1,23,1,1,51.77
2,23,2,0,57.71
2,13,1,5,64.25
2,44,1,4,92.17
3,11,3,5,90.46
1,38,1,5,81.72
2,21,1,5,69.45
2,13,2,2,54.43
2,7,2,4,54.75
2,2,3,0,37.19
1,21,1,5,70.88
2,21,1,1,57.15
1,1,1,1,29.18
3,18,1,4,87.21
2,30,2,2,73.23
1,31,1,3,58.31
1,28,1,2,56.36
3,9,2,4,79.13
3,17,2,4,83.52
2,36,2,4,82.65
3,13,1,2,78.13
3,37,3,1,88.75
2,4,2,2,44.87
3,37,1,2,94.93
2,1,1,0,27.44
1,41,2,3,65.48
1,11,1,1,33.5
1,43,3,0,55.55
1,22,2,4,54.35
1,25,2,5,64.58
3,14,1,4,84.3
3,40,1,1,82.43
2,12,2,5,59.75
2,8,2,5,70.59
3,44,2,0,87.06
2,17,1,5,72.03
3,6,3,1,66.19
2,15,1,1,51.04
2,42,1,4,91.38
2,5,2,0,30.88
2,32,2,0,63.74
2,40,1,2,79.37
2,35,1,0,72.65
2,27,1,3,84.18
2,35,1,3,75.03
2,10,3,0,46.21
3,6,1,5,84.53
1,32,1,5,68.93
3,11,1,0,70.64
1,10,3,2,37.84
2,1,1,5,52.11
1,44,3,1,55.93
3,17,1,0,78.67
2,32,2,5,88.36
2,35,3,1,67.4
3,8,1,5,85.52
3,20,2,5,92.24
2,42,1,1,70.77
2,23,1,1,71.85
1,19,1,0,42.32
2,3,2,3,48.65
3,0,1,0,52.64
1,29,2,0,47.46
2,15,3,4,75.8
2,21,1,2,73.47
2,41,2,3,80.34
2,12,3,4,64.7
1,34,2,3,59.71
2,8,1,2,44.44
2,44,1,0,64.58
2,21,3,3,73.99
2,29,1,0,74.99
2,8,1,5,64.64
2,25,1,2,73.45
2,18,1,5,87.99
2,39,1,3,77.23
2,26,1,0,65.25
3,20,1,0,79.88
2,26,2,3,73.69
2,18,3,1,60.0
2,18,1,4,64.63
3,31,3,0,90.38
1,26,3,5,71.61
2,37,2,0,62.8
3,37,1,2,84.74
3,31,3,3,98.74
2,35,2,0,63.79
1,38,3,3,65.7
2,11,3,2,53.76
2,4,2,3,49.1
2,0,1,4,62.27
2,22,3,4,75.82
3,27,1,0,88.29
3,34,2,4,100.0
3,18,1,5,91.7
2,17,1,0,54.56
1,8,1,2,45.5
2,30,1,3,81.25
2,4,1,2,42.72
2,6,2,5,53.58
3,42,3,5,100.0
2,18,2,2,62.61
2,11,2,0,40.5
2,4,3,3,55.83
3,39,1,2,88.63
1,5,1,2,37.77
1,16,1,1,37.91
3,11,3,3,80.04
2,29,1,1,73.82
3,36,1,1,85.76
1,8,1,5,49.48
2,42,3,1,71.91
2,19,2,2,59.61
3,25,1,4,100.0
1,33,1,3,73.11
2,41,1,3,89.56
2,10,3,5,70.14
2,22,1,1,63.98
2,15,3,0,52.47
3,44,3,5,100.0
2,24,2,5,82.38
3,10,1,0,61.44
3,23,2,1,80.31
2,43,2,5,81.16
2,37,2,3,73.5
2,2,3,1,41.35
3,32,3,3,100.0
2,31,1,0,68.58
3,3,3,2,68.63
3,5,1,0,51.99
2,3,2,0,32.89
2,2,1,4,47.82
2,7,1,1,54.63
2,21,3,2,62.69
2,26,1,2,62.9
2,6,2,5,58.16
2,12,2,4,62.23
2,33,3,5,87.68
2,32,1,1,77.66
2,25,2,3,77.42
2,17,2,5,69.22
2,40,1,0,70.24
2,7,3,2,53.41
2,12,1,4,60.57
2,35,3,4,89.68
1,27,2,0,42.31
1,21,1,3,55.35
2,21,1,4,85.15
2,39,1,5,84.97
3,7,1,1,65.66
2,13,2,3,56.2
2,31,1,1,62.23
2,23,3,1,64.43
3,26,1,0,80.47
1,34,1,3,61.36
3,8,3,4,86.49
2,20,3,5,79.72
1,39,2,1,49.68
3,20,1,5,100.0
2,42,3,4,86.49
1,26,1,1,56.06
2,27,1,2,67.44
2,15,2,3,62.61
1,5,3,2,32.03
2,12,1,1,61.54
3,29,3,3,100.0
2,2,1,5,64.39
2,14,2,2,56.65
2,43,3,1,73.64
2,2,1,5,49.62
1,33,2,2,59.73
1,41,3,0,57.13
3,8,3,4,83.81
2,17,3,2,62.71
1,14,3,3,45.28
2,24,2,0,57.73
3,38,2,1,88.66
3,11,1,0,60.9
2,30,1,3,83.68
2,8,2,2,47.71
2,8,2,0,37.63
2,40,2,3,77.42
3,23,1,3,84.75
3,22,2,1,82.02
2,17,3,2,59.34
1,7,1,5,48.81
3,7,1,5,92.81
1,7,3,1,30.82
1,17,1,2,55.59
2,11,2,1,51.2
2,4,1,5,66.39
2,0,1,3,38.72
1,24,2,0,39.05
1,23,1,2,52.45
3,2,1,0,55.82
2,2,3,0,37.85
1,34,3,5,72.41
3,3,2,4,69.98
2,23,1,4,78.5
2,15,1,1,51.46
2,28,1,0,68.61
2,27,1,0,64.83
3,39,1,5,100.0
3,30,2,4,100.0
2,30,1,1,70.95
2,38,1,3,85.51
2,8,2,1,40.28
2,26,3,5,86.9
1,27,1,4,64.28
1,4,1,0,31.18
2,6,2,4,56.92
1,14,1,2,51.96
1,41,1,1,54.95
2,37,1,4,84.01
1,22,1,2,56.89
1,11,1,4,46.12
2,18,3,4,70.95
1,33,1,2,56.04
3,24,2,4,98.75
1,38,3,4,69.4
2,5,3,0,36.62
1,9,3,5,52.26
2,28,1,5,81.1
2,15,1,4,74.54
3,29,1,5,100.0
3,2,3,0,63.39
1,27,2,2,54.95
2,23,1,0,68.51
2,14,1,2,63.71
3,35,3,2,99.03
2,25,3,4,78.83
2,38,2,4,78.17
2,36,2,3,77.75
3,44,3,4,100.0
3,7,1,1,73.81
2,28,3,3,76.06
2,7,2,4,53.11
2,35,1,0,58.4
3,21,2,0,78.18
2,10,1,2,60.1
2,12,3,4,66.83
1,6,3,1,26.49
2,12,2,2,50.86
1,8,1,3,45.87
2,43,1,2,71.82
1,43,2,4,68.08
3,22,1,1,92.41
3,15,2,4,79.82
1,34,1,4,71.67
1,12,1,2,37.57
1,13,2,5,51.1
2,31,1,2,72.06
2,29,2,3,78.39
2,8,1,3,64.95
2,23,3,5,84.21
2,39,1,1,63.59
3,12,1,0,64.18
2,30,3,0,66.92
2,9,2,0,37.47
2,8,3,1,52.59
2,43,2,1,67.32
3,34,2,1,86.8
1,3,1,0,29.58
2,37,3,1,78.4
2,44,1,4,89.65
3,9,1,2,67.52
1,19,2,2,44.38
2,2,1,3,44.48
3,7,2,0,64.46
1,10,1,0,30.87
1,38,3,0,50.45
3,13,1,1,70.56
2,30,2,4,81.25
3,15,2,4,85.05
2,30,1,4,86.29
2,3,2,1,38.1
2,31,3,3,77.86
2,39,1,4,80.82
2,40,1,3,79.27
1,14,2,2,39.28
1,24,3,2,60.2
1,35,1,5,80.28
2,0,1,0,36.45
1,38,1,2,53.53
2,18,3,2,65.39
1,26,2,2,56.07
2,25,1,5,93.61
1,5,2,1,22.24
2,35,1,1,77.84
2,5,1,5,73.0
3,22,3,0,75.89
3,27,1,1,90.01
1,24,3,2,52.51
3,17,1,0,70.86
2,12,1,1,59.88
1,16,2,1,38.23
3,12,2,0,63.93
3,20,1,5,97.65
3,6,1,5,87.13
1,15,3,4,54.49
2,37,1,2,86.52
1,4,3,0,22.45
1,2,1,4,48.32
2,6,2,4,59.13
1,5,1,2,42.32
2,0,1,4,52.8
2,14,1,3,73.1
1,21,3,5,65.6
3,26,2,2,84.99
1,10,3,1,32.91
3,34,3,0,84.3
1,7,1,3,43.43
2,10,2,4,57.45
2,31,2,3,81.72
1,19,1,3,58.84
3,22,1,0,84.84
2,42,3,0,66.97
2,42,3,3,85.08
2,21,2,2,60.47
1,41,2,1,50.34
2,20,1,4,77.79
2,18,1,4,81.46
2,27,2,1,61.6
2,32,1,4,79.56
1,0,1,1,22.58
1,21,1,2,47.11
2,5,1,3,50.8
3,28,1,0,90.72
2,18,2,0,54.68
3,20,1,1,85.64
2,9,2,4,55.82
1,40,1,0,54.7
2,34,3,4,86.52
2,25,1,4,86.89
1,19,3,2,54.26
2,27,2,2,74.01
2,30,2,3,76.31
2,39,1,3,85.17
2,22,3,2,67.23
2,3,1,1,49.98
2,18,1,5,76.77
1,42,1,0,50.89
1,36,1,4,64.32
1,23,3,1,50.64
3,23,2,3,83.82
2,19,1,3,72.58
2,29,1,3,80.82
3,26,1,3,88.46
2,30,2,5,83.91
3,38,1,1,100.0
2,0,1,4,61.39
3,36,3,3,100.0
2,35,3,3,84.7
1,17,3,5,63.09
1,17,2,0,31.78
2,12,3,4,64.93
3,18,2,4,88.05
2,17,1,0,60.56
3,14,2,2,73.11
2,8,1,4,50.2
2,8,1,5,61.43
1,34,1,0,59.36
1,19,1,1,37.53
3,23,1,3,87.8
1,29,3,2,62.52
3,40,2,2,94.64
3,24,2,1,77.99
2,6,1,5,70.01
3,1,1,4,66.1
2,33,2,3,72.63
1,39,2,4,59.73
2,25,1,0,64.48
3,17,2,2,79.67
1,1,2,4,38.35
2,8,3,3,59.92
2,39,1,5,87.7
3,17,1,2,86.35
1,16,1,1,49.09
2,40,3,2,79.26
1,30,1,0,52.67
2,30,1,3,87.87
2,25,1,5,80.92
1,30,3,2,60.42
1,18,1,3,60.73
2,4,2,1,41.31
1,4,2,4,44.67
3,39,2,1,86.75
1,30,1,0,58.15
1,16,3,0,40.99
2,24,1,2,75.03
1,27,3,1,50.0
3,13,2,1,67.97
1,4,1,1,25.08
2,23,2,1,59.97
3,10,2,4,80.16
2,12,1,0,54.73
2,39,1,5,93.97
1,8,1,4,52.65
1,1,1,1,22.63
2,14,2,2,53.8
2,44,3,2,72.47
2,25,1,4,83.2
2,33,1,2,76.95
1,41,2,3,61.28
3,19,1,1,84.59
2,5,3,5,66.65
2,23,2,1,58.93
2,9,3,1,47.63
1,15,2,0,32.3
1,42,1,3,78.63
1,21,2,5,60.76
2,26,1,1,66.83
2,0,3,0,38.18
2,26,2,3,72.35
1,38,3,4,76.19
3,42,1,4,100.0
2,30,2,4,77.23
2,11,3,1,50.55
3,19,3,3,91.13
3,36,1,5,100.0
2,36,1,0,70.86
3,13,2,1,73.35
3,24,1,4,98.28
2,18,3,5,73.63
2,36,3,5,90.59
3,11,3,2,78.94
2,42,3,0,70.88
2,2,2,0,30.78
3,3,1,2,71.67
2,31,1,0,60.28
2,31,1,4,81.49
3,42,3,2,93.51
3,33,1,4,100.0
1,9,2,5,49.26
3,19,2,2,80.86
3,17,1,0,79.64
2,42,1,0,57.05
1,6,2,1,24.84
1,9,2,0,19.08
2,19,1,5,72.99
2,22,2,3,73.34
2,1,1,5,47.83
2,41,3,1,72.75
2,21,3,3,74.74
1,9,1,2,34.13
2,8,3,0,42.42
1,41,1,5,89.66
3,5,3,5,84.58
2,17,1,0,47.38
2,9,3,5,69.01
1,32,3,2,61.46
3,6,2,3,69.88
2,41,2,2,74.32
2,0,1,3,51.68
2,6,1,3,58.45
1,3,2,0,9.76
2,5,2,1,43.38
2,20,2,5,76.21
2,16,2,4,69.23
2,41,3,5,81.81
3,16,3,0,74.9
2,35,2,1,70.9
1,36,1,0,61.77
1,32,1,2,67.58
3,42,2,2,95.61
3,26,1,3,95.28
3,18,1,2,78.92
2,24,1,1,64.57
1,9,1,1,38.46
3,2,3,0,54.64
2,31,1,5,87.71
2,10,2,3,56.71
2,31,3,2,78.53
2,19,1,3,76.15
2,1,2,0,27.86
1,44,1,5,73.89
3,36,1,2,100.0
3,34,1,5,100.0
2,39,1,3,90.67
2,24,3,3,71.67
3,0,1,2,61.12
2,38,2,4,87.54
3,44,2,2,91.36
2,3,1,5,59.2
2,9,1,2,58.09
2,11,1,4,64.98
3,4,3,2,70.58
3,44,1,5,100.0
1,7,1,5,47.71
2,20,3,1,65.25
2,35,1,1,76.26
2,40,3,3,77.53
3,28,2,4,99.79
1,39,1,1,51.6
2,27,2,5,79.07
2,28,2,1,59.58
2,0,1,2,43.61
2,11,1,5,74.57
2,6,3,3,52.35
1,35,1,0,47.78
3,21,2,5,99.68
1,22,1,1,42.54
2,33,1,5,90.78
1,32,3,2,64.17
2,25,3,2,77.25
1,44,1,4,70.19
3,4,1,1,69.36
3,38,3,0,89.06
2,40,1,1,65.91
3,40,1,0,94.08
1,42,1,5,70.7
1,20,3,5,61.21
3,18,1,1,84.29
2,24,3,3,73.91
1,1,1,4,43.08
2,32,2,5,82.39
1,3,1,2,24.47
1,40,2,2,53.27
2,20,3,2,66.36
1,32,2,1,55.66
1,22,3,5,67.62
3,18,1,3,90.91
3,39,1,4,100.0
1,38,1,0,57.35
3,40,2,2,92.73
2,35,2,3,74.29
2,37,3,2,73.4
2,27,3,5,85.67
3,2,2,3,67.03
1,19,2,4,54.71
3,0,1,1,65.07
3,42,1,3,93.6
2,26,3,3,78.47
2,17,2,0,49.08
2,38,3,5,89.93
1,26,1,4,73.11
1,34,3,4,69.95
1,16,3,1,40.86
3,35,1,3,100.0
3,26,3,2,94.6
1,33,1,5,73.86
1,3,1,5,47.21
3,13,1,3,83.53
2,12,1,3,59.34
2,30,2,0,60.14
2,35,1,5,84.45
3,5,1,1,72.93
2,34,3,5,90.68
3,1,1,4,78.63
2,38,1,1,69.37
1,17,1,1,48.87
2,35,2,2,71.68
3,0,1,0,60.19
1,14,2,2,40.5
2,15,2,3,53.88
2,40,1,0,73.69
3,40,2,1,87.54
1,11,2,4,41.17
2,17,3,4,73.37
1,15,1,0,34.12
2,22,1,2,73.69
2,25,1,2,74.6
2,43,1,1,77.79
2,34,3,4,89.17
2,20,2,3,62.84
1,26,2,4,70.31
2,43,2,4,82.65
2,35,1,4,87.62
1,23,3,0,42.74
1,37,2,1,48.14
2,34,3,4,86.41
3,12,3,3,81.74
2,29,1,0,58.2
2,20,2,2,61.78
1,19,3,1,51.86
1,41,1,2,52.87
3,34,3,2,91.77
3,14,2,0,60.49
1,7,2,5,47.52
3,0,3,5,82.73
3,31,1,2,87.13
2,36,2,1,65.67
1,9,1,4,44.52
3,34,2,4,100.0
3,13,1,3,91.79
2,13,1,5,74.54
2,30,1,3,71.83
2,2,1,3,52.58
2,33,1,5,89.39
2,30,1,4,93.26
1,37,1,2,66.6
2,42,1,1,77.46
1,26,3,2,61.51
3,40,2,1,87.19
1,15,2,1,30.99
1,5,3,0,27.4
2,36,2,5,87.34
1,25,1,3,64.82
2,0,3,2,42.43
2,24,3,0,58.6
3,44,2,1,90.97
3,30,3,1,86.49
1,12,1,2,46.79
3,5,2,4,73.27
1,27,1,0,59.04
2,8,2,1,42.86
2,8,2,0,38.96
2,40,3,3,79.59
3,20,3,0,80.77
2,0,3,4,50.97
2,4,1,2,39.95
3,9,3,2,76.15
1,10,1,0,37.59
1,35,1,5,72.96
1,40,1,4,74.27
2,27,1,1,59.15
3,12,2,0,65.33
2,13,3,5,66.08
2,32,3,1,72.89
2,9,1,2,56.55
3,30,1,0,94.44
2,32,3,5,86.63
2,42,2,2,74.37
2,2,3,1,45.39
2,27,2,1,57.68
2,43,1,5,88.07
3,7,1,5,91.64
2,12,1,2,51.43
3,25,3,3,97.52
2,39,1,4,88.71
2,22,3,3,71.54
2,31,2,3,75.51
1,36,1,2,65.95
3,29,3,3,96.82
3,40,2,2,97.22
1,5,2,2,26.07
1,38,2,1,54.36
2,43,1,2,80.98
2,42,3,1,76.42
1,38,1,3,58.49
2,12,2,3,61.87
2,39,1,2,81.01
3,1,1,2,62.0
2,14,3,3,55.87
1,9,2,0,22.67
2,27,3,4,80.66
2,18,2,4,71.66
2,37,1,3,75.11
3,28,1,3,100.0
1,16,2,3,47.97
3,39,1,1,95.32
3,33,2,3,95.72
3,25,3,5,100.0
2,10,2,5,66.46
1,35,3,4,73.45
1,27,1,4,74.74
1,29,1,2,60.48
1,14,1,1,44.85
2,43,1,1,71.83
3,11,1,2,76.46
2,20,3,5,84.95
3,13,1,5,95.44
1,28,1,0,42.05
2,26,2,4,79.36
2,3,1,0,49.93
1,36,2,1,53.29
3,11,1,5,82.23
3,16,1,1,80.85
3,38,3,4,100.0
1,15,2,5,53.53
3,38,1,3,99.34
1,41,3,4,69.56
3,1,1,2,57.16
2,12,1,2,61.17
3,16,2,1,73.72
2,26,2,3,69.69
1,41,1,3,71.51
2,1,2,2,39.52
3,33,3,3,100.0
3,39,1,1,91.26
2,13,1,2,50.64
1,12,3,2,43.8
3,1,1,5,88.68
1,17,3,3,53.37
3,39,1,1,90.48
3,10,3,0,70.51
1,40,2,5,68.09
3,2,2,2,56.28
3,30,3,2,99.46
2,21,3,5,78.06
2,23,1,2,75.85
2,6,3,1,46.41
2,41,1,1,69.17
1,9,2,4,45.61
1,13,1,3,38.95
2,39,1,3,73.92
2,43,2,0,64.08
2,26,2,5,80.68
2,22,3,3,71.28
1,25,1,4,56.12
1,33,1,5,80.66
3,19,3,5,96.54
3,43,3,2,98.95
2,32,3,3,77.19
1,17,3,0,40.0
2,14,1,2,59.82
1,6,2,3,36.65
1,41,1,4,73.76
1,24,2,1,44.81
2,9,3,1,43.42
3,2,3,1,67.21
3,30,2,2,96.38
2,8,1,0,50.73
2,7,2,2,45.22
1,35,1,5,73.23
3,5,3,4,77.73
3,37,1,3,100.0
2,36,1,1,77.64
2,22,3,1,63.41
2,37,1,1,80.97
3,1,3,4,70.44
2,42,1,1,74.44
2,8,1,1,52.01
1,33,2,2,54.23
2,35,1,2,67.32
2,3,1,2,40.51
3,14,2,0,67.94
2,33,1,4,80.36
1,18,2,5,60.36
2,6,1,5,62.59
2,43,1,5,97.44
2,12,1,3,57.81
3,35,2,0,76.18
2,6,3,3,55.3
3,2,1,5,75.69
3,2,3,1,62.39
3,3,1,2,74.69
2,41,3,3,84.7
2,3,2,1,33.84
2,16,1,2,55.37
3,36,1,5,100.0
2,19,2,2,59.03
2,22,3,5,79.0
1,6,1,3,30.73
2,8,2,4,59.6
2,41,3,0,64.6
2,32,1,4,93.24
2,27,3,1,65.3
2,35,1,2,83.36
1,37,2,4,65.29
2,6,2,0,36.48
3,41,1,1,100.0
1,5,3,1,32.33
1,38,1,5,72.31
3,35,1,5,100.0
3,29,1,5,100.0
1,21,1,4,53.6
1,6,1,1,26.47
1,16,1,1,32.97
1,11,2,2,40.81
3,6,1,2,63.2
2,31,3,5,92.99
1,36,3,0,56.4
2,18,1,1,56.33
3,1,1,0,61.37
2,1,3,5,58.82
2,28,1,2,78.0
1,23,2,1,40.4
3,44,2,1,92.36
2,3,2,0,35.18
2,2,3,5,59.23
2,32,1,2,77.81
2,14,2,5,62.84
2,2,1,1,47.71
1,28,2,2,51.64
1,28,1,1,44.72
2,17,3,5,69.95
2,6,1,2,52.37
3,29,3,5,100.0
1,38,2,4,66.13
2,2,3,0,36.73
2,2,3,4,47.08
1,29,1,2,70.66
2,3,3,2,47.01
3,2,1,5,82.19
2,12,1,1,56.63
2,39,1,3,90.49
3,40,1,2,93.88
2,30,1,2,82.57
2,18,3,5,74.64
3,18,2,3,83.15
1,26,3,0,51.49
1,28,2,5,65.03
2,35,1,5,88.12
1,23,3,4,62.91
2,26,1,4,83.85
1,5,2,5,44.32
2,25,2,4,77.04
3,39,1,3,100.0
2,43,1,0,62.51
1,6,1,2,36.04
3,16,1,5,96.02
2,33,1,4,90.78
1,19,3,0,42.72
1,44,1,4,76.84
1,10,2,3,39.3
2,16,3,4,65.92
3,5,2,4,77.69
2,36,1,2,82.35
2,39,1,1,67.8
1,37,2,4,69.13
1,2,2,3,27.68
3,2,1,3,76.06
1,12,2,5,54.92
2,44,1,0,73.86
2,12,1,2,64.9
2,26,1,3,73.58
1,30,1,4,74.65
1,15,3,5,64.25
2,35,1,3,83.82
3,42,1,5,100.0
3,40,1,1,89.62
2,25,1,5,82.81
3,1,1,4,67.21
2,28,1,1,75.81
1,38,1,2,58.61
2,34,1,3,76.8
2,28,1,5,92.19
2,16,1,2,65.77
1,7,1,2,26.81
2,6,3,3,54.85
1,40,1,3,73.44
1,37,2,5,71.38
3,44,2,4,100.0
3,25,3,0,82.51
3,0,3,2,56.86
3,30,3,4,100.0
2,28,2,0,57.84
1,20,2,3,48.84
3,44,1,1,92.49
3,24,1,3,96.63
2,42,1,0,71.27
1,21,2,3,45.17
2,39,2,4,78.13
2,0,1,0,29.77
2,27,1,2,68.24
2,43,2,0,67.02
2,10,3,5,64.12
2,35,2,4,80.09
2,28,1,4,79.69
2,11,3,1,49.63
3,29,1,2,90.61
2,37,2,5,82.5
3,35,1,3,97.52
2,24,1,2,60.18
3,39,1,4,100.0
3,21,3,5,100.0
1,0,1,2,22.29
1,6,1,4,46.85
2,11,3,1,52.24
2,14,1,1,50.48
2,38,3,1,68.47
3,42,2,4,100.0
2,40,2,0,60.95
3,12,2,0,67.45
1,43,2,4,65.14
3,3,2,3,70.81
3,29,1,3,98.67
1,35,1,2,65.85
3,16,2,1,71.77
1,32,1,0,56.24
1,44,3,2,62.07
2,6,2,0,36.07
2,2,2,2,39.16
2,2,3,2,45.98
2,26,3,4,84.89
3,10,1,1,73.95
2,30,2,0,61.1
2,41,3,5,89.04
3,32,1,1,96.45
1,1,2,3,28.89
2,1,2,5,62.28
2,17,2,0,45.28
3,38,1,3,100.0
2,21,1,3,66.8
2,7,3,3,58.35
2,6,2,4,53.36
1,32,1,0,47.79
2,22,2,0,52.41
3,0,1,1,68.73
2,25,3,5,86.62
2,12,3,4,70.44
3,8,3,0,69.63
3,44,3,3,100.0
3,39,1,5,100.0
3,6,1,5,94.94
3,14,2,2,73.6
2,15,2,0,44.32
2,23,1,5,84.95
2,14,3,0,44.06
2,13,1,1,44.02
2,40,1,1,65.46
2,10,1,2,60.15
3,37,2,1,90.76
2,11,1,2,47.31
2,25,2,5,76.86
2,9,2,1,41.64
1,21,2,2,51.0
3,31,3,3,100.0
2,43,3,1,70.26
2,33,1,1,66.89
2,39,3,0,65.42
1,44,2,1,53.13
3,30,1,5,100.0
3,20,2,3,91.67
1,42,1,0,55.8
2,44,1,3,86.28
2,1,2,2,38.56
2,24,1,0,56.48
2,2,3,3,50.99
2,31,2,1,64.78
2,31,1,0,70.97
1,10,1,2,33.13
3,36,2,5,100.0
2,17,3,5,75.71
1,30,3,1,61.79
1,40,3,5,81.08
2,34,1,0,73.91
2,8,1,0,46.36
2,19,1,4,61.88
2,25,2,5,81.54
2,19,1,5,81.71
2,26,1,2,74.87
1,22,3,5,68.13
2,20,3,2,69.14
2,32,3,1,71.5
2,19,2,5,70.14
3,14,3,0,68.34
1,36,1,1,61.92
2,2,1,3,42.7
3,18,2,2,77.18
3,12,2,5,85.4
1,12,1,3,39.64
3,42,1,4,100.0
3,12,2,2,73.03
1,6,3,4,44.0
2,37,3,0,70.69
1,38,3,3,61.01
1,43,2,5,69.13
1,3,1,1,28.76
2,39,1,0,78.8
2,23,1,5,85.86
2,43,1,1,80.91
3,24,1,0,79.71
2,23,1,4,80.6
1,1,2,0,15.57
1,18,1,5,54.37
1,8,1,0,34.11
2,18,3,0,54.83
1,21,1,4,67.29
2,40,1,4,80.92
2,13,1,4,64.1
2,27,1,3,83.4
3,18,1,2,87.88
3,27,2,5,100.0
2,7,2,3,50.56
2,21,2,3,67.8
2,3,2,4,51.22
2,35,1,4,82.46
2,20,3,1,60.61
3,39,1,3,100.0
1,38,1,4,69.34
2,8,3,5,61.67
2,3,1,0,35.92
3,34,1,3,100.0
3,40,2,3,99.51
3,34,1,0,93.32
2,44,1,4,82.49
2,22,1,3,76.8
2,37,2,4,82.58
3,26,2,3,85.76
2,4,1,2,45.2
2,26,1,1,65.19
3,40,3,5,100.0
2,23,1,2,63.76
2,21,2,3,67.81
2,26,1,1,60.68
2,3,2,0,29.44
1,33,3,2,61.33
2,26,2,5,79.35
2,37,1,4,85.72
1,30,2,0,44.63
3,42,3,0,89.11
1,41,2,5,70.05
1,3,2,3,29.77
2,2,1,0,32.26
2,30,1,1,79.78
1,42,2,5,63.66
2,18,2,3,62.18
1,37,2,1,50.41
1,41,2,1,52.7
2,10,1,1,55.52
2,35,2,1,67.21
2,35,1,4,83.08
3,35,1,2,90.7
3,4,3,0,56.88
1,13,2,4,50.62
3,10,1,4,78.91
2,12,1,3,53.83
2,12,1,5,75.58
2,25,2,1,63.66
3,6,1,0,61.38
2,3,2,1,41.19
2,30,1,1,81.31
3,42,1,2,100.0
2,39,3,2,76.46
1,10,2,0,29.84
2,23,2,2,64.49
2,23,2,5,79.14
2,7,3,1,48.0
3,38,3,5,100.0
3,9,1,5,95.05
2,32,2,4,81.49
1,7,1,0,32.65
1,9,1,1,42.56
3,38,2,0,76.4
3,17,2,2,72.31
3,34,1,2,92.18
2,33,3,4,86.59
2,30,3,3,82.47
1,25,3,5,66.17
2,41,3,1,74.72
2,2,2,0,29.96
1,7,1,5,53.43
1,5,1,5,56.82
2,23,2,3,68.19
1,18,3,5,60.56
3,6,1,1,57.85
3,30,1,2,94.42
3,9,1,2,69.39
1,41,1,1,60.57
2,17,2,4,65.18
3,42,3,2,98.95
3,1,3,0,56.73
2,25,1,5,93.36
1,35,1,1,60.8
2,30,1,0,70.47
2,40,1,2,82.56
2,30,3,4,85.55
3,16,1,4,93.29
3,20,3,0,83.66
2,7,1,1,41.81
1,43,1,0,55.43
2,20,3,0,55.43
1,12,2,4,43.42
2,38,2,2,74.73
3,44,2,5,100.0
1,25,2,2,55.56
2,26,1,5,89.28
3,6,2,3,70.96
2,17,3,1,53.0
2,28,3,4,89.54
3,2,2,0,58.15
1,34,2,0,41.8
1,8,1,4,38.08
3,9,2,2,69.89
3,18,2,4,85.37
3,18,3,2,86.4
3,14,2,2,74.92
3,13,1,3,77.46
2,14,2,3,59.39
3,39,3,3,100.0
1,17,2,2,42.35
3,20,3,1,89.01
3,23,2,0,71.92
1,6,3,2,38.82
2,32,1,3,77.61
3,19,1,2,79.99
1,11,1,3,49.73
2,24,3,5,81.54
1,2,2,5,41.71
2,11,1,0,47.76
3,15,2,2,76.53
3,23,2,0,78.57
2,19,1,4,78.41
3,30,2,4,100.0
3,14,1,4,90.15
2,23,3,0,57.37
3,10,1,2,78.53
1,33,1,5,68.7
3,13,1,0,64.1
2,32,3,0,67.42
2,2,1,2,52.16
3,18,1,2,88.65
2,25,2,5,75.38
3,18,1,4,90.39
3,29,2,5,100.0
3,0,1,1,67.43
3,4,3,1,69.72
1,43,3,2,58.85
3,1,1,1,56.05
2,0,1,3,48.43
1,8,1,5,54.96
1,14,1,4,52.65
3,38,1,5,100.0
3,27,2,5,100.0
1,37,1,0,61.52
1,14,1,2,48.47
3,20,2,0,66.76
3,41,2,2,95.79
3,20,1,0,69.15
2,44,1,0,64.13
3,13,3,2,75.06
3,32,1,0,82.38
1,43,2,2,53.8
2,19,3,1,62.26
2,28,1,2,77.27
2,2,3,3,51.23
2,32,1,2,68.96
1,3,1,0,30.56
3,18,1,4,94.43
1,11,1,5,49.85
2,38,3,4,87.03
3,39,1,5,100.0
2,16,1,4,67.23
2,23,3,3,71.84
2,15,2,2,55.23
2,21,3,1,63.51
2,24,3,4,81.14
2,3,3,2,50.38
3,9,2,0,62.98
2,41,2,3,74.21
2,11,1,0,43.29
3,10,1,0,74.08
2,27,1,4,83.91
2,38,1,4,86.28
3,0,1,4,73.97
3,8,3,1,69.03
2,16,2,2,55.13
1,19,3,3,51.22
2,10,2,3,54.7
2,41,1,3,70.18
2,19,1,5,81.84
2,36,2,5,86.45
3,23,3,2,87.49
2,7,2,5,57.56
1,21,1,3,52.71
3,20,3,5,96.0
2,25,1,1,73.29
2,15,3,0,50.37
2,38,3,1,69.37
3,21,1,2,94.74
2,10,3,2,55.95
1,21,3,1,55.1
1,34,2,1,52.12
2,12,3,4,68.42
1,44,2,0,49.2
1,33,2,3,60.21
3,8,2,1,63.57
2,35,1,3,76.37
2,36,3,3,83.94
3,1,1,4,68.05
2,7,2,1,41.73
2,15,3,5,74.3
3,40,3,5,100.0
1,3,3,2,34.02
2,4,1,1,37.41
2,33,2,2,70.94
2,38,2,0,68.5
1,43,2,0,52.7
1,26,1,0,56.38
3,21,1,2,83.02
2,39,1,3,76.57
1,30,1,5,82.89
3,23,3,0,81.97
2,8,1,5,63.72
2,18,1,2,69.81
3,8,2,1,64.44
1,9,2,4,38.54
2,29,1,4,85.64
2,0,2,1,30.51
1,14,2,2,37.99
1,24,2,4,55.6
2,30,2,1,66.88
2,10,2,1,47.59
2,19,3,2,62.79
3,2,1,0,51.82
2,11,1,0,39.38
1,29,3,3,66.78
1,42,1,4,62.87
2,41,2,3,75.78
2,42,1,3,78.18
2,13,3,4,69.15
2,43,1,0,56.3
2,33,1,1,68.92
1,3,1,0,23.0
2,3,2,4,50.35
1,43,1,1,59.28
2,4,2,4,56.67
1,19,1,5,73.12
2,39,2,0,64.18
2,3,1,2,51.03
2,21,1,2,74.08
2,38,2,2,73.98
2,29,2,5,85.06
2,20,3,2,71.31
2,22,1,3,69.96
1,2,2,4,28.62
2,5,1,5,60.7
2,29,3,5,91.93
2,30,3,1,67.6
2,9,1,3,62.05
2,33,3,5,87.58
2,0,3,0,37.39
1,6,2,3,37.19
1,6,1,3,46.3
1,31,1,1,52.75
3,36,2,4,100.0
1,28,1,2,69.64
1,17,1,2,41.26
1,39,1,2,71.75
3,19,1,4,90.33
2,19,3,5,76.2
3,2,2,3,65.67
1,31,3,0,45.37
3,4,1,4,83.64
2,20,2,4,72.53
3,11,2,4,84.77
1,12,3,1,36.51
3,4,1,3,70.05
1,24,3,1,49.36
1,5,1,4,44.32
2,11,3,5,68.36
1,37,3,3,69.99
1,4,2,3,30.74
2,14,3,2,61.52
1,21,3,2,46.59
2,36,3,4,80.86
1,36,1,5,83.94
2,36,3,4,88.1
3,38,3,2,98.58
1,5,3,1,26.2
2,20,3,0,58.28
1,40,3,5,75.88
1,25,2,1,46.97
1,5,1,3,31.83
3,5,3,3,76.37
3,36,1,2,94.34
1,31,1,5,77.34
2,3,3,3,47.32
2,40,1,0,69.95
3,8,2,0,61.03
1,43,1,0,47.29
2,35,1,4,89.03
2,34,1,5,85.51
3,1,1,5,77.89
3,10,1,3,87.64
2,10,1,4,65.14
3,10,1,3,79.76
3,14,2,5,90.84
3,14,3,3,79.99
3,41,1,1,96.88
2,15,3,2,62.02
1,25,3,4,61.61
3,20,2,1,80.99
2,6,2,1,40.76
2,42,1,0,63.26
2,43,2,1,65.33
2,42,3,4,83.89
3,32,3,3,99.28
1,27,1,0,47.52
3,34,3,4,100.0
3,17,1,4,87.53
3,26,2,5,100.0
2,9,2,4,65.03
1,40,3,4,74.86
2,30,1,1,78.9
2,17,3,2,64.65
1,38,2,3,58.5
2,1,3,2,45.64
2,11,1,1,46.78
3,3,1,0,67.81
1,4,1,5,45.12
3,0,1,3,80.41
2,13,2,1,52.21
2,0,2,4,42.98
3,17,1,5,87.67
2,17,3,0,53.0
1,34,1,2,65.0
2,5,3,3,55.55
2,8,1,0,48.19
2,21,2,0,54.55
2,33,2,2,70.2
3,28,1,0,79.92
1,13,1,4,56.42
2,30,1,2,73.74
1,10,1,5,62.56
2,42,2,2,76.22
1,20,3,4,60.51
2,16,3,0,59.92
2,32,1,2,75.77
2,22,3,3,71.47
2,41,1,2,70.09
1,32,1,1,46.94
1,8,1,0,35.53
1,28,1,0,62.2
2,1,3,4,53.62
2,24,2,0,53.44
3,16,1,1,80.91
1,33,2,1,52.97
1,15,2,3,46.34
3,24,3,2,92.4
2,3,1,0,48.78
1,5,3,2,34.92
3,11,1,5,87.2
2,36,1,0,63.81
3,13,2,1,71.57
2,35,3,5,89.59
2,26,1,1,61.07
3,37,1,2,94.19
2,42,3,3,80.71
3,33,1,4,97.34
3,1,2,3,66.92
1,2,3,3,33.58
3,22,1,2,97.13
2,30,3,2,78.69
2,37,2,5,80.5
3,24,1,0,80.74
1,8,2,0,21.08
2,33,3,2,72.92
3,1,1,1,54.46
2,39,3,4,85.91
1,15,2,5,49.52
3,43,1,3,100.0
3,36,3,5,100.0
3,1,3,5,79.35
3,40,1,2,100.0
1,5,3,5,53.02
1,28,3,5,74.09
1,15,2,1,35.6
2,19,1,0,62.98
2,30,3,5,95.1
1,14,1,2,41.76
2,18,2,3,66.18
2,21,3,1,66.51
2,24,1,5,84.01
2,24,1,5,73.94
2,25,3,5,81.43
1,22,3,4,62.19
3,11,3,2,82.12
3,24,1,4,100.0
2,21,1,0,50.98
2,22,2,4,74.88
1,30,1,1,64.36
2,39,1,1,78.42
3,30,3,2,93.19
2,14,3,5,72.27
1,2,3,1,24.5
2,25,3,3,71.6
2,35,3,2,73.3
1,15,2,4,48.77
3,2,1,3,77.34
2,13,1,1,46.16
2,5,2,1,36.74
2,8,3,0,39.5
2,35,2,2,68.94
1,4,1,1,20.92
2,30,2,2,70.81
2,33,3,1,76.52
3,42,2,5,100.0
1,36,1,0,64.4
1,31,2,1,52.5
2,18,2,5,73.34
2,14,1,4,61.29
2,24,1,2,68.48
2,6,3,2,47.68
1,25,1,2,47.53
3,3,1,0,56.59
3,1,1,0,50.63
2,40,3,0,70.08
2,43,1,2,85.42
2,28,3,3,77.72
2,13,1,2,63.96
2,16,1,0,44.16
3,41,3,5,100.0
1,1,2,0,17.56
2,35,1,5,94.16
1,2,1,2,37.99
3,13,1,3,86.45
1,17,2,1,43.37
1,28,1,2,59.58
1,22,3,1,53.4
1,18,2,5,54.64
2,11,1,0,54.73
2,32,2,5,82.26
2,9,1,5,69.96
2,44,1,0,72.96
3,23,1,5,95.12
3,0,1,3,74.53
2,11,1,1,51.37
2,7,1,1,41.97
2,21,1,1,65.98
2,4,1,5,69.2
3,0,2,1,60.04
2,19,1,5,73.65
2,8,1,0,39.61
1,30,3,5,77.73
2,44,2,1,64.74
2,30,2,3,76.42
1,3,1,3,42.03
1,20,1,2,51.52
2,7,1,2,47.9
2,36,3,1,70.9
3,16,1,0,66.42
3,34,1,4,95.89
1,26,1,3,56.42
1,17,2,5,54.13
1,0,1,2,36.06
2,34,1,4,95.73
2,25,3,2,68.07
3,13,1,4,83.73
2,23,1,5,77.3
2,43,1,0,75.33
1,33,3,4,74.79
1,31,2,1,51.82
1,17,1,2,45.31
1,11,1,5,58.16
2,8,2,3,48.39
2,30,2,0,61.59
2,15,2,1,48.87
1,16,1,0,36.35
3,20,2,3,83.63
2,16,1,2,62.85
2,40,3,3,84.41
3,14,1,0,70.62
3,3,3,3,76.29
3,37,1,2,100.0
3,29,1,5,100.0
1,30,3,2,62.68
3,5,3,5,83.4
3,2,1,3,63.75
2,18,3,2,68.62
2,32,2,1,65.33
2,33,3,2,71.27
2,22,2,4,72.66
3,24,1,1,93.1
2,8,3,1,48.08
1,2,1,1,23.63
2,34,3,5,88.31
1,38,3,2,60.58
1,2,1,5,45.51
2,40,1,0,74.37
2,44,1,5,87.31
3,22,3,4,100.0
2,31,3,3,79.52
1,6,1,5,45.16
2,13,2,5,67.02
2,7,1,1,53.44
2,25,2,1,63.35
3,36,2,4,99.23
1,30,1,3,71.23
1,26,1,0,47.75
3,13,1,0,64.16
3,37,3,1,92.07
1,12,1,1,41.85
2,25,1,5,93.75
2,35,2,3,74.67
2,44,2,4,76.43
3,29,3,2,95.92
3,25,3,3,98.09
1,21,3,2,55.68
1,6,2,5,43.16
3,33,3,2,93.14
1,25,1,4,60.22
3,30,1,3,100.0
2,28,2,4,79.49
2,17,3,3,67.76
1,6,3,3,33.7
1,7,1,5,53.82
2,34,2,4,80.91
2,39,3,0,60.87
2,21,1,2,65.37
2,14,1,0,46.37
3,16,1,5,96.84
2,14,2,2,48.97
1,43,2,5,68.57
1,30,2,4,64.86
3,9,1,4,80.18
2,24,1,0,62.21
3,2,2,3,72.23
3,10,3,3,76.03
1,4,3,0,21.69
1,3,2,1,22.71
1,9,1,1,41.52
2,20,1,1,69.07
1,19,3,5,60.91
1,0,2,1,21.79
2,14,1,3,70.31
2,44,1,0,74.51
2,36,1,5,87.18
3,35,1,4,100.0
2,7,3,1,46.03
1,33,1,5,84.81
3,1,1,0,63.74
3,24,3,0,83.59
1,33,2,5,72.67
1,5,1,0,17.62
1,27,1,1,59.65
1,29,1,1,60.84
2,43,1,3,87.16
1,31,3,2,61.26
1,11,3,4,50.34
2,25,1,4,85.86
2,43,3,1,70.43
3,26,3,3,96.54
2,39,1,4,90.55
2,29,1,4,88.96
3,1,3,0,53.96
2,35,3,2,72.99
2,35,2,4,80.94
2,44,3,5,92.43
3,16,3,1,76.52
2,26,1,0,71.32
1,30,1,5,70.75
3,44,3,3,96.71
1,19,1,1,38.12
3,14,2,4,78.1
3,9,2,1,63.43
2,44,1,2,80.57
2,24,1,5,80.56
2,28,1,0,73.34
3,13,1,5,88.21
2,30,1,3,89.94
1,40,3,1,59.4
1,40,2,0,45.96
2,35,1,4,77.92
1,14,3,2,44.2
3,34,2,4,100.0
2,1,2,2,44.36
3,1,1,5,69.52
2,26,3,2,71.87
2,29,3,5,85.52
2,4,1,0,30.21
2,25,2,1,55.34
3,16,2,3,79.38
2,32,2,5,90.43
2,31,1,0,64.77
2,4,2,5,52.47
2,26,3,4,83.94
2,35,3,4,83.59
2,39,1,3,82.59
3,16,2,3,84.16
2,43,1,3,88.03
2,1,1,4,53.22
2,11,1,1,52.68
2,22,1,3,66.55
2,8,1,0,43.64
2,31,1,4,78.52
3,16,2,2,73.37
3,22,2,2,81.32
1,27,2,2,56.11
3,17,1,3,88.42
3,42,2,2,91.51
1,8,1,0,39.18
2,28,1,4,84.04
2,32,3,2,82.16
2,11,3,2,54.72
2,29,1,3,76.51
1,1,3,0,15.46
1,8,1,5,48.39
2,4,3,0,41.78
1,1,1,5,32.62
1,3,1,1,35.02
2,31,3,5,85.26
2,24,3,5,85.09
2,21,3,1,60.54
1,18,2,0,32.2
2,29,2,2,74.24
2,35,3,4,85.2
2,35,2,0,59.58
1,9,3,4,45.79
2,10,3,4,61.35
2,33,3,5,86.56
2,36,1,1,80.42
2,19,2,3,62.6
3,13,1,3,82.52
1,6,2,1,34.87
1,26,1,5,76.46
2,28,1,5,93.32
2,10,1,2,63.71
3,33,1,3,98.59
1,34,2,0,49.14
1,8,3,5,52.12
2,20,1,2,70.86
1,7,1,4,37.97
1,31,3,5,73.19
3,0,1,4,63.74
2,23,1,1,67.75
2,22,3,5,83.7
2,5,2,3,50.03
2,2,3,1,45.08
2,16,1,1,54.25
2,38,1,4,81.47
2,18,2,3,58.48
3,9,2,1,62.29
2,39,1,2,83.88
1,4,1,0,30.31
2,23,1,5,95.66
2,33,1,5,88.04
1,4,3,1,31.19
2,8,1,0,44.01
3,44,2,4,100.0
1,10,1,1,24.73
2,0,2,4,49.52
1,22,2,0,38.9
3,0,1,4,76.22
3,11,1,4,80.99
1,27,1,2,67.6
1,15,2,2,37.69
2,30,1,2,69.55
3,8,3,2,73.7
1,14,3,4,53.01
1,28,1,0,47.51
1,36,2,2,57.06
2,41,3,3,82.57
2,41,2,1,69.77
2,39,1,1,79.23
2,26,1,3,68.5
1,27,1,1,47.68
2,18,2,3,58.68
3,20,3,2,86.5
3,33,1,0,93.38
2,42,3,1,71.77
2,24,1,1,62.72
1,18,1,0,34.47
1,23,1,5,61.74
2,9,2,3,53.96
2,5,3,5,60.91
3,9,1,3,66.84
1,9,2,2,32.01
2,14,3,0,51.52
2,12,1,2,58.26
2,29,1,1,78.54
2,6,2,2,46.35
3,31,1,5,100.0
1,27,3,0,51.15
3,28,1,3,100.0
3,40,1,0,92.82
3,16,2,3,84.13
2,20,2,0,50.64
2,21,2,0,54.25
2,41,2,3,79.83
3,1,1,0,67.97
3,3,1,2,70.94
2,44,3,5,91.7
1,13,1,1,47.43
2,36,3,3,84.59
2,14,3,1,49.69
1,35,1,3,61.93
2,1,2,0,27.26
3,11,3,5,90.51
1,37,2,5,71.46
1,36,2,3,66.05
3,29,3,0,83.82
2,24,1,1,69.58
2,28,1,0,70.25
2,26,1,1,74.59
2,29,3,1,70.03
2,9,1,5,62.61
2,34,2,2,65.61
2,5,1,3,61.45
2,10,1,5,66.58
2,0,3,3,52.48
3,12,3,5,93.27
1,39,2,2,55.89
1,21,1,5,70.05
2,13,3,5,75.98
2,28,2,5,83.45
1,32,2,0,42.96
2,35,1,5,92.13
2,40,1,4,90.32
1,30,1,0,53.97
1,37,1,5,89.94
1,18,3,1,41.63
2,21,1,5,75.69
3,36,1,2,100.0
1,34,3,5,75.78
1,30,1,5,66.66
2,8,2,1,43.12
2,24,1,1,55.84
1,39,2,3,55.25
3,43,3,4,100.0
2,14,3,1,58.52
1,5,1,3,42.88
3,42,2,1,87.74
1,35,1,1,53.35
3,8,3,1,63.7
1,19,1,1,39.55
3,25,3,5,98.25
2,0,1,1,40.34
2,7,1,2,54.74
1,10,2,1,26.12
2,41,1,4,80.68
2,23,1,4,82.78
1,28,1,2,58.92
1,35,1,1,53.36
2,9,2,3,53.13
1,23,1,3,54.63
1,7,1,1,39.27
2,29,3,4,89.39
3,24,3,1,87.53
2,20,1,0,55.19
3,26,1,3,100.0
2,36,1,2,71.96
2,38,1,2,79.92
3,6,2,3,64.36
1,19,1,4,61.08
2,5,3,2,45.39
3,13,2,1,68.18
2,42,2,2,75.44
2,17,3,3,70.1
2,1,3,4,54.0
2,42,1,3,77.16
1,21,2,0,36.01
1,19,1,1,48.14
2,2,1,4,50.53
2,40,1,1,77.03
2,37,3,3,80.37
2,39,2,4,82.38
1,7,3,1,31.98
2,24,1,0,55.07
1,0,1,5,48.42
2,28,3,3,80.53
2,32,1,1,75.46
3,0,1,1,66.49
2,16,2,1,58.44
1,25,2,3,53.09
1,14,3,5,60.83
1,29,3,0,57.37
2,6,1,4,54.78
2,10,1,3,55.17
2,6,1,2,48.22
3,21,2,3,83.34
2,11,2,3,56.97
2,43,3,2,78.54
3,5,1,4,77.39
1,37,1,0,57.62
2,6,1,2,58.34
2,9,3,0,44.75
1,25,3,4,60.47
3,17,1,4,95.82
3,35,2,4,100.0
3,10,1,0,65.99
2,22,3,4,74.05
2,40,3,1,71.34
2,11,2,0,39.77
2,8,1,2,44.74
2,36,3,3,78.92
3,25,3,2,87.73
3,12,1,3,86.23
3,36,1,4,95.63
3,35,1,2,94.36
2,19,2,5,76.68
2,30,1,5,95.55
2,11,2,0,45.06
2,42,2,3,77.34
2,24,2,2,62.96
2,12,1,1,59.99
1,19,2,5,58.65
2,21,1,4,71.6
2,30,1,1,78.23
2,16,3,4,67.85
1,31,1,3,75.99
1,33,1,0,56.7
3,37,1,5,100.0
1,26,1,3,69.45
3,31,3,4,100.0
1,17,1,2,41.35
2,6,2,5,57.84
3,40,3,2,100.0
3,35,2,1,88.33
2,24,2,5,80.32
2,34,3,4,83.78
1,20,2,1,35.29
2,28,2,1,64.26
1,31,3,5,76.09
1,35,1,0,44.39
1,35,2,1,52.68
1,20,1,4,58.59
2,42,1,3,75.26
2,5,2,3,50.61
2,8,1,3,53.37
2,27,1,0,55.75
3,17,2,4,84.53
1,2,1,3,41.0
1,28,2,0,45.42
2,19,3,5,78.14
1,1,1,3,33.6
1,43,2,5,65.6
3,34,3,3,100.0
2,18,3,4,70.62
1,38,2,5,66.57
1,21,2,3,55.83
1,34,1,0,46.99
1,41,1,3,73.98
3,14,3,5,90.5
2,21,2,4,75.02
2,34,1,0,73.7
1,0,2,3,31.31
2,36,1,1,78.2
2,26,1,2,78.57
1,42,3,3,68.47
2,0,1,3,45.1
3,0,2,0,47.24
2,1,3,4,55.55
2,10,1,2,54.88
2,21,3,4,78.18
2,18,1,0,68.23
2,11,1,2,62.26
1,27,1,5,68.08
2,13,2,3,54.93
1,14,1,3,55.36
3,12,1,4,80.33
1,44,2,5,73.74
1,44,1,4,59.33
1,10,1,2,34.62
2,0,3,4,55.46
2,28,1,1,72.92
2,42,2,3,75.58
2,34,2,0,63.74
3,12,1,0,70.82
1,25,1,3,57.59
3,18,1,2,78.56
2,2,1,2,42.21
2,19,1,0,55.74
2,0,1,2,49.18
3,8,1,5,93.26
2,39,1,2,70.26
2,34,1,3,85.46
1,3,1,0,17.66
1,23,3,4,61.62
2,14,2,0,46.5
3,36,1,3,100.0
1,7,3,0,29.93
2,20,3,1,60.74
3,18,1,3,77.5
3,5,1,0,51.13
2,13,1,5,81.84
2,41,2,5,91.61
2,3,1,1,48.58
2,14,1,3,57.59
3,21,2,2,77.74
1,17,1,5,56.93
2,21,2,0,49.71
3,37,2,0,82.33
1,10,1,4,51.91
2,3,2,3,45.83
1,41,1,2,66.41
2,20,3,2,65.03
3,33,1,4,100.0
2,26,2,3,65.98
3,2,1,1,58.54
1,44,2,5,67.65
3,26,2,5,100.0
2,5,1,0,33.99
2,42,3,4,80.94
2,25,2,3,76.3
1,19,2,3,49.15
2,16,3,2,61.27
3,39,1,1,93.36
1,44,3,3,69.9
2,36,1,4,80.78
2,23,1,3,72.61
2,17,3,0,55.44
1,36,1,1,64.01
2,26,1,4,88.45
2,13,2,0,44.74
2,19,1,4,63.82
2,12,1,1,47.76
1,17,1,0,41.39
2,19,3,2,64.57
3,13,3,0,70.18
2,15,2,4,66.98
2,31,1,1,66.65
2,11,1,5,79.05
3,43,3,4,100.0
1,15,3,4,48.67
2,17,2,1,47.89
2,1,3,1,39.94
1,19,1,2,54.36
2,3,1,1,51.07
2,3,2,4,48.35
2,25,1,0,61.7
1,18,3,3,52.34
2,18,1,3,67.43
1,41,1,1,49.75
2,39,2,5,86.68
2,2,1,5,57.5
3,35,2,0,81.19
2,33,2,2,69.9
2,21,1,0,51.06
3,12,1,0,65.36
3,26,1,1,80.6
2,3,1,0,46.5
1,26,1,0,56.72
2,15,1,1,60.42
2,16,2,5,74.03
2,13,2,3,57.08
1,16,2,0,29.75
1,24,2,4,56.17
2,19,2,0,47.84
2,6,1,3,59.85
3,38,1,3,100.0
3,28,1,0,79.89
3,1,3,5,80.69
2,5,3,1,39.56
3,2,3,0,54.69
1,28,1,4,73.91
3,22,3,5,100.0
3,9,1,4,85.07
2,32,2,4,81.58
2,8,3,0,43.78
3,14,1,4,88.57
2,34,1,5,92.23
2,13,2,3,59.24
2,9,2,4,55.78
1,25,3,0,41.97
1,13,1,1,34.27
1,11,1,3,41.78
3,20,2,5,87.99
2,37,3,2,76.93
1,36,1,3,63.19
2,18,2,0,48.93
2,14,3,5,72.97
1,7,1,4,46.36
2,5,1,0,33.43
3,1,2,1,53.19
1,35,2,1,55.37
3,10,2,4,77.04
2,41,1,4,76.91
2,11,3,0,47.73
2,27,1,5,82.11
3,10,1,1,67.38
2,16,1,3,69.1
1,16,1,4,61.3
2,39,3,3,82.61
2,1,3,5,60.19
2,17,3,3,65.07
2,1,2,0,28.38
2,37,3,1,69.66
3,38,3,1,92.3
1,9,1,4,55.15
3,1,1,0,49.3
2,27,1,5,82.32
2,26,1,5,96.21
3,10,3,0,68.08
3,28,2,3,94.7
3,24,1,3,89.07
3,3,2,5,68.46
2,20,1,4,79.57
1,21,3,2,55.55
1,14,1,4,60.37
3,41,1,3,94.07
2,37,3,3,79.32
1,15,3,1,41.05
2,40,3,4,87.1
2,14,1,0,52.88
1,1,1,5,39.55
1,17,1,3,58.93
2,10,3,3,59.26
2,44,2,2,77.08
3,23,3,2,88.49
1,43,1,4,63.25
3,22,3,0,80.42
3,28,2,3,96.88
2,14,3,5,72.75
3,24,1,3,89.95
1,37,2,3,65.99
1,15,1,4,58.14
2,13,1,3,69.41
2,2,1,3,59.58
1,12,1,1,40.53
2,26,1,1,69.44
2,19,3,4,75.88
2,7,3,3,52.69
2,22,3,3,72.02
2,44,2,1,70.39
2,15,2,1,54.34
3,24,2,5,98.89
1,23,1,0,35.39
2,30,3,4,83.15
1,6,2,5,48.11
3,33,1,3,100.0
2,12,1,1,59.92
3,15,1,0,75.55
2,42,1,4,88.31
2,4,2,3,46.93
1,3,3,0,25.71
2,15,3,4,68.58
3,14,3,1,72.22
3,15,3,2,79.32
2,13,1,1,50.64
3,30,2,0,89.26
2,28,2,2,69.38
2,5,1,4,50.38
1,28,3,2,62.8
2,6,1,1,40.4
2,18,1,3,68.62
1,12,1,0,38.67
2,43,2,1,66.18
3,2,1,3,72.01
1,9,1,3,34.6
2,11,1,4,67.9
1,33,1,1,63.98
2,26,3,5,88.67
3,19,1,2,89.34
1,9,1,5,48.43
1,34,1,0,56.37
3,37,1,0,90.17
2,30,3,3,81.19
3,36,2,1,87.5
2,20,1,5,80.17
1,8,2,0,23.66
1,44,2,4,65.64
1,29,1,4,63.22
2,43,3,5,94.72
1,34,1,4,76.53
3,36,1,2,100.0
1,20,3,5,57.8
2,0,1,0,38.78
1,16,1,5,68.32
2,27,2,4,76.97
1,15,3,4,55.92
3,6,3,3,77.1
3,19,2,5,93.15
1,33,2,4,65.8
1,37,1,2,56.93
1,4,1,3,34.97
1,19,1,1,44.31
2,23,1,4,88.88
3,31,2,0,82.53
2,8,3,0,44.11
3,4,1,3,66.06
3,41,1,4,100.0
2,43,1,0,72.76
2,0,3,0,31.95
1,8,1,4,51.23
2,6,1,4,69.08
2,11,2,2,53.0
2,27,1,3,77.92
3,31,1,1,87.41
3,37,3,0,93.26
2,10,3,0,39.78
2,36,1,5,87.2
1,27,3,1,56.32
2,16,1,5,75.14
2,33,3,4,85.56
2,22,1,0,55.77
2,8,1,1,53.42
3,15,2,0,65.09
3,11,1,5,83.59
2,37,2,3,76.18
2,31,1,1,66.88
1,36,3,3,61.45
2,17,3,2,60.97
1,38,1,3,59.91
2,7,3,4,56.14
2,37,2,5,83.49
1,28,1,2,53.42
2,3,3,5,63.84
1,17,1,4,44.54
2,34,2,1,66.44
1,11,1,2,46.01
3,43,3,2,94.08
1,40,2,4,62.37
2,4,2,1,30.65
1,10,2,0,27.18
2,23,3,0,62.89
3,37,3,2,97.53
2,20,3,4,77.22
1,19,3,3,57.83
1,33,1,1,54.18
2,38,1,0,66.26
2,8,3,4,61.08
3,43,2,0,83.74
2,23,1,4,72.31
2,29,3,3,78.39
3,3,3,5,77.95
1,21,2,5,60.06
2,4,3,4,58.41
1,27,3,4,66.15
3,1,2,0,49.81
2,14,3,5,76.52
2,30,2,2,74.91
2,28,3,2,77.51
2,33,3,3,74.61
3,0,1,2,60.38
2,11,3,4,61.73
1,27,1,0,42.22
2,29,1,5,90.74
2,35,1,5,83.73
1,22,2,3,52.9
3,5,2,0,53.79
2,17,1,0,58.04
1,33,3,4,76.11
2,26,1,3,73.88
3,8,2,0,59.5
2,5,1,0,42.15
1,22,1,3,51.13
2,25,1,3,74.19
1,13,2,3,46.24
2,7,2,3,50.75
1,28,1,0,55.47
2,28,1,2,70.37
1,9,2,1,28.05
3,11,2,5,85.06
1,28,3,5,69.92
2,12,1,5,71.71
3,32,1,3,96.24
2,21,2,3,67.45
1,40,1,1,47.14
3,19,3,4,89.37
1,41,1,1,53.52
3,29,1,4,96.42
2,11,3,2,55.97
1,8,2,0,24.3
2,19,1,0,63.51
2,38,2,1,69.27
3,43,3,0,86.11
2,0,1,3,38.45
2,0,1,2,42.37
3,29,3,3,96.0
1,23,1,3,62.51
1,25,1,1,51.21
3,4,1,4,72.31
2,29,3,3,79.25
1,37,1,3,65.8
2,3,1,5,67.74
2,28,1,4,88.68
2,3,1,3,61.8
2,7,1,4,55.26
2,19,2,3,63.01
2,31,2,5,80.46
2,27,1,2,71.26
2,1,1,3,53.65
1,20,1,5,62.78
1,26,3,4,66.42
2,23,2,0,51.31
2,15,1,3,68.03
2,4,3,0,35.1
1,30,3,2,62.59
1,41,1,0,48.1
2,11,1,0,33.35
1,28,1,4,71.96
1,41,1,4,68.55
2,21,1,0,65.5
3,25,1,2,85.33
2,27,1,4,76.7
2,0,1,3,55.07
2,24,3,5,83.28
3,20,3,5,100.0
2,44,1,5,96.91
2,24,1,2,75.91
1,36,3,2,64.71
3,12,3,0,72.57
2,42,1,1,78.84
2,1,1,4,50.87
2,20,2,2,56.65
1,9,1,1,34.08
2,23,2,2,63.52
1,30,2,0,44.5
1,28,2,5,64.79
2,20,1,3,66.37
2,23,3,3,70.93
2,10,1,1,44.65
3,23,2,5,92.42
2,12,1,0,43.91
3,41,2,2,95.1
3,30,2,4,100.0
2,38,1,2,80.21
2,33,1,0,65.95
3,21,2,0,75.0
2,11,1,5,70.38
2,35,1,2,70.94
3,25,1,1,94.0
1,25,1,4,61.39
3,37,2,2,94.33
3,44,1,2,90.11
2,8,3,0,42.82
2,13,1,1,49.08
3,35,2,4,96.63
3,7,1,4,71.58
1,13,1,0,33.64
2,5,1,5,51.17
2,18,1,4,75.99
1,36,2,3,55.36
2,43,3,0,64.63
2,36,3,4,88.54
2,43,3,2,72.13
1,31,3,1,60.94
2,43,1,4,86.38
1,13,3,5,51.94
3,16,3,1,72.75
1,29,2,0,47.84
2,3,1,1,39.47
1,7,2,4,39.86
2,14,2,4,62.09
1,9,1,3,39.11
3,27,1,2,98.84
1,41,2,5,71.57
2,32,1,3,80.06
3,39,1,0,82.09
2,34,1,2,83.8
2,42,1,5,95.48
3,12,1,1,67.79
2,8,1,0,40.13
3,1,3,5,79.7
2,1,2,4,48.45
3,13,1,1,68.3
3,44,3,4,100.0
1,18,3,3,52.78
1,42,1,3,72.49
3,5,2,1,57.49
2,12,2,2,51.7
1,36,1,4,82.67
1,33,1,5,82.36
2,15,3,4,72.45
3,37,1,3,97.28
2,28,3,5,91.68
3,25,1,1,92.3
2,28,1,0,70.75
2,29,2,5,83.24
2,0,2,0,29.48
2,31,3,5,93.43
3,10,1,1,69.44
1,19,3,3,58.42
2,35,2,5,90.43
1,15,1,4,50.83
1,41,1,4,72.52
2,15,1,1,59.93
1,30,1,4,77.21
1,9,1,5,43.65
3,14,1,3,85.64
2,29,1,5,90.16
1,12,3,1,36.82
3,40,1,1,85.96
2,33,1,0,63.36
2,38,3,2,75.59
1,32,1,1,60.26
2,10,2,2,54.45
2,1,2,1,33.62
2,22,3,1,64.05
2,2,2,2,45.09
3,28,2,4,93.5
2,31,3,0,64.65
2,5,3,5,64.12
2,16,2,2,62.51
2,9,1,0,41.95
2,36,1,1,73.92
3,39,1,3,100.0
2,41,2,3,75.62
2,26,2,5,81.28
2,19,2,1,57.61
2,8,2,2,49.07
3,9,3,4,86.87
2,38,3,3,76.78
1,30,2,0,52.2
1,2,1,3,32.68
3,23,1,3,100.0
1,13,1,3,54.72
2,28,2,2,73.3
2,42,3,4,86.68
3,9,2,0,62.02
3,26,1,2,97.29
3,42,3,2,93.59
2,7,3,4,64.85
1,3,1,1,21.04
1,17,2,1,35.21
3,11,1,5,96.32
1,25,3,0,48.07
1,23,1,2,55.54
2,10,3,0,48.03
2,19,2,2,59.16
1,27,3,0,49.11
1,9,3,5,51.24
1,8,1,5,47.37
3,31,2,0,92.0
3,27,1,3,99.08
2,5,1,1,41.0
3,22,3,4,98.2
3,7,1,3,70.56
1,42,3,1,58.13
3,10,2,5,81.17
2,29,1,3,75.87
2,27,3,2,73.78
1,12,1,2,33.37
1,36,1,1,52.67
2,14,1,4,61.16
1,14,2,0,26.71
2,41,2,5,83.44
2,42,1,4,77.66
3,4,1,2,69.86
3,9,1,3,70.4
2,33,1,2,88.02
2,42,3,3,77.51
2,7,1,2,53.94
2,33,2,2,70.14
3,7,3,2,78.45
2,29,1,1,69.3
2,44,1,0,57.9
1,3,3,1,22.87
2,39,3,4,82.43
2,41,1,2,78.1
3,41,3,0,84.43
2,39,3,2,79.36
3,35,3,2,91.53
1,21,1,4,64.74
2,4,3,3,53.06
1,1,1,5,52.22
3,44,3,4,100.0
2,44,1,2,80.9
2,10,2,3,57.39
1,21,1,5,59.64
1,7,1,3,45.27
1,14,3,1,36.62
1,18,3,2,52.24
3,9,3,5,81.76
1,0,1,4,36.71
3,34,2,3,98.87
2,16,1,2,57.88
1,8,3,0,34.41
2,21,3,1,61.5
3,27,1,3,92.4
2,20,3,2,65.01
2,39,1,2,79.89
1,15,1,4,58.73
2,37,2,5,82.16
2,5,3,1,42.95
3,32,1,2,95.0
1,28,1,2,72.52
2,20,1,0,51.81
2,42,3,5,91.66
2,3,2,4,51.87
2,4,2,1,35.92
2,10,3,1,46.38
2,32,1,1,76.42
3,26,1,5,100.0
2,19,3,3,71.23
2,41,1,4,89.82
2,29,1,1,75.34
1,7,3,4,44.04
3,16,1,1,82.65
2,11,1,5,74.09
3,0,3,3,69.35
2,28,3,4,83.17
2,1,2,0,34.64
2,4,2,0,35.0
1,23,2,2,47.58
1,12,1,3,42.06
3,2,1,5,73.24
1,25,1,1,56.23
2,18,2,2,56.79
2,36,1,4,93.39
2,17,1,1,69.82
1,28,1,5,74.7
2,12,2,2,48.74
2,1,3,5,59.13
3,35,3,5,100.0
1,3,1,3,42.57
2,1,2,4,47.62
2,38,2,3,73.49
2,28,2,3,73.29
3,17,2,3,85.09
3,30,1,0,95.74
1,30,1,1,51.51
3,26,3,3,96.23
1,41,2,2,57.35
2,34,1,1,75.1
2,5,1,1,51.7
3,18,1,2,83.56
1,16,1,3,45.2
3,25,3,3,97.12
1,36,2,2,54.02
3,24,1,5,100.0
3,18,1,4,96.19
2,8,3,4,64.54
3,42,2,4,100.0
3,4,1,4,72.02
2,8,1,5,64.09
1,3,3,2,27.92
2,4,1,2,51.56
2,21,1,3,76.71
1,41,2,0,42.17
3,5,2,2,64.7
2,10,1,2,59.32
1,33,1,5,70.64
1,16,1,2,41.84
2,7,3,0,42.16
1,25,1,1,44.68
2,28,3,1,63.52
1,12,3,5,58.15
3,14,2,1,66.98
2,43,3,4,89.78
3,14,1,2,76.65
2,1,1,2,46.41
2,25,1,0,66.95
3,8,1,3,79.44
1,17,2,1,34.19
3,13,3,0,73.25
2,17,1,4,76.86
1,12,2,5,53.25
1,16,1,2,54.49
3,17,1,5,100.0
1,12,2,2,39.59
1,32,1,2,66.52
2,0,2,2,40.33
1,1,1,5,50.11
3,32,1,2,98.35
2,26,2,5,74.22
2,44,1,0,57.46
2,16,2,2,57.6
1,7,1,2,44.53
3,16,1,5,87.55
1,44,1,0,47.65
3,0,1,3,60.92
3,42,1,0,85.68
1,7,2,5,46.07
2,0,1,0,27.61
3,6,2,3,70.84
1,11,2,2,39.65
1,35,2,3,60.94
1,11,1,2,37.32
2,10,1,5,75.17
1,11,3,4,45.68
2,40,1,1,66.3
3,39,2,1,84.79
2,0,3,2,47.16
2,43,1,5,87.31
2,7,2,3,50.73
1,28,1,3,70.63
2,6,3,3,48.1
2,14,1,2,55.02
1,30,1,0,61.34
2,26,3,3,76.84
2,15,3,3,66.24
2,7,2,4,53.33
3,19,3,5,95.84
1,24,3,3,62.69
3,37,1,5,100.0
3,41,1,2,88.75
3,0,2,2,57.07
2,25,3,4,84.28
1,15,1,3,61.2
1,41,2,4,65.47
3,24,2,2,86.7
1,44,2,3,67.91
1,29,3,4,74.93
3,30,3,0,91.86
3,0,3,2,66.18
2,21,2,2,58.92
2,15,2,1,54.07
2,25,1,1,67.91
3,32,1,3,98.55
3,3,1,1,66.16
3,10,2,2,69.75
2,14,1,2,66.52
1,44,3,1,58.1
3,9,3,1,69.49
3,18,1,1,73.41
2,12,1,3,58.09
2,26,1,5,83.3
2,22,2,1,52.24
2,32,2,2,72.2
2,35,1,4,79.14
2,11,3,3,58.22
2,11,2,0,36.17
3,32,1,3,100.0
3,2,1,1,63.56
2,35,2,1,71.07
3,31,2,2,92.41
2,4,1,1,48.71
2,20,1,4,77.02
3,21,2,5,93.04
2,36,3,5,90.92
2,33,2,3,76.17
1,31,2,2,54.17
2,33,1,4,82.78
2,31,3,1,71.53
1,40,2,3,59.32
1,14,2,5,50.8
2,17,1,0,50.49
2,35,2,2,68.8
1,11,2,3,37.78
2,23,1,4,71.66
3,17,2,0,61.87
3,36,2,4,97.55
3,20,3,5,96.41
2,5,1,1,41.25
1,16,3,4,59.91
3,13,1,3,88.55
2,29,3,2,76.49
2,2,2,2,45.25
3,5,1,5,72.73
2,20,1,4,81.92
1,7,1,4,52.92
2,40,2,2,75.85
1,37,1,0,56.42
3,39,1,1,95.0
2,7,1,0,45.77
3,43,2,2,96.63
3,11,3,5,88.77
2,25,1,1,71.17
3,36,2,0,85.95
2,38,1,5,88.01
2,43,3,5,91.18
2,23,1,1,66.03
3,0,1,4,72.54
3,30,1,4,100.0
2,3,3,3,48.84
2,19,1,3,63.23
3,15,1,3,85.93
1,34,1,4,79.66
2,11,1,3,57.94
2,42,1,5,82.51
2,40,1,4,88.83
3,2,1,2,59.34
1,26,3,5,72.21
2,12,3,1,48.49
1,37,1,5,65.9
2,16,1,5,76.11
2,43,1,2,79.35
2,6,2,4,50.42
3,5,2,0,53.73
2,37,3,1,68.93
2,35,3,0,70.74
2,34,2,1,67.75
1,30,2,4,65.85
1,26,1,2,64.55
1,17,3,1,42.58
2,12,2,4,65.89
1,17,2,2,46.74
2,17,1,2,59.16
3,17,2,2,82.32
1,14,1,0,40.28
2,24,2,0,58.96
3,29,1,1,95.62
3,14,1,3,81.81
2,5,2,1,42.58
2,39,1,4,92.6
3,30,2,5,100.0
2,32,1,1,71.14
2,37,3,3,85.19
3,17,1,0,82.13
3,44,1,3,100.0
2,1,3,1,40.97
1,38,1,3,64.22
1,25,2,1,50.25
3,42,1,0,93.39
2,37,3,3,81.43
2,11,2,3,50.7
2,14,1,1,52.04
2,9,1,2,55.73
2,31,2,2,68.03
2,37,1,5,89.81
3,18,2,3,90.26
1,29,1,2,71.65
2,2,2,1,38.11
2,41,1,4,81.92
1,0,2,4,27.15
3,6,1,4,88.34
3,21,1,1,77.43
2,11,1,4,67.57
1,7,3,4,44.42
2,30,1,0,70.73
2,21,3,0,58.83
3,27,2,5,100.0
3,19,1,1,86.9
2,3,3,3,50.41
2,14,2,3,62.15
1,33,1,4,63.14
1,4,3,4,42.72
3,3,3,0,58.22
2,41,3,4,84.17
2,44,3,3,79.2
1,28,3,0,49.27
3,24,2,3,87.69
1,42,3,5,75.16
3,16,2,1,75.7
2,22,1,5,87.58
1,35,3,0,47.8
1,18,1,3,49.72
3,17,1,5,99.64
3,12,2,5,82.32
1,31,1,4,66.15
2,22,2,0,53.52
1,3,2,5,37.69
2,2,1,5,64.42
2,20,3,5,81.87
2,34,2,0,60.84
3,1,1,3,75.96
2,10,3,5,65.25
3,28,3,1,89.09
2,26,1,4,79.29
2,15,1,4,68.85
1,26,1,2,62.73
2,19,3,5,77.36
2,31,3,2,78.11
3,41,2,4,100.0
2,42,3,0,65.36
2,10,1,3,55.82
2,1,2,2,42.85
1,34,2,1,52.71
2,42,3,4,87.96
1,33,1,0,48.28
1,33,2,3,61.13
1,26,3,1,58.02
2,25,3,4,79.23
2,43,1,2,76.36
3,32,3,2,100.0
1,1,2,1,22.34
2,1,1,4,57.78
3,24,3,2,89.71
3,3,1,0,51.82
2,22,1,5,84.85
2,34,1,0,73.63
2,36,2,3,80.05
2,30,2,3,78.56
2,27,2,0,59.02
2,8,1,1,44.34
2,39,1,5,78.5
3,11,2,1,62.73
2,42,1,5,90.89
2,1,1,2,42.92
2,39,2,1,65.75
2,15,1,1,64.55
1,15,1,4,53.53
2,16,1,5,76.01
1,41,1,2,63.07
2,20,1,2,65.28
2,6,1,1,42.75
2,10,1,5,72.88
1,23,1,1,42.94
2,43,2,3,76.26
1,30,3,4,79.51
2,42,1,5,90.77
1,31,1,4,78.9
1,44,1,5,70.21
2,43,3,0,66.41
2,12,1,0,45.54
2,13,1,0,45.38
1,6,2,5,45.41
3,12,1,3,82.82
1,20,1,2,55.6
2,23,3,4,80.48
3,35,2,5,100.0
2,16,1,2,64.52
3,33,2,5,100.0
2,4,1,4,49.12
1,27,2,1,56.87
2,24,2,0,52.37
2,30,3,3,77.93
2,27,2,4,74.88
2,34,2,5,81.37
1,43,3,1,58.7
2,30,1,5,87.68
2,24,1,1,73.92
1,10,1,3,48.43
2,9,2,1,48.44
2,32,1,3,84.89
1,31,1,4,70.94
1,9,2,3,32.91
2,29,3,1,72.92
3,18,3,0,69.47
2,33,1,4,90.28
2,7,1,1,41.24
3,14,1,4,87.98
2,6,2,4,53.05
2,7,2,3,54.86
2,25,1,2,69.43
2,14,1,4,62.82
2,21,2,0,57.86
2,13,1,1,60.54
2,14,1,5,77.63
2,23,3,1,59.13
2,12,1,3,57.67
1,36,1,2,70.46
1,44,1,2,60.5
1,1,3,4,38.01
2,2,1,4,46.92
2,13,1,3,57.92
2,34,1,1,67.76
2,21,2,1,62.4
1,43,1,1,59.51
3,41,2,5,100.0
2,28,2,0,58.8
1,22,1,4,70.44
3,17,1,0,77.26
2,2,1,1,42.99
3,25,1,3,100.0
2,15,1,4,69.13
1,7,2,4,40.88
3,11,2,3,73.95
2,8,1,0,47.84
2,42,1,4,79.46
1,15,1,5,67.91
2,2,2,3,44.65
2,35,2,4,83.44
2,40,1,0,69.36
2,33,1,2,83.0
1,23,1,5,71.15
3,4,3,5,76.88
3,15,3,3,87.12
1,36,1,3,69.11
2,14,3,2,59.48
1,5,2,2,29.91
3,15,1,0,74.0
3,43,2,5,100.0
1,38,3,2,58.42
2,7,3,5,65.25
1,11,1,0,27.75
2,16,1,0,58.78
2,1,2,1,38.23
2,9,1,5,60.52
3,44,3,1,90.23
2,44,1,2,82.67
2,0,1,4,47.48
3,19,3,3,89.38
1,23,1,4,70.56
2,0,1,1,36.24
2,21,3,4,77.64
2,12,3,5,69.7
2,4,2,2,45.72
3,21,1,3,94.87
3,22,1,4,100.0
3,19,1,0,82.73
2,36,3,0,68.86
1,25,1,3,66.24
1,36,2,5,66.96
2,21,3,1,61.21
2,26,1,4,77.15
1,26,1,2,52.28
2,18,1,5,72.42
2,19,1,0,67.04
2,9,3,2,52.69
3,25,1,4,97.74
3,28,3,4,100.0
3,7,1,1,69.98
2,1,2,0,33.23
2,44,1,4,78.41
1,35,3,1,60.05
2,18,3,0,52.29
2,3,1,5,54.35
2,0,2,0,33.29
2,10,2,3,53.29
2,31,2,2,67.87
1,17,3,3,58.56
2,15,1,2,61.49
2,31,3,4,80.21
1,16,1,2,48.88
3,19,1,3,94.04
1,41,2,2,56.14
2,40,3,2,79.57
1,44,2,5,71.97
2,31,3,4,84.13
3,0,3,2,66.04
2,9,2,0,38.3
2,28,1,0,74.4
2,19,2,3,62.44
3,29,3,1,95.55
1,21,2,1,39.76
2,10,1,5,60.47
1,43,2,5,69.48
2,25,1,2,71.97
2,28,2,0,60.7
2,39,3,1,72.71
2,40,1,0,63.12
2,32,3,3,82.77
3,39,1,2,91.86
1,8,1,5,48.23
2,9,2,2,48.92
2,1,2,4,50.52
1,41,1,5,83.84
2,17,1,3,77.2
3,0,1,3,62.34
1,23,3,2,59.13
2,14,2,3,53.66
3,15,1,0,74.36
3,27,3,2,93.19
3,4,2,4,70.48
2,20,2,1,54.09
2,14,1,1,58.34
2,1,2,1,38.21
3,21,3,1,85.33
2,42,1,2,74.66
1,43,1,1,63.6
3,16,1,2,85.98
1,38,2,5,66.31
3,5,3,0,58.03
3,33,3,4,100.0
2,20,2,2,60.15
1,27,1,3,57.24
3,38,1,2,91.2
1,38,1,5,68.49
1,2,1,2,22.36
1,31,1,3,69.51
2,33,3,4,87.41
2,38,1,5,92.43
1,31,2,1,50.49
2,27,1,2,64.95
3,39,1,1,84.69
2,43,1,4,79.24
2,29,1,3,80.49
1,30,2,5,71.67
1,25,1,4,67.95
2,13,3,4,62.26
3,19,3,2,81.23
1,4,1,2,31.27
2,44,3,2,73.44
2,16,1,5,61.34
2,14,1,3,66.91
2,40,1,0,63.23
2,9,1,5,72.57
1,5,1,5,50.65
3,15,1,5,95.8
2,9,1,3,62.56
3,5,1,2,63.59
2,14,1,5,76.75
3,36,1,5,100.0
2,20,2,0,55.43
3,2,3,5,80.97
2,29,2,4,79.5
1,27,1,0,51.88
3,34,1,0,91.48
2,27,1,1,60.7
2,9,3,2,48.94
2,33,1,4,92.78
2,23,1,1,58.87
2,5,1,5,67.99
2,36,1,3,68.62
2,31,2,5,86.54
2,41,3,5,89.35
1,0,2,4,33.11
2,9,2,5,58.05
1,42,1,0,56.42
2,0,1,1,32.52
2,1,3,4,56.27
2,4,1,1,53.2
1,31,1,1,52.18
2,23,2,2,66.86
3,4,2,0,52.12
3,44,2,0,78.08
2,11,1,4,72.3
2,16,1,2,56.96
2,3,2,4,54.08
2,44,1,2,73.61
2,17,3,4,66.87
1,3,1,1,35.52
3,19,1,1,75.7
1,29,1,3,60.67
1,26,3,5,67.72
3,31,1,0,76.01
1,11,3,5,57.75
2,24,3,3,71.77
2,35,1,5,87.86
2,17,2,0,51.72
2,32,1,4,86.39
2,22,1,0,54.18
2,22,2,3,69.56
2,35,1,0,59.72
2,23,2,2,65.19
2,29,3,0,70.07
3,25,1,4,96.66
2,24,3,4,77.08
2,33,1,1,68.23
3,19,1,4,100.0
1,11,1,3,39.71
3,19,2,0,71.18
1,39,2,3,61.11
2,1,3,4,51.89
2,31,3,1,70.64
1,1,3,5,36.91
2,13,3,1,55.68
2,38,1,0,75.62
1,38,1,3,60.74
2,10,2,3,55.08
3,23,1,0,89.38
3,29,1,2,100.0
2,2,3,1,40.71
3,43,2,1,83.71
1,22,1,1,48.77
2,16,2,5,75.35
1,34,2,1,58.87
2,34,2,0,61.43
1,17,1,0,42.55
3,10,1,4,81.22
3,21,3,2,82.24
1,19,1,5,58.01
2,35,3,1,77.15
2,6,3,0,35.8
2,24,1,4,70.52
3,12,1,0,65.77
2,4,2,0,31.24
2,28,1,1,67.25
2,20,1,5,83.05
1,39,3,3,65.02
3,41,3,3,100.0
3,9,1,0,59.36
2,33,1,2,83.41
2,16,2,0,44.97
2,44,1,5,84.26
3,8,1,0,74.2
1,38,1,5,72.87
2,4,3,5,63.13
3,10,3,1,69.46
2,21,1,4,75.57
1,32,3,2,60.16
2,23,3,2,69.88
2,29,1,3,75.03
3,41,1,2,100.0
1,14,2,2,38.21
3,24,2,1,78.93
3,19,3,2,82.21
1,18,3,1,43.5
3,31,1,5,100.0
2,10,2,5,64.62
1,38,3,3,62.97
2,0,1,0,37.91
1,30,2,2,57.16
2,29,1,0,69.41
2,18,1,4,75.28
2,43,2,0,64.73
1,22,3,3,54.66
3,9,1,3,79.41
1,16,2,4,56.2
2,6,1,4,52.74
2,4,2,0,31.14
1,20,2,2,52.03
2,26,2,2,62.54
3,20,2,5,92.1
3,37,2,0,84.74
3,7,2,2,65.58
1,12,1,2,37.61
2,27,1,0,54.48
1,29,1,0,57.2
1,16,1,1,52.96
3,4,2,3,67.18
1,0,1,3,37.32
2,43,2,3,73.21
2,40,1,1,75.1
2,25,1,2,67.7
1,27,2,1,50.38
2,29,1,0,71.48
1,13,3,5,57.83
2,10,2,3,53.66
2,39,3,0,69.69
2,29,2,4,78.37
2,35,3,3,77.7
2,31,2,5,85.66
2,42,3,5,87.42
1,14,3,1,40.37
2,43,3,0,70.64
1,1,3,0,23.91
2,13,1,5,67.75
2,0,1,1,35.02
1,9,3,5,52.01
2,19,1,2,75.4
3,27,1,1,91.04
2,14,1,4,72.1
3,24,3,0,82.99
3,42,3,4,100.0
2,26,2,2,64.92
3,38,2,3,92.92
3,28,2,0,81.01
2,37,1,4,77.82
2,4,1,5,58.13
2,41,3,1,69.72
2,5,1,3,46.99
3,37,3,3,100.0
1,28,3,1,55.26
2,9,1,5,64.25
1,37,1,4,62.07
3,24,1,0,89.94
1,38,3,1,59.0
2,41,1,0,70.7
3,17,2,4,88.01
1,30,1,2,58.94
3,9,2,3,71.53
2,18,1,5,86.5
2,9,1,1,41.25
3,39,2,5,98.92
1,25,3,1,53.98
1,31,2,5,73.27
2,42,2,2,71.53
1,41,3,3,68.01
2,38,2,3,80.1
2,28,2,0,59.81
1,34,1,5,80.87
2,8,2,4,55.96
2,21,3,5,86.18
3,10,2,3,68.23
2,39,1,4,94.14
2,32,3,5,89.97
2,6,1,2,46.19
2,17,1,3,72.24
2,21,1,4,75.27
2,39,3,4,90.56
3,11,2,1,61.7
2,22,1,0,67.09
2,2,2,0,31.4
2,43,1,1,80.06
3,11,3,3,79.15
2,26,2,1,64.76
2,32,3,1,69.01
1,21,1,1,46.04
2,30,3,3,79.32
2,16,3,4,68.07
2,20,3,1,60.29
2,4,1,0,37.81
2,25,3,1,67.93
3,28,1,5,100.0
2,20,1,2,65.06
2,39,1,4,89.54
1,41,3,1,54.49
2,7,2,4,53.67
3,24,3,4,97.38
2,11,2,1,45.9
1,17,2,0,29.31
2,9,3,5,70.33
2,9,3,3,60.15
2,2,1,1,47.87
2,15,2,5,71.22
2,7,2,1,43.9
2,27,2,5,84.09
2,3,1,5,50.92
3,28,1,4,100.0
3,43,3,2,97.73
2,10,1,0,39.73
2,19,2,0,46.71
2,19,1,2,60.59
2,22,1,3,80.29
1,11,3,1,35.71
2,11,2,5,66.5
3,34,1,0,88.87
3,8,1,3,87.47
1,42,2,3,55.16
2,33,1,4,86.83
3,5,1,3,67.04
3,41,3,0,88.68
2,21,1,2,66.73
1,22,1,1,39.8
2,12,1,4,59.45
3,40,1,1,100.0
3,9,1,4,74.92
3,11,1,1,67.7
2,2,1,5,61.87
2,40,2,0,69.0
2,5,1,1,48.41
3,22,1,2,83.87
2,26,3,4,81.94
2,27,1,3,80.02
3,3,1,4,70.69
2,23,1,3,68.94
2,1,2,0,31.14
2,39,1,4,83.99
2,37,3,4,84.3
2,5,1,4,67.3
1,38,1,5,72.27
3,6,3,2,68.82
3,20,1,1,87.68
3,5,2,1,60.82
2,42,1,3,74.97
2,4,3,5,62.95
2,41,1,5,86.68
3,14,1,3,89.98
2,39,1,2,72.33
3,22,1,5,100.0
2,21,2,5,78.56
2,44,2,0,68.96
3,1,3,3,66.28
3,39,1,4,99.12
2,3,1,2,44.24
2,15,1,1,68.54
3,2,3,3,68.73
3,34,1,4,100.0
3,12,3,3,85.96
2,16,1,3,58.46
2,41,3,5,96.01
3,11,1,3,79.25
2,40,1,5,95.79
2,31,1,0,66.72
3,0,1,5,78.51
3,15,1,3,91.37
2,32,1,4,90.77
2,22,1,4,70.24
1,41,1,4,77.4
3,19,1,0,72.72
2,20,2,4,72.15
3,30,3,5,100.0
2,15,2,4,65.69
1,10,1,3,50.77
3,19,1,1,85.64
3,3,2,5,77.93
2,39,2,1,63.95
1,29,1,2,67.19
1,18,2,0,34.87
1,19,1,3,62.24
3,43,3,3,100.0
2,18,2,0,46.25
2,23,1,3,66.76
2,30,3,1,73.19
2,38,1,3,78.05
2,6,2,2,49.12
2,14,1,2,70.36
1,35,3,1,53.77
2,13,1,0,49.25
2,38,1,1,76.52
2,6,1,5,58.41
2,9,1,3,53.05
3,40,2,1,83.64
3,14,2,5,81.42
2,7,1,5,71.48
1,32,1,4,61.31
3,5,2,1,67.23
3,0,1,1,71.19
2,29,2,1,70.53
3,5,3,4,84.03
1,35,2,0,46.21
2,41,1,1,74.42
2,41,2,2,66.47
3,18,1,0,77.16
3,44,2,4,99.56
1,1,1,1,29.74
2,21,3,2,70.9
2,20,2,4,72.38
1,11,3,4,55.74
2,5,2,3,52.94
1,4,3,2,34.47
2,29,1,0,76.5
2,18,1,4,78.18
2,0,3,0,36.89
2,26,3,1,73.25
1,4,3,2,31.48
3,12,2,0,64.77
2,10,2,2,52.47
2,21,2,2,63.62
2,23,1,0,55.2
2,16,1,3,69.26
2,25,2,4,71.45
2,15,2,3,58.17
2,7,3,0,41.08
1,16,1,2,53.35
2,42,1,4,79.8
2,4,1,5,67.58
2,9,1,5,61.77
1,33,3,0,49.0
2,15,3,1,55.37
2,17,1,3,72.17
3,28,2,4,100.0
3,8,1,3,81.53
2,44,2,3,76.68
3,22,3,0,80.18
1,32,1,5,74.24
3,39,1,5,100.0
1,39,1,4,65.19
1,4,1,2,28.31
2,19,1,2,67.63
3,19,1,1,87.1
3,29,1,2,95.06
2,14,1,1,56.7
1,3,2,2,25.38
1,38,3,4,72.81
1,41,2,4,68.56
3,16,1,0,62.98
2,38,3,3,81.07
2,22,1,3,70.32
1,28,3,5,72.51
1,10,3,5,53.43
2,37,2,3,74.57
2,12,1,0,55.92
3,19,1,5,89.03
2,37,3,1,69.76
2,11,2,1,47.11
2,38,1,1,80.02
2,22,1,0,62.82
3,16,2,3,83.46
3,31,1,3,100.0
2,31,1,2,73.63
1,10,3,1,33.78
2,31,1,0,71.29
1,11,2,4,47.02
2,30,2,2,66.06
3,13,2,2,73.38
3,1,1,5,86.63
3,44,3,5,100.0
3,31,1,5,100.0
2,34,3,5,91.4
2,11,1,4,70.82
3,4,1,0,66.21
1,14,1,4,48.91
3,1,1,4,84.22
2,30,2,5,85.93
2,39,2,5,86.84
1,44,1,3,63.43
2,14,1,0,42.24
3,27,1,4,95.41
2,12,2,1,45.71
3,22,3,1,86.3
1,10,1,4,57.34
3,30,1,3,91.57
2,23,1,1,66.18
3,32,2,3,94.79
2,6,1,4,56.66
2,21,2,2,64.83
3,20,1,4,84.29
1,25,1,5,71.03
2,43,1,5,83.71
3,44,1,1,99.89
1,41,2,1,54.12
2,36,3,2,73.35
1,10,3,2,34.84
2,12,1,1,52.51
1,41,2,0,47.22
3,34,3,4,100.0
1,38,1,0,58.18
3,6,1,1,64.3
2,14,3,2,65.11
2,1,2,5,54.26
3,21,1,0,82.67
2,40,1,4,80.56
1,2,1,2,31.51
1,12,1,4,42.56
2,15,3,1,62.69
2,13,1,4,59.41
2,39,1,1,75.93
2,43,1,1,68.88
1,10,3,0,34.4
1,11,1,2,36.84
1,22,2,2,44.88
2,3,1,1,42.19
3,17,3,4,88.63
1,3,2,5,38.79
3,40,2,4,100.0
3,38,1,3,100.0
2,38,1,2,75.09
2,18,2,2,59.78
3,25,3,3,97.46
3,23,1,5,100.0
1,20,1,5,65.45
3,12,1,4,92.9
3,38,1,4,100.0
3,28,2,4,98.25
1,23,1,0,41.66
1,2,3,3,32.53
1,6,1,4,47.65
2,36,1,1,71.0
1,41,2,4,73.6
1,34,3,5,76.39
2,32,3,1,71.04
3,19,1,4,96.86
3,6,3,1,66.62
3,37,1,2,99.57
1,7,1,1,26.69
3,19,1,1,71.69
2,18,3,2,67.95
2,2,1,4,62.97
3,40,2,1,82.33
1,44,1,1,53.95
3,36,3,5,100.0
2,34,3,0,67.38
3,19,1,0,81.61
1,34,1,0,49.87
2,3,1,2,38.75
1,35,2,4,64.15
3,24,2,4,100.0
2,23,1,4,73.73
1,3,1,2,36.52
2,26,2,3,73.51
2,10,3,2,53.29
1,16,2,4,53.99
3,44,1,5,100.0
1,38,3,2,62.44
2,28,3,5,88.01
2,33,1,0,76.49
2,16,3,4,75.36
1,15,2,1,34.4
1,17,2,0,36.12
3,33,1,1,95.16
2,31,3,5,89.13
2,14,1,4,62.04
2,41,2,5,89.02
2,43,1,2,83.23
3,35,2,5,100.0
1,38,1,3,68.5
2,16,2,2,56.36
2,42,3,3,82.17
1,3,2,0,21.68
2,9,1,0,44.48
3,10,1,4,94.63
2,39,1,2,72.14
2,2,1,5,62.95
2,33,2,1,69.55
2,37,3,0,74.61
1,27,3,2,58.68
3,31,1,2,100.0
2,20,3,5,80.51
2,31,1,4,86.17
1,11,1,0,37.61
2,44,1,3,86.66
1,37,2,4,65.09
3,31,1,1,95.53
2,20,1,2,55.81
1,19,3,3,58.95
3,3,3,4,74.92
2,35,2,3,72.96
2,20,3,3,71.21
2,42,1,5,85.9
2,25,2,3,65.79
1,13,3,3,46.94
2,15,2,5,68.64
2,14,1,5,68.6
1,34,1,5,79.28
2,11,1,4,73.8
2,32,2,2,72.77
3,13,3,0,72.36
3,29,1,1,84.55
1,40,1,1,59.35
2,12,2,0,42.63
1,12,3,5,60.39
2,3,3,1,46.07
2,36,3,4,80.83
1,12,2,1,29.77
1,13,1,1,42.52
3,31,1,2,95.48
1,36,1,0,58.44
3,14,2,0,70.02
2,14,1,2,63.26
3,1,2,4,68.52
2,26,3,0,61.64
2,38,1,3,88.75
1,19,2,2,44.92
2,4,3,0,39.17
1,25,3,1,51.81
1,35,1,1,54.67
2,2,3,5,60.18
1,11,3,2,34.39
2,29,1,1,63.3
2,0,1,2,51.98
3,36,1,5,100.0
1,38,1,5,67.5
3,22,3,0,81.49
1,13,1,1,45.23
3,34,1,2,92.67
3,7,2,1,66.86
3,28,1,5,100.0
2,14,3,5,74.74
2,31,1,2,77.11
2,11,1,3,55.51
2,10,1,3,53.27
3,19,3,4,94.51
3,2,1,3,61.79
1,15,3,1,42.53
2,18,3,5,71.26
2,38,1,4,92.1
2,34,3,1,72.99
3,1,3,3,76.97
3,13,2,5,92.08
1,15,1,1,49.88
2,27,3,3,77.29
3,24,2,0,76.88
3,27,2,3,94.39
3,44,2,0,83.25
3,3,1,4,68.54
3,31,1,1,88.27
2,33,1,5,94.68
2,31,3,0,68.03
1,38,2,2,54.1
2,39,2,5,86.71
3,38,1,5,100.0
2,12,3,2,52.19
1,11,1,2,40.42
2,16,2,3,58.96
2,12,2,5,64.78
2,0,1,5,58.88
2,4,1,3,51.17
2,39,3,1,83.04
1,8,2,1,30.18
3,33,1,3,100.0
2,31,1,3,84.85
1,32,3,5,75.55
2,42,1,1,68.45
2,6,2,0,36.58
2,43,3,5,94.49
3,16,1,0,70.03
2,16,1,1,52.42
2,10,1,4,69.48
2,16,1,5,80.1
1,11,1,0,37.34
2,31,1,1,70.42
3,31,1,2,93.2
3,13,1,1,84.15
1,13,1,0,30.96
2,44,3,1,72.9
2,44,3,4,87.11
3,20,2,2,82.44
2,29,2,5,83.37
2,4,1,1,46.05
2,44,1,1,75.76
2,21,2,1,57.34
3,44,1,3,100.0
3,24,1,5,100.0
1,31,2,1,50.43
2,38,1,0,68.04
1,9,2,1,30.38
2,42,3,4,88.45
3,24,1,5,100.0
2,39,2,1,61.06
1,34,2,1,52.48
2,7,3,2,46.5
1,24,1,2,60.87
3,22,1,2,99.79
3,12,1,2,84.06
1,0,3,3,33.08
2,11,1,1,55.37
2,20,2,0,50.02
2,16,1,1,58.14
2,31,1,5,94.43
3,26,1,2,98.7
2,22,3,3,70.92
2,35,3,5,96.0
2,11,2,3,55.84
3,2,1,1,60.08
1,1,2,1,24.45
2,11,2,3,52.17
2,10,1,3,55.56
3,44,2,1,87.68
3,29,1,3,94.12
2,21,3,4,84.55
2,2,2,5,56.0
2,12,2,4,63.66
2,33,1,2,73.19
1,40,1,3,73.57
3,27,2,2,93.96
1,21,2,3,54.1
1,30,1,5,80.06
3,25,1,0,88.91
1,14,2,2,35.47
3,26,1,1,81.9
3,10,1,5,82.87
1,28,1,5,70.41
2,41,3,2,79.95
2,1,1,1,43.31
1,32,2,2,50.6
2,31,1,3,77.92
2,2,1,4,48.34
3,26,3,1,88.72
2,9,1,1,53.18
2,7,1,1,52.75
2,37,3,2,77.33
3,31,2,3,94.93
2,21,1,0,58.24
1,44,3,1,54.3
2,44,1,2,87.01
2,22,1,0,66.57
2,38,3,4,87.29
2,30,2,2,66.5
2,11,2,2,53.99
3,24,3,4,99.85
2,15,1,0,45.42
2,26,2,3,72.21
2,39,3,3,78.7
2,5,1,1,42.61
2,25,1,4,87.22
1,21,1,3,51.41
1,40,3,5,73.14
3,44,1,0,80.58
2,22,2,2,67.67
3,20,1,1,84.49
3,18,1,0,64.92
3,41,1,4,100.0
1,24,2,0,43.84
2,25,2,5,79.51
2,16,2,3,60.27
3,25,1,5,100.0
2,40,3,4,88.43
2,2,1,1,45.9
2,12,2,0,43.58
3,3,1,1,70.65
2,14,3,0,50.27
2,16,2,1,43.73
2,3,2,2,39.16
2,21,1,2,71.32
3,39,3,5,100.0
1,37,3,4,73.37
3,27,3,3,100.0
3,30,3,4,100.0
2,28,2,5,85.25
2,8,1,2,62.19
3,24,2,2,85.19
2,28,1,0,61.1
2,32,1,4,75.9
2,1,1,0,29.77
2,4,1,4,53.72
3,15,2,4,83.65
1,27,1,0,54.45
3,39,1,3,94.89
2,37,3,5,93.2
2,27,1,4,79.26
2,21,1,3,78.55
2,18,1,2,70.9
3,3,1,1,68.51
2,18,2,3,66.56
2,25,1,3,71.32
1,22,2,1,45.15
1,4,2,2,30.61
2,43,1,5,85.11
3,8,1,2,66.86
3,32,3,3,100.0
1,12,2,2,37.99
2,29,1,2,74.05
3,16,2,2,74.16
2,25,1,0,59.69
3,30,1,5,100.0
3,27,1,0,73.7
3,33,1,1,99.22
3,22,1,4,88.4
2,41,2,0,68.63
2,3,1,1,38.1
2,5,1,0,46.48
2,3,2,3,43.08
2,40,2,0,59.95
2,40,1,5,98.89
2,39,1,3,78.45
1,25,1,1,51.52
3,10,1,5,93.44
2,11,3,2,57.77
3,37,1,3,94.54
2,3,1,2,46.64
2,43,1,3,88.88
2,35,2,1,63.85
3,1,1,5,80.23
2,30,2,3,79.52
1,33,1,3,70.09
1,14,1,5,61.9
2,17,1,3,72.58
3,6,1,5,86.39
1,33,1,4,69.47
2,16,1,2,52.41
3,44,3,3,100.0
2,1,1,1,49.47
2,3,2,4,53.79
3,10,3,0,69.45
2,1,1,2,38.04
2,27,2,3,75.34
2,21,1,2,71.68
3,44,2,2,97.1
3,38,3,2,97.54
3,16,1,2,73.17
2,29,2,4,79.53
2,4,1,2,53.52
3,21,1,5,100.0
3,10,1,3,77.49
2,43,3,4,91.12
1,43,2,1,54.95
3,29,1,5,100.0
1,8,1,2,33.3
1,0,1,3,32.82
2,23,1,4,74.87
2,23,1,4,87.46
1,21,1,1,52.8
2,21,3,0,59.97
2,3,1,3,52.58
2,8,3,3,54.02
2,11,3,2,55.28
3,5,2,5,76.49
2,17,1,4,73.66
1,27,1,2,59.77
3,8,1,4,92.64
1,38,3,3,71.34
3,41,1,4,100.0
2,41,1,2,80.89
2,35,3,5,90.84
1,41,2,4,62.98
2,27,2,2,71.49
3,26,1,5,100.0
3,41,2,3,100.0
2,43,1,4,92.52
1,34,1,0,55.09
3,4,1,5,87.18
1,29,3,5,75.65
1,36,2,0,46.09
1,16,1,2,57.16
2,10,2,5,64.62
2,43,1,0,71.9
2,6,3,4,58.6
1,20,1,0,38.61
3,9,1,0,66.16
2,3,1,2,34.61
2,17,3,4,72.04
3,37,3,3,100.0
1,37,1,2,54.31
2,37,1,3,87.33
2,27,2,4,76.46
1,9,1,0,32.77
1,34,1,3,69.78
1,29,2,2,60.5
2,37,2,0,61.83
2,31,1,5,86.75
1,33,3,5,73.82
3,33,2,5,100.0
2,1,1,3,42.22
2,27,1,2,77.46
2,0,2,1,35.2
1,24,3,3,64.37
2,33,3,1,69.8
2,21,1,4,81.8
3,32,1,3,97.07
3,7,2,4,75.09
2,1,3,2,40.97
2,4,1,3,50.77
2,0,1,5,52.69
2,0,1,0,40.67
2,4,2,2,41.22
2,4,2,4,54.52
1,5,1,0,29.55
1,29,3,2,60.75
1,26,3,4,67.39
1,8,3,0,27.95
3,16,1,4,89.72
1,34,1,3,62.8
1,18,3,4,60.95
2,38,3,4,86.34
3,21,1,5,92.96
1,16,1,4,47.1
2,2,1,5,58.78
3,16,1,3,90.04
2,19,1,0,53.42
2,41,2,4,76.84
3,25,1,1,77.08
3,29,1,2,86.29
2,17,1,2,59.95
2,31,1,1,68.67
3,41,1,0,94.69
2,30,1,4,92.18
1,9,3,1,30.22
1,2,2,4,31.07
1,4,3,5,46.84
2,35,1,0,62.41
2,23,1,0,65.55
1,24,1,0,39.45
1,15,3,4,53.12
3,36,1,0,79.12
1,7,1,0,18.91
2,44,1,2,82.92
3,3,1,0,62.35
2,1,3,4,52.1
2,40,3,1,72.26
2,22,1,0,49.16
2,28,3,5,89.37
1,26,1,5,65.3
2,21,2,2,62.48
3,12,3,0,74.35
2,1,2,5,60.69
3,16,1,3,92.78
2,43,1,0,72.12
2,36,1,5,85.45
2,7,1,1,42.95
1,44,1,0,48.13
3,43,2,5,100.0
3,24,3,4,100.0
3,3,2,4,70.46
2,1,3,3,49.49
2,43,1,5,79.11
2,6,3,2,50.28
1,5,2,1,29.47
2,31,3,3,82.8
1,20,2,1,40.79
2,42,1,0,66.6
2,38,2,1,66.53
1,19,1,2,45.0
2,38,1,5,90.6
2,37,3,4,84.45
2,35,2,5,85.91
2,1,3,2,44.94
3,8,3,3,79.62
3,12,3,1,71.24
2,40,1,4,78.84
2,19,1,2,58.29
2,14,3,3,69.07
2,43,1,0,62.81
1,22,2,1,43.06
2,40,3,5,87.13
2,24,3,0,60.02
1,13,1,2,35.36
2,36,2,0,59.7
1,7,1,5,56.77
2,33,2,3,77.67
1,24,3,4,63.47
1,43,2,2,55.98
3,5,1,0,70.91
2,20,2,4,70.2
1,37,3,4,72.04
2,1,2,5,52.1
2,35,1,0,63.28
3,40,1,2,95.05
3,2,2,3,68.32
3,44,1,5,100.0
1,23,3,4,58.04
2,36,1,5,94.44
2,30,2,2,68.06
2,22,3,4,72.67
1,25,2,2,52.5
2,12,1,0,47.24
2,28,2,2,66.7
1,42,1,1,57.1
2,20,2,5,73.15
2,18,2,3,63.24
1,21,1,3,53.49
1,37,3,3,65.03
2,44,3,5,92.61
2,2,3,1,38.78
2,17,1,2,66.69
3,2,1,1,64.87
2,34,2,5,86.71
3,1,1,5,87.59
2,17,1,5,73.87
3,31,3,5,100.0
2,5,2,3,50.08
2,18,2,5,78.05
1,1,1,2,32.35
1,42,1,3,72.43
2,6,1,2,59.58
2,28,2,5,89.09
2,19,1,4,78.6
2,16,1,4,77.33
2,8,1,4,66.01
1,12,1,1,38.08
2,15,3,2,61.34
1,23,2,3,52.12
2,23,1,4,72.8
1,36,1,0,55.07
1,43,1,5,85.81
2,3,1,5,67.64
1,5,1,4,43.2
2,36,2,1,72.36
2,28,1,4,74.53
3,42,1,3,100.0
2,17,1,4,67.42
2,29,1,0,58.89
3,9,2,5,85.83
2,22,1,1,71.71
3,40,1,1,92.8
2,32,2,0,63.2
3,34,2,1,88.35
3,24,2,1,77.87
2,20,3,3,73.77
3,37,2,3,96.36
2,24,2,2,72.53
1,35,1,4,73.78
2,29,2,3,77.99
1,32,1,5,84.35
1,14,2,2,35.5
1,13,1,2,38.86
2,22,1,3,67.74
1,3,3,5,47.08
1,5,1,1,26.29
1,44,2,5,69.7
2,5,1,5,58.11
3,36,3,4,100.0
3,25,1,1,92.99
1,24,3,5,69.97
2,5,1,1,37.66
2,6,1,3,49.35
3,42,1,2,96.42
2,26,1,0,70.46
2,17,1,0,45.51
2,31,3,1,76.02
3,3,1,4,84.13
3,8,1,4,87.29
2,7,1,5,59.91
3,33,1,4,100.0
1,35,1,0,57.63
1,34,1,4,67.38
3,38,3,0,91.18
2,25,1,4,83.92
3,32,1,2,89.09
2,27,1,4,88.36
2,16,1,5,69.66
3,39,1,2,100.0
2,6,1,0,45.17
3,25,2,5,99.08
1,13,3,3,45.15
2,4,1,2,46.2
2,8,1,0,38.54
1,37,1,4,64.25
2,42,1,4,88.94
2,35,1,3,88.04
2,0,2,2,37.33
2,20,3,4,77.81
2,41,1,1,78.02
2,24,1,5,78.5
1,34,1,4,65.04
3,10,2,3,74.14
2,8,2,4,54.73
1,17,2,3,44.86
2,34,2,2,73.58
1,16,1,2,50.28
2,11,3,3,64.24
1,32,3,2,61.41
1,20,3,3,58.15
3,21,1,0,72.11
2,13,2,0,41.34
2,7,1,0,41.47
2,36,1,0,58.47
3,28,1,0,86.92
2,2,1,0,34.5
3,37,2,5,100.0
3,29,1,3,100.0
1,14,1,2,55.71
2,16,2,0,53.62
1,12,2,0,32.36
2,6,2,4,50.07
2,20,1,5,80.68
2,38,1,1,81.58
1,5,3,2,27.8
1,37,2,3,59.12
2,13,3,5,73.68
2,19,2,5,71.64
3,0,1,3,67.74
2,16,3,0,50.11
3,8,3,2,79.36
1,10,2,2,33.32
2,34,1,0,67.91
2,14,2,2,60.69
3,14,2,1,66.92
2,0,2,4,48.0
1,29,3,1,52.86
3,34,1,1,95.98
1,1,1,1,21.43
2,17,3,3,68.21
2,44,1,2,77.24
2,37,2,5,86.89
2,24,1,0,62.27
3,28,2,5,100.0
3,43,1,5,100.0
1,44,1,4,68.91
3,29,1,5,100.0
3,24,1,3,92.28
2,38,2,0,61.56
2,38,1,1,73.61
2,5,1,1,42.32
1,3,1,5,42.84
2,18,1,4,66.43
1,7,3,1,29.26
1,17,2,2,38.09
2,11,2,4,57.7
1,37,1,4,76.76
2,23,3,0,61.14
2,28,3,2,74.21
2,10,3,4,65.22
3,12,1,5,87.93
2,29,2,2,71.65
2,4,1,5,58.03
3,29,2,5,100.0
1,41,1,3,57.01
2,28,1,4,79.62
3,23,3,2,84.53
2,44,1,3,87.22
2,11,1,3,61.75
2,38,2,2,74.25
2,13,3,5,73.35
3,36,3,1,91.43
1,22,3,1,49.16
2,36,1,3,84.29
3,34,1,0,82.44
2,30,1,5,99.22
2,30,1,2,77.87
3,44,3,3,100.0
2,12,3,2,59.09
3,25,3,1,86.26
2,27,1,1,62.65
3,40,3,1,90.09
2,0,1,4,58.6
3,10,2,0,62.09
2,36,1,5,81.34
3,24,2,0,77.7
2,32,3,2,77.15
3,25,1,3,91.21
1,32,1,4,63.23
2,2,1,2,39.93
1,28,1,1,63.56
3,39,2,1,81.39
2,12,3,4,69.72
3,11,1,3,82.86
3,32,1,4,98.7
3,44,1,3,100.0
3,5,1,2,63.18
3,31,1,3,100.0
3,39,3,4,100.0
2,2,2,5,51.69
1,5,1,4,38.58
1,34,1,0,49.26
1,19,3,3,52.4
1,9,1,2,41.4
2,18,1,5,80.45
1,2,1,1,31.84
1,30,2,1,46.34
1,9,3,5,45.68
1,40,1,2,53.31
2,8,1,2,49.92
2,29,1,1,66.22
2,34,2,4,73.92
3,39,3,1,93.64
2,13,2,4,63.83
3,2,2,3,69.84
2,35,1,1,76.28
2,25,2,1,68.3
1,29,2,2,52.46
2,20,3,1,58.81
2,0,1,2,42.82
2,6,3,0,40.34
2,3,1,3,56.79
2,20,1,2,56.5
3,29,2,2,90.68
2,20,2,5,71.53
1,26,1,5,68.33
2,4,2,5,58.67
2,41,1,5,98.0
3,33,3,0,90.16
2,25,2,2,64.65
1,17,3,5,59.08
1,35,2,3,60.49
2,18,2,3,62.98
1,16,2,5,57.93
1,5,1,4,49.93
1,30,1,1,60.4
1,42,1,0,51.52
3,16,1,1,77.35
1,0,1,5,33.55
2,1,3,4,52.53
3,36,1,2,98.67
3,26,1,5,96.81
2,22,1,0,59.79
3,33,2,1,85.49
1,42,1,0,55.44
2,33,2,5,87.86
2,34,1,0,72.44
1,18,3,0,40.53
1,6,3,5,49.06
1,12,1,3,42.96
2,3,2,0,33.3
2,9,2,0,39.08
2,14,3,2,59.44
2,33,1,3,78.84
2,13,1,3,63.49
2,17,3,3,69.8
2,1,1,3,43.01
2,2,1,2,46.4
2,3,1,1,32.95
3,1,2,2,58.39
3,31,1,3,100.0
2,36,1,0,73.16
2,21,3,0,59.35
2,42,1,4,93.25
2,20,1,3,73.65
2,37,3,5,90.96
2,28,1,1,65.35
1,20,2,4,55.59
1,16,1,2,40.4
1,34,3,2,64.15
3,20,1,4,99.3
2,16,3,2,63.8
3,22,2,3,82.88
3,39,1,4,97.44
2,22,1,2,76.02
3,8,1,4,87.02
1,38,1,1,53.16
2,31,2,3,75.47
3,8,1,0,60.02
3,26,2,3,90.25
3,13,2,3,78.67
2,1,1,4,46.44
2,40,1,3,89.52
2,32,1,2,81.41
1,41,3,2,57.82
3,10,3,1,73.02
2,21,1,0,51.51
2,18,1,3,64.54
3,36,1,1,91.05
3,37,3,2,98.06
2,29,2,0,59.29
1,13,1,0,31.2
3,40,2,0,81.46
2,7,3,5,65.24
3,12,3,5,88.05
2,18,2,2,56.53
2,18,3,1,62.29
3,21,2,3,87.71
2,21,1,1,68.34
1,43,1,3,62.99
2,24,2,2,63.69
1,21,3,0,41.89
2,37,2,0,60.23
1,11,1,1,26.42
1,18,2,5,47.25
2,39,1,2,84.01
2,18,1,1,59.53
2,12,3,0,48.55
2,10,3,5,64.8
2,43,2,5,81.47
2,29,2,5,87.04
3,27,1,5,100.0
2,20,1,0,64.62
3,36,1,3,100.0
3,26,1,5,100.0
3,27,1,3,98.98
2,41,2,0,63.6
3,12,2,2,70.77
2,5,1,2,43.44
2,34,1,0,63.74
3,18,3,2,80.2
3,16,1,0,70.21
2,14,1,3,71.3
2,32,2,2,67.71
2,4,1,5,64.7
1,16,1,0,37.42
2,2,1,4,61.27
2,36,3,4,87.49
2,15,3,0,52.27
2,1,1,5,56.55
3,16,3,5,96.0
2,43,3,1,74.78
2,13,2,0,42.76
2,7,2,0,33.78
1,43,1,5,71.25
3,42,2,1,90.72
2,27,2,1,64.61
1,43,1,0,57.69
2,12,3,2,57.15
2,34,1,2,71.73
2,23,1,2,67.77
1,26,2,2,54.01
3,26,2,0,79.56
1,39,3,5,77.36
2,15,2,3,51.65
3,15,3,1,70.6
3,32,3,3,99.68
1,25,1,1,45.92
1,16,1,1,38.28
2,5,1,2,46.56
2,11,3,0,50.66
1,27,3,4,73.77
3,13,2,3,75.88
2,0,1,4,60.13
3,38,2,5,100.0
3,11,1,5,91.0
2,36,1,3,89.97
3,38,2,5,100.0
3,8,1,2,65.48
2,25,2,4,80.64
1,40,1,1,50.0
3,29,1,1,99.3
2,3,2,5,57.5
3,3,1,3,79.14
2,5,3,0,40.01
2,23,2,1,64.2
2,8,3,3,59.44
2,40,1,5,88.14
2,18,1,1,64.34
3,6,2,4,71.0
1,31,1,5,74.05
3,9,2,5,76.15
2,33,1,5,93.48
2,28,1,2,78.34
2,4,1,4,62.18
1,7,3,1,28.16
1,21,3,3,57.57
3,7,2,5,78.78
3,44,1,4,100.0
3,27,1,2,88.35
2,7,1,4,67.11
2,33,1,4,78.33
1,32,3,5,78.47
3,33,1,0,83.43
1,33,3,5,73.78
3,29,1,0,78.28
3,7,2,5,79.41
2,7,1,2,49.66
3,27,1,5,100.0
3,0,1,4,64.65
2,11,2,5,64.72
2,2,3,1,39.14
1,42,3,1,62.13
1,16,1,2,42.7
2,3,1,4,51.66
3,14,3,1,73.95
2,13,1,4,74.27
3,32,1,3,93.26
3,22,2,3,83.94
2,23,1,4,77.92
2,14,1,4,61.6
2,31,2,0,62.9
3,25,3,5,100.0
1,36,3,4,71.36
1,35,3,2,59.99
2,8,1,4,57.74
2,11,1,5,74.29
1,36,3,2,63.2
1,23,1,0,58.04
2,17,1,4,78.28
3,18,2,0,69.52
1,24,1,0,39.09
2,5,1,1,37.7
2,39,1,5,80.31
2,6,3,1,44.27
2,33,2,3,72.42
2,35,2,5,86.02
3,25,3,5,100.0
2,0,1,0,37.12
3,17,3,4,89.04
2,12,3,2,60.91
1,41,1,1,53.95
1,1,1,0,17.18
3,43,2,2,90.85
2,2,1,2,54.59
2,31,1,1,61.63
1,30,2,2,53.31
1,43,3,4,68.51
2,28,1,5,90.68
1,5,1,0,32.9
3,24,3,0,81.54
3,1,1,5,77.46
1,36,1,1,53.36
3,4,2,2,61.78
3,16,1,3,83.12
3,32,3,2,95.95
1,19,2,5,55.49
1,17,1,0,37.95
3,9,3,4,82.04
2,12,1,0,50.36
1,33,3,1,61.71
2,28,1,0,57.31
2,37,1,1,70.96
2,11,2,0,40.4
3,9,1,4,84.29
2,44,3,1,75.92
3,18,1,0,67.06
2,22,1,2,74.92
3,31,1,2,91.3
2,41,1,0,67.29
3,29,1,4,100.0
3,18,1,1,80.69
1,38,1,5,71.95
2,30,3,5,93.21
3,1,2,3,68.15
2,2,2,5,53.96
2,18,1,2,68.91
3,22,2,3,87.83
1,35,2,2,51.19
2,5,2,1,43.08
3,31,1,1,99.73
1,10,1,0,26.45
2,30,2,1,69.31
1,32,3,2,60.51
2,37,1,2,78.89
1,11,2,1,31.91
2,22,1,2,62.58
2,23,1,1,56.92
1,9,1,5,59.35
2,36,2,3,78.8
2,8,3,3,53.64
2,30,3,3,81.04
2,22,3,3,72.49
3,11,3,0,64.22
2,38,2,3,77.15
3,17,3,4,97.27
2,10,2,1,45.95
3,35,1,3,98.64
1,31,2,5,69.27
2,11,2,5,61.68
1,38,2,3,63.12
2,39,2,2,71.74
3,22,3,3,98.23
3,17,2,0,72.33
2,21,2,4,72.17
2,6,1,4,64.56
3,14,1,4,86.62
2,4,1,5,67.5
2,16,2,3,63.09
3,33,1,2,100.0
1,38,2,0,56.01
1,9,1,3,39.73
2,15,2,2,55.51
1,0,1,2,19.57
1,3,2,4,37.29
1,37,2,5,68.34
3,28,3,3,100.0
2,4,2,1,39.71
1,11,1,0,40.55
2,20,2,1,54.48
3,17,3,0,74.4
1,33,1,0,50.36
3,0,3,2,68.22
2,43,1,1,66.92
1,7,1,4,51.05
2,25,2,2,67.72
1,37,3,0,54.82
3,19,1,5,91.48
1,41,2,1,55.35
3,21,1,2,85.77
3,12,2,5,89.54
2,30,1,4,79.96
1,3,1,0,18.17
3,34,3,3,98.04
1,17,1,5,70.76
2,28,2,5,84.47
2,15,1,2,55.72
1,13,1,0,27.28
3,7,1,0,60.5
1,33,1,5,80.54
1,37,1,4,65.26
3,12,1,0,69.5
2,17,3,5,75.53
1,21,1,4,62.81
1,7,1,3,37.39
3,25,3,4,100.0
1,32,3,1,59.36
3,1,3,5,76.86
2,14,3,2,54.67
2,18,1,0,57.37
2,3,3,3,52.47
1,3,1,1,21.44
1,19,1,3,52.31
3,6,1,1,62.68
3,27,3,5,100.0
2,26,2,1,66.6
2,4,3,2,48.09
3,0,2,5,67.41
2,1,1,3,44.89
3,23,2,2,85.1
1,26,2,2,47.74
2,38,2,4,78.97
2,1,1,2,41.96
1,31,1,5,79.89
2,27,2,2,71.36
1,42,1,1,52.99
3,12,2,4,81.82
2,10,1,0,45.94
2,28,2,4,79.32
1,44,3,2,62.48
2,6,1,2,56.72
1,9,1,5,56.56
1,24,3,3,62.33
1,26,2,4,59.68
3,20,3,1,77.47
2,44,2,3,77.43
1,38,2,5,70.11
2,16,1,5,67.57
2,26,3,2,72.62
2,42,1,5,98.54
1,10,1,0,31.1
2,38,2,5,88.45
1,14,1,4,52.83
3,17,1,4,81.48
2,6,1,5,65.79
1,8,3,0,29.79
2,11,2,1,48.22
1,3,2,2,30.23
2,19,1,2,58.43
3,29,1,4,100.0
2,42,2,4,79.89
2,24,3,5,86.12
1,36,3,1,54.38
3,27,1,5,100.0
1,29,3,5,73.06
1,44,1,1,58.49
2,15,1,5,72.12
1,29,3,1,55.3
3,30,3,0,81.55
3,31,1,3,100.0
2,31,1,5,93.19
2,39,1,4,91.13
2,0,1,0,42.06
2,37,3,0,64.99
3,42,1,5,100.0
2,23,1,4,72.83
2,28,3,0,65.41
3,4,2,3,73.57
2,30,3,5,92.08
2,34,1,4,83.22
2,24,2,3,72.86
2,12,3,3,62.51
3,38,2,0,81.97
2,3,1,1,47.48
2,23,1,4,80.77
1,11,2,3,38.29
2,38,3,0,66.91
2,19,1,5,85.4
2,34,3,3,86.26
1,5,3,0,22.6
1,23,2,2,50.53
2,39,3,4,81.38
1,13,1,3,41.06
2,12,1,2,45.59
2,21,2,3,65.62
3,5,1,2,74.75
2,17,3,2,63.88
1,5,1,3,34.33
3,11,1,3,75.02
2,7,1,3,49.88
3,2,1,0,64.7
3,37,3,4,100.0
3,16,3,0,70.24
2,23,1,4,85.92
3,28,1,0,92.26
2,15,1,2,62.03
1,35,1,5,81.05
2,25,2,4,77.78
3,24,3,4,100.0
3,6,2,5,84.36
2,40,2,4,76.88
2,37,1,4,84.14
1,10,3,3,44.9
2,38,1,4,82.08
3,43,3,4,100.0
3,37,1,1,87.16
2,27,1,3,81.4
1,41,1,2,65.59
2,41,2,5,80.12
2,28,2,0,66.18
2,8,1,5,72.57
3,32,3,1,91.61
