mast_number,section_id,equivalent_km
OHE_SEC_001_0001,SEC_001,0.02
OHE_SEC_001_0002,SEC_001,0.07
OHE_SEC_001_0003,SEC_001,0.12
OHE_SEC_001_0004,SEC_001,0.171
OHE_SEC_001_0005,SEC_001,0.221
OHE_SEC_001_0006,SEC_001,0.271
OHE_SEC_001_0007,SEC_001,0.321
OHE_SEC_001_0008,SEC_001,0.371
OHE_SEC_001_0009,SEC_001,0.421
OHE_SEC_001_0010,SEC_001,0.472
OHE_SEC_001_0011,SEC_001,0.522
OHE_SEC_001_0012,SEC_001,0.572
OHE_SEC_001_0013,SEC_001,0.622
OHE_SEC_001_0014,SEC_001,0.672
OHE_SEC_001_0015,SEC_001,0.722
OHE_SEC_001_0016,SEC_001,0.773
OHE_SEC_001_0017,SEC_001,0.823
OHE_SEC_001_0018,SEC_001,0.873
OHE_SEC_001_0019,SEC_001,0.923
OHE_SEC_001_0020,SEC_001,0.973
OHE_SEC_001_0021,SEC_001,1.023
OHE_SEC_001_0022,SEC_001,1.074
OHE_SEC_001_0023,SEC_001,1.124
OHE_SEC_001_0024,SEC_001,1.174
OHE_SEC_001_0025,SEC_001,1.224
OHE_SEC_001_0026,SEC_001,1.274
OHE_SEC_001_0027,SEC_001,1.324
OHE_SEC_001_0028,SEC_001,1.375
OHE_SEC_001_0029,SEC_001,1.425
OHE_SEC_001_0030,SEC_001,1.475
OHE_SEC_001_0031,SEC_001,1.525
OHE_SEC_001_0032,SEC_001,1.575
OHE_SEC_001_0033,SEC_001,1.626
OHE_SEC_001_0034,SEC_001,1.676
OHE_SEC_001_0035,SEC_001,1.726
OHE_SEC_001_0036,SEC_001,1.776
OHE_SEC_001_0037,SEC_001,1.826
OHE_SEC_001_0038,SEC_001,1.876
OHE_SEC_001_0039,SEC_001,1.927
OHE_SEC_001_0040,SEC_001,1.977
OHE_SEC_001_0041,SEC_001,2.027
OHE_SEC_001_0042,SEC_001,2.077
OHE_SEC_001_0043,SEC_001,2.127
OHE_SEC_001_0044,SEC_001,2.177
OHE_SEC_001_0045,SEC_001,2.228
OHE_SEC_001_0046,SEC_001,2.278
OHE_SEC_001_0047,SEC_001,2.328
OHE_SEC_001_0048,SEC_001,2.378
OHE_SEC_001_0049,SEC_001,2.428
OHE_SEC_001_0050,SEC_001,2.478
OHE_SEC_001_0051,SEC_001,2.529
OHE_SEC_001_0052,SEC_001,2.579
OHE_SEC_001_0053,SEC_001,2.629
OHE_SEC_001_0054,SEC_001,2.679
OHE_SEC_001_0055,SEC_001,2.729
OHE_SEC_001_0056,SEC_001,2.779
OHE_SEC_001_0057,SEC_001,2.83
OHE_SEC_001_0058,SEC_001,2.88
OHE_SEC_001_0059,SEC_001,2.93
OHE_SEC_001_0060,SEC_001,2.98
OHE_SEC_001_0061,SEC_001,3.03
OHE_SEC_001_0062,SEC_001,3.08
OHE_SEC_001_0063,SEC_001,3.131
OHE_SEC_001_0064,SEC_001,3.181
OHE_SEC_001_0065,SEC_001,3.231
OHE_SEC_001_0066,SEC_001,3.281
OHE_SEC_001_0067,SEC_001,3.331
OHE_SEC_001_0068,SEC_001,3.382
OHE_SEC_001_0069,SEC_001,3.432
OHE_SEC_001_0070,SEC_001,3.482
OHE_SEC_001_0071,SEC_001,3.532
OHE_SEC_001_0072,SEC_001,3.582
OHE_SEC_001_0073,SEC_001,3.632
OHE_SEC_001_0074,SEC_001,3.683
OHE_SEC_001_0075,SEC_001,3.733
OHE_SEC_001_0076,SEC_001,3.783
OHE_SEC_001_0077,SEC_001,3.833
OHE_SEC_001_0078,SEC_001,3.883
OHE_SEC_001_0079,SEC_001,3.933
OHE_SEC_001_0080,SEC_001,3.984
OHE_SEC_001_0081,SEC_001,4.034
OHE_SEC_001_0082,SEC_001,4.084
OHE_SEC_001_0083,SEC_001,4.134
OHE_SEC_001_0084,SEC_001,4.184
OHE_SEC_001_0085,SEC_001,4.234
OHE_SEC_001_0086,SEC_001,4.285
OHE_SEC_001_0087,SEC_001,4.335
OHE_SEC_001_0088,SEC_001,4.385
OHE_SEC_001_0089,SEC_001,4.435
OHE_SEC_001_0090,SEC_001,4.485
OHE_SEC_001_0091,SEC_001,4.535
OHE_SEC_001_0092,SEC_001,4.586
OHE_SEC_001_0093,SEC_001,4.636
OHE_SEC_001_0094,SEC_001,4.686
OHE_SEC_001_0095,SEC_001,4.736
OHE_SEC_001_0096,SEC_001,4.786
OHE_SEC_001_0097,SEC_001,4.836
OHE_SEC_001_0098,SEC_001,4.887
OHE_SEC_001_0099,SEC_001,4.937
OHE_SEC_001_0100,SEC_001,4.987
OHE_SEC_001_0101,SEC_001,5.037
OHE_SEC_001_0102,SEC_001,5.087
OHE_SEC_001_0103,SEC_001,5.138
OHE_SEC_001_0104,SEC_001,5.188
OHE_SEC_001_0105,SEC_001,5.238
OHE_SEC_001_0106,SEC_001,5.288
OHE_SEC_001_0107,SEC_001,5.338
OHE_SEC_001_0108,SEC_001,5.388
OHE_SEC_001_0109,SEC_001,5.439
OHE_SEC_001_0110,SEC_001,5.489
OHE_SEC_001_0111,SEC_001,5.539
OHE_SEC_001_0112,SEC_001,5.589
OHE_SEC_001_0113,SEC_001,5.639
OHE_SEC_001_0114,SEC_001,5.689
OHE_SEC_001_0115,SEC_001,5.74
OHE_SEC_001_0116,SEC_001,5.79
OHE_SEC_001_0117,SEC_001,5.84
OHE_SEC_001_0118,SEC_001,5.89
OHE_SEC_001_0119,SEC_001,5.94
OHE_SEC_001_0120,SEC_001,5.99
OHE_SEC_001_0121,SEC_001,6.041
OHE_SEC_001_0122,SEC_001,6.091
OHE_SEC_001_0123,SEC_001,6.141
OHE_SEC_001_0124,SEC_001,6.191
OHE_SEC_001_0125,SEC_001,6.241
OHE_SEC_001_0126,SEC_001,6.291
OHE_SEC_001_0127,SEC_001,6.342
OHE_SEC_001_0128,SEC_001,6.392
OHE_SEC_001_0129,SEC_001,6.442
OHE_SEC_001_0130,SEC_001,6.492
OHE_SEC_001_0131,SEC_001,6.542
OHE_SEC_001_0132,SEC_001,6.593
OHE_SEC_001_0133,SEC_001,6.643
OHE_SEC_001_0134,SEC_001,6.693
OHE_SEC_001_0135,SEC_001,6.743
OHE_SEC_001_0136,SEC_001,6.793
OHE_SEC_001_0137,SEC_001,6.843
OHE_SEC_001_0138,SEC_001,6.894
OHE_SEC_001_0139,SEC_001,6.944
OHE_SEC_001_0140,SEC_001,6.994
OHE_SEC_001_0141,SEC_001,7.044
OHE_SEC_001_0142,SEC_001,7.094
OHE_SEC_001_0143,SEC_001,7.144
OHE_SEC_001_0144,SEC_001,7.195
OHE_SEC_001_0145,SEC_001,7.245
OHE_SEC_001_0146,SEC_001,7.295
OHE_SEC_001_0147,SEC_001,7.345
OHE_SEC_001_0148,SEC_001,7.395
OHE_SEC_001_0149,SEC_001,7.445
OHE_SEC_001_0150,SEC_001,7.496
OHE_SEC_001_0151,SEC_001,7.546
OHE_SEC_001_0152,SEC_001,7.596
OHE_SEC_001_0153,SEC_001,7.646
OHE_SEC_001_0154,SEC_001,7.696
OHE_SEC_001_0155,SEC_001,7.746
OHE_SEC_001_0156,SEC_001,7.797
OHE_SEC_001_0157,SEC_001,7.847
OHE_SEC_001_0158,SEC_001,7.897
OHE_SEC_001_0159,SEC_001,7.947
OHE_SEC_001_0160,SEC_001,7.997
OHE_SEC_001_0161,SEC_001,8.047
OHE_SEC_001_0162,SEC_001,8.098
OHE_SEC_001_0163,SEC_001,8.148
OHE_SEC_001_0164,SEC_001,8.198
OHE_SEC_001_0165,SEC_001,8.248
OHE_SEC_001_0166,SEC_001,8.298
OHE_SEC_001_0167,SEC_001,8.349
OHE_SEC_001_0168,SEC_001,8.399
OHE_SEC_001_0169,SEC_001,8.449
OHE_SEC_001_0170,SEC_001,8.499
OHE_SEC_001_0171,SEC_001,8.549
OHE_SEC_001_0172,SEC_001,8.599
OHE_SEC_001_0173,SEC_001,8.65
OHE_SEC_001_0174,SEC_001,8.7
OHE_SEC_001_0175,SEC_001,8.75
OHE_SEC_001_0176,SEC_001,8.8
OHE_SEC_001_0177,SEC_001,8.85
OHE_SEC_001_0178,SEC_001,8.9
OHE_SEC_001_0179,SEC_001,8.951
OHE_SEC_001_0180,SEC_001,9.001
OHE_SEC_001_0181,SEC_001,9.051
OHE_SEC_001_0182,SEC_001,9.101
OHE_SEC_001_0183,SEC_001,9.151
OHE_SEC_001_0184,SEC_001,9.201
OHE_SEC_001_0185,SEC_001,9.252
OHE_SEC_001_0186,SEC_001,9.302
OHE_SEC_001_0187,SEC_001,9.352
OHE_SEC_001_0188,SEC_001,9.402
OHE_SEC_001_0189,SEC_001,9.452
OHE_SEC_001_0190,SEC_001,9.502
OHE_SEC_001_0191,SEC_001,9.553
OHE_SEC_001_0192,SEC_001,9.603
OHE_SEC_001_0193,SEC_001,9.653
OHE_SEC_002_0194,SEC_002,9.693
OHE_SEC_002_0195,SEC_002,9.743
OHE_SEC_002_0196,SEC_002,9.794
OHE_SEC_002_0197,SEC_002,9.844
OHE_SEC_002_0198,SEC_002,9.894
OHE_SEC_002_0199,SEC_002,9.944
OHE_SEC_002_0200,SEC_002,9.995
OHE_SEC_002_0201,SEC_002,10.045
OHE_SEC_002_0202,SEC_002,10.095
OHE_SEC_002_0203,SEC_002,10.146
OHE_SEC_002_0204,SEC_002,10.196
OHE_SEC_002_0205,SEC_002,10.246
OHE_SEC_002_0206,SEC_002,10.297
OHE_SEC_002_0207,SEC_002,10.347
OHE_SEC_002_0208,SEC_002,10.397
OHE_SEC_002_0209,SEC_002,10.447
OHE_SEC_002_0210,SEC_002,10.498
OHE_SEC_002_0211,SEC_002,10.548
OHE_SEC_002_0212,SEC_002,10.598
OHE_SEC_002_0213,SEC_002,10.649
OHE_SEC_002_0214,SEC_002,10.699
OHE_SEC_002_0215,SEC_002,10.749
OHE_SEC_002_0216,SEC_002,10.799
OHE_SEC_002_0217,SEC_002,10.85
OHE_SEC_002_0218,SEC_002,10.9
OHE_SEC_002_0219,SEC_002,10.95
OHE_SEC_002_0220,SEC_002,11.001
OHE_SEC_002_0221,SEC_002,11.051
OHE_SEC_002_0222,SEC_002,11.101
OHE_SEC_002_0223,SEC_002,11.152
OHE_SEC_002_0224,SEC_002,11.202
OHE_SEC_002_0225,SEC_002,11.252
OHE_SEC_002_0226,SEC_002,11.302
OHE_SEC_002_0227,SEC_002,11.353
OHE_SEC_002_0228,SEC_002,11.403
OHE_SEC_002_0229,SEC_002,11.453
OHE_SEC_002_0230,SEC_002,11.504
OHE_SEC_002_0231,SEC_002,11.554
OHE_SEC_002_0232,SEC_002,11.604
OHE_SEC_002_0233,SEC_002,11.654
OHE_SEC_002_0234,SEC_002,11.705
OHE_SEC_002_0235,SEC_002,11.755
OHE_SEC_002_0236,SEC_002,11.805
OHE_SEC_002_0237,SEC_002,11.856
OHE_SEC_002_0238,SEC_002,11.906
OHE_SEC_002_0239,SEC_002,11.956
OHE_SEC_002_0240,SEC_002,12.007
OHE_SEC_002_0241,SEC_002,12.057
OHE_SEC_002_0242,SEC_002,12.107
OHE_SEC_002_0243,SEC_002,12.157
OHE_SEC_002_0244,SEC_002,12.208
OHE_SEC_002_0245,SEC_002,12.258
OHE_SEC_002_0246,SEC_002,12.308
OHE_SEC_002_0247,SEC_002,12.359
OHE_SEC_002_0248,SEC_002,12.409
OHE_SEC_002_0249,SEC_002,12.459
OHE_SEC_002_0250,SEC_002,12.51
OHE_SEC_002_0251,SEC_002,12.56
OHE_SEC_002_0252,SEC_002,12.61
OHE_SEC_002_0253,SEC_002,12.66
OHE_SEC_002_0254,SEC_002,12.711
OHE_SEC_002_0255,SEC_002,12.761
OHE_SEC_002_0256,SEC_002,12.811
OHE_SEC_002_0257,SEC_002,12.862
OHE_SEC_002_0258,SEC_002,12.912
OHE_SEC_002_0259,SEC_002,12.962
OHE_SEC_002_0260,SEC_002,13.012
OHE_SEC_002_0261,SEC_002,13.063
OHE_SEC_002_0262,SEC_002,13.113
OHE_SEC_002_0263,SEC_002,13.163
OHE_SEC_002_0264,SEC_002,13.214
OHE_SEC_002_0265,SEC_002,13.264
OHE_SEC_002_0266,SEC_002,13.314
OHE_SEC_002_0267,SEC_002,13.365
OHE_SEC_002_0268,SEC_002,13.415
OHE_SEC_002_0269,SEC_002,13.465
OHE_SEC_002_0270,SEC_002,13.515
OHE_SEC_002_0271,SEC_002,13.566
OHE_SEC_002_0272,SEC_002,13.616
OHE_SEC_003_0273,SEC_003,13.656
OHE_SEC_003_0274,SEC_003,13.706
OHE_SEC_003_0275,SEC_003,13.756
OHE_SEC_003_0276,SEC_003,13.807
OHE_SEC_003_0277,SEC_003,13.857
OHE_SEC_003_0278,SEC_003,13.907
OHE_SEC_003_0279,SEC_003,13.957
OHE_SEC_003_0280,SEC_003,14.007
OHE_SEC_003_0281,SEC_003,14.057
OHE_SEC_003_0282,SEC_003,14.108
OHE_SEC_003_0283,SEC_003,14.158
OHE_SEC_003_0284,SEC_003,14.208
OHE_SEC_003_0285,SEC_003,14.258
OHE_SEC_003_0286,SEC_003,14.308
OHE_SEC_003_0287,SEC_003,14.358
OHE_SEC_003_0288,SEC_003,14.409
OHE_SEC_003_0289,SEC_003,14.459
OHE_SEC_003_0290,SEC_003,14.509
OHE_SEC_003_0291,SEC_003,14.559
OHE_SEC_003_0292,SEC_003,14.609
OHE_SEC_003_0293,SEC_003,14.66
OHE_SEC_003_0294,SEC_003,14.71
OHE_SEC_003_0295,SEC_003,14.76
OHE_SEC_003_0296,SEC_003,14.81
OHE_SEC_003_0297,SEC_003,14.86
OHE_SEC_003_0298,SEC_003,14.91
OHE_SEC_003_0299,SEC_003,14.961
OHE_SEC_003_0300,SEC_003,15.011
OHE_SEC_003_0301,SEC_003,15.061
OHE_SEC_003_0302,SEC_003,15.111
OHE_SEC_003_0303,SEC_003,15.161
OHE_SEC_003_0304,SEC_003,15.211
OHE_SEC_003_0305,SEC_003,15.262
OHE_SEC_003_0306,SEC_003,15.312
OHE_SEC_003_0307,SEC_003,15.362
OHE_SEC_003_0308,SEC_003,15.412
OHE_SEC_003_0309,SEC_003,15.462
OHE_SEC_003_0310,SEC_003,15.513
OHE_SEC_003_0311,SEC_003,15.563
OHE_SEC_003_0312,SEC_003,15.613
OHE_SEC_003_0313,SEC_003,15.663
OHE_SEC_003_0314,SEC_003,15.713
OHE_SEC_003_0315,SEC_003,15.763
OHE_SEC_003_0316,SEC_003,15.814
OHE_SEC_003_0317,SEC_003,15.864
OHE_SEC_003_0318,SEC_003,15.914
OHE_SEC_003_0319,SEC_003,15.964
OHE_SEC_003_0320,SEC_003,16.014
OHE_SEC_003_0321,SEC_003,16.064
OHE_SEC_003_0322,SEC_003,16.115
OHE_SEC_003_0323,SEC_003,16.165
OHE_SEC_003_0324,SEC_003,16.215
OHE_SEC_003_0325,SEC_003,16.265
OHE_SEC_003_0326,SEC_003,16.315
OHE_SEC_003_0327,SEC_003,16.366
OHE_SEC_003_0328,SEC_003,16.416
OHE_SEC_003_0329,SEC_003,16.466
OHE_SEC_003_0330,SEC_003,16.516
OHE_SEC_003_0331,SEC_003,16.566
OHE_SEC_003_0332,SEC_003,16.616
OHE_SEC_003_0333,SEC_003,16.667
OHE_SEC_003_0334,SEC_003,16.717
OHE_SEC_003_0335,SEC_003,16.767
OHE_SEC_003_0336,SEC_003,16.817
OHE_SEC_003_0337,SEC_003,16.867
OHE_SEC_003_0338,SEC_003,16.917
OHE_SEC_003_0339,SEC_003,16.968
OHE_SEC_003_0340,SEC_003,17.018
OHE_SEC_003_0341,SEC_003,17.068
OHE_SEC_003_0342,SEC_003,17.118
OHE_SEC_003_0343,SEC_003,17.168
OHE_SEC_003_0344,SEC_003,17.219
OHE_SEC_003_0345,SEC_003,17.269
OHE_SEC_003_0346,SEC_003,17.319
OHE_SEC_003_0347,SEC_003,17.369
OHE_SEC_003_0348,SEC_003,17.419
OHE_SEC_003_0349,SEC_003,17.469
OHE_SEC_003_0350,SEC_003,17.52
OHE_SEC_003_0351,SEC_003,17.57
OHE_SEC_003_0352,SEC_003,17.62
OHE_SEC_003_0353,SEC_003,17.67
OHE_SEC_003_0354,SEC_003,17.72
OHE_SEC_003_0355,SEC_003,17.77
OHE_SEC_003_0356,SEC_003,17.821
OHE_SEC_003_0357,SEC_003,17.871
OHE_SEC_003_0358,SEC_003,17.921
OHE_SEC_003_0359,SEC_003,17.971
OHE_SEC_003_0360,SEC_003,18.021
OHE_SEC_003_0361,SEC_003,18.072
OHE_SEC_003_0362,SEC_003,18.122
OHE_SEC_003_0363,SEC_003,18.172
OHE_SEC_003_0364,SEC_003,18.222
OHE_SEC_003_0365,SEC_003,18.272
OHE_SEC_003_0366,SEC_003,18.322
OHE_SEC_003_0367,SEC_003,18.373
OHE_SEC_003_0368,SEC_003,18.423
OHE_SEC_003_0369,SEC_003,18.473
OHE_SEC_003_0370,SEC_003,18.523
OHE_SEC_003_0371,SEC_003,18.573
OHE_SEC_003_0372,SEC_003,18.623
OHE_SEC_003_0373,SEC_003,18.674
OHE_SEC_003_0374,SEC_003,18.724
OHE_SEC_003_0375,SEC_003,18.774
OHE_SEC_003_0376,SEC_003,18.824
OHE_SEC_003_0377,SEC_003,18.874
OHE_SEC_003_0378,SEC_003,18.925
OHE_SEC_003_0379,SEC_003,18.975
OHE_SEC_003_0380,SEC_003,19.025
OHE_SEC_003_0381,SEC_003,19.075
OHE_SEC_003_0382,SEC_003,19.125
OHE_SEC_003_0383,SEC_003,19.175
OHE_SEC_003_0384,SEC_003,19.226
OHE_SEC_003_0385,SEC_003,19.276
OHE_SEC_003_0386,SEC_003,19.326
OHE_SEC_003_0387,SEC_003,19.376
OHE_SEC_003_0388,SEC_003,19.426
OHE_SEC_003_0389,SEC_003,19.476
OHE_SEC_003_0390,SEC_003,19.527
OHE_SEC_003_0391,SEC_003,19.577
OHE_SEC_003_0392,SEC_003,19.627
OHE_SEC_004_0393,SEC_004,19.667
OHE_SEC_004_0394,SEC_004,19.717
OHE_SEC_004_0395,SEC_004,19.767
OHE_SEC_004_0396,SEC_004,19.818
OHE_SEC_004_0397,SEC_004,19.868
OHE_SEC_004_0398,SEC_004,19.918
OHE_SEC_004_0399,SEC_004,19.968
OHE_SEC_004_0400,SEC_004,20.019
OHE_SEC_004_0401,SEC_004,20.069
OHE_SEC_004_0402,SEC_004,20.119
OHE_SEC_004_0403,SEC_004,20.169
OHE_SEC_004_0404,SEC_004,20.219
OHE_SEC_004_0405,SEC_004,20.27
OHE_SEC_004_0406,SEC_004,20.32
OHE_SEC_004_0407,SEC_004,20.37
OHE_SEC_004_0408,SEC_004,20.42
OHE_SEC_004_0409,SEC_004,20.47
OHE_SEC_004_0410,SEC_004,20.521
OHE_SEC_004_0411,SEC_004,20.571
OHE_SEC_004_0412,SEC_004,20.621
OHE_SEC_004_0413,SEC_004,20.671
OHE_SEC_004_0414,SEC_004,20.722
OHE_SEC_004_0415,SEC_004,20.772
OHE_SEC_004_0416,SEC_004,20.822
OHE_SEC_004_0417,SEC_004,20.872
OHE_SEC_004_0418,SEC_004,20.922
OHE_SEC_004_0419,SEC_004,20.973
OHE_SEC_004_0420,SEC_004,21.023
OHE_SEC_004_0421,SEC_004,21.073
OHE_SEC_004_0422,SEC_004,21.123
OHE_SEC_004_0423,SEC_004,21.174
OHE_SEC_004_0424,SEC_004,21.224
OHE_SEC_004_0425,SEC_004,21.274
OHE_SEC_004_0426,SEC_004,21.324
OHE_SEC_004_0427,SEC_004,21.374
OHE_SEC_004_0428,SEC_004,21.425
OHE_SEC_004_0429,SEC_004,21.475
OHE_SEC_004_0430,SEC_004,21.525
OHE_SEC_004_0431,SEC_004,21.575
OHE_SEC_004_0432,SEC_004,21.626
OHE_SEC_004_0433,SEC_004,21.676
OHE_SEC_004_0434,SEC_004,21.726
OHE_SEC_004_0435,SEC_004,21.776
OHE_SEC_004_0436,SEC_004,21.826
OHE_SEC_004_0437,SEC_004,21.877
OHE_SEC_004_0438,SEC_004,21.927
OHE_SEC_004_0439,SEC_004,21.977
OHE_SEC_004_0440,SEC_004,22.027
OHE_SEC_004_0441,SEC_004,22.077
OHE_SEC_004_0442,SEC_004,22.128
OHE_SEC_004_0443,SEC_004,22.178
OHE_SEC_004_0444,SEC_004,22.228
OHE_SEC_004_0445,SEC_004,22.278
OHE_SEC_004_0446,SEC_004,22.329
OHE_SEC_004_0447,SEC_004,22.379
OHE_SEC_004_0448,SEC_004,22.429
OHE_SEC_004_0449,SEC_004,22.479
OHE_SEC_004_0450,SEC_004,22.529
OHE_SEC_004_0451,SEC_004,22.58
OHE_SEC_004_0452,SEC_004,22.63
OHE_SEC_004_0453,SEC_004,22.68
OHE_SEC_004_0454,SEC_004,22.73
OHE_SEC_004_0455,SEC_004,22.781
OHE_SEC_004_0456,SEC_004,22.831
OHE_SEC_004_0457,SEC_004,22.881
OHE_SEC_004_0458,SEC_004,22.931
OHE_SEC_004_0459,SEC_004,22.981
OHE_SEC_004_0460,SEC_004,23.032
OHE_SEC_004_0461,SEC_004,23.082
OHE_SEC_004_0462,SEC_004,23.132
OHE_SEC_004_0463,SEC_004,23.182
OHE_SEC_004_0464,SEC_004,23.232
OHE_SEC_004_0465,SEC_004,23.283
OHE_SEC_004_0466,SEC_004,23.333
OHE_SEC_004_0467,SEC_004,23.383
OHE_SEC_004_0468,SEC_004,23.433
OHE_SEC_004_0469,SEC_004,23.484
OHE_SEC_004_0470,SEC_004,23.534
OHE_SEC_004_0471,SEC_004,23.584
OHE_SEC_004_0472,SEC_004,23.634
OHE_SEC_004_0473,SEC_004,23.684
OHE_SEC_004_0474,SEC_004,23.735
OHE_SEC_004_0475,SEC_004,23.785
OHE_SEC_004_0476,SEC_004,23.835
OHE_SEC_004_0477,SEC_004,23.885
OHE_SEC_004_0478,SEC_004,23.936
OHE_SEC_004_0479,SEC_004,23.986
OHE_SEC_004_0480,SEC_004,24.036
OHE_SEC_004_0481,SEC_004,24.086
OHE_SEC_004_0482,SEC_004,24.136
OHE_SEC_004_0483,SEC_004,24.187
OHE_SEC_004_0484,SEC_004,24.237
OHE_SEC_004_0485,SEC_004,24.287
OHE_SEC_004_0486,SEC_004,24.337
OHE_SEC_004_0487,SEC_004,24.387
OHE_SEC_004_0488,SEC_004,24.438
OHE_SEC_004_0489,SEC_004,24.488
OHE_SEC_004_0490,SEC_004,24.538
OHE_SEC_004_0491,SEC_004,24.588
OHE_SEC_004_0492,SEC_004,24.639
OHE_SEC_004_0493,SEC_004,24.689
OHE_SEC_004_0494,SEC_004,24.739
OHE_SEC_004_0495,SEC_004,24.789
OHE_SEC_004_0496,SEC_004,24.839
OHE_SEC_004_0497,SEC_004,24.89
OHE_SEC_004_0498,SEC_004,24.94
OHE_SEC_004_0499,SEC_004,24.99
OHE_SEC_004_0500,SEC_004,25.04
OHE_SEC_004_0501,SEC_004,25.091
OHE_SEC_004_0502,SEC_004,25.141
OHE_SEC_004_0503,SEC_004,25.191
OHE_SEC_004_0504,SEC_004,25.241
OHE_SEC_004_0505,SEC_004,25.291
OHE_SEC_004_0506,SEC_004,25.342
OHE_SEC_004_0507,SEC_004,25.392
OHE_SEC_004_0508,SEC_004,25.442
OHE_SEC_004_0509,SEC_004,25.492
OHE_SEC_004_0510,SEC_004,25.543
OHE_SEC_004_0511,SEC_004,25.593
OHE_SEC_004_0512,SEC_004,25.643
OHE_SEC_004_0513,SEC_004,25.693
OHE_SEC_004_0514,SEC_004,25.743
OHE_SEC_004_0515,SEC_004,25.794
OHE_SEC_004_0516,SEC_004,25.844
OHE_SEC_004_0517,SEC_004,25.894
OHE_SEC_004_0518,SEC_004,25.944
OHE_SEC_004_0519,SEC_004,25.994
OHE_SEC_004_0520,SEC_004,26.045
OHE_SEC_004_0521,SEC_004,26.095
OHE_SEC_004_0522,SEC_004,26.145
OHE_SEC_004_0523,SEC_004,26.195
OHE_SEC_004_0524,SEC_004,26.246
OHE_SEC_004_0525,SEC_004,26.296
OHE_SEC_004_0526,SEC_004,26.346
OHE_SEC_005_0527,SEC_005,26.386
OHE_SEC_005_0528,SEC_005,26.439
OHE_SEC_005_0529,SEC_005,26.492
OHE_SEC_005_0530,SEC_005,26.545
OHE_SEC_005_0531,SEC_005,26.598
OHE_SEC_005_0532,SEC_005,26.651
OHE_SEC_005_0533,SEC_005,26.704
OHE_SEC_006_0534,SEC_006,26.744
OHE_SEC_006_0535,SEC_006,26.794
OHE_SEC_006_0536,SEC_006,26.845
OHE_SEC_006_0537,SEC_006,26.895
OHE_SEC_006_0538,SEC_006,26.945
OHE_SEC_006_0539,SEC_006,26.996
OHE_SEC_006_0540,SEC_006,27.046
OHE_SEC_006_0541,SEC_006,27.097
OHE_SEC_006_0542,SEC_006,27.147
OHE_SEC_006_0543,SEC_006,27.197
OHE_SEC_006_0544,SEC_006,27.248
OHE_SEC_006_0545,SEC_006,27.298
OHE_SEC_006_0546,SEC_006,27.348
OHE_SEC_006_0547,SEC_006,27.399
OHE_SEC_006_0548,SEC_006,27.449
OHE_SEC_006_0549,SEC_006,27.5
OHE_SEC_006_0550,SEC_006,27.55
OHE_SEC_006_0551,SEC_006,27.6
OHE_SEC_006_0552,SEC_006,27.651
OHE_SEC_006_0553,SEC_006,27.701
OHE_SEC_006_0554,SEC_006,27.751
OHE_SEC_006_0555,SEC_006,27.802
OHE_SEC_006_0556,SEC_006,27.852
OHE_SEC_006_0557,SEC_006,27.902
OHE_SEC_006_0558,SEC_006,27.953
OHE_SEC_006_0559,SEC_006,28.003
OHE_SEC_006_0560,SEC_006,28.054
OHE_SEC_006_0561,SEC_006,28.104
OHE_SEC_006_0562,SEC_006,28.154
OHE_SEC_006_0563,SEC_006,28.205
OHE_SEC_006_0564,SEC_006,28.255
OHE_SEC_006_0565,SEC_006,28.305
OHE_SEC_006_0566,SEC_006,28.356
OHE_SEC_006_0567,SEC_006,28.406
OHE_SEC_006_0568,SEC_006,28.457
OHE_SEC_006_0569,SEC_006,28.507
OHE_SEC_006_0570,SEC_006,28.557
OHE_SEC_006_0571,SEC_006,28.608
OHE_SEC_006_0572,SEC_006,28.658
OHE_SEC_006_0573,SEC_006,28.708
OHE_SEC_006_0574,SEC_006,28.759
OHE_SEC_006_0575,SEC_006,28.809
OHE_SEC_006_0576,SEC_006,28.859
OHE_SEC_006_0577,SEC_006,28.91
OHE_SEC_006_0578,SEC_006,28.96
OHE_SEC_006_0579,SEC_006,29.011
OHE_SEC_006_0580,SEC_006,29.061
OHE_SEC_006_0581,SEC_006,29.111
OHE_SEC_006_0582,SEC_006,29.162
OHE_SEC_006_0583,SEC_006,29.212
OHE_SEC_006_0584,SEC_006,29.262
OHE_SEC_006_0585,SEC_006,29.313
OHE_SEC_006_0586,SEC_006,29.363
OHE_SEC_006_0587,SEC_006,29.414
OHE_SEC_006_0588,SEC_006,29.464
OHE_SEC_006_0589,SEC_006,29.514
OHE_SEC_006_0590,SEC_006,29.565
OHE_SEC_006_0591,SEC_006,29.615
OHE_SEC_006_0592,SEC_006,29.665
OHE_SEC_006_0593,SEC_006,29.716
OHE_SEC_006_0594,SEC_006,29.766
OHE_SEC_006_0595,SEC_006,29.816
OHE_SEC_006_0596,SEC_006,29.867
OHE_SEC_006_0597,SEC_006,29.917
OHE_SEC_006_0598,SEC_006,29.968
OHE_SEC_006_0599,SEC_006,30.018
OHE_SEC_006_0600,SEC_006,30.068
OHE_SEC_006_0601,SEC_006,30.119
OHE_SEC_006_0602,SEC_006,30.169
OHE_SEC_006_0603,SEC_006,30.219
OHE_SEC_006_0604,SEC_006,30.27
OHE_SEC_006_0605,SEC_006,30.32
OHE_SEC_006_0606,SEC_006,30.371
OHE_SEC_006_0607,SEC_006,30.421
OHE_SEC_006_0608,SEC_006,30.471
OHE_SEC_006_0609,SEC_006,30.522
OHE_SEC_006_0610,SEC_006,30.572
OHE_SEC_006_0611,SEC_006,30.622
OHE_SEC_006_0612,SEC_006,30.673
OHE_SEC_006_0613,SEC_006,30.723
OHE_SEC_006_0614,SEC_006,30.773
OHE_SEC_006_0615,SEC_006,30.824
OHE_SEC_006_0616,SEC_006,30.874
OHE_SEC_006_0617,SEC_006,30.925
OHE_SEC_006_0618,SEC_006,30.975
OHE_SEC_006_0619,SEC_006,31.025
OHE_SEC_006_0620,SEC_006,31.076
OHE_SEC_006_0621,SEC_006,31.126
OHE_SEC_006_0622,SEC_006,31.176
OHE_SEC_006_0623,SEC_006,31.227
OHE_SEC_006_0624,SEC_006,31.277
OHE_SEC_006_0625,SEC_006,31.328
OHE_SEC_006_0626,SEC_006,31.378
OHE_SEC_006_0627,SEC_006,31.428
OHE_SEC_006_0628,SEC_006,31.479
OHE_SEC_006_0629,SEC_006,31.529
OHE_SEC_007_0630,SEC_007,31.569
OHE_SEC_007_0631,SEC_007,31.619
OHE_SEC_007_0632,SEC_007,31.669
OHE_SEC_007_0633,SEC_007,31.72
OHE_SEC_007_0634,SEC_007,31.77
OHE_SEC_007_0635,SEC_007,31.82
OHE_SEC_007_0636,SEC_007,31.87
OHE_SEC_007_0637,SEC_007,31.92
OHE_SEC_007_0638,SEC_007,31.971
OHE_SEC_007_0639,SEC_007,32.021
OHE_SEC_007_0640,SEC_007,32.071
OHE_SEC_007_0641,SEC_007,32.121
OHE_SEC_007_0642,SEC_007,32.171
OHE_SEC_007_0643,SEC_007,32.221
OHE_SEC_007_0644,SEC_007,32.272
OHE_SEC_007_0645,SEC_007,32.322
OHE_SEC_007_0646,SEC_007,32.372
OHE_SEC_007_0647,SEC_007,32.422
OHE_SEC_007_0648,SEC_007,32.472
OHE_SEC_007_0649,SEC_007,32.523
OHE_SEC_007_0650,SEC_007,32.573
OHE_SEC_007_0651,SEC_007,32.623
OHE_SEC_007_0652,SEC_007,32.673
OHE_SEC_007_0653,SEC_007,32.723
OHE_SEC_007_0654,SEC_007,32.774
OHE_SEC_007_0655,SEC_007,32.824
OHE_SEC_007_0656,SEC_007,32.874
OHE_SEC_007_0657,SEC_007,32.924
OHE_SEC_007_0658,SEC_007,32.974
OHE_SEC_007_0659,SEC_007,33.024
OHE_SEC_007_0660,SEC_007,33.075
OHE_SEC_007_0661,SEC_007,33.125
OHE_SEC_007_0662,SEC_007,33.175
OHE_SEC_007_0663,SEC_007,33.225
OHE_SEC_007_0664,SEC_007,33.275
OHE_SEC_007_0665,SEC_007,33.326
OHE_SEC_007_0666,SEC_007,33.376
OHE_SEC_007_0667,SEC_007,33.426
OHE_SEC_007_0668,SEC_007,33.476
OHE_SEC_007_0669,SEC_007,33.526
OHE_SEC_007_0670,SEC_007,33.577
OHE_SEC_007_0671,SEC_007,33.627
OHE_SEC_007_0672,SEC_007,33.677
OHE_SEC_007_0673,SEC_007,33.727
OHE_SEC_007_0674,SEC_007,33.777
OHE_SEC_007_0675,SEC_007,33.827
OHE_SEC_007_0676,SEC_007,33.878
OHE_SEC_007_0677,SEC_007,33.928
OHE_SEC_007_0678,SEC_007,33.978
OHE_SEC_007_0679,SEC_007,34.028
OHE_SEC_007_0680,SEC_007,34.078
OHE_SEC_007_0681,SEC_007,34.129
OHE_SEC_007_0682,SEC_007,34.179
OHE_SEC_007_0683,SEC_007,34.229
OHE_SEC_007_0684,SEC_007,34.279
OHE_SEC_007_0685,SEC_007,34.329
OHE_SEC_007_0686,SEC_007,34.38
OHE_SEC_007_0687,SEC_007,34.43
OHE_SEC_007_0688,SEC_007,34.48
OHE_SEC_007_0689,SEC_007,34.53
OHE_SEC_007_0690,SEC_007,34.58
OHE_SEC_007_0691,SEC_007,34.63
OHE_SEC_007_0692,SEC_007,34.681
OHE_SEC_007_0693,SEC_007,34.731
OHE_SEC_007_0694,SEC_007,34.781
OHE_SEC_007_0695,SEC_007,34.831
OHE_SEC_007_0696,SEC_007,34.881
OHE_SEC_007_0697,SEC_007,34.932
OHE_SEC_007_0698,SEC_007,34.982
OHE_SEC_007_0699,SEC_007,35.032
OHE_SEC_007_0700,SEC_007,35.082
OHE_SEC_007_0701,SEC_007,35.132
OHE_SEC_007_0702,SEC_007,35.183
OHE_SEC_007_0703,SEC_007,35.233
OHE_SEC_007_0704,SEC_007,35.283
OHE_SEC_007_0705,SEC_007,35.333
OHE_SEC_007_0706,SEC_007,35.383
OHE_SEC_007_0707,SEC_007,35.434
OHE_SEC_007_0708,SEC_007,35.484
OHE_SEC_007_0709,SEC_007,35.534
OHE_SEC_007_0710,SEC_007,35.584
OHE_SEC_007_0711,SEC_007,35.634
OHE_SEC_007_0712,SEC_007,35.684
OHE_SEC_007_0713,SEC_007,35.735
OHE_SEC_007_0714,SEC_007,35.785
OHE_SEC_007_0715,SEC_007,35.835
OHE_SEC_007_0716,SEC_007,35.885
OHE_SEC_007_0717,SEC_007,35.935
OHE_SEC_007_0718,SEC_007,35.986
OHE_SEC_007_0719,SEC_007,36.036
OHE_SEC_007_0720,SEC_007,36.086
OHE_SEC_007_0721,SEC_007,36.136
OHE_SEC_007_0722,SEC_007,36.186
OHE_SEC_007_0723,SEC_007,36.237
OHE_SEC_007_0724,SEC_007,36.287
OHE_SEC_007_0725,SEC_007,36.337
OHE_SEC_007_0726,SEC_007,36.387
OHE_SEC_007_0727,SEC_007,36.437
OHE_SEC_007_0728,SEC_007,36.487
OHE_SEC_007_0729,SEC_007,36.538
OHE_SEC_007_0730,SEC_007,36.588
OHE_SEC_007_0731,SEC_007,36.638
OHE_SEC_007_0732,SEC_007,36.688
OHE_SEC_007_0733,SEC_007,36.738
OHE_SEC_007_0734,SEC_007,36.789
OHE_SEC_007_0735,SEC_007,36.839
OHE_SEC_007_0736,SEC_007,36.889
OHE_SEC_007_0737,SEC_007,36.939
OHE_SEC_007_0738,SEC_007,36.989
OHE_SEC_007_0739,SEC_007,37.04
OHE_SEC_007_0740,SEC_007,37.09
OHE_SEC_007_0741,SEC_007,37.14
OHE_SEC_007_0742,SEC_007,37.19
OHE_SEC_007_0743,SEC_007,37.24
OHE_SEC_007_0744,SEC_007,37.29
OHE_SEC_007_0745,SEC_007,37.341
OHE_SEC_007_0746,SEC_007,37.391
OHE_SEC_007_0747,SEC_007,37.441
OHE_SEC_007_0748,SEC_007,37.491
OHE_SEC_007_0749,SEC_007,37.541
OHE_SEC_007_0750,SEC_007,37.592
OHE_SEC_007_0751,SEC_007,37.642
OHE_SEC_007_0752,SEC_007,37.692
OHE_SEC_007_0753,SEC_007,37.742
OHE_SEC_007_0754,SEC_007,37.792
OHE_SEC_007_0755,SEC_007,37.843
OHE_SEC_007_0756,SEC_007,37.893
OHE_SEC_007_0757,SEC_007,37.943
OHE_SEC_007_0758,SEC_007,37.993
OHE_SEC_007_0759,SEC_007,38.043
OHE_SEC_007_0760,SEC_007,38.093
OHE_SEC_007_0761,SEC_007,38.144
OHE_SEC_007_0762,SEC_007,38.194
OHE_SEC_007_0763,SEC_007,38.244
OHE_SEC_007_0764,SEC_007,38.294
OHE_SEC_007_0765,SEC_007,38.344
OHE_SEC_007_0766,SEC_007,38.395
OHE_SEC_007_0767,SEC_007,38.445
OHE_SEC_007_0768,SEC_007,38.495
OHE_SEC_008_0769,SEC_008,38.535
OHE_SEC_008_0770,SEC_008,38.587
OHE_SEC_008_0771,SEC_008,38.638
OHE_SEC_008_0772,SEC_008,38.69
OHE_SEC_008_0773,SEC_008,38.742
OHE_SEC_008_0774,SEC_008,38.794
OHE_SEC_008_0775,SEC_008,38.845
OHE_SEC_008_0776,SEC_008,38.897
OHE_SEC_008_0777,SEC_008,38.949
OHE_SEC_008_0778,SEC_008,39.001
OHE_SEC_008_0779,SEC_008,39.052
OHE_SEC_008_0780,SEC_008,39.104
OHE_SEC_008_0781,SEC_008,39.156
OHE_SEC_008_0782,SEC_008,39.208
OHE_SEC_008_0783,SEC_008,39.259
OHE_SEC_008_0784,SEC_008,39.311
OHE_SEC_008_0785,SEC_008,39.363
OHE_SEC_008_0786,SEC_008,39.415
OHE_SEC_008_0787,SEC_008,39.466
OHE_SEC_008_0788,SEC_008,39.518
OHE_SEC_009_0789,SEC_009,39.558
OHE_SEC_009_0790,SEC_009,39.608
OHE_SEC_009_0791,SEC_009,39.659
OHE_SEC_009_0792,SEC_009,39.709
OHE_SEC_009_0793,SEC_009,39.76
OHE_SEC_009_0794,SEC_009,39.81
OHE_SEC_009_0795,SEC_009,39.86
OHE_SEC_009_0796,SEC_009,39.911
OHE_SEC_009_0797,SEC_009,39.961
OHE_SEC_009_0798,SEC_009,40.012
OHE_SEC_009_0799,SEC_009,40.062
OHE_SEC_009_0800,SEC_009,40.112
OHE_SEC_009_0801,SEC_009,40.163
OHE_SEC_009_0802,SEC_009,40.213
OHE_SEC_009_0803,SEC_009,40.264
OHE_SEC_009_0804,SEC_009,40.314
OHE_SEC_009_0805,SEC_009,40.364
OHE_SEC_009_0806,SEC_009,40.415
OHE_SEC_009_0807,SEC_009,40.465
OHE_SEC_009_0808,SEC_009,40.516
OHE_SEC_009_0809,SEC_009,40.566
OHE_SEC_009_0810,SEC_009,40.616
OHE_SEC_009_0811,SEC_009,40.667
OHE_SEC_009_0812,SEC_009,40.717
OHE_SEC_009_0813,SEC_009,40.768
OHE_SEC_009_0814,SEC_009,40.818
OHE_SEC_009_0815,SEC_009,40.868
OHE_SEC_009_0816,SEC_009,40.919
OHE_SEC_009_0817,SEC_009,40.969
OHE_SEC_009_0818,SEC_009,41.02
OHE_SEC_009_0819,SEC_009,41.07
OHE_SEC_009_0820,SEC_009,41.12
OHE_SEC_009_0821,SEC_009,41.171
OHE_SEC_009_0822,SEC_009,41.221
OHE_SEC_009_0823,SEC_009,41.271
OHE_SEC_009_0824,SEC_009,41.322
OHE_SEC_009_0825,SEC_009,41.372
OHE_SEC_009_0826,SEC_009,41.423
OHE_SEC_009_0827,SEC_009,41.473
OHE_SEC_009_0828,SEC_009,41.523
OHE_SEC_009_0829,SEC_009,41.574
OHE_SEC_009_0830,SEC_009,41.624
OHE_SEC_009_0831,SEC_009,41.675
OHE_SEC_009_0832,SEC_009,41.725
OHE_SEC_009_0833,SEC_009,41.775
OHE_SEC_009_0834,SEC_009,41.826
OHE_SEC_009_0835,SEC_009,41.876
OHE_SEC_009_0836,SEC_009,41.927
OHE_SEC_009_0837,SEC_009,41.977
OHE_SEC_009_0838,SEC_009,42.027
OHE_SEC_009_0839,SEC_009,42.078
OHE_SEC_009_0840,SEC_009,42.128
OHE_SEC_009_0841,SEC_009,42.179
OHE_SEC_009_0842,SEC_009,42.229
OHE_SEC_009_0843,SEC_009,42.279
OHE_SEC_009_0844,SEC_009,42.33
OHE_SEC_009_0845,SEC_009,42.38
OHE_SEC_009_0846,SEC_009,42.431
OHE_SEC_009_0847,SEC_009,42.481
OHE_SEC_009_0848,SEC_009,42.531
OHE_SEC_009_0849,SEC_009,42.582
OHE_SEC_009_0850,SEC_009,42.632
OHE_SEC_009_0851,SEC_009,42.683
OHE_SEC_009_0852,SEC_009,42.733
OHE_SEC_009_0853,SEC_009,42.783
OHE_SEC_009_0854,SEC_009,42.834
OHE_SEC_009_0855,SEC_009,42.884
OHE_SEC_009_0856,SEC_009,42.935
OHE_SEC_009_0857,SEC_009,42.985
OHE_SEC_009_0858,SEC_009,43.035
OHE_SEC_009_0859,SEC_009,43.086
OHE_SEC_009_0860,SEC_009,43.136
OHE_SEC_009_0861,SEC_009,43.187
OHE_SEC_009_0862,SEC_009,43.237
OHE_SEC_009_0863,SEC_009,43.287
OHE_SEC_009_0864,SEC_009,43.338
OHE_SEC_009_0865,SEC_009,43.388
OHE_SEC_009_0866,SEC_009,43.439
OHE_SEC_009_0867,SEC_009,43.489
OHE_SEC_009_0868,SEC_009,43.539
OHE_SEC_009_0869,SEC_009,43.59
OHE_SEC_009_0870,SEC_009,43.64
OHE_SEC_009_0871,SEC_009,43.691
OHE_SEC_009_0872,SEC_009,43.741
OHE_SEC_009_0873,SEC_009,43.791
OHE_SEC_009_0874,SEC_009,43.842
OHE_SEC_009_0875,SEC_009,43.892
OHE_SEC_009_0876,SEC_009,43.943
OHE_SEC_009_0877,SEC_009,43.993
OHE_SEC_009_0878,SEC_009,44.043
OHE_SEC_009_0879,SEC_009,44.094
OHE_SEC_009_0880,SEC_009,44.144
OHE_SEC_009_0881,SEC_009,44.195
OHE_SEC_009_0882,SEC_009,44.245
OHE_SEC_009_0883,SEC_009,44.295
OHE_SEC_009_0884,SEC_009,44.346
OHE_SEC_009_0885,SEC_009,44.396
OHE_SEC_009_0886,SEC_009,44.446
OHE_SEC_009_0887,SEC_009,44.497
OHE_SEC_009_0888,SEC_009,44.547
OHE_SEC_009_0889,SEC_009,44.598
OHE_SEC_009_0890,SEC_009,44.648
OHE_SEC_009_0891,SEC_009,44.698
OHE_SEC_009_0892,SEC_009,44.749
OHE_SEC_009_0893,SEC_009,44.799
OHE_SEC_009_0894,SEC_009,44.85
OHE_SEC_009_0895,SEC_009,44.9
OHE_SEC_009_0896,SEC_009,44.95
OHE_SEC_009_0897,SEC_009,45.001
OHE_SEC_009_0898,SEC_009,45.051
OHE_SEC_009_0899,SEC_009,45.102
OHE_SEC_009_0900,SEC_009,45.152
OHE_SEC_009_0901,SEC_009,45.202
OHE_SEC_009_0902,SEC_009,45.253
OHE_SEC_009_0903,SEC_009,45.303
OHE_SEC_009_0904,SEC_009,45.354
OHE_SEC_009_0905,SEC_009,45.404
OHE_SEC_009_0906,SEC_009,45.454
OHE_SEC_009_0907,SEC_009,45.505
OHE_SEC_009_0908,SEC_009,45.555
OHE_SEC_009_0909,SEC_009,45.606
OHE_SEC_009_0910,SEC_009,45.656
OHE_SEC_009_0911,SEC_009,45.706
OHE_SEC_009_0912,SEC_009,45.757
OHE_SEC_009_0913,SEC_009,45.807
OHE_SEC_009_0914,SEC_009,45.858
OHE_SEC_009_0915,SEC_009,45.908
OHE_SEC_010_0916,SEC_010,45.948
OHE_SEC_010_0917,SEC_010,45.973
OHE_SEC_011_0918,SEC_011,46.013
OHE_SEC_011_0919,SEC_011,46.063
OHE_SEC_011_0920,SEC_011,46.113
OHE_SEC_011_0921,SEC_011,46.164
OHE_SEC_011_0922,SEC_011,46.214
OHE_SEC_011_0923,SEC_011,46.264
OHE_SEC_011_0924,SEC_011,46.314
OHE_SEC_011_0925,SEC_011,46.365
OHE_SEC_011_0926,SEC_011,46.415
OHE_SEC_011_0927,SEC_011,46.465
OHE_SEC_011_0928,SEC_011,46.515
OHE_SEC_011_0929,SEC_011,46.566
OHE_SEC_011_0930,SEC_011,46.616
OHE_SEC_011_0931,SEC_011,46.666
OHE_SEC_011_0932,SEC_011,46.716
OHE_SEC_011_0933,SEC_011,46.767
OHE_SEC_011_0934,SEC_011,46.817
OHE_SEC_011_0935,SEC_011,46.867
OHE_SEC_011_0936,SEC_011,46.917
OHE_SEC_011_0937,SEC_011,46.967
OHE_SEC_011_0938,SEC_011,47.018
OHE_SEC_011_0939,SEC_011,47.068
OHE_SEC_011_0940,SEC_011,47.118
OHE_SEC_011_0941,SEC_011,47.168
OHE_SEC_011_0942,SEC_011,47.219
OHE_SEC_011_0943,SEC_011,47.269
OHE_SEC_011_0944,SEC_011,47.319
OHE_SEC_011_0945,SEC_011,47.369
OHE_SEC_011_0946,SEC_011,47.42
OHE_SEC_011_0947,SEC_011,47.47
OHE_SEC_011_0948,SEC_011,47.52
OHE_SEC_011_0949,SEC_011,47.57
OHE_SEC_011_0950,SEC_011,47.62
OHE_SEC_011_0951,SEC_011,47.671
OHE_SEC_011_0952,SEC_011,47.721
OHE_SEC_011_0953,SEC_011,47.771
OHE_SEC_011_0954,SEC_011,47.821
OHE_SEC_011_0955,SEC_011,47.872
OHE_SEC_011_0956,SEC_011,47.922
OHE_SEC_011_0957,SEC_011,47.972
OHE_SEC_011_0958,SEC_011,48.022
OHE_SEC_011_0959,SEC_011,48.073
OHE_SEC_011_0960,SEC_011,48.123
OHE_SEC_011_0961,SEC_011,48.173
OHE_SEC_011_0962,SEC_011,48.223
OHE_SEC_011_0963,SEC_011,48.274
OHE_SEC_011_0964,SEC_011,48.324
OHE_SEC_011_0965,SEC_011,48.374
OHE_SEC_011_0966,SEC_011,48.424
OHE_SEC_011_0967,SEC_011,48.474
OHE_SEC_011_0968,SEC_011,48.525
OHE_SEC_011_0969,SEC_011,48.575
OHE_SEC_011_0970,SEC_011,48.625
OHE_SEC_011_0971,SEC_011,48.675
OHE_SEC_011_0972,SEC_011,48.726
OHE_SEC_011_0973,SEC_011,48.776
OHE_SEC_011_0974,SEC_011,48.826
OHE_SEC_011_0975,SEC_011,48.876
OHE_SEC_011_0976,SEC_011,48.927
OHE_SEC_011_0977,SEC_011,48.977
OHE_SEC_011_0978,SEC_011,49.027
OHE_SEC_011_0979,SEC_011,49.077
OHE_SEC_011_0980,SEC_011,49.127
OHE_SEC_011_0981,SEC_011,49.178
OHE_SEC_011_0982,SEC_011,49.228
OHE_SEC_011_0983,SEC_011,49.278
OHE_SEC_011_0984,SEC_011,49.328
OHE_SEC_011_0985,SEC_011,49.379
OHE_SEC_011_0986,SEC_011,49.429
OHE_SEC_011_0987,SEC_011,49.479
OHE_SEC_011_0988,SEC_011,49.529
OHE_SEC_011_0989,SEC_011,49.58
OHE_SEC_011_0990,SEC_011,49.63
OHE_SEC_011_0991,SEC_011,49.68
OHE_SEC_011_0992,SEC_011,49.73
OHE_SEC_011_0993,SEC_011,49.78
OHE_SEC_011_0994,SEC_011,49.831
OHE_SEC_011_0995,SEC_011,49.881
OHE_SEC_011_0996,SEC_011,49.931
OHE_SEC_011_0997,SEC_011,49.981
OHE_SEC_011_0998,SEC_011,50.032
OHE_SEC_011_0999,SEC_011,50.082
OHE_SEC_011_1000,SEC_011,50.132
OHE_SEC_011_1001,SEC_011,50.182
OHE_SEC_011_1002,SEC_011,50.233
OHE_SEC_011_1003,SEC_011,50.283
OHE_SEC_011_1004,SEC_011,50.333
OHE_SEC_011_1005,SEC_011,50.383
OHE_SEC_011_1006,SEC_011,50.434
OHE_SEC_011_1007,SEC_011,50.484
OHE_SEC_011_1008,SEC_011,50.534
OHE_SEC_011_1009,SEC_011,50.584
OHE_SEC_011_1010,SEC_011,50.634
OHE_SEC_011_1011,SEC_011,50.685
OHE_SEC_011_1012,SEC_011,50.735
OHE_SEC_011_1013,SEC_011,50.785
OHE_SEC_011_1014,SEC_011,50.835
OHE_SEC_011_1015,SEC_011,50.886
OHE_SEC_011_1016,SEC_011,50.936
OHE_SEC_011_1017,SEC_011,50.986
OHE_SEC_011_1018,SEC_011,51.036
OHE_SEC_011_1019,SEC_011,51.087
OHE_SEC_011_1020,SEC_011,51.137
OHE_SEC_011_1021,SEC_011,51.187
OHE_SEC_011_1022,SEC_011,51.237
OHE_SEC_011_1023,SEC_011,51.288
OHE_SEC_011_1024,SEC_011,51.338
OHE_SEC_011_1025,SEC_011,51.388
OHE_SEC_011_1026,SEC_011,51.438
OHE_SEC_011_1027,SEC_011,51.488
OHE_SEC_011_1028,SEC_011,51.539
OHE_SEC_011_1029,SEC_011,51.589
OHE_SEC_011_1030,SEC_011,51.639
OHE_SEC_011_1031,SEC_011,51.689
OHE_SEC_011_1032,SEC_011,51.74
OHE_SEC_011_1033,SEC_011,51.79
OHE_SEC_011_1034,SEC_011,51.84
OHE_SEC_011_1035,SEC_011,51.89
OHE_SEC_011_1036,SEC_011,51.941
OHE_SEC_011_1037,SEC_011,51.991
OHE_SEC_011_1038,SEC_011,52.041
OHE_SEC_011_1039,SEC_011,52.091
OHE_SEC_011_1040,SEC_011,52.141
OHE_SEC_011_1041,SEC_011,52.192
OHE_SEC_011_1042,SEC_011,52.242
OHE_SEC_011_1043,SEC_011,52.292
OHE_SEC_011_1044,SEC_011,52.342
OHE_SEC_011_1045,SEC_011,52.393
OHE_SEC_011_1046,SEC_011,52.443
OHE_SEC_011_1047,SEC_011,52.493
OHE_SEC_011_1048,SEC_011,52.543
OHE_SEC_011_1049,SEC_011,52.594
OHE_SEC_011_1050,SEC_011,52.644
OHE_SEC_011_1051,SEC_011,52.694
OHE_SEC_011_1052,SEC_011,52.744
OHE_SEC_011_1053,SEC_011,52.794
OHE_SEC_011_1054,SEC_011,52.845
OHE_SEC_011_1055,SEC_011,52.895
OHE_SEC_011_1056,SEC_011,52.945
OHE_SEC_011_1057,SEC_011,52.995
OHE_SEC_011_1058,SEC_011,53.046
OHE_SEC_011_1059,SEC_011,53.096
OHE_SEC_011_1060,SEC_011,53.146
OHE_SEC_011_1061,SEC_011,53.196
OHE_SEC_011_1062,SEC_011,53.247
OHE_SEC_011_1063,SEC_011,53.297
OHE_SEC_011_1064,SEC_011,53.347
OHE_SEC_011_1065,SEC_011,53.397
OHE_SEC_011_1066,SEC_011,53.448
OHE_SEC_011_1067,SEC_011,53.498
OHE_SEC_011_1068,SEC_011,53.548
OHE_SEC_011_1069,SEC_011,53.598
OHE_SEC_011_1070,SEC_011,53.648
OHE_SEC_011_1071,SEC_011,53.699
OHE_SEC_011_1072,SEC_011,53.749
OHE_SEC_011_1073,SEC_011,53.799
OHE_SEC_011_1074,SEC_011,53.849
OHE_SEC_011_1075,SEC_011,53.9
OHE_SEC_011_1076,SEC_011,53.95
OHE_SEC_011_1077,SEC_011,54.0
OHE_SEC_011_1078,SEC_011,54.05
OHE_SEC_011_1079,SEC_011,54.101
OHE_SEC_011_1080,SEC_011,54.151
OHE_SEC_011_1081,SEC_011,54.201
OHE_SEC_011_1082,SEC_011,54.251
OHE_SEC_011_1083,SEC_011,54.302
OHE_SEC_011_1084,SEC_011,54.352
OHE_SEC_011_1085,SEC_011,54.402
OHE_SEC_011_1086,SEC_011,54.452
OHE_SEC_011_1087,SEC_011,54.502
OHE_SEC_011_1088,SEC_011,54.553
OHE_SEC_011_1089,SEC_011,54.603
OHE_SEC_011_1090,SEC_011,54.653
OHE_SEC_011_1091,SEC_011,54.703
OHE_SEC_011_1092,SEC_011,54.754
OHE_SEC_011_1093,SEC_011,54.804
OHE_SEC_011_1094,SEC_011,54.854
OHE_SEC_011_1095,SEC_011,54.904
OHE_SEC_011_1096,SEC_011,54.955
OHE_SEC_011_1097,SEC_011,55.005
OHE_SEC_011_1098,SEC_011,55.055
OHE_SEC_011_1099,SEC_011,55.105
OHE_SEC_011_1100,SEC_011,55.155
OHE_SEC_011_1101,SEC_011,55.206
OHE_SEC_011_1102,SEC_011,55.256
OHE_SEC_011_1103,SEC_011,55.306
OHE_SEC_011_1104,SEC_011,55.356
OHE_SEC_011_1105,SEC_011,55.407
OHE_SEC_011_1106,SEC_011,55.457
OHE_SEC_011_1107,SEC_011,55.507
OHE_SEC_011_1108,SEC_011,55.557
OHE_SEC_011_1109,SEC_011,55.608
OHE_SEC_011_1110,SEC_011,55.658
OHE_SEC_011_1111,SEC_011,55.708
OHE_SEC_011_1112,SEC_011,55.758
OHE_SEC_011_1113,SEC_011,55.808
OHE_SEC_011_1114,SEC_011,55.859
OHE_SEC_011_1115,SEC_011,55.909
OHE_SEC_011_1116,SEC_011,55.959
OHE_SEC_011_1117,SEC_011,56.009
OHE_SEC_011_1118,SEC_011,56.06
OHE_SEC_011_1119,SEC_011,56.11
OHE_SEC_011_1120,SEC_011,56.16
OHE_SEC_011_1121,SEC_011,56.21
OHE_SEC_011_1122,SEC_011,56.261
OHE_SEC_011_1123,SEC_011,56.311
OHE_SEC_011_1124,SEC_011,56.361
OHE_SEC_011_1125,SEC_011,56.411
OHE_SEC_011_1126,SEC_011,56.462
OHE_SEC_011_1127,SEC_011,56.512
OHE_SEC_011_1128,SEC_011,56.562
OHE_SEC_011_1129,SEC_011,56.612
OHE_SEC_011_1130,SEC_011,56.662
OHE_SEC_011_1131,SEC_011,56.713
OHE_SEC_011_1132,SEC_011,56.763
OHE_SEC_011_1133,SEC_011,56.813
OHE_SEC_011_1134,SEC_011,56.863
OHE_SEC_011_1135,SEC_011,56.914
OHE_SEC_011_1136,SEC_011,56.964
OHE_SEC_011_1137,SEC_011,57.014
OHE_SEC_011_1138,SEC_011,57.064
OHE_SEC_011_1139,SEC_011,57.115
OHE_SEC_011_1140,SEC_011,57.165
OHE_SEC_011_1141,SEC_011,57.215
OHE_SEC_011_1142,SEC_011,57.265
OHE_SEC_011_1143,SEC_011,57.315
OHE_SEC_011_1144,SEC_011,57.366
OHE_SEC_011_1145,SEC_011,57.416
OHE_SEC_011_1146,SEC_011,57.466
OHE_SEC_011_1147,SEC_011,57.516
OHE_SEC_011_1148,SEC_011,57.567
OHE_SEC_011_1149,SEC_011,57.617
OHE_SEC_011_1150,SEC_011,57.667
OHE_SEC_011_1151,SEC_011,57.717
OHE_SEC_011_1152,SEC_011,57.768
OHE_SEC_011_1153,SEC_011,57.818
OHE_SEC_011_1154,SEC_011,57.868
OHE_SEC_011_1155,SEC_011,57.918
OHE_SEC_011_1156,SEC_011,57.969
OHE_SEC_011_1157,SEC_011,58.019
OHE_SEC_011_1158,SEC_011,58.069
OHE_SEC_012_1159,SEC_012,58.109
OHE_SEC_012_1160,SEC_012,58.159
OHE_SEC_012_1161,SEC_012,58.209
OHE_SEC_012_1162,SEC_012,58.26
OHE_SEC_012_1163,SEC_012,58.31
OHE_SEC_012_1164,SEC_012,58.36
OHE_SEC_012_1165,SEC_012,58.41
OHE_SEC_012_1166,SEC_012,58.46
OHE_SEC_012_1167,SEC_012,58.511
OHE_SEC_012_1168,SEC_012,58.561
OHE_SEC_012_1169,SEC_012,58.611
OHE_SEC_012_1170,SEC_012,58.661
OHE_SEC_012_1171,SEC_012,58.712
OHE_SEC_012_1172,SEC_012,58.762
OHE_SEC_012_1173,SEC_012,58.812
OHE_SEC_012_1174,SEC_012,58.862
OHE_SEC_012_1175,SEC_012,58.912
OHE_SEC_012_1176,SEC_012,58.963
OHE_SEC_012_1177,SEC_012,59.013
OHE_SEC_012_1178,SEC_012,59.063
OHE_SEC_012_1179,SEC_012,59.113
OHE_SEC_012_1180,SEC_012,59.163
OHE_SEC_012_1181,SEC_012,59.214
OHE_SEC_012_1182,SEC_012,59.264
OHE_SEC_012_1183,SEC_012,59.314
OHE_SEC_012_1184,SEC_012,59.364
OHE_SEC_012_1185,SEC_012,59.415
OHE_SEC_012_1186,SEC_012,59.465
OHE_SEC_012_1187,SEC_012,59.515
OHE_SEC_012_1188,SEC_012,59.565
OHE_SEC_012_1189,SEC_012,59.615
OHE_SEC_012_1190,SEC_012,59.666
OHE_SEC_012_1191,SEC_012,59.716
OHE_SEC_012_1192,SEC_012,59.766
OHE_SEC_012_1193,SEC_012,59.816
OHE_SEC_012_1194,SEC_012,59.866
OHE_SEC_012_1195,SEC_012,59.917
OHE_SEC_012_1196,SEC_012,59.967
OHE_SEC_012_1197,SEC_012,60.017
OHE_SEC_012_1198,SEC_012,60.067
OHE_SEC_012_1199,SEC_012,60.118
OHE_SEC_012_1200,SEC_012,60.168
OHE_SEC_012_1201,SEC_012,60.218
OHE_SEC_012_1202,SEC_012,60.268
OHE_SEC_012_1203,SEC_012,60.318
OHE_SEC_012_1204,SEC_012,60.369
OHE_SEC_012_1205,SEC_012,60.419
OHE_SEC_012_1206,SEC_012,60.469
OHE_SEC_012_1207,SEC_012,60.519
OHE_SEC_012_1208,SEC_012,60.569
OHE_SEC_012_1209,SEC_012,60.62
OHE_SEC_012_1210,SEC_012,60.67
OHE_SEC_012_1211,SEC_012,60.72
OHE_SEC_012_1212,SEC_012,60.77
OHE_SEC_012_1213,SEC_012,60.82
OHE_SEC_012_1214,SEC_012,60.871
OHE_SEC_012_1215,SEC_012,60.921
OHE_SEC_012_1216,SEC_012,60.971
OHE_SEC_012_1217,SEC_012,61.021
OHE_SEC_012_1218,SEC_012,61.072
OHE_SEC_012_1219,SEC_012,61.122
OHE_SEC_012_1220,SEC_012,61.172
OHE_SEC_012_1221,SEC_012,61.222
OHE_SEC_012_1222,SEC_012,61.272
OHE_SEC_012_1223,SEC_012,61.323
OHE_SEC_012_1224,SEC_012,61.373
OHE_SEC_012_1225,SEC_012,61.423
OHE_SEC_012_1226,SEC_012,61.473
OHE_SEC_012_1227,SEC_012,61.523
OHE_SEC_012_1228,SEC_012,61.574
OHE_SEC_012_1229,SEC_012,61.624
OHE_SEC_012_1230,SEC_012,61.674
OHE_SEC_012_1231,SEC_012,61.724
OHE_SEC_012_1232,SEC_012,61.775
OHE_SEC_012_1233,SEC_012,61.825
OHE_SEC_012_1234,SEC_012,61.875
OHE_SEC_012_1235,SEC_012,61.925
OHE_SEC_012_1236,SEC_012,61.975
OHE_SEC_012_1237,SEC_012,62.026
OHE_SEC_012_1238,SEC_012,62.076
OHE_SEC_012_1239,SEC_012,62.126
OHE_SEC_012_1240,SEC_012,62.176
OHE_SEC_012_1241,SEC_012,62.226
OHE_SEC_012_1242,SEC_012,62.277
OHE_SEC_012_1243,SEC_012,62.327
OHE_SEC_012_1244,SEC_012,62.377
OHE_SEC_012_1245,SEC_012,62.427
OHE_SEC_012_1246,SEC_012,62.478
OHE_SEC_012_1247,SEC_012,62.528
OHE_SEC_012_1248,SEC_012,62.578
OHE_SEC_012_1249,SEC_012,62.628
OHE_SEC_012_1250,SEC_012,62.678
OHE_SEC_012_1251,SEC_012,62.729
OHE_SEC_012_1252,SEC_012,62.779
OHE_SEC_012_1253,SEC_012,62.829
OHE_SEC_013_1254,SEC_013,62.869
OHE_SEC_013_1255,SEC_013,62.919
OHE_SEC_013_1256,SEC_013,62.97
OHE_SEC_013_1257,SEC_013,63.02
OHE_SEC_013_1258,SEC_013,63.071
OHE_SEC_013_1259,SEC_013,63.121
OHE_SEC_013_1260,SEC_013,63.172
OHE_SEC_013_1261,SEC_013,63.222
OHE_SEC_013_1262,SEC_013,63.273
OHE_SEC_013_1263,SEC_013,63.323
OHE_SEC_013_1264,SEC_013,63.374
OHE_SEC_013_1265,SEC_013,63.424
OHE_SEC_013_1266,SEC_013,63.475
OHE_SEC_013_1267,SEC_013,63.525
OHE_SEC_013_1268,SEC_013,63.575
OHE_SEC_013_1269,SEC_013,63.626
OHE_SEC_013_1270,SEC_013,63.676
OHE_SEC_013_1271,SEC_013,63.727
OHE_SEC_013_1272,SEC_013,63.777
OHE_SEC_013_1273,SEC_013,63.828
OHE_SEC_013_1274,SEC_013,63.878
OHE_SEC_013_1275,SEC_013,63.929
OHE_SEC_013_1276,SEC_013,63.979
OHE_SEC_013_1277,SEC_013,64.03
OHE_SEC_013_1278,SEC_013,64.08
OHE_SEC_013_1279,SEC_013,64.131
OHE_SEC_013_1280,SEC_013,64.181
OHE_SEC_013_1281,SEC_013,64.231
OHE_SEC_013_1282,SEC_013,64.282
OHE_SEC_013_1283,SEC_013,64.332
OHE_SEC_013_1284,SEC_013,64.383
OHE_SEC_013_1285,SEC_013,64.433
OHE_SEC_013_1286,SEC_013,64.484
OHE_SEC_013_1287,SEC_013,64.534
OHE_SEC_013_1288,SEC_013,64.585
OHE_SEC_013_1289,SEC_013,64.635
OHE_SEC_013_1290,SEC_013,64.686
OHE_SEC_013_1291,SEC_013,64.736
OHE_SEC_013_1292,SEC_013,64.787
OHE_SEC_013_1293,SEC_013,64.837
OHE_SEC_013_1294,SEC_013,64.887
OHE_SEC_013_1295,SEC_013,64.938
OHE_SEC_013_1296,SEC_013,64.988
OHE_SEC_013_1297,SEC_013,65.039
OHE_SEC_013_1298,SEC_013,65.089
OHE_SEC_013_1299,SEC_013,65.14
OHE_SEC_013_1300,SEC_013,65.19
OHE_SEC_013_1301,SEC_013,65.241
OHE_SEC_013_1302,SEC_013,65.291
OHE_SEC_013_1303,SEC_013,65.342
OHE_SEC_013_1304,SEC_013,65.392
OHE_SEC_013_1305,SEC_013,65.443
OHE_SEC_013_1306,SEC_013,65.493
OHE_SEC_014_1307,SEC_014,65.533
OHE_SEC_014_1308,SEC_014,65.583
OHE_SEC_014_1309,SEC_014,65.634
OHE_SEC_014_1310,SEC_014,65.684
OHE_SEC_014_1311,SEC_014,65.735
OHE_SEC_014_1312,SEC_014,65.785
OHE_SEC_014_1313,SEC_014,65.835
OHE_SEC_014_1314,SEC_014,65.886
OHE_SEC_014_1315,SEC_014,65.936
OHE_SEC_014_1316,SEC_014,65.986
OHE_SEC_014_1317,SEC_014,66.037
OHE_SEC_014_1318,SEC_014,66.087
OHE_SEC_014_1319,SEC_014,66.138
OHE_SEC_014_1320,SEC_014,66.188
OHE_SEC_014_1321,SEC_014,66.238
OHE_SEC_014_1322,SEC_014,66.289
OHE_SEC_014_1323,SEC_014,66.339
OHE_SEC_014_1324,SEC_014,66.39
OHE_SEC_014_1325,SEC_014,66.44
OHE_SEC_014_1326,SEC_014,66.49
OHE_SEC_014_1327,SEC_014,66.541
OHE_SEC_014_1328,SEC_014,66.591
OHE_SEC_014_1329,SEC_014,66.641
OHE_SEC_014_1330,SEC_014,66.692
OHE_SEC_014_1331,SEC_014,66.742
OHE_SEC_014_1332,SEC_014,66.793
OHE_SEC_014_1333,SEC_014,66.843
OHE_SEC_014_1334,SEC_014,66.893
OHE_SEC_014_1335,SEC_014,66.944
OHE_SEC_014_1336,SEC_014,66.994
OHE_SEC_014_1337,SEC_014,67.045
OHE_SEC_014_1338,SEC_014,67.095
OHE_SEC_014_1339,SEC_014,67.145
OHE_SEC_014_1340,SEC_014,67.196
OHE_SEC_014_1341,SEC_014,67.246
OHE_SEC_014_1342,SEC_014,67.296
OHE_SEC_014_1343,SEC_014,67.347
OHE_SEC_014_1344,SEC_014,67.397
OHE_SEC_014_1345,SEC_014,67.448
OHE_SEC_014_1346,SEC_014,67.498
OHE_SEC_014_1347,SEC_014,67.548
OHE_SEC_014_1348,SEC_014,67.599
OHE_SEC_014_1349,SEC_014,67.649
OHE_SEC_014_1350,SEC_014,67.7
OHE_SEC_014_1351,SEC_014,67.75
OHE_SEC_014_1352,SEC_014,67.8
OHE_SEC_014_1353,SEC_014,67.851
OHE_SEC_014_1354,SEC_014,67.901
OHE_SEC_014_1355,SEC_014,67.951
OHE_SEC_014_1356,SEC_014,68.002
OHE_SEC_014_1357,SEC_014,68.052
OHE_SEC_014_1358,SEC_014,68.103
OHE_SEC_014_1359,SEC_014,68.153
OHE_SEC_014_1360,SEC_014,68.203
OHE_SEC_014_1361,SEC_014,68.254
OHE_SEC_014_1362,SEC_014,68.304
OHE_SEC_014_1363,SEC_014,68.354
OHE_SEC_014_1364,SEC_014,68.405
OHE_SEC_014_1365,SEC_014,68.455
OHE_SEC_014_1366,SEC_014,68.506
OHE_SEC_014_1367,SEC_014,68.556
OHE_SEC_014_1368,SEC_014,68.606
OHE_SEC_014_1369,SEC_014,68.657
OHE_SEC_014_1370,SEC_014,68.707
OHE_SEC_014_1371,SEC_014,68.758
OHE_SEC_014_1372,SEC_014,68.808
OHE_SEC_014_1373,SEC_014,68.858
OHE_SEC_014_1374,SEC_014,68.909
OHE_SEC_014_1375,SEC_014,68.959
OHE_SEC_014_1376,SEC_014,69.009
OHE_SEC_014_1377,SEC_014,69.06
OHE_SEC_014_1378,SEC_014,69.11
OHE_SEC_014_1379,SEC_014,69.161
OHE_SEC_014_1380,SEC_014,69.211
OHE_SEC_014_1381,SEC_014,69.261
OHE_SEC_014_1382,SEC_014,69.312
OHE_SEC_014_1383,SEC_014,69.362
OHE_SEC_014_1384,SEC_014,69.413
OHE_SEC_014_1385,SEC_014,69.463
OHE_SEC_014_1386,SEC_014,69.513
OHE_SEC_014_1387,SEC_014,69.564
OHE_SEC_014_1388,SEC_014,69.614
OHE_SEC_014_1389,SEC_014,69.664
OHE_SEC_014_1390,SEC_014,69.715
OHE_SEC_014_1391,SEC_014,69.765
OHE_SEC_014_1392,SEC_014,69.816
OHE_SEC_014_1393,SEC_014,69.866
OHE_SEC_014_1394,SEC_014,69.916
OHE_SEC_014_1395,SEC_014,69.967
OHE_SEC_014_1396,SEC_014,70.017
OHE_SEC_014_1397,SEC_014,70.068
OHE_SEC_014_1398,SEC_014,70.118
OHE_SEC_014_1399,SEC_014,70.168
OHE_SEC_014_1400,SEC_014,70.219
OHE_SEC_014_1401,SEC_014,70.269
OHE_SEC_014_1402,SEC_014,70.319
OHE_SEC_014_1403,SEC_014,70.37
OHE_SEC_014_1404,SEC_014,70.42
OHE_SEC_014_1405,SEC_014,70.471
OHE_SEC_014_1406,SEC_014,70.521
OHE_SEC_014_1407,SEC_014,70.571
OHE_SEC_014_1408,SEC_014,70.622
OHE_SEC_014_1409,SEC_014,70.672
OHE_SEC_014_1410,SEC_014,70.723
OHE_SEC_014_1411,SEC_014,70.773
OHE_SEC_014_1412,SEC_014,70.823
OHE_SEC_014_1413,SEC_014,70.874
OHE_SEC_014_1414,SEC_014,70.924
OHE_SEC_014_1415,SEC_014,70.974
OHE_SEC_014_1416,SEC_014,71.025
OHE_SEC_014_1417,SEC_014,71.075
OHE_SEC_014_1418,SEC_014,71.126
OHE_SEC_014_1419,SEC_014,71.176
OHE_SEC_015_1420,SEC_015,71.216
OHE_SEC_015_1421,SEC_015,71.266
OHE_SEC_015_1422,SEC_015,71.316
OHE_SEC_015_1423,SEC_015,71.367
OHE_SEC_015_1424,SEC_015,71.417
OHE_SEC_015_1425,SEC_015,71.467
OHE_SEC_015_1426,SEC_015,71.517
OHE_SEC_015_1427,SEC_015,71.568
OHE_SEC_015_1428,SEC_015,71.618
OHE_SEC_015_1429,SEC_015,71.668
OHE_SEC_015_1430,SEC_015,71.718
OHE_SEC_015_1431,SEC_015,71.769
OHE_SEC_015_1432,SEC_015,71.819
OHE_SEC_015_1433,SEC_015,71.869
OHE_SEC_015_1434,SEC_015,71.919
OHE_SEC_015_1435,SEC_015,71.97
OHE_SEC_015_1436,SEC_015,72.02
OHE_SEC_015_1437,SEC_015,72.07
OHE_SEC_015_1438,SEC_015,72.12
OHE_SEC_015_1439,SEC_015,72.171
OHE_SEC_015_1440,SEC_015,72.221
OHE_SEC_015_1441,SEC_015,72.271
OHE_SEC_015_1442,SEC_015,72.321
OHE_SEC_015_1443,SEC_015,72.372
OHE_SEC_015_1444,SEC_015,72.422
OHE_SEC_015_1445,SEC_015,72.472
OHE_SEC_015_1446,SEC_015,72.522
OHE_SEC_015_1447,SEC_015,72.573
OHE_SEC_015_1448,SEC_015,72.623
OHE_SEC_015_1449,SEC_015,72.673
OHE_SEC_015_1450,SEC_015,72.723
OHE_SEC_015_1451,SEC_015,72.774
OHE_SEC_015_1452,SEC_015,72.824
OHE_SEC_015_1453,SEC_015,72.874
OHE_SEC_015_1454,SEC_015,72.924
OHE_SEC_015_1455,SEC_015,72.974
OHE_SEC_015_1456,SEC_015,73.025
OHE_SEC_015_1457,SEC_015,73.075
OHE_SEC_015_1458,SEC_015,73.125
OHE_SEC_015_1459,SEC_015,73.175
OHE_SEC_015_1460,SEC_015,73.226
OHE_SEC_015_1461,SEC_015,73.276
OHE_SEC_015_1462,SEC_015,73.326
OHE_SEC_015_1463,SEC_015,73.376
OHE_SEC_015_1464,SEC_015,73.427
OHE_SEC_015_1465,SEC_015,73.477
OHE_SEC_015_1466,SEC_015,73.527
OHE_SEC_015_1467,SEC_015,73.577
OHE_SEC_015_1468,SEC_015,73.628
OHE_SEC_015_1469,SEC_015,73.678
OHE_SEC_015_1470,SEC_015,73.728
OHE_SEC_015_1471,SEC_015,73.778
OHE_SEC_015_1472,SEC_015,73.829
OHE_SEC_015_1473,SEC_015,73.879
OHE_SEC_015_1474,SEC_015,73.929
OHE_SEC_015_1475,SEC_015,73.979
OHE_SEC_015_1476,SEC_015,74.03
OHE_SEC_015_1477,SEC_015,74.08
OHE_SEC_015_1478,SEC_015,74.13
OHE_SEC_015_1479,SEC_015,74.18
OHE_SEC_015_1480,SEC_015,74.231
OHE_SEC_015_1481,SEC_015,74.281
OHE_SEC_015_1482,SEC_015,74.331
OHE_SEC_016_1483,SEC_016,74.371
OHE_SEC_016_1484,SEC_016,74.398
OHE_SEC_017_1485,SEC_017,74.438
OHE_SEC_017_1486,SEC_017,74.488
OHE_SEC_017_1487,SEC_017,74.538
OHE_SEC_017_1488,SEC_017,74.589
OHE_SEC_017_1489,SEC_017,74.639
OHE_SEC_017_1490,SEC_017,74.689
OHE_SEC_017_1491,SEC_017,74.739
OHE_SEC_017_1492,SEC_017,74.789
OHE_SEC_017_1493,SEC_017,74.84
OHE_SEC_017_1494,SEC_017,74.89
OHE_SEC_017_1495,SEC_017,74.94
OHE_SEC_017_1496,SEC_017,74.99
OHE_SEC_017_1497,SEC_017,75.04
OHE_SEC_017_1498,SEC_017,75.091
OHE_SEC_017_1499,SEC_017,75.141
OHE_SEC_017_1500,SEC_017,75.191
OHE_SEC_017_1501,SEC_017,75.241
OHE_SEC_017_1502,SEC_017,75.291
OHE_SEC_017_1503,SEC_017,75.342
OHE_SEC_017_1504,SEC_017,75.392
OHE_SEC_017_1505,SEC_017,75.442
OHE_SEC_017_1506,SEC_017,75.492
OHE_SEC_017_1507,SEC_017,75.542
OHE_SEC_017_1508,SEC_017,75.593
OHE_SEC_017_1509,SEC_017,75.643
OHE_SEC_017_1510,SEC_017,75.693
OHE_SEC_017_1511,SEC_017,75.743
OHE_SEC_017_1512,SEC_017,75.793
OHE_SEC_017_1513,SEC_017,75.844
OHE_SEC_017_1514,SEC_017,75.894
OHE_SEC_017_1515,SEC_017,75.944
OHE_SEC_017_1516,SEC_017,75.994
OHE_SEC_017_1517,SEC_017,76.044
OHE_SEC_017_1518,SEC_017,76.095
OHE_SEC_017_1519,SEC_017,76.145
OHE_SEC_017_1520,SEC_017,76.195
OHE_SEC_017_1521,SEC_017,76.245
OHE_SEC_017_1522,SEC_017,76.295
OHE_SEC_017_1523,SEC_017,76.346
OHE_SEC_017_1524,SEC_017,76.396
OHE_SEC_017_1525,SEC_017,76.446
OHE_SEC_017_1526,SEC_017,76.496
OHE_SEC_017_1527,SEC_017,76.546
OHE_SEC_017_1528,SEC_017,76.597
OHE_SEC_017_1529,SEC_017,76.647
OHE_SEC_017_1530,SEC_017,76.697
OHE_SEC_017_1531,SEC_017,76.747
OHE_SEC_017_1532,SEC_017,76.797
OHE_SEC_017_1533,SEC_017,76.848
OHE_SEC_017_1534,SEC_017,76.898
OHE_SEC_017_1535,SEC_017,76.948
OHE_SEC_017_1536,SEC_017,76.998
OHE_SEC_017_1537,SEC_017,77.048
OHE_SEC_017_1538,SEC_017,77.099
OHE_SEC_017_1539,SEC_017,77.149
OHE_SEC_017_1540,SEC_017,77.199
OHE_SEC_017_1541,SEC_017,77.249
OHE_SEC_017_1542,SEC_017,77.299
OHE_SEC_017_1543,SEC_017,77.35
OHE_SEC_017_1544,SEC_017,77.4
OHE_SEC_017_1545,SEC_017,77.45
OHE_SEC_017_1546,SEC_017,77.5
OHE_SEC_017_1547,SEC_017,77.55
OHE_SEC_017_1548,SEC_017,77.601
OHE_SEC_017_1549,SEC_017,77.651
OHE_SEC_017_1550,SEC_017,77.701
OHE_SEC_018_1551,SEC_018,77.741
OHE_SEC_018_1552,SEC_018,77.791
OHE_SEC_018_1553,SEC_018,77.841
OHE_SEC_018_1554,SEC_018,77.892
OHE_SEC_018_1555,SEC_018,77.942
OHE_SEC_018_1556,SEC_018,77.992
OHE_SEC_018_1557,SEC_018,78.042
OHE_SEC_018_1558,SEC_018,78.093
OHE_SEC_018_1559,SEC_018,78.143
OHE_SEC_018_1560,SEC_018,78.193
OHE_SEC_018_1561,SEC_018,78.243
OHE_SEC_018_1562,SEC_018,78.294
OHE_SEC_018_1563,SEC_018,78.344
OHE_SEC_018_1564,SEC_018,78.394
OHE_SEC_018_1565,SEC_018,78.444
OHE_SEC_018_1566,SEC_018,78.494
OHE_SEC_018_1567,SEC_018,78.545
OHE_SEC_018_1568,SEC_018,78.595
OHE_SEC_018_1569,SEC_018,78.645
OHE_SEC_018_1570,SEC_018,78.695
OHE_SEC_018_1571,SEC_018,78.746
OHE_SEC_018_1572,SEC_018,78.796
OHE_SEC_018_1573,SEC_018,78.846
OHE_SEC_018_1574,SEC_018,78.896
OHE_SEC_018_1575,SEC_018,78.947
OHE_SEC_018_1576,SEC_018,78.997
OHE_SEC_018_1577,SEC_018,79.047
OHE_SEC_018_1578,SEC_018,79.097
OHE_SEC_018_1579,SEC_018,79.147
OHE_SEC_018_1580,SEC_018,79.198
OHE_SEC_018_1581,SEC_018,79.248
OHE_SEC_018_1582,SEC_018,79.298
OHE_SEC_018_1583,SEC_018,79.348
OHE_SEC_018_1584,SEC_018,79.399
OHE_SEC_018_1585,SEC_018,79.449
OHE_SEC_018_1586,SEC_018,79.499
OHE_SEC_018_1587,SEC_018,79.549
OHE_SEC_018_1588,SEC_018,79.6
OHE_SEC_018_1589,SEC_018,79.65
OHE_SEC_018_1590,SEC_018,79.7
OHE_SEC_018_1591,SEC_018,79.75
OHE_SEC_018_1592,SEC_018,79.8
OHE_SEC_018_1593,SEC_018,79.851
OHE_SEC_018_1594,SEC_018,79.901
OHE_SEC_018_1595,SEC_018,79.951
OHE_SEC_018_1596,SEC_018,80.001
OHE_SEC_018_1597,SEC_018,80.052
OHE_SEC_018_1598,SEC_018,80.102
OHE_SEC_018_1599,SEC_018,80.152
OHE_SEC_018_1600,SEC_018,80.202
OHE_SEC_018_1601,SEC_018,80.253
OHE_SEC_018_1602,SEC_018,80.303
OHE_SEC_018_1603,SEC_018,80.353
OHE_SEC_018_1604,SEC_018,80.403
OHE_SEC_018_1605,SEC_018,80.453
OHE_SEC_018_1606,SEC_018,80.504
OHE_SEC_018_1607,SEC_018,80.554
OHE_SEC_018_1608,SEC_018,80.604
OHE_SEC_018_1609,SEC_018,80.654
OHE_SEC_018_1610,SEC_018,80.705
OHE_SEC_018_1611,SEC_018,80.755
OHE_SEC_018_1612,SEC_018,80.805
OHE_SEC_018_1613,SEC_018,80.855
OHE_SEC_018_1614,SEC_018,80.906
OHE_SEC_018_1615,SEC_018,80.956
OHE_SEC_018_1616,SEC_018,81.006
OHE_SEC_018_1617,SEC_018,81.056
OHE_SEC_018_1618,SEC_018,81.106
OHE_SEC_018_1619,SEC_018,81.157
OHE_SEC_018_1620,SEC_018,81.207
OHE_SEC_018_1621,SEC_018,81.257
OHE_SEC_018_1622,SEC_018,81.307
OHE_SEC_018_1623,SEC_018,81.358
OHE_SEC_018_1624,SEC_018,81.408
OHE_SEC_018_1625,SEC_018,81.458
OHE_SEC_018_1626,SEC_018,81.508
OHE_SEC_018_1627,SEC_018,81.559
OHE_SEC_018_1628,SEC_018,81.609
OHE_SEC_018_1629,SEC_018,81.659
OHE_SEC_018_1630,SEC_018,81.709
OHE_SEC_018_1631,SEC_018,81.759
OHE_SEC_018_1632,SEC_018,81.81
OHE_SEC_018_1633,SEC_018,81.86
OHE_SEC_018_1634,SEC_018,81.91
OHE_SEC_018_1635,SEC_018,81.96
OHE_SEC_018_1636,SEC_018,82.011
OHE_SEC_018_1637,SEC_018,82.061
OHE_SEC_018_1638,SEC_018,82.111
OHE_SEC_018_1639,SEC_018,82.161
OHE_SEC_018_1640,SEC_018,82.212
OHE_SEC_018_1641,SEC_018,82.262
OHE_SEC_018_1642,SEC_018,82.312
OHE_SEC_018_1643,SEC_018,82.362
OHE_SEC_018_1644,SEC_018,82.412
OHE_SEC_018_1645,SEC_018,82.463
OHE_SEC_018_1646,SEC_018,82.513
OHE_SEC_018_1647,SEC_018,82.563
OHE_SEC_018_1648,SEC_018,82.613
OHE_SEC_018_1649,SEC_018,82.664
OHE_SEC_018_1650,SEC_018,82.714
OHE_SEC_018_1651,SEC_018,82.764
OHE_SEC_018_1652,SEC_018,82.814
OHE_SEC_018_1653,SEC_018,82.865
OHE_SEC_018_1654,SEC_018,82.915
OHE_SEC_018_1655,SEC_018,82.965
OHE_SEC_018_1656,SEC_018,83.015
OHE_SEC_018_1657,SEC_018,83.065
OHE_SEC_018_1658,SEC_018,83.116
OHE_SEC_018_1659,SEC_018,83.166
OHE_SEC_018_1660,SEC_018,83.216
OHE_SEC_018_1661,SEC_018,83.266
OHE_SEC_018_1662,SEC_018,83.317
OHE_SEC_018_1663,SEC_018,83.367
OHE_SEC_018_1664,SEC_018,83.417
OHE_SEC_018_1665,SEC_018,83.467
OHE_SEC_018_1666,SEC_018,83.518
OHE_SEC_018_1667,SEC_018,83.568
OHE_SEC_018_1668,SEC_018,83.618
OHE_SEC_018_1669,SEC_018,83.668
OHE_SEC_018_1670,SEC_018,83.718
OHE_SEC_018_1671,SEC_018,83.769
OHE_SEC_018_1672,SEC_018,83.819
OHE_SEC_018_1673,SEC_018,83.869
OHE_SEC_018_1674,SEC_018,83.919
OHE_SEC_018_1675,SEC_018,83.97
OHE_SEC_018_1676,SEC_018,84.02
OHE_SEC_018_1677,SEC_018,84.07
OHE_SEC_018_1678,SEC_018,84.12
OHE_SEC_018_1679,SEC_018,84.171
OHE_SEC_018_1680,SEC_018,84.221
OHE_SEC_018_1681,SEC_018,84.271
OHE_SEC_018_1682,SEC_018,84.321
OHE_SEC_018_1683,SEC_018,84.371
OHE_SEC_018_1684,SEC_018,84.422
OHE_SEC_018_1685,SEC_018,84.472
OHE_SEC_018_1686,SEC_018,84.522
OHE_SEC_018_1687,SEC_018,84.572
OHE_SEC_018_1688,SEC_018,84.623
OHE_SEC_018_1689,SEC_018,84.673
OHE_SEC_018_1690,SEC_018,84.723
OHE_SEC_018_1691,SEC_018,84.773
OHE_SEC_018_1692,SEC_018,84.824
OHE_SEC_018_1693,SEC_018,84.874
OHE_SEC_018_1694,SEC_018,84.924
OHE_SEC_018_1695,SEC_018,84.974
OHE_SEC_018_1696,SEC_018,85.024
OHE_SEC_018_1697,SEC_018,85.075
OHE_SEC_018_1698,SEC_018,85.125
OHE_SEC_018_1699,SEC_018,85.175
OHE_SEC_018_1700,SEC_018,85.225
OHE_SEC_018_1701,SEC_018,85.276
OHE_SEC_018_1702,SEC_018,85.326
OHE_SEC_018_1703,SEC_018,85.376
OHE_SEC_018_1704,SEC_018,85.426
OHE_SEC_018_1705,SEC_018,85.477
OHE_SEC_018_1706,SEC_018,85.527
OHE_SEC_018_1707,SEC_018,85.577
OHE_SEC_018_1708,SEC_018,85.627
OHE_SEC_018_1709,SEC_018,85.677
OHE_SEC_018_1710,SEC_018,85.728
OHE_SEC_018_1711,SEC_018,85.778
OHE_SEC_018_1712,SEC_018,85.828
OHE_SEC_018_1713,SEC_018,85.878
OHE_SEC_018_1714,SEC_018,85.929
OHE_SEC_018_1715,SEC_018,85.979
OHE_SEC_018_1716,SEC_018,86.029
OHE_SEC_018_1717,SEC_018,86.079
OHE_SEC_018_1718,SEC_018,86.13
OHE_SEC_018_1719,SEC_018,86.18
OHE_SEC_018_1720,SEC_018,86.23
OHE_SEC_018_1721,SEC_018,86.28
OHE_SEC_018_1722,SEC_018,86.33
OHE_SEC_018_1723,SEC_018,86.381
OHE_SEC_018_1724,SEC_018,86.431
OHE_SEC_018_1725,SEC_018,86.481
OHE_SEC_018_1726,SEC_018,86.531
OHE_SEC_018_1727,SEC_018,86.582
OHE_SEC_018_1728,SEC_018,86.632
OHE_SEC_018_1729,SEC_018,86.682
OHE_SEC_018_1730,SEC_018,86.732
OHE_SEC_018_1731,SEC_018,86.783
OHE_SEC_018_1732,SEC_018,86.833
OHE_SEC_018_1733,SEC_018,86.883
OHE_SEC_018_1734,SEC_018,86.933
OHE_SEC_018_1735,SEC_018,86.983
OHE_SEC_018_1736,SEC_018,87.034
OHE_SEC_018_1737,SEC_018,87.084
OHE_SEC_018_1738,SEC_018,87.134
OHE_SEC_018_1739,SEC_018,87.184
OHE_SEC_018_1740,SEC_018,87.235
OHE_SEC_018_1741,SEC_018,87.285
OHE_SEC_018_1742,SEC_018,87.335
OHE_SEC_018_1743,SEC_018,87.385
OHE_SEC_018_1744,SEC_018,87.436
OHE_SEC_018_1745,SEC_018,87.486
OHE_SEC_018_1746,SEC_018,87.536
OHE_SEC_019_1747,SEC_019,87.576
OHE_SEC_019_1748,SEC_019,87.636
OHE_SEC_019_1749,SEC_019,87.697
OHE_SEC_019_1750,SEC_019,87.757
OHE_SEC_019_1751,SEC_019,87.818
OHE_SEC_019_1752,SEC_019,87.878
OHE_SEC_020_1753,SEC_020,87.918
OHE_SEC_020_1754,SEC_020,87.972
OHE_SEC_020_1755,SEC_020,88.025
OHE_SEC_020_1756,SEC_020,88.079
OHE_SEC_020_1757,SEC_020,88.132
OHE_SEC_020_1758,SEC_020,88.186
OHE_SEC_020_1759,SEC_020,88.24
OHE_SEC_020_1760,SEC_020,88.293
OHE_SEC_020_1761,SEC_020,88.347
OHE_SEC_020_1762,SEC_020,88.401
OHE_SEC_020_1763,SEC_020,88.454
OHE_SEC_020_1764,SEC_020,88.508
OHE_SEC_020_1765,SEC_020,88.562
OHE_SEC_020_1766,SEC_020,88.615
OHE_SEC_020_1767,SEC_020,88.669
OHE_SEC_020_1768,SEC_020,88.722
OHE_SEC_020_1769,SEC_020,88.776
OHE_SEC_021_1770,SEC_021,88.816
OHE_SEC_021_1771,SEC_021,88.868
OHE_SEC_021_1772,SEC_021,88.919
OHE_SEC_021_1773,SEC_021,88.971
OHE_SEC_021_1774,SEC_021,89.022
OHE_SEC_021_1775,SEC_021,89.074
OHE_SEC_021_1776,SEC_021,89.125
OHE_SEC_021_1777,SEC_021,89.177
OHE_SEC_021_1778,SEC_021,89.228
OHE_SEC_021_1779,SEC_021,89.28
OHE_SEC_021_1780,SEC_021,89.331
OHE_SEC_021_1781,SEC_021,89.383
OHE_SEC_021_1782,SEC_021,89.434
OHE_SEC_021_1783,SEC_021,89.486
OHE_SEC_021_1784,SEC_021,89.538
OHE_SEC_021_1785,SEC_021,89.589
OHE_SEC_021_1786,SEC_021,89.641
OHE_SEC_021_1787,SEC_021,89.692
OHE_SEC_021_1788,SEC_021,89.744
OHE_SEC_021_1789,SEC_021,89.795
OHE_SEC_021_1790,SEC_021,89.847
OHE_SEC_021_1791,SEC_021,89.898
OHE_SEC_021_1792,SEC_021,89.95
OHE_SEC_021_1793,SEC_021,90.001
OHE_SEC_021_1794,SEC_021,90.053
OHE_SEC_021_1795,SEC_021,90.104
OHE_SEC_021_1796,SEC_021,90.156
OHE_SEC_022_1797,SEC_022,90.196
OHE_SEC_022_1798,SEC_022,90.247
OHE_SEC_022_1799,SEC_022,90.297
OHE_SEC_022_1800,SEC_022,90.348
OHE_SEC_022_1801,SEC_022,90.399
OHE_SEC_022_1802,SEC_022,90.45
OHE_SEC_022_1803,SEC_022,90.5
OHE_SEC_022_1804,SEC_022,90.551
OHE_SEC_022_1805,SEC_022,90.602
OHE_SEC_022_1806,SEC_022,90.652
OHE_SEC_022_1807,SEC_022,90.703
OHE_SEC_022_1808,SEC_022,90.754
OHE_SEC_022_1809,SEC_022,90.805
OHE_SEC_022_1810,SEC_022,90.855
OHE_SEC_022_1811,SEC_022,90.906
OHE_SEC_022_1812,SEC_022,90.957
OHE_SEC_022_1813,SEC_022,91.007
OHE_SEC_022_1814,SEC_022,91.058
OHE_SEC_022_1815,SEC_022,91.109
OHE_SEC_022_1816,SEC_022,91.16
OHE_SEC_022_1817,SEC_022,91.21
OHE_SEC_022_1818,SEC_022,91.261
OHE_SEC_022_1819,SEC_022,91.312
OHE_SEC_022_1820,SEC_022,91.362
OHE_SEC_022_1821,SEC_022,91.413
OHE_SEC_022_1822,SEC_022,91.464
OHE_SEC_022_1823,SEC_022,91.515
OHE_SEC_022_1824,SEC_022,91.565
OHE_SEC_022_1825,SEC_022,91.616
OHE_SEC_022_1826,SEC_022,91.667
OHE_SEC_022_1827,SEC_022,91.717
OHE_SEC_022_1828,SEC_022,91.768
OHE_SEC_022_1829,SEC_022,91.819
OHE_SEC_022_1830,SEC_022,91.87
OHE_SEC_022_1831,SEC_022,91.92
OHE_SEC_022_1832,SEC_022,91.971
OHE_SEC_022_1833,SEC_022,92.022
OHE_SEC_022_1834,SEC_022,92.072
OHE_SEC_022_1835,SEC_022,92.123
OHE_SEC_022_1836,SEC_022,92.174
OHE_SEC_022_1837,SEC_022,92.225
OHE_SEC_022_1838,SEC_022,92.275
OHE_SEC_022_1839,SEC_022,92.326
OHE_SEC_022_1840,SEC_022,92.377
OHE_SEC_022_1841,SEC_022,92.427
OHE_SEC_022_1842,SEC_022,92.478
OHE_SEC_022_1843,SEC_022,92.529
OHE_SEC_022_1844,SEC_022,92.58
OHE_SEC_022_1845,SEC_022,92.63
OHE_SEC_022_1846,SEC_022,92.681
OHE_SEC_022_1847,SEC_022,92.732
OHE_SEC_022_1848,SEC_022,92.782
OHE_SEC_022_1849,SEC_022,92.833
OHE_SEC_022_1850,SEC_022,92.884
OHE_SEC_022_1851,SEC_022,92.935
OHE_SEC_022_1852,SEC_022,92.985
OHE_SEC_022_1853,SEC_022,93.036
OHE_SEC_022_1854,SEC_022,93.087
OHE_SEC_022_1855,SEC_022,93.137
OHE_SEC_022_1856,SEC_022,93.188
OHE_SEC_022_1857,SEC_022,93.239
OHE_SEC_022_1858,SEC_022,93.29
OHE_SEC_022_1859,SEC_022,93.34
OHE_SEC_022_1860,SEC_022,93.391
OHE_SEC_023_1861,SEC_023,93.431
OHE_SEC_023_1862,SEC_023,93.483
OHE_SEC_023_1863,SEC_023,93.535
OHE_SEC_023_1864,SEC_023,93.587
OHE_SEC_023_1865,SEC_023,93.639
OHE_SEC_023_1866,SEC_023,93.691
OHE_SEC_023_1867,SEC_023,93.744
OHE_SEC_023_1868,SEC_023,93.796
OHE_SEC_023_1869,SEC_023,93.848
OHE_SEC_023_1870,SEC_023,93.9
OHE_SEC_023_1871,SEC_023,93.952
OHE_SEC_024_1872,SEC_024,93.992
OHE_SEC_024_1873,SEC_024,94.043
OHE_SEC_024_1874,SEC_024,94.094
OHE_SEC_024_1875,SEC_024,94.146
OHE_SEC_024_1876,SEC_024,94.197
OHE_SEC_024_1877,SEC_024,94.248
OHE_SEC_024_1878,SEC_024,94.299
OHE_SEC_024_1879,SEC_024,94.351
OHE_SEC_024_1880,SEC_024,94.402
OHE_SEC_024_1881,SEC_024,94.453
OHE_SEC_024_1882,SEC_024,94.504
OHE_SEC_024_1883,SEC_024,94.555
OHE_SEC_024_1884,SEC_024,94.607
OHE_SEC_024_1885,SEC_024,94.658
OHE_SEC_024_1886,SEC_024,94.709
OHE_SEC_024_1887,SEC_024,94.76
OHE_SEC_024_1888,SEC_024,94.811
OHE_SEC_024_1889,SEC_024,94.863
OHE_SEC_024_1890,SEC_024,94.914
OHE_SEC_024_1891,SEC_024,94.965
OHE_SEC_024_1892,SEC_024,95.016
OHE_SEC_024_1893,SEC_024,95.068
OHE_SEC_024_1894,SEC_024,95.119
OHE_SEC_024_1895,SEC_024,95.17
OHE_SEC_025_1896,SEC_025,95.21
OHE_SEC_025_1897,SEC_025,95.26
OHE_SEC_025_1898,SEC_025,95.31
OHE_SEC_025_1899,SEC_025,95.36
OHE_SEC_025_1900,SEC_025,95.41
OHE_SEC_025_1901,SEC_025,95.46
OHE_SEC_025_1902,SEC_025,95.511
OHE_SEC_025_1903,SEC_025,95.561
OHE_SEC_025_1904,SEC_025,95.611
OHE_SEC_025_1905,SEC_025,95.661
OHE_SEC_025_1906,SEC_025,95.711
OHE_SEC_025_1907,SEC_025,95.761
OHE_SEC_025_1908,SEC_025,95.811
OHE_SEC_025_1909,SEC_025,95.861
OHE_SEC_025_1910,SEC_025,95.911
OHE_SEC_025_1911,SEC_025,95.961
OHE_SEC_025_1912,SEC_025,96.011
OHE_SEC_025_1913,SEC_025,96.062
OHE_SEC_025_1914,SEC_025,96.112
OHE_SEC_025_1915,SEC_025,96.162
OHE_SEC_025_1916,SEC_025,96.212
OHE_SEC_025_1917,SEC_025,96.262
OHE_SEC_025_1918,SEC_025,96.312
OHE_SEC_025_1919,SEC_025,96.362
OHE_SEC_025_1920,SEC_025,96.412
OHE_SEC_025_1921,SEC_025,96.462
OHE_SEC_025_1922,SEC_025,96.512
OHE_SEC_025_1923,SEC_025,96.562
OHE_SEC_025_1924,SEC_025,96.613
OHE_SEC_025_1925,SEC_025,96.663
OHE_SEC_025_1926,SEC_025,96.713
OHE_SEC_025_1927,SEC_025,96.763
OHE_SEC_025_1928,SEC_025,96.813
OHE_SEC_025_1929,SEC_025,96.863
OHE_SEC_025_1930,SEC_025,96.913
OHE_SEC_025_1931,SEC_025,96.963
OHE_SEC_025_1932,SEC_025,97.013
OHE_SEC_025_1933,SEC_025,97.063
OHE_SEC_025_1934,SEC_025,97.113
OHE_SEC_025_1935,SEC_025,97.164
OHE_SEC_025_1936,SEC_025,97.214
OHE_SEC_025_1937,SEC_025,97.264
OHE_SEC_025_1938,SEC_025,97.314
OHE_SEC_025_1939,SEC_025,97.364
OHE_SEC_025_1940,SEC_025,97.414
OHE_SEC_025_1941,SEC_025,97.464
OHE_SEC_025_1942,SEC_025,97.514
OHE_SEC_025_1943,SEC_025,97.564
OHE_SEC_025_1944,SEC_025,97.614
OHE_SEC_025_1945,SEC_025,97.664
OHE_SEC_025_1946,SEC_025,97.715
OHE_SEC_025_1947,SEC_025,97.765
OHE_SEC_025_1948,SEC_025,97.815
OHE_SEC_025_1949,SEC_025,97.865
OHE_SEC_025_1950,SEC_025,97.915
OHE_SEC_025_1951,SEC_025,97.965
OHE_SEC_025_1952,SEC_025,98.015
OHE_SEC_025_1953,SEC_025,98.065
OHE_SEC_025_1954,SEC_025,98.115
OHE_SEC_025_1955,SEC_025,98.165
OHE_SEC_025_1956,SEC_025,98.215
OHE_SEC_025_1957,SEC_025,98.265
OHE_SEC_025_1958,SEC_025,98.316
OHE_SEC_025_1959,SEC_025,98.366
OHE_SEC_025_1960,SEC_025,98.416
OHE_SEC_025_1961,SEC_025,98.466
OHE_SEC_025_1962,SEC_025,98.516
OHE_SEC_025_1963,SEC_025,98.566
OHE_SEC_025_1964,SEC_025,98.616
OHE_SEC_025_1965,SEC_025,98.666
OHE_SEC_025_1966,SEC_025,98.716
OHE_SEC_025_1967,SEC_025,98.766
OHE_SEC_025_1968,SEC_025,98.816
OHE_SEC_025_1969,SEC_025,98.867
OHE_SEC_025_1970,SEC_025,98.917
OHE_SEC_025_1971,SEC_025,98.967
OHE_SEC_025_1972,SEC_025,99.017
OHE_SEC_025_1973,SEC_025,99.067
OHE_SEC_025_1974,SEC_025,99.117
OHE_SEC_025_1975,SEC_025,99.167
OHE_SEC_025_1976,SEC_025,99.217
OHE_SEC_025_1977,SEC_025,99.267
OHE_SEC_025_1978,SEC_025,99.317
OHE_SEC_025_1979,SEC_025,99.367
OHE_SEC_025_1980,SEC_025,99.418
OHE_SEC_025_1981,SEC_025,99.468
OHE_SEC_025_1982,SEC_025,99.518
OHE_SEC_025_1983,SEC_025,99.568
OHE_SEC_025_1984,SEC_025,99.618
OHE_SEC_025_1985,SEC_025,99.668
OHE_SEC_025_1986,SEC_025,99.718
OHE_SEC_025_1987,SEC_025,99.768
OHE_SEC_025_1988,SEC_025,99.818
OHE_SEC_025_1989,SEC_025,99.868
OHE_SEC_025_1990,SEC_025,99.918
OHE_SEC_025_1991,SEC_025,99.969
OHE_SEC_025_1992,SEC_025,100.019
OHE_SEC_025_1993,SEC_025,100.069
OHE_SEC_025_1994,SEC_025,100.119
OHE_SEC_025_1995,SEC_025,100.169
OHE_SEC_025_1996,SEC_025,100.219
OHE_SEC_025_1997,SEC_025,100.269
OHE_SEC_025_1998,SEC_025,100.319
OHE_SEC_025_1999,SEC_025,100.369
OHE_SEC_025_2000,SEC_025,100.419
OHE_SEC_025_2001,SEC_025,100.469
OHE_SEC_025_2002,SEC_025,100.52
OHE_SEC_025_2003,SEC_025,100.57
OHE_SEC_025_2004,SEC_025,100.62
OHE_SEC_025_2005,SEC_025,100.67
OHE_SEC_025_2006,SEC_025,100.72
OHE_SEC_025_2007,SEC_025,100.77
OHE_SEC_025_2008,SEC_025,100.82
OHE_SEC_025_2009,SEC_025,100.87
OHE_SEC_025_2010,SEC_025,100.92
OHE_SEC_025_2011,SEC_025,100.97
OHE_SEC_025_2012,SEC_025,101.02
OHE_SEC_025_2013,SEC_025,101.071
OHE_SEC_025_2014,SEC_025,101.121
OHE_SEC_025_2015,SEC_025,101.171
OHE_SEC_025_2016,SEC_025,101.221
OHE_SEC_025_2017,SEC_025,101.271
OHE_SEC_025_2018,SEC_025,101.321
OHE_SEC_025_2019,SEC_025,101.371
OHE_SEC_025_2020,SEC_025,101.421
OHE_SEC_025_2021,SEC_025,101.471
OHE_SEC_025_2022,SEC_025,101.521
OHE_SEC_025_2023,SEC_025,101.571
OHE_SEC_025_2024,SEC_025,101.622
OHE_SEC_025_2025,SEC_025,101.672
OHE_SEC_025_2026,SEC_025,101.722
OHE_SEC_025_2027,SEC_025,101.772
OHE_SEC_025_2028,SEC_025,101.822
OHE_SEC_025_2029,SEC_025,101.872
OHE_SEC_025_2030,SEC_025,101.922
OHE_SEC_025_2031,SEC_025,101.972
OHE_SEC_025_2032,SEC_025,102.022
OHE_SEC_025_2033,SEC_025,102.072
OHE_SEC_025_2034,SEC_025,102.122
OHE_SEC_025_2035,SEC_025,102.173
OHE_SEC_025_2036,SEC_025,102.223
OHE_SEC_025_2037,SEC_025,102.273
OHE_SEC_025_2038,SEC_025,102.323
OHE_SEC_025_2039,SEC_025,102.373
OHE_SEC_025_2040,SEC_025,102.423
OHE_SEC_025_2041,SEC_025,102.473
OHE_SEC_025_2042,SEC_025,102.523
OHE_SEC_025_2043,SEC_025,102.573
OHE_SEC_025_2044,SEC_025,102.623
OHE_SEC_025_2045,SEC_025,102.673
OHE_SEC_025_2046,SEC_025,102.724
OHE_SEC_025_2047,SEC_025,102.774
OHE_SEC_025_2048,SEC_025,102.824
OHE_SEC_025_2049,SEC_025,102.874
OHE_SEC_025_2050,SEC_025,102.924
OHE_SEC_025_2051,SEC_025,102.974
OHE_SEC_025_2052,SEC_025,103.024
OHE_SEC_025_2053,SEC_025,103.074
OHE_SEC_025_2054,SEC_025,103.124
OHE_SEC_025_2055,SEC_025,103.174
OHE_SEC_025_2056,SEC_025,103.224
OHE_SEC_025_2057,SEC_025,103.274
OHE_SEC_025_2058,SEC_025,103.325
OHE_SEC_025_2059,SEC_025,103.375
OHE_SEC_025_2060,SEC_025,103.425
OHE_SEC_025_2061,SEC_025,103.475
OHE_SEC_025_2062,SEC_025,103.525
OHE_SEC_025_2063,SEC_025,103.575
OHE_SEC_025_2064,SEC_025,103.625
OHE_SEC_025_2065,SEC_025,103.675
OHE_SEC_025_2066,SEC_025,103.725
OHE_SEC_025_2067,SEC_025,103.775
OHE_SEC_025_2068,SEC_025,103.825
OHE_SEC_025_2069,SEC_025,103.876
OHE_SEC_025_2070,SEC_025,103.926
OHE_SEC_025_2071,SEC_025,103.976
OHE_SEC_025_2072,SEC_025,104.026
OHE_SEC_025_2073,SEC_025,104.076
OHE_SEC_025_2074,SEC_025,104.126
OHE_SEC_025_2075,SEC_025,104.176
OHE_SEC_025_2076,SEC_025,104.226
OHE_SEC_025_2077,SEC_025,104.276
OHE_SEC_025_2078,SEC_025,104.326
OHE_SEC_025_2079,SEC_025,104.376
OHE_SEC_025_2080,SEC_025,104.427
OHE_SEC_025_2081,SEC_025,104.477
OHE_SEC_025_2082,SEC_025,104.527
OHE_SEC_025_2083,SEC_025,104.577
OHE_SEC_025_2084,SEC_025,104.627
OHE_SEC_025_2085,SEC_025,104.677
OHE_SEC_025_2086,SEC_025,104.727
OHE_SEC_025_2087,SEC_025,104.777
OHE_SEC_025_2088,SEC_025,104.827
OHE_SEC_025_2089,SEC_025,104.877
OHE_SEC_025_2090,SEC_025,104.927
OHE_SEC_025_2091,SEC_025,104.978
OHE_SEC_025_2092,SEC_025,105.028
OHE_SEC_025_2093,SEC_025,105.078
OHE_SEC_025_2094,SEC_025,105.128
OHE_SEC_025_2095,SEC_025,105.178
OHE_SEC_025_2096,SEC_025,105.228
OHE_SEC_025_2097,SEC_025,105.278
OHE_SEC_025_2098,SEC_025,105.328
OHE_SEC_025_2099,SEC_025,105.378
OHE_SEC_025_2100,SEC_025,105.428
OHE_SEC_025_2101,SEC_025,105.478
OHE_SEC_025_2102,SEC_025,105.529
OHE_SEC_025_2103,SEC_025,105.579
OHE_SEC_025_2104,SEC_025,105.629
OHE_SEC_025_2105,SEC_025,105.679
OHE_SEC_025_2106,SEC_025,105.729
OHE_SEC_025_2107,SEC_025,105.779
OHE_SEC_025_2108,SEC_025,105.829
OHE_SEC_025_2109,SEC_025,105.879
OHE_SEC_025_2110,SEC_025,105.929
OHE_SEC_025_2111,SEC_025,105.979
OHE_SEC_025_2112,SEC_025,106.029
OHE_SEC_025_2113,SEC_025,106.08
OHE_SEC_025_2114,SEC_025,106.13
OHE_SEC_025_2115,SEC_025,106.18
OHE_SEC_025_2116,SEC_025,106.23
OHE_SEC_025_2117,SEC_025,106.28
OHE_SEC_025_2118,SEC_025,106.33
OHE_SEC_025_2119,SEC_025,106.38
OHE_SEC_025_2120,SEC_025,106.43
OHE_SEC_025_2121,SEC_025,106.48
OHE_SEC_025_2122,SEC_025,106.53
OHE_SEC_025_2123,SEC_025,106.58
OHE_SEC_025_2124,SEC_025,106.631
OHE_SEC_025_2125,SEC_025,106.681
OHE_SEC_025_2126,SEC_025,106.731
OHE_SEC_025_2127,SEC_025,106.781
OHE_SEC_025_2128,SEC_025,106.831
OHE_SEC_025_2129,SEC_025,106.881
OHE_SEC_025_2130,SEC_025,106.931
OHE_SEC_025_2131,SEC_025,106.981
OHE_SEC_025_2132,SEC_025,107.031
OHE_SEC_025_2133,SEC_025,107.081
OHE_SEC_025_2134,SEC_025,107.131
OHE_SEC_025_2135,SEC_025,107.182
OHE_SEC_025_2136,SEC_025,107.232
OHE_SEC_025_2137,SEC_025,107.282
OHE_SEC_025_2138,SEC_025,107.332
OHE_SEC_025_2139,SEC_025,107.382
OHE_SEC_025_2140,SEC_025,107.432
OHE_SEC_025_2141,SEC_025,107.482
OHE_SEC_025_2142,SEC_025,107.532
OHE_SEC_025_2143,SEC_025,107.582
OHE_SEC_025_2144,SEC_025,107.632
OHE_SEC_025_2145,SEC_025,107.682
OHE_SEC_025_2146,SEC_025,107.733
OHE_SEC_025_2147,SEC_025,107.783
OHE_SEC_025_2148,SEC_025,107.833
OHE_SEC_025_2149,SEC_025,107.883
OHE_SEC_025_2150,SEC_025,107.933
OHE_SEC_025_2151,SEC_025,107.983
OHE_SEC_025_2152,SEC_025,108.033
OHE_SEC_025_2153,SEC_025,108.083
OHE_SEC_025_2154,SEC_025,108.133
OHE_SEC_025_2155,SEC_025,108.183
OHE_SEC_025_2156,SEC_025,108.233
OHE_SEC_025_2157,SEC_025,108.283
OHE_SEC_025_2158,SEC_025,108.334
OHE_SEC_025_2159,SEC_025,108.384
OHE_SEC_025_2160,SEC_025,108.434
OHE_SEC_025_2161,SEC_025,108.484
OHE_SEC_025_2162,SEC_025,108.534
OHE_SEC_025_2163,SEC_025,108.584
OHE_SEC_025_2164,SEC_025,108.634
OHE_SEC_025_2165,SEC_025,108.684
OHE_SEC_025_2166,SEC_025,108.734
OHE_SEC_025_2167,SEC_025,108.784
OHE_SEC_025_2168,SEC_025,108.834
OHE_SEC_025_2169,SEC_025,108.885
OHE_SEC_025_2170,SEC_025,108.935
OHE_SEC_025_2171,SEC_025,108.985
OHE_SEC_025_2172,SEC_025,109.035
OHE_SEC_025_2173,SEC_025,109.085
OHE_SEC_025_2174,SEC_025,109.135
OHE_SEC_025_2175,SEC_025,109.185
OHE_SEC_025_2176,SEC_025,109.235
OHE_SEC_025_2177,SEC_025,109.285
OHE_SEC_025_2178,SEC_025,109.335
OHE_SEC_025_2179,SEC_025,109.385
OHE_SEC_025_2180,SEC_025,109.436
OHE_SEC_025_2181,SEC_025,109.486
OHE_SEC_025_2182,SEC_025,109.536
OHE_SEC_025_2183,SEC_025,109.586
OHE_SEC_025_2184,SEC_025,109.636
OHE_SEC_025_2185,SEC_025,109.686
OHE_SEC_025_2186,SEC_025,109.736
OHE_SEC_025_2187,SEC_025,109.786
OHE_SEC_025_2188,SEC_025,109.836
OHE_SEC_025_2189,SEC_025,109.886
OHE_SEC_025_2190,SEC_025,109.936
OHE_SEC_025_2191,SEC_025,109.987
OHE_SEC_025_2192,SEC_025,110.037
OHE_SEC_025_2193,SEC_025,110.087
OHE_SEC_025_2194,SEC_025,110.137
OHE_SEC_025_2195,SEC_025,110.187
OHE_SEC_025_2196,SEC_025,110.237
OHE_SEC_025_2197,SEC_025,110.287
OHE_SEC_025_2198,SEC_025,110.337
OHE_SEC_025_2199,SEC_025,110.387
OHE_SEC_025_2200,SEC_025,110.437
OHE_SEC_025_2201,SEC_025,110.487
OHE_SEC_025_2202,SEC_025,110.538
OHE_SEC_025_2203,SEC_025,110.588
OHE_SEC_025_2204,SEC_025,110.638
OHE_SEC_025_2205,SEC_025,110.688
OHE_SEC_025_2206,SEC_025,110.738
OHE_SEC_025_2207,SEC_025,110.788
OHE_SEC_026_2208,SEC_026,110.828
OHE_SEC_026_2209,SEC_026,110.878
OHE_SEC_026_2210,SEC_026,110.928
OHE_SEC_026_2211,SEC_026,110.978
OHE_SEC_026_2212,SEC_026,111.028
OHE_SEC_026_2213,SEC_026,111.078
OHE_SEC_026_2214,SEC_026,111.128
OHE_SEC_026_2215,SEC_026,111.179
OHE_SEC_026_2216,SEC_026,111.229
OHE_SEC_026_2217,SEC_026,111.279
OHE_SEC_026_2218,SEC_026,111.329
OHE_SEC_026_2219,SEC_026,111.379
OHE_SEC_026_2220,SEC_026,111.429
OHE_SEC_026_2221,SEC_026,111.479
OHE_SEC_026_2222,SEC_026,111.529
OHE_SEC_026_2223,SEC_026,111.579
OHE_SEC_026_2224,SEC_026,111.629
OHE_SEC_026_2225,SEC_026,111.679
OHE_SEC_026_2226,SEC_026,111.729
OHE_SEC_026_2227,SEC_026,111.779
OHE_SEC_026_2228,SEC_026,111.829
OHE_SEC_026_2229,SEC_026,111.88
OHE_SEC_026_2230,SEC_026,111.93
OHE_SEC_026_2231,SEC_026,111.98
OHE_SEC_026_2232,SEC_026,112.03
OHE_SEC_026_2233,SEC_026,112.08
OHE_SEC_026_2234,SEC_026,112.13
OHE_SEC_026_2235,SEC_026,112.18
OHE_SEC_026_2236,SEC_026,112.23
OHE_SEC_026_2237,SEC_026,112.28
OHE_SEC_026_2238,SEC_026,112.33
OHE_SEC_026_2239,SEC_026,112.38
OHE_SEC_026_2240,SEC_026,112.43
OHE_SEC_026_2241,SEC_026,112.48
OHE_SEC_026_2242,SEC_026,112.53
OHE_SEC_026_2243,SEC_026,112.581
OHE_SEC_026_2244,SEC_026,112.631
OHE_SEC_026_2245,SEC_026,112.681
OHE_SEC_026_2246,SEC_026,112.731
OHE_SEC_026_2247,SEC_026,112.781
OHE_SEC_026_2248,SEC_026,112.831
OHE_SEC_026_2249,SEC_026,112.881
OHE_SEC_026_2250,SEC_026,112.931
OHE_SEC_026_2251,SEC_026,112.981
OHE_SEC_026_2252,SEC_026,113.031
OHE_SEC_026_2253,SEC_026,113.081
OHE_SEC_026_2254,SEC_026,113.131
OHE_SEC_026_2255,SEC_026,113.181
OHE_SEC_026_2256,SEC_026,113.231
OHE_SEC_026_2257,SEC_026,113.282
OHE_SEC_026_2258,SEC_026,113.332
OHE_SEC_026_2259,SEC_026,113.382
OHE_SEC_026_2260,SEC_026,113.432
OHE_SEC_026_2261,SEC_026,113.482
OHE_SEC_026_2262,SEC_026,113.532
OHE_SEC_026_2263,SEC_026,113.582
OHE_SEC_026_2264,SEC_026,113.632
OHE_SEC_026_2265,SEC_026,113.682
OHE_SEC_026_2266,SEC_026,113.732
OHE_SEC_026_2267,SEC_026,113.782
OHE_SEC_026_2268,SEC_026,113.832
OHE_SEC_026_2269,SEC_026,113.882
OHE_SEC_026_2270,SEC_026,113.932
OHE_SEC_026_2271,SEC_026,113.983
OHE_SEC_026_2272,SEC_026,114.033
OHE_SEC_026_2273,SEC_026,114.083
OHE_SEC_026_2274,SEC_026,114.133
OHE_SEC_026_2275,SEC_026,114.183
OHE_SEC_026_2276,SEC_026,114.233
OHE_SEC_026_2277,SEC_026,114.283
OHE_SEC_026_2278,SEC_026,114.333
OHE_SEC_026_2279,SEC_026,114.383
OHE_SEC_026_2280,SEC_026,114.433
OHE_SEC_026_2281,SEC_026,114.483
OHE_SEC_026_2282,SEC_026,114.533
OHE_SEC_026_2283,SEC_026,114.583
OHE_SEC_026_2284,SEC_026,114.634
OHE_SEC_026_2285,SEC_026,114.684
OHE_SEC_026_2286,SEC_026,114.734
OHE_SEC_026_2287,SEC_026,114.784
OHE_SEC_026_2288,SEC_026,114.834
OHE_SEC_026_2289,SEC_026,114.884
OHE_SEC_026_2290,SEC_026,114.934
OHE_SEC_026_2291,SEC_026,114.984
OHE_SEC_026_2292,SEC_026,115.034
OHE_SEC_026_2293,SEC_026,115.084
OHE_SEC_026_2294,SEC_026,115.134
OHE_SEC_026_2295,SEC_026,115.184
OHE_SEC_026_2296,SEC_026,115.234
OHE_SEC_026_2297,SEC_026,115.284
OHE_SEC_026_2298,SEC_026,115.335
OHE_SEC_026_2299,SEC_026,115.385
OHE_SEC_026_2300,SEC_026,115.435
OHE_SEC_026_2301,SEC_026,115.485
OHE_SEC_026_2302,SEC_026,115.535
OHE_SEC_026_2303,SEC_026,115.585
OHE_SEC_026_2304,SEC_026,115.635
OHE_SEC_026_2305,SEC_026,115.685
OHE_SEC_026_2306,SEC_026,115.735
OHE_SEC_026_2307,SEC_026,115.785
OHE_SEC_026_2308,SEC_026,115.835
OHE_SEC_026_2309,SEC_026,115.885
OHE_SEC_026_2310,SEC_026,115.935
OHE_SEC_026_2311,SEC_026,115.985
OHE_SEC_026_2312,SEC_026,116.036
OHE_SEC_026_2313,SEC_026,116.086
OHE_SEC_026_2314,SEC_026,116.136
OHE_SEC_026_2315,SEC_026,116.186
OHE_SEC_026_2316,SEC_026,116.236
OHE_SEC_026_2317,SEC_026,116.286
OHE_SEC_026_2318,SEC_026,116.336
OHE_SEC_026_2319,SEC_026,116.386
OHE_SEC_026_2320,SEC_026,116.436
OHE_SEC_026_2321,SEC_026,116.486
OHE_SEC_026_2322,SEC_026,116.536
OHE_SEC_026_2323,SEC_026,116.586
OHE_SEC_026_2324,SEC_026,116.636
OHE_SEC_026_2325,SEC_026,116.686
OHE_SEC_026_2326,SEC_026,116.737
OHE_SEC_026_2327,SEC_026,116.787
OHE_SEC_026_2328,SEC_026,116.837
OHE_SEC_026_2329,SEC_026,116.887
OHE_SEC_026_2330,SEC_026,116.937
OHE_SEC_026_2331,SEC_026,116.987
OHE_SEC_026_2332,SEC_026,117.037
OHE_SEC_026_2333,SEC_026,117.087
OHE_SEC_026_2334,SEC_026,117.137
OHE_SEC_026_2335,SEC_026,117.187
OHE_SEC_026_2336,SEC_026,117.237
OHE_SEC_026_2337,SEC_026,117.287
OHE_SEC_026_2338,SEC_026,117.337
OHE_SEC_026_2339,SEC_026,117.387
OHE_SEC_026_2340,SEC_026,117.438
OHE_SEC_026_2341,SEC_026,117.488
OHE_SEC_026_2342,SEC_026,117.538
OHE_SEC_026_2343,SEC_026,117.588
OHE_SEC_026_2344,SEC_026,117.638
OHE_SEC_026_2345,SEC_026,117.688
OHE_SEC_026_2346,SEC_026,117.738
OHE_SEC_026_2347,SEC_026,117.788
OHE_SEC_026_2348,SEC_026,117.838
OHE_SEC_026_2349,SEC_026,117.888
OHE_SEC_026_2350,SEC_026,117.938
OHE_SEC_026_2351,SEC_026,117.988
OHE_SEC_026_2352,SEC_026,118.038
OHE_SEC_026_2353,SEC_026,118.088
OHE_SEC_026_2354,SEC_026,118.139
OHE_SEC_026_2355,SEC_026,118.189
OHE_SEC_026_2356,SEC_026,118.239
OHE_SEC_026_2357,SEC_026,118.289
OHE_SEC_026_2358,SEC_026,118.339
OHE_SEC_026_2359,SEC_026,118.389
OHE_SEC_026_2360,SEC_026,118.439
OHE_SEC_026_2361,SEC_026,118.489
OHE_SEC_026_2362,SEC_026,118.539
OHE_SEC_026_2363,SEC_026,118.589
OHE_SEC_026_2364,SEC_026,118.639
OHE_SEC_026_2365,SEC_026,118.689
OHE_SEC_026_2366,SEC_026,118.739
OHE_SEC_026_2367,SEC_026,118.79
OHE_SEC_026_2368,SEC_026,118.84
OHE_SEC_026_2369,SEC_026,118.89
OHE_SEC_026_2370,SEC_026,118.94
OHE_SEC_026_2371,SEC_026,118.99
OHE_SEC_026_2372,SEC_026,119.04
OHE_SEC_026_2373,SEC_026,119.09
OHE_SEC_026_2374,SEC_026,119.14
OHE_SEC_026_2375,SEC_026,119.19
OHE_SEC_026_2376,SEC_026,119.24
OHE_SEC_026_2377,SEC_026,119.29
OHE_SEC_026_2378,SEC_026,119.34
OHE_SEC_026_2379,SEC_026,119.39
OHE_SEC_026_2380,SEC_026,119.44
OHE_SEC_026_2381,SEC_026,119.491
OHE_SEC_026_2382,SEC_026,119.541
OHE_SEC_026_2383,SEC_026,119.591
OHE_SEC_026_2384,SEC_026,119.641
OHE_SEC_026_2385,SEC_026,119.691
OHE_SEC_026_2386,SEC_026,119.741
OHE_SEC_026_2387,SEC_026,119.791
OHE_SEC_026_2388,SEC_026,119.841
OHE_SEC_026_2389,SEC_026,119.891
OHE_SEC_026_2390,SEC_026,119.941
OHE_SEC_026_2391,SEC_026,119.991
OHE_SEC_026_2392,SEC_026,120.041
OHE_SEC_026_2393,SEC_026,120.091
OHE_SEC_026_2394,SEC_026,120.141
OHE_SEC_026_2395,SEC_026,120.192
OHE_SEC_026_2396,SEC_026,120.242
OHE_SEC_026_2397,SEC_026,120.292
OHE_SEC_026_2398,SEC_026,120.342
OHE_SEC_026_2399,SEC_026,120.392
OHE_SEC_026_2400,SEC_026,120.442
OHE_SEC_026_2401,SEC_026,120.492
OHE_SEC_026_2402,SEC_026,120.542
OHE_SEC_026_2403,SEC_026,120.592
OHE_SEC_026_2404,SEC_026,120.642
OHE_SEC_026_2405,SEC_026,120.692
OHE_SEC_026_2406,SEC_026,120.742
OHE_SEC_026_2407,SEC_026,120.792
OHE_SEC_026_2408,SEC_026,120.842
OHE_SEC_026_2409,SEC_026,120.893
OHE_SEC_026_2410,SEC_026,120.943
OHE_SEC_026_2411,SEC_026,120.993
OHE_SEC_026_2412,SEC_026,121.043
OHE_SEC_026_2413,SEC_026,121.093
OHE_SEC_026_2414,SEC_026,121.143
OHE_SEC_026_2415,SEC_026,121.193
OHE_SEC_026_2416,SEC_026,121.243
OHE_SEC_026_2417,SEC_026,121.293
OHE_SEC_026_2418,SEC_026,121.343
OHE_SEC_026_2419,SEC_026,121.393
OHE_SEC_026_2420,SEC_026,121.443
OHE_SEC_026_2421,SEC_026,121.493
OHE_SEC_026_2422,SEC_026,121.543
OHE_SEC_026_2423,SEC_026,121.594
OHE_SEC_026_2424,SEC_026,121.644
OHE_SEC_026_2425,SEC_026,121.694
OHE_SEC_026_2426,SEC_026,121.744
OHE_SEC_026_2427,SEC_026,121.794
OHE_SEC_026_2428,SEC_026,121.844
OHE_SEC_026_2429,SEC_026,121.894
OHE_SEC_026_2430,SEC_026,121.944
OHE_SEC_026_2431,SEC_026,121.994
OHE_SEC_026_2432,SEC_026,122.044
OHE_SEC_026_2433,SEC_026,122.094
OHE_SEC_026_2434,SEC_026,122.144
OHE_SEC_026_2435,SEC_026,122.194
OHE_SEC_026_2436,SEC_026,122.244
OHE_SEC_026_2437,SEC_026,122.295
OHE_SEC_026_2438,SEC_026,122.345
OHE_SEC_026_2439,SEC_026,122.395
OHE_SEC_026_2440,SEC_026,122.445
OHE_SEC_026_2441,SEC_026,122.495
OHE_SEC_026_2442,SEC_026,122.545
OHE_SEC_026_2443,SEC_026,122.595
OHE_SEC_026_2444,SEC_026,122.645
OHE_SEC_026_2445,SEC_026,122.695
OHE_SEC_026_2446,SEC_026,122.745
OHE_SEC_026_2447,SEC_026,122.795
OHE_SEC_026_2448,SEC_026,122.845
OHE_SEC_026_2449,SEC_026,122.895
OHE_SEC_026_2450,SEC_026,122.946
OHE_SEC_026_2451,SEC_026,122.996
OHE_SEC_026_2452,SEC_026,123.046
OHE_SEC_026_2453,SEC_026,123.096
OHE_SEC_026_2454,SEC_026,123.146
OHE_SEC_026_2455,SEC_026,123.196
OHE_SEC_026_2456,SEC_026,123.246
OHE_SEC_026_2457,SEC_026,123.296
OHE_SEC_026_2458,SEC_026,123.346
OHE_SEC_026_2459,SEC_026,123.396
OHE_SEC_026_2460,SEC_026,123.446
OHE_SEC_026_2461,SEC_026,123.496
OHE_SEC_026_2462,SEC_026,123.546
OHE_SEC_026_2463,SEC_026,123.596
OHE_SEC_026_2464,SEC_026,123.647
OHE_SEC_026_2465,SEC_026,123.697
OHE_SEC_026_2466,SEC_026,123.747
OHE_SEC_026_2467,SEC_026,123.797
OHE_SEC_026_2468,SEC_026,123.847
OHE_SEC_026_2469,SEC_026,123.897
OHE_SEC_026_2470,SEC_026,123.947
OHE_SEC_026_2471,SEC_026,123.997
OHE_SEC_026_2472,SEC_026,124.047
OHE_SEC_026_2473,SEC_026,124.097
OHE_SEC_026_2474,SEC_026,124.147
OHE_SEC_026_2475,SEC_026,124.197
OHE_SEC_026_2476,SEC_026,124.247
OHE_SEC_026_2477,SEC_026,124.297
OHE_SEC_026_2478,SEC_026,124.348
OHE_SEC_026_2479,SEC_026,124.398
OHE_SEC_026_2480,SEC_026,124.448
OHE_SEC_026_2481,SEC_026,124.498
OHE_SEC_026_2482,SEC_026,124.548
OHE_SEC_026_2483,SEC_026,124.598
OHE_SEC_026_2484,SEC_026,124.648
OHE_SEC_026_2485,SEC_026,124.698
OHE_SEC_026_2486,SEC_026,124.748
OHE_SEC_026_2487,SEC_026,124.798
OHE_SEC_026_2488,SEC_026,124.848
OHE_SEC_026_2489,SEC_026,124.898
OHE_SEC_026_2490,SEC_026,124.948
OHE_SEC_026_2491,SEC_026,124.998
OHE_SEC_026_2492,SEC_026,125.049
OHE_SEC_026_2493,SEC_026,125.099
OHE_SEC_026_2494,SEC_026,125.149
OHE_SEC_026_2495,SEC_026,125.199
OHE_SEC_026_2496,SEC_026,125.249
OHE_SEC_026_2497,SEC_026,125.299
OHE_SEC_026_2498,SEC_026,125.349
OHE_SEC_026_2499,SEC_026,125.399
OHE_SEC_026_2500,SEC_026,125.449
OHE_SEC_026_2501,SEC_026,125.499
OHE_SEC_026_2502,SEC_026,125.549
OHE_SEC_026_2503,SEC_026,125.599
OHE_SEC_026_2504,SEC_026,125.649
OHE_SEC_026_2505,SEC_026,125.699
OHE_SEC_026_2506,SEC_026,125.75
OHE_SEC_026_2507,SEC_026,125.8
OHE_SEC_026_2508,SEC_026,125.85
OHE_SEC_026_2509,SEC_026,125.9
OHE_SEC_026_2510,SEC_026,125.95
OHE_SEC_026_2511,SEC_026,126.0
OHE_SEC_026_2512,SEC_026,126.05
OHE_SEC_027_2513,SEC_027,126.09
OHE_SEC_027_2514,SEC_027,126.141
OHE_SEC_027_2515,SEC_027,126.191
OHE_SEC_027_2516,SEC_027,126.242
OHE_SEC_027_2517,SEC_027,126.292
OHE_SEC_027_2518,SEC_027,126.343
OHE_SEC_027_2519,SEC_027,126.393
OHE_SEC_027_2520,SEC_027,126.444
OHE_SEC_027_2521,SEC_027,126.494
OHE_SEC_027_2522,SEC_027,126.545
OHE_SEC_027_2523,SEC_027,126.595
OHE_SEC_027_2524,SEC_027,126.646
OHE_SEC_027_2525,SEC_027,126.696
OHE_SEC_027_2526,SEC_027,126.747
OHE_SEC_027_2527,SEC_027,126.797
OHE_SEC_027_2528,SEC_027,126.848
OHE_SEC_027_2529,SEC_027,126.899
OHE_SEC_027_2530,SEC_027,126.949
OHE_SEC_027_2531,SEC_027,127.0
OHE_SEC_027_2532,SEC_027,127.05
OHE_SEC_027_2533,SEC_027,127.101
OHE_SEC_027_2534,SEC_027,127.151
OHE_SEC_027_2535,SEC_027,127.202
OHE_SEC_027_2536,SEC_027,127.252
OHE_SEC_027_2537,SEC_027,127.303
OHE_SEC_027_2538,SEC_027,127.353
OHE_SEC_027_2539,SEC_027,127.404
OHE_SEC_027_2540,SEC_027,127.454
OHE_SEC_027_2541,SEC_027,127.505
OHE_SEC_027_2542,SEC_027,127.555
OHE_SEC_027_2543,SEC_027,127.606
OHE_SEC_027_2544,SEC_027,127.656
OHE_SEC_027_2545,SEC_027,127.707
OHE_SEC_027_2546,SEC_027,127.758
OHE_SEC_027_2547,SEC_027,127.808
OHE_SEC_027_2548,SEC_027,127.859
OHE_SEC_027_2549,SEC_027,127.909
OHE_SEC_027_2550,SEC_027,127.96
OHE_SEC_027_2551,SEC_027,128.01
OHE_SEC_027_2552,SEC_027,128.061
OHE_SEC_027_2553,SEC_027,128.111
OHE_SEC_027_2554,SEC_027,128.162
OHE_SEC_027_2555,SEC_027,128.212
OHE_SEC_027_2556,SEC_027,128.263
OHE_SEC_027_2557,SEC_027,128.313
OHE_SEC_027_2558,SEC_027,128.364
OHE_SEC_027_2559,SEC_027,128.414
OHE_SEC_027_2560,SEC_027,128.465
OHE_SEC_028_2561,SEC_028,128.505
OHE_SEC_028_2562,SEC_028,128.555
OHE_SEC_028_2563,SEC_028,128.606
OHE_SEC_028_2564,SEC_028,128.656
OHE_SEC_028_2565,SEC_028,128.707
OHE_SEC_028_2566,SEC_028,128.757
OHE_SEC_028_2567,SEC_028,128.808
OHE_SEC_028_2568,SEC_028,128.858
OHE_SEC_028_2569,SEC_028,128.909
OHE_SEC_028_2570,SEC_028,128.959
OHE_SEC_028_2571,SEC_028,129.01
OHE_SEC_028_2572,SEC_028,129.06
OHE_SEC_028_2573,SEC_028,129.111
OHE_SEC_028_2574,SEC_028,129.161
OHE_SEC_028_2575,SEC_028,129.212
OHE_SEC_028_2576,SEC_028,129.262
OHE_SEC_028_2577,SEC_028,129.313
OHE_SEC_028_2578,SEC_028,129.363
OHE_SEC_028_2579,SEC_028,129.414
OHE_SEC_028_2580,SEC_028,129.464
OHE_SEC_028_2581,SEC_028,129.515
OHE_SEC_028_2582,SEC_028,129.565
OHE_SEC_028_2583,SEC_028,129.615
OHE_SEC_028_2584,SEC_028,129.666
OHE_SEC_028_2585,SEC_028,129.716
OHE_SEC_028_2586,SEC_028,129.767
OHE_SEC_028_2587,SEC_028,129.817
OHE_SEC_028_2588,SEC_028,129.868
OHE_SEC_028_2589,SEC_028,129.918
OHE_SEC_028_2590,SEC_028,129.969
OHE_SEC_028_2591,SEC_028,130.019
OHE_SEC_028_2592,SEC_028,130.07
OHE_SEC_028_2593,SEC_028,130.12
OHE_SEC_028_2594,SEC_028,130.171
OHE_SEC_028_2595,SEC_028,130.221
OHE_SEC_028_2596,SEC_028,130.272
OHE_SEC_028_2597,SEC_028,130.322
OHE_SEC_028_2598,SEC_028,130.373
OHE_SEC_028_2599,SEC_028,130.423
OHE_SEC_028_2600,SEC_028,130.474
OHE_SEC_028_2601,SEC_028,130.524
OHE_SEC_028_2602,SEC_028,130.574
OHE_SEC_028_2603,SEC_028,130.625
OHE_SEC_028_2604,SEC_028,130.675
OHE_SEC_028_2605,SEC_028,130.726
OHE_SEC_028_2606,SEC_028,130.776
OHE_SEC_028_2607,SEC_028,130.827
OHE_SEC_028_2608,SEC_028,130.877
OHE_SEC_028_2609,SEC_028,130.928
OHE_SEC_028_2610,SEC_028,130.978
OHE_SEC_028_2611,SEC_028,131.029
OHE_SEC_028_2612,SEC_028,131.079
OHE_SEC_028_2613,SEC_028,131.13
OHE_SEC_028_2614,SEC_028,131.18
OHE_SEC_028_2615,SEC_028,131.231
OHE_SEC_028_2616,SEC_028,131.281
OHE_SEC_028_2617,SEC_028,131.332
OHE_SEC_028_2618,SEC_028,131.382
OHE_SEC_028_2619,SEC_028,131.433
OHE_SEC_028_2620,SEC_028,131.483
OHE_SEC_028_2621,SEC_028,131.534
OHE_SEC_028_2622,SEC_028,131.584
OHE_SEC_028_2623,SEC_028,131.634
OHE_SEC_028_2624,SEC_028,131.685
OHE_SEC_028_2625,SEC_028,131.735
OHE_SEC_028_2626,SEC_028,131.786
OHE_SEC_028_2627,SEC_028,131.836
OHE_SEC_028_2628,SEC_028,131.887
OHE_SEC_028_2629,SEC_028,131.937
OHE_SEC_028_2630,SEC_028,131.988
OHE_SEC_028_2631,SEC_028,132.038
OHE_SEC_028_2632,SEC_028,132.089
OHE_SEC_028_2633,SEC_028,132.139
OHE_SEC_028_2634,SEC_028,132.19
OHE_SEC_028_2635,SEC_028,132.24
OHE_SEC_028_2636,SEC_028,132.291
OHE_SEC_028_2637,SEC_028,132.341
OHE_SEC_028_2638,SEC_028,132.392
OHE_SEC_028_2639,SEC_028,132.442
OHE_SEC_028_2640,SEC_028,132.493
OHE_SEC_028_2641,SEC_028,132.543
OHE_SEC_028_2642,SEC_028,132.593
OHE_SEC_028_2643,SEC_028,132.644
OHE_SEC_028_2644,SEC_028,132.694
OHE_SEC_028_2645,SEC_028,132.745
OHE_SEC_028_2646,SEC_028,132.795
OHE_SEC_028_2647,SEC_028,132.846
OHE_SEC_028_2648,SEC_028,132.896
OHE_SEC_028_2649,SEC_028,132.947
OHE_SEC_028_2650,SEC_028,132.997
OHE_SEC_028_2651,SEC_028,133.048
OHE_SEC_028_2652,SEC_028,133.098
OHE_SEC_028_2653,SEC_028,133.149
OHE_SEC_028_2654,SEC_028,133.199
OHE_SEC_028_2655,SEC_028,133.25
OHE_SEC_028_2656,SEC_028,133.3
OHE_SEC_028_2657,SEC_028,133.351
OHE_SEC_028_2658,SEC_028,133.401
OHE_SEC_028_2659,SEC_028,133.452
OHE_SEC_028_2660,SEC_028,133.502
OHE_SEC_028_2661,SEC_028,133.553
OHE_SEC_028_2662,SEC_028,133.603
OHE_SEC_029_2663,SEC_029,133.643
OHE_SEC_029_2664,SEC_029,133.694
OHE_SEC_029_2665,SEC_029,133.744
OHE_SEC_029_2666,SEC_029,133.795
OHE_SEC_029_2667,SEC_029,133.845
OHE_SEC_029_2668,SEC_029,133.896
OHE_SEC_029_2669,SEC_029,133.947
OHE_SEC_029_2670,SEC_029,133.997
OHE_SEC_029_2671,SEC_029,134.048
OHE_SEC_029_2672,SEC_029,134.098
OHE_SEC_029_2673,SEC_029,134.149
OHE_SEC_029_2674,SEC_029,134.2
OHE_SEC_029_2675,SEC_029,134.25
OHE_SEC_029_2676,SEC_029,134.301
OHE_SEC_029_2677,SEC_029,134.352
OHE_SEC_029_2678,SEC_029,134.402
OHE_SEC_029_2679,SEC_029,134.453
OHE_SEC_029_2680,SEC_029,134.503
OHE_SEC_029_2681,SEC_029,134.554
OHE_SEC_029_2682,SEC_029,134.605
OHE_SEC_029_2683,SEC_029,134.655
OHE_SEC_029_2684,SEC_029,134.706
OHE_SEC_029_2685,SEC_029,134.756
OHE_SEC_029_2686,SEC_029,134.807
OHE_SEC_029_2687,SEC_029,134.858
OHE_SEC_029_2688,SEC_029,134.908
OHE_SEC_029_2689,SEC_029,134.959
OHE_SEC_029_2690,SEC_029,135.009
OHE_SEC_029_2691,SEC_029,135.06
OHE_SEC_029_2692,SEC_029,135.111
OHE_SEC_029_2693,SEC_029,135.161
OHE_SEC_029_2694,SEC_029,135.212
OHE_SEC_029_2695,SEC_029,135.262
OHE_SEC_029_2696,SEC_029,135.313
OHE_SEC_029_2697,SEC_029,135.364
OHE_SEC_029_2698,SEC_029,135.414
OHE_SEC_029_2699,SEC_029,135.465
OHE_SEC_029_2700,SEC_029,135.515
OHE_SEC_029_2701,SEC_029,135.566
OHE_SEC_029_2702,SEC_029,135.617
OHE_SEC_029_2703,SEC_029,135.667
OHE_SEC_029_2704,SEC_029,135.718
OHE_SEC_029_2705,SEC_029,135.769
OHE_SEC_029_2706,SEC_029,135.819
OHE_SEC_029_2707,SEC_029,135.87
OHE_SEC_029_2708,SEC_029,135.92
OHE_SEC_029_2709,SEC_029,135.971
OHE_SEC_029_2710,SEC_029,136.022
OHE_SEC_029_2711,SEC_029,136.072
OHE_SEC_029_2712,SEC_029,136.123
OHE_SEC_029_2713,SEC_029,136.173
OHE_SEC_029_2714,SEC_029,136.224
OHE_SEC_030_2715,SEC_030,136.264
OHE_SEC_030_2716,SEC_030,136.315
OHE_SEC_030_2717,SEC_030,136.366
OHE_SEC_030_2718,SEC_030,136.416
OHE_SEC_030_2719,SEC_030,136.467
OHE_SEC_030_2720,SEC_030,136.518
OHE_SEC_030_2721,SEC_030,136.569
OHE_SEC_030_2722,SEC_030,136.62
OHE_SEC_030_2723,SEC_030,136.671
OHE_SEC_030_2724,SEC_030,136.721
OHE_SEC_030_2725,SEC_030,136.772
OHE_SEC_030_2726,SEC_030,136.823
OHE_SEC_030_2727,SEC_030,136.874
OHE_SEC_030_2728,SEC_030,136.925
OHE_SEC_030_2729,SEC_030,136.975
OHE_SEC_030_2730,SEC_030,137.026
OHE_SEC_030_2731,SEC_030,137.077
OHE_SEC_030_2732,SEC_030,137.128
OHE_SEC_030_2733,SEC_030,137.179
OHE_SEC_030_2734,SEC_030,137.23
OHE_SEC_030_2735,SEC_030,137.28
OHE_SEC_030_2736,SEC_030,137.331
OHE_SEC_030_2737,SEC_030,137.382
OHE_SEC_030_2738,SEC_030,137.433
OHE_SEC_030_2739,SEC_030,137.484
OHE_SEC_030_2740,SEC_030,137.534
OHE_SEC_030_2741,SEC_030,137.585
OHE_SEC_030_2742,SEC_030,137.636
OHE_SEC_030_2743,SEC_030,137.687
OHE_SEC_030_2744,SEC_030,137.738
OHE_SEC_030_2745,SEC_030,137.789
OHE_SEC_030_2746,SEC_030,137.839
OHE_SEC_030_2747,SEC_030,137.89
OHE_SEC_030_2748,SEC_030,137.941
OHE_SEC_030_2749,SEC_030,137.992
OHE_SEC_030_2750,SEC_030,138.043
OHE_SEC_030_2751,SEC_030,138.093
OHE_SEC_030_2752,SEC_030,138.144
OHE_SEC_030_2753,SEC_030,138.195
OHE_SEC_030_2754,SEC_030,138.246
OHE_SEC_030_2755,SEC_030,138.297
OHE_SEC_030_2756,SEC_030,138.348
OHE_SEC_030_2757,SEC_030,138.398
OHE_SEC_030_2758,SEC_030,138.449
OHE_SEC_030_2759,SEC_030,138.5
OHE_SEC_030_2760,SEC_030,138.551
OHE_SEC_030_2761,SEC_030,138.602
OHE_SEC_030_2762,SEC_030,138.652
OHE_SEC_030_2763,SEC_030,138.703
OHE_SEC_030_2764,SEC_030,138.754
OHE_SEC_030_2765,SEC_030,138.805
OHE_SEC_030_2766,SEC_030,138.856
OHE_SEC_030_2767,SEC_030,138.907
OHE_SEC_030_2768,SEC_030,138.957
OHE_SEC_030_2769,SEC_030,139.008
OHE_SEC_030_2770,SEC_030,139.059
OHE_SEC_031_2771,SEC_031,139.099
OHE_SEC_031_2772,SEC_031,139.152
OHE_SEC_031_2773,SEC_031,139.206
OHE_SEC_031_2774,SEC_031,139.259
OHE_SEC_031_2775,SEC_031,139.312
OHE_SEC_031_2776,SEC_031,139.366
OHE_SEC_031_2777,SEC_031,139.419
OHE_SEC_031_2778,SEC_031,139.472
OHE_SEC_031_2779,SEC_031,139.525
OHE_SEC_031_2780,SEC_031,139.579
OHE_SEC_031_2781,SEC_031,139.632
OHE_SEC_032_2782,SEC_032,139.672
OHE_SEC_032_2783,SEC_032,139.722
OHE_SEC_032_2784,SEC_032,139.772
OHE_SEC_032_2785,SEC_032,139.822
OHE_SEC_032_2786,SEC_032,139.872
OHE_SEC_032_2787,SEC_032,139.923
OHE_SEC_032_2788,SEC_032,139.973
OHE_SEC_032_2789,SEC_032,140.023
OHE_SEC_032_2790,SEC_032,140.073
OHE_SEC_032_2791,SEC_032,140.123
OHE_SEC_032_2792,SEC_032,140.173
OHE_SEC_032_2793,SEC_032,140.223
OHE_SEC_032_2794,SEC_032,140.273
OHE_SEC_032_2795,SEC_032,140.324
OHE_SEC_032_2796,SEC_032,140.374
OHE_SEC_032_2797,SEC_032,140.424
OHE_SEC_032_2798,SEC_032,140.474
OHE_SEC_032_2799,SEC_032,140.524
OHE_SEC_032_2800,SEC_032,140.574
OHE_SEC_032_2801,SEC_032,140.624
OHE_SEC_032_2802,SEC_032,140.674
OHE_SEC_032_2803,SEC_032,140.725
OHE_SEC_032_2804,SEC_032,140.775
OHE_SEC_032_2805,SEC_032,140.825
OHE_SEC_032_2806,SEC_032,140.875
OHE_SEC_032_2807,SEC_032,140.925
OHE_SEC_032_2808,SEC_032,140.975
OHE_SEC_032_2809,SEC_032,141.025
OHE_SEC_032_2810,SEC_032,141.075
OHE_SEC_032_2811,SEC_032,141.125
OHE_SEC_032_2812,SEC_032,141.176
OHE_SEC_032_2813,SEC_032,141.226
OHE_SEC_032_2814,SEC_032,141.276
OHE_SEC_032_2815,SEC_032,141.326
OHE_SEC_032_2816,SEC_032,141.376
OHE_SEC_032_2817,SEC_032,141.426
OHE_SEC_032_2818,SEC_032,141.476
OHE_SEC_032_2819,SEC_032,141.526
OHE_SEC_032_2820,SEC_032,141.577
OHE_SEC_032_2821,SEC_032,141.627
OHE_SEC_032_2822,SEC_032,141.677
OHE_SEC_032_2823,SEC_032,141.727
OHE_SEC_032_2824,SEC_032,141.777
OHE_SEC_032_2825,SEC_032,141.827
OHE_SEC_032_2826,SEC_032,141.877
OHE_SEC_032_2827,SEC_032,141.927
OHE_SEC_032_2828,SEC_032,141.978
OHE_SEC_032_2829,SEC_032,142.028
OHE_SEC_032_2830,SEC_032,142.078
OHE_SEC_032_2831,SEC_032,142.128
OHE_SEC_032_2832,SEC_032,142.178
OHE_SEC_032_2833,SEC_032,142.228
OHE_SEC_032_2834,SEC_032,142.278
OHE_SEC_032_2835,SEC_032,142.328
OHE_SEC_032_2836,SEC_032,142.378
OHE_SEC_032_2837,SEC_032,142.429
OHE_SEC_032_2838,SEC_032,142.479
OHE_SEC_032_2839,SEC_032,142.529
OHE_SEC_032_2840,SEC_032,142.579
OHE_SEC_032_2841,SEC_032,142.629
OHE_SEC_032_2842,SEC_032,142.679
OHE_SEC_032_2843,SEC_032,142.729
OHE_SEC_032_2844,SEC_032,142.779
OHE_SEC_032_2845,SEC_032,142.83
OHE_SEC_032_2846,SEC_032,142.88
OHE_SEC_032_2847,SEC_032,142.93
OHE_SEC_032_2848,SEC_032,142.98
OHE_SEC_032_2849,SEC_032,143.03
OHE_SEC_032_2850,SEC_032,143.08
OHE_SEC_032_2851,SEC_032,143.13
OHE_SEC_032_2852,SEC_032,143.18
OHE_SEC_032_2853,SEC_032,143.231
OHE_SEC_032_2854,SEC_032,143.281
OHE_SEC_032_2855,SEC_032,143.331
OHE_SEC_032_2856,SEC_032,143.381
OHE_SEC_032_2857,SEC_032,143.431
OHE_SEC_032_2858,SEC_032,143.481
OHE_SEC_032_2859,SEC_032,143.531
OHE_SEC_032_2860,SEC_032,143.581
OHE_SEC_032_2861,SEC_032,143.631
OHE_SEC_032_2862,SEC_032,143.682
OHE_SEC_032_2863,SEC_032,143.732
OHE_SEC_032_2864,SEC_032,143.782
OHE_SEC_032_2865,SEC_032,143.832
OHE_SEC_032_2866,SEC_032,143.882
OHE_SEC_032_2867,SEC_032,143.932
OHE_SEC_032_2868,SEC_032,143.982
OHE_SEC_032_2869,SEC_032,144.032
OHE_SEC_032_2870,SEC_032,144.083
OHE_SEC_032_2871,SEC_032,144.133
OHE_SEC_032_2872,SEC_032,144.183
OHE_SEC_032_2873,SEC_032,144.233
OHE_SEC_032_2874,SEC_032,144.283
OHE_SEC_032_2875,SEC_032,144.333
OHE_SEC_032_2876,SEC_032,144.383
OHE_SEC_032_2877,SEC_032,144.433
OHE_SEC_032_2878,SEC_032,144.484
OHE_SEC_032_2879,SEC_032,144.534
OHE_SEC_032_2880,SEC_032,144.584
OHE_SEC_032_2881,SEC_032,144.634
OHE_SEC_032_2882,SEC_032,144.684
OHE_SEC_032_2883,SEC_032,144.734
OHE_SEC_032_2884,SEC_032,144.784
OHE_SEC_032_2885,SEC_032,144.834
OHE_SEC_032_2886,SEC_032,144.884
OHE_SEC_032_2887,SEC_032,144.935
OHE_SEC_032_2888,SEC_032,144.985
OHE_SEC_032_2889,SEC_032,145.035
OHE_SEC_032_2890,SEC_032,145.085
OHE_SEC_032_2891,SEC_032,145.135
OHE_SEC_032_2892,SEC_032,145.185
OHE_SEC_032_2893,SEC_032,145.235
OHE_SEC_032_2894,SEC_032,145.285
OHE_SEC_032_2895,SEC_032,145.336
OHE_SEC_032_2896,SEC_032,145.386
OHE_SEC_032_2897,SEC_032,145.436
OHE_SEC_032_2898,SEC_032,145.486
OHE_SEC_032_2899,SEC_032,145.536
OHE_SEC_032_2900,SEC_032,145.586
OHE_SEC_032_2901,SEC_032,145.636
OHE_SEC_032_2902,SEC_032,145.686
OHE_SEC_032_2903,SEC_032,145.737
OHE_SEC_032_2904,SEC_032,145.787
OHE_SEC_032_2905,SEC_032,145.837
OHE_SEC_032_2906,SEC_032,145.887
OHE_SEC_032_2907,SEC_032,145.937
OHE_SEC_032_2908,SEC_032,145.987
OHE_SEC_032_2909,SEC_032,146.037
OHE_SEC_032_2910,SEC_032,146.087
OHE_SEC_032_2911,SEC_032,146.137
OHE_SEC_032_2912,SEC_032,146.188
OHE_SEC_032_2913,SEC_032,146.238
OHE_SEC_032_2914,SEC_032,146.288
OHE_SEC_032_2915,SEC_032,146.338
OHE_SEC_032_2916,SEC_032,146.388
OHE_SEC_032_2917,SEC_032,146.438
OHE_SEC_032_2918,SEC_032,146.488
OHE_SEC_032_2919,SEC_032,146.538
OHE_SEC_032_2920,SEC_032,146.589
OHE_SEC_032_2921,SEC_032,146.639
OHE_SEC_032_2922,SEC_032,146.689
OHE_SEC_032_2923,SEC_032,146.739
OHE_SEC_032_2924,SEC_032,146.789
OHE_SEC_032_2925,SEC_032,146.839
OHE_SEC_032_2926,SEC_032,146.889
OHE_SEC_032_2927,SEC_032,146.939
OHE_SEC_032_2928,SEC_032,146.99
OHE_SEC_032_2929,SEC_032,147.04
OHE_SEC_032_2930,SEC_032,147.09
OHE_SEC_032_2931,SEC_032,147.14
OHE_SEC_032_2932,SEC_032,147.19
OHE_SEC_032_2933,SEC_032,147.24
OHE_SEC_032_2934,SEC_032,147.29
OHE_SEC_032_2935,SEC_032,147.34
OHE_SEC_032_2936,SEC_032,147.39
OHE_SEC_032_2937,SEC_032,147.441
OHE_SEC_032_2938,SEC_032,147.491
OHE_SEC_032_2939,SEC_032,147.541
OHE_SEC_032_2940,SEC_032,147.591
OHE_SEC_032_2941,SEC_032,147.641
OHE_SEC_032_2942,SEC_032,147.691
OHE_SEC_032_2943,SEC_032,147.741
OHE_SEC_032_2944,SEC_032,147.791
OHE_SEC_032_2945,SEC_032,147.842
OHE_SEC_032_2946,SEC_032,147.892
OHE_SEC_032_2947,SEC_032,147.942
OHE_SEC_032_2948,SEC_032,147.992
OHE_SEC_032_2949,SEC_032,148.042
OHE_SEC_032_2950,SEC_032,148.092
OHE_SEC_032_2951,SEC_032,148.142
OHE_SEC_032_2952,SEC_032,148.192
OHE_SEC_032_2953,SEC_032,148.243
OHE_SEC_032_2954,SEC_032,148.293
OHE_SEC_032_2955,SEC_032,148.343
OHE_SEC_032_2956,SEC_032,148.393
OHE_SEC_032_2957,SEC_032,148.443
OHE_SEC_033_2958,SEC_033,148.483
OHE_SEC_033_2959,SEC_033,148.534
OHE_SEC_033_2960,SEC_033,148.585
OHE_SEC_033_2961,SEC_033,148.636
OHE_SEC_033_2962,SEC_033,148.687
OHE_SEC_033_2963,SEC_033,148.738
OHE_SEC_033_2964,SEC_033,148.789
OHE_SEC_033_2965,SEC_033,148.84
OHE_SEC_033_2966,SEC_033,148.891
OHE_SEC_033_2967,SEC_033,148.941
OHE_SEC_033_2968,SEC_033,148.992
OHE_SEC_033_2969,SEC_033,149.043
OHE_SEC_033_2970,SEC_033,149.094
OHE_SEC_033_2971,SEC_033,149.145
OHE_SEC_033_2972,SEC_033,149.196
OHE_SEC_033_2973,SEC_033,149.247
OHE_SEC_033_2974,SEC_033,149.298
OHE_SEC_033_2975,SEC_033,149.349
OHE_SEC_033_2976,SEC_033,149.4
OHE_SEC_033_2977,SEC_033,149.451
OHE_SEC_033_2978,SEC_033,149.502
OHE_SEC_033_2979,SEC_033,149.553
OHE_SEC_033_2980,SEC_033,149.604
OHE_SEC_033_2981,SEC_033,149.655
OHE_SEC_033_2982,SEC_033,149.706
OHE_SEC_033_2983,SEC_033,149.757
OHE_SEC_033_2984,SEC_033,149.807
OHE_SEC_033_2985,SEC_033,149.858
OHE_SEC_033_2986,SEC_033,149.909
OHE_SEC_033_2987,SEC_033,149.96
OHE_SEC_033_2988,SEC_033,150.011
OHE_SEC_033_2989,SEC_033,150.062
OHE_SEC_033_2990,SEC_033,150.113
OHE_SEC_033_2991,SEC_033,150.164
OHE_SEC_033_2992,SEC_033,150.215
OHE_SEC_033_2993,SEC_033,150.266
OHE_SEC_033_2994,SEC_033,150.317
OHE_SEC_033_2995,SEC_033,150.368
OHE_SEC_033_2996,SEC_033,150.419
OHE_SEC_033_2997,SEC_033,150.47
OHE_SEC_033_2998,SEC_033,150.521
OHE_SEC_033_2999,SEC_033,150.572
OHE_SEC_033_3000,SEC_033,150.623
OHE_SEC_033_3001,SEC_033,150.673
OHE_SEC_033_3002,SEC_033,150.724
OHE_SEC_033_3003,SEC_033,150.775
OHE_SEC_033_3004,SEC_033,150.826
OHE_SEC_033_3005,SEC_033,150.877
OHE_SEC_033_3006,SEC_033,150.928
OHE_SEC_033_3007,SEC_033,150.979
OHE_SEC_033_3008,SEC_033,151.03
OHE_SEC_033_3009,SEC_033,151.081
OHE_SEC_034_3010,SEC_034,151.121
OHE_SEC_034_3011,SEC_034,151.172
OHE_SEC_034_3012,SEC_034,151.224
OHE_SEC_034_3013,SEC_034,151.275
OHE_SEC_034_3014,SEC_034,151.326
OHE_SEC_034_3015,SEC_034,151.378
OHE_SEC_034_3016,SEC_034,151.429
OHE_SEC_034_3017,SEC_034,151.481
OHE_SEC_034_3018,SEC_034,151.532
OHE_SEC_034_3019,SEC_034,151.583
OHE_SEC_034_3020,SEC_034,151.635
OHE_SEC_034_3021,SEC_034,151.686
OHE_SEC_035_3022,SEC_035,151.726
OHE_SEC_035_3023,SEC_035,151.777
OHE_SEC_035_3024,SEC_035,151.828
OHE_SEC_035_3025,SEC_035,151.879
OHE_SEC_035_3026,SEC_035,151.93
OHE_SEC_035_3027,SEC_035,151.981
OHE_SEC_035_3028,SEC_035,152.032
OHE_SEC_035_3029,SEC_035,152.083
OHE_SEC_035_3030,SEC_035,152.134
OHE_SEC_035_3031,SEC_035,152.185
OHE_SEC_035_3032,SEC_035,152.236
OHE_SEC_035_3033,SEC_035,152.287
OHE_SEC_035_3034,SEC_035,152.338
OHE_SEC_035_3035,SEC_035,152.388
OHE_SEC_035_3036,SEC_035,152.439
OHE_SEC_035_3037,SEC_035,152.49
OHE_SEC_035_3038,SEC_035,152.541
OHE_SEC_035_3039,SEC_035,152.592
OHE_SEC_035_3040,SEC_035,152.643
OHE_SEC_035_3041,SEC_035,152.694
OHE_SEC_035_3042,SEC_035,152.745
OHE_SEC_035_3043,SEC_035,152.796
OHE_SEC_035_3044,SEC_035,152.847
OHE_SEC_035_3045,SEC_035,152.898
OHE_SEC_035_3046,SEC_035,152.949
OHE_SEC_035_3047,SEC_035,153.0
OHE_SEC_035_3048,SEC_035,153.051
OHE_SEC_035_3049,SEC_035,153.102
OHE_SEC_035_3050,SEC_035,153.153
OHE_SEC_035_3051,SEC_035,153.204
OHE_SEC_035_3052,SEC_035,153.255
OHE_SEC_035_3053,SEC_035,153.306
OHE_SEC_035_3054,SEC_035,153.357
OHE_SEC_035_3055,SEC_035,153.408
OHE_SEC_035_3056,SEC_035,153.459
OHE_SEC_035_3057,SEC_035,153.51
OHE_SEC_035_3058,SEC_035,153.561
OHE_SEC_035_3059,SEC_035,153.611
OHE_SEC_035_3060,SEC_035,153.662
OHE_SEC_035_3061,SEC_035,153.713
OHE_SEC_035_3062,SEC_035,153.764
OHE_SEC_035_3063,SEC_035,153.815
OHE_SEC_035_3064,SEC_035,153.866
OHE_SEC_035_3065,SEC_035,153.917
OHE_SEC_035_3066,SEC_035,153.968
OHE_SEC_035_3067,SEC_035,154.019
OHE_SEC_035_3068,SEC_035,154.07
OHE_SEC_035_3069,SEC_035,154.121
OHE_SEC_035_3070,SEC_035,154.172
OHE_SEC_035_3071,SEC_035,154.223
OHE_SEC_036_3072,SEC_036,154.263
OHE_SEC_036_3073,SEC_036,154.315
OHE_SEC_036_3074,SEC_036,154.368
OHE_SEC_036_3075,SEC_036,154.42
OHE_SEC_036_3076,SEC_036,154.472
OHE_SEC_036_3077,SEC_036,154.525
OHE_SEC_036_3078,SEC_036,154.577
OHE_SEC_036_3079,SEC_036,154.629
OHE_SEC_036_3080,SEC_036,154.682
OHE_SEC_036_3081,SEC_036,154.734
OHE_SEC_036_3082,SEC_036,154.786
OHE_SEC_036_3083,SEC_036,154.838
OHE_SEC_036_3084,SEC_036,154.891
OHE_SEC_036_3085,SEC_036,154.943
OHE_SEC_036_3086,SEC_036,154.995
OHE_SEC_036_3087,SEC_036,155.048
OHE_SEC_036_3088,SEC_036,155.1
OHE_SEC_037_3089,SEC_037,155.14
OHE_SEC_037_3090,SEC_037,155.191
OHE_SEC_037_3091,SEC_037,155.242
OHE_SEC_037_3092,SEC_037,155.293
OHE_SEC_037_3093,SEC_037,155.344
OHE_SEC_037_3094,SEC_037,155.395
OHE_SEC_037_3095,SEC_037,155.446
OHE_SEC_037_3096,SEC_037,155.497
OHE_SEC_037_3097,SEC_037,155.549
OHE_SEC_037_3098,SEC_037,155.6
OHE_SEC_037_3099,SEC_037,155.651
OHE_SEC_037_3100,SEC_037,155.702
OHE_SEC_037_3101,SEC_037,155.753
OHE_SEC_037_3102,SEC_037,155.804
OHE_SEC_037_3103,SEC_037,155.855
OHE_SEC_037_3104,SEC_037,155.906
OHE_SEC_037_3105,SEC_037,155.957
OHE_SEC_037_3106,SEC_037,156.008
OHE_SEC_037_3107,SEC_037,156.059
OHE_SEC_037_3108,SEC_037,156.11
OHE_SEC_037_3109,SEC_037,156.161
OHE_SEC_037_3110,SEC_037,156.212
OHE_SEC_037_3111,SEC_037,156.264
OHE_SEC_037_3112,SEC_037,156.315
OHE_SEC_037_3113,SEC_037,156.366
OHE_SEC_037_3114,SEC_037,156.417
OHE_SEC_037_3115,SEC_037,156.468
OHE_SEC_037_3116,SEC_037,156.519
OHE_SEC_037_3117,SEC_037,156.57
OHE_SEC_037_3118,SEC_037,156.621
OHE_SEC_038_3119,SEC_038,156.661
OHE_SEC_038_3120,SEC_038,156.711
OHE_SEC_038_3121,SEC_038,156.761
OHE_SEC_038_3122,SEC_038,156.811
OHE_SEC_038_3123,SEC_038,156.862
OHE_SEC_038_3124,SEC_038,156.912
OHE_SEC_038_3125,SEC_038,156.962
OHE_SEC_038_3126,SEC_038,157.012
OHE_SEC_038_3127,SEC_038,157.062
OHE_SEC_038_3128,SEC_038,157.112
OHE_SEC_038_3129,SEC_038,157.163
OHE_SEC_038_3130,SEC_038,157.213
OHE_SEC_038_3131,SEC_038,157.263
OHE_SEC_038_3132,SEC_038,157.313
OHE_SEC_038_3133,SEC_038,157.363
OHE_SEC_038_3134,SEC_038,157.413
OHE_SEC_038_3135,SEC_038,157.464
OHE_SEC_038_3136,SEC_038,157.514
OHE_SEC_038_3137,SEC_038,157.564
OHE_SEC_038_3138,SEC_038,157.614
OHE_SEC_038_3139,SEC_038,157.664
OHE_SEC_038_3140,SEC_038,157.714
OHE_SEC_038_3141,SEC_038,157.765
OHE_SEC_038_3142,SEC_038,157.815
OHE_SEC_038_3143,SEC_038,157.865
OHE_SEC_038_3144,SEC_038,157.915
OHE_SEC_038_3145,SEC_038,157.965
OHE_SEC_038_3146,SEC_038,158.015
OHE_SEC_038_3147,SEC_038,158.066
OHE_SEC_038_3148,SEC_038,158.116
OHE_SEC_038_3149,SEC_038,158.166
OHE_SEC_038_3150,SEC_038,158.216
OHE_SEC_038_3151,SEC_038,158.266
OHE_SEC_038_3152,SEC_038,158.316
OHE_SEC_038_3153,SEC_038,158.367
OHE_SEC_038_3154,SEC_038,158.417
OHE_SEC_038_3155,SEC_038,158.467
OHE_SEC_038_3156,SEC_038,158.517
OHE_SEC_038_3157,SEC_038,158.567
OHE_SEC_038_3158,SEC_038,158.617
OHE_SEC_038_3159,SEC_038,158.668
OHE_SEC_038_3160,SEC_038,158.718
OHE_SEC_038_3161,SEC_038,158.768
OHE_SEC_038_3162,SEC_038,158.818
OHE_SEC_038_3163,SEC_038,158.868
OHE_SEC_038_3164,SEC_038,158.918
OHE_SEC_038_3165,SEC_038,158.969
OHE_SEC_038_3166,SEC_038,159.019
OHE_SEC_038_3167,SEC_038,159.069
OHE_SEC_038_3168,SEC_038,159.119
OHE_SEC_038_3169,SEC_038,159.169
OHE_SEC_038_3170,SEC_038,159.219
OHE_SEC_038_3171,SEC_038,159.27
OHE_SEC_038_3172,SEC_038,159.32
OHE_SEC_038_3173,SEC_038,159.37
OHE_SEC_038_3174,SEC_038,159.42
OHE_SEC_038_3175,SEC_038,159.47
OHE_SEC_038_3176,SEC_038,159.52
OHE_SEC_038_3177,SEC_038,159.571
OHE_SEC_038_3178,SEC_038,159.621
OHE_SEC_038_3179,SEC_038,159.671
OHE_SEC_038_3180,SEC_038,159.721
OHE_SEC_038_3181,SEC_038,159.771
OHE_SEC_038_3182,SEC_038,159.821
OHE_SEC_038_3183,SEC_038,159.872
OHE_SEC_038_3184,SEC_038,159.922
OHE_SEC_038_3185,SEC_038,159.972
OHE_SEC_038_3186,SEC_038,160.022
OHE_SEC_038_3187,SEC_038,160.072
OHE_SEC_038_3188,SEC_038,160.122
OHE_SEC_038_3189,SEC_038,160.173
OHE_SEC_038_3190,SEC_038,160.223
OHE_SEC_038_3191,SEC_038,160.273
OHE_SEC_038_3192,SEC_038,160.323
OHE_SEC_039_3193,SEC_039,160.363
OHE_SEC_039_3194,SEC_039,160.413
OHE_SEC_039_3195,SEC_039,160.464
OHE_SEC_039_3196,SEC_039,160.514
OHE_SEC_039_3197,SEC_039,160.564
OHE_SEC_039_3198,SEC_039,160.615
OHE_SEC_039_3199,SEC_039,160.665
OHE_SEC_039_3200,SEC_039,160.715
OHE_SEC_039_3201,SEC_039,160.766
OHE_SEC_039_3202,SEC_039,160.816
OHE_SEC_039_3203,SEC_039,160.866
OHE_SEC_039_3204,SEC_039,160.917
OHE_SEC_039_3205,SEC_039,160.967
OHE_SEC_039_3206,SEC_039,161.017
OHE_SEC_039_3207,SEC_039,161.068
OHE_SEC_039_3208,SEC_039,161.118
OHE_SEC_039_3209,SEC_039,161.168
OHE_SEC_039_3210,SEC_039,161.219
OHE_SEC_039_3211,SEC_039,161.269
OHE_SEC_039_3212,SEC_039,161.32
OHE_SEC_039_3213,SEC_039,161.37
OHE_SEC_039_3214,SEC_039,161.42
OHE_SEC_039_3215,SEC_039,161.471
OHE_SEC_039_3216,SEC_039,161.521
OHE_SEC_039_3217,SEC_039,161.571
OHE_SEC_039_3218,SEC_039,161.622
OHE_SEC_039_3219,SEC_039,161.672
OHE_SEC_039_3220,SEC_039,161.722
OHE_SEC_039_3221,SEC_039,161.773
OHE_SEC_039_3222,SEC_039,161.823
OHE_SEC_039_3223,SEC_039,161.873
OHE_SEC_039_3224,SEC_039,161.924
OHE_SEC_039_3225,SEC_039,161.974
OHE_SEC_039_3226,SEC_039,162.024
OHE_SEC_039_3227,SEC_039,162.075
OHE_SEC_039_3228,SEC_039,162.125
OHE_SEC_039_3229,SEC_039,162.175
OHE_SEC_039_3230,SEC_039,162.226
OHE_SEC_039_3231,SEC_039,162.276
OHE_SEC_039_3232,SEC_039,162.326
OHE_SEC_039_3233,SEC_039,162.377
OHE_SEC_039_3234,SEC_039,162.427
OHE_SEC_039_3235,SEC_039,162.477
OHE_SEC_039_3236,SEC_039,162.528
OHE_SEC_039_3237,SEC_039,162.578
OHE_SEC_039_3238,SEC_039,162.628
OHE_SEC_039_3239,SEC_039,162.679
OHE_SEC_039_3240,SEC_039,162.729
OHE_SEC_039_3241,SEC_039,162.779
OHE_SEC_039_3242,SEC_039,162.83
OHE_SEC_039_3243,SEC_039,162.88
OHE_SEC_039_3244,SEC_039,162.93
OHE_SEC_039_3245,SEC_039,162.981
OHE_SEC_039_3246,SEC_039,163.031
OHE_SEC_039_3247,SEC_039,163.082
OHE_SEC_039_3248,SEC_039,163.132
OHE_SEC_039_3249,SEC_039,163.182
OHE_SEC_039_3250,SEC_039,163.233
OHE_SEC_039_3251,SEC_039,163.283
OHE_SEC_039_3252,SEC_039,163.333
OHE_SEC_039_3253,SEC_039,163.384
OHE_SEC_039_3254,SEC_039,163.434
OHE_SEC_039_3255,SEC_039,163.484
OHE_SEC_039_3256,SEC_039,163.535
OHE_SEC_039_3257,SEC_039,163.585
OHE_SEC_039_3258,SEC_039,163.635
OHE_SEC_039_3259,SEC_039,163.686
OHE_SEC_039_3260,SEC_039,163.736
OHE_SEC_039_3261,SEC_039,163.786
OHE_SEC_039_3262,SEC_039,163.837
OHE_SEC_039_3263,SEC_039,163.887
OHE_SEC_040_3264,SEC_040,163.927
OHE_SEC_040_3265,SEC_040,163.978
OHE_SEC_040_3266,SEC_040,164.03
OHE_SEC_040_3267,SEC_040,164.081
OHE_SEC_040_3268,SEC_040,164.132
OHE_SEC_040_3269,SEC_040,164.184
OHE_SEC_040_3270,SEC_040,164.235
OHE_SEC_040_3271,SEC_040,164.286
OHE_SEC_040_3272,SEC_040,164.338
OHE_SEC_040_3273,SEC_040,164.389
OHE_SEC_040_3274,SEC_040,164.44
OHE_SEC_040_3275,SEC_040,164.492
OHE_SEC_040_3276,SEC_040,164.543
OHE_SEC_040_3277,SEC_040,164.594
OHE_SEC_040_3278,SEC_040,164.646
OHE_SEC_040_3279,SEC_040,164.697
OHE_SEC_040_3280,SEC_040,164.748
OHE_SEC_040_3281,SEC_040,164.8
OHE_SEC_040_3282,SEC_040,164.851
OHE_SEC_041_3283,SEC_041,164.891
OHE_SEC_041_3284,SEC_041,164.943
OHE_SEC_041_3285,SEC_041,164.994
OHE_SEC_041_3286,SEC_041,165.046
OHE_SEC_041_3287,SEC_041,165.097
OHE_SEC_041_3288,SEC_041,165.149
OHE_SEC_041_3289,SEC_041,165.2
OHE_SEC_041_3290,SEC_041,165.252
OHE_SEC_041_3291,SEC_041,165.303
OHE_SEC_041_3292,SEC_041,165.355
OHE_SEC_041_3293,SEC_041,165.406
OHE_SEC_041_3294,SEC_041,165.458
OHE_SEC_041_3295,SEC_041,165.509
OHE_SEC_041_3296,SEC_041,165.561
OHE_SEC_041_3297,SEC_041,165.612
OHE_SEC_041_3298,SEC_041,165.664
OHE_SEC_041_3299,SEC_041,165.715
OHE_SEC_041_3300,SEC_041,165.767
OHE_SEC_042_3301,SEC_042,165.807
OHE_SEC_042_3302,SEC_042,165.85
OHE_SEC_043_3303,SEC_043,165.89
OHE_SEC_043_3304,SEC_043,165.94
OHE_SEC_043_3305,SEC_043,165.991
OHE_SEC_043_3306,SEC_043,166.041
OHE_SEC_043_3307,SEC_043,166.092
OHE_SEC_043_3308,SEC_043,166.142
OHE_SEC_043_3309,SEC_043,166.192
OHE_SEC_043_3310,SEC_043,166.243
OHE_SEC_043_3311,SEC_043,166.293
OHE_SEC_043_3312,SEC_043,166.344
OHE_SEC_043_3313,SEC_043,166.394
OHE_SEC_043_3314,SEC_043,166.445
OHE_SEC_043_3315,SEC_043,166.495
OHE_SEC_043_3316,SEC_043,166.545
OHE_SEC_043_3317,SEC_043,166.596
OHE_SEC_043_3318,SEC_043,166.646
OHE_SEC_043_3319,SEC_043,166.697
OHE_SEC_043_3320,SEC_043,166.747
OHE_SEC_043_3321,SEC_043,166.797
OHE_SEC_043_3322,SEC_043,166.848
OHE_SEC_043_3323,SEC_043,166.898
OHE_SEC_043_3324,SEC_043,166.949
OHE_SEC_043_3325,SEC_043,166.999
OHE_SEC_043_3326,SEC_043,167.05
OHE_SEC_043_3327,SEC_043,167.1
OHE_SEC_043_3328,SEC_043,167.15
OHE_SEC_043_3329,SEC_043,167.201
OHE_SEC_043_3330,SEC_043,167.251
OHE_SEC_043_3331,SEC_043,167.302
OHE_SEC_043_3332,SEC_043,167.352
OHE_SEC_043_3333,SEC_043,167.402
OHE_SEC_043_3334,SEC_043,167.453
OHE_SEC_043_3335,SEC_043,167.503
OHE_SEC_043_3336,SEC_043,167.554
OHE_SEC_043_3337,SEC_043,167.604
OHE_SEC_043_3338,SEC_043,167.655
OHE_SEC_043_3339,SEC_043,167.705
OHE_SEC_043_3340,SEC_043,167.755
OHE_SEC_043_3341,SEC_043,167.806
OHE_SEC_043_3342,SEC_043,167.856
OHE_SEC_043_3343,SEC_043,167.907
OHE_SEC_043_3344,SEC_043,167.957
OHE_SEC_043_3345,SEC_043,168.007
OHE_SEC_043_3346,SEC_043,168.058
OHE_SEC_043_3347,SEC_043,168.108
OHE_SEC_043_3348,SEC_043,168.159
OHE_SEC_043_3349,SEC_043,168.209
OHE_SEC_043_3350,SEC_043,168.26
OHE_SEC_043_3351,SEC_043,168.31
OHE_SEC_043_3352,SEC_043,168.36
OHE_SEC_043_3353,SEC_043,168.411
OHE_SEC_043_3354,SEC_043,168.461
OHE_SEC_043_3355,SEC_043,168.512
OHE_SEC_043_3356,SEC_043,168.562
OHE_SEC_043_3357,SEC_043,168.612
OHE_SEC_043_3358,SEC_043,168.663
OHE_SEC_043_3359,SEC_043,168.713
OHE_SEC_043_3360,SEC_043,168.764
OHE_SEC_043_3361,SEC_043,168.814
OHE_SEC_043_3362,SEC_043,168.865
OHE_SEC_043_3363,SEC_043,168.915
OHE_SEC_043_3364,SEC_043,168.965
OHE_SEC_043_3365,SEC_043,169.016
OHE_SEC_043_3366,SEC_043,169.066
OHE_SEC_043_3367,SEC_043,169.117
OHE_SEC_043_3368,SEC_043,169.167
OHE_SEC_043_3369,SEC_043,169.217
OHE_SEC_043_3370,SEC_043,169.268
OHE_SEC_043_3371,SEC_043,169.318
OHE_SEC_043_3372,SEC_043,169.369
OHE_SEC_043_3373,SEC_043,169.419
OHE_SEC_043_3374,SEC_043,169.47
OHE_SEC_043_3375,SEC_043,169.52
OHE_SEC_043_3376,SEC_043,169.57
OHE_SEC_043_3377,SEC_043,169.621
OHE_SEC_043_3378,SEC_043,169.671
OHE_SEC_043_3379,SEC_043,169.722
OHE_SEC_043_3380,SEC_043,169.772
OHE_SEC_043_3381,SEC_043,169.822
OHE_SEC_043_3382,SEC_043,169.873
OHE_SEC_043_3383,SEC_043,169.923
OHE_SEC_043_3384,SEC_043,169.974
OHE_SEC_043_3385,SEC_043,170.024
OHE_SEC_043_3386,SEC_043,170.075
OHE_SEC_043_3387,SEC_043,170.125
OHE_SEC_043_3388,SEC_043,170.175
OHE_SEC_043_3389,SEC_043,170.226
OHE_SEC_043_3390,SEC_043,170.276
OHE_SEC_043_3391,SEC_043,170.327
OHE_SEC_043_3392,SEC_043,170.377
OHE_SEC_043_3393,SEC_043,170.427
OHE_SEC_043_3394,SEC_043,170.478
OHE_SEC_043_3395,SEC_043,170.528
OHE_SEC_043_3396,SEC_043,170.579
OHE_SEC_043_3397,SEC_043,170.629
OHE_SEC_043_3398,SEC_043,170.68
OHE_SEC_043_3399,SEC_043,170.73
OHE_SEC_043_3400,SEC_043,170.78
OHE_SEC_043_3401,SEC_043,170.831
OHE_SEC_043_3402,SEC_043,170.881
OHE_SEC_043_3403,SEC_043,170.932
OHE_SEC_043_3404,SEC_043,170.982
OHE_SEC_044_3405,SEC_044,171.022
OHE_SEC_044_3406,SEC_044,171.072
OHE_SEC_044_3407,SEC_044,171.123
OHE_SEC_044_3408,SEC_044,171.173
OHE_SEC_044_3409,SEC_044,171.223
OHE_SEC_044_3410,SEC_044,171.274
OHE_SEC_044_3411,SEC_044,171.324
OHE_SEC_044_3412,SEC_044,171.374
OHE_SEC_044_3413,SEC_044,171.425
OHE_SEC_044_3414,SEC_044,171.475
OHE_SEC_044_3415,SEC_044,171.525
OHE_SEC_044_3416,SEC_044,171.576
OHE_SEC_044_3417,SEC_044,171.626
OHE_SEC_044_3418,SEC_044,171.676
OHE_SEC_044_3419,SEC_044,171.727
OHE_SEC_044_3420,SEC_044,171.777
OHE_SEC_044_3421,SEC_044,171.827
OHE_SEC_044_3422,SEC_044,171.878
OHE_SEC_044_3423,SEC_044,171.928
OHE_SEC_044_3424,SEC_044,171.978
OHE_SEC_044_3425,SEC_044,172.029
OHE_SEC_044_3426,SEC_044,172.079
OHE_SEC_044_3427,SEC_044,172.129
OHE_SEC_044_3428,SEC_044,172.18
OHE_SEC_044_3429,SEC_044,172.23
OHE_SEC_044_3430,SEC_044,172.281
OHE_SEC_044_3431,SEC_044,172.331
OHE_SEC_044_3432,SEC_044,172.381
OHE_SEC_044_3433,SEC_044,172.432
OHE_SEC_044_3434,SEC_044,172.482
OHE_SEC_044_3435,SEC_044,172.532
OHE_SEC_044_3436,SEC_044,172.583
OHE_SEC_044_3437,SEC_044,172.633
OHE_SEC_044_3438,SEC_044,172.683
OHE_SEC_044_3439,SEC_044,172.734
OHE_SEC_044_3440,SEC_044,172.784
OHE_SEC_044_3441,SEC_044,172.834
OHE_SEC_044_3442,SEC_044,172.885
OHE_SEC_044_3443,SEC_044,172.935
OHE_SEC_044_3444,SEC_044,172.985
OHE_SEC_044_3445,SEC_044,173.036
OHE_SEC_044_3446,SEC_044,173.086
OHE_SEC_044_3447,SEC_044,173.136
OHE_SEC_044_3448,SEC_044,173.187
OHE_SEC_044_3449,SEC_044,173.237
OHE_SEC_044_3450,SEC_044,173.287
OHE_SEC_044_3451,SEC_044,173.338
OHE_SEC_044_3452,SEC_044,173.388
OHE_SEC_044_3453,SEC_044,173.438
OHE_SEC_044_3454,SEC_044,173.489
OHE_SEC_044_3455,SEC_044,173.539
OHE_SEC_044_3456,SEC_044,173.589
OHE_SEC_044_3457,SEC_044,173.64
OHE_SEC_044_3458,SEC_044,173.69
OHE_SEC_044_3459,SEC_044,173.74
OHE_SEC_044_3460,SEC_044,173.791
OHE_SEC_044_3461,SEC_044,173.841
OHE_SEC_044_3462,SEC_044,173.891
OHE_SEC_044_3463,SEC_044,173.942
OHE_SEC_044_3464,SEC_044,173.992
OHE_SEC_044_3465,SEC_044,174.042
OHE_SEC_044_3466,SEC_044,174.093
OHE_SEC_044_3467,SEC_044,174.143
OHE_SEC_044_3468,SEC_044,174.193
OHE_SEC_044_3469,SEC_044,174.244
OHE_SEC_044_3470,SEC_044,174.294
OHE_SEC_044_3471,SEC_044,174.344
OHE_SEC_044_3472,SEC_044,174.395
OHE_SEC_044_3473,SEC_044,174.445
OHE_SEC_044_3474,SEC_044,174.496
OHE_SEC_044_3475,SEC_044,174.546
OHE_SEC_044_3476,SEC_044,174.596
OHE_SEC_044_3477,SEC_044,174.647
OHE_SEC_044_3478,SEC_044,174.697
OHE_SEC_044_3479,SEC_044,174.747
OHE_SEC_044_3480,SEC_044,174.798
OHE_SEC_044_3481,SEC_044,174.848
OHE_SEC_044_3482,SEC_044,174.898
OHE_SEC_044_3483,SEC_044,174.949
OHE_SEC_044_3484,SEC_044,174.999
OHE_SEC_044_3485,SEC_044,175.049
OHE_SEC_044_3486,SEC_044,175.1
OHE_SEC_044_3487,SEC_044,175.15
OHE_SEC_044_3488,SEC_044,175.2
OHE_SEC_044_3489,SEC_044,175.251
OHE_SEC_044_3490,SEC_044,175.301
OHE_SEC_044_3491,SEC_044,175.351
OHE_SEC_044_3492,SEC_044,175.402
OHE_SEC_044_3493,SEC_044,175.452
OHE_SEC_044_3494,SEC_044,175.502
OHE_SEC_044_3495,SEC_044,175.553
OHE_SEC_044_3496,SEC_044,175.603
OHE_SEC_044_3497,SEC_044,175.653
OHE_SEC_044_3498,SEC_044,175.704
OHE_SEC_044_3499,SEC_044,175.754
OHE_SEC_044_3500,SEC_044,175.804
OHE_SEC_044_3501,SEC_044,175.855
OHE_SEC_044_3502,SEC_044,175.905
OHE_SEC_044_3503,SEC_044,175.955
OHE_SEC_044_3504,SEC_044,176.006
OHE_SEC_044_3505,SEC_044,176.056
OHE_SEC_044_3506,SEC_044,176.106
OHE_SEC_044_3507,SEC_044,176.157
OHE_SEC_044_3508,SEC_044,176.207
OHE_SEC_044_3509,SEC_044,176.257
OHE_SEC_044_3510,SEC_044,176.308
OHE_SEC_044_3511,SEC_044,176.358
OHE_SEC_044_3512,SEC_044,176.408
OHE_SEC_044_3513,SEC_044,176.459
OHE_SEC_044_3514,SEC_044,176.509
OHE_SEC_044_3515,SEC_044,176.559
OHE_SEC_044_3516,SEC_044,176.61
OHE_SEC_044_3517,SEC_044,176.66
OHE_SEC_044_3518,SEC_044,176.711
OHE_SEC_044_3519,SEC_044,176.761
OHE_SEC_044_3520,SEC_044,176.811
OHE_SEC_044_3521,SEC_044,176.862
OHE_SEC_044_3522,SEC_044,176.912
OHE_SEC_044_3523,SEC_044,176.962
OHE_SEC_044_3524,SEC_044,177.013
OHE_SEC_044_3525,SEC_044,177.063
OHE_SEC_044_3526,SEC_044,177.113
OHE_SEC_044_3527,SEC_044,177.164
OHE_SEC_044_3528,SEC_044,177.214
OHE_SEC_044_3529,SEC_044,177.264
OHE_SEC_044_3530,SEC_044,177.315
OHE_SEC_044_3531,SEC_044,177.365
OHE_SEC_044_3532,SEC_044,177.415
OHE_SEC_044_3533,SEC_044,177.466
OHE_SEC_044_3534,SEC_044,177.516
OHE_SEC_044_3535,SEC_044,177.566
OHE_SEC_044_3536,SEC_044,177.617
OHE_SEC_044_3537,SEC_044,177.667
OHE_SEC_044_3538,SEC_044,177.717
OHE_SEC_044_3539,SEC_044,177.768
OHE_SEC_044_3540,SEC_044,177.818
OHE_SEC_045_3541,SEC_045,177.858
OHE_SEC_045_3542,SEC_045,177.908
OHE_SEC_045_3543,SEC_045,177.958
OHE_SEC_045_3544,SEC_045,178.008
OHE_SEC_045_3545,SEC_045,178.059
OHE_SEC_045_3546,SEC_045,178.109
OHE_SEC_045_3547,SEC_045,178.159
OHE_SEC_045_3548,SEC_045,178.209
OHE_SEC_045_3549,SEC_045,178.259
OHE_SEC_045_3550,SEC_045,178.309
OHE_SEC_045_3551,SEC_045,178.36
OHE_SEC_045_3552,SEC_045,178.41
OHE_SEC_045_3553,SEC_045,178.46
OHE_SEC_045_3554,SEC_045,178.51
OHE_SEC_045_3555,SEC_045,178.56
OHE_SEC_045_3556,SEC_045,178.61
OHE_SEC_045_3557,SEC_045,178.661
OHE_SEC_045_3558,SEC_045,178.711
OHE_SEC_045_3559,SEC_045,178.761
OHE_SEC_045_3560,SEC_045,178.811
OHE_SEC_045_3561,SEC_045,178.861
OHE_SEC_045_3562,SEC_045,178.911
OHE_SEC_045_3563,SEC_045,178.962
OHE_SEC_045_3564,SEC_045,179.012
OHE_SEC_045_3565,SEC_045,179.062
OHE_SEC_045_3566,SEC_045,179.112
OHE_SEC_045_3567,SEC_045,179.162
OHE_SEC_045_3568,SEC_045,179.212
OHE_SEC_045_3569,SEC_045,179.262
OHE_SEC_045_3570,SEC_045,179.313
OHE_SEC_045_3571,SEC_045,179.363
OHE_SEC_045_3572,SEC_045,179.413
OHE_SEC_045_3573,SEC_045,179.463
OHE_SEC_045_3574,SEC_045,179.513
OHE_SEC_045_3575,SEC_045,179.563
OHE_SEC_045_3576,SEC_045,179.614
OHE_SEC_045_3577,SEC_045,179.664
OHE_SEC_045_3578,SEC_045,179.714
OHE_SEC_045_3579,SEC_045,179.764
OHE_SEC_045_3580,SEC_045,179.814
OHE_SEC_045_3581,SEC_045,179.864
OHE_SEC_045_3582,SEC_045,179.915
OHE_SEC_045_3583,SEC_045,179.965
OHE_SEC_045_3584,SEC_045,180.015
OHE_SEC_045_3585,SEC_045,180.065
OHE_SEC_045_3586,SEC_045,180.115
OHE_SEC_045_3587,SEC_045,180.165
OHE_SEC_045_3588,SEC_045,180.215
OHE_SEC_045_3589,SEC_045,180.266
OHE_SEC_045_3590,SEC_045,180.316
OHE_SEC_045_3591,SEC_045,180.366
OHE_SEC_045_3592,SEC_045,180.416
OHE_SEC_045_3593,SEC_045,180.466
OHE_SEC_045_3594,SEC_045,180.516
OHE_SEC_045_3595,SEC_045,180.567
OHE_SEC_045_3596,SEC_045,180.617
OHE_SEC_045_3597,SEC_045,180.667
OHE_SEC_045_3598,SEC_045,180.717
OHE_SEC_045_3599,SEC_045,180.767
OHE_SEC_045_3600,SEC_045,180.817
OHE_SEC_045_3601,SEC_045,180.868
OHE_SEC_045_3602,SEC_045,180.918
OHE_SEC_045_3603,SEC_045,180.968
OHE_SEC_045_3604,SEC_045,181.018
OHE_SEC_045_3605,SEC_045,181.068
OHE_SEC_045_3606,SEC_045,181.118
OHE_SEC_045_3607,SEC_045,181.168
OHE_SEC_045_3608,SEC_045,181.219
OHE_SEC_045_3609,SEC_045,181.269
OHE_SEC_045_3610,SEC_045,181.319
OHE_SEC_045_3611,SEC_045,181.369
OHE_SEC_045_3612,SEC_045,181.419
OHE_SEC_045_3613,SEC_045,181.469
OHE_SEC_045_3614,SEC_045,181.52
OHE_SEC_045_3615,SEC_045,181.57
OHE_SEC_045_3616,SEC_045,181.62
OHE_SEC_045_3617,SEC_045,181.67
OHE_SEC_045_3618,SEC_045,181.72
OHE_SEC_045_3619,SEC_045,181.77
OHE_SEC_045_3620,SEC_045,181.821
OHE_SEC_045_3621,SEC_045,181.871
OHE_SEC_045_3622,SEC_045,181.921
OHE_SEC_045_3623,SEC_045,181.971
OHE_SEC_045_3624,SEC_045,182.021
OHE_SEC_045_3625,SEC_045,182.071
OHE_SEC_045_3626,SEC_045,182.122
OHE_SEC_045_3627,SEC_045,182.172
OHE_SEC_045_3628,SEC_045,182.222
OHE_SEC_045_3629,SEC_045,182.272
OHE_SEC_045_3630,SEC_045,182.322
OHE_SEC_045_3631,SEC_045,182.372
OHE_SEC_045_3632,SEC_045,182.422
OHE_SEC_045_3633,SEC_045,182.473
OHE_SEC_045_3634,SEC_045,182.523
OHE_SEC_045_3635,SEC_045,182.573
OHE_SEC_045_3636,SEC_045,182.623
OHE_SEC_045_3637,SEC_045,182.673
OHE_SEC_045_3638,SEC_045,182.723
OHE_SEC_045_3639,SEC_045,182.774
OHE_SEC_045_3640,SEC_045,182.824
OHE_SEC_045_3641,SEC_045,182.874
OHE_SEC_045_3642,SEC_045,182.924
OHE_SEC_045_3643,SEC_045,182.974
OHE_SEC_045_3644,SEC_045,183.024
OHE_SEC_045_3645,SEC_045,183.075
OHE_SEC_045_3646,SEC_045,183.125
OHE_SEC_045_3647,SEC_045,183.175
OHE_SEC_045_3648,SEC_045,183.225
OHE_SEC_045_3649,SEC_045,183.275
OHE_SEC_045_3650,SEC_045,183.325
OHE_SEC_045_3651,SEC_045,183.376
OHE_SEC_045_3652,SEC_045,183.426
OHE_SEC_045_3653,SEC_045,183.476
OHE_SEC_045_3654,SEC_045,183.526
OHE_SEC_045_3655,SEC_045,183.576
OHE_SEC_045_3656,SEC_045,183.626
OHE_SEC_045_3657,SEC_045,183.676
OHE_SEC_045_3658,SEC_045,183.727
OHE_SEC_045_3659,SEC_045,183.777
OHE_SEC_045_3660,SEC_045,183.827
OHE_SEC_045_3661,SEC_045,183.877
OHE_SEC_045_3662,SEC_045,183.927
OHE_SEC_045_3663,SEC_045,183.977
OHE_SEC_045_3664,SEC_045,184.028
OHE_SEC_045_3665,SEC_045,184.078
OHE_SEC_045_3666,SEC_045,184.128
OHE_SEC_045_3667,SEC_045,184.178
OHE_SEC_045_3668,SEC_045,184.228
OHE_SEC_045_3669,SEC_045,184.278
OHE_SEC_045_3670,SEC_045,184.329
OHE_SEC_045_3671,SEC_045,184.379
OHE_SEC_045_3672,SEC_045,184.429
OHE_SEC_045_3673,SEC_045,184.479
OHE_SEC_046_3674,SEC_046,184.519
OHE_SEC_046_3675,SEC_046,184.569
OHE_SEC_046_3676,SEC_046,184.619
OHE_SEC_046_3677,SEC_046,184.67
OHE_SEC_046_3678,SEC_046,184.72
OHE_SEC_046_3679,SEC_046,184.77
OHE_SEC_046_3680,SEC_046,184.82
OHE_SEC_046_3681,SEC_046,184.87
OHE_SEC_046_3682,SEC_046,184.92
OHE_SEC_046_3683,SEC_046,184.971
OHE_SEC_046_3684,SEC_046,185.021
OHE_SEC_046_3685,SEC_046,185.071
OHE_SEC_046_3686,SEC_046,185.121
OHE_SEC_046_3687,SEC_046,185.171
OHE_SEC_046_3688,SEC_046,185.221
OHE_SEC_046_3689,SEC_046,185.272
OHE_SEC_046_3690,SEC_046,185.322
OHE_SEC_046_3691,SEC_046,185.372
OHE_SEC_046_3692,SEC_046,185.422
OHE_SEC_046_3693,SEC_046,185.472
OHE_SEC_046_3694,SEC_046,185.522
OHE_SEC_046_3695,SEC_046,185.573
OHE_SEC_046_3696,SEC_046,185.623
OHE_SEC_046_3697,SEC_046,185.673
OHE_SEC_046_3698,SEC_046,185.723
OHE_SEC_046_3699,SEC_046,185.773
OHE_SEC_046_3700,SEC_046,185.824
OHE_SEC_046_3701,SEC_046,185.874
OHE_SEC_046_3702,SEC_046,185.924
OHE_SEC_046_3703,SEC_046,185.974
OHE_SEC_046_3704,SEC_046,186.024
OHE_SEC_046_3705,SEC_046,186.074
OHE_SEC_046_3706,SEC_046,186.125
OHE_SEC_046_3707,SEC_046,186.175
OHE_SEC_046_3708,SEC_046,186.225
OHE_SEC_046_3709,SEC_046,186.275
OHE_SEC_046_3710,SEC_046,186.325
OHE_SEC_046_3711,SEC_046,186.375
OHE_SEC_046_3712,SEC_046,186.426
OHE_SEC_046_3713,SEC_046,186.476
OHE_SEC_046_3714,SEC_046,186.526
OHE_SEC_046_3715,SEC_046,186.576
OHE_SEC_046_3716,SEC_046,186.626
OHE_SEC_046_3717,SEC_046,186.677
OHE_SEC_046_3718,SEC_046,186.727
OHE_SEC_046_3719,SEC_046,186.777
OHE_SEC_046_3720,SEC_046,186.827
OHE_SEC_046_3721,SEC_046,186.877
OHE_SEC_046_3722,SEC_046,186.927
OHE_SEC_046_3723,SEC_046,186.978
OHE_SEC_046_3724,SEC_046,187.028
OHE_SEC_046_3725,SEC_046,187.078
OHE_SEC_046_3726,SEC_046,187.128
OHE_SEC_046_3727,SEC_046,187.178
OHE_SEC_046_3728,SEC_046,187.228
OHE_SEC_046_3729,SEC_046,187.279
OHE_SEC_046_3730,SEC_046,187.329
OHE_SEC_046_3731,SEC_046,187.379
OHE_SEC_046_3732,SEC_046,187.429
OHE_SEC_046_3733,SEC_046,187.479
OHE_SEC_046_3734,SEC_046,187.53
OHE_SEC_046_3735,SEC_046,187.58
OHE_SEC_046_3736,SEC_046,187.63
OHE_SEC_046_3737,SEC_046,187.68
OHE_SEC_046_3738,SEC_046,187.73
OHE_SEC_046_3739,SEC_046,187.78
OHE_SEC_046_3740,SEC_046,187.831
OHE_SEC_046_3741,SEC_046,187.881
OHE_SEC_046_3742,SEC_046,187.931
OHE_SEC_046_3743,SEC_046,187.981
OHE_SEC_046_3744,SEC_046,188.031
OHE_SEC_046_3745,SEC_046,188.081
OHE_SEC_046_3746,SEC_046,188.132
OHE_SEC_046_3747,SEC_046,188.182
OHE_SEC_046_3748,SEC_046,188.232
OHE_SEC_046_3749,SEC_046,188.282
OHE_SEC_046_3750,SEC_046,188.332
OHE_SEC_046_3751,SEC_046,188.382
OHE_SEC_046_3752,SEC_046,188.433
OHE_SEC_046_3753,SEC_046,188.483
OHE_SEC_046_3754,SEC_046,188.533
OHE_SEC_046_3755,SEC_046,188.583
OHE_SEC_046_3756,SEC_046,188.633
OHE_SEC_046_3757,SEC_046,188.684
OHE_SEC_046_3758,SEC_046,188.734
OHE_SEC_046_3759,SEC_046,188.784
OHE_SEC_046_3760,SEC_046,188.834
OHE_SEC_046_3761,SEC_046,188.884
OHE_SEC_046_3762,SEC_046,188.934
OHE_SEC_046_3763,SEC_046,188.985
OHE_SEC_046_3764,SEC_046,189.035
OHE_SEC_046_3765,SEC_046,189.085
OHE_SEC_046_3766,SEC_046,189.135
OHE_SEC_046_3767,SEC_046,189.185
OHE_SEC_046_3768,SEC_046,189.235
OHE_SEC_046_3769,SEC_046,189.286
OHE_SEC_046_3770,SEC_046,189.336
OHE_SEC_046_3771,SEC_046,189.386
OHE_SEC_046_3772,SEC_046,189.436
OHE_SEC_046_3773,SEC_046,189.486
OHE_SEC_046_3774,SEC_046,189.536
OHE_SEC_046_3775,SEC_046,189.587
OHE_SEC_046_3776,SEC_046,189.637
OHE_SEC_046_3777,SEC_046,189.687
OHE_SEC_046_3778,SEC_046,189.737
OHE_SEC_046_3779,SEC_046,189.787
OHE_SEC_046_3780,SEC_046,189.838
OHE_SEC_046_3781,SEC_046,189.888
OHE_SEC_046_3782,SEC_046,189.938
OHE_SEC_046_3783,SEC_046,189.988
OHE_SEC_046_3784,SEC_046,190.038
OHE_SEC_046_3785,SEC_046,190.088
OHE_SEC_046_3786,SEC_046,190.139
OHE_SEC_046_3787,SEC_046,190.189
OHE_SEC_046_3788,SEC_046,190.239
OHE_SEC_046_3789,SEC_046,190.289
OHE_SEC_046_3790,SEC_046,190.339
OHE_SEC_046_3791,SEC_046,190.389
OHE_SEC_046_3792,SEC_046,190.44
OHE_SEC_046_3793,SEC_046,190.49
OHE_SEC_046_3794,SEC_046,190.54
OHE_SEC_046_3795,SEC_046,190.59
OHE_SEC_046_3796,SEC_046,190.64
OHE_SEC_046_3797,SEC_046,190.691
OHE_SEC_046_3798,SEC_046,190.741
OHE_SEC_046_3799,SEC_046,190.791
OHE_SEC_046_3800,SEC_046,190.841
OHE_SEC_046_3801,SEC_046,190.891
OHE_SEC_046_3802,SEC_046,190.941
OHE_SEC_046_3803,SEC_046,190.992
OHE_SEC_046_3804,SEC_046,191.042
OHE_SEC_046_3805,SEC_046,191.092
OHE_SEC_046_3806,SEC_046,191.142
OHE_SEC_046_3807,SEC_046,191.192
OHE_SEC_046_3808,SEC_046,191.242
OHE_SEC_046_3809,SEC_046,191.293
OHE_SEC_046_3810,SEC_046,191.343
OHE_SEC_046_3811,SEC_046,191.393
OHE_SEC_046_3812,SEC_046,191.443
OHE_SEC_046_3813,SEC_046,191.493
OHE_SEC_046_3814,SEC_046,191.544
OHE_SEC_046_3815,SEC_046,191.594
OHE_SEC_046_3816,SEC_046,191.644
OHE_SEC_046_3817,SEC_046,191.694
OHE_SEC_046_3818,SEC_046,191.744
OHE_SEC_046_3819,SEC_046,191.794
OHE_SEC_046_3820,SEC_046,191.845
OHE_SEC_046_3821,SEC_046,191.895
OHE_SEC_046_3822,SEC_046,191.945
OHE_SEC_046_3823,SEC_046,191.995
OHE_SEC_046_3824,SEC_046,192.045
OHE_SEC_046_3825,SEC_046,192.095
OHE_SEC_046_3826,SEC_046,192.146
OHE_SEC_046_3827,SEC_046,192.196
OHE_SEC_046_3828,SEC_046,192.246
OHE_SEC_046_3829,SEC_046,192.296
OHE_SEC_046_3830,SEC_046,192.346
OHE_SEC_046_3831,SEC_046,192.396
OHE_SEC_046_3832,SEC_046,192.447
OHE_SEC_046_3833,SEC_046,192.497
OHE_SEC_046_3834,SEC_046,192.547
OHE_SEC_047_3835,SEC_047,192.587
OHE_SEC_047_3836,SEC_047,192.641
OHE_SEC_047_3837,SEC_047,192.694
OHE_SEC_047_3838,SEC_047,192.748
OHE_SEC_047_3839,SEC_047,192.802
OHE_SEC_047_3840,SEC_047,192.856
OHE_SEC_047_3841,SEC_047,192.909
OHE_SEC_047_3842,SEC_047,192.963
OHE_SEC_047_3843,SEC_047,193.017
OHE_SEC_047_3844,SEC_047,193.071
OHE_SEC_047_3845,SEC_047,193.124
OHE_SEC_047_3846,SEC_047,193.178
OHE_SEC_048_3847,SEC_048,193.218
OHE_SEC_048_3848,SEC_048,193.27
OHE_SEC_048_3849,SEC_048,193.322
OHE_SEC_048_3850,SEC_048,193.374
OHE_SEC_048_3851,SEC_048,193.426
OHE_SEC_048_3852,SEC_048,193.478
OHE_SEC_048_3853,SEC_048,193.53
OHE_SEC_048_3854,SEC_048,193.582
OHE_SEC_048_3855,SEC_048,193.634
OHE_SEC_048_3856,SEC_048,193.686
OHE_SEC_048_3857,SEC_048,193.737
OHE_SEC_048_3858,SEC_048,193.789
OHE_SEC_048_3859,SEC_048,193.841
OHE_SEC_048_3860,SEC_048,193.893
OHE_SEC_048_3861,SEC_048,193.945
OHE_SEC_048_3862,SEC_048,193.997
OHE_SEC_048_3863,SEC_048,194.049
OHE_SEC_048_3864,SEC_048,194.101
OHE_SEC_048_3865,SEC_048,194.153
OHE_SEC_049_3866,SEC_049,194.193
OHE_SEC_049_3867,SEC_049,194.243
OHE_SEC_049_3868,SEC_049,194.294
OHE_SEC_049_3869,SEC_049,194.344
OHE_SEC_049_3870,SEC_049,194.394
OHE_SEC_049_3871,SEC_049,194.445
OHE_SEC_049_3872,SEC_049,194.495
OHE_SEC_049_3873,SEC_049,194.545
OHE_SEC_049_3874,SEC_049,194.596
OHE_SEC_049_3875,SEC_049,194.646
OHE_SEC_049_3876,SEC_049,194.696
OHE_SEC_049_3877,SEC_049,194.747
OHE_SEC_049_3878,SEC_049,194.797
OHE_SEC_049_3879,SEC_049,194.847
OHE_SEC_049_3880,SEC_049,194.898
OHE_SEC_049_3881,SEC_049,194.948
OHE_SEC_049_3882,SEC_049,194.998
OHE_SEC_049_3883,SEC_049,195.048
OHE_SEC_049_3884,SEC_049,195.099
OHE_SEC_049_3885,SEC_049,195.149
OHE_SEC_049_3886,SEC_049,195.199
OHE_SEC_049_3887,SEC_049,195.25
OHE_SEC_049_3888,SEC_049,195.3
OHE_SEC_049_3889,SEC_049,195.35
OHE_SEC_049_3890,SEC_049,195.401
OHE_SEC_049_3891,SEC_049,195.451
OHE_SEC_049_3892,SEC_049,195.501
OHE_SEC_049_3893,SEC_049,195.552
OHE_SEC_049_3894,SEC_049,195.602
OHE_SEC_049_3895,SEC_049,195.652
OHE_SEC_049_3896,SEC_049,195.703
OHE_SEC_049_3897,SEC_049,195.753
OHE_SEC_049_3898,SEC_049,195.803
OHE_SEC_049_3899,SEC_049,195.854
OHE_SEC_049_3900,SEC_049,195.904
OHE_SEC_049_3901,SEC_049,195.954
OHE_SEC_049_3902,SEC_049,196.005
OHE_SEC_049_3903,SEC_049,196.055
OHE_SEC_049_3904,SEC_049,196.105
OHE_SEC_049_3905,SEC_049,196.156
OHE_SEC_049_3906,SEC_049,196.206
OHE_SEC_049_3907,SEC_049,196.256
OHE_SEC_049_3908,SEC_049,196.307
OHE_SEC_049_3909,SEC_049,196.357
OHE_SEC_049_3910,SEC_049,196.407
OHE_SEC_049_3911,SEC_049,196.457
OHE_SEC_049_3912,SEC_049,196.508
OHE_SEC_049_3913,SEC_049,196.558
OHE_SEC_049_3914,SEC_049,196.608
OHE_SEC_049_3915,SEC_049,196.659
OHE_SEC_049_3916,SEC_049,196.709
OHE_SEC_049_3917,SEC_049,196.759
OHE_SEC_049_3918,SEC_049,196.81
OHE_SEC_049_3919,SEC_049,196.86
OHE_SEC_049_3920,SEC_049,196.91
OHE_SEC_049_3921,SEC_049,196.961
OHE_SEC_049_3922,SEC_049,197.011
OHE_SEC_049_3923,SEC_049,197.061
OHE_SEC_049_3924,SEC_049,197.112
OHE_SEC_049_3925,SEC_049,197.162
OHE_SEC_049_3926,SEC_049,197.212
OHE_SEC_049_3927,SEC_049,197.263
OHE_SEC_049_3928,SEC_049,197.313
OHE_SEC_049_3929,SEC_049,197.363
OHE_SEC_049_3930,SEC_049,197.414
OHE_SEC_049_3931,SEC_049,197.464
OHE_SEC_049_3932,SEC_049,197.514
OHE_SEC_049_3933,SEC_049,197.565
OHE_SEC_049_3934,SEC_049,197.615
OHE_SEC_049_3935,SEC_049,197.665
OHE_SEC_049_3936,SEC_049,197.716
OHE_SEC_049_3937,SEC_049,197.766
OHE_SEC_049_3938,SEC_049,197.816
OHE_SEC_049_3939,SEC_049,197.866
OHE_SEC_049_3940,SEC_049,197.917
OHE_SEC_049_3941,SEC_049,197.967
OHE_SEC_049_3942,SEC_049,198.017
OHE_SEC_049_3943,SEC_049,198.068
OHE_SEC_049_3944,SEC_049,198.118
OHE_SEC_049_3945,SEC_049,198.168
OHE_SEC_049_3946,SEC_049,198.219
OHE_SEC_049_3947,SEC_049,198.269
OHE_SEC_049_3948,SEC_049,198.319
OHE_SEC_049_3949,SEC_049,198.37
OHE_SEC_049_3950,SEC_049,198.42
OHE_SEC_049_3951,SEC_049,198.47
OHE_SEC_049_3952,SEC_049,198.521
OHE_SEC_049_3953,SEC_049,198.571
OHE_SEC_049_3954,SEC_049,198.621
OHE_SEC_049_3955,SEC_049,198.672
OHE_SEC_049_3956,SEC_049,198.722
OHE_SEC_049_3957,SEC_049,198.772
OHE_SEC_049_3958,SEC_049,198.823
OHE_SEC_049_3959,SEC_049,198.873
OHE_SEC_049_3960,SEC_049,198.923
OHE_SEC_049_3961,SEC_049,198.974
OHE_SEC_049_3962,SEC_049,199.024
OHE_SEC_049_3963,SEC_049,199.074
OHE_SEC_049_3964,SEC_049,199.125
OHE_SEC_049_3965,SEC_049,199.175
OHE_SEC_049_3966,SEC_049,199.225
OHE_SEC_049_3967,SEC_049,199.275
OHE_SEC_049_3968,SEC_049,199.326
OHE_SEC_049_3969,SEC_049,199.376
OHE_SEC_049_3970,SEC_049,199.426
OHE_SEC_049_3971,SEC_049,199.477
OHE_SEC_049_3972,SEC_049,199.527
OHE_SEC_049_3973,SEC_049,199.577
OHE_SEC_049_3974,SEC_049,199.628
OHE_SEC_049_3975,SEC_049,199.678
OHE_SEC_049_3976,SEC_049,199.728
OHE_SEC_049_3977,SEC_049,199.779
OHE_SEC_049_3978,SEC_049,199.829
OHE_SEC_049_3979,SEC_049,199.879
OHE_SEC_049_3980,SEC_049,199.93
OHE_SEC_049_3981,SEC_049,199.98
