{
  "type": "FeatureCollection",
  "generator": "overpass-turbo",
  "copyright": "The data included in this document is from www.openstreetmap.org. The data is made available under ODbL.",
  "timestamp": "2026-09-06T08:24:35Z",
  "features": [
    {
      "type": "Feature",
      "properties": {
        "@id": "way/26399018",
        "building": "train_station",
        "historic": "yes",
        "internet_access": "no",
        "name": "Royapuram",
        "name:ml": "റോയപുരം",
        "name:ta": "ராயபுரம்",
        "network": "IR",
        "operator": "SR",
        "public_transport": "station",
        "railway": "station",
        "ref": "RPM",
        "wikidata": "Q7375145",
        "wikipedia": "en:Royapuram railway station",
        "@geometry": "center"
      },
      "geometry": {
        "type": "Point",
        "coordinates": [
          80.2935584,
          13.1043166
        ]
      },
      "id": "way/26399018"
    },
    {
      "type": "Feature",
      "properties": {
        "@id": "way/179220315",
        "addr:city": "Anuradhapura",
        "addr:street": "Sri Maha Bodhi Mawatha",
        "building": "train_station",
        "building:levels": "2",
        "name": "Anuradhapura Railway Station",
        "railway": "station",
        "@geometry": "center"
      },
      "geometry": {
        "type": "Point",
        "coordinates": [
          80.4108361,
          8.3444311
        ]
      },
      "id": "way/179220315"
    },
    {
      "type": "Feature",
      "properties": {
        "@id": "way/217653510",
        "name": "Chennai Beach",
        "name:ml": "ചെന്നൈ ബീച്ച്",
        "name:ta": "சென்னை கடற்கரை",
        "network": "IR",
        "operator": "SR",
        "public_transport": "station",
        "railway": "station",
        "ref": "MSB",
        "train": "yes",
        "wikidata": "Q3532688",
        "wikipedia": "en:Chennai Beach railway station",
        "@geometry": "center"
      },
      "geometry": {
        "type": "Point",
        "coordinates": [
          80.2918317,
          13.0915941
        ]
      },
      "id": "way/217653510"
    },
    {
      "type": "Feature",
      "properties": {
        "@id": "way/217653511",
        "internet_access": "no",
        "name": "Chennai Fort",
        "name:ml": "ചെന്നൈ കോട്ട",
        "name:ta": "சென்னை கோட்டை",
        "network": "IR",
        "operator": "SR",
        "public_transport": "station",
        "railway": "station",
        "ref": "MSF",
        "train": "yes",
        "wikidata": "Q15148187",
        "wikipedia": "en:Chennai Fort railway station",
        "@geometry": "center"
      },
      "geometry": {
        "type": "Point",
        "coordinates": [
          80.2830139,
          13.0835199
        ]
      },
      "id": "way/217653511"
    },
    {
      "type": "Feature",
      "properties": {
        "@id": "way/217845073",
        "alt_name": "Chennai Moore Market",
        "area": "yes",
        "name": "Chennai Central",
        "name:ta": "சென்னை சென்ட்ரல",
        "operator": "Southern Railway",
        "public_transport": "station",
        "railway": "station",
        "ref": "MAS",
        "@geometry": "center"
      },
      "geometry": {
        "type": "Point",
        "coordinates": [
          80.2745107,
          13.0865965
        ]
      },
      "id": "way/217845073"
    },
    {
      "type": "Feature",
      "properties": {
        "@id": "way/217954831",
        "name": "Basin Bridge Junction",
        "name:ml": "ബേസിൻ ബ്രിഡ്ജ് ജംഗ്ഷൻ",
        "name:ta": "பேசின் பிரிட்ஜ் சந்திப்பு",
        "network": "IR",
        "operator": "SR",
        "public_transport": "station",
        "railway": "station",
        "ref": "BBQ",
        "wikidata": "Q4867482",
        "wikipedia": "en:Basin Bridge railway station",
        "@geometry": "center"
      },
      "geometry": {
        "type": "Point",
        "coordinates": [
          80.2712614,
          13.1020272
        ]
      },
      "id": "way/217954831"
    },
    {
      "type": "Feature",
      "properties": {
        "@id": "way/235931387",
        "internet_access": "no",
        "name": "Villivakkam",
        "name:ml": "വില്ലിവാക്കം",
        "name:ta": "வில்லிவாக்கம்",
        "network": "IR",
        "operator": "SR",
        "platforms": "4",
        "public_transport": "station",
        "railway": "station",
        "ref": "VLK",
        "wikidata": "Q7931115",
        "wikipedia": "en:Villivakkam railway station",
        "@geometry": "center"
      },
      "geometry": {
        "type": "Point",
        "coordinates": [
          80.209155,
          13.1103186
        ]
      },
      "id": "way/235931387"
    },
    {
      "type": "Feature",
      "properties": {
        "@id": "node/248467412",
        "internet_access": "no",
        "name": "Chennai Chetpet",
        "name:ml": "ചേത്തുപ്പട്ട്",
        "name:ta": "சேத்துப்பட்டு",
        "network": "IR",
        "operator": "Southern Railway",
        "public_transport": "station",
        "railway": "station",
        "ref": "MSC",
        "wikidata": "Q5094188"
      },
      "geometry": {
        "type": "Point",
        "coordinates": [
          80.242421,
          13.0743424
        ]
      },
      "id": "node/248467412"
    },
    {
      "type": "Feature",
      "properties": {
        "@id": "node/248543525",
        "internet_access": "no",
        "name": "Bisanattam",
        "name:kn": "ಬಿಸನಟ್ಟಂ",
        "network": "IR",
        "operator": "SWR",
        "public_transport": "station",
        "railway": "station",
        "ref": "BSM",
        "wikidata": "Q63369899"
      },
      "geometry": {
        "type": "Point",
        "coordinates": [
          78.2498583,
          12.8422451
        ]
      },
      "id": "node/248543525"
    },
    {
      "type": "Feature",
      "properties": {
        "@id": "node/248543645",
        "internet_access": "no",
        "name": "Kuppam",
        "name:kn": "ಕುಪ್ಪಂ",
        "name:ta": "குப்பம்",
        "network": "IR",
        "operator": "SWR",
        "platforms": "2",
        "public_transport": "station",
        "railway": "station",
        "ref": "KPN",
        "train": "yes",
        "wikidata": "Q63369901"
      },
      "geometry": {
        "type": "Point",
        "coordinates": [
          78.3403626,
          12.74728
        ]
      },
      "id": "node/248543645"
    },
    {
      "type": "Feature",
      "properties": {
        "@id": "node/248543699",
        "internet_access": "no",
        "name": "Mulanur",
        "name:kn": "ಮುಲನೂರು",
        "network": "IR",
        "operator": "SWR",
        "public_transport": "station",
        "railway": "station",
        "ref": "MAR",
        "wikidata": "Q63369902"
      },
      "geometry": {
        "type": "Point",
        "coordinates": [
          78.4067546,
          12.662548
        ]
      },
      "id": "node/248543699"
    },
    {
      "type": "Feature",
      "properties": {
        "@id": "node/248543770",
        "internet_access": "no",
        "name": "Patchur",
        "network": "IR",
        "operator": "SWR",
        "public_transport": "station",
        "railway": "station",
        "ref": "PU",
        "wikidata": "Q63369903"
      },
      "geometry": {
        "type": "Point",
        "coordinates": [
          78.4697329,
          12.5865309
        ]
      },
      "id": "node/248543770"
    },
    {
      "type": "Feature",
      "properties": {
        "@id": "node/248545108",
        "internet_access": "no",
        "name": "Pattaravakkam",
        "name:ml": "പട്ടരവാക്കം",
        "name:ta": "பட்டரவாக்கம்",
        "network": "IR",
        "operator": "SR",
        "railway": "station",
        "ref": "PVM",
        "wikidata": "Q7148328",
        "wikipedia": "en:Pattaravakkam railway station"
      },
      "geometry": {
        "type": "Point",
        "coordinates": [
          80.1663975,
          13.1143904
        ]
      },
      "id": "node/248545108"
    },
    {
      "type": "Feature",
      "properties": {
        "@id": "node/256777901",
        "internet_access": "no",
        "name": "Kanchipuram",
        "name:ja": "カーンチープラム",
        "name:ta": "காஞ்சிபுரம்",
        "network": "IR",
        "operator": "SR",
        "public_transport": "station",
        "railway": "station",
        "ref": "CJ",
        "wikidata": "Q15233410",
        "wikipedia": "en:Kanchipuram railway station"
      },
      "geometry": {
        "type": "Point",
        "coordinates": [
          79.705073,
          12.8483107
        ]
      },
      "id": "node/256777901"
    },
    {
      "type": "Feature",
      "properties": {
        "@id": "node/261716087",
        "internet_access": "no",
        "name": "Walajabad",
        "network": "IR",
        "operator": "SR",
        "public_transport": "station",
        "railway": "station",
        "ref": "WJ",
        "wikidata": "Q63357286"
      },
      "geometry": {
        "type": "Point",
        "coordinates": [
          79.8185833,
          12.7968265
        ]
      },
      "id": "node/261716087"
    },
    {
      "type": "Feature",
      "properties": {
        "@id": "node/261716103",
        "internet_access": "no",
        "name": "Kanchipuram East",
        "name:ta": "காஞ்சிபுரம் கிழக்கு",
        "network": "IR",
        "operator": "SR",
        "public_transport": "station",
        "railway": "station",
        "ref": "CJE",
        "wikidata": "Q63356221"
      },
      "geometry": {
        "type": "Point",
        "coordinates": [
          79.7121979,
          12.8408612
        ]
      },
      "id": "node/261716103"
    },
    {
      "type": "Feature",
      "properties": {
        "@id": "node/262308384",
        "internet_access": "no",
        "name": "Pattabiram Military Siding",
        "network": "IR",
        "operator": "SR",
        "public_transport": "station",
        "railway": "station",
        "ref": "PTMS",
        "wikidata": "Q63369351"
      },
      "geometry": {
        "type": "Point",
        "coordinates": [
          80.0601177,
          13.1373759
        ]
      },
      "id": "node/262308384"
    },
    {
      "type": "Feature",
      "properties": {
        "@id": "node/267158149",
        "air_conditioning": "no",
        "internet_access": "wlan",
        "internet_access:fee": "no",
        "internet_access:ssid": "Rail Wire",
        "name": "Tirumalpur",
        "name:ta": "திருமால்பூர்",
        "network": "IR",
        "operator": "SR",
        "public_transport": "station",
        "railway": "station",
        "ref": "TMLP",
        "wikidata": "Q63356220"
      },
      "geometry": {
        "type": "Point",
        "coordinates": [
          79.6737627,
          12.9565668
        ]
      },
      "id": "node/267158149"
    },
    {
      "type": "Feature",
      "properties": {
        "@id": "way/278865181",
        "building": "yes",
        "name": "Mihintale Junction",
        "railway": "station",
        "@geometry": "center"
      },
      "geometry": {
        "type": "Point",
        "coordinates": [
          80.4185997,
          8.3593754
        ]
      },
      "id": "way/278865181"
    },
    {
      "type": "Feature",
      "properties": {
        "@id": "node/304278622",
        "internet_access": "no",
        "name": "Anna Nagar West",
        "name:ml": "അണ്ണാ നഗർ പടിഞ്ഞാറ്",
        "name:ta": "அண்ணா நகர் மேற்கு",
        "network": "IR",
        "operator": "SR",
        "public_transport": "station",
        "railway": "station",
        "ref": "ANNG",
        "wikidata": "Q4767370",
        "wikipedia": "en:Anna Nagar railway station"
      },
      "geometry": {
        "type": "Point",
        "coordinates": [
          80.2010061,
          13.0985386
        ]
      },
      "id": "node/304278622"
    },
    {
      "type": "Feature",
      "properties": {
        "@id": "node/358800211",
        "internet_access": "no",
        "name": "Dharmapuri",
        "name:ta": "தர்மபுரி",
        "network": "IR",
        "operator": "SWR",
        "public_transport": "station",
        "railway": "station",
        "ref": "DPJ",
        "wikidata": "Q15213879",
        "wikipedia": "en:Dharmapuri railway station"
      },
      "geometry": {
        "type": "Point",
        "coordinates": [
          78.154221,
          12.1258613
        ]
      },
      "id": "node/358800211"
    },
    {
      "type": "Feature",
      "properties": {
        "@id": "node/367462102",
        "internet_access": "no",
        "name": "Rayakkottai",
        "name:kn": "ರಾಯಕೋಟೆ",
        "name:ta": "இராயக்கோட்டை",
        "network": "IR",
        "operator": "SWR",
        "railway": "station",
        "ref": "RYC",
        "wikidata": "Q23748829",
        "wikipedia": "en:Rayakottai railway station"
      },
      "geometry": {
        "type": "Point",
        "coordinates": [
          78.027275,
          12.5145014
        ]
      },
      "id": "node/367462102"
    },
    {
      "type": "Feature",
      "properties": {
        "@id": "node/367556637",
        "alt_name": "Karur Junction",
        "internet_access": "wlan",
        "name": "Karur Junction",
        "name:ml": "കരൂർ ജംഗ്ഷൻ",
        "name:ta": "கரூர் சந்திப்பு",
        "network": "IR",
        "operator": "SR",
        "platforms": "5",
        "public_transport": "station",
        "railway": "station",
        "ref": "KRR",
        "wikidata": "Q18126624",
        "wikipedia": "en:Karur Junction railway station"
      },
      "geometry": {
        "type": "Point",
        "coordinates": [
          78.0849562,
          10.9658076
        ]
      },
      "id": "node/367556637"
    },
    {
      "type": "Feature",
      "properties": {
        "@id": "node/367612325",
        "internet_access": "no",
        "name": "Palayam.I",
        "name:ta": "பாளையம்",
        "network": "IR",
        "operator": "SR",
        "public_transport": "station",
        "railway": "station",
        "ref": "PALM",
        "wikidata": "Q55628428"
      },
      "geometry": {
        "type": "Point",
        "coordinates": [
          78.1292088,
          10.7188161
        ]
      },
      "id": "node/367612325"
    },
    {
      "type": "Feature",
      "properties": {
        "@id": "node/367666445",
        "internet_access": "no",
        "name": "Omalur Junction",
        "name:ta": "ஓமலூர்",
        "network": "IR",
        "operator": "SR",
        "public_transport": "station",
        "railway": "station",
        "ref": "OML",
        "wikidata": "Q18128961",
        "wikipedia": "en:Omalur Junction railway station"
      },
      "geometry": {
        "type": "Point",
        "coordinates": [
          78.0449299,
          11.7382934
        ]
      },
      "id": "node/367666445"
    },
    {
      "type": "Feature",
      "properties": {
        "@id": "way/393560244",
        "layer": "-1",
        "level": "-1;-2",
        "name": "Shenoy Nagar Metro",
        "name:en": "Shenoy Nagar",
        "name:ml": "ഷേണായി നഗർ",
        "name:ta": "செனாய் நகர்",
        "network": "Chennai Metro",
        "note": "Contributors are requested to not edit the \"network\" and the \"operator\" tags. (2023/11/08)",
        "operator": "Chennai Metro Rail Limited",
        "public_transport": "station",
        "railway": "station",
        "railway:ref": "SSN",
        "ref": "SSN",
        "station": "subway",
        "subway": "yes",
        "wikidata": "Q30623617",
        "wikipedia": "en:Shenoy Nagar metro station",
        "@geometry": "center"
      },
      "geometry": {
        "type": "Point",
        "coordinates": [
          80.225201,
          13.0789536
        ]
      },
      "id": "way/393560244"
    },
    {
      "type": "Feature",
      "properties": {
        "@id": "node/600364202",
        "internet_access": "no",
        "name": "Siddampalli",
        "name:hi": "सिददंपल्लि",
        "name:te": "సిద్దంపల్లి",
        "network": "IR",
        "operator": "SCR",
        "public_transport": "station",
        "railway": "station",
        "ref": "SIE",
        "wikidata": "Q63369913"
      },
      "geometry": {
        "type": "Point",
        "coordinates": [
          79.1371192,
          13.1598669
        ]
      },
      "id": "node/600364202"
    },
    {
      "type": "Feature",
      "properties": {
        "@id": "node/706924007",
        "internet_access": "no",
        "name": "Tiruchendur",
        "name:ta": "திருச்செந்தூர்",
        "network": "IR",
        "operator": "SR",
        "public_transport": "station",
        "railway": "station",
        "ref": "TCN",
        "wikidata": "Q17118082",
        "wikipedia": "en:Tiruchendur railway station"
      },
      "geometry": {
        "type": "Point",
        "coordinates": [
          78.1173,
          8.5024637
        ]
      },
      "id": "node/706924007"
    },
    {
      "type": "Feature",
      "properties": {
        "@id": "node/706967230",
        "internet_access": "no",
        "name": "Kolar",
        "name:kn": "ಕೋಲಾರ",
        "name:ta": "கோலார்",
        "network": "IR",
        "operator": "SWR",
        "public_transport": "station",
        "railway": "station",
        "ref": "KQZ",
        "wikidata": "Q63361502"
      },
      "geometry": {
        "type": "Point",
        "coordinates": [
          78.1329276,
          13.123993
        ]
      },
      "id": "node/706967230"
    },
    {
      "type": "Feature",
      "properties": {
        "@id": "way/757974347",
        "internet_access": "wlan",
        "internet_access:fee": "no",
        "name": "Madurai Junction",
        "name:en": "Madurai Junction",
        "name:hi": "मदुरै जंक्सन",
        "name:ml": "മധുര ജംഗ്ഷൻ",
        "name:ta": "மதுரை சந்திப்பு",
        "network": "IR",
        "operator": "SR",
        "phone": "044 2535 4141",
        "public_transport": "station",
        "railway": "station",
        "ref": "MDU",
        "survey:date": "2024-04-30",
        "train": "yes",
        "wheelchair": "yes",
        "wikidata": "Q6728812",
        "wikipedia": "en:Madurai Junction railway station",
        "@geometry": "center"
      },
      "geometry": {
        "type": "Point",
        "coordinates": [
          78.1102197,
          9.9195505
        ]
      },
      "id": "way/757974347"
    },
    {
      "type": "Feature",
      "properties": {
        "@id": "way/808882853",
        "area": "yes",
        "name": "Kokkuvil",
        "name:ml": "കൊക്കുവിൽ",
        "name:ta": "கொக்குவில்",
        "public_transport": "station",
        "railway": "station",
        "@geometry": "center"
      },
      "geometry": {
        "type": "Point",
        "coordinates": [
          80.0212093,
          9.6880891
        ]
      },
      "id": "way/808882853"
    },
    {
      "type": "Feature",
      "properties": {
        "@id": "way/808882860",
        "name": "Kondavil",
        "name:ml": "കൊണ്ടാവിൽ",
        "name:ta": "கோண்டாவில்",
        "public_transport": "station",
        "railway": "station",
        "@geometry": "center"
      },
      "geometry": {
        "type": "Point",
        "coordinates": [
          80.0248294,
          9.7039741
        ]
      },
      "id": "way/808882860"
    },
    {
      "type": "Feature",
      "properties": {
        "@id": "way/808882870",
        "name": "Inuvil",
        "name:ta": "இணுவில்",
        "public_transport": "station",
        "railway": "station",
        "wikidata": "Q18756231",
        "@geometry": "center"
      },
      "geometry": {
        "type": "Point",
        "coordinates": [
          80.0295395,
          9.7259342
        ]
      },
      "id": "way/808882870"
    },
    {
      "type": "Feature",
      "properties": {
        "@id": "way/808882873",
        "building": "yes",
        "name": "Inuvil",
        "public_transport": "station",
        "railway": "station",
        "roof:colour": "#e0e0e0",
        "roof:shape": "hipped",
        "@geometry": "center"
      },
      "geometry": {
        "type": "Point",
        "coordinates": [
          80.0296472,
          9.7266594
        ]
      },
      "id": "way/808882873"
    },
    {
      "type": "Feature",
      "properties": {
        "@id": "way/808882888",
        "name": "Chunnakam",
        "name:ml": "ചുന്നാകം",
        "name:ta": "சுன்னாகம்",
        "public_transport": "station",
        "railway": "station",
        "wikidata": "Q18756196",
        "@geometry": "center"
      },
      "geometry": {
        "type": "Point",
        "coordinates": [
          80.0333794,
          9.7462412
        ]
      },
      "id": "way/808882888"
    },
    {
      "type": "Feature",
      "properties": {
        "@id": "way/808882895",
        "name": "Mallakam",
        "name:ml": "മല്ലാകം",
        "name:ta": "மல்லாகம்",
        "public_transport": "station",
        "railway": "station",
        "wikidata": "Q18756268",
        "@geometry": "center"
      },
      "geometry": {
        "type": "Point",
        "coordinates": [
          80.0327075,
          9.7618907
        ]
      },
      "id": "way/808882895"
    },
    {
      "type": "Feature",
      "properties": {
        "@id": "way/808882897",
        "name": "Tellippalai",
        "name:ml": "തെല്ലിപ്പഴ",
        "name:ta": "தெல்லிப்பழை",
        "public_transport": "station",
        "railway": "station",
        "wikidata": "Q18756300",
        "@geometry": "center"
      },
      "geometry": {
        "type": "Point",
        "coordinates": [
          80.0352382,
          9.7849804
        ]
      },
      "id": "way/808882897"
    },
    {
      "type": "Feature",
      "properties": {
        "@id": "way/808882902",
        "name": "Maviddapuram",
        "name:ml": "മാവിട്ടപുരം",
        "name:ta": "மாவிட்டபுரம்",
        "public_transport": "station",
        "railway": "station",
        "@geometry": "center"
      },
      "geometry": {
        "type": "Point",
        "coordinates": [
          80.0384504,
          9.798393
        ]
      },
      "id": "way/808882902"
    },
    {
      "type": "Feature",
      "properties": {
        "@id": "way/808882938",
        "name": "Kankasanturai",
        "public_transport": "station",
        "railway": "station",
        "@geometry": "center"
      },
      "geometry": {
        "type": "Point",
        "coordinates": [
          80.0487349,
          9.8144959
        ]
      },
      "id": "way/808882938"
    },
    {
      "type": "Feature",
      "properties": {
        "@id": "node/842949090",
        "internet_access": "no",
        "name": "Magnesite Junction",
        "network": "IR",
        "operator": "SR",
        "public_transport": "station",
        "railway": "station",
        "ref": "MGSJ",
        "wikidata": "Q28182725"
      },
      "geometry": {
        "type": "Point",
        "coordinates": [
          78.0974144,
          11.6947881
        ]
      },
      "id": "node/842949090"
    },
    {
      "type": "Feature",
      "properties": {
        "@id": "node/1072726279",
        "internet_access": "no",
        "name": "Chinna Salem",
        "network": "IR",
        "operator": "SR",
        "public_transport": "station",
        "railway": "station",
        "ref": "CHSM",
        "wikidata": "Q31292125"
      },
      "geometry": {
        "type": "Point",
        "coordinates": [
          78.8743248,
          11.6314243
        ]
      },
      "id": "node/1072726279"
    },
    {
      "type": "Feature",
      "properties": {
        "@id": "node/1106092661",
        "internet_access": "no",
        "name": "Rasipuram",
        "name:ml": "രാശിപുരം",
        "name:ta": "இராசிபுரம்",
        "network": "IR",
        "operator": "SR",
        "public_transport": "station",
        "railway": "station",
        "ref": "RASP",
        "wheelchair": "limited",
        "wikidata": "Q24950046",
        "wikipedia": "en:Rasipuram railway station"
      },
      "geometry": {
        "type": "Point",
        "coordinates": [
          78.1784576,
          11.4537338
        ]
      },
      "id": "node/1106092661"
    },
    {
      "type": "Feature",
      "properties": {
        "@id": "node/1106092848",
        "internet_access": "no",
        "name": "Namakkal",
        "name:ta": "நாமக்கல்",
        "network": "IR",
        "operator": "SR",
        "public_transport": "station",
        "railway": "station",
        "ref": "NMKL",
        "wheelchair": "yes",
        "wikidata": "Q18128464",
        "wikipedia": "en:Namakkal railway station"
      },
      "geometry": {
        "type": "Point",
        "coordinates": [
          78.1790621,
          11.2260125
        ]
      },
      "id": "node/1106092848"
    },
    {
      "type": "Feature",
      "properties": {
        "@id": "node/1114856411",
        "internet_access": "no",
        "name": "Virinchipuram",
        "network": "IR",
        "operator": "SR",
        "public_transport": "station",
        "railway": "station",
        "ref": "VJ",
        "wikidata": "Q63355625"
      },
      "geometry": {
        "type": "Point",
        "coordinates": [
          79.0299145,
          12.9622002
        ]
      },
      "id": "node/1114856411"
    },
    {
      "type": "Feature",
      "properties": {
        "@id": "node/1114856494",
        "internet_access": "no",
        "name": "Karuppur",
        "name:hi": "करुप्पुर",
        "name:ml": "കരുപ്പൂർ",
        "name:ta": "கருப்பூர்",
        "network": "IR",
        "operator": "SR",
        "public_transport": "station",
        "railway": "station",
        "ref": "KPPR",
        "wikidata": "Q63355303"
      },
      "geometry": {
        "type": "Point",
        "coordinates": [
          78.0898855,
          11.7241736
        ]
      },
      "id": "node/1114856494"
    },
    {
      "type": "Feature",
      "properties": {
        "@id": "node/1114856501",
        "internet_access": "no",
        "name": "Danishpet",
        "name:hi": "ढेनिशपेटै",
        "name:ta": "டேனிஷ்பேட்டை",
        "network": "IR",
        "operator": "SR",
        "public_transport": "station",
        "railway": "station",
        "ref": "DSPT",
        "wikidata": "Q63355297"
      },
      "geometry": {
        "type": "Point",
        "coordinates": [
          78.1380371,
          11.8585152
        ]
      },
      "id": "node/1114856501"
    },
    {
      "type": "Feature",
      "properties": {
        "@id": "node/1114856503",
        "internet_access": "no",
        "name": "Tinnappatti",
        "name:hi": "तिन्नाप्पाट्टि",
        "name:ta": "திண்ணாப்பாட்டி",
        "network": "IR",
        "operator": "SR",
        "public_transport": "station",
        "railway": "station",
        "ref": "TNT",
        "wikidata": "Q63355302"
      },
      "geometry": {
        "type": "Point",
        "coordinates": [
          78.0983321,
          11.8123622
        ]
      },
      "id": "node/1114856503"
    },
    {
      "type": "Feature",
      "properties": {
        "@id": "way/1115820281",
        "building": "train_station",
        "internet_access": "wlan",
        "name": "Chennai Suburban Terminal (Moore Market Complex)",
        "name:ml": "ചെന്നൈ നഗരപ്രാന്ത ടെർമിനൽ",
        "name:ta": "சென்னை புறநகர் முனையம்",
        "network": "Chennai Metro",
        "note": "Contributors are requested to not edit the \"network\" and the \"operator\" tags. (2023/11/08)",
        "operator": "Chennai Metro Rail Limited",
        "public_transport": "station",
        "railway": "station",
        "ref": "MASS",
        "station": "subway",
        "subway": "yes",
        "train": "yes",
        "wikidata": "Q6908183",
        "wikipedia": "en:Moore Market Complex railway station",
        "@geometry": "center"
      },
      "geometry": {
        "type": "Point",
        "coordinates": [
          80.2740399,
          13.0831741
        ]
      },
      "id": "way/1115820281"
    },
    {
      "type": "Feature",
      "properties": {
        "@id": "node/1146140491",
        "name": "Thandikulam",
        "public_transport": "station",
        "railway": "station",
        "wikidata": "Q7710212"
      },
      "geometry": {
        "type": "Point",
        "coordinates": [
          80.4850221,
          8.7782563
        ]
      },
      "id": "node/1146140491"
    },
    {
      "type": "Feature",
      "properties": {
        "@id": "node/1146140887",
        "addr:city": "Parasangaswewa",
        "name": "Parasangaswewa Railway Station",
        "railway": "station"
      },
      "geometry": {
        "type": "Point",
        "coordinates": [
          80.4315165,
          8.4453692
        ]
      },
      "id": "node/1146140887"
    },
    {
      "type": "Feature",
      "properties": {
        "@id": "node/1146141350",
        "name": "Medawachchiya",
        "railway": "station"
      },
      "geometry": {
        "type": "Point",
        "coordinates": [
          80.4581661,
          8.5545098
        ]
      },
      "id": "node/1146141350"
    },
    {
      "type": "Feature",
      "properties": {
        "@id": "node/1146591688",
        "disused": "yes",
        "name": "Murikandi-Kokavil",
        "railway": "station"
      },
      "geometry": {
        "type": "Point",
        "coordinates": [
          80.4175742,
          9.2063495
        ]
      },
      "id": "node/1146591688"
    },
    {
      "type": "Feature",
      "properties": {
        "@id": "node/1146591924",
        "disused": "yes",
        "name": "Ariviyal Nagar",
        "name:si": "අරිවියල් නගර්",
        "name:ta": "அறிவியல் நகர்",
        "railway": "station",
        "source": "https://www.facebook.com/tech.jfn.ac.lk/posts/557095184757279?__xts__[0]=68.ARDd-rTFwmLnY_i_EEQd77zldUFsxPN2zsgioPh2-NGJ5hc5voAuP2dXuHs4kpBxpPm88b342jkGF9oYIvmfUTf2TsaKxKmO5Ard8tC0KZvCM6pI0im9UFo5iv3zmkLTeona9ekHRYSgOFhf27F0oM8eW8w8cY1EJx1CWqnPWcvQ0EuWXcW"
      },
      "geometry": {
        "type": "Point",
        "coordinates": [
          80.4076622,
          9.3187473
        ]
      },
      "id": "node/1146591924"
    },
    {
      "type": "Feature",
      "properties": {
        "@id": "node/1148494560",
        "name": "Meesalai",
        "name:ml": "മീശാല",
        "name:ta": "மீசாலை",
        "public_transport": "station",
        "railway": "station",
        "train": "yes"
      },
      "geometry": {
        "type": "Point",
        "coordinates": [
          80.1889621,
          9.6735961
        ]
      },
      "id": "node/1148494560"
    },
    {
      "type": "Feature",
      "properties": {
        "@id": "node/1148494958",
        "name": "Elephant Pass",
        "name:ta": "ஆனையிறவு",
        "public_transport": "station",
        "railway": "station"
      },
      "geometry": {
        "type": "Point",
        "coordinates": [
          80.4058641,
          9.5023899
        ]
      },
      "id": "node/1148494958"
    },
    {
      "type": "Feature",
      "properties": {
        "@id": "node/1148494963",
        "name": "Chavakachcheri",
        "name:ml": "ചാവകച്ചേരി",
        "name:ta": "சாவகச்சேரி",
        "public_transport": "station",
        "railway": "station",
        "wikidata": "Q5088454"
      },
      "geometry": {
        "type": "Point",
        "coordinates": [
          80.1584591,
          9.6571317
        ]
      },
      "id": "node/1148494963"
    },
    {
      "type": "Feature",
      "properties": {
        "@id": "node/1148494997",
        "name": "Kodaikamam",
        "public_transport": "station",
        "railway": "station"
      },
      "geometry": {
        "type": "Point",
        "coordinates": [
          80.2193279,
          9.6813106
        ]
      },
      "id": "node/1148494997"
    },
    {
      "type": "Feature",
      "properties": {
        "@id": "node/1148495492",
        "name": "Eluthumadduval",
        "name:ml": "എഴുതുമട്ടുവാഴ്",
        "name:ta": "எழுதுமட்டுவாழ்",
        "public_transport": "station",
        "railway": "station"
      },
      "geometry": {
        "type": "Point",
        "coordinates": [
          80.2656514,
          9.661095
        ]
      },
      "id": "node/1148495492"
    },
    {
      "type": "Feature",
      "properties": {
        "@id": "node/1148496040",
        "disused:railway": "station",
        "name": "Punkankulam",
        "name:ml": "പുങ്കങ്കുളം",
        "name:ta": "புங்கங்குளம்",
        "public_transport": "station",
        "railway": "station"
      },
      "geometry": {
        "type": "Point",
        "coordinates": [
          80.0382833,
          9.6593033
        ]
      },
      "id": "node/1148496040"
    },
    {
      "type": "Feature",
      "properties": {
        "@id": "node/1168787880",
        "name": "Pesalai",
        "public_transport": "station",
        "railway": "station",
        "train": "yes"
      },
      "geometry": {
        "type": "Point",
        "coordinates": [
          79.8227946,
          9.0823153
        ]
      },
      "id": "node/1168787880"
    },
    {
      "type": "Feature",
      "properties": {
        "@id": "node/1168788044",
        "disused:railway": "station",
        "name": "Talaimannar",
        "name:ta": "தலைமன்னார்",
        "public_transport": "station",
        "railway": "station"
      },
      "geometry": {
        "type": "Point",
        "coordinates": [
          79.7298828,
          9.1033259
        ]
      },
      "id": "node/1168788044"
    },
    {
      "type": "Feature",
      "properties": {
        "@id": "way/1224768091",
        "building": "yes",
        "public_transport": "station",
        "railway": "station",
        "ref": "TN",
        "source": "microsoft/BuildingFootprints",
        "train": "yes",
        "@geometry": "center"
      },
      "geometry": {
        "type": "Point",
        "coordinates": [
          78.1552432,
          8.8060149
        ]
      },
      "id": "way/1224768091"
    },
    {
      "type": "Feature",
      "properties": {
        "@id": "way/1232231379",
        "public_transport": "station",
        "railway": "station",
        "train": "yes",
        "@geometry": "center"
      },
      "geometry": {
        "type": "Point",
        "coordinates": [
          78.178577,
          11.4516358
        ]
      },
      "id": "way/1232231379"
    },
    {
      "type": "Feature",
      "properties": {
        "@id": "way/1289092308",
        "building": "construction",
        "public_transport": "station",
        "railway": "station",
        "station": "subway",
        "subway": "yes",
        "@geometry": "center"
      },
      "geometry": {
        "type": "Point",
        "coordinates": [
          80.2202947,
          13.144515
        ]
      },
      "id": "way/1289092308"
    },
    {
      "type": "Feature",
      "properties": {
        "@id": "way/1301951064",
        "public_transport": "station",
        "railway": "station",
        "train": "yes",
        "@geometry": "center"
      },
      "geometry": {
        "type": "Point",
        "coordinates": [
          79.8006529,
          10.7528054
        ]
      },
      "id": "way/1301951064"
    },
    {
      "type": "Feature",
      "properties": {
        "@id": "way/1306070341",
        "public_transport": "station",
        "railway": "station",
        "ref": "WJR",
        "train": "yes",
        "@geometry": "center"
      },
      "geometry": {
        "type": "Point",
        "coordinates": [
          79.3610375,
          12.970839
        ]
      },
      "id": "way/1306070341"
    },
    {
      "type": "Feature",
      "properties": {
        "@id": "way/1314817095",
        "internet_access": "no",
        "name": "Anna Nagar Tower",
        "name:en": "Anna Nagar Tower",
        "name:ml": "അണ്ണാ നഗർ ഗോപുരം",
        "name:ta": "அண்ணா நகர் கோபுரம்",
        "network": "Chennai Metro",
        "note": "Contributors are requested to not edit the \"network\" and the \"operator\" tags. (2023/11/08)",
        "operator": "Chennai Metro Rail Limited",
        "public_transport": "station",
        "railway": "station",
        "railway:ref": "SAT",
        "ref": "SAT",
        "station": "subway",
        "subway": "yes",
        "wikidata": "Q30638909",
        "wikipedia": "en:Anna Nagar Tower metro station",
        "@geometry": "center"
      },
      "geometry": {
        "type": "Point",
        "coordinates": [
          80.2086,
          13.08514
        ]
      },
      "id": "way/1314817095"
    },
    {
      "type": "Feature",
      "properties": {
        "@id": "way/1314817096",
        "internet_access": "no",
        "name": "Thirumangalam",
        "name:en": "Thirumangalam",
        "name:ml": "തിരുമംഗലം",
        "name:ta": "திருமங்கலம்",
        "network": "Chennai Metro",
        "note": "Contributors are requested to not edit the \"network\" and the \"operator\" tags. (2023/11/08)",
        "operator": "Chennai Metro Rail Limited",
        "platforms": "2",
        "public_transport": "station",
        "railway": "station",
        "railway:ref": "STI",
        "ref": "STI",
        "station": "subway",
        "subway": "yes",
        "wikidata": "Q20718160",
        "wikipedia": "en:Thirumangalam metro station",
        "@geometry": "center"
      },
      "geometry": {
        "type": "Point",
        "coordinates": [
          80.20152,
          13.08528
        ]
      },
      "id": "way/1314817096"
    },
    {
      "type": "Feature",
      "properties": {
        "@id": "way/1314817097",
        "internet_access": "no",
        "layer": "-1",
        "level": "-1;-2",
        "name": "Anna Nagar East",
        "name:en": "Anna Nagar East",
        "name:hi": "अन्ना नगर पूर्व",
        "name:ml": "അണ്ണാ നഗർ കിഴക്ക്",
        "name:ta": "அண்ணா நகர் கிழக்கு",
        "network": "Chennai Metro",
        "note": "Contributors are requested to not edit the \"network\" and the \"operator\" tags. (2023/11/08)",
        "operator": "Chennai Metro Rail Limited",
        "public_transport": "station",
        "railway": "station",
        "railway:ref": "SAE",
        "ref": "SAE",
        "station": "subway",
        "subway": "yes",
        "wikidata": "Q30638919",
        "wikipedia": "en:Anna Nagar East metro station",
        "@geometry": "center"
      },
      "geometry": {
        "type": "Point",
        "coordinates": [
          80.2191116,
          13.0846594
        ]
      },
      "id": "way/1314817097"
    },
    {
      "type": "Feature",
      "properties": {
        "@id": "node/1435161822",
        "IR:zone": "SR:MDU",
        "date:start": "1930",
        "internet_access": "no",
        "name": "Karaikkudi Junction",
        "name:ml": "കാരക്കുടി ജംഗ്ഷൻ",
        "name:ta": "காரைக்குடி சந்திப்பு",
        "network": "IR",
        "operator": "SR",
        "public_transport": "station",
        "railway": "station",
        "ref": "KKDI",
        "train": "yes",
        "wheelchair": "yes",
        "wikidata": "Q17064041",
        "wikipedia": "en:Karaikudi Junction railway station"
      },
      "geometry": {
        "type": "Point",
        "coordinates": [
          78.793967,
          10.0696672
        ]
      },
      "id": "node/1435161822"
    },
    {
      "type": "Feature",
      "properties": {
        "@id": "node/1666746299",
        "construction:railway": "station",
        "internet_access": "no",
        "name": "Vedaranniyam",
        "name:ta": "வேதாரண்யம்",
        "network": "IR",
        "old_name": "Maraikkadu",
        "operator": "SR",
        "public_transport": "station",
        "railway": "station",
        "ref": "VDY",
        "wikidata": "Q104534573"
      },
      "geometry": {
        "type": "Point",
        "coordinates": [
          79.8553673,
          10.3776222
        ]
      },
      "id": "node/1666746299"
    },
    {
      "type": "Feature",
      "properties": {
        "@id": "node/1666746345",
        "construction:railway": "station",
        "internet_access": "no",
        "name": "Topputurai",
        "network": "IR",
        "operator": "SR",
        "railway": "station",
        "ref": "TOY"
      },
      "geometry": {
        "type": "Point",
        "coordinates": [
          79.8488683,
          10.3962984
        ]
      },
      "id": "node/1666746345"
    },
    {
      "type": "Feature",
      "properties": {
        "@id": "node/1666746882",
        "construction:railway": "station",
        "internet_access": "no",
        "name": "Kuruvappulam",
        "network": "IR",
        "operator": "SR",
        "railway": "station",
        "ref": "KVV"
      },
      "geometry": {
        "type": "Point",
        "coordinates": [
          79.7871673,
          10.4196064
        ]
      },
      "id": "node/1666746882"
    },
    {
      "type": "Feature",
      "properties": {
        "@id": "node/1666747628",
        "construction:railway": "station",
        "internet_access": "no",
        "name": "Agastiyampalli",
        "network": "IR",
        "operator": "SR",
        "public_transport": "station",
        "railway": "station",
        "ref": "AGX",
        "wikidata": "Q104534578"
      },
      "geometry": {
        "type": "Point",
        "coordinates": [
          79.8502088,
          10.3550473
        ]
      },
      "id": "node/1666747628"
    },
    {
      "type": "Feature",
      "properties": {
        "@id": "node/1666747630",
        "construction:railway": "station",
        "internet_access": "no",
        "name": "Kariyappattinam",
        "network": "IR",
        "operator": "SR",
        "public_transport": "station",
        "railway": "station",
        "ref": "KXY",
        "wikidata": "Q104534558"
      },
      "geometry": {
        "type": "Point",
        "coordinates": [
          79.7381252,
          10.4527423
        ]
      },
      "id": "node/1666747630"
    },
    {
      "type": "Feature",
      "properties": {
        "@id": "node/1671298122",
        "construction:railway": "station",
        "internet_access": "no",
        "name": "Neyvilakku",
        "network": "IR",
        "operator": "SR",
        "railway": "station",
        "ref": "NVK"
      },
      "geometry": {
        "type": "Point",
        "coordinates": [
          79.8113831,
          10.4086381
        ]
      },
      "id": "node/1671298122"
    },
    {
      "type": "Feature",
      "properties": {
        "@id": "node/1722769520",
        "internet_access": "no",
        "name": "Coromandel",
        "name:kn": "ಕೋರೊಮಂಡೆಲ್",
        "network": "IR",
        "operator": "SWR",
        "public_transport": "station",
        "railway": "station",
        "ref": "COL",
        "wikidata": "Q87923613"
      },
      "geometry": {
        "type": "Point",
        "coordinates": [
          78.2578048,
          12.9756551
        ]
      },
      "id": "node/1722769520"
    },
    {
      "type": "Feature",
      "properties": {
        "@id": "node/1805255694",
        "internet_access": "no",
        "name": "Palakkodu",
        "network": "IR",
        "operator": "SWR",
        "public_transport": "station",
        "railway": "station",
        "ref": "PCV",
        "wikidata": "Q18129114",
        "wikipedia": "en:Palakkodu railway station"
      },
      "geometry": {
        "type": "Point",
        "coordinates": [
          78.0716779,
          12.2970222
        ]
      },
      "id": "node/1805255694"
    },
    {
      "type": "Feature",
      "properties": {
        "@id": "node/1805256059",
        "internet_access": "no",
        "name": "Marandahalli",
        "name:kn": "ಮಾರಂಡಹಳ್ಳಿ",
        "network": "IR",
        "operator": "SWR",
        "public_transport": "station",
        "railway": "station",
        "ref": "MZU",
        "wikidata": "Q63358138"
      },
      "geometry": {
        "type": "Point",
        "coordinates": [
          78.0173547,
          12.3892972
        ]
      },
      "id": "node/1805256059"
    },
    {
      "type": "Feature",
      "properties": {
        "@id": "node/1844248845",
        "internet_access": "no",
        "name": "Oorgaum",
        "name:kn": "ಊರಿಗಾಂ",
        "network": "IR",
        "operator": "SWR",
        "public_transport": "station",
        "railway": "station",
        "ref": "OGM",
        "wikidata": "Q63355421"
      },
      "geometry": {
        "type": "Point",
        "coordinates": [
          78.2599832,
          12.9542839
        ]
      },
      "id": "node/1844248845"
    },
    {
      "type": "Feature",
      "properties": {
        "@id": "node/1926969492",
        "IR:zone": "SR",
        "internet_access": "no",
        "name": "Pullampadi",
        "network": "IR",
        "operator": "SR",
        "platforms": "2",
        "public_transport": "station",
        "railway": "station",
        "ref": "PMB",
        "wikidata": "Q63356188"
      },
      "geometry": {
        "type": "Point",
        "coordinates": [
          78.9171105,
          10.9396803
        ]
      },
      "id": "node/1926969492"
    },
    {
      "type": "Feature",
      "properties": {
        "@id": "node/2048191334",
        "internet_access": "no",
        "name": "Palayasivaram",
        "network": "IR",
        "operator": "SR",
        "public_transport": "station",
        "railway": "station",
        "ref": "PYV",
        "wikidata": "Q63369216"
      },
      "geometry": {
        "type": "Point",
        "coordinates": [
          79.8778012,
          12.7767905
        ]
      },
      "id": "node/2048191334"
    },
    {
      "type": "Feature",
      "properties": {
        "@id": "node/2048214335",
        "internet_access": "no",
        "name": "Takkolam",
        "network": "IR",
        "operator": "SR",
        "public_transport": "station",
        "railway": "station",
        "ref": "TKO",
        "wikidata": "Q63357167"
      },
      "geometry": {
        "type": "Point",
        "coordinates": [
          79.6774907,
          13.0243461
        ]
      },
      "id": "node/2048214335"
    },
    {
      "type": "Feature",
      "properties": {
        "@id": "node/2481258995",
        "name": "Chennai Park Town",
        "name:ml": "പാർക്ക് ടൗൺ",
        "name:ta": "பூங்கா நகர்",
        "network": "IR",
        "operator": "SR",
        "public_transport": "station",
        "railway": "station",
        "ref": "MPKT",
        "train": "yes",
        "wikidata": "Q5091453",
        "wikipedia": "en:Chennai Park Town railway station"
      },
      "geometry": {
        "type": "Point",
        "coordinates": [
          80.2762947,
          13.079587
        ]
      },
      "id": "node/2481258995"
    },
    {
      "type": "Feature",
      "properties": {
        "@id": "node/2481258999",
        "internet_access": "no",
        "name": "Chennai Park",
        "name:ml": "ചെന്നൈ പാർക്ക്",
        "name:ta": "சென்னை பூங்கா",
        "network": "IR",
        "operator": "SR",
        "public_transport": "station",
        "railway": "station",
        "ref": "MPK",
        "wikidata": "Q5091452",
        "wikipedia": "en:Chennai Park railway station"
      },
      "geometry": {
        "type": "Point",
        "coordinates": [
          80.2730879,
          13.0807537
        ]
      },
      "id": "node/2481258999"
    },
    {
      "type": "Feature",
      "properties": {
        "@id": "node/2481259002",
        "internet_access": "no",
        "name": "Kodambakkam",
        "name:ml": "കോടമ്പാക്കം",
        "name:ta": "கோடம்பாக்கம்",
        "network": "IR",
        "operator": "SR",
        "public_transport": "station",
        "railway": "station",
        "ref": "MKK",
        "wikidata": "Q6425199",
        "wikipedia": "en:Kodambakkam railway station"
      },
      "geometry": {
        "type": "Point",
        "coordinates": [
          80.2306892,
          13.0516624
        ]
      },
      "id": "node/2481259002"
    },
    {
      "type": "Feature",
      "properties": {
        "@id": "node/2481259006",
        "internet_access": "no",
        "name": "Mambalam",
        "name:en": "Mambalam",
        "name:hi": "मांबलम",
        "name:ml": "മാമ്പലം",
        "name:ta": "மாம்பலம்",
        "network": "IR",
        "operator": "SR",
        "public_transport": "station",
        "railway": "station",
        "ref": "MBM",
        "wikidata": "Q6745495",
        "wikipedia": "en:Mambalam railway station"
      },
      "geometry": {
        "type": "Point",
        "coordinates": [
          80.2277752,
          13.0380662
        ]
      },
      "id": "node/2481259006"
    },
    {
      "type": "Feature",
      "properties": {
        "@id": "node/2481259029",
        "internet_access": "no",
        "name": "Saidapet",
        "name:ml": "സൈദാപേട്ട",
        "name:ta": "சைதாப்பேட்டை",
        "network": "IR",
        "operator": "SR",
        "public_transport": "station",
        "railway": "station",
        "ref": "SP",
        "wikidata": "Q7399955",
        "wikipedia": "en:Saidapet railway station"
      },
      "geometry": {
        "type": "Point",
        "coordinates": [
          80.2237191,
          13.0233098
        ]
      },
      "id": "node/2481259029"
    },
    {
      "type": "Feature",
      "properties": {
        "@id": "node/2481969291",
        "alt_name": "Chennai Central",
        "int_name": "Chennai Central",
        "internet_access": "wlan",
        "name": "Puratchi Thalaivar Dr. M. G. Ramachandran Central",
        "name:ml": "പുരട്ചി തലൈവർ ഡോ.എം.ജി.രാമചന്ദ്രൻ സെൻട്രൽ",
        "name:ta": "சென்னை - புரட்சி தலைவர் டா. எம். ஜி. ராமச்சந்திரன் சென்ட்ரல்",
        "network": "IR",
        "old_name": "Madras Central",
        "operator": "SR",
        "public_transport": "station",
        "railway": "station",
        "ref": "MAS",
        "wikidata": "Q257382",
        "wikipedia": "en:Chennai Central railway station"
      },
      "geometry": {
        "type": "Point",
        "coordinates": [
          80.2759622,
          13.0824232
        ]
      },
      "id": "node/2481969291"
    },
    {
      "type": "Feature",
      "properties": {
        "@id": "node/2486239287",
        "internet_access": "no",
        "name": "Chepauk",
        "name:ta": "சேப்பாக்கம்",
        "network": "IR",
        "operator": "SR",
        "public_transport": "station",
        "railway": "station",
        "ref": "MCPK",
        "train": "yes",
        "wikidata": "Q5091698",
        "wikipedia": "en:Chepauk railway station"
      },
      "geometry": {
        "type": "Point",
        "coordinates": [
          80.280596,
          13.0619312
        ]
      },
      "id": "node/2486239287"
    },
    {
      "type": "Feature",
      "properties": {
        "@id": "node/2486239288",
        "internet_access": "no",
        "name": "Thiruvallikeni",
        "name:hi": "तिरुवल्लिक्केणि",
        "network": "IR",
        "operator": "SR",
        "public_transport": "station",
        "railway": "station",
        "ref": "MTCN",
        "train": "yes",
        "wikidata": "Q7785486",
        "wikipedia": "en:Thiruvallikeni railway station"
      },
      "geometry": {
        "type": "Point",
        "coordinates": [
          80.2806044,
          13.0559352
        ]
      },
      "id": "node/2486239288"
    },
    {
      "type": "Feature",
      "properties": {
        "@id": "node/2618227905",
        "internet_access": "no",
        "name": "Alapakkam",
        "name:ta": "ஆலப்பாக்கம்",
        "network": "IR",
        "operator": "SR",
        "public_transport": "station",
        "railway": "station",
        "ref": "ALP",
        "wikidata": "Q63355701"
      },
      "geometry": {
        "type": "Point",
        "coordinates": [
          79.7276541,
          11.6188148
        ]
      },
      "id": "node/2618227905"
    },
    {
      "type": "Feature",
      "properties": {
        "@id": "node/2618362284",
        "internet_access": "no",
        "name": "Capper Quarry",
        "network": "IR",
        "operator": "SR",
        "public_transport": "station",
        "railway": "station",
        "ref": "CQS",
        "wikidata": "Q63368980"
      },
      "geometry": {
        "type": "Point",
        "coordinates": [
          79.7477414,
          11.6810217
        ]
      },
      "id": "node/2618362284"
    },
    {
      "type": "Feature",
      "properties": {
        "@id": "node/2620614573",
        "internet_access": "no",
        "name": "Kille",
        "network": "IR",
        "operator": "SR",
        "public_transport": "station",
        "railway": "station",
        "ref": "KII",
        "wikidata": "Q63356468"
      },
      "geometry": {
        "type": "Point",
        "coordinates": [
          79.7232584,
          11.438452
        ]
      },
      "id": "node/2620614573"
    },
    {
      "type": "Feature",
      "properties": {
        "@id": "node/2634373103",
        "internet_access": "no",
        "name": "Kattur",
        "network": "IR",
        "operator": "SR",
        "public_transport": "station",
        "railway": "station",
        "ref": "KTTR",
        "wikidata": "Q63356187"
      },
      "geometry": {
        "type": "Point",
        "coordinates": [
          78.8555355,
          10.8961006
        ]
      },
      "id": "node/2634373103"
    },
    {
      "type": "Feature",
      "properties": {
        "@id": "node/2634373112",
        "internet_access": "no",
        "name": "Valadi",
        "network": "IR",
        "operator": "SR",
        "public_transport": "station",
        "railway": "station",
        "ref": "VLDE",
        "train": "yes",
        "wikidata": "Q63356185"
      },
      "geometry": {
        "type": "Point",
        "coordinates": [
          78.7580105,
          10.8725547
        ]
      },
      "id": "node/2634373112"
    },
    {
      "type": "Feature",
      "properties": {
        "@id": "node/2634373115",
        "internet_access": "no",
        "name": "Uttamar Kovil",
        "name:ml": "ഉത്തമർകോവിൽ",
        "name:ta": "உத்தமர்கோவில்",
        "network": "IR",
        "operator": "SR",
        "public_transport": "station",
        "railway": "station",
        "ref": "UKV",
        "wikidata": "Q63356183"
      },
      "geometry": {
        "type": "Point",
        "coordinates": [
          78.7022672,
          10.8775291
        ]
      },
      "id": "node/2634373115"
    },
    {
      "type": "Feature",
      "properties": {
        "@id": "node/2669085028",
        "internet_access": "wlan",
        "mapillary": "295045152335358",
        "name": "Tiruchchirappalli Junction",
        "name:ml": "തിരുച്ചിറപ്പള്ളി ജംഗ്ഷൻ",
        "name:ta": "திருச்சிராப்பள்ளி சந்திப்பு",
        "network": "IR",
        "operator": "SR",
        "public_transport": "station",
        "railway": "station",
        "ref": "TPJ",
        "wheelchair": "yes",
        "wikidata": "Q7809309",
        "wikipedia": "en:Tiruchirappalli Junction railway station"
      },
      "geometry": {
        "type": "Point",
        "coordinates": [
          78.6852944,
          10.7942683
        ]
      },
      "id": "node/2669085028"
    },
    {
      "type": "Feature",
      "properties": {
        "@id": "node/2671295576",
        "internet_access": "wlan",
        "name": "Salem Junction",
        "name:ml": "സേലം ജംഗ്ഷൻ",
        "name:ta": "சேலம் சந்திப்பு",
        "network": "IR",
        "operator": "SR",
        "public_transport": "station",
        "railway": "station",
        "ref": "SA",
        "wheelchair": "limited",
        "wikidata": "Q4520604",
        "wikipedia": "en:Salem Junction railway station"
      },
      "geometry": {
        "type": "Point",
        "coordinates": [
          78.1135427,
          11.6707553
        ]
      },
      "id": "node/2671295576"
    },
    {
      "type": "Feature",
      "properties": {
        "@id": "node/2671478496",
        "name": "Killinochchi",
        "railway": "station"
      },
      "geometry": {
        "type": "Point",
        "coordinates": [
          80.4059976,
          9.3857084
        ]
      },
      "id": "node/2671478496"
    },
    {
      "type": "Feature",
      "properties": {
        "@id": "node/2671478503",
        "name": "Madhu Road",
        "railway": "station",
        "wikidata": "Q15964631"
      },
      "geometry": {
        "type": "Point",
        "coordinates": [
          80.1501633,
          8.7738352
        ]
      },
      "id": "node/2671478503"
    },
    {
      "type": "Feature",
      "properties": {
        "@id": "node/2967150483",
        "internet_access": "no",
        "name": "Ramapuram Railway Station",
        "network": "IR",
        "operator": "SCR",
        "public_transport": "station",
        "railway": "station",
        "ref": "RAM",
        "train": "yes",
        "wikidata": "Q63369910"
      },
      "geometry": {
        "type": "Point",
        "coordinates": [
          79.1794325,
          13.098106
        ]
      },
      "id": "node/2967150483"
    },
    {
      "type": "Feature",
      "properties": {
        "@id": "node/3091412586",
        "name": "Iratperiya Kulam",
        "railway": "station",
        "wikidata": "Q6068283"
      },
      "geometry": {
        "type": "Point",
        "coordinates": [
          80.4811639,
          8.7095586
        ]
      },
      "id": "node/3091412586"
    },
    {
      "type": "Feature",
      "properties": {
        "@id": "node/3092418626",
        "name": "Madegama",
        "railway": "station"
      },
      "geometry": {
        "type": "Point",
        "coordinates": [
          80.4351423,
          8.4750004
        ]
      },
      "id": "node/3092418626"
    },
    {
      "type": "Feature",
      "properties": {
        "@id": "node/3092419086",
        "alt_name": "Maankulam",
        "int_name": "Maangkulam",
        "name": "Mankulam",
        "name:ta": "மாங்குளம்",
        "railway": "station",
        "wikidata": "Q15964654"
      },
      "geometry": {
        "type": "Point",
        "coordinates": [
          80.4445722,
          9.12999
        ]
      },
      "id": "node/3092419086"
    },
    {
      "type": "Feature",
      "properties": {
        "@id": "node/3092600710",
        "name": "Neriyakulam",
        "railway": "station",
        "wikidata": "Q15964637"
      },
      "geometry": {
        "type": "Point",
        "coordinates": [
          80.3568548,
          8.6165845
        ]
      },
      "id": "node/3092600710"
    },
    {
      "type": "Feature",
      "properties": {
        "@id": "node/3092675479",
        "name": "Paranthan",
        "name:ta": "பரந்தன்",
        "railway": "station",
        "wikidata": "Q15964649"
      },
      "geometry": {
        "type": "Point",
        "coordinates": [
          80.407105,
          9.4401189
        ]
      },
      "id": "node/3092675479"
    },
    {
      "type": "Feature",
      "properties": {
        "@id": "node/3092822215",
        "name": "Punewa",
        "public_transport": "station",
        "railway": "station"
      },
      "geometry": {
        "type": "Point",
        "coordinates": [
          80.462864,
          8.6130857
        ]
      },
      "id": "node/3092822215"
    },
    {
      "type": "Feature",
      "properties": {
        "@id": "node/3093567807",
        "name": "Viralmurippuwa",
        "railway": "station"
      },
      "geometry": {
        "type": "Point",
        "coordinates": [
          80.446541,
          8.5308063
        ]
      },
      "id": "node/3093567807"
    },
    {
      "type": "Feature",
      "properties": {
        "@id": "node/3187977875",
        "name": "Palavanthangal",
        "name:en": "Palavanthangal",
        "name:ml": "പഴവന്താങ്കൽ",
        "name:ta": "பழவந்தாங்கல்",
        "network": "IR",
        "operator": "SR",
        "public_transport": "station",
        "railway": "station",
        "ref": "PZA",
        "wikidata": "Q7156987",
        "wikipedia": "en:Pazhavanthangal railway station"
      },
      "geometry": {
        "type": "Point",
        "coordinates": [
          80.1879401,
          12.9906385
        ]
      },
      "id": "node/3187977875"
    },
    {
      "type": "Feature",
      "properties": {
        "@id": "node/3264712327",
        "internet_access": "no",
        "name": "Guindy",
        "name:en": "Guindy",
        "name:hi": "गिंडी",
        "name:ml": "ഗിണ്ടി",
        "name:ta": "கிண்டி",
        "network": "IR",
        "operator": "SR",
        "public_transport": "station",
        "railway": "station",
        "ref": "GDY",
        "wikidata": "Q5616431",
        "wikipedia": "en:Guindy railway station"
      },
      "geometry": {
        "type": "Point",
        "coordinates": [
          80.2126063,
          13.0086685
        ]
      },
      "id": "node/3264712327"
    },
    {
      "type": "Feature",
      "properties": {
        "@id": "node/3313919778",
        "name": "Pallai",
        "name:ml": "പള",
        "name:ta": "பளை",
        "public_transport": "station",
        "railway": "station",
        "wikidata": "Q15917849"
      },
      "geometry": {
        "type": "Point",
        "coordinates": [
          80.3298414,
          9.6078751
        ]
      },
      "id": "node/3313919778"
    },
    {
      "type": "Feature",
      "properties": {
        "@id": "node/3383990519",
        "addr:street": "Grand Southern Trunk Road",
        "internet_access": "no",
        "name": "Melmaruvattur",
        "network": "IR",
        "operator": "SR",
        "public_transport": "station",
        "railway": "station",
        "ref": "MLMR",
        "wikidata": "Q63355692"
      },
      "geometry": {
        "type": "Point",
        "coordinates": [
          79.8328664,
          12.4286748
        ]
      },
      "id": "node/3383990519"
    },
    {
      "type": "Feature",
      "properties": {
        "@id": "node/3480915452",
        "internet_access": "no",
        "name": "Mukundarayapuram",
        "network": "IR",
        "operator": "SR",
        "public_transport": "station",
        "railway": "station",
        "ref": "MCN",
        "wikidata": "Q63355886"
      },
      "geometry": {
        "type": "Point",
        "coordinates": [
          79.2892009,
          12.9782491
        ]
      },
      "id": "node/3480915452"
    },
    {
      "type": "Feature",
      "properties": {
        "@id": "node/3533387280",
        "internet_access": "no",
        "name": "Mohanur",
        "name:ta": "மோகனூர் தொடர்வண்டி நிலையம்",
        "network": "IR",
        "operator": "SR",
        "public_transport": "station",
        "railway": "station",
        "ref": "MONR",
        "train": "yes",
        "wikidata": "Q24950093",
        "wikipedia": "en:Mohanur railway station"
      },
      "geometry": {
        "type": "Point",
        "coordinates": [
          78.1398608,
          11.0689318
        ]
      },
      "id": "node/3533387280"
    },
    {
      "type": "Feature",
      "properties": {
        "@id": "node/3540412142",
        "name": "Navatkuli",
        "name:ml": "നാവർകുഴി",
        "name:ta": "நாவற்குழி",
        "public_transport": "station",
        "railway": "station"
      },
      "geometry": {
        "type": "Point",
        "coordinates": [
          80.0814724,
          9.6616561
        ]
      },
      "id": "node/3540412142"
    },
    {
      "type": "Feature",
      "properties": {
        "@id": "node/3665942841",
        "name": "Chettikulam Station",
        "railway": "station"
      },
      "geometry": {
        "type": "Point",
        "coordinates": [
          80.3059036,
          8.6689844
        ]
      },
      "id": "node/3665942841"
    },
    {
      "type": "Feature",
      "properties": {
        "@id": "node/3678939665",
        "internet_access": "no",
        "name": "Avadi",
        "name:hi": "आवडि",
        "name:ml": "ആവടി",
        "name:pa": "ਆਵਡਿ",
        "name:ta": "ஆவடி",
        "network": "IR",
        "operator": "SR",
        "public_transport": "station",
        "railway": "station",
        "ref": "AVD",
        "wheelchair": "yes",
        "wikidata": "Q4827409",
        "wikipedia": "en:Avadi railway station"
      },
      "geometry": {
        "type": "Point",
        "coordinates": [
          80.1015427,
          13.1182744
        ]
      },
      "id": "node/3678939665"
    },
    {
      "type": "Feature",
      "properties": {
        "@id": "node/3725756379",
        "internet_access": "no",
        "name": "Palur",
        "name:ml": "പാലൂർ",
        "name:ta": "பாலூர்",
        "network": "IR",
        "operator": "SR",
        "public_transport": "station",
        "railway": "station",
        "ref": "PALR",
        "wikidata": "Q87935381"
      },
      "geometry": {
        "type": "Point",
        "coordinates": [
          79.9069065,
          12.766346
        ]
      },
      "id": "node/3725756379"
    },
    {
      "type": "Feature",
      "properties": {
        "@id": "node/3829101957",
        "internet_access": "no",
        "name": "Thiruvarur Junction",
        "network": "IR",
        "operator": "SR",
        "public_transport": "station",
        "railway": "station",
        "ref": "TVR",
        "wikidata": "Q16901577",
        "wikipedia": "en:Thiruvarur Junction railway station"
      },
      "geometry": {
        "type": "Point",
        "coordinates": [
          79.6336962,
          10.7650016
        ]
      },
      "id": "node/3829101957"
    },
    {
      "type": "Feature",
      "properties": {
        "@id": "node/3850728157",
        "internet_access": "no",
        "name": "Velankanni",
        "name:hi": "वेलांकन्नि",
        "name:ml": "വേളാങ്കണ്ണി",
        "name:ta": "வேளாங்கண்ணி",
        "network": "IR",
        "operator": "SR",
        "public_transport": "station",
        "railway": "station",
        "railway:subdivision": "Tiruchirappalli",
        "ref": "VLNK",
        "wikidata": "Q13119476",
        "wikipedia": "en:Velankanni railway station"
      },
      "geometry": {
        "type": "Point",
        "coordinates": [
          79.8461807,
          10.6868771
        ]
      },
      "id": "node/3850728157"
    },
    {
      "type": "Feature",
      "properties": {
        "@id": "node/3951315150",
        "IR:zone": "SR:TPJ",
        "construction:railway": "station",
        "internet_access": "no",
        "name": "Thiruthuraipundi Junction",
        "network": "IR",
        "operator": "SR",
        "public_transport": "station",
        "railway": "station",
        "ref": "TTP",
        "station": "junction",
        "wikidata": "Q24943216",
        "wikipedia": "en:Thiruthuraipoondi Junction railway station"
      },
      "geometry": {
        "type": "Point",
        "coordinates": [
          79.6347878,
          10.5385545
        ]
      },
      "id": "node/3951315150"
    },
    {
      "type": "Feature",
      "properties": {
        "@id": "node/3958951994",
        "name": "Sangathanai Railway Station",
        "name:ta": "சங்கத்தானை தொடருந்து நிலையம்",
        "public_transport": "station",
        "railway": "station"
      },
      "geometry": {
        "type": "Point",
        "coordinates": [
          80.1723805,
          9.664046
        ]
      },
      "id": "node/3958951994"
    },
    {
      "type": "Feature",
      "properties": {
        "@id": "node/3990565228",
        "alt_name": "Thachan thooppu",
        "alt_name:ta": "தச்சன் தோப்பு",
        "int_name": "Thachanthooppu",
        "int_name:ta": "தச்சந்தோப்பு",
        "name": "Thachanthoppu",
        "name:ml": "തച്ചൻതോപ്പ്",
        "name:ta": "தச்சன்தோப்பு",
        "public_transport": "station",
        "railway": "station"
      },
      "geometry": {
        "type": "Point",
        "coordinates": [
          80.1108181,
          9.6571772
        ]
      },
      "id": "node/3990565228"
    },
    {
      "type": "Feature",
      "properties": {
        "@id": "node/4109833590",
        "name": "Mirusuvil",
        "name:ta": "மிருசுவில்",
        "public_transport": "station",
        "railway": "station"
      },
      "geometry": {
        "type": "Point",
        "coordinates": [
          80.2432739,
          9.6741668
        ]
      },
      "id": "node/4109833590"
    },
    {
      "type": "Feature",
      "properties": {
        "@id": "node/4112304449",
        "internet_access": "no",
        "name": "Kulithalai",
        "name:ta": "குளித்தலை",
        "network": "IR",
        "operator": "SR",
        "public_transport": "station",
        "railway": "station",
        "ref": "KLT",
        "wikidata": "Q63356512"
      },
      "geometry": {
        "type": "Point",
        "coordinates": [
          78.4210459,
          10.9335519
        ]
      },
      "id": "node/4112304449"
    },
    {
      "type": "Feature",
      "properties": {
        "@id": "node/4133754822",
        "internet_access": "no",
        "name": "Marikuppam",
        "name:kn": "ಮಾರಿಕುಪ್ಪಂ",
        "network": "IR",
        "operator": "SWR",
        "public_transport": "station",
        "railway": "station",
        "ref": "MKM",
        "wikidata": "Q63357529"
      },
      "geometry": {
        "type": "Point",
        "coordinates": [
          78.263739,
          12.9187951
        ]
      },
      "id": "node/4133754822"
    },
    {
      "type": "Feature",
      "properties": {
        "@id": "node/4221752111",
        "internet_access": "no",
        "name": "Saint Thomas Mount",
        "name:en": "Saint Thomas Mount",
        "name:ml": "സെന്റ് തോമസ് മൗണ്ട്",
        "name:ta": "பரங்கிமலை",
        "network": "IR",
        "operator": "SR",
        "public_transport": "station",
        "railway": "station",
        "ref": "STM",
        "wikidata": "Q7591984",
        "wikipedia": "en:St. Thomas Mount railway station"
      },
      "geometry": {
        "type": "Point",
        "coordinates": [
          80.1993715,
          12.9947654
        ]
      },
      "id": "node/4221752111"
    },
    {
      "type": "Feature",
      "properties": {
        "@id": "node/4261047361",
        "construction:railway": "station",
        "internet_access": "no",
        "name": "Adirampattinam",
        "name:ta": "அதிராம்பட்டினம்",
        "network": "IR",
        "operator": "SR",
        "public_transport": "station",
        "railway": "station",
        "ref": "AMM",
        "wikidata": "Q63357851"
      },
      "geometry": {
        "type": "Point",
        "coordinates": [
          79.384877,
          10.3319451
        ]
      },
      "id": "node/4261047361"
    },
    {
      "type": "Feature",
      "properties": {
        "@id": "node/4271573964",
        "internet_access": "no",
        "name": "Mayanoor",
        "name:ta": "மாயனுர்",
        "network": "IR",
        "operator": "SR",
        "public_transport": "station",
        "railway": "station",
        "ref": "MYU",
        "wikidata": "Q63356779"
      },
      "geometry": {
        "type": "Point",
        "coordinates": [
          78.2368598,
          10.9550023
        ]
      },
      "id": "node/4271573964"
    },
    {
      "type": "Feature",
      "properties": {
        "@id": "node/4435694788",
        "internet_access": "no",
        "name": "Pallavaram",
        "name:hi": "पल्लावरम",
        "name:ml": "പല്ലാവരം",
        "name:pa": "ਪੱਲਾਵਰਮ",
        "name:ta": "பல்லாவரம்",
        "operator": "SR",
        "public_transport": "station",
        "railway": "station",
        "ref": "PV",
        "wikidata": "Q7127768",
        "wikipedia": "en:Pallavaram railway station"
      },
      "geometry": {
        "type": "Point",
        "coordinates": [
          80.1520504,
          12.9675742
        ]
      },
      "id": "node/4435694788"
    },
    {
      "type": "Feature",
      "properties": {
        "@id": "node/4558948122",
        "internet_access": "no",
        "name": "Virapandy Road",
        "name:ml": "വീരപാണ്ടി റോഡ്",
        "name:ta": "வீரபாண்டி சாலை",
        "network": "IR",
        "operator": "SR",
        "public_transport": "station",
        "railway": "station",
        "ref": "VRPD",
        "source": "bing",
        "wikidata": "Q51632781"
      },
      "geometry": {
        "type": "Point",
        "coordinates": [
          78.0745388,
          11.596662
        ]
      },
      "id": "node/4558948122"
    },
    {
      "type": "Feature",
      "properties": {
        "@id": "node/4688900455",
        "internet_access": "no",
        "name": "Toppur",
        "network": "IR",
        "operator": "SWR",
        "public_transport": "station",
        "railway": "station",
        "ref": "TPP",
        "source": "bing",
        "wikidata": "Q63357229"
      },
      "geometry": {
        "type": "Point",
        "coordinates": [
          78.0700793,
          11.9315838
        ]
      },
      "id": "node/4688900455"
    },
    {
      "type": "Feature",
      "properties": {
        "@id": "node/4740275882",
        "addr:city": "Ammoor",
        "internet_access": "wlan",
        "internet_access:ssid": "RailWire",
        "name": "Walaja Road Junction",
        "name:ml": "വാലാജാ റോഡ്",
        "name:ta": "வாலாஜா ரோடு",
        "network": "IR",
        "operator": "SR",
        "public_transport": "station",
        "railway": "station",
        "ref": "WJR",
        "wikidata": "Q63355884",
        "wikimedia_commons": "File:Walajah Road wide photo.jpg"
      },
      "geometry": {
        "type": "Point",
        "coordinates": [
          79.3601973,
          12.9709314
        ]
      },
      "id": "node/4740275882"
    },
    {
      "type": "Feature",
      "properties": {
        "@id": "node/4767159308",
        "addr:postcode": "600063",
        "internet_access": "no",
        "name": "Perungalattur",
        "name:ml": "പെരുങ്കളത്തൂർ",
        "name:ta": "பெருங்களத்தூர்",
        "network": "IR",
        "operator": "SR",
        "public_transport": "station",
        "railway": "station",
        "ref": "PRGL",
        "wikidata": "Q7171096",
        "wikipedia": "en:Perungalathur railway station"
      },
      "geometry": {
        "type": "Point",
        "coordinates": [
          80.095046,
          12.9052432
        ]
      },
      "id": "node/4767159308"
    },
    {
      "type": "Feature",
      "properties": {
        "@id": "node/4885083053",
        "internet_access": "no",
        "name": "Tirusulam",
        "name:ml": "തിരുശൂലം",
        "name:ta": "திருசூலம்",
        "network": "IR",
        "operator": "SR",
        "public_transport": "station",
        "railway": "station",
        "ref": "TLM",
        "wikidata": "Q7809428",
        "wikipedia": "en:Tirusulam railway station"
      },
      "geometry": {
        "type": "Point",
        "coordinates": [
          80.1657933,
          12.9804609
        ]
      },
      "id": "node/4885083053"
    },
    {
      "type": "Feature",
      "properties": {
        "@id": "node/4885094689",
        "internet_access": "no",
        "internet_access:fee": "no",
        "name": "Meenambakkam",
        "name:en": "Meenambakkam",
        "name:ml": "മീനമ്പാക്കം",
        "name:ta": "மீனம்பாக்கம்",
        "network": "IR",
        "operator": "SR",
        "public_transport": "station",
        "railway": "station",
        "ref": "MN",
        "wikidata": "Q6807623",
        "wikipedia": "en:Meenambakkam railway station"
      },
      "geometry": {
        "type": "Point",
        "coordinates": [
          80.1750925,
          12.9846976
        ]
      },
      "id": "node/4885094689"
    },
    {
      "type": "Feature",
      "properties": {
        "@id": "node/4947078339",
        "internet_access": "no",
        "name": "Karaikal",
        "name:ta": "காரைக்கால்",
        "network": "IR",
        "operator": "SR",
        "public_transport": "station",
        "railway": "station",
        "ref": "KIK",
        "wikidata": "Q16893133"
      },
      "geometry": {
        "type": "Point",
        "coordinates": [
          79.8389621,
          10.9170705
        ]
      },
      "id": "node/4947078339"
    },
    {
      "type": "Feature",
      "properties": {
        "@id": "node/5186077698",
        "internet_access": "no",
        "name": "Kamasamudram",
        "name:kn": "ಕಾಮಸಮುದ್ರ",
        "network": "IR",
        "operator": "SWR",
        "public_transport": "station",
        "railway": "station",
        "ref": "KSM",
        "wikidata": "Q63369898"
      },
      "geometry": {
        "type": "Point",
        "coordinates": [
          78.2005632,
          12.8804954
        ]
      },
      "id": "node/5186077698"
    },
    {
      "type": "Feature",
      "properties": {
        "@id": "node/5232624554",
        "addr:city": "Pasupathikovil",
        "internet_access": "no",
        "name": "Pasupatikovil",
        "network": "IR",
        "operator": "SR",
        "public_transport": "station",
        "railway": "station",
        "ref": "PVL",
        "wikidata": "Q63355488"
      },
      "geometry": {
        "type": "Point",
        "coordinates": [
          79.1911775,
          10.8826518
        ]
      },
      "id": "node/5232624554"
    },
    {
      "type": "Feature",
      "properties": {
        "@id": "node/5239465206",
        "internet_access": "no",
        "name": "Narikkudi",
        "network": "IR",
        "operator": "SR",
        "public_transport": "station",
        "railway": "station",
        "ref": "NKK",
        "wikidata": "Q63369306"
      },
      "geometry": {
        "type": "Point",
        "coordinates": [
          78.2998824,
          9.59257
        ]
      },
      "id": "node/5239465206"
    },
    {
      "type": "Feature",
      "properties": {
        "@id": "node/5273584429",
        "internet_access": "no",
        "name": "Anavardikhanpettai",
        "network": "IR",
        "operator": "SR",
        "public_transport": "station",
        "railway": "station",
        "ref": "AVN",
        "wikidata": "Q63355498"
      },
      "geometry": {
        "type": "Point",
        "coordinates": [
          79.567244,
          13.050776
        ]
      },
      "id": "node/5273584429"
    },
    {
      "type": "Feature",
      "properties": {
        "@id": "node/5273662388",
        "internet_access": "wlan",
        "name": "Chengalpatttu Junction",
        "name:hi": "चेंगलपट्टु जंक्शन",
        "name:ml": "ചെങ്കൽപട്ട് ജംഗ്ഷൻ",
        "name:ta": "செங்கல்பட்டு சந்திப்பு",
        "network": "IR",
        "operator": "SR",
        "public_transport": "station",
        "railway": "station",
        "ref": "CGL",
        "wikidata": "Q15209396",
        "wikipedia": "en:Chengalpattu Junction railway station"
      },
      "geometry": {
        "type": "Point",
        "coordinates": [
          79.9805157,
          12.6934653
        ]
      },
      "id": "node/5273662388"
    },
    {
      "type": "Feature",
      "properties": {
        "@id": "node/5273664184",
        "internet_access": "wlan",
        "name": "Arakkonam Junction",
        "name:ta": "அரக்கோணம் சந்திப்பு",
        "network": "IR",
        "operator": "SR",
        "railway": "station",
        "ref": "AJJ",
        "wikidata": "Q15185945",
        "wikipedia": "en:Arakkonam Junction railway station"
      },
      "geometry": {
        "type": "Point",
        "coordinates": [
          79.6685253,
          13.0823386
        ]
      },
      "id": "node/5273664184"
    },
    {
      "type": "Feature",
      "properties": {
        "@id": "node/5273733276",
        "internet_access": "no",
        "name": "Chromepet",
        "name:ml": "ക്രോംപേട്ട",
        "name:ta": "குரோம்பேட்டை",
        "network": "IR",
        "operator": "SR",
        "public_transport": "station",
        "railway": "station",
        "ref": "CMP",
        "wikidata": "Q5113793",
        "wikipedia": "en:Chromepet railway station"
      },
      "geometry": {
        "type": "Point",
        "coordinates": [
          80.1411677,
          12.9521897
        ]
      },
      "id": "node/5273733276"
    },
    {
      "type": "Feature",
      "properties": {
        "@id": "node/5273746526",
        "internet_access": "no",
        "name": "Kattangulathur",
        "network": "IR",
        "operator": "SR",
        "public_transport": "station",
        "railway": "station",
        "ref": "CTM",
        "wikidata": "Q15234477",
        "wikipedia": "en:Kattankulathur railway station"
      },
      "geometry": {
        "type": "Point",
        "coordinates": [
          80.0266339,
          12.8055581
        ]
      },
      "id": "node/5273746526"
    },
    {
      "type": "Feature",
      "properties": {
        "@id": "node/5273796758",
        "internet_access": "no",
        "name": "Chitteri",
        "network": "IR",
        "operator": "SR",
        "public_transport": "station",
        "railway": "station",
        "ref": "CTRE",
        "wikidata": "Q63355882"
      },
      "geometry": {
        "type": "Point",
        "coordinates": [
          79.5981218,
          13.0679482
        ]
      },
      "id": "node/5273796758"
    },
    {
      "type": "Feature",
      "properties": {
        "@id": "node/5274201067",
        "internet_access": "no",
        "name": "Hindu College",
        "name:ta": "இந்துக் கல்லூரி",
        "network": "IR",
        "operator": "SR",
        "railway": "station",
        "ref": "HC",
        "wheelchair": "yes",
        "wikidata": "Q5766274",
        "wikipedia": "en:Hindu College railway station"
      },
      "geometry": {
        "type": "Point",
        "coordinates": [
          80.0744298,
          13.1184826
        ]
      },
      "id": "node/5274201067"
    },
    {
      "type": "Feature",
      "properties": {
        "@id": "node/5274212914",
        "internet_access": "no",
        "name": "Pattabiram E Depot",
        "network": "IR",
        "operator": "SR",
        "public_transport": "station",
        "railway": "station",
        "ref": "PRES",
        "wikidata": "Q7148296",
        "wikipedia": "en:Pattabiram East Depot railway station"
      },
      "geometry": {
        "type": "Point",
        "coordinates": [
          80.0686194,
          13.1460141
        ]
      },
      "id": "node/5274212914"
    },
    {
      "type": "Feature",
      "properties": {
        "@id": "node/5274260962",
        "internet_access": "no",
        "name": "Guduvancheri",
        "name:ta": "கூடுவாஞ்சேரி",
        "network": "IR",
        "operator": "SR",
        "public_transport": "station",
        "railway": "station",
        "ref": "GI",
        "wikidata": "Q15222239",
        "wikipedia": "en:Guduvancheri railway station"
      },
      "geometry": {
        "type": "Point",
        "coordinates": [
          80.0576503,
          12.8452303
        ]
      },
      "id": "node/5274260962"
    },
    {
      "type": "Feature",
      "properties": {
        "@id": "node/5274698920",
        "internet_access": "no",
        "name": "Karunguzhi",
        "network": "IR",
        "operator": "SR",
        "public_transport": "station",
        "railway": "station",
        "ref": "KGZ",
        "wikidata": "Q63356245"
      },
      "geometry": {
        "type": "Point",
        "coordinates": [
          79.911518,
          12.5321066
        ]
      },
      "id": "node/5274698920"
    },
    {
      "type": "Feature",
      "properties": {
        "@id": "node/5274761658",
        "internet_access": "no",
        "name": "Korukkupet",
        "name:ml": "കൊരുക്കുപേട്ട",
        "name:ta": "கொருக்குப்பேட்டை",
        "network": "IR",
        "operator": "SR",
        "public_transport": "station",
        "railway": "station",
        "ref": "KOK",
        "wikidata": "Q6432750",
        "wikipedia": "en:Korukkupet railway station"
      },
      "geometry": {
        "type": "Point",
        "coordinates": [
          80.2784559,
          13.1194248
        ]
      },
      "id": "node/5274761658"
    },
    {
      "type": "Feature",
      "properties": {
        "@id": "node/5274761659",
        "internet_access": "no",
        "name": "Korattur",
        "name:ml": "കൊരട്ടൂർ",
        "name:ta": "கொரட்டூர்",
        "network": "IR",
        "operator": "SR",
        "railway": "station",
        "ref": "KOTR",
        "wikidata": "Q6431441",
        "wikipedia": "en:Korattur railway station"
      },
      "geometry": {
        "type": "Point",
        "coordinates": [
          80.1841521,
          13.1131424
        ]
      },
      "id": "node/5274761659"
    },
    {
      "type": "Feature",
      "properties": {
        "@id": "node/5274891872",
        "internet_access": "no",
        "name": "Karasangal",
        "network": "IR",
        "operator": "SR",
        "public_transport": "station",
        "railway": "station",
        "ref": "KSGL",
        "wikidata": "Q63355689"
      },
      "geometry": {
        "type": "Point",
        "coordinates": [
          79.7505125,
          12.3347973
        ]
      },
      "id": "node/5274891872"
    },
    {
      "type": "Feature",
      "properties": {
        "@id": "node/5274913769",
        "internet_access": "no",
        "name": "Kotturpuram",
        "name:ta": "கோட்டூர்புரம்",
        "network": "IR",
        "operator": "SR",
        "public_transport": "station",
        "railway": "station",
        "ref": "KTPM",
        "train": "yes",
        "wikidata": "Q6434367",
        "wikipedia": "en:Kotturpuram railway station"
      },
      "geometry": {
        "type": "Point",
        "coordinates": [
          80.2484517,
          13.0137182
        ]
      },
      "id": "node/5274913769"
    },
    {
      "type": "Feature",
      "properties": {
        "@id": "node/5274913770",
        "internet_access": "no",
        "name": "Latteri",
        "name:ml": "ലത്തേരി",
        "name:ta": "லத்தேரி",
        "network": "IR",
        "operator": "SR",
        "public_transport": "station",
        "railway": "station",
        "ref": "LTI",
        "wikidata": "Q63355609"
      },
      "geometry": {
        "type": "Point",
        "coordinates": [
          79.0662384,
          12.967043
        ]
      },
      "id": "node/5274913770"
    },
    {
      "type": "Feature",
      "properties": {
        "@id": "node/5275671388",
        "internet_access": "no",
        "name": "Manavur",
        "network": "IR",
        "operator": "SR",
        "public_transport": "station",
        "railway": "station",
        "ref": "MAF",
        "wikidata": "Q63355904"
      },
      "geometry": {
        "type": "Point",
        "coordinates": [
          79.8012593,
          13.096372
        ]
      },
      "id": "node/5275671388"
    },
    {
      "type": "Feature",
      "properties": {
        "@id": "node/5275671389",
        "internet_access": "no",
        "name": "Mahendravadi",
        "network": "IR",
        "operator": "SR",
        "public_transport": "station",
        "railway": "station",
        "ref": "MDVE",
        "wikidata": "Q63355530"
      },
      "geometry": {
        "type": "Point",
        "coordinates": [
          79.517448,
          13.0221211
        ]
      },
      "id": "node/5275671389"
    },
    {
      "type": "Feature",
      "properties": {
        "@id": "node/5275675165",
        "internet_access": "no",
        "name": "Melattur",
        "network": "IR",
        "operator": "SR",
        "public_transport": "station",
        "railway": "station",
        "ref": "MEH",
        "wikidata": "Q63355622"
      },
      "geometry": {
        "type": "Point",
        "coordinates": [
          78.8752624,
          12.9178774
        ]
      },
      "id": "node/5275675165"
    },
    {
      "type": "Feature",
      "properties": {
        "@id": "node/5275790188",
        "internet_access": "wlan",
        "name": "Chennai Egmore",
        "name:ml": "ചെന്നൈ എഴുമ്പൂർ",
        "name:ta": "சென்னை எழும்பூர்",
        "network": "IR",
        "operator": "SR",
        "public_transport": "station",
        "railway": "station",
        "ref": "MS",
        "survey:date": "2021-04-11",
        "wheelchair": "yes",
        "wikidata": "Q3536643",
        "wikipedia": "en:Chennai Egmore railway station"
      },
      "geometry": {
        "type": "Point",
        "coordinates": [
          80.2612572,
          13.0777493
        ]
      },
      "id": "node/5275790188"
    },
    {
      "type": "Feature",
      "properties": {
        "@id": "node/5275810573",
        "internet_access": "no",
        "name": "Mailam",
        "network": "IR",
        "operator": "SR",
        "public_transport": "station",
        "railway": "station",
        "ref": "MTL",
        "train": "yes",
        "wikidata": "Q63355686"
      },
      "geometry": {
        "type": "Point",
        "coordinates": [
          79.6021399,
          12.1602585
        ]
      },
      "id": "node/5275810573"
    },
    {
      "type": "Feature",
      "properties": {
        "@id": "node/5276145853",
        "internet_access": "no",
        "name": "Olakur",
        "network": "IR",
        "operator": "SR",
        "public_transport": "station",
        "railway": "station",
        "ref": "OLA",
        "wikidata": "Q63355688"
      },
      "geometry": {
        "type": "Point",
        "coordinates": [
          79.7209364,
          12.3049348
        ]
      },
      "id": "node/5276145853"
    },
    {
      "type": "Feature",
      "properties": {
        "@id": "node/5276187591",
        "internet_access": "no",
        "name": "Perambur Carriage Works",
        "network": "IR",
        "operator": "SR",
        "public_transport": "station",
        "railway": "station",
        "ref": "PCW",
        "wikidata": "Q7166919",
        "wikipedia": "en:Perambur Carriage Works railway station"
      },
      "geometry": {
        "type": "Point",
        "coordinates": [
          80.2388864,
          13.1072814
        ]
      },
      "id": "node/5276187591"
    },
    {
      "type": "Feature",
      "properties": {
        "@id": "node/5276187592",
        "internet_access": "no",
        "name": "Perani",
        "network": "IR",
        "operator": "SR",
        "public_transport": "station",
        "railway": "station",
        "ref": "PEI",
        "wikidata": "Q63355683"
      },
      "geometry": {
        "type": "Point",
        "coordinates": [
          79.5522437,
          12.1028764
        ]
      },
      "id": "node/5276187592"
    },
    {
      "type": "Feature",
      "properties": {
        "@id": "node/5276205560",
        "internet_access": "no",
        "name": "Perambur",
        "name:en": "Perambur",
        "name:hi": "पेरंबूर",
        "name:ml": "പെരമ്പൂർ",
        "name:ta": "பெரம்பூர்",
        "network": "IR",
        "operator": "SR",
        "public_transport": "station",
        "railway": "station",
        "ref": "PER",
        "toilets:wheelchair": "no",
        "wheelchair": "limited",
        "wikidata": "Q7166920",
        "wikipedia": "en:Perambur railway station"
      },
      "geometry": {
        "type": "Point",
        "coordinates": [
          80.2444143,
          13.107719
        ]
      },
      "id": "node/5276205560"
    },
    {
      "type": "Feature",
      "properties": {
        "@id": "node/5276214842",
        "internet_access": "no",
        "name": "Perambur Loco Works",
        "network": "IR",
        "operator": "SR",
        "public_transport": "station",
        "railway": "station",
        "ref": "PEW",
        "wikidata": "Q7166918",
        "wikipedia": "en:Perambur Loco Works railway station"
      },
      "geometry": {
        "type": "Point",
        "coordinates": [
          80.22584,
          13.1083773
        ]
      },
      "id": "node/5276214842"
    },
    {
      "type": "Feature",
      "properties": {
        "@id": "node/5286945821",
        "internet_access": "no",
        "name": "Sevur",
        "network": "IR",
        "operator": "SR",
        "public_transport": "station",
        "railway": "station",
        "ref": "SVUR",
        "train": "yes",
        "wikidata": "Q63355924"
      },
      "geometry": {
        "type": "Point",
        "coordinates": [
          79.1901017,
          12.9718001
        ]
      },
      "id": "node/5286945821"
    },
    {
      "type": "Feature",
      "properties": {
        "@id": "node/5286945822",
        "internet_access": "wlan",
        "name": "Tambaram",
        "name:ml": "താംബരം",
        "name:ta": "தாம்பரம்",
        "network": "IR",
        "operator": "SR",
        "public_transport": "station",
        "railway": "station",
        "ref": "TBM",
        "wikidata": "Q7681017",
        "wikipedia": "en:Tambaram railway station"
      },
      "geometry": {
        "type": "Point",
        "coordinates": [
          80.1179194,
          12.9257923
        ]
      },
      "id": "node/5286945822"
    },
    {
      "type": "Feature",
      "properties": {
        "@id": "node/5286998285",
        "internet_access": "no",
        "name": "Tiruvalam",
        "network": "IR",
        "operator": "SR",
        "public_transport": "station",
        "railway": "station",
        "ref": "THL",
        "train": "yes",
        "wikidata": "Q63355922"
      },
      "geometry": {
        "type": "Point",
        "coordinates": [
          79.2459112,
          12.9750062
        ]
      },
      "id": "node/5286998285"
    },
    {
      "type": "Feature",
      "properties": {
        "@id": "node/5286998286",
        "internet_access": "no",
        "name": "Tiruninravur",
        "network": "IR",
        "operator": "SR",
        "public_transport": "station",
        "railway": "station",
        "ref": "TI",
        "wikidata": "Q7785400"
      },
      "geometry": {
        "type": "Point",
        "coordinates": [
          80.0297436,
          13.123994
        ]
      },
      "id": "node/5286998286"
    },
    {
      "type": "Feature",
      "properties": {
        "@id": "node/5286998287",
        "internet_access": "no",
        "name": "Tiruttani",
        "network": "IR",
        "operator": "SR",
        "public_transport": "station",
        "railway": "station",
        "ref": "TRT",
        "wikidata": "Q63369567"
      },
      "geometry": {
        "type": "Point",
        "coordinates": [
          79.6121808,
          13.1792949
        ]
      },
      "id": "node/5286998287"
    },
    {
      "type": "Feature",
      "properties": {
        "@id": "node/5286998289",
        "internet_access": "no",
        "name": "Thalangai",
        "name:ta": "தலங்கை",
        "network": "IR",
        "operator": "SR",
        "public_transport": "station",
        "railway": "station",
        "ref": "TUG",
        "wikidata": "Q63355883"
      },
      "geometry": {
        "type": "Point",
        "coordinates": [
          79.4470398,
          13.0085969
        ]
      },
      "id": "node/5286998289"
    },
    {
      "type": "Feature",
      "properties": {
        "@id": "node/5287023929",
        "internet_access": "no",
        "name": "Tozhuppedu",
        "network": "IR",
        "operator": "SR",
        "public_transport": "station",
        "railway": "station",
        "ref": "TZD",
        "wikidata": "Q63355690"
      },
      "geometry": {
        "type": "Point",
        "coordinates": [
          79.7847371,
          12.368915
        ]
      },
      "id": "node/5287023929"
    },
    {
      "type": "Feature",
      "properties": {
        "@id": "node/5287023930",
        "internet_access": "no",
        "name": "Urappakkam",
        "network": "IR",
        "operator": "SR",
        "public_transport": "station",
        "railway": "station",
        "ref": "UPM",
        "train": "yes",
        "wikidata": "Q16902399",
        "wikipedia": "en:Urapakkam railway station"
      },
      "geometry": {
        "type": "Point",
        "coordinates": [
          80.0720222,
          12.8673657
        ]
      },
      "id": "node/5287023930"
    },
    {
      "type": "Feature",
      "properties": {
        "@id": "node/5287023932",
        "internet_access": "no",
        "name": "Vyasarpadi Jeeva",
        "name:ml": "വ്യാസർപാടി ജീവ",
        "name:ta": "வியாசர்பாடி ஜீவா",
        "network": "IR",
        "operator": "SR",
        "public_transport": "station",
        "railway": "station",
        "ref": "VJM",
        "wikidata": "Q7943892",
        "wikipedia": "en:Vyasarpadi Jeeva railway station"
      },
      "geometry": {
        "type": "Point",
        "coordinates": [
          80.2572195,
          13.1091961
        ]
      },
      "id": "node/5287023932"
    },
    {
      "type": "Feature",
      "properties": {
        "@id": "node/5287054300",
        "internet_access": "no",
        "name": "Valathoor",
        "network": "IR",
        "operator": "SR",
        "public_transport": "station",
        "railway": "station",
        "ref": "VLT",
        "train": "yes",
        "wikidata": "Q63355614"
      },
      "geometry": {
        "type": "Point",
        "coordinates": [
          78.8396758,
          12.8896867
        ]
      },
      "id": "node/5287054300"
    },
    {
      "type": "Feature",
      "properties": {
        "@id": "node/5287054303",
        "internet_access": "no",
        "name": "Vikravandi",
        "network": "IR",
        "operator": "SR",
        "public_transport": "station",
        "railway": "station",
        "ref": "VVN",
        "wikidata": "Q63355682"
      },
      "geometry": {
        "type": "Point",
        "coordinates": [
          79.5427008,
          12.0455151
        ]
      },
      "id": "node/5287054303"
    },
    {
      "type": "Feature",
      "properties": {
        "@id": "node/5300488135",
        "internet_access": "no",
        "name": "Ambur",
        "name:hi": "आम्बूर",
        "name:ta": "ஆம்பூர்",
        "network": "IR",
        "operator": "SR",
        "public_transport": "station",
        "railway": "station",
        "ref": "AB",
        "wikidata": "Q16868946",
        "wikipedia": "en:Ambur railway station"
      },
      "geometry": {
        "type": "Point",
        "coordinates": [
          78.7217855,
          12.784066
        ]
      },
      "id": "node/5300488135"
    },
    {
      "type": "Feature",
      "properties": {
        "@id": "node/5300620013",
        "internet_access": "no",
        "name": "Serndanur",
        "network": "IR",
        "operator": "SR",
        "public_transport": "station",
        "railway": "station",
        "ref": "SXR",
        "wikidata": "Q63355549"
      },
      "geometry": {
        "type": "Point",
        "coordinates": [
          79.5175013,
          11.8704144
        ]
      },
      "id": "node/5300620013"
    },
    {
      "type": "Feature",
      "properties": {
        "@id": "node/5300620014",
        "internet_access": "no",
        "name": "Thiruthuraiyur",
        "network": "IR",
        "operator": "SR",
        "public_transport": "station",
        "railway": "station",
        "ref": "TUY",
        "wikidata": "Q63356647"
      },
      "geometry": {
        "type": "Point",
        "coordinates": [
          79.5348963,
          11.8242105
        ]
      },
      "id": "node/5300620014"
    },
    {
      "type": "Feature",
      "properties": {
        "@id": "node/5300620015",
        "internet_access": "no",
        "name": "Panruti",
        "network": "IR",
        "operator": "SR",
        "public_transport": "station",
        "railway": "station",
        "ref": "PRT",
        "wikidata": "Q21886145",
        "wikipedia": "en:Panruti railway station"
      },
      "geometry": {
        "type": "Point",
        "coordinates": [
          79.5547343,
          11.7731017
        ]
      },
      "id": "node/5300620015"
    },
    {
      "type": "Feature",
      "properties": {
        "@id": "node/5300620016",
        "internet_access": "no",
        "name": "Melpattambakkam",
        "network": "IR",
        "operator": "SR",
        "public_transport": "station",
        "railway": "station",
        "ref": "MBU",
        "wikidata": "Q63369048"
      },
      "geometry": {
        "type": "Point",
        "coordinates": [
          79.6243363,
          11.785398
        ]
      },
      "id": "node/5300620016"
    },
    {
      "type": "Feature",
      "properties": {
        "@id": "node/5300620018",
        "internet_access": "no",
        "name": "Nellikuppam",
        "network": "IR",
        "operator": "SR",
        "public_transport": "station",
        "railway": "station",
        "ref": "NPM",
        "wikidata": "Q63356792"
      },
      "geometry": {
        "type": "Point",
        "coordinates": [
          79.6699222,
          11.7737083
        ]
      },
      "id": "node/5300620018"
    },
    {
      "type": "Feature",
      "properties": {
        "@id": "node/5300620020",
        "addr:city": "Cuddalore",
        "addr:district": "Cuddalore",
        "addr:street": "Railway Station road",
        "name": "Tiruppadirippuliyur",
        "name:ta": "திருப்பாதிரிபுலியூர்",
        "network": "IR",
        "operator": "SR",
        "public_transport": "station",
        "railway": "station",
        "ref": "TDPR",
        "train": "yes",
        "wikidata": "Q24938021",
        "wikipedia": "en:Thirupadiripuliyur railway station"
      },
      "geometry": {
        "type": "Point",
        "coordinates": [
          79.7540567,
          11.748206
        ]
      },
      "id": "node/5300620020"
    },
    {
      "type": "Feature",
      "properties": {
        "@id": "node/5300621421",
        "internet_access": "no",
        "name": "Cuddalore Port Junction",
        "name:ml": "കടലൂർ തുറമുഖം ജംഗ്ഷൻ",
        "name:ta": "கடலூர் துறைமுகம் சந்திப்பு",
        "network": "IR",
        "operator": "SR",
        "public_transport": "station",
        "railway": "station",
        "ref": "CUPJ",
        "wikidata": "Q17065711",
        "wikipedia": "en:Cuddalore Port Junction railway station"
      },
      "geometry": {
        "type": "Point",
        "coordinates": [
          79.7670526,
          11.7159501
        ]
      },
      "id": "node/5300621421"
    },
    {
      "type": "Feature",
      "properties": {
        "@id": "node/5300664749",
        "internet_access": "no",
        "name": "Parangipettai",
        "name:ta": "பரங்கிப்பேட்டை",
        "network": "IR",
        "operator": "SR",
        "public_transport": "station",
        "railway": "station",
        "ref": "PO",
        "train": "yes",
        "wikidata": "Q63358164"
      },
      "geometry": {
        "type": "Point",
        "coordinates": [
          79.7368465,
          11.4770472
        ]
      },
      "id": "node/5300664749"
    },
    {
      "type": "Feature",
      "properties": {
        "@id": "node/5300686639",
        "internet_access": "no",
        "name": "Chidambaram",
        "name:en": "Chidambaram",
        "name:hi": "चिदंबरम",
        "name:ta": "சிதம்பரம்",
        "network": "IR",
        "operator": "SR",
        "public_transport": "station",
        "railway": "station",
        "ref": "CDM",
        "wikidata": "Q18111143",
        "wikipedia": "en:Chidambaram railway station"
      },
      "geometry": {
        "type": "Point",
        "coordinates": [
          79.703025,
          11.3920706
        ]
      },
      "id": "node/5300686639"
    },
    {
      "type": "Feature",
      "properties": {
        "@id": "node/5300686641",
        "internet_access": "no",
        "name": "Kollidam",
        "network": "IR",
        "operator": "SR",
        "public_transport": "station",
        "railway": "station",
        "ref": "CLN",
        "train": "yes",
        "wikidata": "Q63354751"
      },
      "geometry": {
        "type": "Point",
        "coordinates": [
          79.719238,
          11.3286036
        ]
      },
      "id": "node/5300686641"
    },
    {
      "type": "Feature",
      "properties": {
        "@id": "node/5300686653",
        "internet_access": "no",
        "name": "Sirkazhi",
        "name:ta": "சீர்காழி",
        "network": "IR",
        "operator": "SR",
        "public_transport": "station",
        "railway": "station",
        "ref": "SY",
        "wikidata": "Q18359109",
        "wikipedia": "en:Sirkazhi railway station"
      },
      "geometry": {
        "type": "Point",
        "coordinates": [
          79.7283976,
          11.2430382
        ]
      },
      "id": "node/5300686653"
    },
    {
      "type": "Feature",
      "properties": {
        "@id": "node/5300704874",
        "internet_access": "no",
        "name": "Vithisvarankol",
        "network": "IR",
        "operator": "SR",
        "public_transport": "station",
        "railway": "station",
        "ref": "VDL",
        "train": "yes",
        "wikidata": "Q63355645"
      },
      "geometry": {
        "type": "Point",
        "coordinates": [
          79.7038518,
          11.1958101
        ]
      },
      "id": "node/5300704874"
    },
    {
      "type": "Feature",
      "properties": {
        "@id": "node/5300704883",
        "internet_access": "no",
        "name": "Anandtandavpur",
        "network": "IR",
        "operator": "SR",
        "public_transport": "station",
        "railway": "station",
        "ref": "ANP",
        "train": "yes",
        "wikidata": "Q63357745"
      },
      "geometry": {
        "type": "Point",
        "coordinates": [
          79.6588291,
          11.1446741
        ]
      },
      "id": "node/5300704883"
    },
    {
      "type": "Feature",
      "properties": {
        "@id": "node/5300704885",
        "name": "Nidur",
        "network": "IR",
        "operator": "SR",
        "public_transport": "station",
        "railway": "station",
        "ref": "NID",
        "wikidata": "Q63356796"
      },
      "geometry": {
        "type": "Point",
        "coordinates": [
          79.6454261,
          11.1276246
        ]
      },
      "id": "node/5300704885"
    },
    {
      "type": "Feature",
      "properties": {
        "@id": "node/5300704886",
        "internet_access": "wlan",
        "name": "Mayiladuthurai Junction",
        "name:ta": "மயிலாடுதுறை சந்திப்பு",
        "network": "IR",
        "operator": "SR",
        "public_transport": "station",
        "railway": "station",
        "ref": "MV",
        "wikidata": "Q15252284",
        "wikipedia": "en:Mayiladuthurai Junction railway station"
      },
      "geometry": {
        "type": "Point",
        "coordinates": [
          79.6288292,
          11.0954989
        ]
      },
      "id": "node/5300704886"
    },
    {
      "type": "Feature",
      "properties": {
        "@id": "node/5300783981",
        "internet_access": "no",
        "name": "Kuthalam",
        "name:ta": "குத்தாலம்",
        "network": "IR",
        "operator": "SR",
        "public_transport": "station",
        "railway": "station",
        "ref": "KTM",
        "wikidata": "Q63355139"
      },
      "geometry": {
        "type": "Point",
        "coordinates": [
          79.5571951,
          11.0699202
        ]
      },
      "id": "node/5300783981"
    },
    {
      "type": "Feature",
      "properties": {
        "@id": "node/5300783990",
        "internet_access": "no",
        "name": "Aduturai",
        "network": "IR",
        "operator": "SR",
        "public_transport": "station",
        "railway": "station",
        "ref": "ADT",
        "train": "yes",
        "wikidata": "Q63354634"
      },
      "geometry": {
        "type": "Point",
        "coordinates": [
          79.4784333,
          11.0090995
        ]
      },
      "id": "node/5300783990"
    },
    {
      "type": "Feature",
      "properties": {
        "@id": "node/5300783994",
        "internet_access": "wlan",
        "name": "Kumbakonam",
        "name:hi": "कुंभकोणम",
        "name:ml": "കുംഭകോണം",
        "name:pa": "ਕੁੰਭਕੋਣਮ",
        "name:ta": "கும்பகோணம்",
        "network": "IR",
        "operator": "SR",
        "public_transport": "station",
        "railway": "station",
        "ref": "KMU",
        "train": "yes",
        "wikidata": "Q12420127",
        "wikipedia": "en:Kumbakonam railway station"
      },
      "geometry": {
        "type": "Point",
        "coordinates": [
          79.3900701,
          10.954175
        ]
      },
      "id": "node/5300783994"
    },
    {
      "type": "Feature",
      "properties": {
        "@id": "node/5300821193",
        "internet_access": "no",
        "name": "Sundaraperumal Kovil",
        "network": "IR",
        "operator": "SR",
        "public_transport": "station",
        "railway": "station",
        "ref": "SPL",
        "wikidata": "Q63360961"
      },
      "geometry": {
        "type": "Point",
        "coordinates": [
          79.3111251,
          10.9398006
        ]
      },
      "id": "node/5300821193"
    },
    {
      "type": "Feature",
      "properties": {
        "@id": "node/5300821196",
        "internet_access": "no",
        "name": "Papanasam",
        "name:ta": "பாபநாசம்",
        "network": "IR",
        "operator": "SR",
        "public_transport": "station",
        "railway": "station",
        "ref": "PML",
        "train": "yes",
        "wikidata": "Q63356875"
      },
      "geometry": {
        "type": "Point",
        "coordinates": [
          79.2689297,
          10.9232734
        ]
      },
      "id": "node/5300821196"
    },
    {
      "type": "Feature",
      "properties": {
        "@id": "node/5300821200",
        "internet_access": "no",
        "name": "Pandaravadai",
        "network": "IR",
        "operator": "SR",
        "public_transport": "station",
        "railway": "station",
        "ref": "PDV",
        "train": "yes",
        "wikidata": "Q63357568"
      },
      "geometry": {
        "type": "Point",
        "coordinates": [
          79.2420021,
          10.9135631
        ]
      },
      "id": "node/5300821200"
    },
    {
      "type": "Feature",
      "properties": {
        "@id": "node/5300821201",
        "addr:city": "Ayyampettai",
        "addr:postcode": "614201",
        "internet_access": "no",
        "name": "Ayyampet",
        "network": "IR",
        "operator": "SR",
        "public_transport": "station",
        "railway": "station",
        "ref": "AZP",
        "wikidata": "Q63357782"
      },
      "geometry": {
        "type": "Point",
        "coordinates": [
          79.2074454,
          10.896807
        ]
      },
      "id": "node/5300821201"
    },
    {
      "type": "Feature",
      "properties": {
        "@id": "node/5300821212",
        "internet_access": "no",
        "name": "Titte",
        "network": "IR",
        "operator": "SR",
        "public_transport": "station",
        "railway": "station",
        "ref": "TT",
        "wikidata": "Q63355594"
      },
      "geometry": {
        "type": "Point",
        "coordinates": [
          79.1817582,
          10.8375519
        ]
      },
      "id": "node/5300821212"
    },
    {
      "type": "Feature",
      "properties": {
        "@id": "node/5300821213",
        "internet_access": "wlan",
        "name": "Thanjavur Junction",
        "name:ml": "തഞ്ചാവൂർ ജംഗ്ഷൻ",
        "name:ta": "தஞ்சாவூர் சந்திப்பு",
        "network": "IR",
        "operator": "SR",
        "public_transport": "station",
        "railway": "station",
        "ref": "TJ",
        "wikidata": "Q16901472",
        "wikipedia": "en:Thanjavur Junction railway station"
      },
      "geometry": {
        "type": "Point",
        "coordinates": [
          79.1396716,
          10.7781963
        ]
      },
      "id": "node/5300821213"
    },
    {
      "type": "Feature",
      "properties": {
        "@id": "node/5300868130",
        "internet_access": "no",
        "name": "Alakkudi",
        "network": "IR",
        "operator": "SR",
        "public_transport": "station",
        "railway": "station",
        "ref": "ALK",
        "wikidata": "Q63357372"
      },
      "geometry": {
        "type": "Point",
        "coordinates": [
          79.0528726,
          10.7772662
        ]
      },
      "id": "node/5300868130"
    },
    {
      "type": "Feature",
      "properties": {
        "@id": "node/5300868131",
        "internet_access": "no",
        "name": "Budalur",
        "network": "IR",
        "operator": "SR",
        "public_transport": "station",
        "railway": "station",
        "ref": "BAL",
        "wikidata": "Q25549477"
      },
      "geometry": {
        "type": "Point",
        "coordinates": [
          78.9810094,
          10.7828722
        ]
      },
      "id": "node/5300868131"
    },
    {
      "type": "Feature",
      "properties": {
        "@id": "node/5300868159",
        "internet_access": "no",
        "name": "Aiyanapuram",
        "network": "IR",
        "operator": "SR",
        "public_transport": "station",
        "railway": "station",
        "ref": "AYN",
        "wikidata": "Q63368982"
      },
      "geometry": {
        "type": "Point",
        "coordinates": [
          78.9388004,
          10.7878656
        ]
      },
      "id": "node/5300868159"
    },
    {
      "type": "Feature",
      "properties": {
        "@id": "node/5300868160",
        "internet_access": "no",
        "name": "Solagampatti",
        "network": "IR",
        "operator": "SR",
        "public_transport": "station",
        "railway": "station",
        "ref": "SGM",
        "wikidata": "Q63369367"
      },
      "geometry": {
        "type": "Point",
        "coordinates": [
          78.8773211,
          10.7853693
        ]
      },
      "id": "node/5300868160"
    },
    {
      "type": "Feature",
      "properties": {
        "@id": "node/5300868161",
        "internet_access": "no",
        "name": "Tondamanpatti",
        "network": "IR",
        "operator": "SR",
        "public_transport": "station",
        "railway": "station",
        "ref": "TOM",
        "wikidata": "Q63355597"
      },
      "geometry": {
        "type": "Point",
        "coordinates": [
          78.8225853,
          10.7861163
        ]
      },
      "id": "node/5300868161"
    },
    {
      "type": "Feature",
      "properties": {
        "@id": "node/5300868165",
        "internet_access": "no",
        "name": "Tiruverumbur",
        "name:ta": "திருவெறும்பூர்",
        "network": "IR",
        "operator": "SR",
        "public_transport": "station",
        "railway": "station",
        "ref": "TRB",
        "wikidata": "Q63355599"
      },
      "geometry": {
        "type": "Point",
        "coordinates": [
          78.7765678,
          10.787533
        ]
      },
      "id": "node/5300868165"
    },
    {
      "type": "Feature",
      "properties": {
        "@id": "node/5300868166",
        "internet_access": "no",
        "name": "Manjattidal",
        "network": "IR",
        "operator": "SR",
        "public_transport": "station",
        "railway": "station",
        "ref": "MCJ",
        "wheelchair": "no",
        "wikidata": "Q63355317"
      },
      "geometry": {
        "type": "Point",
        "coordinates": [
          78.7316938,
          10.7926541
        ]
      },
      "id": "node/5300868166"
    },
    {
      "type": "Feature",
      "properties": {
        "@id": "node/5300868168",
        "internet_access": "no",
        "name": "Ponmalai (Golden Rock)",
        "network": "IR",
        "operator": "SR",
        "railway": "station",
        "ref": "GOC",
        "wikidata": "Q16898675",
        "wikipedia": "en:Ponmalai (Golden Rock) railway station"
      },
      "geometry": {
        "type": "Point",
        "coordinates": [
          78.7104342,
          10.7915686
        ]
      },
      "id": "node/5300868168"
    },
    {
      "type": "Feature",
      "properties": {
        "@id": "node/5301034189",
        "internet_access": "wlan",
        "name": "Viluppuram Junction",
        "name:ml": "വിഴുപ്പുരം ജംഗ്ഷൻ",
        "name:ta": "விழுப்புரம் சந்திப்பு",
        "network": "IR",
        "operator": "SR",
        "public_transport": "station",
        "railway": "station",
        "ref": "VM",
        "wikidata": "Q16902720",
        "wikipedia": "en:Viluppuram Junction railway station"
      },
      "geometry": {
        "type": "Point",
        "coordinates": [
          79.4991491,
          11.941697
        ]
      },
      "id": "node/5301034189"
    },
    {
      "type": "Feature",
      "properties": {
        "@id": "node/5301336409",
        "internet_access": "no",
        "name": "Venkatesapuram",
        "network": "IR",
        "operator": "SR",
        "public_transport": "station",
        "railway": "station",
        "ref": "VKM",
        "wikidata": "Q63361193"
      },
      "geometry": {
        "type": "Point",
        "coordinates": [
          79.4427667,
          11.9311783
        ]
      },
      "id": "node/5301336409"
    },
    {
      "type": "Feature",
      "properties": {
        "@id": "node/5301337838",
        "internet_access": "no",
        "name": "Mambalappattu",
        "network": "IR",
        "operator": "SR",
        "public_transport": "station",
        "railway": "station",
        "ref": "MMP",
        "train": "yes",
        "wikidata": "Q63357503"
      },
      "geometry": {
        "type": "Point",
        "coordinates": [
          79.373901,
          11.9524831
        ]
      },
      "id": "node/5301337838"
    },
    {
      "type": "Feature",
      "properties": {
        "@id": "node/5301337891",
        "internet_access": "no",
        "name": "Tirukkovilur",
        "name:ml": "തിരുക്കോവിലൂർ",
        "name:ta": "திருக்கோவிலூர்",
        "network": "IR",
        "operator": "SR",
        "public_transport": "station",
        "railway": "station",
        "ref": "TRK",
        "wikidata": "Q63369197"
      },
      "geometry": {
        "type": "Point",
        "coordinates": [
          79.223494,
          11.9757138
        ]
      },
      "id": "node/5301337891"
    },
    {
      "type": "Feature",
      "properties": {
        "@id": "node/5301337980",
        "internet_access": "no",
        "name": "Tandarai",
        "network": "IR",
        "operator": "SR",
        "public_transport": "station",
        "railway": "station",
        "ref": "TNI",
        "wikidata": "Q63369259"
      },
      "geometry": {
        "type": "Point",
        "coordinates": [
          79.1553603,
          12.1119059
        ]
      },
      "id": "node/5301337980"
    },
    {
      "type": "Feature",
      "properties": {
        "@id": "node/5301337997",
        "internet_access": "no",
        "name": "Tiruvannamalai",
        "name:ml": "തിരുവണ്ണാമല",
        "name:ta": "திருவண்ணாமலை",
        "network": "IR",
        "operator": "SR",
        "public_transport": "station",
        "railway": "station",
        "ref": "TNM",
        "wikidata": "Q16867977",
        "wikipedia": "en:Tiruvannamalai railway station"
      },
      "geometry": {
        "type": "Point",
        "coordinates": [
          79.0778617,
          12.2384579
        ]
      },
      "id": "node/5301337997"
    },
    {
      "type": "Feature",
      "properties": {
        "@id": "node/5301739700",
        "internet_access": "no",
        "name": "Turinjapuram",
        "network": "IR",
        "operator": "SR",
        "public_transport": "station",
        "railway": "station",
        "ref": "TJM",
        "wikidata": "Q16867996",
        "wikipedia": "en:Turinjapuram railway station"
      },
      "geometry": {
        "type": "Point",
        "coordinates": [
          79.0846644,
          12.3172929
        ]
      },
      "id": "node/5301739700"
    },
    {
      "type": "Feature",
      "properties": {
        "@id": "node/5301740123",
        "internet_access": "no",
        "name": "Agaram Sibbandi",
        "network": "IR",
        "operator": "SR",
        "public_transport": "station",
        "railway": "station",
        "ref": "AGM",
        "wikidata": "Q63361325"
      },
      "geometry": {
        "type": "Point",
        "coordinates": [
          79.1022989,
          12.3909457
        ]
      },
      "id": "node/5301740123"
    },
    {
      "type": "Feature",
      "properties": {
        "@id": "node/5301740166",
        "internet_access": "no",
        "name": "Polur",
        "name:ta": "போளூர்",
        "network": "IR",
        "operator": "SR",
        "public_transport": "station",
        "railway": "station",
        "ref": "PRL",
        "wikidata": "Q63357564"
      },
      "geometry": {
        "type": "Point",
        "coordinates": [
          79.1301703,
          12.5103441
        ]
      },
      "id": "node/5301740166"
    },
    {
      "type": "Feature",
      "properties": {
        "@id": "node/5301740197",
        "internet_access": "no",
        "name": "Arni Road",
        "network": "IR",
        "operator": "SR",
        "public_transport": "station",
        "railway": "station",
        "ref": "ARV",
        "wikidata": "Q63355739"
      },
      "geometry": {
        "type": "Point",
        "coordinates": [
          79.2092743,
          12.6320942
        ]
      },
      "id": "node/5301740197"
    },
    {
      "type": "Feature",
      "properties": {
        "@id": "node/5301740201",
        "internet_access": "no",
        "name": "Kannamangalam",
        "network": "IR",
        "operator": "SR",
        "public_transport": "station",
        "railway": "station",
        "ref": "KMM",
        "wikidata": "Q63357579"
      },
      "geometry": {
        "type": "Point",
        "coordinates": [
          79.1616336,
          12.7537495
        ]
      },
      "id": "node/5301740201"
    },
    {
      "type": "Feature",
      "properties": {
        "@id": "node/5301740205",
        "internet_access": "no",
        "name": "Kaniyambadi",
        "network": "IR",
        "operator": "SR",
        "public_transport": "station",
        "railway": "station",
        "ref": "KNB",
        "wikidata": "Q63369139"
      },
      "geometry": {
        "type": "Point",
        "coordinates": [
          79.1251588,
          12.8128004
        ]
      },
      "id": "node/5301740205"
    },
    {
      "type": "Feature",
      "properties": {
        "@id": "node/5301740207",
        "internet_access": "no",
        "name": "Vellore Cantonment",
        "name:hi": "वेलूर छावनी",
        "name:ta": "வேலூர் கண்டோன்மெண்ட்",
        "network": "IR",
        "operator": "SR",
        "public_transport": "station",
        "railway": "station",
        "ref": "VLR",
        "wikidata": "Q7919208",
        "wikipedia": "en:Vellore Cantonment railway station"
      },
      "geometry": {
        "type": "Point",
        "coordinates": [
          79.1278469,
          12.910651
        ]
      },
      "id": "node/5301740207"
    },
    {
      "type": "Feature",
      "properties": {
        "@id": "node/5301762158",
        "internet_access": "no",
        "name": "Valavanur",
        "network": "IR",
        "operator": "SR",
        "public_transport": "station",
        "railway": "station",
        "ref": "VRA",
        "wikidata": "Q63357681"
      },
      "geometry": {
        "type": "Point",
        "coordinates": [
          79.5742203,
          11.9178314
        ]
      },
      "id": "node/5301762158"
    },
    {
      "type": "Feature",
      "properties": {
        "@id": "node/5301762167",
        "internet_access": "no",
        "name": "Chinnababu Samudram",
        "name:ml": "ചിന്നബാബു സമുദ്രം",
        "name:ta": "சின்னபாபு சமுத்திரம்",
        "network": "IR",
        "operator": "SR",
        "public_transport": "station",
        "railway": "station",
        "ref": "CBU",
        "wikidata": "Q63357365"
      },
      "geometry": {
        "type": "Point",
        "coordinates": [
          79.6866894,
          11.9196011
        ]
      },
      "id": "node/5301762167"
    },
    {
      "type": "Feature",
      "properties": {
        "@id": "node/5301762168",
        "internet_access": "no",
        "name": "Puducherry",
        "name:ar": "بودوتشيري",
        "name:fa": "پودوچری",
        "name:ta": "புதுச்சேரி ரயில் நிலையம்",
        "name:ur": "پدوچیری",
        "network": "IR",
        "operator": "SR",
        "public_transport": "station",
        "railway": "station",
        "ref": "PDY",
        "wikidata": "Q16898659",
        "wikipedia": "en:Puducherry railway station"
      },
      "geometry": {
        "type": "Point",
        "coordinates": [
          79.8281565,
          11.92503
        ]
      },
      "id": "node/5301762168"
    },
    {
      "type": "Feature",
      "properties": {
        "@id": "node/5302069214",
        "internet_access": "no",
        "name": "Kurinjipadi",
        "name:ta": "குறிஞ்சிப்பாடி",
        "network": "IR",
        "operator": "SR",
        "public_transport": "station",
        "railway": "station",
        "ref": "KJPD",
        "wikidata": "Q63358030"
      },
      "geometry": {
        "type": "Point",
        "coordinates": [
          79.5964024,
          11.5727513
        ]
      },
      "id": "node/5302069214"
    },
    {
      "type": "Feature",
      "properties": {
        "@id": "node/5302069253",
        "internet_access": "no",
        "name": "Vadalur",
        "name:ta": "வடலூர்",
        "network": "IR",
        "operator": "SR",
        "public_transport": "station",
        "railway": "station",
        "ref": "VLU",
        "wikidata": "Q63360866"
      },
      "geometry": {
        "type": "Point",
        "coordinates": [
          79.5462983,
          11.5570545
        ]
      },
      "id": "node/5302069253"
    },
    {
      "type": "Feature",
      "properties": {
        "@id": "node/5302069263",
        "internet_access": "no",
        "name": "Neyveli",
        "name:ta": "நெய்வேலி",
        "network": "IR",
        "operator": "SR",
        "public_transport": "station",
        "railway": "station",
        "ref": "NVL",
        "train": "yes",
        "wikidata": "Q63356853"
      },
      "geometry": {
        "type": "Point",
        "coordinates": [
          79.4770587,
          11.5397233
        ]
      },
      "id": "node/5302069263"
    },
    {
      "type": "Feature",
      "properties": {
        "@id": "node/5302069335",
        "internet_access": "wlan",
        "name": "Vriddhachalam Junction",
        "name:ml": "വൃദ്ധാച്ചലം ജംഗ്ഷൻ",
        "name:ta": "விருதாச்சலம் சந்திப்பு",
        "network": "IR",
        "operator": "SR",
        "public_transport": "station",
        "railway": "station",
        "ref": "VRI",
        "wheelchair": "yes",
        "wikidata": "Q15616178",
        "wikipedia": "en:Vriddhachalam Junction railway station"
      },
      "geometry": {
        "type": "Point",
        "coordinates": [
          79.3165229,
          11.5333359
        ]
      },
      "id": "node/5302069335"
    },
    {
      "type": "Feature",
      "properties": {
        "@id": "node/5302069336",
        "internet_access": "no",
        "name": "Uttangalmangalam",
        "network": "IR",
        "operator": "SR",
        "public_transport": "station",
        "railway": "station",
        "ref": "UMG",
        "wikidata": "Q63360842"
      },
      "geometry": {
        "type": "Point",
        "coordinates": [
          79.4311559,
          11.5400932
        ]
      },
      "id": "node/5302069336"
    },
    {
      "type": "Feature",
      "properties": {
        "@id": "node/5302474677",
        "internet_access": "no",
        "name": "Peralam Junction",
        "network": "IR",
        "operator": "SR",
        "public_transport": "station",
        "railway": "station",
        "ref": "PEM",
        "train": "yes",
        "wikidata": "Q23022449",
        "wikipedia": "en:Peralam Junction railway station"
      },
      "geometry": {
        "type": "Point",
        "coordinates": [
          79.6570624,
          10.9582262
        ]
      },
      "id": "node/5302474677"
    },
    {
      "type": "Feature",
      "properties": {
        "@id": "node/5302474693",
        "internet_access": "no",
        "name": "Nannilam",
        "network": "IR",
        "operator": "SR",
        "public_transport": "station",
        "railway": "station",
        "ref": "NNM",
        "wikidata": "Q63368850"
      },
      "geometry": {
        "type": "Point",
        "coordinates": [
          79.6511448,
          10.8848471
        ]
      },
      "id": "node/5302474693"
    },
    {
      "type": "Feature",
      "properties": {
        "@id": "node/5302919531",
        "construction:railway": "station",
        "internet_access": "no",
        "name": "Mavur Road",
        "network": "IR",
        "operator": "SR",
        "public_transport": "station",
        "railway": "station",
        "ref": "MARD",
        "wikidata": "Q104534549"
      },
      "geometry": {
        "type": "Point",
        "coordinates": [
          79.6288716,
          10.6901361
        ]
      },
      "id": "node/5302919531"
    },
    {
      "type": "Feature",
      "properties": {
        "@id": "node/5302919532",
        "construction:railway": "station",
        "internet_access": "no",
        "name": "Tirunellikaval",
        "network": "IR",
        "operator": "SR",
        "public_transport": "station",
        "railway": "station",
        "ref": "TNK",
        "wikidata": "Q104534552"
      },
      "geometry": {
        "type": "Point",
        "coordinates": [
          79.6365418,
          10.6530667
        ]
      },
      "id": "node/5302919532"
    },
    {
      "type": "Feature",
      "properties": {
        "@id": "node/5302919539",
        "construction:railway": "station",
        "internet_access": "no",
        "name": "Alattambadi",
        "network": "IR",
        "operator": "SR",
        "railway": "station",
        "ref": "ATB",
        "wikidata": "Q105763906"
      },
      "geometry": {
        "type": "Point",
        "coordinates": [
          79.640233,
          10.6051907
        ]
      },
      "id": "node/5302919539"
    },
    {
      "type": "Feature",
      "properties": {
        "@id": "node/5302919555",
        "construction:railway": "station",
        "internet_access": "no",
        "name": "Pandi",
        "network": "IR",
        "operator": "SR",
        "railway": "station",
        "ref": "PNY",
        "wikidata": "Q105763915"
      },
      "geometry": {
        "type": "Point",
        "coordinates": [
          79.6154266,
          10.4770734
        ]
      },
      "id": "node/5302919555"
    },
    {
      "type": "Feature",
      "properties": {
        "@id": "node/5302919556",
        "construction:railway": "station",
        "internet_access": "no",
        "name": "Tillaivilagam",
        "network": "IR",
        "operator": "SR",
        "railway": "station",
        "ref": "TAM",
        "wikidata": "Q105763672"
      },
      "geometry": {
        "type": "Point",
        "coordinates": [
          79.5604765,
          10.4434436
        ]
      },
      "id": "node/5302919556"
    },
    {
      "type": "Feature",
      "properties": {
        "@id": "node/5302919557",
        "construction:railway": "station",
        "internet_access": "no",
        "name": "Mutupet",
        "name:ta": "முத்துப்பேட்டை",
        "network": "IR",
        "operator": "SR",
        "public_transport": "station",
        "railway": "station",
        "ref": "MTT",
        "wikidata": "Q104534582"
      },
      "geometry": {
        "type": "Point",
        "coordinates": [
          79.4988536,
          10.4026999
        ]
      },
      "id": "node/5302919557"
    },
    {
      "type": "Feature",
      "properties": {
        "@id": "node/5302919561",
        "internet_access": "no",
        "name": "Pattukkottai",
        "name:ta": "பட்டுக்கோட்டை",
        "network": "IR",
        "operator": "SR",
        "railway": "station",
        "ref": "PKT",
        "wikidata": "Q24943275",
        "wikipedia": "en:Pattukkottai railway station"
      },
      "geometry": {
        "type": "Point",
        "coordinates": [
          79.3205603,
          10.4162901
        ]
      },
      "id": "node/5302919561"
    },
    {
      "type": "Feature",
      "properties": {
        "@id": "node/5302919588",
        "internet_access": "no",
        "name": "Peravurani",
        "network": "IR",
        "operator": "SR",
        "public_transport": "station",
        "railway": "station",
        "ref": "PVI",
        "wikidata": "Q24943364",
        "wikipedia": "en:Peravurani railway station"
      },
      "geometry": {
        "type": "Point",
        "coordinates": [
          79.2006507,
          10.2857334
        ]
      },
      "id": "node/5302919588"
    },
    {
      "type": "Feature",
      "properties": {
        "@id": "node/5303103019",
        "internet_access": "no",
        "name": "Ayingudi",
        "network": "IR",
        "operator": "SR",
        "public_transport": "station",
        "railway": "station",
        "ref": "AYI",
        "wikidata": "Q104534586"
      },
      "geometry": {
        "type": "Point",
        "coordinates": [
          79.0921032,
          10.2171423
        ]
      },
      "id": "node/5303103019"
    },
    {
      "type": "Feature",
      "properties": {
        "@id": "node/5303104522",
        "internet_access": "no",
        "name": "Arantangi",
        "name:ta": "அறந்தாங்கி",
        "network": "IR",
        "operator": "SR",
        "railway": "station",
        "ref": "ATQ",
        "wikidata": "Q24943273",
        "wikipedia": "en:Aranthangi railway station"
      },
      "geometry": {
        "type": "Point",
        "coordinates": [
          79.0033283,
          10.1721042
        ]
      },
      "id": "node/5303104522"
    },
    {
      "type": "Feature",
      "properties": {
        "@id": "node/5303104524",
        "internet_access": "no",
        "name": "Kandanur Puduvayal",
        "name:ta": "கண்டனூர் புதுவயல்",
        "network": "IR",
        "operator": "SR",
        "public_transport": "station",
        "railway": "station",
        "ref": "KNPL",
        "train": "yes",
        "wikidata": "Q104550601"
      },
      "geometry": {
        "type": "Point",
        "coordinates": [
          78.8384415,
          10.1057667
        ]
      },
      "id": "node/5303104524"
    },
    {
      "type": "Feature",
      "properties": {
        "@id": "node/5303104550",
        "internet_access": "no",
        "name": "Saliyamangalam",
        "name:ml": "സാലിയമംഗലം",
        "name:ta": "சாலியமங்கலம்",
        "network": "IR",
        "operator": "SR",
        "public_transport": "station",
        "railway": "station",
        "ref": "SMM",
        "train": "yes",
        "wikidata": "Q63357067"
      },
      "geometry": {
        "type": "Point",
        "coordinates": [
          79.275277,
          10.7796359
        ]
      },
      "id": "node/5303104550"
    },
    {
      "type": "Feature",
      "properties": {
        "@id": "node/5303104568",
        "internet_access": "no",
        "name": "Ammapet",
        "network": "IR",
        "operator": "SR",
        "public_transport": "station",
        "railway": "station",
        "ref": "AMT",
        "wikidata": "Q63355705"
      },
      "geometry": {
        "type": "Point",
        "coordinates": [
          79.324827,
          10.7789605
        ]
      },
      "id": "node/5303104568"
    },
    {
      "type": "Feature",
      "properties": {
        "@id": "node/5303104583",
        "internet_access": "no",
        "name": "Nidamangalam Junction",
        "name:hi": "नीडामगलम",
        "name:ta": "நீடாமங்கலம்",
        "network": "IR",
        "operator": "SR",
        "public_transport": "station",
        "railway": "station",
        "ref": "NMJ",
        "wikidata": "Q24943229",
        "wikipedia": "en:Nidamangalam Junction railway station"
      },
      "geometry": {
        "type": "Point",
        "coordinates": [
          79.4138444,
          10.7737675
        ]
      },
      "id": "node/5303104583"
    },
    {
      "type": "Feature",
      "properties": {
        "@id": "node/5303104596",
        "internet_access": "no",
        "name": "Mannargudi",
        "name:hi": "मन्नारगुडी",
        "name:ta": "மன்னார்குடி",
        "network": "IR",
        "operator": "SR",
        "railway": "station",
        "ref": "MQ",
        "wikidata": "Q24943225",
        "wikipedia": "en:Mannargudi railway station"
      },
      "geometry": {
        "type": "Point",
        "coordinates": [
          79.4553714,
          10.675141
        ]
      },
      "id": "node/5303104596"
    },
    {
      "type": "Feature",
      "properties": {
        "@id": "node/5303104738",
        "internet_access": "no",
        "name": "Koradacheri",
        "name:ta": "கொரடாச்சேரி",
        "network": "IR",
        "operator": "SR",
        "public_transport": "station",
        "railway": "station",
        "ref": "KDE",
        "wikidata": "Q63355079"
      },
      "geometry": {
        "type": "Point",
        "coordinates": [
          79.4901604,
          10.7714293
        ]
      },
      "id": "node/5303104738"
    },
    {
      "type": "Feature",
      "properties": {
        "@id": "node/5303104744",
        "internet_access": "no",
        "name": "Tirumanthikunam",
        "network": "IR",
        "operator": "SR",
        "public_transport": "station",
        "railway": "station",
        "ref": "TMU",
        "train": "yes",
        "wikidata": "Q63369397"
      },
      "geometry": {
        "type": "Point",
        "coordinates": [
          79.5402224,
          10.766989
        ]
      },
      "id": "node/5303104744"
    },
    {
      "type": "Feature",
      "properties": {
        "@id": "node/5303104751",
        "internet_access": "no",
        "name": "Kulikarai",
        "network": "IR",
        "operator": "SR",
        "public_transport": "station",
        "railway": "station",
        "ref": "KU",
        "wikidata": "Q63357479"
      },
      "geometry": {
        "type": "Point",
        "coordinates": [
          79.584695,
          10.7656087
        ]
      },
      "id": "node/5303104751"
    },
    {
      "type": "Feature",
      "properties": {
        "@id": "node/5303104762",
        "internet_access": "no",
        "name": "Adiyakkamangalam",
        "network": "IR",
        "operator": "SR",
        "public_transport": "station",
        "railway": "station",
        "ref": "AYM",
        "wikidata": "Q63355704"
      },
      "geometry": {
        "type": "Point",
        "coordinates": [
          79.6816603,
          10.7573645
        ]
      },
      "id": "node/5303104762"
    },
    {
      "type": "Feature",
      "properties": {
        "@id": "node/5303104776",
        "internet_access": "no",
        "name": "Kizhvelur",
        "network": "IR",
        "operator": "SR",
        "public_transport": "station",
        "railway": "station",
        "ref": "KVL",
        "wikidata": "Q63355446"
      },
      "geometry": {
        "type": "Point",
        "coordinates": [
          79.7437158,
          10.7547932
        ]
      },
      "id": "node/5303104776"
    },
    {
      "type": "Feature",
      "properties": {
        "@id": "node/5303104780",
        "internet_access": "no",
        "name": "Nagappattinam Junction",
        "name:hi": "नागप्पट्टीनम जंक्शन",
        "name:ml": "നാഗപ്പട്ടണം ജംഗ്ഷൻ",
        "name:ta": "நாகப்பட்டினம் சந்திப்பு",
        "network": "IR",
        "operator": "SR",
        "public_transport": "station",
        "railway": "station",
        "ref": "NGT",
        "wikidata": "Q24943209",
        "wikipedia": "en:Nagapattinam Junction railway station"
      },
      "geometry": {
        "type": "Point",
        "coordinates": [
          79.8456137,
          10.7598214
        ]
      },
      "id": "node/5303104780"
    },
    {
      "type": "Feature",
      "properties": {
        "@id": "node/5303104782",
        "internet_access": "no",
        "name": "Velippalaiyam",
        "network": "IR",
        "operator": "SR",
        "public_transport": "station",
        "railway": "station",
        "ref": "VXM",
        "wikidata": "Q63357307"
      },
      "geometry": {
        "type": "Point",
        "coordinates": [
          79.8439491,
          10.7761091
        ]
      },
      "id": "node/5303104782"
    },
    {
      "type": "Feature",
      "properties": {
        "@id": "node/5303104783",
        "internet_access": "no",
        "name": "Nagore",
        "network": "IR",
        "operator": "SR",
        "public_transport": "station",
        "railway": "station",
        "ref": "NCR",
        "wikidata": "Q63356767"
      },
      "geometry": {
        "type": "Point",
        "coordinates": [
          79.8460145,
          10.8189873
        ]
      },
      "id": "node/5303104783"
    },
    {
      "type": "Feature",
      "properties": {
        "@id": "node/5303165642",
        "internet_access": "no",
        "name": "Kandambakkam",
        "network": "IR",
        "operator": "SR",
        "public_transport": "station",
        "railway": "station",
        "ref": "KDMD",
        "wikidata": "Q63355680"
      },
      "geometry": {
        "type": "Point",
        "coordinates": [
          79.4554807,
          11.8983376
        ]
      },
      "id": "node/5303165642"
    },
    {
      "type": "Feature",
      "properties": {
        "@id": "node/5303165643",
        "internet_access": "no",
        "name": "Tiruvennainallur Road",
        "network": "IR",
        "operator": "SR",
        "public_transport": "station",
        "railway": "station",
        "ref": "TVNL",
        "wikidata": "Q63355679"
      },
      "geometry": {
        "type": "Point",
        "coordinates": [
          79.4130531,
          11.8412704
        ]
      },
      "id": "node/5303165643"
    },
    {
      "type": "Feature",
      "properties": {
        "@id": "node/5303165644",
        "internet_access": "no",
        "name": "Parikkal",
        "network": "IR",
        "operator": "SR",
        "public_transport": "station",
        "railway": "station",
        "ref": "PRKL",
        "wikidata": "Q63356244"
      },
      "geometry": {
        "type": "Point",
        "coordinates": [
          79.3713354,
          11.7757591
        ]
      },
      "id": "node/5303165644"
    },
    {
      "type": "Feature",
      "properties": {
        "@id": "node/5303165645",
        "internet_access": "no",
        "name": "Ulundurpet",
        "name:ml": "ഉളുന്തൂർപേട്ട",
        "name:ta": "உளுந்தூர்பேட்டை",
        "network": "IR",
        "operator": "SR",
        "public_transport": "station",
        "railway": "station",
        "ref": "ULU",
        "wikidata": "Q18356244"
      },
      "geometry": {
        "type": "Point",
        "coordinates": [
          79.3181777,
          11.7020294
        ]
      },
      "id": "node/5303165645"
    },
    {
      "type": "Feature",
      "properties": {
        "@id": "node/5303165652",
        "internet_access": "no",
        "name": "Pavunur",
        "network": "IR",
        "operator": "SR",
        "public_transport": "station",
        "railway": "station",
        "ref": "PVN",
        "train": "yes",
        "wikidata": "Q63355772"
      },
      "geometry": {
        "type": "Point",
        "coordinates": [
          79.3157157,
          11.6009019
        ]
      },
      "id": "node/5303165652"
    },
    {
      "type": "Feature",
      "properties": {
        "@id": "node/5303165653",
        "internet_access": "no",
        "name": "Vriddhachalam Town",
        "network": "IR",
        "operator": "SR",
        "public_transport": "station",
        "railway": "station",
        "ref": "VRT",
        "wikidata": "Q63356202"
      },
      "geometry": {
        "type": "Point",
        "coordinates": [
          79.3115709,
          11.5199907
        ]
      },
      "id": "node/5303165653"
    },
    {
      "type": "Feature",
      "properties": {
        "@id": "node/5303165655",
        "name": "Talanallur",
        "network": "IR",
        "operator": "SR",
        "public_transport": "station",
        "railway": "station",
        "ref": "TLNR",
        "wikidata": "Q63356200"
      },
      "geometry": {
        "type": "Point",
        "coordinates": [
          79.2693372,
          11.4697158
        ]
      },
      "id": "node/5303165655"
    },
    {
      "type": "Feature",
      "properties": {
        "@id": "node/5303165673",
        "internet_access": "no",
        "name": "Pennadam",
        "network": "IR",
        "operator": "SR",
        "public_transport": "station",
        "railway": "station",
        "ref": "PNDM",
        "wikidata": "Q63356199"
      },
      "geometry": {
        "type": "Point",
        "coordinates": [
          79.2209625,
          11.3984392
        ]
      },
      "id": "node/5303165673"
    },
    {
      "type": "Feature",
      "properties": {
        "@id": "node/5303165674",
        "internet_access": "no",
        "name": "Ichchangadu",
        "network": "IR",
        "operator": "SR",
        "public_transport": "station",
        "railway": "station",
        "ref": "ICG",
        "wheelchair": "yes",
        "wikidata": "Q63356198"
      },
      "geometry": {
        "type": "Point",
        "coordinates": [
          79.2193748,
          11.3705738
        ]
      },
      "id": "node/5303165674"
    },
    {
      "type": "Feature",
      "properties": {
        "@id": "node/5303165678",
        "internet_access": "no",
        "name": "Mathur",
        "network": "IR",
        "operator": "SR",
        "public_transport": "station",
        "railway": "station",
        "ref": "MTUR",
        "wikidata": "Q63356197"
      },
      "geometry": {
        "type": "Point",
        "coordinates": [
          79.2061625,
          11.3185214
        ]
      },
      "id": "node/5303165678"
    },
    {
      "type": "Feature",
      "properties": {
        "@id": "node/5303165679",
        "internet_access": "no",
        "name": "Sendurai",
        "network": "IR",
        "operator": "SR",
        "public_transport": "station",
        "railway": "station",
        "ref": "SNDI",
        "wikidata": "Q63356196"
      },
      "geometry": {
        "type": "Point",
        "coordinates": [
          79.1675501,
          11.2552809
        ]
      },
      "id": "node/5303165679"
    },
    {
      "type": "Feature",
      "properties": {
        "@id": "node/5303839983",
        "internet_access": "no",
        "name": "Ottakovil",
        "network": "IR",
        "operator": "SR",
        "public_transport": "station",
        "railway": "station",
        "ref": "OTK",
        "wikidata": "Q63356193"
      },
      "geometry": {
        "type": "Point",
        "coordinates": [
          79.1011365,
          11.2163426
        ]
      },
      "id": "node/5303839983"
    },
    {
      "type": "Feature",
      "properties": {
        "@id": "node/5303839984",
        "internet_access": "no",
        "name": "Ariyalur",
        "name:en": "Ariyalur",
        "name:hi": "अरियालुर",
        "name:ta": "அரியலூர் புகைவண்டி நிலையம்",
        "network": "IR",
        "operator": "SR",
        "public_transport": "station",
        "railway": "station",
        "ref": "ALU",
        "wikidata": "Q18109776",
        "wikipedia": "en:Ariyalur railway station"
      },
      "geometry": {
        "type": "Point",
        "coordinates": [
          79.0686377,
          11.1489062
        ]
      },
      "id": "node/5303839984"
    },
    {
      "type": "Feature",
      "properties": {
        "@id": "node/5303839985",
        "internet_access": "no",
        "name": "Sillakkudi",
        "network": "IR",
        "operator": "SR",
        "public_transport": "station",
        "railway": "station",
        "ref": "SLTH",
        "wikidata": "Q63356192"
      },
      "geometry": {
        "type": "Point",
        "coordinates": [
          79.0372279,
          11.0967205
        ]
      },
      "id": "node/5303839985"
    },
    {
      "type": "Feature",
      "properties": {
        "@id": "node/5303839986",
        "internet_access": "no",
        "name": "Kallagam",
        "network": "IR",
        "operator": "SR",
        "public_transport": "station",
        "railway": "station",
        "ref": "KLGM",
        "wikidata": "Q63356190"
      },
      "geometry": {
        "type": "Point",
        "coordinates": [
          79.005033,
          11.0251802
        ]
      },
      "id": "node/5303839986"
    },
    {
      "type": "Feature",
      "properties": {
        "@id": "node/5303839987",
        "internet_access": "no",
        "name": "Kallakkudi Palanganatham",
        "name:ml": "കല്ലക്കുടി പഴങ്കാനത്തം",
        "name:ta": "கல்லக்குடி பழங்காநத்தம்",
        "network": "IR",
        "operator": "SR",
        "public_transport": "station",
        "railway": "station",
        "ref": "KKPM",
        "wikidata": "Q63356189"
      },
      "geometry": {
        "type": "Point",
        "coordinates": [
          78.9497032,
          10.9664852
        ]
      },
      "id": "node/5303839987"
    },
    {
      "type": "Feature",
      "properties": {
        "@id": "node/5303840006",
        "internet_access": "no",
        "name": "Lalgudi",
        "network": "IR",
        "operator": "SR",
        "public_transport": "station",
        "railway": "station",
        "ref": "LLI",
        "wikidata": "Q39050066"
      },
      "geometry": {
        "type": "Point",
        "coordinates": [
          78.8153244,
          10.8754197
        ]
      },
      "id": "node/5303840006"
    },
    {
      "type": "Feature",
      "properties": {
        "@id": "node/5303840008",
        "internet_access": "no",
        "name": "Srirangam",
        "network": "IR",
        "operator": "SR",
        "public_transport": "station",
        "railway": "station",
        "ref": "SRGM",
        "wikidata": "Q63356181"
      },
      "geometry": {
        "type": "Point",
        "coordinates": [
          78.6959617,
          10.8577026
        ]
      },
      "id": "node/5303840008"
    },
    {
      "type": "Feature",
      "properties": {
        "@id": "node/5303840009",
        "internet_access": "no",
        "mapillary": "950290669056260",
        "name": "Tiruchchirappalli Town",
        "network": "IR",
        "operator": "SR",
        "public_transport": "station",
        "railway": "station",
        "ref": "TPTN",
        "wikidata": "Q16901729"
      },
      "geometry": {
        "type": "Point",
        "coordinates": [
          78.7030401,
          10.8293046
        ]
      },
      "id": "node/5303840009"
    },
    {
      "type": "Feature",
      "properties": {
        "@id": "node/5303863768",
        "internet_access": "no",
        "name": "Tiruchchirapalli Fort",
        "name:ml": "തിരുച്ചിറപ്പള്ളി കോട്ട",
        "name:ta": "திருச்சிராப்பள்ளி கோட்டை",
        "network": "IR",
        "operator": "SR",
        "public_transport": "station",
        "railway": "station",
        "ref": "TP",
        "wikidata": "Q7809307",
        "wikipedia": "en:Tiruchirappalli Fort railway station"
      },
      "geometry": {
        "type": "Point",
        "coordinates": [
          78.6890508,
          10.8256954
        ]
      },
      "id": "node/5303863768"
    },
    {
      "type": "Feature",
      "properties": {
        "@id": "node/5303863787",
        "internet_access": "no",
        "name": "Tiruchchirappalli Palakarai",
        "name:ml": "തിരുച്ചിറപ്പള്ളി പാലക്കര",
        "name:ta": "திருச்சிராப்பள்ளி பாலக்கரை",
        "network": "IR",
        "operator": "SR",
        "public_transport": "station",
        "railway": "station",
        "ref": "TPE",
        "wikidata": "Q28182727"
      },
      "geometry": {
        "type": "Point",
        "coordinates": [
          78.6941595,
          10.8078296
        ]
      },
      "id": "node/5303863787"
    },
    {
      "type": "Feature",
      "properties": {
        "@id": "node/5304625828",
        "GNS:dsg_code": "RSTN",
        "GNS:dsg_string": "railroad station",
        "GNS:id": "-2101868",
        "internet_access": "no",
        "name": "Kumaramangalam",
        "name:hi": "कुमारमंगलम",
        "name:ta": "குமாரமங்கலம்",
        "network": "IR",
        "operator": "SR",
        "public_transport": "station",
        "railway": "station",
        "ref": "KRMG",
        "wikidata": "Q63356542"
      },
      "geometry": {
        "type": "Point",
        "coordinates": [
          78.7240373,
          10.6966398
        ]
      },
      "id": "node/5304625828"
    },
    {
      "type": "Feature",
      "properties": {
        "@id": "node/5304625830",
        "IR:zone": "SR:MDU",
        "internet_access": "no",
        "name": "Keeranur",
        "name:hi": "कीरनूर",
        "name:ta": "கீரணூர்",
        "network": "IR",
        "operator": "SR",
        "public_transport": "station",
        "railway": "station",
        "ref": "KRUR",
        "wikidata": "Q63356579"
      },
      "geometry": {
        "type": "Point",
        "coordinates": [
          78.7857628,
          10.5775765
        ]
      },
      "id": "node/5304625830"
    },
    {
      "type": "Feature",
      "properties": {
        "@id": "node/5304625840",
        "internet_access": "no",
        "name": "Vellanur",
        "network": "IR",
        "operator": "SR",
        "public_transport": "station",
        "railway": "station",
        "ref": "VEL",
        "wikidata": "Q63357255"
      },
      "geometry": {
        "type": "Point",
        "coordinates": [
          78.7965595,
          10.4676987
        ]
      },
      "id": "node/5304625840"
    },
    {
      "type": "Feature",
      "properties": {
        "@id": "node/5304625848",
        "GNS:dsg_code": "RSTN",
        "GNS:dsg_string": "railroad station",
        "GNS:id": "14315459",
        "alt_name": "Pudukkottai Railway Station",
        "internet_access": "no",
        "name": "Pudukkotai",
        "name:hi": "पुदुक्कोट्",
        "name:ta": "புதுக்கோட்டை",
        "network": "IR",
        "operator": "SR",
        "public_transport": "station",
        "railway": "station",
        "ref": "PDKT",
        "source:alt_name": "geonames.nga.mil(GNS)",
        "wikidata": "Q17073332",
        "wikipedia": "en:Pudukkottai railway station"
      },
      "geometry": {
        "type": "Point",
        "coordinates": [
          78.8019821,
          10.3721881
        ]
      },
      "id": "node/5304625848"
    },
    {
      "type": "Feature",
      "properties": {
        "@id": "node/5305909268",
        "GNS:dsg_code": "RSTN",
        "GNS:dsg_string": "railroad station",
        "GNS:id": "14315090",
        "internet_access": "no",
        "name": "Tirumayam",
        "name:ml": "തിരുമയം",
        "name:ta": "திருமயம்",
        "network": "IR",
        "operator": "SR",
        "public_transport": "station",
        "railway": "station",
        "ref": "TYM",
        "source:alt_name": "geonames.nga.mil(GNS):ISROBhuvan",
        "wikidata": "Q63355675"
      },
      "geometry": {
        "type": "Point",
        "coordinates": [
          78.758798,
          10.2409345
        ]
      },
      "id": "node/5305909268"
    },
    {
      "type": "Feature",
      "properties": {
        "@id": "node/5305909272",
        "internet_access": "no",
        "name": "Chettinad",
        "name:ml": "ചെട്ടിനാട്",
        "name:ta": "செட்டிநாடு",
        "network": "IR",
        "operator": "SR",
        "public_transport": "station",
        "railway": "station",
        "ref": "CTND",
        "wikidata": "Q31291881"
      },
      "geometry": {
        "type": "Point",
        "coordinates": [
          78.7764148,
          10.159908
        ]
      },
      "id": "node/5305909272"
    },
    {
      "type": "Feature",
      "properties": {
        "@id": "node/5305909275",
        "internet_access": "no",
        "name": "Devakottai Road",
        "name:hi": "देवकोट्टै रोड",
        "name:ta": "தேவகோட்டை ரோடு",
        "network": "IR",
        "operator": "SR",
        "public_transport": "station",
        "railway": "station",
        "ref": "DKO",
        "train": "yes",
        "wikidata": "Q31293190"
      },
      "geometry": {
        "type": "Point",
        "coordinates": [
          78.7622216,
          10.0380356
        ]
      },
      "id": "node/5305909275"
    },
    {
      "type": "Feature",
      "properties": {
        "@id": "node/5305909277",
        "internet_access": "no",
        "name": "Kallal",
        "name:hi": "कल्लल",
        "name:ta": "கல்லல்",
        "network": "IR",
        "operator": "SR",
        "public_transport": "station",
        "railway": "station",
        "ref": "KAL",
        "train": "yes",
        "wikidata": "Q63357975"
      },
      "geometry": {
        "type": "Point",
        "coordinates": [
          78.6676613,
          9.9723172
        ]
      },
      "id": "node/5305909277"
    },
    {
      "type": "Feature",
      "properties": {
        "@id": "node/5305909282",
        "internet_access": "no",
        "name": "Panangudi",
        "name:ml": "പനങ്കുടി",
        "name:ta": "பனங்குடி",
        "network": "IR",
        "operator": "SR",
        "public_transport": "station",
        "railway": "station",
        "ref": "PNGI",
        "wikidata": "Q63358188"
      },
      "geometry": {
        "type": "Point",
        "coordinates": [
          78.6125703,
          9.9213798
        ]
      },
      "id": "node/5305909282"
    },
    {
      "type": "Feature",
      "properties": {
        "@id": "node/5305909296",
        "internet_access": "no",
        "name": "Sivaganga",
        "name:hi": "शिवगंगा",
        "name:ta": "சிவகங்கை",
        "network": "IR",
        "operator": "SR",
        "public_transport": "station",
        "railway": "station",
        "ref": "SVGA",
        "wikidata": "Q28406477",
        "wikipedia": "en:Sivaganga railway station"
      },
      "geometry": {
        "type": "Point",
        "coordinates": [
          78.500591,
          9.8552401
        ]
      },
      "id": "node/5305909296"
    },
    {
      "type": "Feature",
      "properties": {
        "@id": "node/5305909298",
        "internet_access": "no",
        "name": "Melakkonnakkulam",
        "name:hi": "मेलक़ोन्नक्कुलम",
        "name:ta": "மேலகொன்னக்குளம்",
        "network": "IR",
        "operator": "SR",
        "public_transport": "station",
        "railway": "station",
        "ref": "MEKM",
        "wikidata": "Q63357526"
      },
      "geometry": {
        "type": "Point",
        "coordinates": [
          78.4663467,
          9.7323367
        ]
      },
      "id": "node/5305909298"
    },
    {
      "type": "Feature",
      "properties": {
        "@id": "node/5305909308",
        "internet_access": "no",
        "name": "Manamadurai Junction",
        "name:hi": "मानामदुरै जंक्शन",
        "name:ml": "മാനാമധുര ജംഗ്ഷൻ",
        "name:ta": "மானாமதுரை சந்திப்பு",
        "network": "IR",
        "operator": "SR",
        "railway": "station",
        "ref": "MNM",
        "wheelchair": "yes",
        "wikidata": "Q17071642",
        "wikipedia": "en:Manamadurai Junction railway station"
      },
      "geometry": {
        "type": "Point",
        "coordinates": [
          78.4538243,
          9.6829999
        ]
      },
      "id": "node/5305909308"
    },
    {
      "type": "Feature",
      "properties": {
        "@id": "node/5305909311",
        "internet_access": "no",
        "name": "Paramakkudi",
        "name:hi": "परमक्कुडि",
        "name:ta": "பரமக்குடி",
        "network": "IR",
        "operator": "SR",
        "public_transport": "station",
        "railway": "station",
        "ref": "PMK",
        "wikidata": "Q63356878"
      },
      "geometry": {
        "type": "Point",
        "coordinates": [
          78.5910826,
          9.5394619
        ]
      },
      "id": "node/5305909311"
    },
    {
      "type": "Feature",
      "properties": {
        "@id": "node/5305909313",
        "internet_access": "no",
        "name": "Sattirakkudi",
        "name:hi": "सत्तिरक्कुडि",
        "name:ta": "சத்திரக்குடி",
        "network": "IR",
        "operator": "SR",
        "public_transport": "station",
        "railway": "station",
        "ref": "SQD",
        "wikidata": "Q63358252"
      },
      "geometry": {
        "type": "Point",
        "coordinates": [
          78.7053036,
          9.4009728
        ]
      },
      "id": "node/5305909313"
    },
    {
      "type": "Feature",
      "properties": {
        "@id": "node/5305955338",
        "internet_access": "no",
        "name": "Ramanathapuram",
        "name:hi": "रामनाथपुरम",
        "name:ja": "ラーマナータプラム",
        "name:ta": "இராமநாதபுரம்",
        "network": "IR",
        "operator": "SR",
        "public_transport": "station",
        "railway": "station",
        "ref": "RMD",
        "wikidata": "Q24943289",
        "wikipedia": "en:Ramanathapuram railway station"
      },
      "geometry": {
        "type": "Point",
        "coordinates": [
          78.8375276,
          9.3588632
        ]
      },
      "id": "node/5305955338"
    },
    {
      "type": "Feature",
      "properties": {
        "@id": "node/5305955340",
        "internet_access": "no",
        "name": "Uchippuli",
        "name:hi": "उच्चिप्पुलि",
        "name:ta": "உச்சிப்புளி",
        "network": "IR",
        "operator": "SR",
        "public_transport": "station",
        "railway": "station",
        "ref": "UCP",
        "train": "yes",
        "wikidata": "Q63357232"
      },
      "geometry": {
        "type": "Point",
        "coordinates": [
          79.0124293,
          9.308832
        ]
      },
      "id": "node/5305955340"
    },
    {
      "type": "Feature",
      "properties": {
        "@id": "node/5305955343",
        "internet_access": "no",
        "name": "Mandapam",
        "name:hi": "मंडपम",
        "name:ml": "മണ്ഡപം",
        "name:ta": "மண்டபம்",
        "network": "IR",
        "operator": "SR",
        "public_transport": "station",
        "railway": "station",
        "ref": "MMM",
        "wikidata": "Q63355261"
      },
      "geometry": {
        "type": "Point",
        "coordinates": [
          79.157276,
          9.280778
        ]
      },
      "id": "node/5305955343"
    },
    {
      "type": "Feature",
      "properties": {
        "@id": "node/5305955344",
        "internet_access": "no",
        "name": "Pamban",
        "name:hi": "पांबन",
        "name:ta": "பாம்பன்",
        "network": "IR",
        "operator": "SR",
        "public_transport": "station",
        "railway": "station",
        "ref": "PBM",
        "wikidata": "Q63358144"
      },
      "geometry": {
        "type": "Point",
        "coordinates": [
          79.2138929,
          9.280194
        ]
      },
      "id": "node/5305955344"
    },
    {
      "type": "Feature",
      "properties": {
        "@id": "node/5306231354",
        "internet_access": "no",
        "name": "Tiruchchuli",
        "network": "IR",
        "operator": "SR",
        "public_transport": "station",
        "railway": "station",
        "ref": "TCH",
        "train": "yes",
        "wikidata": "Q63369003"
      },
      "geometry": {
        "type": "Point",
        "coordinates": [
          78.1984023,
          9.5377389
        ]
      },
      "id": "node/5306231354"
    },
    {
      "type": "Feature",
      "properties": {
        "@id": "node/5306231356",
        "internet_access": "no",
        "name": "Aruppukkottai",
        "name:ja": "アルップッコーッタイ",
        "name:ta": "அருப்புக்கோட்டை",
        "network": "IR",
        "operator": "SR",
        "railway": "station",
        "ref": "APK",
        "wikidata": "Q16868954",
        "wikipedia": "en:Aruppukkottai railway station"
      },
      "geometry": {
        "type": "Point",
        "coordinates": [
          78.1028808,
          9.5246264
        ]
      },
      "id": "node/5306231356"
    },
    {
      "type": "Feature",
      "properties": {
        "@id": "node/5306327078",
        "internet_access": "no",
        "name": "Otivakkam",
        "network": "IR",
        "operator": "SR",
        "public_transport": "station",
        "railway": "station",
        "ref": "OV",
        "wikidata": "Q63355636"
      },
      "geometry": {
        "type": "Point",
        "coordinates": [
          79.9752623,
          12.6227255
        ]
      },
      "id": "node/5306327078"
    },
    {
      "type": "Feature",
      "properties": {
        "@id": "node/5306412986",
        "internet_access": "no",
        "name": "Madurantakam",
        "name:ml": "മധുരാന്തകം",
        "name:ta": "மதுராந்தகம்",
        "network": "IR",
        "operator": "SR",
        "public_transport": "station",
        "railway": "station",
        "ref": "MMK",
        "wikidata": "Q18127641",
        "wikipedia": "en:Madurantakam railway station"
      },
      "geometry": {
        "type": "Point",
        "coordinates": [
          79.8933341,
          12.5047431
        ]
      },
      "id": "node/5306412986"
    },
    {
      "type": "Feature",
      "properties": {
        "@id": "node/5306585646",
        "name": "Tindivanam",
        "name:hi": "तिण्डिवनम",
        "name:ml": "തിണ്ടിവനം",
        "name:ta": "திண்டிவனம்",
        "network": "IR",
        "operator": "SR",
        "public_transport": "station",
        "railway": "station",
        "ref": "TMV",
        "wikidata": "Q18394505",
        "wikipedia": "en:Tindivanam railway station"
      },
      "geometry": {
        "type": "Point",
        "coordinates": [
          79.6515314,
          12.2291607
        ]
      },
      "id": "node/5306585646"
    },
    {
      "type": "Feature",
      "properties": {
        "@id": "node/5308325636",
        "internet_access": "no",
        "name": "Mundiyampakkam",
        "name:ml": "മുണ്ടിയമ്പാക്കം",
        "name:ta": "முண்டியம்பாக்கம்",
        "network": "IR",
        "operator": "SR",
        "public_transport": "station",
        "railway": "station",
        "ref": "MYP",
        "wikidata": "Q63355681"
      },
      "geometry": {
        "type": "Point",
        "coordinates": [
          79.5115683,
          11.9951648
        ]
      },
      "id": "node/5308325636"
    },
    {
      "type": "Feature",
      "properties": {
        "@id": "node/5308690568",
        "addr:city": "Chennai",
        "layer": "1",
        "level": "1",
        "name": "Alandur",
        "name:en": "Alandur",
        "name:ml": "ആലന്തൂർ",
        "name:ta": "ஆலந்தூர்",
        "network": "Chennai Metro",
        "note": "Contributors are requested to not edit the \"network\" and the \"operator\" tags. (2023/11/08)",
        "operator": "Chennai Metro Rail Limited",
        "public_transport": "station",
        "railway": "station",
        "railway:ref": "SAL",
        "ref": "SAL",
        "station": "subway",
        "subway": "yes",
        "wheelchair": "yes",
        "wikidata": "Q4708199",
        "wikipedia": "en:Alandur metro station"
      },
      "geometry": {
        "type": "Point",
        "coordinates": [
          80.2014525,
          13.0042558
        ]
      },
      "id": "node/5308690568"
    },
    {
      "type": "Feature",
      "properties": {
        "@id": "node/5310778033",
        "internet_access": "no",
        "name": "Ambattur",
        "name:ml": "അമ്പത്തൂർ",
        "name:ta": "அம்பத்தூர்",
        "network": "IR",
        "operator": "SR",
        "public_transport": "station",
        "railway": "station",
        "ref": "ABU",
        "train": "yes",
        "wikidata": "Q4741171",
        "wikipedia": "en:Ambattur railway station"
      },
      "geometry": {
        "type": "Point",
        "coordinates": [
          80.1528611,
          13.1140892
        ]
      },
      "id": "node/5310778033"
    },
    {
      "type": "Feature",
      "properties": {
        "@id": "node/5310778034",
        "name": "Thirumullaivoyal",
        "name:ml": "തിരുമുല്ലൈവായിൽ",
        "name:ta": "திருமுல்லைவாயில்",
        "network": "IR",
        "operator": "SR",
        "public_transport": "station",
        "railway": "station",
        "ref": "TMVL",
        "train": "yes",
        "wikidata": "Q7785367",
        "wikipedia": "en:Thirumullaivoyal railway station"
      },
      "geometry": {
        "type": "Point",
        "coordinates": [
          80.1371368,
          13.115319
        ]
      },
      "id": "node/5310778034"
    },
    {
      "type": "Feature",
      "properties": {
        "@id": "node/5310778035",
        "internet_access": "no",
        "name": "Annanur",
        "name:ml": "അണ്ണനൂർ",
        "name:ta": "அண்ணனூர்",
        "network": "IR",
        "operator": "SR",
        "public_transport": "station",
        "railway": "station",
        "ref": "ANNR",
        "train": "yes",
        "wikidata": "Q4767947",
        "wikipedia": "en:Annanur railway station"
      },
      "geometry": {
        "type": "Point",
        "coordinates": [
          80.1269127,
          13.1163563
        ]
      },
      "id": "node/5310778035"
    },
    {
      "type": "Feature",
      "properties": {
        "@id": "node/5310778036",
        "internet_access": "no",
        "name": "Veppampattu",
        "network": "IR",
        "operator": "SR",
        "railway": "station",
        "ref": "VEU",
        "wheelchair": "no",
        "wikidata": "Q16902611",
        "wikipedia:en": "Veppampattu railway station"
      },
      "geometry": {
        "type": "Point",
        "coordinates": [
          79.9984223,
          13.1235994
        ]
      },
      "id": "node/5310778036"
    },
    {
      "type": "Feature",
      "properties": {
        "@id": "node/5310778038",
        "internet_access": "no",
        "name": "Sevvapet Road",
        "network": "IR",
        "operator": "SR",
        "public_transport": "station",
        "railway": "station",
        "ref": "SVR",
        "wikidata": "Q7458116",
        "wikipedia": "en:Sevvapet Road railway station"
      },
      "geometry": {
        "type": "Point",
        "coordinates": [
          79.9660618,
          13.1252677
        ]
      },
      "id": "node/5310778038"
    },
    {
      "type": "Feature",
      "properties": {
        "@id": "node/5310778041",
        "internet_access": "no",
        "name": "Tiruvallur",
        "name:ta": "திருவள்ளூர்",
        "network": "IR",
        "operator": "SR",
        "railway": "station",
        "ref": "TRL",
        "wikidata": "Q7809454",
        "wikipedia": "en:Tiruvallur railway station"
      },
      "geometry": {
        "type": "Point",
        "coordinates": [
          79.9121601,
          13.1161924
        ]
      },
      "id": "node/5310778041"
    },
    {
      "type": "Feature",
      "properties": {
        "@id": "node/5310778042",
        "internet_access": "no",
        "name": "Kadambattur",
        "network": "IR",
        "operator": "SR",
        "public_transport": "station",
        "railway": "station",
        "ref": "KBT",
        "train": "yes",
        "wikidata": "Q63355480"
      },
      "geometry": {
        "type": "Point",
        "coordinates": [
          79.8631466,
          13.0998547
        ]
      },
      "id": "node/5310778042"
    },
    {
      "type": "Feature",
      "properties": {
        "@id": "node/5310778043",
        "internet_access": "no",
        "name": "Tiruvalangadu",
        "name:kn": "ತಿರುವಲಂಗಡು",
        "network": "IR",
        "operator": "SR",
        "public_transport": "station",
        "railway": "station",
        "ref": "TO",
        "wikidata": "Q63355481"
      },
      "geometry": {
        "type": "Point",
        "coordinates": [
          79.7637664,
          13.0901816
        ]
      },
      "id": "node/5310778043"
    },
    {
      "type": "Feature",
      "properties": {
        "@id": "node/5310778044",
        "internet_access": "no",
        "name": "Mosur",
        "network": "IR",
        "operator": "SR",
        "public_transport": "station",
        "railway": "station",
        "ref": "MSU",
        "wikidata": "Q63355905"
      },
      "geometry": {
        "type": "Point",
        "coordinates": [
          79.7122361,
          13.0849374
        ]
      },
      "id": "node/5310778044"
    },
    {
      "type": "Feature",
      "properties": {
        "@id": "node/5310778045",
        "internet_access": "no",
        "name": "Puliyamangalam",
        "network": "IR",
        "operator": "SR",
        "public_transport": "station",
        "railway": "station",
        "ref": "PLMG",
        "wikidata": "Q63355510"
      },
      "geometry": {
        "type": "Point",
        "coordinates": [
          79.6849792,
          13.0834033
        ]
      },
      "id": "node/5310778045"
    },
    {
      "type": "Feature",
      "properties": {
        "@id": "node/5310778046",
        "internet_access": "no",
        "name": "Sholinghur",
        "name:ta": "சோளிங்கர்",
        "network": "IR",
        "operator": "SR",
        "public_transport": "station",
        "railway": "station",
        "ref": "SHU",
        "train": "yes",
        "wikidata": "Q63355447"
      },
      "geometry": {
        "type": "Point",
        "coordinates": [
          79.4867622,
          13.0141131
        ]
      },
      "id": "node/5310778046"
    },
    {
      "type": "Feature",
      "properties": {
        "@id": "node/5310778047",
        "internet_access": "no",
        "name": "Marudalam",
        "network": "IR",
        "operator": "SR",
        "public_transport": "station",
        "railway": "station",
        "ref": "MRLM",
        "wikidata": "Q63355907"
      },
      "geometry": {
        "type": "Point",
        "coordinates": [
          79.3967347,
          12.9966478
        ]
      },
      "id": "node/5310778047"
    },
    {
      "type": "Feature",
      "properties": {
        "@id": "node/5310778048",
        "internet_access": "no",
        "name": "Kavanur",
        "name:hi": "कावनुर",
        "name:ta": "காவனூர்",
        "network": "IR",
        "operator": "SR",
        "public_transport": "station",
        "railway": "station",
        "ref": "KVN",
        "wikidata": "Q63355611"
      },
      "geometry": {
        "type": "Point",
        "coordinates": [
          78.9697816,
          12.949054
        ]
      },
      "id": "node/5310778048"
    },
    {
      "type": "Feature",
      "properties": {
        "@id": "node/5310778049",
        "internet_access": "no",
        "name": "Gudiyattam",
        "network": "IR",
        "operator": "SR",
        "public_transport": "station",
        "railway": "station",
        "ref": "GYM",
        "wikidata": "Q31295667"
      },
      "geometry": {
        "type": "Point",
        "coordinates": [
          78.9143466,
          12.9372959
        ]
      },
      "id": "node/5310778049"
    },
    {
      "type": "Feature",
      "properties": {
        "@id": "node/5310778050",
        "internet_access": "no",
        "name": "Melpatti",
        "network": "IR",
        "operator": "SR",
        "public_transport": "station",
        "railway": "station",
        "ref": "MPI",
        "wikidata": "Q63355615"
      },
      "geometry": {
        "type": "Point",
        "coordinates": [
          78.795185,
          12.8583448
        ]
      },
      "id": "node/5310778050"
    },
    {
      "type": "Feature",
      "properties": {
        "@id": "node/5310778051",
        "internet_access": "no",
        "name": "Pachchakuppam",
        "name:hi": "पच्चकुप्पम",
        "name:ta": "பச்ச்குப்பம்",
        "network": "IR",
        "operator": "SR",
        "public_transport": "station",
        "railway": "station",
        "ref": "PCKM",
        "wikidata": "Q63355926"
      },
      "geometry": {
        "type": "Point",
        "coordinates": [
          78.7582384,
          12.8234747
        ]
      },
      "id": "node/5310778051"
    },
    {
      "type": "Feature",
      "properties": {
        "@id": "node/5311732434",
        "internet_access": "no",
        "name": "Vinnamangalam",
        "network": "IR",
        "operator": "SR",
        "public_transport": "station",
        "railway": "station",
        "ref": "VGM",
        "wikidata": "Q63355616"
      },
      "geometry": {
        "type": "Point",
        "coordinates": [
          78.6786103,
          12.72821
        ]
      },
      "id": "node/5311732434"
    },
    {
      "type": "Feature",
      "properties": {
        "@id": "node/5311732450",
        "internet_access": "no",
        "name": "Vaniyambadi",
        "name:ta": "வாணியம்பாடி",
        "network": "IR",
        "operator": "SR",
        "public_transport": "station",
        "railway": "station",
        "ref": "VN",
        "wikidata": "Q63355617"
      },
      "geometry": {
        "type": "Point",
        "coordinates": [
          78.6227478,
          12.679344
        ]
      },
      "id": "node/5311732450"
    },
    {
      "type": "Feature",
      "properties": {
        "@id": "node/5311732451",
        "name": "Kettandapatti",
        "name:kn": "ಕೆಟ್ಟಾಂಟಪ್ಪಟ್ಟಿ",
        "name:ta": "கெட்டாண்டப்பட்டி",
        "network": "IR",
        "operator": "SR",
        "railway": "station",
        "ref": "KDY",
        "wikidata": "Q15235823",
        "wikipedia": "en:Kettandapatti railway station"
      },
      "geometry": {
        "type": "Point",
        "coordinates": [
          78.5708958,
          12.6252815
        ]
      },
      "id": "node/5311732451"
    },
    {
      "type": "Feature",
      "properties": {
        "@id": "node/5311732452",
        "internet_access": "wlan",
        "name": "Jolarpettai Junction",
        "name:hi": "जोलारपेट्टै जंक्शन",
        "name:ta": "ஜோலார்பேட்டை சந்திப்பு",
        "network": "IR",
        "operator": "SR",
        "railway": "station",
        "ref": "JTJ",
        "wikidata": "Q15229704",
        "wikipedia": "en:Jolarpettai Junction railway station"
      },
      "geometry": {
        "type": "Point",
        "coordinates": [
          78.5783902,
          12.5639905
        ]
      },
      "id": "node/5311732452"
    },
    {
      "type": "Feature",
      "properties": {
        "@id": "node/5311732458",
        "internet_access": "no",
        "name": "Tondiarpet",
        "name:en": "Tondiarpet",
        "name:hi": "तोंदिअर्पेट",
        "name:ml": "തണ്ടയാർപേട്ട",
        "name:ta": "தண்டையார்பேட்டை",
        "network": "IR",
        "operator": "SR",
        "public_transport": "station",
        "railway": "station",
        "ref": "TNP",
        "train": "yes",
        "wikidata": "Q7820800",
        "wikipedia": "en:Tondiarpet railway station"
      },
      "geometry": {
        "type": "Point",
        "coordinates": [
          80.2819242,
          13.1275202
        ]
      },
      "id": "node/5311732458"
    },
    {
      "type": "Feature",
      "properties": {
        "@id": "node/5311732459",
        "internet_access": "no",
        "name": "Tiruvottiyur",
        "name:ml": "തിരുവൊറ്റിയൂർ",
        "name:ta": "திருவொற்றியூர்",
        "network": "IR",
        "operator": "SR",
        "public_transport": "station",
        "railway": "station",
        "ref": "TVT",
        "wikidata": "Q7809477",
        "wikipedia": "en:Tiruvottiyur railway station"
      },
      "geometry": {
        "type": "Point",
        "coordinates": [
          80.2962076,
          13.1586407
        ]
      },
      "id": "node/5311732459"
    },
    {
      "type": "Feature",
      "properties": {
        "@id": "node/5311732501",
        "name": "Wimco Nagar",
        "network": "IR",
        "operator": "SR",
        "public_transport": "station",
        "railway": "station",
        "ref": "WCN",
        "wikidata": "Q8023547",
        "wikipedia": "en:Wimco Nagar railway station"
      },
      "geometry": {
        "type": "Point",
        "coordinates": [
          80.3054594,
          13.1796833
        ]
      },
      "id": "node/5311732501"
    },
    {
      "type": "Feature",
      "properties": {
        "@id": "node/5311755231",
        "internet_access": "no",
        "name": "Chintadaripet",
        "name:hi": "चिंतादरीपेट",
        "name:ml": "ചിന്താദ്രിപേട്ട",
        "name:ta": "சிந்தாதிரிப்பேட்டை",
        "network": "IR",
        "operator": "SR",
        "public_transport": "station",
        "railway": "station",
        "ref": "MCPT",
        "train": "yes",
        "wikidata": "Q5101294",
        "wikipedia": "en:Chintadripet railway station"
      },
      "geometry": {
        "type": "Point",
        "coordinates": [
          80.2738611,
          13.0737952
        ]
      },
      "id": "node/5311755231"
    },
    {
      "type": "Feature",
      "properties": {
        "@id": "node/5311755232",
        "internet_access": "no",
        "name": "Light House",
        "name:hi": "लाइट हाउज़",
        "name:ta": "கலங்கரை விளக்கம்",
        "network": "IR",
        "operator": "SR",
        "public_transport": "station",
        "railway": "station",
        "ref": "MLHS",
        "train": "yes",
        "wikidata": "Q6546029",
        "wikipedia": "en:Light House railway station"
      },
      "geometry": {
        "type": "Point",
        "coordinates": [
          80.2769885,
          13.0455374
        ]
      },
      "id": "node/5311755232"
    },
    {
      "type": "Feature",
      "properties": {
        "@id": "node/5311755233",
        "internet_access": "no",
        "name": "Mundakakanni Amman Koil",
        "name:en": "Mundakakanni Amman Koil",
        "network": "IR",
        "operator": "SR",
        "public_transport": "station",
        "railway": "station",
        "ref": "MKAK",
        "train": "yes",
        "wikidata": "Q6935719",
        "wikipedia": "en:Mundagakanniamman Koil railway station"
      },
      "geometry": {
        "type": "Point",
        "coordinates": [
          80.2698818,
          13.0406508
        ]
      },
      "id": "node/5311755233"
    },
    {
      "type": "Feature",
      "properties": {
        "@id": "node/5311755234",
        "internet_access": "no",
        "name": "Thirumayilai",
        "network": "IR",
        "operator": "SR",
        "public_transport": "station",
        "railway": "station",
        "ref": "MTMY",
        "train": "yes",
        "wikidata": "Q7785353",
        "wikipedia": "en:Thirumayilai railway station"
      },
      "geometry": {
        "type": "Point",
        "coordinates": [
          80.2675129,
          13.0353976
        ]
      },
      "id": "node/5311755234"
    },
    {
      "type": "Feature",
      "properties": {
        "@id": "node/5311755235",
        "internet_access": "no",
        "name": "Mandaveli",
        "name:en": "Mandaveli",
        "name:ta": "மந்தைவெளி",
        "network": "IR",
        "operator": "SR",
        "public_transport": "station",
        "railway": "station",
        "ref": "MNDY",
        "wikidata": "Q6747921",
        "wikipedia": "en:Mandaveli railway station"
      },
      "geometry": {
        "type": "Point",
        "coordinates": [
          80.2606181,
          13.0280931
        ]
      },
      "id": "node/5311755235"
    },
    {
      "type": "Feature",
      "properties": {
        "@id": "node/5311755236",
        "internet_access": "no",
        "name": "Greenways Road",
        "network": "IR",
        "operator": "SR",
        "public_transport": "station",
        "railway": "station",
        "ref": "GWYR",
        "train": "yes",
        "wikidata": "Q15222131",
        "wikipedia": "en:Greenways Road railway station"
      },
      "geometry": {
        "type": "Point",
        "coordinates": [
          80.2527292,
          13.0215846
        ]
      },
      "id": "node/5311755236"
    },
    {
      "type": "Feature",
      "properties": {
        "@id": "node/5311755237",
        "internet_access": "no",
        "name": "Kasturiba Nagar",
        "network": "IR",
        "operator": "SR",
        "public_transport": "station",
        "railway": "station",
        "ref": "KTBR",
        "train": "yes",
        "wikidata": "Q6374849",
        "wikipedia": "en:Kasturba Nagar railway station"
      },
      "geometry": {
        "type": "Point",
        "coordinates": [
          80.2478604,
          13.0053823
        ]
      },
      "id": "node/5311755237"
    },
    {
      "type": "Feature",
      "properties": {
        "@id": "node/5311755238",
        "name": "Indira Nagar",
        "name:ta": "இந்திரா நகர்",
        "network": "IR",
        "operator": "SR",
        "public_transport": "station",
        "railway": "station",
        "ref": "INDR",
        "train": "yes",
        "wikidata": "Q6025052",
        "wikipedia": "en:Indira Nagar railway station"
      },
      "geometry": {
        "type": "Point",
        "coordinates": [
          80.249716,
          12.9960623
        ]
      },
      "id": "node/5311755238"
    },
    {
      "type": "Feature",
      "properties": {
        "@id": "node/5311755239",
        "internet_access": "no",
        "name": "Tiruvanmiyur",
        "name:ta": "திருவான்மியூர்",
        "network": "IR",
        "operator": "SR",
        "public_transport": "station",
        "railway": "station",
        "ref": "TYMR",
        "train": "yes",
        "wikidata": "Q16956408",
        "wikipedia": "en:Thiruvanmiyur railway station"
      },
      "geometry": {
        "type": "Point",
        "coordinates": [
          80.2515865,
          12.9889822
        ]
      },
      "id": "node/5311755239"
    },
    {
      "type": "Feature",
      "properties": {
        "@id": "node/5311755240",
        "internet_access": "no",
        "name": "Taramani",
        "name:ta": "தரமணி",
        "network": "IR",
        "operator": "SR",
        "public_transport": "station",
        "railway": "station",
        "ref": "TRMN",
        "train": "yes",
        "wikidata": "Q7685362",
        "wikipedia": "en:Taramani railway station"
      },
      "geometry": {
        "type": "Point",
        "coordinates": [
          80.2416441,
          12.9786584
        ]
      },
      "id": "node/5311755240"
    },
    {
      "type": "Feature",
      "properties": {
        "@id": "node/5311755241",
        "name": "Perungudi",
        "name:ta": "பெருங்குடி",
        "network": "IR",
        "operator": "SR",
        "public_transport": "station",
        "railway": "station",
        "ref": "PRGD",
        "train": "yes",
        "wikidata": "Q7171100",
        "wikipedia": "en:Perungudi railway station"
      },
      "geometry": {
        "type": "Point",
        "coordinates": [
          80.2321916,
          12.9760584
        ]
      },
      "id": "node/5311755241"
    },
    {
      "type": "Feature",
      "properties": {
        "@id": "node/5311755242",
        "internet_access": "no",
        "name": "Velachery",
        "name:en": "Velachery",
        "name:hi": "वेलाचेरी",
        "name:ml": "വേളച്ചേരി",
        "name:ta": "வேளச்சேரி",
        "network": "IR",
        "operator": "SR",
        "public_transport": "station",
        "railway": "station",
        "ref": "VLCY",
        "train": "yes",
        "wheelchair": "yes",
        "wikidata": "Q7918772",
        "wikipedia": "en:Velachery railway station"
      },
      "geometry": {
        "type": "Point",
        "coordinates": [
          80.2195082,
          12.9676192
        ]
      },
      "id": "node/5311755242"
    },
    {
      "type": "Feature",
      "properties": {
        "@id": "node/5311755243",
        "internet_access": "no",
        "name": "Puzhudivakkam",
        "network": "MRTS",
        "operator": "MRTS",
        "public_transport": "station",
        "railway": "station",
        "train": "yes",
        "wikidata": "Q7262676",
        "wikipedia": "en:Puzhuthivakkam railway station"
      },
      "geometry": {
        "type": "Point",
        "coordinates": [
          80.2054236,
          12.9771578
        ]
      },
      "id": "node/5311755243"
    },
    {
      "type": "Feature",
      "properties": {
        "@id": "node/5311755244",
        "construction:railway": "station",
        "name": "Adambakkam",
        "network": "MRTS",
        "operator": "MRTS",
        "public_transport": "station",
        "railway": "station",
        "train": "yes",
        "wikidata": "Q4680126",
        "wikipedia": "en:Adambakkam railway station"
      },
      "geometry": {
        "type": "Point",
        "coordinates": [
          80.1968882,
          12.9823811
        ]
      },
      "id": "node/5311755244"
    },
    {
      "type": "Feature",
      "properties": {
        "@id": "node/5311775876",
        "internet_access": "no",
        "name": "Singaperumal Koil",
        "name:ta": "சிங்கப்பெருமாள் கோயில்",
        "network": "IR",
        "operator": "SR",
        "public_transport": "station",
        "railway": "station",
        "ref": "SKL",
        "wikidata": "Q15277868",
        "wikipedia": "en:Singaperumal Koil railway station"
      },
      "geometry": {
        "type": "Point",
        "coordinates": [
          80.0007799,
          12.7619226
        ]
      },
      "id": "node/5311775876"
    },
    {
      "type": "Feature",
      "properties": {
        "@id": "node/5311775879",
        "internet_access": "no",
        "name": "Vandalur",
        "name:ml": "വണ്ടലൂർ",
        "name:ta": "வண்டலூர்",
        "network": "IR",
        "operator": "SR",
        "public_transport": "station",
        "railway": "station",
        "ref": "VDR",
        "wikidata": "Q7914337",
        "wikipedia": "en:Vandalur railway station"
      },
      "geometry": {
        "type": "Point",
        "coordinates": [
          80.084974,
          12.8916061
        ]
      },
      "id": "node/5311775879"
    },
    {
      "type": "Feature",
      "properties": {
        "@id": "node/5311775880",
        "internet_access": "no",
        "name": "Tambaram Sanatorium",
        "name:ta": "தாம்பரம் தாம்பரம் சானடோரியம்",
        "network": "IR",
        "operator": "SR",
        "public_transport": "station",
        "railway": "station",
        "ref": "TBMS",
        "wikidata": "Q7681014",
        "wikipedia": "en:Tambaram Sanatorium railway station"
      },
      "geometry": {
        "type": "Point",
        "coordinates": [
          80.1307034,
          12.9369591
        ]
      },
      "id": "node/5311775880"
    },
    {
      "type": "Feature",
      "properties": {
        "@id": "node/5311775881",
        "internet_access": "no",
        "name": "Nungambakkam",
        "name:ml": "നുങ്കമ്പാക്കം",
        "name:ta": "நுங்கம்பாக்கம்",
        "network": "IR",
        "operator": "SR",
        "public_transport": "station",
        "railway": "station",
        "ref": "NBK",
        "wikidata": "Q7069830",
        "wikipedia": "en:Nungambakkam railway station"
      },
      "geometry": {
        "type": "Point",
        "coordinates": [
          80.232839,
          13.065841
        ]
      },
      "id": "node/5311775881"
    },
    {
      "type": "Feature",
      "properties": {
        "@id": "node/5315603263",
        "internet_access": "no",
        "name": "Punggudi",
        "name:ml": "പൂങ്കുടി",
        "name:ta": "பூங்குடி",
        "network": "IR",
        "operator": "SR",
        "public_transport": "station",
        "railway": "station",
        "ref": "PUG",
        "wikidata": "Q63356134"
      },
      "geometry": {
        "type": "Point",
        "coordinates": [
          78.6188562,
          10.7472805
        ]
      },
      "id": "node/5315603263"
    },
    {
      "type": "Feature",
      "properties": {
        "@id": "node/5315603264",
        "internet_access": "no",
        "name": "Kolatur",
        "name:ml": "കുളത്തൂർ",
        "name:ta": "குளத்தூர்",
        "network": "IR",
        "operator": "SR",
        "public_transport": "station",
        "railway": "station",
        "ref": "KLS",
        "wikidata": "Q63356099"
      },
      "geometry": {
        "type": "Point",
        "coordinates": [
          78.5471973,
          10.7004515
        ]
      },
      "id": "node/5315603264"
    },
    {
      "type": "Feature",
      "properties": {
        "@id": "node/5315603266",
        "internet_access": "no",
        "name": "Manaparai",
        "name:hi": "मनपारै",
        "name:ml": "മണപ്പാറ",
        "name:ta": "மணப்பாறை",
        "network": "IR",
        "operator": "SR",
        "public_transport": "station",
        "railway": "station",
        "ref": "MPA",
        "wheelchair": "yes",
        "wikidata": "Q63356096"
      },
      "geometry": {
        "type": "Point",
        "coordinates": [
          78.4181106,
          10.6073393
        ]
      },
      "id": "node/5315603266"
    },
    {
      "type": "Feature",
      "properties": {
        "@id": "node/5315603267",
        "internet_access": "no",
        "name": "Chettiyapatti",
        "name:ta": "செட்டியப்பட்டி",
        "network": "IR",
        "operator": "SR",
        "public_transport": "station",
        "railway": "station",
        "ref": "CII",
        "wikidata": "Q63356053"
      },
      "geometry": {
        "type": "Point",
        "coordinates": [
          78.3626866,
          10.572553
        ]
      },
      "id": "node/5315603267"
    },
    {
      "type": "Feature",
      "properties": {
        "@id": "node/5315603268",
        "internet_access": "no",
        "name": "Vaiyampatti",
        "network": "IR",
        "operator": "SR",
        "public_transport": "station",
        "railway": "station",
        "ref": "VPJ",
        "wikidata": "Q63356051"
      },
      "geometry": {
        "type": "Point",
        "coordinates": [
          78.3085888,
          10.5433805
        ]
      },
      "id": "node/5315603268"
    },
    {
      "type": "Feature",
      "properties": {
        "@id": "node/5315603341",
        "internet_access": "no",
        "name": "Kalpattichatram",
        "name:ml": "കൽപ്പട്ടിഛത്രം",
        "name:ta": "கல்பட்டிசத்திரம்",
        "network": "IR",
        "operator": "SR",
        "public_transport": "station",
        "railway": "station",
        "ref": "KFC",
        "wikidata": "Q63356050"
      },
      "geometry": {
        "type": "Point",
        "coordinates": [
          78.2382799,
          10.5197078
        ]
      },
      "id": "node/5315603341"
    },
    {
      "type": "Feature",
      "properties": {
        "@id": "node/5315603382",
        "internet_access": "no",
        "name": "Ayyalur",
        "name:hi": "अय्यलुर",
        "name:ta": "அய்யலூர்",
        "network": "IR",
        "operator": "SR",
        "public_transport": "station",
        "railway": "station",
        "ref": "AYR",
        "train": "yes",
        "wikidata": "Q63356049"
      },
      "geometry": {
        "type": "Point",
        "coordinates": [
          78.1593261,
          10.4863885
        ]
      },
      "id": "node/5315603382"
    },
    {
      "type": "Feature",
      "properties": {
        "@id": "node/5316869488",
        "internet_access": "no",
        "name": "Vadamadurai",
        "name:ml": "വടമധുര",
        "name:ta": "வடமதுரை",
        "network": "IR",
        "operator": "SR",
        "public_transport": "station",
        "railway": "station",
        "ref": "VDM",
        "wikidata": "Q63356048"
      },
      "geometry": {
        "type": "Point",
        "coordinates": [
          78.1026114,
          10.4367912
        ]
      },
      "id": "node/5316869488"
    },
    {
      "type": "Feature",
      "properties": {
        "@id": "node/5316869489",
        "internet_access": "no",
        "name": "Tamaraipadi",
        "name:ml": "താമരപ്പാടി",
        "name:ta": "தாமரைப்பாடி",
        "network": "IR",
        "operator": "SR",
        "public_transport": "station",
        "railway": "station",
        "ref": "TMP",
        "wikidata": "Q63356046"
      },
      "geometry": {
        "type": "Point",
        "coordinates": [
          78.0418736,
          10.4007166
        ]
      },
      "id": "node/5316869489"
    },
    {
      "type": "Feature",
      "properties": {
        "@id": "node/5319202812",
        "name": "Saint Thomas Mount",
        "name:en": "Saint Thomas Mount",
        "name:ml": "സെന്റ് തോമസ് മൗണ്ട്",
        "name:ta": "பரங்கிமலை",
        "network": "Chennai Metro",
        "network:wikidata": "Q1639576",
        "note": "Contributors are requested to not edit the \"network\" and the \"operator\" tags. (2023/11/08)",
        "operator": "Chennai Metro Rail Limited",
        "public_transport": "station",
        "railway": "station",
        "railway:ref": "SMM",
        "ref": "SMM",
        "station": "subway",
        "subway": "yes",
        "wikidata": "Q7591984",
        "wikipedia": "en:St. Thomas Mount railway station"
      },
      "geometry": {
        "type": "Point",
        "coordinates": [
          80.198582,
          12.995
        ]
      },
      "id": "node/5319202812"
    },
    {
      "type": "Feature",
      "properties": {
        "@id": "node/5319207378",
        "alt_name": "SIDCO",
        "local_ref": "SIDCO",
        "name": "Ekkattuthangal",
        "name:en": "Ekkattuthangal",
        "name:ml": "ഈക്കാട്ടുത്താങ്കൽ",
        "name:ta": "ஈக்காட்டுத்தாங்கல்",
        "network": "Chennai Metro",
        "network:wikidata": "Q1639576",
        "note": "Contributors are requested to not edit the \"network\" and the \"operator\" tags. (2023/11/08)",
        "operator": "Chennai Metro Rail Limited",
        "public_transport": "station",
        "railway": "station",
        "railway:ref": "SSI",
        "ref": "SSI",
        "station": "subway",
        "subway": "yes",
        "wikidata": "Q19891416",
        "wikipedia": "en:Ekkattuthangal metro station"
      },
      "geometry": {
        "type": "Point",
        "coordinates": [
          80.2054236,
          13.0169222
        ]
      },
      "id": "node/5319207378"
    },
    {
      "type": "Feature",
      "properties": {
        "@id": "node/5319972796",
        "alt_name": "Ashok Nagar - KK Nagar",
        "local_ref": "Ashok Nagar - KK Nagar",
        "name": "Ashok Nagar",
        "name:en": "Ashok Nagar",
        "name:ml": "അശോക് നഗർ",
        "name:ta": "அசோக் நகர்",
        "network": "Chennai Metro",
        "network:wikidata": "Q1639576",
        "note": "Contributors are requested to not edit the \"network\" and the \"operator\" tags. (2023/11/08)",
        "operator": "Chennai Metro Rail Limited",
        "public_transport": "station",
        "railway": "station",
        "railway:ref": "SAN",
        "ref": "SAN",
        "station": "subway",
        "subway": "yes",
        "wikidata": "Q18378132",
        "wikipedia": "en:Ashok Nagar metro station"
      },
      "geometry": {
        "type": "Point",
        "coordinates": [
          80.2111075,
          13.0354768
        ]
      },
      "id": "node/5319972796"
    },
    {
      "type": "Feature",
      "properties": {
        "@id": "node/5319972798",
        "name": "Vadapalani",
        "name:en": "Vadapalani",
        "name:ml": "വടപഴനി",
        "name:ta": "வடபழநி",
        "network": "Chennai Metro",
        "network:wikidata": "Q1639576",
        "note": "Contributors are requested to not edit the \"network\" and the \"operator\" tags. (2023/11/08)",
        "operator": "Chennai Metro Rail Limited",
        "public_transport": "station",
        "railway": "station",
        "railway:ref": "SVA",
        "ref": "SVA",
        "station": "subway",
        "subway": "yes",
        "wikidata": "Q17075798",
        "wikipedia": "en:Vadapalani metro station"
      },
      "geometry": {
        "type": "Point",
        "coordinates": [
          80.212065,
          13.0509367
        ]
      },
      "id": "node/5319972798"
    },
    {
      "type": "Feature",
      "properties": {
        "@id": "node/5319972799",
        "name": "Arumbakkam",
        "name:en": "Arumbakkam",
        "name:ml": "അരുമ്പാക്കം",
        "name:ta": "அரும்பாக்கம்",
        "network": "Chennai Metro",
        "note": "Contributors are requested to not edit the \"network\" and the \"operator\" tags. (2023/11/08)",
        "operator": "Chennai Metro Rail Limited",
        "public_transport": "station",
        "railway": "station",
        "railway:ref": "SAR",
        "ref": "SAR",
        "station": "subway",
        "subway": "yes",
        "wikidata": "Q19882103",
        "wikipedia": "en:Arumbakkam metro station"
      },
      "geometry": {
        "type": "Point",
        "coordinates": [
          80.2116557,
          13.0616746
        ]
      },
      "id": "node/5319972799"
    },
    {
      "type": "Feature",
      "properties": {
        "@id": "node/5321248890",
        "alt_name": "கோயம்பேடு பேருந்து நிலையம்",
        "alt_name:en": "Chennai Mofussil Bus Terminus",
        "alt_name:ta": "கோயம்பேடு பேருந்து நிலையம்",
        "name": "CMBT",
        "name:en": "CMBT",
        "name:ml": "ചെന്നൈ നഗരപ്രാന്ത ബഹുവാഹക നിലയം",
        "name:ta": "சென்னை புறநகர் பேருந்து நிலையம்",
        "network": "Chennai Metro",
        "note": "Contributors are requested to not edit the \"network\" and the \"operator\" tags. (2023/11/08)",
        "operator": "Chennai Metro Rail Limited",
        "public_transport": "station",
        "railway": "station",
        "railway:ref": "SCM",
        "ref": "SCM",
        "station": "subway",
        "subway": "yes",
        "wikidata": "Q5012859",
        "wikipedia": "en:Chennai Mofussil Bus Terminus metro station"
      },
      "geometry": {
        "type": "Point",
        "coordinates": [
          80.2039836,
          13.0685197
        ]
      },
      "id": "node/5321248890"
    },
    {
      "type": "Feature",
      "properties": {
        "@id": "node/5321248896",
        "name": "Koyambedu",
        "name:en": "Koyambedu",
        "name:ml": "കോയമ്പേട്",
        "name:ta": "கோயம்பேடு",
        "network": "Chennai Metro",
        "network:wikidata": "Q1639576",
        "note": "Contributors are requested to not edit the \"network\" and the \"operator\" tags. (2023/11/08)",
        "operator": "Chennai Metro Rail Limited",
        "public_transport": "station",
        "railway": "station",
        "railway:ref": "SKO",
        "ref": "SKO",
        "station": "subway",
        "subway": "yes",
        "wikidata": "Q6435138",
        "wikipedia": "en:Koyambedu metro station"
      },
      "geometry": {
        "type": "Point",
        "coordinates": [
          80.1948363,
          13.0734496
        ]
      },
      "id": "node/5321248896"
    },
    {
      "type": "Feature",
      "properties": {
        "@id": "node/5324862243",
        "internet_access": "no",
        "name": "Sudiyur",
        "name:hi": "सूडियूर",
        "name:ta": "சூடியூர்",
        "network": "IR",
        "operator": "SR",
        "public_transport": "station",
        "railway": "station",
        "ref": "SUX",
        "wikidata": "Q63357604"
      },
      "geometry": {
        "type": "Point",
        "coordinates": [
          78.4859789,
          9.600482
        ]
      },
      "id": "node/5324862243"
    },
    {
      "type": "Feature",
      "properties": {
        "@id": "node/5329907482",
        "name": "Pachaiyappa's College",
        "name:ml": "പച്ചയ്യപ്പൻ കോളേജ്",
        "name:ta": "பச்சையப்பன் கல்லூரி",
        "network": "Chennai Metro",
        "note": "Contributors are requested to not edit the \"network\" and the \"operator\" tags. (2023/11/08)",
        "operator": "Chennai Metro Rail Limited",
        "public_transport": "station",
        "railway": "station",
        "railway:ref": "SPC",
        "ref": "SPC",
        "station": "subway",
        "subway": "yes",
        "wikidata": "Q30638918",
        "wikipedia": "en:Pachaiyappa's College metro station"
      },
      "geometry": {
        "type": "Point",
        "coordinates": [
          80.2328522,
          13.0755466
        ]
      },
      "id": "node/5329907482"
    },
    {
      "type": "Feature",
      "properties": {
        "@id": "node/5329907487",
        "name": "Kilpauk",
        "name:ml": "കീഴ്പാക്കം",
        "name:ta": "கீழ்பாக்கம்",
        "network": "Chennai Metro",
        "network:wikidata": "Q1639576",
        "note": "Contributors are requested to not edit the \"network\" and the \"operator\" tags. (2023/11/08)",
        "operator": "Chennai Metro Rail Limited",
        "public_transport": "station",
        "railway": "station",
        "railway:ref": "SKM",
        "ref": "SKM",
        "station": "subway",
        "subway": "yes",
        "wikidata": "Q30638925",
        "wikipedia": "en:Kilpauk Medical College metro station"
      },
      "geometry": {
        "type": "Point",
        "coordinates": [
          80.2426191,
          13.0776371
        ]
      },
      "id": "node/5329907487"
    },
    {
      "type": "Feature",
      "properties": {
        "@id": "node/5329907490",
        "internet_access": "no",
        "name": "Nehru Park",
        "name:ml": "നെഹ്റു പാർക്ക്",
        "name:ta": "நேரு பூங்கா",
        "network": "Chennai Metro",
        "network:wikidata": "Q1639576",
        "note": "Contributors are requested to not edit the \"network\" and the \"operator\" tags. (2023/11/08)",
        "operator": "Chennai Metro Rail Limited",
        "public_transport": "station",
        "railway": "station",
        "railway:ref": "SNP",
        "ref": "SNP",
        "station": "subway",
        "subway": "yes",
        "wikidata": "Q30638924",
        "wikipedia": "en:Nehru Park metro station"
      },
      "geometry": {
        "type": "Point",
        "coordinates": [
          80.250473,
          13.0787841
        ]
      },
      "id": "node/5329907490"
    },
    {
      "type": "Feature",
      "properties": {
        "@id": "node/5329907499",
        "name": "Egmore",
        "name:ml": "എഴുമ്പൂർ",
        "name:ta": "எழும்பூர்",
        "network": "Chennai Metro",
        "network:wikidata": "Q1639576",
        "note": "Contributors are requested to not edit the \"network\" and the \"operator\" tags. (2023/11/08)",
        "operator": "Chennai Metro Rail Limited",
        "public_transport": "station",
        "railway": "station",
        "railway:ref": "SEG",
        "ref": "SEG",
        "station": "subway",
        "subway": "yes",
        "wikidata": "Q30638926",
        "wikipedia": "en:Egmore metro station"
      },
      "geometry": {
        "type": "Point",
        "coordinates": [
          80.2630546,
          13.0802807
        ]
      },
      "id": "node/5329907499"
    },
    {
      "type": "Feature",
      "properties": {
        "@id": "node/5337407346",
        "name": "ஆயிரம் விளக்கு",
        "name:en": "Thousand Lights",
        "name:ml": "ആയിരം വിളക്ക്",
        "name:ta": "ஆயிரம் விளக்கு",
        "network": "Chennai Metro",
        "network:wikidata": "Q1639576",
        "note": "Contributors are requested to not edit the \"network\" and the \"operator\" tags. (2023/11/08)",
        "operator": "Chennai Metro Rail Limited",
        "public_transport": "station",
        "railway": "station",
        "railway:ref": "STL",
        "ref": "STL",
        "station": "subway",
        "subway": "yes",
        "wikidata": "Q62005544",
        "wikipedia": "en:Thousand Lights metro station"
      },
      "geometry": {
        "type": "Point",
        "coordinates": [
          80.2587833,
          13.0585155
        ]
      },
      "id": "node/5337407346"
    },
    {
      "type": "Feature",
      "properties": {
        "@id": "node/5337407350",
        "name": "எல் ஐ சி",
        "name:en": "LIC",
        "name:ml": "എൽഐസി",
        "name:ta": "எல் ஐ சி",
        "network": "Chennai Metro",
        "network:wikidata": "Q1639576",
        "note": "Contributors are requested to not edit the \"network\" and the \"operator\" tags. (2023/11/08)",
        "operator": "Chennai Metro Rail Limited",
        "public_transport": "station",
        "railway": "station",
        "railway:ref": "SLI",
        "ref": "SLI",
        "station": "subway",
        "subway": "yes",
        "wikidata": "Q62005418",
        "wikipedia": "en:LIC metro station"
      },
      "geometry": {
        "type": "Point",
        "coordinates": [
          80.2658465,
          13.0643716
        ]
      },
      "id": "node/5337407350"
    },
    {
      "type": "Feature",
      "properties": {
        "@id": "node/5337407354",
        "name": "அரசினர் தோட்டம்",
        "name:en": "Government Estate",
        "name:ml": "സർക്കാർ എസ്റ്റേറ്റ്",
        "name:ta": "அரசினர் தோட்டம்",
        "network": "Chennai Metro",
        "network:wikidata": "Q1639576",
        "note": "Contributors are requested to not edit the \"network\" and the \"operator\" tags. (2023/11/08)",
        "operator": "Chennai Metro Rail Limited",
        "public_transport": "station",
        "railway": "station",
        "railway:ref": "SGE",
        "ref": "SGE",
        "station": "subway",
        "subway": "yes",
        "wikidata": "Q62005539",
        "wikipedia": "en:Government Estate metro station"
      },
      "geometry": {
        "type": "Point",
        "coordinates": [
          80.2730362,
          13.0696345
        ]
      },
      "id": "node/5337407354"
    },
    {
      "type": "Feature",
      "properties": {
        "@id": "node/5337658083",
        "name": "High Court",
        "name:en": "High Court",
        "name:hi": "हाई कोर्ट",
        "name:ml": "ഹൈക്കോടതി",
        "name:ta": "உயர்நீதிமன்றம்",
        "network": "Chennai Metro",
        "note": "Contributors are requested to not edit the \"network\" and the \"operator\" tags. (2023/11/08)",
        "operator": "Chennai Metro Rail Limited",
        "public_transport": "station",
        "railway": "station",
        "railway:ref": "SHC",
        "ref": "SHC",
        "start_date": "2019-02-10",
        "station": "subway",
        "subway": "yes",
        "wikidata": "Q62005403",
        "wikipedia": "en:High Court metro station"
      },
      "geometry": {
        "type": "Point",
        "coordinates": [
          80.2849845,
          13.0872681
        ]
      },
      "id": "node/5337658083"
    },
    {
      "type": "Feature",
      "properties": {
        "@id": "node/5337658088",
        "name": "Mannadi",
        "name:en": "Mannadi",
        "name:ml": "മണ്ണടി",
        "name:ta": "மண்ணடி",
        "network": "Chennai Metro",
        "note": "Contributors are requested to not edit the \"network\" and the \"operator\" tags. (2023/11/08)",
        "operator": "Chennai Metro Rail Limited",
        "public_transport": "station",
        "railway": "station",
        "railway:ref": "SMA",
        "ref": "SMA",
        "station": "subway",
        "subway": "yes",
        "wikidata": "Q62005430",
        "wikipedia": "en:Mannadi metro station"
      },
      "geometry": {
        "type": "Point",
        "coordinates": [
          80.2861312,
          13.0954465
        ]
      },
      "id": "node/5337658088"
    },
    {
      "type": "Feature",
      "properties": {
        "@id": "node/5337658099",
        "name": "Washermanpet",
        "name:en": "Washermanpet",
        "name:ml": "വണ്ണാരപ്പേട്ട",
        "name:ta": "வண்ணாரப்பேட்டை",
        "network": "Chennai Metro",
        "note": "Contributors are requested to not edit the \"network\" and the \"operator\" tags. (2023/11/08)",
        "operator": "Chennai Metro Rail Limited",
        "public_transport": "station",
        "railway": "station",
        "railway:ref": "SWA",
        "ref": "SWA",
        "station": "subway",
        "subway": "yes",
        "wikidata": "Q48732079",
        "wikipedia": "en:Washermanpet metro station"
      },
      "geometry": {
        "type": "Point",
        "coordinates": [
          80.280949,
          13.1078469
        ]
      },
      "id": "node/5337658099"
    },
    {
      "type": "Feature",
      "properties": {
        "@id": "node/5338159679",
        "internet_access": "no",
        "name": "Samayanallur",
        "name:en": "Samayanallur",
        "name:hi": "समयनल्लुर",
        "name:ml": "സമയനല്ലുർ",
        "name:ta": "சமயநல்லூர்",
        "network": "IR",
        "operator": "SR",
        "public_transport": "station",
        "railway": "station",
        "ref": "SER",
        "wikidata": "Q63356006"
      },
      "geometry": {
        "type": "Point",
        "coordinates": [
          78.0336061,
          9.9820699
        ]
      },
      "id": "node/5338159679"
    },
    {
      "type": "Feature",
      "properties": {
        "@id": "node/5338159684",
        "internet_access": "no",
        "name": "Kudalnagar",
        "name:en": "Kudalnagar",
        "name:hi": "कूडलनगर",
        "name:ml": "കൂടൽനഗർ",
        "name:ta": "கூடல்நகர்",
        "network": "IR",
        "operator": "SR",
        "public_transport": "station",
        "railway": "station",
        "ref": "KON",
        "wikidata": "Q63355801"
      },
      "geometry": {
        "type": "Point",
        "coordinates": [
          78.1051636,
          9.9467225
        ]
      },
      "id": "node/5338159684"
    },
    {
      "type": "Feature",
      "properties": {
        "@id": "node/5338756137",
        "internet_access": "no",
        "name": "Tiruparankundram",
        "network": "IR",
        "operator": "SR",
        "public_transport": "station",
        "railway": "station",
        "ref": "TDN",
        "survey:date": "2025-05-21",
        "wheelchair": "yes",
        "wikidata": "Q63371877"
      },
      "geometry": {
        "type": "Point",
        "coordinates": [
          78.0651521,
          9.8790903
        ]
      },
      "id": "node/5338756137"
    },
    {
      "type": "Feature",
      "properties": {
        "@id": "node/5349009456",
        "internet_access": "no",
        "name": "Mukhasa Parur",
        "network": "IR",
        "operator": "SR",
        "railway": "station",
        "ref": "MKSP",
        "wikidata": "Q63371884"
      },
      "geometry": {
        "type": "Point",
        "coordinates": [
          79.2408766,
          11.5661844
        ]
      },
      "id": "node/5349009456"
    },
    {
      "type": "Feature",
      "properties": {
        "@id": "node/5349009486",
        "internet_access": "no",
        "name": "Pukkiravari",
        "network": "IR",
        "operator": "SR",
        "public_transport": "station",
        "railway": "station",
        "ref": "PRV",
        "wikidata": "Q63371886"
      },
      "geometry": {
        "type": "Point",
        "coordinates": [
          78.9863058,
          11.6336898
        ]
      },
      "id": "node/5349009486"
    },
    {
      "type": "Feature",
      "properties": {
        "@id": "node/5349010077",
        "internet_access": "no",
        "name": "Attur",
        "network": "IR",
        "operator": "SR",
        "public_transport": "station",
        "railway": "station",
        "ref": "ATU",
        "wikidata": "Q63371891"
      },
      "geometry": {
        "type": "Point",
        "coordinates": [
          78.5935039,
          11.595226
        ]
      },
      "id": "node/5349010077"
    },
    {
      "type": "Feature",
      "properties": {
        "@id": "node/5349010098",
        "internet_access": "no",
        "name": "Peddanayakkanpalaiyam",
        "network": "IR",
        "operator": "SR",
        "public_transport": "station",
        "railway": "station",
        "ref": "PDKM",
        "wikidata": "Q63371893"
      },
      "geometry": {
        "type": "Point",
        "coordinates": [
          78.5054883,
          11.6476603
        ]
      },
      "id": "node/5349010098"
    },
    {
      "type": "Feature",
      "properties": {
        "@id": "node/5349010103",
        "internet_access": "no",
        "name": "Ettapur Road",
        "network": "IR",
        "operator": "SR",
        "public_transport": "station",
        "railway": "station",
        "ref": "ETP",
        "wikidata": "Q63371894"
      },
      "geometry": {
        "type": "Point",
        "coordinates": [
          78.4683602,
          11.6509608
        ]
      },
      "id": "node/5349010103"
    },
    {
      "type": "Feature",
      "properties": {
        "@id": "node/5349010114",
        "internet_access": "no",
        "name": "Minnampalli",
        "network": "IR",
        "operator": "SR",
        "public_transport": "station",
        "railway": "station",
        "ref": "MPLI",
        "wikidata": "Q63371899"
      },
      "geometry": {
        "type": "Point",
        "coordinates": [
          78.2852647,
          11.6710212
        ]
      },
      "id": "node/5349010114"
    },
    {
      "type": "Feature",
      "properties": {
        "@id": "node/5349010118",
        "internet_access": "no",
        "name": "Ayodhyapattanam",
        "network": "IR",
        "operator": "SR",
        "public_transport": "station",
        "railway": "station",
        "ref": "APN",
        "train": "yes",
        "wikidata": "Q63371900"
      },
      "geometry": {
        "type": "Point",
        "coordinates": [
          78.2342048,
          11.6715816
        ]
      },
      "id": "node/5349010118"
    },
    {
      "type": "Feature",
      "properties": {
        "@id": "node/5349010119",
        "historic:railway": "station",
        "internet_access": "no",
        "name": "Salem East",
        "network": "IR",
        "operator": "SR",
        "public_transport": "station",
        "railway": "station",
        "ref": "SLME",
        "train": "yes",
        "wikidata": "Q63371901"
      },
      "geometry": {
        "type": "Point",
        "coordinates": [
          78.1761654,
          11.6626985
        ]
      },
      "id": "node/5349010119"
    },
    {
      "type": "Feature",
      "properties": {
        "@id": "node/5349010252",
        "internet_access": "no",
        "name": "Salem Town",
        "name:ml": "സേലം ടൗൺ",
        "name:ta": "சேலம் நகரம்",
        "name:ur": "سیلم ٹاؤن",
        "network": "IR",
        "operator": "SR",
        "public_transport": "station",
        "railway": "station",
        "ref": "SXT",
        "wikidata": "Q21406838",
        "wikipedia": "ta:சேலம் நகரத் தொடருந்து நிலையம்"
      },
      "geometry": {
        "type": "Point",
        "coordinates": [
          78.1619935,
          11.6600537
        ]
      },
      "id": "node/5349010252"
    },
    {
      "type": "Feature",
      "properties": {
        "@id": "node/5349249832",
        "internet_access": "no",
        "name": "Salem Market",
        "name:ta": "சேலம் சந்தை",
        "name:ur": "سیلم مارکیٹ",
        "network": "IR",
        "operator": "SR",
        "public_transport": "station",
        "railway": "station",
        "ref": "SAMT",
        "wikidata": "Q63371902"
      },
      "geometry": {
        "type": "Point",
        "coordinates": [
          78.143917,
          11.655
        ]
      },
      "id": "node/5349249832"
    },
    {
      "type": "Feature",
      "properties": {
        "@id": "node/5349727251",
        "internet_access": "no",
        "name": "Tattapparai",
        "name:hi": "तट्टप्पारै",
        "name:ta": "தட்டப்பாரை",
        "network": "IR",
        "operator": "SR",
        "public_transport": "station",
        "railway": "station",
        "ref": "TIP",
        "wikidata": "Q63360796"
      },
      "geometry": {
        "type": "Point",
        "coordinates": [
          78.0231972,
          8.827761
        ]
      },
      "id": "node/5349727251"
    },
    {
      "type": "Feature",
      "properties": {
        "@id": "node/5349727264",
        "internet_access": "no",
        "name": "Milavittan",
        "name:hi": "मीलविट्टान",
        "name:ta": "மீௗவிட்டான்",
        "network": "IR",
        "operator": "SR",
        "public_transport": "station",
        "railway": "station",
        "ref": "MVN",
        "wikidata": "Q63358125"
      },
      "geometry": {
        "type": "Point",
        "coordinates": [
          78.0877263,
          8.811644
        ]
      },
      "id": "node/5349727264"
    },
    {
      "type": "Feature",
      "properties": {
        "@id": "node/5349727306",
        "internet_access": "wlan",
        "name": "Tuticorin",
        "name:hi": "तूत्तुक्कुडि",
        "name:ta": "தூத்துக்குடி",
        "network": "IR",
        "operator": "SR",
        "public_transport": "station",
        "railway": "station",
        "ref": "TN",
        "wheelchair": "yes",
        "wikidata": "Q15424349",
        "wikipedia": "en:Tuticorin railway station"
      },
      "geometry": {
        "type": "Point",
        "coordinates": [
          78.1553488,
          8.8059955
        ]
      },
      "id": "node/5349727306"
    },
    {
      "type": "Feature",
      "properties": {
        "@id": "node/5351824967",
        "internet_access": "no",
        "name": "Kachchanavilai",
        "network": "IR",
        "operator": "SR",
        "public_transport": "station",
        "railway": "station",
        "ref": "KCHV",
        "train": "yes",
        "wikidata": "Q63356464"
      },
      "geometry": {
        "type": "Point",
        "coordinates": [
          78.0206161,
          8.5783118
        ]
      },
      "id": "node/5351824967"
    },
    {
      "type": "Feature",
      "properties": {
        "@id": "node/5351824969",
        "internet_access": "no",
        "name": "Kurumbur",
        "network": "IR",
        "operator": "SR",
        "public_transport": "station",
        "railway": "station",
        "ref": "KZB",
        "wikidata": "Q63355247"
      },
      "geometry": {
        "type": "Point",
        "coordinates": [
          78.0394315,
          8.5856868
        ]
      },
      "id": "node/5351824969"
    },
    {
      "type": "Feature",
      "properties": {
        "@id": "node/5351825019",
        "internet_access": "no",
        "name": "Arumuganeri",
        "network": "IR",
        "operator": "SR",
        "public_transport": "station",
        "railway": "station",
        "ref": "ANY",
        "wikidata": "Q24886232",
        "wikipedia": "en:Arumuganeri railway station"
      },
      "geometry": {
        "type": "Point",
        "coordinates": [
          78.092,
          8.5794484
        ]
      },
      "id": "node/5351825019"
    },
    {
      "type": "Feature",
      "properties": {
        "@id": "node/5351826024",
        "internet_access": "no",
        "name": "Kayalpattinam",
        "network": "IR",
        "operator": "SR",
        "public_transport": "station",
        "railway": "station",
        "ref": "KZY",
        "wikidata": "Q63355210"
      },
      "geometry": {
        "type": "Point",
        "coordinates": [
          78.1003644,
          8.5677868
        ]
      },
      "id": "node/5351826024"
    },
    {
      "type": "Feature",
      "properties": {
        "@id": "node/5353573460",
        "internet_access": "no",
        "name": "Madurai East",
        "name:ml": "മധുര കിഴക്ക്",
        "name:ta": "மதுரை கிழக்கு",
        "network": "IR",
        "operator": "SR",
        "public_transport": "station",
        "railway": "station",
        "ref": "MES",
        "train": "yes",
        "wikidata": "Q24947834",
        "wikipedia": "en:Madurai East railway station"
      },
      "geometry": {
        "type": "Point",
        "coordinates": [
          78.1345452,
          9.9090767
        ]
      },
      "id": "node/5353573460"
    },
    {
      "type": "Feature",
      "properties": {
        "@id": "node/5353573468",
        "internet_access": "no",
        "name": "Silaiman",
        "network": "IR",
        "operator": "SR",
        "public_transport": "station",
        "railway": "station",
        "ref": "ILA",
        "train": "yes",
        "wheelchair": "yes",
        "wikidata": "Q63361482"
      },
      "geometry": {
        "type": "Point",
        "coordinates": [
          78.2010874,
          9.8675104
        ]
      },
      "id": "node/5353573468"
    },
    {
      "type": "Feature",
      "properties": {
        "@id": "node/5353573491",
        "internet_access": "no",
        "name": "Tiruppuvanam",
        "network": "IR",
        "operator": "SR",
        "public_transport": "station",
        "railway": "station",
        "ref": "TVN",
        "train": "yes",
        "wikidata": "Q63357209"
      },
      "geometry": {
        "type": "Point",
        "coordinates": [
          78.2594924,
          9.8218179
        ]
      },
      "id": "node/5353573491"
    },
    {
      "type": "Feature",
      "properties": {
        "@id": "node/5353573522",
        "internet_access": "no",
        "name": "Tiruppachetti",
        "network": "IR",
        "operator": "SR",
        "public_transport": "station",
        "railway": "station",
        "ref": "TPC",
        "train": "yes",
        "wikidata": "Q63357212"
      },
      "geometry": {
        "type": "Point",
        "coordinates": [
          78.3446512,
          9.773777
        ]
      },
      "id": "node/5353573522"
    },
    {
      "type": "Feature",
      "properties": {
        "@id": "node/5353573546",
        "internet_access": "no",
        "name": "Tirupattur",
        "name:hi": "तीरुपत्तुर",
        "name:ta": "திருப்பத்தூர்",
        "network": "IR",
        "operator": "SR",
        "public_transport": "station",
        "railway": "station",
        "ref": "TPT",
        "train": "yes",
        "wikidata": "Q24943571"
      },
      "geometry": {
        "type": "Point",
        "coordinates": [
          78.5618167,
          12.4983561
        ]
      },
      "id": "node/5353573546"
    },
    {
      "type": "Feature",
      "properties": {
        "@id": "node/5585526150",
        "internet_access": "no",
        "name": "Muttasaranallur",
        "network": "IR",
        "operator": "SR",
        "public_transport": "station",
        "railway": "station",
        "ref": "MTNL",
        "train": "yes",
        "wikidata": "Q63357550"
      },
      "geometry": {
        "type": "Point",
        "coordinates": [
          78.6484358,
          10.866458
        ]
      },
      "id": "node/5585526150"
    },
    {
      "type": "Feature",
      "properties": {
        "@id": "node/5614640588",
        "internet_access": "no",
        "name": "Kagankarai",
        "name:ta": "ககன்கரை",
        "network": "IR",
        "operator": "SR",
        "public_transport": "station",
        "railway": "station",
        "ref": "KEY",
        "train": "yes",
        "wikidata": "Q63355415"
      },
      "geometry": {
        "type": "Point",
        "coordinates": [
          78.5085185,
          12.4101735
        ]
      },
      "id": "node/5614640588"
    },
    {
      "type": "Feature",
      "properties": {
        "@id": "node/5614640589",
        "internet_access": "no",
        "name": "Molakarampatti",
        "network": "IR",
        "operator": "SR",
        "public_transport": "station",
        "railway": "station",
        "ref": "MOLK",
        "train": "yes",
        "wikidata": "Q63355414"
      },
      "geometry": {
        "type": "Point",
        "coordinates": [
          78.5350367,
          12.4557489
        ]
      },
      "id": "node/5614640589"
    },
    {
      "type": "Feature",
      "properties": {
        "@id": "node/5615288574",
        "internet_access": "no",
        "name": "Samalpatti",
        "name:hi": "समलपट्टी",
        "name:ta": "சாமல்பட்டி",
        "network": "IR",
        "operator": "SR",
        "public_transport": "station",
        "railway": "station",
        "ref": "SLY",
        "train": "yes",
        "wikidata": "Q85799335",
        "wikipedia": "en:Samalpatti Railway Station"
      },
      "geometry": {
        "type": "Point",
        "coordinates": [
          78.4829444,
          12.3109281
        ]
      },
      "id": "node/5615288574"
    },
    {
      "type": "Feature",
      "properties": {
        "@id": "node/5615288613",
        "internet_access": "no",
        "name": "Dasampatti",
        "network": "IR",
        "operator": "SR",
        "public_transport": "station",
        "railway": "station",
        "ref": "DST",
        "train": "yes",
        "wikidata": "Q63355418"
      },
      "geometry": {
        "type": "Point",
        "coordinates": [
          78.4396477,
          12.2519985
        ]
      },
      "id": "node/5615288613"
    },
    {
      "type": "Feature",
      "properties": {
        "@id": "node/5615288835",
        "internet_access": "no",
        "name": "Doddampatti",
        "name:kn": "ದೊಡ್ಡಂಪಟ್ಟಿ",
        "network": "IR",
        "operator": "SR",
        "public_transport": "station",
        "railway": "station",
        "ref": "DPI",
        "train": "yes",
        "wikidata": "Q63354650"
      },
      "geometry": {
        "type": "Point",
        "coordinates": [
          78.422334,
          12.1812987
        ]
      },
      "id": "node/5615288835"
    },
    {
      "type": "Feature",
      "properties": {
        "@id": "node/5615288917",
        "internet_access": "no",
        "name": "Morappur",
        "name:hi": "मोरप्पूर",
        "name:ta": "மொரப்பூர்",
        "network": "IR",
        "operator": "SR",
        "public_transport": "station",
        "railway": "station",
        "ref": "MAP",
        "train": "yes",
        "wheelchair": "yes",
        "wikidata": "Q63355419"
      },
      "geometry": {
        "type": "Point",
        "coordinates": [
          78.394782,
          12.1259048
        ]
      },
      "id": "node/5615288917"
    },
    {
      "type": "Feature",
      "properties": {
        "@id": "node/5616004256",
        "internet_access": "no",
        "name": "Buddireddippatti",
        "network": "IR",
        "operator": "SR",
        "public_transport": "station",
        "railway": "station",
        "ref": "BDY",
        "train": "yes",
        "wikidata": "Q63355342"
      },
      "geometry": {
        "type": "Point",
        "coordinates": [
          78.3137514,
          12.0463079
        ]
      },
      "id": "node/5616004256"
    },
    {
      "type": "Feature",
      "properties": {
        "@id": "node/5616004257",
        "internet_access": "no",
        "name": "Bommidi",
        "name:hi": "बोम्मिडि",
        "name:ta": "பொம்மிடி",
        "network": "IR",
        "operator": "SR",
        "public_transport": "station",
        "railway": "station",
        "ref": "BQI",
        "train": "yes",
        "wikidata": "Q25549463"
      },
      "geometry": {
        "type": "Point",
        "coordinates": [
          78.2459633,
          11.984149
        ]
      },
      "id": "node/5616004257"
    },
    {
      "type": "Feature",
      "properties": {
        "@id": "node/5616004263",
        "internet_access": "no",
        "name": "Lokur",
        "name:hi": "लोकुर",
        "name:ta": "லோகூர்",
        "network": "IR",
        "operator": "SR",
        "public_transport": "station",
        "railway": "station",
        "ref": "LCR",
        "train": "yes",
        "wikidata": "Q63355345"
      },
      "geometry": {
        "type": "Point",
        "coordinates": [
          78.1746844,
          11.9287483
        ]
      },
      "id": "node/5616004263"
    },
    {
      "type": "Feature",
      "properties": {
        "@id": "node/5760183640",
        "internet_access": "no",
        "name": "Tyakal",
        "name:kn": "ಟೇಕಲ್",
        "name:ml": "ടേക്കൽ",
        "network": "IR",
        "operator": "SWR",
        "public_transport": "station",
        "railway": "station",
        "ref": "TCL",
        "wikidata": "Q63369886"
      },
      "geometry": {
        "type": "Point",
        "coordinates": [
          78.0711128,
          12.9845826
        ]
      },
      "id": "node/5760183640"
    },
    {
      "type": "Feature",
      "properties": {
        "@id": "node/5760183667",
        "internet_access": "wlan",
        "name": "Bangarpet Junction",
        "name:kn": "ಬಂಗಾರಪೇಟೆ ಜಂಕ್ಷನ್",
        "name:ml": "ബംഗാരപ്പേട്ട ജംഗ്ഷൻ",
        "network": "IR",
        "operator": "SWR",
        "railway": "station",
        "ref": "BWT",
        "wikidata": "Q17049573",
        "wikipedia": "en:Bangarapet Junction railway station"
      },
      "geometry": {
        "type": "Point",
        "coordinates": [
          78.178224,
          12.9854946
        ]
      },
      "id": "node/5760183667"
    },
    {
      "type": "Feature",
      "properties": {
        "@id": "node/5956244327",
        "internet_access": "no",
        "name": "Periyakottai",
        "network": "IR",
        "operator": "SR",
        "public_transport": "station",
        "railway": "station",
        "ref": "PYK",
        "train": "yes",
        "wikidata": "Q105763735"
      },
      "geometry": {
        "type": "Point",
        "coordinates": [
          78.8730711,
          10.1215567
        ]
      },
      "id": "node/5956244327"
    },
    {
      "type": "Feature",
      "properties": {
        "@id": "node/5984608795",
        "name": "Thiruvalangadu",
        "public_transport": "station",
        "railway": "station",
        "ref": "TO",
        "train": "yes"
      },
      "geometry": {
        "type": "Point",
        "coordinates": [
          79.7634037,
          13.0904025
        ]
      },
      "id": "node/5984608795"
    },
    {
      "type": "Feature",
      "properties": {
        "@id": "node/6017178185",
        "internet_access": "no",
        "name": "Karuvalli",
        "network": "IR",
        "operator": "SWR",
        "public_transport": "station",
        "railway": "station",
        "ref": "KVLR",
        "train": "yes",
        "wikidata": "Q63358092"
      },
      "geometry": {
        "type": "Point",
        "coordinates": [
          78.0280046,
          11.8310154
        ]
      },
      "id": "node/6017178185"
    },
    {
      "type": "Feature",
      "properties": {
        "@id": "node/6017330755",
        "internet_access": "no",
        "name": "Sivadi",
        "name:en": "Sivadi",
        "name:hi": "सिवाडि",
        "network": "IR",
        "operator": "SWR",
        "public_transport": "station",
        "railway": "station",
        "ref": "SVZ",
        "train": "yes",
        "wikidata": "Q63360814"
      },
      "geometry": {
        "type": "Point",
        "coordinates": [
          78.1182781,
          12.0390657
        ]
      },
      "id": "node/6017330755"
    },
    {
      "type": "Feature",
      "properties": {
        "@id": "node/6022434015",
        "internet_access": "no",
        "name": "Mallur",
        "network": "IR",
        "operator": "SR",
        "public_transport": "station",
        "railway": "station",
        "ref": "MALR",
        "train": "yes",
        "wikidata": "Q24950043"
      },
      "geometry": {
        "type": "Point",
        "coordinates": [
          78.1348392,
          11.5541222
        ]
      },
      "id": "node/6022434015"
    },
    {
      "type": "Feature",
      "properties": {
        "@id": "node/6022434244",
        "internet_access": "no",
        "name": "Kalangani",
        "network": "IR",
        "operator": "SR",
        "public_transport": "station",
        "railway": "station",
        "ref": "KLGN",
        "train": "yes",
        "wikidata": "Q24950223",
        "wikipedia": "en:Kalangani railway station"
      },
      "geometry": {
        "type": "Point",
        "coordinates": [
          78.1760284,
          11.3315033
        ]
      },
      "id": "node/6022434244"
    },
    {
      "type": "Feature",
      "properties": {
        "@id": "node/6024112209",
        "internet_access": "no",
        "name": "Murthipalayam",
        "name:ta": "மூர்த்திபாளையம்",
        "network": "IR",
        "operator": "SR",
        "public_transport": "station",
        "railway": "station",
        "ref": "MPLM",
        "train": "yes",
        "wikidata": "Q63358131"
      },
      "geometry": {
        "type": "Point",
        "coordinates": [
          78.0226297,
          11.0214102
        ]
      },
      "id": "node/6024112209"
    },
    {
      "type": "Feature",
      "properties": {
        "@id": "node/6024193345",
        "internet_access": "no",
        "name": "Virarakkiyam",
        "name:ta": "வீரராக்கியம்",
        "network": "IR",
        "operator": "SR",
        "public_transport": "station",
        "railway": "station",
        "ref": "VRQ",
        "train": "yes",
        "wikidata": "Q63357272"
      },
      "geometry": {
        "type": "Point",
        "coordinates": [
          78.1661261,
          10.9389074
        ]
      },
      "id": "node/6024193345"
    },
    {
      "type": "Feature",
      "properties": {
        "@id": "node/6025339763",
        "internet_access": "no",
        "name": "Sithalavai",
        "name:ta": "சிதளவை",
        "network": "IR",
        "operator": "SR",
        "public_transport": "station",
        "railway": "station",
        "ref": "SEV",
        "train": "yes",
        "wikidata": "Q63357052"
      },
      "geometry": {
        "type": "Point",
        "coordinates": [
          78.2740515,
          10.9582792
        ]
      },
      "id": "node/6025339763"
    },
    {
      "type": "Feature",
      "properties": {
        "@id": "node/6025348098",
        "internet_access": "no",
        "name": "Mahadanapuram",
        "name:ta": "மகாதானபுரம்",
        "network": "IR",
        "operator": "SR",
        "public_transport": "station",
        "railway": "station",
        "ref": "MMH",
        "train": "yes",
        "wikidata": "Q63369412"
      },
      "geometry": {
        "type": "Point",
        "coordinates": [
          78.2995421,
          10.9535779
        ]
      },
      "id": "node/6025348098"
    },
    {
      "type": "Feature",
      "properties": {
        "@id": "node/6025355809",
        "internet_access": "no",
        "name": "Lalapet",
        "network": "IR",
        "operator": "SR",
        "public_transport": "station",
        "railway": "station",
        "ref": "LP",
        "train": "yes",
        "wikidata": "Q63357487"
      },
      "geometry": {
        "type": "Point",
        "coordinates": [
          78.3397983,
          10.9514935
        ]
      },
      "id": "node/6025355809"
    },
    {
      "type": "Feature",
      "properties": {
        "@id": "node/6025360785",
        "internet_access": "no",
        "name": "Timmachipuram",
        "network": "IR",
        "operator": "SR",
        "public_transport": "station",
        "railway": "station",
        "ref": "TIC",
        "train": "yes",
        "wikidata": "Q63360811"
      },
      "geometry": {
        "type": "Point",
        "coordinates": [
          78.3725168,
          10.9526627
        ]
      },
      "id": "node/6025360785"
    },
    {
      "type": "Feature",
      "properties": {
        "@id": "node/6026329110",
        "internet_access": "no",
        "name": "Pettaivaytalai",
        "network": "IR",
        "operator": "SR",
        "public_transport": "station",
        "railway": "station",
        "ref": "PLI",
        "train": "yes",
        "wikidata": "Q63369382"
      },
      "geometry": {
        "type": "Point",
        "coordinates": [
          78.4935405,
          10.8988575
        ]
      },
      "id": "node/6026329110"
    },
    {
      "type": "Feature",
      "properties": {
        "@id": "node/6026340118",
        "internet_access": "no",
        "name": "Perugamani",
        "network": "IR",
        "operator": "SR",
        "public_transport": "station",
        "railway": "station",
        "ref": "PGN",
        "train": "yes",
        "wikidata": "Q63356170"
      },
      "geometry": {
        "type": "Point",
        "coordinates": [
          78.5475192,
          10.888803
        ]
      },
      "id": "node/6026340118"
    },
    {
      "type": "Feature",
      "properties": {
        "@id": "node/6026356091",
        "internet_access": "no",
        "name": "Elamanur",
        "network": "IR",
        "operator": "SR",
        "public_transport": "station",
        "railway": "station",
        "ref": "EL",
        "train": "yes",
        "wikidata": "Q63355482"
      },
      "geometry": {
        "type": "Point",
        "coordinates": [
          78.5738912,
          10.8796682
        ]
      },
      "id": "node/6026356091"
    },
    {
      "type": "Feature",
      "properties": {
        "@id": "node/6026414389",
        "internet_access": "no",
        "name": "Velliyanai",
        "network": "IR",
        "operator": "SR",
        "public_transport": "station",
        "railway": "station",
        "ref": "VEI",
        "train": "yes",
        "wikidata": "Q55637029"
      },
      "geometry": {
        "type": "Point",
        "coordinates": [
          78.1155029,
          10.8404433
        ]
      },
      "id": "node/6026414389"
    },
    {
      "type": "Feature",
      "properties": {
        "@id": "node/6026460791",
        "internet_access": "no",
        "name": "Vembur",
        "network": "IR",
        "operator": "SR",
        "public_transport": "station",
        "railway": "station",
        "ref": "VBU",
        "train": "yes",
        "wikidata": "Q55637039"
      },
      "geometry": {
        "type": "Point",
        "coordinates": [
          78.0733996,
          10.5945317
        ]
      },
      "id": "node/6026460791"
    },
    {
      "type": "Feature",
      "properties": {
        "@id": "node/6026468163",
        "internet_access": "no",
        "name": "Eriodu",
        "network": "IR",
        "operator": "SR",
        "public_transport": "station",
        "railway": "station",
        "ref": "EDU",
        "train": "yes",
        "wikidata": "Q54389911"
      },
      "geometry": {
        "type": "Point",
        "coordinates": [
          78.0567549,
          10.5157226
        ]
      },
      "id": "node/6026468163"
    },
    {
      "type": "Feature",
      "properties": {
        "@id": "node/6026478555",
        "internet_access": "no",
        "name": "Kulathur",
        "name:ta": "குளத்தூர்",
        "network": "IR",
        "operator": "SR",
        "public_transport": "station",
        "railway": "station",
        "ref": "KUTR",
        "train": "yes",
        "wikidata": "Q63356576"
      },
      "geometry": {
        "type": "Point",
        "coordinates": [
          78.009917,
          10.4348038
        ]
      },
      "id": "node/6026478555"
    },
    {
      "type": "Feature",
      "properties": {
        "@id": "node/6063945408",
        "internet_access": "no",
        "name": "Somanayakkanpatti",
        "network": "IR",
        "operator": "SWR",
        "public_transport": "station",
        "railway": "station",
        "ref": "SKPT",
        "train": "yes",
        "wikidata": "Q63369906"
      },
      "geometry": {
        "type": "Point",
        "coordinates": [
          78.5422541,
          12.5750296
        ]
      },
      "id": "node/6063945408"
    },
    {
      "type": "Feature",
      "properties": {
        "@id": "node/6064300323",
        "internet_access": "no",
        "name": "Gudupulli",
        "network": "IR",
        "operator": "SWR",
        "public_transport": "station",
        "railway": "station",
        "ref": "GDP",
        "train": "yes",
        "wikidata": "Q63369900"
      },
      "geometry": {
        "type": "Point",
        "coordinates": [
          78.2747707,
          12.8034773
        ]
      },
      "id": "node/6064300323"
    },
    {
      "type": "Feature",
      "properties": {
        "@id": "node/6064361419",
        "internet_access": "no",
        "name": "Varadapura",
        "name:kn": "ವರದಾಪುರ",
        "network": "IR",
        "operator": "SWR",
        "public_transport": "station",
        "railway": "station",
        "ref": "VRDP",
        "train": "yes",
        "wikidata": "Q63369896"
      },
      "geometry": {
        "type": "Point",
        "coordinates": [
          78.1914439,
          12.9224513
        ]
      },
      "id": "node/6064361419"
    },
    {
      "type": "Feature",
      "properties": {
        "@id": "node/6065355651",
        "internet_access": "no",
        "name": "Maralahalli",
        "name:kn": "ಮರಲಾಹಳ್ಳಿ",
        "network": "IR",
        "operator": "SWR",
        "public_transport": "station",
        "railway": "station",
        "ref": "MZV",
        "train": "yes",
        "wikidata": "Q63369887"
      },
      "geometry": {
        "type": "Point",
        "coordinates": [
          78.1243571,
          12.9869491
        ]
      },
      "id": "node/6065355651"
    },
    {
      "type": "Feature",
      "properties": {
        "@id": "node/6065388673",
        "internet_access": "no",
        "name": "Byatrayanahalli",
        "name:kn": "ಬ್ಯಾಟರಾಯನಹಳ್ಳಿ",
        "network": "IR",
        "operator": "SWR",
        "public_transport": "station",
        "railway": "station",
        "ref": "BFW",
        "train": "yes",
        "wikidata": "Q63369884"
      },
      "geometry": {
        "type": "Point",
        "coordinates": [
          78.0174938,
          12.9955268
        ]
      },
      "id": "node/6065388673"
    },
    {
      "type": "Feature",
      "properties": {
        "@id": "node/6068833789",
        "internet_access": "no",
        "name": "Chinnakotte",
        "name:kn": "ಚಿನ್ನಕೋಟೆ",
        "network": "IR",
        "operator": "SWR",
        "public_transport": "station",
        "railway": "station",
        "ref": "CNKH",
        "train": "yes",
        "wikidata": "Q87923614"
      },
      "geometry": {
        "type": "Point",
        "coordinates": [
          78.2261746,
          12.9812267
        ]
      },
      "id": "node/6068833789"
    },
    {
      "type": "Feature",
      "properties": {
        "@id": "node/6068892361",
        "internet_access": "no",
        "name": "Champion",
        "network": "IR",
        "operator": "SWR",
        "public_transport": "station",
        "railway": "station",
        "ref": "CHU",
        "train": "yes",
        "wikidata": "Q63357986"
      },
      "geometry": {
        "type": "Point",
        "coordinates": [
          78.2629408,
          12.9363711
        ]
      },
      "id": "node/6068892361"
    },
    {
      "type": "Feature",
      "properties": {
        "@id": "node/6285857237",
        "alt_name": "Officers Training Academy",
        "local_ref": "Officers Training Academy",
        "name": "Nanganallur Road",
        "name:en": "Nanganallur Road",
        "name:ml": "നങ്കനല്ലൂർ റോഡ്",
        "name:ta": "நங்கநல்லூர் சாலை",
        "network": "Chennai Metro",
        "note": "Contributors are requested to not edit the \"network\" and the \"operator\" tags. (2023/11/08)",
        "operator": "Chennai Metro Rail Limited",
        "public_transport": "station",
        "railway": "station",
        "railway:ref": "SOT",
        "ref": "SOT",
        "station": "subway",
        "subway": "yes",
        "wikidata": "Q19894462",
        "wikipedia": "en:Nanganallur Road metro station"
      },
      "geometry": {
        "type": "Point",
        "coordinates": [
          80.1940099,
          12.9998798
        ]
      },
      "id": "node/6285857237"
    },
    {
      "type": "Feature",
      "properties": {
        "@id": "node/6285857239",
        "name": "Meenambakkam",
        "name:en": "Meenambakkam",
        "name:ml": "മീനമ്പാക്കം",
        "name:ta": "மீனம்பாக்கம்",
        "network": "Chennai Metro",
        "note": "Contributors are requested to not edit the \"network\" and the \"operator\" tags. (2023/11/08)",
        "operator": "Chennai Metro Rail Limited",
        "public_transport": "station",
        "railway": "station",
        "railway:ref": "SME",
        "ref": "SME",
        "station": "subway",
        "subway": "yes",
        "wheelchair": "yes",
        "wikidata": "Q19893884",
        "wikipedia": "en:Meenambakkam metro station"
      },
      "geometry": {
        "type": "Point",
        "coordinates": [
          80.1764787,
          12.9876728
        ]
      },
      "id": "node/6285857239"
    },
    {
      "type": "Feature",
      "properties": {
        "@id": "node/6285857241",
        "name": "Chennai International Airport",
        "name:en": "Chennai International Airport",
        "name:ml": "ചെന്നൈ വിമാനത്താവളം",
        "name:ta": "சென்னை விமான நிலையம்",
        "network": "Chennai Metro",
        "note": "Contributors are requested to not edit the \"network\" and the \"operator\" tags. (2023/11/08)",
        "operator": "Chennai Metro Rail Limited",
        "public_transport": "station",
        "railway": "station",
        "railway:ref": "SAP",
        "ref": "SAP",
        "station": "subway",
        "subway": "yes",
        "wikidata": "Q5091440",
        "wikipedia": "en:Chennai International Airport metro station"
      },
      "geometry": {
        "type": "Point",
        "coordinates": [
          80.1642026,
          12.9808092
        ]
      },
      "id": "node/6285857241"
    },
    {
      "type": "Feature",
      "properties": {
        "@id": "node/6285857242",
        "name": "தேனாம்பேட்டை",
        "name:en": "Teynampet",
        "name:ml": "തേനാംപേട്ട",
        "name:ta": "தேனாம்பேட்டை",
        "network": "Chennai Metro",
        "network:wikidata": "Q1639576",
        "note": "Contributors are requested to not edit the \"network\" and the \"operator\" tags. (2023/11/08)",
        "operator": "Chennai Metro Rail Limited",
        "public_transport": "station",
        "railway": "station",
        "railway:ref": "STE",
        "ref": "STE",
        "station": "subway",
        "subway": "yes",
        "wikidata": "Q55634996",
        "wikipedia": "en:Teynampet metro station"
      },
      "geometry": {
        "type": "Point",
        "coordinates": [
          80.2464194,
          13.0368003
        ]
      },
      "id": "node/6285857242"
    },
    {
      "type": "Feature",
      "properties": {
        "@id": "node/6285857243",
        "alt_name": "Chamiers Road",
        "local_ref": "Chamiers Road",
        "name": "நந்தனம்",
        "name:en": "Nandanam",
        "name:ml": "നന്ദനം",
        "name:ta": "நந்தனம்",
        "network": "Chennai Metro",
        "network:wikidata": "Q1639576",
        "note": "Contributors are requested to not edit the \"network\" and the \"operator\" tags. (2023/11/08)",
        "operator": "Chennai Metro Rail Limited",
        "public_transport": "station",
        "railway": "station",
        "railway:ref": "SCR",
        "ref": "SCR",
        "station": "subway",
        "subway": "yes",
        "wikidata": "Q55624607",
        "wikipedia": "en:Nandanam metro station"
      },
      "geometry": {
        "type": "Point",
        "coordinates": [
          80.2411957,
          13.0317092
        ]
      },
      "id": "node/6285857243"
    },
    {
      "type": "Feature",
      "properties": {
        "@id": "node/6285857244",
        "name": "சைதாப்பேட்டை",
        "name:en": "Saidapet",
        "name:ml": "സൈദാപേട്ട",
        "name:ta": "சைதாப்பேட்டை",
        "network": "Chennai Metro",
        "network:wikidata": "Q1639576",
        "note": "Contributors are requested to not edit the \"network\" and the \"operator\" tags. (2023/11/08)",
        "operator": "Chennai Metro Rail Limited",
        "public_transport": "station",
        "railway": "station",
        "railway:ref": "SSA",
        "ref": "SSA",
        "station": "subway",
        "subway": "yes",
        "wikidata": "Q55632346",
        "wikipedia": "en:Saidapet metro station"
      },
      "geometry": {
        "type": "Point",
        "coordinates": [
          80.2281244,
          13.0239952
        ]
      },
      "id": "node/6285857244"
    },
    {
      "type": "Feature",
      "properties": {
        "@id": "node/6285857246",
        "name": "சின்னமலை",
        "name:en": "Little Mount",
        "name:ml": "ചിന്നമല",
        "name:ta": "சின்னமலை",
        "network": "Chennai Metro",
        "note": "Contributors are requested to not edit the \"network\" and the \"operator\" tags. (2023/11/08)",
        "operator": "Chennai Metro Rail Limited",
        "public_transport": "station",
        "railway": "station",
        "railway:ref": "SLM",
        "ref": "SLM",
        "station": "subway",
        "subway": "yes",
        "wheelchair": "yes",
        "wikidata": "Q30639073",
        "wikipedia": "en:Little Mount metro station"
      },
      "geometry": {
        "type": "Point",
        "coordinates": [
          80.2241669,
          13.0146634
        ]
      },
      "id": "node/6285857246"
    },
    {
      "type": "Feature",
      "properties": {
        "@id": "node/6285857248",
        "name": "கிண்டி",
        "name:en": "Guindy",
        "name:ml": "ഗിണ്ടി",
        "name:ta": "கிண்டி",
        "network": "Chennai Metro",
        "note": "Contributors are requested to not edit the \"network\" and the \"operator\" tags. (2023/11/08)",
        "operator": "Chennai Metro Rail Limited",
        "public_transport": "station",
        "railway": "station",
        "railway:ref": "SGU",
        "ref": "SGU",
        "station": "subway",
        "subway": "yes",
        "wikidata": "Q18357501",
        "wikipedia": "en:Guindy metro station"
      },
      "geometry": {
        "type": "Point",
        "coordinates": [
          80.2130846,
          13.0092746
        ]
      },
      "id": "node/6285857248"
    },
    {
      "type": "Feature",
      "properties": {
        "@id": "node/6285857249",
        "alt_name": "Gemini",
        "alt_name:ta": "ஜெமினி",
        "local_ref": "Gemini",
        "name": "ஏ ஜி டி.எம்.எஸ்",
        "name:en": "AG-DMS",
        "name:ml": "എജി - ഡിഎംഎസ്",
        "name:ta": "ஏ ஜி டி.எம்.எஸ்",
        "network": "Chennai Metro",
        "note": "Contributors are requested to not edit the \"network\" and the \"operator\" tags. (2023/11/08)",
        "operator": "Chennai Metro Rail Limited",
        "public_transport": "station",
        "railway": "station",
        "railway:ref": "SGM",
        "ref": "SGM",
        "station": "subway",
        "subway": "yes",
        "wikidata": "Q55602937",
        "wikipedia": "en:AG-DMS metro station"
      },
      "geometry": {
        "type": "Point",
        "coordinates": [
          80.2482846,
          13.0458852
        ]
      },
      "id": "node/6285857249"
    },
    {
      "type": "Feature",
      "properties": {
        "@id": "node/6285857253",
        "alt_name": "Chennai Central",
        "alt_name:en": "Chennai Central",
        "alt_name:hi": "चेन्नई सेंट्रल",
        "internet_access": "no",
        "name": "Central Metro",
        "name:en": "Central Metro",
        "name:hi": "सेंट्रल मेट्रो",
        "name:ml": "ചെന്നൈ സെൻട്രൽ",
        "name:ta": "சென்னை மத்திய ரயில் நிலையம்",
        "network": "Chennai Metro",
        "note": "Contributors are requested to not edit the \"network\" and the \"operator\" tags. (2023/11/08)",
        "operator": "Chennai Metro Rail Limited",
        "public_transport": "station",
        "railway": "station",
        "railway:ref": "SCC",
        "ref": "SCC",
        "station": "subway",
        "subway": "yes",
        "wikidata": "Q5091428",
        "wikipedia": "en:Chennai Central metro station"
      },
      "geometry": {
        "type": "Point",
        "coordinates": [
          80.273916,
          13.0817254
        ]
      },
      "id": "node/6285857253"
    },
    {
      "type": "Feature",
      "properties": {
        "@id": "node/6460934200",
        "internet_access": "no",
        "name": "Washermanpet",
        "name:ml": "വണ്ണാരപ്പേട്ട",
        "name:ta": "வண்ணாரப்பேட்டை",
        "network": "IR",
        "operator": "SR",
        "public_transport": "station",
        "railway": "station",
        "ref": "WST",
        "wikidata": "Q7971483",
        "wikipedia": "en:Washermanpet railway station"
      },
      "geometry": {
        "type": "Point",
        "coordinates": [
          80.2820095,
          13.1089648
        ]
      },
      "id": "node/6460934200"
    },
    {
      "type": "Feature",
      "properties": {
        "@id": "node/8430632406",
        "alt_name": "Sir Tyagaraya College;Sir Thyagaraya College",
        "alt_name:hi": "सर तियागराया कौलेज",
        "name": "Sir Theagaraya College",
        "name:en": "Sir Theagaraya College",
        "name:hi": "सर त्यागराया कॉलेज",
        "name:ml": "ത്യാഗരായ കോളേജ്",
        "name:ta": "தியாகராயா கல்லூரி",
        "network": "Chennai Metro",
        "note": "Contributors are requested to not edit the \"network\" and the \"operator\" tags. (2023/11/08)",
        "operator": "Chennai Metro Rail Limited",
        "public_transport": "station",
        "railway": "station",
        "railway:ref": "STC",
        "ref": "STC",
        "station": "subway",
        "subway": "yes",
        "wikidata": "Q105676245"
      },
      "geometry": {
        "type": "Point",
        "coordinates": [
          80.2847439,
          13.1157545
        ]
      },
      "id": "node/8430632406"
    },
    {
      "type": "Feature",
      "properties": {
        "@id": "node/8430632416",
        "name": "Tondiarpet",
        "name:en": "Tondiarpet",
        "name:ml": "തണ്ടയാർപേട്ട",
        "name:ta": "தொண்டையார்பேட்டை",
        "network": "Chennai Metro",
        "note": "Contributors are requested to not edit the \"network\" and the \"operator\" tags. (2023/11/08)",
        "operator": "Chennai Metro Rail Limited",
        "public_transport": "station",
        "railway": "station",
        "railway:ref": "STR",
        "ref": "STR",
        "station": "subway",
        "subway": "yes"
      },
      "geometry": {
        "type": "Point",
        "coordinates": [
          80.2888557,
          13.1245276
        ]
      },
      "id": "node/8430632416"
    },
    {
      "type": "Feature",
      "properties": {
        "@id": "node/8430636713",
        "name": "Wimco Nagar",
        "name:en": "Wimco Nagar",
        "name:hi": "विम्को नगर",
        "name:ml": "വിംകോ നഗർ",
        "name:ta": "விம்கோ நகர்",
        "network": "Chennai Metro",
        "note": "Contributors are requested to not edit the \"network\" and the \"operator\" tags. (2023/11/08)",
        "operator": "Chennai Metro Rail Limited",
        "public_transport": "station",
        "railway": "station",
        "railway:ref": "SWN",
        "ref": "SWN",
        "station": "subway",
        "subway": "yes",
        "wikidata": "Q104856728"
      },
      "geometry": {
        "type": "Point",
        "coordinates": [
          80.3073435,
          13.1792903
        ]
      },
      "id": "node/8430636713"
    },
    {
      "type": "Feature",
      "properties": {
        "@id": "node/8430636714",
        "name": "Thiruvottriyur",
        "name:en": "Thiruvottriyur",
        "name:ml": "തിരുവൊറ്റിയൂർ",
        "name:ta": "திருவொற்றியூர்",
        "network": "Chennai Metro",
        "note": "Contributors are requested to not edit the \"network\" and the \"operator\" tags. (2023/11/08)",
        "operator": "Chennai Metro Rail Limited",
        "public_transport": "station",
        "railway": "station",
        "railway:ref": "STV",
        "ref": "STV",
        "station": "subway",
        "subway": "yes"
      },
      "geometry": {
        "type": "Point",
        "coordinates": [
          80.3052689,
          13.1718028
        ]
      },
      "id": "node/8430636714"
    },
    {
      "type": "Feature",
      "properties": {
        "@id": "node/8430636715",
        "name": "Kaladipet",
        "name:en": "Kaladipet",
        "name:ml": "കാലടിപേട്ട",
        "name:ta": "காலடிபேட்டை",
        "network": "Chennai Metro",
        "note": "Contributors are requested to not edit the \"network\" and the \"operator\" tags. (2023/11/08)",
        "operator": "Chennai Metro Rail Limited",
        "public_transport": "station",
        "railway": "station",
        "railway:ref": "SKP",
        "ref": "SKP",
        "station": "subway",
        "subway": "yes"
      },
      "geometry": {
        "type": "Point",
        "coordinates": [
          80.2993928,
          13.1506672
        ]
      },
      "id": "node/8430636715"
    },
    {
      "type": "Feature",
      "properties": {
        "@id": "node/8430636716",
        "name": "சுங்கச்சாவடி",
        "name:en": "Tollgate",
        "name:ml": "ടോൾഗേറ്റ്",
        "name:ta": "சுங்கச்சாவடி",
        "network": "Chennai Metro",
        "note": "Contributors are requested to not edit the \"network\" and the \"operator\" tags. (2023/11/08)",
        "operator": "Chennai Metro Rail Limited",
        "public_transport": "station",
        "railway": "station",
        "railway:ref": "STG",
        "ref": "STG",
        "station": "subway",
        "subway": "yes",
        "wikidata": "Q105605215"
      },
      "geometry": {
        "type": "Point",
        "coordinates": [
          80.2963291,
          13.1431344
        ]
      },
      "id": "node/8430636716"
    },
    {
      "type": "Feature",
      "properties": {
        "@id": "node/8430636817",
        "name": "புது வண்ணாரப்பேட்டை",
        "name:en": "New Washermanpet",
        "name:ml": "പുതിയ വണ്ണാരപ്പേട്ട",
        "name:ta": "புது வண்ணாரப்பேட்டை",
        "network": "Chennai Metro",
        "note": "Contributors are requested to not edit the \"network\" and the \"operator\" tags. (2023/11/08)",
        "operator": "Chennai Metro Rail Limited",
        "public_transport": "station",
        "railway": "station",
        "railway:ref": "SNW",
        "ref": "SNW",
        "station": "subway",
        "subway": "yes",
        "wikidata": "Q105584479"
      },
      "geometry": {
        "type": "Point",
        "coordinates": [
          80.2930011,
          13.1345195
        ]
      },
      "id": "node/8430636817"
    },
    {
      "type": "Feature",
      "properties": {
        "@id": "node/8710649328",
        "name": "Eluthumadduval",
        "public_transport": "station",
        "railway": "station",
        "train": "yes"
      },
      "geometry": {
        "type": "Point",
        "coordinates": [
          80.2808064,
          9.6521856
        ]
      },
      "id": "node/8710649328"
    },
    {
      "type": "Feature",
      "properties": {
        "@id": "node/9580013601",
        "name": "Thiruvottiyur Theradi",
        "name:en": "Thiruvottiyur Theradi",
        "name:ml": "തിരുവൊറ്റിയൂർ തേരടി",
        "name:ta": "திருவொற்றியூர் தேரடி",
        "network": "Chennai Metro",
        "note": "Contributors are requested to not edit the \"network\" and the \"operator\" tags. (2023/11/08)",
        "operator": "Chennai Metro Rail Limited",
        "public_transport": "station",
        "railway": "station",
        "railway:ref": "STT",
        "ref": "STT",
        "station": "subway",
        "subway": "yes"
      },
      "geometry": {
        "type": "Point",
        "coordinates": [
          80.3024483,
          13.1602152
        ]
      },
      "id": "node/9580013601"
    },
    {
      "type": "Feature",
      "properties": {
        "@id": "node/9779639998",
        "public_transport": "station",
        "railway": "station",
        "train": "yes"
      },
      "geometry": {
        "type": "Point",
        "coordinates": [
          80.0246792,
          9.7041298
        ]
      },
      "id": "node/9779639998"
    },
    {
      "type": "Feature",
      "properties": {
        "@id": "node/9785228872",
        "name": "vavuniya Railway  station",
        "public_transport": "station",
        "railway": "station",
        "train": "yes"
      },
      "geometry": {
        "type": "Point",
        "coordinates": [
          80.4936629,
          8.753866
        ]
      },
      "id": "node/9785228872"
    },
    {
      "type": "Feature",
      "properties": {
        "@id": "node/9857416360",
        "name": "Wimco Nagar Depot",
        "name:en": "Wimco Nagar Depot",
        "name:hi": "विम्को नगर डीपो",
        "name:ml": "വിംകോ നഗർ ഡിപ്പോ",
        "name:ta": "விம்கோ நகர் டிப்போ",
        "network": "Chennai Metro",
        "note": "Contributors are requested to not edit the \"network\" and the \"operator\" tags. (2023/11/08)",
        "operator": "Chennai Metro Rail Limited",
        "public_transport": "station",
        "railway": "station",
        "station": "subway",
        "subway": "yes",
        "wikidata": "Q110588986"
      },
      "geometry": {
        "type": "Point",
        "coordinates": [
          80.3089939,
          13.1839706
        ]
      },
      "id": "node/9857416360"
    },
    {
      "type": "Feature",
      "properties": {
        "@id": "node/10252945311",
        "name": "Rameswaram",
        "name:ml": "രാമേശ്വരം",
        "network": "IR",
        "operator": "SR",
        "railway": "station",
        "ref": "RMM"
      },
      "geometry": {
        "type": "Point",
        "coordinates": [
          79.3090043,
          9.2819518
        ]
      },
      "id": "node/10252945311"
    },
    {
      "type": "Feature",
      "properties": {
        "@id": "node/10946079482",
        "name": "Railway station",
        "railway": "station"
      },
      "geometry": {
        "type": "Point",
        "coordinates": [
          79.7280992,
          11.2427327
        ]
      },
      "id": "node/10946079482"
    },
    {
      "type": "Feature",
      "properties": {
        "@id": "node/10964875325",
        "public_transport": "station",
        "railway": "station",
        "train": "yes"
      },
      "geometry": {
        "type": "Point",
        "coordinates": [
          80.021157,
          9.6881931
        ]
      },
      "id": "node/10964875325"
    },
    {
      "type": "Feature",
      "properties": {
        "@id": "node/11192254346",
        "internet_access": "no",
        "name": "Railway Station, Mannar",
        "public_transport": "station",
        "railway": "station",
        "train": "yes"
      },
      "geometry": {
        "type": "Point",
        "coordinates": [
          79.8937444,
          8.9713411
        ]
      },
      "id": "node/11192254346"
    },
    {
      "type": "Feature",
      "properties": {
        "@id": "node/11828181188",
        "description": "Jolarpet",
        "name": "Railway Station",
        "name:en": "Railway Station",
        "name:hi": "Railway Station",
        "name:mr": "Railway Station",
        "public_transport": "station",
        "railway": "station",
        "train": "yes"
      },
      "geometry": {
        "type": "Point",
        "coordinates": [
          78.577165,
          12.5557082
        ]
      },
      "id": "node/11828181188"
    },
    {
      "type": "Feature",
      "properties": {
        "@id": "node/12281414286",
        "name": "Samalpatti",
        "public_transport": "station",
        "railway": "station",
        "train": "yes"
      },
      "geometry": {
        "type": "Point",
        "coordinates": [
          78.4828432,
          12.3112761
        ]
      },
      "id": "node/12281414286"
    },
    {
      "type": "Feature",
      "properties": {
        "@id": "node/12497490237",
        "addr:city": "Chennai",
        "addr:postcode": "600016",
        "addr:street": "Meenambakkam, New St, Mela Ilandaikulam, Alandur,",
        "name": "Regional Transport Office,Meenambakkam",
        "public_transport": "station",
        "railway": "station",
        "station": "subway",
        "subway": "yes"
      },
      "geometry": {
        "type": "Point",
        "coordinates": [
          80.2009894,
          12.9993186
        ]
      },
      "id": "node/12497490237"
    },
    {
      "type": "Feature",
      "properties": {
        "@id": "node/12641162740",
        "name": "Thiruketheeswaram",
        "public_transport": "station",
        "railway": "station"
      },
      "geometry": {
        "type": "Point",
        "coordinates": [
          79.9477753,
          8.9154185
        ]
      },
      "id": "node/12641162740"
    },
    {
      "type": "Feature",
      "properties": {
        "@id": "node/12643612533",
        "name": "Jaffna",
        "name:ml": "യാഴ്പ്പാണം",
        "name:ta": "யாழ்ப்பாணம்",
        "public_transport": "station",
        "railway": "station"
      },
      "geometry": {
        "type": "Point",
        "coordinates": [
          80.0207059,
          9.6654661
        ]
      },
      "id": "node/12643612533"
    },
    {
      "type": "Feature",
      "properties": {
        "@id": "node/13971965462",
        "name": "Porur Junction",
        "name:ta": "போரூர் சந்திப்பு மெட்ரோ",
        "network": "Chennai Metro",
        "network:wikidata": "Q1639576",
        "note": "Contributors are requested to not edit the \"network\" and the \"operator\" tags. (2026/06/28)",
        "operator": "Chennai Metro Rail Limited",
        "public_transport": "station",
        "railway": "station",
        "station": "subway",
        "subway": "yes",
        "wikidata": "Q135003335",
        "wikipedia": "en:Porur Junction metro station"
      },
      "geometry": {
        "type": "Point",
        "coordinates": [
          80.156761,
          13.0358612
        ]
      },
      "id": "node/13971965462"
    },
    {
      "type": "Feature",
      "properties": {
        "@id": "node/13972050953",
        "name": "Poonamallee Bypass",
        "name:ta": "பூவிருந்தவல்லி புறவழிச்சாலை மெட்ரோ",
        "network": "Chennai Metro",
        "network:wikidata": "Q1639576",
        "operator": "Chennai Metro Rail Limited",
        "public_transport": "station",
        "railway": "station",
        "station": "subway",
        "subway": "yes",
        "wikidata": "Q110324106",
        "wikipedia": "en:Poonamallee Bypass metro station"
      },
      "geometry": {
        "type": "Point",
        "coordinates": [
          80.081565,
          13.0479004
        ]
      },
      "id": "node/13972050953"
    },
    {
      "type": "Feature",
      "properties": {
        "@id": "node/13972061019",
        "name": "Thelliyaragaram",
        "network": "Chennai Metro",
        "network:wikidata": "Q1639576",
        "operator": "Chennai Metro Rail Limited",
        "public_transport": "station",
        "railway": "station",
        "station": "subway",
        "subway": "yes",
        "wikidata": "Q134043115",
        "wikipedia": "en:Thelliyaragaram metro station"
      },
      "geometry": {
        "type": "Point",
        "coordinates": [
          80.1418619,
          13.036864
        ]
      },
      "id": "node/13972061019"
    },
    {
      "type": "Feature",
      "properties": {
        "@id": "node/13972063969",
        "name": "Porur Bypass",
        "name:ta": "போரூர் புறவழிச் சாலை மெட்ரோ",
        "network": "Chennai Metro",
        "network:wikidata": "Q1639576",
        "note": "Contributors are requested to not edit the \"network\" and the \"operator\" tags. (2026/06/28)",
        "operator": "Chennai Metro Rail Limited",
        "public_transport": "station",
        "railway": "station",
        "station": "subway",
        "subway": "yes",
        "wikidata": "Q134043107",
        "wikipedia": "en:Porur Bypass metro station"
      },
      "geometry": {
        "type": "Point",
        "coordinates": [
          80.1499706,
          13.0362258
        ]
      },
      "id": "node/13972063969"
    },
    {
      "type": "Feature",
      "properties": {
        "@id": "node/13972457964",
        "name": "Kumananchavadi Metro",
        "name:ta": "குமணன்சாவடி",
        "network": "Chennai Metro",
        "network:wikidata": "Q1639576",
        "operator": "Chennai Metro Rail Limited",
        "public_transport": "station",
        "railway": "station",
        "station": "subway",
        "subway": "yes",
        "wikidata": "Q134412418",
        "wikipedia": "en:Kumananchavadi metro station"
      },
      "geometry": {
        "type": "Point",
        "coordinates": [
          80.1189086,
          13.0446829
        ]
      },
      "id": "node/13972457964"
    },
    {
      "type": "Feature",
      "properties": {
        "@id": "node/13972487793",
        "name": "Poonamallee Government Hospital Metro",
        "name:ta": "பூவிருந்தவல்லி அரசு மருத்துவமனை",
        "network": "Chennai Metro",
        "network:wikidata": "Q1639576",
        "operator": "Chennai Metro Rail Limited",
        "public_transport": "station",
        "railway": "station",
        "station": "subway",
        "subway": "yes",
        "wikidata": "Q134412416",
        "wikipedia": "en:Poonamallee Government Hospital metro station"
      },
      "geometry": {
        "type": "Point",
        "coordinates": [
          80.1019976,
          13.049712
        ]
      },
      "id": "node/13972487793"
    },
    {
      "type": "Feature",
      "properties": {
        "@id": "node/13972488427",
        "name": "Poonamallee Bus Stand Metro",
        "name:ta": "பூவிருந்தவல்லி பேருந்து நிலையம் மெட்ரோ",
        "network": "Chennai Metro",
        "network:wikidata": "Q1639576",
        "operator": "Chennai Metro Rail Limited",
        "public_transport": "station",
        "railway": "station",
        "station": "subway",
        "subway": "yes",
        "wikidata": "Q134412413",
        "wikipedia": "en:Poonamallee Bus Stand metro station"
      },
      "geometry": {
        "type": "Point",
        "coordinates": [
          80.0949235,
          13.0509223
        ]
      },
      "id": "node/13972488427"
    },
    {
      "type": "Feature",
      "properties": {
        "@id": "node/13972497043",
        "name": "Kattupakkam",
        "name:ta": "காட்டுப்பாக்கம்",
        "network": "Chennai Metro",
        "network:wikidata": "Q1639576",
        "operator": "Chennai Metro Rail Limited",
        "public_transport": "station",
        "railway": "station",
        "station": "subway",
        "subway": "yes",
        "wikidata": "Q134412420",
        "wikipedia": "en:Kattupakkam metro station"
      },
      "geometry": {
        "type": "Point",
        "coordinates": [
          80.1253816,
          13.0419785
        ]
      },
      "id": "node/13972497043"
    },
    {
      "type": "Feature",
      "properties": {
        "@id": "node/13972502091",
        "name": "Karayanchavadi Metro",
        "name:ta": "கரையன்சாவடி",
        "network": "Chennai Metro",
        "network:wikidata": "Q1639576",
        "operator": "Chennai Metro Rail Limited",
        "public_transport": "station",
        "railway": "station",
        "station": "subway",
        "subway": "yes",
        "wikidata": "Q134412417",
        "wikipedia": "en:Karayanchavadi metro station"
      },
      "geometry": {
        "type": "Point",
        "coordinates": [
          80.1109051,
          13.0467114
        ]
      },
      "id": "node/13972502091"
    },
    {
      "type": "Feature",
      "properties": {
        "@id": "node/13972514096",
        "name": "Iyappanthangal Metro",
        "name:ta": "அய்யப்பன்தாங்கல்",
        "network": "Chennai Metro",
        "network:wikidata": "Q1639576",
        "public_transport": "station",
        "railway": "station",
        "station": "subway",
        "subway": "yes",
        "wikidata": "Q134412421",
        "wikipedia": "en:Iyyapanthangal metro station"
      },
      "geometry": {
        "type": "Point",
        "coordinates": [
          80.1349879,
          13.0381833
        ]
      },
      "id": "node/13972514096"
    },
    {
      "type": "Feature",
      "properties": {
        "@id": "node/14018223514",
        "construction": "station",
        "name": "Madhavaram Milk Colony",
        "network": "Chennai Metro",
        "network:wikidata": "Q1639576",
        "operator": "Chennai Metro Rail Limited",
        "public_transport": "station",
        "railway": "station",
        "station": "subway",
        "subway": "yes",
        "wikidata": "Q134376216",
        "wikipedia": "en:Madhavaram Milk Colony metro station"
      },
      "geometry": {
        "type": "Point",
        "coordinates": [
          80.2414206,
          13.1496674
        ]
      },
      "id": "node/14018223514"
    },
    {
      "type": "Feature",
      "properties": {
        "@id": "node/14018223515",
        "construction": "station",
        "name": "Sholinganallur Metro",
        "network": "Chennai Metro",
        "network:wikidata": "Q1639576",
        "operator": "Chennai Metro Rail Limited",
        "public_transport": "station",
        "railway": "station",
        "station": "subway",
        "subway": "yes",
        "wikidata": "Q134238655",
        "wikipedia": "en:Sholinganallur metro station"
      },
      "geometry": {
        "type": "Point",
        "coordinates": [
          80.2279647,
          12.9009583
        ]
      },
      "id": "node/14018223515"
    },
    {
      "type": "Feature",
      "properties": {
        "@id": "node/14018223516",
        "addr:city": "Chennai Corporation",
        "addr:postcode": "600024",
        "addr:street": "Mambalam High Road",
        "name": "Kodambakkam Metro",
        "network": "Chennai Metro",
        "network:wikidata": "Q1639576",
        "operator": "Chennai Metro Rail Limited",
        "public_transport": "station",
        "railway": "station",
        "station": "subway",
        "subway": "yes",
        "wikidata": "Q134044507",
        "wikipedia": "en:Kodambakkam metro station"
      },
      "geometry": {
        "type": "Point",
        "coordinates": [
          80.2311267,
          13.0521183
        ]
      },
      "id": "node/14018223516"
    },
    {
      "type": "Feature",
      "properties": {
        "@id": "node/14018223517",
        "name": "Panagal Park Metro",
        "network": "Chennai Metro",
        "network:wikidata": "Q1639576",
        "operator": "Chennai Metro Rail Limited",
        "public_transport": "station",
        "railway": "station",
        "station": "subway",
        "subway": "yes",
        "wikidata": "Q134044498",
        "wikipedia": "en:Panagal Park metro station"
      },
      "geometry": {
        "type": "Point",
        "coordinates": [
          80.2334534,
          13.0410265
        ]
      },
      "id": "node/14018223517"
    },
    {
      "type": "Feature",
      "properties": {
        "@id": "node/14018223518",
        "addr:city": "Chennai Corporation",
        "addr:district": "Chennai",
        "addr:postcode": "600018",
        "addr:street": "Pasumpon Muthuramalingar Thevar Salai",
        "name": "Boat Club Metro",
        "network": "Chennai Metro",
        "network:wikidata": "Q1639576",
        "operator": "Chennai Metro Rail Limited",
        "public_transport": "station",
        "railway": "station",
        "station": "subway",
        "subway": "yes",
        "wikidata": "Q134044489",
        "wikipedia": "en:Boat Club metro station"
      },
      "geometry": {
        "type": "Point",
        "coordinates": [
          80.2477042,
          13.02935
        ]
      },
      "id": "node/14018223518"
    },
    {
      "type": "Feature",
      "properties": {
        "@id": "node/14018223519",
        "addr:city": "Chennai Corporation",
        "addr:district": "Chennai",
        "addr:postcode": "600086",
        "addr:street": "T T Krishnamachari Road",
        "name": "Bharathidasan Road Metro",
        "network": "Chennai Metro",
        "network:wikidata": "Q1639576",
        "operator": "Chennai Metro Rail Limited",
        "public_transport": "station",
        "railway": "station",
        "station": "subway",
        "subway": "yes",
        "wikidata": "Q134044480",
        "wikipedia": "en:Bharathidasan Road metro station"
      },
      "geometry": {
        "type": "Point",
        "coordinates": [
          80.2549764,
          13.0358142
        ]
      },
      "id": "node/14018223519"
    },
    {
      "type": "Feature",
      "properties": {
        "@id": "node/14018223530",
        "addr:city": "Chennai Corporation",
        "addr:district": "Chennai",
        "addr:street": "Luz Church Road",
        "name": "Alwarpet Metro",
        "network": "Chennai Metro",
        "network:wikidata": "Q1639576",
        "operator": "Chennai Metro Rail Limited",
        "public_transport": "station",
        "railway": "station",
        "station": "subway",
        "subway": "yes",
        "wikidata": "Q134044463",
        "wikipedia": "en:Alwarpet metro station"
      },
      "geometry": {
        "type": "Point",
        "coordinates": [
          80.2596459,
          13.0383009
        ]
      },
      "id": "node/14018223530"
    },
    {
      "type": "Feature",
      "properties": {
        "@id": "node/14018223531",
        "addr:city": "Mylapore,Chennai",
        "addr:district": "Chennai",
        "addr:postcode": "600004",
        "addr:street": "Mylapore Junction",
        "name": "Thirumayilai Metro",
        "name:ta": "திருமயிலை மெட்ரோ",
        "network": "Chennai Metro",
        "network:wikidata": "Q1639576",
        "operator": "Chennai Metro Rail Limited",
        "public_transport": "station",
        "railway": "station",
        "station": "subway",
        "subway": "yes",
        "wikidata": "Q112683269",
        "wikipedia": "en:Thirumayilai metro station"
      },
      "geometry": {
        "type": "Point",
        "coordinates": [
          80.2676492,
          13.0368318
        ]
      },
      "id": "node/14018223531"
    },
    {
      "type": "Feature",
      "properties": {
        "@id": "node/14018223536",
        "addr:city": "Chennai Corporation",
        "addr:district": "Chennai",
        "addr:street": "Kutchery Road",
        "name": "Kutchery Road Metro",
        "network": "Chennai Metro",
        "network:wikidata": "Q1639576",
        "operator": "Chennai Metro Rail Limited",
        "public_transport": "station",
        "railway": "station",
        "station": "subway",
        "subway": "yes",
        "wikidata": "Q134044448",
        "wikipedia": "en:Kutchery Road metro station"
      },
      "geometry": {
        "type": "Point",
        "coordinates": [
          80.2732323,
          13.0343635
        ]
      },
      "id": "node/14018223536"
    },
    {
      "type": "Feature",
      "properties": {
        "@id": "node/14018223537",
        "addr:city": "Chennai Corporation",
        "addr:district": "Chennai",
        "addr:street": "Marina Beach Road",
        "name": "Lighthouse Metro",
        "network": "Chennai Metro",
        "network:wikidata": "Q1639576",
        "operator": "Chennai Metro RailLimited",
        "public_transport": "station",
        "railway": "station",
        "station": "subway",
        "subway": "yes",
        "wikidata": "Q63442600",
        "wikipedia": "en:Lighthouse metro station"
      },
      "geometry": {
        "type": "Point",
        "coordinates": [
          80.2800425,
          13.0438378
        ]
      },
      "id": "node/14018223537"
    },
    {
      "type": "Feature",
      "properties": {
        "@id": "node/14023022804",
        "name": "Madhavaram Depot",
        "network": "Chennai Metro",
        "network:wikidata": "Q1639576",
        "operator": "Chennai Metro Rail Limited",
        "public_transport": "station",
        "railway": "station",
        "station": "subway",
        "subway": "yes",
        "wikidata": "Q110324121",
        "wikipedia": "en:Madhavaram Depot metro station"
      },
      "geometry": {
        "type": "Point",
        "coordinates": [
          80.2386637,
          13.1557578
        ]
      },
      "id": "node/14023022804"
    },
    {
      "type": "Feature",
      "properties": {
        "@id": "node/14023780633",
        "name": "Royapettah Metro",
        "name:ta": "ராயப்பேட்டை",
        "network": "Chennai Metro",
        "network:wikidata": "Q1639576",
        "operator": "Chennai Metro Rail Limited",
        "public_transport": "station",
        "railway": "station",
        "station": "subway",
        "subway": "yes",
        "wikidata": "Q110269544",
        "wikipedia": "en:Royapettah metro station"
      },
      "geometry": {
        "type": "Point",
        "coordinates": [
          80.2642393,
          13.0545082
        ]
      },
      "id": "node/14023780633"
    },
    {
      "type": "Feature",
      "properties": {
        "@id": "node/14125845268",
        "name": "Kodambakkam Powerhouse",
        "name:ta": "கோடம்பாக்கம் பவர்ஹவுஸ்",
        "network": "Chennai Metro",
        "network:wikidata": "Q1639576",
        "operator": "Chennai Metro Rail Limited",
        "public_transport": "station",
        "railway": "station",
        "station": "subway",
        "subway": "yes"
      },
      "geometry": {
        "type": "Point",
        "coordinates": [
          80.2178661,
          13.0516452
        ]
      },
      "id": "node/14125845268"
    },
    {
      "type": "Feature",
      "properties": {
        "@id": "node/14125845269",
        "name": "Alwarthirunagar Metro",
        "name:ta": "ஆழ்வார்திருநகர் மெட்ரோ ரயில் நிலையம்",
        "network": "Chennai Metro",
        "network:wikidata": "Q1639576",
        "operator": "Chennai Metro Rail Limited",
        "public_transport": "station",
        "railway": "station",
        "station": "subway",
        "subway": "yes"
      },
      "geometry": {
        "type": "Point",
        "coordinates": [
          80.18869,
          13.0462885
        ]
      },
      "id": "node/14125845269"
    },
    {
      "type": "Feature",
      "properties": {
        "@id": "node/14125845270",
        "name": "Valasaravakkam Metro",
        "name:ta": "வளசரவாக்கம் மெட்ரோ",
        "network": "Chennai Metro",
        "network:wikidata": "Q1639576",
        "public_transport": "station",
        "railway": "station",
        "station": "subway",
        "subway": "yes"
      },
      "geometry": {
        "type": "Point",
        "coordinates": [
          80.1803891,
          13.0422173
        ]
      },
      "id": "node/14125845270"
    },
    {
      "type": "Feature",
      "properties": {
        "@id": "node/14125845275",
        "name": "Karambakkam Metro",
        "name:ta": "காரம்பாக்கம் மெட்ரோ",
        "network": "Chennai Metro",
        "network:wikidata": "Q1639576",
        "public_transport": "station",
        "railway": "station",
        "station": "subway",
        "subway": "yes"
      },
      "geometry": {
        "type": "Point",
        "coordinates": [
          80.1702379,
          13.0395651
        ]
      },
      "id": "node/14125845275"
    },
    {
      "type": "Feature",
      "properties": {
        "@id": "node/14125845276",
        "name": "Alapakkam Metro",
        "name:ta": "ஆலப்பாக்கம் மெட்ரோ",
        "network": "Chennai Metro",
        "network:wikidata": "Q1639576",
        "operator": "Chennai Metro Rail Limited",
        "public_transport": "station",
        "railway": "station",
        "station": "subway",
        "subway": "yes"
      },
      "geometry": {
        "type": "Point",
        "coordinates": [
          80.1635898,
          13.0381814
        ]
      },
      "id": "node/14125845276"
    },
    {
      "type": "Feature",
      "properties": {
        "@id": "node/14127634032",
        "name": "Virugambakkam South Metro",
        "name:ta": "விருகம்பாக்கம் தெற்கு மெட்ரோ",
        "network": "Chennai Metro",
        "network:wikidata": "Q1639576",
        "operator": "Chennai Metro Rail Limited",
        "public_transport": "station",
        "railway": "station",
        "station": "subway",
        "subway": "yes"
      },
      "geometry": {
        "type": "Point",
        "coordinates": [
          80.1965573,
          13.047462
        ]
      },
      "id": "node/14127634032"
    },
    {
      "type": "Feature",
      "properties": {
        "@id": "node/14127634035",
        "name": "Saligramam Metro",
        "name:ta": "சாலிகிராமம் மெட்ரோ",
        "network": "Chennai Metro",
        "network:wikidata": "Q1639576",
        "operator": "Chennai Metro Rail Limited",
        "public_transport": "station",
        "railway": "station",
        "station": "subway",
        "subway": "yes"
      },
      "geometry": {
        "type": "Point",
        "coordinates": [
          80.2052414,
          13.0483303
        ]
      },
      "id": "node/14127634035"
    },
    {
      "type": "Feature",
      "properties": {
        "@id": "node/14127634037",
        "name": "Virugambakkam North",
        "name:ta": "விருகம்பாக்கம் வடக்கு மெட்ரோ",
        "network": "Chennai Metro",
        "network:wikidata": "Q1639576",
        "operator": "Chennai Metro Rail Limited",
        "public_transport": "station",
        "railway": "station",
        "station": "subway",
        "subway": "yes"
      },
      "geometry": {
        "type": "Point",
        "coordinates": [
          80.1920622,
          13.0510152
        ]
      },
      "id": "node/14127634037"
    },
    {
      "type": "Feature",
      "properties": {
        "@id": "node/14127634038",
        "name": "Natesan Nagar",
        "name:ta": "நடேசன் நகர் மெட்ரோ",
        "network": "Chennai Metro",
        "network:wikidata": "Q1639576",
        "operator": "Chennai Metro Rail Limited",
        "public_transport": "station",
        "railway": "station",
        "station": "subway",
        "subway": "yes"
      },
      "geometry": {
        "type": "Point",
        "coordinates": [
          80.1947458,
          13.0583617
        ]
      },
      "id": "node/14127634038"
    },
    {
      "type": "Feature",
      "properties": {
        "@id": "node/14127634039",
        "name": "Koyambedu Market",
        "name:ta": "கோயம்பேடு சந்தை மெட்ரோ",
        "network": "Chennai Metro",
        "network:wikidata": "Q1639576",
        "operator": "Chennai Metro Rail Limited",
        "public_transport": "station",
        "railway": "station",
        "station": "subway",
        "subway": "yes"
      },
      "geometry": {
        "type": "Point",
        "coordinates": [
          80.1981894,
          13.0649905
        ]
      },
      "id": "node/14127634039"
    }
  ]
}