mast_number,section_id,equivalent_km
OHE_SEC_001_0001,SEC_001,0.0
OHE_SEC_001_0002,SEC_001,0.032
OHE_SEC_001_0003,SEC_001,0.065
OHE_SEC_001_0004,SEC_001,0.098
OHE_SEC_001_0005,SEC_001,0.13
OHE_SEC_001_0006,SEC_001,0.162
OHE_SEC_001_0007,SEC_001,0.195
OHE_SEC_001_0008,SEC_001,0.227
OHE_SEC_001_0009,SEC_001,0.259
OHE_SEC_001_0010,SEC_001,0.292
OHE_SEC_001_0011,SEC_001,0.325
OHE_SEC_001_0012,SEC_001,0.357
OHE_SEC_001_0013,SEC_001,0.389
OHE_SEC_001_0014,SEC_001,0.422
OHE_SEC_001_0015,SEC_001,0.454
OHE_SEC_001_0016,SEC_001,0.487
OHE_SEC_001_0017,SEC_001,0.519
OHE_SEC_001_0018,SEC_001,0.552
OHE_SEC_001_0019,SEC_001,0.584
OHE_SEC_001_0020,SEC_001,0.616
OHE_SEC_001_0021,SEC_001,0.649
OHE_SEC_001_0022,SEC_001,0.682
OHE_SEC_001_0023,SEC_001,0.714
OHE_SEC_001_0024,SEC_001,0.746
OHE_SEC_001_0025,SEC_001,0.779
OHE_SEC_001_0026,SEC_001,0.811
OHE_SEC_001_0027,SEC_001,0.843
OHE_SEC_001_0028,SEC_001,0.876
OHE_SEC_001_0029,SEC_001,0.909
OHE_SEC_001_0030,SEC_001,0.941
OHE_SEC_001_0031,SEC_001,0.973
OHE_SEC_001_0032,SEC_001,1.006
OHE_SEC_001_0033,SEC_001,1.038
OHE_SEC_001_0034,SEC_001,1.071
OHE_SEC_001_0035,SEC_001,1.103
OHE_SEC_001_0036,SEC_001,1.135
OHE_SEC_001_0037,SEC_001,1.168
OHE_SEC_001_0038,SEC_001,1.2
OHE_SEC_001_0039,SEC_001,1.233
OHE_SEC_001_0040,SEC_001,1.265
OHE_SEC_001_0041,SEC_001,1.298
OHE_SEC_001_0042,SEC_001,1.33
OHE_SEC_001_0043,SEC_001,1.362
OHE_SEC_001_0044,SEC_001,1.395
OHE_SEC_001_0045,SEC_001,1.428
OHE_SEC_001_0046,SEC_001,1.46
OHE_SEC_001_0047,SEC_001,1.492
OHE_SEC_001_0048,SEC_001,1.525
OHE_SEC_001_0049,SEC_001,1.557
OHE_SEC_001_0050,SEC_001,1.589
OHE_SEC_001_0051,SEC_001,1.622
OHE_SEC_001_0052,SEC_001,1.655
OHE_SEC_001_0053,SEC_001,1.687
OHE_SEC_001_0054,SEC_001,1.719
OHE_SEC_001_0055,SEC_001,1.752
OHE_SEC_001_0056,SEC_001,1.784
OHE_SEC_001_0057,SEC_001,1.817
OHE_SEC_001_0058,SEC_001,1.849
OHE_SEC_001_0059,SEC_001,1.882
OHE_SEC_001_0060,SEC_001,1.914
OHE_SEC_001_0061,SEC_001,1.946
OHE_SEC_001_0062,SEC_001,1.979
OHE_SEC_001_0063,SEC_001,2.012
OHE_SEC_001_0064,SEC_001,2.044
OHE_SEC_001_0065,SEC_001,2.076
OHE_SEC_001_0066,SEC_001,2.109
OHE_SEC_001_0067,SEC_001,2.141
OHE_SEC_001_0068,SEC_001,2.174
OHE_SEC_001_0069,SEC_001,2.206
OHE_SEC_001_0070,SEC_001,2.239
OHE_SEC_001_0071,SEC_001,2.271
OHE_SEC_001_0072,SEC_001,2.303
OHE_SEC_001_0073,SEC_001,2.336
OHE_SEC_001_0074,SEC_001,2.369
OHE_SEC_001_0075,SEC_001,2.401
OHE_SEC_001_0076,SEC_001,2.433
OHE_SEC_001_0077,SEC_001,2.466
OHE_SEC_001_0078,SEC_001,2.498
OHE_SEC_001_0079,SEC_001,2.53
OHE_SEC_001_0080,SEC_001,2.563
OHE_SEC_001_0081,SEC_001,2.596
OHE_SEC_001_0082,SEC_001,2.628
OHE_SEC_001_0083,SEC_001,2.66
OHE_SEC_001_0084,SEC_001,2.693
OHE_SEC_001_0085,SEC_001,2.725
OHE_SEC_001_0086,SEC_001,2.758
OHE_SEC_001_0087,SEC_001,2.79
OHE_SEC_001_0088,SEC_001,2.823
OHE_SEC_001_0089,SEC_001,2.855
OHE_SEC_001_0090,SEC_001,2.887
OHE_SEC_001_0091,SEC_001,2.92
OHE_SEC_001_0092,SEC_001,2.953
OHE_SEC_001_0093,SEC_001,2.985
OHE_SEC_001_0094,SEC_001,3.017
OHE_SEC_001_0095,SEC_001,3.05
OHE_SEC_001_0096,SEC_001,3.082
OHE_SEC_001_0097,SEC_001,3.114
OHE_SEC_001_0098,SEC_001,3.147
OHE_SEC_001_0099,SEC_001,3.179
OHE_SEC_001_0100,SEC_001,3.212
OHE_SEC_001_0101,SEC_001,3.244
OHE_SEC_001_0102,SEC_001,3.276
OHE_SEC_001_0103,SEC_001,3.309
OHE_SEC_001_0104,SEC_001,3.342
OHE_SEC_001_0105,SEC_001,3.374
OHE_SEC_001_0106,SEC_001,3.406
OHE_SEC_001_0107,SEC_001,3.439
OHE_SEC_001_0108,SEC_001,3.471
OHE_SEC_001_0109,SEC_001,3.504
OHE_SEC_001_0110,SEC_001,3.536
OHE_SEC_001_0111,SEC_001,3.569
OHE_SEC_001_0112,SEC_001,3.601
OHE_SEC_001_0113,SEC_001,3.633
OHE_SEC_001_0114,SEC_001,3.666
OHE_SEC_001_0115,SEC_001,3.699
OHE_SEC_001_0116,SEC_001,3.731
OHE_SEC_001_0117,SEC_001,3.763
OHE_SEC_001_0118,SEC_001,3.796
OHE_SEC_001_0119,SEC_001,3.828
OHE_SEC_001_0120,SEC_001,3.86
OHE_SEC_001_0121,SEC_001,3.893
OHE_SEC_001_0122,SEC_001,3.926
OHE_SEC_001_0123,SEC_001,3.958
OHE_SEC_001_0124,SEC_001,3.99
OHE_SEC_001_0125,SEC_001,4.023
OHE_SEC_001_0126,SEC_001,4.055
OHE_SEC_001_0127,SEC_001,4.088
OHE_SEC_001_0128,SEC_001,4.12
OHE_SEC_001_0129,SEC_001,4.153
OHE_SEC_001_0130,SEC_001,4.185
OHE_SEC_001_0131,SEC_001,4.217
OHE_SEC_001_0132,SEC_001,4.25
OHE_SEC_001_0133,SEC_001,4.283
OHE_SEC_001_0134,SEC_001,4.315
OHE_SEC_001_0135,SEC_001,4.347
OHE_SEC_001_0136,SEC_001,4.38
OHE_SEC_001_0137,SEC_001,4.412
OHE_SEC_001_0138,SEC_001,4.445
OHE_SEC_001_0139,SEC_001,4.477
OHE_SEC_001_0140,SEC_001,4.51
OHE_SEC_001_0141,SEC_001,4.542
OHE_SEC_001_0142,SEC_001,4.574
OHE_SEC_001_0143,SEC_001,4.607
OHE_SEC_001_0144,SEC_001,4.64
OHE_SEC_001_0145,SEC_001,4.672
OHE_SEC_001_0146,SEC_001,4.704
OHE_SEC_001_0147,SEC_001,4.737
OHE_SEC_001_0148,SEC_001,4.769
OHE_SEC_001_0149,SEC_001,4.801
OHE_SEC_001_0150,SEC_001,4.834
OHE_SEC_001_0151,SEC_001,4.867
OHE_SEC_001_0152,SEC_001,4.899
OHE_SEC_001_0153,SEC_001,4.931
OHE_SEC_001_0154,SEC_001,4.964
OHE_SEC_001_0155,SEC_001,4.996
OHE_SEC_001_0156,SEC_001,5.029
OHE_SEC_001_0157,SEC_001,5.061
OHE_SEC_001_0158,SEC_001,5.094
OHE_SEC_001_0159,SEC_001,5.126
OHE_SEC_001_0160,SEC_001,5.158
OHE_SEC_001_0161,SEC_001,5.191
OHE_SEC_001_0162,SEC_001,5.223
OHE_SEC_001_0163,SEC_001,5.256
OHE_SEC_001_0164,SEC_001,5.288
OHE_SEC_001_0165,SEC_001,5.32
OHE_SEC_001_0166,SEC_001,5.353
OHE_SEC_001_0167,SEC_001,5.386
OHE_SEC_001_0168,SEC_001,5.418
OHE_SEC_001_0169,SEC_001,5.45
OHE_SEC_001_0170,SEC_001,5.483
OHE_SEC_001_0171,SEC_001,5.515
OHE_SEC_001_0172,SEC_001,5.547
OHE_SEC_001_0173,SEC_001,5.58
OHE_SEC_001_0174,SEC_001,5.613
OHE_SEC_001_0175,SEC_001,5.645
OHE_SEC_001_0176,SEC_001,5.677
OHE_SEC_001_0177,SEC_001,5.71
OHE_SEC_001_0178,SEC_001,5.742
OHE_SEC_001_0179,SEC_001,5.775
OHE_SEC_001_0180,SEC_001,5.807
OHE_SEC_001_0181,SEC_001,5.84
OHE_SEC_001_0182,SEC_001,5.872
OHE_SEC_001_0183,SEC_001,5.904
OHE_SEC_001_0184,SEC_001,5.937
OHE_SEC_001_0185,SEC_001,5.97
OHE_SEC_001_0186,SEC_001,6.002
OHE_SEC_001_0187,SEC_001,6.034
OHE_SEC_001_0188,SEC_001,6.067
OHE_SEC_001_0189,SEC_001,6.099
OHE_SEC_001_0190,SEC_001,6.131
OHE_SEC_001_0191,SEC_001,6.164
OHE_SEC_001_0192,SEC_001,6.197
OHE_SEC_001_0193,SEC_001,6.229
OHE_SEC_002_0194,SEC_002,6.229
OHE_SEC_002_0195,SEC_002,6.277
OHE_SEC_002_0196,SEC_002,6.327
OHE_SEC_002_0197,SEC_002,6.375
OHE_SEC_002_0198,SEC_002,6.423
OHE_SEC_002_0199,SEC_002,6.472
OHE_SEC_002_0200,SEC_002,6.521
OHE_SEC_002_0201,SEC_002,6.569
OHE_SEC_002_0202,SEC_002,6.618
OHE_SEC_002_0203,SEC_002,6.667
OHE_SEC_002_0204,SEC_002,6.715
OHE_SEC_002_0205,SEC_002,6.764
OHE_SEC_002_0206,SEC_002,6.813
OHE_SEC_002_0207,SEC_002,6.861
OHE_SEC_002_0208,SEC_002,6.91
OHE_SEC_002_0209,SEC_002,6.958
OHE_SEC_002_0210,SEC_002,7.007
OHE_SEC_002_0211,SEC_002,7.056
OHE_SEC_002_0212,SEC_002,7.104
OHE_SEC_002_0213,SEC_002,7.153
OHE_SEC_002_0214,SEC_002,7.202
OHE_SEC_002_0215,SEC_002,7.25
OHE_SEC_002_0216,SEC_002,7.298
OHE_SEC_002_0217,SEC_002,7.348
OHE_SEC_002_0218,SEC_002,7.396
OHE_SEC_002_0219,SEC_002,7.444
OHE_SEC_002_0220,SEC_002,7.494
OHE_SEC_002_0221,SEC_002,7.542
OHE_SEC_002_0222,SEC_002,7.59
OHE_SEC_002_0223,SEC_002,7.64
OHE_SEC_002_0224,SEC_002,7.688
OHE_SEC_002_0225,SEC_002,7.736
OHE_SEC_002_0226,SEC_002,7.785
OHE_SEC_002_0227,SEC_002,7.834
OHE_SEC_002_0228,SEC_002,7.882
OHE_SEC_002_0229,SEC_002,7.931
OHE_SEC_002_0230,SEC_002,7.98
OHE_SEC_002_0231,SEC_002,8.028
OHE_SEC_002_0232,SEC_002,8.077
OHE_SEC_002_0233,SEC_002,8.125
OHE_SEC_002_0234,SEC_002,8.174
OHE_SEC_002_0235,SEC_002,8.223
OHE_SEC_002_0236,SEC_002,8.271
OHE_SEC_002_0237,SEC_002,8.32
OHE_SEC_002_0238,SEC_002,8.369
OHE_SEC_002_0239,SEC_002,8.417
OHE_SEC_002_0240,SEC_002,8.466
OHE_SEC_002_0241,SEC_002,8.515
OHE_SEC_002_0242,SEC_002,8.563
OHE_SEC_002_0243,SEC_002,8.611
OHE_SEC_002_0244,SEC_002,8.661
OHE_SEC_002_0245,SEC_002,8.709
OHE_SEC_002_0246,SEC_002,8.757
OHE_SEC_002_0247,SEC_002,8.807
OHE_SEC_002_0248,SEC_002,8.855
OHE_SEC_002_0249,SEC_002,8.903
OHE_SEC_002_0250,SEC_002,8.953
OHE_SEC_002_0251,SEC_002,9.001
OHE_SEC_002_0252,SEC_002,9.049
OHE_SEC_002_0253,SEC_002,9.098
OHE_SEC_002_0254,SEC_002,9.147
OHE_SEC_002_0255,SEC_002,9.195
OHE_SEC_002_0256,SEC_002,9.244
OHE_SEC_002_0257,SEC_002,9.293
OHE_SEC_002_0258,SEC_002,9.341
OHE_SEC_002_0259,SEC_002,9.39
OHE_SEC_002_0260,SEC_002,9.438
OHE_SEC_002_0261,SEC_002,9.487
OHE_SEC_002_0262,SEC_002,9.536
OHE_SEC_002_0263,SEC_002,9.584
OHE_SEC_002_0264,SEC_002,9.633
OHE_SEC_002_0265,SEC_002,9.682
OHE_SEC_002_0266,SEC_002,9.73
OHE_SEC_002_0267,SEC_002,9.779
OHE_SEC_002_0268,SEC_002,9.828
OHE_SEC_002_0269,SEC_002,9.876
OHE_SEC_002_0270,SEC_002,9.924
OHE_SEC_002_0271,SEC_002,9.974
OHE_SEC_002_0272,SEC_002,10.022
OHE_SEC_003_0273,SEC_003,10.022
OHE_SEC_003_0274,SEC_003,10.04
OHE_SEC_003_0275,SEC_003,10.059
OHE_SEC_003_0276,SEC_003,10.078
OHE_SEC_003_0277,SEC_003,10.096
OHE_SEC_003_0278,SEC_003,10.114
OHE_SEC_003_0279,SEC_003,10.133
OHE_SEC_003_0280,SEC_003,10.151
OHE_SEC_003_0281,SEC_003,10.17
OHE_SEC_003_0282,SEC_003,10.188
OHE_SEC_003_0283,SEC_003,10.207
OHE_SEC_003_0284,SEC_003,10.225
OHE_SEC_003_0285,SEC_003,10.244
OHE_SEC_003_0286,SEC_003,10.262
OHE_SEC_003_0287,SEC_003,10.28
OHE_SEC_003_0288,SEC_003,10.299
OHE_SEC_003_0289,SEC_003,10.318
OHE_SEC_003_0290,SEC_003,10.336
OHE_SEC_003_0291,SEC_003,10.354
OHE_SEC_003_0292,SEC_003,10.373
OHE_SEC_003_0293,SEC_003,10.392
OHE_SEC_003_0294,SEC_003,10.41
OHE_SEC_003_0295,SEC_003,10.428
OHE_SEC_003_0296,SEC_003,10.447
OHE_SEC_003_0297,SEC_003,10.465
OHE_SEC_003_0298,SEC_003,10.484
OHE_SEC_003_0299,SEC_003,10.502
OHE_SEC_003_0300,SEC_003,10.521
OHE_SEC_003_0301,SEC_003,10.539
OHE_SEC_003_0302,SEC_003,10.558
OHE_SEC_003_0303,SEC_003,10.576
OHE_SEC_003_0304,SEC_003,10.594
OHE_SEC_003_0305,SEC_003,10.613
OHE_SEC_003_0306,SEC_003,10.632
OHE_SEC_003_0307,SEC_003,10.65
OHE_SEC_003_0308,SEC_003,10.668
OHE_SEC_003_0309,SEC_003,10.687
OHE_SEC_003_0310,SEC_003,10.706
OHE_SEC_003_0311,SEC_003,10.724
OHE_SEC_003_0312,SEC_003,10.742
OHE_SEC_003_0313,SEC_003,10.761
OHE_SEC_003_0314,SEC_003,10.779
OHE_SEC_003_0315,SEC_003,10.798
OHE_SEC_003_0316,SEC_003,10.816
OHE_SEC_003_0317,SEC_003,10.835
OHE_SEC_003_0318,SEC_003,10.853
OHE_SEC_003_0319,SEC_003,10.872
OHE_SEC_003_0320,SEC_003,10.89
OHE_SEC_003_0321,SEC_003,10.908
OHE_SEC_003_0322,SEC_003,10.927
OHE_SEC_003_0323,SEC_003,10.946
OHE_SEC_003_0324,SEC_003,10.964
OHE_SEC_003_0325,SEC_003,10.982
OHE_SEC_003_0326,SEC_003,11.001
OHE_SEC_003_0327,SEC_003,11.02
OHE_SEC_003_0328,SEC_003,11.038
OHE_SEC_003_0329,SEC_003,11.056
OHE_SEC_003_0330,SEC_003,11.075
OHE_SEC_003_0331,SEC_003,11.093
OHE_SEC_003_0332,SEC_003,11.112
OHE_SEC_003_0333,SEC_003,11.13
OHE_SEC_003_0334,SEC_003,11.149
OHE_SEC_003_0335,SEC_003,11.167
OHE_SEC_003_0336,SEC_003,11.186
OHE_SEC_003_0337,SEC_003,11.204
OHE_SEC_003_0338,SEC_003,11.222
OHE_SEC_003_0339,SEC_003,11.241
OHE_SEC_003_0340,SEC_003,11.26
OHE_SEC_003_0341,SEC_003,11.278
OHE_SEC_003_0342,SEC_003,11.296
OHE_SEC_003_0343,SEC_003,11.315
OHE_SEC_003_0344,SEC_003,11.334
OHE_SEC_003_0345,SEC_003,11.352
OHE_SEC_003_0346,SEC_003,11.37
OHE_SEC_003_0347,SEC_003,11.389
OHE_SEC_003_0348,SEC_003,11.407
OHE_SEC_003_0349,SEC_003,11.426
OHE_SEC_003_0350,SEC_003,11.444
OHE_SEC_003_0351,SEC_003,11.463
OHE_SEC_003_0352,SEC_003,11.481
OHE_SEC_003_0353,SEC_003,11.5
OHE_SEC_003_0354,SEC_003,11.518
OHE_SEC_003_0355,SEC_003,11.536
OHE_SEC_003_0356,SEC_003,11.555
OHE_SEC_003_0357,SEC_003,11.574
OHE_SEC_003_0358,SEC_003,11.592
OHE_SEC_003_0359,SEC_003,11.61
OHE_SEC_003_0360,SEC_003,11.629
OHE_SEC_003_0361,SEC_003,11.648
OHE_SEC_003_0362,SEC_003,11.666
OHE_SEC_003_0363,SEC_003,11.684
OHE_SEC_003_0364,SEC_003,11.703
OHE_SEC_003_0365,SEC_003,11.721
OHE_SEC_003_0366,SEC_003,11.74
OHE_SEC_003_0367,SEC_003,11.758
OHE_SEC_003_0368,SEC_003,11.777
OHE_SEC_003_0369,SEC_003,11.795
OHE_SEC_003_0370,SEC_003,11.814
OHE_SEC_003_0371,SEC_003,11.832
OHE_SEC_003_0372,SEC_003,11.85
OHE_SEC_003_0373,SEC_003,11.869
OHE_SEC_003_0374,SEC_003,11.888
OHE_SEC_003_0375,SEC_003,11.906
OHE_SEC_003_0376,SEC_003,11.924
OHE_SEC_003_0377,SEC_003,11.943
OHE_SEC_003_0378,SEC_003,11.962
OHE_SEC_003_0379,SEC_003,11.98
OHE_SEC_003_0380,SEC_003,11.998
OHE_SEC_003_0381,SEC_003,12.017
OHE_SEC_003_0382,SEC_003,12.035
OHE_SEC_003_0383,SEC_003,12.054
OHE_SEC_003_0384,SEC_003,12.072
OHE_SEC_003_0385,SEC_003,12.091
OHE_SEC_003_0386,SEC_003,12.109
OHE_SEC_003_0387,SEC_003,12.128
OHE_SEC_003_0388,SEC_003,12.146
OHE_SEC_003_0389,SEC_003,12.164
OHE_SEC_003_0390,SEC_003,12.183
OHE_SEC_003_0391,SEC_003,12.202
OHE_SEC_003_0392,SEC_003,12.22
OHE_SEC_004_0393,SEC_004,12.22
OHE_SEC_004_0394,SEC_004,12.239
OHE_SEC_004_0395,SEC_004,12.259
OHE_SEC_004_0396,SEC_004,12.278
OHE_SEC_004_0397,SEC_004,12.298
OHE_SEC_004_0398,SEC_004,12.317
OHE_SEC_004_0399,SEC_004,12.336
OHE_SEC_004_0400,SEC_004,12.356
OHE_SEC_004_0401,SEC_004,12.375
OHE_SEC_004_0402,SEC_004,12.395
OHE_SEC_004_0403,SEC_004,12.414
OHE_SEC_004_0404,SEC_004,12.433
OHE_SEC_004_0405,SEC_004,12.453
OHE_SEC_004_0406,SEC_004,12.473
OHE_SEC_004_0407,SEC_004,12.492
OHE_SEC_004_0408,SEC_004,12.511
OHE_SEC_004_0409,SEC_004,12.531
OHE_SEC_004_0410,SEC_004,12.55
OHE_SEC_004_0411,SEC_004,12.57
OHE_SEC_004_0412,SEC_004,12.589
OHE_SEC_004_0413,SEC_004,12.608
OHE_SEC_004_0414,SEC_004,12.628
OHE_SEC_004_0415,SEC_004,12.647
OHE_SEC_004_0416,SEC_004,12.667
OHE_SEC_004_0417,SEC_004,12.686
OHE_SEC_004_0418,SEC_004,12.705
OHE_SEC_004_0419,SEC_004,12.725
OHE_SEC_004_0420,SEC_004,12.744
OHE_SEC_004_0421,SEC_004,12.764
OHE_SEC_004_0422,SEC_004,12.783
OHE_SEC_004_0423,SEC_004,12.803
OHE_SEC_004_0424,SEC_004,12.822
OHE_SEC_004_0425,SEC_004,12.841
OHE_SEC_004_0426,SEC_004,12.861
OHE_SEC_004_0427,SEC_004,12.88
OHE_SEC_004_0428,SEC_004,12.9
OHE_SEC_004_0429,SEC_004,12.919
OHE_SEC_004_0430,SEC_004,12.939
OHE_SEC_004_0431,SEC_004,12.958
OHE_SEC_004_0432,SEC_004,12.978
OHE_SEC_004_0433,SEC_004,12.997
OHE_SEC_004_0434,SEC_004,13.016
OHE_SEC_004_0435,SEC_004,13.036
OHE_SEC_004_0436,SEC_004,13.055
OHE_SEC_004_0437,SEC_004,13.075
OHE_SEC_004_0438,SEC_004,13.094
OHE_SEC_004_0439,SEC_004,13.113
OHE_SEC_004_0440,SEC_004,13.133
OHE_SEC_004_0441,SEC_004,13.152
OHE_SEC_004_0442,SEC_004,13.172
OHE_SEC_004_0443,SEC_004,13.191
OHE_SEC_004_0444,SEC_004,13.21
OHE_SEC_004_0445,SEC_004,13.23
OHE_SEC_004_0446,SEC_004,13.249
OHE_SEC_004_0447,SEC_004,13.269
OHE_SEC_004_0448,SEC_004,13.288
OHE_SEC_004_0449,SEC_004,13.307
OHE_SEC_004_0450,SEC_004,13.327
OHE_SEC_004_0451,SEC_004,13.347
OHE_SEC_004_0452,SEC_004,13.366
OHE_SEC_004_0453,SEC_004,13.385
OHE_SEC_004_0454,SEC_004,13.405
OHE_SEC_004_0455,SEC_004,13.424
OHE_SEC_004_0456,SEC_004,13.444
OHE_SEC_004_0457,SEC_004,13.463
OHE_SEC_004_0458,SEC_004,13.482
OHE_SEC_004_0459,SEC_004,13.502
OHE_SEC_004_0460,SEC_004,13.521
OHE_SEC_004_0461,SEC_004,13.541
OHE_SEC_004_0462,SEC_004,13.56
OHE_SEC_004_0463,SEC_004,13.579
OHE_SEC_004_0464,SEC_004,13.599
OHE_SEC_004_0465,SEC_004,13.618
OHE_SEC_004_0466,SEC_004,13.638
OHE_SEC_004_0467,SEC_004,13.657
OHE_SEC_004_0468,SEC_004,13.676
OHE_SEC_004_0469,SEC_004,13.696
OHE_SEC_004_0470,SEC_004,13.716
OHE_SEC_004_0471,SEC_004,13.735
OHE_SEC_004_0472,SEC_004,13.754
OHE_SEC_004_0473,SEC_004,13.774
OHE_SEC_004_0474,SEC_004,13.793
OHE_SEC_004_0475,SEC_004,13.813
OHE_SEC_004_0476,SEC_004,13.832
OHE_SEC_004_0477,SEC_004,13.851
OHE_SEC_004_0478,SEC_004,13.871
OHE_SEC_004_0479,SEC_004,13.89
OHE_SEC_004_0480,SEC_004,13.91
OHE_SEC_004_0481,SEC_004,13.929
OHE_SEC_004_0482,SEC_004,13.948
OHE_SEC_004_0483,SEC_004,13.968
OHE_SEC_004_0484,SEC_004,13.987
OHE_SEC_004_0485,SEC_004,14.007
OHE_SEC_004_0486,SEC_004,14.026
OHE_SEC_004_0487,SEC_004,14.045
OHE_SEC_004_0488,SEC_004,14.065
OHE_SEC_004_0489,SEC_004,14.084
OHE_SEC_004_0490,SEC_004,14.104
OHE_SEC_004_0491,SEC_004,14.123
OHE_SEC_004_0492,SEC_004,14.143
OHE_SEC_004_0493,SEC_004,14.162
OHE_SEC_004_0494,SEC_004,14.182
OHE_SEC_004_0495,SEC_004,14.201
OHE_SEC_004_0496,SEC_004,14.22
OHE_SEC_004_0497,SEC_004,14.24
OHE_SEC_004_0498,SEC_004,14.259
OHE_SEC_004_0499,SEC_004,14.279
OHE_SEC_004_0500,SEC_004,14.298
OHE_SEC_004_0501,SEC_004,14.318
OHE_SEC_004_0502,SEC_004,14.337
OHE_SEC_004_0503,SEC_004,14.356
OHE_SEC_004_0504,SEC_004,14.376
OHE_SEC_004_0505,SEC_004,14.395
OHE_SEC_004_0506,SEC_004,14.415
OHE_SEC_004_0507,SEC_004,14.434
OHE_SEC_004_0508,SEC_004,14.453
OHE_SEC_004_0509,SEC_004,14.473
OHE_SEC_004_0510,SEC_004,14.492
OHE_SEC_004_0511,SEC_004,14.512
OHE_SEC_004_0512,SEC_004,14.531
OHE_SEC_004_0513,SEC_004,14.55
OHE_SEC_004_0514,SEC_004,14.57
OHE_SEC_004_0515,SEC_004,14.59
OHE_SEC_004_0516,SEC_004,14.609
OHE_SEC_004_0517,SEC_004,14.628
OHE_SEC_004_0518,SEC_004,14.648
OHE_SEC_004_0519,SEC_004,14.667
OHE_SEC_004_0520,SEC_004,14.687
OHE_SEC_004_0521,SEC_004,14.706
OHE_SEC_004_0522,SEC_004,14.725
OHE_SEC_004_0523,SEC_004,14.745
OHE_SEC_004_0524,SEC_004,14.764
OHE_SEC_004_0525,SEC_004,14.784
OHE_SEC_004_0526,SEC_004,14.803
OHE_SEC_005_0527,SEC_005,14.803
OHE_SEC_005_0528,SEC_005,15.061
OHE_SEC_005_0529,SEC_005,15.318
OHE_SEC_005_0530,SEC_005,15.576
OHE_SEC_005_0531,SEC_005,15.833
OHE_SEC_005_0532,SEC_005,16.09
OHE_SEC_005_0533,SEC_005,16.348
OHE_SEC_006_0534,SEC_006,16.348
OHE_SEC_006_0535,SEC_006,16.36
OHE_SEC_006_0536,SEC_006,16.372
OHE_SEC_006_0537,SEC_006,16.383
OHE_SEC_006_0538,SEC_006,16.395
OHE_SEC_006_0539,SEC_006,16.407
OHE_SEC_006_0540,SEC_006,16.418
OHE_SEC_006_0541,SEC_006,16.43
OHE_SEC_006_0542,SEC_006,16.442
OHE_SEC_006_0543,SEC_006,16.454
OHE_SEC_006_0544,SEC_006,16.466
OHE_SEC_006_0545,SEC_006,16.477
OHE_SEC_006_0546,SEC_006,16.489
OHE_SEC_006_0547,SEC_006,16.501
OHE_SEC_006_0548,SEC_006,16.512
OHE_SEC_006_0549,SEC_006,16.524
OHE_SEC_006_0550,SEC_006,16.536
OHE_SEC_006_0551,SEC_006,16.548
OHE_SEC_006_0552,SEC_006,16.56
OHE_SEC_006_0553,SEC_006,16.571
OHE_SEC_006_0554,SEC_006,16.583
OHE_SEC_006_0555,SEC_006,16.595
OHE_SEC_006_0556,SEC_006,16.606
OHE_SEC_006_0557,SEC_006,16.618
OHE_SEC_006_0558,SEC_006,16.63
OHE_SEC_006_0559,SEC_006,16.642
OHE_SEC_006_0560,SEC_006,16.654
OHE_SEC_006_0561,SEC_006,16.665
OHE_SEC_006_0562,SEC_006,16.677
OHE_SEC_006_0563,SEC_006,16.689
OHE_SEC_006_0564,SEC_006,16.7
OHE_SEC_006_0565,SEC_006,16.712
OHE_SEC_006_0566,SEC_006,16.724
OHE_SEC_006_0567,SEC_006,16.736
OHE_SEC_006_0568,SEC_006,16.748
OHE_SEC_006_0569,SEC_006,16.759
OHE_SEC_006_0570,SEC_006,16.771
OHE_SEC_006_0571,SEC_006,16.783
OHE_SEC_006_0572,SEC_006,16.794
OHE_SEC_006_0573,SEC_006,16.806
OHE_SEC_006_0574,SEC_006,16.818
OHE_SEC_006_0575,SEC_006,16.83
OHE_SEC_006_0576,SEC_006,16.841
OHE_SEC_006_0577,SEC_006,16.853
OHE_SEC_006_0578,SEC_006,16.865
OHE_SEC_006_0579,SEC_006,16.877
OHE_SEC_006_0580,SEC_006,16.888
OHE_SEC_006_0581,SEC_006,16.9
OHE_SEC_006_0582,SEC_006,16.912
OHE_SEC_006_0583,SEC_006,16.924
OHE_SEC_006_0584,SEC_006,16.935
OHE_SEC_006_0585,SEC_006,16.947
OHE_SEC_006_0586,SEC_006,16.959
OHE_SEC_006_0587,SEC_006,16.971
OHE_SEC_006_0588,SEC_006,16.982
OHE_SEC_006_0589,SEC_006,16.994
OHE_SEC_006_0590,SEC_006,17.006
OHE_SEC_006_0591,SEC_006,17.018
OHE_SEC_006_0592,SEC_006,17.029
OHE_SEC_006_0593,SEC_006,17.041
OHE_SEC_006_0594,SEC_006,17.053
OHE_SEC_006_0595,SEC_006,17.064
OHE_SEC_006_0596,SEC_006,17.076
OHE_SEC_006_0597,SEC_006,17.088
OHE_SEC_006_0598,SEC_006,17.1
OHE_SEC_006_0599,SEC_006,17.112
OHE_SEC_006_0600,SEC_006,17.123
OHE_SEC_006_0601,SEC_006,17.135
OHE_SEC_006_0602,SEC_006,17.147
OHE_SEC_006_0603,SEC_006,17.158
OHE_SEC_006_0604,SEC_006,17.17
OHE_SEC_006_0605,SEC_006,17.182
OHE_SEC_006_0606,SEC_006,17.194
OHE_SEC_006_0607,SEC_006,17.206
OHE_SEC_006_0608,SEC_006,17.217
OHE_SEC_006_0609,SEC_006,17.229
OHE_SEC_006_0610,SEC_006,17.241
OHE_SEC_006_0611,SEC_006,17.252
OHE_SEC_006_0612,SEC_006,17.264
OHE_SEC_006_0613,SEC_006,17.276
OHE_SEC_006_0614,SEC_006,17.288
OHE_SEC_006_0615,SEC_006,17.3
OHE_SEC_006_0616,SEC_006,17.311
OHE_SEC_006_0617,SEC_006,17.323
OHE_SEC_006_0618,SEC_006,17.335
OHE_SEC_006_0619,SEC_006,17.346
OHE_SEC_006_0620,SEC_006,17.358
OHE_SEC_006_0621,SEC_006,17.37
OHE_SEC_006_0622,SEC_006,17.382
OHE_SEC_006_0623,SEC_006,17.394
OHE_SEC_006_0624,SEC_006,17.405
OHE_SEC_006_0625,SEC_006,17.417
OHE_SEC_006_0626,SEC_006,17.429
OHE_SEC_006_0627,SEC_006,17.44
OHE_SEC_006_0628,SEC_006,17.452
OHE_SEC_006_0629,SEC_006,17.464
OHE_SEC_007_0630,SEC_007,17.464
OHE_SEC_007_0631,SEC_007,17.479
OHE_SEC_007_0632,SEC_007,17.494
OHE_SEC_007_0633,SEC_007,17.509
OHE_SEC_007_0634,SEC_007,17.524
OHE_SEC_007_0635,SEC_007,17.539
OHE_SEC_007_0636,SEC_007,17.554
OHE_SEC_007_0637,SEC_007,17.569
OHE_SEC_007_0638,SEC_007,17.584
OHE_SEC_007_0639,SEC_007,17.599
OHE_SEC_007_0640,SEC_007,17.614
OHE_SEC_007_0641,SEC_007,17.629
OHE_SEC_007_0642,SEC_007,17.644
OHE_SEC_007_0643,SEC_007,17.659
OHE_SEC_007_0644,SEC_007,17.674
OHE_SEC_007_0645,SEC_007,17.689
OHE_SEC_007_0646,SEC_007,17.704
OHE_SEC_007_0647,SEC_007,17.719
OHE_SEC_007_0648,SEC_007,17.734
OHE_SEC_007_0649,SEC_007,17.749
OHE_SEC_007_0650,SEC_007,17.764
OHE_SEC_007_0651,SEC_007,17.779
OHE_SEC_007_0652,SEC_007,17.794
OHE_SEC_007_0653,SEC_007,17.809
OHE_SEC_007_0654,SEC_007,17.824
OHE_SEC_007_0655,SEC_007,17.839
OHE_SEC_007_0656,SEC_007,17.854
OHE_SEC_007_0657,SEC_007,17.869
OHE_SEC_007_0658,SEC_007,17.884
OHE_SEC_007_0659,SEC_007,17.899
OHE_SEC_007_0660,SEC_007,17.915
OHE_SEC_007_0661,SEC_007,17.929
OHE_SEC_007_0662,SEC_007,17.944
OHE_SEC_007_0663,SEC_007,17.959
OHE_SEC_007_0664,SEC_007,17.974
OHE_SEC_007_0665,SEC_007,17.99
OHE_SEC_007_0666,SEC_007,18.005
OHE_SEC_007_0667,SEC_007,18.02
OHE_SEC_007_0668,SEC_007,18.035
OHE_SEC_007_0669,SEC_007,18.049
OHE_SEC_007_0670,SEC_007,18.065
OHE_SEC_007_0671,SEC_007,18.08
OHE_SEC_007_0672,SEC_007,18.095
OHE_SEC_007_0673,SEC_007,18.11
OHE_SEC_007_0674,SEC_007,18.125
OHE_SEC_007_0675,SEC_007,18.14
OHE_SEC_007_0676,SEC_007,18.155
OHE_SEC_007_0677,SEC_007,18.17
OHE_SEC_007_0678,SEC_007,18.185
OHE_SEC_007_0679,SEC_007,18.2
OHE_SEC_007_0680,SEC_007,18.215
OHE_SEC_007_0681,SEC_007,18.23
OHE_SEC_007_0682,SEC_007,18.245
OHE_SEC_007_0683,SEC_007,18.26
OHE_SEC_007_0684,SEC_007,18.275
OHE_SEC_007_0685,SEC_007,18.29
OHE_SEC_007_0686,SEC_007,18.305
OHE_SEC_007_0687,SEC_007,18.32
OHE_SEC_007_0688,SEC_007,18.335
OHE_SEC_007_0689,SEC_007,18.35
OHE_SEC_007_0690,SEC_007,18.365
OHE_SEC_007_0691,SEC_007,18.38
OHE_SEC_007_0692,SEC_007,18.395
OHE_SEC_007_0693,SEC_007,18.41
OHE_SEC_007_0694,SEC_007,18.425
OHE_SEC_007_0695,SEC_007,18.44
OHE_SEC_007_0696,SEC_007,18.455
OHE_SEC_007_0697,SEC_007,18.47
OHE_SEC_007_0698,SEC_007,18.485
OHE_SEC_007_0699,SEC_007,18.5
OHE_SEC_007_0700,SEC_007,18.515
OHE_SEC_007_0701,SEC_007,18.53
OHE_SEC_007_0702,SEC_007,18.545
OHE_SEC_007_0703,SEC_007,18.56
OHE_SEC_007_0704,SEC_007,18.575
OHE_SEC_007_0705,SEC_007,18.59
OHE_SEC_007_0706,SEC_007,18.605
OHE_SEC_007_0707,SEC_007,18.62
OHE_SEC_007_0708,SEC_007,18.635
OHE_SEC_007_0709,SEC_007,18.65
OHE_SEC_007_0710,SEC_007,18.665
OHE_SEC_007_0711,SEC_007,18.68
OHE_SEC_007_0712,SEC_007,18.695
OHE_SEC_007_0713,SEC_007,18.71
OHE_SEC_007_0714,SEC_007,18.725
OHE_SEC_007_0715,SEC_007,18.74
OHE_SEC_007_0716,SEC_007,18.755
OHE_SEC_007_0717,SEC_007,18.77
OHE_SEC_007_0718,SEC_007,18.785
OHE_SEC_007_0719,SEC_007,18.8
OHE_SEC_007_0720,SEC_007,18.815
OHE_SEC_007_0721,SEC_007,18.83
OHE_SEC_007_0722,SEC_007,18.845
OHE_SEC_007_0723,SEC_007,18.86
OHE_SEC_007_0724,SEC_007,18.875
OHE_SEC_007_0725,SEC_007,18.89
OHE_SEC_007_0726,SEC_007,18.905
OHE_SEC_007_0727,SEC_007,18.92
OHE_SEC_007_0728,SEC_007,18.935
OHE_SEC_007_0729,SEC_007,18.951
OHE_SEC_007_0730,SEC_007,18.965
OHE_SEC_007_0731,SEC_007,18.98
OHE_SEC_007_0732,SEC_007,18.995
OHE_SEC_007_0733,SEC_007,19.01
OHE_SEC_007_0734,SEC_007,19.026
OHE_SEC_007_0735,SEC_007,19.041
OHE_SEC_007_0736,SEC_007,19.056
OHE_SEC_007_0737,SEC_007,19.071
OHE_SEC_007_0738,SEC_007,19.085
OHE_SEC_007_0739,SEC_007,19.101
OHE_SEC_007_0740,SEC_007,19.116
OHE_SEC_007_0741,SEC_007,19.131
OHE_SEC_007_0742,SEC_007,19.146
OHE_SEC_007_0743,SEC_007,19.161
OHE_SEC_007_0744,SEC_007,19.176
OHE_SEC_007_0745,SEC_007,19.191
OHE_SEC_007_0746,SEC_007,19.206
OHE_SEC_007_0747,SEC_007,19.221
OHE_SEC_007_0748,SEC_007,19.236
OHE_SEC_007_0749,SEC_007,19.251
OHE_SEC_007_0750,SEC_007,19.266
OHE_SEC_007_0751,SEC_007,19.281
OHE_SEC_007_0752,SEC_007,19.296
OHE_SEC_007_0753,SEC_007,19.311
OHE_SEC_007_0754,SEC_007,19.326
OHE_SEC_007_0755,SEC_007,19.341
OHE_SEC_007_0756,SEC_007,19.356
OHE_SEC_007_0757,SEC_007,19.371
OHE_SEC_007_0758,SEC_007,19.386
OHE_SEC_007_0759,SEC_007,19.401
OHE_SEC_007_0760,SEC_007,19.416
OHE_SEC_007_0761,SEC_007,19.431
OHE_SEC_007_0762,SEC_007,19.446
OHE_SEC_007_0763,SEC_007,19.461
OHE_SEC_007_0764,SEC_007,19.476
OHE_SEC_007_0765,SEC_007,19.491
OHE_SEC_007_0766,SEC_007,19.506
OHE_SEC_007_0767,SEC_007,19.521
OHE_SEC_007_0768,SEC_007,19.536
OHE_SEC_008_0769,SEC_008,19.536
OHE_SEC_008_0770,SEC_008,19.646
OHE_SEC_008_0771,SEC_008,19.754
OHE_SEC_008_0772,SEC_008,19.864
OHE_SEC_008_0773,SEC_008,19.974
OHE_SEC_008_0774,SEC_008,20.084
OHE_SEC_008_0775,SEC_008,20.192
OHE_SEC_008_0776,SEC_008,20.302
OHE_SEC_008_0777,SEC_008,20.412
OHE_SEC_008_0778,SEC_008,20.522
OHE_SEC_008_0779,SEC_008,20.63
OHE_SEC_008_0780,SEC_008,20.74
OHE_SEC_008_0781,SEC_008,20.85
OHE_SEC_008_0782,SEC_008,20.96
OHE_SEC_008_0783,SEC_008,21.068
OHE_SEC_008_0784,SEC_008,21.178
OHE_SEC_008_0785,SEC_008,21.288
OHE_SEC_008_0786,SEC_008,21.398
OHE_SEC_008_0787,SEC_008,21.506
OHE_SEC_008_0788,SEC_008,21.616
OHE_SEC_009_0789,SEC_009,21.616
OHE_SEC_009_0790,SEC_009,21.632
OHE_SEC_009_0791,SEC_009,21.648
OHE_SEC_009_0792,SEC_009,21.665
OHE_SEC_009_0793,SEC_009,21.681
OHE_SEC_009_0794,SEC_009,21.697
OHE_SEC_009_0795,SEC_009,21.713
OHE_SEC_009_0796,SEC_009,21.729
OHE_SEC_009_0797,SEC_009,21.746
OHE_SEC_009_0798,SEC_009,21.762
OHE_SEC_009_0799,SEC_009,21.778
OHE_SEC_009_0800,SEC_009,21.794
OHE_SEC_009_0801,SEC_009,21.81
OHE_SEC_009_0802,SEC_009,21.827
OHE_SEC_009_0803,SEC_009,21.843
OHE_SEC_009_0804,SEC_009,21.859
OHE_SEC_009_0805,SEC_009,21.875
OHE_SEC_009_0806,SEC_009,21.891
OHE_SEC_009_0807,SEC_009,21.908
OHE_SEC_009_0808,SEC_009,21.924
OHE_SEC_009_0809,SEC_009,21.94
OHE_SEC_009_0810,SEC_009,21.956
OHE_SEC_009_0811,SEC_009,21.972
OHE_SEC_009_0812,SEC_009,21.989
OHE_SEC_009_0813,SEC_009,22.005
OHE_SEC_009_0814,SEC_009,22.021
OHE_SEC_009_0815,SEC_009,22.037
OHE_SEC_009_0816,SEC_009,22.053
OHE_SEC_009_0817,SEC_009,22.07
OHE_SEC_009_0818,SEC_009,22.086
OHE_SEC_009_0819,SEC_009,22.102
OHE_SEC_009_0820,SEC_009,22.118
OHE_SEC_009_0821,SEC_009,22.134
OHE_SEC_009_0822,SEC_009,22.151
OHE_SEC_009_0823,SEC_009,22.167
OHE_SEC_009_0824,SEC_009,22.183
OHE_SEC_009_0825,SEC_009,22.199
OHE_SEC_009_0826,SEC_009,22.215
OHE_SEC_009_0827,SEC_009,22.232
OHE_SEC_009_0828,SEC_009,22.248
OHE_SEC_009_0829,SEC_009,22.264
OHE_SEC_009_0830,SEC_009,22.28
OHE_SEC_009_0831,SEC_009,22.296
OHE_SEC_009_0832,SEC_009,22.313
OHE_SEC_009_0833,SEC_009,22.329
OHE_SEC_009_0834,SEC_009,22.345
OHE_SEC_009_0835,SEC_009,22.361
OHE_SEC_009_0836,SEC_009,22.377
OHE_SEC_009_0837,SEC_009,22.394
OHE_SEC_009_0838,SEC_009,22.41
OHE_SEC_009_0839,SEC_009,22.426
OHE_SEC_009_0840,SEC_009,22.442
OHE_SEC_009_0841,SEC_009,22.458
OHE_SEC_009_0842,SEC_009,22.475
OHE_SEC_009_0843,SEC_009,22.491
OHE_SEC_009_0844,SEC_009,22.507
OHE_SEC_009_0845,SEC_009,22.523
OHE_SEC_009_0846,SEC_009,22.539
OHE_SEC_009_0847,SEC_009,22.556
OHE_SEC_009_0848,SEC_009,22.572
OHE_SEC_009_0849,SEC_009,22.588
OHE_SEC_009_0850,SEC_009,22.604
OHE_SEC_009_0851,SEC_009,22.62
OHE_SEC_009_0852,SEC_009,22.636
OHE_SEC_009_0853,SEC_009,22.653
OHE_SEC_009_0854,SEC_009,22.669
OHE_SEC_009_0855,SEC_009,22.685
OHE_SEC_009_0856,SEC_009,22.701
OHE_SEC_009_0857,SEC_009,22.717
OHE_SEC_009_0858,SEC_009,22.734
OHE_SEC_009_0859,SEC_009,22.75
OHE_SEC_009_0860,SEC_009,22.766
OHE_SEC_009_0861,SEC_009,22.782
OHE_SEC_009_0862,SEC_009,22.798
OHE_SEC_009_0863,SEC_009,22.815
OHE_SEC_009_0864,SEC_009,22.831
OHE_SEC_009_0865,SEC_009,22.847
OHE_SEC_009_0866,SEC_009,22.863
OHE_SEC_009_0867,SEC_009,22.879
OHE_SEC_009_0868,SEC_009,22.896
OHE_SEC_009_0869,SEC_009,22.912
OHE_SEC_009_0870,SEC_009,22.928
OHE_SEC_009_0871,SEC_009,22.944
OHE_SEC_009_0872,SEC_009,22.96
OHE_SEC_009_0873,SEC_009,22.977
OHE_SEC_009_0874,SEC_009,22.993
OHE_SEC_009_0875,SEC_009,23.009
OHE_SEC_009_0876,SEC_009,23.025
OHE_SEC_009_0877,SEC_009,23.041
OHE_SEC_009_0878,SEC_009,23.058
OHE_SEC_009_0879,SEC_009,23.074
OHE_SEC_009_0880,SEC_009,23.09
OHE_SEC_009_0881,SEC_009,23.106
OHE_SEC_009_0882,SEC_009,23.122
OHE_SEC_009_0883,SEC_009,23.139
OHE_SEC_009_0884,SEC_009,23.155
OHE_SEC_009_0885,SEC_009,23.171
OHE_SEC_009_0886,SEC_009,23.187
OHE_SEC_009_0887,SEC_009,23.203
OHE_SEC_009_0888,SEC_009,23.22
OHE_SEC_009_0889,SEC_009,23.236
OHE_SEC_009_0890,SEC_009,23.252
OHE_SEC_009_0891,SEC_009,23.268
OHE_SEC_009_0892,SEC_009,23.284
OHE_SEC_009_0893,SEC_009,23.301
OHE_SEC_009_0894,SEC_009,23.317
OHE_SEC_009_0895,SEC_009,23.333
OHE_SEC_009_0896,SEC_009,23.349
OHE_SEC_009_0897,SEC_009,23.365
OHE_SEC_009_0898,SEC_009,23.382
OHE_SEC_009_0899,SEC_009,23.398
OHE_SEC_009_0900,SEC_009,23.414
OHE_SEC_009_0901,SEC_009,23.43
OHE_SEC_009_0902,SEC_009,23.446
OHE_SEC_009_0903,SEC_009,23.463
OHE_SEC_009_0904,SEC_009,23.479
OHE_SEC_009_0905,SEC_009,23.495
OHE_SEC_009_0906,SEC_009,23.511
OHE_SEC_009_0907,SEC_009,23.527
OHE_SEC_009_0908,SEC_009,23.544
OHE_SEC_009_0909,SEC_009,23.56
OHE_SEC_009_0910,SEC_009,23.576
OHE_SEC_009_0911,SEC_009,23.592
OHE_SEC_009_0912,SEC_009,23.608
OHE_SEC_009_0913,SEC_009,23.625
OHE_SEC_009_0914,SEC_009,23.641
OHE_SEC_009_0915,SEC_009,23.657
OHE_SEC_010_0916,SEC_010,23.657
OHE_SEC_010_0917,SEC_010,25.616
OHE_SEC_011_0918,SEC_011,25.616
OHE_SEC_011_0919,SEC_011,25.63
OHE_SEC_011_0920,SEC_011,25.644
OHE_SEC_011_0921,SEC_011,25.659
OHE_SEC_011_0922,SEC_011,25.673
OHE_SEC_011_0923,SEC_011,25.687
OHE_SEC_011_0924,SEC_011,25.701
OHE_SEC_011_0925,SEC_011,25.715
OHE_SEC_011_0926,SEC_011,25.729
OHE_SEC_011_0927,SEC_011,25.743
OHE_SEC_011_0928,SEC_011,25.757
OHE_SEC_011_0929,SEC_011,25.772
OHE_SEC_011_0930,SEC_011,25.786
OHE_SEC_011_0931,SEC_011,25.8
OHE_SEC_011_0932,SEC_011,25.814
OHE_SEC_011_0933,SEC_011,25.829
OHE_SEC_011_0934,SEC_011,25.843
OHE_SEC_011_0935,SEC_011,25.857
OHE_SEC_011_0936,SEC_011,25.871
OHE_SEC_011_0937,SEC_011,25.885
OHE_SEC_011_0938,SEC_011,25.899
OHE_SEC_011_0939,SEC_011,25.913
OHE_SEC_011_0940,SEC_011,25.927
OHE_SEC_011_0941,SEC_011,25.942
OHE_SEC_011_0942,SEC_011,25.956
OHE_SEC_011_0943,SEC_011,25.97
OHE_SEC_011_0944,SEC_011,25.984
OHE_SEC_011_0945,SEC_011,25.998
OHE_SEC_011_0946,SEC_011,26.013
OHE_SEC_011_0947,SEC_011,26.027
OHE_SEC_011_0948,SEC_011,26.041
OHE_SEC_011_0949,SEC_011,26.055
OHE_SEC_011_0950,SEC_011,26.069
OHE_SEC_011_0951,SEC_011,26.083
OHE_SEC_011_0952,SEC_011,26.097
OHE_SEC_011_0953,SEC_011,26.111
OHE_SEC_011_0954,SEC_011,26.126
OHE_SEC_011_0955,SEC_011,26.14
OHE_SEC_011_0956,SEC_011,26.154
OHE_SEC_011_0957,SEC_011,26.168
OHE_SEC_011_0958,SEC_011,26.182
OHE_SEC_011_0959,SEC_011,26.197
OHE_SEC_011_0960,SEC_011,26.211
OHE_SEC_011_0961,SEC_011,26.225
OHE_SEC_011_0962,SEC_011,26.239
OHE_SEC_011_0963,SEC_011,26.253
OHE_SEC_011_0964,SEC_011,26.267
OHE_SEC_011_0965,SEC_011,26.281
OHE_SEC_011_0966,SEC_011,26.296
OHE_SEC_011_0967,SEC_011,26.31
OHE_SEC_011_0968,SEC_011,26.324
OHE_SEC_011_0969,SEC_011,26.338
OHE_SEC_011_0970,SEC_011,26.352
OHE_SEC_011_0971,SEC_011,26.366
OHE_SEC_011_0972,SEC_011,26.381
OHE_SEC_011_0973,SEC_011,26.395
OHE_SEC_011_0974,SEC_011,26.409
OHE_SEC_011_0975,SEC_011,26.423
OHE_SEC_011_0976,SEC_011,26.437
OHE_SEC_011_0977,SEC_011,26.451
OHE_SEC_011_0978,SEC_011,26.465
OHE_SEC_011_0979,SEC_011,26.48
OHE_SEC_011_0980,SEC_011,26.494
OHE_SEC_011_0981,SEC_011,26.508
OHE_SEC_011_0982,SEC_011,26.522
OHE_SEC_011_0983,SEC_011,26.536
OHE_SEC_011_0984,SEC_011,26.55
OHE_SEC_011_0985,SEC_011,26.565
OHE_SEC_011_0986,SEC_011,26.579
OHE_SEC_011_0987,SEC_011,26.593
OHE_SEC_011_0988,SEC_011,26.607
OHE_SEC_011_0989,SEC_011,26.621
OHE_SEC_011_0990,SEC_011,26.635
OHE_SEC_011_0991,SEC_011,26.65
OHE_SEC_011_0992,SEC_011,26.664
OHE_SEC_011_0993,SEC_011,26.678
OHE_SEC_011_0994,SEC_011,26.692
OHE_SEC_011_0995,SEC_011,26.706
OHE_SEC_011_0996,SEC_011,26.72
OHE_SEC_011_0997,SEC_011,26.734
OHE_SEC_011_0998,SEC_011,26.749
OHE_SEC_011_0999,SEC_011,26.763
OHE_SEC_011_1000,SEC_011,26.777
OHE_SEC_011_1001,SEC_011,26.791
OHE_SEC_011_1002,SEC_011,26.805
OHE_SEC_011_1003,SEC_011,26.82
OHE_SEC_011_1004,SEC_011,26.834
OHE_SEC_011_1005,SEC_011,26.848
OHE_SEC_011_1006,SEC_011,26.862
OHE_SEC_011_1007,SEC_011,26.876
OHE_SEC_011_1008,SEC_011,26.89
OHE_SEC_011_1009,SEC_011,26.904
OHE_SEC_011_1010,SEC_011,26.918
OHE_SEC_011_1011,SEC_011,26.933
OHE_SEC_011_1012,SEC_011,26.947
OHE_SEC_011_1013,SEC_011,26.961
OHE_SEC_011_1014,SEC_011,26.975
OHE_SEC_011_1015,SEC_011,26.989
OHE_SEC_011_1016,SEC_011,27.004
OHE_SEC_011_1017,SEC_011,27.018
OHE_SEC_011_1018,SEC_011,27.032
OHE_SEC_011_1019,SEC_011,27.046
OHE_SEC_011_1020,SEC_011,27.06
OHE_SEC_011_1021,SEC_011,27.074
OHE_SEC_011_1022,SEC_011,27.088
OHE_SEC_011_1023,SEC_011,27.103
OHE_SEC_011_1024,SEC_011,27.117
OHE_SEC_011_1025,SEC_011,27.131
OHE_SEC_011_1026,SEC_011,27.145
OHE_SEC_011_1027,SEC_011,27.159
OHE_SEC_011_1028,SEC_011,27.174
OHE_SEC_011_1029,SEC_011,27.188
OHE_SEC_011_1030,SEC_011,27.202
OHE_SEC_011_1031,SEC_011,27.216
OHE_SEC_011_1032,SEC_011,27.23
OHE_SEC_011_1033,SEC_011,27.244
OHE_SEC_011_1034,SEC_011,27.258
OHE_SEC_011_1035,SEC_011,27.272
OHE_SEC_011_1036,SEC_011,27.287
OHE_SEC_011_1037,SEC_011,27.301
OHE_SEC_011_1038,SEC_011,27.315
OHE_SEC_011_1039,SEC_011,27.329
OHE_SEC_011_1040,SEC_011,27.343
OHE_SEC_011_1041,SEC_011,27.358
OHE_SEC_011_1042,SEC_011,27.372
OHE_SEC_011_1043,SEC_011,27.386
OHE_SEC_011_1044,SEC_011,27.4
OHE_SEC_011_1045,SEC_011,27.414
OHE_SEC_011_1046,SEC_011,27.428
OHE_SEC_011_1047,SEC_011,27.442
OHE_SEC_011_1048,SEC_011,27.456
OHE_SEC_011_1049,SEC_011,27.471
OHE_SEC_011_1050,SEC_011,27.485
OHE_SEC_011_1051,SEC_011,27.499
OHE_SEC_011_1052,SEC_011,27.513
OHE_SEC_011_1053,SEC_011,27.527
OHE_SEC_011_1054,SEC_011,27.542
OHE_SEC_011_1055,SEC_011,27.556
OHE_SEC_011_1056,SEC_011,27.57
OHE_SEC_011_1057,SEC_011,27.584
OHE_SEC_011_1058,SEC_011,27.598
OHE_SEC_011_1059,SEC_011,27.612
OHE_SEC_011_1060,SEC_011,27.626
OHE_SEC_011_1061,SEC_011,27.641
OHE_SEC_011_1062,SEC_011,27.655
OHE_SEC_011_1063,SEC_011,27.669
OHE_SEC_011_1064,SEC_011,27.683
OHE_SEC_011_1065,SEC_011,27.697
OHE_SEC_011_1066,SEC_011,27.712
OHE_SEC_011_1067,SEC_011,27.726
OHE_SEC_011_1068,SEC_011,27.74
OHE_SEC_011_1069,SEC_011,27.754
OHE_SEC_011_1070,SEC_011,27.768
OHE_SEC_011_1071,SEC_011,27.782
OHE_SEC_011_1072,SEC_011,27.796
OHE_SEC_011_1073,SEC_011,27.81
OHE_SEC_011_1074,SEC_011,27.825
OHE_SEC_011_1075,SEC_011,27.839
OHE_SEC_011_1076,SEC_011,27.853
OHE_SEC_011_1077,SEC_011,27.867
OHE_SEC_011_1078,SEC_011,27.881
OHE_SEC_011_1079,SEC_011,27.896
OHE_SEC_011_1080,SEC_011,27.91
OHE_SEC_011_1081,SEC_011,27.924
OHE_SEC_011_1082,SEC_011,27.938
OHE_SEC_011_1083,SEC_011,27.952
OHE_SEC_011_1084,SEC_011,27.966
OHE_SEC_011_1085,SEC_011,27.98
OHE_SEC_011_1086,SEC_011,27.995
OHE_SEC_011_1087,SEC_011,28.009
OHE_SEC_011_1088,SEC_011,28.023
OHE_SEC_011_1089,SEC_011,28.037
OHE_SEC_011_1090,SEC_011,28.051
OHE_SEC_011_1091,SEC_011,28.065
OHE_SEC_011_1092,SEC_011,28.08
OHE_SEC_011_1093,SEC_011,28.094
OHE_SEC_011_1094,SEC_011,28.108
OHE_SEC_011_1095,SEC_011,28.122
OHE_SEC_011_1096,SEC_011,28.136
OHE_SEC_011_1097,SEC_011,28.15
OHE_SEC_011_1098,SEC_011,28.165
OHE_SEC_011_1099,SEC_011,28.179
OHE_SEC_011_1100,SEC_011,28.193
OHE_SEC_011_1101,SEC_011,28.207
OHE_SEC_011_1102,SEC_011,28.221
OHE_SEC_011_1103,SEC_011,28.235
OHE_SEC_011_1104,SEC_011,28.249
OHE_SEC_011_1105,SEC_011,28.264
OHE_SEC_011_1106,SEC_011,28.278
OHE_SEC_011_1107,SEC_011,28.292
OHE_SEC_011_1108,SEC_011,28.306
OHE_SEC_011_1109,SEC_011,28.32
OHE_SEC_011_1110,SEC_011,28.334
OHE_SEC_011_1111,SEC_011,28.349
OHE_SEC_011_1112,SEC_011,28.363
OHE_SEC_011_1113,SEC_011,28.377
OHE_SEC_011_1114,SEC_011,28.391
OHE_SEC_011_1115,SEC_011,28.405
OHE_SEC_011_1116,SEC_011,28.419
OHE_SEC_011_1117,SEC_011,28.433
OHE_SEC_011_1118,SEC_011,28.448
OHE_SEC_011_1119,SEC_011,28.462
OHE_SEC_011_1120,SEC_011,28.476
OHE_SEC_011_1121,SEC_011,28.49
OHE_SEC_011_1122,SEC_011,28.504
OHE_SEC_011_1123,SEC_011,28.519
OHE_SEC_011_1124,SEC_011,28.533
OHE_SEC_011_1125,SEC_011,28.547
OHE_SEC_011_1126,SEC_011,28.561
OHE_SEC_011_1127,SEC_011,28.575
OHE_SEC_011_1128,SEC_011,28.589
OHE_SEC_011_1129,SEC_011,28.603
OHE_SEC_011_1130,SEC_011,28.617
OHE_SEC_011_1131,SEC_011,28.632
OHE_SEC_011_1132,SEC_011,28.646
OHE_SEC_011_1133,SEC_011,28.66
OHE_SEC_011_1134,SEC_011,28.674
OHE_SEC_011_1135,SEC_011,28.688
OHE_SEC_011_1136,SEC_011,28.703
OHE_SEC_011_1137,SEC_011,28.717
OHE_SEC_011_1138,SEC_011,28.731
OHE_SEC_011_1139,SEC_011,28.745
OHE_SEC_011_1140,SEC_011,28.759
OHE_SEC_011_1141,SEC_011,28.773
OHE_SEC_011_1142,SEC_011,28.787
OHE_SEC_011_1143,SEC_011,28.801
OHE_SEC_011_1144,SEC_011,28.816
OHE_SEC_011_1145,SEC_011,28.83
OHE_SEC_011_1146,SEC_011,28.844
OHE_SEC_011_1147,SEC_011,28.858
OHE_SEC_011_1148,SEC_011,28.873
OHE_SEC_011_1149,SEC_011,28.887
OHE_SEC_011_1150,SEC_011,28.901
OHE_SEC_011_1151,SEC_011,28.915
OHE_SEC_011_1152,SEC_011,28.929
OHE_SEC_011_1153,SEC_011,28.943
OHE_SEC_011_1154,SEC_011,28.957
OHE_SEC_011_1155,SEC_011,28.971
OHE_SEC_011_1156,SEC_011,28.986
OHE_SEC_011_1157,SEC_011,29.0
OHE_SEC_011_1158,SEC_011,29.014
OHE_SEC_012_1159,SEC_012,29.014
OHE_SEC_012_1160,SEC_012,29.034
OHE_SEC_012_1161,SEC_012,29.054
OHE_SEC_012_1162,SEC_012,29.074
OHE_SEC_012_1163,SEC_012,29.094
OHE_SEC_012_1164,SEC_012,29.114
OHE_SEC_012_1165,SEC_012,29.134
OHE_SEC_012_1166,SEC_012,29.153
OHE_SEC_012_1167,SEC_012,29.174
OHE_SEC_012_1168,SEC_012,29.193
OHE_SEC_012_1169,SEC_012,29.213
OHE_SEC_012_1170,SEC_012,29.233
OHE_SEC_012_1171,SEC_012,29.253
OHE_SEC_012_1172,SEC_012,29.273
OHE_SEC_012_1173,SEC_012,29.293
OHE_SEC_012_1174,SEC_012,29.313
OHE_SEC_012_1175,SEC_012,29.333
OHE_SEC_012_1176,SEC_012,29.353
OHE_SEC_012_1177,SEC_012,29.373
OHE_SEC_012_1178,SEC_012,29.393
OHE_SEC_012_1179,SEC_012,29.413
OHE_SEC_012_1180,SEC_012,29.432
OHE_SEC_012_1181,SEC_012,29.453
OHE_SEC_012_1182,SEC_012,29.473
OHE_SEC_012_1183,SEC_012,29.492
OHE_SEC_012_1184,SEC_012,29.512
OHE_SEC_012_1185,SEC_012,29.533
OHE_SEC_012_1186,SEC_012,29.552
OHE_SEC_012_1187,SEC_012,29.572
OHE_SEC_012_1188,SEC_012,29.592
OHE_SEC_012_1189,SEC_012,29.612
OHE_SEC_012_1190,SEC_012,29.632
OHE_SEC_012_1191,SEC_012,29.652
OHE_SEC_012_1192,SEC_012,29.672
OHE_SEC_012_1193,SEC_012,29.692
OHE_SEC_012_1194,SEC_012,29.712
OHE_SEC_012_1195,SEC_012,29.732
OHE_SEC_012_1196,SEC_012,29.752
OHE_SEC_012_1197,SEC_012,29.772
OHE_SEC_012_1198,SEC_012,29.791
OHE_SEC_012_1199,SEC_012,29.812
OHE_SEC_012_1200,SEC_012,29.831
OHE_SEC_012_1201,SEC_012,29.851
OHE_SEC_012_1202,SEC_012,29.871
OHE_SEC_012_1203,SEC_012,29.891
OHE_SEC_012_1204,SEC_012,29.911
OHE_SEC_012_1205,SEC_012,29.931
OHE_SEC_012_1206,SEC_012,29.951
OHE_SEC_012_1207,SEC_012,29.971
OHE_SEC_012_1208,SEC_012,29.991
OHE_SEC_012_1209,SEC_012,30.011
OHE_SEC_012_1210,SEC_012,30.031
OHE_SEC_012_1211,SEC_012,30.051
OHE_SEC_012_1212,SEC_012,30.071
OHE_SEC_012_1213,SEC_012,30.09
OHE_SEC_012_1214,SEC_012,30.111
OHE_SEC_012_1215,SEC_012,30.13
OHE_SEC_012_1216,SEC_012,30.15
OHE_SEC_012_1217,SEC_012,30.17
OHE_SEC_012_1218,SEC_012,30.19
OHE_SEC_012_1219,SEC_012,30.21
OHE_SEC_012_1220,SEC_012,30.23
OHE_SEC_012_1221,SEC_012,30.25
OHE_SEC_012_1222,SEC_012,30.27
OHE_SEC_012_1223,SEC_012,30.29
OHE_SEC_012_1224,SEC_012,30.31
OHE_SEC_012_1225,SEC_012,30.33
OHE_SEC_012_1226,SEC_012,30.35
OHE_SEC_012_1227,SEC_012,30.369
OHE_SEC_012_1228,SEC_012,30.39
OHE_SEC_012_1229,SEC_012,30.41
OHE_SEC_012_1230,SEC_012,30.429
OHE_SEC_012_1231,SEC_012,30.449
OHE_SEC_012_1232,SEC_012,30.47
OHE_SEC_012_1233,SEC_012,30.489
OHE_SEC_012_1234,SEC_012,30.509
OHE_SEC_012_1235,SEC_012,30.529
OHE_SEC_012_1236,SEC_012,30.549
OHE_SEC_012_1237,SEC_012,30.569
OHE_SEC_012_1238,SEC_012,30.589
OHE_SEC_012_1239,SEC_012,30.609
OHE_SEC_012_1240,SEC_012,30.629
OHE_SEC_012_1241,SEC_012,30.649
OHE_SEC_012_1242,SEC_012,30.669
OHE_SEC_012_1243,SEC_012,30.689
OHE_SEC_012_1244,SEC_012,30.709
OHE_SEC_012_1245,SEC_012,30.728
OHE_SEC_012_1246,SEC_012,30.749
OHE_SEC_012_1247,SEC_012,30.768
OHE_SEC_012_1248,SEC_012,30.788
OHE_SEC_012_1249,SEC_012,30.808
OHE_SEC_012_1250,SEC_012,30.828
OHE_SEC_012_1251,SEC_012,30.848
OHE_SEC_012_1252,SEC_012,30.868
OHE_SEC_012_1253,SEC_012,30.888
OHE_SEC_013_1254,SEC_013,30.888
OHE_SEC_013_1255,SEC_013,30.946
OHE_SEC_013_1256,SEC_013,31.005
OHE_SEC_013_1257,SEC_013,31.064
OHE_SEC_013_1258,SEC_013,31.123
OHE_SEC_013_1259,SEC_013,31.181
OHE_SEC_013_1260,SEC_013,31.24
OHE_SEC_013_1261,SEC_013,31.299
OHE_SEC_013_1262,SEC_013,31.358
OHE_SEC_013_1263,SEC_013,31.416
OHE_SEC_013_1264,SEC_013,31.475
OHE_SEC_013_1265,SEC_013,31.534
OHE_SEC_013_1266,SEC_013,31.593
OHE_SEC_013_1267,SEC_013,31.651
OHE_SEC_013_1268,SEC_013,31.709
OHE_SEC_013_1269,SEC_013,31.768
OHE_SEC_013_1270,SEC_013,31.827
OHE_SEC_013_1271,SEC_013,31.886
OHE_SEC_013_1272,SEC_013,31.944
OHE_SEC_013_1273,SEC_013,32.003
OHE_SEC_013_1274,SEC_013,32.062
OHE_SEC_013_1275,SEC_013,32.121
OHE_SEC_013_1276,SEC_013,32.179
OHE_SEC_013_1277,SEC_013,32.238
OHE_SEC_013_1278,SEC_013,32.297
OHE_SEC_013_1279,SEC_013,32.356
OHE_SEC_013_1280,SEC_013,32.414
OHE_SEC_013_1281,SEC_013,32.472
OHE_SEC_013_1282,SEC_013,32.531
OHE_SEC_013_1283,SEC_013,32.59
OHE_SEC_013_1284,SEC_013,32.649
OHE_SEC_013_1285,SEC_013,32.707
OHE_SEC_013_1286,SEC_013,32.766
OHE_SEC_013_1287,SEC_013,32.825
OHE_SEC_013_1288,SEC_013,32.884
OHE_SEC_013_1289,SEC_013,32.942
OHE_SEC_013_1290,SEC_013,33.001
OHE_SEC_013_1291,SEC_013,33.06
OHE_SEC_013_1292,SEC_013,33.119
OHE_SEC_013_1293,SEC_013,33.177
OHE_SEC_013_1294,SEC_013,33.235
OHE_SEC_013_1295,SEC_013,33.294
OHE_SEC_013_1296,SEC_013,33.353
OHE_SEC_013_1297,SEC_013,33.412
OHE_SEC_013_1298,SEC_013,33.47
OHE_SEC_013_1299,SEC_013,33.529
OHE_SEC_013_1300,SEC_013,33.588
OHE_SEC_013_1301,SEC_013,33.647
OHE_SEC_013_1302,SEC_013,33.705
OHE_SEC_013_1303,SEC_013,33.764
OHE_SEC_013_1304,SEC_013,33.823
OHE_SEC_013_1305,SEC_013,33.882
OHE_SEC_013_1306,SEC_013,33.94
OHE_SEC_014_1307,SEC_014,33.94
OHE_SEC_014_1308,SEC_014,33.966
OHE_SEC_014_1309,SEC_014,33.992
OHE_SEC_014_1310,SEC_014,34.018
OHE_SEC_014_1311,SEC_014,34.044
OHE_SEC_014_1312,SEC_014,34.07
OHE_SEC_014_1313,SEC_014,34.096
OHE_SEC_014_1314,SEC_014,34.122
OHE_SEC_014_1315,SEC_014,34.148
OHE_SEC_014_1316,SEC_014,34.174
OHE_SEC_014_1317,SEC_014,34.2
OHE_SEC_014_1318,SEC_014,34.226
OHE_SEC_014_1319,SEC_014,34.253
OHE_SEC_014_1320,SEC_014,34.278
OHE_SEC_014_1321,SEC_014,34.304
OHE_SEC_014_1322,SEC_014,34.331
OHE_SEC_014_1323,SEC_014,34.356
OHE_SEC_014_1324,SEC_014,34.383
OHE_SEC_014_1325,SEC_014,34.409
OHE_SEC_014_1326,SEC_014,34.434
OHE_SEC_014_1327,SEC_014,34.461
OHE_SEC_014_1328,SEC_014,34.487
OHE_SEC_014_1329,SEC_014,34.512
OHE_SEC_014_1330,SEC_014,34.539
OHE_SEC_014_1331,SEC_014,34.565
OHE_SEC_014_1332,SEC_014,34.591
OHE_SEC_014_1333,SEC_014,34.617
OHE_SEC_014_1334,SEC_014,34.643
OHE_SEC_014_1335,SEC_014,34.669
OHE_SEC_014_1336,SEC_014,34.695
OHE_SEC_014_1337,SEC_014,34.721
OHE_SEC_014_1338,SEC_014,34.747
OHE_SEC_014_1339,SEC_014,34.773
OHE_SEC_014_1340,SEC_014,34.799
OHE_SEC_014_1341,SEC_014,34.825
OHE_SEC_014_1342,SEC_014,34.851
OHE_SEC_014_1343,SEC_014,34.877
OHE_SEC_014_1344,SEC_014,34.903
OHE_SEC_014_1345,SEC_014,34.929
OHE_SEC_014_1346,SEC_014,34.955
OHE_SEC_014_1347,SEC_014,34.981
OHE_SEC_014_1348,SEC_014,35.007
OHE_SEC_014_1349,SEC_014,35.033
OHE_SEC_014_1350,SEC_014,35.059
OHE_SEC_014_1351,SEC_014,35.085
OHE_SEC_014_1352,SEC_014,35.111
OHE_SEC_014_1353,SEC_014,35.137
OHE_SEC_014_1354,SEC_014,35.163
OHE_SEC_014_1355,SEC_014,35.189
OHE_SEC_014_1356,SEC_014,35.215
OHE_SEC_014_1357,SEC_014,35.241
OHE_SEC_014_1358,SEC_014,35.268
OHE_SEC_014_1359,SEC_014,35.293
OHE_SEC_014_1360,SEC_014,35.319
OHE_SEC_014_1361,SEC_014,35.346
OHE_SEC_014_1362,SEC_014,35.371
OHE_SEC_014_1363,SEC_014,35.397
OHE_SEC_014_1364,SEC_014,35.424
OHE_SEC_014_1365,SEC_014,35.449
OHE_SEC_014_1366,SEC_014,35.476
OHE_SEC_014_1367,SEC_014,35.502
OHE_SEC_014_1368,SEC_014,35.527
OHE_SEC_014_1369,SEC_014,35.554
OHE_SEC_014_1370,SEC_014,35.58
OHE_SEC_014_1371,SEC_014,35.606
OHE_SEC_014_1372,SEC_014,35.632
OHE_SEC_014_1373,SEC_014,35.658
OHE_SEC_014_1374,SEC_014,35.684
OHE_SEC_014_1375,SEC_014,35.71
OHE_SEC_014_1376,SEC_014,35.736
OHE_SEC_014_1377,SEC_014,35.762
OHE_SEC_014_1378,SEC_014,35.788
OHE_SEC_014_1379,SEC_014,35.814
OHE_SEC_014_1380,SEC_014,35.84
OHE_SEC_014_1381,SEC_014,35.866
OHE_SEC_014_1382,SEC_014,35.892
OHE_SEC_014_1383,SEC_014,35.918
OHE_SEC_014_1384,SEC_014,35.944
OHE_SEC_014_1385,SEC_014,35.97
OHE_SEC_014_1386,SEC_014,35.996
OHE_SEC_014_1387,SEC_014,36.022
OHE_SEC_014_1388,SEC_014,36.048
OHE_SEC_014_1389,SEC_014,36.074
OHE_SEC_014_1390,SEC_014,36.1
OHE_SEC_014_1391,SEC_014,36.126
OHE_SEC_014_1392,SEC_014,36.152
OHE_SEC_014_1393,SEC_014,36.178
OHE_SEC_014_1394,SEC_014,36.204
OHE_SEC_014_1395,SEC_014,36.23
OHE_SEC_014_1396,SEC_014,36.256
OHE_SEC_014_1397,SEC_014,36.283
OHE_SEC_014_1398,SEC_014,36.308
OHE_SEC_014_1399,SEC_014,36.334
OHE_SEC_014_1400,SEC_014,36.361
OHE_SEC_014_1401,SEC_014,36.386
OHE_SEC_014_1402,SEC_014,36.412
OHE_SEC_014_1403,SEC_014,36.439
OHE_SEC_014_1404,SEC_014,36.464
OHE_SEC_014_1405,SEC_014,36.491
OHE_SEC_014_1406,SEC_014,36.517
OHE_SEC_014_1407,SEC_014,36.542
OHE_SEC_014_1408,SEC_014,36.569
OHE_SEC_014_1409,SEC_014,36.595
OHE_SEC_014_1410,SEC_014,36.621
OHE_SEC_014_1411,SEC_014,36.647
OHE_SEC_014_1412,SEC_014,36.673
OHE_SEC_014_1413,SEC_014,36.699
OHE_SEC_014_1414,SEC_014,36.725
OHE_SEC_014_1415,SEC_014,36.751
OHE_SEC_014_1416,SEC_014,36.777
OHE_SEC_014_1417,SEC_014,36.803
OHE_SEC_014_1418,SEC_014,36.829
OHE_SEC_014_1419,SEC_014,36.855
OHE_SEC_015_1420,SEC_015,36.855
OHE_SEC_015_1421,SEC_015,36.945
OHE_SEC_015_1422,SEC_015,37.034
OHE_SEC_015_1423,SEC_015,37.125
OHE_SEC_015_1424,SEC_015,37.215
OHE_SEC_015_1425,SEC_015,37.304
OHE_SEC_015_1426,SEC_015,37.394
OHE_SEC_015_1427,SEC_015,37.485
OHE_SEC_015_1428,SEC_015,37.575
OHE_SEC_015_1429,SEC_015,37.664
OHE_SEC_015_1430,SEC_015,37.754
OHE_SEC_015_1431,SEC_015,37.845
OHE_SEC_015_1432,SEC_015,37.935
OHE_SEC_015_1433,SEC_015,38.024
OHE_SEC_015_1434,SEC_015,38.114
OHE_SEC_015_1435,SEC_015,38.205
OHE_SEC_015_1436,SEC_015,38.294
OHE_SEC_015_1437,SEC_015,38.384
OHE_SEC_015_1438,SEC_015,38.473
OHE_SEC_015_1439,SEC_015,38.565
OHE_SEC_015_1440,SEC_015,38.654
OHE_SEC_015_1441,SEC_015,38.744
OHE_SEC_015_1442,SEC_015,38.833
OHE_SEC_015_1443,SEC_015,38.925
OHE_SEC_015_1444,SEC_015,39.014
OHE_SEC_015_1445,SEC_015,39.104
OHE_SEC_015_1446,SEC_015,39.193
OHE_SEC_015_1447,SEC_015,39.285
OHE_SEC_015_1448,SEC_015,39.374
OHE_SEC_015_1449,SEC_015,39.464
OHE_SEC_015_1450,SEC_015,39.553
OHE_SEC_015_1451,SEC_015,39.644
OHE_SEC_015_1452,SEC_015,39.734
OHE_SEC_015_1453,SEC_015,39.823
OHE_SEC_015_1454,SEC_015,39.913
OHE_SEC_015_1455,SEC_015,40.002
OHE_SEC_015_1456,SEC_015,40.094
OHE_SEC_015_1457,SEC_015,40.183
OHE_SEC_015_1458,SEC_015,40.273
OHE_SEC_015_1459,SEC_015,40.362
OHE_SEC_015_1460,SEC_015,40.454
OHE_SEC_015_1461,SEC_015,40.543
OHE_SEC_015_1462,SEC_015,40.633
OHE_SEC_015_1463,SEC_015,40.722
OHE_SEC_015_1464,SEC_015,40.814
OHE_SEC_015_1465,SEC_015,40.903
OHE_SEC_015_1466,SEC_015,40.993
OHE_SEC_015_1467,SEC_015,41.082
OHE_SEC_015_1468,SEC_015,41.173
OHE_SEC_015_1469,SEC_015,41.263
OHE_SEC_015_1470,SEC_015,41.352
OHE_SEC_015_1471,SEC_015,41.442
OHE_SEC_015_1472,SEC_015,41.533
OHE_SEC_015_1473,SEC_015,41.623
OHE_SEC_015_1474,SEC_015,41.712
OHE_SEC_015_1475,SEC_015,41.802
OHE_SEC_015_1476,SEC_015,41.893
OHE_SEC_015_1477,SEC_015,41.983
OHE_SEC_015_1478,SEC_015,42.072
OHE_SEC_015_1479,SEC_015,42.162
OHE_SEC_015_1480,SEC_015,42.253
OHE_SEC_015_1481,SEC_015,42.342
OHE_SEC_015_1482,SEC_015,42.432
OHE_SEC_016_1483,SEC_016,42.432
OHE_SEC_016_1484,SEC_016,48.066
OHE_SEC_017_1485,SEC_017,48.066
OHE_SEC_017_1486,SEC_017,48.194
OHE_SEC_017_1487,SEC_017,48.322
OHE_SEC_017_1488,SEC_017,48.453
OHE_SEC_017_1489,SEC_017,48.581
OHE_SEC_017_1490,SEC_017,48.709
OHE_SEC_017_1491,SEC_017,48.837
OHE_SEC_017_1492,SEC_017,48.965
OHE_SEC_017_1493,SEC_017,49.095
OHE_SEC_017_1494,SEC_017,49.223
OHE_SEC_017_1495,SEC_017,49.351
OHE_SEC_017_1496,SEC_017,49.479
OHE_SEC_017_1497,SEC_017,49.607
OHE_SEC_017_1498,SEC_017,49.738
OHE_SEC_017_1499,SEC_017,49.866
OHE_SEC_017_1500,SEC_017,49.994
OHE_SEC_017_1501,SEC_017,50.122
OHE_SEC_017_1502,SEC_017,50.25
OHE_SEC_017_1503,SEC_017,50.38
OHE_SEC_017_1504,SEC_017,50.508
OHE_SEC_017_1505,SEC_017,50.636
OHE_SEC_017_1506,SEC_017,50.764
OHE_SEC_017_1507,SEC_017,50.892
OHE_SEC_017_1508,SEC_017,51.023
OHE_SEC_017_1509,SEC_017,51.151
OHE_SEC_017_1510,SEC_017,51.279
OHE_SEC_017_1511,SEC_017,51.407
OHE_SEC_017_1512,SEC_017,51.535
OHE_SEC_017_1513,SEC_017,51.666
OHE_SEC_017_1514,SEC_017,51.794
OHE_SEC_017_1515,SEC_017,51.922
OHE_SEC_017_1516,SEC_017,52.05
OHE_SEC_017_1517,SEC_017,52.178
OHE_SEC_017_1518,SEC_017,52.308
OHE_SEC_017_1519,SEC_017,52.436
OHE_SEC_017_1520,SEC_017,52.564
OHE_SEC_017_1521,SEC_017,52.692
OHE_SEC_017_1522,SEC_017,52.82
OHE_SEC_017_1523,SEC_017,52.951
OHE_SEC_017_1524,SEC_017,53.079
OHE_SEC_017_1525,SEC_017,53.207
OHE_SEC_017_1526,SEC_017,53.335
OHE_SEC_017_1527,SEC_017,53.463
OHE_SEC_017_1528,SEC_017,53.594
OHE_SEC_017_1529,SEC_017,53.722
OHE_SEC_017_1530,SEC_017,53.85
OHE_SEC_017_1531,SEC_017,53.978
OHE_SEC_017_1532,SEC_017,54.106
OHE_SEC_017_1533,SEC_017,54.236
OHE_SEC_017_1534,SEC_017,54.364
OHE_SEC_017_1535,SEC_017,54.492
OHE_SEC_017_1536,SEC_017,54.62
OHE_SEC_017_1537,SEC_017,54.748
OHE_SEC_017_1538,SEC_017,54.879
OHE_SEC_017_1539,SEC_017,55.007
OHE_SEC_017_1540,SEC_017,55.135
OHE_SEC_017_1541,SEC_017,55.263
OHE_SEC_017_1542,SEC_017,55.391
OHE_SEC_017_1543,SEC_017,55.521
OHE_SEC_017_1544,SEC_017,55.649
OHE_SEC_017_1545,SEC_017,55.777
OHE_SEC_017_1546,SEC_017,55.905
OHE_SEC_017_1547,SEC_017,56.033
OHE_SEC_017_1548,SEC_017,56.164
OHE_SEC_017_1549,SEC_017,56.292
OHE_SEC_017_1550,SEC_017,56.42
OHE_SEC_018_1551,SEC_018,56.42
OHE_SEC_018_1552,SEC_018,56.463
OHE_SEC_018_1553,SEC_018,56.505
OHE_SEC_018_1554,SEC_018,56.549
OHE_SEC_018_1555,SEC_018,56.591
OHE_SEC_018_1556,SEC_018,56.634
OHE_SEC_018_1557,SEC_018,56.677
OHE_SEC_018_1558,SEC_018,56.72
OHE_SEC_018_1559,SEC_018,56.763
OHE_SEC_018_1560,SEC_018,56.805
OHE_SEC_018_1561,SEC_018,56.848
OHE_SEC_018_1562,SEC_018,56.891
OHE_SEC_018_1563,SEC_018,56.934
OHE_SEC_018_1564,SEC_018,56.977
OHE_SEC_018_1565,SEC_018,57.019
OHE_SEC_018_1566,SEC_018,57.062
OHE_SEC_018_1567,SEC_018,57.105
OHE_SEC_018_1568,SEC_018,57.148
OHE_SEC_018_1569,SEC_018,57.191
OHE_SEC_018_1570,SEC_018,57.233
OHE_SEC_018_1571,SEC_018,57.277
OHE_SEC_018_1572,SEC_018,57.319
OHE_SEC_018_1573,SEC_018,57.362
OHE_SEC_018_1574,SEC_018,57.405
OHE_SEC_018_1575,SEC_018,57.448
OHE_SEC_018_1576,SEC_018,57.491
OHE_SEC_018_1577,SEC_018,57.533
OHE_SEC_018_1578,SEC_018,57.576
OHE_SEC_018_1579,SEC_018,57.619
OHE_SEC_018_1580,SEC_018,57.662
OHE_SEC_018_1581,SEC_018,57.705
OHE_SEC_018_1582,SEC_018,57.747
OHE_SEC_018_1583,SEC_018,57.79
OHE_SEC_018_1584,SEC_018,57.833
OHE_SEC_018_1585,SEC_018,57.876
OHE_SEC_018_1586,SEC_018,57.919
OHE_SEC_018_1587,SEC_018,57.961
OHE_SEC_018_1588,SEC_018,58.005
OHE_SEC_018_1589,SEC_018,58.047
OHE_SEC_018_1590,SEC_018,58.09
OHE_SEC_018_1591,SEC_018,58.133
OHE_SEC_018_1592,SEC_018,58.175
OHE_SEC_018_1593,SEC_018,58.219
OHE_SEC_018_1594,SEC_018,58.261
OHE_SEC_018_1595,SEC_018,58.304
OHE_SEC_018_1596,SEC_018,58.347
OHE_SEC_018_1597,SEC_018,58.39
OHE_SEC_018_1598,SEC_018,58.433
OHE_SEC_018_1599,SEC_018,58.475
OHE_SEC_018_1600,SEC_018,58.518
OHE_SEC_018_1601,SEC_018,58.561
OHE_SEC_018_1602,SEC_018,58.604
OHE_SEC_018_1603,SEC_018,58.647
OHE_SEC_018_1604,SEC_018,58.689
OHE_SEC_018_1605,SEC_018,58.732
OHE_SEC_018_1606,SEC_018,58.775
OHE_SEC_018_1607,SEC_018,58.818
OHE_SEC_018_1608,SEC_018,58.861
OHE_SEC_018_1609,SEC_018,58.903
OHE_SEC_018_1610,SEC_018,58.947
OHE_SEC_018_1611,SEC_018,58.989
OHE_SEC_018_1612,SEC_018,59.032
OHE_SEC_018_1613,SEC_018,59.075
OHE_SEC_018_1614,SEC_018,59.118
OHE_SEC_018_1615,SEC_018,59.161
OHE_SEC_018_1616,SEC_018,59.203
OHE_SEC_018_1617,SEC_018,59.246
OHE_SEC_018_1618,SEC_018,59.289
OHE_SEC_018_1619,SEC_018,59.332
OHE_SEC_018_1620,SEC_018,59.375
OHE_SEC_018_1621,SEC_018,59.417
OHE_SEC_018_1622,SEC_018,59.46
OHE_SEC_018_1623,SEC_018,59.503
OHE_SEC_018_1624,SEC_018,59.546
OHE_SEC_018_1625,SEC_018,59.589
OHE_SEC_018_1626,SEC_018,59.631
OHE_SEC_018_1627,SEC_018,59.675
OHE_SEC_018_1628,SEC_018,59.717
OHE_SEC_018_1629,SEC_018,59.76
OHE_SEC_018_1630,SEC_018,59.803
OHE_SEC_018_1631,SEC_018,59.845
OHE_SEC_018_1632,SEC_018,59.889
OHE_SEC_018_1633,SEC_018,59.931
OHE_SEC_018_1634,SEC_018,59.974
OHE_SEC_018_1635,SEC_018,60.017
OHE_SEC_018_1636,SEC_018,60.06
OHE_SEC_018_1637,SEC_018,60.103
OHE_SEC_018_1638,SEC_018,60.145
OHE_SEC_018_1639,SEC_018,60.188
OHE_SEC_018_1640,SEC_018,60.231
OHE_SEC_018_1641,SEC_018,60.274
OHE_SEC_018_1642,SEC_018,60.317
OHE_SEC_018_1643,SEC_018,60.359
OHE_SEC_018_1644,SEC_018,60.402
OHE_SEC_018_1645,SEC_018,60.445
OHE_SEC_018_1646,SEC_018,60.488
OHE_SEC_018_1647,SEC_018,60.531
OHE_SEC_018_1648,SEC_018,60.573
OHE_SEC_018_1649,SEC_018,60.617
OHE_SEC_018_1650,SEC_018,60.659
OHE_SEC_018_1651,SEC_018,60.702
OHE_SEC_018_1652,SEC_018,60.745
OHE_SEC_018_1653,SEC_018,60.788
OHE_SEC_018_1654,SEC_018,60.831
OHE_SEC_018_1655,SEC_018,60.873
OHE_SEC_018_1656,SEC_018,60.916
OHE_SEC_018_1657,SEC_018,60.959
OHE_SEC_018_1658,SEC_018,61.002
OHE_SEC_018_1659,SEC_018,61.045
OHE_SEC_018_1660,SEC_018,61.087
OHE_SEC_018_1661,SEC_018,61.13
OHE_SEC_018_1662,SEC_018,61.173
OHE_SEC_018_1663,SEC_018,61.216
OHE_SEC_018_1664,SEC_018,61.259
OHE_SEC_018_1665,SEC_018,61.301
OHE_SEC_018_1666,SEC_018,61.345
OHE_SEC_018_1667,SEC_018,61.387
OHE_SEC_018_1668,SEC_018,61.43
OHE_SEC_018_1669,SEC_018,61.473
OHE_SEC_018_1670,SEC_018,61.515
OHE_SEC_018_1671,SEC_018,61.559
OHE_SEC_018_1672,SEC_018,61.601
OHE_SEC_018_1673,SEC_018,61.644
OHE_SEC_018_1674,SEC_018,61.687
OHE_SEC_018_1675,SEC_018,61.73
OHE_SEC_018_1676,SEC_018,61.773
OHE_SEC_018_1677,SEC_018,61.815
OHE_SEC_018_1678,SEC_018,61.858
OHE_SEC_018_1679,SEC_018,61.901
OHE_SEC_018_1680,SEC_018,61.944
OHE_SEC_018_1681,SEC_018,61.987
OHE_SEC_018_1682,SEC_018,62.029
OHE_SEC_018_1683,SEC_018,62.072
OHE_SEC_018_1684,SEC_018,62.115
OHE_SEC_018_1685,SEC_018,62.158
OHE_SEC_018_1686,SEC_018,62.201
OHE_SEC_018_1687,SEC_018,62.243
OHE_SEC_018_1688,SEC_018,62.287
OHE_SEC_018_1689,SEC_018,62.329
OHE_SEC_018_1690,SEC_018,62.372
OHE_SEC_018_1691,SEC_018,62.415
OHE_SEC_018_1692,SEC_018,62.458
OHE_SEC_018_1693,SEC_018,62.501
OHE_SEC_018_1694,SEC_018,62.543
OHE_SEC_018_1695,SEC_018,62.586
OHE_SEC_018_1696,SEC_018,62.629
OHE_SEC_018_1697,SEC_018,62.672
OHE_SEC_018_1698,SEC_018,62.715
OHE_SEC_018_1699,SEC_018,62.757
OHE_SEC_018_1700,SEC_018,62.8
OHE_SEC_018_1701,SEC_018,62.843
OHE_SEC_018_1702,SEC_018,62.886
OHE_SEC_018_1703,SEC_018,62.929
OHE_SEC_018_1704,SEC_018,62.971
OHE_SEC_018_1705,SEC_018,63.015
OHE_SEC_018_1706,SEC_018,63.057
OHE_SEC_018_1707,SEC_018,63.1
OHE_SEC_018_1708,SEC_018,63.143
OHE_SEC_018_1709,SEC_018,63.185
OHE_SEC_018_1710,SEC_018,63.229
OHE_SEC_018_1711,SEC_018,63.271
OHE_SEC_018_1712,SEC_018,63.314
OHE_SEC_018_1713,SEC_018,63.357
OHE_SEC_018_1714,SEC_018,63.4
OHE_SEC_018_1715,SEC_018,63.443
OHE_SEC_018_1716,SEC_018,63.485
OHE_SEC_018_1717,SEC_018,63.528
OHE_SEC_018_1718,SEC_018,63.571
OHE_SEC_018_1719,SEC_018,63.614
OHE_SEC_018_1720,SEC_018,63.657
OHE_SEC_018_1721,SEC_018,63.699
OHE_SEC_018_1722,SEC_018,63.742
OHE_SEC_018_1723,SEC_018,63.785
OHE_SEC_018_1724,SEC_018,63.828
OHE_SEC_018_1725,SEC_018,63.871
OHE_SEC_018_1726,SEC_018,63.913
OHE_SEC_018_1727,SEC_018,63.957
OHE_SEC_018_1728,SEC_018,63.999
OHE_SEC_018_1729,SEC_018,64.042
OHE_SEC_018_1730,SEC_018,64.085
OHE_SEC_018_1731,SEC_018,64.128
OHE_SEC_018_1732,SEC_018,64.171
OHE_SEC_018_1733,SEC_018,64.213
OHE_SEC_018_1734,SEC_018,64.256
OHE_SEC_018_1735,SEC_018,64.299
OHE_SEC_018_1736,SEC_018,64.342
OHE_SEC_018_1737,SEC_018,64.385
OHE_SEC_018_1738,SEC_018,64.427
OHE_SEC_018_1739,SEC_018,64.47
OHE_SEC_018_1740,SEC_018,64.513
OHE_SEC_018_1741,SEC_018,64.556
OHE_SEC_018_1742,SEC_018,64.599
OHE_SEC_018_1743,SEC_018,64.641
OHE_SEC_018_1744,SEC_018,64.685
OHE_SEC_018_1745,SEC_018,64.727
OHE_SEC_018_1746,SEC_018,64.77
OHE_SEC_019_1747,SEC_019,64.77
OHE_SEC_019_1748,SEC_019,67.246
OHE_SEC_019_1749,SEC_019,69.763
OHE_SEC_019_1750,SEC_019,72.239
OHE_SEC_019_1751,SEC_019,74.756
OHE_SEC_019_1752,SEC_019,77.232
OHE_SEC_020_1753,SEC_020,77.232
OHE_SEC_020_1754,SEC_020,77.463
OHE_SEC_020_1755,SEC_020,77.689
OHE_SEC_020_1756,SEC_020,77.92
OHE_SEC_020_1757,SEC_020,78.146
OHE_SEC_020_1758,SEC_020,78.377
OHE_SEC_020_1759,SEC_020,78.608
OHE_SEC_020_1760,SEC_020,78.834
OHE_SEC_020_1761,SEC_020,79.065
OHE_SEC_020_1762,SEC_020,79.296
OHE_SEC_020_1763,SEC_020,79.522
OHE_SEC_020_1764,SEC_020,79.753
OHE_SEC_020_1765,SEC_020,79.984
OHE_SEC_020_1766,SEC_020,80.21
OHE_SEC_020_1767,SEC_020,80.441
OHE_SEC_020_1768,SEC_020,80.667
OHE_SEC_020_1769,SEC_020,80.898
OHE_SEC_021_1770,SEC_021,80.898
OHE_SEC_021_1771,SEC_021,81.322
OHE_SEC_021_1772,SEC_021,81.738
OHE_SEC_021_1773,SEC_021,82.163
OHE_SEC_021_1774,SEC_021,82.579
OHE_SEC_021_1775,SEC_021,83.003
OHE_SEC_021_1776,SEC_021,83.419
OHE_SEC_021_1777,SEC_021,83.843
OHE_SEC_021_1778,SEC_021,84.259
OHE_SEC_021_1779,SEC_021,84.684
OHE_SEC_021_1780,SEC_021,85.1
OHE_SEC_021_1781,SEC_021,85.524
OHE_SEC_021_1782,SEC_021,85.94
OHE_SEC_021_1783,SEC_021,86.364
OHE_SEC_021_1784,SEC_021,86.789
OHE_SEC_021_1785,SEC_021,87.205
OHE_SEC_021_1786,SEC_021,87.629
OHE_SEC_021_1787,SEC_021,88.045
OHE_SEC_021_1788,SEC_021,88.47
OHE_SEC_021_1789,SEC_021,88.886
OHE_SEC_021_1790,SEC_021,89.31
OHE_SEC_021_1791,SEC_021,89.726
OHE_SEC_021_1792,SEC_021,90.15
OHE_SEC_021_1793,SEC_021,90.566
OHE_SEC_021_1794,SEC_021,90.991
OHE_SEC_021_1795,SEC_021,91.407
OHE_SEC_021_1796,SEC_021,91.831
OHE_SEC_022_1797,SEC_022,91.831
OHE_SEC_022_1798,SEC_022,91.968
OHE_SEC_022_1799,SEC_022,92.103
OHE_SEC_022_1800,SEC_022,92.24
OHE_SEC_022_1801,SEC_022,92.377
OHE_SEC_022_1802,SEC_022,92.514
OHE_SEC_022_1803,SEC_022,92.649
OHE_SEC_022_1804,SEC_022,92.786
OHE_SEC_022_1805,SEC_022,92.923
OHE_SEC_022_1806,SEC_022,93.058
OHE_SEC_022_1807,SEC_022,93.195
OHE_SEC_022_1808,SEC_022,93.332
OHE_SEC_022_1809,SEC_022,93.469
OHE_SEC_022_1810,SEC_022,93.604
OHE_SEC_022_1811,SEC_022,93.741
OHE_SEC_022_1812,SEC_022,93.878
OHE_SEC_022_1813,SEC_022,94.012
OHE_SEC_022_1814,SEC_022,94.15
OHE_SEC_022_1815,SEC_022,94.287
OHE_SEC_022_1816,SEC_022,94.424
OHE_SEC_022_1817,SEC_022,94.558
OHE_SEC_022_1818,SEC_022,94.696
OHE_SEC_022_1819,SEC_022,94.833
OHE_SEC_022_1820,SEC_022,94.967
OHE_SEC_022_1821,SEC_022,95.105
OHE_SEC_022_1822,SEC_022,95.242
OHE_SEC_022_1823,SEC_022,95.379
OHE_SEC_022_1824,SEC_022,95.513
OHE_SEC_022_1825,SEC_022,95.651
OHE_SEC_022_1826,SEC_022,95.788
OHE_SEC_022_1827,SEC_022,95.922
OHE_SEC_022_1828,SEC_022,96.059
OHE_SEC_022_1829,SEC_022,96.197
OHE_SEC_022_1830,SEC_022,96.334
OHE_SEC_022_1831,SEC_022,96.468
OHE_SEC_022_1832,SEC_022,96.605
OHE_SEC_022_1833,SEC_022,96.743
OHE_SEC_022_1834,SEC_022,96.877
OHE_SEC_022_1835,SEC_022,97.014
OHE_SEC_022_1836,SEC_022,97.151
OHE_SEC_022_1837,SEC_022,97.289
OHE_SEC_022_1838,SEC_022,97.423
OHE_SEC_022_1839,SEC_022,97.56
OHE_SEC_022_1840,SEC_022,97.698
OHE_SEC_022_1841,SEC_022,97.832
OHE_SEC_022_1842,SEC_022,97.969
OHE_SEC_022_1843,SEC_022,98.106
OHE_SEC_022_1844,SEC_022,98.244
OHE_SEC_022_1845,SEC_022,98.378
OHE_SEC_022_1846,SEC_022,98.515
OHE_SEC_022_1847,SEC_022,98.652
OHE_SEC_022_1848,SEC_022,98.787
OHE_SEC_022_1849,SEC_022,98.924
OHE_SEC_022_1850,SEC_022,99.061
OHE_SEC_022_1851,SEC_022,99.198
OHE_SEC_022_1852,SEC_022,99.333
OHE_SEC_022_1853,SEC_022,99.47
OHE_SEC_022_1854,SEC_022,99.607
OHE_SEC_022_1855,SEC_022,99.742
OHE_SEC_022_1856,SEC_022,99.879
OHE_SEC_022_1857,SEC_022,100.016
OHE_SEC_022_1858,SEC_022,100.153
OHE_SEC_022_1859,SEC_022,100.288
OHE_SEC_022_1860,SEC_022,100.425
OHE_SEC_023_1861,SEC_023,100.425
OHE_SEC_023_1862,SEC_023,100.956
OHE_SEC_023_1863,SEC_023,101.487
OHE_SEC_023_1864,SEC_023,102.018
OHE_SEC_023_1865,SEC_023,102.549
OHE_SEC_023_1866,SEC_023,103.079
OHE_SEC_023_1867,SEC_023,103.62
OHE_SEC_023_1868,SEC_023,104.151
OHE_SEC_023_1869,SEC_023,104.682
OHE_SEC_023_1870,SEC_023,105.213
OHE_SEC_023_1871,SEC_023,105.744
OHE_SEC_024_1872,SEC_024,105.744
OHE_SEC_024_1873,SEC_024,105.945
OHE_SEC_024_1874,SEC_024,106.145
OHE_SEC_024_1875,SEC_024,106.35
OHE_SEC_024_1876,SEC_024,106.55
OHE_SEC_024_1877,SEC_024,106.751
OHE_SEC_024_1878,SEC_024,106.952
OHE_SEC_024_1879,SEC_024,107.156
OHE_SEC_024_1880,SEC_024,107.357
OHE_SEC_024_1881,SEC_024,107.557
OHE_SEC_024_1882,SEC_024,107.758
OHE_SEC_024_1883,SEC_024,107.959
OHE_SEC_024_1884,SEC_024,108.163
OHE_SEC_024_1885,SEC_024,108.364
OHE_SEC_024_1886,SEC_024,108.565
OHE_SEC_024_1887,SEC_024,108.765
OHE_SEC_024_1888,SEC_024,108.966
OHE_SEC_024_1889,SEC_024,109.17
OHE_SEC_024_1890,SEC_024,109.371
OHE_SEC_024_1891,SEC_024,109.572
OHE_SEC_024_1892,SEC_024,109.772
OHE_SEC_024_1893,SEC_024,109.977
OHE_SEC_024_1894,SEC_024,110.177
OHE_SEC_024_1895,SEC_024,110.378
OHE_SEC_025_1896,SEC_025,110.378
OHE_SEC_025_1897,SEC_025,110.415
OHE_SEC_025_1898,SEC_025,110.452
OHE_SEC_025_1899,SEC_025,110.488
OHE_SEC_025_1900,SEC_025,110.525
OHE_SEC_025_1901,SEC_025,110.562
OHE_SEC_025_1902,SEC_025,110.6
OHE_SEC_025_1903,SEC_025,110.637
OHE_SEC_025_1904,SEC_025,110.673
OHE_SEC_025_1905,SEC_025,110.71
OHE_SEC_025_1906,SEC_025,110.747
OHE_SEC_025_1907,SEC_025,110.784
OHE_SEC_025_1908,SEC_025,110.821
OHE_SEC_025_1909,SEC_025,110.857
OHE_SEC_025_1910,SEC_025,110.894
OHE_SEC_025_1911,SEC_025,110.931
OHE_SEC_025_1912,SEC_025,110.968
OHE_SEC_025_1913,SEC_025,111.006
OHE_SEC_025_1914,SEC_025,111.042
OHE_SEC_025_1915,SEC_025,111.079
OHE_SEC_025_1916,SEC_025,111.116
OHE_SEC_025_1917,SEC_025,111.153
OHE_SEC_025_1918,SEC_025,111.19
OHE_SEC_025_1919,SEC_025,111.227
OHE_SEC_025_1920,SEC_025,111.263
OHE_SEC_025_1921,SEC_025,111.3
OHE_SEC_025_1922,SEC_025,111.337
OHE_SEC_025_1923,SEC_025,111.374
OHE_SEC_025_1924,SEC_025,111.411
OHE_SEC_025_1925,SEC_025,111.448
OHE_SEC_025_1926,SEC_025,111.485
OHE_SEC_025_1927,SEC_025,111.522
OHE_SEC_025_1928,SEC_025,111.559
OHE_SEC_025_1929,SEC_025,111.596
OHE_SEC_025_1930,SEC_025,111.632
OHE_SEC_025_1931,SEC_025,111.669
OHE_SEC_025_1932,SEC_025,111.706
OHE_SEC_025_1933,SEC_025,111.743
OHE_SEC_025_1934,SEC_025,111.78
OHE_SEC_025_1935,SEC_025,111.817
OHE_SEC_025_1936,SEC_025,111.854
OHE_SEC_025_1937,SEC_025,111.891
OHE_SEC_025_1938,SEC_025,111.928
OHE_SEC_025_1939,SEC_025,111.965
OHE_SEC_025_1940,SEC_025,112.001
OHE_SEC_025_1941,SEC_025,112.038
OHE_SEC_025_1942,SEC_025,112.075
OHE_SEC_025_1943,SEC_025,112.112
OHE_SEC_025_1944,SEC_025,112.149
OHE_SEC_025_1945,SEC_025,112.185
OHE_SEC_025_1946,SEC_025,112.223
OHE_SEC_025_1947,SEC_025,112.26
OHE_SEC_025_1948,SEC_025,112.297
OHE_SEC_025_1949,SEC_025,112.334
OHE_SEC_025_1950,SEC_025,112.37
OHE_SEC_025_1951,SEC_025,112.407
OHE_SEC_025_1952,SEC_025,112.444
OHE_SEC_025_1953,SEC_025,112.481
OHE_SEC_025_1954,SEC_025,112.518
OHE_SEC_025_1955,SEC_025,112.555
OHE_SEC_025_1956,SEC_025,112.591
OHE_SEC_025_1957,SEC_025,112.628
OHE_SEC_025_1958,SEC_025,112.666
OHE_SEC_025_1959,SEC_025,112.703
OHE_SEC_025_1960,SEC_025,112.739
OHE_SEC_025_1961,SEC_025,112.776
OHE_SEC_025_1962,SEC_025,112.813
OHE_SEC_025_1963,SEC_025,112.85
OHE_SEC_025_1964,SEC_025,112.887
OHE_SEC_025_1965,SEC_025,112.924
OHE_SEC_025_1966,SEC_025,112.96
OHE_SEC_025_1967,SEC_025,112.997
OHE_SEC_025_1968,SEC_025,113.034
OHE_SEC_025_1969,SEC_025,113.072
OHE_SEC_025_1970,SEC_025,113.108
OHE_SEC_025_1971,SEC_025,113.145
OHE_SEC_025_1972,SEC_025,113.182
OHE_SEC_025_1973,SEC_025,113.219
OHE_SEC_025_1974,SEC_025,113.256
OHE_SEC_025_1975,SEC_025,113.293
OHE_SEC_025_1976,SEC_025,113.329
OHE_SEC_025_1977,SEC_025,113.366
OHE_SEC_025_1978,SEC_025,113.403
OHE_SEC_025_1979,SEC_025,113.44
OHE_SEC_025_1980,SEC_025,113.477
OHE_SEC_025_1981,SEC_025,113.514
OHE_SEC_025_1982,SEC_025,113.551
OHE_SEC_025_1983,SEC_025,113.588
OHE_SEC_025_1984,SEC_025,113.625
OHE_SEC_025_1985,SEC_025,113.662
OHE_SEC_025_1986,SEC_025,113.698
OHE_SEC_025_1987,SEC_025,113.735
OHE_SEC_025_1988,SEC_025,113.772
OHE_SEC_025_1989,SEC_025,113.809
OHE_SEC_025_1990,SEC_025,113.846
OHE_SEC_025_1991,SEC_025,113.883
OHE_SEC_025_1992,SEC_025,113.92
OHE_SEC_025_1993,SEC_025,113.957
OHE_SEC_025_1994,SEC_025,113.994
OHE_SEC_025_1995,SEC_025,114.031
OHE_SEC_025_1996,SEC_025,114.067
OHE_SEC_025_1997,SEC_025,114.104
OHE_SEC_025_1998,SEC_025,114.141
OHE_SEC_025_1999,SEC_025,114.178
OHE_SEC_025_2000,SEC_025,114.215
OHE_SEC_025_2001,SEC_025,114.252
OHE_SEC_025_2002,SEC_025,114.289
OHE_SEC_025_2003,SEC_025,114.326
OHE_SEC_025_2004,SEC_025,114.363
OHE_SEC_025_2005,SEC_025,114.4
OHE_SEC_025_2006,SEC_025,114.436
OHE_SEC_025_2007,SEC_025,114.473
OHE_SEC_025_2008,SEC_025,114.51
OHE_SEC_025_2009,SEC_025,114.547
OHE_SEC_025_2010,SEC_025,114.584
OHE_SEC_025_2011,SEC_025,114.621
OHE_SEC_025_2012,SEC_025,114.657
OHE_SEC_025_2013,SEC_025,114.695
OHE_SEC_025_2014,SEC_025,114.732
OHE_SEC_025_2015,SEC_025,114.769
OHE_SEC_025_2016,SEC_025,114.805
OHE_SEC_025_2017,SEC_025,114.842
OHE_SEC_025_2018,SEC_025,114.879
OHE_SEC_025_2019,SEC_025,114.916
OHE_SEC_025_2020,SEC_025,114.953
OHE_SEC_025_2021,SEC_025,114.99
OHE_SEC_025_2022,SEC_025,115.026
OHE_SEC_025_2023,SEC_025,115.063
OHE_SEC_025_2024,SEC_025,115.101
OHE_SEC_025_2025,SEC_025,115.138
OHE_SEC_025_2026,SEC_025,115.174
OHE_SEC_025_2027,SEC_025,115.211
OHE_SEC_025_2028,SEC_025,115.248
OHE_SEC_025_2029,SEC_025,115.285
OHE_SEC_025_2030,SEC_025,115.322
OHE_SEC_025_2031,SEC_025,115.359
OHE_SEC_025_2032,SEC_025,115.395
OHE_SEC_025_2033,SEC_025,115.432
OHE_SEC_025_2034,SEC_025,115.469
OHE_SEC_025_2035,SEC_025,115.507
OHE_SEC_025_2036,SEC_025,115.543
OHE_SEC_025_2037,SEC_025,115.58
OHE_SEC_025_2038,SEC_025,115.617
OHE_SEC_025_2039,SEC_025,115.654
OHE_SEC_025_2040,SEC_025,115.691
OHE_SEC_025_2041,SEC_025,115.728
OHE_SEC_025_2042,SEC_025,115.764
OHE_SEC_025_2043,SEC_025,115.801
OHE_SEC_025_2044,SEC_025,115.838
OHE_SEC_025_2045,SEC_025,115.875
OHE_SEC_025_2046,SEC_025,115.912
OHE_SEC_025_2047,SEC_025,115.949
OHE_SEC_025_2048,SEC_025,115.986
OHE_SEC_025_2049,SEC_025,116.023
OHE_SEC_025_2050,SEC_025,116.06
OHE_SEC_025_2051,SEC_025,116.097
OHE_SEC_025_2052,SEC_025,116.133
OHE_SEC_025_2053,SEC_025,116.17
OHE_SEC_025_2054,SEC_025,116.207
OHE_SEC_025_2055,SEC_025,116.244
OHE_SEC_025_2056,SEC_025,116.281
OHE_SEC_025_2057,SEC_025,116.318
OHE_SEC_025_2058,SEC_025,116.355
OHE_SEC_025_2059,SEC_025,116.392
OHE_SEC_025_2060,SEC_025,116.429
OHE_SEC_025_2061,SEC_025,116.466
OHE_SEC_025_2062,SEC_025,116.502
OHE_SEC_025_2063,SEC_025,116.539
OHE_SEC_025_2064,SEC_025,116.576
OHE_SEC_025_2065,SEC_025,116.613
OHE_SEC_025_2066,SEC_025,116.65
OHE_SEC_025_2067,SEC_025,116.687
OHE_SEC_025_2068,SEC_025,116.723
OHE_SEC_025_2069,SEC_025,116.761
OHE_SEC_025_2070,SEC_025,116.798
OHE_SEC_025_2071,SEC_025,116.835
OHE_SEC_025_2072,SEC_025,116.871
OHE_SEC_025_2073,SEC_025,116.908
OHE_SEC_025_2074,SEC_025,116.945
OHE_SEC_025_2075,SEC_025,116.982
OHE_SEC_025_2076,SEC_025,117.019
OHE_SEC_025_2077,SEC_025,117.056
OHE_SEC_025_2078,SEC_025,117.092
OHE_SEC_025_2079,SEC_025,117.129
OHE_SEC_025_2080,SEC_025,117.167
OHE_SEC_025_2081,SEC_025,117.204
OHE_SEC_025_2082,SEC_025,117.24
OHE_SEC_025_2083,SEC_025,117.277
OHE_SEC_025_2084,SEC_025,117.314
OHE_SEC_025_2085,SEC_025,117.351
OHE_SEC_025_2086,SEC_025,117.388
OHE_SEC_025_2087,SEC_025,117.425
OHE_SEC_025_2088,SEC_025,117.461
OHE_SEC_025_2089,SEC_025,117.498
OHE_SEC_025_2090,SEC_025,117.535
OHE_SEC_025_2091,SEC_025,117.573
OHE_SEC_025_2092,SEC_025,117.609
OHE_SEC_025_2093,SEC_025,117.646
OHE_SEC_025_2094,SEC_025,117.683
OHE_SEC_025_2095,SEC_025,117.72
OHE_SEC_025_2096,SEC_025,117.757
OHE_SEC_025_2097,SEC_025,117.794
OHE_SEC_025_2098,SEC_025,117.83
OHE_SEC_025_2099,SEC_025,117.867
OHE_SEC_025_2100,SEC_025,117.904
OHE_SEC_025_2101,SEC_025,117.941
OHE_SEC_025_2102,SEC_025,117.978
OHE_SEC_025_2103,SEC_025,118.015
OHE_SEC_025_2104,SEC_025,118.052
OHE_SEC_025_2105,SEC_025,118.089
OHE_SEC_025_2106,SEC_025,118.126
OHE_SEC_025_2107,SEC_025,118.163
OHE_SEC_025_2108,SEC_025,118.199
OHE_SEC_025_2109,SEC_025,118.236
OHE_SEC_025_2110,SEC_025,118.273
OHE_SEC_025_2111,SEC_025,118.31
OHE_SEC_025_2112,SEC_025,118.347
OHE_SEC_025_2113,SEC_025,118.384
OHE_SEC_025_2114,SEC_025,118.421
OHE_SEC_025_2115,SEC_025,118.458
OHE_SEC_025_2116,SEC_025,118.495
OHE_SEC_025_2117,SEC_025,118.532
OHE_SEC_025_2118,SEC_025,118.568
OHE_SEC_025_2119,SEC_025,118.605
OHE_SEC_025_2120,SEC_025,118.642
OHE_SEC_025_2121,SEC_025,118.679
OHE_SEC_025_2122,SEC_025,118.716
OHE_SEC_025_2123,SEC_025,118.753
OHE_SEC_025_2124,SEC_025,118.79
OHE_SEC_025_2125,SEC_025,118.827
OHE_SEC_025_2126,SEC_025,118.864
OHE_SEC_025_2127,SEC_025,118.901
OHE_SEC_025_2128,SEC_025,118.937
OHE_SEC_025_2129,SEC_025,118.974
OHE_SEC_025_2130,SEC_025,119.011
OHE_SEC_025_2131,SEC_025,119.048
OHE_SEC_025_2132,SEC_025,119.085
OHE_SEC_025_2133,SEC_025,119.122
OHE_SEC_025_2134,SEC_025,119.158
OHE_SEC_025_2135,SEC_025,119.196
OHE_SEC_025_2136,SEC_025,119.233
OHE_SEC_025_2137,SEC_025,119.27
OHE_SEC_025_2138,SEC_025,119.306
OHE_SEC_025_2139,SEC_025,119.343
OHE_SEC_025_2140,SEC_025,119.38
OHE_SEC_025_2141,SEC_025,119.417
OHE_SEC_025_2142,SEC_025,119.454
OHE_SEC_025_2143,SEC_025,119.491
OHE_SEC_025_2144,SEC_025,119.527
OHE_SEC_025_2145,SEC_025,119.564
OHE_SEC_025_2146,SEC_025,119.602
OHE_SEC_025_2147,SEC_025,119.639
OHE_SEC_025_2148,SEC_025,119.675
OHE_SEC_025_2149,SEC_025,119.712
OHE_SEC_025_2150,SEC_025,119.749
OHE_SEC_025_2151,SEC_025,119.786
OHE_SEC_025_2152,SEC_025,119.823
OHE_SEC_025_2153,SEC_025,119.86
OHE_SEC_025_2154,SEC_025,119.896
OHE_SEC_025_2155,SEC_025,119.933
OHE_SEC_025_2156,SEC_025,119.97
OHE_SEC_025_2157,SEC_025,120.007
OHE_SEC_025_2158,SEC_025,120.045
OHE_SEC_025_2159,SEC_025,120.081
OHE_SEC_025_2160,SEC_025,120.118
OHE_SEC_025_2161,SEC_025,120.155
OHE_SEC_025_2162,SEC_025,120.192
OHE_SEC_025_2163,SEC_025,120.229
OHE_SEC_025_2164,SEC_025,120.265
OHE_SEC_025_2165,SEC_025,120.302
OHE_SEC_025_2166,SEC_025,120.339
OHE_SEC_025_2167,SEC_025,120.376
OHE_SEC_025_2168,SEC_025,120.413
OHE_SEC_025_2169,SEC_025,120.45
OHE_SEC_025_2170,SEC_025,120.487
OHE_SEC_025_2171,SEC_025,120.524
OHE_SEC_025_2172,SEC_025,120.561
OHE_SEC_025_2173,SEC_025,120.598
OHE_SEC_025_2174,SEC_025,120.634
OHE_SEC_025_2175,SEC_025,120.671
OHE_SEC_025_2176,SEC_025,120.708
OHE_SEC_025_2177,SEC_025,120.745
OHE_SEC_025_2178,SEC_025,120.782
OHE_SEC_025_2179,SEC_025,120.819
OHE_SEC_025_2180,SEC_025,120.856
OHE_SEC_025_2181,SEC_025,120.893
OHE_SEC_025_2182,SEC_025,120.93
OHE_SEC_025_2183,SEC_025,120.967
OHE_SEC_025_2184,SEC_025,121.003
OHE_SEC_025_2185,SEC_025,121.04
OHE_SEC_025_2186,SEC_025,121.077
OHE_SEC_025_2187,SEC_025,121.114
OHE_SEC_025_2188,SEC_025,121.151
OHE_SEC_025_2189,SEC_025,121.188
OHE_SEC_025_2190,SEC_025,121.224
OHE_SEC_025_2191,SEC_025,121.262
OHE_SEC_025_2192,SEC_025,121.299
OHE_SEC_025_2193,SEC_025,121.336
OHE_SEC_025_2194,SEC_025,121.373
OHE_SEC_025_2195,SEC_025,121.409
OHE_SEC_025_2196,SEC_025,121.446
OHE_SEC_025_2197,SEC_025,121.483
OHE_SEC_025_2198,SEC_025,121.52
OHE_SEC_025_2199,SEC_025,121.557
OHE_SEC_025_2200,SEC_025,121.593
OHE_SEC_025_2201,SEC_025,121.63
OHE_SEC_025_2202,SEC_025,121.668
OHE_SEC_025_2203,SEC_025,121.705
OHE_SEC_025_2204,SEC_025,121.742
OHE_SEC_025_2205,SEC_025,121.778
OHE_SEC_025_2206,SEC_025,121.815
OHE_SEC_025_2207,SEC_025,121.852
OHE_SEC_026_2208,SEC_026,121.852
OHE_SEC_026_2209,SEC_026,121.883
OHE_SEC_026_2210,SEC_026,121.914
OHE_SEC_026_2211,SEC_026,121.945
OHE_SEC_026_2212,SEC_026,121.976
OHE_SEC_026_2213,SEC_026,122.007
OHE_SEC_026_2214,SEC_026,122.039
OHE_SEC_026_2215,SEC_026,122.07
OHE_SEC_026_2216,SEC_026,122.101
OHE_SEC_026_2217,SEC_026,122.133
OHE_SEC_026_2218,SEC_026,122.164
OHE_SEC_026_2219,SEC_026,122.195
OHE_SEC_026_2220,SEC_026,122.226
OHE_SEC_026_2221,SEC_026,122.257
OHE_SEC_026_2222,SEC_026,122.288
OHE_SEC_026_2223,SEC_026,122.319
OHE_SEC_026_2224,SEC_026,122.35
OHE_SEC_026_2225,SEC_026,122.381
OHE_SEC_026_2226,SEC_026,122.412
OHE_SEC_026_2227,SEC_026,122.444
OHE_SEC_026_2228,SEC_026,122.475
OHE_SEC_026_2229,SEC_026,122.506
OHE_SEC_026_2230,SEC_026,122.537
OHE_SEC_026_2231,SEC_026,122.569
OHE_SEC_026_2232,SEC_026,122.6
OHE_SEC_026_2233,SEC_026,122.631
OHE_SEC_026_2234,SEC_026,122.662
OHE_SEC_026_2235,SEC_026,122.693
OHE_SEC_026_2236,SEC_026,122.724
OHE_SEC_026_2237,SEC_026,122.755
OHE_SEC_026_2238,SEC_026,122.786
OHE_SEC_026_2239,SEC_026,122.817
OHE_SEC_026_2240,SEC_026,122.848
OHE_SEC_026_2241,SEC_026,122.88
OHE_SEC_026_2242,SEC_026,122.911
OHE_SEC_026_2243,SEC_026,122.942
OHE_SEC_026_2244,SEC_026,122.973
OHE_SEC_026_2245,SEC_026,123.005
OHE_SEC_026_2246,SEC_026,123.036
OHE_SEC_026_2247,SEC_026,123.067
OHE_SEC_026_2248,SEC_026,123.098
OHE_SEC_026_2249,SEC_026,123.129
OHE_SEC_026_2250,SEC_026,123.16
OHE_SEC_026_2251,SEC_026,123.191
OHE_SEC_026_2252,SEC_026,123.222
OHE_SEC_026_2253,SEC_026,123.253
OHE_SEC_026_2254,SEC_026,123.284
OHE_SEC_026_2255,SEC_026,123.316
OHE_SEC_026_2256,SEC_026,123.347
OHE_SEC_026_2257,SEC_026,123.378
OHE_SEC_026_2258,SEC_026,123.409
OHE_SEC_026_2259,SEC_026,123.441
OHE_SEC_026_2260,SEC_026,123.472
OHE_SEC_026_2261,SEC_026,123.503
OHE_SEC_026_2262,SEC_026,123.534
OHE_SEC_026_2263,SEC_026,123.565
OHE_SEC_026_2264,SEC_026,123.596
OHE_SEC_026_2265,SEC_026,123.627
OHE_SEC_026_2266,SEC_026,123.658
OHE_SEC_026_2267,SEC_026,123.689
OHE_SEC_026_2268,SEC_026,123.72
OHE_SEC_026_2269,SEC_026,123.752
OHE_SEC_026_2270,SEC_026,123.783
OHE_SEC_026_2271,SEC_026,123.814
OHE_SEC_026_2272,SEC_026,123.845
OHE_SEC_026_2273,SEC_026,123.877
OHE_SEC_026_2274,SEC_026,123.908
OHE_SEC_026_2275,SEC_026,123.939
OHE_SEC_026_2276,SEC_026,123.97
OHE_SEC_026_2277,SEC_026,124.001
OHE_SEC_026_2278,SEC_026,124.032
OHE_SEC_026_2279,SEC_026,124.063
OHE_SEC_026_2280,SEC_026,124.094
OHE_SEC_026_2281,SEC_026,124.125
OHE_SEC_026_2282,SEC_026,124.156
OHE_SEC_026_2283,SEC_026,124.188
OHE_SEC_026_2284,SEC_026,124.219
OHE_SEC_026_2285,SEC_026,124.25
OHE_SEC_026_2286,SEC_026,124.282
OHE_SEC_026_2287,SEC_026,124.313
OHE_SEC_026_2288,SEC_026,124.344
OHE_SEC_026_2289,SEC_026,124.375
OHE_SEC_026_2290,SEC_026,124.406
OHE_SEC_026_2291,SEC_026,124.437
OHE_SEC_026_2292,SEC_026,124.468
OHE_SEC_026_2293,SEC_026,124.499
OHE_SEC_026_2294,SEC_026,124.53
OHE_SEC_026_2295,SEC_026,124.561
OHE_SEC_026_2296,SEC_026,124.593
OHE_SEC_026_2297,SEC_026,124.624
OHE_SEC_026_2298,SEC_026,124.655
OHE_SEC_026_2299,SEC_026,124.686
OHE_SEC_026_2300,SEC_026,124.718
OHE_SEC_026_2301,SEC_026,124.749
OHE_SEC_026_2302,SEC_026,124.78
OHE_SEC_026_2303,SEC_026,124.811
OHE_SEC_026_2304,SEC_026,124.842
OHE_SEC_026_2305,SEC_026,124.873
OHE_SEC_026_2306,SEC_026,124.904
OHE_SEC_026_2307,SEC_026,124.935
OHE_SEC_026_2308,SEC_026,124.966
OHE_SEC_026_2309,SEC_026,124.997
OHE_SEC_026_2310,SEC_026,125.029
OHE_SEC_026_2311,SEC_026,125.06
OHE_SEC_026_2312,SEC_026,125.091
OHE_SEC_026_2313,SEC_026,125.122
OHE_SEC_026_2314,SEC_026,125.154
OHE_SEC_026_2315,SEC_026,125.185
OHE_SEC_026_2316,SEC_026,125.216
OHE_SEC_026_2317,SEC_026,125.247
OHE_SEC_026_2318,SEC_026,125.278
OHE_SEC_026_2319,SEC_026,125.309
OHE_SEC_026_2320,SEC_026,125.34
OHE_SEC_026_2321,SEC_026,125.371
OHE_SEC_026_2322,SEC_026,125.402
OHE_SEC_026_2323,SEC_026,125.433
OHE_SEC_026_2324,SEC_026,125.465
OHE_SEC_026_2325,SEC_026,125.496
OHE_SEC_026_2326,SEC_026,125.527
OHE_SEC_026_2327,SEC_026,125.558
OHE_SEC_026_2328,SEC_026,125.59
OHE_SEC_026_2329,SEC_026,125.621
OHE_SEC_026_2330,SEC_026,125.652
OHE_SEC_026_2331,SEC_026,125.683
OHE_SEC_026_2332,SEC_026,125.714
OHE_SEC_026_2333,SEC_026,125.745
OHE_SEC_026_2334,SEC_026,125.776
OHE_SEC_026_2335,SEC_026,125.807
OHE_SEC_026_2336,SEC_026,125.838
OHE_SEC_026_2337,SEC_026,125.869
OHE_SEC_026_2338,SEC_026,125.901
OHE_SEC_026_2339,SEC_026,125.932
OHE_SEC_026_2340,SEC_026,125.963
OHE_SEC_026_2341,SEC_026,125.994
OHE_SEC_026_2342,SEC_026,126.026
OHE_SEC_026_2343,SEC_026,126.057
OHE_SEC_026_2344,SEC_026,126.088
OHE_SEC_026_2345,SEC_026,126.119
OHE_SEC_026_2346,SEC_026,126.15
OHE_SEC_026_2347,SEC_026,126.181
OHE_SEC_026_2348,SEC_026,126.212
OHE_SEC_026_2349,SEC_026,126.243
OHE_SEC_026_2350,SEC_026,126.274
OHE_SEC_026_2351,SEC_026,126.305
OHE_SEC_026_2352,SEC_026,126.337
OHE_SEC_026_2353,SEC_026,126.368
OHE_SEC_026_2354,SEC_026,126.399
OHE_SEC_026_2355,SEC_026,126.431
OHE_SEC_026_2356,SEC_026,126.462
OHE_SEC_026_2357,SEC_026,126.493
OHE_SEC_026_2358,SEC_026,126.524
OHE_SEC_026_2359,SEC_026,126.555
OHE_SEC_026_2360,SEC_026,126.586
OHE_SEC_026_2361,SEC_026,126.617
OHE_SEC_026_2362,SEC_026,126.648
OHE_SEC_026_2363,SEC_026,126.679
OHE_SEC_026_2364,SEC_026,126.71
OHE_SEC_026_2365,SEC_026,126.741
OHE_SEC_026_2366,SEC_026,126.773
OHE_SEC_026_2367,SEC_026,126.804
OHE_SEC_026_2368,SEC_026,126.835
OHE_SEC_026_2369,SEC_026,126.867
OHE_SEC_026_2370,SEC_026,126.898
OHE_SEC_026_2371,SEC_026,126.929
OHE_SEC_026_2372,SEC_026,126.96
OHE_SEC_026_2373,SEC_026,126.991
OHE_SEC_026_2374,SEC_026,127.022
OHE_SEC_026_2375,SEC_026,127.053
OHE_SEC_026_2376,SEC_026,127.084
OHE_SEC_026_2377,SEC_026,127.115
OHE_SEC_026_2378,SEC_026,127.146
OHE_SEC_026_2379,SEC_026,127.178
OHE_SEC_026_2380,SEC_026,127.209
OHE_SEC_026_2381,SEC_026,127.24
OHE_SEC_026_2382,SEC_026,127.271
OHE_SEC_026_2383,SEC_026,127.303
OHE_SEC_026_2384,SEC_026,127.334
OHE_SEC_026_2385,SEC_026,127.365
OHE_SEC_026_2386,SEC_026,127.396
OHE_SEC_026_2387,SEC_026,127.427
OHE_SEC_026_2388,SEC_026,127.458
OHE_SEC_026_2389,SEC_026,127.489
OHE_SEC_026_2390,SEC_026,127.52
OHE_SEC_026_2391,SEC_026,127.551
OHE_SEC_026_2392,SEC_026,127.582
OHE_SEC_026_2393,SEC_026,127.614
OHE_SEC_026_2394,SEC_026,127.645
OHE_SEC_026_2395,SEC_026,127.676
OHE_SEC_026_2396,SEC_026,127.707
OHE_SEC_026_2397,SEC_026,127.739
OHE_SEC_026_2398,SEC_026,127.77
OHE_SEC_026_2399,SEC_026,127.801
OHE_SEC_026_2400,SEC_026,127.832
OHE_SEC_026_2401,SEC_026,127.863
OHE_SEC_026_2402,SEC_026,127.894
OHE_SEC_026_2403,SEC_026,127.925
OHE_SEC_026_2404,SEC_026,127.956
OHE_SEC_026_2405,SEC_026,127.987
OHE_SEC_026_2406,SEC_026,128.018
OHE_SEC_026_2407,SEC_026,128.05
OHE_SEC_026_2408,SEC_026,128.081
OHE_SEC_026_2409,SEC_026,128.112
OHE_SEC_026_2410,SEC_026,128.143
OHE_SEC_026_2411,SEC_026,128.175
OHE_SEC_026_2412,SEC_026,128.206
OHE_SEC_026_2413,SEC_026,128.237
OHE_SEC_026_2414,SEC_026,128.268
OHE_SEC_026_2415,SEC_026,128.299
OHE_SEC_026_2416,SEC_026,128.33
OHE_SEC_026_2417,SEC_026,128.361
OHE_SEC_026_2418,SEC_026,128.392
OHE_SEC_026_2419,SEC_026,128.423
OHE_SEC_026_2420,SEC_026,128.454
OHE_SEC_026_2421,SEC_026,128.486
OHE_SEC_026_2422,SEC_026,128.517
OHE_SEC_026_2423,SEC_026,128.548
OHE_SEC_026_2424,SEC_026,128.579
OHE_SEC_026_2425,SEC_026,128.611
OHE_SEC_026_2426,SEC_026,128.642
OHE_SEC_026_2427,SEC_026,128.673
OHE_SEC_026_2428,SEC_026,128.704
OHE_SEC_026_2429,SEC_026,128.735
OHE_SEC_026_2430,SEC_026,128.766
OHE_SEC_026_2431,SEC_026,128.797
OHE_SEC_026_2432,SEC_026,128.828
OHE_SEC_026_2433,SEC_026,128.859
OHE_SEC_026_2434,SEC_026,128.89
OHE_SEC_026_2435,SEC_026,128.922
OHE_SEC_026_2436,SEC_026,128.953
OHE_SEC_026_2437,SEC_026,128.984
OHE_SEC_026_2438,SEC_026,129.016
OHE_SEC_026_2439,SEC_026,129.047
OHE_SEC_026_2440,SEC_026,129.078
OHE_SEC_026_2441,SEC_026,129.109
OHE_SEC_026_2442,SEC_026,129.14
OHE_SEC_026_2443,SEC_026,129.171
OHE_SEC_026_2444,SEC_026,129.202
OHE_SEC_026_2445,SEC_026,129.233
OHE_SEC_026_2446,SEC_026,129.264
OHE_SEC_026_2447,SEC_026,129.295
OHE_SEC_026_2448,SEC_026,129.327
OHE_SEC_026_2449,SEC_026,129.358
OHE_SEC_026_2450,SEC_026,129.389
OHE_SEC_026_2451,SEC_026,129.42
OHE_SEC_026_2452,SEC_026,129.452
OHE_SEC_026_2453,SEC_026,129.483
OHE_SEC_026_2454,SEC_026,129.514
OHE_SEC_026_2455,SEC_026,129.545
OHE_SEC_026_2456,SEC_026,129.576
OHE_SEC_026_2457,SEC_026,129.607
OHE_SEC_026_2458,SEC_026,129.638
OHE_SEC_026_2459,SEC_026,129.669
OHE_SEC_026_2460,SEC_026,129.7
OHE_SEC_026_2461,SEC_026,129.731
OHE_SEC_026_2462,SEC_026,129.763
OHE_SEC_026_2463,SEC_026,129.794
OHE_SEC_026_2464,SEC_026,129.825
OHE_SEC_026_2465,SEC_026,129.856
OHE_SEC_026_2466,SEC_026,129.888
OHE_SEC_026_2467,SEC_026,129.919
OHE_SEC_026_2468,SEC_026,129.95
OHE_SEC_026_2469,SEC_026,129.981
OHE_SEC_026_2470,SEC_026,130.012
OHE_SEC_026_2471,SEC_026,130.043
OHE_SEC_026_2472,SEC_026,130.074
OHE_SEC_026_2473,SEC_026,130.105
OHE_SEC_026_2474,SEC_026,130.136
OHE_SEC_026_2475,SEC_026,130.167
OHE_SEC_026_2476,SEC_026,130.199
OHE_SEC_026_2477,SEC_026,130.23
OHE_SEC_026_2478,SEC_026,130.261
OHE_SEC_026_2479,SEC_026,130.292
OHE_SEC_026_2480,SEC_026,130.324
OHE_SEC_026_2481,SEC_026,130.355
OHE_SEC_026_2482,SEC_026,130.386
OHE_SEC_026_2483,SEC_026,130.417
OHE_SEC_026_2484,SEC_026,130.448
OHE_SEC_026_2485,SEC_026,130.479
OHE_SEC_026_2486,SEC_026,130.51
OHE_SEC_026_2487,SEC_026,130.541
OHE_SEC_026_2488,SEC_026,130.572
OHE_SEC_026_2489,SEC_026,130.603
OHE_SEC_026_2490,SEC_026,130.635
OHE_SEC_026_2491,SEC_026,130.666
OHE_SEC_026_2492,SEC_026,130.697
OHE_SEC_026_2493,SEC_026,130.728
OHE_SEC_026_2494,SEC_026,130.76
OHE_SEC_026_2495,SEC_026,130.791
OHE_SEC_026_2496,SEC_026,130.822
OHE_SEC_026_2497,SEC_026,130.853
OHE_SEC_026_2498,SEC_026,130.884
OHE_SEC_026_2499,SEC_026,130.915
OHE_SEC_026_2500,SEC_026,130.946
OHE_SEC_026_2501,SEC_026,130.977
OHE_SEC_026_2502,SEC_026,131.008
OHE_SEC_026_2503,SEC_026,131.039
OHE_SEC_026_2504,SEC_026,131.071
OHE_SEC_026_2505,SEC_026,131.102
OHE_SEC_026_2506,SEC_026,131.133
OHE_SEC_026_2507,SEC_026,131.165
OHE_SEC_026_2508,SEC_026,131.196
OHE_SEC_026_2509,SEC_026,131.227
OHE_SEC_026_2510,SEC_026,131.258
OHE_SEC_026_2511,SEC_026,131.289
OHE_SEC_026_2512,SEC_026,131.32
OHE_SEC_027_2513,SEC_027,131.32
OHE_SEC_027_2514,SEC_027,131.507
OHE_SEC_027_2515,SEC_027,131.69
OHE_SEC_027_2516,SEC_027,131.877
OHE_SEC_027_2517,SEC_027,132.061
OHE_SEC_027_2518,SEC_027,132.248
OHE_SEC_027_2519,SEC_027,132.431
OHE_SEC_027_2520,SEC_027,132.618
OHE_SEC_027_2521,SEC_027,132.802
OHE_SEC_027_2522,SEC_027,132.989
OHE_SEC_027_2523,SEC_027,133.172
OHE_SEC_027_2524,SEC_027,133.359
OHE_SEC_027_2525,SEC_027,133.542
OHE_SEC_027_2526,SEC_027,133.729
OHE_SEC_027_2527,SEC_027,133.913
OHE_SEC_027_2528,SEC_027,134.1
OHE_SEC_027_2529,SEC_027,134.287
OHE_SEC_027_2530,SEC_027,134.47
OHE_SEC_027_2531,SEC_027,134.657
OHE_SEC_027_2532,SEC_027,134.841
OHE_SEC_027_2533,SEC_027,135.028
OHE_SEC_027_2534,SEC_027,135.211
OHE_SEC_027_2535,SEC_027,135.398
OHE_SEC_027_2536,SEC_027,135.581
OHE_SEC_027_2537,SEC_027,135.769
OHE_SEC_027_2538,SEC_027,135.952
OHE_SEC_027_2539,SEC_027,136.139
OHE_SEC_027_2540,SEC_027,136.322
OHE_SEC_027_2541,SEC_027,136.509
OHE_SEC_027_2542,SEC_027,136.693
OHE_SEC_027_2543,SEC_027,136.88
OHE_SEC_027_2544,SEC_027,137.063
OHE_SEC_027_2545,SEC_027,137.25
OHE_SEC_027_2546,SEC_027,137.437
OHE_SEC_027_2547,SEC_027,137.621
OHE_SEC_027_2548,SEC_027,137.808
OHE_SEC_027_2549,SEC_027,137.991
OHE_SEC_027_2550,SEC_027,138.178
OHE_SEC_027_2551,SEC_027,138.361
OHE_SEC_027_2552,SEC_027,138.548
OHE_SEC_027_2553,SEC_027,138.732
OHE_SEC_027_2554,SEC_027,138.919
OHE_SEC_027_2555,SEC_027,139.102
OHE_SEC_027_2556,SEC_027,139.289
OHE_SEC_027_2557,SEC_027,139.473
OHE_SEC_027_2558,SEC_027,139.66
OHE_SEC_027_2559,SEC_027,139.843
OHE_SEC_027_2560,SEC_027,140.03
OHE_SEC_028_2561,SEC_028,140.03
OHE_SEC_028_2562,SEC_028,140.094
OHE_SEC_028_2563,SEC_028,140.159
OHE_SEC_028_2564,SEC_028,140.222
OHE_SEC_028_2565,SEC_028,140.287
OHE_SEC_028_2566,SEC_028,140.351
OHE_SEC_028_2567,SEC_028,140.416
OHE_SEC_028_2568,SEC_028,140.479
OHE_SEC_028_2569,SEC_028,140.544
OHE_SEC_028_2570,SEC_028,140.608
OHE_SEC_028_2571,SEC_028,140.673
OHE_SEC_028_2572,SEC_028,140.736
OHE_SEC_028_2573,SEC_028,140.801
OHE_SEC_028_2574,SEC_028,140.865
OHE_SEC_028_2575,SEC_028,140.93
OHE_SEC_028_2576,SEC_028,140.993
OHE_SEC_028_2577,SEC_028,141.058
OHE_SEC_028_2578,SEC_028,141.122
OHE_SEC_028_2579,SEC_028,141.187
OHE_SEC_028_2580,SEC_028,141.25
OHE_SEC_028_2581,SEC_028,141.315
OHE_SEC_028_2582,SEC_028,141.379
OHE_SEC_028_2583,SEC_028,141.443
OHE_SEC_028_2584,SEC_028,141.508
OHE_SEC_028_2585,SEC_028,141.571
OHE_SEC_028_2586,SEC_028,141.636
OHE_SEC_028_2587,SEC_028,141.7
OHE_SEC_028_2588,SEC_028,141.765
OHE_SEC_028_2589,SEC_028,141.828
OHE_SEC_028_2590,SEC_028,141.893
OHE_SEC_028_2591,SEC_028,141.957
OHE_SEC_028_2592,SEC_028,142.022
OHE_SEC_028_2593,SEC_028,142.085
OHE_SEC_028_2594,SEC_028,142.15
OHE_SEC_028_2595,SEC_028,142.214
OHE_SEC_028_2596,SEC_028,142.279
OHE_SEC_028_2597,SEC_028,142.342
OHE_SEC_028_2598,SEC_028,142.407
OHE_SEC_028_2599,SEC_028,142.471
OHE_SEC_028_2600,SEC_028,142.536
OHE_SEC_028_2601,SEC_028,142.599
OHE_SEC_028_2602,SEC_028,142.663
OHE_SEC_028_2603,SEC_028,142.728
OHE_SEC_028_2604,SEC_028,142.792
OHE_SEC_028_2605,SEC_028,142.857
OHE_SEC_028_2606,SEC_028,142.92
OHE_SEC_028_2607,SEC_028,142.985
OHE_SEC_028_2608,SEC_028,143.049
OHE_SEC_028_2609,SEC_028,143.114
OHE_SEC_028_2610,SEC_028,143.177
OHE_SEC_028_2611,SEC_028,143.242
OHE_SEC_028_2612,SEC_028,143.306
OHE_SEC_028_2613,SEC_028,143.371
OHE_SEC_028_2614,SEC_028,143.434
OHE_SEC_028_2615,SEC_028,143.499
OHE_SEC_028_2616,SEC_028,143.563
OHE_SEC_028_2617,SEC_028,143.628
OHE_SEC_028_2618,SEC_028,143.691
OHE_SEC_028_2619,SEC_028,143.756
OHE_SEC_028_2620,SEC_028,143.82
OHE_SEC_028_2621,SEC_028,143.885
OHE_SEC_028_2622,SEC_028,143.949
OHE_SEC_028_2623,SEC_028,144.012
OHE_SEC_028_2624,SEC_028,144.077
OHE_SEC_028_2625,SEC_028,144.141
OHE_SEC_028_2626,SEC_028,144.206
OHE_SEC_028_2627,SEC_028,144.269
OHE_SEC_028_2628,SEC_028,144.334
OHE_SEC_028_2629,SEC_028,144.398
OHE_SEC_028_2630,SEC_028,144.463
OHE_SEC_028_2631,SEC_028,144.526
OHE_SEC_028_2632,SEC_028,144.591
OHE_SEC_028_2633,SEC_028,144.655
OHE_SEC_028_2634,SEC_028,144.72
OHE_SEC_028_2635,SEC_028,144.783
OHE_SEC_028_2636,SEC_028,144.848
OHE_SEC_028_2637,SEC_028,144.912
OHE_SEC_028_2638,SEC_028,144.977
OHE_SEC_028_2639,SEC_028,145.04
OHE_SEC_028_2640,SEC_028,145.105
OHE_SEC_028_2641,SEC_028,145.169
OHE_SEC_028_2642,SEC_028,145.233
OHE_SEC_028_2643,SEC_028,145.298
OHE_SEC_028_2644,SEC_028,145.361
OHE_SEC_028_2645,SEC_028,145.426
OHE_SEC_028_2646,SEC_028,145.49
OHE_SEC_028_2647,SEC_028,145.555
OHE_SEC_028_2648,SEC_028,145.618
OHE_SEC_028_2649,SEC_028,145.683
OHE_SEC_028_2650,SEC_028,145.747
OHE_SEC_028_2651,SEC_028,145.812
OHE_SEC_028_2652,SEC_028,145.875
OHE_SEC_028_2653,SEC_028,145.94
OHE_SEC_028_2654,SEC_028,146.004
OHE_SEC_028_2655,SEC_028,146.069
OHE_SEC_028_2656,SEC_028,146.132
OHE_SEC_028_2657,SEC_028,146.197
OHE_SEC_028_2658,SEC_028,146.261
OHE_SEC_028_2659,SEC_028,146.326
OHE_SEC_028_2660,SEC_028,146.389
OHE_SEC_028_2661,SEC_028,146.454
OHE_SEC_028_2662,SEC_028,146.518
OHE_SEC_029_2663,SEC_029,146.518
OHE_SEC_029_2664,SEC_029,146.649
OHE_SEC_029_2665,SEC_029,146.777
OHE_SEC_029_2666,SEC_029,146.907
OHE_SEC_029_2667,SEC_029,147.035
OHE_SEC_029_2668,SEC_029,147.166
OHE_SEC_029_2669,SEC_029,147.296
OHE_SEC_029_2670,SEC_029,147.424
OHE_SEC_029_2671,SEC_029,147.555
OHE_SEC_029_2672,SEC_029,147.683
OHE_SEC_029_2673,SEC_029,147.813
OHE_SEC_029_2674,SEC_029,147.944
OHE_SEC_029_2675,SEC_029,148.072
OHE_SEC_029_2676,SEC_029,148.202
OHE_SEC_029_2677,SEC_029,148.333
OHE_SEC_029_2678,SEC_029,148.461
OHE_SEC_029_2679,SEC_029,148.591
OHE_SEC_029_2680,SEC_029,148.719
OHE_SEC_029_2681,SEC_029,148.85
OHE_SEC_029_2682,SEC_029,148.981
OHE_SEC_029_2683,SEC_029,149.109
OHE_SEC_029_2684,SEC_029,149.239
OHE_SEC_029_2685,SEC_029,149.367
OHE_SEC_029_2686,SEC_029,149.498
OHE_SEC_029_2687,SEC_029,149.628
OHE_SEC_029_2688,SEC_029,149.756
OHE_SEC_029_2689,SEC_029,149.887
OHE_SEC_029_2690,SEC_029,150.015
OHE_SEC_029_2691,SEC_029,150.145
OHE_SEC_029_2692,SEC_029,150.276
OHE_SEC_029_2693,SEC_029,150.404
OHE_SEC_029_2694,SEC_029,150.534
OHE_SEC_029_2695,SEC_029,150.662
OHE_SEC_029_2696,SEC_029,150.793
OHE_SEC_029_2697,SEC_029,150.924
OHE_SEC_029_2698,SEC_029,151.052
OHE_SEC_029_2699,SEC_029,151.182
OHE_SEC_029_2700,SEC_029,151.31
OHE_SEC_029_2701,SEC_029,151.441
OHE_SEC_029_2702,SEC_029,151.571
OHE_SEC_029_2703,SEC_029,151.699
OHE_SEC_029_2704,SEC_029,151.83
OHE_SEC_029_2705,SEC_029,151.96
OHE_SEC_029_2706,SEC_029,152.088
OHE_SEC_029_2707,SEC_029,152.219
OHE_SEC_029_2708,SEC_029,152.347
OHE_SEC_029_2709,SEC_029,152.477
OHE_SEC_029_2710,SEC_029,152.608
OHE_SEC_029_2711,SEC_029,152.736
OHE_SEC_029_2712,SEC_029,152.866
OHE_SEC_029_2713,SEC_029,152.994
OHE_SEC_029_2714,SEC_029,153.125
OHE_SEC_030_2715,SEC_030,153.125
OHE_SEC_030_2716,SEC_030,153.302
OHE_SEC_030_2717,SEC_030,153.48
OHE_SEC_030_2718,SEC_030,153.654
OHE_SEC_030_2719,SEC_030,153.831
OHE_SEC_030_2720,SEC_030,154.009
OHE_SEC_030_2721,SEC_030,154.186
OHE_SEC_030_2722,SEC_030,154.363
OHE_SEC_030_2723,SEC_030,154.541
OHE_SEC_030_2724,SEC_030,154.715
OHE_SEC_030_2725,SEC_030,154.892
OHE_SEC_030_2726,SEC_030,155.069
OHE_SEC_030_2727,SEC_030,155.247
OHE_SEC_030_2728,SEC_030,155.424
OHE_SEC_030_2729,SEC_030,155.598
OHE_SEC_030_2730,SEC_030,155.776
OHE_SEC_030_2731,SEC_030,155.953
OHE_SEC_030_2732,SEC_030,156.13
OHE_SEC_030_2733,SEC_030,156.308
OHE_SEC_030_2734,SEC_030,156.485
OHE_SEC_030_2735,SEC_030,156.659
OHE_SEC_030_2736,SEC_030,156.836
OHE_SEC_030_2737,SEC_030,157.014
OHE_SEC_030_2738,SEC_030,157.191
OHE_SEC_030_2739,SEC_030,157.369
OHE_SEC_030_2740,SEC_030,157.543
OHE_SEC_030_2741,SEC_030,157.72
OHE_SEC_030_2742,SEC_030,157.897
OHE_SEC_030_2743,SEC_030,158.075
OHE_SEC_030_2744,SEC_030,158.252
OHE_SEC_030_2745,SEC_030,158.429
OHE_SEC_030_2746,SEC_030,158.603
OHE_SEC_030_2747,SEC_030,158.781
OHE_SEC_030_2748,SEC_030,158.958
OHE_SEC_030_2749,SEC_030,159.136
OHE_SEC_030_2750,SEC_030,159.313
OHE_SEC_030_2751,SEC_030,159.487
OHE_SEC_030_2752,SEC_030,159.664
OHE_SEC_030_2753,SEC_030,159.842
OHE_SEC_030_2754,SEC_030,160.019
OHE_SEC_030_2755,SEC_030,160.196
OHE_SEC_030_2756,SEC_030,160.374
OHE_SEC_030_2757,SEC_030,160.548
OHE_SEC_030_2758,SEC_030,160.725
OHE_SEC_030_2759,SEC_030,160.903
OHE_SEC_030_2760,SEC_030,161.08
OHE_SEC_030_2761,SEC_030,161.257
OHE_SEC_030_2762,SEC_030,161.431
OHE_SEC_030_2763,SEC_030,161.609
OHE_SEC_030_2764,SEC_030,161.786
OHE_SEC_030_2765,SEC_030,161.963
OHE_SEC_030_2766,SEC_030,162.141
OHE_SEC_030_2767,SEC_030,162.318
OHE_SEC_030_2768,SEC_030,162.492
OHE_SEC_030_2769,SEC_030,162.67
OHE_SEC_030_2770,SEC_030,162.847
OHE_SEC_031_2771,SEC_031,162.847
OHE_SEC_031_2772,SEC_031,163.687
OHE_SEC_031_2773,SEC_031,164.542
OHE_SEC_031_2774,SEC_031,165.381
OHE_SEC_031_2775,SEC_031,166.221
OHE_SEC_031_2776,SEC_031,167.076
OHE_SEC_031_2777,SEC_031,167.916
OHE_SEC_031_2778,SEC_031,168.756
OHE_SEC_031_2779,SEC_031,169.595
OHE_SEC_031_2780,SEC_031,170.45
OHE_SEC_031_2781,SEC_031,171.29
OHE_SEC_032_2782,SEC_032,171.29
OHE_SEC_032_2783,SEC_032,171.337
OHE_SEC_032_2784,SEC_032,171.384
OHE_SEC_032_2785,SEC_032,171.432
OHE_SEC_032_2786,SEC_032,171.479
OHE_SEC_032_2787,SEC_032,171.527
OHE_SEC_032_2788,SEC_032,171.574
OHE_SEC_032_2789,SEC_032,171.622
OHE_SEC_032_2790,SEC_032,171.669
OHE_SEC_032_2791,SEC_032,171.716
OHE_SEC_032_2792,SEC_032,171.763
OHE_SEC_032_2793,SEC_032,171.811
OHE_SEC_032_2794,SEC_032,171.858
OHE_SEC_032_2795,SEC_032,171.906
OHE_SEC_032_2796,SEC_032,171.953
OHE_SEC_032_2797,SEC_032,172.001
OHE_SEC_032_2798,SEC_032,172.048
OHE_SEC_032_2799,SEC_032,172.095
OHE_SEC_032_2800,SEC_032,172.142
OHE_SEC_032_2801,SEC_032,172.19
OHE_SEC_032_2802,SEC_032,172.237
OHE_SEC_032_2803,SEC_032,172.285
OHE_SEC_032_2804,SEC_032,172.332
OHE_SEC_032_2805,SEC_032,172.38
OHE_SEC_032_2806,SEC_032,172.427
OHE_SEC_032_2807,SEC_032,172.474
OHE_SEC_032_2808,SEC_032,172.521
OHE_SEC_032_2809,SEC_032,172.568
OHE_SEC_032_2810,SEC_032,172.616
OHE_SEC_032_2811,SEC_032,172.663
OHE_SEC_032_2812,SEC_032,172.711
OHE_SEC_032_2813,SEC_032,172.758
OHE_SEC_032_2814,SEC_032,172.806
OHE_SEC_032_2815,SEC_032,172.853
OHE_SEC_032_2816,SEC_032,172.9
OHE_SEC_032_2817,SEC_032,172.947
OHE_SEC_032_2818,SEC_032,172.995
OHE_SEC_032_2819,SEC_032,173.042
OHE_SEC_032_2820,SEC_032,173.09
OHE_SEC_032_2821,SEC_032,173.137
OHE_SEC_032_2822,SEC_032,173.185
OHE_SEC_032_2823,SEC_032,173.232
OHE_SEC_032_2824,SEC_032,173.279
OHE_SEC_032_2825,SEC_032,173.326
OHE_SEC_032_2826,SEC_032,173.374
OHE_SEC_032_2827,SEC_032,173.421
OHE_SEC_032_2828,SEC_032,173.469
OHE_SEC_032_2829,SEC_032,173.516
OHE_SEC_032_2830,SEC_032,173.564
OHE_SEC_032_2831,SEC_032,173.611
OHE_SEC_032_2832,SEC_032,173.658
OHE_SEC_032_2833,SEC_032,173.705
OHE_SEC_032_2834,SEC_032,173.752
OHE_SEC_032_2835,SEC_032,173.8
OHE_SEC_032_2836,SEC_032,173.847
OHE_SEC_032_2837,SEC_032,173.895
OHE_SEC_032_2838,SEC_032,173.942
OHE_SEC_032_2839,SEC_032,173.99
OHE_SEC_032_2840,SEC_032,174.037
OHE_SEC_032_2841,SEC_032,174.084
OHE_SEC_032_2842,SEC_032,174.131
OHE_SEC_032_2843,SEC_032,174.179
OHE_SEC_032_2844,SEC_032,174.226
OHE_SEC_032_2845,SEC_032,174.274
OHE_SEC_032_2846,SEC_032,174.321
OHE_SEC_032_2847,SEC_032,174.369
OHE_SEC_032_2848,SEC_032,174.416
OHE_SEC_032_2849,SEC_032,174.463
OHE_SEC_032_2850,SEC_032,174.51
OHE_SEC_032_2851,SEC_032,174.558
OHE_SEC_032_2852,SEC_032,174.605
OHE_SEC_032_2853,SEC_032,174.653
OHE_SEC_032_2854,SEC_032,174.7
OHE_SEC_032_2855,SEC_032,174.748
OHE_SEC_032_2856,SEC_032,174.795
OHE_SEC_032_2857,SEC_032,174.842
OHE_SEC_032_2858,SEC_032,174.889
OHE_SEC_032_2859,SEC_032,174.936
OHE_SEC_032_2860,SEC_032,174.984
OHE_SEC_032_2861,SEC_032,175.031
OHE_SEC_032_2862,SEC_032,175.079
OHE_SEC_032_2863,SEC_032,175.126
OHE_SEC_032_2864,SEC_032,175.174
OHE_SEC_032_2865,SEC_032,175.221
OHE_SEC_032_2866,SEC_032,175.268
OHE_SEC_032_2867,SEC_032,175.315
OHE_SEC_032_2868,SEC_032,175.363
OHE_SEC_032_2869,SEC_032,175.41
OHE_SEC_032_2870,SEC_032,175.458
OHE_SEC_032_2871,SEC_032,175.505
OHE_SEC_032_2872,SEC_032,175.553
OHE_SEC_032_2873,SEC_032,175.6
OHE_SEC_032_2874,SEC_032,175.647
OHE_SEC_032_2875,SEC_032,175.694
OHE_SEC_032_2876,SEC_032,175.742
OHE_SEC_032_2877,SEC_032,175.789
OHE_SEC_032_2878,SEC_032,175.837
OHE_SEC_032_2879,SEC_032,175.884
OHE_SEC_032_2880,SEC_032,175.932
OHE_SEC_032_2881,SEC_032,175.979
OHE_SEC_032_2882,SEC_032,176.026
OHE_SEC_032_2883,SEC_032,176.073
OHE_SEC_032_2884,SEC_032,176.12
OHE_SEC_032_2885,SEC_032,176.168
OHE_SEC_032_2886,SEC_032,176.215
OHE_SEC_032_2887,SEC_032,176.263
OHE_SEC_032_2888,SEC_032,176.31
OHE_SEC_032_2889,SEC_032,176.358
OHE_SEC_032_2890,SEC_032,176.405
OHE_SEC_032_2891,SEC_032,176.452
OHE_SEC_032_2892,SEC_032,176.499
OHE_SEC_032_2893,SEC_032,176.547
OHE_SEC_032_2894,SEC_032,176.594
OHE_SEC_032_2895,SEC_032,176.642
OHE_SEC_032_2896,SEC_032,176.689
OHE_SEC_032_2897,SEC_032,176.737
OHE_SEC_032_2898,SEC_032,176.784
OHE_SEC_032_2899,SEC_032,176.831
OHE_SEC_032_2900,SEC_032,176.878
OHE_SEC_032_2901,SEC_032,176.926
OHE_SEC_032_2902,SEC_032,176.973
OHE_SEC_032_2903,SEC_032,177.021
OHE_SEC_032_2904,SEC_032,177.068
OHE_SEC_032_2905,SEC_032,177.116
OHE_SEC_032_2906,SEC_032,177.163
OHE_SEC_032_2907,SEC_032,177.21
OHE_SEC_032_2908,SEC_032,177.257
OHE_SEC_032_2909,SEC_032,177.304
OHE_SEC_032_2910,SEC_032,177.352
OHE_SEC_032_2911,SEC_032,177.399
OHE_SEC_032_2912,SEC_032,177.447
OHE_SEC_032_2913,SEC_032,177.494
OHE_SEC_032_2914,SEC_032,177.542
OHE_SEC_032_2915,SEC_032,177.589
OHE_SEC_032_2916,SEC_032,177.636
OHE_SEC_032_2917,SEC_032,177.683
OHE_SEC_032_2918,SEC_032,177.731
OHE_SEC_032_2919,SEC_032,177.778
OHE_SEC_032_2920,SEC_032,177.826
OHE_SEC_032_2921,SEC_032,177.873
OHE_SEC_032_2922,SEC_032,177.921
OHE_SEC_032_2923,SEC_032,177.968
OHE_SEC_032_2924,SEC_032,178.015
OHE_SEC_032_2925,SEC_032,178.062
OHE_SEC_032_2926,SEC_032,178.11
OHE_SEC_032_2927,SEC_032,178.157
OHE_SEC_032_2928,SEC_032,178.205
OHE_SEC_032_2929,SEC_032,178.252
OHE_SEC_032_2930,SEC_032,178.3
OHE_SEC_032_2931,SEC_032,178.347
OHE_SEC_032_2932,SEC_032,178.394
OHE_SEC_032_2933,SEC_032,178.441
OHE_SEC_032_2934,SEC_032,178.488
OHE_SEC_032_2935,SEC_032,178.536
OHE_SEC_032_2936,SEC_032,178.583
OHE_SEC_032_2937,SEC_032,178.631
OHE_SEC_032_2938,SEC_032,178.678
OHE_SEC_032_2939,SEC_032,178.726
OHE_SEC_032_2940,SEC_032,178.773
OHE_SEC_032_2941,SEC_032,178.82
OHE_SEC_032_2942,SEC_032,178.867
OHE_SEC_032_2943,SEC_032,178.915
OHE_SEC_032_2944,SEC_032,178.962
OHE_SEC_032_2945,SEC_032,179.01
OHE_SEC_032_2946,SEC_032,179.057
OHE_SEC_032_2947,SEC_032,179.105
OHE_SEC_032_2948,SEC_032,179.152
OHE_SEC_032_2949,SEC_032,179.199
OHE_SEC_032_2950,SEC_032,179.246
OHE_SEC_032_2951,SEC_032,179.294
OHE_SEC_032_2952,SEC_032,179.341
OHE_SEC_032_2953,SEC_032,179.389
OHE_SEC_032_2954,SEC_032,179.436
OHE_SEC_032_2955,SEC_032,179.484
OHE_SEC_032_2956,SEC_032,179.531
OHE_SEC_032_2957,SEC_032,179.578
OHE_SEC_033_2958,SEC_033,179.578
OHE_SEC_033_2959,SEC_033,180.149
OHE_SEC_033_2960,SEC_033,180.719
OHE_SEC_033_2961,SEC_033,181.29
OHE_SEC_033_2962,SEC_033,181.861
OHE_SEC_033_2963,SEC_033,182.431
OHE_SEC_033_2964,SEC_033,183.002
OHE_SEC_033_2965,SEC_033,183.573
OHE_SEC_033_2966,SEC_033,184.143
OHE_SEC_033_2967,SEC_033,184.703
OHE_SEC_033_2968,SEC_033,185.274
OHE_SEC_033_2969,SEC_033,185.844
OHE_SEC_033_2970,SEC_033,186.415
OHE_SEC_033_2971,SEC_033,186.986
OHE_SEC_033_2972,SEC_033,187.556
OHE_SEC_033_2973,SEC_033,188.127
OHE_SEC_033_2974,SEC_033,188.698
OHE_SEC_033_2975,SEC_033,189.268
OHE_SEC_033_2976,SEC_033,189.839
OHE_SEC_033_2977,SEC_033,190.41
OHE_SEC_033_2978,SEC_033,190.98
OHE_SEC_033_2979,SEC_033,191.551
OHE_SEC_033_2980,SEC_033,192.122
OHE_SEC_033_2981,SEC_033,192.692
OHE_SEC_033_2982,SEC_033,193.263
OHE_SEC_033_2983,SEC_033,193.834
OHE_SEC_033_2984,SEC_033,194.393
OHE_SEC_033_2985,SEC_033,194.964
OHE_SEC_033_2986,SEC_033,195.535
OHE_SEC_033_2987,SEC_033,196.105
OHE_SEC_033_2988,SEC_033,196.676
OHE_SEC_033_2989,SEC_033,197.247
OHE_SEC_033_2990,SEC_033,197.817
OHE_SEC_033_2991,SEC_033,198.388
OHE_SEC_033_2992,SEC_033,198.959
OHE_SEC_033_2993,SEC_033,199.529
OHE_SEC_033_2994,SEC_033,200.1
OHE_SEC_033_2995,SEC_033,200.671
OHE_SEC_033_2996,SEC_033,201.241
OHE_SEC_033_2997,SEC_033,201.812
OHE_SEC_033_2998,SEC_033,202.383
OHE_SEC_033_2999,SEC_033,202.953
OHE_SEC_033_3000,SEC_033,203.524
OHE_SEC_033_3001,SEC_033,204.084
OHE_SEC_033_3002,SEC_033,204.654
OHE_SEC_033_3003,SEC_033,205.225
OHE_SEC_033_3004,SEC_033,205.796
OHE_SEC_033_3005,SEC_033,206.366
OHE_SEC_033_3006,SEC_033,206.937
OHE_SEC_033_3007,SEC_033,207.508
OHE_SEC_033_3008,SEC_033,208.078
OHE_SEC_033_3009,SEC_033,208.649
OHE_SEC_034_3010,SEC_034,208.649
OHE_SEC_034_3011,SEC_034,209.887
OHE_SEC_034_3012,SEC_034,211.149
OHE_SEC_034_3013,SEC_034,212.387
OHE_SEC_034_3014,SEC_034,213.625
OHE_SEC_034_3015,SEC_034,214.888
OHE_SEC_034_3016,SEC_034,216.125
OHE_SEC_034_3017,SEC_034,217.388
OHE_SEC_034_3018,SEC_034,218.626
OHE_SEC_034_3019,SEC_034,219.864
OHE_SEC_034_3020,SEC_034,221.126
OHE_SEC_034_3021,SEC_034,222.364
OHE_SEC_035_3022,SEC_035,222.364
OHE_SEC_035_3023,SEC_035,222.545
OHE_SEC_035_3024,SEC_035,222.726
OHE_SEC_035_3025,SEC_035,222.907
OHE_SEC_035_3026,SEC_035,223.088
OHE_SEC_035_3027,SEC_035,223.269
OHE_SEC_035_3028,SEC_035,223.45
OHE_SEC_035_3029,SEC_035,223.631
OHE_SEC_035_3030,SEC_035,223.812
OHE_SEC_035_3031,SEC_035,223.993
OHE_SEC_035_3032,SEC_035,224.174
OHE_SEC_035_3033,SEC_035,224.355
OHE_SEC_035_3034,SEC_035,224.536
OHE_SEC_035_3035,SEC_035,224.713
OHE_SEC_035_3036,SEC_035,224.894
OHE_SEC_035_3037,SEC_035,225.075
OHE_SEC_035_3038,SEC_035,225.256
OHE_SEC_035_3039,SEC_035,225.437
OHE_SEC_035_3040,SEC_035,225.618
OHE_SEC_035_3041,SEC_035,225.799
OHE_SEC_035_3042,SEC_035,225.98
OHE_SEC_035_3043,SEC_035,226.161
OHE_SEC_035_3044,SEC_035,226.342
OHE_SEC_035_3045,SEC_035,226.523
OHE_SEC_035_3046,SEC_035,226.704
OHE_SEC_035_3047,SEC_035,226.885
OHE_SEC_035_3048,SEC_035,227.066
OHE_SEC_035_3049,SEC_035,227.247
OHE_SEC_035_3050,SEC_035,227.428
OHE_SEC_035_3051,SEC_035,227.609
OHE_SEC_035_3052,SEC_035,227.79
OHE_SEC_035_3053,SEC_035,227.971
OHE_SEC_035_3054,SEC_035,228.152
OHE_SEC_035_3055,SEC_035,228.333
OHE_SEC_035_3056,SEC_035,228.514
OHE_SEC_035_3057,SEC_035,228.695
OHE_SEC_035_3058,SEC_035,228.876
OHE_SEC_035_3059,SEC_035,229.053
OHE_SEC_035_3060,SEC_035,229.234
OHE_SEC_035_3061,SEC_035,229.415
OHE_SEC_035_3062,SEC_035,229.596
OHE_SEC_035_3063,SEC_035,229.777
OHE_SEC_035_3064,SEC_035,229.958
OHE_SEC_035_3065,SEC_035,230.139
OHE_SEC_035_3066,SEC_035,230.32
OHE_SEC_035_3067,SEC_035,230.501
OHE_SEC_035_3068,SEC_035,230.682
OHE_SEC_035_3069,SEC_035,230.863
OHE_SEC_035_3070,SEC_035,231.044
OHE_SEC_035_3071,SEC_035,231.225
OHE_SEC_036_3072,SEC_036,231.225
OHE_SEC_036_3073,SEC_036,231.837
OHE_SEC_036_3074,SEC_036,232.46
OHE_SEC_036_3075,SEC_036,233.072
OHE_SEC_036_3076,SEC_036,233.684
OHE_SEC_036_3077,SEC_036,234.308
OHE_SEC_036_3078,SEC_036,234.919
OHE_SEC_036_3079,SEC_036,235.531
OHE_SEC_036_3080,SEC_036,236.155
OHE_SEC_036_3081,SEC_036,236.767
OHE_SEC_036_3082,SEC_036,237.379
OHE_SEC_036_3083,SEC_036,237.99
OHE_SEC_036_3084,SEC_036,238.614
OHE_SEC_036_3085,SEC_036,239.226
OHE_SEC_036_3086,SEC_036,239.838
OHE_SEC_036_3087,SEC_036,240.461
OHE_SEC_036_3088,SEC_036,241.073
OHE_SEC_037_3089,SEC_037,241.073
OHE_SEC_037_3090,SEC_037,241.185
OHE_SEC_037_3091,SEC_037,241.296
OHE_SEC_037_3092,SEC_037,241.408
OHE_SEC_037_3093,SEC_037,241.52
OHE_SEC_037_3094,SEC_037,241.632
OHE_SEC_037_3095,SEC_037,241.743
OHE_SEC_037_3096,SEC_037,241.855
OHE_SEC_037_3097,SEC_037,241.969
OHE_SEC_037_3098,SEC_037,242.081
OHE_SEC_037_3099,SEC_037,242.192
OHE_SEC_037_3100,SEC_037,242.304
OHE_SEC_037_3101,SEC_037,242.416
OHE_SEC_037_3102,SEC_037,242.527
OHE_SEC_037_3103,SEC_037,242.639
OHE_SEC_037_3104,SEC_037,242.751
OHE_SEC_037_3105,SEC_037,242.863
OHE_SEC_037_3106,SEC_037,242.974
OHE_SEC_037_3107,SEC_037,243.086
OHE_SEC_037_3108,SEC_037,243.198
OHE_SEC_037_3109,SEC_037,243.309
OHE_SEC_037_3110,SEC_037,243.421
OHE_SEC_037_3111,SEC_037,243.535
OHE_SEC_037_3112,SEC_037,243.647
OHE_SEC_037_3113,SEC_037,243.758
OHE_SEC_037_3114,SEC_037,243.87
OHE_SEC_037_3115,SEC_037,243.982
OHE_SEC_037_3116,SEC_037,244.094
OHE_SEC_037_3117,SEC_037,244.205
OHE_SEC_037_3118,SEC_037,244.317
OHE_SEC_038_3119,SEC_038,244.317
OHE_SEC_038_3120,SEC_038,244.401
OHE_SEC_038_3121,SEC_038,244.484
OHE_SEC_038_3122,SEC_038,244.568
OHE_SEC_038_3123,SEC_038,244.653
OHE_SEC_038_3124,SEC_038,244.736
OHE_SEC_038_3125,SEC_038,244.82
OHE_SEC_038_3126,SEC_038,244.904
OHE_SEC_038_3127,SEC_038,244.987
OHE_SEC_038_3128,SEC_038,245.071
OHE_SEC_038_3129,SEC_038,245.156
OHE_SEC_038_3130,SEC_038,245.24
OHE_SEC_038_3131,SEC_038,245.323
OHE_SEC_038_3132,SEC_038,245.407
OHE_SEC_038_3133,SEC_038,245.49
OHE_SEC_038_3134,SEC_038,245.574
OHE_SEC_038_3135,SEC_038,245.659
OHE_SEC_038_3136,SEC_038,245.743
OHE_SEC_038_3137,SEC_038,245.826
OHE_SEC_038_3138,SEC_038,245.91
OHE_SEC_038_3139,SEC_038,245.993
OHE_SEC_038_3140,SEC_038,246.077
OHE_SEC_038_3141,SEC_038,246.162
OHE_SEC_038_3142,SEC_038,246.246
OHE_SEC_038_3143,SEC_038,246.329
OHE_SEC_038_3144,SEC_038,246.413
OHE_SEC_038_3145,SEC_038,246.496
OHE_SEC_038_3146,SEC_038,246.58
OHE_SEC_038_3147,SEC_038,246.665
OHE_SEC_038_3148,SEC_038,246.749
OHE_SEC_038_3149,SEC_038,246.832
OHE_SEC_038_3150,SEC_038,246.916
OHE_SEC_038_3151,SEC_038,246.999
OHE_SEC_038_3152,SEC_038,247.083
OHE_SEC_038_3153,SEC_038,247.168
OHE_SEC_038_3154,SEC_038,247.252
OHE_SEC_038_3155,SEC_038,247.335
OHE_SEC_038_3156,SEC_038,247.419
OHE_SEC_038_3157,SEC_038,247.502
OHE_SEC_038_3158,SEC_038,247.586
OHE_SEC_038_3159,SEC_038,247.671
OHE_SEC_038_3160,SEC_038,247.755
OHE_SEC_038_3161,SEC_038,247.838
OHE_SEC_038_3162,SEC_038,247.922
OHE_SEC_038_3163,SEC_038,248.005
OHE_SEC_038_3164,SEC_038,248.089
OHE_SEC_038_3165,SEC_038,248.174
OHE_SEC_038_3166,SEC_038,248.258
OHE_SEC_038_3167,SEC_038,248.341
OHE_SEC_038_3168,SEC_038,248.425
OHE_SEC_038_3169,SEC_038,248.508
OHE_SEC_038_3170,SEC_038,248.592
OHE_SEC_038_3171,SEC_038,248.677
OHE_SEC_038_3172,SEC_038,248.761
OHE_SEC_038_3173,SEC_038,248.844
OHE_SEC_038_3174,SEC_038,248.928
OHE_SEC_038_3175,SEC_038,249.011
OHE_SEC_038_3176,SEC_038,249.095
OHE_SEC_038_3177,SEC_038,249.18
OHE_SEC_038_3178,SEC_038,249.264
OHE_SEC_038_3179,SEC_038,249.347
OHE_SEC_038_3180,SEC_038,249.431
OHE_SEC_038_3181,SEC_038,249.514
OHE_SEC_038_3182,SEC_038,249.598
OHE_SEC_038_3183,SEC_038,249.683
OHE_SEC_038_3184,SEC_038,249.767
OHE_SEC_038_3185,SEC_038,249.85
OHE_SEC_038_3186,SEC_038,249.934
OHE_SEC_038_3187,SEC_038,250.018
OHE_SEC_038_3188,SEC_038,250.101
OHE_SEC_038_3189,SEC_038,250.186
OHE_SEC_038_3190,SEC_038,250.27
OHE_SEC_038_3191,SEC_038,250.353
OHE_SEC_038_3192,SEC_038,250.437
OHE_SEC_039_3193,SEC_039,250.437
OHE_SEC_039_3194,SEC_039,250.556
OHE_SEC_039_3195,SEC_039,250.678
OHE_SEC_039_3196,SEC_039,250.798
OHE_SEC_039_3197,SEC_039,250.917
OHE_SEC_039_3198,SEC_039,251.039
OHE_SEC_039_3199,SEC_039,251.158
OHE_SEC_039_3200,SEC_039,251.278
OHE_SEC_039_3201,SEC_039,251.399
OHE_SEC_039_3202,SEC_039,251.519
OHE_SEC_039_3203,SEC_039,251.638
OHE_SEC_039_3204,SEC_039,251.76
OHE_SEC_039_3205,SEC_039,251.879
OHE_SEC_039_3206,SEC_039,251.999
OHE_SEC_039_3207,SEC_039,252.12
OHE_SEC_039_3208,SEC_039,252.24
OHE_SEC_039_3209,SEC_039,252.359
OHE_SEC_039_3210,SEC_039,252.481
OHE_SEC_039_3211,SEC_039,252.6
OHE_SEC_039_3212,SEC_039,252.722
OHE_SEC_039_3213,SEC_039,252.842
OHE_SEC_039_3214,SEC_039,252.961
OHE_SEC_039_3215,SEC_039,253.083
OHE_SEC_039_3216,SEC_039,253.202
OHE_SEC_039_3217,SEC_039,253.322
OHE_SEC_039_3218,SEC_039,253.443
OHE_SEC_039_3219,SEC_039,253.563
OHE_SEC_039_3220,SEC_039,253.682
OHE_SEC_039_3221,SEC_039,253.804
OHE_SEC_039_3222,SEC_039,253.923
OHE_SEC_039_3223,SEC_039,254.043
OHE_SEC_039_3224,SEC_039,254.165
OHE_SEC_039_3225,SEC_039,254.284
OHE_SEC_039_3226,SEC_039,254.403
OHE_SEC_039_3227,SEC_039,254.525
OHE_SEC_039_3228,SEC_039,254.644
OHE_SEC_039_3229,SEC_039,254.764
OHE_SEC_039_3230,SEC_039,254.886
OHE_SEC_039_3231,SEC_039,255.005
OHE_SEC_039_3232,SEC_039,255.124
OHE_SEC_039_3233,SEC_039,255.246
OHE_SEC_039_3234,SEC_039,255.366
OHE_SEC_039_3235,SEC_039,255.485
OHE_SEC_039_3236,SEC_039,255.607
OHE_SEC_039_3237,SEC_039,255.726
OHE_SEC_039_3238,SEC_039,255.846
OHE_SEC_039_3239,SEC_039,255.967
OHE_SEC_039_3240,SEC_039,256.087
OHE_SEC_039_3241,SEC_039,256.206
OHE_SEC_039_3242,SEC_039,256.328
OHE_SEC_039_3243,SEC_039,256.447
OHE_SEC_039_3244,SEC_039,256.567
OHE_SEC_039_3245,SEC_039,256.689
OHE_SEC_039_3246,SEC_039,256.808
OHE_SEC_039_3247,SEC_039,256.93
OHE_SEC_039_3248,SEC_039,257.049
OHE_SEC_039_3249,SEC_039,257.169
OHE_SEC_039_3250,SEC_039,257.29
OHE_SEC_039_3251,SEC_039,257.41
OHE_SEC_039_3252,SEC_039,257.529
OHE_SEC_039_3253,SEC_039,257.651
OHE_SEC_039_3254,SEC_039,257.77
OHE_SEC_039_3255,SEC_039,257.89
OHE_SEC_039_3256,SEC_039,258.011
OHE_SEC_039_3257,SEC_039,258.131
OHE_SEC_039_3258,SEC_039,258.25
OHE_SEC_039_3259,SEC_039,258.372
OHE_SEC_039_3260,SEC_039,258.491
OHE_SEC_039_3261,SEC_039,258.611
OHE_SEC_039_3262,SEC_039,258.733
OHE_SEC_039_3263,SEC_039,258.852
OHE_SEC_040_3264,SEC_040,258.852
OHE_SEC_040_3265,SEC_040,259.321
OHE_SEC_040_3266,SEC_040,259.798
OHE_SEC_040_3267,SEC_040,260.267
OHE_SEC_040_3268,SEC_040,260.735
OHE_SEC_040_3269,SEC_040,261.213
OHE_SEC_040_3270,SEC_040,261.682
OHE_SEC_040_3271,SEC_040,262.15
OHE_SEC_040_3272,SEC_040,262.628
OHE_SEC_040_3273,SEC_040,263.097
OHE_SEC_040_3274,SEC_040,263.565
OHE_SEC_040_3275,SEC_040,264.043
OHE_SEC_040_3276,SEC_040,264.511
OHE_SEC_040_3277,SEC_040,264.98
OHE_SEC_040_3278,SEC_040,265.458
OHE_SEC_040_3279,SEC_040,265.926
OHE_SEC_040_3280,SEC_040,266.395
OHE_SEC_040_3281,SEC_040,266.872
OHE_SEC_040_3282,SEC_040,267.341
OHE_SEC_041_3283,SEC_041,267.341
OHE_SEC_041_3284,SEC_041,267.85
OHE_SEC_041_3285,SEC_041,268.348
OHE_SEC_041_3286,SEC_041,268.857
OHE_SEC_041_3287,SEC_041,269.356
OHE_SEC_041_3288,SEC_041,269.864
OHE_SEC_041_3289,SEC_041,270.363
OHE_SEC_041_3290,SEC_041,270.872
OHE_SEC_041_3291,SEC_041,271.371
OHE_SEC_041_3292,SEC_041,271.879
OHE_SEC_041_3293,SEC_041,272.378
OHE_SEC_041_3294,SEC_041,272.887
OHE_SEC_041_3295,SEC_041,273.386
OHE_SEC_041_3296,SEC_041,273.894
OHE_SEC_041_3297,SEC_041,274.393
OHE_SEC_041_3298,SEC_041,274.902
OHE_SEC_041_3299,SEC_041,275.4
OHE_SEC_041_3300,SEC_041,275.909
OHE_SEC_042_3301,SEC_042,275.909
OHE_SEC_042_3302,SEC_042,282.838
OHE_SEC_043_3303,SEC_043,282.838
OHE_SEC_043_3304,SEC_043,282.925
OHE_SEC_043_3305,SEC_043,283.014
OHE_SEC_043_3306,SEC_043,283.102
OHE_SEC_043_3307,SEC_043,283.191
OHE_SEC_043_3308,SEC_043,283.278
OHE_SEC_043_3309,SEC_043,283.365
OHE_SEC_043_3310,SEC_043,283.454
OHE_SEC_043_3311,SEC_043,283.541
OHE_SEC_043_3312,SEC_043,283.63
OHE_SEC_043_3313,SEC_043,283.718
OHE_SEC_043_3314,SEC_043,283.807
OHE_SEC_043_3315,SEC_043,283.894
OHE_SEC_043_3316,SEC_043,283.981
OHE_SEC_043_3317,SEC_043,284.07
OHE_SEC_043_3318,SEC_043,284.158
OHE_SEC_043_3319,SEC_043,284.247
OHE_SEC_043_3320,SEC_043,284.334
OHE_SEC_043_3321,SEC_043,284.421
OHE_SEC_043_3322,SEC_043,284.51
OHE_SEC_043_3323,SEC_043,284.597
OHE_SEC_043_3324,SEC_043,284.686
OHE_SEC_043_3325,SEC_043,284.774
OHE_SEC_043_3326,SEC_043,284.863
OHE_SEC_043_3327,SEC_043,284.95
OHE_SEC_043_3328,SEC_043,285.037
OHE_SEC_043_3329,SEC_043,285.126
OHE_SEC_043_3330,SEC_043,285.214
OHE_SEC_043_3331,SEC_043,285.303
OHE_SEC_043_3332,SEC_043,285.39
OHE_SEC_043_3333,SEC_043,285.477
OHE_SEC_043_3334,SEC_043,285.566
OHE_SEC_043_3335,SEC_043,285.653
OHE_SEC_043_3336,SEC_043,285.742
OHE_SEC_043_3337,SEC_043,285.83
OHE_SEC_043_3338,SEC_043,285.919
OHE_SEC_043_3339,SEC_043,286.006
OHE_SEC_043_3340,SEC_043,286.093
OHE_SEC_043_3341,SEC_043,286.182
OHE_SEC_043_3342,SEC_043,286.27
OHE_SEC_043_3343,SEC_043,286.359
OHE_SEC_043_3344,SEC_043,286.446
OHE_SEC_043_3345,SEC_043,286.533
OHE_SEC_043_3346,SEC_043,286.622
OHE_SEC_043_3347,SEC_043,286.709
OHE_SEC_043_3348,SEC_043,286.799
OHE_SEC_043_3349,SEC_043,286.886
OHE_SEC_043_3350,SEC_043,286.975
OHE_SEC_043_3351,SEC_043,287.062
OHE_SEC_043_3352,SEC_043,287.149
OHE_SEC_043_3353,SEC_043,287.238
OHE_SEC_043_3354,SEC_043,287.326
OHE_SEC_043_3355,SEC_043,287.415
OHE_SEC_043_3356,SEC_043,287.502
OHE_SEC_043_3357,SEC_043,287.589
OHE_SEC_043_3358,SEC_043,287.678
OHE_SEC_043_3359,SEC_043,287.765
OHE_SEC_043_3360,SEC_043,287.855
OHE_SEC_043_3361,SEC_043,287.942
OHE_SEC_043_3362,SEC_043,288.031
OHE_SEC_043_3363,SEC_043,288.118
OHE_SEC_043_3364,SEC_043,288.205
OHE_SEC_043_3365,SEC_043,288.294
OHE_SEC_043_3366,SEC_043,288.382
OHE_SEC_043_3367,SEC_043,288.471
OHE_SEC_043_3368,SEC_043,288.558
OHE_SEC_043_3369,SEC_043,288.645
OHE_SEC_043_3370,SEC_043,288.734
OHE_SEC_043_3371,SEC_043,288.822
OHE_SEC_043_3372,SEC_043,288.911
OHE_SEC_043_3373,SEC_043,288.998
OHE_SEC_043_3374,SEC_043,289.087
OHE_SEC_043_3375,SEC_043,289.174
OHE_SEC_043_3376,SEC_043,289.261
OHE_SEC_043_3377,SEC_043,289.35
OHE_SEC_043_3378,SEC_043,289.438
OHE_SEC_043_3379,SEC_043,289.527
OHE_SEC_043_3380,SEC_043,289.614
OHE_SEC_043_3381,SEC_043,289.701
OHE_SEC_043_3382,SEC_043,289.79
OHE_SEC_043_3383,SEC_043,289.878
OHE_SEC_043_3384,SEC_043,289.967
OHE_SEC_043_3385,SEC_043,290.054
OHE_SEC_043_3386,SEC_043,290.143
OHE_SEC_043_3387,SEC_043,290.23
OHE_SEC_043_3388,SEC_043,290.317
OHE_SEC_043_3389,SEC_043,290.406
OHE_SEC_043_3390,SEC_043,290.494
OHE_SEC_043_3391,SEC_043,290.583
OHE_SEC_043_3392,SEC_043,290.67
OHE_SEC_043_3393,SEC_043,290.757
OHE_SEC_043_3394,SEC_043,290.846
OHE_SEC_043_3395,SEC_043,290.934
OHE_SEC_043_3396,SEC_043,291.023
OHE_SEC_043_3397,SEC_043,291.11
OHE_SEC_043_3398,SEC_043,291.199
OHE_SEC_043_3399,SEC_043,291.286
OHE_SEC_043_3400,SEC_043,291.373
OHE_SEC_043_3401,SEC_043,291.462
OHE_SEC_043_3402,SEC_043,291.55
OHE_SEC_043_3403,SEC_043,291.639
OHE_SEC_043_3404,SEC_043,291.726
OHE_SEC_044_3405,SEC_044,291.726
OHE_SEC_044_3406,SEC_044,291.792
OHE_SEC_044_3407,SEC_044,291.859
OHE_SEC_044_3408,SEC_044,291.924
OHE_SEC_044_3409,SEC_044,291.99
OHE_SEC_044_3410,SEC_044,292.057
OHE_SEC_044_3411,SEC_044,292.123
OHE_SEC_044_3412,SEC_044,292.188
OHE_SEC_044_3413,SEC_044,292.255
OHE_SEC_044_3414,SEC_044,292.321
OHE_SEC_044_3415,SEC_044,292.387
OHE_SEC_044_3416,SEC_044,292.453
OHE_SEC_044_3417,SEC_044,292.519
OHE_SEC_044_3418,SEC_044,292.585
OHE_SEC_044_3419,SEC_044,292.652
OHE_SEC_044_3420,SEC_044,292.717
OHE_SEC_044_3421,SEC_044,292.783
OHE_SEC_044_3422,SEC_044,292.85
OHE_SEC_044_3423,SEC_044,292.916
OHE_SEC_044_3424,SEC_044,292.981
OHE_SEC_044_3425,SEC_044,293.048
OHE_SEC_044_3426,SEC_044,293.114
OHE_SEC_044_3427,SEC_044,293.18
OHE_SEC_044_3428,SEC_044,293.247
OHE_SEC_044_3429,SEC_044,293.312
OHE_SEC_044_3430,SEC_044,293.379
OHE_SEC_044_3431,SEC_044,293.445
OHE_SEC_044_3432,SEC_044,293.511
OHE_SEC_044_3433,SEC_044,293.578
OHE_SEC_044_3434,SEC_044,293.643
OHE_SEC_044_3435,SEC_044,293.709
OHE_SEC_044_3436,SEC_044,293.776
OHE_SEC_044_3437,SEC_044,293.841
OHE_SEC_044_3438,SEC_044,293.907
OHE_SEC_044_3439,SEC_044,293.974
OHE_SEC_044_3440,SEC_044,294.04
OHE_SEC_044_3441,SEC_044,294.105
OHE_SEC_044_3442,SEC_044,294.172
OHE_SEC_044_3443,SEC_044,294.238
OHE_SEC_044_3444,SEC_044,294.304
OHE_SEC_044_3445,SEC_044,294.371
OHE_SEC_044_3446,SEC_044,294.436
OHE_SEC_044_3447,SEC_044,294.502
OHE_SEC_044_3448,SEC_044,294.569
OHE_SEC_044_3449,SEC_044,294.635
OHE_SEC_044_3450,SEC_044,294.7
OHE_SEC_044_3451,SEC_044,294.767
OHE_SEC_044_3452,SEC_044,294.833
OHE_SEC_044_3453,SEC_044,294.899
OHE_SEC_044_3454,SEC_044,294.965
OHE_SEC_044_3455,SEC_044,295.031
OHE_SEC_044_3456,SEC_044,295.097
OHE_SEC_044_3457,SEC_044,295.164
OHE_SEC_044_3458,SEC_044,295.229
OHE_SEC_044_3459,SEC_044,295.295
OHE_SEC_044_3460,SEC_044,295.362
OHE_SEC_044_3461,SEC_044,295.428
OHE_SEC_044_3462,SEC_044,295.493
OHE_SEC_044_3463,SEC_044,295.56
OHE_SEC_044_3464,SEC_044,295.626
OHE_SEC_044_3465,SEC_044,295.692
OHE_SEC_044_3466,SEC_044,295.759
OHE_SEC_044_3467,SEC_044,295.824
OHE_SEC_044_3468,SEC_044,295.89
OHE_SEC_044_3469,SEC_044,295.957
OHE_SEC_044_3470,SEC_044,296.023
OHE_SEC_044_3471,SEC_044,296.088
OHE_SEC_044_3472,SEC_044,296.155
OHE_SEC_044_3473,SEC_044,296.221
OHE_SEC_044_3474,SEC_044,296.288
OHE_SEC_044_3475,SEC_044,296.353
OHE_SEC_044_3476,SEC_044,296.419
OHE_SEC_044_3477,SEC_044,296.486
OHE_SEC_044_3478,SEC_044,296.552
OHE_SEC_044_3479,SEC_044,296.617
OHE_SEC_044_3480,SEC_044,296.684
OHE_SEC_044_3481,SEC_044,296.75
OHE_SEC_044_3482,SEC_044,296.816
OHE_SEC_044_3483,SEC_044,296.883
OHE_SEC_044_3484,SEC_044,296.948
OHE_SEC_044_3485,SEC_044,297.014
OHE_SEC_044_3486,SEC_044,297.081
OHE_SEC_044_3487,SEC_044,297.147
OHE_SEC_044_3488,SEC_044,297.212
OHE_SEC_044_3489,SEC_044,297.279
OHE_SEC_044_3490,SEC_044,297.345
OHE_SEC_044_3491,SEC_044,297.411
OHE_SEC_044_3492,SEC_044,297.477
OHE_SEC_044_3493,SEC_044,297.543
OHE_SEC_044_3494,SEC_044,297.609
OHE_SEC_044_3495,SEC_044,297.676
OHE_SEC_044_3496,SEC_044,297.741
OHE_SEC_044_3497,SEC_044,297.807
OHE_SEC_044_3498,SEC_044,297.874
OHE_SEC_044_3499,SEC_044,297.94
OHE_SEC_044_3500,SEC_044,298.005
OHE_SEC_044_3501,SEC_044,298.072
OHE_SEC_044_3502,SEC_044,298.138
OHE_SEC_044_3503,SEC_044,298.204
OHE_SEC_044_3504,SEC_044,298.271
OHE_SEC_044_3505,SEC_044,298.336
OHE_SEC_044_3506,SEC_044,298.402
OHE_SEC_044_3507,SEC_044,298.469
OHE_SEC_044_3508,SEC_044,298.535
OHE_SEC_044_3509,SEC_044,298.6
OHE_SEC_044_3510,SEC_044,298.667
OHE_SEC_044_3511,SEC_044,298.733
OHE_SEC_044_3512,SEC_044,298.798
OHE_SEC_044_3513,SEC_044,298.865
OHE_SEC_044_3514,SEC_044,298.931
OHE_SEC_044_3515,SEC_044,298.997
OHE_SEC_044_3516,SEC_044,299.064
OHE_SEC_044_3517,SEC_044,299.129
OHE_SEC_044_3518,SEC_044,299.196
OHE_SEC_044_3519,SEC_044,299.262
OHE_SEC_044_3520,SEC_044,299.328
OHE_SEC_044_3521,SEC_044,299.395
OHE_SEC_044_3522,SEC_044,299.46
OHE_SEC_044_3523,SEC_044,299.526
OHE_SEC_044_3524,SEC_044,299.593
OHE_SEC_044_3525,SEC_044,299.659
OHE_SEC_044_3526,SEC_044,299.724
OHE_SEC_044_3527,SEC_044,299.791
OHE_SEC_044_3528,SEC_044,299.857
OHE_SEC_044_3529,SEC_044,299.923
OHE_SEC_044_3530,SEC_044,299.989
OHE_SEC_044_3531,SEC_044,300.055
OHE_SEC_044_3532,SEC_044,300.121
OHE_SEC_044_3533,SEC_044,300.188
OHE_SEC_044_3534,SEC_044,300.253
OHE_SEC_044_3535,SEC_044,300.319
OHE_SEC_044_3536,SEC_044,300.386
OHE_SEC_044_3537,SEC_044,300.452
OHE_SEC_044_3538,SEC_044,300.517
OHE_SEC_044_3539,SEC_044,300.584
OHE_SEC_044_3540,SEC_044,300.65
OHE_SEC_045_3541,SEC_045,300.65
OHE_SEC_045_3542,SEC_045,300.685
OHE_SEC_045_3543,SEC_045,300.72
OHE_SEC_045_3544,SEC_045,300.755
OHE_SEC_045_3545,SEC_045,300.791
OHE_SEC_045_3546,SEC_045,300.826
OHE_SEC_045_3547,SEC_045,300.861
OHE_SEC_045_3548,SEC_045,300.896
OHE_SEC_045_3549,SEC_045,300.931
OHE_SEC_045_3550,SEC_045,300.966
OHE_SEC_045_3551,SEC_045,301.002
OHE_SEC_045_3552,SEC_045,301.037
OHE_SEC_045_3553,SEC_045,301.072
OHE_SEC_045_3554,SEC_045,301.108
OHE_SEC_045_3555,SEC_045,301.143
OHE_SEC_045_3556,SEC_045,301.178
OHE_SEC_045_3557,SEC_045,301.213
OHE_SEC_045_3558,SEC_045,301.249
OHE_SEC_045_3559,SEC_045,301.284
OHE_SEC_045_3560,SEC_045,301.319
OHE_SEC_045_3561,SEC_045,301.354
OHE_SEC_045_3562,SEC_045,301.389
OHE_SEC_045_3563,SEC_045,301.425
OHE_SEC_045_3564,SEC_045,301.46
OHE_SEC_045_3565,SEC_045,301.495
OHE_SEC_045_3566,SEC_045,301.53
OHE_SEC_045_3567,SEC_045,301.565
OHE_SEC_045_3568,SEC_045,301.6
OHE_SEC_045_3569,SEC_045,301.635
OHE_SEC_045_3570,SEC_045,301.671
OHE_SEC_045_3571,SEC_045,301.706
OHE_SEC_045_3572,SEC_045,301.741
OHE_SEC_045_3573,SEC_045,301.776
OHE_SEC_045_3574,SEC_045,301.811
OHE_SEC_045_3575,SEC_045,301.846
OHE_SEC_045_3576,SEC_045,301.882
OHE_SEC_045_3577,SEC_045,301.917
OHE_SEC_045_3578,SEC_045,301.952
OHE_SEC_045_3579,SEC_045,301.987
OHE_SEC_045_3580,SEC_045,302.023
OHE_SEC_045_3581,SEC_045,302.058
OHE_SEC_045_3582,SEC_045,302.093
OHE_SEC_045_3583,SEC_045,302.128
OHE_SEC_045_3584,SEC_045,302.164
OHE_SEC_045_3585,SEC_045,302.199
OHE_SEC_045_3586,SEC_045,302.234
OHE_SEC_045_3587,SEC_045,302.269
OHE_SEC_045_3588,SEC_045,302.304
OHE_SEC_045_3589,SEC_045,302.34
OHE_SEC_045_3590,SEC_045,302.375
OHE_SEC_045_3591,SEC_045,302.41
OHE_SEC_045_3592,SEC_045,302.445
OHE_SEC_045_3593,SEC_045,302.48
OHE_SEC_045_3594,SEC_045,302.515
OHE_SEC_045_3595,SEC_045,302.551
OHE_SEC_045_3596,SEC_045,302.586
OHE_SEC_045_3597,SEC_045,302.621
OHE_SEC_045_3598,SEC_045,302.656
OHE_SEC_045_3599,SEC_045,302.691
OHE_SEC_045_3600,SEC_045,302.726
OHE_SEC_045_3601,SEC_045,302.762
OHE_SEC_045_3602,SEC_045,302.797
OHE_SEC_045_3603,SEC_045,302.832
OHE_SEC_045_3604,SEC_045,302.867
OHE_SEC_045_3605,SEC_045,302.902
OHE_SEC_045_3606,SEC_045,302.938
OHE_SEC_045_3607,SEC_045,302.973
OHE_SEC_045_3608,SEC_045,303.008
OHE_SEC_045_3609,SEC_045,303.044
OHE_SEC_045_3610,SEC_045,303.079
OHE_SEC_045_3611,SEC_045,303.114
OHE_SEC_045_3612,SEC_045,303.149
OHE_SEC_045_3613,SEC_045,303.184
OHE_SEC_045_3614,SEC_045,303.22
OHE_SEC_045_3615,SEC_045,303.255
OHE_SEC_045_3616,SEC_045,303.29
OHE_SEC_045_3617,SEC_045,303.325
OHE_SEC_045_3618,SEC_045,303.36
OHE_SEC_045_3619,SEC_045,303.395
OHE_SEC_045_3620,SEC_045,303.431
OHE_SEC_045_3621,SEC_045,303.466
OHE_SEC_045_3622,SEC_045,303.501
OHE_SEC_045_3623,SEC_045,303.536
OHE_SEC_045_3624,SEC_045,303.571
OHE_SEC_045_3625,SEC_045,303.606
OHE_SEC_045_3626,SEC_045,303.642
OHE_SEC_045_3627,SEC_045,303.677
OHE_SEC_045_3628,SEC_045,303.712
OHE_SEC_045_3629,SEC_045,303.747
OHE_SEC_045_3630,SEC_045,303.782
OHE_SEC_045_3631,SEC_045,303.818
OHE_SEC_045_3632,SEC_045,303.853
OHE_SEC_045_3633,SEC_045,303.888
OHE_SEC_045_3634,SEC_045,303.923
OHE_SEC_045_3635,SEC_045,303.959
OHE_SEC_045_3636,SEC_045,303.994
OHE_SEC_045_3637,SEC_045,304.029
OHE_SEC_045_3638,SEC_045,304.064
OHE_SEC_045_3639,SEC_045,304.1
OHE_SEC_045_3640,SEC_045,304.135
OHE_SEC_045_3641,SEC_045,304.17
OHE_SEC_045_3642,SEC_045,304.205
OHE_SEC_045_3643,SEC_045,304.24
OHE_SEC_045_3644,SEC_045,304.275
OHE_SEC_045_3645,SEC_045,304.311
OHE_SEC_045_3646,SEC_045,304.346
OHE_SEC_045_3647,SEC_045,304.381
OHE_SEC_045_3648,SEC_045,304.416
OHE_SEC_045_3649,SEC_045,304.451
OHE_SEC_045_3650,SEC_045,304.486
OHE_SEC_045_3651,SEC_045,304.522
OHE_SEC_045_3652,SEC_045,304.557
OHE_SEC_045_3653,SEC_045,304.592
OHE_SEC_045_3654,SEC_045,304.627
OHE_SEC_045_3655,SEC_045,304.662
OHE_SEC_045_3656,SEC_045,304.697
OHE_SEC_045_3657,SEC_045,304.733
OHE_SEC_045_3658,SEC_045,304.768
OHE_SEC_045_3659,SEC_045,304.803
OHE_SEC_045_3660,SEC_045,304.838
OHE_SEC_045_3661,SEC_045,304.874
OHE_SEC_045_3662,SEC_045,304.909
OHE_SEC_045_3663,SEC_045,304.944
OHE_SEC_045_3664,SEC_045,304.98
OHE_SEC_045_3665,SEC_045,305.015
OHE_SEC_045_3666,SEC_045,305.05
OHE_SEC_045_3667,SEC_045,305.085
OHE_SEC_045_3668,SEC_045,305.12
OHE_SEC_045_3669,SEC_045,305.155
OHE_SEC_045_3670,SEC_045,305.191
OHE_SEC_045_3671,SEC_045,305.226
OHE_SEC_045_3672,SEC_045,305.261
OHE_SEC_045_3673,SEC_045,305.296
OHE_SEC_046_3674,SEC_046,305.296
OHE_SEC_046_3675,SEC_046,305.349
OHE_SEC_046_3676,SEC_046,305.401
OHE_SEC_046_3677,SEC_046,305.455
OHE_SEC_046_3678,SEC_046,305.508
OHE_SEC_046_3679,SEC_046,305.56
OHE_SEC_046_3680,SEC_046,305.613
OHE_SEC_046_3681,SEC_046,305.666
OHE_SEC_046_3682,SEC_046,305.718
OHE_SEC_046_3683,SEC_046,305.772
OHE_SEC_046_3684,SEC_046,305.825
OHE_SEC_046_3685,SEC_046,305.877
OHE_SEC_046_3686,SEC_046,305.93
OHE_SEC_046_3687,SEC_046,305.983
OHE_SEC_046_3688,SEC_046,306.035
OHE_SEC_046_3689,SEC_046,306.089
OHE_SEC_046_3690,SEC_046,306.142
OHE_SEC_046_3691,SEC_046,306.194
OHE_SEC_046_3692,SEC_046,306.247
OHE_SEC_046_3693,SEC_046,306.3
OHE_SEC_046_3694,SEC_046,306.352
OHE_SEC_046_3695,SEC_046,306.406
OHE_SEC_046_3696,SEC_046,306.459
OHE_SEC_046_3697,SEC_046,306.511
OHE_SEC_046_3698,SEC_046,306.564
OHE_SEC_046_3699,SEC_046,306.617
OHE_SEC_046_3700,SEC_046,306.67
OHE_SEC_046_3701,SEC_046,306.723
OHE_SEC_046_3702,SEC_046,306.776
OHE_SEC_046_3703,SEC_046,306.828
OHE_SEC_046_3704,SEC_046,306.881
OHE_SEC_046_3705,SEC_046,306.934
OHE_SEC_046_3706,SEC_046,306.987
OHE_SEC_046_3707,SEC_046,307.04
OHE_SEC_046_3708,SEC_046,307.093
OHE_SEC_046_3709,SEC_046,307.145
OHE_SEC_046_3710,SEC_046,307.198
OHE_SEC_046_3711,SEC_046,307.25
OHE_SEC_046_3712,SEC_046,307.304
OHE_SEC_046_3713,SEC_046,307.357
OHE_SEC_046_3714,SEC_046,307.409
OHE_SEC_046_3715,SEC_046,307.462
OHE_SEC_046_3716,SEC_046,307.515
OHE_SEC_046_3717,SEC_046,307.569
OHE_SEC_046_3718,SEC_046,307.621
OHE_SEC_046_3719,SEC_046,307.674
OHE_SEC_046_3720,SEC_046,307.726
OHE_SEC_046_3721,SEC_046,307.779
OHE_SEC_046_3722,SEC_046,307.832
OHE_SEC_046_3723,SEC_046,307.885
OHE_SEC_046_3724,SEC_046,307.938
OHE_SEC_046_3725,SEC_046,307.991
OHE_SEC_046_3726,SEC_046,308.043
OHE_SEC_046_3727,SEC_046,308.096
OHE_SEC_046_3728,SEC_046,308.149
OHE_SEC_046_3729,SEC_046,308.202
OHE_SEC_046_3730,SEC_046,308.255
OHE_SEC_046_3731,SEC_046,308.308
OHE_SEC_046_3732,SEC_046,308.36
OHE_SEC_046_3733,SEC_046,308.413
OHE_SEC_046_3734,SEC_046,308.467
OHE_SEC_046_3735,SEC_046,308.519
OHE_SEC_046_3736,SEC_046,308.572
OHE_SEC_046_3737,SEC_046,308.625
OHE_SEC_046_3738,SEC_046,308.677
OHE_SEC_046_3739,SEC_046,308.73
OHE_SEC_046_3740,SEC_046,308.784
OHE_SEC_046_3741,SEC_046,308.836
OHE_SEC_046_3742,SEC_046,308.889
OHE_SEC_046_3743,SEC_046,308.942
OHE_SEC_046_3744,SEC_046,308.994
OHE_SEC_046_3745,SEC_046,309.047
OHE_SEC_046_3746,SEC_046,309.101
OHE_SEC_046_3747,SEC_046,309.153
OHE_SEC_046_3748,SEC_046,309.206
OHE_SEC_046_3749,SEC_046,309.259
OHE_SEC_046_3750,SEC_046,309.311
OHE_SEC_046_3751,SEC_046,309.364
OHE_SEC_046_3752,SEC_046,309.418
OHE_SEC_046_3753,SEC_046,309.47
OHE_SEC_046_3754,SEC_046,309.523
OHE_SEC_046_3755,SEC_046,309.576
OHE_SEC_046_3756,SEC_046,309.628
OHE_SEC_046_3757,SEC_046,309.682
OHE_SEC_046_3758,SEC_046,309.735
OHE_SEC_046_3759,SEC_046,309.787
OHE_SEC_046_3760,SEC_046,309.84
OHE_SEC_046_3761,SEC_046,309.893
OHE_SEC_046_3762,SEC_046,309.945
OHE_SEC_046_3763,SEC_046,309.999
OHE_SEC_046_3764,SEC_046,310.052
OHE_SEC_046_3765,SEC_046,310.104
OHE_SEC_046_3766,SEC_046,310.157
OHE_SEC_046_3767,SEC_046,310.21
OHE_SEC_046_3768,SEC_046,310.262
OHE_SEC_046_3769,SEC_046,310.316
OHE_SEC_046_3770,SEC_046,310.369
OHE_SEC_046_3771,SEC_046,310.421
OHE_SEC_046_3772,SEC_046,310.474
OHE_SEC_046_3773,SEC_046,310.527
OHE_SEC_046_3774,SEC_046,310.579
OHE_SEC_046_3775,SEC_046,310.633
OHE_SEC_046_3776,SEC_046,310.686
OHE_SEC_046_3777,SEC_046,310.738
OHE_SEC_046_3778,SEC_046,310.791
OHE_SEC_046_3779,SEC_046,310.844
OHE_SEC_046_3780,SEC_046,310.897
OHE_SEC_046_3781,SEC_046,310.95
OHE_SEC_046_3782,SEC_046,311.003
OHE_SEC_046_3783,SEC_046,311.055
OHE_SEC_046_3784,SEC_046,311.108
OHE_SEC_046_3785,SEC_046,311.161
OHE_SEC_046_3786,SEC_046,311.214
OHE_SEC_046_3787,SEC_046,311.267
OHE_SEC_046_3788,SEC_046,311.32
OHE_SEC_046_3789,SEC_046,311.372
OHE_SEC_046_3790,SEC_046,311.425
OHE_SEC_046_3791,SEC_046,311.477
OHE_SEC_046_3792,SEC_046,311.531
OHE_SEC_046_3793,SEC_046,311.584
OHE_SEC_046_3794,SEC_046,311.637
OHE_SEC_046_3795,SEC_046,311.689
OHE_SEC_046_3796,SEC_046,311.742
OHE_SEC_046_3797,SEC_046,311.796
OHE_SEC_046_3798,SEC_046,311.848
OHE_SEC_046_3799,SEC_046,311.901
OHE_SEC_046_3800,SEC_046,311.953
OHE_SEC_046_3801,SEC_046,312.006
OHE_SEC_046_3802,SEC_046,312.059
OHE_SEC_046_3803,SEC_046,312.112
OHE_SEC_046_3804,SEC_046,312.165
OHE_SEC_046_3805,SEC_046,312.218
OHE_SEC_046_3806,SEC_046,312.27
OHE_SEC_046_3807,SEC_046,312.323
OHE_SEC_046_3808,SEC_046,312.376
OHE_SEC_046_3809,SEC_046,312.429
OHE_SEC_046_3810,SEC_046,312.482
OHE_SEC_046_3811,SEC_046,312.535
OHE_SEC_046_3812,SEC_046,312.587
OHE_SEC_046_3813,SEC_046,312.64
OHE_SEC_046_3814,SEC_046,312.694
OHE_SEC_046_3815,SEC_046,312.746
OHE_SEC_046_3816,SEC_046,312.799
OHE_SEC_046_3817,SEC_046,312.852
OHE_SEC_046_3818,SEC_046,312.904
OHE_SEC_046_3819,SEC_046,312.957
OHE_SEC_046_3820,SEC_046,313.011
OHE_SEC_046_3821,SEC_046,313.063
OHE_SEC_046_3822,SEC_046,313.116
OHE_SEC_046_3823,SEC_046,313.169
OHE_SEC_046_3824,SEC_046,313.221
OHE_SEC_046_3825,SEC_046,313.274
OHE_SEC_046_3826,SEC_046,313.328
OHE_SEC_046_3827,SEC_046,313.38
OHE_SEC_046_3828,SEC_046,313.433
OHE_SEC_046_3829,SEC_046,313.486
OHE_SEC_046_3830,SEC_046,313.538
OHE_SEC_046_3831,SEC_046,313.591
OHE_SEC_046_3832,SEC_046,313.645
OHE_SEC_046_3833,SEC_046,313.697
OHE_SEC_046_3834,SEC_046,313.75
OHE_SEC_047_3835,SEC_047,313.75
OHE_SEC_047_3836,SEC_047,314.223
OHE_SEC_047_3837,SEC_047,314.686
OHE_SEC_047_3838,SEC_047,315.159
OHE_SEC_047_3839,SEC_047,315.632
OHE_SEC_047_3840,SEC_047,316.104
OHE_SEC_047_3841,SEC_047,316.568
OHE_SEC_047_3842,SEC_047,317.04
OHE_SEC_047_3843,SEC_047,317.513
OHE_SEC_047_3844,SEC_047,317.986
OHE_SEC_047_3845,SEC_047,318.449
OHE_SEC_047_3846,SEC_047,318.922
OHE_SEC_048_3847,SEC_048,318.922
OHE_SEC_048_3848,SEC_048,319.272
OHE_SEC_048_3849,SEC_048,319.621
OHE_SEC_048_3850,SEC_048,319.971
OHE_SEC_048_3851,SEC_048,320.321
OHE_SEC_048_3852,SEC_048,320.67
OHE_SEC_048_3853,SEC_048,321.02
OHE_SEC_048_3854,SEC_048,321.37
OHE_SEC_048_3855,SEC_048,321.719
OHE_SEC_048_3856,SEC_048,322.069
OHE_SEC_048_3857,SEC_048,322.412
OHE_SEC_048_3858,SEC_048,322.761
OHE_SEC_048_3859,SEC_048,323.111
OHE_SEC_048_3860,SEC_048,323.461
OHE_SEC_048_3861,SEC_048,323.81
OHE_SEC_048_3862,SEC_048,324.16
OHE_SEC_048_3863,SEC_048,324.51
OHE_SEC_048_3864,SEC_048,324.859
OHE_SEC_048_3865,SEC_048,325.209
OHE_SEC_049_3866,SEC_049,325.209
OHE_SEC_049_3867,SEC_049,325.275
OHE_SEC_049_3868,SEC_049,325.342
OHE_SEC_049_3869,SEC_049,325.409
OHE_SEC_049_3870,SEC_049,325.475
OHE_SEC_049_3871,SEC_049,325.542
OHE_SEC_049_3872,SEC_049,325.608
OHE_SEC_049_3873,SEC_049,325.674
OHE_SEC_049_3874,SEC_049,325.742
OHE_SEC_049_3875,SEC_049,325.808
OHE_SEC_049_3876,SEC_049,325.874
OHE_SEC_049_3877,SEC_049,325.941
OHE_SEC_049_3878,SEC_049,326.007
OHE_SEC_049_3879,SEC_049,326.073
OHE_SEC_049_3880,SEC_049,326.141
OHE_SEC_049_3881,SEC_049,326.207
OHE_SEC_049_3882,SEC_049,326.273
OHE_SEC_049_3883,SEC_049,326.339
OHE_SEC_049_3884,SEC_049,326.406
OHE_SEC_049_3885,SEC_049,326.472
OHE_SEC_049_3886,SEC_049,326.539
OHE_SEC_049_3887,SEC_049,326.606
OHE_SEC_049_3888,SEC_049,326.672
OHE_SEC_049_3889,SEC_049,326.738
OHE_SEC_049_3890,SEC_049,326.805
OHE_SEC_049_3891,SEC_049,326.872
OHE_SEC_049_3892,SEC_049,326.938
OHE_SEC_049_3893,SEC_049,327.005
OHE_SEC_049_3894,SEC_049,327.071
OHE_SEC_049_3895,SEC_049,327.137
OHE_SEC_049_3896,SEC_049,327.205
OHE_SEC_049_3897,SEC_049,327.271
OHE_SEC_049_3898,SEC_049,327.337
OHE_SEC_049_3899,SEC_049,327.404
OHE_SEC_049_3900,SEC_049,327.47
OHE_SEC_049_3901,SEC_049,327.536
OHE_SEC_049_3902,SEC_049,327.604
OHE_SEC_049_3903,SEC_049,327.67
OHE_SEC_049_3904,SEC_049,327.736
OHE_SEC_049_3905,SEC_049,327.803
OHE_SEC_049_3906,SEC_049,327.869
OHE_SEC_049_3907,SEC_049,327.935
OHE_SEC_049_3908,SEC_049,328.003
OHE_SEC_049_3909,SEC_049,328.069
OHE_SEC_049_3910,SEC_049,328.135
OHE_SEC_049_3911,SEC_049,328.201
OHE_SEC_049_3912,SEC_049,328.268
OHE_SEC_049_3913,SEC_049,328.335
OHE_SEC_049_3914,SEC_049,328.401
OHE_SEC_049_3915,SEC_049,328.468
OHE_SEC_049_3916,SEC_049,328.534
OHE_SEC_049_3917,SEC_049,328.6
OHE_SEC_049_3918,SEC_049,328.668
OHE_SEC_049_3919,SEC_049,328.734
OHE_SEC_049_3920,SEC_049,328.8
OHE_SEC_049_3921,SEC_049,328.867
OHE_SEC_049_3922,SEC_049,328.933
OHE_SEC_049_3923,SEC_049,328.999
OHE_SEC_049_3924,SEC_049,329.067
OHE_SEC_049_3925,SEC_049,329.133
OHE_SEC_049_3926,SEC_049,329.199
OHE_SEC_049_3927,SEC_049,329.266
OHE_SEC_049_3928,SEC_049,329.332
OHE_SEC_049_3929,SEC_049,329.398
OHE_SEC_049_3930,SEC_049,329.466
OHE_SEC_049_3931,SEC_049,329.532
OHE_SEC_049_3932,SEC_049,329.598
OHE_SEC_049_3933,SEC_049,329.665
OHE_SEC_049_3934,SEC_049,329.731
OHE_SEC_049_3935,SEC_049,329.798
OHE_SEC_049_3936,SEC_049,329.865
OHE_SEC_049_3937,SEC_049,329.931
OHE_SEC_049_3938,SEC_049,329.997
OHE_SEC_049_3939,SEC_049,330.063
OHE_SEC_049_3940,SEC_049,330.131
OHE_SEC_049_3941,SEC_049,330.197
OHE_SEC_049_3942,SEC_049,330.263
OHE_SEC_049_3943,SEC_049,330.33
OHE_SEC_049_3944,SEC_049,330.396
OHE_SEC_049_3945,SEC_049,330.462
OHE_SEC_049_3946,SEC_049,330.53
OHE_SEC_049_3947,SEC_049,330.596
OHE_SEC_049_3948,SEC_049,330.662
OHE_SEC_049_3949,SEC_049,330.729
OHE_SEC_049_3950,SEC_049,330.795
OHE_SEC_049_3951,SEC_049,330.861
OHE_SEC_049_3952,SEC_049,330.929
OHE_SEC_049_3953,SEC_049,330.995
OHE_SEC_049_3954,SEC_049,331.061
OHE_SEC_049_3955,SEC_049,331.128
OHE_SEC_049_3956,SEC_049,331.194
OHE_SEC_049_3957,SEC_049,331.261
OHE_SEC_049_3958,SEC_049,331.328
OHE_SEC_049_3959,SEC_049,331.394
OHE_SEC_049_3960,SEC_049,331.46
OHE_SEC_049_3961,SEC_049,331.527
OHE_SEC_049_3962,SEC_049,331.594
OHE_SEC_049_3963,SEC_049,331.66
OHE_SEC_049_3964,SEC_049,331.727
OHE_SEC_049_3965,SEC_049,331.793
OHE_SEC_049_3966,SEC_049,331.859
OHE_SEC_049_3967,SEC_049,331.925
OHE_SEC_049_3968,SEC_049,331.993
OHE_SEC_049_3969,SEC_049,332.059
OHE_SEC_049_3970,SEC_049,332.125
OHE_SEC_049_3971,SEC_049,332.192
OHE_SEC_049_3972,SEC_049,332.258
OHE_SEC_049_3973,SEC_049,332.324
OHE_SEC_049_3974,SEC_049,332.392
OHE_SEC_049_3975,SEC_049,332.458
OHE_SEC_049_3976,SEC_049,332.524
OHE_SEC_049_3977,SEC_049,332.591
OHE_SEC_049_3978,SEC_049,332.657
OHE_SEC_049_3979,SEC_049,332.724
OHE_SEC_049_3980,SEC_049,332.791
OHE_SEC_049_3981,SEC_049,332.857
OHE_SEC_050_0001,SEC_050,332.907
OHE_SEC_050_0002,SEC_050,332.957
OHE_SEC_050_0003,SEC_050,333.006
OHE_SEC_050_0004,SEC_050,333.056
OHE_SEC_050_0005,SEC_050,333.106
OHE_SEC_050_0006,SEC_050,333.156
OHE_SEC_050_0007,SEC_050,333.206
OHE_SEC_050_0008,SEC_050,333.255
OHE_SEC_050_0009,SEC_050,333.305
OHE_SEC_050_0010,SEC_050,333.355
OHE_SEC_050_0011,SEC_050,333.405
OHE_SEC_050_0012,SEC_050,333.455
OHE_SEC_050_0013,SEC_050,333.504
OHE_SEC_050_0014,SEC_050,333.554
OHE_SEC_050_0015,SEC_050,333.604
OHE_SEC_050_0016,SEC_050,333.654
OHE_SEC_050_0017,SEC_050,333.704
OHE_SEC_050_0018,SEC_050,333.753
OHE_SEC_050_0019,SEC_050,333.803
OHE_SEC_050_0020,SEC_050,333.853
OHE_SEC_050_0021,SEC_050,333.903
OHE_SEC_050_0022,SEC_050,333.953
OHE_SEC_050_0023,SEC_050,334.002
OHE_SEC_050_0024,SEC_050,334.052
OHE_SEC_050_0025,SEC_050,334.102
OHE_SEC_050_0026,SEC_050,334.152
OHE_SEC_050_0027,SEC_050,334.202
OHE_SEC_050_0028,SEC_050,334.251
OHE_SEC_050_0029,SEC_050,334.301
OHE_SEC_050_0030,SEC_050,334.351
OHE_SEC_050_0031,SEC_050,334.401
OHE_SEC_050_0032,SEC_050,334.451
OHE_SEC_050_0033,SEC_050,334.5
OHE_SEC_050_0034,SEC_050,334.55
OHE_SEC_050_0035,SEC_050,334.6
OHE_SEC_050_0036,SEC_050,334.65
OHE_SEC_050_0037,SEC_050,334.699
OHE_SEC_050_0038,SEC_050,334.749
OHE_SEC_050_0039,SEC_050,334.799
OHE_SEC_050_0040,SEC_050,334.849
OHE_SEC_050_0041,SEC_050,334.899
OHE_SEC_050_0042,SEC_050,334.948
OHE_SEC_050_0043,SEC_050,334.998
OHE_SEC_050_0044,SEC_050,335.048
OHE_SEC_050_0045,SEC_050,335.098
OHE_SEC_050_0046,SEC_050,335.148
OHE_SEC_050_0047,SEC_050,335.197
OHE_SEC_050_0048,SEC_050,335.247
OHE_SEC_050_0049,SEC_050,335.297
OHE_SEC_050_0050,SEC_050,335.347
OHE_SEC_050_0051,SEC_050,335.397
OHE_SEC_050_0052,SEC_050,335.446
OHE_SEC_050_0053,SEC_050,335.496
OHE_SEC_050_0054,SEC_050,335.546
OHE_SEC_050_0055,SEC_050,335.596
OHE_SEC_050_0056,SEC_050,335.646
OHE_SEC_050_0057,SEC_050,335.695
OHE_SEC_050_0058,SEC_050,335.745
OHE_SEC_050_0059,SEC_050,335.795
OHE_SEC_050_0060,SEC_050,335.845
OHE_SEC_050_0061,SEC_050,335.895
OHE_SEC_050_0062,SEC_050,335.944
OHE_SEC_050_0063,SEC_050,335.994
OHE_SEC_050_0064,SEC_050,336.044
OHE_SEC_050_0065,SEC_050,336.094
OHE_SEC_050_0066,SEC_050,336.144
OHE_SEC_050_0067,SEC_050,336.193
OHE_SEC_050_0068,SEC_050,336.243
OHE_SEC_051_0001,SEC_051,336.343
OHE_SEC_051_0002,SEC_051,336.393
OHE_SEC_051_0003,SEC_051,336.443
OHE_SEC_051_0004,SEC_051,336.493
OHE_SEC_051_0005,SEC_051,336.543
OHE_SEC_051_0006,SEC_051,336.593
OHE_SEC_051_0007,SEC_051,336.642
OHE_SEC_051_0008,SEC_051,336.692
OHE_SEC_051_0009,SEC_051,336.742
OHE_SEC_051_0010,SEC_051,336.792
OHE_SEC_051_0011,SEC_051,336.842
OHE_SEC_051_0012,SEC_051,336.892
OHE_SEC_051_0013,SEC_051,336.942
OHE_SEC_051_0014,SEC_051,336.992
OHE_SEC_051_0015,SEC_051,337.042
OHE_SEC_051_0016,SEC_051,337.092
OHE_SEC_051_0017,SEC_051,337.142
OHE_SEC_051_0018,SEC_051,337.192
OHE_SEC_051_0019,SEC_051,337.241
OHE_SEC_051_0020,SEC_051,337.291
OHE_SEC_051_0021,SEC_051,337.341
OHE_SEC_051_0022,SEC_051,337.391
OHE_SEC_051_0023,SEC_051,337.441
OHE_SEC_051_0024,SEC_051,337.491
OHE_SEC_051_0025,SEC_051,337.541
OHE_SEC_051_0026,SEC_051,337.591
OHE_SEC_051_0027,SEC_051,337.641
OHE_SEC_051_0028,SEC_051,337.691
OHE_SEC_051_0029,SEC_051,337.741
OHE_SEC_051_0030,SEC_051,337.791
OHE_SEC_051_0031,SEC_051,337.841
OHE_SEC_051_0032,SEC_051,337.89
OHE_SEC_051_0033,SEC_051,337.94
OHE_SEC_051_0034,SEC_051,337.99
OHE_SEC_051_0035,SEC_051,338.04
OHE_SEC_051_0036,SEC_051,338.09
OHE_SEC_051_0037,SEC_051,338.14
OHE_SEC_051_0038,SEC_051,338.19
OHE_SEC_051_0039,SEC_051,338.24
OHE_SEC_051_0040,SEC_051,338.29
OHE_SEC_051_0041,SEC_051,338.34
OHE_SEC_051_0042,SEC_051,338.39
OHE_SEC_051_0043,SEC_051,338.44
OHE_SEC_051_0044,SEC_051,338.489
OHE_SEC_051_0045,SEC_051,338.539
OHE_SEC_051_0046,SEC_051,338.589
OHE_SEC_051_0047,SEC_051,338.639
OHE_SEC_051_0048,SEC_051,338.689
OHE_SEC_051_0049,SEC_051,338.739
OHE_SEC_051_0050,SEC_051,338.789
OHE_SEC_051_0051,SEC_051,338.839
OHE_SEC_051_0052,SEC_051,338.889
OHE_SEC_051_0053,SEC_051,338.939
OHE_SEC_051_0054,SEC_051,338.989
OHE_SEC_051_0055,SEC_051,339.039
OHE_SEC_051_0056,SEC_051,339.089
OHE_SEC_051_0057,SEC_051,339.138
OHE_SEC_051_0058,SEC_051,339.188
OHE_SEC_051_0059,SEC_051,339.238
OHE_SEC_051_0060,SEC_051,339.288
OHE_SEC_051_0061,SEC_051,339.338
OHE_SEC_051_0062,SEC_051,339.388
OHE_SEC_051_0063,SEC_051,339.438
OHE_SEC_051_0064,SEC_051,339.488
OHE_SEC_051_0065,SEC_051,339.538
OHE_SEC_051_0066,SEC_051,339.588
OHE_SEC_051_0067,SEC_051,339.638
OHE_SEC_051_0068,SEC_051,339.688
OHE_SEC_051_0069,SEC_051,339.737
OHE_SEC_051_0070,SEC_051,339.787
OHE_SEC_051_0071,SEC_051,339.837
OHE_SEC_051_0072,SEC_051,339.887
OHE_SEC_051_0073,SEC_051,339.937
OHE_SEC_051_0074,SEC_051,339.987
OHE_SEC_051_0075,SEC_051,340.037
OHE_SEC_051_0076,SEC_051,340.087
OHE_SEC_051_0077,SEC_051,340.137
OHE_SEC_051_0078,SEC_051,340.187
OHE_SEC_051_0079,SEC_051,340.237
OHE_SEC_051_0080,SEC_051,340.287
OHE_SEC_051_0081,SEC_051,340.337
OHE_SEC_051_0082,SEC_051,340.386
OHE_SEC_051_0083,SEC_051,340.436
OHE_SEC_051_0084,SEC_051,340.486
OHE_SEC_051_0085,SEC_051,340.536
OHE_SEC_051_0086,SEC_051,340.586
OHE_SEC_051_0087,SEC_051,340.636
OHE_SEC_051_0088,SEC_051,340.686
OHE_SEC_051_0089,SEC_051,340.736
OHE_SEC_051_0090,SEC_051,340.786
OHE_SEC_051_0091,SEC_051,340.836
OHE_SEC_051_0092,SEC_051,340.886
OHE_SEC_051_0093,SEC_051,340.936
OHE_SEC_051_0094,SEC_051,340.985
OHE_SEC_051_0095,SEC_051,341.035
OHE_SEC_051_0096,SEC_051,341.085
OHE_SEC_051_0097,SEC_051,341.135
OHE_SEC_051_0098,SEC_051,341.185
OHE_SEC_051_0099,SEC_051,341.235
OHE_SEC_052_0001,SEC_052,341.335
OHE_SEC_052_0002,SEC_052,341.385
OHE_SEC_052_0003,SEC_052,341.435
OHE_SEC_052_0004,SEC_052,341.485
OHE_SEC_052_0005,SEC_052,341.534
OHE_SEC_052_0006,SEC_052,341.584
OHE_SEC_052_0007,SEC_052,341.634
OHE_SEC_052_0008,SEC_052,341.684
OHE_SEC_052_0009,SEC_052,341.734
OHE_SEC_052_0010,SEC_052,341.784
OHE_SEC_052_0011,SEC_052,341.834
OHE_SEC_052_0012,SEC_052,341.884
OHE_SEC_052_0013,SEC_052,341.933
OHE_SEC_052_0014,SEC_052,341.983
OHE_SEC_052_0015,SEC_052,342.033
OHE_SEC_052_0016,SEC_052,342.083
OHE_SEC_052_0017,SEC_052,342.133
OHE_SEC_052_0018,SEC_052,342.183
OHE_SEC_052_0019,SEC_052,342.233
OHE_SEC_052_0020,SEC_052,342.283
OHE_SEC_052_0021,SEC_052,342.332
OHE_SEC_052_0022,SEC_052,342.382
OHE_SEC_052_0023,SEC_052,342.432
OHE_SEC_052_0024,SEC_052,342.482
OHE_SEC_052_0025,SEC_052,342.532
OHE_SEC_052_0026,SEC_052,342.582
OHE_SEC_052_0027,SEC_052,342.632
OHE_SEC_052_0028,SEC_052,342.682
OHE_SEC_052_0029,SEC_052,342.732
OHE_SEC_052_0030,SEC_052,342.781
OHE_SEC_052_0031,SEC_052,342.831
OHE_SEC_052_0032,SEC_052,342.881
OHE_SEC_052_0033,SEC_052,342.931
OHE_SEC_052_0034,SEC_052,342.981
OHE_SEC_052_0035,SEC_052,343.031
OHE_SEC_052_0036,SEC_052,343.081
OHE_SEC_052_0037,SEC_052,343.131
OHE_SEC_052_0038,SEC_052,343.18
OHE_SEC_052_0039,SEC_052,343.23
OHE_SEC_052_0040,SEC_052,343.28
OHE_SEC_052_0041,SEC_052,343.33
OHE_SEC_053_0001,SEC_053,343.43
OHE_SEC_053_0002,SEC_053,343.48
OHE_SEC_053_0003,SEC_053,343.53
OHE_SEC_053_0004,SEC_053,343.58
OHE_SEC_053_0005,SEC_053,343.629
OHE_SEC_053_0006,SEC_053,343.679
OHE_SEC_053_0007,SEC_053,343.729
OHE_SEC_053_0008,SEC_053,343.779
OHE_SEC_053_0009,SEC_053,343.829
OHE_SEC_053_0010,SEC_053,343.879
OHE_SEC_053_0011,SEC_053,343.929
OHE_SEC_053_0012,SEC_053,343.979
OHE_SEC_053_0013,SEC_053,344.029
OHE_SEC_053_0014,SEC_053,344.078
OHE_SEC_053_0015,SEC_053,344.128
OHE_SEC_053_0016,SEC_053,344.178
OHE_SEC_053_0017,SEC_053,344.228
OHE_SEC_053_0018,SEC_053,344.278
OHE_SEC_053_0019,SEC_053,344.328
OHE_SEC_053_0020,SEC_053,344.378
OHE_SEC_053_0021,SEC_053,344.428
OHE_SEC_053_0022,SEC_053,344.477
OHE_SEC_053_0023,SEC_053,344.527
OHE_SEC_053_0024,SEC_053,344.577
OHE_SEC_053_0025,SEC_053,344.627
OHE_SEC_053_0026,SEC_053,344.677
OHE_SEC_053_0027,SEC_053,344.727
OHE_SEC_053_0028,SEC_053,344.777
OHE_SEC_053_0029,SEC_053,344.827
OHE_SEC_053_0030,SEC_053,344.877
OHE_SEC_053_0031,SEC_053,344.926
OHE_SEC_053_0032,SEC_053,344.976
OHE_SEC_053_0033,SEC_053,345.026
OHE_SEC_053_0034,SEC_053,345.076
OHE_SEC_053_0035,SEC_053,345.126
OHE_SEC_053_0036,SEC_053,345.176
OHE_SEC_053_0037,SEC_053,345.226
OHE_SEC_053_0038,SEC_053,345.276
OHE_SEC_053_0039,SEC_053,345.326
OHE_SEC_053_0040,SEC_053,345.375
OHE_SEC_053_0041,SEC_053,345.425
OHE_SEC_053_0042,SEC_053,345.475
OHE_SEC_053_0043,SEC_053,345.525
OHE_SEC_053_0044,SEC_053,345.575
OHE_SEC_053_0045,SEC_053,345.625
OHE_SEC_053_0046,SEC_053,345.675
OHE_SEC_053_0047,SEC_053,345.725
OHE_SEC_053_0048,SEC_053,345.774
OHE_SEC_053_0049,SEC_053,345.824
OHE_SEC_053_0050,SEC_053,345.874
OHE_SEC_053_0051,SEC_053,345.924
OHE_SEC_053_0052,SEC_053,345.974
OHE_SEC_053_0053,SEC_053,346.024
OHE_SEC_053_0054,SEC_053,346.074
OHE_SEC_053_0055,SEC_053,346.124
OHE_SEC_053_0056,SEC_053,346.174
OHE_SEC_053_0057,SEC_053,346.223
OHE_SEC_053_0058,SEC_053,346.273
OHE_SEC_053_0059,SEC_053,346.323
OHE_SEC_053_0060,SEC_053,346.373
OHE_SEC_053_0061,SEC_053,346.423
OHE_SEC_053_0062,SEC_053,346.473
OHE_SEC_053_0063,SEC_053,346.523
OHE_SEC_053_0064,SEC_053,346.573
OHE_SEC_053_0065,SEC_053,346.623
OHE_SEC_053_0066,SEC_053,346.672
OHE_SEC_053_0067,SEC_053,346.722
OHE_SEC_053_0068,SEC_053,346.772
OHE_SEC_053_0069,SEC_053,346.822
OHE_SEC_053_0070,SEC_053,346.872
OHE_SEC_053_0071,SEC_053,346.922
OHE_SEC_053_0072,SEC_053,346.972
OHE_SEC_053_0073,SEC_053,347.022
OHE_SEC_053_0074,SEC_053,347.071
OHE_SEC_053_0075,SEC_053,347.121
OHE_SEC_053_0076,SEC_053,347.171
OHE_SEC_053_0077,SEC_053,347.221
OHE_SEC_054_0001,SEC_054,347.321
OHE_SEC_054_0002,SEC_054,347.371
OHE_SEC_054_0003,SEC_054,347.421
OHE_SEC_054_0004,SEC_054,347.471
OHE_SEC_054_0005,SEC_054,347.52
OHE_SEC_054_0006,SEC_054,347.57
OHE_SEC_054_0007,SEC_054,347.62
OHE_SEC_054_0008,SEC_054,347.67
OHE_SEC_054_0009,SEC_054,347.72
OHE_SEC_054_0010,SEC_054,347.77
OHE_SEC_054_0011,SEC_054,347.82
OHE_SEC_054_0012,SEC_054,347.87
OHE_SEC_054_0013,SEC_054,347.92
OHE_SEC_054_0014,SEC_054,347.969
OHE_SEC_054_0015,SEC_054,348.019
OHE_SEC_054_0016,SEC_054,348.069
OHE_SEC_054_0017,SEC_054,348.119
OHE_SEC_054_0018,SEC_054,348.169
OHE_SEC_054_0019,SEC_054,348.219
OHE_SEC_054_0020,SEC_054,348.269
OHE_SEC_054_0021,SEC_054,348.319
OHE_SEC_054_0022,SEC_054,348.369
OHE_SEC_054_0023,SEC_054,348.418
OHE_SEC_054_0024,SEC_054,348.468
OHE_SEC_054_0025,SEC_054,348.518
OHE_SEC_054_0026,SEC_054,348.568
OHE_SEC_054_0027,SEC_054,348.618
OHE_SEC_054_0028,SEC_054,348.668
OHE_SEC_054_0029,SEC_054,348.718
OHE_SEC_054_0030,SEC_054,348.768
OHE_SEC_054_0031,SEC_054,348.818
OHE_SEC_054_0032,SEC_054,348.868
OHE_SEC_054_0033,SEC_054,348.917
OHE_SEC_054_0034,SEC_054,348.967
OHE_SEC_054_0035,SEC_054,349.017
OHE_SEC_054_0036,SEC_054,349.067
OHE_SEC_054_0037,SEC_054,349.117
OHE_SEC_054_0038,SEC_054,349.167
OHE_SEC_054_0039,SEC_054,349.217
OHE_SEC_054_0040,SEC_054,349.267
OHE_SEC_054_0041,SEC_054,349.317
OHE_SEC_054_0042,SEC_054,349.366
OHE_SEC_054_0043,SEC_054,349.416
OHE_SEC_054_0044,SEC_054,349.466
OHE_SEC_054_0045,SEC_054,349.516
OHE_SEC_054_0046,SEC_054,349.566
OHE_SEC_054_0047,SEC_054,349.616
OHE_SEC_054_0048,SEC_054,349.666
OHE_SEC_054_0049,SEC_054,349.716
OHE_SEC_054_0050,SEC_054,349.766
OHE_SEC_054_0051,SEC_054,349.815
OHE_SEC_054_0052,SEC_054,349.865
OHE_SEC_054_0053,SEC_054,349.915
OHE_SEC_054_0054,SEC_054,349.965
OHE_SEC_054_0055,SEC_054,350.015
OHE_SEC_054_0056,SEC_054,350.065
OHE_SEC_054_0057,SEC_054,350.115
OHE_SEC_054_0058,SEC_054,350.165
OHE_SEC_054_0059,SEC_054,350.215
OHE_SEC_054_0060,SEC_054,350.264
OHE_SEC_054_0061,SEC_054,350.314
OHE_SEC_054_0062,SEC_054,350.364
OHE_SEC_054_0063,SEC_054,350.414
OHE_SEC_054_0064,SEC_054,350.464
OHE_SEC_054_0065,SEC_054,350.514
OHE_SEC_054_0066,SEC_054,350.564
OHE_SEC_054_0067,SEC_054,350.614
OHE_SEC_054_0068,SEC_054,350.664
OHE_SEC_054_0069,SEC_054,350.713
OHE_SEC_054_0070,SEC_054,350.763
OHE_SEC_054_0071,SEC_054,350.813
OHE_SEC_054_0072,SEC_054,350.863
OHE_SEC_054_0073,SEC_054,350.913
OHE_SEC_054_0074,SEC_054,350.963
OHE_SEC_054_0075,SEC_054,351.013
OHE_SEC_054_0076,SEC_054,351.063
OHE_SEC_054_0077,SEC_054,351.113
OHE_SEC_054_0078,SEC_054,351.162
OHE_SEC_054_0079,SEC_054,351.212
OHE_SEC_054_0080,SEC_054,351.262
OHE_SEC_054_0081,SEC_054,351.312
OHE_SEC_054_0082,SEC_054,351.362
OHE_SEC_054_0083,SEC_054,351.412
OHE_SEC_054_0084,SEC_054,351.462
OHE_SEC_054_0085,SEC_054,351.512
OHE_SEC_054_0086,SEC_054,351.562
OHE_SEC_054_0087,SEC_054,351.612
OHE_SEC_054_0088,SEC_054,351.661
OHE_SEC_054_0089,SEC_054,351.711
OHE_SEC_054_0090,SEC_054,351.761
OHE_SEC_054_0091,SEC_054,351.811
OHE_SEC_054_0092,SEC_054,351.861
OHE_SEC_054_0093,SEC_054,351.911
OHE_SEC_054_0094,SEC_054,351.961
OHE_SEC_054_0095,SEC_054,352.011
OHE_SEC_054_0096,SEC_054,352.061
OHE_SEC_054_0097,SEC_054,352.11
OHE_SEC_054_0098,SEC_054,352.16
OHE_SEC_054_0099,SEC_054,352.21
OHE_SEC_054_0100,SEC_054,352.26
OHE_SEC_054_0101,SEC_054,352.31
OHE_SEC_054_0102,SEC_054,352.36
OHE_SEC_054_0103,SEC_054,352.41
OHE_SEC_054_0104,SEC_054,352.46
OHE_SEC_054_0105,SEC_054,352.51
OHE_SEC_054_0106,SEC_054,352.559
OHE_SEC_054_0107,SEC_054,352.609
OHE_SEC_054_0108,SEC_054,352.659
OHE_SEC_054_0109,SEC_054,352.709
OHE_SEC_054_0110,SEC_054,352.759
OHE_SEC_054_0111,SEC_054,352.809
OHE_SEC_054_0112,SEC_054,352.859
OHE_SEC_054_0113,SEC_054,352.909
OHE_SEC_054_0114,SEC_054,352.959
OHE_SEC_054_0115,SEC_054,353.008
OHE_SEC_054_0116,SEC_054,353.058
OHE_SEC_054_0117,SEC_054,353.108
OHE_SEC_054_0118,SEC_054,353.158
OHE_SEC_054_0119,SEC_054,353.208
OHE_SEC_054_0120,SEC_054,353.258
OHE_SEC_054_0121,SEC_054,353.308
OHE_SEC_054_0122,SEC_054,353.358
OHE_SEC_054_0123,SEC_054,353.408
OHE_SEC_054_0124,SEC_054,353.457
OHE_SEC_054_0125,SEC_054,353.507
OHE_SEC_054_0126,SEC_054,353.557
OHE_SEC_054_0127,SEC_054,353.607
OHE_SEC_054_0128,SEC_054,353.657
OHE_SEC_054_0129,SEC_054,353.707
OHE_SEC_054_0130,SEC_054,353.757
OHE_SEC_054_0131,SEC_054,353.807
OHE_SEC_054_0132,SEC_054,353.857
OHE_SEC_054_0133,SEC_054,353.906
OHE_SEC_054_0134,SEC_054,353.956
OHE_SEC_054_0135,SEC_054,354.006
OHE_SEC_054_0136,SEC_054,354.056
OHE_SEC_054_0137,SEC_054,354.106
OHE_SEC_054_0138,SEC_054,354.156
OHE_SEC_054_0139,SEC_054,354.206
OHE_SEC_054_0140,SEC_054,354.256
OHE_SEC_054_0141,SEC_054,354.306
OHE_SEC_054_0142,SEC_054,354.356
OHE_SEC_054_0143,SEC_054,354.405
OHE_SEC_054_0144,SEC_054,354.455
OHE_SEC_054_0145,SEC_054,354.505
OHE_SEC_054_0146,SEC_054,354.555
OHE_SEC_054_0147,SEC_054,354.605
OHE_SEC_054_0148,SEC_054,354.655
OHE_SEC_054_0149,SEC_054,354.705
OHE_SEC_054_0150,SEC_054,354.755
OHE_SEC_054_0151,SEC_054,354.805
OHE_SEC_054_0152,SEC_054,354.854
OHE_SEC_054_0153,SEC_054,354.904
OHE_SEC_054_0154,SEC_054,354.954
OHE_SEC_054_0155,SEC_054,355.004
OHE_SEC_054_0156,SEC_054,355.054
OHE_SEC_054_0157,SEC_054,355.104
OHE_SEC_054_0158,SEC_054,355.154
OHE_SEC_054_0159,SEC_054,355.204
OHE_SEC_054_0160,SEC_054,355.254
OHE_SEC_054_0161,SEC_054,355.303
OHE_SEC_054_0162,SEC_054,355.353
OHE_SEC_054_0163,SEC_054,355.403
OHE_SEC_054_0164,SEC_054,355.453
OHE_SEC_054_0165,SEC_054,355.503
OHE_SEC_054_0166,SEC_054,355.553
OHE_SEC_054_0167,SEC_054,355.603
OHE_SEC_054_0168,SEC_054,355.653
OHE_SEC_054_0169,SEC_054,355.703
OHE_SEC_054_0170,SEC_054,355.752
OHE_SEC_054_0171,SEC_054,355.802
OHE_SEC_054_0172,SEC_054,355.852
OHE_SEC_054_0173,SEC_054,355.902
OHE_SEC_054_0174,SEC_054,355.952
OHE_SEC_054_0175,SEC_054,356.002
OHE_SEC_054_0176,SEC_054,356.052
OHE_SEC_054_0177,SEC_054,356.102
OHE_SEC_054_0178,SEC_054,356.152
OHE_SEC_054_0179,SEC_054,356.201
OHE_SEC_054_0180,SEC_054,356.251
OHE_SEC_054_0181,SEC_054,356.301
OHE_SEC_054_0182,SEC_054,356.351
OHE_SEC_054_0183,SEC_054,356.401
OHE_SEC_054_0184,SEC_054,356.451
OHE_SEC_054_0185,SEC_054,356.501
OHE_SEC_054_0186,SEC_054,356.551
OHE_SEC_054_0187,SEC_054,356.601
OHE_SEC_054_0188,SEC_054,356.65
OHE_SEC_054_0189,SEC_054,356.7
OHE_SEC_054_0190,SEC_054,356.75
OHE_SEC_054_0191,SEC_054,356.8
OHE_SEC_054_0192,SEC_054,356.85
OHE_SEC_054_0193,SEC_054,356.9
OHE_SEC_054_0194,SEC_054,356.95
OHE_SEC_054_0195,SEC_054,357.0
OHE_SEC_054_0196,SEC_054,357.05
OHE_SEC_054_0197,SEC_054,357.1
OHE_SEC_054_0198,SEC_054,357.149
OHE_SEC_054_0199,SEC_054,357.199
OHE_SEC_054_0200,SEC_054,357.249
OHE_SEC_054_0201,SEC_054,357.299
OHE_SEC_054_0202,SEC_054,357.349
OHE_SEC_054_0203,SEC_054,357.399
OHE_SEC_054_0204,SEC_054,357.449
OHE_SEC_054_0205,SEC_054,357.499
OHE_SEC_054_0206,SEC_054,357.549
OHE_SEC_054_0207,SEC_054,357.598
OHE_SEC_054_0208,SEC_054,357.648
OHE_SEC_054_0209,SEC_054,357.698
OHE_SEC_054_0210,SEC_054,357.748
OHE_SEC_054_0211,SEC_054,357.798
OHE_SEC_054_0212,SEC_054,357.848
OHE_SEC_054_0213,SEC_054,357.898
OHE_SEC_054_0214,SEC_054,357.948
OHE_SEC_054_0215,SEC_054,357.998
OHE_SEC_054_0216,SEC_054,358.047
OHE_SEC_054_0217,SEC_054,358.097
OHE_SEC_054_0218,SEC_054,358.147
OHE_SEC_054_0219,SEC_054,358.197
OHE_SEC_055_0001,SEC_055,358.297
OHE_SEC_055_0002,SEC_055,358.347
OHE_SEC_055_0003,SEC_055,358.397
OHE_SEC_055_0004,SEC_055,358.447
OHE_SEC_055_0005,SEC_055,358.497
OHE_SEC_055_0006,SEC_055,358.547
OHE_SEC_055_0007,SEC_055,358.597
OHE_SEC_055_0008,SEC_055,358.647
OHE_SEC_055_0009,SEC_055,358.697
OHE_SEC_055_0010,SEC_055,358.747
OHE_SEC_055_0011,SEC_055,358.797
OHE_SEC_055_0012,SEC_055,358.847
OHE_SEC_055_0013,SEC_055,358.897
OHE_SEC_055_0014,SEC_055,358.947
OHE_SEC_055_0015,SEC_055,358.997
OHE_SEC_055_0016,SEC_055,359.047
OHE_SEC_055_0017,SEC_055,359.097
OHE_SEC_055_0018,SEC_055,359.147
OHE_SEC_055_0019,SEC_055,359.197
OHE_SEC_055_0020,SEC_055,359.247
OHE_SEC_055_0021,SEC_055,359.297
OHE_SEC_055_0022,SEC_055,359.347
OHE_SEC_055_0023,SEC_055,359.397
OHE_SEC_055_0024,SEC_055,359.446
OHE_SEC_055_0025,SEC_055,359.496
OHE_SEC_055_0026,SEC_055,359.546
OHE_SEC_055_0027,SEC_055,359.596
OHE_SEC_055_0028,SEC_055,359.646
OHE_SEC_055_0029,SEC_055,359.696
OHE_SEC_055_0030,SEC_055,359.746
OHE_SEC_055_0031,SEC_055,359.796
OHE_SEC_055_0032,SEC_055,359.846
OHE_SEC_055_0033,SEC_055,359.896
OHE_SEC_055_0034,SEC_055,359.946
OHE_SEC_055_0035,SEC_055,359.996
OHE_SEC_055_0036,SEC_055,360.046
OHE_SEC_055_0037,SEC_055,360.096
OHE_SEC_055_0038,SEC_055,360.146
OHE_SEC_055_0039,SEC_055,360.196
OHE_SEC_055_0040,SEC_055,360.246
OHE_SEC_055_0041,SEC_055,360.296
OHE_SEC_055_0042,SEC_055,360.346
OHE_SEC_055_0043,SEC_055,360.396
OHE_SEC_055_0044,SEC_055,360.446
OHE_SEC_055_0045,SEC_055,360.496
OHE_SEC_055_0046,SEC_055,360.546
OHE_SEC_055_0047,SEC_055,360.596
OHE_SEC_055_0048,SEC_055,360.646
OHE_SEC_055_0049,SEC_055,360.696
OHE_SEC_055_0050,SEC_055,360.746
OHE_SEC_055_0051,SEC_055,360.796
OHE_SEC_055_0052,SEC_055,360.846
OHE_SEC_055_0053,SEC_055,360.896
OHE_SEC_055_0054,SEC_055,360.946
OHE_SEC_055_0055,SEC_055,360.996
OHE_SEC_055_0056,SEC_055,361.046
OHE_SEC_055_0057,SEC_055,361.096
OHE_SEC_055_0058,SEC_055,361.146
OHE_SEC_055_0059,SEC_055,361.196
OHE_SEC_055_0060,SEC_055,361.246
OHE_SEC_055_0061,SEC_055,361.296
OHE_SEC_055_0062,SEC_055,361.346
OHE_SEC_055_0063,SEC_055,361.396
OHE_SEC_055_0064,SEC_055,361.446
OHE_SEC_055_0065,SEC_055,361.496
OHE_SEC_055_0066,SEC_055,361.546
OHE_SEC_055_0067,SEC_055,361.596
OHE_SEC_055_0068,SEC_055,361.646
OHE_SEC_055_0069,SEC_055,361.696
OHE_SEC_055_0070,SEC_055,361.746
OHE_SEC_055_0071,SEC_055,361.796
OHE_SEC_055_0072,SEC_055,361.845
OHE_SEC_055_0073,SEC_055,361.895
OHE_SEC_055_0074,SEC_055,361.945
OHE_SEC_055_0075,SEC_055,361.995
OHE_SEC_055_0076,SEC_055,362.045
OHE_SEC_055_0077,SEC_055,362.095
OHE_SEC_055_0078,SEC_055,362.145
OHE_SEC_055_0079,SEC_055,362.195
OHE_SEC_055_0080,SEC_055,362.245
OHE_SEC_055_0081,SEC_055,362.295
OHE_SEC_055_0082,SEC_055,362.345
OHE_SEC_055_0083,SEC_055,362.395
OHE_SEC_055_0084,SEC_055,362.445
OHE_SEC_055_0085,SEC_055,362.495
OHE_SEC_055_0086,SEC_055,362.545
OHE_SEC_055_0087,SEC_055,362.595
OHE_SEC_055_0088,SEC_055,362.645
OHE_SEC_055_0089,SEC_055,362.695
OHE_SEC_055_0090,SEC_055,362.745
OHE_SEC_055_0091,SEC_055,362.795
OHE_SEC_055_0092,SEC_055,362.845
OHE_SEC_055_0093,SEC_055,362.895
OHE_SEC_055_0094,SEC_055,362.945
OHE_SEC_055_0095,SEC_055,362.995
OHE_SEC_055_0096,SEC_055,363.045
OHE_SEC_055_0097,SEC_055,363.095
OHE_SEC_055_0098,SEC_055,363.145
OHE_SEC_055_0099,SEC_055,363.195
OHE_SEC_055_0100,SEC_055,363.245
OHE_SEC_055_0101,SEC_055,363.295
OHE_SEC_055_0102,SEC_055,363.345
OHE_SEC_055_0103,SEC_055,363.395
OHE_SEC_055_0104,SEC_055,363.445
OHE_SEC_055_0105,SEC_055,363.495
OHE_SEC_055_0106,SEC_055,363.545
OHE_SEC_055_0107,SEC_055,363.595
OHE_SEC_055_0108,SEC_055,363.645
OHE_SEC_055_0109,SEC_055,363.695
OHE_SEC_055_0110,SEC_055,363.745
OHE_SEC_055_0111,SEC_055,363.795
OHE_SEC_055_0112,SEC_055,363.845
OHE_SEC_055_0113,SEC_055,363.895
OHE_SEC_055_0114,SEC_055,363.945
OHE_SEC_055_0115,SEC_055,363.995
OHE_SEC_055_0116,SEC_055,364.045
OHE_SEC_055_0117,SEC_055,364.095
OHE_SEC_055_0118,SEC_055,364.145
OHE_SEC_055_0119,SEC_055,364.194
OHE_SEC_055_0120,SEC_055,364.244
OHE_SEC_055_0121,SEC_055,364.294
OHE_SEC_055_0122,SEC_055,364.344
OHE_SEC_055_0123,SEC_055,364.394
OHE_SEC_055_0124,SEC_055,364.444
OHE_SEC_055_0125,SEC_055,364.494
OHE_SEC_055_0126,SEC_055,364.544
OHE_SEC_055_0127,SEC_055,364.594
OHE_SEC_055_0128,SEC_055,364.644
OHE_SEC_055_0129,SEC_055,364.694
OHE_SEC_055_0130,SEC_055,364.744
OHE_SEC_055_0131,SEC_055,364.794
OHE_SEC_055_0132,SEC_055,364.844
OHE_SEC_055_0133,SEC_055,364.894
OHE_SEC_055_0134,SEC_055,364.944
OHE_SEC_055_0135,SEC_055,364.994
OHE_SEC_055_0136,SEC_055,365.044
OHE_SEC_055_0137,SEC_055,365.094
OHE_SEC_055_0138,SEC_055,365.144
OHE_SEC_055_0139,SEC_055,365.194
OHE_SEC_055_0140,SEC_055,365.244
OHE_SEC_055_0141,SEC_055,365.294
OHE_SEC_055_0142,SEC_055,365.344
OHE_SEC_055_0143,SEC_055,365.394
OHE_SEC_055_0144,SEC_055,365.444
OHE_SEC_055_0145,SEC_055,365.494
OHE_SEC_055_0146,SEC_055,365.544
OHE_SEC_055_0147,SEC_055,365.594
OHE_SEC_055_0148,SEC_055,365.644
OHE_SEC_055_0149,SEC_055,365.694
OHE_SEC_055_0150,SEC_055,365.744
OHE_SEC_055_0151,SEC_055,365.794
OHE_SEC_055_0152,SEC_055,365.844
OHE_SEC_055_0153,SEC_055,365.894
OHE_SEC_055_0154,SEC_055,365.944
OHE_SEC_055_0155,SEC_055,365.994
OHE_SEC_055_0156,SEC_055,366.044
OHE_SEC_055_0157,SEC_055,366.094
OHE_SEC_055_0158,SEC_055,366.144
OHE_SEC_055_0159,SEC_055,366.194
OHE_SEC_055_0160,SEC_055,366.244
OHE_SEC_055_0161,SEC_055,366.294
OHE_SEC_055_0162,SEC_055,366.344
OHE_SEC_055_0163,SEC_055,366.394
OHE_SEC_055_0164,SEC_055,366.444
OHE_SEC_055_0165,SEC_055,366.494
OHE_SEC_055_0166,SEC_055,366.544
OHE_SEC_055_0167,SEC_055,366.593
OHE_SEC_055_0168,SEC_055,366.643
OHE_SEC_055_0169,SEC_055,366.693
OHE_SEC_055_0170,SEC_055,366.743
OHE_SEC_055_0171,SEC_055,366.793
OHE_SEC_055_0172,SEC_055,366.843
OHE_SEC_055_0173,SEC_055,366.893
OHE_SEC_055_0174,SEC_055,366.943
OHE_SEC_055_0175,SEC_055,366.993
OHE_SEC_055_0176,SEC_055,367.043
OHE_SEC_055_0177,SEC_055,367.093
OHE_SEC_055_0178,SEC_055,367.143
OHE_SEC_055_0179,SEC_055,367.193
OHE_SEC_055_0180,SEC_055,367.243
OHE_SEC_055_0181,SEC_055,367.293
OHE_SEC_055_0182,SEC_055,367.343
OHE_SEC_055_0183,SEC_055,367.393
OHE_SEC_055_0184,SEC_055,367.443
OHE_SEC_055_0185,SEC_055,367.493
OHE_SEC_055_0186,SEC_055,367.543
OHE_SEC_055_0187,SEC_055,367.593
OHE_SEC_055_0188,SEC_055,367.643
OHE_SEC_055_0189,SEC_055,367.693
OHE_SEC_056_0001,SEC_056,367.793
OHE_SEC_056_0002,SEC_056,367.843
OHE_SEC_056_0003,SEC_056,367.893
OHE_SEC_056_0004,SEC_056,367.943
OHE_SEC_056_0005,SEC_056,367.993
OHE_SEC_056_0006,SEC_056,368.043
OHE_SEC_056_0007,SEC_056,368.093
OHE_SEC_056_0008,SEC_056,368.143
OHE_SEC_056_0009,SEC_056,368.193
OHE_SEC_056_0010,SEC_056,368.243
OHE_SEC_056_0011,SEC_056,368.292
OHE_SEC_056_0012,SEC_056,368.342
OHE_SEC_056_0013,SEC_056,368.392
OHE_SEC_056_0014,SEC_056,368.442
OHE_SEC_056_0015,SEC_056,368.492
OHE_SEC_056_0016,SEC_056,368.542
OHE_SEC_056_0017,SEC_056,368.592
OHE_SEC_056_0018,SEC_056,368.642
OHE_SEC_056_0019,SEC_056,368.692
OHE_SEC_056_0020,SEC_056,368.742
OHE_SEC_056_0021,SEC_056,368.792
OHE_SEC_056_0022,SEC_056,368.842
OHE_SEC_056_0023,SEC_056,368.892
OHE_SEC_056_0024,SEC_056,368.942
OHE_SEC_056_0025,SEC_056,368.992
OHE_SEC_056_0026,SEC_056,369.042
OHE_SEC_056_0027,SEC_056,369.092
OHE_SEC_056_0028,SEC_056,369.142
OHE_SEC_056_0029,SEC_056,369.192
OHE_SEC_056_0030,SEC_056,369.242
OHE_SEC_056_0031,SEC_056,369.292
OHE_SEC_056_0032,SEC_056,369.341
OHE_SEC_056_0033,SEC_056,369.391
OHE_SEC_056_0034,SEC_056,369.441
OHE_SEC_056_0035,SEC_056,369.491
OHE_SEC_056_0036,SEC_056,369.541
OHE_SEC_056_0037,SEC_056,369.591
OHE_SEC_056_0038,SEC_056,369.641
OHE_SEC_056_0039,SEC_056,369.691
OHE_SEC_056_0040,SEC_056,369.741
OHE_SEC_056_0041,SEC_056,369.791
OHE_SEC_056_0042,SEC_056,369.841
OHE_SEC_056_0043,SEC_056,369.891
OHE_SEC_056_0044,SEC_056,369.941
OHE_SEC_056_0045,SEC_056,369.991
OHE_SEC_056_0046,SEC_056,370.041
OHE_SEC_056_0047,SEC_056,370.091
OHE_SEC_056_0048,SEC_056,370.141
OHE_SEC_056_0049,SEC_056,370.191
OHE_SEC_056_0050,SEC_056,370.241
OHE_SEC_056_0051,SEC_056,370.291
OHE_SEC_056_0052,SEC_056,370.341
OHE_SEC_056_0053,SEC_056,370.39
OHE_SEC_056_0054,SEC_056,370.44
OHE_SEC_056_0055,SEC_056,370.49
OHE_SEC_056_0056,SEC_056,370.54
OHE_SEC_056_0057,SEC_056,370.59
OHE_SEC_056_0058,SEC_056,370.64
OHE_SEC_056_0059,SEC_056,370.69
OHE_SEC_056_0060,SEC_056,370.74
OHE_SEC_056_0061,SEC_056,370.79
OHE_SEC_056_0062,SEC_056,370.84
OHE_SEC_056_0063,SEC_056,370.89
OHE_SEC_056_0064,SEC_056,370.94
OHE_SEC_056_0065,SEC_056,370.99
OHE_SEC_056_0066,SEC_056,371.04
OHE_SEC_056_0067,SEC_056,371.09
OHE_SEC_056_0068,SEC_056,371.14
OHE_SEC_056_0069,SEC_056,371.19
OHE_SEC_056_0070,SEC_056,371.24
OHE_SEC_056_0071,SEC_056,371.29
OHE_SEC_056_0072,SEC_056,371.34
OHE_SEC_056_0073,SEC_056,371.39
OHE_SEC_056_0074,SEC_056,371.439
OHE_SEC_056_0075,SEC_056,371.489
OHE_SEC_056_0076,SEC_056,371.539
OHE_SEC_056_0077,SEC_056,371.589
OHE_SEC_056_0078,SEC_056,371.639
OHE_SEC_056_0079,SEC_056,371.689
OHE_SEC_056_0080,SEC_056,371.739
OHE_SEC_056_0081,SEC_056,371.789
OHE_SEC_056_0082,SEC_056,371.839
OHE_SEC_056_0083,SEC_056,371.889
OHE_SEC_056_0084,SEC_056,371.939
OHE_SEC_056_0085,SEC_056,371.989
OHE_SEC_056_0086,SEC_056,372.039
OHE_SEC_056_0087,SEC_056,372.089
OHE_SEC_056_0088,SEC_056,372.139
OHE_SEC_056_0089,SEC_056,372.189
OHE_SEC_056_0090,SEC_056,372.239
OHE_SEC_056_0091,SEC_056,372.289
OHE_SEC_056_0092,SEC_056,372.339
OHE_SEC_056_0093,SEC_056,372.389
OHE_SEC_056_0094,SEC_056,372.439
OHE_SEC_056_0095,SEC_056,372.488
OHE_SEC_056_0096,SEC_056,372.538
OHE_SEC_056_0097,SEC_056,372.588
OHE_SEC_056_0098,SEC_056,372.638
OHE_SEC_056_0099,SEC_056,372.688
OHE_SEC_056_0100,SEC_056,372.738
OHE_SEC_056_0101,SEC_056,372.788
OHE_SEC_056_0102,SEC_056,372.838
OHE_SEC_056_0103,SEC_056,372.888
OHE_SEC_056_0104,SEC_056,372.938
OHE_SEC_056_0105,SEC_056,372.988
OHE_SEC_056_0106,SEC_056,373.038
OHE_SEC_056_0107,SEC_056,373.088
OHE_SEC_056_0108,SEC_056,373.138
OHE_SEC_056_0109,SEC_056,373.188
OHE_SEC_056_0110,SEC_056,373.238
OHE_SEC_056_0111,SEC_056,373.288
OHE_SEC_056_0112,SEC_056,373.338
OHE_SEC_056_0113,SEC_056,373.388
OHE_SEC_056_0114,SEC_056,373.438
OHE_SEC_056_0115,SEC_056,373.488
OHE_SEC_056_0116,SEC_056,373.537
OHE_SEC_056_0117,SEC_056,373.587
OHE_SEC_056_0118,SEC_056,373.637
OHE_SEC_056_0119,SEC_056,373.687
OHE_SEC_056_0120,SEC_056,373.737
OHE_SEC_056_0121,SEC_056,373.787
OHE_SEC_056_0122,SEC_056,373.837
OHE_SEC_056_0123,SEC_056,373.887
OHE_SEC_056_0124,SEC_056,373.937
OHE_SEC_056_0125,SEC_056,373.987
OHE_SEC_056_0126,SEC_056,374.037
OHE_SEC_056_0127,SEC_056,374.087
OHE_SEC_056_0128,SEC_056,374.137
OHE_SEC_056_0129,SEC_056,374.187
OHE_SEC_056_0130,SEC_056,374.237
OHE_SEC_056_0131,SEC_056,374.287
OHE_SEC_056_0132,SEC_056,374.337
OHE_SEC_056_0133,SEC_056,374.387
OHE_SEC_056_0134,SEC_056,374.437
OHE_SEC_056_0135,SEC_056,374.487
OHE_SEC_056_0136,SEC_056,374.537
OHE_SEC_056_0137,SEC_056,374.586
OHE_SEC_056_0138,SEC_056,374.636
OHE_SEC_056_0139,SEC_056,374.686
OHE_SEC_056_0140,SEC_056,374.736
OHE_SEC_056_0141,SEC_056,374.786
OHE_SEC_056_0142,SEC_056,374.836
OHE_SEC_056_0143,SEC_056,374.886
OHE_SEC_056_0144,SEC_056,374.936
OHE_SEC_056_0145,SEC_056,374.986
OHE_SEC_056_0146,SEC_056,375.036
OHE_SEC_056_0147,SEC_056,375.086
OHE_SEC_056_0148,SEC_056,375.136
OHE_SEC_056_0149,SEC_056,375.186
OHE_SEC_056_0150,SEC_056,375.236
OHE_SEC_056_0151,SEC_056,375.286
OHE_SEC_056_0152,SEC_056,375.336
OHE_SEC_056_0153,SEC_056,375.386
OHE_SEC_056_0154,SEC_056,375.436
OHE_SEC_056_0155,SEC_056,375.486
OHE_SEC_056_0156,SEC_056,375.536
OHE_SEC_056_0157,SEC_056,375.586
OHE_SEC_056_0158,SEC_056,375.635
OHE_SEC_056_0159,SEC_056,375.685
OHE_SEC_056_0160,SEC_056,375.735
OHE_SEC_056_0161,SEC_056,375.785
OHE_SEC_056_0162,SEC_056,375.835
OHE_SEC_056_0163,SEC_056,375.885
OHE_SEC_056_0164,SEC_056,375.935
OHE_SEC_056_0165,SEC_056,375.985
OHE_SEC_056_0166,SEC_056,376.035
OHE_SEC_056_0167,SEC_056,376.085
OHE_SEC_056_0168,SEC_056,376.135
OHE_SEC_056_0169,SEC_056,376.185
OHE_SEC_056_0170,SEC_056,376.235
OHE_SEC_056_0171,SEC_056,376.285
OHE_SEC_056_0172,SEC_056,376.335
OHE_SEC_056_0173,SEC_056,376.385
OHE_SEC_056_0174,SEC_056,376.435
OHE_SEC_056_0175,SEC_056,376.485
OHE_SEC_056_0176,SEC_056,376.535
OHE_SEC_056_0177,SEC_056,376.585
OHE_SEC_056_0178,SEC_056,376.635
OHE_SEC_056_0179,SEC_056,376.684
OHE_SEC_056_0180,SEC_056,376.734
OHE_SEC_056_0181,SEC_056,376.784
OHE_SEC_056_0182,SEC_056,376.834
OHE_SEC_056_0183,SEC_056,376.884
OHE_SEC_056_0184,SEC_056,376.934
OHE_SEC_056_0185,SEC_056,376.984
OHE_SEC_056_0186,SEC_056,377.034
OHE_SEC_056_0187,SEC_056,377.084
OHE_SEC_056_0188,SEC_056,377.134
OHE_SEC_056_0189,SEC_056,377.184
OHE_SEC_056_0190,SEC_056,377.234
OHE_SEC_056_0191,SEC_056,377.284
OHE_SEC_056_0192,SEC_056,377.334
OHE_SEC_056_0193,SEC_056,377.384
OHE_SEC_056_0194,SEC_056,377.434
OHE_SEC_056_0195,SEC_056,377.484
OHE_SEC_056_0196,SEC_056,377.534
OHE_SEC_056_0197,SEC_056,377.584
OHE_SEC_056_0198,SEC_056,377.634
OHE_SEC_056_0199,SEC_056,377.683
OHE_SEC_056_0200,SEC_056,377.733
OHE_SEC_056_0201,SEC_056,377.783
OHE_SEC_056_0202,SEC_056,377.833
OHE_SEC_056_0203,SEC_056,377.883
OHE_SEC_056_0204,SEC_056,377.933
OHE_SEC_056_0205,SEC_056,377.983
OHE_SEC_056_0206,SEC_056,378.033
OHE_SEC_056_0207,SEC_056,378.083
OHE_SEC_056_0208,SEC_056,378.133
OHE_SEC_056_0209,SEC_056,378.183
OHE_SEC_056_0210,SEC_056,378.233
OHE_SEC_056_0211,SEC_056,378.283
OHE_SEC_056_0212,SEC_056,378.333
OHE_SEC_056_0213,SEC_056,378.383
OHE_SEC_056_0214,SEC_056,378.433
OHE_SEC_056_0215,SEC_056,378.483
OHE_SEC_056_0216,SEC_056,378.533
OHE_SEC_056_0217,SEC_056,378.583
OHE_SEC_056_0218,SEC_056,378.633
OHE_SEC_056_0219,SEC_056,378.683
OHE_SEC_056_0220,SEC_056,378.732
OHE_SEC_056_0221,SEC_056,378.782
OHE_SEC_056_0222,SEC_056,378.832
OHE_SEC_056_0223,SEC_056,378.882
OHE_SEC_056_0224,SEC_056,378.932
OHE_SEC_056_0225,SEC_056,378.982
OHE_SEC_056_0226,SEC_056,379.032
OHE_SEC_056_0227,SEC_056,379.082
OHE_SEC_056_0228,SEC_056,379.132
OHE_SEC_056_0229,SEC_056,379.182
OHE_SEC_056_0230,SEC_056,379.232
OHE_SEC_056_0231,SEC_056,379.282
OHE_SEC_056_0232,SEC_056,379.332
OHE_SEC_056_0233,SEC_056,379.382
OHE_SEC_056_0234,SEC_056,379.432
OHE_SEC_056_0235,SEC_056,379.482
OHE_SEC_056_0236,SEC_056,379.532
OHE_SEC_056_0237,SEC_056,379.582
OHE_SEC_056_0238,SEC_056,379.632
OHE_SEC_056_0239,SEC_056,379.682
OHE_SEC_056_0240,SEC_056,379.732
OHE_SEC_056_0241,SEC_056,379.781
OHE_SEC_056_0242,SEC_056,379.831
OHE_SEC_056_0243,SEC_056,379.881
OHE_SEC_056_0244,SEC_056,379.931
OHE_SEC_056_0245,SEC_056,379.981
OHE_SEC_056_0246,SEC_056,380.031
OHE_SEC_056_0247,SEC_056,380.081
OHE_SEC_056_0248,SEC_056,380.131
OHE_SEC_056_0249,SEC_056,380.181
OHE_SEC_056_0250,SEC_056,380.231
OHE_SEC_056_0251,SEC_056,380.281
OHE_SEC_056_0252,SEC_056,380.331
OHE_SEC_056_0253,SEC_056,380.381
OHE_SEC_056_0254,SEC_056,380.431
OHE_SEC_056_0255,SEC_056,380.481
OHE_SEC_056_0256,SEC_056,380.531
OHE_SEC_056_0257,SEC_056,380.581
OHE_SEC_056_0258,SEC_056,380.631
OHE_SEC_056_0259,SEC_056,380.681
OHE_SEC_056_0260,SEC_056,380.731
OHE_SEC_056_0261,SEC_056,380.781
OHE_SEC_056_0262,SEC_056,380.83
OHE_SEC_056_0263,SEC_056,380.88
OHE_SEC_056_0264,SEC_056,380.93
OHE_SEC_056_0265,SEC_056,380.98
OHE_SEC_056_0266,SEC_056,381.03
OHE_SEC_056_0267,SEC_056,381.08
OHE_SEC_056_0268,SEC_056,381.13
OHE_SEC_056_0269,SEC_056,381.18
OHE_SEC_056_0270,SEC_056,381.23
OHE_SEC_056_0271,SEC_056,381.28
OHE_SEC_056_0272,SEC_056,381.33
OHE_SEC_056_0273,SEC_056,381.38
OHE_SEC_056_0274,SEC_056,381.43
OHE_SEC_056_0275,SEC_056,381.48
OHE_SEC_056_0276,SEC_056,381.53
OHE_SEC_056_0277,SEC_056,381.58
OHE_SEC_056_0278,SEC_056,381.63
OHE_SEC_056_0279,SEC_056,381.68
OHE_SEC_056_0280,SEC_056,381.73
OHE_SEC_056_0281,SEC_056,381.78
OHE_SEC_056_0282,SEC_056,381.83
OHE_SEC_056_0283,SEC_056,381.879
OHE_SEC_056_0284,SEC_056,381.929
OHE_SEC_056_0285,SEC_056,381.979
OHE_SEC_056_0286,SEC_056,382.029
OHE_SEC_056_0287,SEC_056,382.079
OHE_SEC_056_0288,SEC_056,382.129
OHE_SEC_056_0289,SEC_056,382.179
OHE_SEC_056_0290,SEC_056,382.229
OHE_SEC_056_0291,SEC_056,382.279
OHE_SEC_056_0292,SEC_056,382.329
OHE_SEC_056_0293,SEC_056,382.379
OHE_SEC_056_0294,SEC_056,382.429
OHE_SEC_056_0295,SEC_056,382.479
OHE_SEC_056_0296,SEC_056,382.529
OHE_SEC_056_0297,SEC_056,382.579
OHE_SEC_056_0298,SEC_056,382.629
OHE_SEC_056_0299,SEC_056,382.679
OHE_SEC_056_0300,SEC_056,382.729
OHE_SEC_056_0301,SEC_056,382.779
OHE_SEC_056_0302,SEC_056,382.829
OHE_SEC_056_0303,SEC_056,382.879
OHE_SEC_056_0304,SEC_056,382.928
OHE_SEC_056_0305,SEC_056,382.978
OHE_SEC_056_0306,SEC_056,383.028
OHE_SEC_056_0307,SEC_056,383.078
OHE_SEC_056_0308,SEC_056,383.128
OHE_SEC_056_0309,SEC_056,383.178
OHE_SEC_056_0310,SEC_056,383.228
OHE_SEC_056_0311,SEC_056,383.278
OHE_SEC_056_0312,SEC_056,383.328
OHE_SEC_056_0313,SEC_056,383.378
OHE_SEC_056_0314,SEC_056,383.428
OHE_SEC_056_0315,SEC_056,383.478
OHE_SEC_056_0316,SEC_056,383.528
OHE_SEC_056_0317,SEC_056,383.578
OHE_SEC_056_0318,SEC_056,383.628
OHE_SEC_056_0319,SEC_056,383.678
OHE_SEC_056_0320,SEC_056,383.728
OHE_SEC_056_0321,SEC_056,383.778
OHE_SEC_056_0322,SEC_056,383.828
OHE_SEC_056_0323,SEC_056,383.878
OHE_SEC_056_0324,SEC_056,383.928
OHE_SEC_056_0325,SEC_056,383.977
OHE_SEC_056_0326,SEC_056,384.027
OHE_SEC_056_0327,SEC_056,384.077
OHE_SEC_056_0328,SEC_056,384.127
OHE_SEC_056_0329,SEC_056,384.177
OHE_SEC_056_0330,SEC_056,384.227
OHE_SEC_056_0331,SEC_056,384.277
OHE_SEC_056_0332,SEC_056,384.327
OHE_SEC_056_0333,SEC_056,384.377
OHE_SEC_056_0334,SEC_056,384.427
OHE_SEC_056_0335,SEC_056,384.477
OHE_SEC_056_0336,SEC_056,384.527
OHE_SEC_056_0337,SEC_056,384.577
OHE_SEC_056_0338,SEC_056,384.627
OHE_SEC_056_0339,SEC_056,384.677
OHE_SEC_056_0340,SEC_056,384.727
OHE_SEC_056_0341,SEC_056,384.777
OHE_SEC_056_0342,SEC_056,384.827
OHE_SEC_056_0343,SEC_056,384.877
OHE_SEC_056_0344,SEC_056,384.927
OHE_SEC_056_0345,SEC_056,384.977
OHE_SEC_056_0346,SEC_056,385.026
OHE_SEC_056_0347,SEC_056,385.076
OHE_SEC_056_0348,SEC_056,385.126
OHE_SEC_056_0349,SEC_056,385.176
OHE_SEC_056_0350,SEC_056,385.226
OHE_SEC_056_0351,SEC_056,385.276
OHE_SEC_056_0352,SEC_056,385.326
OHE_SEC_056_0353,SEC_056,385.376
OHE_SEC_056_0354,SEC_056,385.426
OHE_SEC_056_0355,SEC_056,385.476
OHE_SEC_057_0001,SEC_057,385.576
OHE_SEC_057_0002,SEC_057,385.625
OHE_SEC_057_0003,SEC_057,385.675
OHE_SEC_057_0004,SEC_057,385.725
OHE_SEC_057_0005,SEC_057,385.775
OHE_SEC_057_0006,SEC_057,385.824
OHE_SEC_057_0007,SEC_057,385.874
OHE_SEC_057_0008,SEC_057,385.924
OHE_SEC_057_0009,SEC_057,385.974
OHE_SEC_057_0010,SEC_057,386.023
OHE_SEC_057_0011,SEC_057,386.073
OHE_SEC_057_0012,SEC_057,386.123
OHE_SEC_057_0013,SEC_057,386.173
OHE_SEC_057_0014,SEC_057,386.222
OHE_SEC_057_0015,SEC_057,386.272
OHE_SEC_057_0016,SEC_057,386.322
OHE_SEC_057_0017,SEC_057,386.371
OHE_SEC_057_0018,SEC_057,386.421
OHE_SEC_057_0019,SEC_057,386.471
OHE_SEC_057_0020,SEC_057,386.521
OHE_SEC_057_0021,SEC_057,386.57
OHE_SEC_057_0022,SEC_057,386.62
OHE_SEC_057_0023,SEC_057,386.67
OHE_SEC_057_0024,SEC_057,386.72
OHE_SEC_057_0025,SEC_057,386.769
OHE_SEC_057_0026,SEC_057,386.819
OHE_SEC_057_0027,SEC_057,386.869
OHE_SEC_057_0028,SEC_057,386.919
OHE_SEC_057_0029,SEC_057,386.968
OHE_SEC_057_0030,SEC_057,387.018
OHE_SEC_057_0031,SEC_057,387.068
OHE_SEC_057_0032,SEC_057,387.117
OHE_SEC_057_0033,SEC_057,387.167
OHE_SEC_057_0034,SEC_057,387.217
OHE_SEC_057_0035,SEC_057,387.267
OHE_SEC_057_0036,SEC_057,387.316
OHE_SEC_057_0037,SEC_057,387.366
OHE_SEC_057_0038,SEC_057,387.416
OHE_SEC_057_0039,SEC_057,387.466
OHE_SEC_057_0040,SEC_057,387.515
OHE_SEC_057_0041,SEC_057,387.565
OHE_SEC_057_0042,SEC_057,387.615
OHE_SEC_057_0043,SEC_057,387.665
OHE_SEC_057_0044,SEC_057,387.714
OHE_SEC_057_0045,SEC_057,387.764
OHE_SEC_057_0046,SEC_057,387.814
OHE_SEC_057_0047,SEC_057,387.863
OHE_SEC_057_0048,SEC_057,387.913
OHE_SEC_057_0049,SEC_057,387.963
OHE_SEC_057_0050,SEC_057,388.013
OHE_SEC_057_0051,SEC_057,388.062
OHE_SEC_057_0052,SEC_057,388.112
OHE_SEC_057_0053,SEC_057,388.162
OHE_SEC_057_0054,SEC_057,388.212
OHE_SEC_057_0055,SEC_057,388.261
OHE_SEC_057_0056,SEC_057,388.311
OHE_SEC_057_0057,SEC_057,388.361
OHE_SEC_057_0058,SEC_057,388.411
OHE_SEC_057_0059,SEC_057,388.46
OHE_SEC_057_0060,SEC_057,388.51
OHE_SEC_057_0061,SEC_057,388.56
OHE_SEC_057_0062,SEC_057,388.609
OHE_SEC_057_0063,SEC_057,388.659
OHE_SEC_057_0064,SEC_057,388.709
OHE_SEC_057_0065,SEC_057,388.759
OHE_SEC_057_0066,SEC_057,388.808
OHE_SEC_057_0067,SEC_057,388.858
OHE_SEC_057_0068,SEC_057,388.908
OHE_SEC_057_0069,SEC_057,388.958
OHE_SEC_057_0070,SEC_057,389.007
OHE_SEC_057_0071,SEC_057,389.057
OHE_SEC_057_0072,SEC_057,389.107
OHE_SEC_057_0073,SEC_057,389.156
OHE_SEC_057_0074,SEC_057,389.206
OHE_SEC_057_0075,SEC_057,389.256
OHE_SEC_057_0076,SEC_057,389.306
OHE_SEC_057_0077,SEC_057,389.355
OHE_SEC_057_0078,SEC_057,389.405
OHE_SEC_057_0079,SEC_057,389.455
OHE_SEC_057_0080,SEC_057,389.505
OHE_SEC_057_0081,SEC_057,389.554
OHE_SEC_057_0082,SEC_057,389.604
OHE_SEC_057_0083,SEC_057,389.654
OHE_SEC_057_0084,SEC_057,389.704
OHE_SEC_057_0085,SEC_057,389.753
OHE_SEC_057_0086,SEC_057,389.803
OHE_SEC_057_0087,SEC_057,389.853
OHE_SEC_057_0088,SEC_057,389.902
OHE_SEC_057_0089,SEC_057,389.952
OHE_SEC_057_0090,SEC_057,390.002
OHE_SEC_057_0091,SEC_057,390.052
OHE_SEC_057_0092,SEC_057,390.101
OHE_SEC_057_0093,SEC_057,390.151
OHE_SEC_057_0094,SEC_057,390.201
OHE_SEC_057_0095,SEC_057,390.251
OHE_SEC_057_0096,SEC_057,390.3
OHE_SEC_057_0097,SEC_057,390.35
OHE_SEC_057_0098,SEC_057,390.4
OHE_SEC_057_0099,SEC_057,390.45
OHE_SEC_057_0100,SEC_057,390.499
OHE_SEC_057_0101,SEC_057,390.549
OHE_SEC_057_0102,SEC_057,390.599
OHE_SEC_057_0103,SEC_057,390.648
OHE_SEC_057_0104,SEC_057,390.698
OHE_SEC_057_0105,SEC_057,390.748
OHE_SEC_057_0106,SEC_057,390.798
OHE_SEC_057_0107,SEC_057,390.847
OHE_SEC_057_0108,SEC_057,390.897
OHE_SEC_057_0109,SEC_057,390.947
OHE_SEC_057_0110,SEC_057,390.997
OHE_SEC_057_0111,SEC_057,391.046
OHE_SEC_057_0112,SEC_057,391.096
OHE_SEC_057_0113,SEC_057,391.146
OHE_SEC_057_0114,SEC_057,391.196
OHE_SEC_057_0115,SEC_057,391.245
OHE_SEC_057_0116,SEC_057,391.295
OHE_SEC_057_0117,SEC_057,391.345
OHE_SEC_057_0118,SEC_057,391.394
OHE_SEC_057_0119,SEC_057,391.444
OHE_SEC_057_0120,SEC_057,391.494
OHE_SEC_057_0121,SEC_057,391.544
OHE_SEC_057_0122,SEC_057,391.593
OHE_SEC_057_0123,SEC_057,391.643
OHE_SEC_057_0124,SEC_057,391.693
OHE_SEC_057_0125,SEC_057,391.743
OHE_SEC_057_0126,SEC_057,391.792
OHE_SEC_057_0127,SEC_057,391.842
OHE_SEC_057_0128,SEC_057,391.892
OHE_SEC_057_0129,SEC_057,391.942
OHE_SEC_057_0130,SEC_057,391.991
OHE_SEC_057_0131,SEC_057,392.041
OHE_SEC_057_0132,SEC_057,392.091
OHE_SEC_057_0133,SEC_057,392.14
OHE_SEC_057_0134,SEC_057,392.19
OHE_SEC_057_0135,SEC_057,392.24
OHE_SEC_057_0136,SEC_057,392.29
OHE_SEC_057_0137,SEC_057,392.339
OHE_SEC_057_0138,SEC_057,392.389
OHE_SEC_057_0139,SEC_057,392.439
OHE_SEC_057_0140,SEC_057,392.489
OHE_SEC_057_0141,SEC_057,392.538
OHE_SEC_057_0142,SEC_057,392.588
OHE_SEC_057_0143,SEC_057,392.638
OHE_SEC_057_0144,SEC_057,392.688
OHE_SEC_057_0145,SEC_057,392.737
OHE_SEC_058_0001,SEC_058,392.837
OHE_SEC_058_0002,SEC_058,392.886
OHE_SEC_058_0003,SEC_058,392.936
OHE_SEC_058_0004,SEC_058,392.986
OHE_SEC_058_0005,SEC_058,393.035
OHE_SEC_058_0006,SEC_058,393.085
OHE_SEC_058_0007,SEC_058,393.135
OHE_SEC_058_0008,SEC_058,393.184
OHE_SEC_058_0009,SEC_058,393.234
OHE_SEC_058_0010,SEC_058,393.284
OHE_SEC_058_0011,SEC_058,393.333
OHE_SEC_058_0012,SEC_058,393.383
OHE_SEC_058_0013,SEC_058,393.433
OHE_SEC_058_0014,SEC_058,393.483
OHE_SEC_058_0015,SEC_058,393.532
OHE_SEC_058_0016,SEC_058,393.582
OHE_SEC_058_0017,SEC_058,393.632
OHE_SEC_058_0018,SEC_058,393.681
OHE_SEC_058_0019,SEC_058,393.731
OHE_SEC_058_0020,SEC_058,393.781
OHE_SEC_058_0021,SEC_058,393.83
OHE_SEC_058_0022,SEC_058,393.88
OHE_SEC_058_0023,SEC_058,393.93
OHE_SEC_058_0024,SEC_058,393.979
OHE_SEC_058_0025,SEC_058,394.029
OHE_SEC_058_0026,SEC_058,394.079
OHE_SEC_058_0027,SEC_058,394.128
OHE_SEC_058_0028,SEC_058,394.178
OHE_SEC_058_0029,SEC_058,394.228
OHE_SEC_058_0030,SEC_058,394.277
OHE_SEC_058_0031,SEC_058,394.327
OHE_SEC_058_0032,SEC_058,394.377
OHE_SEC_058_0033,SEC_058,394.426
OHE_SEC_058_0034,SEC_058,394.476
OHE_SEC_058_0035,SEC_058,394.526
OHE_SEC_058_0036,SEC_058,394.575
OHE_SEC_058_0037,SEC_058,394.625
OHE_SEC_058_0038,SEC_058,394.675
OHE_SEC_058_0039,SEC_058,394.724
OHE_SEC_058_0040,SEC_058,394.774
OHE_SEC_058_0041,SEC_058,394.824
OHE_SEC_058_0042,SEC_058,394.874
OHE_SEC_058_0043,SEC_058,394.923
OHE_SEC_058_0044,SEC_058,394.973
OHE_SEC_058_0045,SEC_058,395.023
OHE_SEC_058_0046,SEC_058,395.072
OHE_SEC_058_0047,SEC_058,395.122
OHE_SEC_058_0048,SEC_058,395.172
OHE_SEC_058_0049,SEC_058,395.221
OHE_SEC_058_0050,SEC_058,395.271
OHE_SEC_058_0051,SEC_058,395.321
OHE_SEC_058_0052,SEC_058,395.37
OHE_SEC_058_0053,SEC_058,395.42
OHE_SEC_058_0054,SEC_058,395.47
OHE_SEC_058_0055,SEC_058,395.519
OHE_SEC_058_0056,SEC_058,395.569
OHE_SEC_058_0057,SEC_058,395.619
OHE_SEC_058_0058,SEC_058,395.668
OHE_SEC_058_0059,SEC_058,395.718
OHE_SEC_058_0060,SEC_058,395.768
OHE_SEC_058_0061,SEC_058,395.817
OHE_SEC_058_0062,SEC_058,395.867
OHE_SEC_058_0063,SEC_058,395.917
OHE_SEC_058_0064,SEC_058,395.966
OHE_SEC_058_0065,SEC_058,396.016
OHE_SEC_058_0066,SEC_058,396.066
OHE_SEC_058_0067,SEC_058,396.115
OHE_SEC_058_0068,SEC_058,396.165
OHE_SEC_058_0069,SEC_058,396.215
OHE_SEC_058_0070,SEC_058,396.265
OHE_SEC_058_0071,SEC_058,396.314
OHE_SEC_058_0072,SEC_058,396.364
OHE_SEC_058_0073,SEC_058,396.414
OHE_SEC_058_0074,SEC_058,396.463
OHE_SEC_058_0075,SEC_058,396.513
OHE_SEC_058_0076,SEC_058,396.563
OHE_SEC_058_0077,SEC_058,396.612
OHE_SEC_058_0078,SEC_058,396.662
OHE_SEC_058_0079,SEC_058,396.712
OHE_SEC_058_0080,SEC_058,396.761
OHE_SEC_058_0081,SEC_058,396.811
OHE_SEC_058_0082,SEC_058,396.861
OHE_SEC_058_0083,SEC_058,396.91
OHE_SEC_058_0084,SEC_058,396.96
OHE_SEC_058_0085,SEC_058,397.01
OHE_SEC_058_0086,SEC_058,397.059
OHE_SEC_058_0087,SEC_058,397.109
OHE_SEC_058_0088,SEC_058,397.159
OHE_SEC_058_0089,SEC_058,397.208
OHE_SEC_058_0090,SEC_058,397.258
OHE_SEC_058_0091,SEC_058,397.308
OHE_SEC_058_0092,SEC_058,397.357
OHE_SEC_058_0093,SEC_058,397.407
OHE_SEC_058_0094,SEC_058,397.457
OHE_SEC_058_0095,SEC_058,397.506
OHE_SEC_058_0096,SEC_058,397.556
OHE_SEC_058_0097,SEC_058,397.606
OHE_SEC_058_0098,SEC_058,397.656
OHE_SEC_058_0099,SEC_058,397.705
OHE_SEC_058_0100,SEC_058,397.755
OHE_SEC_058_0101,SEC_058,397.805
OHE_SEC_058_0102,SEC_058,397.854
OHE_SEC_058_0103,SEC_058,397.904
OHE_SEC_058_0104,SEC_058,397.954
OHE_SEC_058_0105,SEC_058,398.003
OHE_SEC_058_0106,SEC_058,398.053
OHE_SEC_058_0107,SEC_058,398.103
OHE_SEC_058_0108,SEC_058,398.152
OHE_SEC_058_0109,SEC_058,398.202
OHE_SEC_058_0110,SEC_058,398.252
OHE_SEC_058_0111,SEC_058,398.301
OHE_SEC_058_0112,SEC_058,398.351
OHE_SEC_058_0113,SEC_058,398.401
OHE_SEC_058_0114,SEC_058,398.45
OHE_SEC_058_0115,SEC_058,398.5
OHE_SEC_058_0116,SEC_058,398.55
OHE_SEC_058_0117,SEC_058,398.599
OHE_SEC_058_0118,SEC_058,398.649
OHE_SEC_058_0119,SEC_058,398.699
OHE_SEC_058_0120,SEC_058,398.748
OHE_SEC_058_0121,SEC_058,398.798
OHE_SEC_058_0122,SEC_058,398.848
OHE_SEC_058_0123,SEC_058,398.897
OHE_SEC_058_0124,SEC_058,398.947
OHE_SEC_058_0125,SEC_058,398.997
OHE_SEC_058_0126,SEC_058,399.047
OHE_SEC_058_0127,SEC_058,399.096
OHE_SEC_058_0128,SEC_058,399.146
OHE_SEC_058_0129,SEC_058,399.196
OHE_SEC_058_0130,SEC_058,399.245
OHE_SEC_058_0131,SEC_058,399.295
OHE_SEC_058_0132,SEC_058,399.345
OHE_SEC_058_0133,SEC_058,399.394
OHE_SEC_058_0134,SEC_058,399.444
OHE_SEC_058_0135,SEC_058,399.494
OHE_SEC_058_0136,SEC_058,399.543
OHE_SEC_059_0001,SEC_059,399.643
OHE_SEC_059_0002,SEC_059,399.692
OHE_SEC_059_0003,SEC_059,399.742
OHE_SEC_059_0004,SEC_059,399.792
OHE_SEC_059_0005,SEC_059,399.842
OHE_SEC_059_0006,SEC_059,399.891
OHE_SEC_059_0007,SEC_059,399.941
OHE_SEC_059_0008,SEC_059,399.991
OHE_SEC_059_0009,SEC_059,400.04
OHE_SEC_059_0010,SEC_059,400.09
OHE_SEC_059_0011,SEC_059,400.14
OHE_SEC_059_0012,SEC_059,400.189
OHE_SEC_059_0013,SEC_059,400.239
OHE_SEC_059_0014,SEC_059,400.289
OHE_SEC_059_0015,SEC_059,400.339
OHE_SEC_059_0016,SEC_059,400.388
OHE_SEC_059_0017,SEC_059,400.438
OHE_SEC_059_0018,SEC_059,400.488
OHE_SEC_059_0019,SEC_059,400.537
OHE_SEC_059_0020,SEC_059,400.587
OHE_SEC_059_0021,SEC_059,400.637
OHE_SEC_059_0022,SEC_059,400.687
OHE_SEC_059_0023,SEC_059,400.736
OHE_SEC_059_0024,SEC_059,400.786
OHE_SEC_059_0025,SEC_059,400.836
OHE_SEC_059_0026,SEC_059,400.885
OHE_SEC_059_0027,SEC_059,400.935
OHE_SEC_059_0028,SEC_059,400.985
OHE_SEC_059_0029,SEC_059,401.034
OHE_SEC_059_0030,SEC_059,401.084
OHE_SEC_059_0031,SEC_059,401.134
OHE_SEC_059_0032,SEC_059,401.184
OHE_SEC_059_0033,SEC_059,401.233
OHE_SEC_059_0034,SEC_059,401.283
OHE_SEC_059_0035,SEC_059,401.333
OHE_SEC_059_0036,SEC_059,401.382
OHE_SEC_059_0037,SEC_059,401.432
OHE_SEC_059_0038,SEC_059,401.482
OHE_SEC_059_0039,SEC_059,401.531
OHE_SEC_059_0040,SEC_059,401.581
OHE_SEC_059_0041,SEC_059,401.631
OHE_SEC_059_0042,SEC_059,401.681
OHE_SEC_059_0043,SEC_059,401.73
OHE_SEC_059_0044,SEC_059,401.78
OHE_SEC_059_0045,SEC_059,401.83
OHE_SEC_059_0046,SEC_059,401.879
OHE_SEC_059_0047,SEC_059,401.929
OHE_SEC_059_0048,SEC_059,401.979
OHE_SEC_059_0049,SEC_059,402.029
OHE_SEC_059_0050,SEC_059,402.078
OHE_SEC_059_0051,SEC_059,402.128
OHE_SEC_059_0052,SEC_059,402.178
OHE_SEC_059_0053,SEC_059,402.227
OHE_SEC_059_0054,SEC_059,402.277
OHE_SEC_059_0055,SEC_059,402.327
OHE_SEC_059_0056,SEC_059,402.376
OHE_SEC_059_0057,SEC_059,402.426
OHE_SEC_059_0058,SEC_059,402.476
OHE_SEC_059_0059,SEC_059,402.526
OHE_SEC_059_0060,SEC_059,402.575
OHE_SEC_059_0061,SEC_059,402.625
OHE_SEC_059_0062,SEC_059,402.675
OHE_SEC_059_0063,SEC_059,402.724
OHE_SEC_059_0064,SEC_059,402.774
OHE_SEC_059_0065,SEC_059,402.824
OHE_SEC_059_0066,SEC_059,402.874
OHE_SEC_059_0067,SEC_059,402.923
OHE_SEC_059_0068,SEC_059,402.973
OHE_SEC_059_0069,SEC_059,403.023
OHE_SEC_059_0070,SEC_059,403.072
OHE_SEC_059_0071,SEC_059,403.122
OHE_SEC_059_0072,SEC_059,403.172
OHE_SEC_059_0073,SEC_059,403.221
OHE_SEC_059_0074,SEC_059,403.271
OHE_SEC_059_0075,SEC_059,403.321
OHE_SEC_059_0076,SEC_059,403.371
OHE_SEC_059_0077,SEC_059,403.42
OHE_SEC_059_0078,SEC_059,403.47
OHE_SEC_059_0079,SEC_059,403.52
OHE_SEC_059_0080,SEC_059,403.569
OHE_SEC_059_0081,SEC_059,403.619
OHE_SEC_059_0082,SEC_059,403.669
OHE_SEC_059_0083,SEC_059,403.719
OHE_SEC_059_0084,SEC_059,403.768
OHE_SEC_059_0085,SEC_059,403.818
OHE_SEC_059_0086,SEC_059,403.868
OHE_SEC_059_0087,SEC_059,403.917
OHE_SEC_059_0088,SEC_059,403.967
OHE_SEC_059_0089,SEC_059,404.017
OHE_SEC_059_0090,SEC_059,404.066
OHE_SEC_059_0091,SEC_059,404.116
OHE_SEC_059_0092,SEC_059,404.166
OHE_SEC_059_0093,SEC_059,404.216
OHE_SEC_059_0094,SEC_059,404.265
OHE_SEC_059_0095,SEC_059,404.315
OHE_SEC_059_0096,SEC_059,404.365
OHE_SEC_059_0097,SEC_059,404.414
OHE_SEC_059_0098,SEC_059,404.464
OHE_SEC_059_0099,SEC_059,404.514
OHE_SEC_059_0100,SEC_059,404.563
OHE_SEC_059_0101,SEC_059,404.613
OHE_SEC_059_0102,SEC_059,404.663
OHE_SEC_059_0103,SEC_059,404.713
OHE_SEC_059_0104,SEC_059,404.762
OHE_SEC_059_0105,SEC_059,404.812
OHE_SEC_059_0106,SEC_059,404.862
OHE_SEC_059_0107,SEC_059,404.911
OHE_SEC_059_0108,SEC_059,404.961
OHE_SEC_059_0109,SEC_059,405.011
OHE_SEC_059_0110,SEC_059,405.061
OHE_SEC_059_0111,SEC_059,405.11
OHE_SEC_059_0112,SEC_059,405.16
OHE_SEC_059_0113,SEC_059,405.21
OHE_SEC_059_0114,SEC_059,405.259
OHE_SEC_059_0115,SEC_059,405.309
OHE_SEC_059_0116,SEC_059,405.359
OHE_SEC_059_0117,SEC_059,405.408
OHE_SEC_059_0118,SEC_059,405.458
OHE_SEC_059_0119,SEC_059,405.508
OHE_SEC_059_0120,SEC_059,405.558
OHE_SEC_059_0121,SEC_059,405.607
OHE_SEC_059_0122,SEC_059,405.657
OHE_SEC_059_0123,SEC_059,405.707
OHE_SEC_059_0124,SEC_059,405.756
OHE_SEC_059_0125,SEC_059,405.806
OHE_SEC_059_0126,SEC_059,405.856
OHE_SEC_059_0127,SEC_059,405.906
OHE_SEC_059_0128,SEC_059,405.955
OHE_SEC_059_0129,SEC_059,406.005
OHE_SEC_059_0130,SEC_059,406.055
OHE_SEC_059_0131,SEC_059,406.104
OHE_SEC_059_0132,SEC_059,406.154
OHE_SEC_059_0133,SEC_059,406.204
OHE_SEC_059_0134,SEC_059,406.253
OHE_SEC_059_0135,SEC_059,406.303
OHE_SEC_059_0136,SEC_059,406.353
OHE_SEC_059_0137,SEC_059,406.403
OHE_SEC_059_0138,SEC_059,406.452
OHE_SEC_059_0139,SEC_059,406.502
OHE_SEC_059_0140,SEC_059,406.552
OHE_SEC_059_0141,SEC_059,406.601
OHE_SEC_059_0142,SEC_059,406.651
OHE_SEC_059_0143,SEC_059,406.701
OHE_SEC_059_0144,SEC_059,406.75
OHE_SEC_059_0145,SEC_059,406.8
OHE_SEC_059_0146,SEC_059,406.85
OHE_SEC_059_0147,SEC_059,406.9
OHE_SEC_059_0148,SEC_059,406.949
OHE_SEC_059_0149,SEC_059,406.999
OHE_SEC_059_0150,SEC_059,407.049
OHE_SEC_059_0151,SEC_059,407.098
OHE_SEC_059_0152,SEC_059,407.148
OHE_SEC_059_0153,SEC_059,407.198
OHE_SEC_059_0154,SEC_059,407.248
OHE_SEC_059_0155,SEC_059,407.297
OHE_SEC_059_0156,SEC_059,407.347
OHE_SEC_059_0157,SEC_059,407.397
OHE_SEC_059_0158,SEC_059,407.446
OHE_SEC_059_0159,SEC_059,407.496
OHE_SEC_059_0160,SEC_059,407.546
OHE_SEC_059_0161,SEC_059,407.595
OHE_SEC_059_0162,SEC_059,407.645
OHE_SEC_059_0163,SEC_059,407.695
OHE_SEC_059_0164,SEC_059,407.745
OHE_SEC_059_0165,SEC_059,407.794
OHE_SEC_060_0001,SEC_060,407.894
OHE_SEC_060_0002,SEC_060,407.944
OHE_SEC_060_0003,SEC_060,407.993
OHE_SEC_060_0004,SEC_060,408.043
OHE_SEC_060_0005,SEC_060,408.093
OHE_SEC_060_0006,SEC_060,408.143
OHE_SEC_060_0007,SEC_060,408.193
OHE_SEC_060_0008,SEC_060,408.243
OHE_SEC_060_0009,SEC_060,408.292
OHE_SEC_060_0010,SEC_060,408.342
OHE_SEC_060_0011,SEC_060,408.392
OHE_SEC_060_0012,SEC_060,408.442
OHE_SEC_060_0013,SEC_060,408.492
OHE_SEC_060_0014,SEC_060,408.542
OHE_SEC_060_0015,SEC_060,408.591
OHE_SEC_060_0016,SEC_060,408.641
OHE_SEC_060_0017,SEC_060,408.691
OHE_SEC_060_0018,SEC_060,408.741
OHE_SEC_060_0019,SEC_060,408.791
OHE_SEC_060_0020,SEC_060,408.84
OHE_SEC_060_0021,SEC_060,408.89
OHE_SEC_060_0022,SEC_060,408.94
OHE_SEC_060_0023,SEC_060,408.99
OHE_SEC_060_0024,SEC_060,409.04
OHE_SEC_060_0025,SEC_060,409.09
OHE_SEC_060_0026,SEC_060,409.139
OHE_SEC_060_0027,SEC_060,409.189
OHE_SEC_060_0028,SEC_060,409.239
OHE_SEC_060_0029,SEC_060,409.289
OHE_SEC_060_0030,SEC_060,409.339
OHE_SEC_060_0031,SEC_060,409.389
OHE_SEC_060_0032,SEC_060,409.438
OHE_SEC_060_0033,SEC_060,409.488
OHE_SEC_060_0034,SEC_060,409.538
OHE_SEC_060_0035,SEC_060,409.588
OHE_SEC_060_0036,SEC_060,409.638
OHE_SEC_060_0037,SEC_060,409.687
OHE_SEC_060_0038,SEC_060,409.737
OHE_SEC_060_0039,SEC_060,409.787
OHE_SEC_060_0040,SEC_060,409.837
OHE_SEC_060_0041,SEC_060,409.887
OHE_SEC_060_0042,SEC_060,409.937
OHE_SEC_060_0043,SEC_060,409.986
OHE_SEC_060_0044,SEC_060,410.036
OHE_SEC_060_0045,SEC_060,410.086
OHE_SEC_060_0046,SEC_060,410.136
OHE_SEC_060_0047,SEC_060,410.186
OHE_SEC_060_0048,SEC_060,410.236
OHE_SEC_060_0049,SEC_060,410.285
OHE_SEC_060_0050,SEC_060,410.335
OHE_SEC_060_0051,SEC_060,410.385
OHE_SEC_060_0052,SEC_060,410.435
OHE_SEC_060_0053,SEC_060,410.485
OHE_SEC_060_0054,SEC_060,410.534
OHE_SEC_060_0055,SEC_060,410.584
OHE_SEC_060_0056,SEC_060,410.634
OHE_SEC_060_0057,SEC_060,410.684
OHE_SEC_060_0058,SEC_060,410.734
OHE_SEC_060_0059,SEC_060,410.784
OHE_SEC_060_0060,SEC_060,410.833
OHE_SEC_060_0061,SEC_060,410.883
OHE_SEC_060_0062,SEC_060,410.933
OHE_SEC_060_0063,SEC_060,410.983
OHE_SEC_060_0064,SEC_060,411.033
OHE_SEC_060_0065,SEC_060,411.083
OHE_SEC_060_0066,SEC_060,411.132
OHE_SEC_060_0067,SEC_060,411.182
OHE_SEC_060_0068,SEC_060,411.232
OHE_SEC_060_0069,SEC_060,411.282
OHE_SEC_060_0070,SEC_060,411.332
OHE_SEC_060_0071,SEC_060,411.381
OHE_SEC_060_0072,SEC_060,411.431
OHE_SEC_060_0073,SEC_060,411.481
OHE_SEC_060_0074,SEC_060,411.531
OHE_SEC_060_0075,SEC_060,411.581
OHE_SEC_060_0076,SEC_060,411.631
OHE_SEC_060_0077,SEC_060,411.68
OHE_SEC_060_0078,SEC_060,411.73
OHE_SEC_060_0079,SEC_060,411.78
OHE_SEC_060_0080,SEC_060,411.83
OHE_SEC_060_0081,SEC_060,411.88
OHE_SEC_060_0082,SEC_060,411.93
OHE_SEC_060_0083,SEC_060,411.979
OHE_SEC_060_0084,SEC_060,412.029
OHE_SEC_060_0085,SEC_060,412.079
OHE_SEC_060_0086,SEC_060,412.129
OHE_SEC_060_0087,SEC_060,412.179
OHE_SEC_060_0088,SEC_060,412.228
OHE_SEC_060_0089,SEC_060,412.278
OHE_SEC_060_0090,SEC_060,412.328
OHE_SEC_060_0091,SEC_060,412.378
OHE_SEC_060_0092,SEC_060,412.428
OHE_SEC_060_0093,SEC_060,412.478
OHE_SEC_060_0094,SEC_060,412.527
OHE_SEC_060_0095,SEC_060,412.577
OHE_SEC_060_0096,SEC_060,412.627
OHE_SEC_060_0097,SEC_060,412.677
OHE_SEC_060_0098,SEC_060,412.727
OHE_SEC_060_0099,SEC_060,412.777
OHE_SEC_060_0100,SEC_060,412.826
OHE_SEC_060_0101,SEC_060,412.876
OHE_SEC_060_0102,SEC_060,412.926
OHE_SEC_060_0103,SEC_060,412.976
OHE_SEC_060_0104,SEC_060,413.026
OHE_SEC_060_0105,SEC_060,413.075
OHE_SEC_060_0106,SEC_060,413.125
OHE_SEC_060_0107,SEC_060,413.175
OHE_SEC_060_0108,SEC_060,413.225
OHE_SEC_060_0109,SEC_060,413.275
OHE_SEC_060_0110,SEC_060,413.325
OHE_SEC_060_0111,SEC_060,413.374
OHE_SEC_060_0112,SEC_060,413.424
OHE_SEC_060_0113,SEC_060,413.474
OHE_SEC_060_0114,SEC_060,413.524
OHE_SEC_060_0115,SEC_060,413.574
OHE_SEC_060_0116,SEC_060,413.624
OHE_SEC_060_0117,SEC_060,413.673
OHE_SEC_060_0118,SEC_060,413.723
OHE_SEC_060_0119,SEC_060,413.773
OHE_SEC_060_0120,SEC_060,413.823
OHE_SEC_060_0121,SEC_060,413.873
OHE_SEC_060_0122,SEC_060,413.922
OHE_SEC_060_0123,SEC_060,413.972
OHE_SEC_060_0124,SEC_060,414.022
OHE_SEC_060_0125,SEC_060,414.072
OHE_SEC_060_0126,SEC_060,414.122
OHE_SEC_060_0127,SEC_060,414.172
OHE_SEC_060_0128,SEC_060,414.221
OHE_SEC_060_0129,SEC_060,414.271
OHE_SEC_060_0130,SEC_060,414.321
OHE_SEC_060_0131,SEC_060,414.371
OHE_SEC_060_0132,SEC_060,414.421
OHE_SEC_060_0133,SEC_060,414.471
OHE_SEC_060_0134,SEC_060,414.52
OHE_SEC_060_0135,SEC_060,414.57
OHE_SEC_060_0136,SEC_060,414.62
OHE_SEC_060_0137,SEC_060,414.67
OHE_SEC_060_0138,SEC_060,414.72
OHE_SEC_060_0139,SEC_060,414.769
OHE_SEC_060_0140,SEC_060,414.819
OHE_SEC_060_0141,SEC_060,414.869
OHE_SEC_060_0142,SEC_060,414.919
OHE_SEC_060_0143,SEC_060,414.969
OHE_SEC_060_0144,SEC_060,415.019
OHE_SEC_060_0145,SEC_060,415.068
OHE_SEC_060_0146,SEC_060,415.118
OHE_SEC_060_0147,SEC_060,415.168
OHE_SEC_060_0148,SEC_060,415.218
OHE_SEC_060_0149,SEC_060,415.268
OHE_SEC_060_0150,SEC_060,415.318
OHE_SEC_060_0151,SEC_060,415.367
OHE_SEC_060_0152,SEC_060,415.417
OHE_SEC_060_0153,SEC_060,415.467
OHE_SEC_060_0154,SEC_060,415.517
OHE_SEC_060_0155,SEC_060,415.567
OHE_SEC_060_0156,SEC_060,415.616
OHE_SEC_060_0157,SEC_060,415.666
OHE_SEC_060_0158,SEC_060,415.716
OHE_SEC_060_0159,SEC_060,415.766
OHE_SEC_060_0160,SEC_060,415.816
OHE_SEC_060_0161,SEC_060,415.866
OHE_SEC_060_0162,SEC_060,415.915
OHE_SEC_060_0163,SEC_060,415.965
OHE_SEC_060_0164,SEC_060,416.015
OHE_SEC_060_0165,SEC_060,416.065
OHE_SEC_060_0166,SEC_060,416.115
OHE_SEC_060_0167,SEC_060,416.165
OHE_SEC_060_0168,SEC_060,416.214
OHE_SEC_060_0169,SEC_060,416.264
OHE_SEC_060_0170,SEC_060,416.314
OHE_SEC_060_0171,SEC_060,416.364
OHE_SEC_060_0172,SEC_060,416.414
OHE_SEC_060_0173,SEC_060,416.463
OHE_SEC_060_0174,SEC_060,416.513
OHE_SEC_060_0175,SEC_060,416.563
OHE_SEC_060_0176,SEC_060,416.613
OHE_SEC_060_0177,SEC_060,416.663
OHE_SEC_060_0178,SEC_060,416.713
OHE_SEC_060_0179,SEC_060,416.762
OHE_SEC_060_0180,SEC_060,416.812
OHE_SEC_060_0181,SEC_060,416.862
OHE_SEC_060_0182,SEC_060,416.912
OHE_SEC_060_0183,SEC_060,416.962
OHE_SEC_060_0184,SEC_060,417.012
OHE_SEC_060_0185,SEC_060,417.061
OHE_SEC_060_0186,SEC_060,417.111
OHE_SEC_060_0187,SEC_060,417.161
OHE_SEC_060_0188,SEC_060,417.211
OHE_SEC_060_0189,SEC_060,417.261
OHE_SEC_060_0190,SEC_060,417.31
OHE_SEC_060_0191,SEC_060,417.36
OHE_SEC_060_0192,SEC_060,417.41
OHE_SEC_060_0193,SEC_060,417.46
OHE_SEC_060_0194,SEC_060,417.51
OHE_SEC_060_0195,SEC_060,417.56
OHE_SEC_060_0196,SEC_060,417.609
OHE_SEC_060_0197,SEC_060,417.659
OHE_SEC_060_0198,SEC_060,417.709
OHE_SEC_060_0199,SEC_060,417.759
OHE_SEC_060_0200,SEC_060,417.809
OHE_SEC_060_0201,SEC_060,417.859
OHE_SEC_060_0202,SEC_060,417.908
OHE_SEC_060_0203,SEC_060,417.958
OHE_SEC_060_0204,SEC_060,418.008
OHE_SEC_060_0205,SEC_060,418.058
OHE_SEC_060_0206,SEC_060,418.108
OHE_SEC_060_0207,SEC_060,418.157
OHE_SEC_060_0208,SEC_060,418.207
OHE_SEC_060_0209,SEC_060,418.257
OHE_SEC_060_0210,SEC_060,418.307
OHE_SEC_060_0211,SEC_060,418.357
OHE_SEC_060_0212,SEC_060,418.407
OHE_SEC_060_0213,SEC_060,418.456
OHE_SEC_060_0214,SEC_060,418.506
OHE_SEC_060_0215,SEC_060,418.556
OHE_SEC_060_0216,SEC_060,418.606
OHE_SEC_060_0217,SEC_060,418.656
OHE_SEC_060_0218,SEC_060,418.706
OHE_SEC_060_0219,SEC_060,418.755
OHE_SEC_060_0220,SEC_060,418.805
OHE_SEC_060_0221,SEC_060,418.855
OHE_SEC_060_0222,SEC_060,418.905
OHE_SEC_060_0223,SEC_060,418.955
OHE_SEC_060_0224,SEC_060,419.004
OHE_SEC_060_0225,SEC_060,419.054
OHE_SEC_060_0226,SEC_060,419.104
OHE_SEC_060_0227,SEC_060,419.154
OHE_SEC_060_0228,SEC_060,419.204
OHE_SEC_060_0229,SEC_060,419.254
OHE_SEC_060_0230,SEC_060,419.303
OHE_SEC_060_0231,SEC_060,419.353
OHE_SEC_060_0232,SEC_060,419.403
OHE_SEC_060_0233,SEC_060,419.453
OHE_SEC_060_0234,SEC_060,419.503
OHE_SEC_060_0235,SEC_060,419.553
OHE_SEC_060_0236,SEC_060,419.602
OHE_SEC_060_0237,SEC_060,419.652
OHE_SEC_061_0001,SEC_061,419.752
OHE_SEC_061_0002,SEC_061,419.802
OHE_SEC_061_0003,SEC_061,419.852
OHE_SEC_061_0004,SEC_061,419.902
OHE_SEC_061_0005,SEC_061,419.952
OHE_SEC_061_0006,SEC_061,420.002
OHE_SEC_061_0007,SEC_061,420.052
OHE_SEC_061_0008,SEC_061,420.102
OHE_SEC_061_0009,SEC_061,420.152
OHE_SEC_061_0010,SEC_061,420.202
OHE_SEC_061_0011,SEC_061,420.252
OHE_SEC_061_0012,SEC_061,420.302
OHE_SEC_061_0013,SEC_061,420.352
OHE_SEC_061_0014,SEC_061,420.402
OHE_SEC_061_0015,SEC_061,420.452
OHE_SEC_061_0016,SEC_061,420.502
OHE_SEC_061_0017,SEC_061,420.552
OHE_SEC_061_0018,SEC_061,420.602
OHE_SEC_061_0019,SEC_061,420.652
OHE_SEC_061_0020,SEC_061,420.702
OHE_SEC_061_0021,SEC_061,420.752
OHE_SEC_061_0022,SEC_061,420.802
OHE_SEC_061_0023,SEC_061,420.852
OHE_SEC_061_0024,SEC_061,420.902
OHE_SEC_061_0025,SEC_061,420.952
OHE_SEC_061_0026,SEC_061,421.002
OHE_SEC_061_0027,SEC_061,421.052
OHE_SEC_061_0028,SEC_061,421.102
OHE_SEC_061_0029,SEC_061,421.152
OHE_SEC_061_0030,SEC_061,421.202
OHE_SEC_061_0031,SEC_061,421.252
OHE_SEC_061_0032,SEC_061,421.302
OHE_SEC_061_0033,SEC_061,421.352
OHE_SEC_061_0034,SEC_061,421.402
OHE_SEC_061_0035,SEC_061,421.452
OHE_SEC_061_0036,SEC_061,421.502
OHE_SEC_061_0037,SEC_061,421.552
OHE_SEC_061_0038,SEC_061,421.602
OHE_SEC_061_0039,SEC_061,421.652
OHE_SEC_061_0040,SEC_061,421.702
OHE_SEC_061_0041,SEC_061,421.752
OHE_SEC_061_0042,SEC_061,421.801
OHE_SEC_061_0043,SEC_061,421.851
OHE_SEC_061_0044,SEC_061,421.901
OHE_SEC_061_0045,SEC_061,421.951
OHE_SEC_061_0046,SEC_061,422.001
OHE_SEC_061_0047,SEC_061,422.051
OHE_SEC_061_0048,SEC_061,422.101
OHE_SEC_061_0049,SEC_061,422.151
OHE_SEC_061_0050,SEC_061,422.201
OHE_SEC_061_0051,SEC_061,422.251
OHE_SEC_061_0052,SEC_061,422.301
OHE_SEC_061_0053,SEC_061,422.351
OHE_SEC_061_0054,SEC_061,422.401
OHE_SEC_061_0055,SEC_061,422.451
OHE_SEC_061_0056,SEC_061,422.501
OHE_SEC_061_0057,SEC_061,422.551
OHE_SEC_061_0058,SEC_061,422.601
OHE_SEC_061_0059,SEC_061,422.651
OHE_SEC_061_0060,SEC_061,422.701
OHE_SEC_061_0061,SEC_061,422.751
OHE_SEC_061_0062,SEC_061,422.801
OHE_SEC_061_0063,SEC_061,422.851
OHE_SEC_061_0064,SEC_061,422.901
OHE_SEC_061_0065,SEC_061,422.951
OHE_SEC_061_0066,SEC_061,423.001
OHE_SEC_061_0067,SEC_061,423.051
OHE_SEC_061_0068,SEC_061,423.101
OHE_SEC_061_0069,SEC_061,423.151
OHE_SEC_061_0070,SEC_061,423.201
OHE_SEC_061_0071,SEC_061,423.251
OHE_SEC_061_0072,SEC_061,423.301
OHE_SEC_061_0073,SEC_061,423.351
OHE_SEC_061_0074,SEC_061,423.401
OHE_SEC_061_0075,SEC_061,423.451
OHE_SEC_061_0076,SEC_061,423.501
OHE_SEC_061_0077,SEC_061,423.551
OHE_SEC_061_0078,SEC_061,423.601
OHE_SEC_061_0079,SEC_061,423.651
OHE_SEC_061_0080,SEC_061,423.701
OHE_SEC_061_0081,SEC_061,423.751
OHE_SEC_061_0082,SEC_061,423.801
OHE_SEC_061_0083,SEC_061,423.851
OHE_SEC_061_0084,SEC_061,423.901
OHE_SEC_061_0085,SEC_061,423.951
OHE_SEC_061_0086,SEC_061,424.001
OHE_SEC_061_0087,SEC_061,424.051
OHE_SEC_061_0088,SEC_061,424.101
OHE_SEC_061_0089,SEC_061,424.151
OHE_SEC_061_0090,SEC_061,424.201
OHE_SEC_061_0091,SEC_061,424.251
OHE_SEC_061_0092,SEC_061,424.301
OHE_SEC_061_0093,SEC_061,424.351
OHE_SEC_061_0094,SEC_061,424.401
OHE_SEC_061_0095,SEC_061,424.451
OHE_SEC_061_0096,SEC_061,424.501
OHE_SEC_061_0097,SEC_061,424.551
OHE_SEC_061_0098,SEC_061,424.601
OHE_SEC_061_0099,SEC_061,424.651
OHE_SEC_061_0100,SEC_061,424.701
OHE_SEC_061_0101,SEC_061,424.751
OHE_SEC_061_0102,SEC_061,424.801
OHE_SEC_061_0103,SEC_061,424.851
OHE_SEC_061_0104,SEC_061,424.901
OHE_SEC_061_0105,SEC_061,424.951
OHE_SEC_061_0106,SEC_061,425.001
OHE_SEC_061_0107,SEC_061,425.051
OHE_SEC_061_0108,SEC_061,425.101
OHE_SEC_061_0109,SEC_061,425.151
OHE_SEC_061_0110,SEC_061,425.201
OHE_SEC_061_0111,SEC_061,425.251
OHE_SEC_061_0112,SEC_061,425.301
OHE_SEC_061_0113,SEC_061,425.351
OHE_SEC_061_0114,SEC_061,425.401
OHE_SEC_061_0115,SEC_061,425.451
OHE_SEC_061_0116,SEC_061,425.501
OHE_SEC_061_0117,SEC_061,425.551
OHE_SEC_061_0118,SEC_061,425.601
OHE_SEC_061_0119,SEC_061,425.651
OHE_SEC_061_0120,SEC_061,425.701
OHE_SEC_061_0121,SEC_061,425.751
OHE_SEC_061_0122,SEC_061,425.801
OHE_SEC_061_0123,SEC_061,425.851
OHE_SEC_061_0124,SEC_061,425.901
OHE_SEC_061_0125,SEC_061,425.951
OHE_SEC_061_0126,SEC_061,426.0
OHE_SEC_061_0127,SEC_061,426.05
OHE_SEC_061_0128,SEC_061,426.1
OHE_SEC_061_0129,SEC_061,426.15
OHE_SEC_061_0130,SEC_061,426.2
OHE_SEC_061_0131,SEC_061,426.25
OHE_SEC_061_0132,SEC_061,426.3
OHE_SEC_061_0133,SEC_061,426.35
OHE_SEC_061_0134,SEC_061,426.4
OHE_SEC_061_0135,SEC_061,426.45
OHE_SEC_061_0136,SEC_061,426.5
OHE_SEC_061_0137,SEC_061,426.55
OHE_SEC_061_0138,SEC_061,426.6
OHE_SEC_061_0139,SEC_061,426.65
OHE_SEC_061_0140,SEC_061,426.7
OHE_SEC_061_0141,SEC_061,426.75
OHE_SEC_061_0142,SEC_061,426.8
OHE_SEC_061_0143,SEC_061,426.85
OHE_SEC_061_0144,SEC_061,426.9
OHE_SEC_061_0145,SEC_061,426.95
OHE_SEC_061_0146,SEC_061,427.0
OHE_SEC_061_0147,SEC_061,427.05
OHE_SEC_061_0148,SEC_061,427.1
OHE_SEC_061_0149,SEC_061,427.15
OHE_SEC_061_0150,SEC_061,427.2
OHE_SEC_061_0151,SEC_061,427.25
OHE_SEC_061_0152,SEC_061,427.3
OHE_SEC_061_0153,SEC_061,427.35
OHE_SEC_061_0154,SEC_061,427.4
OHE_SEC_061_0155,SEC_061,427.45
OHE_SEC_061_0156,SEC_061,427.5
OHE_SEC_061_0157,SEC_061,427.55
OHE_SEC_061_0158,SEC_061,427.6
OHE_SEC_061_0159,SEC_061,427.65
OHE_SEC_061_0160,SEC_061,427.7
OHE_SEC_061_0161,SEC_061,427.75
OHE_SEC_061_0162,SEC_061,427.8
OHE_SEC_061_0163,SEC_061,427.85
OHE_SEC_061_0164,SEC_061,427.9
OHE_SEC_061_0165,SEC_061,427.95
OHE_SEC_061_0166,SEC_061,428.0
OHE_SEC_062_0001,SEC_062,428.1
OHE_SEC_062_0002,SEC_062,428.15
OHE_SEC_062_0003,SEC_062,428.2
OHE_SEC_062_0004,SEC_062,428.25
OHE_SEC_062_0005,SEC_062,428.3
OHE_SEC_062_0006,SEC_062,428.35
OHE_SEC_062_0007,SEC_062,428.4
OHE_SEC_062_0008,SEC_062,428.45
OHE_SEC_062_0009,SEC_062,428.5
OHE_SEC_062_0010,SEC_062,428.55
OHE_SEC_062_0011,SEC_062,428.6
OHE_SEC_062_0012,SEC_062,428.65
OHE_SEC_062_0013,SEC_062,428.7
OHE_SEC_062_0014,SEC_062,428.75
OHE_SEC_062_0015,SEC_062,428.8
OHE_SEC_062_0016,SEC_062,428.85
OHE_SEC_062_0017,SEC_062,428.9
OHE_SEC_062_0018,SEC_062,428.95
OHE_SEC_062_0019,SEC_062,429.0
OHE_SEC_062_0020,SEC_062,429.05
OHE_SEC_062_0021,SEC_062,429.1
OHE_SEC_062_0022,SEC_062,429.15
OHE_SEC_062_0023,SEC_062,429.2
OHE_SEC_062_0024,SEC_062,429.25
OHE_SEC_062_0025,SEC_062,429.3
OHE_SEC_062_0026,SEC_062,429.35
OHE_SEC_062_0027,SEC_062,429.4
OHE_SEC_062_0028,SEC_062,429.45
OHE_SEC_062_0029,SEC_062,429.5
OHE_SEC_062_0030,SEC_062,429.55
OHE_SEC_062_0031,SEC_062,429.6
OHE_SEC_062_0032,SEC_062,429.65
OHE_SEC_062_0033,SEC_062,429.7
OHE_SEC_062_0034,SEC_062,429.75
OHE_SEC_062_0035,SEC_062,429.8
OHE_SEC_062_0036,SEC_062,429.85
OHE_SEC_062_0037,SEC_062,429.9
OHE_SEC_062_0038,SEC_062,429.95
OHE_SEC_062_0039,SEC_062,430.0
OHE_SEC_062_0040,SEC_062,430.05
OHE_SEC_062_0041,SEC_062,430.1
OHE_SEC_062_0042,SEC_062,430.15
OHE_SEC_062_0043,SEC_062,430.2
OHE_SEC_062_0044,SEC_062,430.25
OHE_SEC_062_0045,SEC_062,430.3
OHE_SEC_062_0046,SEC_062,430.35
OHE_SEC_062_0047,SEC_062,430.4
OHE_SEC_062_0048,SEC_062,430.45
OHE_SEC_062_0049,SEC_062,430.5
OHE_SEC_062_0050,SEC_062,430.55
OHE_SEC_062_0051,SEC_062,430.6
OHE_SEC_062_0052,SEC_062,430.65
OHE_SEC_062_0053,SEC_062,430.7
OHE_SEC_062_0054,SEC_062,430.75
OHE_SEC_062_0055,SEC_062,430.8
OHE_SEC_062_0056,SEC_062,430.85
OHE_SEC_062_0057,SEC_062,430.9
OHE_SEC_062_0058,SEC_062,430.95
OHE_SEC_062_0059,SEC_062,431.0
OHE_SEC_062_0060,SEC_062,431.05
OHE_SEC_062_0061,SEC_062,431.1
OHE_SEC_062_0062,SEC_062,431.15
OHE_SEC_062_0063,SEC_062,431.2
OHE_SEC_062_0064,SEC_062,431.25
OHE_SEC_062_0065,SEC_062,431.3
OHE_SEC_062_0066,SEC_062,431.35
OHE_SEC_062_0067,SEC_062,431.4
OHE_SEC_062_0068,SEC_062,431.45
OHE_SEC_062_0069,SEC_062,431.5
OHE_SEC_062_0070,SEC_062,431.55
OHE_SEC_062_0071,SEC_062,431.6
OHE_SEC_062_0072,SEC_062,431.65
OHE_SEC_062_0073,SEC_062,431.7
OHE_SEC_062_0074,SEC_062,431.75
OHE_SEC_062_0075,SEC_062,431.8
OHE_SEC_062_0076,SEC_062,431.85
OHE_SEC_062_0077,SEC_062,431.9
OHE_SEC_062_0078,SEC_062,431.95
OHE_SEC_062_0079,SEC_062,432.0
OHE_SEC_062_0080,SEC_062,432.05
OHE_SEC_062_0081,SEC_062,432.1
OHE_SEC_062_0082,SEC_062,432.15
OHE_SEC_062_0083,SEC_062,432.2
OHE_SEC_062_0084,SEC_062,432.25
OHE_SEC_062_0085,SEC_062,432.3
OHE_SEC_062_0086,SEC_062,432.35
OHE_SEC_062_0087,SEC_062,432.4
OHE_SEC_062_0088,SEC_062,432.45
OHE_SEC_062_0089,SEC_062,432.5
OHE_SEC_062_0090,SEC_062,432.55
OHE_SEC_062_0091,SEC_062,432.599
OHE_SEC_062_0092,SEC_062,432.649
OHE_SEC_062_0093,SEC_062,432.699
OHE_SEC_062_0094,SEC_062,432.749
OHE_SEC_062_0095,SEC_062,432.799
OHE_SEC_062_0096,SEC_062,432.849
OHE_SEC_062_0097,SEC_062,432.899
OHE_SEC_062_0098,SEC_062,432.949
OHE_SEC_062_0099,SEC_062,432.999
OHE_SEC_062_0100,SEC_062,433.049
OHE_SEC_062_0101,SEC_062,433.099
OHE_SEC_062_0102,SEC_062,433.149
OHE_SEC_062_0103,SEC_062,433.199
OHE_SEC_062_0104,SEC_062,433.249
OHE_SEC_062_0105,SEC_062,433.299
OHE_SEC_062_0106,SEC_062,433.349
OHE_SEC_062_0107,SEC_062,433.399
OHE_SEC_062_0108,SEC_062,433.449
OHE_SEC_062_0109,SEC_062,433.499
OHE_SEC_062_0110,SEC_062,433.549
OHE_SEC_062_0111,SEC_062,433.599
OHE_SEC_062_0112,SEC_062,433.649
OHE_SEC_062_0113,SEC_062,433.699
OHE_SEC_062_0114,SEC_062,433.749
OHE_SEC_062_0115,SEC_062,433.799
OHE_SEC_062_0116,SEC_062,433.849
OHE_SEC_062_0117,SEC_062,433.899
OHE_SEC_062_0118,SEC_062,433.949
OHE_SEC_062_0119,SEC_062,433.999
OHE_SEC_062_0120,SEC_062,434.049
OHE_SEC_062_0121,SEC_062,434.099
OHE_SEC_062_0122,SEC_062,434.149
OHE_SEC_062_0123,SEC_062,434.199
OHE_SEC_062_0124,SEC_062,434.249
OHE_SEC_062_0125,SEC_062,434.299
OHE_SEC_062_0126,SEC_062,434.349
OHE_SEC_062_0127,SEC_062,434.399
OHE_SEC_062_0128,SEC_062,434.449
OHE_SEC_062_0129,SEC_062,434.499
OHE_SEC_062_0130,SEC_062,434.549
OHE_SEC_062_0131,SEC_062,434.599
OHE_SEC_062_0132,SEC_062,434.649
OHE_SEC_062_0133,SEC_062,434.699
OHE_SEC_062_0134,SEC_062,434.749
OHE_SEC_062_0135,SEC_062,434.799
OHE_SEC_062_0136,SEC_062,434.849
OHE_SEC_062_0137,SEC_062,434.899
OHE_SEC_062_0138,SEC_062,434.949
OHE_SEC_062_0139,SEC_062,434.999
OHE_SEC_062_0140,SEC_062,435.049
OHE_SEC_062_0141,SEC_062,435.099
OHE_SEC_062_0142,SEC_062,435.149
OHE_SEC_062_0143,SEC_062,435.199
OHE_SEC_062_0144,SEC_062,435.249
OHE_SEC_062_0145,SEC_062,435.299
OHE_SEC_062_0146,SEC_062,435.349
OHE_SEC_062_0147,SEC_062,435.399
OHE_SEC_062_0148,SEC_062,435.449
OHE_SEC_062_0149,SEC_062,435.499
OHE_SEC_062_0150,SEC_062,435.549
OHE_SEC_062_0151,SEC_062,435.599
OHE_SEC_062_0152,SEC_062,435.649
OHE_SEC_062_0153,SEC_062,435.699
OHE_SEC_062_0154,SEC_062,435.749
OHE_SEC_062_0155,SEC_062,435.799
OHE_SEC_062_0156,SEC_062,435.849
OHE_SEC_062_0157,SEC_062,435.899
OHE_SEC_062_0158,SEC_062,435.949
OHE_SEC_062_0159,SEC_062,435.999
OHE_SEC_062_0160,SEC_062,436.049
OHE_SEC_062_0161,SEC_062,436.099
OHE_SEC_062_0162,SEC_062,436.149
OHE_SEC_062_0163,SEC_062,436.199
OHE_SEC_062_0164,SEC_062,436.249
OHE_SEC_062_0165,SEC_062,436.299
OHE_SEC_062_0166,SEC_062,436.349
OHE_SEC_062_0167,SEC_062,436.399
OHE_SEC_062_0168,SEC_062,436.449
OHE_SEC_062_0169,SEC_062,436.499
OHE_SEC_062_0170,SEC_062,436.549
OHE_SEC_062_0171,SEC_062,436.599
OHE_SEC_062_0172,SEC_062,436.649
OHE_SEC_062_0173,SEC_062,436.699
OHE_SEC_062_0174,SEC_062,436.749
OHE_SEC_062_0175,SEC_062,436.799
OHE_SEC_062_0176,SEC_062,436.849
OHE_SEC_062_0177,SEC_062,436.899
OHE_SEC_062_0178,SEC_062,436.949
OHE_SEC_062_0179,SEC_062,436.999
OHE_SEC_062_0180,SEC_062,437.049
OHE_SEC_062_0181,SEC_062,437.099
OHE_SEC_062_0182,SEC_062,437.149
OHE_SEC_062_0183,SEC_062,437.199
OHE_SEC_062_0184,SEC_062,437.249
OHE_SEC_062_0185,SEC_062,437.299
OHE_SEC_062_0186,SEC_062,437.349
OHE_SEC_062_0187,SEC_062,437.399
OHE_SEC_062_0188,SEC_062,437.449
OHE_SEC_062_0189,SEC_062,437.499
OHE_SEC_062_0190,SEC_062,437.549
OHE_SEC_062_0191,SEC_062,437.599
OHE_SEC_062_0192,SEC_062,437.649
OHE_SEC_062_0193,SEC_062,437.699
OHE_SEC_062_0194,SEC_062,437.749
OHE_SEC_062_0195,SEC_062,437.799
OHE_SEC_062_0196,SEC_062,437.849
OHE_SEC_062_0197,SEC_062,437.899
OHE_SEC_062_0198,SEC_062,437.949
OHE_SEC_062_0199,SEC_062,437.999
OHE_SEC_062_0200,SEC_062,438.049
OHE_SEC_062_0201,SEC_062,438.099
OHE_SEC_062_0202,SEC_062,438.149
OHE_SEC_062_0203,SEC_062,438.199
OHE_SEC_062_0204,SEC_062,438.249
OHE_SEC_062_0205,SEC_062,438.299
OHE_SEC_062_0206,SEC_062,438.349
OHE_SEC_062_0207,SEC_062,438.399
OHE_SEC_062_0208,SEC_062,438.449
OHE_SEC_062_0209,SEC_062,438.499
OHE_SEC_062_0210,SEC_062,438.549
OHE_SEC_062_0211,SEC_062,438.599
OHE_SEC_062_0212,SEC_062,438.649
OHE_SEC_062_0213,SEC_062,438.699
OHE_SEC_062_0214,SEC_062,438.749
OHE_SEC_062_0215,SEC_062,438.799
OHE_SEC_062_0216,SEC_062,438.849
OHE_SEC_062_0217,SEC_062,438.899
OHE_SEC_062_0218,SEC_062,438.949
OHE_SEC_062_0219,SEC_062,438.999
OHE_SEC_062_0220,SEC_062,439.049
OHE_SEC_062_0221,SEC_062,439.099
OHE_SEC_062_0222,SEC_062,439.149
OHE_SEC_062_0223,SEC_062,439.199
OHE_SEC_062_0224,SEC_062,439.249
OHE_SEC_062_0225,SEC_062,439.299
OHE_SEC_062_0226,SEC_062,439.349
OHE_SEC_062_0227,SEC_062,439.399
OHE_SEC_062_0228,SEC_062,439.449
OHE_SEC_062_0229,SEC_062,439.499
OHE_SEC_062_0230,SEC_062,439.549
OHE_SEC_062_0231,SEC_062,439.599
OHE_SEC_062_0232,SEC_062,439.649
OHE_SEC_062_0233,SEC_062,439.699
OHE_SEC_062_0234,SEC_062,439.749
OHE_SEC_062_0235,SEC_062,439.799
OHE_SEC_062_0236,SEC_062,439.849
OHE_SEC_062_0237,SEC_062,439.899
OHE_SEC_062_0238,SEC_062,439.949
OHE_SEC_062_0239,SEC_062,439.999
OHE_SEC_062_0240,SEC_062,440.049
OHE_SEC_062_0241,SEC_062,440.099
OHE_SEC_062_0242,SEC_062,440.149
OHE_SEC_062_0243,SEC_062,440.199
OHE_SEC_062_0244,SEC_062,440.249
OHE_SEC_062_0245,SEC_062,440.299
OHE_SEC_062_0246,SEC_062,440.349
OHE_SEC_062_0247,SEC_062,440.399
OHE_SEC_062_0248,SEC_062,440.449
OHE_SEC_062_0249,SEC_062,440.499
OHE_SEC_062_0250,SEC_062,440.549
OHE_SEC_062_0251,SEC_062,440.599
OHE_SEC_062_0252,SEC_062,440.649
OHE_SEC_062_0253,SEC_062,440.699
OHE_SEC_062_0254,SEC_062,440.749
OHE_SEC_062_0255,SEC_062,440.799
OHE_SEC_062_0256,SEC_062,440.849
OHE_SEC_062_0257,SEC_062,440.899
OHE_SEC_062_0258,SEC_062,440.949
OHE_SEC_062_0259,SEC_062,440.999
OHE_SEC_062_0260,SEC_062,441.049
OHE_SEC_062_0261,SEC_062,441.099
OHE_SEC_062_0262,SEC_062,441.149
OHE_SEC_062_0263,SEC_062,441.199
OHE_SEC_062_0264,SEC_062,441.249
OHE_SEC_062_0265,SEC_062,441.299
OHE_SEC_062_0266,SEC_062,441.349
OHE_SEC_062_0267,SEC_062,441.399
OHE_SEC_062_0268,SEC_062,441.449
OHE_SEC_062_0269,SEC_062,441.499
OHE_SEC_062_0270,SEC_062,441.549
OHE_SEC_062_0271,SEC_062,441.599
OHE_SEC_062_0272,SEC_062,441.649
OHE_SEC_062_0273,SEC_062,441.698
OHE_SEC_062_0274,SEC_062,441.748
OHE_SEC_062_0275,SEC_062,441.798
OHE_SEC_062_0276,SEC_062,441.848
OHE_SEC_062_0277,SEC_062,441.898
OHE_SEC_062_0278,SEC_062,441.948
OHE_SEC_062_0279,SEC_062,441.998
OHE_SEC_062_0280,SEC_062,442.048
OHE_SEC_062_0281,SEC_062,442.098
OHE_SEC_062_0282,SEC_062,442.148
OHE_SEC_062_0283,SEC_062,442.198
OHE_SEC_062_0284,SEC_062,442.248
OHE_SEC_062_0285,SEC_062,442.298
OHE_SEC_062_0286,SEC_062,442.348
OHE_SEC_062_0287,SEC_062,442.398
OHE_SEC_062_0288,SEC_062,442.448
OHE_SEC_062_0289,SEC_062,442.498
OHE_SEC_062_0290,SEC_062,442.548
OHE_SEC_062_0291,SEC_062,442.598
OHE_SEC_062_0292,SEC_062,442.648
OHE_SEC_062_0293,SEC_062,442.698
OHE_SEC_062_0294,SEC_062,442.748
OHE_SEC_062_0295,SEC_062,442.798
OHE_SEC_062_0296,SEC_062,442.848
OHE_SEC_062_0297,SEC_062,442.898
OHE_SEC_062_0298,SEC_062,442.948
OHE_SEC_062_0299,SEC_062,442.998
OHE_SEC_062_0300,SEC_062,443.048
OHE_SEC_062_0301,SEC_062,443.098
OHE_SEC_062_0302,SEC_062,443.148
OHE_SEC_062_0303,SEC_062,443.198
OHE_SEC_062_0304,SEC_062,443.248
OHE_SEC_062_0305,SEC_062,443.298
OHE_SEC_062_0306,SEC_062,443.348
OHE_SEC_062_0307,SEC_062,443.398
OHE_SEC_062_0308,SEC_062,443.448
OHE_SEC_062_0309,SEC_062,443.498
OHE_SEC_062_0310,SEC_062,443.548
OHE_SEC_062_0311,SEC_062,443.598
OHE_SEC_062_0312,SEC_062,443.648
OHE_SEC_062_0313,SEC_062,443.698
OHE_SEC_062_0314,SEC_062,443.748
OHE_SEC_062_0315,SEC_062,443.798
OHE_SEC_062_0316,SEC_062,443.848
OHE_SEC_062_0317,SEC_062,443.898
OHE_SEC_062_0318,SEC_062,443.948
OHE_SEC_062_0319,SEC_062,443.998
OHE_SEC_062_0320,SEC_062,444.048
OHE_SEC_062_0321,SEC_062,444.098
OHE_SEC_062_0322,SEC_062,444.148
OHE_SEC_062_0323,SEC_062,444.198
OHE_SEC_062_0324,SEC_062,444.248
OHE_SEC_062_0325,SEC_062,444.298
OHE_SEC_062_0326,SEC_062,444.348
OHE_SEC_062_0327,SEC_062,444.398
OHE_SEC_062_0328,SEC_062,444.448
OHE_SEC_062_0329,SEC_062,444.498
OHE_SEC_062_0330,SEC_062,444.548
OHE_SEC_062_0331,SEC_062,444.598
OHE_SEC_062_0332,SEC_062,444.648
OHE_SEC_062_0333,SEC_062,444.698
OHE_SEC_062_0334,SEC_062,444.748
OHE_SEC_062_0335,SEC_062,444.798
OHE_SEC_062_0336,SEC_062,444.848
OHE_SEC_062_0337,SEC_062,444.898
OHE_SEC_062_0338,SEC_062,444.948
OHE_SEC_062_0339,SEC_062,444.998
OHE_SEC_062_0340,SEC_062,445.048
OHE_SEC_062_0341,SEC_062,445.098
OHE_SEC_062_0342,SEC_062,445.148
OHE_SEC_062_0343,SEC_062,445.198
OHE_SEC_062_0344,SEC_062,445.248
OHE_SEC_062_0345,SEC_062,445.298
OHE_SEC_062_0346,SEC_062,445.348
OHE_SEC_062_0347,SEC_062,445.398
OHE_SEC_062_0348,SEC_062,445.448
OHE_SEC_062_0349,SEC_062,445.498
OHE_SEC_062_0350,SEC_062,445.548
OHE_SEC_062_0351,SEC_062,445.598
OHE_SEC_062_0352,SEC_062,445.648
OHE_SEC_062_0353,SEC_062,445.698
OHE_SEC_062_0354,SEC_062,445.748
OHE_SEC_062_0355,SEC_062,445.798
OHE_SEC_062_0356,SEC_062,445.848
OHE_SEC_062_0357,SEC_062,445.898
OHE_SEC_062_0358,SEC_062,445.948
OHE_SEC_062_0359,SEC_062,445.998
OHE_SEC_062_0360,SEC_062,446.048
OHE_SEC_062_0361,SEC_062,446.098
OHE_SEC_062_0362,SEC_062,446.148
OHE_SEC_062_0363,SEC_062,446.198
OHE_SEC_062_0364,SEC_062,446.248
OHE_SEC_062_0365,SEC_062,446.298
OHE_SEC_062_0366,SEC_062,446.348
OHE_SEC_062_0367,SEC_062,446.398
OHE_SEC_062_0368,SEC_062,446.448
OHE_SEC_062_0369,SEC_062,446.498
OHE_SEC_062_0370,SEC_062,446.548
OHE_SEC_062_0371,SEC_062,446.598
OHE_SEC_062_0372,SEC_062,446.648
OHE_SEC_062_0373,SEC_062,446.698
OHE_SEC_062_0374,SEC_062,446.748
OHE_SEC_062_0375,SEC_062,446.798
OHE_SEC_062_0376,SEC_062,446.848
OHE_SEC_062_0377,SEC_062,446.898
OHE_SEC_062_0378,SEC_062,446.948
OHE_SEC_062_0379,SEC_062,446.998
OHE_SEC_062_0380,SEC_062,447.048
OHE_SEC_062_0381,SEC_062,447.098
OHE_SEC_062_0382,SEC_062,447.148
OHE_SEC_062_0383,SEC_062,447.198
OHE_SEC_062_0384,SEC_062,447.248
OHE_SEC_062_0385,SEC_062,447.298
OHE_SEC_062_0386,SEC_062,447.348
OHE_SEC_062_0387,SEC_062,447.398
OHE_SEC_062_0388,SEC_062,447.448
OHE_SEC_062_0389,SEC_062,447.498
OHE_SEC_062_0390,SEC_062,447.548
OHE_SEC_062_0391,SEC_062,447.598
OHE_SEC_062_0392,SEC_062,447.648
OHE_SEC_062_0393,SEC_062,447.698
OHE_SEC_062_0394,SEC_062,447.748
OHE_SEC_062_0395,SEC_062,447.798
OHE_SEC_062_0396,SEC_062,447.848
OHE_SEC_062_0397,SEC_062,447.898
OHE_SEC_062_0398,SEC_062,447.948
OHE_SEC_062_0399,SEC_062,447.998
OHE_SEC_062_0400,SEC_062,448.048
OHE_SEC_062_0401,SEC_062,448.098
OHE_SEC_062_0402,SEC_062,448.148
OHE_SEC_062_0403,SEC_062,448.198
OHE_SEC_062_0404,SEC_062,448.248
OHE_SEC_062_0405,SEC_062,448.298
OHE_SEC_062_0406,SEC_062,448.348
OHE_SEC_062_0407,SEC_062,448.398
OHE_SEC_062_0408,SEC_062,448.448
OHE_SEC_062_0409,SEC_062,448.498
OHE_SEC_062_0410,SEC_062,448.548
OHE_SEC_062_0411,SEC_062,448.598
OHE_SEC_062_0412,SEC_062,448.648
OHE_SEC_062_0413,SEC_062,448.698
OHE_SEC_062_0414,SEC_062,448.748
OHE_SEC_062_0415,SEC_062,448.798
OHE_SEC_062_0416,SEC_062,448.848
OHE_SEC_062_0417,SEC_062,448.898
OHE_SEC_062_0418,SEC_062,448.948
OHE_SEC_062_0419,SEC_062,448.998
OHE_SEC_062_0420,SEC_062,449.048
OHE_SEC_062_0421,SEC_062,449.098
OHE_SEC_062_0422,SEC_062,449.148
OHE_SEC_062_0423,SEC_062,449.198
OHE_SEC_062_0424,SEC_062,449.248
OHE_SEC_062_0425,SEC_062,449.298
OHE_SEC_062_0426,SEC_062,449.348
OHE_SEC_062_0427,SEC_062,449.398
OHE_SEC_062_0428,SEC_062,449.448
OHE_SEC_062_0429,SEC_062,449.498
OHE_SEC_062_0430,SEC_062,449.548
OHE_SEC_062_0431,SEC_062,449.598
OHE_SEC_062_0432,SEC_062,449.648
OHE_SEC_062_0433,SEC_062,449.698
OHE_SEC_062_0434,SEC_062,449.748
OHE_SEC_062_0435,SEC_062,449.798
OHE_SEC_062_0436,SEC_062,449.848
OHE_SEC_062_0437,SEC_062,449.898
OHE_SEC_062_0438,SEC_062,449.948
OHE_SEC_062_0439,SEC_062,449.998
OHE_SEC_062_0440,SEC_062,450.048
OHE_SEC_062_0441,SEC_062,450.098
OHE_SEC_062_0442,SEC_062,450.148
OHE_SEC_062_0443,SEC_062,450.198
OHE_SEC_062_0444,SEC_062,450.248
OHE_SEC_062_0445,SEC_062,450.298
OHE_SEC_062_0446,SEC_062,450.348
OHE_SEC_062_0447,SEC_062,450.398
OHE_SEC_062_0448,SEC_062,450.448
OHE_SEC_062_0449,SEC_062,450.498
OHE_SEC_062_0450,SEC_062,450.548
OHE_SEC_062_0451,SEC_062,450.598
OHE_SEC_062_0452,SEC_062,450.648
OHE_SEC_062_0453,SEC_062,450.698
OHE_SEC_062_0454,SEC_062,450.748
OHE_SEC_062_0455,SEC_062,450.797
OHE_SEC_062_0456,SEC_062,450.847
OHE_SEC_062_0457,SEC_062,450.897
OHE_SEC_062_0458,SEC_062,450.947
OHE_SEC_062_0459,SEC_062,450.997
OHE_SEC_062_0460,SEC_062,451.047
OHE_SEC_062_0461,SEC_062,451.097
OHE_SEC_062_0462,SEC_062,451.147
OHE_SEC_062_0463,SEC_062,451.197
OHE_SEC_062_0464,SEC_062,451.247
OHE_SEC_062_0465,SEC_062,451.297
OHE_SEC_062_0466,SEC_062,451.347
OHE_SEC_062_0467,SEC_062,451.397
OHE_SEC_062_0468,SEC_062,451.447
OHE_SEC_062_0469,SEC_062,451.497
OHE_SEC_062_0470,SEC_062,451.547
OHE_SEC_062_0471,SEC_062,451.597
OHE_SEC_062_0472,SEC_062,451.647
OHE_SEC_062_0473,SEC_062,451.697
OHE_SEC_062_0474,SEC_062,451.747
OHE_SEC_062_0475,SEC_062,451.797
OHE_SEC_062_0476,SEC_062,451.847
OHE_SEC_062_0477,SEC_062,451.897
OHE_SEC_062_0478,SEC_062,451.947
OHE_SEC_062_0479,SEC_062,451.997
OHE_SEC_062_0480,SEC_062,452.047
OHE_SEC_062_0481,SEC_062,452.097
OHE_SEC_062_0482,SEC_062,452.147
OHE_SEC_062_0483,SEC_062,452.197
OHE_SEC_062_0484,SEC_062,452.247
OHE_SEC_062_0485,SEC_062,452.297
OHE_SEC_062_0486,SEC_062,452.347
OHE_SEC_062_0487,SEC_062,452.397
OHE_SEC_062_0488,SEC_062,452.447
OHE_SEC_062_0489,SEC_062,452.497
OHE_SEC_062_0490,SEC_062,452.547
OHE_SEC_062_0491,SEC_062,452.597
OHE_SEC_062_0492,SEC_062,452.647
OHE_SEC_062_0493,SEC_062,452.697
OHE_SEC_062_0494,SEC_062,452.747
OHE_SEC_062_0495,SEC_062,452.797
OHE_SEC_062_0496,SEC_062,452.847
OHE_SEC_062_0497,SEC_062,452.897
OHE_SEC_062_0498,SEC_062,452.947
OHE_SEC_062_0499,SEC_062,452.997
OHE_SEC_062_0500,SEC_062,453.047
OHE_SEC_062_0501,SEC_062,453.097
OHE_SEC_062_0502,SEC_062,453.147
OHE_SEC_062_0503,SEC_062,453.197
OHE_SEC_062_0504,SEC_062,453.247
OHE_SEC_062_0505,SEC_062,453.297
OHE_SEC_062_0506,SEC_062,453.347
OHE_SEC_062_0507,SEC_062,453.397
OHE_SEC_062_0508,SEC_062,453.447
OHE_SEC_062_0509,SEC_062,453.497
OHE_SEC_062_0510,SEC_062,453.547
OHE_SEC_062_0511,SEC_062,453.597
OHE_SEC_062_0512,SEC_062,453.647
OHE_SEC_062_0513,SEC_062,453.697
OHE_SEC_062_0514,SEC_062,453.747
OHE_SEC_062_0515,SEC_062,453.797
OHE_SEC_062_0516,SEC_062,453.847
OHE_SEC_062_0517,SEC_062,453.897
OHE_SEC_062_0518,SEC_062,453.947
OHE_SEC_062_0519,SEC_062,453.997
OHE_SEC_062_0520,SEC_062,454.047
OHE_SEC_062_0521,SEC_062,454.097
OHE_SEC_062_0522,SEC_062,454.147
OHE_SEC_062_0523,SEC_062,454.197
OHE_SEC_062_0524,SEC_062,454.247
OHE_SEC_062_0525,SEC_062,454.297
OHE_SEC_062_0526,SEC_062,454.347
OHE_SEC_062_0527,SEC_062,454.397
OHE_SEC_062_0528,SEC_062,454.447
OHE_SEC_062_0529,SEC_062,454.497
OHE_SEC_062_0530,SEC_062,454.547
OHE_SEC_062_0531,SEC_062,454.597
OHE_SEC_062_0532,SEC_062,454.647
OHE_SEC_062_0533,SEC_062,454.697
OHE_SEC_062_0534,SEC_062,454.747
OHE_SEC_062_0535,SEC_062,454.797
OHE_SEC_062_0536,SEC_062,454.847
OHE_SEC_062_0537,SEC_062,454.897
OHE_SEC_062_0538,SEC_062,454.947
OHE_SEC_062_0539,SEC_062,454.997
OHE_SEC_062_0540,SEC_062,455.047
OHE_SEC_062_0541,SEC_062,455.097
OHE_SEC_062_0542,SEC_062,455.147
OHE_SEC_062_0543,SEC_062,455.197
OHE_SEC_062_0544,SEC_062,455.247
OHE_SEC_062_0545,SEC_062,455.297
OHE_SEC_062_0546,SEC_062,455.347
OHE_SEC_062_0547,SEC_062,455.397
OHE_SEC_062_0548,SEC_062,455.447
OHE_SEC_062_0549,SEC_062,455.497
OHE_SEC_062_0550,SEC_062,455.547
OHE_SEC_062_0551,SEC_062,455.597
OHE_SEC_062_0552,SEC_062,455.647
OHE_SEC_062_0553,SEC_062,455.697
OHE_SEC_062_0554,SEC_062,455.747
OHE_SEC_062_0555,SEC_062,455.797
OHE_SEC_062_0556,SEC_062,455.847
OHE_SEC_062_0557,SEC_062,455.897
OHE_SEC_062_0558,SEC_062,455.947
OHE_SEC_062_0559,SEC_062,455.997
OHE_SEC_062_0560,SEC_062,456.047
OHE_SEC_062_0561,SEC_062,456.097
OHE_SEC_062_0562,SEC_062,456.147
OHE_SEC_062_0563,SEC_062,456.197
OHE_SEC_062_0564,SEC_062,456.247
OHE_SEC_062_0565,SEC_062,456.297
OHE_SEC_062_0566,SEC_062,456.347
OHE_SEC_062_0567,SEC_062,456.397
OHE_SEC_062_0568,SEC_062,456.447
OHE_SEC_062_0569,SEC_062,456.497
OHE_SEC_062_0570,SEC_062,456.547
OHE_SEC_062_0571,SEC_062,456.597
OHE_SEC_062_0572,SEC_062,456.647
OHE_SEC_062_0573,SEC_062,456.697
OHE_SEC_062_0574,SEC_062,456.747
OHE_SEC_062_0575,SEC_062,456.797
OHE_SEC_062_0576,SEC_062,456.847
OHE_SEC_062_0577,SEC_062,456.897
OHE_SEC_062_0578,SEC_062,456.947
OHE_SEC_062_0579,SEC_062,456.997
OHE_SEC_062_0580,SEC_062,457.047
OHE_SEC_062_0581,SEC_062,457.097
OHE_SEC_062_0582,SEC_062,457.147
OHE_SEC_062_0583,SEC_062,457.197
OHE_SEC_062_0584,SEC_062,457.247
OHE_SEC_062_0585,SEC_062,457.297
OHE_SEC_062_0586,SEC_062,457.347
OHE_SEC_062_0587,SEC_062,457.397
OHE_SEC_062_0588,SEC_062,457.447
OHE_SEC_062_0589,SEC_062,457.497
OHE_SEC_062_0590,SEC_062,457.547
OHE_SEC_062_0591,SEC_062,457.597
OHE_SEC_062_0592,SEC_062,457.647
OHE_SEC_062_0593,SEC_062,457.697
OHE_SEC_062_0594,SEC_062,457.747
OHE_SEC_062_0595,SEC_062,457.797
OHE_SEC_062_0596,SEC_062,457.847
OHE_SEC_062_0597,SEC_062,457.897
OHE_SEC_062_0598,SEC_062,457.947
OHE_SEC_062_0599,SEC_062,457.997
OHE_SEC_062_0600,SEC_062,458.047
OHE_SEC_062_0601,SEC_062,458.097
OHE_SEC_062_0602,SEC_062,458.147
OHE_SEC_062_0603,SEC_062,458.197
OHE_SEC_062_0604,SEC_062,458.247
OHE_SEC_062_0605,SEC_062,458.297
OHE_SEC_062_0606,SEC_062,458.347
OHE_SEC_062_0607,SEC_062,458.397
OHE_SEC_062_0608,SEC_062,458.447
OHE_SEC_062_0609,SEC_062,458.497
OHE_SEC_062_0610,SEC_062,458.547
OHE_SEC_062_0611,SEC_062,458.597
OHE_SEC_062_0612,SEC_062,458.647
OHE_SEC_062_0613,SEC_062,458.697
OHE_SEC_062_0614,SEC_062,458.747
OHE_SEC_062_0615,SEC_062,458.797
OHE_SEC_062_0616,SEC_062,458.847
OHE_SEC_062_0617,SEC_062,458.897
OHE_SEC_062_0618,SEC_062,458.947
OHE_SEC_062_0619,SEC_062,458.997
OHE_SEC_062_0620,SEC_062,459.047
OHE_SEC_062_0621,SEC_062,459.097
OHE_SEC_062_0622,SEC_062,459.147
OHE_SEC_062_0623,SEC_062,459.197
OHE_SEC_062_0624,SEC_062,459.247
OHE_SEC_062_0625,SEC_062,459.297
OHE_SEC_062_0626,SEC_062,459.347
OHE_SEC_062_0627,SEC_062,459.397
OHE_SEC_062_0628,SEC_062,459.447
OHE_SEC_062_0629,SEC_062,459.497
OHE_SEC_062_0630,SEC_062,459.547
OHE_SEC_062_0631,SEC_062,459.597
OHE_SEC_062_0632,SEC_062,459.647
OHE_SEC_062_0633,SEC_062,459.697
OHE_SEC_062_0634,SEC_062,459.747
OHE_SEC_062_0635,SEC_062,459.797
OHE_SEC_062_0636,SEC_062,459.846
OHE_SEC_062_0637,SEC_062,459.896
OHE_SEC_062_0638,SEC_062,459.946
OHE_SEC_062_0639,SEC_062,459.996
OHE_SEC_062_0640,SEC_062,460.046
OHE_SEC_062_0641,SEC_062,460.096
OHE_SEC_062_0642,SEC_062,460.146
OHE_SEC_062_0643,SEC_062,460.196
OHE_SEC_062_0644,SEC_062,460.246
OHE_SEC_062_0645,SEC_062,460.296
OHE_SEC_062_0646,SEC_062,460.346
OHE_SEC_062_0647,SEC_062,460.396
OHE_SEC_062_0648,SEC_062,460.446
OHE_SEC_062_0649,SEC_062,460.496
OHE_SEC_062_0650,SEC_062,460.546
OHE_SEC_062_0651,SEC_062,460.596
OHE_SEC_062_0652,SEC_062,460.646
OHE_SEC_062_0653,SEC_062,460.696
OHE_SEC_062_0654,SEC_062,460.746
OHE_SEC_062_0655,SEC_062,460.796
OHE_SEC_062_0656,SEC_062,460.846
OHE_SEC_062_0657,SEC_062,460.896
OHE_SEC_062_0658,SEC_062,460.946
OHE_SEC_062_0659,SEC_062,460.996
OHE_SEC_062_0660,SEC_062,461.046
OHE_SEC_062_0661,SEC_062,461.096
OHE_SEC_062_0662,SEC_062,461.146
OHE_SEC_062_0663,SEC_062,461.196
OHE_SEC_062_0664,SEC_062,461.246
OHE_SEC_062_0665,SEC_062,461.296
OHE_SEC_062_0666,SEC_062,461.346
OHE_SEC_062_0667,SEC_062,461.396
OHE_SEC_062_0668,SEC_062,461.446
OHE_SEC_062_0669,SEC_062,461.496
OHE_SEC_062_0670,SEC_062,461.546
OHE_SEC_062_0671,SEC_062,461.596
OHE_SEC_062_0672,SEC_062,461.646
OHE_SEC_062_0673,SEC_062,461.696
OHE_SEC_062_0674,SEC_062,461.746
OHE_SEC_062_0675,SEC_062,461.796
OHE_SEC_062_0676,SEC_062,461.846
OHE_SEC_062_0677,SEC_062,461.896
OHE_SEC_062_0678,SEC_062,461.946
OHE_SEC_062_0679,SEC_062,461.996
OHE_SEC_062_0680,SEC_062,462.046
OHE_SEC_062_0681,SEC_062,462.096
OHE_SEC_062_0682,SEC_062,462.146
OHE_SEC_062_0683,SEC_062,462.196
OHE_SEC_062_0684,SEC_062,462.246
OHE_SEC_062_0685,SEC_062,462.296
OHE_SEC_062_0686,SEC_062,462.346
OHE_SEC_062_0687,SEC_062,462.396
OHE_SEC_062_0688,SEC_062,462.446
OHE_SEC_062_0689,SEC_062,462.496
OHE_SEC_062_0690,SEC_062,462.546
OHE_SEC_062_0691,SEC_062,462.596
OHE_SEC_062_0692,SEC_062,462.646
OHE_SEC_062_0693,SEC_062,462.696
OHE_SEC_062_0694,SEC_062,462.746
OHE_SEC_062_0695,SEC_062,462.796
OHE_SEC_062_0696,SEC_062,462.846
OHE_SEC_062_0697,SEC_062,462.896
OHE_SEC_062_0698,SEC_062,462.946
OHE_SEC_062_0699,SEC_062,462.996
OHE_SEC_062_0700,SEC_062,463.046
OHE_SEC_062_0701,SEC_062,463.096
OHE_SEC_062_0702,SEC_062,463.146
OHE_SEC_062_0703,SEC_062,463.196
OHE_SEC_062_0704,SEC_062,463.246
OHE_SEC_062_0705,SEC_062,463.296
OHE_SEC_062_0706,SEC_062,463.346
OHE_SEC_062_0707,SEC_062,463.396
OHE_SEC_062_0708,SEC_062,463.446
OHE_SEC_062_0709,SEC_062,463.496
OHE_SEC_062_0710,SEC_062,463.546
OHE_SEC_062_0711,SEC_062,463.596
OHE_SEC_062_0712,SEC_062,463.646
OHE_SEC_062_0713,SEC_062,463.696
OHE_SEC_062_0714,SEC_062,463.746
OHE_SEC_062_0715,SEC_062,463.796
OHE_SEC_062_0716,SEC_062,463.846
OHE_SEC_062_0717,SEC_062,463.896
OHE_SEC_062_0718,SEC_062,463.946
OHE_SEC_062_0719,SEC_062,463.996
OHE_SEC_062_0720,SEC_062,464.046
OHE_SEC_062_0721,SEC_062,464.096
OHE_SEC_062_0722,SEC_062,464.146
OHE_SEC_062_0723,SEC_062,464.196
OHE_SEC_062_0724,SEC_062,464.246
OHE_SEC_062_0725,SEC_062,464.296
OHE_SEC_062_0726,SEC_062,464.346
OHE_SEC_062_0727,SEC_062,464.396
OHE_SEC_062_0728,SEC_062,464.446
OHE_SEC_062_0729,SEC_062,464.496
OHE_SEC_062_0730,SEC_062,464.546
OHE_SEC_062_0731,SEC_062,464.596
OHE_SEC_062_0732,SEC_062,464.646
OHE_SEC_062_0733,SEC_062,464.696
OHE_SEC_062_0734,SEC_062,464.746
OHE_SEC_062_0735,SEC_062,464.796
OHE_SEC_062_0736,SEC_062,464.846
OHE_SEC_062_0737,SEC_062,464.896
OHE_SEC_062_0738,SEC_062,464.946
OHE_SEC_062_0739,SEC_062,464.996
OHE_SEC_062_0740,SEC_062,465.046
OHE_SEC_062_0741,SEC_062,465.096
OHE_SEC_062_0742,SEC_062,465.146
OHE_SEC_062_0743,SEC_062,465.196
OHE_SEC_062_0744,SEC_062,465.246
OHE_SEC_062_0745,SEC_062,465.296
OHE_SEC_062_0746,SEC_062,465.346
OHE_SEC_062_0747,SEC_062,465.396
OHE_SEC_062_0748,SEC_062,465.446
OHE_SEC_062_0749,SEC_062,465.496
OHE_SEC_062_0750,SEC_062,465.546
OHE_SEC_062_0751,SEC_062,465.596
OHE_SEC_062_0752,SEC_062,465.646
OHE_SEC_062_0753,SEC_062,465.696
OHE_SEC_062_0754,SEC_062,465.746
OHE_SEC_062_0755,SEC_062,465.796
OHE_SEC_062_0756,SEC_062,465.846
OHE_SEC_062_0757,SEC_062,465.896
OHE_SEC_062_0758,SEC_062,465.946
OHE_SEC_062_0759,SEC_062,465.996
OHE_SEC_062_0760,SEC_062,466.046
OHE_SEC_062_0761,SEC_062,466.096
OHE_SEC_062_0762,SEC_062,466.146
OHE_SEC_062_0763,SEC_062,466.196
OHE_SEC_062_0764,SEC_062,466.246
OHE_SEC_062_0765,SEC_062,466.296
OHE_SEC_062_0766,SEC_062,466.346
OHE_SEC_062_0767,SEC_062,466.396
OHE_SEC_062_0768,SEC_062,466.446
OHE_SEC_062_0769,SEC_062,466.496
OHE_SEC_062_0770,SEC_062,466.546
OHE_SEC_062_0771,SEC_062,466.596
OHE_SEC_062_0772,SEC_062,466.646
OHE_SEC_062_0773,SEC_062,466.696
OHE_SEC_062_0774,SEC_062,466.746
OHE_SEC_062_0775,SEC_062,466.796
OHE_SEC_062_0776,SEC_062,466.846
OHE_SEC_062_0777,SEC_062,466.896
OHE_SEC_062_0778,SEC_062,466.946
OHE_SEC_062_0779,SEC_062,466.996
OHE_SEC_062_0780,SEC_062,467.046
OHE_SEC_062_0781,SEC_062,467.096
OHE_SEC_062_0782,SEC_062,467.146
OHE_SEC_062_0783,SEC_062,467.196
OHE_SEC_062_0784,SEC_062,467.246
OHE_SEC_062_0785,SEC_062,467.296
OHE_SEC_062_0786,SEC_062,467.346
OHE_SEC_062_0787,SEC_062,467.396
OHE_SEC_062_0788,SEC_062,467.446
OHE_SEC_062_0789,SEC_062,467.496
OHE_SEC_062_0790,SEC_062,467.546
OHE_SEC_062_0791,SEC_062,467.596
OHE_SEC_062_0792,SEC_062,467.646
OHE_SEC_062_0793,SEC_062,467.696
OHE_SEC_062_0794,SEC_062,467.746
OHE_SEC_062_0795,SEC_062,467.796
OHE_SEC_062_0796,SEC_062,467.846
OHE_SEC_062_0797,SEC_062,467.896
OHE_SEC_062_0798,SEC_062,467.946
OHE_SEC_062_0799,SEC_062,467.996
OHE_SEC_062_0800,SEC_062,468.046
OHE_SEC_062_0801,SEC_062,468.096
OHE_SEC_062_0802,SEC_062,468.146
OHE_SEC_062_0803,SEC_062,468.196
OHE_SEC_062_0804,SEC_062,468.246
OHE_SEC_062_0805,SEC_062,468.296
OHE_SEC_062_0806,SEC_062,468.346
OHE_SEC_062_0807,SEC_062,468.396
OHE_SEC_062_0808,SEC_062,468.446
OHE_SEC_062_0809,SEC_062,468.496
OHE_SEC_062_0810,SEC_062,468.546
OHE_SEC_062_0811,SEC_062,468.596
OHE_SEC_062_0812,SEC_062,468.646
OHE_SEC_062_0813,SEC_062,468.696
OHE_SEC_062_0814,SEC_062,468.746
OHE_SEC_062_0815,SEC_062,468.796
OHE_SEC_062_0816,SEC_062,468.846
OHE_SEC_062_0817,SEC_062,468.896
OHE_SEC_062_0818,SEC_062,468.945
OHE_SEC_062_0819,SEC_062,468.995
OHE_SEC_062_0820,SEC_062,469.045
OHE_SEC_062_0821,SEC_062,469.095
OHE_SEC_062_0822,SEC_062,469.145
OHE_SEC_062_0823,SEC_062,469.195
OHE_SEC_062_0824,SEC_062,469.245
OHE_SEC_062_0825,SEC_062,469.295
OHE_SEC_062_0826,SEC_062,469.345
OHE_SEC_062_0827,SEC_062,469.395
OHE_SEC_062_0828,SEC_062,469.445
OHE_SEC_062_0829,SEC_062,469.495
OHE_SEC_062_0830,SEC_062,469.545
OHE_SEC_062_0831,SEC_062,469.595
OHE_SEC_062_0832,SEC_062,469.645
OHE_SEC_062_0833,SEC_062,469.695
OHE_SEC_062_0834,SEC_062,469.745
OHE_SEC_062_0835,SEC_062,469.795
OHE_SEC_062_0836,SEC_062,469.845
OHE_SEC_062_0837,SEC_062,469.895
OHE_SEC_062_0838,SEC_062,469.945
OHE_SEC_062_0839,SEC_062,469.995
OHE_SEC_062_0840,SEC_062,470.045
OHE_SEC_062_0841,SEC_062,470.095
OHE_SEC_062_0842,SEC_062,470.145
OHE_SEC_062_0843,SEC_062,470.195
OHE_SEC_062_0844,SEC_062,470.245
OHE_SEC_062_0845,SEC_062,470.295
OHE_SEC_062_0846,SEC_062,470.345
OHE_SEC_062_0847,SEC_062,470.395
OHE_SEC_062_0848,SEC_062,470.445
OHE_SEC_062_0849,SEC_062,470.495
OHE_SEC_062_0850,SEC_062,470.545
OHE_SEC_062_0851,SEC_062,470.595
OHE_SEC_062_0852,SEC_062,470.645
OHE_SEC_062_0853,SEC_062,470.695
OHE_SEC_062_0854,SEC_062,470.745
OHE_SEC_062_0855,SEC_062,470.795
OHE_SEC_062_0856,SEC_062,470.845
OHE_SEC_062_0857,SEC_062,470.895
OHE_SEC_062_0858,SEC_062,470.945
OHE_SEC_062_0859,SEC_062,470.995
OHE_SEC_062_0860,SEC_062,471.045
OHE_SEC_062_0861,SEC_062,471.095
OHE_SEC_062_0862,SEC_062,471.145
OHE_SEC_062_0863,SEC_062,471.195
OHE_SEC_062_0864,SEC_062,471.245
OHE_SEC_062_0865,SEC_062,471.295
OHE_SEC_062_0866,SEC_062,471.345
OHE_SEC_062_0867,SEC_062,471.395
OHE_SEC_062_0868,SEC_062,471.445
OHE_SEC_062_0869,SEC_062,471.495
OHE_SEC_062_0870,SEC_062,471.545
OHE_SEC_062_0871,SEC_062,471.595
OHE_SEC_062_0872,SEC_062,471.645
OHE_SEC_062_0873,SEC_062,471.695
OHE_SEC_062_0874,SEC_062,471.745
OHE_SEC_062_0875,SEC_062,471.795
OHE_SEC_062_0876,SEC_062,471.845
OHE_SEC_062_0877,SEC_062,471.895
OHE_SEC_062_0878,SEC_062,471.945
OHE_SEC_062_0879,SEC_062,471.995
OHE_SEC_062_0880,SEC_062,472.045
OHE_SEC_062_0881,SEC_062,472.095
OHE_SEC_062_0882,SEC_062,472.145
OHE_SEC_062_0883,SEC_062,472.195
OHE_SEC_062_0884,SEC_062,472.245
OHE_SEC_062_0885,SEC_062,472.295
OHE_SEC_062_0886,SEC_062,472.345
OHE_SEC_062_0887,SEC_062,472.395
OHE_SEC_062_0888,SEC_062,472.445
OHE_SEC_062_0889,SEC_062,472.495
OHE_SEC_062_0890,SEC_062,472.545
OHE_SEC_062_0891,SEC_062,472.595
OHE_SEC_062_0892,SEC_062,472.645
OHE_SEC_062_0893,SEC_062,472.695
OHE_SEC_062_0894,SEC_062,472.745
OHE_SEC_062_0895,SEC_062,472.795
OHE_SEC_062_0896,SEC_062,472.845
OHE_SEC_062_0897,SEC_062,472.895
OHE_SEC_062_0898,SEC_062,472.945
OHE_SEC_062_0899,SEC_062,472.995
OHE_SEC_062_0900,SEC_062,473.045
OHE_SEC_062_0901,SEC_062,473.095
OHE_SEC_062_0902,SEC_062,473.145
OHE_SEC_062_0903,SEC_062,473.195
OHE_SEC_062_0904,SEC_062,473.245
OHE_SEC_062_0905,SEC_062,473.295
OHE_SEC_062_0906,SEC_062,473.345
OHE_SEC_062_0907,SEC_062,473.395
OHE_SEC_062_0908,SEC_062,473.445
OHE_SEC_062_0909,SEC_062,473.495
OHE_SEC_062_0910,SEC_062,473.545
OHE_SEC_062_0911,SEC_062,473.595
OHE_SEC_062_0912,SEC_062,473.645
OHE_SEC_062_0913,SEC_062,473.695
OHE_SEC_062_0914,SEC_062,473.745
OHE_SEC_062_0915,SEC_062,473.795
OHE_SEC_062_0916,SEC_062,473.845
OHE_SEC_062_0917,SEC_062,473.895
OHE_SEC_062_0918,SEC_062,473.945
OHE_SEC_062_0919,SEC_062,473.995
OHE_SEC_062_0920,SEC_062,474.045
OHE_SEC_062_0921,SEC_062,474.095
OHE_SEC_062_0922,SEC_062,474.145
OHE_SEC_062_0923,SEC_062,474.195
OHE_SEC_062_0924,SEC_062,474.245
OHE_SEC_062_0925,SEC_062,474.295
OHE_SEC_062_0926,SEC_062,474.345
OHE_SEC_062_0927,SEC_062,474.395
OHE_SEC_062_0928,SEC_062,474.445
OHE_SEC_062_0929,SEC_062,474.495
OHE_SEC_062_0930,SEC_062,474.545
OHE_SEC_062_0931,SEC_062,474.595
OHE_SEC_062_0932,SEC_062,474.645
OHE_SEC_062_0933,SEC_062,474.695
OHE_SEC_062_0934,SEC_062,474.745
OHE_SEC_062_0935,SEC_062,474.795
OHE_SEC_062_0936,SEC_062,474.845
OHE_SEC_062_0937,SEC_062,474.895
OHE_SEC_062_0938,SEC_062,474.945
OHE_SEC_062_0939,SEC_062,474.995
OHE_SEC_062_0940,SEC_062,475.045
OHE_SEC_062_0941,SEC_062,475.095
OHE_SEC_062_0942,SEC_062,475.145
OHE_SEC_062_0943,SEC_062,475.195
OHE_SEC_062_0944,SEC_062,475.245
OHE_SEC_062_0945,SEC_062,475.295
OHE_SEC_062_0946,SEC_062,475.345
OHE_SEC_062_0947,SEC_062,475.395
OHE_SEC_062_0948,SEC_062,475.445
OHE_SEC_062_0949,SEC_062,475.495
OHE_SEC_062_0950,SEC_062,475.545
OHE_SEC_062_0951,SEC_062,475.595
OHE_SEC_062_0952,SEC_062,475.645
OHE_SEC_062_0953,SEC_062,475.695
OHE_SEC_062_0954,SEC_062,475.745
OHE_SEC_062_0955,SEC_062,475.795
OHE_SEC_062_0956,SEC_062,475.845
OHE_SEC_062_0957,SEC_062,475.895
OHE_SEC_062_0958,SEC_062,475.945
OHE_SEC_062_0959,SEC_062,475.995
OHE_SEC_062_0960,SEC_062,476.045
OHE_SEC_062_0961,SEC_062,476.095
OHE_SEC_062_0962,SEC_062,476.145
OHE_SEC_062_0963,SEC_062,476.195
OHE_SEC_062_0964,SEC_062,476.245
OHE_SEC_062_0965,SEC_062,476.295
OHE_SEC_062_0966,SEC_062,476.345
OHE_SEC_062_0967,SEC_062,476.395
OHE_SEC_062_0968,SEC_062,476.445
OHE_SEC_062_0969,SEC_062,476.495
OHE_SEC_062_0970,SEC_062,476.545
OHE_SEC_062_0971,SEC_062,476.595
OHE_SEC_062_0972,SEC_062,476.645
OHE_SEC_062_0973,SEC_062,476.695
OHE_SEC_062_0974,SEC_062,476.745
OHE_SEC_062_0975,SEC_062,476.795
OHE_SEC_062_0976,SEC_062,476.845
OHE_SEC_062_0977,SEC_062,476.895
OHE_SEC_062_0978,SEC_062,476.945
OHE_SEC_062_0979,SEC_062,476.995
OHE_SEC_062_0980,SEC_062,477.045
OHE_SEC_062_0981,SEC_062,477.095
OHE_SEC_062_0982,SEC_062,477.145
OHE_SEC_062_0983,SEC_062,477.195
OHE_SEC_062_0984,SEC_062,477.245
OHE_SEC_062_0985,SEC_062,477.295
OHE_SEC_062_0986,SEC_062,477.345
OHE_SEC_062_0987,SEC_062,477.395
OHE_SEC_062_0988,SEC_062,477.445
OHE_SEC_062_0989,SEC_062,477.495
OHE_SEC_062_0990,SEC_062,477.545
OHE_SEC_062_0991,SEC_062,477.595
OHE_SEC_062_0992,SEC_062,477.645
OHE_SEC_062_0993,SEC_062,477.695
OHE_SEC_062_0994,SEC_062,477.745
OHE_SEC_062_0995,SEC_062,477.795
OHE_SEC_062_0996,SEC_062,477.845
OHE_SEC_062_0997,SEC_062,477.895
OHE_SEC_062_0998,SEC_062,477.945
OHE_SEC_062_0999,SEC_062,477.995
OHE_SEC_062_1000,SEC_062,478.044
OHE_SEC_062_1001,SEC_062,478.094
OHE_SEC_062_1002,SEC_062,478.144
OHE_SEC_062_1003,SEC_062,478.194
OHE_SEC_062_1004,SEC_062,478.244
OHE_SEC_062_1005,SEC_062,478.294
OHE_SEC_062_1006,SEC_062,478.344
OHE_SEC_062_1007,SEC_062,478.394
OHE_SEC_062_1008,SEC_062,478.444
OHE_SEC_062_1009,SEC_062,478.494
OHE_SEC_062_1010,SEC_062,478.544
OHE_SEC_062_1011,SEC_062,478.594
OHE_SEC_062_1012,SEC_062,478.644
OHE_SEC_062_1013,SEC_062,478.694
OHE_SEC_062_1014,SEC_062,478.744
OHE_SEC_062_1015,SEC_062,478.794
OHE_SEC_062_1016,SEC_062,478.844
OHE_SEC_062_1017,SEC_062,478.894
OHE_SEC_062_1018,SEC_062,478.944
OHE_SEC_062_1019,SEC_062,478.994
OHE_SEC_062_1020,SEC_062,479.044
OHE_SEC_062_1021,SEC_062,479.094
OHE_SEC_062_1022,SEC_062,479.144
OHE_SEC_062_1023,SEC_062,479.194
OHE_SEC_062_1024,SEC_062,479.244
OHE_SEC_062_1025,SEC_062,479.294
OHE_SEC_062_1026,SEC_062,479.344
OHE_SEC_062_1027,SEC_062,479.394
OHE_SEC_062_1028,SEC_062,479.444
OHE_SEC_062_1029,SEC_062,479.494
OHE_SEC_062_1030,SEC_062,479.544
OHE_SEC_062_1031,SEC_062,479.594
OHE_SEC_062_1032,SEC_062,479.644
OHE_SEC_062_1033,SEC_062,479.694
OHE_SEC_062_1034,SEC_062,479.744
OHE_SEC_062_1035,SEC_062,479.794
OHE_SEC_062_1036,SEC_062,479.844
OHE_SEC_062_1037,SEC_062,479.894
OHE_SEC_062_1038,SEC_062,479.944
OHE_SEC_062_1039,SEC_062,479.994
OHE_SEC_062_1040,SEC_062,480.044
OHE_SEC_062_1041,SEC_062,480.094
OHE_SEC_062_1042,SEC_062,480.144
OHE_SEC_062_1043,SEC_062,480.194
OHE_SEC_062_1044,SEC_062,480.244
OHE_SEC_062_1045,SEC_062,480.294
OHE_SEC_062_1046,SEC_062,480.344
OHE_SEC_062_1047,SEC_062,480.394
OHE_SEC_062_1048,SEC_062,480.444
OHE_SEC_062_1049,SEC_062,480.494
OHE_SEC_062_1050,SEC_062,480.544
OHE_SEC_062_1051,SEC_062,480.594
OHE_SEC_062_1052,SEC_062,480.644
OHE_SEC_062_1053,SEC_062,480.694
OHE_SEC_062_1054,SEC_062,480.744
OHE_SEC_062_1055,SEC_062,480.794
OHE_SEC_062_1056,SEC_062,480.844
OHE_SEC_062_1057,SEC_062,480.894
OHE_SEC_062_1058,SEC_062,480.944
OHE_SEC_062_1059,SEC_062,480.994
OHE_SEC_062_1060,SEC_062,481.044
OHE_SEC_062_1061,SEC_062,481.094
OHE_SEC_062_1062,SEC_062,481.144
OHE_SEC_062_1063,SEC_062,481.194
OHE_SEC_062_1064,SEC_062,481.244
OHE_SEC_062_1065,SEC_062,481.294
OHE_SEC_062_1066,SEC_062,481.344
OHE_SEC_062_1067,SEC_062,481.394
OHE_SEC_062_1068,SEC_062,481.444
OHE_SEC_062_1069,SEC_062,481.494
OHE_SEC_062_1070,SEC_062,481.544
OHE_SEC_062_1071,SEC_062,481.594
OHE_SEC_062_1072,SEC_062,481.644
OHE_SEC_062_1073,SEC_062,481.694
OHE_SEC_062_1074,SEC_062,481.744
OHE_SEC_062_1075,SEC_062,481.794
OHE_SEC_062_1076,SEC_062,481.844
OHE_SEC_062_1077,SEC_062,481.894
OHE_SEC_062_1078,SEC_062,481.944
OHE_SEC_062_1079,SEC_062,481.994
OHE_SEC_062_1080,SEC_062,482.044
OHE_SEC_062_1081,SEC_062,482.094
OHE_SEC_062_1082,SEC_062,482.144
OHE_SEC_062_1083,SEC_062,482.194
OHE_SEC_062_1084,SEC_062,482.244
OHE_SEC_062_1085,SEC_062,482.294
OHE_SEC_062_1086,SEC_062,482.344
OHE_SEC_062_1087,SEC_062,482.394
OHE_SEC_062_1088,SEC_062,482.444
OHE_SEC_062_1089,SEC_062,482.494
OHE_SEC_063_0001,SEC_063,482.593
OHE_SEC_063_0002,SEC_063,482.643
OHE_SEC_063_0003,SEC_063,482.692
OHE_SEC_063_0004,SEC_063,482.742
OHE_SEC_063_0005,SEC_063,482.791
OHE_SEC_063_0006,SEC_063,482.841
OHE_SEC_063_0007,SEC_063,482.89
OHE_SEC_063_0008,SEC_063,482.94
OHE_SEC_063_0009,SEC_063,482.989
OHE_SEC_063_0010,SEC_063,483.039
OHE_SEC_063_0011,SEC_063,483.088
OHE_SEC_063_0012,SEC_063,483.138
OHE_SEC_063_0013,SEC_063,483.187
OHE_SEC_063_0014,SEC_063,483.237
OHE_SEC_063_0015,SEC_063,483.286
OHE_SEC_063_0016,SEC_063,483.336
OHE_SEC_063_0017,SEC_063,483.385
OHE_SEC_063_0018,SEC_063,483.435
OHE_SEC_063_0019,SEC_063,483.484
OHE_SEC_063_0020,SEC_063,483.533
OHE_SEC_063_0021,SEC_063,483.583
OHE_SEC_063_0022,SEC_063,483.632
OHE_SEC_063_0023,SEC_063,483.682
OHE_SEC_063_0024,SEC_063,483.731
OHE_SEC_063_0025,SEC_063,483.781
OHE_SEC_063_0026,SEC_063,483.83
OHE_SEC_063_0027,SEC_063,483.88
OHE_SEC_063_0028,SEC_063,483.929
OHE_SEC_063_0029,SEC_063,483.979
OHE_SEC_063_0030,SEC_063,484.028
OHE_SEC_063_0031,SEC_063,484.078
OHE_SEC_063_0032,SEC_063,484.127
OHE_SEC_063_0033,SEC_063,484.177
OHE_SEC_063_0034,SEC_063,484.226
OHE_SEC_063_0035,SEC_063,484.276
OHE_SEC_063_0036,SEC_063,484.325
OHE_SEC_063_0037,SEC_063,484.375
OHE_SEC_063_0038,SEC_063,484.424
OHE_SEC_063_0039,SEC_063,484.473
OHE_SEC_063_0040,SEC_063,484.523
OHE_SEC_063_0041,SEC_063,484.572
OHE_SEC_063_0042,SEC_063,484.622
OHE_SEC_063_0043,SEC_063,484.671
OHE_SEC_063_0044,SEC_063,484.721
OHE_SEC_063_0045,SEC_063,484.77
OHE_SEC_063_0046,SEC_063,484.82
OHE_SEC_063_0047,SEC_063,484.869
OHE_SEC_063_0048,SEC_063,484.919
OHE_SEC_063_0049,SEC_063,484.968
OHE_SEC_063_0050,SEC_063,485.018
OHE_SEC_063_0051,SEC_063,485.067
OHE_SEC_063_0052,SEC_063,485.117
OHE_SEC_063_0053,SEC_063,485.166
OHE_SEC_063_0054,SEC_063,485.216
OHE_SEC_063_0055,SEC_063,485.265
OHE_SEC_063_0056,SEC_063,485.314
OHE_SEC_063_0057,SEC_063,485.364
OHE_SEC_063_0058,SEC_063,485.413
OHE_SEC_063_0059,SEC_063,485.463
OHE_SEC_063_0060,SEC_063,485.512
OHE_SEC_063_0061,SEC_063,485.562
OHE_SEC_063_0062,SEC_063,485.611
OHE_SEC_063_0063,SEC_063,485.661
OHE_SEC_063_0064,SEC_063,485.71
OHE_SEC_063_0065,SEC_063,485.76
OHE_SEC_063_0066,SEC_063,485.809
OHE_SEC_063_0067,SEC_063,485.859
OHE_SEC_063_0068,SEC_063,485.908
OHE_SEC_063_0069,SEC_063,485.958
OHE_SEC_063_0070,SEC_063,486.007
OHE_SEC_063_0071,SEC_063,486.057
OHE_SEC_063_0072,SEC_063,486.106
OHE_SEC_063_0073,SEC_063,486.156
OHE_SEC_064_0001,SEC_064,486.255
OHE_SEC_064_0002,SEC_064,486.305
OHE_SEC_064_0003,SEC_064,486.355
OHE_SEC_064_0004,SEC_064,486.405
OHE_SEC_064_0005,SEC_064,486.455
OHE_SEC_064_0006,SEC_064,486.504
OHE_SEC_064_0007,SEC_064,486.554
OHE_SEC_064_0008,SEC_064,486.604
OHE_SEC_064_0009,SEC_064,486.654
OHE_SEC_064_0010,SEC_064,486.704
OHE_SEC_064_0011,SEC_064,486.754
OHE_SEC_064_0012,SEC_064,486.804
OHE_SEC_064_0013,SEC_064,486.854
OHE_SEC_064_0014,SEC_064,486.904
OHE_SEC_064_0015,SEC_064,486.954
OHE_SEC_064_0016,SEC_064,487.004
OHE_SEC_064_0017,SEC_064,487.053
OHE_SEC_064_0018,SEC_064,487.103
OHE_SEC_064_0019,SEC_064,487.153
OHE_SEC_064_0020,SEC_064,487.203
OHE_SEC_064_0021,SEC_064,487.253
OHE_SEC_064_0022,SEC_064,487.303
OHE_SEC_064_0023,SEC_064,487.353
OHE_SEC_064_0024,SEC_064,487.403
OHE_SEC_064_0025,SEC_064,487.453
OHE_SEC_064_0026,SEC_064,487.503
OHE_SEC_064_0027,SEC_064,487.553
OHE_SEC_064_0028,SEC_064,487.602
OHE_SEC_064_0029,SEC_064,487.652
OHE_SEC_064_0030,SEC_064,487.702
OHE_SEC_064_0031,SEC_064,487.752
OHE_SEC_064_0032,SEC_064,487.802
OHE_SEC_064_0033,SEC_064,487.852
OHE_SEC_064_0034,SEC_064,487.902
OHE_SEC_064_0035,SEC_064,487.952
OHE_SEC_064_0036,SEC_064,488.002
OHE_SEC_064_0037,SEC_064,488.052
OHE_SEC_064_0038,SEC_064,488.102
OHE_SEC_064_0039,SEC_064,488.152
OHE_SEC_064_0040,SEC_064,488.201
OHE_SEC_064_0041,SEC_064,488.251
OHE_SEC_064_0042,SEC_064,488.301
OHE_SEC_064_0043,SEC_064,488.351
OHE_SEC_064_0044,SEC_064,488.401
OHE_SEC_064_0045,SEC_064,488.451
OHE_SEC_064_0046,SEC_064,488.501
OHE_SEC_064_0047,SEC_064,488.551
OHE_SEC_064_0048,SEC_064,488.601
OHE_SEC_064_0049,SEC_064,488.651
OHE_SEC_064_0050,SEC_064,488.701
OHE_SEC_064_0051,SEC_064,488.75
OHE_SEC_064_0052,SEC_064,488.8
OHE_SEC_064_0053,SEC_064,488.85
OHE_SEC_064_0054,SEC_064,488.9
OHE_SEC_064_0055,SEC_064,488.95
OHE_SEC_064_0056,SEC_064,489.0
OHE_SEC_064_0057,SEC_064,489.05
OHE_SEC_064_0058,SEC_064,489.1
OHE_SEC_064_0059,SEC_064,489.15
OHE_SEC_064_0060,SEC_064,489.2
OHE_SEC_064_0061,SEC_064,489.25
OHE_SEC_064_0062,SEC_064,489.299
OHE_SEC_064_0063,SEC_064,489.349
OHE_SEC_064_0064,SEC_064,489.399
OHE_SEC_064_0065,SEC_064,489.449
OHE_SEC_064_0066,SEC_064,489.499
OHE_SEC_064_0067,SEC_064,489.549
OHE_SEC_064_0068,SEC_064,489.599
OHE_SEC_064_0069,SEC_064,489.649
OHE_SEC_064_0070,SEC_064,489.699
OHE_SEC_064_0071,SEC_064,489.749
OHE_SEC_064_0072,SEC_064,489.799
OHE_SEC_064_0073,SEC_064,489.848
OHE_SEC_064_0074,SEC_064,489.898
OHE_SEC_064_0075,SEC_064,489.948
OHE_SEC_064_0076,SEC_064,489.998
OHE_SEC_064_0077,SEC_064,490.048
OHE_SEC_064_0078,SEC_064,490.098
OHE_SEC_064_0079,SEC_064,490.148
OHE_SEC_064_0080,SEC_064,490.198
OHE_SEC_064_0081,SEC_064,490.248
OHE_SEC_064_0082,SEC_064,490.298
OHE_SEC_064_0083,SEC_064,490.348
OHE_SEC_064_0084,SEC_064,490.397
OHE_SEC_064_0085,SEC_064,490.447
OHE_SEC_064_0086,SEC_064,490.497
OHE_SEC_064_0087,SEC_064,490.547
OHE_SEC_064_0088,SEC_064,490.597
OHE_SEC_064_0089,SEC_064,490.647
OHE_SEC_064_0090,SEC_064,490.697
OHE_SEC_064_0091,SEC_064,490.747
OHE_SEC_064_0092,SEC_064,490.797
OHE_SEC_064_0093,SEC_064,490.847
OHE_SEC_064_0094,SEC_064,490.897
OHE_SEC_064_0095,SEC_064,490.947
OHE_SEC_064_0096,SEC_064,490.996
OHE_SEC_064_0097,SEC_064,491.046
OHE_SEC_064_0098,SEC_064,491.096
OHE_SEC_064_0099,SEC_064,491.146
OHE_SEC_064_0100,SEC_064,491.196
OHE_SEC_064_0101,SEC_064,491.246
OHE_SEC_064_0102,SEC_064,491.296
OHE_SEC_064_0103,SEC_064,491.346
OHE_SEC_064_0104,SEC_064,491.396
OHE_SEC_064_0105,SEC_064,491.446
OHE_SEC_064_0106,SEC_064,491.496
OHE_SEC_064_0107,SEC_064,491.545
OHE_SEC_064_0108,SEC_064,491.595
OHE_SEC_064_0109,SEC_064,491.645
OHE_SEC_064_0110,SEC_064,491.695
OHE_SEC_064_0111,SEC_064,491.745
OHE_SEC_064_0112,SEC_064,491.795
OHE_SEC_064_0113,SEC_064,491.845
OHE_SEC_064_0114,SEC_064,491.895
OHE_SEC_064_0115,SEC_064,491.945
OHE_SEC_064_0116,SEC_064,491.995
OHE_SEC_064_0117,SEC_064,492.045
OHE_SEC_064_0118,SEC_064,492.094
OHE_SEC_064_0119,SEC_064,492.144
OHE_SEC_064_0120,SEC_064,492.194
OHE_SEC_064_0121,SEC_064,492.244
OHE_SEC_064_0122,SEC_064,492.294
OHE_SEC_064_0123,SEC_064,492.344
OHE_SEC_064_0124,SEC_064,492.394
OHE_SEC_064_0125,SEC_064,492.444
OHE_SEC_064_0126,SEC_064,492.494
OHE_SEC_064_0127,SEC_064,492.544
OHE_SEC_064_0128,SEC_064,492.594
OHE_SEC_064_0129,SEC_064,492.643
OHE_SEC_064_0130,SEC_064,492.693
OHE_SEC_064_0131,SEC_064,492.743
OHE_SEC_064_0132,SEC_064,492.793
OHE_SEC_064_0133,SEC_064,492.843
OHE_SEC_064_0134,SEC_064,492.893
OHE_SEC_064_0135,SEC_064,492.943
OHE_SEC_064_0136,SEC_064,492.993
OHE_SEC_064_0137,SEC_064,493.043
OHE_SEC_064_0138,SEC_064,493.093
OHE_SEC_064_0139,SEC_064,493.143
OHE_SEC_064_0140,SEC_064,493.192
OHE_SEC_064_0141,SEC_064,493.242
OHE_SEC_064_0142,SEC_064,493.292
OHE_SEC_064_0143,SEC_064,493.342
OHE_SEC_064_0144,SEC_064,493.392
OHE_SEC_064_0145,SEC_064,493.442
OHE_SEC_064_0146,SEC_064,493.492
OHE_SEC_064_0147,SEC_064,493.542
OHE_SEC_064_0148,SEC_064,493.592
OHE_SEC_064_0149,SEC_064,493.642
OHE_SEC_064_0150,SEC_064,493.692
OHE_SEC_064_0151,SEC_064,493.741
OHE_SEC_064_0152,SEC_064,493.791
OHE_SEC_064_0153,SEC_064,493.841
OHE_SEC_064_0154,SEC_064,493.891
OHE_SEC_064_0155,SEC_064,493.941
OHE_SEC_064_0156,SEC_064,493.991
OHE_SEC_064_0157,SEC_064,494.041
OHE_SEC_064_0158,SEC_064,494.091
OHE_SEC_064_0159,SEC_064,494.141
OHE_SEC_064_0160,SEC_064,494.191
OHE_SEC_064_0161,SEC_064,494.241
OHE_SEC_064_0162,SEC_064,494.291
OHE_SEC_064_0163,SEC_064,494.34
OHE_SEC_064_0164,SEC_064,494.39
OHE_SEC_064_0165,SEC_064,494.44
OHE_SEC_064_0166,SEC_064,494.49
OHE_SEC_064_0167,SEC_064,494.54
OHE_SEC_064_0168,SEC_064,494.59
OHE_SEC_064_0169,SEC_064,494.64
OHE_SEC_064_0170,SEC_064,494.69
OHE_SEC_064_0171,SEC_064,494.74
OHE_SEC_064_0172,SEC_064,494.79
OHE_SEC_064_0173,SEC_064,494.84
OHE_SEC_064_0174,SEC_064,494.889
OHE_SEC_064_0175,SEC_064,494.939
OHE_SEC_064_0176,SEC_064,494.989
OHE_SEC_064_0177,SEC_064,495.039
OHE_SEC_064_0178,SEC_064,495.089
OHE_SEC_064_0179,SEC_064,495.139
OHE_SEC_064_0180,SEC_064,495.189
OHE_SEC_064_0181,SEC_064,495.239
OHE_SEC_064_0182,SEC_064,495.289
OHE_SEC_064_0183,SEC_064,495.339
OHE_SEC_064_0184,SEC_064,495.389
OHE_SEC_064_0185,SEC_064,495.438
OHE_SEC_064_0186,SEC_064,495.488
OHE_SEC_064_0187,SEC_064,495.538
OHE_SEC_064_0188,SEC_064,495.588
OHE_SEC_064_0189,SEC_064,495.638
OHE_SEC_064_0190,SEC_064,495.688
OHE_SEC_064_0191,SEC_064,495.738
OHE_SEC_064_0192,SEC_064,495.788
OHE_SEC_064_0193,SEC_064,495.838
OHE_SEC_064_0194,SEC_064,495.888
OHE_SEC_064_0195,SEC_064,495.938
OHE_SEC_064_0196,SEC_064,495.987
OHE_SEC_064_0197,SEC_064,496.037
OHE_SEC_064_0198,SEC_064,496.087
OHE_SEC_064_0199,SEC_064,496.137
OHE_SEC_064_0200,SEC_064,496.187
OHE_SEC_064_0201,SEC_064,496.237
OHE_SEC_064_0202,SEC_064,496.287
OHE_SEC_064_0203,SEC_064,496.337
OHE_SEC_064_0204,SEC_064,496.387
OHE_SEC_064_0205,SEC_064,496.437
OHE_SEC_064_0206,SEC_064,496.487
OHE_SEC_064_0207,SEC_064,496.536
OHE_SEC_064_0208,SEC_064,496.586
OHE_SEC_064_0209,SEC_064,496.636
OHE_SEC_064_0210,SEC_064,496.686
OHE_SEC_064_0211,SEC_064,496.736
OHE_SEC_064_0212,SEC_064,496.786
OHE_SEC_064_0213,SEC_064,496.836
OHE_SEC_064_0214,SEC_064,496.886
OHE_SEC_064_0215,SEC_064,496.936
OHE_SEC_064_0216,SEC_064,496.986
OHE_SEC_064_0217,SEC_064,497.036
OHE_SEC_064_0218,SEC_064,497.086
OHE_SEC_064_0219,SEC_064,497.135
OHE_SEC_064_0220,SEC_064,497.185
OHE_SEC_064_0221,SEC_064,497.235
OHE_SEC_064_0222,SEC_064,497.285
OHE_SEC_064_0223,SEC_064,497.335
OHE_SEC_064_0224,SEC_064,497.385
OHE_SEC_064_0225,SEC_064,497.435
OHE_SEC_064_0226,SEC_064,497.485
OHE_SEC_064_0227,SEC_064,497.535
OHE_SEC_064_0228,SEC_064,497.585
OHE_SEC_064_0229,SEC_064,497.635
OHE_SEC_064_0230,SEC_064,497.684
OHE_SEC_064_0231,SEC_064,497.734
OHE_SEC_064_0232,SEC_064,497.784
OHE_SEC_064_0233,SEC_064,497.834
OHE_SEC_064_0234,SEC_064,497.884
OHE_SEC_064_0235,SEC_064,497.934
OHE_SEC_064_0236,SEC_064,497.984
OHE_SEC_064_0237,SEC_064,498.034
OHE_SEC_064_0238,SEC_064,498.084
OHE_SEC_064_0239,SEC_064,498.134
OHE_SEC_064_0240,SEC_064,498.184
OHE_SEC_064_0241,SEC_064,498.233
OHE_SEC_064_0242,SEC_064,498.283
OHE_SEC_064_0243,SEC_064,498.333
OHE_SEC_064_0244,SEC_064,498.383
OHE_SEC_064_0245,SEC_064,498.433
OHE_SEC_064_0246,SEC_064,498.483
OHE_SEC_064_0247,SEC_064,498.533
OHE_SEC_064_0248,SEC_064,498.583
OHE_SEC_064_0249,SEC_064,498.633
OHE_SEC_064_0250,SEC_064,498.683
OHE_SEC_064_0251,SEC_064,498.733
OHE_SEC_064_0252,SEC_064,498.782
OHE_SEC_064_0253,SEC_064,498.832
OHE_SEC_064_0254,SEC_064,498.882
OHE_SEC_064_0255,SEC_064,498.932
OHE_SEC_064_0256,SEC_064,498.982
OHE_SEC_064_0257,SEC_064,499.032
OHE_SEC_064_0258,SEC_064,499.082
OHE_SEC_064_0259,SEC_064,499.132
OHE_SEC_064_0260,SEC_064,499.182
OHE_SEC_064_0261,SEC_064,499.232
OHE_SEC_064_0262,SEC_064,499.282
OHE_SEC_064_0263,SEC_064,499.331
OHE_SEC_064_0264,SEC_064,499.381
OHE_SEC_064_0265,SEC_064,499.431
OHE_SEC_064_0266,SEC_064,499.481
OHE_SEC_064_0267,SEC_064,499.531
OHE_SEC_064_0268,SEC_064,499.581
OHE_SEC_064_0269,SEC_064,499.631
OHE_SEC_064_0270,SEC_064,499.681
OHE_SEC_064_0271,SEC_064,499.731
OHE_SEC_064_0272,SEC_064,499.781
OHE_SEC_064_0273,SEC_064,499.831
OHE_SEC_064_0274,SEC_064,499.88
OHE_SEC_064_0275,SEC_064,499.93
OHE_SEC_064_0276,SEC_064,499.98
OHE_SEC_064_0277,SEC_064,500.03
OHE_SEC_064_0278,SEC_064,500.08
OHE_SEC_064_0279,SEC_064,500.13
OHE_SEC_064_0280,SEC_064,500.18
OHE_SEC_064_0281,SEC_064,500.23
OHE_SEC_064_0282,SEC_064,500.28
OHE_SEC_064_0283,SEC_064,500.33
OHE_SEC_064_0284,SEC_064,500.38
OHE_SEC_064_0285,SEC_064,500.43
OHE_SEC_064_0286,SEC_064,500.479
OHE_SEC_064_0287,SEC_064,500.529
OHE_SEC_064_0288,SEC_064,500.579
OHE_SEC_064_0289,SEC_064,500.629
OHE_SEC_064_0290,SEC_064,500.679
OHE_SEC_064_0291,SEC_064,500.729
OHE_SEC_064_0292,SEC_064,500.779
OHE_SEC_064_0293,SEC_064,500.829
OHE_SEC_064_0294,SEC_064,500.879
OHE_SEC_064_0295,SEC_064,500.929
OHE_SEC_064_0296,SEC_064,500.979
OHE_SEC_064_0297,SEC_064,501.028
OHE_SEC_064_0298,SEC_064,501.078
OHE_SEC_064_0299,SEC_064,501.128
OHE_SEC_064_0300,SEC_064,501.178
OHE_SEC_064_0301,SEC_064,501.228
OHE_SEC_064_0302,SEC_064,501.278
OHE_SEC_064_0303,SEC_064,501.328
OHE_SEC_064_0304,SEC_064,501.378
OHE_SEC_064_0305,SEC_064,501.428
OHE_SEC_064_0306,SEC_064,501.478
OHE_SEC_064_0307,SEC_064,501.528
OHE_SEC_064_0308,SEC_064,501.577
OHE_SEC_064_0309,SEC_064,501.627
OHE_SEC_064_0310,SEC_064,501.677
OHE_SEC_064_0311,SEC_064,501.727
OHE_SEC_064_0312,SEC_064,501.777
OHE_SEC_064_0313,SEC_064,501.827
OHE_SEC_064_0314,SEC_064,501.877
OHE_SEC_064_0315,SEC_064,501.927
OHE_SEC_064_0316,SEC_064,501.977
OHE_SEC_064_0317,SEC_064,502.027
OHE_SEC_064_0318,SEC_064,502.077
OHE_SEC_064_0319,SEC_064,502.126
OHE_SEC_064_0320,SEC_064,502.176
OHE_SEC_064_0321,SEC_064,502.226
OHE_SEC_064_0322,SEC_064,502.276
OHE_SEC_064_0323,SEC_064,502.326
OHE_SEC_064_0324,SEC_064,502.376
OHE_SEC_064_0325,SEC_064,502.426
OHE_SEC_064_0326,SEC_064,502.476
OHE_SEC_064_0327,SEC_064,502.526
OHE_SEC_064_0328,SEC_064,502.576
OHE_SEC_064_0329,SEC_064,502.626
OHE_SEC_064_0330,SEC_064,502.675
OHE_SEC_064_0331,SEC_064,502.725
OHE_SEC_064_0332,SEC_064,502.775
OHE_SEC_064_0333,SEC_064,502.825
OHE_SEC_064_0334,SEC_064,502.875
OHE_SEC_064_0335,SEC_064,502.925
OHE_SEC_064_0336,SEC_064,502.975
OHE_SEC_064_0337,SEC_064,503.025
OHE_SEC_064_0338,SEC_064,503.075
OHE_SEC_064_0339,SEC_064,503.125
OHE_SEC_064_0340,SEC_064,503.175
OHE_SEC_064_0341,SEC_064,503.225
OHE_SEC_064_0342,SEC_064,503.274
OHE_SEC_064_0343,SEC_064,503.324
OHE_SEC_064_0344,SEC_064,503.374
OHE_SEC_064_0345,SEC_064,503.424
OHE_SEC_064_0346,SEC_064,503.474
OHE_SEC_064_0347,SEC_064,503.524
OHE_SEC_064_0348,SEC_064,503.574
OHE_SEC_064_0349,SEC_064,503.624
OHE_SEC_064_0350,SEC_064,503.674
OHE_SEC_064_0351,SEC_064,503.724
OHE_SEC_064_0352,SEC_064,503.774
OHE_SEC_064_0353,SEC_064,503.823
OHE_SEC_064_0354,SEC_064,503.873
OHE_SEC_064_0355,SEC_064,503.923
OHE_SEC_064_0356,SEC_064,503.973
OHE_SEC_064_0357,SEC_064,504.023
OHE_SEC_064_0358,SEC_064,504.073
OHE_SEC_064_0359,SEC_064,504.123
OHE_SEC_064_0360,SEC_064,504.173
OHE_SEC_064_0361,SEC_064,504.223
OHE_SEC_064_0362,SEC_064,504.273
OHE_SEC_064_0363,SEC_064,504.323
OHE_SEC_064_0364,SEC_064,504.372
OHE_SEC_064_0365,SEC_064,504.422
OHE_SEC_064_0366,SEC_064,504.472
OHE_SEC_064_0367,SEC_064,504.522
OHE_SEC_064_0368,SEC_064,504.572
OHE_SEC_064_0369,SEC_064,504.622
OHE_SEC_064_0370,SEC_064,504.672
OHE_SEC_064_0371,SEC_064,504.722
OHE_SEC_064_0372,SEC_064,504.772
OHE_SEC_064_0373,SEC_064,504.822
OHE_SEC_064_0374,SEC_064,504.872
OHE_SEC_064_0375,SEC_064,504.921
OHE_SEC_064_0376,SEC_064,504.971
OHE_SEC_064_0377,SEC_064,505.021
OHE_SEC_064_0378,SEC_064,505.071
OHE_SEC_064_0379,SEC_064,505.121
OHE_SEC_064_0380,SEC_064,505.171
OHE_SEC_064_0381,SEC_064,505.221
OHE_SEC_064_0382,SEC_064,505.271
OHE_SEC_064_0383,SEC_064,505.321
OHE_SEC_064_0384,SEC_064,505.371
OHE_SEC_064_0385,SEC_064,505.421
OHE_SEC_064_0386,SEC_064,505.47
OHE_SEC_064_0387,SEC_064,505.52
OHE_SEC_064_0388,SEC_064,505.57
OHE_SEC_064_0389,SEC_064,505.62
OHE_SEC_064_0390,SEC_064,505.67
OHE_SEC_064_0391,SEC_064,505.72
OHE_SEC_064_0392,SEC_064,505.77
OHE_SEC_064_0393,SEC_064,505.82
OHE_SEC_064_0394,SEC_064,505.87
OHE_SEC_064_0395,SEC_064,505.92
OHE_SEC_064_0396,SEC_064,505.97
OHE_SEC_064_0397,SEC_064,506.019
OHE_SEC_064_0398,SEC_064,506.069
OHE_SEC_064_0399,SEC_064,506.119
OHE_SEC_064_0400,SEC_064,506.169
OHE_SEC_064_0401,SEC_064,506.219
OHE_SEC_064_0402,SEC_064,506.269
OHE_SEC_064_0403,SEC_064,506.319
OHE_SEC_064_0404,SEC_064,506.369
OHE_SEC_064_0405,SEC_064,506.419
OHE_SEC_064_0406,SEC_064,506.469
OHE_SEC_064_0407,SEC_064,506.519
OHE_SEC_064_0408,SEC_064,506.569
OHE_SEC_064_0409,SEC_064,506.618
OHE_SEC_064_0410,SEC_064,506.668
OHE_SEC_064_0411,SEC_064,506.718
OHE_SEC_064_0412,SEC_064,506.768
OHE_SEC_064_0413,SEC_064,506.818
OHE_SEC_064_0414,SEC_064,506.868
OHE_SEC_064_0415,SEC_064,506.918
OHE_SEC_064_0416,SEC_064,506.968
OHE_SEC_064_0417,SEC_064,507.018
OHE_SEC_064_0418,SEC_064,507.068
OHE_SEC_064_0419,SEC_064,507.118
OHE_SEC_064_0420,SEC_064,507.167
OHE_SEC_064_0421,SEC_064,507.217
OHE_SEC_064_0422,SEC_064,507.267
OHE_SEC_064_0423,SEC_064,507.317
OHE_SEC_064_0424,SEC_064,507.367
OHE_SEC_064_0425,SEC_064,507.417
OHE_SEC_064_0426,SEC_064,507.467
OHE_SEC_064_0427,SEC_064,507.517
OHE_SEC_064_0428,SEC_064,507.567
OHE_SEC_064_0429,SEC_064,507.617
OHE_SEC_064_0430,SEC_064,507.667
OHE_SEC_064_0431,SEC_064,507.716
OHE_SEC_064_0432,SEC_064,507.766
OHE_SEC_064_0433,SEC_064,507.816
OHE_SEC_064_0434,SEC_064,507.866
OHE_SEC_064_0435,SEC_064,507.916
OHE_SEC_064_0436,SEC_064,507.966
OHE_SEC_064_0437,SEC_064,508.016
OHE_SEC_064_0438,SEC_064,508.066
OHE_SEC_064_0439,SEC_064,508.116
OHE_SEC_064_0440,SEC_064,508.166
OHE_SEC_064_0441,SEC_064,508.216
OHE_SEC_064_0442,SEC_064,508.265
OHE_SEC_064_0443,SEC_064,508.315
OHE_SEC_064_0444,SEC_064,508.365
OHE_SEC_064_0445,SEC_064,508.415
OHE_SEC_064_0446,SEC_064,508.465
OHE_SEC_064_0447,SEC_064,508.515
OHE_SEC_064_0448,SEC_064,508.565
OHE_SEC_064_0449,SEC_064,508.615
OHE_SEC_064_0450,SEC_064,508.665
OHE_SEC_064_0451,SEC_064,508.715
OHE_SEC_064_0452,SEC_064,508.765
OHE_SEC_064_0453,SEC_064,508.814
OHE_SEC_064_0454,SEC_064,508.864
OHE_SEC_064_0455,SEC_064,508.914
OHE_SEC_064_0456,SEC_064,508.964
OHE_SEC_064_0457,SEC_064,509.014
OHE_SEC_064_0458,SEC_064,509.064
OHE_SEC_064_0459,SEC_064,509.114
OHE_SEC_064_0460,SEC_064,509.164
OHE_SEC_064_0461,SEC_064,509.214
OHE_SEC_064_0462,SEC_064,509.264
OHE_SEC_064_0463,SEC_064,509.314
OHE_SEC_064_0464,SEC_064,509.364
OHE_SEC_064_0465,SEC_064,509.413
OHE_SEC_064_0466,SEC_064,509.463
OHE_SEC_064_0467,SEC_064,509.513
OHE_SEC_064_0468,SEC_064,509.563
OHE_SEC_064_0469,SEC_064,509.613
OHE_SEC_064_0470,SEC_064,509.663
OHE_SEC_064_0471,SEC_064,509.713
OHE_SEC_064_0472,SEC_064,509.763
OHE_SEC_064_0473,SEC_064,509.813
OHE_SEC_064_0474,SEC_064,509.863
OHE_SEC_064_0475,SEC_064,509.913
OHE_SEC_064_0476,SEC_064,509.962
OHE_SEC_064_0477,SEC_064,510.012
OHE_SEC_064_0478,SEC_064,510.062
OHE_SEC_064_0479,SEC_064,510.112
OHE_SEC_064_0480,SEC_064,510.162
OHE_SEC_064_0481,SEC_064,510.212
OHE_SEC_064_0482,SEC_064,510.262
OHE_SEC_064_0483,SEC_064,510.312
OHE_SEC_064_0484,SEC_064,510.362
OHE_SEC_064_0485,SEC_064,510.412
OHE_SEC_064_0486,SEC_064,510.462
OHE_SEC_064_0487,SEC_064,510.511
OHE_SEC_064_0488,SEC_064,510.561
OHE_SEC_064_0489,SEC_064,510.611
OHE_SEC_064_0490,SEC_064,510.661
OHE_SEC_064_0491,SEC_064,510.711
OHE_SEC_065_0001,SEC_065,510.811
OHE_SEC_065_0002,SEC_065,510.861
OHE_SEC_065_0003,SEC_065,510.911
OHE_SEC_065_0004,SEC_065,510.961
OHE_SEC_065_0005,SEC_065,511.011
OHE_SEC_065_0006,SEC_065,511.061
OHE_SEC_065_0007,SEC_065,511.111
OHE_SEC_065_0008,SEC_065,511.161
OHE_SEC_065_0009,SEC_065,511.211
OHE_SEC_065_0010,SEC_065,511.26
OHE_SEC_065_0011,SEC_065,511.31
OHE_SEC_065_0012,SEC_065,511.36
OHE_SEC_065_0013,SEC_065,511.41
OHE_SEC_065_0014,SEC_065,511.46
OHE_SEC_065_0015,SEC_065,511.51
OHE_SEC_065_0016,SEC_065,511.56
OHE_SEC_065_0017,SEC_065,511.61
OHE_SEC_065_0018,SEC_065,511.66
OHE_SEC_065_0019,SEC_065,511.71
OHE_SEC_065_0020,SEC_065,511.76
OHE_SEC_065_0021,SEC_065,511.81
OHE_SEC_065_0022,SEC_065,511.86
OHE_SEC_065_0023,SEC_065,511.91
OHE_SEC_065_0024,SEC_065,511.96
OHE_SEC_065_0025,SEC_065,512.01
OHE_SEC_065_0026,SEC_065,512.06
OHE_SEC_065_0027,SEC_065,512.11
OHE_SEC_065_0028,SEC_065,512.16
OHE_SEC_065_0029,SEC_065,512.209
OHE_SEC_065_0030,SEC_065,512.259
OHE_SEC_065_0031,SEC_065,512.309
OHE_SEC_065_0032,SEC_065,512.359
OHE_SEC_065_0033,SEC_065,512.409
OHE_SEC_065_0034,SEC_065,512.459
OHE_SEC_065_0035,SEC_065,512.509
OHE_SEC_065_0036,SEC_065,512.559
OHE_SEC_065_0037,SEC_065,512.609
OHE_SEC_065_0038,SEC_065,512.659
OHE_SEC_065_0039,SEC_065,512.709
OHE_SEC_065_0040,SEC_065,512.759
OHE_SEC_065_0041,SEC_065,512.809
OHE_SEC_065_0042,SEC_065,512.859
OHE_SEC_065_0043,SEC_065,512.909
OHE_SEC_065_0044,SEC_065,512.959
OHE_SEC_065_0045,SEC_065,513.009
OHE_SEC_065_0046,SEC_065,513.059
OHE_SEC_065_0047,SEC_065,513.109
OHE_SEC_065_0048,SEC_065,513.158
OHE_SEC_065_0049,SEC_065,513.208
OHE_SEC_065_0050,SEC_065,513.258
OHE_SEC_065_0051,SEC_065,513.308
OHE_SEC_065_0052,SEC_065,513.358
OHE_SEC_065_0053,SEC_065,513.408
OHE_SEC_065_0054,SEC_065,513.458
OHE_SEC_065_0055,SEC_065,513.508
OHE_SEC_065_0056,SEC_065,513.558
OHE_SEC_065_0057,SEC_065,513.608
OHE_SEC_065_0058,SEC_065,513.658
OHE_SEC_065_0059,SEC_065,513.708
OHE_SEC_065_0060,SEC_065,513.758
OHE_SEC_065_0061,SEC_065,513.808
OHE_SEC_065_0062,SEC_065,513.858
OHE_SEC_065_0063,SEC_065,513.908
OHE_SEC_065_0064,SEC_065,513.958
OHE_SEC_065_0065,SEC_065,514.008
OHE_SEC_065_0066,SEC_065,514.058
OHE_SEC_065_0067,SEC_065,514.107
OHE_SEC_065_0068,SEC_065,514.157
OHE_SEC_065_0069,SEC_065,514.207
OHE_SEC_065_0070,SEC_065,514.257
OHE_SEC_065_0071,SEC_065,514.307
OHE_SEC_065_0072,SEC_065,514.357
OHE_SEC_065_0073,SEC_065,514.407
OHE_SEC_065_0074,SEC_065,514.457
OHE_SEC_065_0075,SEC_065,514.507
OHE_SEC_065_0076,SEC_065,514.557
OHE_SEC_065_0077,SEC_065,514.607
OHE_SEC_065_0078,SEC_065,514.657
OHE_SEC_065_0079,SEC_065,514.707
OHE_SEC_065_0080,SEC_065,514.757
OHE_SEC_065_0081,SEC_065,514.807
OHE_SEC_065_0082,SEC_065,514.857
OHE_SEC_065_0083,SEC_065,514.907
OHE_SEC_065_0084,SEC_065,514.957
OHE_SEC_065_0085,SEC_065,515.007
OHE_SEC_065_0086,SEC_065,515.056
OHE_SEC_065_0087,SEC_065,515.106
OHE_SEC_065_0088,SEC_065,515.156
OHE_SEC_065_0089,SEC_065,515.206
OHE_SEC_065_0090,SEC_065,515.256
OHE_SEC_065_0091,SEC_065,515.306
OHE_SEC_065_0092,SEC_065,515.356
OHE_SEC_065_0093,SEC_065,515.406
OHE_SEC_065_0094,SEC_065,515.456
OHE_SEC_065_0095,SEC_065,515.506
OHE_SEC_065_0096,SEC_065,515.556
OHE_SEC_065_0097,SEC_065,515.606
OHE_SEC_065_0098,SEC_065,515.656
OHE_SEC_065_0099,SEC_065,515.706
OHE_SEC_065_0100,SEC_065,515.756
OHE_SEC_065_0101,SEC_065,515.806
OHE_SEC_065_0102,SEC_065,515.856
OHE_SEC_065_0103,SEC_065,515.906
OHE_SEC_065_0104,SEC_065,515.956
OHE_SEC_065_0105,SEC_065,516.005
OHE_SEC_065_0106,SEC_065,516.055
OHE_SEC_065_0107,SEC_065,516.105
OHE_SEC_065_0108,SEC_065,516.155
OHE_SEC_065_0109,SEC_065,516.205
OHE_SEC_065_0110,SEC_065,516.255
OHE_SEC_065_0111,SEC_065,516.305
OHE_SEC_065_0112,SEC_065,516.355
OHE_SEC_065_0113,SEC_065,516.405
OHE_SEC_065_0114,SEC_065,516.455
OHE_SEC_065_0115,SEC_065,516.505
OHE_SEC_065_0116,SEC_065,516.555
OHE_SEC_065_0117,SEC_065,516.605
OHE_SEC_065_0118,SEC_065,516.655
OHE_SEC_065_0119,SEC_065,516.705
OHE_SEC_065_0120,SEC_065,516.755
OHE_SEC_065_0121,SEC_065,516.805
OHE_SEC_065_0122,SEC_065,516.855
OHE_SEC_065_0123,SEC_065,516.905
OHE_SEC_065_0124,SEC_065,516.954
OHE_SEC_065_0125,SEC_065,517.004
OHE_SEC_065_0126,SEC_065,517.054
OHE_SEC_065_0127,SEC_065,517.104
OHE_SEC_065_0128,SEC_065,517.154
OHE_SEC_065_0129,SEC_065,517.204
OHE_SEC_065_0130,SEC_065,517.254
OHE_SEC_065_0131,SEC_065,517.304
OHE_SEC_065_0132,SEC_065,517.354
OHE_SEC_065_0133,SEC_065,517.404
OHE_SEC_065_0134,SEC_065,517.454
OHE_SEC_065_0135,SEC_065,517.504
OHE_SEC_065_0136,SEC_065,517.554
OHE_SEC_065_0137,SEC_065,517.604
OHE_SEC_065_0138,SEC_065,517.654
OHE_SEC_065_0139,SEC_065,517.704
OHE_SEC_065_0140,SEC_065,517.754
OHE_SEC_065_0141,SEC_065,517.804
OHE_SEC_065_0142,SEC_065,517.854
OHE_SEC_065_0143,SEC_065,517.903
OHE_SEC_065_0144,SEC_065,517.953
OHE_SEC_065_0145,SEC_065,518.003
OHE_SEC_065_0146,SEC_065,518.053
OHE_SEC_065_0147,SEC_065,518.103
OHE_SEC_065_0148,SEC_065,518.153
OHE_SEC_065_0149,SEC_065,518.203
OHE_SEC_065_0150,SEC_065,518.253
OHE_SEC_065_0151,SEC_065,518.303
OHE_SEC_065_0152,SEC_065,518.353
OHE_SEC_065_0153,SEC_065,518.403
OHE_SEC_065_0154,SEC_065,518.453
OHE_SEC_065_0155,SEC_065,518.503
OHE_SEC_065_0156,SEC_065,518.553
OHE_SEC_065_0157,SEC_065,518.603
OHE_SEC_065_0158,SEC_065,518.653
OHE_SEC_065_0159,SEC_065,518.703
OHE_SEC_065_0160,SEC_065,518.753
OHE_SEC_065_0161,SEC_065,518.803
OHE_SEC_065_0162,SEC_065,518.852
OHE_SEC_065_0163,SEC_065,518.902
OHE_SEC_065_0164,SEC_065,518.952
OHE_SEC_065_0165,SEC_065,519.002
OHE_SEC_065_0166,SEC_065,519.052
OHE_SEC_065_0167,SEC_065,519.102
OHE_SEC_065_0168,SEC_065,519.152
OHE_SEC_065_0169,SEC_065,519.202
OHE_SEC_065_0170,SEC_065,519.252
OHE_SEC_065_0171,SEC_065,519.302
OHE_SEC_065_0172,SEC_065,519.352
OHE_SEC_065_0173,SEC_065,519.402
OHE_SEC_065_0174,SEC_065,519.452
OHE_SEC_065_0175,SEC_065,519.502
OHE_SEC_065_0176,SEC_065,519.552
OHE_SEC_065_0177,SEC_065,519.602
OHE_SEC_065_0178,SEC_065,519.652
OHE_SEC_065_0179,SEC_065,519.702
OHE_SEC_065_0180,SEC_065,519.752
OHE_SEC_065_0181,SEC_065,519.801
OHE_SEC_065_0182,SEC_065,519.851
OHE_SEC_065_0183,SEC_065,519.901
OHE_SEC_065_0184,SEC_065,519.951
OHE_SEC_065_0185,SEC_065,520.001
OHE_SEC_065_0186,SEC_065,520.051
OHE_SEC_065_0187,SEC_065,520.101
OHE_SEC_065_0188,SEC_065,520.151
OHE_SEC_065_0189,SEC_065,520.201
OHE_SEC_065_0190,SEC_065,520.251
OHE_SEC_065_0191,SEC_065,520.301
OHE_SEC_065_0192,SEC_065,520.351
OHE_SEC_065_0193,SEC_065,520.401
OHE_SEC_065_0194,SEC_065,520.451
OHE_SEC_065_0195,SEC_065,520.501
OHE_SEC_065_0196,SEC_065,520.551
OHE_SEC_065_0197,SEC_065,520.601
OHE_SEC_065_0198,SEC_065,520.651
OHE_SEC_065_0199,SEC_065,520.701
OHE_SEC_065_0200,SEC_065,520.75
OHE_SEC_065_0201,SEC_065,520.8
OHE_SEC_065_0202,SEC_065,520.85
OHE_SEC_065_0203,SEC_065,520.9
OHE_SEC_065_0204,SEC_065,520.95
OHE_SEC_065_0205,SEC_065,521.0
OHE_SEC_065_0206,SEC_065,521.05
OHE_SEC_065_0207,SEC_065,521.1
OHE_SEC_065_0208,SEC_065,521.15
OHE_SEC_065_0209,SEC_065,521.2
OHE_SEC_065_0210,SEC_065,521.25
OHE_SEC_065_0211,SEC_065,521.3
OHE_SEC_065_0212,SEC_065,521.35
OHE_SEC_065_0213,SEC_065,521.4
OHE_SEC_065_0214,SEC_065,521.45
OHE_SEC_065_0215,SEC_065,521.5
OHE_SEC_065_0216,SEC_065,521.55
OHE_SEC_065_0217,SEC_065,521.6
OHE_SEC_065_0218,SEC_065,521.65
OHE_SEC_065_0219,SEC_065,521.699
OHE_SEC_065_0220,SEC_065,521.749
OHE_SEC_065_0221,SEC_065,521.799
OHE_SEC_065_0222,SEC_065,521.849
OHE_SEC_065_0223,SEC_065,521.899
OHE_SEC_065_0224,SEC_065,521.949
OHE_SEC_065_0225,SEC_065,521.999
OHE_SEC_065_0226,SEC_065,522.049
OHE_SEC_065_0227,SEC_065,522.099
OHE_SEC_065_0228,SEC_065,522.149
OHE_SEC_065_0229,SEC_065,522.199
OHE_SEC_065_0230,SEC_065,522.249
OHE_SEC_065_0231,SEC_065,522.299
OHE_SEC_065_0232,SEC_065,522.349
OHE_SEC_065_0233,SEC_065,522.399
OHE_SEC_065_0234,SEC_065,522.449
OHE_SEC_065_0235,SEC_065,522.499
OHE_SEC_065_0236,SEC_065,522.549
OHE_SEC_065_0237,SEC_065,522.599
OHE_SEC_065_0238,SEC_065,522.648
OHE_SEC_065_0239,SEC_065,522.698
OHE_SEC_065_0240,SEC_065,522.748
OHE_SEC_065_0241,SEC_065,522.798
OHE_SEC_065_0242,SEC_065,522.848
OHE_SEC_065_0243,SEC_065,522.898
OHE_SEC_065_0244,SEC_065,522.948
OHE_SEC_065_0245,SEC_065,522.998
OHE_SEC_065_0246,SEC_065,523.048
OHE_SEC_065_0247,SEC_065,523.098
OHE_SEC_065_0248,SEC_065,523.148
OHE_SEC_065_0249,SEC_065,523.198
OHE_SEC_065_0250,SEC_065,523.248
OHE_SEC_065_0251,SEC_065,523.298
OHE_SEC_065_0252,SEC_065,523.348
OHE_SEC_065_0253,SEC_065,523.398
OHE_SEC_065_0254,SEC_065,523.448
OHE_SEC_065_0255,SEC_065,523.498
OHE_SEC_065_0256,SEC_065,523.548
OHE_SEC_065_0257,SEC_065,523.597
OHE_SEC_065_0258,SEC_065,523.647
OHE_SEC_065_0259,SEC_065,523.697
OHE_SEC_065_0260,SEC_065,523.747
OHE_SEC_065_0261,SEC_065,523.797
OHE_SEC_065_0262,SEC_065,523.847
OHE_SEC_065_0263,SEC_065,523.897
OHE_SEC_065_0264,SEC_065,523.947
OHE_SEC_065_0265,SEC_065,523.997
OHE_SEC_065_0266,SEC_065,524.047
OHE_SEC_065_0267,SEC_065,524.097
OHE_SEC_065_0268,SEC_065,524.147
OHE_SEC_065_0269,SEC_065,524.197
OHE_SEC_065_0270,SEC_065,524.247
OHE_SEC_065_0271,SEC_065,524.297
OHE_SEC_065_0272,SEC_065,524.347
OHE_SEC_065_0273,SEC_065,524.397
OHE_SEC_065_0274,SEC_065,524.447
OHE_SEC_065_0275,SEC_065,524.497
OHE_SEC_065_0276,SEC_065,524.546
OHE_SEC_065_0277,SEC_065,524.596
OHE_SEC_065_0278,SEC_065,524.646
OHE_SEC_065_0279,SEC_065,524.696
OHE_SEC_065_0280,SEC_065,524.746
OHE_SEC_065_0281,SEC_065,524.796
OHE_SEC_065_0282,SEC_065,524.846
OHE_SEC_065_0283,SEC_065,524.896
OHE_SEC_065_0284,SEC_065,524.946
OHE_SEC_065_0285,SEC_065,524.996
OHE_SEC_065_0286,SEC_065,525.046
OHE_SEC_065_0287,SEC_065,525.096
OHE_SEC_065_0288,SEC_065,525.146
OHE_SEC_065_0289,SEC_065,525.196
OHE_SEC_065_0290,SEC_065,525.246
OHE_SEC_065_0291,SEC_065,525.296
OHE_SEC_065_0292,SEC_065,525.346
OHE_SEC_065_0293,SEC_065,525.396
OHE_SEC_065_0294,SEC_065,525.446
OHE_SEC_065_0295,SEC_065,525.495
OHE_SEC_065_0296,SEC_065,525.545
OHE_SEC_065_0297,SEC_065,525.595
OHE_SEC_065_0298,SEC_065,525.645
OHE_SEC_065_0299,SEC_065,525.695
OHE_SEC_065_0300,SEC_065,525.745
OHE_SEC_065_0301,SEC_065,525.795
OHE_SEC_065_0302,SEC_065,525.845
OHE_SEC_065_0303,SEC_065,525.895
OHE_SEC_065_0304,SEC_065,525.945
OHE_SEC_065_0305,SEC_065,525.995
OHE_SEC_065_0306,SEC_065,526.045
OHE_SEC_065_0307,SEC_065,526.095
OHE_SEC_065_0308,SEC_065,526.145
OHE_SEC_065_0309,SEC_065,526.195
OHE_SEC_065_0310,SEC_065,526.245
OHE_SEC_065_0311,SEC_065,526.295
OHE_SEC_065_0312,SEC_065,526.345
OHE_SEC_065_0313,SEC_065,526.395
OHE_SEC_065_0314,SEC_065,526.444
OHE_SEC_065_0315,SEC_065,526.494
OHE_SEC_065_0316,SEC_065,526.544
OHE_SEC_065_0317,SEC_065,526.594
OHE_SEC_065_0318,SEC_065,526.644
OHE_SEC_065_0319,SEC_065,526.694
OHE_SEC_065_0320,SEC_065,526.744
OHE_SEC_065_0321,SEC_065,526.794
OHE_SEC_065_0322,SEC_065,526.844
OHE_SEC_065_0323,SEC_065,526.894
OHE_SEC_065_0324,SEC_065,526.944
OHE_SEC_065_0325,SEC_065,526.994
OHE_SEC_065_0326,SEC_065,527.044
OHE_SEC_065_0327,SEC_065,527.094
OHE_SEC_065_0328,SEC_065,527.144
OHE_SEC_065_0329,SEC_065,527.194
OHE_SEC_065_0330,SEC_065,527.244
OHE_SEC_065_0331,SEC_065,527.294
OHE_SEC_065_0332,SEC_065,527.344
OHE_SEC_065_0333,SEC_065,527.393
OHE_SEC_065_0334,SEC_065,527.443
OHE_SEC_065_0335,SEC_065,527.493
OHE_SEC_065_0336,SEC_065,527.543
OHE_SEC_065_0337,SEC_065,527.593
OHE_SEC_065_0338,SEC_065,527.643
OHE_SEC_065_0339,SEC_065,527.693
OHE_SEC_065_0340,SEC_065,527.743
OHE_SEC_065_0341,SEC_065,527.793
OHE_SEC_065_0342,SEC_065,527.843
OHE_SEC_065_0343,SEC_065,527.893
OHE_SEC_065_0344,SEC_065,527.943
OHE_SEC_065_0345,SEC_065,527.993
OHE_SEC_065_0346,SEC_065,528.043
OHE_SEC_065_0347,SEC_065,528.093
OHE_SEC_065_0348,SEC_065,528.143
OHE_SEC_065_0349,SEC_065,528.193
OHE_SEC_065_0350,SEC_065,528.243
OHE_SEC_065_0351,SEC_065,528.293
OHE_SEC_065_0352,SEC_065,528.342
OHE_SEC_065_0353,SEC_065,528.392
OHE_SEC_065_0354,SEC_065,528.442
OHE_SEC_065_0355,SEC_065,528.492
OHE_SEC_065_0356,SEC_065,528.542
OHE_SEC_065_0357,SEC_065,528.592
OHE_SEC_065_0358,SEC_065,528.642
OHE_SEC_065_0359,SEC_065,528.692
OHE_SEC_065_0360,SEC_065,528.742
OHE_SEC_065_0361,SEC_065,528.792
OHE_SEC_065_0362,SEC_065,528.842
OHE_SEC_065_0363,SEC_065,528.892
OHE_SEC_065_0364,SEC_065,528.942
OHE_SEC_065_0365,SEC_065,528.992
OHE_SEC_065_0366,SEC_065,529.042
OHE_SEC_065_0367,SEC_065,529.092
OHE_SEC_065_0368,SEC_065,529.142
OHE_SEC_065_0369,SEC_065,529.192
OHE_SEC_065_0370,SEC_065,529.242
OHE_SEC_065_0371,SEC_065,529.291
OHE_SEC_065_0372,SEC_065,529.341
OHE_SEC_065_0373,SEC_065,529.391
OHE_SEC_065_0374,SEC_065,529.441
OHE_SEC_065_0375,SEC_065,529.491
OHE_SEC_065_0376,SEC_065,529.541
OHE_SEC_065_0377,SEC_065,529.591
OHE_SEC_065_0378,SEC_065,529.641
OHE_SEC_065_0379,SEC_065,529.691
OHE_SEC_065_0380,SEC_065,529.741
OHE_SEC_065_0381,SEC_065,529.791
OHE_SEC_065_0382,SEC_065,529.841
OHE_SEC_065_0383,SEC_065,529.891
OHE_SEC_065_0384,SEC_065,529.941
OHE_SEC_065_0385,SEC_065,529.991
OHE_SEC_065_0386,SEC_065,530.041
OHE_SEC_065_0387,SEC_065,530.091
OHE_SEC_065_0388,SEC_065,530.141
OHE_SEC_065_0389,SEC_065,530.191
OHE_SEC_065_0390,SEC_065,530.24
OHE_SEC_065_0391,SEC_065,530.29
OHE_SEC_065_0392,SEC_065,530.34
OHE_SEC_065_0393,SEC_065,530.39
OHE_SEC_065_0394,SEC_065,530.44
OHE_SEC_065_0395,SEC_065,530.49
OHE_SEC_065_0396,SEC_065,530.54
OHE_SEC_065_0397,SEC_065,530.59
OHE_SEC_065_0398,SEC_065,530.64
OHE_SEC_065_0399,SEC_065,530.69
OHE_SEC_065_0400,SEC_065,530.74
OHE_SEC_065_0401,SEC_065,530.79
OHE_SEC_065_0402,SEC_065,530.84
OHE_SEC_065_0403,SEC_065,530.89
OHE_SEC_065_0404,SEC_065,530.94
OHE_SEC_065_0405,SEC_065,530.99
OHE_SEC_065_0406,SEC_065,531.04
OHE_SEC_065_0407,SEC_065,531.09
OHE_SEC_065_0408,SEC_065,531.14
OHE_SEC_065_0409,SEC_065,531.19
OHE_SEC_065_0410,SEC_065,531.239
OHE_SEC_065_0411,SEC_065,531.289
OHE_SEC_065_0412,SEC_065,531.339
OHE_SEC_065_0413,SEC_065,531.389
OHE_SEC_065_0414,SEC_065,531.439
OHE_SEC_065_0415,SEC_065,531.489
OHE_SEC_065_0416,SEC_065,531.539
OHE_SEC_065_0417,SEC_065,531.589
OHE_SEC_065_0418,SEC_065,531.639
OHE_SEC_065_0419,SEC_065,531.689
OHE_SEC_065_0420,SEC_065,531.739
OHE_SEC_065_0421,SEC_065,531.789
OHE_SEC_065_0422,SEC_065,531.839
OHE_SEC_065_0423,SEC_065,531.889
OHE_SEC_065_0424,SEC_065,531.939
OHE_SEC_065_0425,SEC_065,531.989
OHE_SEC_065_0426,SEC_065,532.039
OHE_SEC_065_0427,SEC_065,532.089
OHE_SEC_065_0428,SEC_065,532.139
OHE_SEC_065_0429,SEC_065,532.188
OHE_SEC_065_0430,SEC_065,532.238
OHE_SEC_065_0431,SEC_065,532.288
OHE_SEC_065_0432,SEC_065,532.338
OHE_SEC_065_0433,SEC_065,532.388
OHE_SEC_065_0434,SEC_065,532.438
OHE_SEC_065_0435,SEC_065,532.488
OHE_SEC_065_0436,SEC_065,532.538
OHE_SEC_065_0437,SEC_065,532.588
OHE_SEC_065_0438,SEC_065,532.638
OHE_SEC_065_0439,SEC_065,532.688
OHE_SEC_065_0440,SEC_065,532.738
OHE_SEC_065_0441,SEC_065,532.788
OHE_SEC_065_0442,SEC_065,532.838
OHE_SEC_065_0443,SEC_065,532.888
OHE_SEC_065_0444,SEC_065,532.938
OHE_SEC_065_0445,SEC_065,532.988
OHE_SEC_065_0446,SEC_065,533.038
OHE_SEC_065_0447,SEC_065,533.088
OHE_SEC_065_0448,SEC_065,533.137
OHE_SEC_065_0449,SEC_065,533.187
OHE_SEC_065_0450,SEC_065,533.237
OHE_SEC_065_0451,SEC_065,533.287
OHE_SEC_065_0452,SEC_065,533.337
OHE_SEC_065_0453,SEC_065,533.387
OHE_SEC_065_0454,SEC_065,533.437
OHE_SEC_065_0455,SEC_065,533.487
OHE_SEC_065_0456,SEC_065,533.537
OHE_SEC_065_0457,SEC_065,533.587
OHE_SEC_065_0458,SEC_065,533.637
OHE_SEC_065_0459,SEC_065,533.687
OHE_SEC_065_0460,SEC_065,533.737
OHE_SEC_065_0461,SEC_065,533.787
OHE_SEC_065_0462,SEC_065,533.837
OHE_SEC_065_0463,SEC_065,533.887
OHE_SEC_065_0464,SEC_065,533.937
OHE_SEC_065_0465,SEC_065,533.987
OHE_SEC_065_0466,SEC_065,534.037
OHE_SEC_065_0467,SEC_065,534.086
OHE_SEC_065_0468,SEC_065,534.136
OHE_SEC_065_0469,SEC_065,534.186
OHE_SEC_065_0470,SEC_065,534.236
OHE_SEC_065_0471,SEC_065,534.286
OHE_SEC_065_0472,SEC_065,534.336
OHE_SEC_065_0473,SEC_065,534.386
OHE_SEC_065_0474,SEC_065,534.436
OHE_SEC_065_0475,SEC_065,534.486
OHE_SEC_065_0476,SEC_065,534.536
OHE_SEC_065_0477,SEC_065,534.586
OHE_SEC_065_0478,SEC_065,534.636
OHE_SEC_065_0479,SEC_065,534.686
OHE_SEC_065_0480,SEC_065,534.736
OHE_SEC_065_0481,SEC_065,534.786
OHE_SEC_065_0482,SEC_065,534.836
OHE_SEC_065_0483,SEC_065,534.886
OHE_SEC_065_0484,SEC_065,534.936
OHE_SEC_065_0485,SEC_065,534.986
OHE_SEC_065_0486,SEC_065,535.035
OHE_SEC_065_0487,SEC_065,535.085
OHE_SEC_065_0488,SEC_065,535.135
OHE_SEC_065_0489,SEC_065,535.185
OHE_SEC_065_0490,SEC_065,535.235
OHE_SEC_065_0491,SEC_065,535.285
OHE_SEC_065_0492,SEC_065,535.335
OHE_SEC_065_0493,SEC_065,535.385
OHE_SEC_065_0494,SEC_065,535.435
OHE_SEC_065_0495,SEC_065,535.485
OHE_SEC_065_0496,SEC_065,535.535
OHE_SEC_065_0497,SEC_065,535.585
OHE_SEC_065_0498,SEC_065,535.635
OHE_SEC_065_0499,SEC_065,535.685
OHE_SEC_065_0500,SEC_065,535.735
OHE_SEC_065_0501,SEC_065,535.785
OHE_SEC_065_0502,SEC_065,535.835
OHE_SEC_065_0503,SEC_065,535.885
OHE_SEC_065_0504,SEC_065,535.935
OHE_SEC_065_0505,SEC_065,535.984
OHE_SEC_065_0506,SEC_065,536.034
OHE_SEC_065_0507,SEC_065,536.084
OHE_SEC_065_0508,SEC_065,536.134
OHE_SEC_065_0509,SEC_065,536.184
OHE_SEC_065_0510,SEC_065,536.234
OHE_SEC_065_0511,SEC_065,536.284
OHE_SEC_065_0512,SEC_065,536.334
OHE_SEC_065_0513,SEC_065,536.384
OHE_SEC_065_0514,SEC_065,536.434
OHE_SEC_065_0515,SEC_065,536.484
OHE_SEC_065_0516,SEC_065,536.534
OHE_SEC_065_0517,SEC_065,536.584
OHE_SEC_065_0518,SEC_065,536.634
OHE_SEC_065_0519,SEC_065,536.684
OHE_SEC_065_0520,SEC_065,536.734
OHE_SEC_065_0521,SEC_065,536.784
OHE_SEC_065_0522,SEC_065,536.834
OHE_SEC_065_0523,SEC_065,536.884
OHE_SEC_065_0524,SEC_065,536.933
OHE_SEC_065_0525,SEC_065,536.983
OHE_SEC_065_0526,SEC_065,537.033
OHE_SEC_065_0527,SEC_065,537.083
OHE_SEC_065_0528,SEC_065,537.133
OHE_SEC_065_0529,SEC_065,537.183
OHE_SEC_065_0530,SEC_065,537.233
OHE_SEC_065_0531,SEC_065,537.283
OHE_SEC_065_0532,SEC_065,537.333
OHE_SEC_065_0533,SEC_065,537.383
OHE_SEC_065_0534,SEC_065,537.433
OHE_SEC_065_0535,SEC_065,537.483
OHE_SEC_065_0536,SEC_065,537.533
OHE_SEC_065_0537,SEC_065,537.583
OHE_SEC_065_0538,SEC_065,537.633
OHE_SEC_065_0539,SEC_065,537.683
OHE_SEC_065_0540,SEC_065,537.733
OHE_SEC_065_0541,SEC_065,537.783
OHE_SEC_065_0542,SEC_065,537.833
OHE_SEC_065_0543,SEC_065,537.882
OHE_SEC_065_0544,SEC_065,537.932
OHE_SEC_065_0545,SEC_065,537.982
OHE_SEC_065_0546,SEC_065,538.032
OHE_SEC_065_0547,SEC_065,538.082
OHE_SEC_065_0548,SEC_065,538.132
OHE_SEC_065_0549,SEC_065,538.182
OHE_SEC_065_0550,SEC_065,538.232
OHE_SEC_065_0551,SEC_065,538.282
OHE_SEC_065_0552,SEC_065,538.332
OHE_SEC_065_0553,SEC_065,538.382
OHE_SEC_065_0554,SEC_065,538.432
OHE_SEC_065_0555,SEC_065,538.482
OHE_SEC_065_0556,SEC_065,538.532
OHE_SEC_065_0557,SEC_065,538.582
OHE_SEC_065_0558,SEC_065,538.632
OHE_SEC_065_0559,SEC_065,538.682
OHE_SEC_065_0560,SEC_065,538.732
OHE_SEC_065_0561,SEC_065,538.782
OHE_SEC_065_0562,SEC_065,538.831
OHE_SEC_065_0563,SEC_065,538.881
OHE_SEC_065_0564,SEC_065,538.931
OHE_SEC_065_0565,SEC_065,538.981
OHE_SEC_065_0566,SEC_065,539.031
OHE_SEC_065_0567,SEC_065,539.081
OHE_SEC_065_0568,SEC_065,539.131
OHE_SEC_065_0569,SEC_065,539.181
OHE_SEC_065_0570,SEC_065,539.231
OHE_SEC_065_0571,SEC_065,539.281
OHE_SEC_065_0572,SEC_065,539.331
OHE_SEC_065_0573,SEC_065,539.381
OHE_SEC_065_0574,SEC_065,539.431
OHE_SEC_065_0575,SEC_065,539.481
OHE_SEC_065_0576,SEC_065,539.531
OHE_SEC_065_0577,SEC_065,539.581
OHE_SEC_065_0578,SEC_065,539.631
OHE_SEC_065_0579,SEC_065,539.681
OHE_SEC_065_0580,SEC_065,539.731
OHE_SEC_065_0581,SEC_065,539.78
OHE_SEC_065_0582,SEC_065,539.83
OHE_SEC_065_0583,SEC_065,539.88
OHE_SEC_065_0584,SEC_065,539.93
OHE_SEC_065_0585,SEC_065,539.98
OHE_SEC_065_0586,SEC_065,540.03
OHE_SEC_065_0587,SEC_065,540.08
OHE_SEC_065_0588,SEC_065,540.13
OHE_SEC_065_0589,SEC_065,540.18
OHE_SEC_065_0590,SEC_065,540.23
OHE_SEC_065_0591,SEC_065,540.28
OHE_SEC_065_0592,SEC_065,540.33
OHE_SEC_065_0593,SEC_065,540.38
OHE_SEC_065_0594,SEC_065,540.43
OHE_SEC_065_0595,SEC_065,540.48
OHE_SEC_065_0596,SEC_065,540.53
OHE_SEC_065_0597,SEC_065,540.58
OHE_SEC_065_0598,SEC_065,540.63
OHE_SEC_065_0599,SEC_065,540.68
OHE_SEC_065_0600,SEC_065,540.729
OHE_SEC_065_0601,SEC_065,540.779
OHE_SEC_065_0602,SEC_065,540.829
OHE_SEC_065_0603,SEC_065,540.879
OHE_SEC_065_0604,SEC_065,540.929
OHE_SEC_065_0605,SEC_065,540.979
OHE_SEC_065_0606,SEC_065,541.029
OHE_SEC_065_0607,SEC_065,541.079
OHE_SEC_065_0608,SEC_065,541.129
OHE_SEC_065_0609,SEC_065,541.179
OHE_SEC_065_0610,SEC_065,541.229
OHE_SEC_065_0611,SEC_065,541.279
OHE_SEC_065_0612,SEC_065,541.329
OHE_SEC_065_0613,SEC_065,541.379
OHE_SEC_065_0614,SEC_065,541.429
OHE_SEC_065_0615,SEC_065,541.479
OHE_SEC_065_0616,SEC_065,541.529
OHE_SEC_065_0617,SEC_065,541.579
OHE_SEC_065_0618,SEC_065,541.629
OHE_SEC_065_0619,SEC_065,541.678
OHE_SEC_065_0620,SEC_065,541.728
OHE_SEC_065_0621,SEC_065,541.778
OHE_SEC_065_0622,SEC_065,541.828
OHE_SEC_065_0623,SEC_065,541.878
OHE_SEC_065_0624,SEC_065,541.928
OHE_SEC_065_0625,SEC_065,541.978
OHE_SEC_065_0626,SEC_065,542.028
OHE_SEC_065_0627,SEC_065,542.078
OHE_SEC_065_0628,SEC_065,542.128
OHE_SEC_065_0629,SEC_065,542.178
OHE_SEC_065_0630,SEC_065,542.228
OHE_SEC_065_0631,SEC_065,542.278
OHE_SEC_065_0632,SEC_065,542.328
OHE_SEC_065_0633,SEC_065,542.378
OHE_SEC_065_0634,SEC_065,542.428
OHE_SEC_065_0635,SEC_065,542.478
OHE_SEC_065_0636,SEC_065,542.528
OHE_SEC_065_0637,SEC_065,542.578
OHE_SEC_065_0638,SEC_065,542.627
OHE_SEC_065_0639,SEC_065,542.677
OHE_SEC_065_0640,SEC_065,542.727
OHE_SEC_065_0641,SEC_065,542.777
OHE_SEC_065_0642,SEC_065,542.827
OHE_SEC_065_0643,SEC_065,542.877
OHE_SEC_065_0644,SEC_065,542.927
OHE_SEC_065_0645,SEC_065,542.977
OHE_SEC_065_0646,SEC_065,543.027
OHE_SEC_065_0647,SEC_065,543.077
OHE_SEC_065_0648,SEC_065,543.127
OHE_SEC_065_0649,SEC_065,543.177
OHE_SEC_065_0650,SEC_065,543.227
OHE_SEC_065_0651,SEC_065,543.277
OHE_SEC_065_0652,SEC_065,543.327
OHE_SEC_065_0653,SEC_065,543.377
OHE_SEC_065_0654,SEC_065,543.427
OHE_SEC_065_0655,SEC_065,543.477
OHE_SEC_065_0656,SEC_065,543.527
OHE_SEC_065_0657,SEC_065,543.576
OHE_SEC_065_0658,SEC_065,543.626
OHE_SEC_065_0659,SEC_065,543.676
OHE_SEC_065_0660,SEC_065,543.726
OHE_SEC_065_0661,SEC_065,543.776
OHE_SEC_065_0662,SEC_065,543.826
OHE_SEC_065_0663,SEC_065,543.876
OHE_SEC_065_0664,SEC_065,543.926
OHE_SEC_065_0665,SEC_065,543.976
OHE_SEC_065_0666,SEC_065,544.026
OHE_SEC_065_0667,SEC_065,544.076
OHE_SEC_065_0668,SEC_065,544.126
OHE_SEC_065_0669,SEC_065,544.176
OHE_SEC_065_0670,SEC_065,544.226
OHE_SEC_065_0671,SEC_065,544.276
OHE_SEC_065_0672,SEC_065,544.326
OHE_SEC_065_0673,SEC_065,544.376
OHE_SEC_065_0674,SEC_065,544.426
OHE_SEC_065_0675,SEC_065,544.476
OHE_SEC_065_0676,SEC_065,544.525
OHE_SEC_065_0677,SEC_065,544.575
OHE_SEC_065_0678,SEC_065,544.625
OHE_SEC_065_0679,SEC_065,544.675
OHE_SEC_065_0680,SEC_065,544.725
OHE_SEC_065_0681,SEC_065,544.775
OHE_SEC_065_0682,SEC_065,544.825
OHE_SEC_065_0683,SEC_065,544.875
OHE_SEC_065_0684,SEC_065,544.925
OHE_SEC_065_0685,SEC_065,544.975
OHE_SEC_065_0686,SEC_065,545.025
OHE_SEC_065_0687,SEC_065,545.075
OHE_SEC_065_0688,SEC_065,545.125
OHE_SEC_065_0689,SEC_065,545.175
OHE_SEC_065_0690,SEC_065,545.225
OHE_SEC_065_0691,SEC_065,545.275
OHE_SEC_065_0692,SEC_065,545.325
OHE_SEC_065_0693,SEC_065,545.375
OHE_SEC_065_0694,SEC_065,545.425
OHE_SEC_065_0695,SEC_065,545.474
OHE_SEC_065_0696,SEC_065,545.524
OHE_SEC_065_0697,SEC_065,545.574
OHE_SEC_065_0698,SEC_065,545.624
OHE_SEC_065_0699,SEC_065,545.674
OHE_SEC_065_0700,SEC_065,545.724
OHE_SEC_065_0701,SEC_065,545.774
OHE_SEC_065_0702,SEC_065,545.824
OHE_SEC_065_0703,SEC_065,545.874
OHE_SEC_065_0704,SEC_065,545.924
OHE_SEC_065_0705,SEC_065,545.974
OHE_SEC_065_0706,SEC_065,546.024
OHE_SEC_065_0707,SEC_065,546.074
OHE_SEC_065_0708,SEC_065,546.124
OHE_SEC_065_0709,SEC_065,546.174
OHE_SEC_065_0710,SEC_065,546.224
OHE_SEC_065_0711,SEC_065,546.274
OHE_SEC_065_0712,SEC_065,546.324
OHE_SEC_065_0713,SEC_065,546.374
OHE_SEC_065_0714,SEC_065,546.423
OHE_SEC_065_0715,SEC_065,546.473
OHE_SEC_065_0716,SEC_065,546.523
OHE_SEC_065_0717,SEC_065,546.573
OHE_SEC_065_0718,SEC_065,546.623
OHE_SEC_065_0719,SEC_065,546.673
OHE_SEC_065_0720,SEC_065,546.723
OHE_SEC_065_0721,SEC_065,546.773
OHE_SEC_065_0722,SEC_065,546.823
OHE_SEC_065_0723,SEC_065,546.873
OHE_SEC_065_0724,SEC_065,546.923
OHE_SEC_065_0725,SEC_065,546.973
OHE_SEC_065_0726,SEC_065,547.023
OHE_SEC_065_0727,SEC_065,547.073
OHE_SEC_065_0728,SEC_065,547.123
OHE_SEC_065_0729,SEC_065,547.173
OHE_SEC_065_0730,SEC_065,547.223
OHE_SEC_065_0731,SEC_065,547.273
OHE_SEC_065_0732,SEC_065,547.323
OHE_SEC_065_0733,SEC_065,547.372
OHE_SEC_065_0734,SEC_065,547.422
OHE_SEC_065_0735,SEC_065,547.472
OHE_SEC_065_0736,SEC_065,547.522
OHE_SEC_065_0737,SEC_065,547.572
OHE_SEC_065_0738,SEC_065,547.622
OHE_SEC_065_0739,SEC_065,547.672
OHE_SEC_065_0740,SEC_065,547.722
OHE_SEC_065_0741,SEC_065,547.772
OHE_SEC_065_0742,SEC_065,547.822
OHE_SEC_065_0743,SEC_065,547.872
OHE_SEC_065_0744,SEC_065,547.922
OHE_SEC_065_0745,SEC_065,547.972
OHE_SEC_065_0746,SEC_065,548.022
OHE_SEC_065_0747,SEC_065,548.072
OHE_SEC_065_0748,SEC_065,548.122
OHE_SEC_065_0749,SEC_065,548.172
OHE_SEC_065_0750,SEC_065,548.222
OHE_SEC_065_0751,SEC_065,548.272
OHE_SEC_065_0752,SEC_065,548.321
OHE_SEC_065_0753,SEC_065,548.371
OHE_SEC_065_0754,SEC_065,548.421
OHE_SEC_065_0755,SEC_065,548.471
OHE_SEC_065_0756,SEC_065,548.521
OHE_SEC_065_0757,SEC_065,548.571
OHE_SEC_065_0758,SEC_065,548.621
OHE_SEC_065_0759,SEC_065,548.671
OHE_SEC_065_0760,SEC_065,548.721
OHE_SEC_065_0761,SEC_065,548.771
OHE_SEC_065_0762,SEC_065,548.821
OHE_SEC_065_0763,SEC_065,548.871
OHE_SEC_065_0764,SEC_065,548.921
OHE_SEC_065_0765,SEC_065,548.971
OHE_SEC_065_0766,SEC_065,549.021
OHE_SEC_065_0767,SEC_065,549.071
OHE_SEC_065_0768,SEC_065,549.121
OHE_SEC_065_0769,SEC_065,549.171
OHE_SEC_065_0770,SEC_065,549.221
OHE_SEC_065_0771,SEC_065,549.27
OHE_SEC_065_0772,SEC_065,549.32
OHE_SEC_065_0773,SEC_065,549.37
OHE_SEC_065_0774,SEC_065,549.42
OHE_SEC_065_0775,SEC_065,549.47
OHE_SEC_065_0776,SEC_065,549.52
OHE_SEC_065_0777,SEC_065,549.57
OHE_SEC_065_0778,SEC_065,549.62
OHE_SEC_065_0779,SEC_065,549.67
OHE_SEC_065_0780,SEC_065,549.72
OHE_SEC_065_0781,SEC_065,549.77
OHE_SEC_065_0782,SEC_065,549.82
OHE_SEC_065_0783,SEC_065,549.87
OHE_SEC_065_0784,SEC_065,549.92
OHE_SEC_065_0785,SEC_065,549.97
OHE_SEC_065_0786,SEC_065,550.02
OHE_SEC_065_0787,SEC_065,550.07
OHE_SEC_065_0788,SEC_065,550.12
OHE_SEC_065_0789,SEC_065,550.17
OHE_SEC_065_0790,SEC_065,550.219
OHE_SEC_065_0791,SEC_065,550.269
OHE_SEC_065_0792,SEC_065,550.319
OHE_SEC_065_0793,SEC_065,550.369
OHE_SEC_065_0794,SEC_065,550.419
OHE_SEC_065_0795,SEC_065,550.469
OHE_SEC_065_0796,SEC_065,550.519
OHE_SEC_065_0797,SEC_065,550.569
OHE_SEC_065_0798,SEC_065,550.619
OHE_SEC_066_0001,SEC_066,550.719
OHE_SEC_066_0002,SEC_066,550.769
OHE_SEC_066_0003,SEC_066,550.819
OHE_SEC_066_0004,SEC_066,550.869
OHE_SEC_066_0005,SEC_066,550.919
OHE_SEC_066_0006,SEC_066,550.969
OHE_SEC_066_0007,SEC_066,551.019
OHE_SEC_066_0008,SEC_066,551.069
OHE_SEC_066_0009,SEC_066,551.119
OHE_SEC_066_0010,SEC_066,551.169
OHE_SEC_066_0011,SEC_066,551.219
OHE_SEC_066_0012,SEC_066,551.269
OHE_SEC_066_0013,SEC_066,551.319
OHE_SEC_066_0014,SEC_066,551.369
OHE_SEC_066_0015,SEC_066,551.419
OHE_SEC_066_0016,SEC_066,551.469
OHE_SEC_066_0017,SEC_066,551.519
OHE_SEC_066_0018,SEC_066,551.569
OHE_SEC_066_0019,SEC_066,551.619
OHE_SEC_066_0020,SEC_066,551.669
OHE_SEC_066_0021,SEC_066,551.719
OHE_SEC_066_0022,SEC_066,551.769
OHE_SEC_066_0023,SEC_066,551.819
OHE_SEC_066_0024,SEC_066,551.869
OHE_SEC_066_0025,SEC_066,551.919
OHE_SEC_066_0026,SEC_066,551.969
OHE_SEC_066_0027,SEC_066,552.019
OHE_SEC_066_0028,SEC_066,552.069
OHE_SEC_066_0029,SEC_066,552.119
OHE_SEC_066_0030,SEC_066,552.169
OHE_SEC_066_0031,SEC_066,552.219
OHE_SEC_066_0032,SEC_066,552.269
OHE_SEC_066_0033,SEC_066,552.319
OHE_SEC_066_0034,SEC_066,552.369
OHE_SEC_066_0035,SEC_066,552.419
OHE_SEC_066_0036,SEC_066,552.469
OHE_SEC_066_0037,SEC_066,552.519
OHE_SEC_066_0038,SEC_066,552.569
OHE_SEC_066_0039,SEC_066,552.619
OHE_SEC_066_0040,SEC_066,552.668
OHE_SEC_066_0041,SEC_066,552.718
OHE_SEC_066_0042,SEC_066,552.768
OHE_SEC_066_0043,SEC_066,552.818
OHE_SEC_066_0044,SEC_066,552.868
OHE_SEC_066_0045,SEC_066,552.918
OHE_SEC_066_0046,SEC_066,552.968
OHE_SEC_066_0047,SEC_066,553.018
OHE_SEC_066_0048,SEC_066,553.068
OHE_SEC_066_0049,SEC_066,553.118
OHE_SEC_066_0050,SEC_066,553.168
OHE_SEC_066_0051,SEC_066,553.218
OHE_SEC_066_0052,SEC_066,553.268
OHE_SEC_066_0053,SEC_066,553.318
OHE_SEC_066_0054,SEC_066,553.368
OHE_SEC_066_0055,SEC_066,553.418
OHE_SEC_066_0056,SEC_066,553.468
OHE_SEC_066_0057,SEC_066,553.518
OHE_SEC_066_0058,SEC_066,553.568
OHE_SEC_066_0059,SEC_066,553.618
OHE_SEC_066_0060,SEC_066,553.668
OHE_SEC_066_0061,SEC_066,553.718
OHE_SEC_066_0062,SEC_066,553.768
OHE_SEC_066_0063,SEC_066,553.818
OHE_SEC_066_0064,SEC_066,553.868
OHE_SEC_066_0065,SEC_066,553.918
OHE_SEC_066_0066,SEC_066,553.968
OHE_SEC_066_0067,SEC_066,554.018
OHE_SEC_066_0068,SEC_066,554.068
OHE_SEC_066_0069,SEC_066,554.118
OHE_SEC_066_0070,SEC_066,554.168
OHE_SEC_066_0071,SEC_066,554.218
OHE_SEC_066_0072,SEC_066,554.268
OHE_SEC_066_0073,SEC_066,554.318
OHE_SEC_066_0074,SEC_066,554.368
OHE_SEC_066_0075,SEC_066,554.418
OHE_SEC_066_0076,SEC_066,554.468
OHE_SEC_066_0077,SEC_066,554.518
OHE_SEC_066_0078,SEC_066,554.568
OHE_SEC_066_0079,SEC_066,554.618
OHE_SEC_066_0080,SEC_066,554.668
OHE_SEC_066_0081,SEC_066,554.718
OHE_SEC_066_0082,SEC_066,554.768
OHE_SEC_066_0083,SEC_066,554.818
OHE_SEC_066_0084,SEC_066,554.868
OHE_SEC_066_0085,SEC_066,554.918
OHE_SEC_066_0086,SEC_066,554.968
OHE_SEC_066_0087,SEC_066,555.018
OHE_SEC_066_0088,SEC_066,555.068
OHE_SEC_066_0089,SEC_066,555.118
OHE_SEC_066_0090,SEC_066,555.168
OHE_SEC_066_0091,SEC_066,555.218
OHE_SEC_066_0092,SEC_066,555.268
OHE_SEC_066_0093,SEC_066,555.318
OHE_SEC_066_0094,SEC_066,555.368
OHE_SEC_066_0095,SEC_066,555.418
OHE_SEC_066_0096,SEC_066,555.468
OHE_SEC_066_0097,SEC_066,555.518
OHE_SEC_066_0098,SEC_066,555.568
OHE_SEC_066_0099,SEC_066,555.618
OHE_SEC_066_0100,SEC_066,555.668
OHE_SEC_066_0101,SEC_066,555.718
OHE_SEC_066_0102,SEC_066,555.768
OHE_SEC_066_0103,SEC_066,555.818
OHE_SEC_066_0104,SEC_066,555.868
OHE_SEC_066_0105,SEC_066,555.918
OHE_SEC_066_0106,SEC_066,555.968
OHE_SEC_066_0107,SEC_066,556.018
OHE_SEC_066_0108,SEC_066,556.068
OHE_SEC_066_0109,SEC_066,556.118
OHE_SEC_066_0110,SEC_066,556.168
OHE_SEC_066_0111,SEC_066,556.218
OHE_SEC_066_0112,SEC_066,556.268
OHE_SEC_066_0113,SEC_066,556.318
OHE_SEC_066_0114,SEC_066,556.368
OHE_SEC_066_0115,SEC_066,556.418
OHE_SEC_066_0116,SEC_066,556.468
OHE_SEC_066_0117,SEC_066,556.517
OHE_SEC_066_0118,SEC_066,556.567
OHE_SEC_066_0119,SEC_066,556.617
OHE_SEC_066_0120,SEC_066,556.667
OHE_SEC_066_0121,SEC_066,556.717
OHE_SEC_066_0122,SEC_066,556.767
OHE_SEC_066_0123,SEC_066,556.817
OHE_SEC_066_0124,SEC_066,556.867
OHE_SEC_066_0125,SEC_066,556.917
OHE_SEC_066_0126,SEC_066,556.967
OHE_SEC_066_0127,SEC_066,557.017
OHE_SEC_066_0128,SEC_066,557.067
OHE_SEC_066_0129,SEC_066,557.117
OHE_SEC_066_0130,SEC_066,557.167
OHE_SEC_066_0131,SEC_066,557.217
OHE_SEC_066_0132,SEC_066,557.267
OHE_SEC_066_0133,SEC_066,557.317
OHE_SEC_066_0134,SEC_066,557.367
OHE_SEC_066_0135,SEC_066,557.417
OHE_SEC_066_0136,SEC_066,557.467
OHE_SEC_066_0137,SEC_066,557.517
OHE_SEC_066_0138,SEC_066,557.567
OHE_SEC_066_0139,SEC_066,557.617
OHE_SEC_066_0140,SEC_066,557.667
OHE_SEC_066_0141,SEC_066,557.717
OHE_SEC_066_0142,SEC_066,557.767
OHE_SEC_066_0143,SEC_066,557.817
OHE_SEC_066_0144,SEC_066,557.867
OHE_SEC_066_0145,SEC_066,557.917
OHE_SEC_066_0146,SEC_066,557.967
OHE_SEC_066_0147,SEC_066,558.017
OHE_SEC_066_0148,SEC_066,558.067
OHE_SEC_066_0149,SEC_066,558.117
OHE_SEC_066_0150,SEC_066,558.167
OHE_SEC_066_0151,SEC_066,558.217
OHE_SEC_066_0152,SEC_066,558.267
OHE_SEC_066_0153,SEC_066,558.317
OHE_SEC_066_0154,SEC_066,558.367
OHE_SEC_066_0155,SEC_066,558.417
OHE_SEC_066_0156,SEC_066,558.467
OHE_SEC_066_0157,SEC_066,558.517
OHE_SEC_066_0158,SEC_066,558.567
OHE_SEC_066_0159,SEC_066,558.617
OHE_SEC_066_0160,SEC_066,558.667
OHE_SEC_066_0161,SEC_066,558.717
OHE_SEC_066_0162,SEC_066,558.767
OHE_SEC_066_0163,SEC_066,558.817
OHE_SEC_066_0164,SEC_066,558.867
OHE_SEC_066_0165,SEC_066,558.917
OHE_SEC_066_0166,SEC_066,558.967
OHE_SEC_066_0167,SEC_066,559.017
OHE_SEC_066_0168,SEC_066,559.067
OHE_SEC_066_0169,SEC_066,559.117
OHE_SEC_066_0170,SEC_066,559.167
OHE_SEC_066_0171,SEC_066,559.217
OHE_SEC_066_0172,SEC_066,559.267
OHE_SEC_066_0173,SEC_066,559.317
OHE_SEC_066_0174,SEC_066,559.367
OHE_SEC_066_0175,SEC_066,559.417
OHE_SEC_066_0176,SEC_066,559.467
OHE_SEC_066_0177,SEC_066,559.517
OHE_SEC_066_0178,SEC_066,559.567
OHE_SEC_066_0179,SEC_066,559.617
OHE_SEC_066_0180,SEC_066,559.667
OHE_SEC_066_0181,SEC_066,559.717
OHE_SEC_066_0182,SEC_066,559.767
OHE_SEC_066_0183,SEC_066,559.817
OHE_SEC_066_0184,SEC_066,559.867
OHE_SEC_066_0185,SEC_066,559.917
OHE_SEC_066_0186,SEC_066,559.967
OHE_SEC_066_0187,SEC_066,560.017
OHE_SEC_066_0188,SEC_066,560.067
OHE_SEC_066_0189,SEC_066,560.117
OHE_SEC_066_0190,SEC_066,560.167
OHE_SEC_066_0191,SEC_066,560.217
OHE_SEC_066_0192,SEC_066,560.267
OHE_SEC_066_0193,SEC_066,560.317
OHE_SEC_066_0194,SEC_066,560.367
OHE_SEC_066_0195,SEC_066,560.417
OHE_SEC_066_0196,SEC_066,560.466
OHE_SEC_066_0197,SEC_066,560.516
OHE_SEC_066_0198,SEC_066,560.566
OHE_SEC_066_0199,SEC_066,560.616
OHE_SEC_066_0200,SEC_066,560.666
OHE_SEC_066_0201,SEC_066,560.716
OHE_SEC_066_0202,SEC_066,560.766
OHE_SEC_066_0203,SEC_066,560.816
OHE_SEC_066_0204,SEC_066,560.866
OHE_SEC_066_0205,SEC_066,560.916
OHE_SEC_066_0206,SEC_066,560.966
OHE_SEC_066_0207,SEC_066,561.016
OHE_SEC_066_0208,SEC_066,561.066
OHE_SEC_066_0209,SEC_066,561.116
OHE_SEC_066_0210,SEC_066,561.166
OHE_SEC_066_0211,SEC_066,561.216
OHE_SEC_066_0212,SEC_066,561.266
OHE_SEC_066_0213,SEC_066,561.316
OHE_SEC_066_0214,SEC_066,561.366
OHE_SEC_066_0215,SEC_066,561.416
OHE_SEC_066_0216,SEC_066,561.466
OHE_SEC_066_0217,SEC_066,561.516
OHE_SEC_066_0218,SEC_066,561.566
OHE_SEC_066_0219,SEC_066,561.616
OHE_SEC_066_0220,SEC_066,561.666
OHE_SEC_066_0221,SEC_066,561.716
OHE_SEC_066_0222,SEC_066,561.766
OHE_SEC_066_0223,SEC_066,561.816
OHE_SEC_066_0224,SEC_066,561.866
OHE_SEC_066_0225,SEC_066,561.916
OHE_SEC_066_0226,SEC_066,561.966
OHE_SEC_066_0227,SEC_066,562.016
OHE_SEC_066_0228,SEC_066,562.066
OHE_SEC_066_0229,SEC_066,562.116
OHE_SEC_066_0230,SEC_066,562.166
OHE_SEC_066_0231,SEC_066,562.216
OHE_SEC_066_0232,SEC_066,562.266
OHE_SEC_066_0233,SEC_066,562.316
OHE_SEC_066_0234,SEC_066,562.366
OHE_SEC_066_0235,SEC_066,562.416
OHE_SEC_066_0236,SEC_066,562.466
OHE_SEC_066_0237,SEC_066,562.516
OHE_SEC_066_0238,SEC_066,562.566
OHE_SEC_066_0239,SEC_066,562.616
OHE_SEC_066_0240,SEC_066,562.666
OHE_SEC_066_0241,SEC_066,562.716
OHE_SEC_066_0242,SEC_066,562.766
OHE_SEC_066_0243,SEC_066,562.816
OHE_SEC_066_0244,SEC_066,562.866
OHE_SEC_066_0245,SEC_066,562.916
OHE_SEC_066_0246,SEC_066,562.966
OHE_SEC_066_0247,SEC_066,563.016
OHE_SEC_066_0248,SEC_066,563.066
OHE_SEC_066_0249,SEC_066,563.116
OHE_SEC_066_0250,SEC_066,563.166
OHE_SEC_066_0251,SEC_066,563.216
OHE_SEC_066_0252,SEC_066,563.266
OHE_SEC_066_0253,SEC_066,563.316
OHE_SEC_066_0254,SEC_066,563.366
OHE_SEC_066_0255,SEC_066,563.416
OHE_SEC_066_0256,SEC_066,563.466
OHE_SEC_066_0257,SEC_066,563.516
OHE_SEC_066_0258,SEC_066,563.566
OHE_SEC_066_0259,SEC_066,563.616
OHE_SEC_066_0260,SEC_066,563.666
OHE_SEC_066_0261,SEC_066,563.716
OHE_SEC_066_0262,SEC_066,563.766
OHE_SEC_066_0263,SEC_066,563.816
OHE_SEC_066_0264,SEC_066,563.866
OHE_SEC_066_0265,SEC_066,563.916
OHE_SEC_066_0266,SEC_066,563.966
OHE_SEC_066_0267,SEC_066,564.016
OHE_SEC_066_0268,SEC_066,564.066
OHE_SEC_066_0269,SEC_066,564.116
OHE_SEC_066_0270,SEC_066,564.166
OHE_SEC_066_0271,SEC_066,564.216
OHE_SEC_066_0272,SEC_066,564.266
OHE_SEC_066_0273,SEC_066,564.315
OHE_SEC_066_0274,SEC_066,564.365
OHE_SEC_066_0275,SEC_066,564.415
OHE_SEC_066_0276,SEC_066,564.465
OHE_SEC_066_0277,SEC_066,564.515
OHE_SEC_066_0278,SEC_066,564.565
OHE_SEC_066_0279,SEC_066,564.615
OHE_SEC_066_0280,SEC_066,564.665
OHE_SEC_066_0281,SEC_066,564.715
OHE_SEC_066_0282,SEC_066,564.765
OHE_SEC_066_0283,SEC_066,564.815
OHE_SEC_066_0284,SEC_066,564.865
OHE_SEC_066_0285,SEC_066,564.915
OHE_SEC_066_0286,SEC_066,564.965
OHE_SEC_066_0287,SEC_066,565.015
OHE_SEC_066_0288,SEC_066,565.065
OHE_SEC_066_0289,SEC_066,565.115
OHE_SEC_066_0290,SEC_066,565.165
OHE_SEC_066_0291,SEC_066,565.215
OHE_SEC_066_0292,SEC_066,565.265
OHE_SEC_066_0293,SEC_066,565.315
OHE_SEC_066_0294,SEC_066,565.365
OHE_SEC_066_0295,SEC_066,565.415
OHE_SEC_066_0296,SEC_066,565.465
OHE_SEC_066_0297,SEC_066,565.515
OHE_SEC_066_0298,SEC_066,565.565
OHE_SEC_066_0299,SEC_066,565.615
OHE_SEC_066_0300,SEC_066,565.665
OHE_SEC_066_0301,SEC_066,565.715
OHE_SEC_066_0302,SEC_066,565.765
OHE_SEC_066_0303,SEC_066,565.815
OHE_SEC_066_0304,SEC_066,565.865
OHE_SEC_066_0305,SEC_066,565.915
OHE_SEC_066_0306,SEC_066,565.965
OHE_SEC_066_0307,SEC_066,566.015
OHE_SEC_066_0308,SEC_066,566.065
OHE_SEC_066_0309,SEC_066,566.115
OHE_SEC_066_0310,SEC_066,566.165
OHE_SEC_066_0311,SEC_066,566.215
OHE_SEC_066_0312,SEC_066,566.265
OHE_SEC_066_0313,SEC_066,566.315
OHE_SEC_066_0314,SEC_066,566.365
OHE_SEC_066_0315,SEC_066,566.415
OHE_SEC_066_0316,SEC_066,566.465
OHE_SEC_066_0317,SEC_066,566.515
OHE_SEC_066_0318,SEC_066,566.565
OHE_SEC_066_0319,SEC_066,566.615
OHE_SEC_066_0320,SEC_066,566.665
OHE_SEC_066_0321,SEC_066,566.715
OHE_SEC_066_0322,SEC_066,566.765
OHE_SEC_066_0323,SEC_066,566.815
OHE_SEC_066_0324,SEC_066,566.865
OHE_SEC_066_0325,SEC_066,566.915
OHE_SEC_066_0326,SEC_066,566.965
OHE_SEC_066_0327,SEC_066,567.015
OHE_SEC_066_0328,SEC_066,567.065
OHE_SEC_066_0329,SEC_066,567.115
OHE_SEC_066_0330,SEC_066,567.165
OHE_SEC_066_0331,SEC_066,567.215
OHE_SEC_066_0332,SEC_066,567.265
OHE_SEC_066_0333,SEC_066,567.315
OHE_SEC_066_0334,SEC_066,567.365
OHE_SEC_066_0335,SEC_066,567.415
OHE_SEC_066_0336,SEC_066,567.465
OHE_SEC_066_0337,SEC_066,567.515
OHE_SEC_066_0338,SEC_066,567.565
OHE_SEC_066_0339,SEC_066,567.615
OHE_SEC_066_0340,SEC_066,567.665
OHE_SEC_066_0341,SEC_066,567.715
OHE_SEC_066_0342,SEC_066,567.765
OHE_SEC_066_0343,SEC_066,567.815
OHE_SEC_066_0344,SEC_066,567.865
OHE_SEC_066_0345,SEC_066,567.915
OHE_SEC_066_0346,SEC_066,567.965
OHE_SEC_066_0347,SEC_066,568.015
OHE_SEC_066_0348,SEC_066,568.065
OHE_SEC_066_0349,SEC_066,568.115
OHE_SEC_066_0350,SEC_066,568.165
OHE_SEC_066_0351,SEC_066,568.215
OHE_SEC_066_0352,SEC_066,568.264
OHE_SEC_066_0353,SEC_066,568.314
OHE_SEC_066_0354,SEC_066,568.364
OHE_SEC_066_0355,SEC_066,568.414
OHE_SEC_066_0356,SEC_066,568.464
OHE_SEC_066_0357,SEC_066,568.514
OHE_SEC_066_0358,SEC_066,568.564
OHE_SEC_066_0359,SEC_066,568.614
OHE_SEC_066_0360,SEC_066,568.664
OHE_SEC_066_0361,SEC_066,568.714
OHE_SEC_066_0362,SEC_066,568.764
OHE_SEC_066_0363,SEC_066,568.814
OHE_SEC_066_0364,SEC_066,568.864
OHE_SEC_066_0365,SEC_066,568.914
OHE_SEC_066_0366,SEC_066,568.964
OHE_SEC_066_0367,SEC_066,569.014
OHE_SEC_066_0368,SEC_066,569.064
OHE_SEC_066_0369,SEC_066,569.114
OHE_SEC_066_0370,SEC_066,569.164
OHE_SEC_066_0371,SEC_066,569.214
OHE_SEC_066_0372,SEC_066,569.264
OHE_SEC_066_0373,SEC_066,569.314
OHE_SEC_066_0374,SEC_066,569.364
OHE_SEC_066_0375,SEC_066,569.414
OHE_SEC_066_0376,SEC_066,569.464
OHE_SEC_066_0377,SEC_066,569.514
OHE_SEC_066_0378,SEC_066,569.564
OHE_SEC_066_0379,SEC_066,569.614
OHE_SEC_066_0380,SEC_066,569.664
OHE_SEC_066_0381,SEC_066,569.714
OHE_SEC_066_0382,SEC_066,569.764
OHE_SEC_066_0383,SEC_066,569.814
OHE_SEC_066_0384,SEC_066,569.864
OHE_SEC_066_0385,SEC_066,569.914
OHE_SEC_066_0386,SEC_066,569.964
OHE_SEC_066_0387,SEC_066,570.014
OHE_SEC_066_0388,SEC_066,570.064
OHE_SEC_066_0389,SEC_066,570.114
OHE_SEC_066_0390,SEC_066,570.164
OHE_SEC_066_0391,SEC_066,570.214
OHE_SEC_066_0392,SEC_066,570.264
OHE_SEC_066_0393,SEC_066,570.314
OHE_SEC_066_0394,SEC_066,570.364
OHE_SEC_066_0395,SEC_066,570.414
OHE_SEC_066_0396,SEC_066,570.464
OHE_SEC_066_0397,SEC_066,570.514
OHE_SEC_066_0398,SEC_066,570.564
OHE_SEC_066_0399,SEC_066,570.614
OHE_SEC_066_0400,SEC_066,570.664
OHE_SEC_066_0401,SEC_066,570.714
OHE_SEC_066_0402,SEC_066,570.764
OHE_SEC_066_0403,SEC_066,570.814
OHE_SEC_066_0404,SEC_066,570.864
OHE_SEC_066_0405,SEC_066,570.914
OHE_SEC_066_0406,SEC_066,570.964
OHE_SEC_066_0407,SEC_066,571.014
OHE_SEC_066_0408,SEC_066,571.064
OHE_SEC_066_0409,SEC_066,571.114
OHE_SEC_066_0410,SEC_066,571.164
OHE_SEC_066_0411,SEC_066,571.214
OHE_SEC_066_0412,SEC_066,571.264
OHE_SEC_066_0413,SEC_066,571.314
OHE_SEC_066_0414,SEC_066,571.364
OHE_SEC_066_0415,SEC_066,571.414
OHE_SEC_066_0416,SEC_066,571.464
OHE_SEC_066_0417,SEC_066,571.514
OHE_SEC_066_0418,SEC_066,571.564
OHE_SEC_066_0419,SEC_066,571.614
OHE_SEC_066_0420,SEC_066,571.664
OHE_SEC_066_0421,SEC_066,571.714
OHE_SEC_066_0422,SEC_066,571.764
OHE_SEC_066_0423,SEC_066,571.814
OHE_SEC_066_0424,SEC_066,571.864
OHE_SEC_066_0425,SEC_066,571.914
OHE_SEC_066_0426,SEC_066,571.964
OHE_SEC_066_0427,SEC_066,572.014
OHE_SEC_066_0428,SEC_066,572.064
OHE_SEC_066_0429,SEC_066,572.113
OHE_SEC_066_0430,SEC_066,572.163
OHE_SEC_066_0431,SEC_066,572.213
OHE_SEC_066_0432,SEC_066,572.263
OHE_SEC_066_0433,SEC_066,572.313
OHE_SEC_066_0434,SEC_066,572.363
OHE_SEC_066_0435,SEC_066,572.413
OHE_SEC_066_0436,SEC_066,572.463
OHE_SEC_066_0437,SEC_066,572.513
OHE_SEC_066_0438,SEC_066,572.563
OHE_SEC_066_0439,SEC_066,572.613
OHE_SEC_066_0440,SEC_066,572.663
OHE_SEC_066_0441,SEC_066,572.713
OHE_SEC_066_0442,SEC_066,572.763
OHE_SEC_066_0443,SEC_066,572.813
OHE_SEC_066_0444,SEC_066,572.863
OHE_SEC_066_0445,SEC_066,572.913
OHE_SEC_066_0446,SEC_066,572.963
OHE_SEC_066_0447,SEC_066,573.013
OHE_SEC_066_0448,SEC_066,573.063
OHE_SEC_066_0449,SEC_066,573.113
OHE_SEC_066_0450,SEC_066,573.163
OHE_SEC_066_0451,SEC_066,573.213
OHE_SEC_066_0452,SEC_066,573.263
OHE_SEC_066_0453,SEC_066,573.313
OHE_SEC_066_0454,SEC_066,573.363
OHE_SEC_066_0455,SEC_066,573.413
OHE_SEC_066_0456,SEC_066,573.463
OHE_SEC_066_0457,SEC_066,573.513
OHE_SEC_066_0458,SEC_066,573.563
OHE_SEC_066_0459,SEC_066,573.613
OHE_SEC_066_0460,SEC_066,573.663
OHE_SEC_066_0461,SEC_066,573.713
OHE_SEC_066_0462,SEC_066,573.763
OHE_SEC_066_0463,SEC_066,573.813
OHE_SEC_066_0464,SEC_066,573.863
OHE_SEC_066_0465,SEC_066,573.913
OHE_SEC_066_0466,SEC_066,573.963
OHE_SEC_066_0467,SEC_066,574.013
OHE_SEC_066_0468,SEC_066,574.063
OHE_SEC_066_0469,SEC_066,574.113
OHE_SEC_066_0470,SEC_066,574.163
OHE_SEC_066_0471,SEC_066,574.213
OHE_SEC_066_0472,SEC_066,574.263
OHE_SEC_066_0473,SEC_066,574.313
OHE_SEC_066_0474,SEC_066,574.363
OHE_SEC_066_0475,SEC_066,574.413
OHE_SEC_066_0476,SEC_066,574.463
OHE_SEC_066_0477,SEC_066,574.513
OHE_SEC_066_0478,SEC_066,574.563
OHE_SEC_066_0479,SEC_066,574.613
OHE_SEC_066_0480,SEC_066,574.663
OHE_SEC_066_0481,SEC_066,574.713
OHE_SEC_066_0482,SEC_066,574.763
OHE_SEC_066_0483,SEC_066,574.813
OHE_SEC_066_0484,SEC_066,574.863
OHE_SEC_066_0485,SEC_066,574.913
OHE_SEC_066_0486,SEC_066,574.963
OHE_SEC_066_0487,SEC_066,575.013
OHE_SEC_066_0488,SEC_066,575.063
OHE_SEC_066_0489,SEC_066,575.113
OHE_SEC_066_0490,SEC_066,575.163
OHE_SEC_066_0491,SEC_066,575.213
OHE_SEC_066_0492,SEC_066,575.263
OHE_SEC_066_0493,SEC_066,575.313
OHE_SEC_066_0494,SEC_066,575.363
OHE_SEC_066_0495,SEC_066,575.413
OHE_SEC_066_0496,SEC_066,575.463
OHE_SEC_066_0497,SEC_066,575.513
OHE_SEC_066_0498,SEC_066,575.563
OHE_SEC_066_0499,SEC_066,575.613
OHE_SEC_066_0500,SEC_066,575.663
OHE_SEC_066_0501,SEC_066,575.713
OHE_SEC_066_0502,SEC_066,575.763
OHE_SEC_066_0503,SEC_066,575.813
OHE_SEC_066_0504,SEC_066,575.863
OHE_SEC_066_0505,SEC_066,575.913
OHE_SEC_066_0506,SEC_066,575.963
OHE_SEC_066_0507,SEC_066,576.013
OHE_SEC_066_0508,SEC_066,576.062
OHE_SEC_066_0509,SEC_066,576.112
OHE_SEC_066_0510,SEC_066,576.162
OHE_SEC_066_0511,SEC_066,576.212
OHE_SEC_066_0512,SEC_066,576.262
OHE_SEC_066_0513,SEC_066,576.312
OHE_SEC_066_0514,SEC_066,576.362
OHE_SEC_066_0515,SEC_066,576.412
OHE_SEC_066_0516,SEC_066,576.462
OHE_SEC_066_0517,SEC_066,576.512
OHE_SEC_066_0518,SEC_066,576.562
OHE_SEC_066_0519,SEC_066,576.612
OHE_SEC_066_0520,SEC_066,576.662
OHE_SEC_066_0521,SEC_066,576.712
OHE_SEC_066_0522,SEC_066,576.762
OHE_SEC_066_0523,SEC_066,576.812
OHE_SEC_066_0524,SEC_066,576.862
OHE_SEC_066_0525,SEC_066,576.912
OHE_SEC_066_0526,SEC_066,576.962
OHE_SEC_066_0527,SEC_066,577.012
OHE_SEC_066_0528,SEC_066,577.062
OHE_SEC_066_0529,SEC_066,577.112
OHE_SEC_066_0530,SEC_066,577.162
OHE_SEC_066_0531,SEC_066,577.212
OHE_SEC_066_0532,SEC_066,577.262
OHE_SEC_066_0533,SEC_066,577.312
OHE_SEC_066_0534,SEC_066,577.362
OHE_SEC_066_0535,SEC_066,577.412
OHE_SEC_066_0536,SEC_066,577.462
OHE_SEC_066_0537,SEC_066,577.512
OHE_SEC_066_0538,SEC_066,577.562
OHE_SEC_066_0539,SEC_066,577.612
OHE_SEC_066_0540,SEC_066,577.662
OHE_SEC_066_0541,SEC_066,577.712
OHE_SEC_066_0542,SEC_066,577.762
OHE_SEC_066_0543,SEC_066,577.812
OHE_SEC_066_0544,SEC_066,577.862
OHE_SEC_066_0545,SEC_066,577.912
OHE_SEC_066_0546,SEC_066,577.962
OHE_SEC_066_0547,SEC_066,578.012
OHE_SEC_066_0548,SEC_066,578.062
OHE_SEC_066_0549,SEC_066,578.112
OHE_SEC_066_0550,SEC_066,578.162
OHE_SEC_066_0551,SEC_066,578.212
OHE_SEC_066_0552,SEC_066,578.262
OHE_SEC_066_0553,SEC_066,578.312
OHE_SEC_066_0554,SEC_066,578.362
OHE_SEC_066_0555,SEC_066,578.412
OHE_SEC_066_0556,SEC_066,578.462
OHE_SEC_066_0557,SEC_066,578.512
OHE_SEC_066_0558,SEC_066,578.562
OHE_SEC_066_0559,SEC_066,578.612
OHE_SEC_066_0560,SEC_066,578.662
OHE_SEC_066_0561,SEC_066,578.712
OHE_SEC_066_0562,SEC_066,578.762
OHE_SEC_066_0563,SEC_066,578.812
OHE_SEC_066_0564,SEC_066,578.862
OHE_SEC_066_0565,SEC_066,578.912
OHE_SEC_066_0566,SEC_066,578.962
OHE_SEC_066_0567,SEC_066,579.012
OHE_SEC_066_0568,SEC_066,579.062
OHE_SEC_066_0569,SEC_066,579.112
OHE_SEC_066_0570,SEC_066,579.162
OHE_SEC_066_0571,SEC_066,579.212
OHE_SEC_066_0572,SEC_066,579.262
OHE_SEC_066_0573,SEC_066,579.312
OHE_SEC_066_0574,SEC_066,579.362
OHE_SEC_066_0575,SEC_066,579.412
OHE_SEC_066_0576,SEC_066,579.462
OHE_SEC_066_0577,SEC_066,579.512
OHE_SEC_066_0578,SEC_066,579.562
OHE_SEC_066_0579,SEC_066,579.612
OHE_SEC_066_0580,SEC_066,579.662
OHE_SEC_066_0581,SEC_066,579.712
OHE_SEC_066_0582,SEC_066,579.762
OHE_SEC_066_0583,SEC_066,579.812
OHE_SEC_066_0584,SEC_066,579.862
OHE_SEC_066_0585,SEC_066,579.911
OHE_SEC_066_0586,SEC_066,579.961
OHE_SEC_066_0587,SEC_066,580.011
OHE_SEC_066_0588,SEC_066,580.061
OHE_SEC_066_0589,SEC_066,580.111
OHE_SEC_066_0590,SEC_066,580.161
OHE_SEC_066_0591,SEC_066,580.211
OHE_SEC_066_0592,SEC_066,580.261
OHE_SEC_066_0593,SEC_066,580.311
OHE_SEC_066_0594,SEC_066,580.361
OHE_SEC_066_0595,SEC_066,580.411
OHE_SEC_066_0596,SEC_066,580.461
OHE_SEC_066_0597,SEC_066,580.511
OHE_SEC_066_0598,SEC_066,580.561
OHE_SEC_066_0599,SEC_066,580.611
OHE_SEC_066_0600,SEC_066,580.661
OHE_SEC_066_0601,SEC_066,580.711
OHE_SEC_066_0602,SEC_066,580.761
OHE_SEC_066_0603,SEC_066,580.811
OHE_SEC_066_0604,SEC_066,580.861
OHE_SEC_066_0605,SEC_066,580.911
OHE_SEC_066_0606,SEC_066,580.961
OHE_SEC_066_0607,SEC_066,581.011
OHE_SEC_066_0608,SEC_066,581.061
OHE_SEC_066_0609,SEC_066,581.111
OHE_SEC_066_0610,SEC_066,581.161
OHE_SEC_066_0611,SEC_066,581.211
OHE_SEC_066_0612,SEC_066,581.261
OHE_SEC_066_0613,SEC_066,581.311
OHE_SEC_066_0614,SEC_066,581.361
OHE_SEC_066_0615,SEC_066,581.411
OHE_SEC_066_0616,SEC_066,581.461
OHE_SEC_066_0617,SEC_066,581.511
OHE_SEC_066_0618,SEC_066,581.561
OHE_SEC_066_0619,SEC_066,581.611
OHE_SEC_066_0620,SEC_066,581.661
OHE_SEC_066_0621,SEC_066,581.711
OHE_SEC_066_0622,SEC_066,581.761
OHE_SEC_066_0623,SEC_066,581.811
OHE_SEC_066_0624,SEC_066,581.861
OHE_SEC_066_0625,SEC_066,581.911
OHE_SEC_066_0626,SEC_066,581.961
OHE_SEC_066_0627,SEC_066,582.011
OHE_SEC_066_0628,SEC_066,582.061
OHE_SEC_066_0629,SEC_066,582.111
OHE_SEC_066_0630,SEC_066,582.161
OHE_SEC_066_0631,SEC_066,582.211
OHE_SEC_066_0632,SEC_066,582.261
OHE_SEC_066_0633,SEC_066,582.311
OHE_SEC_066_0634,SEC_066,582.361
OHE_SEC_066_0635,SEC_066,582.411
OHE_SEC_066_0636,SEC_066,582.461
OHE_SEC_066_0637,SEC_066,582.511
OHE_SEC_066_0638,SEC_066,582.561
OHE_SEC_066_0639,SEC_066,582.611
OHE_SEC_066_0640,SEC_066,582.661
OHE_SEC_066_0641,SEC_066,582.711
OHE_SEC_066_0642,SEC_066,582.761
OHE_SEC_066_0643,SEC_066,582.811
OHE_SEC_066_0644,SEC_066,582.861
OHE_SEC_066_0645,SEC_066,582.911
OHE_SEC_066_0646,SEC_066,582.961
OHE_SEC_066_0647,SEC_066,583.011
OHE_SEC_066_0648,SEC_066,583.061
OHE_SEC_066_0649,SEC_066,583.111
OHE_SEC_066_0650,SEC_066,583.161
OHE_SEC_066_0651,SEC_066,583.211
OHE_SEC_066_0652,SEC_066,583.261
OHE_SEC_066_0653,SEC_066,583.311
OHE_SEC_066_0654,SEC_066,583.361
OHE_SEC_066_0655,SEC_066,583.411
OHE_SEC_066_0656,SEC_066,583.461
OHE_SEC_066_0657,SEC_066,583.511
OHE_SEC_066_0658,SEC_066,583.561
OHE_SEC_066_0659,SEC_066,583.611
OHE_SEC_066_0660,SEC_066,583.661
OHE_SEC_066_0661,SEC_066,583.711
OHE_SEC_066_0662,SEC_066,583.761
OHE_SEC_066_0663,SEC_066,583.811
OHE_SEC_066_0664,SEC_066,583.86
OHE_SEC_066_0665,SEC_066,583.91
OHE_SEC_066_0666,SEC_066,583.96
OHE_SEC_066_0667,SEC_066,584.01
OHE_SEC_066_0668,SEC_066,584.06
OHE_SEC_066_0669,SEC_066,584.11
OHE_SEC_066_0670,SEC_066,584.16
OHE_SEC_066_0671,SEC_066,584.21
OHE_SEC_066_0672,SEC_066,584.26
OHE_SEC_066_0673,SEC_066,584.31
OHE_SEC_066_0674,SEC_066,584.36
OHE_SEC_066_0675,SEC_066,584.41
OHE_SEC_066_0676,SEC_066,584.46
OHE_SEC_066_0677,SEC_066,584.51
OHE_SEC_066_0678,SEC_066,584.56
OHE_SEC_066_0679,SEC_066,584.61
OHE_SEC_066_0680,SEC_066,584.66
OHE_SEC_066_0681,SEC_066,584.71
OHE_SEC_066_0682,SEC_066,584.76
OHE_SEC_066_0683,SEC_066,584.81
OHE_SEC_066_0684,SEC_066,584.86
OHE_SEC_066_0685,SEC_066,584.91
OHE_SEC_066_0686,SEC_066,584.96
OHE_SEC_066_0687,SEC_066,585.01
OHE_SEC_066_0688,SEC_066,585.06
OHE_SEC_066_0689,SEC_066,585.11
OHE_SEC_066_0690,SEC_066,585.16
OHE_SEC_066_0691,SEC_066,585.21
OHE_SEC_066_0692,SEC_066,585.26
OHE_SEC_066_0693,SEC_066,585.31
OHE_SEC_066_0694,SEC_066,585.36
OHE_SEC_066_0695,SEC_066,585.41
OHE_SEC_066_0696,SEC_066,585.46
OHE_SEC_066_0697,SEC_066,585.51
OHE_SEC_066_0698,SEC_066,585.56
OHE_SEC_066_0699,SEC_066,585.61
OHE_SEC_066_0700,SEC_066,585.66
OHE_SEC_066_0701,SEC_066,585.71
OHE_SEC_066_0702,SEC_066,585.76
OHE_SEC_066_0703,SEC_066,585.81
OHE_SEC_066_0704,SEC_066,585.86
OHE_SEC_066_0705,SEC_066,585.91
OHE_SEC_066_0706,SEC_066,585.96
OHE_SEC_066_0707,SEC_066,586.01
OHE_SEC_066_0708,SEC_066,586.06
OHE_SEC_066_0709,SEC_066,586.11
OHE_SEC_066_0710,SEC_066,586.16
OHE_SEC_066_0711,SEC_066,586.21
OHE_SEC_066_0712,SEC_066,586.26
OHE_SEC_066_0713,SEC_066,586.31
OHE_SEC_066_0714,SEC_066,586.36
OHE_SEC_066_0715,SEC_066,586.41
OHE_SEC_066_0716,SEC_066,586.46
OHE_SEC_066_0717,SEC_066,586.51
OHE_SEC_066_0718,SEC_066,586.56
OHE_SEC_066_0719,SEC_066,586.61
OHE_SEC_066_0720,SEC_066,586.66
OHE_SEC_066_0721,SEC_066,586.71
OHE_SEC_066_0722,SEC_066,586.76
OHE_SEC_066_0723,SEC_066,586.81
OHE_SEC_066_0724,SEC_066,586.86
OHE_SEC_066_0725,SEC_066,586.91
OHE_SEC_066_0726,SEC_066,586.96
OHE_SEC_066_0727,SEC_066,587.01
OHE_SEC_066_0728,SEC_066,587.06
OHE_SEC_066_0729,SEC_066,587.11
OHE_SEC_066_0730,SEC_066,587.16
OHE_SEC_066_0731,SEC_066,587.21
OHE_SEC_066_0732,SEC_066,587.26
OHE_SEC_066_0733,SEC_066,587.31
OHE_SEC_066_0734,SEC_066,587.36
OHE_SEC_066_0735,SEC_066,587.41
OHE_SEC_066_0736,SEC_066,587.46
OHE_SEC_066_0737,SEC_066,587.51
OHE_SEC_066_0738,SEC_066,587.56
OHE_SEC_066_0739,SEC_066,587.61
OHE_SEC_066_0740,SEC_066,587.66
OHE_SEC_066_0741,SEC_066,587.709
OHE_SEC_066_0742,SEC_066,587.759
OHE_SEC_066_0743,SEC_066,587.809
OHE_SEC_066_0744,SEC_066,587.859
OHE_SEC_066_0745,SEC_066,587.909
OHE_SEC_066_0746,SEC_066,587.959
OHE_SEC_066_0747,SEC_066,588.009
OHE_SEC_066_0748,SEC_066,588.059
OHE_SEC_066_0749,SEC_066,588.109
OHE_SEC_066_0750,SEC_066,588.159
OHE_SEC_066_0751,SEC_066,588.209
OHE_SEC_066_0752,SEC_066,588.259
OHE_SEC_066_0753,SEC_066,588.309
OHE_SEC_066_0754,SEC_066,588.359
OHE_SEC_066_0755,SEC_066,588.409
OHE_SEC_066_0756,SEC_066,588.459
OHE_SEC_066_0757,SEC_066,588.509
OHE_SEC_066_0758,SEC_066,588.559
OHE_SEC_066_0759,SEC_066,588.609
OHE_SEC_066_0760,SEC_066,588.659
OHE_SEC_066_0761,SEC_066,588.709
OHE_SEC_066_0762,SEC_066,588.759
OHE_SEC_066_0763,SEC_066,588.809
OHE_SEC_066_0764,SEC_066,588.859
OHE_SEC_066_0765,SEC_066,588.909
OHE_SEC_066_0766,SEC_066,588.959
OHE_SEC_066_0767,SEC_066,589.009
OHE_SEC_066_0768,SEC_066,589.059
OHE_SEC_066_0769,SEC_066,589.109
OHE_SEC_066_0770,SEC_066,589.159
OHE_SEC_066_0771,SEC_066,589.209
OHE_SEC_066_0772,SEC_066,589.259
OHE_SEC_066_0773,SEC_066,589.309
OHE_SEC_066_0774,SEC_066,589.359
OHE_SEC_066_0775,SEC_066,589.409
OHE_SEC_066_0776,SEC_066,589.459
OHE_SEC_066_0777,SEC_066,589.509
OHE_SEC_066_0778,SEC_066,589.559
OHE_SEC_066_0779,SEC_066,589.609
OHE_SEC_066_0780,SEC_066,589.659
OHE_SEC_066_0781,SEC_066,589.709
OHE_SEC_066_0782,SEC_066,589.759
OHE_SEC_066_0783,SEC_066,589.809
OHE_SEC_066_0784,SEC_066,589.859
OHE_SEC_066_0785,SEC_066,589.909
OHE_SEC_066_0786,SEC_066,589.959
OHE_SEC_066_0787,SEC_066,590.009
OHE_SEC_066_0788,SEC_066,590.059
OHE_SEC_066_0789,SEC_066,590.109
OHE_SEC_066_0790,SEC_066,590.159
OHE_SEC_066_0791,SEC_066,590.209
OHE_SEC_066_0792,SEC_066,590.259
OHE_SEC_066_0793,SEC_066,590.309
OHE_SEC_066_0794,SEC_066,590.359
OHE_SEC_066_0795,SEC_066,590.409
OHE_SEC_066_0796,SEC_066,590.459
OHE_SEC_066_0797,SEC_066,590.509
OHE_SEC_066_0798,SEC_066,590.559
OHE_SEC_066_0799,SEC_066,590.609
OHE_SEC_066_0800,SEC_066,590.659
OHE_SEC_066_0801,SEC_066,590.709
OHE_SEC_066_0802,SEC_066,590.759
OHE_SEC_066_0803,SEC_066,590.809
OHE_SEC_066_0804,SEC_066,590.859
OHE_SEC_066_0805,SEC_066,590.909
OHE_SEC_066_0806,SEC_066,590.959
OHE_SEC_066_0807,SEC_066,591.009
OHE_SEC_066_0808,SEC_066,591.059
OHE_SEC_066_0809,SEC_066,591.109
OHE_SEC_066_0810,SEC_066,591.159
OHE_SEC_066_0811,SEC_066,591.209
OHE_SEC_066_0812,SEC_066,591.259
OHE_SEC_066_0813,SEC_066,591.309
OHE_SEC_066_0814,SEC_066,591.359
OHE_SEC_066_0815,SEC_066,591.409
OHE_SEC_066_0816,SEC_066,591.459
OHE_SEC_066_0817,SEC_066,591.509
OHE_SEC_066_0818,SEC_066,591.559
OHE_SEC_066_0819,SEC_066,591.609
OHE_SEC_066_0820,SEC_066,591.658
OHE_SEC_066_0821,SEC_066,591.708
OHE_SEC_066_0822,SEC_066,591.758
OHE_SEC_066_0823,SEC_066,591.808
OHE_SEC_066_0824,SEC_066,591.858
OHE_SEC_066_0825,SEC_066,591.908
OHE_SEC_066_0826,SEC_066,591.958
OHE_SEC_066_0827,SEC_066,592.008
OHE_SEC_066_0828,SEC_066,592.058
OHE_SEC_066_0829,SEC_066,592.108
OHE_SEC_066_0830,SEC_066,592.158
OHE_SEC_066_0831,SEC_066,592.208
OHE_SEC_066_0832,SEC_066,592.258
OHE_SEC_066_0833,SEC_066,592.308
OHE_SEC_066_0834,SEC_066,592.358
OHE_SEC_066_0835,SEC_066,592.408
OHE_SEC_066_0836,SEC_066,592.458
OHE_SEC_066_0837,SEC_066,592.508
OHE_SEC_066_0838,SEC_066,592.558
OHE_SEC_066_0839,SEC_066,592.608
OHE_SEC_066_0840,SEC_066,592.658
OHE_SEC_066_0841,SEC_066,592.708
OHE_SEC_066_0842,SEC_066,592.758
OHE_SEC_066_0843,SEC_066,592.808
OHE_SEC_066_0844,SEC_066,592.858
OHE_SEC_066_0845,SEC_066,592.908
OHE_SEC_066_0846,SEC_066,592.958
OHE_SEC_066_0847,SEC_066,593.008
OHE_SEC_066_0848,SEC_066,593.058
OHE_SEC_066_0849,SEC_066,593.108
OHE_SEC_066_0850,SEC_066,593.158
OHE_SEC_066_0851,SEC_066,593.208
OHE_SEC_066_0852,SEC_066,593.258
OHE_SEC_066_0853,SEC_066,593.308
OHE_SEC_066_0854,SEC_066,593.358
OHE_SEC_066_0855,SEC_066,593.408
OHE_SEC_066_0856,SEC_066,593.458
OHE_SEC_066_0857,SEC_066,593.508
OHE_SEC_066_0858,SEC_066,593.558
OHE_SEC_066_0859,SEC_066,593.608
OHE_SEC_066_0860,SEC_066,593.658
OHE_SEC_066_0861,SEC_066,593.708
OHE_SEC_066_0862,SEC_066,593.758
OHE_SEC_066_0863,SEC_066,593.808
OHE_SEC_066_0864,SEC_066,593.858
OHE_SEC_066_0865,SEC_066,593.908
OHE_SEC_066_0866,SEC_066,593.958
OHE_SEC_066_0867,SEC_066,594.008
OHE_SEC_066_0868,SEC_066,594.058
OHE_SEC_066_0869,SEC_066,594.108
OHE_SEC_066_0870,SEC_066,594.158
OHE_SEC_066_0871,SEC_066,594.208
OHE_SEC_066_0872,SEC_066,594.258
OHE_SEC_066_0873,SEC_066,594.308
OHE_SEC_066_0874,SEC_066,594.358
OHE_SEC_066_0875,SEC_066,594.408
OHE_SEC_066_0876,SEC_066,594.458
OHE_SEC_066_0877,SEC_066,594.508
OHE_SEC_066_0878,SEC_066,594.558
OHE_SEC_066_0879,SEC_066,594.608
OHE_SEC_066_0880,SEC_066,594.658
OHE_SEC_066_0881,SEC_066,594.708
OHE_SEC_066_0882,SEC_066,594.758
OHE_SEC_066_0883,SEC_066,594.808
OHE_SEC_066_0884,SEC_066,594.858
OHE_SEC_066_0885,SEC_066,594.908
OHE_SEC_066_0886,SEC_066,594.958
OHE_SEC_066_0887,SEC_066,595.008
OHE_SEC_066_0888,SEC_066,595.058
OHE_SEC_066_0889,SEC_066,595.108
OHE_SEC_066_0890,SEC_066,595.158
OHE_SEC_066_0891,SEC_066,595.208
OHE_SEC_066_0892,SEC_066,595.258
OHE_SEC_066_0893,SEC_066,595.308
OHE_SEC_066_0894,SEC_066,595.358
OHE_SEC_066_0895,SEC_066,595.408
OHE_SEC_066_0896,SEC_066,595.458
OHE_SEC_066_0897,SEC_066,595.507
OHE_SEC_066_0898,SEC_066,595.557
OHE_SEC_066_0899,SEC_066,595.607
OHE_SEC_066_0900,SEC_066,595.657
OHE_SEC_066_0901,SEC_066,595.707
OHE_SEC_066_0902,SEC_066,595.757
OHE_SEC_066_0903,SEC_066,595.807
OHE_SEC_066_0904,SEC_066,595.857
OHE_SEC_066_0905,SEC_066,595.907
OHE_SEC_066_0906,SEC_066,595.957
OHE_SEC_066_0907,SEC_066,596.007
OHE_SEC_066_0908,SEC_066,596.057
OHE_SEC_066_0909,SEC_066,596.107
OHE_SEC_066_0910,SEC_066,596.157
OHE_SEC_066_0911,SEC_066,596.207
OHE_SEC_066_0912,SEC_066,596.257
OHE_SEC_066_0913,SEC_066,596.307
OHE_SEC_066_0914,SEC_066,596.357
OHE_SEC_066_0915,SEC_066,596.407
OHE_SEC_066_0916,SEC_066,596.457
OHE_SEC_066_0917,SEC_066,596.507
OHE_SEC_066_0918,SEC_066,596.557
OHE_SEC_066_0919,SEC_066,596.607
OHE_SEC_066_0920,SEC_066,596.657
OHE_SEC_066_0921,SEC_066,596.707
OHE_SEC_066_0922,SEC_066,596.757
OHE_SEC_066_0923,SEC_066,596.807
OHE_SEC_066_0924,SEC_066,596.857
OHE_SEC_066_0925,SEC_066,596.907
OHE_SEC_066_0926,SEC_066,596.957
OHE_SEC_066_0927,SEC_066,597.007
OHE_SEC_066_0928,SEC_066,597.057
OHE_SEC_066_0929,SEC_066,597.107
OHE_SEC_066_0930,SEC_066,597.157
OHE_SEC_066_0931,SEC_066,597.207
OHE_SEC_066_0932,SEC_066,597.257
OHE_SEC_066_0933,SEC_066,597.307
OHE_SEC_066_0934,SEC_066,597.357
OHE_SEC_066_0935,SEC_066,597.407
OHE_SEC_066_0936,SEC_066,597.457
OHE_SEC_066_0937,SEC_066,597.507
OHE_SEC_066_0938,SEC_066,597.557
OHE_SEC_066_0939,SEC_066,597.607
OHE_SEC_066_0940,SEC_066,597.657
OHE_SEC_066_0941,SEC_066,597.707
OHE_SEC_066_0942,SEC_066,597.757
OHE_SEC_066_0943,SEC_066,597.807
OHE_SEC_066_0944,SEC_066,597.857
OHE_SEC_066_0945,SEC_066,597.907
OHE_SEC_066_0946,SEC_066,597.957
OHE_SEC_066_0947,SEC_066,598.007
OHE_SEC_066_0948,SEC_066,598.057
OHE_SEC_066_0949,SEC_066,598.107
OHE_SEC_066_0950,SEC_066,598.157
OHE_SEC_066_0951,SEC_066,598.207
OHE_SEC_066_0952,SEC_066,598.257
OHE_SEC_066_0953,SEC_066,598.307
OHE_SEC_066_0954,SEC_066,598.357
OHE_SEC_066_0955,SEC_066,598.407
OHE_SEC_066_0956,SEC_066,598.457
OHE_SEC_066_0957,SEC_066,598.507
OHE_SEC_066_0958,SEC_066,598.557
OHE_SEC_066_0959,SEC_066,598.607
OHE_SEC_066_0960,SEC_066,598.657
OHE_SEC_066_0961,SEC_066,598.707
OHE_SEC_066_0962,SEC_066,598.757
OHE_SEC_066_0963,SEC_066,598.807
OHE_SEC_066_0964,SEC_066,598.857
OHE_SEC_066_0965,SEC_066,598.907
OHE_SEC_066_0966,SEC_066,598.957
OHE_SEC_066_0967,SEC_066,599.007
OHE_SEC_066_0968,SEC_066,599.057
OHE_SEC_066_0969,SEC_066,599.107
OHE_SEC_066_0970,SEC_066,599.157
OHE_SEC_066_0971,SEC_066,599.207
OHE_SEC_066_0972,SEC_066,599.257
OHE_SEC_066_0973,SEC_066,599.307
OHE_SEC_066_0974,SEC_066,599.357
OHE_SEC_066_0975,SEC_066,599.407
OHE_SEC_066_0976,SEC_066,599.456
OHE_SEC_066_0977,SEC_066,599.506
OHE_SEC_066_0978,SEC_066,599.556
OHE_SEC_066_0979,SEC_066,599.606
OHE_SEC_066_0980,SEC_066,599.656
OHE_SEC_066_0981,SEC_066,599.706
OHE_SEC_066_0982,SEC_066,599.756
OHE_SEC_066_0983,SEC_066,599.806
OHE_SEC_066_0984,SEC_066,599.856
OHE_SEC_066_0985,SEC_066,599.906
OHE_SEC_066_0986,SEC_066,599.956
OHE_SEC_066_0987,SEC_066,600.006
OHE_SEC_066_0988,SEC_066,600.056
OHE_SEC_066_0989,SEC_066,600.106
OHE_SEC_066_0990,SEC_066,600.156
OHE_SEC_066_0991,SEC_066,600.206
OHE_SEC_066_0992,SEC_066,600.256
OHE_SEC_066_0993,SEC_066,600.306
OHE_SEC_066_0994,SEC_066,600.356
OHE_SEC_066_0995,SEC_066,600.406
OHE_SEC_066_0996,SEC_066,600.456
OHE_SEC_066_0997,SEC_066,600.506
OHE_SEC_066_0998,SEC_066,600.556
OHE_SEC_066_0999,SEC_066,600.606
OHE_SEC_066_1000,SEC_066,600.656
OHE_SEC_066_1001,SEC_066,600.706
OHE_SEC_066_1002,SEC_066,600.756
OHE_SEC_066_1003,SEC_066,600.806
OHE_SEC_066_1004,SEC_066,600.856
OHE_SEC_066_1005,SEC_066,600.906
OHE_SEC_066_1006,SEC_066,600.956
OHE_SEC_066_1007,SEC_066,601.006
OHE_SEC_066_1008,SEC_066,601.056
OHE_SEC_066_1009,SEC_066,601.106
OHE_SEC_066_1010,SEC_066,601.156
OHE_SEC_066_1011,SEC_066,601.206
OHE_SEC_066_1012,SEC_066,601.256
OHE_SEC_066_1013,SEC_066,601.306
OHE_SEC_066_1014,SEC_066,601.356
OHE_SEC_066_1015,SEC_066,601.406
OHE_SEC_066_1016,SEC_066,601.456
OHE_SEC_066_1017,SEC_066,601.506
OHE_SEC_066_1018,SEC_066,601.556
OHE_SEC_066_1019,SEC_066,601.606
OHE_SEC_066_1020,SEC_066,601.656
OHE_SEC_066_1021,SEC_066,601.706
OHE_SEC_066_1022,SEC_066,601.756
OHE_SEC_066_1023,SEC_066,601.806
OHE_SEC_066_1024,SEC_066,601.856
OHE_SEC_066_1025,SEC_066,601.906
OHE_SEC_066_1026,SEC_066,601.956
OHE_SEC_066_1027,SEC_066,602.006
OHE_SEC_066_1028,SEC_066,602.056
OHE_SEC_066_1029,SEC_066,602.106
OHE_SEC_066_1030,SEC_066,602.156
OHE_SEC_066_1031,SEC_066,602.206
OHE_SEC_066_1032,SEC_066,602.256
OHE_SEC_066_1033,SEC_066,602.306
OHE_SEC_066_1034,SEC_066,602.356
OHE_SEC_066_1035,SEC_066,602.406
OHE_SEC_066_1036,SEC_066,602.456
OHE_SEC_066_1037,SEC_066,602.506
OHE_SEC_066_1038,SEC_066,602.556
OHE_SEC_066_1039,SEC_066,602.606
OHE_SEC_066_1040,SEC_066,602.656
OHE_SEC_066_1041,SEC_066,602.706
OHE_SEC_066_1042,SEC_066,602.756
OHE_SEC_066_1043,SEC_066,602.806
OHE_SEC_066_1044,SEC_066,602.856
OHE_SEC_066_1045,SEC_066,602.906
OHE_SEC_066_1046,SEC_066,602.956
OHE_SEC_066_1047,SEC_066,603.006
OHE_SEC_066_1048,SEC_066,603.056
OHE_SEC_066_1049,SEC_066,603.106
OHE_SEC_066_1050,SEC_066,603.156
OHE_SEC_066_1051,SEC_066,603.206
OHE_SEC_066_1052,SEC_066,603.256
OHE_SEC_066_1053,SEC_066,603.305
OHE_SEC_066_1054,SEC_066,603.355
OHE_SEC_066_1055,SEC_066,603.405
OHE_SEC_066_1056,SEC_066,603.455
OHE_SEC_066_1057,SEC_066,603.505
OHE_SEC_066_1058,SEC_066,603.555
OHE_SEC_066_1059,SEC_066,603.605
OHE_SEC_066_1060,SEC_066,603.655
OHE_SEC_066_1061,SEC_066,603.705
OHE_SEC_066_1062,SEC_066,603.755
OHE_SEC_066_1063,SEC_066,603.805
OHE_SEC_066_1064,SEC_066,603.855
OHE_SEC_066_1065,SEC_066,603.905
OHE_SEC_066_1066,SEC_066,603.955
OHE_SEC_066_1067,SEC_066,604.005
OHE_SEC_066_1068,SEC_066,604.055
OHE_SEC_066_1069,SEC_066,604.105
OHE_SEC_066_1070,SEC_066,604.155
OHE_SEC_066_1071,SEC_066,604.205
OHE_SEC_066_1072,SEC_066,604.255
OHE_SEC_066_1073,SEC_066,604.305
OHE_SEC_066_1074,SEC_066,604.355
OHE_SEC_066_1075,SEC_066,604.405
OHE_SEC_066_1076,SEC_066,604.455
OHE_SEC_066_1077,SEC_066,604.505
OHE_SEC_066_1078,SEC_066,604.555
OHE_SEC_066_1079,SEC_066,604.605
OHE_SEC_066_1080,SEC_066,604.655
OHE_SEC_066_1081,SEC_066,604.705
OHE_SEC_066_1082,SEC_066,604.755
OHE_SEC_066_1083,SEC_066,604.805
OHE_SEC_066_1084,SEC_066,604.855
OHE_SEC_066_1085,SEC_066,604.905
OHE_SEC_066_1086,SEC_066,604.955
OHE_SEC_066_1087,SEC_066,605.005
OHE_SEC_066_1088,SEC_066,605.055
OHE_SEC_066_1089,SEC_066,605.105
OHE_SEC_066_1090,SEC_066,605.155
OHE_SEC_066_1091,SEC_066,605.205
OHE_SEC_066_1092,SEC_066,605.255
OHE_SEC_066_1093,SEC_066,605.305
OHE_SEC_066_1094,SEC_066,605.355
OHE_SEC_066_1095,SEC_066,605.405
OHE_SEC_066_1096,SEC_066,605.455
OHE_SEC_066_1097,SEC_066,605.505
OHE_SEC_066_1098,SEC_066,605.555
OHE_SEC_066_1099,SEC_066,605.605
OHE_SEC_066_1100,SEC_066,605.655
OHE_SEC_066_1101,SEC_066,605.705
OHE_SEC_066_1102,SEC_066,605.755
OHE_SEC_066_1103,SEC_066,605.805
OHE_SEC_066_1104,SEC_066,605.855
OHE_SEC_066_1105,SEC_066,605.905
OHE_SEC_066_1106,SEC_066,605.955
OHE_SEC_066_1107,SEC_066,606.005
OHE_SEC_066_1108,SEC_066,606.055
OHE_SEC_066_1109,SEC_066,606.105
OHE_SEC_066_1110,SEC_066,606.155
OHE_SEC_066_1111,SEC_066,606.205
OHE_SEC_066_1112,SEC_066,606.255
OHE_SEC_066_1113,SEC_066,606.305
OHE_SEC_066_1114,SEC_066,606.355
OHE_SEC_066_1115,SEC_066,606.405
OHE_SEC_066_1116,SEC_066,606.455
OHE_SEC_066_1117,SEC_066,606.505
OHE_SEC_066_1118,SEC_066,606.555
OHE_SEC_066_1119,SEC_066,606.605
OHE_SEC_066_1120,SEC_066,606.655
OHE_SEC_066_1121,SEC_066,606.705
OHE_SEC_066_1122,SEC_066,606.755
OHE_SEC_066_1123,SEC_066,606.805
OHE_SEC_066_1124,SEC_066,606.855
OHE_SEC_066_1125,SEC_066,606.905
OHE_SEC_066_1126,SEC_066,606.955
OHE_SEC_066_1127,SEC_066,607.005
OHE_SEC_066_1128,SEC_066,607.055
OHE_SEC_066_1129,SEC_066,607.105
OHE_SEC_066_1130,SEC_066,607.155
OHE_SEC_066_1131,SEC_066,607.205
OHE_SEC_066_1132,SEC_066,607.254
OHE_SEC_066_1133,SEC_066,607.304
OHE_SEC_066_1134,SEC_066,607.354
OHE_SEC_066_1135,SEC_066,607.404
OHE_SEC_066_1136,SEC_066,607.454
OHE_SEC_066_1137,SEC_066,607.504
OHE_SEC_066_1138,SEC_066,607.554
OHE_SEC_066_1139,SEC_066,607.604
OHE_SEC_066_1140,SEC_066,607.654
OHE_SEC_066_1141,SEC_066,607.704
OHE_SEC_066_1142,SEC_066,607.754
OHE_SEC_066_1143,SEC_066,607.804
OHE_SEC_066_1144,SEC_066,607.854
OHE_SEC_066_1145,SEC_066,607.904
OHE_SEC_066_1146,SEC_066,607.954
OHE_SEC_066_1147,SEC_066,608.004
OHE_SEC_066_1148,SEC_066,608.054
OHE_SEC_066_1149,SEC_066,608.104
OHE_SEC_066_1150,SEC_066,608.154
OHE_SEC_066_1151,SEC_066,608.204
OHE_SEC_066_1152,SEC_066,608.254
OHE_SEC_066_1153,SEC_066,608.304
OHE_SEC_066_1154,SEC_066,608.354
OHE_SEC_066_1155,SEC_066,608.404
OHE_SEC_066_1156,SEC_066,608.454
OHE_SEC_066_1157,SEC_066,608.504
OHE_SEC_066_1158,SEC_066,608.554
OHE_SEC_066_1159,SEC_066,608.604
OHE_SEC_066_1160,SEC_066,608.654
OHE_SEC_066_1161,SEC_066,608.704
OHE_SEC_066_1162,SEC_066,608.754
OHE_SEC_066_1163,SEC_066,608.804
OHE_SEC_066_1164,SEC_066,608.854
OHE_SEC_066_1165,SEC_066,608.904
OHE_SEC_066_1166,SEC_066,608.954
OHE_SEC_066_1167,SEC_066,609.004
OHE_SEC_066_1168,SEC_066,609.054
OHE_SEC_066_1169,SEC_066,609.104
OHE_SEC_066_1170,SEC_066,609.154
OHE_SEC_066_1171,SEC_066,609.204
OHE_SEC_066_1172,SEC_066,609.254
OHE_SEC_066_1173,SEC_066,609.304
OHE_SEC_066_1174,SEC_066,609.354
OHE_SEC_066_1175,SEC_066,609.404
OHE_SEC_066_1176,SEC_066,609.454
OHE_SEC_066_1177,SEC_066,609.504
OHE_SEC_066_1178,SEC_066,609.554
OHE_SEC_066_1179,SEC_066,609.604
OHE_SEC_066_1180,SEC_066,609.654
OHE_SEC_066_1181,SEC_066,609.704
OHE_SEC_066_1182,SEC_066,609.754
OHE_SEC_066_1183,SEC_066,609.804
OHE_SEC_066_1184,SEC_066,609.854
OHE_SEC_066_1185,SEC_066,609.904
OHE_SEC_066_1186,SEC_066,609.954
OHE_SEC_066_1187,SEC_066,610.004
OHE_SEC_066_1188,SEC_066,610.054
OHE_SEC_066_1189,SEC_066,610.104
OHE_SEC_066_1190,SEC_066,610.154
OHE_SEC_066_1191,SEC_066,610.204
OHE_SEC_066_1192,SEC_066,610.254
OHE_SEC_066_1193,SEC_066,610.304
OHE_SEC_066_1194,SEC_066,610.354
OHE_SEC_066_1195,SEC_066,610.404
OHE_SEC_066_1196,SEC_066,610.454
OHE_SEC_066_1197,SEC_066,610.504
OHE_SEC_066_1198,SEC_066,610.554
OHE_SEC_066_1199,SEC_066,610.604
OHE_SEC_066_1200,SEC_066,610.654
OHE_SEC_066_1201,SEC_066,610.704
OHE_SEC_066_1202,SEC_066,610.754
OHE_SEC_066_1203,SEC_066,610.804
OHE_SEC_066_1204,SEC_066,610.854
OHE_SEC_066_1205,SEC_066,610.904
OHE_SEC_066_1206,SEC_066,610.954
OHE_SEC_066_1207,SEC_066,611.004
OHE_SEC_066_1208,SEC_066,611.054
OHE_SEC_066_1209,SEC_066,611.103
OHE_SEC_066_1210,SEC_066,611.153
OHE_SEC_066_1211,SEC_066,611.203
OHE_SEC_066_1212,SEC_066,611.253
OHE_SEC_066_1213,SEC_066,611.303
OHE_SEC_066_1214,SEC_066,611.353
OHE_SEC_066_1215,SEC_066,611.403
OHE_SEC_066_1216,SEC_066,611.453
OHE_SEC_066_1217,SEC_066,611.503
OHE_SEC_066_1218,SEC_066,611.553
OHE_SEC_066_1219,SEC_066,611.603
OHE_SEC_066_1220,SEC_066,611.653
OHE_SEC_066_1221,SEC_066,611.703
OHE_SEC_066_1222,SEC_066,611.753
OHE_SEC_066_1223,SEC_066,611.803
OHE_SEC_066_1224,SEC_066,611.853
OHE_SEC_066_1225,SEC_066,611.903
OHE_SEC_066_1226,SEC_066,611.953
OHE_SEC_066_1227,SEC_066,612.003
OHE_SEC_066_1228,SEC_066,612.053
OHE_SEC_066_1229,SEC_066,612.103
OHE_SEC_066_1230,SEC_066,612.153
OHE_SEC_066_1231,SEC_066,612.203
OHE_SEC_066_1232,SEC_066,612.253
OHE_SEC_066_1233,SEC_066,612.303
OHE_SEC_066_1234,SEC_066,612.353
OHE_SEC_066_1235,SEC_066,612.403
OHE_SEC_066_1236,SEC_066,612.453
OHE_SEC_066_1237,SEC_066,612.503
OHE_SEC_066_1238,SEC_066,612.553
OHE_SEC_066_1239,SEC_066,612.603
OHE_SEC_066_1240,SEC_066,612.653
OHE_SEC_066_1241,SEC_066,612.703
OHE_SEC_066_1242,SEC_066,612.753
OHE_SEC_066_1243,SEC_066,612.803
OHE_SEC_066_1244,SEC_066,612.853
OHE_SEC_066_1245,SEC_066,612.903
OHE_SEC_066_1246,SEC_066,612.953
OHE_SEC_066_1247,SEC_066,613.003
OHE_SEC_066_1248,SEC_066,613.053
OHE_SEC_066_1249,SEC_066,613.103
OHE_SEC_066_1250,SEC_066,613.153
OHE_SEC_066_1251,SEC_066,613.203
OHE_SEC_066_1252,SEC_066,613.253
OHE_SEC_066_1253,SEC_066,613.303
OHE_SEC_066_1254,SEC_066,613.353
OHE_SEC_066_1255,SEC_066,613.403
OHE_SEC_066_1256,SEC_066,613.453
OHE_SEC_066_1257,SEC_066,613.503
OHE_SEC_066_1258,SEC_066,613.553
OHE_SEC_066_1259,SEC_066,613.603
OHE_SEC_066_1260,SEC_066,613.653
OHE_SEC_066_1261,SEC_066,613.703
OHE_SEC_066_1262,SEC_066,613.753
OHE_SEC_066_1263,SEC_066,613.803
OHE_SEC_066_1264,SEC_066,613.853
OHE_SEC_066_1265,SEC_066,613.903
OHE_SEC_066_1266,SEC_066,613.953
OHE_SEC_066_1267,SEC_066,614.003
OHE_SEC_066_1268,SEC_066,614.053
OHE_SEC_066_1269,SEC_066,614.103
OHE_SEC_066_1270,SEC_066,614.153
OHE_SEC_066_1271,SEC_066,614.203
OHE_SEC_066_1272,SEC_066,614.253
OHE_SEC_066_1273,SEC_066,614.303
OHE_SEC_066_1274,SEC_066,614.353
OHE_SEC_066_1275,SEC_066,614.403
OHE_SEC_066_1276,SEC_066,614.453
OHE_SEC_066_1277,SEC_066,614.503
OHE_SEC_066_1278,SEC_066,614.553
OHE_SEC_066_1279,SEC_066,614.603
OHE_SEC_066_1280,SEC_066,614.653
OHE_SEC_066_1281,SEC_066,614.703
OHE_SEC_066_1282,SEC_066,614.753
OHE_SEC_066_1283,SEC_066,614.803
OHE_SEC_066_1284,SEC_066,614.853
OHE_SEC_066_1285,SEC_066,614.903
OHE_SEC_066_1286,SEC_066,614.953
OHE_SEC_066_1287,SEC_066,615.003
OHE_SEC_066_1288,SEC_066,615.052
OHE_SEC_066_1289,SEC_066,615.102
OHE_SEC_066_1290,SEC_066,615.152
OHE_SEC_066_1291,SEC_066,615.202
OHE_SEC_066_1292,SEC_066,615.252
OHE_SEC_066_1293,SEC_066,615.302
OHE_SEC_066_1294,SEC_066,615.352
OHE_SEC_066_1295,SEC_066,615.402
OHE_SEC_066_1296,SEC_066,615.452
OHE_SEC_066_1297,SEC_066,615.502
OHE_SEC_066_1298,SEC_066,615.552
OHE_SEC_066_1299,SEC_066,615.602
OHE_SEC_066_1300,SEC_066,615.652
OHE_SEC_066_1301,SEC_066,615.702
OHE_SEC_066_1302,SEC_066,615.752
OHE_SEC_066_1303,SEC_066,615.802
OHE_SEC_066_1304,SEC_066,615.852
OHE_SEC_066_1305,SEC_066,615.902
OHE_SEC_066_1306,SEC_066,615.952
OHE_SEC_066_1307,SEC_066,616.002
OHE_SEC_066_1308,SEC_066,616.052
OHE_SEC_066_1309,SEC_066,616.102
OHE_SEC_066_1310,SEC_066,616.152
OHE_SEC_066_1311,SEC_066,616.202
OHE_SEC_066_1312,SEC_066,616.252
OHE_SEC_066_1313,SEC_066,616.302
OHE_SEC_066_1314,SEC_066,616.352
OHE_SEC_066_1315,SEC_066,616.402
OHE_SEC_066_1316,SEC_066,616.452
OHE_SEC_066_1317,SEC_066,616.502
OHE_SEC_066_1318,SEC_066,616.552
OHE_SEC_066_1319,SEC_066,616.602
OHE_SEC_066_1320,SEC_066,616.652
OHE_SEC_066_1321,SEC_066,616.702
OHE_SEC_066_1322,SEC_066,616.752
OHE_SEC_066_1323,SEC_066,616.802
OHE_SEC_066_1324,SEC_066,616.852
OHE_SEC_066_1325,SEC_066,616.902
OHE_SEC_066_1326,SEC_066,616.952
OHE_SEC_066_1327,SEC_066,617.002
OHE_SEC_066_1328,SEC_066,617.052
OHE_SEC_066_1329,SEC_066,617.102
OHE_SEC_066_1330,SEC_066,617.152
OHE_SEC_066_1331,SEC_066,617.202
OHE_SEC_066_1332,SEC_066,617.252
OHE_SEC_066_1333,SEC_066,617.302
OHE_SEC_066_1334,SEC_066,617.352
OHE_SEC_066_1335,SEC_066,617.402
OHE_SEC_066_1336,SEC_066,617.452
OHE_SEC_066_1337,SEC_066,617.502
OHE_SEC_066_1338,SEC_066,617.552
OHE_SEC_066_1339,SEC_066,617.602
OHE_SEC_066_1340,SEC_066,617.652
OHE_SEC_066_1341,SEC_066,617.702
OHE_SEC_066_1342,SEC_066,617.752
OHE_SEC_066_1343,SEC_066,617.802
OHE_SEC_066_1344,SEC_066,617.852
OHE_SEC_066_1345,SEC_066,617.902
OHE_SEC_066_1346,SEC_066,617.952
OHE_SEC_066_1347,SEC_066,618.002
OHE_SEC_066_1348,SEC_066,618.052
OHE_SEC_066_1349,SEC_066,618.102
OHE_SEC_066_1350,SEC_066,618.152
OHE_SEC_066_1351,SEC_066,618.202
OHE_SEC_066_1352,SEC_066,618.252
OHE_SEC_066_1353,SEC_066,618.302
OHE_SEC_066_1354,SEC_066,618.352
OHE_SEC_066_1355,SEC_066,618.402
OHE_SEC_066_1356,SEC_066,618.452
OHE_SEC_066_1357,SEC_066,618.502
OHE_SEC_066_1358,SEC_066,618.552
OHE_SEC_066_1359,SEC_066,618.602
OHE_SEC_066_1360,SEC_066,618.652
OHE_SEC_066_1361,SEC_066,618.702
OHE_SEC_066_1362,SEC_066,618.752
OHE_SEC_066_1363,SEC_066,618.802
OHE_SEC_066_1364,SEC_066,618.852
OHE_SEC_066_1365,SEC_066,618.901
OHE_SEC_066_1366,SEC_066,618.951
OHE_SEC_066_1367,SEC_066,619.001
OHE_SEC_066_1368,SEC_066,619.051
OHE_SEC_066_1369,SEC_066,619.101
OHE_SEC_066_1370,SEC_066,619.151
OHE_SEC_066_1371,SEC_066,619.201
OHE_SEC_066_1372,SEC_066,619.251
OHE_SEC_066_1373,SEC_066,619.301
OHE_SEC_066_1374,SEC_066,619.351
OHE_SEC_066_1375,SEC_066,619.401
OHE_SEC_066_1376,SEC_066,619.451
OHE_SEC_066_1377,SEC_066,619.501
OHE_SEC_066_1378,SEC_066,619.551
OHE_SEC_066_1379,SEC_066,619.601
OHE_SEC_066_1380,SEC_066,619.651
OHE_SEC_066_1381,SEC_066,619.701
OHE_SEC_066_1382,SEC_066,619.751
OHE_SEC_066_1383,SEC_066,619.801
OHE_SEC_066_1384,SEC_066,619.851
OHE_SEC_066_1385,SEC_066,619.901
OHE_SEC_066_1386,SEC_066,619.951
OHE_SEC_066_1387,SEC_066,620.001
OHE_SEC_066_1388,SEC_066,620.051
OHE_SEC_066_1389,SEC_066,620.101
OHE_SEC_066_1390,SEC_066,620.151
OHE_SEC_066_1391,SEC_066,620.201
OHE_SEC_066_1392,SEC_066,620.251
OHE_SEC_066_1393,SEC_066,620.301
OHE_SEC_066_1394,SEC_066,620.351
OHE_SEC_066_1395,SEC_066,620.401
OHE_SEC_066_1396,SEC_066,620.451
OHE_SEC_066_1397,SEC_066,620.501
OHE_SEC_066_1398,SEC_066,620.551
OHE_SEC_066_1399,SEC_066,620.601
OHE_SEC_066_1400,SEC_066,620.651
OHE_SEC_066_1401,SEC_066,620.701
OHE_SEC_066_1402,SEC_066,620.751
OHE_SEC_066_1403,SEC_066,620.801
OHE_SEC_066_1404,SEC_066,620.851
OHE_SEC_066_1405,SEC_066,620.901
OHE_SEC_066_1406,SEC_066,620.951
OHE_SEC_066_1407,SEC_066,621.001
OHE_SEC_066_1408,SEC_066,621.051
OHE_SEC_066_1409,SEC_066,621.101
OHE_SEC_066_1410,SEC_066,621.151
OHE_SEC_066_1411,SEC_066,621.201
OHE_SEC_066_1412,SEC_066,621.251
OHE_SEC_066_1413,SEC_066,621.301
OHE_SEC_066_1414,SEC_066,621.351
OHE_SEC_066_1415,SEC_066,621.401
OHE_SEC_066_1416,SEC_066,621.451
OHE_SEC_066_1417,SEC_066,621.501
OHE_SEC_066_1418,SEC_066,621.551
OHE_SEC_066_1419,SEC_066,621.601
OHE_SEC_066_1420,SEC_066,621.651
OHE_SEC_066_1421,SEC_066,621.701
OHE_SEC_066_1422,SEC_066,621.751
OHE_SEC_066_1423,SEC_066,621.801
OHE_SEC_066_1424,SEC_066,621.851
OHE_SEC_066_1425,SEC_066,621.901
OHE_SEC_066_1426,SEC_066,621.951
OHE_SEC_066_1427,SEC_066,622.001
OHE_SEC_066_1428,SEC_066,622.051
OHE_SEC_066_1429,SEC_066,622.101
OHE_SEC_066_1430,SEC_066,622.151
OHE_SEC_066_1431,SEC_066,622.201
OHE_SEC_066_1432,SEC_066,622.251
OHE_SEC_066_1433,SEC_066,622.301
OHE_SEC_066_1434,SEC_066,622.351
OHE_SEC_066_1435,SEC_066,622.401
OHE_SEC_066_1436,SEC_066,622.451
OHE_SEC_066_1437,SEC_066,622.501
OHE_SEC_066_1438,SEC_066,622.551
OHE_SEC_066_1439,SEC_066,622.601
OHE_SEC_066_1440,SEC_066,622.651
OHE_SEC_066_1441,SEC_066,622.701
OHE_SEC_066_1442,SEC_066,622.751
OHE_SEC_066_1443,SEC_066,622.801
OHE_SEC_066_1444,SEC_066,622.85
OHE_SEC_066_1445,SEC_066,622.9
OHE_SEC_066_1446,SEC_066,622.95
OHE_SEC_066_1447,SEC_066,623.0
OHE_SEC_066_1448,SEC_066,623.05
OHE_SEC_066_1449,SEC_066,623.1
OHE_SEC_066_1450,SEC_066,623.15
OHE_SEC_066_1451,SEC_066,623.2
OHE_SEC_066_1452,SEC_066,623.25
OHE_SEC_066_1453,SEC_066,623.3
OHE_SEC_066_1454,SEC_066,623.35
OHE_SEC_066_1455,SEC_066,623.4
OHE_SEC_066_1456,SEC_066,623.45
OHE_SEC_066_1457,SEC_066,623.5
OHE_SEC_066_1458,SEC_066,623.55
OHE_SEC_066_1459,SEC_066,623.6
OHE_SEC_066_1460,SEC_066,623.65
OHE_SEC_066_1461,SEC_066,623.7
OHE_SEC_066_1462,SEC_066,623.75
OHE_SEC_066_1463,SEC_066,623.8
OHE_SEC_066_1464,SEC_066,623.85
OHE_SEC_066_1465,SEC_066,623.9
OHE_SEC_066_1466,SEC_066,623.95
OHE_SEC_066_1467,SEC_066,624.0
OHE_SEC_066_1468,SEC_066,624.05
OHE_SEC_066_1469,SEC_066,624.1
OHE_SEC_066_1470,SEC_066,624.15
OHE_SEC_066_1471,SEC_066,624.2
OHE_SEC_066_1472,SEC_066,624.25
OHE_SEC_066_1473,SEC_066,624.3
OHE_SEC_066_1474,SEC_066,624.35
OHE_SEC_066_1475,SEC_066,624.4
OHE_SEC_066_1476,SEC_066,624.45
OHE_SEC_066_1477,SEC_066,624.5
OHE_SEC_066_1478,SEC_066,624.55
OHE_SEC_066_1479,SEC_066,624.6
OHE_SEC_066_1480,SEC_066,624.65
OHE_SEC_066_1481,SEC_066,624.7
OHE_SEC_066_1482,SEC_066,624.75
OHE_SEC_066_1483,SEC_066,624.8
OHE_SEC_066_1484,SEC_066,624.85
OHE_SEC_066_1485,SEC_066,624.9
OHE_SEC_066_1486,SEC_066,624.95
OHE_SEC_066_1487,SEC_066,625.0
OHE_SEC_066_1488,SEC_066,625.05
OHE_SEC_066_1489,SEC_066,625.1
OHE_SEC_066_1490,SEC_066,625.15
OHE_SEC_066_1491,SEC_066,625.2
OHE_SEC_066_1492,SEC_066,625.25
OHE_SEC_066_1493,SEC_066,625.3
OHE_SEC_066_1494,SEC_066,625.35
OHE_SEC_066_1495,SEC_066,625.4
OHE_SEC_066_1496,SEC_066,625.45
OHE_SEC_066_1497,SEC_066,625.5
OHE_SEC_066_1498,SEC_066,625.55
OHE_SEC_066_1499,SEC_066,625.6
OHE_SEC_066_1500,SEC_066,625.65
OHE_SEC_066_1501,SEC_066,625.7
OHE_SEC_066_1502,SEC_066,625.75
OHE_SEC_066_1503,SEC_066,625.8
OHE_SEC_066_1504,SEC_066,625.85
OHE_SEC_066_1505,SEC_066,625.9
OHE_SEC_066_1506,SEC_066,625.95
OHE_SEC_066_1507,SEC_066,626.0
OHE_SEC_066_1508,SEC_066,626.05
OHE_SEC_066_1509,SEC_066,626.1
OHE_SEC_066_1510,SEC_066,626.15
OHE_SEC_066_1511,SEC_066,626.2
OHE_SEC_066_1512,SEC_066,626.25
OHE_SEC_066_1513,SEC_066,626.3
OHE_SEC_066_1514,SEC_066,626.35
OHE_SEC_066_1515,SEC_066,626.4
OHE_SEC_066_1516,SEC_066,626.45
OHE_SEC_066_1517,SEC_066,626.5
OHE_SEC_066_1518,SEC_066,626.55
OHE_SEC_066_1519,SEC_066,626.6
OHE_SEC_066_1520,SEC_066,626.65
OHE_SEC_066_1521,SEC_066,626.699
OHE_SEC_066_1522,SEC_066,626.749
OHE_SEC_066_1523,SEC_066,626.799
OHE_SEC_066_1524,SEC_066,626.849
OHE_SEC_066_1525,SEC_066,626.899
OHE_SEC_066_1526,SEC_066,626.949
OHE_SEC_066_1527,SEC_066,626.999
OHE_SEC_066_1528,SEC_066,627.049
OHE_SEC_066_1529,SEC_066,627.099
OHE_SEC_066_1530,SEC_066,627.149
OHE_SEC_066_1531,SEC_066,627.199
OHE_SEC_066_1532,SEC_066,627.249
OHE_SEC_066_1533,SEC_066,627.299
OHE_SEC_066_1534,SEC_066,627.349
OHE_SEC_066_1535,SEC_066,627.399
OHE_SEC_066_1536,SEC_066,627.449
OHE_SEC_066_1537,SEC_066,627.499
OHE_SEC_066_1538,SEC_066,627.549
OHE_SEC_066_1539,SEC_066,627.599
OHE_SEC_066_1540,SEC_066,627.649
OHE_SEC_066_1541,SEC_066,627.699
OHE_SEC_066_1542,SEC_066,627.749
OHE_SEC_066_1543,SEC_066,627.799
OHE_SEC_066_1544,SEC_066,627.849
OHE_SEC_066_1545,SEC_066,627.899
OHE_SEC_066_1546,SEC_066,627.949
OHE_SEC_066_1547,SEC_066,627.999
OHE_SEC_066_1548,SEC_066,628.049
OHE_SEC_066_1549,SEC_066,628.099
OHE_SEC_066_1550,SEC_066,628.149
OHE_SEC_066_1551,SEC_066,628.199
OHE_SEC_066_1552,SEC_066,628.249
OHE_SEC_066_1553,SEC_066,628.299
OHE_SEC_066_1554,SEC_066,628.349
OHE_SEC_066_1555,SEC_066,628.399
OHE_SEC_066_1556,SEC_066,628.449
OHE_SEC_066_1557,SEC_066,628.499
OHE_SEC_066_1558,SEC_066,628.549
OHE_SEC_066_1559,SEC_066,628.599
OHE_SEC_067_0001,SEC_067,628.699
OHE_SEC_067_0002,SEC_067,628.749
OHE_SEC_067_0003,SEC_067,628.799
OHE_SEC_067_0004,SEC_067,628.849
OHE_SEC_067_0005,SEC_067,628.899
OHE_SEC_067_0006,SEC_067,628.949
OHE_SEC_067_0007,SEC_067,628.999
OHE_SEC_067_0008,SEC_067,629.048
OHE_SEC_067_0009,SEC_067,629.098
OHE_SEC_067_0010,SEC_067,629.148
OHE_SEC_067_0011,SEC_067,629.198
OHE_SEC_067_0012,SEC_067,629.248
OHE_SEC_067_0013,SEC_067,629.298
OHE_SEC_067_0014,SEC_067,629.348
OHE_SEC_067_0015,SEC_067,629.398
OHE_SEC_067_0016,SEC_067,629.448
OHE_SEC_067_0017,SEC_067,629.498
OHE_SEC_067_0018,SEC_067,629.548
OHE_SEC_067_0019,SEC_067,629.598
OHE_SEC_067_0020,SEC_067,629.648
OHE_SEC_067_0021,SEC_067,629.698
OHE_SEC_067_0022,SEC_067,629.748
OHE_SEC_067_0023,SEC_067,629.797
OHE_SEC_067_0024,SEC_067,629.847
OHE_SEC_067_0025,SEC_067,629.897
OHE_SEC_067_0026,SEC_067,629.947
OHE_SEC_067_0027,SEC_067,629.997
OHE_SEC_067_0028,SEC_067,630.047
OHE_SEC_067_0029,SEC_067,630.097
OHE_SEC_067_0030,SEC_067,630.147
OHE_SEC_067_0031,SEC_067,630.197
OHE_SEC_067_0032,SEC_067,630.247
OHE_SEC_067_0033,SEC_067,630.297
OHE_SEC_067_0034,SEC_067,630.347
OHE_SEC_067_0035,SEC_067,630.397
OHE_SEC_067_0036,SEC_067,630.447
OHE_SEC_067_0037,SEC_067,630.497
OHE_SEC_067_0038,SEC_067,630.546
OHE_SEC_067_0039,SEC_067,630.596
OHE_SEC_067_0040,SEC_067,630.646
OHE_SEC_067_0041,SEC_067,630.696
OHE_SEC_067_0042,SEC_067,630.746
OHE_SEC_067_0043,SEC_067,630.796
OHE_SEC_067_0044,SEC_067,630.846
OHE_SEC_067_0045,SEC_067,630.896
OHE_SEC_067_0046,SEC_067,630.946
OHE_SEC_067_0047,SEC_067,630.996
OHE_SEC_067_0048,SEC_067,631.046
OHE_SEC_067_0049,SEC_067,631.096
OHE_SEC_067_0050,SEC_067,631.146
OHE_SEC_067_0051,SEC_067,631.196
OHE_SEC_067_0052,SEC_067,631.246
OHE_SEC_067_0053,SEC_067,631.295
OHE_SEC_067_0054,SEC_067,631.345
OHE_SEC_067_0055,SEC_067,631.395
OHE_SEC_067_0056,SEC_067,631.445
OHE_SEC_067_0057,SEC_067,631.495
OHE_SEC_067_0058,SEC_067,631.545
OHE_SEC_067_0059,SEC_067,631.595
OHE_SEC_067_0060,SEC_067,631.645
OHE_SEC_067_0061,SEC_067,631.695
OHE_SEC_067_0062,SEC_067,631.745
OHE_SEC_067_0063,SEC_067,631.795
OHE_SEC_067_0064,SEC_067,631.845
OHE_SEC_067_0065,SEC_067,631.895
OHE_SEC_067_0066,SEC_067,631.945
OHE_SEC_067_0067,SEC_067,631.995
OHE_SEC_067_0068,SEC_067,632.045
OHE_SEC_067_0069,SEC_067,632.094
OHE_SEC_067_0070,SEC_067,632.144
OHE_SEC_067_0071,SEC_067,632.194
OHE_SEC_067_0072,SEC_067,632.244
OHE_SEC_067_0073,SEC_067,632.294
OHE_SEC_067_0074,SEC_067,632.344
OHE_SEC_067_0075,SEC_067,632.394
OHE_SEC_067_0076,SEC_067,632.444
OHE_SEC_067_0077,SEC_067,632.494
OHE_SEC_067_0078,SEC_067,632.544
OHE_SEC_067_0079,SEC_067,632.594
OHE_SEC_067_0080,SEC_067,632.644
OHE_SEC_067_0081,SEC_067,632.694
OHE_SEC_067_0082,SEC_067,632.744
OHE_SEC_067_0083,SEC_067,632.794
OHE_SEC_067_0084,SEC_067,632.843
OHE_SEC_067_0085,SEC_067,632.893
OHE_SEC_067_0086,SEC_067,632.943
OHE_SEC_067_0087,SEC_067,632.993
OHE_SEC_067_0088,SEC_067,633.043
OHE_SEC_067_0089,SEC_067,633.093
OHE_SEC_067_0090,SEC_067,633.143
OHE_SEC_067_0091,SEC_067,633.193
OHE_SEC_067_0092,SEC_067,633.243
OHE_SEC_067_0093,SEC_067,633.293
OHE_SEC_067_0094,SEC_067,633.343
OHE_SEC_067_0095,SEC_067,633.393
OHE_SEC_067_0096,SEC_067,633.443
OHE_SEC_067_0097,SEC_067,633.493
OHE_SEC_067_0098,SEC_067,633.543
OHE_SEC_067_0099,SEC_067,633.592
OHE_SEC_067_0100,SEC_067,633.642
OHE_SEC_067_0101,SEC_067,633.692
OHE_SEC_067_0102,SEC_067,633.742
OHE_SEC_067_0103,SEC_067,633.792
OHE_SEC_067_0104,SEC_067,633.842
OHE_SEC_067_0105,SEC_067,633.892
OHE_SEC_067_0106,SEC_067,633.942
OHE_SEC_067_0107,SEC_067,633.992
OHE_SEC_067_0108,SEC_067,634.042
OHE_SEC_067_0109,SEC_067,634.092
OHE_SEC_067_0110,SEC_067,634.142
OHE_SEC_067_0111,SEC_067,634.192
OHE_SEC_067_0112,SEC_067,634.242
OHE_SEC_067_0113,SEC_067,634.292
OHE_SEC_067_0114,SEC_067,634.341
OHE_SEC_067_0115,SEC_067,634.391
OHE_SEC_067_0116,SEC_067,634.441
OHE_SEC_067_0117,SEC_067,634.491
OHE_SEC_067_0118,SEC_067,634.541
OHE_SEC_067_0119,SEC_067,634.591
OHE_SEC_067_0120,SEC_067,634.641
OHE_SEC_067_0121,SEC_067,634.691
OHE_SEC_067_0122,SEC_067,634.741
OHE_SEC_067_0123,SEC_067,634.791
OHE_SEC_067_0124,SEC_067,634.841
OHE_SEC_067_0125,SEC_067,634.891
OHE_SEC_067_0126,SEC_067,634.941
OHE_SEC_067_0127,SEC_067,634.991
OHE_SEC_067_0128,SEC_067,635.041
OHE_SEC_067_0129,SEC_067,635.09
OHE_SEC_067_0130,SEC_067,635.14
OHE_SEC_067_0131,SEC_067,635.19
OHE_SEC_067_0132,SEC_067,635.24
OHE_SEC_067_0133,SEC_067,635.29
OHE_SEC_067_0134,SEC_067,635.34
OHE_SEC_067_0135,SEC_067,635.39
OHE_SEC_067_0136,SEC_067,635.44
OHE_SEC_067_0137,SEC_067,635.49
OHE_SEC_067_0138,SEC_067,635.54
OHE_SEC_067_0139,SEC_067,635.59
OHE_SEC_067_0140,SEC_067,635.64
OHE_SEC_067_0141,SEC_067,635.69
OHE_SEC_067_0142,SEC_067,635.74
OHE_SEC_067_0143,SEC_067,635.79
OHE_SEC_067_0144,SEC_067,635.839
OHE_SEC_067_0145,SEC_067,635.889
OHE_SEC_067_0146,SEC_067,635.939
OHE_SEC_067_0147,SEC_067,635.989
OHE_SEC_067_0148,SEC_067,636.039
OHE_SEC_067_0149,SEC_067,636.089
OHE_SEC_067_0150,SEC_067,636.139
OHE_SEC_067_0151,SEC_067,636.189
OHE_SEC_067_0152,SEC_067,636.239
OHE_SEC_067_0153,SEC_067,636.289
OHE_SEC_067_0154,SEC_067,636.339
OHE_SEC_067_0155,SEC_067,636.389
OHE_SEC_067_0156,SEC_067,636.439
OHE_SEC_067_0157,SEC_067,636.489
OHE_SEC_067_0158,SEC_067,636.539
OHE_SEC_067_0159,SEC_067,636.588
OHE_SEC_067_0160,SEC_067,636.638
OHE_SEC_067_0161,SEC_067,636.688
OHE_SEC_067_0162,SEC_067,636.738
OHE_SEC_067_0163,SEC_067,636.788
OHE_SEC_067_0164,SEC_067,636.838
OHE_SEC_067_0165,SEC_067,636.888
OHE_SEC_067_0166,SEC_067,636.938
OHE_SEC_067_0167,SEC_067,636.988
OHE_SEC_067_0168,SEC_067,637.038
OHE_SEC_067_0169,SEC_067,637.088
OHE_SEC_067_0170,SEC_067,637.138
OHE_SEC_067_0171,SEC_067,637.188
OHE_SEC_067_0172,SEC_067,637.238
OHE_SEC_067_0173,SEC_067,637.288
OHE_SEC_067_0174,SEC_067,637.337
OHE_SEC_067_0175,SEC_067,637.387
OHE_SEC_067_0176,SEC_067,637.437
OHE_SEC_067_0177,SEC_067,637.487
OHE_SEC_067_0178,SEC_067,637.537
OHE_SEC_067_0179,SEC_067,637.587
OHE_SEC_067_0180,SEC_067,637.637
OHE_SEC_067_0181,SEC_067,637.687
OHE_SEC_067_0182,SEC_067,637.737
OHE_SEC_067_0183,SEC_067,637.787
OHE_SEC_067_0184,SEC_067,637.837
OHE_SEC_067_0185,SEC_067,637.887
OHE_SEC_067_0186,SEC_067,637.937
OHE_SEC_067_0187,SEC_067,637.987
OHE_SEC_067_0188,SEC_067,638.037
OHE_SEC_067_0189,SEC_067,638.087
OHE_SEC_067_0190,SEC_067,638.136
OHE_SEC_067_0191,SEC_067,638.186
OHE_SEC_067_0192,SEC_067,638.236
OHE_SEC_067_0193,SEC_067,638.286
OHE_SEC_067_0194,SEC_067,638.336
OHE_SEC_067_0195,SEC_067,638.386
OHE_SEC_067_0196,SEC_067,638.436
OHE_SEC_067_0197,SEC_067,638.486
OHE_SEC_067_0198,SEC_067,638.536
OHE_SEC_067_0199,SEC_067,638.586
OHE_SEC_067_0200,SEC_067,638.636
OHE_SEC_067_0201,SEC_067,638.686
OHE_SEC_067_0202,SEC_067,638.736
OHE_SEC_067_0203,SEC_067,638.786
OHE_SEC_067_0204,SEC_067,638.836
OHE_SEC_067_0205,SEC_067,638.885
OHE_SEC_067_0206,SEC_067,638.935
OHE_SEC_067_0207,SEC_067,638.985
OHE_SEC_067_0208,SEC_067,639.035
OHE_SEC_067_0209,SEC_067,639.085
OHE_SEC_067_0210,SEC_067,639.135
OHE_SEC_067_0211,SEC_067,639.185
OHE_SEC_067_0212,SEC_067,639.235
OHE_SEC_067_0213,SEC_067,639.285
OHE_SEC_067_0214,SEC_067,639.335
OHE_SEC_067_0215,SEC_067,639.385
OHE_SEC_067_0216,SEC_067,639.435
OHE_SEC_067_0217,SEC_067,639.485
OHE_SEC_067_0218,SEC_067,639.535
OHE_SEC_067_0219,SEC_067,639.585
OHE_SEC_067_0220,SEC_067,639.634
OHE_SEC_067_0221,SEC_067,639.684
OHE_SEC_067_0222,SEC_067,639.734
OHE_SEC_067_0223,SEC_067,639.784
OHE_SEC_067_0224,SEC_067,639.834
OHE_SEC_067_0225,SEC_067,639.884
OHE_SEC_067_0226,SEC_067,639.934
OHE_SEC_067_0227,SEC_067,639.984
OHE_SEC_067_0228,SEC_067,640.034
OHE_SEC_067_0229,SEC_067,640.084
OHE_SEC_067_0230,SEC_067,640.134
OHE_SEC_067_0231,SEC_067,640.184
OHE_SEC_067_0232,SEC_067,640.234
OHE_SEC_067_0233,SEC_067,640.284
OHE_SEC_067_0234,SEC_067,640.334
OHE_SEC_067_0235,SEC_067,640.383
OHE_SEC_067_0236,SEC_067,640.433
OHE_SEC_067_0237,SEC_067,640.483
OHE_SEC_067_0238,SEC_067,640.533
OHE_SEC_067_0239,SEC_067,640.583
OHE_SEC_067_0240,SEC_067,640.633
OHE_SEC_067_0241,SEC_067,640.683
OHE_SEC_068_0001,SEC_068,640.783
OHE_SEC_068_0002,SEC_068,640.833
OHE_SEC_068_0003,SEC_068,640.883
OHE_SEC_068_0004,SEC_068,640.933
OHE_SEC_068_0005,SEC_068,640.983
OHE_SEC_068_0006,SEC_068,641.033
OHE_SEC_068_0007,SEC_068,641.083
OHE_SEC_068_0008,SEC_068,641.133
OHE_SEC_068_0009,SEC_068,641.183
OHE_SEC_068_0010,SEC_068,641.233
OHE_SEC_068_0011,SEC_068,641.283
OHE_SEC_068_0012,SEC_068,641.333
OHE_SEC_068_0013,SEC_068,641.383
OHE_SEC_068_0014,SEC_068,641.433
OHE_SEC_068_0015,SEC_068,641.482
OHE_SEC_068_0016,SEC_068,641.532
OHE_SEC_068_0017,SEC_068,641.582
OHE_SEC_068_0018,SEC_068,641.632
OHE_SEC_068_0019,SEC_068,641.682
OHE_SEC_068_0020,SEC_068,641.732
OHE_SEC_068_0021,SEC_068,641.782
OHE_SEC_068_0022,SEC_068,641.832
OHE_SEC_068_0023,SEC_068,641.882
OHE_SEC_068_0024,SEC_068,641.932
OHE_SEC_068_0025,SEC_068,641.982
OHE_SEC_068_0026,SEC_068,642.032
OHE_SEC_068_0027,SEC_068,642.082
OHE_SEC_068_0028,SEC_068,642.132
OHE_SEC_068_0029,SEC_068,642.182
OHE_SEC_068_0030,SEC_068,642.232
OHE_SEC_068_0031,SEC_068,642.282
OHE_SEC_068_0032,SEC_068,642.332
OHE_SEC_068_0033,SEC_068,642.382
OHE_SEC_068_0034,SEC_068,642.432
OHE_SEC_068_0035,SEC_068,642.482
OHE_SEC_068_0036,SEC_068,642.532
OHE_SEC_068_0037,SEC_068,642.582
OHE_SEC_068_0038,SEC_068,642.632
OHE_SEC_068_0039,SEC_068,642.682
OHE_SEC_068_0040,SEC_068,642.732
OHE_SEC_068_0041,SEC_068,642.782
OHE_SEC_068_0042,SEC_068,642.832
OHE_SEC_068_0043,SEC_068,642.882
OHE_SEC_068_0044,SEC_068,642.932
OHE_SEC_068_0045,SEC_068,642.981
OHE_SEC_068_0046,SEC_068,643.031
OHE_SEC_068_0047,SEC_068,643.081
OHE_SEC_068_0048,SEC_068,643.131
OHE_SEC_068_0049,SEC_068,643.181
OHE_SEC_068_0050,SEC_068,643.231
OHE_SEC_068_0051,SEC_068,643.281
OHE_SEC_068_0052,SEC_068,643.331
OHE_SEC_068_0053,SEC_068,643.381
OHE_SEC_068_0054,SEC_068,643.431
OHE_SEC_068_0055,SEC_068,643.481
OHE_SEC_068_0056,SEC_068,643.531
OHE_SEC_068_0057,SEC_068,643.581
OHE_SEC_068_0058,SEC_068,643.631
OHE_SEC_068_0059,SEC_068,643.681
OHE_SEC_068_0060,SEC_068,643.731
OHE_SEC_068_0061,SEC_068,643.781
OHE_SEC_068_0062,SEC_068,643.831
OHE_SEC_068_0063,SEC_068,643.881
OHE_SEC_068_0064,SEC_068,643.931
OHE_SEC_068_0065,SEC_068,643.981
OHE_SEC_068_0066,SEC_068,644.031
OHE_SEC_068_0067,SEC_068,644.081
OHE_SEC_068_0068,SEC_068,644.131
OHE_SEC_068_0069,SEC_068,644.181
OHE_SEC_068_0070,SEC_068,644.231
OHE_SEC_068_0071,SEC_068,644.281
OHE_SEC_068_0072,SEC_068,644.331
OHE_SEC_068_0073,SEC_068,644.381
OHE_SEC_068_0074,SEC_068,644.431
OHE_SEC_068_0075,SEC_068,644.48
OHE_SEC_068_0076,SEC_068,644.53
OHE_SEC_068_0077,SEC_068,644.58
OHE_SEC_068_0078,SEC_068,644.63
OHE_SEC_068_0079,SEC_068,644.68
OHE_SEC_068_0080,SEC_068,644.73
OHE_SEC_068_0081,SEC_068,644.78
OHE_SEC_068_0082,SEC_068,644.83
OHE_SEC_068_0083,SEC_068,644.88
OHE_SEC_068_0084,SEC_068,644.93
OHE_SEC_068_0085,SEC_068,644.98
OHE_SEC_068_0086,SEC_068,645.03
OHE_SEC_068_0087,SEC_068,645.08
OHE_SEC_068_0088,SEC_068,645.13
OHE_SEC_068_0089,SEC_068,645.18
OHE_SEC_068_0090,SEC_068,645.23
OHE_SEC_068_0091,SEC_068,645.28
OHE_SEC_068_0092,SEC_068,645.33
OHE_SEC_068_0093,SEC_068,645.38
OHE_SEC_068_0094,SEC_068,645.43
OHE_SEC_068_0095,SEC_068,645.48
OHE_SEC_068_0096,SEC_068,645.53
OHE_SEC_068_0097,SEC_068,645.58
OHE_SEC_068_0098,SEC_068,645.63
OHE_SEC_068_0099,SEC_068,645.68
OHE_SEC_068_0100,SEC_068,645.73
OHE_SEC_068_0101,SEC_068,645.78
OHE_SEC_068_0102,SEC_068,645.83
OHE_SEC_068_0103,SEC_068,645.88
OHE_SEC_068_0104,SEC_068,645.93
OHE_SEC_068_0105,SEC_068,645.979
OHE_SEC_068_0106,SEC_068,646.029
OHE_SEC_068_0107,SEC_068,646.079
OHE_SEC_068_0108,SEC_068,646.129
OHE_SEC_068_0109,SEC_068,646.179
OHE_SEC_068_0110,SEC_068,646.229
OHE_SEC_068_0111,SEC_068,646.279
OHE_SEC_068_0112,SEC_068,646.329
OHE_SEC_068_0113,SEC_068,646.379
OHE_SEC_068_0114,SEC_068,646.429
OHE_SEC_068_0115,SEC_068,646.479
OHE_SEC_068_0116,SEC_068,646.529
OHE_SEC_068_0117,SEC_068,646.579
OHE_SEC_068_0118,SEC_068,646.629
OHE_SEC_068_0119,SEC_068,646.679
OHE_SEC_068_0120,SEC_068,646.729
OHE_SEC_068_0121,SEC_068,646.779
OHE_SEC_068_0122,SEC_068,646.829
OHE_SEC_068_0123,SEC_068,646.879
OHE_SEC_068_0124,SEC_068,646.929
OHE_SEC_068_0125,SEC_068,646.979
OHE_SEC_068_0126,SEC_068,647.029
OHE_SEC_068_0127,SEC_068,647.079
OHE_SEC_068_0128,SEC_068,647.129
OHE_SEC_068_0129,SEC_068,647.179
OHE_SEC_068_0130,SEC_068,647.229
OHE_SEC_068_0131,SEC_068,647.279
OHE_SEC_068_0132,SEC_068,647.329
OHE_SEC_068_0133,SEC_068,647.379
OHE_SEC_068_0134,SEC_068,647.429
OHE_SEC_068_0135,SEC_068,647.478
OHE_SEC_068_0136,SEC_068,647.528
OHE_SEC_068_0137,SEC_068,647.578
OHE_SEC_068_0138,SEC_068,647.628
OHE_SEC_068_0139,SEC_068,647.678
OHE_SEC_068_0140,SEC_068,647.728
OHE_SEC_068_0141,SEC_068,647.778
OHE_SEC_068_0142,SEC_068,647.828
OHE_SEC_068_0143,SEC_068,647.878
OHE_SEC_068_0144,SEC_068,647.928
OHE_SEC_068_0145,SEC_068,647.978
OHE_SEC_068_0146,SEC_068,648.028
OHE_SEC_068_0147,SEC_068,648.078
OHE_SEC_068_0148,SEC_068,648.128
OHE_SEC_068_0149,SEC_068,648.178
