{
  "type": "FeatureCollection",
  "name": "chennai_thoothukudi_sections_geometry",
  "crs": {
    "type": "name",
    "properties": {
      "name": "urn:ogc:def:crs:OGC:1.3:CRS84"
    }
  },
  "features": [
    {
      "type": "Feature",
      "geometry": {
        "type": "LineString",
        "coordinates": [
          [
            80.261257,
            13.077749
          ],
          [
            80.259245,
            13.0780831
          ],
          [
            80.2574136,
            13.0776438
          ],
          [
            80.2555108,
            13.0772371
          ],
          [
            80.2529181,
            13.0767663
          ],
          [
            80.2509384,
            13.0764372
          ],
          [
            80.2311058,
            13.0533196
          ],
          [
            80.230801,
            13.0512832
          ],
          [
            80.2304412,
            13.0488452
          ],
          [
            80.2299599,
            13.04574
          ],
          [
            80.2294878,
            13.043754
          ],
          [
            80.2288218,
            13.0413126
          ],
          [
            80.2280439,
            13.0393969
          ],
          [
            80.227775,
            13.038066
          ]
        ]
      },
      "properties": {
        "section_id": "SEC_001",
        "from_station": "MS",
        "to_station": "MBM",
        "start_km": 0.0,
        "end_km": 6.229,
        "length_km": 6.229
      }
    },
    {
      "type": "Feature",
      "geometry": {
        "type": "LineString",
        "coordinates": [
          [
            80.227775,
            13.038066
          ],
          [
            80.2272132,
            13.035407
          ],
          [
            80.2252861,
            13.0283637
          ],
          [
            80.2248086,
            13.0266075
          ],
          [
            80.2243495,
            13.0248616
          ],
          [
            80.2237129,
            13.0225323
          ],
          [
            80.2224979,
            13.0201145
          ],
          [
            80.220834,
            13.0167551
          ],
          [
            80.2195218,
            13.0141275
          ],
          [
            80.2182399,
            13.0125829
          ],
          [
            80.2160746,
            13.0109292
          ],
          [
            80.2144052,
            13.0097185
          ],
          [
            80.212606,
            13.008669
          ]
        ]
      },
      "properties": {
        "section_id": "SEC_002",
        "from_station": "MBM",
        "to_station": "GDY",
        "start_km": 6.229,
        "end_km": 10.022,
        "length_km": 3.793
      }
    },
    {
      "type": "Feature",
      "geometry": {
        "type": "LineString",
        "coordinates": [
          [
            80.212606,
            13.008669
          ],
          [
            80.2112606,
            13.0074173
          ],
          [
            80.2101935,
            13.0053676
          ],
          [
            80.2089014,
            13.0031915
          ],
          [
            80.2081029,
            13.0014907
          ],
          [
            80.2072346,
            12.9998541
          ],
          [
            80.2056215,
            12.9977894
          ],
          [
            80.2037747,
            12.9965782
          ],
          [
            80.2019825,
            12.995785
          ],
          [
            80.2001448,
            12.9949727
          ],
          [
            80.199371,
            12.994765
          ]
        ]
      },
      "properties": {
        "section_id": "SEC_003",
        "from_station": "GDY",
        "to_station": "STM",
        "start_km": 10.022,
        "end_km": 12.22,
        "length_km": 2.198
      }
    },
    {
      "type": "Feature",
      "geometry": {
        "type": "LineString",
        "coordinates": [
          [
            80.199371,
            12.994765
          ],
          [
            80.1975338,
            12.9940557
          ],
          [
            80.1956659,
            12.9931385
          ],
          [
            80.1955238,
            12.9901719
          ],
          [
            80.195463,
            12.9881857
          ],
          [
            80.195933,
            12.9862381
          ],
          [
            80.1932592,
            12.9925078
          ],
          [
            80.1914774,
            12.9917894
          ],
          [
            80.1896965,
            12.9913039
          ],
          [
            80.18794,
            12.990638
          ]
        ]
      },
      "properties": {
        "section_id": "SEC_004",
        "from_station": "STM",
        "to_station": "PZA",
        "start_km": 12.22,
        "end_km": 14.803,
        "length_km": 2.583
      }
    },
    {
      "type": "Feature",
      "geometry": {
        "type": "LineString",
        "coordinates": [
          [
            80.18794,
            12.990638
          ],
          [
            80.1862204,
            12.9899741
          ],
          [
            80.1843815,
            12.9888797
          ],
          [
            80.182539,
            12.9879606
          ],
          [
            80.1800939,
            12.9868478
          ],
          [
            80.1779962,
            12.9858285
          ],
          [
            80.1759616,
            12.985189
          ],
          [
            80.175093,
            12.984698
          ]
        ]
      },
      "properties": {
        "section_id": "SEC_005",
        "from_station": "PZA",
        "to_station": "MN",
        "start_km": 14.803,
        "end_km": 16.348,
        "length_km": 1.545
      }
    },
    {
      "type": "Feature",
      "geometry": {
        "type": "LineString",
        "coordinates": [
          [
            80.175093,
            12.984698
          ],
          [
            80.1734,
            12.9839553
          ],
          [
            80.1716131,
            12.982799
          ],
          [
            80.1696728,
            12.9819789
          ],
          [
            80.1679807,
            12.9812556
          ],
          [
            80.165793,
            12.980461
          ]
        ]
      },
      "properties": {
        "section_id": "SEC_006",
        "from_station": "MN",
        "to_station": "TLM",
        "start_km": 16.348,
        "end_km": 17.464,
        "length_km": 1.116
      }
    },
    {
      "type": "Feature",
      "geometry": {
        "type": "LineString",
        "coordinates": [
          [
            80.165793,
            12.980461
          ],
          [
            80.164138,
            12.9792322
          ],
          [
            80.1625935,
            12.9777939
          ],
          [
            80.1605539,
            12.9759785
          ],
          [
            80.1587281,
            12.9743834
          ],
          [
            80.1572823,
            12.9729756
          ],
          [
            80.155398,
            12.9713387
          ],
          [
            80.1540399,
            12.9700138
          ],
          [
            80.1528707,
            12.9685994
          ],
          [
            80.15205,
            12.967574
          ]
        ]
      },
      "properties": {
        "section_id": "SEC_007",
        "from_station": "TLM",
        "to_station": "PV",
        "start_km": 17.464,
        "end_km": 19.536,
        "length_km": 2.072
      }
    },
    {
      "type": "Feature",
      "geometry": {
        "type": "LineString",
        "coordinates": [
          [
            80.15205,
            12.967574
          ],
          [
            80.1508617,
            12.9655811
          ],
          [
            80.149491,
            12.9636866
          ],
          [
            80.1479671,
            12.9616525
          ],
          [
            80.146524,
            12.9596085
          ],
          [
            80.1453391,
            12.957716
          ],
          [
            80.1441675,
            12.9559495
          ],
          [
            80.1421139,
            12.9533119
          ],
          [
            80.141168,
            12.95219
          ]
        ]
      },
      "properties": {
        "section_id": "SEC_008",
        "from_station": "PV",
        "to_station": "CMP",
        "start_km": 19.536,
        "end_km": 21.616,
        "length_km": 2.08
      }
    },
    {
      "type": "Feature",
      "geometry": {
        "type": "LineString",
        "coordinates": [
          [
            80.141168,
            12.95219
          ],
          [
            80.1400869,
            12.9502789
          ],
          [
            80.1385009,
            12.9478456
          ],
          [
            80.137166,
            12.9460887
          ],
          [
            80.1358275,
            12.9441951
          ],
          [
            80.1334216,
            12.9405927
          ],
          [
            80.1322422,
            12.9387906
          ],
          [
            80.130703,
            12.936959
          ]
        ]
      },
      "properties": {
        "section_id": "SEC_009",
        "from_station": "CMP",
        "to_station": "TBMS",
        "start_km": 21.616,
        "end_km": 23.657,
        "length_km": 2.041
      }
    },
    {
      "type": "Feature",
      "geometry": {
        "type": "LineString",
        "coordinates": [
          [
            80.130703,
            12.936959
          ],
          [
            80.1295634,
            12.9352091
          ],
          [
            80.1282926,
            12.9334894
          ],
          [
            80.1265016,
            12.9321137
          ],
          [
            80.1249959,
            12.9309536
          ],
          [
            80.1239037,
            12.9293962
          ],
          [
            80.1220757,
            12.9286566
          ],
          [
            80.1204743,
            12.9275512
          ],
          [
            80.1194553,
            12.9256959
          ],
          [
            80.117919,
            12.925792
          ]
        ]
      },
      "properties": {
        "section_id": "SEC_010",
        "from_station": "TBMS",
        "to_station": "TBM",
        "start_km": 23.657,
        "end_km": 25.616,
        "length_km": 1.959
      }
    },
    {
      "type": "Feature",
      "geometry": {
        "type": "LineString",
        "coordinates": [
          [
            80.117919,
            12.925792
          ],
          [
            80.1169589,
            12.9241914
          ],
          [
            80.115314,
            12.9232815
          ],
          [
            80.1128093,
            12.9211893
          ],
          [
            80.111226,
            12.9198901
          ],
          [
            80.1087134,
            12.9178676
          ],
          [
            80.1057384,
            12.9155131
          ],
          [
            80.1037582,
            12.9139171
          ],
          [
            80.1020799,
            12.9124857
          ],
          [
            80.0999495,
            12.9106898
          ],
          [
            80.0981263,
            12.9091758
          ],
          [
            80.0968499,
            12.9077029
          ],
          [
            80.0955919,
            12.9061403
          ],
          [
            80.095046,
            12.905243
          ]
        ]
      },
      "properties": {
        "section_id": "SEC_011",
        "from_station": "TBM",
        "to_station": "PRGL",
        "start_km": 25.616,
        "end_km": 29.014,
        "length_km": 3.398
      }
    },
    {
      "type": "Feature",
      "geometry": {
        "type": "LineString",
        "coordinates": [
          [
            80.095046,
            12.905243
          ],
          [
            80.0937707,
            12.9035929
          ],
          [
            80.0919036,
            12.9012969
          ],
          [
            80.0907502,
            12.8996696
          ],
          [
            80.0896185,
            12.8981107
          ],
          [
            80.0879232,
            12.8960612
          ],
          [
            80.0868801,
            12.8945261
          ],
          [
            80.0856227,
            12.8930767
          ],
          [
            80.084974,
            12.891606
          ]
        ]
      },
      "properties": {
        "section_id": "SEC_012",
        "from_station": "PRGL",
        "to_station": "VDR",
        "start_km": 29.014,
        "end_km": 30.888,
        "length_km": 1.874
      }
    },
    {
      "type": "Feature",
      "geometry": {
        "type": "LineString",
        "coordinates": [
          [
            80.084974,
            12.891606
          ],
          [
            80.0836584,
            12.8902094
          ],
          [
            80.0807892,
            12.8838155
          ],
          [
            80.0794681,
            12.8809843
          ],
          [
            80.0774701,
            12.8766543
          ],
          [
            80.0765586,
            12.8747372
          ],
          [
            80.0753693,
            12.8726824
          ],
          [
            80.0738648,
            12.8702685
          ],
          [
            80.0725899,
            12.8681061
          ],
          [
            80.072022,
            12.867366
          ]
        ]
      },
      "properties": {
        "section_id": "SEC_013",
        "from_station": "VDR",
        "to_station": "UPM",
        "start_km": 30.888,
        "end_km": 33.94,
        "length_km": 3.052
      }
    },
    {
      "type": "Feature",
      "geometry": {
        "type": "LineString",
        "coordinates": [
          [
            80.072022,
            12.867366
          ],
          [
            80.0706103,
            12.8652985
          ],
          [
            80.0690307,
            12.8628973
          ],
          [
            80.0667477,
            12.859315
          ],
          [
            80.0650838,
            12.8568004
          ],
          [
            80.0639379,
            12.8551394
          ],
          [
            80.062819,
            12.8535278
          ],
          [
            80.0615246,
            12.851347
          ],
          [
            80.0604578,
            12.8497329
          ],
          [
            80.0593734,
            12.8482759
          ],
          [
            80.0582407,
            12.8461838
          ],
          [
            80.05765,
            12.84523
          ]
        ]
      },
      "properties": {
        "section_id": "SEC_014",
        "from_station": "UPM",
        "to_station": "GI",
        "start_km": 33.94,
        "end_km": 36.855,
        "length_km": 2.915
      }
    },
    {
      "type": "Feature",
      "geometry": {
        "type": "LineString",
        "coordinates": [
          [
            80.05765,
            12.84523
          ],
          [
            80.0561364,
            12.8437649
          ],
          [
            80.0547865,
            12.8424718
          ],
          [
            80.053246,
            12.84125
          ],
          [
            80.0518671,
            12.83983
          ],
          [
            80.0497903,
            12.8375726
          ],
          [
            80.0464384,
            12.8343205
          ],
          [
            80.0450527,
            12.832856
          ],
          [
            80.0439787,
            12.831292
          ],
          [
            80.0419533,
            12.8284323
          ],
          [
            80.0389324,
            12.8240916
          ],
          [
            80.0372337,
            12.8217712
          ],
          [
            80.0358679,
            12.8195248
          ],
          [
            80.0324851,
            12.8146716
          ],
          [
            80.0313502,
            12.8131531
          ],
          [
            80.0291918,
            12.8099084
          ],
          [
            80.0279347,
            12.8080666
          ],
          [
            80.026634,
            12.805558
          ]
        ]
      },
      "properties": {
        "section_id": "SEC_015",
        "from_station": "GI",
        "to_station": "CTM",
        "start_km": 36.855,
        "end_km": 42.432,
        "length_km": 5.577
      }
    },
    {
      "type": "Feature",
      "geometry": {
        "type": "LineString",
        "coordinates": [
          [
            80.026634,
            12.805558
          ],
          [
            80.0249336,
            12.803634
          ],
          [
            80.0222137,
            12.7999058
          ],
          [
            80.0200559,
            12.7968112
          ],
          [
            80.0189883,
            12.7951528
          ],
          [
            80.0178766,
            12.7936828
          ],
          [
            80.0166921,
            12.7918883
          ],
          [
            80.015729,
            12.7903193
          ],
          [
            80.014861,
            12.7885696
          ],
          [
            80.0141435,
            12.7866737
          ],
          [
            80.0133273,
            12.7848744
          ],
          [
            80.0123485,
            12.7830336
          ],
          [
            80.0117056,
            12.7811888
          ],
          [
            80.0107579,
            12.7794537
          ],
          [
            80.0096216,
            12.7766631
          ],
          [
            80.0088071,
            12.7748103
          ],
          [
            80.0079373,
            12.7728953
          ],
          [
            80.0070582,
            12.7712502
          ],
          [
            80.0060008,
            12.7692854
          ],
          [
            80.0046327,
            12.7674579
          ],
          [
            80.0033346,
            12.7655944
          ],
          [
            80.0022358,
            12.7640072
          ],
          [
            80.00078,
            12.761923
          ]
        ]
      },
      "properties": {
        "section_id": "SEC_016",
        "from_station": "CTM",
        "to_station": "SKL",
        "start_km": 42.432,
        "end_km": 48.066,
        "length_km": 5.634
      }
    },
    {
      "type": "Feature",
      "geometry": {
        "type": "LineString",
        "coordinates": [
          [
            80.00078,
            12.761923
          ],
          [
            79.9989787,
            12.7600512
          ],
          [
            79.9974501,
            12.7580843
          ],
          [
            79.9964862,
            12.7565371
          ],
          [
            79.9952119,
            12.7551412
          ],
          [
            79.9939389,
            12.7531554
          ],
          [
            79.9927657,
            12.7515586
          ],
          [
            79.9916542,
            12.750068
          ],
          [
            79.9900073,
            12.7481093
          ],
          [
            79.9890066,
            12.7465409
          ],
          [
            79.9839361,
            12.7305342
          ],
          [
            79.9836793,
            12.7285331
          ],
          [
            79.9833266,
            12.7263896
          ],
          [
            79.9830105,
            12.7242213
          ],
          [
            79.9827031,
            12.7224141
          ],
          [
            79.9825153,
            12.7200028
          ],
          [
            79.9821902,
            12.7178785
          ],
          [
            79.9817072,
            12.7161278
          ],
          [
            79.9807183,
            12.7142149
          ],
          [
            79.9796668,
            12.7121274
          ],
          [
            79.9786285,
            12.7102815
          ],
          [
            79.978329,
            12.7074921
          ],
          [
            79.9782104,
            12.705257
          ],
          [
            79.9776649,
            12.7028519
          ],
          [
            79.9773559,
            12.7008314
          ],
          [
            79.9770711,
            12.6989425
          ],
          [
            79.9779823,
            12.697362
          ],
          [
            79.9795201,
            12.6958132
          ],
          [
            79.980516,
            12.693465
          ]
        ]
      },
      "properties": {
        "section_id": "SEC_017",
        "from_station": "SKL",
        "to_station": "CGL",
        "start_km": 48.066,
        "end_km": 56.42,
        "length_km": 8.354
      }
    },
    {
      "type": "Feature",
      "geometry": {
        "type": "LineString",
        "coordinates": [
          [
            79.980516,
            12.693465
          ],
          [
            79.9822927,
            12.6917637
          ],
          [
            79.9828532,
            12.6899503
          ],
          [
            79.9841078,
            12.6876808
          ],
          [
            79.9846201,
            12.6855056
          ],
          [
            79.9851419,
            12.6833374
          ],
          [
            79.9855972,
            12.681386
          ],
          [
            79.986124,
            12.6794025
          ],
          [
            79.9866095,
            12.6770666
          ],
          [
            79.9820422,
            12.6293191
          ],
          [
            79.9803212,
            12.6276786
          ],
          [
            79.9786958,
            12.626171
          ],
          [
            79.9769416,
            12.6245587
          ],
          [
            79.975262,
            12.622725
          ]
        ]
      },
      "properties": {
        "section_id": "SEC_018",
        "from_station": "CGL",
        "to_station": "OV",
        "start_km": 56.42,
        "end_km": 64.77,
        "length_km": 8.35
      }
    },
    {
      "type": "Feature",
      "geometry": {
        "type": "LineString",
        "coordinates": [
          [
            79.975262,
            12.622725
          ],
          [
            79.973951,
            12.6203186
          ],
          [
            79.9730417,
            12.6179603
          ],
          [
            79.9723577,
            12.6161438
          ],
          [
            79.9707618,
            12.6119296
          ],
          [
            79.9693322,
            12.6081421
          ],
          [
            79.9685383,
            12.6061868
          ],
          [
            79.9674627,
            12.6046581
          ],
          [
            79.9658883,
            12.6029908
          ],
          [
            79.9640885,
            12.6014948
          ],
          [
            79.9623068,
            12.5999655
          ],
          [
            79.9591514,
            12.597405
          ],
          [
            79.9542363,
            12.5931926
          ],
          [
            79.9528272,
            12.591964
          ],
          [
            79.9513798,
            12.590675
          ],
          [
            79.9495401,
            12.5891202
          ],
          [
            79.9481808,
            12.5878771
          ],
          [
            79.9470605,
            12.5863045
          ],
          [
            79.9458974,
            12.5846037
          ],
          [
            79.9445148,
            12.5818584
          ],
          [
            79.9435195,
            12.5796084
          ],
          [
            79.9424827,
            12.5772621
          ],
          [
            79.9411813,
            12.5743136
          ],
          [
            79.9402713,
            12.5722398
          ],
          [
            79.9395847,
            12.5704333
          ],
          [
            79.9386706,
            12.5685452
          ],
          [
            79.9376874,
            12.5663327
          ],
          [
            79.9369225,
            12.5644362
          ],
          [
            79.9359742,
            12.562501
          ],
          [
            79.9351191,
            12.5605425
          ],
          [
            79.9337616,
            12.557324
          ],
          [
            79.9326865,
            12.5550666
          ],
          [
            79.9317138,
            12.5531767
          ],
          [
            79.9297509,
            12.5509165
          ],
          [
            79.9269185,
            12.5480407
          ],
          [
            79.9249629,
            12.545883
          ],
          [
            79.91926,
            12.5400267
          ],
          [
            79.9165288,
            12.5371751
          ],
          [
            79.9143265,
            12.5348571
          ],
          [
            79.911518,
            12.532107
          ]
        ]
      },
      "properties": {
        "section_id": "SEC_019",
        "from_station": "OV",
        "to_station": "KGZ",
        "start_km": 64.77,
        "end_km": 77.232,
        "length_km": 12.462
      }
    },
    {
      "type": "Feature",
      "geometry": {
        "type": "LineString",
        "coordinates": [
          [
            79.911518,
            12.532107
          ],
          [
            79.9098171,
            12.5301667
          ],
          [
            79.9084593,
            12.5286368
          ],
          [
            79.9058673,
            12.5259316
          ],
          [
            79.9042878,
            12.524275
          ],
          [
            79.90302,
            12.522498
          ],
          [
            79.9020731,
            12.5205577
          ],
          [
            79.9011019,
            12.5188557
          ],
          [
            79.9002251,
            12.5168474
          ],
          [
            79.8989508,
            12.5142165
          ],
          [
            79.8976743,
            12.5116392
          ],
          [
            79.8966904,
            12.5097144
          ],
          [
            79.8960169,
            12.5080111
          ],
          [
            79.894869,
            12.5061459
          ],
          [
            79.893334,
            12.504743
          ]
        ]
      },
      "properties": {
        "section_id": "SEC_020",
        "from_station": "KGZ",
        "to_station": "MMK",
        "start_km": 77.232,
        "end_km": 80.898,
        "length_km": 3.666
      }
    },
    {
      "type": "Feature",
      "geometry": {
        "type": "LineString",
        "coordinates": [
          [
            79.893334,
            12.504743
          ],
          [
            79.8914959,
            12.5034107
          ],
          [
            79.8883592,
            12.5015068
          ],
          [
            79.8866516,
            12.5004743
          ],
          [
            79.8843389,
            12.499073
          ],
          [
            79.8817293,
            12.4974936
          ],
          [
            79.8798269,
            12.4963571
          ],
          [
            79.8772708,
            12.4948163
          ],
          [
            79.8455772,
            12.4557989
          ],
          [
            79.8446525,
            12.4525195
          ],
          [
            79.8436983,
            12.449258
          ],
          [
            79.8428339,
            12.4474175
          ],
          [
            79.8405433,
            12.4428365
          ],
          [
            79.8386632,
            12.4391907
          ],
          [
            79.8375224,
            12.4369946
          ],
          [
            79.8366194,
            12.4353732
          ],
          [
            79.8354989,
            12.4331248
          ],
          [
            79.8345188,
            12.4311775
          ],
          [
            79.832866,
            12.428675
          ]
        ]
      },
      "properties": {
        "section_id": "SEC_021",
        "from_station": "MMK",
        "to_station": "MLMR",
        "start_km": 80.898,
        "end_km": 91.831,
        "length_km": 10.933
      }
    },
    {
      "type": "Feature",
      "geometry": {
        "type": "LineString",
        "coordinates": [
          [
            79.832866,
            12.428675
          ],
          [
            79.8318815,
            12.4258627
          ],
          [
            79.8307505,
            12.4236894
          ],
          [
            79.8298409,
            12.421937
          ],
          [
            79.8270438,
            12.4168555
          ],
          [
            79.8256543,
            12.4139345
          ],
          [
            79.8239192,
            12.4105826
          ],
          [
            79.8226557,
            12.4083105
          ],
          [
            79.8208228,
            12.4046225
          ],
          [
            79.8194236,
            12.4021048
          ],
          [
            79.8183948,
            12.3999775
          ],
          [
            79.8172705,
            12.3985166
          ],
          [
            79.8159715,
            12.397232
          ],
          [
            79.8132783,
            12.3946982
          ],
          [
            79.8116405,
            12.3932642
          ],
          [
            79.8088912,
            12.3907466
          ],
          [
            79.8072551,
            12.3892355
          ],
          [
            79.8023252,
            12.3847657
          ],
          [
            79.8010048,
            12.3834837
          ],
          [
            79.7976789,
            12.3805496
          ],
          [
            79.7954021,
            12.3784014
          ],
          [
            79.7923708,
            12.3756661
          ],
          [
            79.7899353,
            12.3734733
          ],
          [
            79.7863144,
            12.3701538
          ],
          [
            79.784737,
            12.368915
          ]
        ]
      },
      "properties": {
        "section_id": "SEC_022",
        "from_station": "MLMR",
        "to_station": "TZD",
        "start_km": 91.831,
        "end_km": 100.425,
        "length_km": 8.594
      }
    },
    {
      "type": "Feature",
      "geometry": {
        "type": "LineString",
        "coordinates": [
          [
            79.784737,
            12.368915
          ],
          [
            79.7834438,
            12.3675237
          ],
          [
            79.7817942,
            12.3660181
          ],
          [
            79.7799042,
            12.3642964
          ],
          [
            79.7782339,
            12.3626908
          ],
          [
            79.7769208,
            12.3613289
          ],
          [
            79.7753517,
            12.3592657
          ],
          [
            79.7738246,
            12.3573274
          ],
          [
            79.7725761,
            12.3557786
          ],
          [
            79.7705701,
            12.3539244
          ],
          [
            79.7683393,
            12.35184
          ],
          [
            79.7659608,
            12.3495694
          ],
          [
            79.7643699,
            12.3480499
          ],
          [
            79.7618335,
            12.3456393
          ],
          [
            79.759256,
            12.3432341
          ],
          [
            79.7572637,
            12.3413266
          ],
          [
            79.7512472,
            12.3355972
          ],
          [
            79.750512,
            12.334797
          ]
        ]
      },
      "properties": {
        "section_id": "SEC_023",
        "from_station": "TZD",
        "to_station": "KSGL",
        "start_km": 100.425,
        "end_km": 105.744,
        "length_km": 5.319
      }
    },
    {
      "type": "Feature",
      "geometry": {
        "type": "LineString",
        "coordinates": [
          [
            79.750512,
            12.334797
          ],
          [
            79.7475014,
            12.3320328
          ],
          [
            79.7452171,
            12.3298365
          ],
          [
            79.7419826,
            12.3268267
          ],
          [
            79.7375485,
            12.3226373
          ],
          [
            79.7358215,
            12.321005
          ],
          [
            79.7337849,
            12.3190589
          ],
          [
            79.7320101,
            12.3173849
          ],
          [
            79.7306686,
            12.3161057
          ],
          [
            79.7287248,
            12.314274
          ],
          [
            79.7272342,
            12.3129329
          ],
          [
            79.7254631,
            12.3108272
          ],
          [
            79.724347,
            12.3093527
          ],
          [
            79.7228708,
            12.3076988
          ],
          [
            79.7214105,
            12.3059192
          ],
          [
            79.720936,
            12.304935
          ]
        ]
      },
      "properties": {
        "section_id": "SEC_024",
        "from_station": "KSGL",
        "to_station": "OLA",
        "start_km": 105.744,
        "end_km": 110.378,
        "length_km": 4.634
      }
    },
    {
      "type": "Feature",
      "geometry": {
        "type": "LineString",
        "coordinates": [
          [
            79.720936,
            12.304935
          ],
          [
            79.7188066,
            12.3024998
          ],
          [
            79.7173391,
            12.3009132
          ],
          [
            79.7156668,
            12.2988705
          ],
          [
            79.7145214,
            12.2973135
          ],
          [
            79.7130833,
            12.2956822
          ],
          [
            79.7105366,
            12.2924753
          ],
          [
            79.7085624,
            12.2900398
          ],
          [
            79.7072331,
            12.2884966
          ],
          [
            79.7060844,
            12.287074
          ],
          [
            79.7034289,
            12.2847822
          ],
          [
            79.6988444,
            12.2809993
          ],
          [
            79.6959984,
            12.278695
          ],
          [
            79.6934531,
            12.2764187
          ],
          [
            79.6917848,
            12.2750226
          ],
          [
            79.6889535,
            12.2728781
          ],
          [
            79.68521,
            12.2697122
          ],
          [
            79.6821819,
            12.2672869
          ],
          [
            79.6759693,
            12.2620758
          ],
          [
            79.6725948,
            12.2592773
          ],
          [
            79.6703539,
            12.25743
          ],
          [
            79.6672167,
            12.2548729
          ],
          [
            79.6641752,
            12.2524269
          ],
          [
            79.6627343,
            12.2510794
          ],
          [
            79.6614529,
            12.2495335
          ],
          [
            79.6605634,
            12.2476897
          ],
          [
            79.6586816,
            12.2439249
          ],
          [
            79.6568581,
            12.2403677
          ],
          [
            79.655458,
            12.2376028
          ],
          [
            79.6544773,
            12.2356622
          ],
          [
            79.6534615,
            12.2338672
          ],
          [
            79.651531,
            12.229161
          ]
        ]
      },
      "properties": {
        "section_id": "SEC_025",
        "from_station": "OLA",
        "to_station": "TMV",
        "start_km": 110.378,
        "end_km": 121.852,
        "length_km": 11.474
      }
    },
    {
      "type": "Feature",
      "geometry": {
        "type": "LineString",
        "coordinates": [
          [
            79.651531,
            12.229161
          ],
          [
            79.6503133,
            12.2276168
          ],
          [
            79.6491292,
            12.226208
          ],
          [
            79.6477234,
            12.2249957
          ],
          [
            79.6451734,
            12.2228613
          ],
          [
            79.6435271,
            12.2214778
          ],
          [
            79.6410476,
            12.2193102
          ],
          [
            79.6393239,
            12.2179792
          ],
          [
            79.6363188,
            12.2153717
          ],
          [
            79.6345558,
            12.2139458
          ],
          [
            79.6329761,
            12.2126423
          ],
          [
            79.6315182,
            12.21117
          ],
          [
            79.6303929,
            12.209705
          ],
          [
            79.6292992,
            12.2079974
          ],
          [
            79.6282699,
            12.2060906
          ],
          [
            79.6272714,
            12.2045355
          ],
          [
            79.6262043,
            12.202709
          ],
          [
            79.6250564,
            12.2005446
          ],
          [
            79.6240135,
            12.1988507
          ],
          [
            79.6230378,
            12.1972081
          ],
          [
            79.6220943,
            12.1955355
          ],
          [
            79.6210159,
            12.1937461
          ],
          [
            79.6201099,
            12.192153
          ],
          [
            79.6191033,
            12.1904227
          ],
          [
            79.6177863,
            12.1881339
          ],
          [
            79.6165848,
            12.1858922
          ],
          [
            79.6155601,
            12.1842851
          ],
          [
            79.6143588,
            12.1820814
          ],
          [
            79.6134116,
            12.1805333
          ],
          [
            79.6122047,
            12.1784489
          ],
          [
            79.6113038,
            12.176753
          ],
          [
            79.6100187,
            12.1746656
          ],
          [
            79.608758,
            12.1724449
          ],
          [
            79.6078565,
            12.1707657
          ],
          [
            79.606564,
            12.1686221
          ],
          [
            79.6054759,
            12.1665647
          ],
          [
            79.6044774,
            12.164962
          ],
          [
            79.6032139,
            12.1627777
          ],
          [
            79.60214,
            12.160258
          ]
        ]
      },
      "properties": {
        "section_id": "SEC_026",
        "from_station": "TMV",
        "to_station": "MTL",
        "start_km": 121.852,
        "end_km": 131.32,
        "length_km": 9.468
      }
    },
    {
      "type": "Feature",
      "geometry": {
        "type": "LineString",
        "coordinates": [
          [
            79.60214,
            12.160258
          ],
          [
            79.6006368,
            12.1583251
          ],
          [
            79.5995116,
            12.1562636
          ],
          [
            79.5984047,
            12.1544501
          ],
          [
            79.5970958,
            12.152203
          ],
          [
            79.5960036,
            12.1502988
          ],
          [
            79.5942816,
            12.1473017
          ],
          [
            79.5932463,
            12.1455318
          ],
          [
            79.5922437,
            12.1437623
          ],
          [
            79.5907679,
            12.141095
          ],
          [
            79.5894742,
            12.1395058
          ],
          [
            79.5878191,
            12.1382056
          ],
          [
            79.5814555,
            12.1354981
          ],
          [
            79.5788403,
            12.1344201
          ],
          [
            79.5767414,
            12.1335858
          ],
          [
            79.5741924,
            12.1324237
          ],
          [
            79.5725549,
            12.1315948
          ],
          [
            79.5704475,
            12.1306636
          ],
          [
            79.5686483,
            12.1295811
          ],
          [
            79.5672921,
            12.1281764
          ],
          [
            79.5657407,
            12.1260724
          ],
          [
            79.564527,
            12.1243133
          ],
          [
            79.5629954,
            12.1220424
          ],
          [
            79.561547,
            12.1200598
          ],
          [
            79.5600157,
            12.1177721
          ],
          [
            79.5589077,
            12.1160527
          ],
          [
            79.5578015,
            12.1142514
          ],
          [
            79.5566976,
            12.1126959
          ],
          [
            79.555417,
            12.1107374
          ],
          [
            79.5543265,
            12.1090611
          ],
          [
            79.5535756,
            12.1071374
          ],
          [
            79.553079,
            12.10537
          ],
          [
            79.552244,
            12.102876
          ]
        ]
      },
      "properties": {
        "section_id": "SEC_027",
        "from_station": "MTL",
        "to_station": "PEI",
        "start_km": 131.32,
        "end_km": 140.03,
        "length_km": 8.71
      }
    },
    {
      "type": "Feature",
      "geometry": {
        "type": "LineString",
        "coordinates": [
          [
            79.552244,
            12.102876
          ],
          [
            79.5520036,
            12.1008416
          ],
          [
            79.5512232,
            12.097729
          ],
          [
            79.5507646,
            12.0957803
          ],
          [
            79.5501637,
            12.0932232
          ],
          [
            79.5496514,
            12.091146
          ],
          [
            79.5478812,
            12.0836319
          ],
          [
            79.5466983,
            12.0785961
          ],
          [
            79.5462128,
            12.0765162
          ],
          [
            79.5457274,
            12.0745412
          ],
          [
            79.5452419,
            12.0724901
          ],
          [
            79.5447805,
            12.0705072
          ],
          [
            79.5442295,
            12.0683009
          ],
          [
            79.5437269,
            12.0660617
          ],
          [
            79.5433553,
            12.0638051
          ],
          [
            79.5432633,
            12.0617769
          ],
          [
            79.5432417,
            12.0592822
          ],
          [
            79.5431146,
            12.0572394
          ],
          [
            79.5430439,
            12.0545363
          ],
          [
            79.5429695,
            12.0520892
          ],
          [
            79.5428915,
            12.0500364
          ],
          [
            79.5428328,
            12.0477209
          ],
          [
            79.542701,
            12.045515
          ]
        ]
      },
      "properties": {
        "section_id": "SEC_028",
        "from_station": "PEI",
        "to_station": "VVN",
        "start_km": 140.03,
        "end_km": 146.518,
        "length_km": 6.488
      }
    },
    {
      "type": "Feature",
      "geometry": {
        "type": "LineString",
        "coordinates": [
          [
            79.542701,
            12.045515
          ],
          [
            79.5419377,
            12.0438565
          ],
          [
            79.5409483,
            12.0420471
          ],
          [
            79.5394977,
            12.0402971
          ],
          [
            79.5379445,
            12.0382293
          ],
          [
            79.536508,
            12.0365057
          ],
          [
            79.5347903,
            12.0343348
          ],
          [
            79.533551,
            12.0328098
          ],
          [
            79.5319414,
            12.0307688
          ],
          [
            79.530564,
            12.0290124
          ],
          [
            79.5288547,
            12.026792
          ],
          [
            79.527692,
            12.0253049
          ],
          [
            79.5261614,
            12.0233465
          ],
          [
            79.5247141,
            12.0215135
          ],
          [
            79.5233643,
            12.0197718
          ],
          [
            79.5224272,
            12.0181773
          ],
          [
            79.5218646,
            12.0164294
          ],
          [
            79.5211527,
            12.0139524
          ],
          [
            79.5205347,
            12.0116163
          ],
          [
            79.5199691,
            12.0095699
          ],
          [
            79.5191179,
            12.0079261
          ],
          [
            79.5179218,
            12.0060745
          ],
          [
            79.5168601,
            12.0045109
          ],
          [
            79.5151503,
            12.0020893
          ],
          [
            79.5140261,
            12.000133
          ],
          [
            79.5132436,
            11.9983173
          ],
          [
            79.5122891,
            11.9964276
          ],
          [
            79.511568,
            11.995165
          ]
        ]
      },
      "properties": {
        "section_id": "SEC_029",
        "from_station": "VVN",
        "to_station": "MYP",
        "start_km": 146.518,
        "end_km": 153.125,
        "length_km": 6.607
      }
    },
    {
      "type": "Feature",
      "geometry": {
        "type": "LineString",
        "coordinates": [
          [
            79.511568,
            11.995165
          ],
          [
            79.5109439,
            11.9932726
          ],
          [
            79.5103444,
            11.9915299
          ],
          [
            79.5094358,
            11.9897629
          ],
          [
            79.5082795,
            11.9872314
          ],
          [
            79.5069594,
            11.9841098
          ],
          [
            79.5062479,
            11.982426
          ],
          [
            79.5052149,
            11.9799853
          ],
          [
            79.5044855,
            11.9778097
          ],
          [
            79.503934,
            11.9746873
          ],
          [
            79.5035988,
            11.9725275
          ],
          [
            79.5032863,
            11.9702061
          ],
          [
            79.502845,
            11.96786
          ],
          [
            79.5024185,
            11.9651626
          ],
          [
            79.5020859,
            11.9631028
          ],
          [
            79.501748,
            11.9609223
          ],
          [
            79.5013886,
            11.9587365
          ],
          [
            79.5011617,
            11.9567851
          ],
          [
            79.5006824,
            11.9540193
          ],
          [
            79.4965728,
            11.9527918
          ],
          [
            79.4985306,
            11.9520525
          ],
          [
            79.4948091,
            11.9528785
          ],
          [
            79.4989827,
            11.9518786
          ],
          [
            79.4944464,
            11.9528102
          ],
          [
            79.4994747,
            11.951595
          ],
          [
            79.4942486,
            11.9527557
          ],
          [
            79.4995861,
            11.9514915
          ],
          [
            79.5001473,
            11.9496302
          ],
          [
            79.4999954,
            11.9474365
          ],
          [
            79.4999886,
            11.9454876
          ],
          [
            79.5003163,
            11.9435544
          ],
          [
            79.499149,
            11.941697
          ]
        ]
      },
      "properties": {
        "section_id": "SEC_030",
        "from_station": "MYP",
        "to_station": "VM",
        "start_km": 153.125,
        "end_km": 162.847,
        "length_km": 9.722
      }
    },
    {
      "type": "Feature",
      "geometry": {
        "type": "LineString",
        "coordinates": [
          [
            79.499149,
            11.941697
          ],
          [
            79.4995473,
            11.939477
          ],
          [
            79.4998813,
            11.9375731
          ],
          [
            79.5017612,
            11.9345091
          ],
          [
            79.5001924,
            11.9360695
          ],
          [
            79.5015737,
            11.9346419
          ],
          [
            79.4997336,
            11.9364785
          ],
          [
            79.5011124,
            11.9350434
          ],
          [
            79.4996219,
            11.9326578
          ],
          [
            79.4691309,
            11.9019455
          ],
          [
            79.4669422,
            11.9010814
          ],
          [
            79.4647582,
            11.9004767
          ],
          [
            79.462591,
            11.8999035
          ],
          [
            79.4606097,
            11.8993328
          ],
          [
            79.455481,
            11.898338
          ]
        ]
      },
      "properties": {
        "section_id": "SEC_031",
        "from_station": "VM",
        "to_station": "KDMD",
        "start_km": 162.847,
        "end_km": 171.29,
        "length_km": 8.443
      }
    },
    {
      "type": "Feature",
      "geometry": {
        "type": "LineString",
        "coordinates": [
          [
            79.455481,
            11.898338
          ],
          [
            79.4527688,
            11.8975339
          ],
          [
            79.4503277,
            11.8969597
          ],
          [
            79.4482578,
            11.8964049
          ],
          [
            79.4462955,
            11.8955767
          ],
          [
            79.444609,
            11.8943236
          ],
          [
            79.4430188,
            11.8924739
          ],
          [
            79.441427,
            11.8905863
          ],
          [
            79.4400788,
            11.8890091
          ],
          [
            79.4387332,
            11.887437
          ],
          [
            79.4371468,
            11.8855665
          ],
          [
            79.4358559,
            11.883972
          ],
          [
            79.4257156,
            11.8703991
          ],
          [
            79.4252207,
            11.8686418
          ],
          [
            79.4245496,
            11.8651178
          ],
          [
            79.424104,
            11.862608
          ],
          [
            79.4234009,
            11.8587648
          ],
          [
            79.4229125,
            11.8565091
          ],
          [
            79.4225642,
            11.8547311
          ],
          [
            79.4223028,
            11.8529505
          ],
          [
            79.421666,
            11.8508831
          ],
          [
            79.4205511,
            11.8489445
          ],
          [
            79.4189796,
            11.8473412
          ],
          [
            79.4161991,
            11.8446518
          ],
          [
            79.4142011,
            11.842786
          ],
          [
            79.413053,
            11.84127
          ]
        ]
      },
      "properties": {
        "section_id": "SEC_032",
        "from_station": "KDMD",
        "to_station": "TVNL",
        "start_km": 171.29,
        "end_km": 179.578,
        "length_km": 8.288
      }
    },
    {
      "type": "Feature",
      "geometry": {
        "type": "LineString",
        "coordinates": [
          [
            79.413053,
            11.84127
          ],
          [
            79.4077965,
            11.8367002
          ],
          [
            79.4048998,
            11.8339621
          ],
          [
            79.402642,
            11.8317376
          ],
          [
            79.3692246,
            11.7524797
          ],
          [
            79.3685625,
            11.7505338
          ],
          [
            79.3143693,
            11.6145517
          ],
          [
            79.3146118,
            11.6118838
          ],
          [
            79.3149485,
            11.6097499
          ],
          [
            79.3151898,
            11.6077399
          ],
          [
            79.315716,
            11.600902
          ]
        ]
      },
      "properties": {
        "section_id": "SEC_033",
        "from_station": "TVNL",
        "to_station": "PVN",
        "start_km": 179.578,
        "end_km": 208.649,
        "length_km": 29.071
      }
    },
    {
      "type": "Feature",
      "geometry": {
        "type": "LineString",
        "coordinates": [
          [
            79.315716,
            11.600902
          ],
          [
            79.3162793,
            11.5982069
          ],
          [
            79.3165339,
            11.5960834
          ],
          [
            79.3167998,
            11.5937074
          ],
          [
            79.3169395,
            11.5914406
          ],
          [
            79.3171093,
            11.5878824
          ],
          [
            79.3173368,
            11.5851539
          ],
          [
            79.3174895,
            11.582899
          ],
          [
            79.3175699,
            11.5805379
          ],
          [
            79.3178102,
            11.5777305
          ],
          [
            79.3180545,
            11.5737177
          ],
          [
            79.3181473,
            11.5713057
          ],
          [
            79.3183311,
            11.5694875
          ],
          [
            79.3184314,
            11.5669251
          ],
          [
            79.3186664,
            11.5641535
          ],
          [
            79.3187847,
            11.5622279
          ],
          [
            79.319037,
            11.5582863
          ],
          [
            79.3191545,
            11.555677
          ],
          [
            79.3193369,
            11.5538697
          ],
          [
            79.3121282,
            11.55192
          ],
          [
            79.3190639,
            11.55136
          ],
          [
            79.3143874,
            11.5513005
          ],
          [
            79.3160519,
            11.5500881
          ],
          [
            79.3234867,
            11.549918
          ],
          [
            79.3187455,
            11.5496878
          ],
          [
            79.3164964,
            11.5495909
          ],
          [
            79.3215582,
            11.5496166
          ],
          [
            79.3167744,
            11.5492264
          ],
          [
            79.3203912,
            11.5490074
          ],
          [
            79.3170137,
            11.5488107
          ],
          [
            79.3199259,
            11.5486558
          ],
          [
            79.3172357,
            11.548395
          ],
          [
            79.3196,
            11.5483585
          ],
          [
            79.3175395,
            11.5477479
          ],
          [
            79.3181946,
            11.5459135
          ],
          [
            79.3177142,
            11.5441428
          ],
          [
            79.3173863,
            11.5423037
          ],
          [
            79.317173,
            11.5404185
          ],
          [
            79.3166343,
            11.5385034
          ],
          [
            79.3161185,
            11.5362189
          ],
          [
            79.316523,
            11.533336
          ]
        ]
      },
      "properties": {
        "section_id": "SEC_034",
        "from_station": "PVN",
        "to_station": "VRI",
        "start_km": 208.649,
        "end_km": 222.364,
        "length_km": 13.715
      }
    },
    {
      "type": "Feature",
      "geometry": {
        "type": "LineString",
        "coordinates": [
          [
            79.316523,
            11.533336
          ],
          [
            79.3154202,
            11.5317669
          ],
          [
            79.3151457,
            11.529604
          ],
          [
            79.3144813,
            11.5272308
          ],
          [
            79.3134274,
            11.525056
          ],
          [
            79.3126129,
            11.5227254
          ],
          [
            79.3114911,
            11.5201235
          ],
          [
            79.3104826,
            11.5176929
          ],
          [
            79.3094612,
            11.5158784
          ],
          [
            79.30833,
            11.5142703
          ],
          [
            79.3069079,
            11.5127245
          ],
          [
            79.3054973,
            11.5114338
          ],
          [
            79.3036,
            11.5096438
          ],
          [
            79.3011881,
            11.5073007
          ],
          [
            79.2997574,
            11.5059856
          ],
          [
            79.2983472,
            11.5047701
          ],
          [
            79.2967029,
            11.5028681
          ],
          [
            79.2949055,
            11.5006384
          ],
          [
            79.2926544,
            11.4979963
          ],
          [
            79.2911292,
            11.4960662
          ],
          [
            79.2895045,
            11.4941256
          ],
          [
            79.2878329,
            11.4922283
          ],
          [
            79.2861813,
            11.4901334
          ],
          [
            79.2846941,
            11.4885161
          ],
          [
            79.2834482,
            11.4870548
          ],
          [
            79.2811523,
            11.4841226
          ],
          [
            79.2790662,
            11.4818207
          ],
          [
            79.2768837,
            11.4790054
          ],
          [
            79.273077,
            11.4746351
          ],
          [
            79.2718827,
            11.473008
          ],
          [
            79.269337,
            11.469716
          ]
        ]
      },
      "properties": {
        "section_id": "SEC_035",
        "from_station": "VRI",
        "to_station": "TLNR",
        "start_km": 222.364,
        "end_km": 231.225,
        "length_km": 8.861
      }
    },
    {
      "type": "Feature",
      "geometry": {
        "type": "LineString",
        "coordinates": [
          [
            79.269337,
            11.469716
          ],
          [
            79.2676173,
            11.4679098
          ],
          [
            79.2662861,
            11.4663305
          ],
          [
            79.2647743,
            11.4645027
          ],
          [
            79.2635415,
            11.4631262
          ],
          [
            79.2601778,
            11.4589818
          ],
          [
            79.2587928,
            11.4573101
          ],
          [
            79.2566225,
            11.4547206
          ],
          [
            79.2540779,
            11.4516686
          ],
          [
            79.2522873,
            11.4496148
          ],
          [
            79.2507363,
            11.4476904
          ],
          [
            79.2489009,
            11.4455701
          ],
          [
            79.2477781,
            11.4441115
          ],
          [
            79.2465629,
            11.4426485
          ],
          [
            79.244693,
            11.4404085
          ],
          [
            79.2427783,
            11.4381056
          ],
          [
            79.2412807,
            11.4363334
          ],
          [
            79.2399724,
            11.4347617
          ],
          [
            79.238602,
            11.4331987
          ],
          [
            79.2371887,
            11.4315251
          ],
          [
            79.2358194,
            11.42986
          ],
          [
            79.2342122,
            11.4278463
          ],
          [
            79.2330296,
            11.4264113
          ],
          [
            79.230185,
            11.4230054
          ],
          [
            79.2281523,
            11.42037
          ],
          [
            79.226487,
            11.4180883
          ],
          [
            79.2249422,
            11.4159836
          ],
          [
            79.2236802,
            11.4143763
          ],
          [
            79.2216286,
            11.411446
          ],
          [
            79.2203632,
            11.4096794
          ],
          [
            79.219532,
            11.4078369
          ],
          [
            79.2192154,
            11.4059046
          ],
          [
            79.2194306,
            11.4037618
          ],
          [
            79.2199671,
            11.4016463
          ],
          [
            79.220962,
            11.398439
          ]
        ]
      },
      "properties": {
        "section_id": "SEC_036",
        "from_station": "TLNR",
        "to_station": "PNDM",
        "start_km": 231.225,
        "end_km": 241.073,
        "length_km": 9.848
      }
    },
    {
      "type": "Feature",
      "geometry": {
        "type": "LineString",
        "coordinates": [
          [
            79.220962,
            11.398439
          ],
          [
            79.2213499,
            11.396481
          ],
          [
            79.2220129,
            11.3940092
          ],
          [
            79.2233042,
            11.3891563
          ],
          [
            79.2239715,
            11.3866194
          ],
          [
            79.2242557,
            11.3846846
          ],
          [
            79.2241833,
            11.3825229
          ],
          [
            79.2236466,
            11.3804659
          ],
          [
            79.2228457,
            11.378686
          ],
          [
            79.2221008,
            11.376798
          ],
          [
            79.2211038,
            11.3743634
          ],
          [
            79.2202414,
            11.3723273
          ],
          [
            79.219375,
            11.370574
          ]
        ]
      },
      "properties": {
        "section_id": "SEC_037",
        "from_station": "PNDM",
        "to_station": "ICG",
        "start_km": 241.073,
        "end_km": 244.317,
        "length_km": 3.244
      }
    },
    {
      "type": "Feature",
      "geometry": {
        "type": "LineString",
        "coordinates": [
          [
            79.219375,
            11.370574
          ],
          [
            79.2185894,
            11.3683766
          ],
          [
            79.2177413,
            11.366158
          ],
          [
            79.2165539,
            11.3632872
          ],
          [
            79.2153338,
            11.3602879
          ],
          [
            79.2144937,
            11.3583755
          ],
          [
            79.2134929,
            11.3559194
          ],
          [
            79.2127929,
            11.3542289
          ],
          [
            79.2119149,
            11.3521629
          ],
          [
            79.2111319,
            11.3500349
          ],
          [
            79.2099485,
            11.3472087
          ],
          [
            79.208941,
            11.3449561
          ],
          [
            79.2078461,
            11.3420962
          ],
          [
            79.2071233,
            11.3400243
          ],
          [
            79.2069227,
            11.3379624
          ],
          [
            79.2072087,
            11.3361295
          ],
          [
            79.2078127,
            11.3340763
          ],
          [
            79.2083969,
            11.3321217
          ],
          [
            79.2089233,
            11.3302629
          ],
          [
            79.2090685,
            11.3283005
          ],
          [
            79.2086987,
            11.3264047
          ],
          [
            79.2080425,
            11.3244925
          ],
          [
            79.2073929,
            11.3226687
          ],
          [
            79.2067433,
            11.320813
          ],
          [
            79.206163,
            11.318521
          ]
        ]
      },
      "properties": {
        "section_id": "SEC_038",
        "from_station": "ICG",
        "to_station": "MTUR",
        "start_km": 244.317,
        "end_km": 250.437,
        "length_km": 6.12
      }
    },
    {
      "type": "Feature",
      "geometry": {
        "type": "LineString",
        "coordinates": [
          [
            79.206163,
            11.318521
          ],
          [
            79.2053478,
            11.3168877
          ],
          [
            79.2043156,
            11.3140754
          ],
          [
            79.2030596,
            11.3106332
          ],
          [
            79.2024638,
            11.3087097
          ],
          [
            79.2018574,
            11.3069291
          ],
          [
            79.2008629,
            11.3044628
          ],
          [
            79.2002218,
            11.3024771
          ],
          [
            79.1981994,
            11.2967222
          ],
          [
            79.1975774,
            11.2948387
          ],
          [
            79.1965419,
            11.2931491
          ],
          [
            79.1947233,
            11.291359
          ],
          [
            79.1929787,
            11.2897835
          ],
          [
            79.191127,
            11.2882113
          ],
          [
            79.1894675,
            11.2868075
          ],
          [
            79.188006,
            11.2853906
          ],
          [
            79.186831,
            11.2836968
          ],
          [
            79.1853215,
            11.2813065
          ],
          [
            79.1843033,
            11.2794774
          ],
          [
            79.1831289,
            11.2775443
          ],
          [
            79.1823549,
            11.2758296
          ],
          [
            79.1815568,
            11.2741745
          ],
          [
            79.1802018,
            11.2714865
          ],
          [
            79.1794213,
            11.2698372
          ],
          [
            79.1786461,
            11.2680153
          ],
          [
            79.1775726,
            11.2659121
          ],
          [
            79.1765186,
            11.2636596
          ],
          [
            79.1756819,
            11.2618968
          ],
          [
            79.1748325,
            11.2601584
          ],
          [
            79.1735197,
            11.2586817
          ],
          [
            79.1713738,
            11.2572944
          ],
          [
            79.1695105,
            11.2564319
          ],
          [
            79.16755,
            11.255281
          ]
        ]
      },
      "properties": {
        "section_id": "SEC_039",
        "from_station": "MTUR",
        "to_station": "SNDI",
        "start_km": 250.437,
        "end_km": 258.852,
        "length_km": 8.415
      }
    },
    {
      "type": "Feature",
      "geometry": {
        "type": "LineString",
        "coordinates": [
          [
            79.16755,
            11.255281
          ],
          [
            79.1657098,
            11.2546852
          ],
          [
            79.1631278,
            11.2534435
          ],
          [
            79.1613568,
            11.2526669
          ],
          [
            79.1580038,
            11.2512495
          ],
          [
            79.1551339,
            11.249879
          ],
          [
            79.1525434,
            11.2486266
          ],
          [
            79.149681,
            11.2473772
          ],
          [
            79.1458279,
            11.2455317
          ],
          [
            79.1436969,
            11.2446255
          ],
          [
            79.140481,
            11.2431444
          ],
          [
            79.1379164,
            11.2419084
          ],
          [
            79.1361755,
            11.2411123
          ],
          [
            79.133825,
            11.2400238
          ],
          [
            79.1317542,
            11.2388128
          ],
          [
            79.1302626,
            11.2377503
          ],
          [
            79.1284794,
            11.2365388
          ],
          [
            79.1267183,
            11.2351804
          ],
          [
            79.1243279,
            11.2334459
          ],
          [
            79.1227232,
            11.2323932
          ],
          [
            79.1209947,
            11.2311059
          ],
          [
            79.1177278,
            11.2287434
          ],
          [
            79.1161989,
            11.2275362
          ],
          [
            79.1136969,
            11.2256781
          ],
          [
            79.1103167,
            11.2232439
          ],
          [
            79.1086941,
            11.2222108
          ],
          [
            79.1064426,
            11.2205076
          ],
          [
            79.1046201,
            11.2191062
          ],
          [
            79.1031173,
            11.2180687
          ],
          [
            79.101136,
            11.216343
          ]
        ]
      },
      "properties": {
        "section_id": "SEC_040",
        "from_station": "SNDI",
        "to_station": "OTK",
        "start_km": 258.852,
        "end_km": 267.341,
        "length_km": 8.489
      }
    },
    {
      "type": "Feature",
      "geometry": {
        "type": "LineString",
        "coordinates": [
          [
            79.101136,
            11.216343
          ],
          [
            79.0993874,
            11.2153044
          ],
          [
            79.0976749,
            11.21411
          ],
          [
            79.0954748,
            11.2125154
          ],
          [
            79.093671,
            11.2109271
          ],
          [
            79.0923467,
            11.2093688
          ],
          [
            79.0912481,
            11.2075953
          ],
          [
            79.0902315,
            11.2060831
          ],
          [
            79.0866249,
            11.2008391
          ],
          [
            79.0854796,
            11.1991236
          ],
          [
            79.0847259,
            11.1971056
          ],
          [
            79.0842952,
            11.1944163
          ],
          [
            79.0840227,
            11.1923206
          ],
          [
            79.0834877,
            11.1881125
          ],
          [
            79.0830784,
            11.1849443
          ],
          [
            79.0826325,
            11.1819541
          ],
          [
            79.0823324,
            11.1794635
          ],
          [
            79.0817577,
            11.1776898
          ],
          [
            79.080667,
            11.1756701
          ],
          [
            79.0797261,
            11.1737262
          ],
          [
            79.0782623,
            11.1710738
          ],
          [
            79.0773859,
            11.1693932
          ],
          [
            79.0763846,
            11.1673081
          ],
          [
            79.0751973,
            11.1649924
          ],
          [
            79.0740561,
            11.1630827
          ],
          [
            79.0728187,
            11.1610463
          ],
          [
            79.0714122,
            11.1590315
          ],
          [
            79.0705003,
            11.1572286
          ],
          [
            79.0699788,
            11.1550688
          ],
          [
            79.0692452,
            11.1530357
          ],
          [
            79.0689281,
            11.1511537
          ],
          [
            79.068638,
            11.148906
          ]
        ]
      },
      "properties": {
        "section_id": "SEC_041",
        "from_station": "OTK",
        "to_station": "ALU",
        "start_km": 267.341,
        "end_km": 275.909,
        "length_km": 8.568
      }
    },
    {
      "type": "Feature",
      "geometry": {
        "type": "LineString",
        "coordinates": [
          [
            79.068638,
            11.148906
          ],
          [
            79.0678011,
            11.147301
          ],
          [
            79.0672873,
            11.1453606
          ],
          [
            79.0663378,
            11.1435632
          ],
          [
            79.0649073,
            11.1412169
          ],
          [
            79.0638064,
            11.1396101
          ],
          [
            79.0621669,
            11.1374262
          ],
          [
            79.0609468,
            11.1348853
          ],
          [
            79.060059,
            11.1324772
          ],
          [
            79.0594033,
            11.1307613
          ],
          [
            79.0588489,
            11.1289743
          ],
          [
            79.0581284,
            11.1271229
          ],
          [
            79.0575813,
            11.1253298
          ],
          [
            79.0569033,
            11.1236388
          ],
          [
            79.0557925,
            11.1219444
          ],
          [
            79.0544607,
            11.1206932
          ],
          [
            79.0516821,
            11.1188812
          ],
          [
            79.04939,
            11.1170449
          ],
          [
            79.0470572,
            11.1154852
          ],
          [
            79.0449003,
            11.1138868
          ],
          [
            79.0435506,
            11.1126011
          ],
          [
            79.0425513,
            11.1109852
          ],
          [
            79.0417131,
            11.1087495
          ],
          [
            79.0408968,
            11.1064549
          ],
          [
            79.0402008,
            11.1046532
          ],
          [
            79.0383677,
            11.0994442
          ],
          [
            79.037228,
            11.09672
          ]
        ]
      },
      "properties": {
        "section_id": "SEC_042",
        "from_station": "ALU",
        "to_station": "SLTH",
        "start_km": 275.909,
        "end_km": 282.838,
        "length_km": 6.929
      }
    },
    {
      "type": "Feature",
      "geometry": {
        "type": "LineString",
        "coordinates": [
          [
            79.037228,
            11.09672
          ],
          [
            79.0363825,
            11.0938142
          ],
          [
            79.0356311,
            11.0917104
          ],
          [
            79.0350319,
            11.0899926
          ],
          [
            79.0344267,
            11.0880018
          ],
          [
            79.0337616,
            11.0861092
          ],
          [
            79.0330749,
            11.0838483
          ],
          [
            79.0327986,
            11.0820398
          ],
          [
            79.0325274,
            11.0796123
          ],
          [
            79.0323829,
            11.0773099
          ],
          [
            79.0321469,
            11.0737827
          ],
          [
            79.0319296,
            11.0711794
          ],
          [
            79.031715,
            11.0693105
          ],
          [
            79.0315461,
            11.0668414
          ],
          [
            79.0266054,
            11.0553508
          ],
          [
            79.0252427,
            11.0535369
          ],
          [
            79.0240814,
            11.0517919
          ],
          [
            79.0227189,
            11.0498571
          ],
          [
            79.0215133,
            11.0481576
          ],
          [
            79.0199231,
            11.046027
          ],
          [
            79.0188847,
            11.0444209
          ],
          [
            79.0177523,
            11.0429088
          ],
          [
            79.0164519,
            11.0409406
          ],
          [
            79.0152154,
            11.0392268
          ],
          [
            79.0141801,
            11.0377367
          ],
          [
            79.0126177,
            11.0355332
          ],
          [
            79.0112444,
            11.0335719
          ],
          [
            79.0100262,
            11.0318775
          ],
          [
            79.0088752,
            11.0302222
          ],
          [
            79.0075799,
            11.028509
          ],
          [
            79.0064505,
            11.026889
          ],
          [
            79.005033,
            11.02518
          ]
        ]
      },
      "properties": {
        "section_id": "SEC_043",
        "from_station": "SLTH",
        "to_station": "KLGM",
        "start_km": 282.838,
        "end_km": 291.726,
        "length_km": 8.888
      }
    },
    {
      "type": "Feature",
      "geometry": {
        "type": "LineString",
        "coordinates": [
          [
            79.005033,
            11.02518
          ],
          [
            79.0038363,
            11.0230711
          ],
          [
            79.0026347,
            11.0213572
          ],
          [
            79.001205,
            11.0193905
          ],
          [
            78.9999278,
            11.0179538
          ],
          [
            78.9982456,
            11.0162964
          ],
          [
            78.9959954,
            11.0144749
          ],
          [
            78.9940753,
            11.0130654
          ],
          [
            78.9920659,
            11.011301
          ],
          [
            78.9905691,
            11.0102294
          ],
          [
            78.9885754,
            11.0084967
          ],
          [
            78.9869669,
            11.0072562
          ],
          [
            78.9855997,
            11.0058771
          ],
          [
            78.9843098,
            11.0045046
          ],
          [
            78.9824212,
            11.0026039
          ],
          [
            78.9801085,
            11.0000403
          ],
          [
            78.9786637,
            10.9983535
          ],
          [
            78.9768077,
            10.9962857
          ],
          [
            78.9746976,
            10.9939523
          ],
          [
            78.9721872,
            10.9911356
          ],
          [
            78.9704911,
            10.9892571
          ],
          [
            78.9688534,
            10.9875729
          ],
          [
            78.9668331,
            10.985357
          ],
          [
            78.9652864,
            10.9834903
          ],
          [
            78.9636673,
            10.9817583
          ],
          [
            78.961705,
            10.9795686
          ],
          [
            78.9591272,
            10.9767165
          ],
          [
            78.9577569,
            10.9751989
          ],
          [
            78.95581,
            10.9730327
          ],
          [
            78.9543478,
            10.9714726
          ],
          [
            78.9529836,
            10.9699999
          ],
          [
            78.9514768,
            10.9686365
          ],
          [
            78.949703,
            10.966485
          ]
        ]
      },
      "properties": {
        "section_id": "SEC_044",
        "from_station": "KLGM",
        "to_station": "KKPM",
        "start_km": 291.726,
        "end_km": 300.65,
        "length_km": 8.924
      }
    },
    {
      "type": "Feature",
      "geometry": {
        "type": "LineString",
        "coordinates": [
          [
            78.949703,
            10.966485
          ],
          [
            78.9481569,
            10.965322
          ],
          [
            78.9461778,
            10.9638033
          ],
          [
            78.9448861,
            10.9624806
          ],
          [
            78.941084,
            10.9593653
          ],
          [
            78.939012,
            10.9574826
          ],
          [
            78.9375124,
            10.9561958
          ],
          [
            78.9356241,
            10.95455
          ],
          [
            78.9332611,
            10.9525144
          ],
          [
            78.9310429,
            10.9505894
          ],
          [
            78.9295002,
            10.9493748
          ],
          [
            78.9274005,
            10.9476427
          ],
          [
            78.9259413,
            10.9465498
          ],
          [
            78.9244634,
            10.9454306
          ],
          [
            78.9229422,
            10.944293
          ],
          [
            78.9204053,
            10.9423838
          ],
          [
            78.9187956,
            10.9412469
          ],
          [
            78.917111,
            10.93968
          ]
        ]
      },
      "properties": {
        "section_id": "SEC_045",
        "from_station": "KKPM",
        "to_station": "PMB",
        "start_km": 300.65,
        "end_km": 305.296,
        "length_km": 4.646
      }
    },
    {
      "type": "Feature",
      "geometry": {
        "type": "LineString",
        "coordinates": [
          [
            78.917111,
            10.93968
          ],
          [
            78.9152857,
            10.9385377
          ],
          [
            78.9135277,
            10.9372133
          ],
          [
            78.9117062,
            10.9358925
          ],
          [
            78.9094807,
            10.9348535
          ],
          [
            78.9071122,
            10.9339671
          ],
          [
            78.9035717,
            10.9328347
          ],
          [
            78.9006481,
            10.9318709
          ],
          [
            78.8986525,
            10.9312177
          ],
          [
            78.8964913,
            10.9306033
          ],
          [
            78.8945452,
            10.9297549
          ],
          [
            78.8916436,
            10.9282418
          ],
          [
            78.8898227,
            10.9271726
          ],
          [
            78.8877976,
            10.9262077
          ],
          [
            78.8860837,
            10.9249024
          ],
          [
            78.8833163,
            10.9227385
          ],
          [
            78.8801995,
            10.9202418
          ],
          [
            78.8772035,
            10.9178663
          ],
          [
            78.8755221,
            10.9165327
          ],
          [
            78.8734561,
            10.9149545
          ],
          [
            78.8711608,
            10.9130194
          ],
          [
            78.8687146,
            10.9110599
          ],
          [
            78.8649562,
            10.9081758
          ],
          [
            78.8635323,
            10.9068547
          ],
          [
            78.8622958,
            10.9054615
          ],
          [
            78.8612149,
            10.9039365
          ],
          [
            78.8591469,
            10.9012079
          ],
          [
            78.8576192,
            10.8990407
          ],
          [
            78.855536,
            10.896101
          ]
        ]
      },
      "properties": {
        "section_id": "SEC_046",
        "from_station": "PMB",
        "to_station": "KTTR",
        "start_km": 305.296,
        "end_km": 313.75,
        "length_km": 8.454
      }
    },
    {
      "type": "Feature",
      "geometry": {
        "type": "LineString",
        "coordinates": [
          [
            78.855536,
            10.896101
          ],
          [
            78.8543584,
            10.894575
          ],
          [
            78.8528978,
            10.8926896
          ],
          [
            78.8516995,
            10.8909698
          ],
          [
            78.8503961,
            10.8893853
          ],
          [
            78.8487598,
            10.8881288
          ],
          [
            78.8459316,
            10.8865272
          ],
          [
            78.8436121,
            10.8849409
          ],
          [
            78.8403357,
            10.8829956
          ],
          [
            78.8359481,
            10.8802573
          ],
          [
            78.8337757,
            10.8788394
          ],
          [
            78.8321745,
            10.8779418
          ],
          [
            78.8304352,
            10.8772096
          ],
          [
            78.8283655,
            10.8769026
          ],
          [
            78.8259276,
            10.876696
          ],
          [
            78.8233345,
            10.8764182
          ],
          [
            78.8204848,
            10.8762315
          ],
          [
            78.8183391,
            10.8760159
          ],
          [
            78.8164906,
            10.8758419
          ],
          [
            78.815324,
            10.87542
          ]
        ]
      },
      "properties": {
        "section_id": "SEC_047",
        "from_station": "KTTR",
        "to_station": "LLI",
        "start_km": 313.75,
        "end_km": 318.922,
        "length_km": 5.172
      }
    },
    {
      "type": "Feature",
      "geometry": {
        "type": "LineString",
        "coordinates": [
          [
            78.815324,
            10.87542
          ],
          [
            78.8128616,
            10.8754922
          ],
          [
            78.8101811,
            10.8752852
          ],
          [
            78.8083535,
            10.8751493
          ],
          [
            78.8063655,
            10.874976
          ],
          [
            78.803457,
            10.8746812
          ],
          [
            78.8006633,
            10.8744891
          ],
          [
            78.7986025,
            10.8743084
          ],
          [
            78.7965252,
            10.8740578
          ],
          [
            78.7946486,
            10.8739085
          ],
          [
            78.7909093,
            10.8736518
          ],
          [
            78.7884179,
            10.8733548
          ],
          [
            78.7849568,
            10.8730433
          ],
          [
            78.7816962,
            10.8727677
          ],
          [
            78.7796494,
            10.8725778
          ],
          [
            78.77622,
            10.8723632
          ],
          [
            78.7743857,
            10.8721321
          ],
          [
            78.7703261,
            10.8717712
          ],
          [
            78.7684687,
            10.8716108
          ],
          [
            78.7665959,
            10.8714938
          ],
          [
            78.7647347,
            10.8716063
          ],
          [
            78.7618311,
            10.8719813
          ],
          [
            78.75801,
            10.872555
          ]
        ]
      },
      "properties": {
        "section_id": "SEC_048",
        "from_station": "LLI",
        "to_station": "VLDE",
        "start_km": 318.922,
        "end_km": 325.209,
        "length_km": 6.287
      }
    },
    {
      "type": "Feature",
      "geometry": {
        "type": "LineString",
        "coordinates": [
          [
            78.75801,
            10.872555
          ],
          [
            78.7551597,
            10.8726544
          ],
          [
            78.7531692,
            10.8728792
          ],
          [
            78.7506167,
            10.8732161
          ],
          [
            78.7485508,
            10.8733907
          ],
          [
            78.7466869,
            10.8737256
          ],
          [
            78.7447843,
            10.8741758
          ],
          [
            78.7418233,
            10.8750996
          ],
          [
            78.6968105,
            10.8648395
          ],
          [
            78.6961784,
            10.8627649
          ],
          [
            78.695962,
            10.857703
          ]
        ]
      },
      "properties": {
        "section_id": "SEC_049",
        "from_station": "VLDE",
        "to_station": "SRGM",
        "start_km": 325.209,
        "end_km": 332.857,
        "length_km": 7.648
      }
    },
    {
      "type": "Feature",
      "geometry": {
        "type": "LineString",
        "coordinates": [
          [
            78.695962,
            10.857703
          ],
          [
            78.6962768,
            10.8558852
          ],
          [
            78.6964822,
            10.8540308
          ],
          [
            78.6967986,
            10.8521001
          ],
          [
            78.6975923,
            10.8503871
          ],
          [
            78.6988486,
            10.8488175
          ],
          [
            78.699969,
            10.8473882
          ],
          [
            78.7007496,
            10.8456935
          ],
          [
            78.7007385,
            10.8430571
          ],
          [
            78.6994585,
            10.8367199
          ],
          [
            78.6993315,
            10.8347153
          ],
          [
            78.7001216,
            10.8328021
          ],
          [
            78.7017545,
            10.8309634
          ],
          [
            78.70304,
            10.829305
          ]
        ]
      },
      "properties": {
        "section_id": "SEC_050",
        "from_station": "SRGM",
        "to_station": "TPTN",
        "start_km": 332.857,
        "end_km": 336.293,
        "length_km": 3.436
      }
    },
    {
      "type": "Feature",
      "geometry": {
        "type": "LineString",
        "coordinates": [
          [
            78.70304,
            10.829305
          ],
          [
            78.7017545,
            10.8309634
          ],
          [
            78.7004214,
            10.8324109
          ],
          [
            78.6993759,
            10.8357446
          ],
          [
            78.7001216,
            10.8328021
          ],
          [
            78.6993746,
            10.8355272
          ],
          [
            78.6999589,
            10.8330905
          ],
          [
            78.6993743,
            10.8352907
          ],
          [
            78.6999304,
            10.8330401
          ],
          [
            78.6992826,
            10.8355455
          ],
          [
            78.6998581,
            10.8332915
          ],
          [
            78.6993785,
            10.8350508
          ],
          [
            78.6998102,
            10.8332721
          ],
          [
            78.6992842,
            10.8352218
          ],
          [
            78.689051,
            10.825695
          ]
        ]
      },
      "properties": {
        "section_id": "SEC_051",
        "from_station": "TPTN",
        "to_station": "TP",
        "start_km": 336.293,
        "end_km": 341.285,
        "length_km": 4.992
      }
    },
    {
      "type": "Feature",
      "geometry": {
        "type": "LineString",
        "coordinates": [
          [
            78.689051,
            10.825695
          ],
          [
            78.6892894,
            10.8236953
          ],
          [
            78.6897228,
            10.8214774
          ],
          [
            78.6903394,
            10.8196592
          ],
          [
            78.6920908,
            10.8167031
          ],
          [
            78.6930328,
            10.8148559
          ],
          [
            78.6938416,
            10.8123127
          ],
          [
            78.6941723,
            10.8099738
          ],
          [
            78.694159,
            10.80783
          ]
        ]
      },
      "properties": {
        "section_id": "SEC_052",
        "from_station": "TP",
        "to_station": "TPE",
        "start_km": 341.285,
        "end_km": 343.38,
        "length_km": 2.095
      }
    },
    {
      "type": "Feature",
      "geometry": {
        "type": "LineString",
        "coordinates": [
          [
            78.694159,
            10.80783
          ],
          [
            78.693814,
            10.8052478
          ],
          [
            78.6935593,
            10.8032273
          ],
          [
            78.6932558,
            10.8014426
          ],
          [
            78.6925031,
            10.7997135
          ],
          [
            78.6911983,
            10.7980423
          ],
          [
            78.6945813,
            10.7956233
          ],
          [
            78.6908568,
            10.7976813
          ],
          [
            78.6935728,
            10.7958059
          ],
          [
            78.6904168,
            10.7972669
          ],
          [
            78.6920093,
            10.7962065
          ],
          [
            78.690293,
            10.7971578
          ],
          [
            78.6888094,
            10.7959452
          ],
          [
            78.685294,
            10.794268
          ]
        ]
      },
      "properties": {
        "section_id": "SEC_053",
        "from_station": "TPE",
        "to_station": "TPJ",
        "start_km": 343.38,
        "end_km": 347.271,
        "length_km": 3.891
      }
    },
    {
      "type": "Feature",
      "geometry": {
        "type": "LineString",
        "coordinates": [
          [
            78.685294,
            10.794268
          ],
          [
            78.683892,
            10.792556
          ],
          [
            78.682155,
            10.7919195
          ],
          [
            78.6805528,
            10.7909201
          ],
          [
            78.6789657,
            10.7899393
          ],
          [
            78.6775741,
            10.7886946
          ],
          [
            78.6759893,
            10.7870974
          ],
          [
            78.6748992,
            10.7854284
          ],
          [
            78.6744948,
            10.78332
          ],
          [
            78.6727986,
            10.78447
          ],
          [
            78.6745179,
            10.7808375
          ],
          [
            78.6720616,
            10.7838324
          ],
          [
            78.6745201,
            10.7793416
          ],
          [
            78.6713273,
            10.7831774
          ],
          [
            78.6696847,
            10.7818711
          ],
          [
            78.6674446,
            10.7803614
          ],
          [
            78.6650237,
            10.7788658
          ],
          [
            78.6623039,
            10.7771844
          ],
          [
            78.6594824,
            10.7754591
          ],
          [
            78.6577312,
            10.7741553
          ],
          [
            78.6560175,
            10.7729685
          ],
          [
            78.6534716,
            10.7713295
          ],
          [
            78.6497578,
            10.7687235
          ],
          [
            78.6463794,
            10.7663631
          ],
          [
            78.6433567,
            10.7641888
          ],
          [
            78.6406857,
            10.7623972
          ],
          [
            78.6384233,
            10.7608116
          ],
          [
            78.6367582,
            10.7596607
          ],
          [
            78.6349737,
            10.7583992
          ],
          [
            78.633065,
            10.7570692
          ],
          [
            78.6312396,
            10.7558131
          ],
          [
            78.6282698,
            10.7537222
          ],
          [
            78.6261389,
            10.7521708
          ],
          [
            78.6236469,
            10.7503309
          ],
          [
            78.618856,
            10.747281
          ]
        ]
      },
      "properties": {
        "section_id": "SEC_054",
        "from_station": "TPJ",
        "to_station": "PUG",
        "start_km": 347.271,
        "end_km": 358.247,
        "length_km": 10.976
      }
    },
    {
      "type": "Feature",
      "geometry": {
        "type": "LineString",
        "coordinates": [
          [
            78.618856,
            10.747281
          ],
          [
            78.6166001,
            10.7453928
          ],
          [
            78.6149511,
            10.7443698
          ],
          [
            78.6132576,
            10.7432344
          ],
          [
            78.6116304,
            10.7420021
          ],
          [
            78.6091267,
            10.7402771
          ],
          [
            78.6065377,
            10.7385296
          ],
          [
            78.6046617,
            10.7372142
          ],
          [
            78.6026813,
            10.7358239
          ],
          [
            78.6002329,
            10.7340831
          ],
          [
            78.5975672,
            10.7322401
          ],
          [
            78.5953782,
            10.730714
          ],
          [
            78.5933623,
            10.7293578
          ],
          [
            78.5913681,
            10.7281051
          ],
          [
            78.5892202,
            10.7270519
          ],
          [
            78.5853173,
            10.725316
          ],
          [
            78.5824113,
            10.7239687
          ],
          [
            78.5798272,
            10.722753
          ],
          [
            78.5773667,
            10.7215823
          ],
          [
            78.5752951,
            10.7206115
          ],
          [
            78.5735866,
            10.7197635
          ],
          [
            78.5712241,
            10.7187121
          ],
          [
            78.5691543,
            10.7176732
          ],
          [
            78.565616,
            10.7160135
          ],
          [
            78.5631301,
            10.7149173
          ],
          [
            78.5613779,
            10.7139219
          ],
          [
            78.5598028,
            10.7126127
          ],
          [
            78.5581589,
            10.7109569
          ],
          [
            78.5570115,
            10.7094516
          ],
          [
            78.5551175,
            10.7070959
          ],
          [
            78.5536811,
            10.7053212
          ],
          [
            78.5521814,
            10.7039047
          ],
          [
            78.5498814,
            10.7020447
          ],
          [
            78.547197,
            10.700451
          ]
        ]
      },
      "properties": {
        "section_id": "SEC_055",
        "from_station": "PUG",
        "to_station": "KLS",
        "start_km": 358.247,
        "end_km": 367.743,
        "length_km": 9.496
      }
    },
    {
      "type": "Feature",
      "geometry": {
        "type": "LineString",
        "coordinates": [
          [
            78.547197,
            10.700451
          ],
          [
            78.5436391,
            10.6974967
          ],
          [
            78.5420821,
            10.6964811
          ],
          [
            78.5394394,
            10.6945347
          ],
          [
            78.5378079,
            10.6931036
          ],
          [
            78.5362657,
            10.6917819
          ],
          [
            78.5348416,
            10.6901534
          ],
          [
            78.5331747,
            10.688073
          ],
          [
            78.5318298,
            10.6863668
          ],
          [
            78.5306174,
            10.6849318
          ],
          [
            78.5294403,
            10.6833198
          ],
          [
            78.528259,
            10.6819442
          ],
          [
            78.526909,
            10.6802139
          ],
          [
            78.5255996,
            10.6785756
          ],
          [
            78.5243594,
            10.6769772
          ],
          [
            78.5230378,
            10.6753229
          ],
          [
            78.5218994,
            10.6738811
          ],
          [
            78.5201304,
            10.6723979
          ],
          [
            78.5181257,
            10.6711031
          ],
          [
            78.5152427,
            10.6694308
          ],
          [
            78.5134544,
            10.6683238
          ],
          [
            78.5114365,
            10.667223
          ],
          [
            78.5092467,
            10.6659707
          ],
          [
            78.5076589,
            10.6650651
          ],
          [
            78.5061853,
            10.6639795
          ],
          [
            78.5046264,
            10.6626381
          ],
          [
            78.5025555,
            10.6607277
          ],
          [
            78.500109,
            10.6584802
          ],
          [
            78.4980751,
            10.6566321
          ],
          [
            78.4950492,
            10.6539477
          ],
          [
            78.4816972,
            10.644299
          ],
          [
            78.4798288,
            10.643929
          ],
          [
            78.4780652,
            10.6434279
          ],
          [
            78.4763602,
            10.642714
          ],
          [
            78.474642,
            10.6417186
          ],
          [
            78.4731076,
            10.6404539
          ],
          [
            78.4715361,
            10.6389068
          ],
          [
            78.4701778,
            10.6368469
          ],
          [
            78.4597736,
            10.6288023
          ],
          [
            78.4571507,
            10.6279471
          ],
          [
            78.4545483,
            10.6272196
          ],
          [
            78.4528265,
            10.6264989
          ],
          [
            78.450913,
            10.6255211
          ],
          [
            78.4479175,
            10.6233333
          ],
          [
            78.4450087,
            10.6211647
          ],
          [
            78.4430944,
            10.6196561
          ],
          [
            78.4410202,
            10.6181013
          ],
          [
            78.4389807,
            10.6165542
          ],
          [
            78.4371224,
            10.6153935
          ],
          [
            78.4350527,
            10.6144983
          ],
          [
            78.4325892,
            10.6137284
          ],
          [
            78.4303048,
            10.6129474
          ],
          [
            78.4274925,
            10.612045
          ],
          [
            78.4253896,
            10.6113347
          ],
          [
            78.4234079,
            10.6104793
          ],
          [
            78.4214413,
            10.6093854
          ],
          [
            78.418111,
            10.607339
          ]
        ]
      },
      "properties": {
        "section_id": "SEC_056",
        "from_station": "KLS",
        "to_station": "MPA",
        "start_km": 367.743,
        "end_km": 385.526,
        "length_km": 17.783
      }
    },
    {
      "type": "Feature",
      "geometry": {
        "type": "LineString",
        "coordinates": [
          [
            78.418111,
            10.607339
          ],
          [
            78.4160319,
            10.6064765
          ],
          [
            78.4141253,
            10.605248
          ],
          [
            78.4121831,
            10.6041555
          ],
          [
            78.4104772,
            10.60328
          ],
          [
            78.4083018,
            10.602052
          ],
          [
            78.4061377,
            10.6007416
          ],
          [
            78.4044936,
            10.5998194
          ],
          [
            78.4027208,
            10.5986881
          ],
          [
            78.4011498,
            10.5973712
          ],
          [
            78.3996745,
            10.5958404
          ],
          [
            78.3982253,
            10.5946376
          ],
          [
            78.396418,
            10.5934547
          ],
          [
            78.3944633,
            10.5924764
          ],
          [
            78.3924674,
            10.5919556
          ],
          [
            78.3907003,
            10.5914778
          ],
          [
            78.3886558,
            10.5908617
          ],
          [
            78.386977,
            10.5900474
          ],
          [
            78.3848686,
            10.5886278
          ],
          [
            78.3820076,
            10.5866726
          ],
          [
            78.3801446,
            10.5855409
          ],
          [
            78.3782286,
            10.5848743
          ],
          [
            78.3762905,
            10.5839253
          ],
          [
            78.3747857,
            10.5828525
          ],
          [
            78.3728066,
            10.5812752
          ],
          [
            78.371429,
            10.5800378
          ],
          [
            78.3699907,
            10.5788329
          ],
          [
            78.367618,
            10.5769061
          ],
          [
            78.3662317,
            10.5757009
          ],
          [
            78.3645747,
            10.5742249
          ],
          [
            78.362687,
            10.572553
          ]
        ]
      },
      "properties": {
        "section_id": "SEC_057",
        "from_station": "MPA",
        "to_station": "CII",
        "start_km": 385.526,
        "end_km": 392.787,
        "length_km": 7.261
      }
    },
    {
      "type": "Feature",
      "geometry": {
        "type": "LineString",
        "coordinates": [
          [
            78.362687,
            10.572553
          ],
          [
            78.3612247,
            10.5714392
          ],
          [
            78.3597519,
            10.5702509
          ],
          [
            78.3578606,
            10.5690562
          ],
          [
            78.355986,
            10.5680411
          ],
          [
            78.3543034,
            10.567094
          ],
          [
            78.3527519,
            10.5661212
          ],
          [
            78.3502812,
            10.5646986
          ],
          [
            78.3483445,
            10.5636921
          ],
          [
            78.3465733,
            10.5626074
          ],
          [
            78.3449354,
            10.5616654
          ],
          [
            78.3431781,
            10.5606685
          ],
          [
            78.3410062,
            10.55953
          ],
          [
            78.3388304,
            10.5579747
          ],
          [
            78.3363512,
            10.5561126
          ],
          [
            78.3348486,
            10.5548962
          ],
          [
            78.3331878,
            10.5535967
          ],
          [
            78.3309068,
            10.5520413
          ],
          [
            78.328502,
            10.5506545
          ],
          [
            78.3264888,
            10.5495492
          ],
          [
            78.3247259,
            10.548533
          ],
          [
            78.3229884,
            10.5475583
          ],
          [
            78.3209297,
            10.5469253
          ],
          [
            78.3191482,
            10.5463913
          ],
          [
            78.3155055,
            10.5452268
          ],
          [
            78.3115667,
            10.5440477
          ],
          [
            78.308589,
            10.54338
          ]
        ]
      },
      "properties": {
        "section_id": "SEC_058",
        "from_station": "CII",
        "to_station": "VPJ",
        "start_km": 392.787,
        "end_km": 399.593,
        "length_km": 6.806
      }
    },
    {
      "type": "Feature",
      "geometry": {
        "type": "LineString",
        "coordinates": [
          [
            78.308589,
            10.54338
          ],
          [
            78.3054577,
            10.542255
          ],
          [
            78.3024277,
            10.5413916
          ],
          [
            78.3001015,
            10.5406937
          ],
          [
            78.2944508,
            10.5389899
          ],
          [
            78.290642,
            10.5378613
          ],
          [
            78.2866201,
            10.5365769
          ],
          [
            78.2840974,
            10.5358941
          ],
          [
            78.2823064,
            10.535291
          ],
          [
            78.2805275,
            10.5348563
          ],
          [
            78.2775421,
            10.5343416
          ],
          [
            78.2721723,
            10.533795
          ],
          [
            78.2670305,
            10.5331334
          ],
          [
            78.2648073,
            10.5328624
          ],
          [
            78.2625486,
            10.5323552
          ],
          [
            78.2604921,
            10.5315005
          ],
          [
            78.2586141,
            10.5302477
          ],
          [
            78.2564868,
            10.5286581
          ],
          [
            78.2536312,
            10.526321
          ],
          [
            78.2516299,
            10.5247534
          ],
          [
            78.2501628,
            10.5235835
          ],
          [
            78.248436,
            10.5225956
          ],
          [
            78.246207,
            10.5217819
          ],
          [
            78.2442265,
            10.5211711
          ],
          [
            78.2413221,
            10.5204491
          ],
          [
            78.23828,
            10.519708
          ]
        ]
      },
      "properties": {
        "section_id": "SEC_059",
        "from_station": "VPJ",
        "to_station": "KFC",
        "start_km": 399.593,
        "end_km": 407.844,
        "length_km": 8.251
      }
    },
    {
      "type": "Feature",
      "geometry": {
        "type": "LineString",
        "coordinates": [
          [
            78.23828,
            10.519708
          ],
          [
            78.2352172,
            10.5180369
          ],
          [
            78.2328521,
            10.5168762
          ],
          [
            78.2305558,
            10.5158227
          ],
          [
            78.2282971,
            10.5147847
          ],
          [
            78.2260196,
            10.5137497
          ],
          [
            78.2239818,
            10.5129715
          ],
          [
            78.2218187,
            10.5121721
          ],
          [
            78.2200725,
            10.5115998
          ],
          [
            78.2181247,
            10.5103547
          ],
          [
            78.2167804,
            10.5089251
          ],
          [
            78.2156979,
            10.5069488
          ],
          [
            78.2152394,
            10.5049307
          ],
          [
            78.2126747,
            10.508746
          ],
          [
            78.2109134,
            10.50807
          ],
          [
            78.2088992,
            10.5071197
          ],
          [
            78.207212,
            10.5060507
          ],
          [
            78.2053585,
            10.5046468
          ],
          [
            78.20376,
            10.5033625
          ],
          [
            78.2013835,
            10.5018961
          ],
          [
            78.1992926,
            10.5010452
          ],
          [
            78.1978888,
            10.4958255
          ],
          [
            78.1959883,
            10.500002
          ],
          [
            78.1975138,
            10.4961985
          ],
          [
            78.1958224,
            10.4974123
          ],
          [
            78.1946672,
            10.4995701
          ],
          [
            78.195366,
            10.4976339
          ],
          [
            78.1933988,
            10.4982109
          ],
          [
            78.1911417,
            10.4982412
          ],
          [
            78.1884193,
            10.4974805
          ],
          [
            78.1847725,
            10.4962938
          ],
          [
            78.1795087,
            10.4945519
          ],
          [
            78.1746349,
            10.4930552
          ],
          [
            78.1697334,
            10.4914576
          ],
          [
            78.1676369,
            10.4907402
          ],
          [
            78.1656833,
            10.4901389
          ],
          [
            78.1638377,
            10.4893767
          ],
          [
            78.1616892,
            10.4881605
          ],
          [
            78.159326,
            10.486389
          ]
        ]
      },
      "properties": {
        "section_id": "SEC_060",
        "from_station": "KFC",
        "to_station": "AYR",
        "start_km": 407.844,
        "end_km": 419.702,
        "length_km": 11.858
      }
    },
    {
      "type": "Feature",
      "geometry": {
        "type": "LineString",
        "coordinates": [
          [
            78.159326,
            10.486389
          ],
          [
            78.157973,
            10.4848997
          ],
          [
            78.1565152,
            10.4835536
          ],
          [
            78.1544724,
            10.4817755
          ],
          [
            78.1520834,
            10.479511
          ],
          [
            78.1501821,
            10.4778985
          ],
          [
            78.1481123,
            10.4759176
          ],
          [
            78.1464206,
            10.4742394
          ],
          [
            78.1450665,
            10.4725935
          ],
          [
            78.1439027,
            10.471144
          ],
          [
            78.1417544,
            10.468515
          ],
          [
            78.140194,
            10.4669049
          ],
          [
            78.1384808,
            10.4653613
          ],
          [
            78.1369172,
            10.463963
          ],
          [
            78.1329811,
            10.4605693
          ],
          [
            78.1297299,
            10.4577624
          ],
          [
            78.1248443,
            10.4533905
          ],
          [
            78.1229125,
            10.4517439
          ],
          [
            78.120881,
            10.4500785
          ],
          [
            78.1184468,
            10.4479514
          ],
          [
            78.1161512,
            10.4459615
          ],
          [
            78.11217,
            10.4424441
          ],
          [
            78.1106232,
            10.4411786
          ],
          [
            78.1092344,
            10.4399206
          ],
          [
            78.1074744,
            10.4388679
          ],
          [
            78.1058434,
            10.4380238
          ],
          [
            78.102611,
            10.436791
          ]
        ]
      },
      "properties": {
        "section_id": "SEC_061",
        "from_station": "AYR",
        "to_station": "VDM",
        "start_km": 419.702,
        "end_km": 428.05,
        "length_km": 8.348
      }
    },
    {
      "type": "Feature",
      "geometry": {
        "type": "LineString",
        "coordinates": [
          [
            78.102611,
            10.436791
          ],
          [
            78.1038875,
            10.1917565
          ],
          [
            78.105164,
            9.946722
          ]
        ]
      },
      "properties": {
        "section_id": "SEC_062",
        "from_station": "VDM",
        "to_station": "KON",
        "start_km": 428.05,
        "end_km": 482.544,
        "length_km": 54.494
      }
    },
    {
      "type": "Feature",
      "geometry": {
        "type": "LineString",
        "coordinates": [
          [
            78.105164,
            9.946722
          ],
          [
            78.1072472,
            9.9454784
          ],
          [
            78.1090635,
            9.9446896
          ],
          [
            78.1111905,
            9.9436296
          ],
          [
            78.1129094,
            9.9427916
          ],
          [
            78.1146866,
            9.9308368
          ],
          [
            78.1139572,
            9.9287964
          ],
          [
            78.1132776,
            9.9268766
          ],
          [
            78.1126124,
            9.9251451
          ],
          [
            78.1115054,
            9.9235678
          ],
          [
            78.110567,
            9.921939
          ],
          [
            78.11022,
            9.91955
          ]
        ]
      },
      "properties": {
        "section_id": "SEC_063",
        "from_station": "KON",
        "to_station": "MDU",
        "start_km": 482.544,
        "end_km": 486.205,
        "length_km": 3.661
      }
    },
    {
      "type": "Feature",
      "geometry": {
        "type": "LineString",
        "coordinates": [
          [
            78.11022,
            9.91955
          ],
          [
            78.1096126,
            9.9178355
          ],
          [
            78.1089837,
            9.9160578
          ],
          [
            78.1090567,
            9.91408
          ],
          [
            78.1109794,
            9.91164
          ],
          [
            78.108267,
            9.914638
          ],
          [
            78.11004,
            9.9126512
          ],
          [
            78.1082781,
            9.9144843
          ],
          [
            78.1066318,
            9.9129877
          ],
          [
            78.1063916,
            9.9109211
          ],
          [
            78.1048363,
            9.9118968
          ],
          [
            78.1056111,
            9.9099735
          ],
          [
            78.1033849,
            9.9113739
          ],
          [
            78.1051487,
            9.9093168
          ],
          [
            78.1032798,
            9.9113397
          ],
          [
            78.1048198,
            9.9089964
          ],
          [
            78.1036181,
            9.9076158
          ],
          [
            78.1009723,
            9.9105581
          ],
          [
            78.1028436,
            9.9068881
          ],
          [
            78.0987818,
            9.9098381
          ],
          [
            78.1015905,
            9.9059063
          ],
          [
            78.0975891,
            9.9094613
          ],
          [
            78.1005894,
            9.9051062
          ],
          [
            78.0965805,
            9.9092185
          ],
          [
            78.0997032,
            9.9044509
          ],
          [
            78.0976161,
            9.9030255
          ],
          [
            78.0919517,
            9.9080891
          ],
          [
            78.0966927,
            9.9022716
          ],
          [
            78.0907426,
            9.9078048
          ],
          [
            78.09527,
            9.9013319
          ],
          [
            78.0883228,
            9.907225
          ],
          [
            78.0939815,
            9.9003385
          ],
          [
            78.0867062,
            9.9068462
          ],
          [
            78.0928472,
            9.8995963
          ],
          [
            78.0860405,
            9.906682
          ],
          [
            78.0922154,
            9.8990884
          ],
          [
            78.0853974,
            9.9065736
          ],
          [
            78.091383,
            9.8984772
          ],
          [
            78.0898261,
            9.8974112
          ],
          [
            78.0883637,
            9.8963326
          ],
          [
            78.0866847,
            9.8951437
          ],
          [
            78.0841084,
            9.8931955
          ],
          [
            78.0814874,
            9.8913374
          ],
          [
            78.0800663,
            9.8902017
          ],
          [
            78.0783111,
            9.8889524
          ],
          [
            78.0768198,
            9.8878743
          ],
          [
            78.0745013,
            9.8863014
          ],
          [
            78.0725051,
            9.8847922
          ],
          [
            78.0705416,
            9.8833723
          ],
          [
            78.0689747,
            9.8822358
          ],
          [
            78.0674098,
            9.8810472
          ],
          [
            78.065152,
            9.87909
          ]
        ]
      },
      "properties": {
        "section_id": "SEC_064",
        "from_station": "MDU",
        "to_station": "TDN",
        "start_km": 486.205,
        "end_km": 510.761,
        "length_km": 24.556
      }
    },
    {
      "type": "Feature",
      "geometry": {
        "type": "LineString",
        "coordinates": [
          [
            78.065152,
            9.87909
          ],
          [
            78.0600739,
            9.8711829
          ],
          [
            78.059007,
            9.8693774
          ],
          [
            78.102881,
            9.524626
          ]
        ]
      },
      "properties": {
        "section_id": "SEC_065",
        "from_station": "TDN",
        "to_station": "APK",
        "start_km": 510.761,
        "end_km": 550.669,
        "length_km": 39.908
      }
    },
    {
      "type": "Feature",
      "geometry": {
        "type": "LineString",
        "coordinates": [
          [
            78.102881,
            9.524626
          ],
          [
            78.063039,
            9.1761935
          ],
          [
            78.023197,
            8.827761
          ]
        ]
      },
      "properties": {
        "section_id": "SEC_066",
        "from_station": "APK",
        "to_station": "TIP",
        "start_km": 550.669,
        "end_km": 628.649,
        "length_km": 77.98
      }
    },
    {
      "type": "Feature",
      "geometry": {
        "type": "LineString",
        "coordinates": [
          [
            78.023197,
            8.827761
          ],
          [
            78.0254955,
            8.8269595
          ],
          [
            78.0271787,
            8.8261333
          ],
          [
            78.0292059,
            8.8252846
          ],
          [
            78.0310436,
            8.8243053
          ],
          [
            78.0328834,
            8.8234421
          ],
          [
            78.0355871,
            8.8222473
          ],
          [
            78.0382622,
            8.8213448
          ],
          [
            78.0412477,
            8.8204584
          ],
          [
            78.0505435,
            8.828071
          ],
          [
            78.0484249,
            8.8190286
          ],
          [
            78.0505299,
            8.8273932
          ],
          [
            78.0484881,
            8.8189493
          ],
          [
            78.0505551,
            8.8268076
          ],
          [
            78.0508393,
            8.8249854
          ],
          [
            78.0516207,
            8.8228455
          ],
          [
            78.0526191,
            8.8212005
          ],
          [
            78.0541442,
            8.819496
          ],
          [
            78.0559712,
            8.8182017
          ],
          [
            78.0575362,
            8.8172302
          ],
          [
            78.0598104,
            8.8167174
          ],
          [
            78.0616615,
            8.8164665
          ],
          [
            78.0656406,
            8.8155907
          ],
          [
            78.0683648,
            8.8151702
          ],
          [
            78.0710461,
            8.8146524
          ],
          [
            78.0735042,
            8.8142007
          ],
          [
            78.0756195,
            8.8137867
          ],
          [
            78.0776308,
            8.8133979
          ],
          [
            78.0799861,
            8.8129035
          ],
          [
            78.0821873,
            8.8124973
          ],
          [
            78.0852997,
            8.8119242
          ],
          [
            78.087726,
            8.811644
          ]
        ]
      },
      "properties": {
        "section_id": "SEC_067",
        "from_station": "TIP",
        "to_station": "MVN",
        "start_km": 628.649,
        "end_km": 640.733,
        "length_km": 12.084
      }
    },
    {
      "type": "Feature",
      "geometry": {
        "type": "LineString",
        "coordinates": [
          [
            78.087726,
            8.811644
          ],
          [
            78.0902544,
            8.8108037
          ],
          [
            78.0921537,
            8.8105037
          ],
          [
            78.0944969,
            8.8101261
          ],
          [
            78.0969876,
            8.8096533
          ],
          [
            78.1010331,
            8.8091747
          ],
          [
            78.1030854,
            8.8090767
          ],
          [
            78.1101836,
            8.8091582
          ],
          [
            78.1188601,
            8.8092137
          ],
          [
            78.1335594,
            8.8093825
          ],
          [
            78.1356896,
            8.8093894
          ],
          [
            78.1400842,
            8.8094728
          ],
          [
            78.1422751,
            8.8092602
          ],
          [
            78.1461426,
            8.808336
          ],
          [
            78.1480689,
            8.8078628
          ],
          [
            78.152093,
            8.8068804
          ],
          [
            78.155243,
            8.806015
          ]
        ]
      },
      "properties": {
        "section_id": "SEC_068",
        "from_station": "MVN",
        "to_station": "TN",
        "start_km": 640.733,
        "end_km": 648.228,
        "length_km": 7.495
      }
    }
  ]
}