station_code,station_name,osm_name,lat,lon,wikidata,match_status,match_method,match_confidence,source_ogd,source_osm
STR,Satara,Tondiarpet,13.1245276,80.2888557,,MATCHED,exact_code,HIGH,OGD_Train_details_22122017,OSM_chennai_thoothukudi_stations_raw.geojson
SSA,Sirsa,சைதாப்பேட்டை,13.0239952,80.2281244,Q55632346,MATCHED,exact_code,HIGH,OGD_Train_details_22122017,OSM_chennai_thoothukudi_stations_raw.geojson
SNP,Sonipat,Nehru Park,13.0787841,80.250473,Q30638924,MATCHED,exact_code,HIGH,OGD_Train_details_22122017,OSM_chennai_thoothukudi_stations_raw.geojson
SEG,Shegaon,Egmore,13.0802807,80.2630546,Q30638926,MATCHED,exact_code,HIGH,OGD_Train_details_22122017,OSM_chennai_thoothukudi_stations_raw.geojson
SA,Salem Jn.,Salem Junction,11.6707553,78.1135427,Q4520604,MATCHED,exact_code,HIGH,OGD_Train_details_22122017,OSM_chennai_thoothukudi_stations_raw.geojson
JTJ,Jolarpettai,Jolarpettai Junction,12.5639905,78.5783902,Q15229704,MATCHED,exact_code,HIGH,OGD_Train_details_22122017,OSM_chennai_thoothukudi_stations_raw.geojson
AJJ,Arakkonam Jn,Arakkonam Junction,13.0823386,79.6685253,Q15185945,MATCHED,exact_code,HIGH,OGD_Train_details_22122017,OSM_chennai_thoothukudi_stations_raw.geojson
MAS,Chennai Cent,Puratchi Thalaivar Dr. M. G. Ramachandran Central,13.0824232,80.2759622,Q257382,MATCHED,exact_code,HIGH,OGD_Train_details_22122017,OSM_chennai_thoothukudi_stations_raw.geojson
SOT,Shohratgarh,Nanganallur Road,12.9998798,80.1940099,Q19894462,MATCHED,exact_code,HIGH,OGD_Train_details_22122017,OSM_chennai_thoothukudi_stations_raw.geojson
SWA,Sahjanwa,Washermanpet,13.1078469,80.280949,Q48732079,MATCHED,exact_code,HIGH,OGD_Train_details_22122017,OSM_chennai_thoothukudi_stations_raw.geojson
SHC,Saharsa Jn.,High Court,13.0872681,80.2849845,Q62005403,MATCHED,exact_code,HIGH,OGD_Train_details_22122017,OSM_chennai_thoothukudi_stations_raw.geojson
MS,Chennai Egmo,Chennai Egmore,13.0777493,80.2612572,Q3536643,MATCHED,exact_code,HIGH,OGD_Train_details_22122017,OSM_chennai_thoothukudi_stations_raw.geojson
TBM,Tambaram,Tambaram,12.9257923,80.1179194,Q7681017,MATCHED,exact_code,HIGH,OGD_Train_details_22122017,OSM_chennai_thoothukudi_stations_raw.geojson
CGL,Chengalpattu,Chengalpatttu Junction,12.6934653,79.9805157,Q15209396,MATCHED,exact_code,HIGH,OGD_Train_details_22122017,OSM_chennai_thoothukudi_stations_raw.geojson
VM,Villupuram J,Viluppuram Junction,11.941697,79.4991491,Q16902720,MATCHED,exact_code,HIGH,OGD_Train_details_22122017,OSM_chennai_thoothukudi_stations_raw.geojson
VRI,Vridha Chala,Vriddhachalam Junction,11.5333359,79.3165229,Q15616178,MATCHED,exact_code,HIGH,OGD_Train_details_22122017,OSM_chennai_thoothukudi_stations_raw.geojson
TPJ,Tiruchirappa,Tiruchchirappalli Junction,10.7942683,78.6852944,Q7809309,MATCHED,exact_code,HIGH,OGD_Train_details_22122017,OSM_chennai_thoothukudi_stations_raw.geojson
MDU,Madurai Jn,Madurai Junction,9.9195505,78.1102197,Q6728812,MATCHED,exact_code,HIGH,OGD_Train_details_22122017,OSM_chennai_thoothukudi_stations_raw.geojson
MBM,Mambalam,Mambalam,13.0380662,80.2277752,Q6745495,MATCHED,exact_code,HIGH,OGD_Train_details_22122017,OSM_chennai_thoothukudi_stations_raw.geojson
PER,Perambur,Perambur,13.107719,80.2444143,Q7166920,MATCHED,exact_code,HIGH,OGD_Train_details_22122017,OSM_chennai_thoothukudi_stations_raw.geojson
PDY,Pondicherry,Puducherry,11.92503,79.8281565,Q16898659,MATCHED,exact_code,HIGH,OGD_Train_details_22122017,OSM_chennai_thoothukudi_stations_raw.geojson
MLMR,Melmaruvathu,Melmaruvattur,12.4286748,79.8328664,Q63355692,MATCHED,exact_code,HIGH,OGD_Train_details_22122017,OSM_chennai_thoothukudi_stations_raw.geojson
TDPR,Tiruppadirip,Tiruppadirippuliyur,11.748206,79.7540567,Q24938021,MATCHED,exact_code,HIGH,OGD_Train_details_22122017,OSM_chennai_thoothukudi_stations_raw.geojson
CUPJ,Cuddalore Po,Cuddalore Port Junction,11.7159501,79.7670526,Q17065711,MATCHED,exact_code,HIGH,OGD_Train_details_22122017,OSM_chennai_thoothukudi_stations_raw.geojson
MV,Mayiladutura,Mayiladuthurai Junction,11.0954989,79.6288292,Q15252284,MATCHED,exact_code,HIGH,OGD_Train_details_22122017,OSM_chennai_thoothukudi_stations_raw.geojson
KMU,Kumbakonam,Kumbakonam,10.954175,79.3900701,Q12420127,MATCHED,exact_code,HIGH,OGD_Train_details_22122017,OSM_chennai_thoothukudi_stations_raw.geojson
TJ,Thanjavur Jn,Thanjavur Junction,10.7781963,79.1396716,Q16901472,MATCHED,exact_code,HIGH,OGD_Train_details_22122017,OSM_chennai_thoothukudi_stations_raw.geojson
MPA,Manaparai,Manaparai,10.6073393,78.4181106,Q63356096,MATCHED,exact_code,HIGH,OGD_Train_details_22122017,OSM_chennai_thoothukudi_stations_raw.geojson
KRR,Karur Jn.,Karur Junction,10.9658076,78.0849562,Q18126624,MATCHED,exact_code,HIGH,OGD_Train_details_22122017,OSM_chennai_thoothukudi_stations_raw.geojson
MKM,Marikuppam,Marikuppam,12.9187951,78.263739,Q63357529,MATCHED,exact_code,HIGH,OGD_Train_details_22122017,OSM_chennai_thoothukudi_stations_raw.geojson
CHU,Champion,Champion,12.9363711,78.2629408,Q63357986,MATCHED,exact_code,HIGH,OGD_Train_details_22122017,OSM_chennai_thoothukudi_stations_raw.geojson
OGM,Oorgaum,Oorgaum,12.9542839,78.2599832,Q63355421,MATCHED,exact_code,HIGH,OGD_Train_details_22122017,OSM_chennai_thoothukudi_stations_raw.geojson
COL,Coromandel,Coromandel,12.9756551,78.2578048,Q87923613,MATCHED,exact_code,HIGH,OGD_Train_details_22122017,OSM_chennai_thoothukudi_stations_raw.geojson
BWT,Bangarpet Jn,Bangarpet Junction,12.9854946,78.178224,Q17049573,MATCHED,exact_code,HIGH,OGD_Train_details_22122017,OSM_chennai_thoothukudi_stations_raw.geojson
TCL,Tyakal,Tyakal,12.9845826,78.0711128,Q63369886,MATCHED,exact_code,HIGH,OGD_Train_details_22122017,OSM_chennai_thoothukudi_stations_raw.geojson
BFW,Byatrayanhal,Byatrayanahalli,12.9955268,78.0174938,Q63369884,MATCHED,exact_code,HIGH,OGD_Train_details_22122017,OSM_chennai_thoothukudi_stations_raw.geojson
TPT,Tirupattur,Tirupattur,12.4983561,78.5618167,Q24943571,MATCHED,exact_code,HIGH,OGD_Train_details_22122017,OSM_chennai_thoothukudi_stations_raw.geojson
KPN,Kuppam,Kuppam,12.74728,78.3403626,Q63369901,MATCHED,exact_code,HIGH,OGD_Train_details_22122017,OSM_chennai_thoothukudi_stations_raw.geojson
KIK,Karaikal,Karaikal,10.9170705,79.8389621,Q16893133,MATCHED,exact_code,HIGH,OGD_Train_details_22122017,OSM_chennai_thoothukudi_stations_raw.geojson
NCR,Nagore,Nagore,10.8189873,79.8460145,Q63356767,MATCHED,exact_code,HIGH,OGD_Train_details_22122017,OSM_chennai_thoothukudi_stations_raw.geojson
SAP,Sattenapalle,Chennai International Airport,12.9808092,80.1642026,Q5091440,MATCHED,exact_code,HIGH,OGD_Train_details_22122017,OSM_chennai_thoothukudi_stations_raw.geojson
VLNK,Velankanni,Velankanni,10.6868771,79.8461807,Q13119476,MATCHED,exact_code,HIGH,OGD_Train_details_22122017,OSM_chennai_thoothukudi_stations_raw.geojson
NGT,Nagappattina,Nagappattinam Junction,10.7598214,79.8456137,Q24943209,MATCHED,exact_code,HIGH,OGD_Train_details_22122017,OSM_chennai_thoothukudi_stations_raw.geojson
TVR,Thiruvarur J,Thiruvarur Junction,10.7650016,79.6336962,Q16901577,MATCHED,exact_code,HIGH,OGD_Train_details_22122017,OSM_chennai_thoothukudi_stations_raw.geojson
SY,Sirkazhi,Sirkazhi,11.2430382,79.7283976,Q18359109,MATCHED,exact_code,HIGH,OGD_Train_details_22122017,OSM_chennai_thoothukudi_stations_raw.geojson
CDM,Chidambaram,Chidambaram,11.3920706,79.703025,Q18111143,MATCHED,exact_code,HIGH,OGD_Train_details_22122017,OSM_chennai_thoothukudi_stations_raw.geojson
CJ,Kanchipuram,Kanchipuram,12.8483107,79.705073,Q15233410,MATCHED,exact_code,HIGH,OGD_Train_details_22122017,OSM_chennai_thoothukudi_stations_raw.geojson
TRT,Tiruttani,Tiruttani,13.1792949,79.6121808,Q63369567,MATCHED,exact_code,HIGH,OGD_Train_details_22122017,OSM_chennai_thoothukudi_stations_raw.geojson
VN,Vaniyambadi,Vaniyambadi,12.679344,78.6227478,Q63355617,MATCHED,exact_code,HIGH,OGD_Train_details_22122017,OSM_chennai_thoothukudi_stations_raw.geojson
SKP,Shankarpalli,Kaladipet,13.1506672,80.2993928,,MATCHED,exact_code,HIGH,OGD_Train_details_22122017,OSM_chennai_thoothukudi_stations_raw.geojson
SLI,Sangli,எல் ஐ சி,13.0643716,80.2658465,Q62005418,MATCHED,exact_code,HIGH,OGD_Train_details_22122017,OSM_chennai_thoothukudi_stations_raw.geojson
VLR,Vellore Cant,Vellore Cantonment,12.910651,79.1278469,Q7919208,MATCHED,exact_code,HIGH,OGD_Train_details_22122017,OSM_chennai_thoothukudi_stations_raw.geojson
ARV,Arni Road,Arni Road,12.6320942,79.2092743,Q63355739,MATCHED,exact_code,HIGH,OGD_Train_details_22122017,OSM_chennai_thoothukudi_stations_raw.geojson
PRL,Polur,Polur,12.5103441,79.1301703,Q63357564,MATCHED,exact_code,HIGH,OGD_Train_details_22122017,OSM_chennai_thoothukudi_stations_raw.geojson
TNM,Tiruvannamal,Tiruvannamalai,12.2384579,79.0778617,Q16867977,MATCHED,exact_code,HIGH,OGD_Train_details_22122017,OSM_chennai_thoothukudi_stations_raw.geojson
TRK,Tirukkovilur,Tirukkovilur,11.9757138,79.223494,Q63369197,MATCHED,exact_code,HIGH,OGD_Train_details_22122017,OSM_chennai_thoothukudi_stations_raw.geojson
DPJ,Dharmapuri,Dharmapuri,12.1258613,78.154221,Q15213879,MATCHED,exact_code,HIGH,OGD_Train_details_22122017,OSM_chennai_thoothukudi_stations_raw.geojson
OML,Omalur,Omalur Junction,11.7382934,78.0449299,Q18128961,MATCHED,exact_code,HIGH,OGD_Train_details_22122017,OSM_chennai_thoothukudi_stations_raw.geojson
TRL,Tiruvallur,Tiruvallur,13.1161924,79.9121601,Q7809454,MATCHED,exact_code,HIGH,OGD_Train_details_22122017,OSM_chennai_thoothukudi_stations_raw.geojson
TMV,Tindivanam,Tindivanam,12.2291607,79.6515314,Q18394505,MATCHED,exact_code,HIGH,OGD_Train_details_22122017,OSM_chennai_thoothukudi_stations_raw.geojson
CHSM,Chinnasalem,Chinna Salem,11.6314243,78.8743248,Q31292125,MATCHED,exact_code,HIGH,OGD_Train_details_22122017,OSM_chennai_thoothukudi_stations_raw.geojson
ATU,Attur,Attur,11.595226,78.5935039,Q63371891,MATCHED,exact_code,HIGH,OGD_Train_details_22122017,OSM_chennai_thoothukudi_stations_raw.geojson
ETP,Ettapur Road,Ettapur Road,11.6509608,78.4683602,Q63371894,MATCHED,exact_code,HIGH,OGD_Train_details_22122017,OSM_chennai_thoothukudi_stations_raw.geojson
APN,Ayodhyapatti,Ayodhyapattanam,11.6715816,78.2342048,Q63371900,MATCHED,exact_code,HIGH,OGD_Train_details_22122017,OSM_chennai_thoothukudi_stations_raw.geojson
SXT,Salem Town,Salem Town,11.6600537,78.1619935,Q21406838,MATCHED,exact_code,HIGH,OGD_Train_details_22122017,OSM_chennai_thoothukudi_stations_raw.geojson
PML,Papanasam,Papanasam,10.9232734,79.2689297,Q63356875,MATCHED,exact_code,HIGH,OGD_Train_details_22122017,OSM_chennai_thoothukudi_stations_raw.geojson
WJR,Walajah Road,Walaja Road Junction,12.9709314,79.3601973,Q63355884,MATCHED,exact_code,HIGH,OGD_Train_details_22122017,OSM_chennai_thoothukudi_stations_raw.geojson
SCC,Sitapur Cant,Central Metro,13.0817254,80.273916,Q5091428,MATCHED,exact_code,HIGH,OGD_Train_details_22122017,OSM_chennai_thoothukudi_stations_raw.geojson
SVA,Suwasra,Vadapalani,13.0509367,80.212065,Q17075798,MATCHED,exact_code,HIGH,OGD_Train_details_22122017,OSM_chennai_thoothukudi_stations_raw.geojson
SKM,Singarayakon,Kilpauk,13.0776371,80.2426191,Q30638925,MATCHED,exact_code,HIGH,OGD_Train_details_22122017,OSM_chennai_thoothukudi_stations_raw.geojson
ALU,Ariyalur,Ariyalur,11.1489062,79.0686377,Q18109776,MATCHED,exact_code,HIGH,OGD_Train_details_22122017,OSM_chennai_thoothukudi_stations_raw.geojson
LLI,Lalgudi,Lalgudi,10.8754197,78.8153244,Q39050066,MATCHED,exact_code,HIGH,OGD_Train_details_22122017,OSM_chennai_thoothukudi_stations_raw.geojson
SRGM,Srirangam,Srirangam,10.8577026,78.6959617,Q63356181,MATCHED,exact_code,HIGH,OGD_Train_details_22122017,OSM_chennai_thoothukudi_stations_raw.geojson
GOC,Ponmalai (Go,Ponmalai (Golden Rock),10.7915686,78.7104342,Q16898675,MATCHED,exact_code,HIGH,OGD_Train_details_22122017,OSM_chennai_thoothukudi_stations_raw.geojson
PDKT,Pudukkottai,Pudukkotai,10.3721881,78.8019821,Q17073332,MATCHED,exact_code,HIGH,OGD_Train_details_22122017,OSM_chennai_thoothukudi_stations_raw.geojson
KKDI,Karaikkudi,Karaikkudi Junction,10.0696672,78.793967,Q17064041,MATCHED,exact_code,HIGH,OGD_Train_details_22122017,OSM_chennai_thoothukudi_stations_raw.geojson
AB,Ambur,Ambur,12.784066,78.7217855,Q16868946,MATCHED,exact_code,HIGH,OGD_Train_details_22122017,OSM_chennai_thoothukudi_stations_raw.geojson
SHU,Sholingur,Sholinghur,13.0141131,79.4867622,Q63355447,MATCHED,exact_code,HIGH,OGD_Train_details_22122017,OSM_chennai_thoothukudi_stations_raw.geojson
MCN,Mukundarayap,Mukundarayapuram,12.9782491,79.2892009,Q63355886,MATCHED,exact_code,HIGH,OGD_Train_details_22122017,OSM_chennai_thoothukudi_stations_raw.geojson
GYM,Gudiattam,Gudiyattam,12.9372959,78.9143466,Q31295667,MATCHED,exact_code,HIGH,OGD_Train_details_22122017,OSM_chennai_thoothukudi_stations_raw.geojson
AVD,Avadi,Avadi,13.1182744,80.1015427,Q4827409,MATCHED,exact_code,HIGH,OGD_Train_details_22122017,OSM_chennai_thoothukudi_stations_raw.geojson
KKPM,Kallakkudi-P,Kallakkudi Palanganatham,10.9664852,78.9497032,Q63356189,MATCHED,exact_code,HIGH,OGD_Train_details_22122017,OSM_chennai_thoothukudi_stations_raw.geojson
TPTN,Tiruchirappa,Tiruchchirappalli Town,10.8293046,78.7030401,Q16901729,MATCHED,exact_code,HIGH,OGD_Train_details_22122017,OSM_chennai_thoothukudi_stations_raw.geojson
PNDM,Pennadam,Pennadam,11.3984392,79.2209625,Q63356199,MATCHED,exact_code,HIGH,OGD_Train_details_22122017,OSM_chennai_thoothukudi_stations_raw.geojson
MAP,Morappur,Morappur,12.1259048,78.394782,Q63355419,MATCHED,exact_code,HIGH,OGD_Train_details_22122017,OSM_chennai_thoothukudi_stations_raw.geojson
SGE,Sankaridrug,அரசினர் தோட்டம்,13.0696345,80.2730362,Q62005539,MATCHED,exact_code,HIGH,OGD_Train_details_22122017,OSM_chennai_thoothukudi_stations_raw.geojson
BQI,Bommidi,Bommidi,11.984149,78.2459633,Q25549463,MATCHED,exact_code,HIGH,OGD_Train_details_22122017,OSM_chennai_thoothukudi_stations_raw.geojson
MMK,Madurantakam,Madurantakam,12.5047431,79.8933341,Q18127641,MATCHED,exact_code,HIGH,OGD_Train_details_22122017,OSM_chennai_thoothukudi_stations_raw.geojson
MVN,Milavittan,Milavittan,8.811644,78.0877263,Q63358125,MATCHED,exact_code,HIGH,OGD_Train_details_22122017,OSM_chennai_thoothukudi_stations_raw.geojson
TN,Tuticorin,Tuticorin,8.8059955,78.1553488,Q15424349,MATCHED,exact_code,HIGH,OGD_Train_details_22122017,OSM_chennai_thoothukudi_stations_raw.geojson
SCM,Simhachalam,CMBT,13.0685197,80.2039836,Q5012859,MATCHED,exact_code,HIGH,OGD_Train_details_22122017,OSM_chennai_thoothukudi_stations_raw.geojson
STL,Simultala,ஆயிரம் விளக்கு,13.0585155,80.2587833,Q62005544,MATCHED,exact_code,HIGH,OGD_Train_details_22122017,OSM_chennai_thoothukudi_stations_raw.geojson
SAN,Sandila,Ashok Nagar,13.0354768,80.2111075,Q18378132,MATCHED,exact_code,HIGH,OGD_Train_details_22122017,OSM_chennai_thoothukudi_stations_raw.geojson
SLY,Samalpatti,Samalpatti,12.3109281,78.4829444,Q85799335,MATCHED,exact_code,HIGH,OGD_Train_details_22122017,OSM_chennai_thoothukudi_stations_raw.geojson
RMM,Rameswaram,Rameswaram,9.2819518,79.3090043,,MATCHED,exact_code,HIGH,OGD_Train_details_22122017,OSM_chennai_thoothukudi_stations_raw.geojson
RMD,Ramanathapur,Ramanathapuram,9.3588632,78.8375276,Q24943289,MATCHED,exact_code,HIGH,OGD_Train_details_22122017,OSM_chennai_thoothukudi_stations_raw.geojson
PMK,Paramakkudi,Paramakkudi,9.5394619,78.5910826,Q63356878,MATCHED,exact_code,HIGH,OGD_Train_details_22122017,OSM_chennai_thoothukudi_stations_raw.geojson
MNM,Manamadurai,Manamadurai Junction,9.6829999,78.4538243,Q17071642,MATCHED,exact_code,HIGH,OGD_Train_details_22122017,OSM_chennai_thoothukudi_stations_raw.geojson
SVGA,Sivaganga,Sivaganga,9.8552401,78.500591,Q28406477,MATCHED,exact_code,HIGH,OGD_Train_details_22122017,OSM_chennai_thoothukudi_stations_raw.geojson
DKO,Devakottai R,Devakottai Road,10.0380356,78.7622216,Q31293190,MATCHED,exact_code,HIGH,OGD_Train_details_22122017,OSM_chennai_thoothukudi_stations_raw.geojson
SPC,Sitapur City,Pachaiyappa's College,13.0755466,80.2328522,Q30638918,MATCHED,exact_code,HIGH,OGD_Train_details_22122017,OSM_chennai_thoothukudi_stations_raw.geojson
AVN,Anvardikanpe,Anavardikhanpettai,13.050776,79.567244,Q63355498,MATCHED,exact_code,HIGH,OGD_Train_details_22122017,OSM_chennai_thoothukudi_stations_raw.geojson
TUG,Thalangai,Thalangai,13.0085969,79.4470398,Q63355883,MATCHED,exact_code,HIGH,OGD_Train_details_22122017,OSM_chennai_thoothukudi_stations_raw.geojson
THL,Tiruvalam,Tiruvalam,12.9750062,79.2459112,Q63355922,MATCHED,exact_code,HIGH,OGD_Train_details_22122017,OSM_chennai_thoothukudi_stations_raw.geojson
MEH,Melalathur,Melattur,12.9178774,78.8752624,Q63355622,MATCHED,exact_code,HIGH,OGD_Train_details_22122017,OSM_chennai_thoothukudi_stations_raw.geojson
VLT,Valathoor,Valathoor,12.8896867,78.8396758,Q63355614,MATCHED,exact_code,HIGH,OGD_Train_details_22122017,OSM_chennai_thoothukudi_stations_raw.geojson
MPI,Melpatti,Melpatti,12.8583448,78.795185,Q63355615,MATCHED,exact_code,HIGH,OGD_Train_details_22122017,OSM_chennai_thoothukudi_stations_raw.geojson
CTRE,Chitteri,Chitteri,13.0679482,79.5981218,Q63355882,MATCHED,exact_code,HIGH,OGD_Train_details_22122017,OSM_chennai_thoothukudi_stations_raw.geojson
CTND,Chettinad,Chettinad,10.159908,78.7764148,Q31291881,MATCHED,exact_code,HIGH,OGD_Train_details_22122017,OSM_chennai_thoothukudi_stations_raw.geojson
KAL,Kallal,Kallal,9.9723172,78.6676613,Q63357975,MATCHED,exact_code,HIGH,OGD_Train_details_22122017,OSM_chennai_thoothukudi_stations_raw.geojson
MMM,Mandapam,Mandapam,9.280778,79.157276,Q63355261,MATCHED,exact_code,HIGH,OGD_Train_details_22122017,OSM_chennai_thoothukudi_stations_raw.geojson
PBM,Pamban,Pamban,9.280194,79.2138929,Q63358144,MATCHED,exact_code,HIGH,OGD_Train_details_22122017,OSM_chennai_thoothukudi_stations_raw.geojson
KZB,Kurumbur,Kurumbur,8.5856868,78.0394315,Q63355247,MATCHED,exact_code,HIGH,OGD_Train_details_22122017,OSM_chennai_thoothukudi_stations_raw.geojson
ANY,Arumuganeri,Arumuganeri,8.5794484,78.092,Q24886232,MATCHED,exact_code,HIGH,OGD_Train_details_22122017,OSM_chennai_thoothukudi_stations_raw.geojson
KZY,Kayalpattina,Kayalpattinam,8.5677868,78.1003644,Q63355210,MATCHED,exact_code,HIGH,OGD_Train_details_22122017,OSM_chennai_thoothukudi_stations_raw.geojson
TCN,Tiruchendur,Tiruchendur,8.5024637,78.1173,Q17118082,MATCHED,exact_code,HIGH,OGD_Train_details_22122017,OSM_chennai_thoothukudi_stations_raw.geojson
CBU,Chinnnababu,Chinnababu Samudram,11.9196011,79.6866894,Q63357365,MATCHED,exact_code,HIGH,OGD_Train_details_22122017,OSM_chennai_thoothukudi_stations_raw.geojson
KON,Kudalnagar,Kudalnagar,9.9467225,78.1051636,Q63355801,MATCHED,exact_code,HIGH,OGD_Train_details_22122017,OSM_chennai_thoothukudi_stations_raw.geojson
PEM,Peralam Jn.,Peralam Junction,10.9582262,79.6570624,Q23022449,MATCHED,exact_code,HIGH,OGD_Train_details_22122017,OSM_chennai_thoothukudi_stations_raw.geojson
NMJ,Nidamangalam,Nidamangalam Junction,10.7737675,79.4138444,Q24943229,MATCHED,exact_code,HIGH,OGD_Train_details_22122017,OSM_chennai_thoothukudi_stations_raw.geojson
MQ,Mannargudi,Mannargudi,10.675141,79.4553714,Q24943225,MATCHED,exact_code,HIGH,OGD_Train_details_22122017,OSM_chennai_thoothukudi_stations_raw.geojson
NKK,Narikkudi,Narikkudi,9.59257,78.2998824,Q63369306,MATCHED,exact_code,HIGH,OGD_Train_details_22122017,OSM_chennai_thoothukudi_stations_raw.geojson
TCH,Tiruchchuli,Tiruchchuli,9.5377389,78.1984023,Q63369003,MATCHED,exact_code,HIGH,OGD_Train_details_22122017,OSM_chennai_thoothukudi_stations_raw.geojson
APK,Aruppukkotta,Aruppukkottai,9.5246264,78.1028808,Q16868954,MATCHED,exact_code,HIGH,OGD_Train_details_22122017,OSM_chennai_thoothukudi_stations_raw.geojson
PRT,Panruti,Panruti,11.7731017,79.5547343,Q21886145,MATCHED,exact_code,HIGH,OGD_Train_details_22122017,OSM_chennai_thoothukudi_stations_raw.geojson
VDL,Vaithisvaran,Vithisvarankol,11.1958101,79.7038518,Q63355645,MATCHED,exact_code,HIGH,OGD_Train_details_22122017,OSM_chennai_thoothukudi_stations_raw.geojson
KTM,Kutralam,Kuthalam,11.0699202,79.5571951,Q63355139,MATCHED,exact_code,HIGH,OGD_Train_details_22122017,OSM_chennai_thoothukudi_stations_raw.geojson
ADT,Aduthurai,Aduturai,11.0090995,79.4784333,Q63354634,MATCHED,exact_code,HIGH,OGD_Train_details_22122017,OSM_chennai_thoothukudi_stations_raw.geojson
BAL,Budalur,Budalur,10.7828722,78.9810094,Q25549477,MATCHED,exact_code,HIGH,OGD_Train_details_22122017,OSM_chennai_thoothukudi_stations_raw.geojson
TP,Tiruchirappa,Tiruchchirapalli Fort,10.8256954,78.6890508,Q7809307,MATCHED,exact_code,HIGH,OGD_Train_details_22122017,OSM_chennai_thoothukudi_stations_raw.geojson
KLT,Kulitalai,Kulithalai,10.9335519,78.4210459,Q63356512,MATCHED,exact_code,HIGH,OGD_Train_details_22122017,OSM_chennai_thoothukudi_stations_raw.geojson
SME,Shimoga,Meenambakkam,12.9876728,80.1764787,Q19893884,MATCHED,exact_code,HIGH,OGD_Train_details_22122017,OSM_chennai_thoothukudi_stations_raw.geojson
TRB,Tiruverumbur,Tiruverumbur,10.787533,78.7765678,Q63355599,MATCHED,exact_code,HIGH,OGD_Train_details_22122017,OSM_chennai_thoothukudi_stations_raw.geojson
PLI,Pettaivaytal,Pettaivaytalai,10.8988575,78.4935405,Q63369382,MATCHED,exact_code,HIGH,OGD_Train_details_22122017,OSM_chennai_thoothukudi_stations_raw.geojson
TDN,Tiruparankun,Tiruparankundram,9.8790903,78.0651521,Q63371877,MATCHED,exact_code,HIGH,OGD_Train_details_22122017,OSM_chennai_thoothukudi_stations_raw.geojson
PCV,Palakkodu,Palakkodu,12.2970222,78.0716779,Q18129114,MATCHED,exact_code,HIGH,OGD_Train_details_22122017,OSM_chennai_thoothukudi_stations_raw.geojson
RASP,Rasipuram,Rasipuram,11.4537338,78.1784576,Q24950046,MATCHED,exact_code,HIGH,OGD_Train_details_22122017,OSM_chennai_thoothukudi_stations_raw.geojson
NMKL,Namakkal,Namakkal,11.2260125,78.1790621,Q18128464,MATCHED,exact_code,HIGH,OGD_Train_details_22122017,OSM_chennai_thoothukudi_stations_raw.geojson
SKPT,Somanayakkan,Somanayakkanpatti,12.5750296,78.5422541,Q63369906,MATCHED,exact_code,HIGH,OGD_Train_details_22122017,OSM_chennai_thoothukudi_stations_raw.geojson
PU,Patchur,Patchur,12.5865309,78.4697329,Q63369903,MATCHED,exact_code,HIGH,OGD_Train_details_22122017,OSM_chennai_thoothukudi_stations_raw.geojson
MAR,Mulanur,Mulanur,12.662548,78.4067546,Q63369902,MATCHED,exact_code,HIGH,OGD_Train_details_22122017,OSM_chennai_thoothukudi_stations_raw.geojson
GDP,Gudupalli,Gudupulli,12.8034773,78.2747707,Q63369900,MATCHED,exact_code,HIGH,OGD_Train_details_22122017,OSM_chennai_thoothukudi_stations_raw.geojson
KSM,Kamasamudram,Kamasamudram,12.8804954,78.2005632,Q63369898,MATCHED,exact_code,HIGH,OGD_Train_details_22122017,OSM_chennai_thoothukudi_stations_raw.geojson
MPLM,Murthipalaya,Murthipalayam,11.0214102,78.0226297,Q63358131,MATCHED,exact_code,HIGH,OGD_Train_details_22122017,OSM_chennai_thoothukudi_stations_raw.geojson
MMH,Mahadanapura,Mahadanapuram,10.9535779,78.2995421,Q63369412,MATCHED,exact_code,HIGH,OGD_Train_details_22122017,OSM_chennai_thoothukudi_stations_raw.geojson
SAT,Santroad,Anna Nagar Tower,13.08514,80.2086,Q30638909,MATCHED,exact_code,HIGH,OGD_Train_details_22122017,OSM_chennai_thoothukudi_stations_raw.geojson
BDY,Buddireddipp,Buddireddippatti,12.0463079,78.3137514,Q63355342,MATCHED,exact_code,HIGH,OGD_Train_details_22122017,OSM_chennai_thoothukudi_stations_raw.geojson
MONR,Mohanur,Mohanur,11.0689318,78.1398608,Q24950093,MATCHED,exact_code,HIGH,OGD_Train_details_22122017,OSM_chennai_thoothukudi_stations_raw.geojson
MSB,Chennai Beac,Chennai Beach,13.0915941,80.2918317,Q3532688,MATCHED,exact_code,HIGH,OGD_Train_details_22122017,OSM_chennai_thoothukudi_stations_raw.geojson
MSF,Chennai Fort,Chennai Fort,13.0835199,80.2830139,Q15148187,MATCHED,exact_code,HIGH,OGD_Train_details_22122017,OSM_chennai_thoothukudi_stations_raw.geojson
MPK,Chennai Park,Chennai Park,13.0807537,80.2730879,Q5091452,MATCHED,exact_code,HIGH,OGD_Train_details_22122017,OSM_chennai_thoothukudi_stations_raw.geojson
MSC,Chennai Chet,Chennai Chetpet,13.0743424,80.242421,Q5094188,MATCHED,exact_code,HIGH,OGD_Train_details_22122017,OSM_chennai_thoothukudi_stations_raw.geojson
NBK,Nungambakkam,Nungambakkam,13.065841,80.232839,Q7069830,MATCHED,exact_code,HIGH,OGD_Train_details_22122017,OSM_chennai_thoothukudi_stations_raw.geojson
MKK,Kodambakkam,Kodambakkam,13.0516624,80.2306892,Q6425199,MATCHED,exact_code,HIGH,OGD_Train_details_22122017,OSM_chennai_thoothukudi_stations_raw.geojson
SP,Saidapet,Saidapet,13.0233098,80.2237191,Q7399955,MATCHED,exact_code,HIGH,OGD_Train_details_22122017,OSM_chennai_thoothukudi_stations_raw.geojson
GDY,Guindy,Guindy,13.0086685,80.2126063,Q5616431,MATCHED,exact_code,HIGH,OGD_Train_details_22122017,OSM_chennai_thoothukudi_stations_raw.geojson
STM,St. Thomas M,Saint Thomas Mount,12.9947654,80.1993715,Q7591984,MATCHED,exact_code,HIGH,OGD_Train_details_22122017,OSM_chennai_thoothukudi_stations_raw.geojson
PZA,Palavanthang,Palavanthangal,12.9906385,80.1879401,Q7156987,MATCHED,exact_code,HIGH,OGD_Train_details_22122017,OSM_chennai_thoothukudi_stations_raw.geojson
MN,Minambakkam,Meenambakkam,12.9846976,80.1750925,Q6807623,MATCHED,exact_code,HIGH,OGD_Train_details_22122017,OSM_chennai_thoothukudi_stations_raw.geojson
TLM,Tirusulam,Tirusulam,12.9804609,80.1657933,Q7809428,MATCHED,exact_code,HIGH,OGD_Train_details_22122017,OSM_chennai_thoothukudi_stations_raw.geojson
PV,Pallavaram,Pallavaram,12.9675742,80.1520504,Q7127768,MATCHED,exact_code,HIGH,OGD_Train_details_22122017,OSM_chennai_thoothukudi_stations_raw.geojson
CMP,Chromepet,Chromepet,12.9521897,80.1411677,Q5113793,MATCHED,exact_code,HIGH,OGD_Train_details_22122017,OSM_chennai_thoothukudi_stations_raw.geojson
TBMS,Tambaram San,Tambaram Sanatorium,12.9369591,80.1307034,Q7681014,MATCHED,exact_code,HIGH,OGD_Train_details_22122017,OSM_chennai_thoothukudi_stations_raw.geojson
SKL,Singaperumal,Singaperumal Koil,12.7619226,80.0007799,Q15277868,MATCHED,exact_code,HIGH,OGD_Train_details_22122017,OSM_chennai_thoothukudi_stations_raw.geojson
CTM,Kattangulath,Kattangulathur,12.8055581,80.0266339,Q15234477,MATCHED,exact_code,HIGH,OGD_Train_details_22122017,OSM_chennai_thoothukudi_stations_raw.geojson
VDR,Vandalur,Vandalur,12.8916061,80.084974,Q7914337,MATCHED,exact_code,HIGH,OGD_Train_details_22122017,OSM_chennai_thoothukudi_stations_raw.geojson
GI,Guduvancheri,Guduvancheri,12.8452303,80.0576503,Q15222239,MATCHED,exact_code,HIGH,OGD_Train_details_22122017,OSM_chennai_thoothukudi_stations_raw.geojson
TMLP,Tirumalpur,Tirumalpur,12.9565668,79.6737627,Q63356220,MATCHED,exact_code,HIGH,OGD_Train_details_22122017,OSM_chennai_thoothukudi_stations_raw.geojson
PALR,Palur,Palur,12.766346,79.9069065,Q87935381,MATCHED,exact_code,HIGH,OGD_Train_details_22122017,OSM_chennai_thoothukudi_stations_raw.geojson
WJ,Walajabad,Walajabad,12.7968265,79.8185833,Q63357286,MATCHED,exact_code,HIGH,OGD_Train_details_22122017,OSM_chennai_thoothukudi_stations_raw.geojson
PYV,Palayasivara,Palayasivaram,12.7767905,79.8778012,Q63369216,MATCHED,exact_code,HIGH,OGD_Train_details_22122017,OSM_chennai_thoothukudi_stations_raw.geojson
CJE,Kanchipuram,Kanchipuram East,12.8408612,79.7121979,Q63356221,MATCHED,exact_code,HIGH,OGD_Train_details_22122017,OSM_chennai_thoothukudi_stations_raw.geojson
MTMY,Thirumayilai,Thirumayilai,13.0353976,80.2675129,Q7785353,MATCHED,exact_code,HIGH,OGD_Train_details_22122017,OSM_chennai_thoothukudi_stations_raw.geojson
VLCY,Velacheery,Velachery,12.9676192,80.2195082,Q7918772,MATCHED,exact_code,HIGH,OGD_Train_details_22122017,OSM_chennai_thoothukudi_stations_raw.geojson
BBQ,Basin Bridge,Basin Bridge Junction,13.1020272,80.2712614,Q4867482,MATCHED,exact_code,HIGH,OGD_Train_details_22122017,OSM_chennai_thoothukudi_stations_raw.geojson
KOK,Korukkupet,Korukkupet,13.1194248,80.2784559,Q6432750,MATCHED,exact_code,HIGH,OGD_Train_details_22122017,OSM_chennai_thoothukudi_stations_raw.geojson
TNP,Tondiarpet,Tondiarpet,13.1275202,80.2819242,Q7820800,MATCHED,exact_code,HIGH,OGD_Train_details_22122017,OSM_chennai_thoothukudi_stations_raw.geojson
TVT,Tiruvottiyur,Tiruvottiyur,13.1586407,80.2962076,Q7809477,MATCHED,exact_code,HIGH,OGD_Train_details_22122017,OSM_chennai_thoothukudi_stations_raw.geojson
WCN,Wimco Nagar,Wimco Nagar,13.1796833,80.3054594,Q8023547,MATCHED,exact_code,HIGH,OGD_Train_details_22122017,OSM_chennai_thoothukudi_stations_raw.geojson
RPM,Royapuram,Royapuram,13.1043166,80.2935584,Q7375145,MATCHED,exact_code,HIGH,OGD_Train_details_22122017,OSM_chennai_thoothukudi_stations_raw.geojson
WST,Washermanpet,Washermanpet,13.1089648,80.2820095,Q7971483,MATCHED,exact_code,HIGH,OGD_Train_details_22122017,OSM_chennai_thoothukudi_stations_raw.geojson
VLK,Villivakkam,Villivakkam,13.1103186,80.209155,Q7931115,MATCHED,exact_code,HIGH,OGD_Train_details_22122017,OSM_chennai_thoothukudi_stations_raw.geojson
KOTR,Korattur,Korattur,13.1131424,80.1841521,Q6431441,MATCHED,exact_code,HIGH,OGD_Train_details_22122017,OSM_chennai_thoothukudi_stations_raw.geojson
PVM,Pattaravakka,Pattaravakkam,13.1143904,80.1663975,Q7148328,MATCHED,exact_code,HIGH,OGD_Train_details_22122017,OSM_chennai_thoothukudi_stations_raw.geojson
ABU,Ambattur,Ambattur,13.1140892,80.1528611,Q4741171,MATCHED,exact_code,HIGH,OGD_Train_details_22122017,OSM_chennai_thoothukudi_stations_raw.geojson
TMVL,Thirumullaiv,Thirumullaivoyal,13.115319,80.1371368,Q7785367,MATCHED,exact_code,HIGH,OGD_Train_details_22122017,OSM_chennai_thoothukudi_stations_raw.geojson
ANNR,Annanur,Annanur,13.1163563,80.1269127,Q4767947,MATCHED,exact_code,HIGH,OGD_Train_details_22122017,OSM_chennai_thoothukudi_stations_raw.geojson
HC,Hindu Colleg,Hindu College,13.1184826,80.0744298,Q5766274,MATCHED,exact_code,HIGH,OGD_Train_details_22122017,OSM_chennai_thoothukudi_stations_raw.geojson
PRES,Pattabiram E,Pattabiram E Depot,13.1460141,80.0686194,Q7148296,MATCHED,exact_code,HIGH,OGD_Train_details_22122017,OSM_chennai_thoothukudi_stations_raw.geojson
PTMS,Pattabiram E,Pattabiram Military Siding,13.1373759,80.0601177,Q63369351,MATCHED,exact_code,HIGH,OGD_Train_details_22122017,OSM_chennai_thoothukudi_stations_raw.geojson
TI,Tiruninravur,Tiruninravur,13.123994,80.0297436,Q7785400,MATCHED,exact_code,HIGH,OGD_Train_details_22122017,OSM_chennai_thoothukudi_stations_raw.geojson
VEU,Veppampattu,Veppampattu,13.1235994,79.9984223,Q16902611,MATCHED,exact_code,HIGH,OGD_Train_details_22122017,OSM_chennai_thoothukudi_stations_raw.geojson
SVR,Sevvapet Roa,Sevvapet Road,13.1252677,79.9660618,Q7458116,MATCHED,exact_code,HIGH,OGD_Train_details_22122017,OSM_chennai_thoothukudi_stations_raw.geojson
KBT,Kadambattur,Kadambattur,13.0998547,79.8631466,Q63355480,MATCHED,exact_code,HIGH,OGD_Train_details_22122017,OSM_chennai_thoothukudi_stations_raw.geojson
TO,Tiruvalangad,Thiruvalangadu,13.0904025,79.7634037,,MATCHED,exact_code,HIGH,OGD_Train_details_22122017,OSM_chennai_thoothukudi_stations_raw.geojson
PLMG,Puliyamangal,Puliyamangalam,13.0834033,79.6849792,Q63355510,MATCHED,exact_code,HIGH,OGD_Train_details_22122017,OSM_chennai_thoothukudi_stations_raw.geojson
MSU,Mosur,Mosur,13.0849374,79.7122361,Q63355905,MATCHED,exact_code,HIGH,OGD_Train_details_22122017,OSM_chennai_thoothukudi_stations_raw.geojson
MAF,Manavur,Manavur,13.096372,79.8012593,Q63355904,MATCHED,exact_code,HIGH,OGD_Train_details_22122017,OSM_chennai_thoothukudi_stations_raw.geojson
SSI,Shirsai,Ekkattuthangal,13.0169222,80.2054236,Q19891416,MATCHED,exact_code,HIGH,OGD_Train_details_22122017,OSM_chennai_thoothukudi_stations_raw.geojson
SAR,Shahzad Naga,Arumbakkam,13.0616746,80.2116557,Q19882103,MATCHED,exact_code,HIGH,OGD_Train_details_22122017,OSM_chennai_thoothukudi_stations_raw.geojson
SVZ,Sarai Harkhu,Sivadi,12.0390657,78.1182781,Q63360814,MATCHED,exact_code,HIGH,OGD_Train_details_22122017,OSM_chennai_thoothukudi_stations_raw.geojson
SVUR,Sevur,Sevur,12.9718001,79.1901017,Q63355924,MATCHED,exact_code,HIGH,OGD_Train_details_22122017,OSM_chennai_thoothukudi_stations_raw.geojson
MDVE,Mahendravadi,Mahendravadi,13.0221211,79.517448,Q63355530,MATCHED,exact_code,HIGH,OGD_Train_details_22122017,OSM_chennai_thoothukudi_stations_raw.geojson
NNM,Nannilam,Nannilam,10.8848471,79.6511448,Q63368850,MATCHED,exact_code,HIGH,OGD_Train_details_22122017,OSM_chennai_thoothukudi_stations_raw.geojson
KU,Kulikarai,Kulikarai,10.7656087,79.584695,Q63357479,MATCHED,exact_code,HIGH,OGD_Train_details_22122017,OSM_chennai_thoothukudi_stations_raw.geojson
TMU,Tirumathikku,Tirumanthikunam,10.766989,79.5402224,Q63369397,MATCHED,exact_code,HIGH,OGD_Train_details_22122017,OSM_chennai_thoothukudi_stations_raw.geojson
KDE,Koradacheri,Koradacheri,10.7714293,79.4901604,Q63355079,MATCHED,exact_code,HIGH,OGD_Train_details_22122017,OSM_chennai_thoothukudi_stations_raw.geojson
KCHV,Kachchanavil,Kachchanavilai,8.5783118,78.0206161,Q63356464,MATCHED,exact_code,HIGH,OGD_Train_details_22122017,OSM_chennai_thoothukudi_stations_raw.geojson
MTL,Mailam,Mailam,12.1602585,79.6021399,Q63355686,MATCHED,exact_code,HIGH,OGD_Train_details_22122017,OSM_chennai_thoothukudi_stations_raw.geojson
VVN,Vikravandi,Vikravandi,12.0455151,79.5427008,Q63355682,MATCHED,exact_code,HIGH,OGD_Train_details_22122017,OSM_chennai_thoothukudi_stations_raw.geojson
MYP,Mundiampakka,Mundiyampakkam,11.9951648,79.5115683,Q63355681,MATCHED,exact_code,HIGH,OGD_Train_details_22122017,OSM_chennai_thoothukudi_stations_raw.geojson
VRA,Valavanur Ha,Valavanur,11.9178314,79.5742203,Q63357681,MATCHED,exact_code,HIGH,OGD_Train_details_22122017,OSM_chennai_thoothukudi_stations_raw.geojson
OV,Ottivakkam,Otivakkam,12.6227255,79.9752623,Q63355636,MATCHED,exact_code,HIGH,OGD_Train_details_22122017,OSM_chennai_thoothukudi_stations_raw.geojson
KGZ,Karunguzhi,Karunguzhi,12.5321066,79.911518,Q63356245,MATCHED,exact_code,HIGH,OGD_Train_details_22122017,OSM_chennai_thoothukudi_stations_raw.geojson
TZD,Tozhuppedu,Tozhuppedu,12.368915,79.7847371,Q63355690,MATCHED,exact_code,HIGH,OGD_Train_details_22122017,OSM_chennai_thoothukudi_stations_raw.geojson
OLA,Olakur,Olakur,12.3049348,79.7209364,Q63355688,MATCHED,exact_code,HIGH,OGD_Train_details_22122017,OSM_chennai_thoothukudi_stations_raw.geojson
PEI,Perani,Perani,12.1028764,79.5522437,Q63355683,MATCHED,exact_code,HIGH,OGD_Train_details_22122017,OSM_chennai_thoothukudi_stations_raw.geojson
VRPD,Virapandy Ro,Virapandy Road,11.596662,78.0745388,Q51632781,MATCHED,exact_code,HIGH,OGD_Train_details_22122017,OSM_chennai_thoothukudi_stations_raw.geojson
MALR,Mallur,Mallur,11.5541222,78.1348392,Q24950043,MATCHED,exact_code,HIGH,OGD_Train_details_22122017,OSM_chennai_thoothukudi_stations_raw.geojson
KLGN,Kalangani,Kalangani,11.3315033,78.1760284,Q24950223,MATCHED,exact_code,HIGH,OGD_Train_details_22122017,OSM_chennai_thoothukudi_stations_raw.geojson
TPE,Tiruchirappa,Tiruchchirappalli Palakarai,10.8078296,78.6941595,Q28182727,MATCHED,exact_code,HIGH,OGD_Train_details_22122017,OSM_chennai_thoothukudi_stations_raw.geojson
MTNL,Muttarasanal,Muttasaranallur,10.866458,78.6484358,Q63357550,MATCHED,exact_code,HIGH,OGD_Train_details_22122017,OSM_chennai_thoothukudi_stations_raw.geojson
EL,Elamanur,Elamanur,10.8796682,78.5738912,Q63355482,MATCHED,exact_code,HIGH,OGD_Train_details_22122017,OSM_chennai_thoothukudi_stations_raw.geojson
PGN,Perugamani,Perugamani,10.888803,78.5475192,Q63356170,MATCHED,exact_code,HIGH,OGD_Train_details_22122017,OSM_chennai_thoothukudi_stations_raw.geojson
TIC,Timmachipura,Timmachipuram,10.9526627,78.3725168,Q63360811,MATCHED,exact_code,HIGH,OGD_Train_details_22122017,OSM_chennai_thoothukudi_stations_raw.geojson
LP,Lalapet,Lalapet,10.9514935,78.3397983,Q63357487,MATCHED,exact_code,HIGH,OGD_Train_details_22122017,OSM_chennai_thoothukudi_stations_raw.geojson
SEV,Sithalavai H,Sithalavai,10.9582792,78.2740515,Q63357052,MATCHED,exact_code,HIGH,OGD_Train_details_22122017,OSM_chennai_thoothukudi_stations_raw.geojson
MYU,Mayanoor,Mayanoor,10.9550023,78.2368598,Q63356779,MATCHED,exact_code,HIGH,OGD_Train_details_22122017,OSM_chennai_thoothukudi_stations_raw.geojson
VRQ,Virarakkiyam,Virarakkiyam,10.9389074,78.1661261,Q63357272,MATCHED,exact_code,HIGH,OGD_Train_details_22122017,OSM_chennai_thoothukudi_stations_raw.geojson
KEY,Kagankarai,Kagankarai,12.4101735,78.5085185,Q63355415,MATCHED,exact_code,HIGH,OGD_Train_details_22122017,OSM_chennai_thoothukudi_stations_raw.geojson
DST,Dasampatti,Dasampatti,12.2519985,78.4396477,Q63355418,MATCHED,exact_code,HIGH,OGD_Train_details_22122017,OSM_chennai_thoothukudi_stations_raw.geojson
DPI,Doddampatti,Doddampatti,12.1812987,78.422334,Q63354650,MATCHED,exact_code,HIGH,OGD_Train_details_22122017,OSM_chennai_thoothukudi_stations_raw.geojson
LCR,Lokur,Lokur,11.9287483,78.1746844,Q63355345,MATCHED,exact_code,HIGH,OGD_Train_details_22122017,OSM_chennai_thoothukudi_stations_raw.geojson
DSPT,Danishpet,Danishpet,11.8585152,78.1380371,Q63355297,MATCHED,exact_code,HIGH,OGD_Train_details_22122017,OSM_chennai_thoothukudi_stations_raw.geojson
TNT,Tinnapatti,Tinnappatti,11.8123622,78.0983321,Q63355302,MATCHED,exact_code,HIGH,OGD_Train_details_22122017,OSM_chennai_thoothukudi_stations_raw.geojson
KPPR,Karuppur,Karuppur,11.7241736,78.0898855,Q63355303,MATCHED,exact_code,HIGH,OGD_Train_details_22122017,OSM_chennai_thoothukudi_stations_raw.geojson
SPL,Sundaraperum,Sundaraperumal Kovil,10.9398006,79.3111251,Q63360961,MATCHED,exact_code,HIGH,OGD_Train_details_22122017,OSM_chennai_thoothukudi_stations_raw.geojson
PDV,Pandaravadai,Pandaravadai,10.9135631,79.2420021,Q63357568,MATCHED,exact_code,HIGH,OGD_Train_details_22122017,OSM_chennai_thoothukudi_stations_raw.geojson
AZP,Ayyampet,Ayyampet,10.896807,79.2074454,Q63357782,MATCHED,exact_code,HIGH,OGD_Train_details_22122017,OSM_chennai_thoothukudi_stations_raw.geojson
PVL,Pasupatikovi,Pasupatikovil,10.8826518,79.1911775,Q63355488,MATCHED,exact_code,HIGH,OGD_Train_details_22122017,OSM_chennai_thoothukudi_stations_raw.geojson
TT,Titte,Titte,10.8375519,79.1817582,Q63355594,MATCHED,exact_code,HIGH,OGD_Train_details_22122017,OSM_chennai_thoothukudi_stations_raw.geojson
ALK,Alakkudi,Alakkudi,10.7772662,79.0528726,Q63357372,MATCHED,exact_code,HIGH,OGD_Train_details_22122017,OSM_chennai_thoothukudi_stations_raw.geojson
AYN,Aiyanapuram,Aiyanapuram,10.7878656,78.9388004,Q63368982,MATCHED,exact_code,HIGH,OGD_Train_details_22122017,OSM_chennai_thoothukudi_stations_raw.geojson
SGM,Solagampatti,ஏ ஜி டி.எம்.எஸ்,13.0458852,80.2482846,Q55602937,MATCHED,exact_code,HIGH,OGD_Train_details_22122017,OSM_chennai_thoothukudi_stations_raw.geojson
TOM,Tondamanpatt,Tondamanpatti,10.7861163,78.8225853,Q63355597,MATCHED,exact_code,HIGH,OGD_Train_details_22122017,OSM_chennai_thoothukudi_stations_raw.geojson
MCJ,Manjattidal,Manjattidal,10.7926541,78.7316938,Q63355317,MATCHED,exact_code,HIGH,OGD_Train_details_22122017,OSM_chennai_thoothukudi_stations_raw.geojson
STE,Sagarakatte,தேனாம்பேட்டை,13.0368003,80.2464194,Q55634996,MATCHED,exact_code,HIGH,OGD_Train_details_22122017,OSM_chennai_thoothukudi_stations_raw.geojson
KVLR,Karuvalli,Karuvalli,11.8310154,78.0280046,Q63358092,MATCHED,exact_code,HIGH,OGD_Train_details_22122017,OSM_chennai_thoothukudi_stations_raw.geojson
TPP,Toppur,Toppur,11.9315838,78.0700793,Q63357229,MATCHED,exact_code,HIGH,OGD_Train_details_22122017,OSM_chennai_thoothukudi_stations_raw.geojson
MZU,Marandahalli,Marandahalli,12.3892972,78.0173547,Q63358138,MATCHED,exact_code,HIGH,OGD_Train_details_22122017,OSM_chennai_thoothukudi_stations_raw.geojson
RYC,Rayakottai,Rayakkottai,12.5145014,78.027275,Q23748829,MATCHED,exact_code,HIGH,OGD_Train_details_22122017,OSM_chennai_thoothukudi_stations_raw.geojson
LTI,Latteri,Latteri,12.967043,79.0662384,Q63355609,MATCHED,exact_code,HIGH,OGD_Train_details_22122017,OSM_chennai_thoothukudi_stations_raw.geojson
KVN,Kavanur,Kavanur,12.949054,78.9697816,Q63355611,MATCHED,exact_code,HIGH,OGD_Train_details_22122017,OSM_chennai_thoothukudi_stations_raw.geojson
PCKM,Pachchakuppa,Pachchakuppam,12.8234747,78.7582384,Q63355926,MATCHED,exact_code,HIGH,OGD_Train_details_22122017,OSM_chennai_thoothukudi_stations_raw.geojson
VGM,Vinnamangala,Vinnamangalam,12.72821,78.6786103,Q63355616,MATCHED,exact_code,HIGH,OGD_Train_details_22122017,OSM_chennai_thoothukudi_stations_raw.geojson
KDY,Kettandapatt,Kettandapatti,12.6252815,78.5708958,Q15235823,MATCHED,exact_code,HIGH,OGD_Train_details_22122017,OSM_chennai_thoothukudi_stations_raw.geojson
BSM,Bisanattam,Bisanattam,12.8422451,78.2498583,Q63369899,MATCHED,exact_code,HIGH,OGD_Train_details_22122017,OSM_chennai_thoothukudi_stations_raw.geojson
VRDP,Varadapur,Varadapura,12.9224513,78.1914439,Q63369896,MATCHED,exact_code,HIGH,OGD_Train_details_22122017,OSM_chennai_thoothukudi_stations_raw.geojson
MZV,Maralahalli,Maralahalli,12.9869491,78.1243571,Q63369887,MATCHED,exact_code,HIGH,OGD_Train_details_22122017,OSM_chennai_thoothukudi_stations_raw.geojson
EDU,Eriodu,Eriodu,10.5157226,78.0567549,Q54389911,MATCHED,exact_code,HIGH,OGD_Train_details_22122017,OSM_chennai_thoothukudi_stations_raw.geojson
PALM,Palayam,Palayam.I,10.7188161,78.1292088,Q55628428,MATCHED,exact_code,HIGH,OGD_Train_details_22122017,OSM_chennai_thoothukudi_stations_raw.geojson
VEI,Velliyanai,Velliyanai,10.8404433,78.1155029,Q55637029,MATCHED,exact_code,HIGH,OGD_Train_details_22122017,OSM_chennai_thoothukudi_stations_raw.geojson
NID,Nidur,Nidur,11.1276246,79.6454261,Q63356796,MATCHED,exact_code,HIGH,OGD_Train_details_22122017,OSM_chennai_thoothukudi_stations_raw.geojson
ANP,Anandatandav,Anandtandavpur,11.1446741,79.6588291,Q63357745,MATCHED,exact_code,HIGH,OGD_Train_details_22122017,OSM_chennai_thoothukudi_stations_raw.geojson
CLN,Kollidam,Kollidam,11.3286036,79.719238,Q63354751,MATCHED,exact_code,HIGH,OGD_Train_details_22122017,OSM_chennai_thoothukudi_stations_raw.geojson
KJPD,Kurinjipadi,Kurinjipadi,11.5727513,79.5964024,Q63358030,MATCHED,exact_code,HIGH,OGD_Train_details_22122017,OSM_chennai_thoothukudi_stations_raw.geojson
VLU,Vadalur,Vadalur,11.5570545,79.5462983,Q63360866,MATCHED,exact_code,HIGH,OGD_Train_details_22122017,OSM_chennai_thoothukudi_stations_raw.geojson
NVL,Neyveli,Neyveli,11.5397233,79.4770587,Q63356853,MATCHED,exact_code,HIGH,OGD_Train_details_22122017,OSM_chennai_thoothukudi_stations_raw.geojson
UMG,Uttangal Man,Uttangalmangalam,11.5400932,79.4311559,Q63360842,MATCHED,exact_code,HIGH,OGD_Train_details_22122017,OSM_chennai_thoothukudi_stations_raw.geojson
MKSP,Mukhasa Paru,Mukhasa Parur,11.5661844,79.2408766,Q63371884,MATCHED,exact_code,HIGH,OGD_Train_details_22122017,OSM_chennai_thoothukudi_stations_raw.geojson
PRV,Pukkiravari,Pukkiravari,11.6336898,78.9863058,Q63371886,MATCHED,exact_code,HIGH,OGD_Train_details_22122017,OSM_chennai_thoothukudi_stations_raw.geojson
PDKM,Peddanayakka,Peddanayakkanpalaiyam,11.6476603,78.5054883,Q63371893,MATCHED,exact_code,HIGH,OGD_Train_details_22122017,OSM_chennai_thoothukudi_stations_raw.geojson
MPLI,Minnampalli,Minnampalli,11.6710212,78.2852647,Q63371899,MATCHED,exact_code,HIGH,OGD_Train_details_22122017,OSM_chennai_thoothukudi_stations_raw.geojson
SAMT,Salem Market,Salem Market,11.655,78.143917,Q63371902,MATCHED,exact_code,HIGH,OGD_Train_details_22122017,OSM_chennai_thoothukudi_stations_raw.geojson
PO,Parangippett,Parangipettai,11.4770472,79.7368465,Q63358164,MATCHED,exact_code,HIGH,OGD_Train_details_22122017,OSM_chennai_thoothukudi_stations_raw.geojson
PUG,Punggudi,Punggudi,10.7472805,78.6188562,Q63356134,MATCHED,exact_code,HIGH,OGD_Train_details_22122017,OSM_chennai_thoothukudi_stations_raw.geojson
KLS,Kolatur,Kolatur,10.7004515,78.5471973,Q63356099,MATCHED,exact_code,HIGH,OGD_Train_details_22122017,OSM_chennai_thoothukudi_stations_raw.geojson
CII,Chettiyapatt,Chettiyapatti,10.572553,78.3626866,Q63356053,MATCHED,exact_code,HIGH,OGD_Train_details_22122017,OSM_chennai_thoothukudi_stations_raw.geojson
VPJ,Vaiyampatti,Vaiyampatti,10.5433805,78.3085888,Q63356051,MATCHED,exact_code,HIGH,OGD_Train_details_22122017,OSM_chennai_thoothukudi_stations_raw.geojson
KFC,Kalpattichat,Kalpattichatram,10.5197078,78.2382799,Q63356050,MATCHED,exact_code,HIGH,OGD_Train_details_22122017,OSM_chennai_thoothukudi_stations_raw.geojson
AYR,Ayyalur,Ayyalur,10.4863885,78.1593261,Q63356049,MATCHED,exact_code,HIGH,OGD_Train_details_22122017,OSM_chennai_thoothukudi_stations_raw.geojson
VDM,Vadamadura,Vadamadurai,10.4367912,78.1026114,Q63356048,MATCHED,exact_code,HIGH,OGD_Train_details_22122017,OSM_chennai_thoothukudi_stations_raw.geojson
TMP,Tamaraipadi,Tamaraipadi,10.4007166,78.0418736,Q63356046,MATCHED,exact_code,HIGH,OGD_Train_details_22122017,OSM_chennai_thoothukudi_stations_raw.geojson
KDMD,Kandambakkam,Kandambakkam,11.8983376,79.4554807,Q63355680,MATCHED,exact_code,HIGH,OGD_Train_details_22122017,OSM_chennai_thoothukudi_stations_raw.geojson
TVNL,Tiruvennamal,Tiruvennainallur Road,11.8412704,79.4130531,Q63355679,MATCHED,exact_code,HIGH,OGD_Train_details_22122017,OSM_chennai_thoothukudi_stations_raw.geojson
PRKL,Parikkal,Parikkal,11.7757591,79.3713354,Q63356244,MATCHED,exact_code,HIGH,OGD_Train_details_22122017,OSM_chennai_thoothukudi_stations_raw.geojson
ULU,Ulundurpet,Ulundurpet,11.7020294,79.3181777,Q18356244,MATCHED,exact_code,HIGH,OGD_Train_details_22122017,OSM_chennai_thoothukudi_stations_raw.geojson
PVN,Puvanur,Pavunur,11.6009019,79.3157157,Q63355772,MATCHED,exact_code,HIGH,OGD_Train_details_22122017,OSM_chennai_thoothukudi_stations_raw.geojson
VRT,Vriddhachala,Vriddhachalam Town,11.5199907,79.3115709,Q63356202,MATCHED,exact_code,HIGH,OGD_Train_details_22122017,OSM_chennai_thoothukudi_stations_raw.geojson
TLNR,Talanallur,Talanallur,11.4697158,79.2693372,Q63356200,MATCHED,exact_code,HIGH,OGD_Train_details_22122017,OSM_chennai_thoothukudi_stations_raw.geojson
ICG,Ichchangadu,Ichchangadu,11.3705738,79.2193748,Q63356198,MATCHED,exact_code,HIGH,OGD_Train_details_22122017,OSM_chennai_thoothukudi_stations_raw.geojson
MTUR,Mathur,Mathur,11.3185214,79.2061625,Q63356197,MATCHED,exact_code,HIGH,OGD_Train_details_22122017,OSM_chennai_thoothukudi_stations_raw.geojson
SNDI,Sendurai,Sendurai,11.2552809,79.1675501,Q63356196,MATCHED,exact_code,HIGH,OGD_Train_details_22122017,OSM_chennai_thoothukudi_stations_raw.geojson
OTK,Ottakovil,Ottakovil,11.2163426,79.1011365,Q63356193,MATCHED,exact_code,HIGH,OGD_Train_details_22122017,OSM_chennai_thoothukudi_stations_raw.geojson
SLTH,Sillakkudi,Sillakkudi,11.0967205,79.0372279,Q63356192,MATCHED,exact_code,HIGH,OGD_Train_details_22122017,OSM_chennai_thoothukudi_stations_raw.geojson
KLGM,Kallagam,Kallagam,11.0251802,79.005033,Q63356190,MATCHED,exact_code,HIGH,OGD_Train_details_22122017,OSM_chennai_thoothukudi_stations_raw.geojson
PMB,Pullambadi,Pullampadi,10.9396803,78.9171105,Q63356188,MATCHED,exact_code,HIGH,OGD_Train_details_22122017,OSM_chennai_thoothukudi_stations_raw.geojson
VLDE,Valadi,Valadi,10.8725547,78.7580105,Q63356185,MATCHED,exact_code,HIGH,OGD_Train_details_22122017,OSM_chennai_thoothukudi_stations_raw.geojson
UKV,Uttamarkovil,Uttamar Kovil,10.8775291,78.7022672,Q63356183,MATCHED,exact_code,HIGH,OGD_Train_details_22122017,OSM_chennai_thoothukudi_stations_raw.geojson
SER,Samayanallur,Samayanallur,9.9820699,78.0336061,Q63356006,MATCHED,exact_code,HIGH,OGD_Train_details_22122017,OSM_chennai_thoothukudi_stations_raw.geojson
VXM,Velippalaiya,Velippalaiyam,10.7761091,79.8439491,Q63357307,MATCHED,exact_code,HIGH,OGD_Train_details_22122017,OSM_chennai_thoothukudi_stations_raw.geojson
KVL,Kizhvelur,Kizhvelur,10.7547932,79.7437158,Q63355446,MATCHED,exact_code,HIGH,OGD_Train_details_22122017,OSM_chennai_thoothukudi_stations_raw.geojson
AMT,Ammapet,Ammapet,10.7789605,79.324827,Q63355705,MATCHED,exact_code,HIGH,OGD_Train_details_22122017,OSM_chennai_thoothukudi_stations_raw.geojson
SMM,Saliyamangal,Saint Thomas Mount,12.995,80.198582,Q7591984,MATCHED,exact_code,HIGH,OGD_Train_details_22122017,OSM_chennai_thoothukudi_stations_raw.geojson
MES,Madurai East,Madurai East,9.9090767,78.1345452,Q24947834,MATCHED,exact_code,HIGH,OGD_Train_details_22122017,OSM_chennai_thoothukudi_stations_raw.geojson
ILA,Silaiman,Silaiman,9.8675104,78.2010874,Q63361482,MATCHED,exact_code,HIGH,OGD_Train_details_22122017,OSM_chennai_thoothukudi_stations_raw.geojson
TVN,Tiruppuvanam,Tiruppuvanam,9.8218179,78.2594924,Q63357209,MATCHED,exact_code,HIGH,OGD_Train_details_22122017,OSM_chennai_thoothukudi_stations_raw.geojson
TPC,Tiruppachett,Tiruppachetti,9.773777,78.3446512,Q63357212,MATCHED,exact_code,HIGH,OGD_Train_details_22122017,OSM_chennai_thoothukudi_stations_raw.geojson
SUX,Sudiyur,Sudiyur,9.600482,78.4859789,Q63357604,MATCHED,exact_code,HIGH,OGD_Train_details_22122017,OSM_chennai_thoothukudi_stations_raw.geojson
SQD,Sattirakkudi,Sattirakkudi,9.4009728,78.7053036,Q63358252,MATCHED,exact_code,HIGH,OGD_Train_details_22122017,OSM_chennai_thoothukudi_stations_raw.geojson
UCP,Uchippuli,Uchippuli,9.308832,79.0124293,Q63357232,MATCHED,exact_code,HIGH,OGD_Train_details_22122017,OSM_chennai_thoothukudi_stations_raw.geojson
TIP,Tatapparai,Tattapparai,8.827761,78.0231972,Q63360796,MATCHED,exact_code,HIGH,OGD_Train_details_22122017,OSM_chennai_thoothukudi_stations_raw.geojson
KRMG,Kumaramangal,Kumaramangalam,10.6966398,78.7240373,Q63356542,MATCHED,exact_code,HIGH,OGD_Train_details_22122017,OSM_chennai_thoothukudi_stations_raw.geojson
KRUR,Keeranur,Keeranur,10.5775765,78.7857628,Q63356579,MATCHED,exact_code,HIGH,OGD_Train_details_22122017,OSM_chennai_thoothukudi_stations_raw.geojson
VEL,Vellanur,Vellanur,10.4676987,78.7965595,Q63357255,MATCHED,exact_code,HIGH,OGD_Train_details_22122017,OSM_chennai_thoothukudi_stations_raw.geojson
TYM,Tirumaiyam,Tirumayam,10.2409345,78.758798,Q63355675,MATCHED,exact_code,HIGH,OGD_Train_details_22122017,OSM_chennai_thoothukudi_stations_raw.geojson
PNGI,Panangudi,Panangudi,9.9213798,78.6125703,Q63358188,MATCHED,exact_code,HIGH,OGD_Train_details_22122017,OSM_chennai_thoothukudi_stations_raw.geojson
SXR,Serndanur,Serndanur,11.8704144,79.5175013,Q63355549,MATCHED,exact_code,HIGH,OGD_Train_details_22122017,OSM_chennai_thoothukudi_stations_raw.geojson
TUY,Thiruthuraiy,Thiruthuraiyur,11.8242105,79.5348963,Q63356647,MATCHED,exact_code,HIGH,OGD_Train_details_22122017,OSM_chennai_thoothukudi_stations_raw.geojson
MBU,Melpattambak,Melpattambakkam,11.785398,79.6243363,Q63369048,MATCHED,exact_code,HIGH,OGD_Train_details_22122017,OSM_chennai_thoothukudi_stations_raw.geojson
NPM,Nellikuppam,Nellikuppam,11.7737083,79.6699222,Q63356792,MATCHED,exact_code,HIGH,OGD_Train_details_22122017,OSM_chennai_thoothukudi_stations_raw.geojson
CQS,Capper Quarr,Capper Quarry,11.6810217,79.7477414,Q63368980,MATCHED,exact_code,HIGH,OGD_Train_details_22122017,OSM_chennai_thoothukudi_stations_raw.geojson
ALP,Alappakkam,Alapakkam,11.6188148,79.7276541,Q63355701,MATCHED,exact_code,HIGH,OGD_Train_details_22122017,OSM_chennai_thoothukudi_stations_raw.geojson
KII,Kille,Kille,11.438452,79.7232584,Q63356468,MATCHED,exact_code,HIGH,OGD_Train_details_22122017,OSM_chennai_thoothukudi_stations_raw.geojson
KNB,Kaniyambadi,Kaniyambadi,12.8128004,79.1251588,Q63369139,MATCHED,exact_code,HIGH,OGD_Train_details_22122017,OSM_chennai_thoothukudi_stations_raw.geojson
KMM,Kannamangala,Kannamangalam,12.7537495,79.1616336,Q63357579,MATCHED,exact_code,HIGH,OGD_Train_details_22122017,OSM_chennai_thoothukudi_stations_raw.geojson
AGM,Agaram Sibba,Agaram Sibbandi,12.3909457,79.1022989,Q63361325,MATCHED,exact_code,HIGH,OGD_Train_details_22122017,OSM_chennai_thoothukudi_stations_raw.geojson
TJM,Turinjapuram,Turinjapuram,12.3172929,79.0846644,Q16867996,MATCHED,exact_code,HIGH,OGD_Train_details_22122017,OSM_chennai_thoothukudi_stations_raw.geojson
TNI,Tandarai,Tandarai,12.1119059,79.1553603,Q63369259,MATCHED,exact_code,HIGH,OGD_Train_details_22122017,OSM_chennai_thoothukudi_stations_raw.geojson
MMP,Mambalappatt,Mambalappattu,11.9524831,79.373901,Q63357503,MATCHED,exact_code,HIGH,OGD_Train_details_22122017,OSM_chennai_thoothukudi_stations_raw.geojson
VKM,Venkateshapu,Venkatesapuram,11.9311783,79.4427667,Q63361193,MATCHED,exact_code,HIGH,OGD_Train_details_22122017,OSM_chennai_thoothukudi_stations_raw.geojson
RAM,Ramapuram,Ramapuram Railway Station,13.098106,79.1794325,Q63369910,MATCHED,exact_code,HIGH,OGD_Train_details_22122017,OSM_chennai_thoothukudi_stations_raw.geojson
SIE,Siddampalli,Siddampalli,13.1598669,79.1371192,Q63369913,MATCHED,exact_code,HIGH,OGD_Train_details_22122017,OSM_chennai_thoothukudi_stations_raw.geojson
SLM,Somalapuram,சின்னமலை,13.0146634,80.2241669,Q30639073,MATCHED,exact_code,HIGH,OGD_Train_details_22122017,OSM_chennai_thoothukudi_stations_raw.geojson
SAL,Salwa,Alandur,13.0042558,80.2014525,Q4708199,MATCHED,exact_code,HIGH,OGD_Train_details_22122017,OSM_chennai_thoothukudi_stations_raw.geojson
SSN,Sason,Shenoy Nagar Metro,13.0789536,80.225201,Q30623617,MATCHED,exact_code,HIGH,OGD_Train_details_22122017,OSM_chennai_thoothukudi_stations_raw.geojson
KQZ,Kolar,Kolar,13.123993,78.1329276,Q63361502,MATCHED,exact_code,HIGH,OGD_Train_details_22122017,OSM_chennai_thoothukudi_stations_raw.geojson
MEKM,Melakkonnakk,Melakkonnakkulam,9.7323367,78.4663467,Q63357526,MATCHED,exact_code,HIGH,OGD_Train_details_22122017,OSM_chennai_thoothukudi_stations_raw.geojson
SWV,Sawantwadi R,,,,,UNMATCHED,none,NONE,OGD_Train_details_22122017,
THVM,Thivim,,,,,UNMATCHED,none,NONE,OGD_Train_details_22122017,
KRMI,Karmali,,,,,UNMATCHED,none,NONE,OGD_Train_details_22122017,
MAO,Madgoan Jn.,,,,,UNMATCHED,none,NONE,OGD_Train_details_22122017,
KUDL,Kudal,Kudalnagar,9.9467225,78.1051636,Q63355801,MATCHED,fuzzy_name,MEDIUM,OGD_Train_details_22122017,OSM_chennai_thoothukudi_stations_raw.geojson
SNDD,Sindhu Durg,,,,,UNMATCHED,none,NONE,OGD_Train_details_22122017,
KKW,Kankavali,,,,,UNMATCHED,none,NONE,OGD_Train_details_22122017,
VBW,Vaibhavwadi,,,,,UNMATCHED,none,NONE,OGD_Train_details_22122017,
RAJP,Rajapur Road,,,,,UNMATCHED,none,NONE,OGD_Train_details_22122017,
RN,Ratnagiri,,,,,UNMATCHED,none,NONE,OGD_Train_details_22122017,
SGR,Sangmeshwar,,,,,UNMATCHED,none,NONE,OGD_Train_details_22122017,
CHI,Chiplun,,,,,UNMATCHED,none,NONE,OGD_Train_details_22122017,
KHED,Khed,,,,,UNMATCHED,none,NONE,OGD_Train_details_22122017,
MNI,Mangaon,,,,,UNMATCHED,none,NONE,OGD_Train_details_22122017,
ROHA,Roha,,,,,UNMATCHED,none,NONE,OGD_Train_details_22122017,
PNVL,Panvel,,,,,UNMATCHED,none,NONE,OGD_Train_details_22122017,
KJT,Karjat,,,,,UNMATCHED,none,NONE,OGD_Train_details_22122017,
LNL,Lonavla,,,,,UNMATCHED,none,NONE,OGD_Train_details_22122017,
PUNE,Pune Jn.,,,,,UNMATCHED,none,NONE,OGD_Train_details_22122017,
MRJ,Miraj Jn.,,,,,UNMATCHED,none,NONE,OGD_Train_details_22122017,
KOP,Chhatrapati,,,,,UNMATCHED,none,NONE,OGD_Train_details_22122017,
DSJ,Delhi-Safdar,,,,,UNMATCHED,none,NONE,OGD_Train_details_22122017,
GADJ,Gandhinagar,,,,,UNMATCHED,none,NONE,OGD_Train_details_22122017,
JP,Jaipur Jn.,,,,,UNMATCHED,none,NONE,OGD_Train_details_22122017,
DPA,Durgapura,,,,,UNMATCHED,none,NONE,OGD_Train_details_22122017,
SWM,Sawai Madhop,,,,,UNMATCHED,none,NONE,OGD_Train_details_22122017,
COR,Chittaurgarh,,,,,UNMATCHED,none,NONE,OGD_Train_details_22122017,
UDZ,Udaipur City,,,,,UNMATCHED,none,NONE,OGD_Train_details_22122017,
JSM,Jaisalmer,,,,,UNMATCHED,none,NONE,OGD_Train_details_22122017,
MDB,Mandor,,,,,UNMATCHED,none,NONE,OGD_Train_details_22122017,
FL,Phulera Jn.,,,,,UNMATCHED,none,NONE,OGD_Train_details_22122017,
BTE,Bharatpur Jn,,,,,UNMATCHED,none,NONE,OGD_Train_details_22122017,
IDH,Idgah,,,,,UNMATCHED,none,NONE,OGD_Train_details_22122017,
AGC,Agra Cantt,,,,,UNMATCHED,none,NONE,OGD_Train_details_22122017,
AWB,Aurangabad,,,,,UNMATCHED,none,NONE,OGD_Train_details_22122017,
MMR,Manmad Jn.,,,,,UNMATCHED,none,NONE,OGD_Train_details_22122017,
BSL,Bhusaval Jn.,,,,,UNMATCHED,none,NONE,OGD_Train_details_22122017,
KNW,Khandwa Jn.,,,,,UNMATCHED,none,NONE,OGD_Train_details_22122017,
JHS,Jhansi Jn,,,,,UNMATCHED,none,NONE,OGD_Train_details_22122017,
CNB,Kanpur Centr,,,,,UNMATCHED,none,NONE,OGD_Train_details_22122017,
LKO,Lucknow Jn.,,,,,UNMATCHED,none,NONE,OGD_Train_details_22122017,
BBK,Bara Banki J,,,,,UNMATCHED,none,NONE,OGD_Train_details_22122017,
AY,Ayodhya,Ayodhyapattanam,11.6715816,78.2342048,Q63371900,MATCHED,fuzzy_name,MEDIUM,OGD_Train_details_22122017,OSM_chennai_thoothukudi_stations_raw.geojson
SHG,Shahganj Jn.,,,,,UNMATCHED,none,NONE,OGD_Train_details_22122017,
JNU,Jaunpur Jn.,,,,,UNMATCHED,none,NONE,OGD_Train_details_22122017,
BSB,Varanasi Jn.,,,,,UNMATCHED,none,NONE,OGD_Train_details_22122017,
FGR,Fatehgarh,,,,,UNMATCHED,none,NONE,OGD_Train_details_22122017,
KSJ,Kasganj Jn.,,,,,UNMATCHED,none,NONE,OGD_Train_details_22122017,
BE,Bareilly Jn.,,,,,UNMATCHED,none,NONE,OGD_Train_details_22122017,
SVDK,Shri Mata Va,,,,,UNMATCHED,none,NONE,OGD_Train_details_22122017,
HSR,Hisar Jn,,,,,UNMATCHED,none,NONE,OGD_Train_details_22122017,
BNW,Bhiwani Jn.,,,,,UNMATCHED,none,NONE,OGD_Train_details_22122017,
ROK,Rohtak Jn.,,,,,UNMATCHED,none,NONE,OGD_Train_details_22122017,
MGS,Mughal Sarai,,,,,UNMATCHED,none,NONE,OGD_Train_details_22122017,
RJPB,Rajendranaga,,,,,UNMATCHED,none,NONE,OGD_Train_details_22122017,
PNP,Panipat Jn.,,,,,UNMATCHED,none,NONE,OGD_Train_details_22122017,
KUN,Karnal,,,,,UNMATCHED,none,NONE,OGD_Train_details_22122017,
KKDE,Kurukshetra,,,,,UNMATCHED,none,NONE,OGD_Train_details_22122017,
UMB,Ambala Cantt,,,,,UNMATCHED,none,NONE,OGD_Train_details_22122017,
PNBE,Patna Jn.,,,,,UNMATCHED,none,NONE,OGD_Train_details_22122017,
BTI,Bathinda Jn,,,,,UNMATCHED,none,NONE,OGD_Train_details_22122017,
PTA,Patiala,,,,,UNMATCHED,none,NONE,OGD_Train_details_22122017,
URK,Urkura,,,,,UNMATCHED,none,NONE,OGD_Train_details_22122017,
PJP,Panjipara,,,,,UNMATCHED,none,NONE,OGD_Train_details_22122017,
ASR,Amritsar Jn.,,,,,UNMATCHED,none,NONE,OGD_Train_details_22122017,
CSMT,Cst-Mumbai,,,,,UNMATCHED,none,NONE,OGD_Train_details_22122017,
DR,Dadar,,,,,UNMATCHED,none,NONE,OGD_Train_details_22122017,
TNA,Thane,,,,,UNMATCHED,none,NONE,OGD_Train_details_22122017,
KYN,Kalyan Jn,,,,,UNMATCHED,none,NONE,OGD_Train_details_22122017,
IGP,Igatpuri,,,,,UNMATCHED,none,NONE,OGD_Train_details_22122017,
NK,Nasik Road,,,,,UNMATCHED,none,NONE,OGD_Train_details_22122017,
JL,Jalgaon Jn.,,,,,UNMATCHED,none,NONE,OGD_Train_details_22122017,
MKU,Malkapur,,,,,UNMATCHED,none,NONE,OGD_Train_details_22122017,
AK,Akola Jn.,,,,,UNMATCHED,none,NONE,OGD_Train_details_22122017,
MZR,Murtajapur J,,,,,UNMATCHED,none,NONE,OGD_Train_details_22122017,
BD,Badnera Jn.,,,,,UNMATCHED,none,NONE,OGD_Train_details_22122017,
DMN,Dhamangaon,,,,,UNMATCHED,none,NONE,OGD_Train_details_22122017,
PLO,Pulgaon Jn.,,,,,UNMATCHED,none,NONE,OGD_Train_details_22122017,
WR,Wardha Jn.,,,,,UNMATCHED,none,NONE,OGD_Train_details_22122017,
NGP,Nagpur Jn.(C,,,,,UNMATCHED,none,NONE,OGD_Train_details_22122017,
LTT,Lokmanya Til,,,,,UNMATCHED,none,NONE,OGD_Train_details_22122017,
AJNI,Ajni,,,,,UNMATCHED,none,NONE,OGD_Train_details_22122017,
CSN,Chalisgaon J,,,,,UNMATCHED,none,NONE,OGD_Train_details_22122017,
KAWR,Kawr,,,,,UNMATCHED,none,NONE,OGD_Train_details_22122017,
KT,Kumta,,,,,UNMATCHED,none,NONE,OGD_Train_details_22122017,
KUDA,Kundapura,,,,,UNMATCHED,none,NONE,OGD_Train_details_22122017,
UD,Udupi,,,,,UNMATCHED,none,NONE,OGD_Train_details_22122017,
MULK,Mulki,,,,,UNMATCHED,none,NONE,OGD_Train_details_22122017,
MAJN,Mangalore Jn,,,,,UNMATCHED,none,NONE,OGD_Train_details_22122017,
MTJ,Mathura Jn.,Mathur,11.3185214,79.2061625,Q63356197,MATCHED,fuzzy_name,MEDIUM,OGD_Train_details_22122017,OSM_chennai_thoothukudi_stations_raw.geojson
GWL,Gwalior Jn,,,,,UNMATCHED,none,NONE,OGD_Train_details_22122017,
BPL,Bhopal,,,,,UNMATCHED,none,NONE,OGD_Train_details_22122017,
ET,Itarsi,,,,,UNMATCHED,none,NONE,OGD_Train_details_22122017,
DD,Daund Jn.,,,,,UNMATCHED,none,NONE,OGD_Train_details_22122017,
KK,Khadki,,,,,UNMATCHED,none,NONE,OGD_Train_details_22122017,
ANG,Ahmadnagar,,,,,UNMATCHED,none,NONE,OGD_Train_details_22122017,
KPG,Kopargaon,,,,,UNMATCHED,none,NONE,OGD_Train_details_22122017,
HD,Harda,,,,,UNMATCHED,none,NONE,OGD_Train_details_22122017,
PPI,Pipariya,,,,,UNMATCHED,none,NONE,OGD_Train_details_22122017,
NU,Narsinghpur,,,,,UNMATCHED,none,NONE,OGD_Train_details_22122017,
MML,Madanmahal,,,,,UNMATCHED,none,NONE,OGD_Train_details_22122017,
JBP,Jabalpur,,,,,UNMATCHED,none,NONE,OGD_Train_details_22122017,
BDTS,Bandra Termi,,,,,UNMATCHED,none,NONE,OGD_Train_details_22122017,
BVI,Borivli,,,,,UNMATCHED,none,NONE,OGD_Train_details_22122017,
VAPI,Vapi,,,,,UNMATCHED,none,NONE,OGD_Train_details_22122017,
ST,Surat,,,,,UNMATCHED,none,NONE,OGD_Train_details_22122017,
BRC,Vadodara Jn.,,,,,UNMATCHED,none,NONE,OGD_Train_details_22122017,
RTM,Ratlam Jn,,,,,UNMATCHED,none,NONE,OGD_Train_details_22122017,
UJN,Ujjain Jn,,,,,UNMATCHED,none,NONE,OGD_Train_details_22122017,
BIH,Bairagarh,,,,,UNMATCHED,none,NONE,OGD_Train_details_22122017,
HBD,Hoshangabad,,,,,UNMATCHED,none,NONE,OGD_Train_details_22122017,
KMZ,Katni Murwar,,,,,UNMATCHED,none,NONE,OGD_Train_details_22122017,
DMO,Damoh,,,,,UNMATCHED,none,NONE,OGD_Train_details_22122017,
SGO,Saugor,,,,,UNMATCHED,none,NONE,OGD_Train_details_22122017,
MAKR,Malkhedi,,,,,UNMATCHED,none,NONE,OGD_Train_details_22122017,
LAR,Lalitpur,,,,,UNMATCHED,none,NONE,OGD_Train_details_22122017,
NDLS,New Delhi,,,,,UNMATCHED,none,NONE,OGD_Train_details_22122017,
LDH,Ludhiana Jn.,,,,,UNMATCHED,none,NONE,OGD_Train_details_22122017,
JUC,Jalandhar Ci,,,,,UNMATCHED,none,NONE,OGD_Train_details_22122017,
BEAS,Beas Jn,,,,,UNMATCHED,none,NONE,OGD_Train_details_22122017,
ATT,Atari Jn,,,,,UNMATCHED,none,NONE,OGD_Train_details_22122017,
SHR,Sihoraroad,,,,,UNMATCHED,none,NONE,OGD_Train_details_22122017,
KTE,Katni,,,,,UNMATCHED,none,NONE,OGD_Train_details_22122017,
UMR,Umaria,,,,,UNMATCHED,none,NONE,OGD_Train_details_22122017,
SDL,Shahdol,,,,,UNMATCHED,none,NONE,OGD_Train_details_22122017,
APR,Anuppur Jn.,,,,,UNMATCHED,none,NONE,OGD_Train_details_22122017,
PND,Pendra Road,,,,,UNMATCHED,none,NONE,OGD_Train_details_22122017,
BSP,Bilaspur Jn.,,,,,UNMATCHED,none,NONE,OGD_Train_details_22122017,
CPH,Champa Jn.,,,,,UNMATCHED,none,NONE,OGD_Train_details_22122017,
RIG,Raigarh,,,,,UNMATCHED,none,NONE,OGD_Train_details_22122017,
JSG,Jharsuguda J,,,,,UNMATCHED,none,NONE,OGD_Train_details_22122017,
ROU,Rourkela,,,,,UNMATCHED,none,NONE,OGD_Train_details_22122017,
CKP,Chakaradharp,,,,,UNMATCHED,none,NONE,OGD_Train_details_22122017,
TATA,Tatanagar Jn,,,,,UNMATCHED,none,NONE,OGD_Train_details_22122017,
KGP,Kharagpur,,,,,UNMATCHED,none,NONE,OGD_Train_details_22122017,
SRC,Santragachi,,,,,UNMATCHED,none,NONE,OGD_Train_details_22122017,
REWA,Rewa,,,,,UNMATCHED,none,NONE,OGD_Train_details_22122017,
STA,Satna,,,,,UNMATCHED,none,NONE,OGD_Train_details_22122017,
MYR,Maihar,,,,,UNMATCHED,none,NONE,OGD_Train_details_22122017,
JKE,Jukehi,,,,,UNMATCHED,none,NONE,OGD_Train_details_22122017,
BINA,Bina,,,,,UNMATCHED,none,NONE,OGD_Train_details_22122017,
BHS,Vidisha,,,,,UNMATCHED,none,NONE,OGD_Train_details_22122017,
TVC,Trivandrum C,,,,,UNMATCHED,none,NONE,OGD_Train_details_22122017,
QLN,Quilon,,,,,UNMATCHED,none,NONE,OGD_Train_details_22122017,
KYJ,Kayankulam J,,,,,UNMATCHED,none,NONE,OGD_Train_details_22122017,
MVLK,Mavelikara,,,,,UNMATCHED,none,NONE,OGD_Train_details_22122017,
CNGR,Chengannur,,,,,UNMATCHED,none,NONE,OGD_Train_details_22122017,
TRVL,Tiruvalla,,,,,UNMATCHED,none,NONE,OGD_Train_details_22122017,
KTYM,Kottayam,,,,,UNMATCHED,none,NONE,OGD_Train_details_22122017,
ERN,Ernakulam To,,,,,UNMATCHED,none,NONE,OGD_Train_details_22122017,
AWY,Alwaye,,,,,UNMATCHED,none,NONE,OGD_Train_details_22122017,
TCR,Trichur,,,,,UNMATCHED,none,NONE,OGD_Train_details_22122017,
PGT,Palakkad Jn,,,,,UNMATCHED,none,NONE,OGD_Train_details_22122017,
CBE,Coimbatore,,,,,UNMATCHED,none,NONE,OGD_Train_details_22122017,
TUP,Tiruppur,,,,,UNMATCHED,none,NONE,OGD_Train_details_22122017,
ED,Erode Jn.,,,,,UNMATCHED,none,NONE,OGD_Train_details_22122017,
KPD,Katpadi Jn,,,,,UNMATCHED,none,NONE,OGD_Train_details_22122017,
OGL,Ongole,,,,,UNMATCHED,none,NONE,OGD_Train_details_22122017,
BZA,Vijaywada Jn,,,,,UNMATCHED,none,NONE,OGD_Train_details_22122017,
RJY,Rajahmundry,,,,,UNMATCHED,none,NONE,OGD_Train_details_22122017,
VSKP,Visakhapatna,,,,,UNMATCHED,none,NONE,OGD_Train_details_22122017,
VZM,Vizianagaram,,,,,UNMATCHED,none,NONE,OGD_Train_details_22122017,
CHE,Srikakulam R,,,,,UNMATCHED,none,NONE,OGD_Train_details_22122017,
PSA,Palasa,,,,,UNMATCHED,none,NONE,OGD_Train_details_22122017,
BAM,Berhampur,,,,,UNMATCHED,none,NONE,OGD_Train_details_22122017,
BALU,Balugan,,,,,UNMATCHED,none,NONE,OGD_Train_details_22122017,
KUR,Khurda Road,,,,,UNMATCHED,none,NONE,OGD_Train_details_22122017,
BBS,Bhubaneswar,,,,,UNMATCHED,none,NONE,OGD_Train_details_22122017,
CTC,Cuttack Jn.,,,,,UNMATCHED,none,NONE,OGD_Train_details_22122017,
JJKR,Jajpur Keonj,,,,,UNMATCHED,none,NONE,OGD_Train_details_22122017,
BHC,Bhadrakh,,,,,UNMATCHED,none,NONE,OGD_Train_details_22122017,
BLS,Balasore,,,,,UNMATCHED,none,NONE,OGD_Train_details_22122017,
HWH,Howrah Jn.,,,,,UNMATCHED,none,NONE,OGD_Train_details_22122017,
BHP,Bolpur,,,,,UNMATCHED,none,NONE,OGD_Train_details_22122017,
RPH,Rampur Hat,,,,,UNMATCHED,none,NONE,OGD_Train_details_22122017,
PKR,Pakur,,,,,UNMATCHED,none,NONE,OGD_Train_details_22122017,
NFK,New Farakka,,,,,UNMATCHED,none,NONE,OGD_Train_details_22122017,
MLDT,Malda Town,,,,,UNMATCHED,none,NONE,OGD_Train_details_22122017,
KNE,Kishanganj,,,,,UNMATCHED,none,NONE,OGD_Train_details_22122017,
NJP,New Jalpaigu,,,,,UNMATCHED,none,NONE,OGD_Train_details_22122017,
DQG,Dhupguri,,,,,UNMATCHED,none,NONE,OGD_Train_details_22122017,
NCB,New Cooch Be,,,,,UNMATCHED,none,NONE,OGD_Train_details_22122017,
NOQ,New Alipurdu,,,,,UNMATCHED,none,NONE,OGD_Train_details_22122017,
KOJ,Kokrajhar,,,,,UNMATCHED,none,NONE,OGD_Train_details_22122017,
NBQ,New Bongaiga,,,,,UNMATCHED,none,NONE,OGD_Train_details_22122017,
BPRD,Barpeta Road,,,,,UNMATCHED,none,NONE,OGD_Train_details_22122017,
RNY,Rangiya Jn.,,,,,UNMATCHED,none,NONE,OGD_Train_details_22122017,
KYQ,Kamakhya Jn,,,,,UNMATCHED,none,NONE,OGD_Train_details_22122017,
GHY,Guwahati,,,,,UNMATCHED,none,NONE,OGD_Train_details_22122017,
HJI,Hojai,,,,,UNMATCHED,none,NONE,OGD_Train_details_22122017,
LMG,Lumding Jn.,,,,,UNMATCHED,none,NONE,OGD_Train_details_22122017,
NHGJ,New Harangaj,,,,,UNMATCHED,none,NONE,OGD_Train_details_22122017,
BPB,Badarpur Jn.,,,,,UNMATCHED,none,NONE,OGD_Train_details_22122017,
SCL,Silchar,,,,,UNMATCHED,none,NONE,OGD_Train_details_22122017,
PLNI,Palani,Vadapalani,13.0509367,80.212065,Q17075798,MATCHED,fuzzy_name,MEDIUM,OGD_Train_details_22122017,OSM_chennai_thoothukudi_stations_raw.geojson
UDT,Udumalaippet,,,,,UNMATCHED,none,NONE,OGD_Train_details_22122017,
POY,Pollachi,,,,,UNMATCHED,none,NONE,OGD_Train_details_22122017,
HYB,Hyderabad De,,,,,UNMATCHED,none,NONE,OGD_Train_details_22122017,
SC,Secunderabad,,,,,UNMATCHED,none,NONE,OGD_Train_details_22122017,
MED,Medchal,,,,,UNMATCHED,none,NONE,OGD_Train_details_22122017,
KMC,Kamareddi,,,,,UNMATCHED,none,NONE,OGD_Train_details_22122017,
NZB,Nizamabad,,,,,UNMATCHED,none,NONE,OGD_Train_details_22122017,
DAB,Dharmabad,,,,,UNMATCHED,none,NONE,OGD_Train_details_22122017,
MUE,Mudkhed Jn.,,,,,UNMATCHED,none,NONE,OGD_Train_details_22122017,
NED,Nanded,,,,,UNMATCHED,none,NONE,OGD_Train_details_22122017,
PAU,Purna  Jn.,,,,,UNMATCHED,none,NONE,OGD_Train_details_22122017,
BMF,Basmat,,,,,UNMATCHED,none,NONE,OGD_Train_details_22122017,
HNL,Hingoli(Decc,,,,,UNMATCHED,none,NONE,OGD_Train_details_22122017,
WHM,Washim,,,,,UNMATCHED,none,NONE,OGD_Train_details_22122017,
BAU,Burhanpur,,,,,UNMATCHED,none,NONE,OGD_Train_details_22122017,
NAD,Nagda Jn,,,,,UNMATCHED,none,NONE,OGD_Train_details_22122017,
MDS,Mandsor,,,,,UNMATCHED,none,NONE,OGD_Train_details_22122017,
NMH,Nimach,,,,,UNMATCHED,none,NONE,OGD_Train_details_22122017,
BHL,Bhilwara,,,,,UNMATCHED,none,NONE,OGD_Train_details_22122017,
AII,Ajmer Jn.,,,,,UNMATCHED,none,NONE,OGD_Train_details_22122017,
KSG,Kishangarh,,,,,UNMATCHED,none,NONE,OGD_Train_details_22122017,
DURG,Durg,,,,,UNMATCHED,none,NONE,OGD_Train_details_22122017,
R,Raipur Jn.,,,,,UNMATCHED,none,NONE,OGD_Train_details_22122017,
RJT,Rajkot,,,,,UNMATCHED,none,NONE,OGD_Train_details_22122017,
WKR,Wankaner,,,,,UNMATCHED,none,NONE,OGD_Train_details_22122017,
SUNR,Surendranaga,,,,,UNMATCHED,none,NONE,OGD_Train_details_22122017,
VG,Viramgam Jn,,,,,UNMATCHED,none,NONE,OGD_Train_details_22122017,
ADI,Ahmedabad,,,,,UNMATCHED,none,NONE,OGD_Train_details_22122017,
ND,Nadiad Jn.,,,,,UNMATCHED,none,NONE,OGD_Train_details_22122017,
ANND,Anand Jn.,,,,,UNMATCHED,none,NONE,OGD_Train_details_22122017,
BH,Bharuch Jn.,,,,,UNMATCHED,none,NONE,OGD_Train_details_22122017,
NDB,Nandurbar,,,,,UNMATCHED,none,NONE,OGD_Train_details_22122017,
AN,Amalner,,,,,UNMATCHED,none,NONE,OGD_Train_details_22122017,
G,Gondia Jn.,,,,,UNMATCHED,none,NONE,OGD_Train_details_22122017,
DVD,Duvvada,,,,,UNMATCHED,none,NONE,OGD_Train_details_22122017,
NLR,Nellore,,,,,UNMATCHED,none,NONE,OGD_Train_details_22122017,
HTE,Hatia,,,,,UNMATCHED,none,NONE,OGD_Train_details_22122017,
KOAA,Kolkata,,,,,UNMATCHED,none,NONE,OGD_Train_details_22122017,
PURI,Puri,Dharmapuri,12.1258613,78.154221,Q15213879,MATCHED,fuzzy_name,MEDIUM,OGD_Train_details_22122017,OSM_chennai_thoothukudi_stations_raw.geojson
ASN,Asansol Main,,,,,UNMATCHED,none,NONE,OGD_Train_details_22122017,
BCQ,Barachak Jn.,,,,,UNMATCHED,none,NONE,OGD_Train_details_22122017,
STN,Sitarampur J,,,,,UNMATCHED,none,NONE,OGD_Train_details_22122017,
ULT,Kulti,,,,,UNMATCHED,none,NONE,OGD_Train_details_22122017,
BRR,Barakar,,,,,UNMATCHED,none,NONE,OGD_Train_details_22122017,
KMME,Kumar Dubi,,,,,UNMATCHED,none,NONE,OGD_Train_details_22122017,
MMU,Mugma,,,,,UNMATCHED,none,NONE,OGD_Train_details_22122017,
TNW,Thanpar Naga,,,,,UNMATCHED,none,NONE,OGD_Train_details_22122017,
KAO,Kalubathan,,,,,UNMATCHED,none,NONE,OGD_Train_details_22122017,
CAM,Chhota Amban,,,,,UNMATCHED,none,NONE,OGD_Train_details_22122017,
PKA,Pradhan Khun,,,,,UNMATCHED,none,NONE,OGD_Train_details_22122017,
DOKM,Dokra Halt,,,,,UNMATCHED,none,NONE,OGD_Train_details_22122017,
DHN,Dhanbad Jn.,,,,,UNMATCHED,none,NONE,OGD_Train_details_22122017,
KDS,Kusunda,,,,,UNMATCHED,none,NONE,OGD_Train_details_22122017,
SZE,Sonardih,,,,,UNMATCHED,none,NONE,OGD_Train_details_22122017,
TNO,Tundu,,,,,UNMATCHED,none,NONE,OGD_Train_details_22122017,
BDQ,Budora,,,,,UNMATCHED,none,NONE,OGD_Train_details_22122017,
PLJE,Phulwartanr,,,,,UNMATCHED,none,NONE,OGD_Train_details_22122017,
JSME,Jasidih Jn.,,,,,UNMATCHED,none,NONE,OGD_Train_details_22122017,
ANVT,Anand Vihar,,,,,UNMATCHED,none,NONE,OGD_Train_details_22122017,
GZB,Ghaziabad Jn,,,,,UNMATCHED,none,NONE,OGD_Train_details_22122017,
MTC,Meerut City,,,,,UNMATCHED,none,NONE,OGD_Train_details_22122017,
MOZ,Muzaffarnaga,,,,,UNMATCHED,none,NONE,OGD_Train_details_22122017,
SRE,Saharanpur J,,,,,UNMATCHED,none,NONE,OGD_Train_details_22122017,
YJUD,Yamunanager,,,,,UNMATCHED,none,NONE,OGD_Train_details_22122017,
JRC,Jalandhar Ca,,,,,UNMATCHED,none,NONE,OGD_Train_details_22122017,
PTKC,Pathankot Ca,,,,,UNMATCHED,none,NONE,OGD_Train_details_22122017,
JAT,Jammu Tawi,,,,,UNMATCHED,none,NONE,OGD_Train_details_22122017,
UHP,Udhampur,,,,,UNMATCHED,none,NONE,OGD_Train_details_22122017,
DLI,Delhi Jn.,,,,,UNMATCHED,none,NONE,OGD_Train_details_22122017,
BSR,Vasai Road,,,,,UNMATCHED,none,NONE,OGD_Train_details_22122017,
KOTA,Kota,Pudukkotai,10.3721881,78.8019821,Q17073332,MATCHED,fuzzy_name,MEDIUM,OGD_Train_details_22122017,OSM_chennai_thoothukudi_stations_raw.geojson
NZM,Hazrat Nizam,,,,,UNMATCHED,none,NONE,OGD_Train_details_22122017,
BKN,Bikaner Jn.,,,,,UNMATCHED,none,NONE,OGD_Train_details_22122017,
NPS,Napasar,,,,,UNMATCHED,none,NONE,OGD_Train_details_22122017,
SDF,Sudsar,,,,,UNMATCHED,none,NONE,OGD_Train_details_22122017,
SDGH,Sri Dungarga,,,,,UNMATCHED,none,NONE,OGD_Train_details_22122017,
RJR,Rajaldesar,,,,,UNMATCHED,none,NONE,OGD_Train_details_22122017,
RTGH,Ratanagarh J,,,,,UNMATCHED,none,NONE,OGD_Train_details_22122017,
CUR,Churu,,,,,UNMATCHED,none,NONE,OGD_Train_details_22122017,
SDLP,Sadulpur Jn,,,,,UNMATCHED,none,NONE,OGD_Train_details_22122017,
LHU,Loharu Jn,,,,,UNMATCHED,none,NONE,OGD_Train_details_22122017,
MHRG,Mahendragarh,,,,,UNMATCHED,none,NONE,OGD_Train_details_22122017,
RE,Rewari Jn.,,,,,UNMATCHED,none,NONE,OGD_Train_details_22122017,
DSA,Delhi-Shahda,,,,,UNMATCHED,none,NONE,OGD_Train_details_22122017,
SMQL,Shamli,,,,,UNMATCHED,none,NONE,OGD_Train_details_22122017,
TPZ,Tapri Jn.,,,,,UNMATCHED,none,NONE,OGD_Train_details_22122017,
RK,Roorkee,,,,,UNMATCHED,none,NONE,OGD_Train_details_22122017,
HW,Haridwar Jn,,,,,UNMATCHED,none,NONE,OGD_Train_details_22122017,
HMH,Hanumangarh,,,,,UNMATCHED,none,NONE,OGD_Train_details_22122017,
JRKN,Jorkian,,,,,UNMATCHED,none,NONE,OGD_Train_details_22122017,
HLW,Hirnawali,,,,,UNMATCHED,none,NONE,OGD_Train_details_22122017,
DPK,Dholipal,,,,,UNMATCHED,none,NONE,OGD_Train_details_22122017,
BUGL,Buglanwali,,,,,UNMATCHED,none,NONE,OGD_Train_details_22122017,
BDSW,Budhsinghwal,,,,,UNMATCHED,none,NONE,OGD_Train_details_22122017,
SDS,Sadulshahar,,,,,UNMATCHED,none,NONE,OGD_Train_details_22122017,
FSW,Fateh Singhw,,,,,UNMATCHED,none,NONE,OGD_Train_details_22122017,
BWC,Banwali,,,,,UNMATCHED,none,NONE,OGD_Train_details_22122017,
SGNR,Shri Gangana,,,,,UNMATCHED,none,NONE,OGD_Train_details_22122017,
NRWI,Narwasi,,,,,UNMATCHED,none,NONE,OGD_Train_details_22122017,
SDMK,Sidmukh,,,,,UNMATCHED,none,NONE,OGD_Train_details_22122017,
AUS,Anup Shahr,,,,,UNMATCHED,none,NONE,OGD_Train_details_22122017,
TSD,Tahsil Bhadr,,,,,UNMATCHED,none,NONE,OGD_Train_details_22122017,
GAMI,Gogameri,,,,,UNMATCHED,none,NONE,OGD_Train_details_22122017,
DPLN,Diplana,,,,,UNMATCHED,none,NONE,OGD_Train_details_22122017,
NHR,Nohar,,,,,UNMATCHED,none,NONE,OGD_Train_details_22122017,
KNNA,Khinaniyan,,,,,UNMATCHED,none,NONE,OGD_Train_details_22122017,
ENB,Ellenabad,,,,,UNMATCHED,none,NONE,OGD_Train_details_22122017,
TLI,Talwara Jhil,,,,,UNMATCHED,none,NONE,OGD_Train_details_22122017,
TIBI,Tibi,,,,,UNMATCHED,none,NONE,OGD_Train_details_22122017,
SRKN,Sherekan,,,,,UNMATCHED,none,NONE,OGD_Train_details_22122017,
HMO,Hanumangarh,,,,,UNMATCHED,none,NONE,OGD_Train_details_22122017,
PRUR,Prithwirajpu,,,,,UNMATCHED,none,NONE,OGD_Train_details_22122017,
KESR,Kesri Singhp,,,,,UNMATCHED,none,NONE,OGD_Train_details_22122017,
DPT,Dalpat Singh,,,,,UNMATCHED,none,NONE,OGD_Train_details_22122017,
SRW,Shri Karanpu,,,,,UNMATCHED,none,NONE,OGD_Train_details_22122017,
ZPR,Zorawarpura,,,,,UNMATCHED,none,NONE,OGD_Train_details_22122017,
GJS,Gajsinghpur,,,,,UNMATCHED,none,NONE,OGD_Train_details_22122017,
RSNR,Rai Singh Na,,,,,UNMATCHED,none,NONE,OGD_Train_details_22122017,
MNGR,Mohan Nagar,,,,,UNMATCHED,none,NONE,OGD_Train_details_22122017,
MSWA,Masaniwala,,,,,UNMATCHED,none,NONE,OGD_Train_details_22122017,
BUGY,Bugia,,,,,UNMATCHED,none,NONE,OGD_Train_details_22122017,
JES,Jaitsar,,,,,UNMATCHED,none,NONE,OGD_Train_details_22122017,
SRPR,Sarupsar Jn.,,,,,UNMATCHED,none,NONE,OGD_Train_details_22122017,
SRZ,Sardargarh,,,,,UNMATCHED,none,NONE,OGD_Train_details_22122017,
BNSR,Bhagwansar,,,,,UNMATCHED,none,NONE,OGD_Train_details_22122017,
SOG,Suratgarh Jn,,,,,UNMATCHED,none,NONE,OGD_Train_details_22122017,
PBC,Parvatsar Ci,,,,,UNMATCHED,none,NONE,OGD_Train_details_22122017,
BIDD,Bidiyad,,,,,UNMATCHED,none,NONE,OGD_Train_details_22122017,
MKN,Makrana Jn.,,,,,UNMATCHED,none,NONE,OGD_Train_details_22122017,
JU,Jodhpur Jn.,,,,,UNMATCHED,none,NONE,OGD_Train_details_22122017,
GOTN,Gotan,,,,,UNMATCHED,none,NONE,OGD_Train_details_22122017,
MTD,Merta Road J,,,,,UNMATCHED,none,NONE,OGD_Train_details_22122017,
DNA,Degana Jn.,,,,,UNMATCHED,none,NONE,OGD_Train_details_22122017,
KHTU,Khatu,,,,,UNMATCHED,none,NONE,OGD_Train_details_22122017,
CTKT,Chhoti Khatu,,,,,UNMATCHED,none,NONE,OGD_Train_details_22122017,
DIA,Didwana,,,,,UNMATCHED,none,NONE,OGD_Train_details_22122017,
LAU,Ladnun,,,,,UNMATCHED,none,NONE,OGD_Train_details_22122017,
SUJH,Sujangarh,,,,,UNMATCHED,none,NONE,OGD_Train_details_22122017,
SWNI,Siwani,,,,,UNMATCHED,none,NONE,OGD_Train_details_22122017,
DUI,Dhuri Jn.,,,,,UNMATCHED,none,NONE,OGD_Train_details_22122017,
RPJ,Rajpura Jn.,,,,,UNMATCHED,none,NONE,OGD_Train_details_22122017,
JUDW,Jagadhri Wor,,,,,UNMATCHED,none,NONE,OGD_Train_details_22122017,
JWP,Jwalapur,,,,,UNMATCHED,none,NONE,OGD_Train_details_22122017,
KQW,Kheduli,,,,,UNMATCHED,none,NONE,OGD_Train_details_22122017,
REN,Ren,,,,,UNMATCHED,none,NONE,OGD_Train_details_22122017,
JAC,Jalsu,,,,,UNMATCHED,none,NONE,OGD_Train_details_22122017,
JACN,Jalsu Nanak,,,,,UNMATCHED,none,NONE,OGD_Train_details_22122017,
KRC,Kiroda,,,,,UNMATCHED,none,NONE,OGD_Train_details_22122017,
PW,Pirwa,,,,,UNMATCHED,none,NONE,OGD_Train_details_22122017,
KKNA,Khunkhuna,,,,,UNMATCHED,none,NONE,OGD_Train_details_22122017,
MBSK,Marwar- Bali,,,,,UNMATCHED,none,NONE,OGD_Train_details_22122017,
SVO,Sanvrad,,,,,UNMATCHED,none,NONE,OGD_Train_details_22122017,
BLSD,Balsamand,,,,,UNMATCHED,none,NONE,OGD_Train_details_22122017,
TLC,Talchhapar,,,,,UNMATCHED,none,NONE,OGD_Train_details_22122017,
PIH,Parihara,,,,,UNMATCHED,none,NONE,OGD_Train_details_22122017,
LOHA,Loha   Halt,,,,,UNMATCHED,none,NONE,OGD_Train_details_22122017,
MIO,Molisar,,,,,UNMATCHED,none,NONE,OGD_Train_details_22122017,
SMNN,Shri Makri N,,,,,UNMATCHED,none,NONE,OGD_Train_details_22122017,
JOH,Juharpura,,,,,UNMATCHED,none,NONE,OGD_Train_details_22122017,
DEP,Depalsar,,,,,UNMATCHED,none,NONE,OGD_Train_details_22122017,
PKY,Pilkhani,,,,,UNMATCHED,none,NONE,OGD_Train_details_22122017,
SSW,Sarsawa,,,,,UNMATCHED,none,NONE,OGD_Train_details_22122017,
KNZ,Kalanour,,,,,UNMATCHED,none,NONE,OGD_Train_details_22122017,
DZP,Darazpur,,,,,UNMATCHED,none,NONE,OGD_Train_details_22122017,
MFB,Mustafabad,,,,,UNMATCHED,none,NONE,OGD_Train_details_22122017,
RAA,Barara,,,,,UNMATCHED,none,NONE,OGD_Train_details_22122017,
TDW,Tandwal,,,,,UNMATCHED,none,NONE,OGD_Train_details_22122017,
KES,Kesri,,,,,UNMATCHED,none,NONE,OGD_Train_details_22122017,
DOKY,Dukheri,,,,,UNMATCHED,none,NONE,OGD_Train_details_22122017,
PTK,Pathankot Jn,,,,,UNMATCHED,none,NONE,OGD_Train_details_22122017,
BHRL,Bharoli,,,,,UNMATCHED,none,NONE,OGD_Train_details_22122017,
SJNP,Sujanpur,,,,,UNMATCHED,none,NONE,OGD_Train_details_22122017,
MDPB,Madhopur Pun,,,,,UNMATCHED,none,NONE,OGD_Train_details_22122017,
KTHU,Kathua,,,,,UNMATCHED,none,NONE,OGD_Train_details_22122017,
BDHY,Budhi,,,,,UNMATCHED,none,NONE,OGD_Train_details_22122017,
CHNR,Chhan Aroria,,,,,UNMATCHED,none,NONE,OGD_Train_details_22122017,
CKDL,Chakdayala,,,,,UNMATCHED,none,NONE,OGD_Train_details_22122017,
HRNR,Hira Nagar,,,,,UNMATCHED,none,NONE,OGD_Train_details_22122017,
GHGL,Ghagwal,,,,,UNMATCHED,none,NONE,OGD_Train_details_22122017,
SMBX,Samba,,,,,UNMATCHED,none,NONE,OGD_Train_details_22122017,
VJPJ,Vijaypur Jam,,,,,UNMATCHED,none,NONE,OGD_Train_details_22122017,
BBMN,Bari Brahman,,,,,UNMATCHED,none,NONE,OGD_Train_details_22122017,
GKP,Gorakhpur Jn,,,,,UNMATCHED,none,NONE,OGD_Train_details_22122017,
ANDN,Anand Nagar,,,,,UNMATCHED,none,NONE,OGD_Train_details_22122017,
NUH,Naugarh,,,,,UNMATCHED,none,NONE,OGD_Train_details_22122017,
BNY,Barhni,,,,,UNMATCHED,none,NONE,OGD_Train_details_22122017,
CPR,Chhapra Jn.,,,,,UNMATCHED,none,NONE,OGD_Train_details_22122017,
SV,Siwan Jn.,,,,,UNMATCHED,none,NONE,OGD_Train_details_22122017,
THE,Thawe Jn.,,,,,UNMATCHED,none,NONE,OGD_Train_details_22122017,
TOI,Tamkuhi Road,,,,,UNMATCHED,none,NONE,OGD_Train_details_22122017,
DUE,Dudahi,,,,,UNMATCHED,none,NONE,OGD_Train_details_22122017,
POU,Padrauna,,,,,UNMATCHED,none,NONE,OGD_Train_details_22122017,
RKL,Ramkola,,,,,UNMATCHED,none,NONE,OGD_Train_details_22122017,
CPJ,Kaptanganj J,,,,,UNMATCHED,none,NONE,OGD_Train_details_22122017,
BST,Basti,,,,,UNMATCHED,none,NONE,OGD_Train_details_22122017,
MUR,Mankapur Jn.,,,,,UNMATCHED,none,NONE,OGD_Train_details_22122017,
GD,Gonda Jn.,,,,,UNMATCHED,none,NONE,OGD_Train_details_22122017,
BNZ,Badshahnagar,,,,,UNMATCHED,none,NONE,OGD_Train_details_22122017,
LJN,Lucknow Jn.,,,,,UNMATCHED,none,NONE,OGD_Train_details_22122017,
KLD,Khalilabad,,,,,UNMATCHED,none,NONE,OGD_Train_details_22122017,
CPA,Kanpur Anwar,,,,,UNMATCHED,none,NONE,OGD_Train_details_22122017,
RPO,Rawatpur,,,,,UNMATCHED,none,NONE,OGD_Train_details_22122017,
KAP,Kalianpur,,,,,UNMATCHED,none,NONE,OGD_Train_details_22122017,
BJR,Barrajpur,,,,,UNMATCHED,none,NONE,OGD_Train_details_22122017,
BLU,Bilhaur,,,,,UNMATCHED,none,NONE,OGD_Train_details_22122017,
ARL,Araul Makanp,,,,,UNMATCHED,none,NONE,OGD_Train_details_22122017,
KJN,Kannauj,,,,,UNMATCHED,none,NONE,OGD_Train_details_22122017,
GHJ,Gursahaiganj,,,,,UNMATCHED,none,NONE,OGD_Train_details_22122017,
KLJ,Kamalganj,,,,,UNMATCHED,none,NONE,OGD_Train_details_22122017,
FBD,Farrukhabad,,,,,UNMATCHED,none,NONE,OGD_Train_details_22122017,
BC,Bareilly Cit,,,,,UNMATCHED,none,NONE,OGD_Train_details_22122017,
IZN,Izzatnagar J,,,,,UNMATCHED,none,NONE,OGD_Train_details_22122017,
BPR,Bhojipura Jn,,,,,UNMATCHED,none,NONE,OGD_Train_details_22122017,
BHI,Baheri,,,,,UNMATCHED,none,NONE,OGD_Train_details_22122017,
KHH,Kichha,,,,,UNMATCHED,none,NONE,OGD_Train_details_22122017,
LKU,Lalkua Jn.,,,,,UNMATCHED,none,NONE,OGD_Train_details_22122017,
JMP,Jamalpur Jn.,,,,,UNMATCHED,none,NONE,OGD_Train_details_22122017,
MGR,Monghyr,,,,,UNMATCHED,none,NONE,OGD_Train_details_22122017,
SBDP,Sabdalpur Jn,,,,,UNMATCHED,none,NONE,OGD_Train_details_22122017,
UMNR,Umeshnagar,,,,,UNMATCHED,none,NONE,OGD_Train_details_22122017,
KGG,Khagaria Jn.,,,,,UNMATCHED,none,NONE,OGD_Train_details_22122017,
MNE,Mansi Jn.,,,,,UNMATCHED,none,NONE,OGD_Train_details_22122017,
BHB,Badla Ghat,,,,,UNMATCHED,none,NONE,OGD_Train_details_22122017,
DHT,Dhamara Ghat,,,,,UNMATCHED,none,NONE,OGD_Train_details_22122017,
KFA,Koparia,,,,,UNMATCHED,none,NONE,OGD_Train_details_22122017,
SBV,Simri Bakhti,,,,,UNMATCHED,none,NONE,OGD_Train_details_22122017,
SBM,Sonbarsa Kac,,,,,UNMATCHED,none,NONE,OGD_Train_details_22122017,
JLWC,Jhalawar Cit,,,,,UNMATCHED,none,NONE,OGD_Train_details_22122017,
JLF,Julmi,,,,,UNMATCHED,none,NONE,OGD_Train_details_22122017,
RMA,Ramganj Mand,,,,,UNMATCHED,none,NONE,OGD_Train_details_22122017,
MKX,Morak,,,,,UNMATCHED,none,NONE,OGD_Train_details_22122017,
KIW,Kanwalpura,,,,,UNMATCHED,none,NONE,OGD_Train_details_22122017,
DARA,Dara,Vedaranniyam,10.3776222,79.8553673,Q104534573,MATCHED,fuzzy_name,MEDIUM,OGD_Train_details_22122017,OSM_chennai_thoothukudi_stations_raw.geojson
RDT,Ravtha Road,,,,,UNMATCHED,none,NONE,OGD_Train_details_22122017,
ALNI,Alniya,,,,,UNMATCHED,none,NONE,OGD_Train_details_22122017,
DDV,Dadhdevi,,,,,UNMATCHED,none,NONE,OGD_Train_details_22122017,
DKNT,Dakaniya Tal,,,,,UNMATCHED,none,NONE,OGD_Train_details_22122017,
NLP,North Lakhim,,,,,UNMATCHED,none,NONE,OGD_Train_details_22122017,
LBI,Lilabari,,,,,UNMATCHED,none,NONE,OGD_Train_details_22122017,
SWJ,Siajuli,,,,,UNMATCHED,none,NONE,OGD_Train_details_22122017,
BGND,Boginadi,,,,,UNMATCHED,none,NONE,OGD_Train_details_22122017,
SUZ,Subansiri,,,,,UNMATCHED,none,NONE,OGD_Train_details_22122017,
GOM,Gogamukh,,,,,UNMATCHED,none,NONE,OGD_Train_details_22122017,
BDLN,Bordolani,,,,,UNMATCHED,none,NONE,OGD_Train_details_22122017,
JFD,Jiadhal,,,,,UNMATCHED,none,NONE,OGD_Train_details_22122017,
DMC,Dhemaji,,,,,UNMATCHED,none,NONE,OGD_Train_details_22122017,
MYO,Moridhal,,,,,UNMATCHED,none,NONE,OGD_Train_details_22122017,
SRPN,Sripani,,,,,UNMATCHED,none,NONE,OGD_Train_details_22122017,
SBGN,Sisiborgaon,,,,,UNMATCHED,none,NONE,OGD_Train_details_22122017,
SPTR,Silapathar,,,,,UNMATCHED,none,NONE,OGD_Train_details_22122017,
ACPR,Archipathar,,,,,UNMATCHED,none,NONE,OGD_Train_details_22122017,
DIPA,Dipa,,,,,UNMATCHED,none,NONE,OGD_Train_details_22122017,
SMCP,Simen Chapar,,,,,UNMATCHED,none,NONE,OGD_Train_details_22122017,
TQM,Telam,,,,,UNMATCHED,none,NONE,OGD_Train_details_22122017,
LMY,Laimekuri,,,,,UNMATCHED,none,NONE,OGD_Train_details_22122017,
JYK,Jonekarang H,,,,,UNMATCHED,none,NONE,OGD_Train_details_22122017,
MZS,Murkeong Sel,,,,,UNMATCHED,none,NONE,OGD_Train_details_22122017,
CPK,Chaparmukh J,,,,,UNMATCHED,none,NONE,OGD_Train_details_22122017,
MBG,Maibang,,,,,UNMATCHED,none,NONE,OGD_Train_details_22122017,
MXR,Mahur,,,,,UNMATCHED,none,NONE,OGD_Train_details_22122017,
NHLG,New Halflong,,,,,UNMATCHED,none,NONE,OGD_Train_details_22122017,
KTX,Katakhal Jn.,,,,,UNMATCHED,none,NONE,OGD_Train_details_22122017,
KIR,Katihar Jn.,,,,,UNMATCHED,none,NONE,OGD_Train_details_22122017,
SI,Sonaili,,,,,UNMATCHED,none,NONE,OGD_Train_details_22122017,
SRI,Salmari,,,,,UNMATCHED,none,NONE,OGD_Train_details_22122017,
BOE,Barsoi Jn.,,,,,UNMATCHED,none,NONE,OGD_Train_details_22122017,
DLK,Dalkolha,,,,,UNMATCHED,none,NONE,OGD_Train_details_22122017,
AUB,Aluabari Roa,,,,,UNMATCHED,none,NONE,OGD_Train_details_22122017,
TKG,Thakurganj,,,,,UNMATCHED,none,NONE,OGD_Train_details_22122017,
NAK,Naksalbari,,,,,UNMATCHED,none,NONE,OGD_Train_details_22122017,
BORA,Bagdogra,,,,,UNMATCHED,none,NONE,OGD_Train_details_22122017,
SGUJ,Siliguri Jn.,,,,,UNMATCHED,none,NONE,OGD_Train_details_22122017,
KYO,Khandikar,,,,,UNMATCHED,none,NONE,OGD_Train_details_22122017,
GVR,Goreswar,,,,,UNMATCHED,none,NONE,OGD_Train_details_22122017,
KBY,Khoirabari,,,,,UNMATCHED,none,NONE,OGD_Train_details_22122017,
TNL,Tangla,,,,,UNMATCHED,none,NONE,OGD_Train_details_22122017,
HRSN,Harisinga,,,,,UNMATCHED,none,NONE,OGD_Train_details_22122017,
ULG,Udalguri,,,,,UNMATCHED,none,NONE,OGD_Train_details_22122017,
RWTB,Rowta Bagan,,,,,UNMATCHED,none,NONE,OGD_Train_details_22122017,
MJBT,Majbat,,,,,UNMATCHED,none,NONE,OGD_Train_details_22122017,
HJLI,Hugrajuli,,,,,UNMATCHED,none,NONE,OGD_Train_details_22122017,
DKJR,Dhekiajuli R,,,,,UNMATCHED,none,NONE,OGD_Train_details_22122017,
BLRE,Belsiri,,,,,UNMATCHED,none,NONE,OGD_Train_details_22122017,
NMM,New Misamari,,,,,UNMATCHED,none,NONE,OGD_Train_details_22122017,
MSMI,Misamari,,,,,UNMATCHED,none,NONE,OGD_Train_details_22122017,
RPAN,Rangapara No,,,,,UNMATCHED,none,NONE,OGD_Train_details_22122017,
BVU,Balipara,,,,,UNMATCHED,none,NONE,OGD_Train_details_22122017,
DQL,Dhalaibi,,,,,UNMATCHED,none,NONE,OGD_Train_details_22122017,
NCA,Nizchatia,,,,,UNMATCHED,none,NONE,OGD_Train_details_22122017,
VNE,Vishwanath C,,,,,UNMATCHED,none,NONE,OGD_Train_details_22122017,
MFC,Monabari,,,,,UNMATCHED,none,NONE,OGD_Train_details_22122017,
NBX,Nizbarganj,,,,,UNMATCHED,none,NONE,OGD_Train_details_22122017,
BVV,Bedetti,,,,,UNMATCHED,none,NONE,OGD_Train_details_22122017,
HML,Helem,,,,,UNMATCHED,none,NONE,OGD_Train_details_22122017,
BJL,Brahmajan,,,,,UNMATCHED,none,NONE,OGD_Train_details_22122017,
GPZ,Gohpur,,,,,UNMATCHED,none,NONE,OGD_Train_details_22122017,
DBW,Dubia,,,,,UNMATCHED,none,NONE,OGD_Train_details_22122017,
UKE,Uttarkathani,,,,,UNMATCHED,none,NONE,OGD_Train_details_22122017,
TBH,Tatibahar,,,,,UNMATCHED,none,NONE,OGD_Train_details_22122017,
TPG,Tipling,,,,,UNMATCHED,none,NONE,OGD_Train_details_22122017,
HMY,Harmuti,,,,,UNMATCHED,none,NONE,OGD_Train_details_22122017,
TUJ,Tanijan,,,,,UNMATCHED,none,NONE,OGD_Train_details_22122017,
KTPR,Kathalpukhur,,,,,UNMATCHED,none,NONE,OGD_Train_details_22122017,
SOB,Silanibari,,,,,UNMATCHED,none,NONE,OGD_Train_details_22122017,
DG,Dindigul Jn,,,,,UNMATCHED,none,NONE,OGD_Train_details_22122017,
KQN,Kodaikkanal,,,,,UNMATCHED,none,NONE,OGD_Train_details_22122017,
VPT,Virudunagar,,,,,UNMATCHED,none,NONE,OGD_Train_details_22122017,
SRT,Satur,,,,,UNMATCHED,none,NONE,OGD_Train_details_22122017,
CVP,Kovilpatti,,,,,UNMATCHED,none,NONE,OGD_Train_details_22122017,
MEJ,Vanchi Maniy,,,,,UNMATCHED,none,NONE,OGD_Train_details_22122017,
TEN,Tirunelveli,,,,,UNMATCHED,none,NONE,OGD_Train_details_22122017,
ERS,Ernakulam. J,,,,,UNMATCHED,none,NONE,OGD_Train_details_22122017,
OTP,Ottappalam,,,,,UNMATCHED,none,NONE,OGD_Train_details_22122017,
SLO,Samalkot Jn.,,,,,UNMATCHED,none,NONE,OGD_Train_details_22122017,
TDD,Tadepalli Gu,,,,,UNMATCHED,none,NONE,OGD_Train_details_22122017,
EE,Eluru,,,,,UNMATCHED,none,NONE,OGD_Train_details_22122017,
TEL,Tenali Jn.,,,,,UNMATCHED,none,NONE,OGD_Train_details_22122017,
CLX,Chirala,,,,,UNMATCHED,none,NONE,OGD_Train_details_22122017,
GDR,Gudur Jn.,,,,,UNMATCHED,none,NONE,OGD_Train_details_22122017,
CGY,Changanacher,,,,,UNMATCHED,none,NONE,OGD_Train_details_22122017,
KCVL,Kochuveli,,,,,UNMATCHED,none,NONE,OGD_Train_details_22122017,
SRR,Shoranur Jn.,,,,,UNMATCHED,none,NONE,OGD_Train_details_22122017,
CLT,Calicut,,,,,UNMATCHED,none,NONE,OGD_Train_details_22122017,
CAN,Kannur,,,,,UNMATCHED,none,NONE,OGD_Train_details_22122017,
KGQ,Kasaragod,,,,,UNMATCHED,none,NONE,OGD_Train_details_22122017,
AKP,Anakapalle,,,,,UNMATCHED,none,NONE,OGD_Train_details_22122017,
PTJ,Podanur Jn.,,,,,UNMATCHED,none,NONE,OGD_Train_details_22122017,
CNV,Kinattukkada,,,,,UNMATCHED,none,NONE,OGD_Train_details_22122017,
PAY,Payyanur,,,,,UNMATCHED,none,NONE,OGD_Train_details_22122017,
BEML,Beml Nagar,,,,,UNMATCHED,none,NONE,OGD_Train_details_22122017,
MLO,Malur,Omalur Junction,11.7382934,78.0449299,Q18128961,MATCHED,fuzzy_name,MEDIUM,OGD_Train_details_22122017,OSM_chennai_thoothukudi_stations_raw.geojson
DKN,Devan Gonthi,,,,,UNMATCHED,none,NONE,OGD_Train_details_22122017,
WFD,White Field,,,,,UNMATCHED,none,NONE,OGD_Train_details_22122017,
KJM,Krishna Raja,,,,,UNMATCHED,none,NONE,OGD_Train_details_22122017,
BYPL,Baiyyappanah,,,,,UNMATCHED,none,NONE,OGD_Train_details_22122017,
BAND,Banaswadi,,,,,UNMATCHED,none,NONE,OGD_Train_details_22122017,
YPR,Yesvantpur J,,,,,UNMATCHED,none,NONE,OGD_Train_details_22122017,
TK,Tumkur,,,,,UNMATCHED,none,NONE,OGD_Train_details_22122017,
ASK,Arsikere Jn.,,,,,UNMATCHED,none,NONE,OGD_Train_details_22122017,
DVG,Davangere,,,,,UNMATCHED,none,NONE,OGD_Train_details_22122017,
UBL,Hubli Jn.,,,,,UNMATCHED,none,NONE,OGD_Train_details_22122017,
DWR,Dharwad,,,,,UNMATCHED,none,NONE,OGD_Train_details_22122017,
BGM,Belgaum,,,,,UNMATCHED,none,NONE,OGD_Train_details_22122017,
GPB,Ghatprabha,,,,,UNMATCHED,none,NONE,OGD_Train_details_22122017,
KUD,Kudachi,,,,,UNMATCHED,none,NONE,OGD_Train_details_22122017,
KVK,Kavathe Maha,,,,,UNMATCHED,none,NONE,OGD_Train_details_22122017,
DLGN,Dhalgaon,,,,,UNMATCHED,none,NONE,OGD_Train_details_22122017,
SGLA,Sangola,,,,,UNMATCHED,none,NONE,OGD_Train_details_22122017,
PVR,Pandharpur,,,,,UNMATCHED,none,NONE,OGD_Train_details_22122017,
RU,Renigunta Jn,,,,,UNMATCHED,none,NONE,OGD_Train_details_22122017,
YPRA,Yesvantpur B,,,,,UNMATCHED,none,NONE,OGD_Train_details_22122017,
BAW,Chikbanavar,,,,,UNMATCHED,none,NONE,OGD_Train_details_22122017,
GHL,Golhalli,,,,,UNMATCHED,none,NONE,OGD_Train_details_22122017,
BNKH,Bhairanayaka,,,,,UNMATCHED,none,NONE,OGD_Train_details_22122017,
DBL,Dodbele,,,,,UNMATCHED,none,NONE,OGD_Train_details_22122017,
MDLL,Muddalingana,,,,,UNMATCHED,none,NONE,OGD_Train_details_22122017,
NDV,Nidvanda,,,,,UNMATCHED,none,NONE,OGD_Train_details_22122017,
DBS,Dobbspet,,,,,UNMATCHED,none,NONE,OGD_Train_details_22122017,
HHL,Hirehalli,,,,,UNMATCHED,none,NONE,OGD_Train_details_22122017,
KDAG,Kyatsndra Go,,,,,UNMATCHED,none,NONE,OGD_Train_details_22122017,
KIAT,Kyatsandra,,,,,UNMATCHED,none,NONE,OGD_Train_details_22122017,
HEI,Heggere,,,,,UNMATCHED,none,NONE,OGD_Train_details_22122017,
MLSA,Mallasandra,,,,,UNMATCHED,none,NONE,OGD_Train_details_22122017,
GBB,Gubbi,,,,,UNMATCHED,none,NONE,OGD_Train_details_22122017,
NTR,Nittur,,,,,UNMATCHED,none,NONE,OGD_Train_details_22122017,
SPGR,Sampige Road,,,,,UNMATCHED,none,NONE,OGD_Train_details_22122017,
AMSA,Ammasandra,,,,,UNMATCHED,none,NONE,OGD_Train_details_22122017,
BSN,Banasandra,,,,,UNMATCHED,none,NONE,OGD_Train_details_22122017,
ARGP,Aralaguppe,,,,,UNMATCHED,none,NONE,OGD_Train_details_22122017,
RDI,Kardi,,,,,UNMATCHED,none,NONE,OGD_Train_details_22122017,
BNK,Banasankari,,,,,UNMATCHED,none,NONE,OGD_Train_details_22122017,
TTR,Tiptur,,,,,UNMATCHED,none,NONE,OGD_Train_details_22122017,
SSNH,Shrisaradana,,,,,UNMATCHED,none,NONE,OGD_Train_details_22122017,
HVL,Honnavalli R,,,,,UNMATCHED,none,NONE,OGD_Train_details_22122017,
ADHL,Adihalli,,,,,UNMATCHED,none,NONE,OGD_Train_details_22122017,
BVR,Banavar,,,,,UNMATCHED,none,NONE,OGD_Train_details_22122017,
VNR,Devanur,,,,,UNMATCHED,none,NONE,OGD_Train_details_22122017,
BLKR,Ballekere,,,,,UNMATCHED,none,NONE,OGD_Train_details_22122017,
DRU,Kadur,,,,,UNMATCHED,none,NONE,OGD_Train_details_22122017,
RRB,Birur Jn.,,,,,UNMATCHED,none,NONE,OGD_Train_details_22122017,
NVF,Nagavangala,,,,,UNMATCHED,none,NONE,OGD_Train_details_22122017,
AJP,Ajampur,,,,,UNMATCHED,none,NONE,OGD_Train_details_22122017,
SHV,Shivani,,,,,UNMATCHED,none,NONE,OGD_Train_details_22122017,
HSD,Hosdurga Roa,,,,,UNMATCHED,none,NONE,OGD_Train_details_22122017,
ABGT,Arabagatta,,,,,UNMATCHED,none,NONE,OGD_Train_details_22122017,
RGI,Ramagiri,,,,,UNMATCHED,none,NONE,OGD_Train_details_22122017,
NLNR,Nulenuru,,,,,UNMATCHED,none,NONE,OGD_Train_details_22122017,
HLK,Holalkere,,,,,UNMATCHED,none,NONE,OGD_Train_details_22122017,
JRU,Chikjajur Jn,,,,,UNMATCHED,none,NONE,OGD_Train_details_22122017,
SLU,Sasalu,,,,,UNMATCHED,none,NONE,OGD_Train_details_22122017,
MYK,Mayakonda,,,,,UNMATCHED,none,NONE,OGD_Train_details_22122017,
KAG,Kodaganur,,,,,UNMATCHED,none,NONE,OGD_Train_details_22122017,
HNH,Hanumanahall,,,,,UNMATCHED,none,NONE,OGD_Train_details_22122017,
THN,Tolahunse,,,,,UNMATCHED,none,NONE,OGD_Train_details_22122017,
AVC,Amaravathi C,,,,,UNMATCHED,none,NONE,OGD_Train_details_22122017,
HRR,Harihar Jn.,,,,,UNMATCHED,none,NONE,OGD_Train_details_22122017,
KMPS,Kumarapatnam,,,,,UNMATCHED,none,NONE,OGD_Train_details_22122017,
CLI,Chalgeri,,,,,UNMATCHED,none,NONE,OGD_Train_details_22122017,
RNR,Ranibennur,,,,,UNMATCHED,none,NONE,OGD_Train_details_22122017,
DAD,Devargudda,,,,,UNMATCHED,none,NONE,OGD_Train_details_22122017,
BYD,Byadgi,,,,,UNMATCHED,none,NONE,OGD_Train_details_22122017,
HVR,Haveri,,,,,UNMATCHED,none,NONE,OGD_Train_details_22122017,
KJG,Karajgi,,,,,UNMATCHED,none,NONE,OGD_Train_details_22122017,
KVS,Kalsur,,,,,UNMATCHED,none,NONE,OGD_Train_details_22122017,
SVNR,Savanur,,,,,UNMATCHED,none,NONE,OGD_Train_details_22122017,
YLG,Yalvigi,,,,,UNMATCHED,none,NONE,OGD_Train_details_22122017,
KALS,Kalas,,,,,UNMATCHED,none,NONE,OGD_Train_details_22122017,
GDI,Gudgeri,,,,,UNMATCHED,none,NONE,OGD_Train_details_22122017,
SNH,Saunshi,,,,,UNMATCHED,none,NONE,OGD_Train_details_22122017,
KNO,Kundgol,,,,,UNMATCHED,none,NONE,OGD_Train_details_22122017,
SUBL,Hubli South,,,,,UNMATCHED,none,NONE,OGD_Train_details_22122017,
UNK,Unkal,,,,,UNMATCHED,none,NONE,OGD_Train_details_22122017,
AGL,Amargol,,,,,UNMATCHED,none,NONE,OGD_Train_details_22122017,
NVU,Navalur,,,,,UNMATCHED,none,NONE,OGD_Train_details_22122017,
KRKP,Kyarkop,,,,,UNMATCHED,none,NONE,OGD_Train_details_22122017,
MGD,Mugad,,,,,UNMATCHED,none,NONE,OGD_Train_details_22122017,
KBI,Kambarganvi,,,,,UNMATCHED,none,NONE,OGD_Train_details_22122017,
KHST,Kashanatti,,,,,UNMATCHED,none,NONE,OGD_Train_details_22122017,
LWR,Alnavar Jn.,,,,,UNMATCHED,none,NONE,OGD_Train_details_22122017,
TVG,Tavargatti,,,,,UNMATCHED,none,NONE,OGD_Train_details_22122017,
NAG,Nagargali,,,,,UNMATCHED,none,NONE,OGD_Train_details_22122017,
DEV,Devarayi,,,,,UNMATCHED,none,NONE,OGD_Train_details_22122017,
SVTN,Shivathan,,,,,UNMATCHED,none,NONE,OGD_Train_details_22122017,
LD,Londa Jn.,,,,,UNMATCHED,none,NONE,OGD_Train_details_22122017,
GNJ,Gunji,,,,,UNMATCHED,none,NONE,OGD_Train_details_22122017,
KNP,Khanapur,,,,,UNMATCHED,none,NONE,OGD_Train_details_22122017,
IDJ,Idalhond H,,,,,UNMATCHED,none,NONE,OGD_Train_details_22122017,
DUR,Desur,,,,,UNMATCHED,none,NONE,OGD_Train_details_22122017,
LOGH,Lottegollaha,,,,,UNMATCHED,none,NONE,OGD_Train_details_22122017,
HEB,Hebbal,,,,,UNMATCHED,none,NONE,OGD_Train_details_22122017,
BLRR,Belandur Roa,,,,,UNMATCHED,none,NONE,OGD_Train_details_22122017,
CRLM,Carmelaram,,,,,UNMATCHED,none,NONE,OGD_Train_details_22122017,
HLE,Heelalige,,,,,UNMATCHED,none,NONE,OGD_Train_details_22122017,
AEK,Anekal Road,,,,,UNMATCHED,none,NONE,OGD_Train_details_22122017,
HSRA,Hosur,,,,,UNMATCHED,none,NONE,OGD_Train_details_22122017,
HDIH,Hoodi,,,,,UNMATCHED,none,NONE,OGD_Train_details_22122017,
KDGH,Kodigehalli,,,,,UNMATCHED,none,NONE,OGD_Train_details_22122017,
YNK,Yelahanka Jn,,,,,UNMATCHED,none,NONE,OGD_Train_details_22122017,
TLS,Bettahalasur,,,,,UNMATCHED,none,NONE,OGD_Train_details_22122017,
DJL,Dodjala,,,,,UNMATCHED,none,NONE,OGD_Train_details_22122017,
DHL,Devanhalli,,,,,UNMATCHED,none,NONE,OGD_Train_details_22122017,
KRBA,Korba,,,,,UNMATCHED,none,NONE,OGD_Train_details_22122017,
SRBA,Saragbundia,,,,,UNMATCHED,none,NONE,OGD_Train_details_22122017,
KTHD,Kothari Road,,,,,UNMATCHED,none,NONE,OGD_Train_details_22122017,
NIA,Naila,,,,,UNMATCHED,none,NONE,OGD_Train_details_22122017,
AKT,Akaltara,,,,,UNMATCHED,none,NONE,OGD_Train_details_22122017,
JRMG,Jairamnagar,,,,,UNMATCHED,none,NONE,OGD_Train_details_22122017,
PGTN,Palghat Town,,,,,UNMATCHED,none,NONE,OGD_Train_details_22122017,
PDGM,Pudunagaram,,,,,UNMATCHED,none,NONE,OGD_Train_details_22122017,
KLGD,Kollengode,,,,,UNMATCHED,none,NONE,OGD_Train_details_22122017,
MMDA,Muthalamada,,,,,UNMATCHED,none,NONE,OGD_Train_details_22122017,
MXM,Minatchipura,,,,,UNMATCHED,none,NONE,OGD_Train_details_22122017,
GMGM,Gomangalam,,,,,UNMATCHED,none,NONE,OGD_Train_details_22122017,
MVRD,Maivadiroad,,,,,UNMATCHED,none,NONE,OGD_Train_details_22122017,
PPTR,Pushpattur,Attur,11.595226,78.5935039,Q63371891,MATCHED,fuzzy_name,MEDIUM,OGD_Train_details_22122017,OSM_chennai_thoothukudi_stations_raw.geojson
TMPT,Tirumalairay,,,,,UNMATCHED,none,NONE,OGD_Train_details_22122017,
HBQ,Hubli East C,,,,,UNMATCHED,none,NONE,OGD_Train_details_22122017,
KUG,Kusugal,,,,,UNMATCHED,none,NONE,OGD_Train_details_22122017,
HBS,Hebsur,,,,,UNMATCHED,none,NONE,OGD_Train_details_22122017,
SVHE,Sisvinhalli,,,,,UNMATCHED,none,NONE,OGD_Train_details_22122017,
NVD,Naval Gund R,,,,,UNMATCHED,none,NONE,OGD_Train_details_22122017,
NGR,Annigeri,,,,,UNMATCHED,none,NONE,OGD_Train_details_22122017,
LKT,Hulkoti,,,,,UNMATCHED,none,NONE,OGD_Train_details_22122017,
BKIT,Bindadkatti,,,,,UNMATCHED,none,NONE,OGD_Train_details_22122017,
GDG,Gadag Jn.,,,,,UNMATCHED,none,NONE,OGD_Train_details_22122017,
HBL,Hombal,,,,,UNMATCHED,none,NONE,OGD_Train_details_22122017,
BLR,Blganur,,,,,UNMATCHED,none,NONE,OGD_Train_details_22122017,
MLP,Mallapur,,,,,UNMATCHED,none,NONE,OGD_Train_details_22122017,
SMKT,Soman Katti,,,,,UNMATCHED,none,NONE,OGD_Train_details_22122017,
HLAR,Hole-Alur,,,,,UNMATCHED,none,NONE,OGD_Train_details_22122017,
JAK,Jakanur H,,,,,UNMATCHED,none,NONE,OGD_Train_details_22122017,
LKY,Lakhmapur,,,,,UNMATCHED,none,NONE,OGD_Train_details_22122017,
YGA,Yaragoppa H,,,,,UNMATCHED,none,NONE,OGD_Train_details_22122017,
BDM,Badami,,,,,UNMATCHED,none,NONE,OGD_Train_details_22122017,
GED,Guledagudda,,,,,UNMATCHED,none,NONE,OGD_Train_details_22122017,
BGK,Bagalkot,,,,,UNMATCHED,none,NONE,OGD_Train_details_22122017,
MGL,Muglolli,,,,,UNMATCHED,none,NONE,OGD_Train_details_22122017,
KLM,Kadlimatti H,,,,,UNMATCHED,none,NONE,OGD_Train_details_22122017,
JRKT,Jadarama Kun,,,,,UNMATCHED,none,NONE,OGD_Train_details_22122017,
SII,Sitimani,,,,,UNMATCHED,none,NONE,OGD_Train_details_22122017,
KSAR,Kudala Sanga,,,,,UNMATCHED,none,NONE,OGD_Train_details_22122017,
LMT,Almatti,,,,,UNMATCHED,none,NONE,OGD_Train_details_22122017,
BENL,Benal H,,,,,UNMATCHED,none,NONE,OGD_Train_details_22122017,
WDL,Wandal,,,,,UNMATCHED,none,NONE,OGD_Train_details_22122017,
ANGR,Angadgeri H,,,,,UNMATCHED,none,NONE,OGD_Train_details_22122017,
BSRX,Basavana Bag,,,,,UNMATCHED,none,NONE,OGD_Train_details_22122017,
KDGI,Kudgi H,,,,,UNMATCHED,none,NONE,OGD_Train_details_22122017,
KGIH,Kalgurki H,,,,,UNMATCHED,none,NONE,OGD_Train_details_22122017,
214,Ubl,,,,,UNMATCHED,none,NONE,OGD_Train_details_22122017,
MVD,Mulvad,,,,,UNMATCHED,none,NONE,OGD_Train_details_22122017,
HOH,Honaganahall,,,,,UNMATCHED,none,NONE,OGD_Train_details_22122017,
JML,Jumnal,,,,,UNMATCHED,none,NONE,OGD_Train_details_22122017,
IMR,Ibrahimpur H,,,,,UNMATCHED,none,NONE,OGD_Train_details_22122017,
BJP,Bijapur Jn,,,,,UNMATCHED,none,NONE,OGD_Train_details_22122017,
33,Bjp,,,,,UNMATCHED,none,NONE,OGD_Train_details_22122017,
KZJ,Kazipet Jn.,,,,,UNMATCHED,none,NONE,OGD_Train_details_22122017,
MCI,Manchiryal,,,,,UNMATCHED,none,NONE,OGD_Train_details_22122017,
SKZR,Sirpurkaghaz,,,,,UNMATCHED,none,NONE,OGD_Train_details_22122017,
BPQ,Balharshah,,,,,UNMATCHED,none,NONE,OGD_Train_details_22122017,
CD,Chandrapur (,,,,,UNMATCHED,none,NONE,OGD_Train_details_22122017,
RNC,Ranchi,,,,,UNMATCHED,none,NONE,OGD_Train_details_22122017,
MURI,Muri,,,,,UNMATCHED,none,NONE,OGD_Train_details_22122017,
BKSC,Bokaro Steel,,,,,UNMATCHED,none,NONE,OGD_Train_details_22122017,
GMO,Nsc Bose J G,,,,,UNMATCHED,none,NONE,OGD_Train_details_22122017,
PNME,Parasnath,,,,,UNMATCHED,none,NONE,OGD_Train_details_22122017,
KQR,Koderma,,,,,UNMATCHED,none,NONE,OGD_Train_details_22122017,
GAYA,Gaya Jn.,,,,,UNMATCHED,none,NONE,OGD_Train_details_22122017,
NWD,Nawadah,,,,,UNMATCHED,none,NONE,OGD_Train_details_22122017,
KIUL,Kiul Jn.,,,,,UNMATCHED,none,NONE,OGD_Train_details_22122017,
SKJ,Sahibpur Kam,,,,,UNMATCHED,none,NONE,OGD_Train_details_22122017,
BGS,Begu Sarai,,,,,UNMATCHED,none,NONE,OGD_Train_details_22122017,
BJU,Barauni Jn.,,,,,UNMATCHED,none,NONE,OGD_Train_details_22122017,
SPJ,Samastipur J,,,,,UNMATCHED,none,NONE,OGD_Train_details_22122017,
DBG,Darbhanga Jn,,,,,UNMATCHED,none,NONE,OGD_Train_details_22122017,
KML,Kamtaul,,,,,UNMATCHED,none,NONE,OGD_Train_details_22122017,
JNR,Janakpur Roa,,,,,UNMATCHED,none,NONE,OGD_Train_details_22122017,
SMI,Sitamarhi,,,,,UNMATCHED,none,NONE,OGD_Train_details_22122017,
BGU,Bairagnia,,,,,UNMATCHED,none,NONE,OGD_Train_details_22122017,
RXL,Raxaul Jn.,,,,,UNMATCHED,none,NONE,OGD_Train_details_22122017,
RDM,Ramgundam,,,,,UNMATCHED,none,NONE,OGD_Train_details_22122017,
KCG,Kacheguda,,,,,UNMATCHED,none,NONE,OGD_Train_details_22122017,
MJF,Malkajgiri,,,,,UNMATCHED,none,NONE,OGD_Train_details_22122017,
CHZ,Charlapalli,,,,,UNMATCHED,none,NONE,OGD_Train_details_22122017,
NLDA,Nalgonda,,,,,UNMATCHED,none,NONE,OGD_Train_details_22122017,
MRGA,Miryalaguda,,,,,UNMATCHED,none,NONE,OGD_Train_details_22122017,
PGRL,Piduguralla,,,,,UNMATCHED,none,NONE,OGD_Train_details_22122017,
GNT,Guntur Jn.,,,,,UNMATCHED,none,NONE,OGD_Train_details_22122017,
ANV,Annavaram,,,,,UNMATCHED,none,NONE,OGD_Train_details_22122017,
TUNI,Tuni,,,,,UNMATCHED,none,NONE,OGD_Train_details_22122017,
TPTY,Tirupati,,,,,UNMATCHED,none,NONE,OGD_Train_details_22122017,
COA,Kakinada Por,,,,,UNMATCHED,none,NONE,OGD_Train_details_22122017,
CCT,Kakinada Tow,,,,,UNMATCHED,none,NONE,OGD_Train_details_22122017,
NDD,Nidadavolu J,,,,,UNMATCHED,none,NONE,OGD_Train_details_22122017,
NDKD,Nadikude Jn.,,,,,UNMATCHED,none,NONE,OGD_Train_details_22122017,
GDV,Gudivada Jn.,,,,,UNMATCHED,none,NONE,OGD_Train_details_22122017,
KKLR,Kaikalur,,,,,UNMATCHED,none,NONE,OGD_Train_details_22122017,
AKVD,Akividu,,,,,UNMATCHED,none,NONE,OGD_Train_details_22122017,
BVRT,Bhimavaram T,,,,,UNMATCHED,none,NONE,OGD_Train_details_22122017,
TNKU,Tanuku,,,,,UNMATCHED,none,NONE,OGD_Train_details_22122017,
ZN,Jangaon,,,,,UNMATCHED,none,NONE,OGD_Train_details_22122017,
WL,Warangal,,,,,UNMATCHED,none,NONE,OGD_Train_details_22122017,
MABD,Mahbubabad,,,,,UNMATCHED,none,NONE,OGD_Train_details_22122017,
DKJ,Dornakal Jn.,,,,,UNMATCHED,none,NONE,OGD_Train_details_22122017,
KMT,Khammam,,,,,UNMATCHED,none,NONE,OGD_Train_details_22122017,
MDR,Madhira,,,,,UNMATCHED,none,NONE,OGD_Train_details_22122017,
NDO,Nidubrolu,,,,,UNMATCHED,none,NONE,OGD_Train_details_22122017,
BPP,Bapatia,,,,,UNMATCHED,none,NONE,OGD_Train_details_22122017,
KVZ,Kavali,,,,,UNMATCHED,none,NONE,OGD_Train_details_22122017,
VKI,Venkatagiri,,,,,UNMATCHED,none,NONE,OGD_Train_details_22122017,
KHT,Sri Kalahast,,,,,UNMATCHED,none,NONE,OGD_Train_details_22122017,
KRMR,Karim Nagar,,,,,UNMATCHED,none,NONE,OGD_Train_details_22122017,
PDPL,Peddapalli,,,,,UNMATCHED,none,NONE,OGD_Train_details_22122017,
JMKT,Jamikunta,,,,,UNMATCHED,none,NONE,OGD_Train_details_22122017,
MLY,Maula Ali,,,,,UNMATCHED,none,NONE,OGD_Train_details_22122017,
VNUP,Vishnupuram,,,,,UNMATCHED,none,NONE,OGD_Train_details_22122017,
BMT,Begampet,,,,,UNMATCHED,none,NONE,OGD_Train_details_22122017,
LPI,Lingampalli,,,,,UNMATCHED,none,NONE,OGD_Train_details_22122017,
VKB,Vikrabad Jn.,,,,,UNMATCHED,none,NONE,OGD_Train_details_22122017,
TDU,Tandur,,,,,UNMATCHED,none,NONE,OGD_Train_details_22122017,
SEM,Seram,,,,,UNMATCHED,none,NONE,OGD_Train_details_22122017,
CT,Chittapur,,,,,UNMATCHED,none,NONE,OGD_Train_details_22122017,
YG,Yadgir,,,,,UNMATCHED,none,NONE,OGD_Train_details_22122017,
RC,Raichur,,,,,UNMATCHED,none,NONE,OGD_Train_details_22122017,
MALM,Manthralayam,,,,,UNMATCHED,none,NONE,OGD_Train_details_22122017,
AD,Adoni,,,,,UNMATCHED,none,NONE,OGD_Train_details_22122017,
GTL,Guntakal Jn.,,,,,UNMATCHED,none,NONE,OGD_Train_details_22122017,
GY,Gooty Jn.,,,,,UNMATCHED,none,NONE,OGD_Train_details_22122017,
TU,Tadipatri,,,,,UNMATCHED,none,NONE,OGD_Train_details_22122017,
KDP,Kondapuram,,,,,UNMATCHED,none,NONE,OGD_Train_details_22122017,
YA,Yerra Guntla,,,,,UNMATCHED,none,NONE,OGD_Train_details_22122017,
KKM,Kamalapuram,,,,,UNMATCHED,none,NONE,OGD_Train_details_22122017,
HX,Cuddapah,,,,,UNMATCHED,none,NONE,OGD_Train_details_22122017,
NRE,Nandalur,,,,,UNMATCHED,none,NONE,OGD_Train_details_22122017,
RJP,Razampeta,,,,,UNMATCHED,none,NONE,OGD_Train_details_22122017,
KOU,Koduru,,,,,UNMATCHED,none,NONE,OGD_Train_details_22122017,
ADL,Andul,,,,,UNMATCHED,none,NONE,OGD_Train_details_22122017,
BWN,Barddhaman J,,,,,UNMATCHED,none,NONE,OGD_Train_details_22122017,
JPE,Jalpaiguri R,,,,,UNMATCHED,none,NONE,OGD_Train_details_22122017,
MYGD,Mynaguri Rd,,,,,UNMATCHED,none,NONE,OGD_Train_details_22122017,
MHBA,Mathabhanga,,,,,UNMATCHED,none,NONE,OGD_Train_details_22122017,
GLPT,Goalpara  To,,,,,UNMATCHED,none,NONE,OGD_Train_details_22122017,
NS,Narasapur,,,,,UNMATCHED,none,NONE,OGD_Train_details_22122017,
PKO,Palakollu,,,,,UNMATCHED,none,NONE,OGD_Train_details_22122017,
VVM,Viravasaram,,,,,UNMATCHED,none,NONE,OGD_Train_details_22122017,
BVRM,Bhimavaram J,,,,,UNMATCHED,none,NONE,OGD_Train_details_22122017,
MOO,Muddanuru,,,,,UNMATCHED,none,NONE,OGD_Train_details_22122017,
DHNE,Dhone Jn,,,,,UNMATCHED,none,NONE,OGD_Train_details_22122017,
KRNT,Kurnool Town,,,,,UNMATCHED,none,NONE,OGD_Train_details_22122017,
GWD,Gadwal,,,,,UNMATCHED,none,NONE,OGD_Train_details_22122017,
MBNR,Mahbubnagar,,,,,UNMATCHED,none,NONE,OGD_Train_details_22122017,
JCL,Jadcharla,,,,,UNMATCHED,none,NONE,OGD_Train_details_22122017,
SHNR,Shadnagar,,,,,UNMATCHED,none,NONE,OGD_Train_details_22122017,
BMO,Bolarum,,,,,UNMATCHED,none,NONE,OGD_Train_details_22122017,
BSX,Basar,,,,,UNMATCHED,none,NONE,OGD_Train_details_22122017,
PBN,Parbhani Jn.,,,,,UNMATCHED,none,NONE,OGD_Train_details_22122017,
J,Jalna,,,,,UNMATCHED,none,NONE,OGD_Train_details_22122017,
ZB,Zahirabad,,,,,UNMATCHED,none,NONE,OGD_Train_details_22122017,
BIDR,Bidar,,,,,UNMATCHED,none,NONE,OGD_Train_details_22122017,
BHLK,Bhalki,,,,,UNMATCHED,none,NONE,OGD_Train_details_22122017,
UDGR,Udgir,,,,,UNMATCHED,none,NONE,OGD_Train_details_22122017,
LTRR,Latur Road,,,,,UNMATCHED,none,NONE,OGD_Train_details_22122017,
PNF,Pangaon,,,,,UNMATCHED,none,NONE,OGD_Train_details_22122017,
PRLI,Parli Vaijna,,,,,UNMATCHED,none,NONE,OGD_Train_details_22122017,
GNH,Ganga Kher,,,,,UNMATCHED,none,NONE,OGD_Train_details_22122017,
MVO,Manwath Road,,,,,UNMATCHED,none,NONE,OGD_Train_details_22122017,
SELU,Selu,,,,,UNMATCHED,none,NONE,OGD_Train_details_22122017,
PTU,Partur,,,,,UNMATCHED,none,NONE,OGD_Train_details_22122017,
NSL,Nagarsol,,,,,UNMATCHED,none,NONE,OGD_Train_details_22122017,
SKND,Sukinda Road,,,,,UNMATCHED,none,NONE,OGD_Train_details_22122017,
KDJR,Kendujhar,,,,,UNMATCHED,none,NONE,OGD_Train_details_22122017,
JRLI,Jaroli,,,,,UNMATCHED,none,NONE,OGD_Train_details_22122017,
BSPX,Banspani,,,,,UNMATCHED,none,NONE,OGD_Train_details_22122017,
DPS,Dangoaposi,,,,,UNMATCHED,none,NONE,OGD_Train_details_22122017,
CBSA,Chaibasa,,,,,UNMATCHED,none,NONE,OGD_Train_details_22122017,
CTO,Chittoor,,,,,UNMATCHED,none,NONE,OGD_Train_details_22122017,
ADB,Adilabad,,,,,UNMATCHED,none,NONE,OGD_Train_details_22122017,
KNVT,Kinwat,,,,,UNMATCHED,none,NONE,OGD_Train_details_22122017,
SHSK,Sahasrakund,,,,,UNMATCHED,none,NONE,OGD_Train_details_22122017,
HEM,Himayatnagar,,,,,UNMATCHED,none,NONE,OGD_Train_details_22122017,
BOKR,Bhokar,,,,,UNMATCHED,none,NONE,OGD_Train_details_22122017,
LUR,Latur,Kolatur,10.7004515,78.5471973,Q63356099,MATCHED,fuzzy_name,MEDIUM,OGD_Train_details_22122017,OSM_chennai_thoothukudi_stations_raw.geojson
UMD,Usmanabad,,,,,UNMATCHED,none,NONE,OGD_Train_details_22122017,
BTW,Barshi,,,,,UNMATCHED,none,NONE,OGD_Train_details_22122017,
KWV,Kurduvadi Jn,,,,,UNMATCHED,none,NONE,OGD_Train_details_22122017,
SGUT,Siliguri Tow,,,,,UNMATCHED,none,NONE,OGD_Train_details_22122017,
ABFC,Ambari Falak,,,,,UNMATCHED,none,NONE,OGD_Train_details_22122017,
BLK,Belakoba,,,,,UNMATCHED,none,NONE,OGD_Train_details_22122017,
RQJ,Raninagar Ja,,,,,UNMATCHED,none,NONE,OGD_Train_details_22122017,
BPV,Bhotepatti,,,,,UNMATCHED,none,NONE,OGD_Train_details_22122017,
NCBD,New Changrab,,,,,UNMATCHED,none,NONE,OGD_Train_details_22122017,
NYRH,Nayarhat,,,,,UNMATCHED,none,NONE,OGD_Train_details_22122017,
CAPG,Chapaguri,,,,,UNMATCHED,none,NONE,OGD_Train_details_22122017,
MRDG,Maradanga,,,,,UNMATCHED,none,NONE,OGD_Train_details_22122017,
TFGN,Tufanganj,,,,,UNMATCHED,none,NONE,OGD_Train_details_22122017,
BXHT,Boxirhat,,,,,UNMATCHED,none,NONE,OGD_Train_details_22122017,
BDYR,Bidyadabri,,,,,UNMATCHED,none,NONE,OGD_Train_details_22122017,
AGMN,Agomoni,,,,,UNMATCHED,none,NONE,OGD_Train_details_22122017,
GKJ,Golakganj,,,,,UNMATCHED,none,NONE,OGD_Train_details_22122017,
GUP,Gauripur,,,,,UNMATCHED,none,NONE,OGD_Train_details_22122017,
DBB,Dhubri,,,,,UNMATCHED,none,NONE,OGD_Train_details_22122017,
MTJR,Moterjhar,,,,,UNMATCHED,none,NONE,OGD_Train_details_22122017,
BSI,Basbari,,,,,UNMATCHED,none,NONE,OGD_Train_details_22122017,
MONJ,Monglajhora,,,,,UNMATCHED,none,NONE,OGD_Train_details_22122017,
TPK,Tipkai,,,,,UNMATCHED,none,NONE,OGD_Train_details_22122017,
SPX,Sapatgram,,,,,UNMATCHED,none,NONE,OGD_Train_details_22122017,
FKM,Fakiragram J,,,,,UNMATCHED,none,NONE,OGD_Train_details_22122017,
SLKX,Salakati,,,,,UNMATCHED,none,NONE,OGD_Train_details_22122017,
BSGN,Basugaon,,,,,UNMATCHED,none,NONE,OGD_Train_details_22122017,
DTX,Dangtal,,,,,UNMATCHED,none,NONE,OGD_Train_details_22122017,
ATP,Anantapur,,,,,UNMATCHED,none,NONE,OGD_Train_details_22122017,
DMM,Dharmavaram,,,,,UNMATCHED,none,NONE,OGD_Train_details_22122017,
SSPN,Sri Satya Sa,,,,,UNMATCHED,none,NONE,OGD_Train_details_22122017,
PKD,Penu Konda,,,,,UNMATCHED,none,NONE,OGD_Train_details_22122017,
HUP,Hindupur,,,,,UNMATCHED,none,NONE,OGD_Train_details_22122017,
MAG,Mangala Giri,,,,,UNMATCHED,none,NONE,OGD_Train_details_22122017,
JGM,Jhargram,,,,,UNMATCHED,none,NONE,OGD_Train_details_22122017,
MDN,Midnapore,,,,,UNMATCHED,none,NONE,OGD_Train_details_22122017,
GKL,Gokulpur,,,,,UNMATCHED,none,NONE,OGD_Train_details_22122017,
GMDN,Giri Maidan,,,,,UNMATCHED,none,NONE,OGD_Train_details_22122017,
NPTY,Nimpurathrou,,,,,UNMATCHED,none,NONE,OGD_Train_details_22122017,
KKQ,Kalaikunda,,,,,UNMATCHED,none,NONE,OGD_Train_details_22122017,
KSO,Khemasuli Ph,,,,,UNMATCHED,none,NONE,OGD_Train_details_22122017,
SUA,Sardiha,,,,,UNMATCHED,none,NONE,OGD_Train_details_22122017,
HIJ,Hijli,,,,,UNMATCHED,none,NONE,OGD_Train_details_22122017,
BPE,Benapur,,,,,UNMATCHED,none,NONE,OGD_Train_details_22122017,
NYA,Narayangarh,,,,,UNMATCHED,none,NONE,OGD_Train_details_22122017,
VKD,Bakhrabad,,,,,UNMATCHED,none,NONE,OGD_Train_details_22122017,
BLDA,Belda,,,,,UNMATCHED,none,NONE,OGD_Train_details_22122017,
NSI,Nikursini,,,,,UNMATCHED,none,NONE,OGD_Train_details_22122017,
DNT,Dantan,,,,,UNMATCHED,none,NONE,OGD_Train_details_22122017,
AGV,Angua Ph,,,,,UNMATCHED,none,NONE,OGD_Train_details_22122017,
LXD,Lakshannath,,,,,UNMATCHED,none,NONE,OGD_Train_details_22122017,
JER,Jaleswar,,,,,UNMATCHED,none,NONE,OGD_Train_details_22122017,
RGT,Rajghat Ph,,,,,UNMATCHED,none,NONE,OGD_Train_details_22122017,
ARD,Amarda Road,,,,,UNMATCHED,none,NONE,OGD_Train_details_22122017,
BTS,Basta,,,,,UNMATCHED,none,NONE,OGD_Train_details_22122017,
NMBR,Nuagaon-Mayu,,,,,UNMATCHED,none,NONE,OGD_Train_details_22122017,
ROP,Rupsa Jn.,,,,,UNMATCHED,none,NONE,OGD_Train_details_22122017,
HIP,Haldipada,,,,,UNMATCHED,none,NONE,OGD_Train_details_22122017,
TKPL,Tikirapal Ph,,,,,UNMATCHED,none,NONE,OGD_Train_details_22122017,
SHM,Shalimar,,,,,UNMATCHED,none,NONE,OGD_Train_details_22122017,
GUNA,Guna,,,,,UNMATCHED,none,NONE,OGD_Train_details_22122017,
RTA,Ruthiyai Jn,,,,,UNMATCHED,none,NONE,OGD_Train_details_22122017,
BNLW,Banasthali N,,,,,UNMATCHED,none,NONE,OGD_Train_details_22122017,
BUTA,Bhadutola Ph,,,,,UNMATCHED,none,NONE,OGD_Train_details_22122017,
GSL,Godapeasal,,,,,UNMATCHED,none,NONE,OGD_Train_details_22122017,
SLB,Salboni,,,,,UNMATCHED,none,NONE,OGD_Train_details_22122017,
CDGR,Chandrakona,,,,,UNMATCHED,none,NONE,OGD_Train_details_22122017,
GBA,Garbeta,,,,,UNMATCHED,none,NONE,OGD_Train_details_22122017,
BGO,Bogri Road,,,,,UNMATCHED,none,NONE,OGD_Train_details_22122017,
PBA,Piardoba,,,,,UNMATCHED,none,NONE,OGD_Train_details_22122017,
VSU,Bishnupur,,,,,UNMATCHED,none,NONE,OGD_Train_details_22122017,
RSG,Ramsagar,,,,,UNMATCHED,none,NONE,OGD_Train_details_22122017,
ODM,Ondagrarm,,,,,UNMATCHED,none,NONE,OGD_Train_details_22122017,
KISN,Kalisen Ph,,,,,UNMATCHED,none,NONE,OGD_Train_details_22122017,
BXL,Bheduasol,,,,,UNMATCHED,none,NONE,OGD_Train_details_22122017,
BQA,Bankura,,,,,UNMATCHED,none,NONE,OGD_Train_details_22122017,
PRSL,Pandrasali,,,,,UNMATCHED,none,NONE,OGD_Train_details_22122017,
RKSN,Rajkharsawan,,,,,UNMATCHED,none,NONE,OGD_Train_details_22122017,
BRM,Barabambo,,,,,UNMATCHED,none,NONE,OGD_Train_details_22122017,
SBP,Sambalpur Jn,,,,,UNMATCHED,none,NONE,OGD_Train_details_22122017,
BRGA,Bargarh Road,,,,,UNMATCHED,none,NONE,OGD_Train_details_22122017,
BLGR,Balangir,,,,,UNMATCHED,none,NONE,OGD_Train_details_22122017,
TIG,Titla Garh J,,,,,UNMATCHED,none,NONE,OGD_Train_details_22122017,
KSNG,Kesinga,,,,,UNMATCHED,none,NONE,OGD_Train_details_22122017,
RGDA,Rayagada Jn.,,,,,UNMATCHED,none,NONE,OGD_Train_details_22122017,
KRDL,Kirandul,,,,,UNMATCHED,none,NONE,OGD_Train_details_22122017,
BCHL,Bacheli,,,,,UNMATCHED,none,NONE,OGD_Train_details_22122017,
DWZ,Dante Wara,,,,,UNMATCHED,none,NONE,OGD_Train_details_22122017,
KKLU,Kaklur,,,,,UNMATCHED,none,NONE,OGD_Train_details_22122017,
DMK,Dilmili,,,,,UNMATCHED,none,NONE,OGD_Train_details_22122017,
JDB,Jagadalpur,,,,,UNMATCHED,none,NONE,OGD_Train_details_22122017,
KPRR,Kotapar Road,,,,,UNMATCHED,none,NONE,OGD_Train_details_22122017,
JYP,Jeypore (Ori,,,,,UNMATCHED,none,NONE,OGD_Train_details_22122017,
KRPU,Koraput Jn.,,,,,UNMATCHED,none,NONE,OGD_Train_details_22122017,
ARK,Araku,,,,,UNMATCHED,none,NONE,OGD_Train_details_22122017,
KTV,Kottavalasa,,,,,UNMATCHED,none,NONE,OGD_Train_details_22122017,
NGNT,New Guntur,,,,,UNMATCHED,none,NONE,OGD_Train_details_22122017,
CAF,Chandafort,,,,,UNMATCHED,none,NONE,OGD_Train_details_22122017,
BRKA,Barkakana,,,,,UNMATCHED,none,NONE,OGD_Train_details_22122017,
GMIA,Gumia,,,,,UNMATCHED,none,NONE,OGD_Train_details_22122017,
PUS,Phusro,,,,,UNMATCHED,none,NONE,OGD_Train_details_22122017,
CRP,Chandrapura,,,,,UNMATCHED,none,NONE,OGD_Train_details_22122017,
ALD,Allahabad Jn,,,,,UNMATCHED,none,NONE,OGD_Train_details_22122017,
TDL,Tundla Jn,,,,,UNMATCHED,none,NONE,OGD_Train_details_22122017,
ALJN,Aligarh Jn.,,,,,UNMATCHED,none,NONE,OGD_Train_details_22122017,
ADRA,Adra,,,,,UNMATCHED,none,NONE,OGD_Train_details_22122017,
BJE,Bhojudih Jn.,,,,,UNMATCHED,none,NONE,OGD_Train_details_22122017,
MHQ,Mohuda,,,,,UNMATCHED,none,NONE,OGD_Train_details_22122017,
JAA,Jhalida,,,,,UNMATCHED,none,NONE,OGD_Train_details_22122017,
RSM,Rasmara,,,,,UNMATCHED,none,NONE,OGD_Train_details_22122017,
MUP,Murhipar,,,,,UNMATCHED,none,NONE,OGD_Train_details_22122017,
PMS,Parmalkasa,,,,,UNMATCHED,none,NONE,OGD_Train_details_22122017,
RJN,Rajnandgaon,,,,,UNMATCHED,none,NONE,OGD_Train_details_22122017,
BAKL,Bakal,,,,,UNMATCHED,none,NONE,OGD_Train_details_22122017,
MUA,Musra,,,,,UNMATCHED,none,NONE,OGD_Train_details_22122017,
JTR,Jatkanhar,,,,,UNMATCHED,none,NONE,OGD_Train_details_22122017,
DGG,Dongar Garh,,,,,UNMATCHED,none,NONE,OGD_Train_details_22122017,
PJB,Pania Job,,,,,UNMATCHED,none,NONE,OGD_Train_details_22122017,
BTL,Bortalao,,,,,UNMATCHED,none,NONE,OGD_Train_details_22122017,
DKS,Darekasa,,,,,UNMATCHED,none,NONE,OGD_Train_details_22122017,
SKS,Salekasa,,,,,UNMATCHED,none,NONE,OGD_Train_details_22122017,
DNL,Dhanoli,,,,,UNMATCHED,none,NONE,OGD_Train_details_22122017,
AGN,Amgaon,,,,,UNMATCHED,none,NONE,OGD_Train_details_22122017,
GDM,Gudma,,,,,UNMATCHED,none,NONE,OGD_Train_details_22122017,
BCT,Mumbai Centr,,,,,UNMATCHED,none,NONE,OGD_Train_details_22122017,
MSH,Mahesana Jn,,,,,UNMATCHED,none,NONE,OGD_Train_details_22122017,
PNU,Palanpur Jn,,,,,UNMATCHED,none,NONE,OGD_Train_details_22122017,
ABR,Abu Road,,,,,UNMATCHED,none,NONE,OGD_Train_details_22122017,
FA,Falna,,,,,UNMATCHED,none,NONE,OGD_Train_details_22122017,
MJ,Marwar Jn.,,,,,UNMATCHED,none,NONE,OGD_Train_details_22122017,
PMY,Pali Marwar,,,,,UNMATCHED,none,NONE,OGD_Train_details_22122017,
NGO,Nagaur,,,,,UNMATCHED,none,NONE,OGD_Train_details_22122017,
NOK,Nokha,,,,,UNMATCHED,none,NONE,OGD_Train_details_22122017,
DHG,Dhrangadhra,,,,,UNMATCHED,none,NONE,OGD_Train_details_22122017,
SIOB,Samakhiyali,,,,,UNMATCHED,none,NONE,OGD_Train_details_22122017,
BCOB,Bhachau,,,,,UNMATCHED,none,NONE,OGD_Train_details_22122017,
GIMB,Gandhidham J,,,,,UNMATCHED,none,NONE,OGD_Train_details_22122017,
BWM,Bhawani Mand,,,,,UNMATCHED,none,NONE,OGD_Train_details_22122017,
NSD,Nasirabad,,,,,UNMATCHED,none,NONE,OGD_Train_details_22122017,
BJNR,Bijainagar,,,,,UNMATCHED,none,NONE,OGD_Train_details_22122017,
CNA,Chanderiya J,,,,,UNMATCHED,none,NONE,OGD_Train_details_22122017,
KIN,Kapasan,,,,,UNMATCHED,none,NONE,OGD_Train_details_22122017,
MVJ,Mavli Jn.,,,,,UNMATCHED,none,NONE,OGD_Train_details_22122017,
RPZ,Rana Pratap,,,,,UNMATCHED,none,NONE,OGD_Train_details_22122017,
IDG,Indragarh Su,,,,,UNMATCHED,none,NONE,OGD_Train_details_22122017,
GGC,Gangapur Cit,,,,,UNMATCHED,none,NONE,OGD_Train_details_22122017,
SMBJ,Shri Mahabir,,,,,UNMATCHED,none,NONE,OGD_Train_details_22122017,
HAN,Hindaun City,,,,,UNMATCHED,none,NONE,OGD_Train_details_22122017,
BXN,Bayana,,,,,UNMATCHED,none,NONE,OGD_Train_details_22122017,
FDB,Faridabad,,,,,UNMATCHED,none,NONE,OGD_Train_details_22122017,
ADVI,Adavali,,,,,UNMATCHED,none,NONE,OGD_Train_details_22122017,
PERN,Pernem,,,,,UNMATCHED,none,NONE,OGD_Train_details_22122017,
VID,Vilavade,,,,,UNMATCHED,none,NONE,OGD_Train_details_22122017,
BTJL,Bhatkal,,,,,UNMATCHED,none,NONE,OGD_Train_details_22122017,
TIR,Tirur,,,,,UNMATCHED,none,NONE,OGD_Train_details_22122017,
SNSI,Sai Nagar Sh,,,,,UNMATCHED,none,NONE,OGD_Train_details_22122017,
PB,Puntamba,,,,,UNMATCHED,none,NONE,OGD_Train_details_22122017,
BAP,Belapur,,,,,UNMATCHED,none,NONE,OGD_Train_details_22122017,
BGVN,Bhigvan,,,,,UNMATCHED,none,NONE,OGD_Train_details_22122017,
PRWD,Parewadi,,,,,UNMATCHED,none,NONE,OGD_Train_details_22122017,
JEUR,Jeur,,,,,UNMATCHED,none,NONE,OGD_Train_details_22122017,
KEM,Kem,,,,,UNMATCHED,none,NONE,OGD_Train_details_22122017,
MLB,Modlimb,,,,,UNMATCHED,none,NONE,OGD_Train_details_22122017,
VEER,Veer,,,,,UNMATCHED,none,NONE,OGD_Train_details_22122017,
SVX,Savarda,,,,,UNMATCHED,none,NONE,OGD_Train_details_22122017,
AVRD,Aravali Road,,,,,UNMATCHED,none,NONE,OGD_Train_details_22122017,
KRD,Karad,,,,,UNMATCHED,none,NONE,OGD_Train_details_22122017,
TKR,Takari,,,,,UNMATCHED,none,NONE,OGD_Train_details_22122017,
NRL,Neral,,,,,UNMATCHED,none,NONE,OGD_Train_details_22122017,
KAD,Kandala,,,,,UNMATCHED,none,NONE,OGD_Train_details_22122017,
TGN,Talegaon,,,,,UNMATCHED,none,NONE,OGD_Train_details_22122017,
SVJR,Shivajinagar,,,,,UNMATCHED,none,NONE,OGD_Train_details_22122017,
CCH,Chinchvad,,,,,UNMATCHED,none,NONE,OGD_Train_details_22122017,
PMP,Pimpri,,,,,UNMATCHED,none,NONE,OGD_Train_details_22122017,
SUR,Solapur,,,,,UNMATCHED,none,NONE,OGD_Train_details_22122017,
DUD,Dudhani,,,,,UNMATCHED,none,NONE,OGD_Train_details_22122017,
GUR,Gangapur Roa,,,,,UNMATCHED,none,NONE,OGD_Train_details_22122017,
GR,Gulbarga,,,,,UNMATCHED,none,NONE,OGD_Train_details_22122017,
SDB,Shahabad,,,,,UNMATCHED,none,NONE,OGD_Train_details_22122017,
WADI,Wadi Jn.,,,,,UNMATCHED,none,NONE,OGD_Train_details_22122017,
KSN,Krishna,,,,,UNMATCHED,none,NONE,OGD_Train_details_22122017,
KLU,Kalluru,,,,,UNMATCHED,none,NONE,OGD_Train_details_22122017,
GBD,Gauribidanur,,,,,UNMATCHED,none,NONE,OGD_Train_details_22122017,
BNCE,Bangalore Ea,,,,,UNMATCHED,none,NONE,OGD_Train_details_22122017,
SBC,Krantivira S,,,,,UNMATCHED,none,NONE,OGD_Train_details_22122017,
BNC,Bangalore Ca,,,,,UNMATCHED,none,NONE,OGD_Train_details_22122017,
KSRA,Kasara,,,,,UNMATCHED,none,NONE,OGD_Train_details_22122017,
DVL,Devlali,,,,,UNMATCHED,none,NONE,OGD_Train_details_22122017,
NGN,Nandgaon,,,,,UNMATCHED,none,NONE,OGD_Train_details_22122017,
PC,Pachora Jn.,,,,,UNMATCHED,none,NONE,OGD_Train_details_22122017,
RV,Raver,,,,,UNMATCHED,none,NONE,OGD_Train_details_22122017,
NPNR,Nepa Nagar,,,,,UNMATCHED,none,NONE,OGD_Train_details_22122017,
KKN,Khirkiya,,,,,UNMATCHED,none,NONE,OGD_Train_details_22122017,
TBN,Timarni,,,,,UNMATCHED,none,NONE,OGD_Train_details_22122017,
MDDP,Mandideep,,,,,UNMATCHED,none,NONE,OGD_Train_details_22122017,
HBJ,Habibganj,,,,,UNMATCHED,none,NONE,OGD_Train_details_22122017,
BAQ,Ganj Basoda,,,,,UNMATCHED,none,NONE,OGD_Train_details_22122017,
BAB,Babina,,,,,UNMATCHED,none,NONE,OGD_Train_details_22122017,
CGN,Chirgaon,,,,,UNMATCHED,none,NONE,OGD_Train_details_22122017,
AIT,Ait Jn,,,,,UNMATCHED,none,NONE,OGD_Train_details_22122017,
ORAI,Orai,,,,,UNMATCHED,none,NONE,OGD_Train_details_22122017,
KPI,Kalpi,,,,,UNMATCHED,none,NONE,OGD_Train_details_22122017,
PHN,Pokhrayan,,,,,UNMATCHED,none,NONE,OGD_Train_details_22122017,
BZM,Bhimsen,,,,,UNMATCHED,none,NONE,OGD_Train_details_22122017,
ON,Unnao Jn.,,,,,UNMATCHED,none,NONE,OGD_Train_details_22122017,
BV,Babhnan,,,,,UNMATCHED,none,NONE,OGD_Train_details_22122017,
SPT,Sompeta,,,,,UNMATCHED,none,NONE,OGD_Train_details_22122017,
IPM,Ichcha Puram,,,,,UNMATCHED,none,NONE,OGD_Train_details_22122017,
CAP,Chatrapur,,,,,UNMATCHED,none,NONE,OGD_Train_details_22122017,
DEHR,Dehu Road,,,,,UNMATCHED,none,NONE,OGD_Train_details_22122017,
JJR,Jejuri,,,,,UNMATCHED,none,NONE,OGD_Train_details_22122017,
NIRA,Nira,,,,,UNMATCHED,none,NONE,OGD_Train_details_22122017,
LNN,Lonand,,,,,UNMATCHED,none,NONE,OGD_Train_details_22122017,
WTR,Wathar,,,,,UNMATCHED,none,NONE,OGD_Train_details_22122017,
KRG,Koregaon,,,,,UNMATCHED,none,NONE,OGD_Train_details_22122017,
KOV,Kirloskar Wa,,,,,UNMATCHED,none,NONE,OGD_Train_details_22122017,
BVQ,Bhilavdi,,,,,UNMATCHED,none,NONE,OGD_Train_details_22122017,
JSP,Jayasingpur,,,,,UNMATCHED,none,NONE,OGD_Train_details_22122017,
HTK,Hatkanangale,,,,,UNMATCHED,none,NONE,OGD_Train_details_22122017,
RKD,Rukadi,,,,,UNMATCHED,none,NONE,OGD_Train_details_22122017,
VV,Valivade,,,,,UNMATCHED,none,NONE,OGD_Train_details_22122017,
GPR,Ghorpuri,,,,,UNMATCHED,none,NONE,OGD_Train_details_22122017,
KJ,Kajgaon,,,,,UNMATCHED,none,NONE,OGD_Train_details_22122017,
LS,Lasal Gaon,,,,,UNMATCHED,none,NONE,OGD_Train_details_22122017,
CKHS,Chikhli,,,,,UNMATCHED,none,NONE,OGD_Train_details_22122017,
MHPE,Mohope,,,,,UNMATCHED,none,NONE,OGD_Train_details_22122017,
CHOK,Chauk,,,,,UNMATCHED,none,NONE,OGD_Train_details_22122017,
MA,Madha,,,,,UNMATCHED,none,NONE,OGD_Train_details_22122017,
MO,Mohol,,,,,UNMATCHED,none,NONE,OGD_Train_details_22122017,
HG,Hotgi Jn.,,,,,UNMATCHED,none,NONE,OGD_Train_details_22122017,
AKOR,Akalkot Road,,,,,UNMATCHED,none,NONE,OGD_Train_details_22122017,
NW,Nalwar,,,,,UNMATCHED,none,NONE,OGD_Train_details_22122017,
SADP,Saidapur,,,,,UNMATCHED,none,NONE,OGD_Train_details_22122017,
MTU,Matmari,,,,,UNMATCHED,none,NONE,OGD_Train_details_22122017,
KO,Kosgi,,,,,UNMATCHED,none,NONE,OGD_Train_details_22122017,
KGL,Kupgal,,,,,UNMATCHED,none,NONE,OGD_Train_details_22122017,
NRR,Nagarur,,,,,UNMATCHED,none,NONE,OGD_Train_details_22122017,
RLO,Rayalcheruvu,,,,,UNMATCHED,none,NONE,OGD_Train_details_22122017,
PUT,Putur,Topputurai,10.3962984,79.8488683,,MATCHED,fuzzy_name,MEDIUM,OGD_Train_details_22122017,OSM_chennai_thoothukudi_stations_raw.geojson
RMP,Rahimatpur,,,,,UNMATCHED,none,NONE,OGD_Train_details_22122017,
TAZ,Targaon,,,,,UNMATCHED,none,NONE,OGD_Train_details_22122017,
MSR,Masur,,,,,UNMATCHED,none,NONE,OGD_Train_details_22122017,
SIW,Shiravade,,,,,UNMATCHED,none,NONE,OGD_Train_details_22122017,
NMGT,Nimshirgaon,,,,,UNMATCHED,none,NONE,OGD_Train_details_22122017,
VRB,Vishrambag,,,,,UNMATCHED,none,NONE,OGD_Train_details_22122017,
IDR,Indi Road,,,,,UNMATCHED,none,NONE,OGD_Train_details_22122017,
NBL,Nimbal,,,,,UNMATCHED,none,NONE,OGD_Train_details_22122017,
ALY,Allahabad Ci,,,,,UNMATCHED,none,NONE,OGD_Train_details_22122017,
GYN,Gyanpur Road,,,,,UNMATCHED,none,NONE,OGD_Train_details_22122017,
MUV,Manduadih,,,,,UNMATCHED,none,NONE,OGD_Train_details_22122017,
BCY,Varanasi Cit,,,,,UNMATCHED,none,NONE,OGD_Train_details_22122017,
ARJ,Aunrihar Jn.,,,,,UNMATCHED,none,NONE,OGD_Train_details_22122017,
GCT,Ghazipur Cit,,,,,UNMATCHED,none,NONE,OGD_Train_details_22122017,
BUI,Ballia,,,,,UNMATCHED,none,NONE,OGD_Train_details_22122017,
SEE,Sonpur Jn.,,,,,UNMATCHED,none,NONE,OGD_Train_details_22122017,
HJP,Hajipur Jn.,,,,,UNMATCHED,none,NONE,OGD_Train_details_22122017,
MFP,Muzaffarpur,,,,,UNMATCHED,none,NONE,OGD_Train_details_22122017,
LSI,Laheria Sara,,,,,UNMATCHED,none,NONE,OGD_Train_details_22122017,
HAS,Hassan Jn.,,,,,UNMATCHED,none,NONE,OGD_Train_details_22122017,
HLN,Holenarsipur,,,,,UNMATCHED,none,NONE,OGD_Train_details_22122017,
KRNR,Krishna Raja,,,,,UNMATCHED,none,NONE,OGD_Train_details_22122017,
MYS,Mysore Jn.,,,,,UNMATCHED,none,NONE,OGD_Train_details_22122017,
MKP,Manikpur Jn.,,,,,UNMATCHED,none,NONE,OGD_Train_details_22122017,
MAU,Mau Jn.,,,,,UNMATCHED,none,NONE,OGD_Train_details_22122017,
DEOS,Deoria Sadar,,,,,UNMATCHED,none,NONE,OGD_Train_details_22122017,
BVNR,Bhavani Naga,,,,,UNMATCHED,none,NONE,OGD_Train_details_22122017,
JSV,Jarandeshwar,,,,,UNMATCHED,none,NONE,OGD_Train_details_22122017,
ABLE,Amble,,,,,UNMATCHED,none,NONE,OGD_Train_details_22122017,
URI,Uruli,,,,,UNMATCHED,none,NONE,OGD_Train_details_22122017,
KDG,Kedgaon,,,,,UNMATCHED,none,NONE,OGD_Train_details_22122017,
YL,Yeola,,,,,UNMATCHED,none,NONE,OGD_Train_details_22122017,
BDWD,Bodwad,,,,,UNMATCHED,none,NONE,OGD_Train_details_22122017,
NN,Nandura,,,,,UNMATCHED,none,NONE,OGD_Train_details_22122017,
JM,Jalamb Jn.,,,,,UNMATCHED,none,NONE,OGD_Train_details_22122017,
CND,Chandur,,,,,UNMATCHED,none,NONE,OGD_Train_details_22122017,
SEGM,Sewagram,,,,,UNMATCHED,none,NONE,OGD_Train_details_22122017,
TGP,Tuljapur,,,,,UNMATCHED,none,NONE,OGD_Train_details_22122017,
SNI,Sindi,,,,,UNMATCHED,none,NONE,OGD_Train_details_22122017,
ITR,Itwari Jn.,,,,,UNMATCHED,none,NONE,OGD_Train_details_22122017,
KP,Kamptee,,,,,UNMATCHED,none,NONE,OGD_Train_details_22122017,
BRD,Bhandara Rd,,,,,UNMATCHED,none,NONE,OGD_Train_details_22122017,
TMR,Tumsar Rd,,,,,UNMATCHED,none,NONE,OGD_Train_details_22122017,
TRO,Tirora,,,,,UNMATCHED,none,NONE,OGD_Train_details_22122017,
VNA,Varangaon,,,,,UNMATCHED,none,NONE,OGD_Train_details_22122017,
MJRI,Majri Jn.,,,,,UNMATCHED,none,NONE,OGD_Train_details_22122017,
NRKR,Narkher,,,,,UNMATCHED,none,NONE,OGD_Train_details_22122017,
PAR,Pandhurna,,,,,UNMATCHED,none,NONE,OGD_Train_details_22122017,
AMLA,Amla Jn.,,,,,UNMATCHED,none,NONE,OGD_Train_details_22122017,
BZU,Betul,,,,,UNMATCHED,none,NONE,OGD_Train_details_22122017,
GDYA,Ghoradongri,,,,,UNMATCHED,none,NONE,OGD_Train_details_22122017,
BBU,Bhabua Road,,,,,UNMATCHED,none,NONE,OGD_Train_details_22122017,
SSM,Sasaram,,,,,UNMATCHED,none,NONE,OGD_Train_details_22122017,
DOS,Dehri-On-Son,,,,,UNMATCHED,none,NONE,OGD_Train_details_22122017,
SED,Shedbal,,,,,UNMATCHED,none,NONE,OGD_Train_details_22122017,
UGR,Ugar Khurd,,,,,UNMATCHED,none,NONE,OGD_Train_details_22122017,
CNC,Chinchli,,,,,UNMATCHED,none,NONE,OGD_Train_details_22122017,
RBG,Raybag,,,,,UNMATCHED,none,NONE,OGD_Train_details_22122017,
NVS,Navsari,,,,,UNMATCHED,none,NONE,OGD_Train_details_22122017,
BIRD,Bhiwandi Roa,,,,,UNMATCHED,none,NONE,OGD_Train_details_22122017,
JNH,Janghai Jn.,,,,,UNMATCHED,none,NONE,OGD_Train_details_22122017,
MAY,Mariahu,,,,,UNMATCHED,none,NONE,OGD_Train_details_22122017,
KRND,Khorason Roa,,,,,UNMATCHED,none,NONE,OGD_Train_details_22122017,
SMZ,Saraimir,,,,,UNMATCHED,none,NONE,OGD_Train_details_22122017,
AMH,Azamgarh,,,,,UNMATCHED,none,NONE,OGD_Train_details_22122017,
PLP,Phulpur,,,,,UNMATCHED,none,NONE,OGD_Train_details_22122017,
ZBD,Zafarabad Jn,,,,,UNMATCHED,none,NONE,OGD_Train_details_22122017,
MMA,Muhammadabad,,,,,UNMATCHED,none,NONE,OGD_Train_details_22122017,
BLTR,Belthara Roa,,,,,UNMATCHED,none,NONE,OGD_Train_details_22122017,
SAV,Savda,,,,,UNMATCHED,none,NONE,OGD_Train_details_22122017,
NB,Nimbhora,,,,,UNMATCHED,none,NONE,OGD_Train_details_22122017,
TLV,Talvadiya,,,,,UNMATCHED,none,NONE,OGD_Train_details_22122017,
CAER,Chanera,,,,,UNMATCHED,none,NONE,OGD_Train_details_22122017,
BPF,Banapura,,,,,UNMATCHED,none,NONE,OGD_Train_details_22122017,
BNI,Budni,,,,,UNMATCHED,none,NONE,OGD_Train_details_22122017,
ODG,Obaidulla Ga,,,,,UNMATCHED,none,NONE,OGD_Train_details_22122017,
SCI,Sanchi,,,,,UNMATCHED,none,NONE,OGD_Train_details_22122017,
GLG,Gulabganj,,,,,UNMATCHED,none,NONE,OGD_Train_details_22122017,
MABA,Mandi Bamora,,,,,UNMATCHED,none,NONE,OGD_Train_details_22122017,
DUA,Dhaura,,,,,UNMATCHED,none,NONE,OGD_Train_details_22122017,
JLN,Jakhlaun,,,,,UNMATCHED,none,NONE,OGD_Train_details_22122017,
TBT,Talbahat,,,,,UNMATCHED,none,NONE,OGD_Train_details_22122017,
BZY,Basai,,,,,UNMATCHED,none,NONE,OGD_Train_details_22122017,
DAA,Datia,,,,,UNMATCHED,none,NONE,OGD_Train_details_22122017,
SOR,Sonagir,,,,,UNMATCHED,none,NONE,OGD_Train_details_22122017,
DBA,Dabra,,,,,UNMATCHED,none,NONE,OGD_Train_details_22122017,
MRA,Morena,,,,,UNMATCHED,none,NONE,OGD_Train_details_22122017,
DHO,Dhaulpur,,,,,UNMATCHED,none,NONE,OGD_Train_details_22122017,
RKM,Raja-Ki-Mand,,,,,UNMATCHED,none,NONE,OGD_Train_details_22122017,
KSV,Kosi Kalan,,,,,UNMATCHED,none,NONE,OGD_Train_details_22122017,
PWL,Palwal,,,,,UNMATCHED,none,NONE,OGD_Train_details_22122017,
BVH,Ballabgarh,,,,,UNMATCHED,none,NONE,OGD_Train_details_22122017,
SZM,Subzi Mandi,,,,,UNMATCHED,none,NONE,OGD_Train_details_22122017,
BHD,Badli,,,,,UNMATCHED,none,NONE,OGD_Train_details_22122017,
NUR,Narela,,,,,UNMATCHED,none,NONE,OGD_Train_details_22122017,
GNU,Ganaur,,,,,UNMATCHED,none,NONE,OGD_Train_details_22122017,
SMK,Samalkha,,,,,UNMATCHED,none,NONE,OGD_Train_details_22122017,
GRA,Gharaunda,,,,,UNMATCHED,none,NONE,OGD_Train_details_22122017,
TRR,Taraori,,,,,UNMATCHED,none,NONE,OGD_Train_details_22122017,
NLKR,Nilokheri,,,,,UNMATCHED,none,NONE,OGD_Train_details_22122017,
SHDM,Shahabad Mar,,,,,UNMATCHED,none,NONE,OGD_Train_details_22122017,
UBC,Ambala City,,,,,UNMATCHED,none,NONE,OGD_Train_details_22122017,
NBA,Nabha,,,,,UNMATCHED,none,NONE,OGD_Train_details_22122017,
MET,Malerkotla,,,,,UNMATCHED,none,NONE,OGD_Train_details_22122017,
AHH,Ahmed Garh,,,,,UNMATCHED,none,NONE,OGD_Train_details_22122017,
PHR,Phillaur Jn.,,,,,UNMATCHED,none,NONE,OGD_Train_details_22122017,
GRY,Goraya,,,,,UNMATCHED,none,NONE,OGD_Train_details_22122017,
PGW,Phagwara Jn.,,,,,UNMATCHED,none,NONE,OGD_Train_details_22122017,
JNL,Jandiala,,,,,UNMATCHED,none,NONE,OGD_Train_details_22122017,
KRE,Kartarpur,,,,,UNMATCHED,none,NONE,OGD_Train_details_22122017,
RDDE,Rathdhana,,,,,UNMATCHED,none,NONE,OGD_Train_details_22122017,
ANDI,Adarsh Nagar,,,,,UNMATCHED,none,NONE,OGD_Train_details_22122017,
BTT,Bhatni Jn.,,,,,UNMATCHED,none,NONE,OGD_Train_details_22122017,
MW,Mairwa,,,,,UNMATCHED,none,NONE,OGD_Train_details_22122017,
NYN,Naini Jn.,,,,,UNMATCHED,none,NONE,OGD_Train_details_22122017,
BHLP,Bhulanpur F,,,,,UNMATCHED,none,NONE,OGD_Train_details_22122017,
YFP,Yusufpur,,,,,UNMATCHED,none,NONE,OGD_Train_details_22122017,
SIP,Suraimanpur,,,,,UNMATCHED,none,NONE,OGD_Train_details_22122017,
DGA,Dighwara,,,,,UNMATCHED,none,NONE,OGD_Train_details_22122017,
BNR,Bhagwanpur,,,,,UNMATCHED,none,NONE,OGD_Train_details_22122017,
VGE,Valappadi Ga,,,,,UNMATCHED,none,NONE,OGD_Train_details_22122017,
PBH,Partapgarh J,,,,,UNMATCHED,none,NONE,OGD_Train_details_22122017,
SLN,Sultanpur Jn,,,,,UNMATCHED,none,NONE,OGD_Train_details_22122017,
FD,Faizabad Jn.,,,,,UNMATCHED,none,NONE,OGD_Train_details_22122017,
KYE,Khurai,,,,,UNMATCHED,none,NONE,OGD_Train_details_22122017,
PHA,Patharia,,,,,UNMATCHED,none,NONE,OGD_Train_details_22122017,
BNU,Bandakpur,,,,,UNMATCHED,none,NONE,OGD_Train_details_22122017,
JTW,Jaitwar,,,,,UNMATCHED,none,NONE,OGD_Train_details_22122017,
DBR,Dabhaura,,,,,UNMATCHED,none,NONE,OGD_Train_details_22122017,
BOY,Bhadohi,,,,,UNMATCHED,none,NONE,OGD_Train_details_22122017,
PRF,Parsipur,,,,,UNMATCHED,none,NONE,OGD_Train_details_22122017,
SWPR,Sewapuri,,,,,UNMATCHED,none,NONE,OGD_Train_details_22122017,
KMNR,Kamalnagar,,,,,UNMATCHED,none,NONE,OGD_Train_details_22122017,
SIR,Sirhind Jn.,,,,,UNMATCHED,none,NONE,OGD_Train_details_22122017,
KNN,Khanna,,,,,UNMATCHED,none,NONE,OGD_Train_details_22122017,
TDO,Tanda-Urmar,,,,,UNMATCHED,none,NONE,OGD_Train_details_22122017,
DZA,Dasua,,,,,UNMATCHED,none,NONE,OGD_Train_details_22122017,
MEX,Mukerian,,,,,UNMATCHED,none,NONE,OGD_Train_details_22122017,
JLD,Jarwal Road,,,,,UNMATCHED,none,NONE,OGD_Train_details_22122017,
CLJ,Colonelganj,,,,,UNMATCHED,none,NONE,OGD_Train_details_22122017,
BLP,"Balrampur,",,,,,UNMATCHED,none,NONE,OGD_Train_details_22122017,
JKNI,Jharkhandi F,,,,,UNMATCHED,none,NONE,OGD_Train_details_22122017,
TLR,Tulsipur,,,,,UNMATCHED,none,NONE,OGD_Train_details_22122017,
ACOI,Chheoki,,,,,UNMATCHED,none,NONE,OGD_Train_details_22122017,
MZP,Mirzapur,,,,,UNMATCHED,none,NONE,OGD_Train_details_22122017,
LSR,Lasur,,,,,UNMATCHED,none,NONE,OGD_Train_details_22122017,
PMKT,Pimpalkhuti,,,,,UNMATCHED,none,NONE,OGD_Train_details_22122017,
WANI,Wani,,,,,UNMATCHED,none,NONE,OGD_Train_details_22122017,
MJKN,Majrikhadan,,,,,UNMATCHED,none,NONE,OGD_Train_details_22122017,
BPA,Bellampalli,,,,,UNMATCHED,none,NONE,OGD_Train_details_22122017,
VRL,Veraval,,,,,UNMATCHED,none,NONE,OGD_Train_details_22122017,
KSD,Keshod,,,,,UNMATCHED,none,NONE,OGD_Train_details_22122017,
JND,Junagadh Jn,,,,,UNMATCHED,none,NONE,OGD_Train_details_22122017,
NUD,Navagadh,,,,,UNMATCHED,none,NONE,OGD_Train_details_22122017,
GDL,Gondal,,,,,UNMATCHED,none,NONE,OGD_Train_details_22122017,
BL,Valsad,,,,,UNMATCHED,none,NONE,OGD_Train_details_22122017,
DRD,Dahanu Road,,,,,UNMATCHED,none,NONE,OGD_Train_details_22122017,
BGKT,Bhagat-Ki-Ko,,,,,UNMATCHED,none,NONE,OGD_Train_details_22122017,
LUNI,Luni Jn.,,,,,UNMATCHED,none,NONE,OGD_Train_details_22122017,
SBI,Sabarmati Jn,,,,,UNMATCHED,none,NONE,OGD_Train_details_22122017,
MAN,Maninagar,,,,,UNMATCHED,none,NONE,OGD_Train_details_22122017,
BHUJ,New Bhuj,,,,,UNMATCHED,none,NONE,OGD_Train_details_22122017,
AJE,Anjar,,,,,UNMATCHED,none,NONE,OGD_Train_details_22122017,
AI,Adipur,,,,,UNMATCHED,none,NONE,OGD_Train_details_22122017,
BDL,Vindhyachal,,,,,UNMATCHED,none,NONE,OGD_Train_details_22122017,
CAR,Chunar Jn.,,,,,UNMATCHED,none,NONE,OGD_Train_details_22122017,
KEI,Kashi,,,,,UNMATCHED,none,NONE,OGD_Train_details_22122017,
CLR,Castle Rock,,,,,UNMATCHED,none,NONE,OGD_Train_details_22122017,
QLM,Kulem,,,,,UNMATCHED,none,NONE,OGD_Train_details_22122017,
SVM,Sanvordem Cu,,,,,UNMATCHED,none,NONE,OGD_Train_details_22122017,
GOK,Gokarna Road,,,,,UNMATCHED,none,NONE,OGD_Train_details_22122017,
HNA,Honnavar,,,,,UNMATCHED,none,NONE,OGD_Train_details_22122017,
MRDW,Murdeshwar,,,,,UNMATCHED,none,NONE,OGD_Train_details_22122017,
KZE,Kanhangad,,,,,UNMATCHED,none,NONE,OGD_Train_details_22122017,
TLY,Thalassery,,,,,UNMATCHED,none,NONE,OGD_Train_details_22122017,
BOR,Boisar,,,,,UNMATCHED,none,NONE,OGD_Train_details_22122017,
GDA,Godhra Jn.,,,,,UNMATCHED,none,NONE,OGD_Train_details_22122017,
DHD,Dahod,,,,,UNMATCHED,none,NONE,OGD_Train_details_22122017,
MKC,Maksi Jn,,,,,UNMATCHED,none,NONE,OGD_Train_details_22122017,
SFY,Shajapur,,,,,UNMATCHED,none,NONE,OGD_Train_details_22122017,
BRRG,Biyavra Rajg,,,,,UNMATCHED,none,NONE,OGD_Train_details_22122017,
SVPI,Shivpuri,,,,,UNMATCHED,none,NONE,OGD_Train_details_22122017,
CBK,Chachura Bin,,,,,UNMATCHED,none,NONE,OGD_Train_details_22122017,
BWR,Barwa Sagar,,,,,UNMATCHED,none,NONE,OGD_Train_details_22122017,
NEW,Niwari,,,,,UNMATCHED,none,NONE,OGD_Train_details_22122017,
MRPR,Mau Ranipur,,,,,UNMATCHED,none,NONE,OGD_Train_details_22122017,
HPP,Harpalpur,,,,,UNMATCHED,none,NONE,OGD_Train_details_22122017,
BTX,Bela Tal,,,,,UNMATCHED,none,NONE,OGD_Train_details_22122017,
KLAR,Kulpahar,,,,,UNMATCHED,none,NONE,OGD_Train_details_22122017,
MBA,Mahoba,,,,,UNMATCHED,none,NONE,OGD_Train_details_22122017,
MTH,Mataundh,,,,,UNMATCHED,none,NONE,OGD_Train_details_22122017,
BNDA,Banda Jn,,,,,UNMATCHED,none,NONE,OGD_Train_details_22122017,
KHU,Khurhand,,,,,UNMATCHED,none,NONE,OGD_Train_details_22122017,
ATE,Atarra,,,,,UNMATCHED,none,NONE,OGD_Train_details_22122017,
BTKP,Bharat Kup,,,,,UNMATCHED,none,NONE,OGD_Train_details_22122017,
CKTD,Chitrakutdha,,,,,UNMATCHED,none,NONE,OGD_Train_details_22122017,
BRG,Bargarh,,,,,UNMATCHED,none,NONE,OGD_Train_details_22122017,
SRJ,Shankargarh,,,,,UNMATCHED,none,NONE,OGD_Train_details_22122017,
PRG,Prayag Jn.,,,,,UNMATCHED,none,NONE,OGD_Train_details_22122017,
PFM,Phaphamau Jn,,,,,UNMATCHED,none,NONE,OGD_Train_details_22122017,
URPR,Ugrasenpur,,,,,UNMATCHED,none,NONE,OGD_Train_details_22122017,
SAW,Suriawan,,,,,UNMATCHED,none,NONE,OGD_Train_details_22122017,
CHH,Chaukhandi,,,,,UNMATCHED,none,NONE,OGD_Train_details_22122017,
KEH,Kapsethi,,,,,UNMATCHED,none,NONE,OGD_Train_details_22122017,
MOF,Mondh,,,,,UNMATCHED,none,NONE,OGD_Train_details_22122017,
SQN,Sarai Kansra,,,,,UNMATCHED,none,NONE,OGD_Train_details_22122017,
MOTH,Moth,,,,,UNMATCHED,none,NONE,OGD_Train_details_22122017,
GOY,Govindpuri,,,,,UNMATCHED,none,NONE,OGD_Train_details_22122017,
MB,Moradabad Jn,,,,,UNMATCHED,none,NONE,OGD_Train_details_22122017,
DSS,Dalsingh Sar,,,,,UNMATCHED,none,NONE,OGD_Train_details_22122017,
KRBP,Khudiram Bos,,,,,UNMATCHED,none,NONE,OGD_Train_details_22122017,
DOL,Dholi,,,,,UNMATCHED,none,NONE,OGD_Train_details_22122017,
SAI,Sarai,,,,,UNMATCHED,none,NONE,OGD_Train_details_22122017,
DDA,Duraundha Jn,,,,,UNMATCHED,none,NONE,OGD_Train_details_22122017,
BTK,Bankata,,,,,UNMATCHED,none,NONE,OGD_Train_details_22122017,
BHTR,Bhatpar Rani,,,,,UNMATCHED,none,NONE,OGD_Train_details_22122017,
GB,Gauri Bazar,,,,,UNMATCHED,none,NONE,OGD_Train_details_22122017,
CC,Chauri Chaur,,,,,UNMATCHED,none,NONE,OGD_Train_details_22122017,
MND,Munderwa,,,,,UNMATCHED,none,NONE,OGD_Train_details_22122017,
MSW,Maskanwa,,,,,UNMATCHED,none,NONE,OGD_Train_details_22122017,
BUW,Burhwal Jn.,,,,,UNMATCHED,none,NONE,OGD_Train_details_22122017,
PMN,Paman,,,,,UNMATCHED,none,NONE,OGD_Train_details_22122017,
LLR,Lalpur,,,,,UNMATCHED,none,NONE,OGD_Train_details_22122017,
INDB,Indore Bg,,,,,UNMATCHED,none,NONE,OGD_Train_details_22122017,
DWX,Dewas,,,,,UNMATCHED,none,NONE,OGD_Train_details_22122017,
BDWS,Badarwas,,,,,UNMATCHED,none,NONE,OGD_Train_details_22122017,
RGO,Rotegaon,,,,,UNMATCHED,none,NONE,OGD_Train_details_22122017,
KATL,Katol,,,,,UNMATCHED,none,NONE,OGD_Train_details_22122017,
MTY,Multai,,,,,UNMATCHED,none,NONE,OGD_Train_details_22122017,
SEH,Sehore,,,,,UNMATCHED,none,NONE,OGD_Train_details_22122017,
SJP,Shujalpur,,,,,UNMATCHED,none,NONE,OGD_Train_details_22122017,
BCH,Berchha,,,,,UNMATCHED,none,NONE,OGD_Train_details_22122017,
BUDI,Bundi,,,,,UNMATCHED,none,NONE,OGD_Train_details_22122017,
MLGH,Mandalgarh,,,,,UNMATCHED,none,NONE,OGD_Train_details_22122017,
JOB,Asaipur Jobn,,,,,UNMATCHED,none,NONE,OGD_Train_details_22122017,
KKU,Kanakpura,,,,,UNMATCHED,none,NONE,OGD_Train_details_22122017,
UMRI,Umri,,,,,UNMATCHED,none,NONE,OGD_Train_details_22122017,
KTES,Katni South,,,,,UNMATCHED,none,NONE,OGD_Train_details_22122017,
BRS,Birsinghpur,,,,,UNMATCHED,none,NONE,OGD_Train_details_22122017,
BUH,Burhar,,,,,UNMATCHED,none,NONE,OGD_Train_details_22122017,
KTMA,Kotma,,,,,UNMATCHED,none,NONE,OGD_Train_details_22122017,
BJRI,Bijuri,,,,,UNMATCHED,none,NONE,OGD_Train_details_22122017,
BRH,Baikunthpur,,,,,UNMATCHED,none,NONE,OGD_Train_details_22122017,
KTO,Katora,,,,,UNMATCHED,none,NONE,OGD_Train_details_22122017,
BSPR,Bishrampur,,,,,UNMATCHED,none,NONE,OGD_Train_details_22122017,
ABKP,Ambikapur,,,,,UNMATCHED,none,NONE,OGD_Train_details_22122017,
SMT,Salamatpur,,,,,UNMATCHED,none,NONE,OGD_Train_details_22122017,
BET,Bareth,,,,,UNMATCHED,none,NONE,OGD_Train_details_22122017,
KAH,Kalhar,,,,,UNMATCHED,none,NONE,OGD_Train_details_22122017,
JRK,Jeruwakhera,,,,,UNMATCHED,none,NONE,OGD_Train_details_22122017,
NOI,Nariaoli,,,,,UNMATCHED,none,NONE,OGD_Train_details_22122017,
MKRN,Makronia,,,,,UNMATCHED,none,NONE,OGD_Train_details_22122017,
GAJ,Ganeshganj,,,,,UNMATCHED,none,NONE,OGD_Train_details_22122017,
SYA,Salaia,,,,,UNMATCHED,none,NONE,OGD_Train_details_22122017,
REI,Rithi,,,,,UNMATCHED,none,NONE,OGD_Train_details_22122017,
SBD,Sleemnabad,,,,,UNMATCHED,none,NONE,OGD_Train_details_22122017,
GSPR,Gosalpur,,,,,UNMATCHED,none,NONE,OGD_Train_details_22122017,
DOE,Deori,,,,,UNMATCHED,none,NONE,OGD_Train_details_22122017,
BRGT,Bheraghat,,,,,UNMATCHED,none,NONE,OGD_Train_details_22122017,
BHTN,Bhitoni,,,,,UNMATCHED,none,NONE,OGD_Train_details_22122017,
BMR,Bikrampur,,,,,UNMATCHED,none,NONE,OGD_Train_details_22122017,
SRID,Sridham,,,,,UNMATCHED,none,NONE,OGD_Train_details_22122017,
KKB,Karakbel,,,,,UNMATCHED,none,NONE,OGD_Train_details_22122017,
BELD,Belkheda,,,,,UNMATCHED,none,NONE,OGD_Train_details_22122017,
KY,Kareli,,,,,UNMATCHED,none,NONE,OGD_Train_details_22122017,
BNE,Bohani,,,,,UNMATCHED,none,NONE,OGD_Train_details_22122017,
GAR,Gadarwara,,,,,UNMATCHED,none,NONE,OGD_Train_details_22122017,
SCKR,Salichauka,,,,,UNMATCHED,none,NONE,OGD_Train_details_22122017,
BKH,Bankhedi,,,,,UNMATCHED,none,NONE,OGD_Train_details_22122017,
SGP,Sohagpur,,,,,UNMATCHED,none,NONE,OGD_Train_details_22122017,
GMD,Guramkhedi,,,,,UNMATCHED,none,NONE,OGD_Train_details_22122017,
BGTA,Bagratawa,,,,,UNMATCHED,none,NONE,OGD_Train_details_22122017,
SQL,Sontalai,,,,,UNMATCHED,none,NONE,OGD_Train_details_22122017,
GRO,Gurra,,,,,UNMATCHED,none,NONE,OGD_Train_details_22122017,
DBU,Dodballapur,,,,,UNMATCHED,none,NONE,OGD_Train_details_22122017,
SNF,Sanat Nagar,,,,,UNMATCHED,none,NONE,OGD_Train_details_22122017,
NAW,Nawandgi,,,,,UNMATCHED,none,NONE,OGD_Train_details_22122017,
KQT,Kurgunta,,,,,UNMATCHED,none,NONE,OGD_Train_details_22122017,
MQR,Malkhaid Roa,,,,,UNMATCHED,none,NONE,OGD_Train_details_22122017,
BAY,Bellary Jn.,,,,,UNMATCHED,none,NONE,OGD_Train_details_22122017,
DAJ,Daroji,,,,,UNMATCHED,none,NONE,OGD_Train_details_22122017,
TNGL,Toranagallu,,,,,UNMATCHED,none,NONE,OGD_Train_details_22122017,
HPT,Hospet Jn.,,,,,UNMATCHED,none,NONE,OGD_Train_details_22122017,
KBL,Koppal,,,,,UNMATCHED,none,NONE,OGD_Train_details_22122017,
MSDG,Mhasoba Dong,,,,,UNMATCHED,none,NONE,OGD_Train_details_22122017,
JTRD,Jath Road,,,,,UNMATCHED,none,NONE,OGD_Train_details_22122017,
SGRE,Salgare,,,,,UNMATCHED,none,NONE,OGD_Train_details_22122017,
ARAG,Arag,,,,,UNMATCHED,none,NONE,OGD_Train_details_22122017,
BHBK,Bodhadi Bujr,,,,,UNMATCHED,none,NONE,OGD_Train_details_22122017,
LNT,Lingti,,,,,UNMATCHED,none,NONE,OGD_Train_details_22122017,
KAYR,Kayar,,,,,UNMATCHED,none,NONE,OGD_Train_details_22122017,
WRR,Warora,,,,,UNMATCHED,none,NONE,OGD_Train_details_22122017,
HGT,Hinganghat,,,,,UNMATCHED,none,NONE,OGD_Train_details_22122017,
AMI,Amravati,,,,,UNMATCHED,none,NONE,OGD_Train_details_22122017,
KHBJ,Khanna Banja,,,,,UNMATCHED,none,NONE,OGD_Train_details_22122017,
BEHR,Beohari,,,,,UNMATCHED,none,NONE,OGD_Train_details_22122017,
MWJ,Madwas Gram,,,,,UNMATCHED,none,NONE,OGD_Train_details_22122017,
SGAM,Saraigram,,,,,UNMATCHED,none,NONE,OGD_Train_details_22122017,
BRGW,Bargawan,,,,,UNMATCHED,none,NONE,OGD_Train_details_22122017,
SGRL,Singrauli,,,,,UNMATCHED,none,NONE,OGD_Train_details_22122017,
OBR,Obradam,,,,,UNMATCHED,none,NONE,OGD_Train_details_22122017,
CPU,Chopan,,,,,UNMATCHED,none,NONE,OGD_Train_details_22122017,
RNQ,Renukut,,,,,UNMATCHED,none,NONE,OGD_Train_details_22122017,
DXN,Dudhinagar,,,,,UNMATCHED,none,NONE,OGD_Train_details_22122017,
WDM,Wyndhamganj,,,,,UNMATCHED,none,NONE,OGD_Train_details_22122017,
NUQ,Nagaruntari,,,,,UNMATCHED,none,NONE,OGD_Train_details_22122017,
GHQ,Garhwa,,,,,UNMATCHED,none,NONE,OGD_Train_details_22122017,
GHD,Garwa Road J,,,,,UNMATCHED,none,NONE,OGD_Train_details_22122017,
DTO,Daltonganj,,,,,UNMATCHED,none,NONE,OGD_Train_details_22122017,
BRWD,Barwadih Jn,,,,,UNMATCHED,none,NONE,OGD_Train_details_22122017,
CPDR,Chhipadohar,,,,,UNMATCHED,none,NONE,OGD_Train_details_22122017,
LTHR,Lateher,,,,,UNMATCHED,none,NONE,OGD_Train_details_22122017,
TORI,Tori,Tambaram Sanatorium,12.9369591,80.1307034,Q7681014,MATCHED,fuzzy_name,MEDIUM,OGD_Train_details_22122017,OSM_chennai_thoothukudi_stations_raw.geojson
MGME,Mccluskiegan,,,,,UNMATCHED,none,NONE,OGD_Train_details_22122017,
KLRE,Khalari,,,,,UNMATCHED,none,NONE,OGD_Train_details_22122017,
RAY,Ray,,,,,UNMATCHED,none,NONE,OGD_Train_details_22122017,
PTRU,Patratu,,,,,UNMATCHED,none,NONE,OGD_Train_details_22122017,
RRME,Ranchi Road,,,,,UNMATCHED,none,NONE,OGD_Train_details_22122017,
CNPR,Chainpur,,,,,UNMATCHED,none,NONE,OGD_Train_details_22122017,
BKRO,Bokaro Therm,,,,,UNMATCHED,none,NONE,OGD_Train_details_22122017,
BRMO,Bermo,,,,,UNMATCHED,none,NONE,OGD_Train_details_22122017,
BHME,Bhandaridah,,,,,UNMATCHED,none,NONE,OGD_Train_details_22122017,
TET,Tetulmari,,,,,UNMATCHED,none,NONE,OGD_Train_details_22122017,
RNG,Rani Ganj,,,,,UNMATCHED,none,NONE,OGD_Train_details_22122017,
DGR,Durgapur,,,,,UNMATCHED,none,NONE,OGD_Train_details_22122017,
TKD,Tugalakabad,,,,,UNMATCHED,none,NONE,OGD_Train_details_22122017,
OKA,Okhla,,,,,UNMATCHED,none,NONE,OGD_Train_details_22122017,
DKZ,Delhi-Kishan,,,,,UNMATCHED,none,NONE,OGD_Train_details_22122017,
SSB,Shakur Basti,,,,,UNMATCHED,none,NONE,OGD_Train_details_22122017,
BGZ,Bahadurgarh,,,,,UNMATCHED,none,NONE,OGD_Train_details_22122017,
JIND,Jind Jn,,,,,UNMATCHED,none,NONE,OGD_Train_details_22122017,
NRW,Narwana Jn.,,,,,UNMATCHED,none,NONE,OGD_Train_details_22122017,
JHL,Jakhal Jn.,,,,,UNMATCHED,none,NONE,OGD_Train_details_22122017,
SFMU,Sunam,,,,,UNMATCHED,none,NONE,OGD_Train_details_22122017,
SAG,Sangrur,,,,,UNMATCHED,none,NONE,OGD_Train_details_22122017,
SMNH,Somnath,,,,,UNMATCHED,none,NONE,OGD_Train_details_22122017,
MLHA,Maliya Hatin,,,,,UNMATCHED,none,NONE,OGD_Train_details_22122017,
JLR,Jetalsar Jn,,,,,UNMATCHED,none,NONE,OGD_Train_details_22122017,
VRR,Virpur,,,,,UNMATCHED,none,NONE,OGD_Train_details_22122017,
BKNG,Bhaktinagar,,,,,UNMATCHED,none,NONE,OGD_Train_details_22122017,
THAN,Than,Palavanthangal,12.9906385,80.1879401,Q7156987,MATCHED,fuzzy_name,MEDIUM,OGD_Train_details_22122017,OSM_chennai_thoothukudi_stations_raw.geojson
CLDY,Chandlodiya,,,,,UNMATCHED,none,NONE,OGD_Train_details_22122017,
MHD,Mahemadavad,,,,,UNMATCHED,none,NONE,OGD_Train_details_22122017,
DRL,Derol,,,,,UNMATCHED,none,NONE,OGD_Train_details_22122017,
MGN,Meghnagar,,,,,UNMATCHED,none,NONE,OGD_Train_details_22122017,
KUH,Khachrod,,,,,UNMATCHED,none,NONE,OGD_Train_details_22122017,
TAN,Tarana Road,,,,,UNMATCHED,none,NONE,OGD_Train_details_22122017,
KSH,Kalisindh,,,,,UNMATCHED,none,NONE,OGD_Train_details_22122017,
AKD,Akodia,,,,,UNMATCHED,none,NONE,OGD_Train_details_22122017,
KPP,Kala Pipal,,,,,UNMATCHED,none,NONE,OGD_Train_details_22122017,
PRB,Parbati,,,,,UNMATCHED,none,NONE,OGD_Train_details_22122017,
NKJ,New Katni Ju,,,,,UNMATCHED,none,NONE,OGD_Train_details_22122017,
MFQ,Mahroi,,,,,UNMATCHED,none,NONE,OGD_Train_details_22122017,
VST,Vijaysota,,,,,UNMATCHED,none,NONE,OGD_Train_details_22122017,
NWB,Niwas Road,,,,,UNMATCHED,none,NONE,OGD_Train_details_22122017,
MNV,Mungaoli,,,,,UNMATCHED,none,NONE,OGD_Train_details_22122017,
ASKN,Ashok Nagar,Ashok Nagar,13.0354768,80.2111075,Q18378132,MATCHED,fuzzy_name,MEDIUM,OGD_Train_details_22122017,OSM_chennai_thoothukudi_stations_raw.geojson
SFW,Sarangpur,,,,,UNMATCHED,none,NONE,OGD_Train_details_22122017,
DADN,Mhow,,,,,UNMATCHED,none,NONE,OGD_Train_details_22122017,
BIX,Bhind,,,,,UNMATCHED,none,NONE,OGD_Train_details_22122017,
ETW,Etawah,,,,,UNMATCHED,none,NONE,OGD_Train_details_22122017,
CHJ,Chata,,,,,UNMATCHED,none,NONE,OGD_Train_details_22122017,
CDG,Chandigarh,,,,,UNMATCHED,none,NONE,OGD_Train_details_22122017,
KLK,Kalka,,,,,UNMATCHED,none,NONE,OGD_Train_details_22122017,
DEC,Delhi Cantt,,,,,UNMATCHED,none,NONE,OGD_Train_details_22122017,
GGN,Gurgaon,,,,,UNMATCHED,none,NONE,OGD_Train_details_22122017,
AWR,Alwar Jn.,,,,,UNMATCHED,none,NONE,OGD_Train_details_22122017,
BKI,Bandikui Jn.,,,,,UNMATCHED,none,NONE,OGD_Train_details_22122017,
DDN,Dehra Dun,,,,,UNMATCHED,none,NONE,OGD_Train_details_22122017,
GTS,Ghatsila,,,,,UNMATCHED,none,NONE,OGD_Train_details_22122017,
SINI,Sini Jn,,,,,UNMATCHED,none,NONE,OGD_Train_details_22122017,
NOMD,Noamundi,,,,,UNMATCHED,none,NONE,OGD_Train_details_22122017,
BJMD,Bara Jamada,,,,,UNMATCHED,none,NONE,OGD_Train_details_22122017,
BBN,Barbil,,,,,UNMATCHED,none,NONE,OGD_Train_details_22122017,
CRJ,Chittaranjan,,,,,UNMATCHED,none,NONE,OGD_Train_details_22122017,
JMT,Jamtara,,,,,UNMATCHED,none,NONE,OGD_Train_details_22122017,
MDP,Madhupur Jn.,,,,,UNMATCHED,none,NONE,OGD_Train_details_22122017,
JAJ,Jhajha,,,,,UNMATCHED,none,NONE,OGD_Train_details_22122017,
JMU,Jamui,,,,,UNMATCHED,none,NONE,OGD_Train_details_22122017,
LKR,Luckeesarai,,,,,UNMATCHED,none,NONE,OGD_Train_details_22122017,
HTZ,Hathidah Jn,,,,,UNMATCHED,none,NONE,OGD_Train_details_22122017,
MKA,Mokama Jn.,,,,,UNMATCHED,none,NONE,OGD_Train_details_22122017,
PNC,Patna Saheb,,,,,UNMATCHED,none,NONE,OGD_Train_details_22122017,
AF,Agra  Fort,,,,,UNMATCHED,none,NONE,OGD_Train_details_22122017,
TUN,Tohana,,,,,UNMATCHED,none,NONE,OGD_Train_details_22122017,
KGM,Kathgodam,,,,,UNMATCHED,none,NONE,OGD_Train_details_22122017,
HDW,Haldwani,,,,,UNMATCHED,none,NONE,OGD_Train_details_22122017,
RUPC,Rudrapur Cit,,,,,UNMATCHED,none,NONE,OGD_Train_details_22122017,
RMU,Rampur,,,,,UNMATCHED,none,NONE,OGD_Train_details_22122017,
JGN,Jagraon,,,,,UNMATCHED,none,NONE,OGD_Train_details_22122017,
MOGA,Moga,,,,,UNMATCHED,none,NONE,OGD_Train_details_22122017,
MSZ,Mansa,,,,,UNMATCHED,none,NONE,OGD_Train_details_22122017,
KKP,Kot Kapura J,,,,,UNMATCHED,none,NONE,OGD_Train_details_22122017,
FDK,Faridkot,,,,,UNMATCHED,none,NONE,OGD_Train_details_22122017,
FZR,Firozpur Can,,,,,UNMATCHED,none,NONE,OGD_Train_details_22122017,
DBD,Deoband,,,,,UNMATCHED,none,NONE,OGD_Train_details_22122017,
TKJ,Tilak Bridge,,,,,UNMATCHED,none,NONE,OGD_Train_details_22122017,
SASN,Sahibzada Aj,,,,,UNMATCHED,none,NONE,OGD_Train_details_22122017,
RPAR,Roop Nagar,,,,,UNMATCHED,none,NONE,OGD_Train_details_22122017,
KART,Kiratpur Sah,,,,,UNMATCHED,none,NONE,OGD_Train_details_22122017,
ANSB,Anandpur Sah,,,,,UNMATCHED,none,NONE,OGD_Train_details_22122017,
NLDM,Nangal Dam,,,,,UNMATCHED,none,NONE,OGD_Train_details_22122017,
UHL,Una Himachal,,,,,UNMATCHED,none,NONE,OGD_Train_details_22122017,
RGS,Ringus Jn.,,,,,UNMATCHED,none,NONE,OGD_Train_details_22122017,
NMK,Nim-Ka-Thana,,,,,UNMATCHED,none,NONE,OGD_Train_details_22122017,
NNL,Narnaul,,,,,UNMATCHED,none,NONE,OGD_Train_details_22122017,
LKA,Lanka,Velankanni,10.6868771,79.8461807,Q13119476,MATCHED,fuzzy_name,MEDIUM,OGD_Train_details_22122017,OSM_chennai_thoothukudi_stations_raw.geojson
DPU,Diphu,,,,,UNMATCHED,none,NONE,OGD_Train_details_22122017,
DMV,Dimapur,,,,,UNMATCHED,none,NONE,OGD_Train_details_22122017,
BXJ,Bokajan,,,,,UNMATCHED,none,NONE,OGD_Train_details_22122017,
FKG,Furkating Jn,,,,,UNMATCHED,none,NONE,OGD_Train_details_22122017,
MXN,Mariani Jn.,,,,,UNMATCHED,none,NONE,OGD_Train_details_22122017,
JTTN,Jorhat Town,,,,,UNMATCHED,none,NONE,OGD_Train_details_22122017,
KHS,Kharsia,,,,,UNMATCHED,none,NONE,OGD_Train_details_22122017,
SKT,Sakti,,,,,UNMATCHED,none,NONE,OGD_Train_details_22122017,
BUA,Baradwar,,,,,UNMATCHED,none,NONE,OGD_Train_details_22122017,
BYT,Bhatapara,,,,,UNMATCHED,none,NONE,OGD_Train_details_22122017,
TLD,Tilda,,,,,UNMATCHED,none,NONE,OGD_Train_details_22122017,
SORO,Soro,,,,,UNMATCHED,none,NONE,OGD_Train_details_22122017,
SRTL,Shertalai,,,,,UNMATCHED,none,NONE,OGD_Train_details_22122017,
ALLP,Alleppey,,,,,UNMATCHED,none,NONE,OGD_Train_details_22122017,
VAK,Varkala,,,,,UNMATCHED,none,NONE,OGD_Train_details_22122017,
SPE,Sullurupetta,,,,,UNMATCHED,none,NONE,OGD_Train_details_22122017,
BDJ,Vadakara,,,,,UNMATCHED,none,NONE,OGD_Train_details_22122017,
IGU,Irugur,,,,,UNMATCHED,none,NONE,OGD_Train_details_22122017,
SRTN,Sibsagar Tow,,,,,UNMATCHED,none,NONE,OGD_Train_details_22122017,
MRHT,Moranhat,,,,,UNMATCHED,none,NONE,OGD_Train_details_22122017,
DBRG,Dibrugarh,,,,,UNMATCHED,none,NONE,OGD_Train_details_22122017,
NHLN,Naharlagun,,,,,UNMATCHED,none,NONE,OGD_Train_details_22122017,
NR,Niphad,,,,,UNMATCHED,none,NONE,OGD_Train_details_22122017,
BRJN,Brajarajnaga,,,,,UNMATCHED,none,NONE,OGD_Train_details_22122017,
BYNR,Byndoor,,,,,UNMATCHED,none,NONE,OGD_Train_details_22122017,
SL,Surathkal,,,,,UNMATCHED,none,NONE,OGD_Train_details_22122017,
BRZ,Bareta,,,,,UNMATCHED,none,NONE,OGD_Train_details_22122017,
BLZ,Budhlada,,,,,UNMATCHED,none,NONE,OGD_Train_details_22122017,
MAUR,Maur,,,,,UNMATCHED,none,NONE,OGD_Train_details_22122017,
GNA,Goniana,,,,,UNMATCHED,none,NONE,OGD_Train_details_22122017,
GJUT,Gangsar Jait,,,,,UNMATCHED,none,NONE,OGD_Train_details_22122017,
BXR,Buxar,,,,,UNMATCHED,none,NONE,OGD_Train_details_22122017,
ARA,Ara,,,,,UNMATCHED,none,NONE,OGD_Train_details_22122017,
DNR,Danapur,Mahadanapuram,10.9535779,78.2995421,Q63369412,MATCHED,fuzzy_name,MEDIUM,OGD_Train_details_22122017,OSM_chennai_thoothukudi_stations_raw.geojson
PPTA,Patliputra,,,,,UNMATCHED,none,NONE,OGD_Train_details_22122017,
NHH,Nihalgarh,,,,,UNMATCHED,none,NONE,OGD_Train_details_22122017,
MFKA,Musafirkhana,,,,,UNMATCHED,none,NONE,OGD_Train_details_22122017,
MSMD,Mahasamund,,,,,UNMATCHED,none,NONE,OGD_Train_details_22122017,
KRAR,Khariar Road,,,,,UNMATCHED,none,NONE,OGD_Train_details_22122017,
KBJ,Kantabanji,,,,,UNMATCHED,none,NONE,OGD_Train_details_22122017,
BUDM,Badmal,,,,,UNMATCHED,none,NONE,OGD_Train_details_22122017,
SBPD,Sambalpur Ro,,,,,UNMATCHED,none,NONE,OGD_Train_details_22122017,
ANGL,Angul,Kattangulathur,12.8055581,80.0266339,Q15234477,MATCHED,fuzzy_name,MEDIUM,OGD_Train_details_22122017,OSM_chennai_thoothukudi_stations_raw.geojson
TLHR,Talcher,,,,,UNMATCHED,none,NONE,OGD_Train_details_22122017,
DNKL,Dhenkanal,,,,,UNMATCHED,none,NONE,OGD_Train_details_22122017,
PRR,Purulia Jn.,,,,,UNMATCHED,none,NONE,OGD_Train_details_22122017,
RBL,Rae Bareli J,,,,,UNMATCHED,none,NONE,OGD_Train_details_22122017,
AME,Amethi,,,,,UNMATCHED,none,NONE,OGD_Train_details_22122017,
SANK,Sank,,,,,UNMATCHED,none,NONE,OGD_Train_details_22122017,
PNK,Panki,,,,,UNMATCHED,none,NONE,OGD_Train_details_22122017,
RURA,Rura,,,,,UNMATCHED,none,NONE,OGD_Train_details_22122017,
JJK,Jhinjhak,,,,,UNMATCHED,none,NONE,OGD_Train_details_22122017,
PHD,Phaphund,,,,,UNMATCHED,none,NONE,OGD_Train_details_22122017,
BNT,Bharthana,,,,,UNMATCHED,none,NONE,OGD_Train_details_22122017,
SKB,Shikohabad J,,,,,UNMATCHED,none,NONE,OGD_Train_details_22122017,
FZD,Firozabad,,,,,UNMATCHED,none,NONE,OGD_Train_details_22122017,
CAG,Chhabragugor,,,,,UNMATCHED,none,NONE,OGD_Train_details_22122017,
BAZ,Baran,,,,,UNMATCHED,none,NONE,OGD_Train_details_22122017,
ATH,Antah,,,,,UNMATCHED,none,NONE,OGD_Train_details_22122017,
CKB,Chouth-Ka-Ba,,,,,UNMATCHED,none,NONE,OGD_Train_details_22122017,
UHR,Unchehara,,,,,UNMATCHED,none,NONE,OGD_Train_details_22122017,
MJG,Majhgawan,,,,,UNMATCHED,none,NONE,OGD_Train_details_22122017,
AH,Achhnera Jn.,,,,,UNMATCHED,none,NONE,OGD_Train_details_22122017,
NBI,Nadbai,,,,,UNMATCHED,none,NONE,OGD_Train_details_22122017,
KL,Kherli,,,,,UNMATCHED,none,NONE,OGD_Train_details_22122017,
MURD,Mandawar Mah,,,,,UNMATCHED,none,NONE,OGD_Train_details_22122017,
DO,Dausa,,,,,UNMATCHED,none,NONE,OGD_Train_details_22122017,
GTJT,Getor Jagatp,,,,,UNMATCHED,none,NONE,OGD_Train_details_22122017,
KLRS,Kolaras,Kolar,13.123993,78.1329276,Q63361502,MATCHED,fuzzy_name,MEDIUM,OGD_Train_details_22122017,OSM_chennai_thoothukudi_stations_raw.geojson
ANKL,Ankola,,,,,UNMATCHED,none,NONE,OGD_Train_details_22122017,
BIJR,Bijoor,,,,,UNMATCHED,none,NONE,OGD_Train_details_22122017,
HRI,Hardoi,,,,,UNMATCHED,none,NONE,OGD_Train_details_22122017,
BLQR,Bilaspur Roa,,,,,UNMATCHED,none,NONE,OGD_Train_details_22122017,
LRJ,Laksar Jn.,,,,,UNMATCHED,none,NONE,OGD_Train_details_22122017,
SPN,Shahjahanpur,,,,,UNMATCHED,none,NONE,OGD_Train_details_22122017,
BMKI,Bapudham Mot,,,,,UNMATCHED,none,NONE,OGD_Train_details_22122017,
SGL,Sagauli Jn.,,,,,UNMATCHED,none,NONE,OGD_Train_details_22122017,
BTH,Bettiah,,,,,UNMATCHED,none,NONE,OGD_Train_details_22122017,
NKE,Narkatiaganj,,,,,UNMATCHED,none,NONE,OGD_Train_details_22122017,
BUG,Bagaha,,,,,UNMATCHED,none,NONE,OGD_Train_details_22122017,
DEE,Delhi-Sarai,,,,,UNMATCHED,none,NONE,OGD_Train_details_22122017,
GNC,Gandhinagar,,,,,UNMATCHED,none,NONE,OGD_Train_details_22122017,
MLPR,Malipur,,,,,UNMATCHED,none,NONE,OGD_Train_details_22122017,
ABP,Akbarpur Jn.,,,,,UNMATCHED,none,NONE,OGD_Train_details_22122017,
RDL,Rudauli,,,,,UNMATCHED,none,NONE,OGD_Train_details_22122017,
HPU,Hapur Jn.,,,,,UNMATCHED,none,NONE,OGD_Train_details_22122017,
SEO,Seohara,,,,,UNMATCHED,none,NONE,OGD_Train_details_22122017,
DPR,Dhampur,,,,,UNMATCHED,none,NONE,OGD_Train_details_22122017,
NGG,Nagina,,,,,UNMATCHED,none,NONE,OGD_Train_details_22122017,
NBD,Najibabad Jn,,,,,UNMATCHED,none,NONE,OGD_Train_details_22122017,
SLGR,Simaluguri J,,,,,UNMATCHED,none,NONE,OGD_Train_details_22122017,
JOP,Jaunpur City,,,,,UNMATCHED,none,NONE,OGD_Train_details_22122017,
MME,Mulmarora,,,,,UNMATCHED,none,NONE,OGD_Train_details_22122017,
NAB,Nagbhir,,,,,UNMATCHED,none,NONE,OGD_Train_details_22122017,
WSA,Wadsa,,,,,UNMATCHED,none,NONE,OGD_Train_details_22122017,
SNV,Sondad,,,,,UNMATCHED,none,NONE,OGD_Train_details_22122017,
AHA,Abhaipur,,,,,UNMATCHED,none,NONE,OGD_Train_details_22122017,
BGP,Bhagalpur,,,,,UNMATCHED,none,NONE,OGD_Train_details_22122017,
SDAH,Sealdah,,,,,UNMATCHED,none,NONE,OGD_Train_details_22122017,
BARH,Barh,,,,,UNMATCHED,none,NONE,OGD_Train_details_22122017,
BKP,Bakhtiyarpur,,,,,UNMATCHED,none,NONE,OGD_Train_details_22122017,
AUBR,Anugrah Nara,,,,,UNMATCHED,none,NONE,OGD_Train_details_22122017,
FTP,Fatehpur,,,,,UNMATCHED,none,NONE,OGD_Train_details_22122017,
NAC,Nawa City,,,,,UNMATCHED,none,NONE,OGD_Train_details_22122017,
KMNC,Kuchaman Cit,,,,,UNMATCHED,none,NONE,OGD_Train_details_22122017,
HZD,Hazaribagh R,,,,,UNMATCHED,none,NONE,OGD_Train_details_22122017,
HRS,Hathras Jn.,,,,,UNMATCHED,none,NONE,OGD_Train_details_22122017,
KRJ,Khurja Jn,,,,,UNMATCHED,none,NONE,OGD_Train_details_22122017,
CNDM,Chandi Mandi,,,,,UNMATCHED,none,NONE,OGD_Train_details_22122017,
PAN,Pana Garh,,,,,UNMATCHED,none,NONE,OGD_Train_details_22122017,
DLN,Dildarnagar,,,,,UNMATCHED,none,NONE,OGD_Train_details_22122017,
FUT,Fatuha,,,,,UNMATCHED,none,NONE,OGD_Train_details_22122017,
BTA,Bihta,,,,,UNMATCHED,none,NONE,OGD_Train_details_22122017,
BEA,Bihiya,,,,,UNMATCHED,none,NONE,OGD_Train_details_22122017,
RPR,Raghunathpur,,,,,UNMATCHED,none,NONE,OGD_Train_details_22122017,
DURE,Dumraon,,,,,UNMATCHED,none,NONE,OGD_Train_details_22122017,
GMR,Gahmar,,,,,UNMATCHED,none,NONE,OGD_Train_details_22122017,
ZNA,Zamania,,,,,UNMATCHED,none,NONE,OGD_Train_details_22122017,
SGG,Sultanganj,,,,,UNMATCHED,none,NONE,OGD_Train_details_22122017,
BUP,Bariarpur,,,,,UNMATCHED,none,NONE,OGD_Train_details_22122017,
KJH,Kajra,,,,,UNMATCHED,none,NONE,OGD_Train_details_22122017,
BRYA,Barhiya,,,,,UNMATCHED,none,NONE,OGD_Train_details_22122017,
KOO,Khusropur,,,,,UNMATCHED,none,NONE,OGD_Train_details_22122017,
GKH,Guskara,,,,,UNMATCHED,none,NONE,OGD_Train_details_22122017,
MNAE,Mankar,,,,,UNMATCHED,none,NONE,OGD_Train_details_22122017,
OYR,Waria,,,,,UNMATCHED,none,NONE,OGD_Train_details_22122017,
UDL,Andal Jn.,,,,,UNMATCHED,none,NONE,OGD_Train_details_22122017,
KQU,Kamarkundu J,,,,,UNMATCHED,none,NONE,OGD_Train_details_22122017,
PNE,Prantik,,,,,UNMATCHED,none,NONE,OGD_Train_details_22122017,
AMP,Ahmadpur Jn.,,,,,UNMATCHED,none,NONE,OGD_Train_details_22122017,
SNT,Sainthia Jn.,,,,,UNMATCHED,none,NONE,OGD_Train_details_22122017,
MNP,Mananpur,,,,,UNMATCHED,none,NONE,OGD_Train_details_22122017,
BSQP,Bansipur,,,,,UNMATCHED,none,NONE,OGD_Train_details_22122017,
JAIS,Jais,,,,,UNMATCHED,none,NONE,OGD_Train_details_22122017,
HCR,Harishchandr,,,,,UNMATCHED,none,NONE,OGD_Train_details_22122017,
JPG,Jalpaiguri,,,,,UNMATCHED,none,NONE,OGD_Train_details_22122017,
HDB,Haldibari,,,,,UNMATCHED,none,NONE,OGD_Train_details_22122017,
TEA,Taregna,,,,,UNMATCHED,none,NONE,OGD_Train_details_22122017,
JHD,Jehanabad,,,,,UNMATCHED,none,NONE,OGD_Train_details_22122017,
DRH,Dharhara,,,,,UNMATCHED,none,NONE,OGD_Train_details_22122017,
PLCJ,Phalodi,,,,,UNMATCHED,none,NONE,OGD_Train_details_22122017,
RDRA,Ramdevra,,,,,UNMATCHED,none,NONE,OGD_Train_details_22122017,
VBL,Bobbili Jn.,,,,,UNMATCHED,none,NONE,OGD_Train_details_22122017,
PVP,Parvatipuram,,,,,UNMATCHED,none,NONE,OGD_Train_details_22122017,
MNGD,Muniguda,,,,,UNMATCHED,none,NONE,OGD_Train_details_22122017,
JOC,Joychandi Pa,,,,,UNMATCHED,none,NONE,OGD_Train_details_22122017,
RFJ,Rafiganj,,,,,UNMATCHED,none,NONE,OGD_Train_details_22122017,
BP,Barrackpore,,,,,UNMATCHED,none,NONE,OGD_Train_details_22122017,
NH,Naihati Jn.,,,,,UNMATCHED,none,NONE,OGD_Train_details_22122017,
BDC,Bandel Jn.,,,,,UNMATCHED,none,NONE,OGD_Train_details_22122017,
RGD,Rajgir,,,,,UNMATCHED,none,NONE,OGD_Train_details_22122017,
SILO,Silao,,,,,UNMATCHED,none,NONE,OGD_Train_details_22122017,
NLD,Nalanda,,,,,UNMATCHED,none,NONE,OGD_Train_details_22122017,
POE,Pawapuri Roa,,,,,UNMATCHED,none,NONE,OGD_Train_details_22122017,
BEHS,Bihar Sharif,,,,,UNMATCHED,none,NONE,OGD_Train_details_22122017,
WENA,Wena,,,,,UNMATCHED,none,NONE,OGD_Train_details_22122017,
HRT,Harnaut,,,,,UNMATCHED,none,NONE,OGD_Train_details_22122017,
PWS,Phulwari Sha,,,,,UNMATCHED,none,NONE,OGD_Train_details_22122017,
GRRU,Guraru,,,,,UNMATCHED,none,NONE,OGD_Train_details_22122017,
KTQ,Kudra,,,,,UNMATCHED,none,NONE,OGD_Train_details_22122017,
CDMR,Chandauli Ma,,,,,UNMATCHED,none,NONE,OGD_Train_details_22122017,
IPR,Islampur,,,,,UNMATCHED,none,NONE,OGD_Train_details_22122017,
EKR,Ekangar Sara,,,,,UNMATCHED,none,NONE,OGD_Train_details_22122017,
HIL,Hilsa Block,,,,,UNMATCHED,none,NONE,OGD_Train_details_22122017,
DNWH,Daniyawan Ba,,,,,UNMATCHED,none,NONE,OGD_Train_details_22122017,
NMDA,New Morinda,,,,,UNMATCHED,none,NONE,OGD_Train_details_22122017,
SMRL,Samarala,,,,,UNMATCHED,none,NONE,OGD_Train_details_22122017,
RHG,Rajgarh,,,,,UNMATCHED,none,NONE,OGD_Train_details_22122017,
KRH,Khairthal,,,,,UNMATCHED,none,NONE,OGD_Train_details_22122017,
GHH,Garhi Harsar,,,,,UNMATCHED,none,NONE,OGD_Train_details_22122017,
MEP,Mehidpur Roa,,,,,UNMATCHED,none,NONE,OGD_Train_details_22122017,
VMA,Vikramgarh A,,,,,UNMATCHED,none,NONE,OGD_Train_details_22122017,
CMU,Chau Mahla,,,,,UNMATCHED,none,NONE,OGD_Train_details_22122017,
SGZ,Shamgarh,,,,,UNMATCHED,none,NONE,OGD_Train_details_22122017,
GOH,Garoth,,,,,UNMATCHED,none,NONE,OGD_Train_details_22122017,
DBRT,Dibrugarh To,,,,,UNMATCHED,none,NONE,OGD_Train_details_22122017,
NTSK,New Tinsukia,,,,,UNMATCHED,none,NONE,OGD_Train_details_22122017,
NNA,Naugachia,,,,,UNMATCHED,none,NONE,OGD_Train_details_22122017,
SRO,Sirathu,,,,,UNMATCHED,none,NONE,OGD_Train_details_22122017,
HLZ,Haldia,,,,,UNMATCHED,none,NONE,OGD_Train_details_22122017,
TMZ,Tamluk,,,,,UNMATCHED,none,NONE,OGD_Train_details_22122017,
PKU,Panskura,,,,,UNMATCHED,none,NONE,OGD_Train_details_22122017,
KNF,Khanodih,,,,,UNMATCHED,none,NONE,OGD_Train_details_22122017,
RMJK,Ramnagar(J-K,,,,,UNMATCHED,none,NONE,OGD_Train_details_22122017,
BNN,Barnala,,,,,UNMATCHED,none,NONE,OGD_Train_details_22122017,
GDB,Giddarbaha,,,,,UNMATCHED,none,NONE,OGD_Train_details_22122017,
MOT,Malout,,,,,UNMATCHED,none,NONE,OGD_Train_details_22122017,
ABS,Abohar,,,,,UNMATCHED,none,NONE,OGD_Train_details_22122017,
LKS,Lunkaransar,,,,,UNMATCHED,none,NONE,OGD_Train_details_22122017,
LGH,Lalgarh Jn.,,,,,UNMATCHED,none,NONE,OGD_Train_details_22122017,
PM,Palam,,,,,UNMATCHED,none,NONE,OGD_Train_details_22122017,
BWSN,Bijwasan,,,,,UNMATCHED,none,NONE,OGD_Train_details_22122017,
PTRD,Pataudi Road,,,,,UNMATCHED,none,NONE,OGD_Train_details_22122017,
LKE,Lakheri,,,,,UNMATCHED,none,NONE,OGD_Train_details_22122017,
ISA,Isarda,,,,,UNMATCHED,none,NONE,OGD_Train_details_22122017,
RKB,Raika Bagh P,,,,,UNMATCHED,none,NONE,OGD_Train_details_22122017,
SBLT,Shri Bhadriy,,,,,UNMATCHED,none,NONE,OGD_Train_details_22122017,
AQG,Ashapura Gom,,,,,UNMATCHED,none,NONE,OGD_Train_details_22122017,
KLYT,Kolayat,,,,,UNMATCHED,none,NONE,OGD_Train_details_22122017,
DSO,Deshnoke,,,,,UNMATCHED,none,NONE,OGD_Train_details_22122017,
MDW,Marwar Mundw,,,,,UNMATCHED,none,NONE,OGD_Train_details_22122017,
GCH,Gachhipura,,,,,UNMATCHED,none,NONE,OGD_Train_details_22122017,
SBR,Sambhar Lake,,,,,UNMATCHED,none,NONE,OGD_Train_details_22122017,
BLM,Balamau Jn.,,,,,UNMATCHED,none,NONE,OGD_Train_details_22122017,
HAPA,Hapa,,,,,UNMATCHED,none,NONE,OGD_Train_details_22122017,
JAM,Jamnagar,,,,,UNMATCHED,none,NONE,OGD_Train_details_22122017,
RANI,Rani,Perani,12.1028764,79.5522437,Q63355683,MATCHED,fuzzy_name,MEDIUM,OGD_Train_details_22122017,OSM_chennai_thoothukudi_stations_raw.geojson
JWB,Jawai Bandh,,,,,UNMATCHED,none,NONE,OGD_Train_details_22122017,
AKV,Ankleshwar J,,,,,UNMATCHED,none,NONE,OGD_Train_details_22122017,
SPZ,Sampla,,,,,UNMATCHED,none,NONE,OGD_Train_details_22122017,
TAPA,Tapa,,,,,UNMATCHED,none,NONE,OGD_Train_details_22122017,
PUL,Rampura Phul,,,,,UNMATCHED,none,NONE,OGD_Train_details_22122017,
JBN,Jogbani,,,,,UNMATCHED,none,NONE,OGD_Train_details_22122017,
FBG,Forbesganj J,,,,,UNMATCHED,none,NONE,OGD_Train_details_22122017,
ARQ,Arariya Cour,,,,,UNMATCHED,none,NONE,OGD_Train_details_22122017,
PRNA,Purnea Jn.,,,,,UNMATCHED,none,NONE,OGD_Train_details_22122017,
SMR,Samdari,,,,,UNMATCHED,none,NONE,OGD_Train_details_22122017,
MKSR,Mokalsar,,,,,UNMATCHED,none,NONE,OGD_Train_details_22122017,
JOR,Jalor,,,,,UNMATCHED,none,NONE,OGD_Train_details_22122017,
MON,Modran,,,,,UNMATCHED,none,NONE,OGD_Train_details_22122017,
MBNL,Marwar Bhinm,,,,,UNMATCHED,none,NONE,OGD_Train_details_22122017,
RNV,Raniwara,,,,,UNMATCHED,none,NONE,OGD_Train_details_22122017,
DQN,Dhanera,,,,,UNMATCHED,none,NONE,OGD_Train_details_22122017,
BLDI,Bhildi Jn,,,,,UNMATCHED,none,NONE,OGD_Train_details_22122017,
DDR,Dadar,,,,,UNMATCHED,none,NONE,OGD_Train_details_22122017,
MINJ,Maikalganj,,,,,UNMATCHED,none,NONE,OGD_Train_details_22122017,
DOA,Doraha,,,,,UNMATCHED,none,NONE,OGD_Train_details_22122017,
WKI,Wadakancheri,,,,,UNMATCHED,none,NONE,OGD_Train_details_22122017,
IJK,Irinjalakuda,,,,,UNMATCHED,none,NONE,OGD_Train_details_22122017,
CKI,Chalakudi,,,,,UNMATCHED,none,NONE,OGD_Train_details_22122017,
AFK,Angamali (Fo,,,,,UNMATCHED,none,NONE,OGD_Train_details_22122017,
AMPA,Ambalapuzha,,,,,UNMATCHED,none,NONE,OGD_Train_details_22122017,
HAD,Haripad,,,,,UNMATCHED,none,NONE,OGD_Train_details_22122017,
TVP,Trivandram P,,,,,UNMATCHED,none,NONE,OGD_Train_details_22122017,
NDAE,Nabadwip Dha,,,,,UNMATCHED,none,NONE,OGD_Train_details_22122017,
KWAE,Katwa Jn.,,,,,UNMATCHED,none,NONE,OGD_Train_details_22122017,
AZ,Azimganj Jn.,,,,,UNMATCHED,none,NONE,OGD_Train_details_22122017,
ROA,Rusera Ghat,,,,,UNMATCHED,none,NONE,OGD_Train_details_22122017,
JID,Jagi Road,,,,,UNMATCHED,none,NONE,OGD_Train_details_22122017,
RMR,Ramnagar,,,,,UNMATCHED,none,NONE,OGD_Train_details_22122017,
KPV,Kashipur Jn,,,,,UNMATCHED,none,NONE,OGD_Train_details_22122017,
PLS,Pipalsana,,,,,UNMATCHED,none,NONE,OGD_Train_details_22122017,
KID,Khairar Jn.,,,,,UNMATCHED,none,NONE,OGD_Train_details_22122017,
USL,Usalapur,,,,,UNMATCHED,none,NONE,OGD_Train_details_22122017,
CAA,Chakia,,,,,UNMATCHED,none,NONE,OGD_Train_details_22122017,
CAI,Chanpatia,,,,,UNMATCHED,none,NONE,OGD_Train_details_22122017,
HIR,Harinagar,,,,,UNMATCHED,none,NONE,OGD_Train_details_22122017,
SBZ,Siswa Bazar,,,,,UNMATCHED,none,NONE,OGD_Train_details_22122017,
BER,Beawar,,,,,UNMATCHED,none,NONE,OGD_Train_details_22122017,
NNO,Nangloi,,,,,UNMATCHED,none,NONE,OGD_Train_details_22122017,
MTR,Motipur,,,,,UNMATCHED,none,NONE,OGD_Train_details_22122017,
MAI,Mehsi,,,,,UNMATCHED,none,NONE,OGD_Train_details_22122017,
JYG,Jaynagar,,,,,UNMATCHED,none,NONE,OGD_Train_details_22122017,
MBI,Madhubani,,,,,UNMATCHED,none,NONE,OGD_Train_details_22122017,
SKI,Sakri Jn.,,,,,UNMATCHED,none,NONE,OGD_Train_details_22122017,
JI,Jhusi,,,,,UNMATCHED,none,NONE,OGD_Train_details_22122017,
HYT,Haiaghat,,,,,UNMATCHED,none,NONE,OGD_Train_details_22122017,
KGI,Kengeri,,,,,UNMATCHED,none,NONE,OGD_Train_details_22122017,
MYA,Mandya,,,,,UNMATCHED,none,NONE,OGD_Train_details_22122017,
PTB,Pattambi,,,,,UNMATCHED,none,NONE,OGD_Train_details_22122017,
KTU,Kuttippuram,,,,,UNMATCHED,none,NONE,OGD_Train_details_22122017,
TA,Tanur,,,,,UNMATCHED,none,NONE,OGD_Train_details_22122017,
PGI,Parpanangadi,,,,,UNMATCHED,none,NONE,OGD_Train_details_22122017,
FK,Ferok,,,,,UNMATCHED,none,NONE,OGD_Train_details_22122017,
QLD,Quilandi,,,,,UNMATCHED,none,NONE,OGD_Train_details_22122017,
MAHE,Mahe,Mahendravadi,13.0221211,79.517448,Q63355530,MATCHED,fuzzy_name,MEDIUM,OGD_Train_details_22122017,OSM_chennai_thoothukudi_stations_raw.geojson
PAZ,Payangadi,,,,,UNMATCHED,none,NONE,OGD_Train_details_22122017,
CHV,Chervattur,Attur,11.595226,78.5935039,Q63371891,MATCHED,fuzzy_name,MEDIUM,OGD_Train_details_22122017,OSM_chennai_thoothukudi_stations_raw.geojson
MAQ,Mangalore Ce,,,,,UNMATCHED,none,NONE,OGD_Train_details_22122017,
MJS,Manjeshwar,,,,,UNMATCHED,none,NONE,OGD_Train_details_22122017,
NYP,Nayudupeta,,,,,UNMATCHED,none,NONE,OGD_Train_details_22122017,
BTTR,Bitragunta,,,,,UNMATCHED,none,NONE,OGD_Train_details_22122017,
NLE,Nileshwar,,,,,UNMATCHED,none,NONE,OGD_Train_details_22122017,
CNO,Canacona,,,,,UNMATCHED,none,NONE,OGD_Train_details_22122017,
BKJ,Barkur,,,,,UNMATCHED,none,NONE,OGD_Train_details_22122017,
TRTR,Tripunittura,,,,,UNMATCHED,none,NONE,OGD_Train_details_22122017,
VARD,Vaikam Road,,,,,UNMATCHED,none,NONE,OGD_Train_details_22122017,
SDN,Sholavandan,,,,,UNMATCHED,none,NONE,OGD_Train_details_22122017,
VLY,Valliyur,,,,,UNMATCHED,none,NONE,OGD_Train_details_22122017,
NCJ,Nagercoil Jn,,,,,UNMATCHED,none,NONE,OGD_Train_details_22122017,
CAPE,Kanniyakumar,,,,,UNMATCHED,none,NONE,OGD_Train_details_22122017,
ABI,Ambaturai,,,,,UNMATCHED,none,NONE,OGD_Train_details_22122017,
UDN,Udhna Jn.,,,,,UNMATCHED,none,NONE,OGD_Train_details_22122017,
VYA,Vyara,,,,,UNMATCHED,none,NONE,OGD_Train_details_22122017,
DDE,Dondaicha,,,,,UNMATCHED,none,NONE,OGD_Train_details_22122017,
TTL,Tiruttangal,,,,,UNMATCHED,none,NONE,OGD_Train_details_22122017,
SVKS,Sivakasi,,,,,UNMATCHED,none,NONE,OGD_Train_details_22122017,
SVPR,Srivilliputt,,,,,UNMATCHED,none,NONE,OGD_Train_details_22122017,
RJPM,Rajapalayam,,,,,UNMATCHED,none,NONE,OGD_Train_details_22122017,
SNKL,Sankarankovi,,,,,UNMATCHED,none,NONE,OGD_Train_details_22122017,
PBKS,Pambakovil S,,,,,UNMATCHED,none,NONE,OGD_Train_details_22122017,
KDNL,Kadayanallur,,,,,UNMATCHED,none,NONE,OGD_Train_details_22122017,
TSI,Tenkasi,,,,,UNMATCHED,none,NONE,OGD_Train_details_22122017,
SCT,Sengottai Jn,,,,,UNMATCHED,none,NONE,OGD_Train_details_22122017,
CBF,Coimbatore N,,,,,UNMATCHED,none,NONE,OGD_Train_details_22122017,
MTP,Mettupalaiya,,,,,UNMATCHED,none,NONE,OGD_Train_details_22122017,
TMQ,Tirumangalam,,,,,UNMATCHED,none,NONE,OGD_Train_details_22122017,
KDU,Kadambur,Ambur,12.784066,78.7217855,Q16868946,MATCHED,fuzzy_name,MEDIUM,OGD_Train_details_22122017,OSM_chennai_thoothukudi_stations_raw.geojson
TME,Tutimelur,,,,,UNMATCHED,none,NONE,OGD_Train_details_22122017,
KZK,Kazhakuttam,,,,,UNMATCHED,none,NONE,OGD_Train_details_22122017,
RMNP,Ramannapet,,,,,UNMATCHED,none,NONE,OGD_Train_details_22122017,
GNP,Ghanpur,,,,,UNMATCHED,none,NONE,OGD_Train_details_22122017,
ALER,Aler,,,,,UNMATCHED,none,NONE,OGD_Train_details_22122017,
BG,Bhongir,,,,,UNMATCHED,none,NONE,OGD_Train_details_22122017,
VDE,Vedayapalem,,,,,UNMATCHED,none,NONE,OGD_Train_details_22122017,
KDM,Kesamudram,,,,,UNMATCHED,none,NONE,OGD_Train_details_22122017,
APT,Anaparti,,,,,UNMATCHED,none,NONE,OGD_Train_details_22122017,
NZD,Nuzvid,,,,,UNMATCHED,none,NONE,OGD_Train_details_22122017,
BUX,Bhandak,,,,,UNMATCHED,none,NONE,OGD_Train_details_22122017,
YLM,Elamanchili,,,,,UNMATCHED,none,NONE,OGD_Train_details_22122017,
NRP,Narsipatnam,,,,,UNMATCHED,none,NONE,OGD_Train_details_22122017,
PAP,Pithapuram,,,,,UNMATCHED,none,NONE,OGD_Train_details_22122017,
PAK,Pakala Jn.,,,,,UNMATCHED,none,NONE,OGD_Train_details_22122017,
PIL,Pileru,,,,,UNMATCHED,none,NONE,OGD_Train_details_22122017,
KCI,Kalikiri,,,,,UNMATCHED,none,NONE,OGD_Train_details_22122017,
MPL,Madana Palle,,,,,UNMATCHED,none,NONE,OGD_Train_details_22122017,
MCU,Mulacala Che,,,,,UNMATCHED,none,NONE,OGD_Train_details_22122017,
KRY,Kadiri,,,,,UNMATCHED,none,NONE,OGD_Train_details_22122017,
MGB,Mudigubba,,,,,UNMATCHED,none,NONE,OGD_Train_details_22122017,
CTYL,Chityala,,,,,UNMATCHED,none,NONE,OGD_Train_details_22122017,
BN,Bibinagar,,,,,UNMATCHED,none,NONE,OGD_Train_details_22122017,
DWP,Dwarapudi,,,,,UNMATCHED,none,NONE,OGD_Train_details_22122017,
KVR,Kovvur,,,,,UNMATCHED,none,NONE,OGD_Train_details_22122017,
NKD,Nekonda,,,,,UNMATCHED,none,NONE,OGD_Train_details_22122017,
VSG,Vasco-Da-Gam,,,,,UNMATCHED,none,NONE,OGD_Train_details_22122017,
NRDP,Nagireddipal,,,,,UNMATCHED,none,NONE,OGD_Train_details_22122017,
MTM,Machilipatna,,,,,UNMATCHED,none,NONE,OGD_Train_details_22122017,
CLU,Chilakalpudi,,,,,UNMATCHED,none,NONE,OGD_Train_details_22122017,
PAV,Pedana,,,,,UNMATCHED,none,NONE,OGD_Train_details_22122017,
VMD,Vadlamannadu,,,,,UNMATCHED,none,NONE,OGD_Train_details_22122017,
KVM,Kavutaram,,,,,UNMATCHED,none,NONE,OGD_Train_details_22122017,
GVL,Gudlavalleru,,,,,UNMATCHED,none,NONE,OGD_Train_details_22122017,
NUJ,Nujella,,,,,UNMATCHED,none,NONE,OGD_Train_details_22122017,
KI,Kondapalli,,,,,UNMATCHED,none,NONE,OGD_Train_details_22122017,
OEA,Odela,,,,,UNMATCHED,none,NONE,OGD_Train_details_22122017,
RVKH,Ravindrakhan,,,,,UNMATCHED,none,NONE,OGD_Train_details_22122017,
SRNR,Sri Ramnagar,,,,,UNMATCHED,none,NONE,OGD_Train_details_22122017,
MAGH,Manikgarh Jn,,,,,UNMATCHED,none,NONE,OGD_Train_details_22122017,
BTBR,Buti Bori Jn,,,,,UNMATCHED,none,NONE,OGD_Train_details_22122017,
UR,Umdanagar,,,,,UNMATCHED,none,NONE,OGD_Train_details_22122017,
WPR,Wanparti Roa,,,,,UNMATCHED,none,NONE,OGD_Train_details_22122017,
OBVP,Obulavaripal,,,,,UNMATCHED,none,NONE,OGD_Train_details_22122017,
CNI,Chandil Jn.,,,,,UNMATCHED,none,NONE,OGD_Train_details_22122017,
PRP,Paharpur,,,,,UNMATCHED,none,NONE,OGD_Train_details_22122017,
PVPT,Parvatipuram,,,,,UNMATCHED,none,NONE,OGD_Train_details_22122017,
SPRD,Singapur Roa,,,,,UNMATCHED,none,NONE,OGD_Train_details_22122017,
THV,Therubali,,,,,UNMATCHED,none,NONE,OGD_Train_details_22122017,
AMB,Ambodala,,,,,UNMATCHED,none,NONE,OGD_Train_details_22122017,
NRLR,Norla  Road,,,,,UNMATCHED,none,NONE,OGD_Train_details_22122017,
RPRD,Rupra Road,,,,,UNMATCHED,none,NONE,OGD_Train_details_22122017,
HSK,Hari Shankar,,,,,UNMATCHED,none,NONE,OGD_Train_details_22122017,
BGBR,Bagbahra,,,,,UNMATCHED,none,NONE,OGD_Train_details_22122017,
CKU,Chakulia,,,,,UNMATCHED,none,NONE,OGD_Train_details_22122017,
RHE,Rakha Mines,,,,,UNMATCHED,none,NONE,OGD_Train_details_22122017,
VAA,Bhaga Jn,,,,,UNMATCHED,none,NONE,OGD_Train_details_22122017,
DNM,Dhanmandal,,,,,UNMATCHED,none,NONE,OGD_Train_details_22122017,
JPH,Jhantipahari,,,,,UNMATCHED,none,NONE,OGD_Train_details_22122017,
ANR,Anara,,,,,UNMATCHED,none,NONE,OGD_Train_details_22122017,
SBPY,Sambalpur Ci,,,,,UNMATCHED,none,NONE,OGD_Train_details_22122017,
TLHD,Talcher Road,,,,,UNMATCHED,none,NONE,OGD_Train_details_22122017,
BIY,Bardoli,,,,,UNMATCHED,none,NONE,OGD_Train_details_22122017,
MID,Madhi,,,,,UNMATCHED,none,NONE,OGD_Train_details_22122017,
NWU,Navapur,,,,,UNMATCHED,none,NONE,OGD_Train_details_22122017,
SNK,Sindkheda,,,,,UNMATCHED,none,NONE,OGD_Train_details_22122017,
DXG,Dharangaon,,,,,UNMATCHED,none,NONE,OGD_Train_details_22122017,
BPHB,Bhilai Power,,,,,UNMATCHED,none,NONE,OGD_Train_details_22122017,
BPH,Belpahar,,,,,UNMATCHED,none,NONE,OGD_Train_details_22122017,
BMB,Bamra,,,,,UNMATCHED,none,NONE,OGD_Train_details_22122017,
GP,Rajgangpur,,,,,UNMATCHED,none,NONE,OGD_Train_details_22122017,
MCA,Mecheda,,,,,UNMATCHED,none,NONE,OGD_Train_details_22122017,
NRG,Nergundi Jn.,,,,,UNMATCHED,none,NONE,OGD_Train_details_22122017,
MCS,Mancheswar,,,,,UNMATCHED,none,NONE,OGD_Train_details_22122017,
KASR,Kanas Road,,,,,UNMATCHED,none,NONE,OGD_Train_details_22122017,
DEG,Delang,,,,,UNMATCHED,none,NONE,OGD_Train_details_22122017,
SIL,Sakhigopal,,,,,UNMATCHED,none,NONE,OGD_Train_details_22122017,
NWP,Naupada Jn.,,,,,UNMATCHED,none,NONE,OGD_Train_details_22122017,
CPP,Chipurupalle,,,,,UNMATCHED,none,NONE,OGD_Train_details_22122017,
KAPG,Kalupara Gha,,,,,UNMATCHED,none,NONE,OGD_Train_details_22122017,
KIT,Khallikot,,,,,UNMATCHED,none,NONE,OGD_Train_details_22122017,
KATI,Kanthi Fs,,,,,UNMATCHED,none,NONE,OGD_Train_details_22122017,
DGHA,Digha Fs,,,,,UNMATCHED,none,NONE,OGD_Train_details_22122017,
AJU,Arjuni,,,,,UNMATCHED,none,NONE,OGD_Train_details_22122017,
KGB,Kargi Road,,,,,UNMATCHED,none,NONE,OGD_Train_details_22122017,
BIG,Belgahna,,,,,UNMATCHED,none,NONE,OGD_Train_details_22122017,
AAL,Amlai,,,,,UNMATCHED,none,NONE,OGD_Train_details_22122017,
BYL,Belha,,,,,UNMATCHED,none,NONE,OGD_Train_details_22122017,
SLH,Silyari,,,,,UNMATCHED,none,NONE,OGD_Train_details_22122017,
ULB,Ulubaria,,,,,UNMATCHED,none,NONE,OGD_Train_details_22122017,
RMRB,Ramnagar (Be,,,,,UNMATCHED,none,NONE,OGD_Train_details_22122017,
BBM,Barabhum,,,,,UNMATCHED,none,NONE,OGD_Train_details_22122017,
GUD,Galudih,,,,,UNMATCHED,none,NONE,OGD_Train_details_22122017,
SWR,Sonua,,,,,UNMATCHED,none,NONE,OGD_Train_details_22122017,
GOL,Goilkera,,,,,UNMATCHED,none,NONE,OGD_Train_details_22122017,
MOU,Manoharpur,,,,,UNMATCHED,none,NONE,OGD_Train_details_22122017,
BNDM,Bondamunda J,,,,,UNMATCHED,none,NONE,OGD_Train_details_22122017,
GPH,Garpos,,,,,UNMATCHED,none,NONE,OGD_Train_details_22122017,
BEH,Bagdihi,,,,,UNMATCHED,none,NONE,OGD_Train_details_22122017,
RGL,Rengali,,,,,UNMATCHED,none,NONE,OGD_Train_details_22122017,
HKG,Hirakund,,,,,UNMATCHED,none,NONE,OGD_Train_details_22122017,
BRPL,Barpali,,,,,UNMATCHED,none,NONE,OGD_Train_details_22122017,
LSX,Loisingha,,,,,UNMATCHED,none,NONE,OGD_Train_details_22122017,
SFC,Saintala,,,,,UNMATCHED,none,NONE,OGD_Train_details_22122017,
RMT,Ramgarh Cant,,,,,UNMATCHED,none,NONE,OGD_Train_details_22122017,
RBGJ,Robertsganj,,,,,UNMATCHED,none,NONE,OGD_Train_details_22122017,
GNG,Gauriganj,,,,,UNMATCHED,none,NONE,OGD_Train_details_22122017,
MXK,Mandrak,,,,,UNMATCHED,none,NONE,OGD_Train_details_22122017,
JPL,Japla,,,,,UNMATCHED,none,NONE,OGD_Train_details_22122017,
NBG,Nabinagar Ro,,,,,UNMATCHED,none,NONE,OGD_Train_details_22122017,
CJN,Chhatna,,,,,UNMATCHED,none,NONE,OGD_Train_details_22122017,
SNTD,Santaldih,,,,,UNMATCHED,none,NONE,OGD_Train_details_22122017,
BGY,Bangriposi,,,,,UNMATCHED,none,NONE,OGD_Train_details_22122017,
BPO,Baripada Ph,,,,,UNMATCHED,none,NONE,OGD_Train_details_22122017,
KCV,Krishna Chan,,,,,UNMATCHED,none,NONE,OGD_Train_details_22122017,
BTQ,Betnoti Ph,,,,,UNMATCHED,none,NONE,OGD_Train_details_22122017,
JOL,Jogal,,,,,UNMATCHED,none,NONE,OGD_Train_details_22122017,
JRG,Jugpura Ph,,,,,UNMATCHED,none,NONE,OGD_Train_details_22122017,
TKH,Thakurtola P,,,,,UNMATCHED,none,NONE,OGD_Train_details_22122017,
MKO,Markona,,,,,UNMATCHED,none,NONE,OGD_Train_details_22122017,
NQR,Naraj Marath,,,,,UNMATCHED,none,NONE,OGD_Train_details_22122017,
MRDL,Meramandoli,,,,,UNMATCHED,none,NONE,OGD_Train_details_22122017,
BONA,Boinda,,,,,UNMATCHED,none,NONE,OGD_Train_details_22122017,
RAIR,Rairakhol,,,,,UNMATCHED,none,NONE,OGD_Train_details_22122017,
PLG,Palghar,,,,,UNMATCHED,none,NONE,OGD_Train_details_22122017,
MUT,Meerut Cant,,,,,UNMATCHED,none,NONE,OGD_Train_details_22122017,
PBR,Porbandar,,,,,UNMATCHED,none,NONE,OGD_Train_details_22122017,
LPJ,Lalpur Jam,,,,,UNMATCHED,none,NONE,OGD_Train_details_22122017,
UJA,Unjha,,,,,UNMATCHED,none,NONE,OGD_Train_details_22122017,
BLA,Bajalta,,,,,UNMATCHED,none,NONE,OGD_Train_details_22122017,
SGRR,Sangar,,,,,UNMATCHED,none,NONE,OGD_Train_details_22122017,
MNWL,Manwal,,,,,UNMATCHED,none,NONE,OGD_Train_details_22122017,
CRWL,Chakrakwala,,,,,UNMATCHED,none,NONE,OGD_Train_details_22122017,
ADH,Andheri,,,,,UNMATCHED,none,NONE,OGD_Train_details_22122017,
BIM,Bilimora Jn.,,,,,UNMATCHED,none,NONE,OGD_Train_details_22122017,
AML,Amalsad,,,,,UNMATCHED,none,NONE,OGD_Train_details_22122017,
MRL,Maroli,,,,,UNMATCHED,none,NONE,OGD_Train_details_22122017,
SCH,Sachin,,,,,UNMATCHED,none,NONE,OGD_Train_details_22122017,
VS,Vishwamitri,,,,,UNMATCHED,none,NONE,OGD_Train_details_22122017,
KIM,Kim,,,,,UNMATCHED,none,NONE,OGD_Train_details_22122017,
KSB,Kosamba Jn.,,,,,UNMATCHED,none,NONE,OGD_Train_details_22122017,
PLJ,Palej,,,,,UNMATCHED,none,NONE,OGD_Train_details_22122017,
MYG,Miyagam Karj,,,,,UNMATCHED,none,NONE,OGD_Train_details_22122017,
SMLA,Samlaya Jn.,,,,,UNMATCHED,none,NONE,OGD_Train_details_22122017,
PPD,Pipolod,,,,,UNMATCHED,none,NONE,OGD_Train_details_22122017,
LMK,Limkhera,,,,,UNMATCHED,none,NONE,OGD_Train_details_22122017,
VR,Virar,Virarakkiyam,10.9389074,78.1661261,Q63357272,MATCHED,fuzzy_name,MEDIUM,OGD_Train_details_22122017,OSM_chennai_thoothukudi_stations_raw.geojson
BVC,Bhavnagar Te,,,,,UNMATCHED,none,NONE,OGD_Train_details_22122017,
SGD,Songadh,,,,,UNMATCHED,none,NONE,OGD_Train_details_22122017,
DLJ,Dhola Jn,,,,,UNMATCHED,none,NONE,OGD_Train_details_22122017,
BTD,Botad,,,,,UNMATCHED,none,NONE,OGD_Train_details_22122017,
JVN,Joravarnagar,,,,,UNMATCHED,none,NONE,OGD_Train_details_22122017,
MHV,Mahuva,,,,,UNMATCHED,none,NONE,OGD_Train_details_22122017,
RLA,Rajula Road,,,,,UNMATCHED,none,NONE,OGD_Train_details_22122017,
SVKD,Savar Kundla,,,,,UNMATCHED,none,NONE,OGD_Train_details_22122017,
LMO,Liliya Mota,,,,,UNMATCHED,none,NONE,OGD_Train_details_22122017,
DAS,Dhasa,,,,,UNMATCHED,none,NONE,OGD_Train_details_22122017,
LM,Limdi,,,,,UNMATCHED,none,NONE,OGD_Train_details_22122017,
WC,Wadhwan City,,,,,UNMATCHED,none,NONE,OGD_Train_details_22122017,
WSJ,Wansjaliya J,,,,,UNMATCHED,none,NONE,OGD_Train_details_22122017,
JDH,Jam Jodhpur,,,,,UNMATCHED,none,NONE,OGD_Train_details_22122017,
UA,Upleta,,,,,UNMATCHED,none,NONE,OGD_Train_details_22122017,
DISA,Disa,,,,,UNMATCHED,none,NONE,OGD_Train_details_22122017,
DEOR,Diyodar,,,,,UNMATCHED,none,NONE,OGD_Train_details_22122017,
RDHP,Radhanpur,,,,,UNMATCHED,none,NONE,OGD_Train_details_22122017,
SNLR,Santalpur,,,,,UNMATCHED,none,NONE,OGD_Train_details_22122017,
AAR,Adesar,,,,,UNMATCHED,none,NONE,OGD_Train_details_22122017,
THDR,Thandla Road,,,,,UNMATCHED,none,NONE,OGD_Train_details_22122017,
BMI,Bamnia,,,,,UNMATCHED,none,NONE,OGD_Train_details_22122017,
SRGT,Surendranaga,,,,,UNMATCHED,none,NONE,OGD_Train_details_22122017,
RUR,Ranpur,,,,,UNMATCHED,none,NONE,OGD_Train_details_22122017,
SOJN,Sihor Jn(Guj,,,,,UNMATCHED,none,NONE,OGD_Train_details_22122017,
BVP,Bhavnagar Pa,,,,,UNMATCHED,none,NONE,OGD_Train_details_22122017,
AEL,Ateli,,,,,UNMATCHED,none,NONE,OGD_Train_details_22122017,
SMPR,Shri Madhopu,,,,,UNMATCHED,none,NONE,OGD_Train_details_22122017,
RNW,Renwal,,,,,UNMATCHED,none,NONE,OGD_Train_details_22122017,
CHP,Chappi,,,,,UNMATCHED,none,NONE,OGD_Train_details_22122017,
SOH,Sirohi Road,,,,,UNMATCHED,none,NONE,OGD_Train_details_22122017,
SOD,Sojat Road,,,,,UNMATCHED,none,NONE,OGD_Train_details_22122017,
FAN,Fateh Nagar,,,,,UNMATCHED,none,NONE,OGD_Train_details_22122017,
MDL,Mandal,,,,,UNMATCHED,none,NONE,OGD_Train_details_22122017,
GBP,Gulabpura,,,,,UNMATCHED,none,NONE,OGD_Train_details_22122017,
JAO,Joara,,,,,UNMATCHED,none,NONE,OGD_Train_details_22122017,
NBH,Nimbahera,,,,,UNMATCHED,none,NONE,OGD_Train_details_22122017,
BSE,Badshahpur,,,,,UNMATCHED,none,NONE,OGD_Train_details_22122017,
BCN,Bachhrawn,,,,,UNMATCHED,none,NONE,OGD_Train_details_22122017,
ROZA,Roza Jn,,,,,UNMATCHED,none,NONE,OGD_Train_details_22122017,
VDS,Vidyasagar,,,,,UNMATCHED,none,NONE,OGD_Train_details_22122017,
GHR,Gidhaur,,,,,UNMATCHED,none,NONE,OGD_Train_details_22122017,
MKB,Mankatha,,,,,UNMATCHED,none,NONE,OGD_Train_details_22122017,
DMRX,Dumari Halt,,,,,UNMATCHED,none,NONE,OGD_Train_details_22122017,
MOR,Mor,,,,,UNMATCHED,none,NONE,OGD_Train_details_22122017,
PHK,Punarakh,,,,,UNMATCHED,none,NONE,OGD_Train_details_22122017,
ATL,Athmal Gola,,,,,UNMATCHED,none,NONE,OGD_Train_details_22122017,
GZH,Gulzarbagh,,,,,UNMATCHED,none,NONE,OGD_Train_details_22122017,
NEO,Neora,,,,,UNMATCHED,none,NONE,OGD_Train_details_22122017,
SDE,Sadisopur,,,,,UNMATCHED,none,NONE,OGD_Train_details_22122017,
KWR,Koelwar,,,,,UNMATCHED,none,NONE,OGD_Train_details_22122017,
KUA,Kulharia,,,,,UNMATCHED,none,NONE,OGD_Train_details_22122017,
BYN,Banahi,,,,,UNMATCHED,none,NONE,OGD_Train_details_22122017,
BRE,Bharwari,,,,,UNMATCHED,none,NONE,OGD_Train_details_22122017,
KGA,Khaga,,,,,UNMATCHED,none,NONE,OGD_Train_details_22122017,
BKO,Bindki Road,,,,,UNMATCHED,none,NONE,OGD_Train_details_22122017,
ULD,Achalda,,,,,UNMATCHED,none,NONE,OGD_Train_details_22122017,
JGR,Jaswantnagar,,,,,UNMATCHED,none,NONE,OGD_Train_details_22122017,
BDN,Bhadan,,,,,UNMATCHED,none,NONE,OGD_Train_details_22122017,
AST,Asaoti,,,,,UNMATCHED,none,NONE,OGD_Train_details_22122017,
FDN,Faridabad Ne,,,,,UNMATCHED,none,NONE,OGD_Train_details_22122017,
JNA,Julana,,,,,UNMATCHED,none,NONE,OGD_Train_details_22122017,
UCA,Uchana,,,,,UNMATCHED,none,NONE,OGD_Train_details_22122017,
DSB,Sadar Bazar,,,,,UNMATCHED,none,NONE,OGD_Train_details_22122017,
SRP,Shrirampur,,,,,UNMATCHED,none,NONE,OGD_Train_details_22122017,
CGR,Chandan Naga,,,,,UNMATCHED,none,NONE,OGD_Train_details_22122017,
PSB,Parsabad,,,,,UNMATCHED,none,NONE,OGD_Train_details_22122017,
TKN,Tankuppa,,,,,UNMATCHED,none,NONE,OGD_Train_details_22122017,
JHN,Jakhim,,,,,UNMATCHED,none,NONE,OGD_Train_details_22122017,
PES,Phesar,,,,,UNMATCHED,none,NONE,OGD_Train_details_22122017,
SEB,Son Nagar Jn,,,,,UNMATCHED,none,NONE,OGD_Train_details_22122017,
DGO,Durgauti,,,,,UNMATCHED,none,NONE,OGD_Train_details_22122017,
KMS,Karamnasa,,,,,UNMATCHED,none,NONE,OGD_Train_details_22122017,
SYJ,Saidraja,,,,,UNMATCHED,none,NONE,OGD_Train_details_22122017,
BTP,Babatpur,,,,,UNMATCHED,none,NONE,OGD_Train_details_22122017,
KSF,Khalispur,,,,,UNMATCHED,none,NONE,OGD_Train_details_22122017,
JLL,Jalalganj,,,,,UNMATCHED,none,NONE,OGD_Train_details_22122017,
BWI,Bilwai,,,,,UNMATCHED,none,NONE,OGD_Train_details_22122017,
GGJ,Goshainganj,,,,,UNMATCHED,none,NONE,OGD_Train_details_22122017,
ACND,Acharya Nare,,,,,UNMATCHED,none,NONE,OGD_Train_details_22122017,
SLW,Sohwal,,,,,UNMATCHED,none,NONE,OGD_Train_details_22122017,
DYD,Daryabad,,,,,UNMATCHED,none,NONE,OGD_Train_details_22122017,
SGJ,Safdarganj,,,,,UNMATCHED,none,NONE,OGD_Train_details_22122017,
AJI,Anji Shahaba,,,,,UNMATCHED,none,NONE,OGD_Train_details_22122017,
TLH,Tilhar,,,,,UNMATCHED,none,NONE,OGD_Train_details_22122017,
PMR,Pitambarpur,,,,,UNMATCHED,none,NONE,OGD_Train_details_22122017,
NRS,Nagaria Sada,,,,,UNMATCHED,none,NONE,OGD_Train_details_22122017,
RWL,Raiwala Jn.,,,,,UNMATCHED,none,NONE,OGD_Train_details_22122017,
DWO,Doiwala,,,,,UNMATCHED,none,NONE,OGD_Train_details_22122017,
KS,Kheta Sarai,,,,,UNMATCHED,none,NONE,OGD_Train_details_22122017,
BDH,Bhedia,,,,,UNMATCHED,none,NONE,OGD_Train_details_22122017,
MLV,Mallarpur,,,,,UNMATCHED,none,NONE,OGD_Train_details_22122017,
NHT,Nalhati Jn.,,,,,UNMATCHED,none,NONE,OGD_Train_details_22122017,
MRR,Murarai,,,,,UNMATCHED,none,NONE,OGD_Train_details_22122017,
RJG,Rajgram,,,,,UNMATCHED,none,NONE,OGD_Train_details_22122017,
TDLE,Tildanga,,,,,UNMATCHED,none,NONE,OGD_Train_details_22122017,
SHE,Seoraphuli J,,,,,UNMATCHED,none,NONE,OGD_Train_details_22122017,
MGAE,Morgram,,,,,UNMATCHED,none,NONE,OGD_Train_details_22122017,
SDI,Sagardighi,,,,,UNMATCHED,none,NONE,OGD_Train_details_22122017,
DKGS,Simaria,,,,,UNMATCHED,none,NONE,OGD_Train_details_22122017,
BCA,Bachwara Jn.,,,,,UNMATCHED,none,NONE,OGD_Train_details_22122017,
NAZJ,Nazirganj,,,,,UNMATCHED,none,NONE,OGD_Train_details_22122017,
UJP,Ujiarpur,,,,,UNMATCHED,none,NONE,OGD_Train_details_22122017,
KPGM,Karpoorigram,,,,,UNMATCHED,none,NONE,OGD_Train_details_22122017,
GRL,Goraul,,,,,UNMATCHED,none,NONE,OGD_Train_details_22122017,
NYO,Nayagaon,,,,,UNMATCHED,none,NONE,OGD_Train_details_22122017,
DDP,Daudpur,,,,,UNMATCHED,none,NONE,OGD_Train_details_22122017,
EKMA,Ekma,,,,,UNMATCHED,none,NONE,OGD_Train_details_22122017,
CW,Chainwa,,,,,UNMATCHED,none,NONE,OGD_Train_details_22122017,
ZRDE,Jiradei,,,,,UNMATCHED,none,NONE,OGD_Train_details_22122017,
HLDD,Haldi Road,,,,,UNMATCHED,none,NONE,OGD_Train_details_22122017,
RNPR,Rupnarayanpu,,,,,UNMATCHED,none,NONE,OGD_Train_details_22122017,
TGA,Teghra,,,,,UNMATCHED,none,NONE,OGD_Train_details_22122017,
DUBH,Dubaha,,,,,UNMATCHED,none,NONE,OGD_Train_details_22122017,
SIHO,Siho,,,,,UNMATCHED,none,NONE,OGD_Train_details_22122017,
SLT,Silaut,,,,,UNMATCHED,none,NONE,OGD_Train_details_22122017,
NRPA,Narayanpur A,,,,,UNMATCHED,none,NONE,OGD_Train_details_22122017,
RGH,Ramgarhwa F,,,,,UNMATCHED,none,NONE,OGD_Train_details_22122017,
STJT,Sathajagat,,,,,UNMATCHED,none,NONE,OGD_Train_details_22122017,
BHW,Barharwa Jn.,,,,,UNMATCHED,none,NONE,OGD_Train_details_22122017,
TPH,Tinpahar Jn.,,,,,UNMATCHED,none,NONE,OGD_Train_details_22122017,
SBG,Sahibganj,,,,,UNMATCHED,none,NONE,OGD_Train_details_22122017,
PPT,Pirpainti,,,,,UNMATCHED,none,NONE,OGD_Train_details_22122017,
CLG,Kahalgaon,,,,,UNMATCHED,none,NONE,OGD_Train_details_22122017,
AKN,Akbarnagar,,,,,UNMATCHED,none,NONE,OGD_Train_details_22122017,
UREN,Uren,,,,,UNMATCHED,none,NONE,OGD_Train_details_22122017,
SRY,Sirari,,,,,UNMATCHED,none,NONE,OGD_Train_details_22122017,
SHK,Sheikhpura,,,,,UNMATCHED,none,NONE,OGD_Train_details_22122017,
KSC,Kashi Chak,,,,,UNMATCHED,none,NONE,OGD_Train_details_22122017,
WRS,Warisaliganj,,,,,UNMATCHED,none,NONE,OGD_Train_details_22122017,
TIA,Tilaiya,,,,,UNMATCHED,none,NONE,OGD_Train_details_22122017,
WZJ,Wazerganj,,,,,UNMATCHED,none,NONE,OGD_Train_details_22122017,
CNS,Chuchura,,,,,UNMATCHED,none,NONE,OGD_Train_details_22122017,
BSAE,Bansh Baria,,,,,UNMATCHED,none,NONE,OGD_Train_details_22122017,
TBAE,Tribeni,,,,,UNMATCHED,none,NONE,OGD_Train_details_22122017,
KJU,Kuntighat,,,,,UNMATCHED,none,NONE,OGD_Train_details_22122017,
DMLE,Dumurdaha,,,,,UNMATCHED,none,NONE,OGD_Train_details_22122017,
KMAE,Khamargachhi,,,,,UNMATCHED,none,NONE,OGD_Train_details_22122017,
JIT,Jirat,,,,,UNMATCHED,none,NONE,OGD_Train_details_22122017,
BGAE,Bala Garh,,,,,UNMATCHED,none,NONE,OGD_Train_details_22122017,
SOAE,Somra Bazar,,,,,UNMATCHED,none,NONE,OGD_Train_details_22122017,
BHLA,Behula,,,,,UNMATCHED,none,NONE,OGD_Train_details_22122017,
GPAE,Guptipara,,,,,UNMATCHED,none,NONE,OGD_Train_details_22122017,
ABKA,Ambika Kalna,,,,,UNMATCHED,none,NONE,OGD_Train_details_22122017,
BGRA,Baghnapara,,,,,UNMATCHED,none,NONE,OGD_Train_details_22122017,
DTAE,Dhatri Gram,,,,,UNMATCHED,none,NONE,OGD_Train_details_22122017,
SMAE,Samudra Garh,,,,,UNMATCHED,none,NONE,OGD_Train_details_22122017,
PSAE,Purba Sthali,,,,,UNMATCHED,none,NONE,OGD_Train_details_22122017,
SALE,Salar,,,,,UNMATCHED,none,NONE,OGD_Train_details_22122017,
BZLE,Bazarasu,,,,,UNMATCHED,none,NONE,OGD_Train_details_22122017,
KGLE,Khagraghat R,,,,,UNMATCHED,none,NONE,OGD_Train_details_22122017,
LCAE,Lalbagh Cour,,,,,UNMATCHED,none,NONE,OGD_Train_details_22122017,
ACLE,Azimganj  Ci,,,,,UNMATCHED,none,NONE,OGD_Train_details_22122017,
MPLR,Mahipal Road,,,,,UNMATCHED,none,NONE,OGD_Train_details_22122017,
MGLE,Manigram,,,,,UNMATCHED,none,NONE,OGD_Train_details_22122017,
GALE,Gankar,Kagankarai,12.4101735,78.5085185,Q63355415,MATCHED,fuzzy_name,MEDIUM,OGD_Train_details_22122017,OSM_chennai_thoothukudi_stations_raw.geojson
JRLE,Jangipur Roa,,,,,UNMATCHED,none,NONE,OGD_Train_details_22122017,
AHN,Ahiran H,,,,,UNMATCHED,none,NONE,OGD_Train_details_22122017,
SPLE,Sujnipara,,,,,UNMATCHED,none,NONE,OGD_Train_details_22122017,
NILE,Nimtita,,,,,UNMATCHED,none,NONE,OGD_Train_details_22122017,
BDBP,Basudebpur H,,,,,UNMATCHED,none,NONE,OGD_Train_details_22122017,
DGLE,Dhulian Gang,,,,,UNMATCHED,none,NONE,OGD_Train_details_22122017,
SXP,Sankopara H,,,,,UNMATCHED,none,NONE,OGD_Train_details_22122017,
CMX,Chamagram,,,,,UNMATCHED,none,NONE,OGD_Train_details_22122017,
KTJ,Khaltipur,,,,,UNMATCHED,none,NONE,OGD_Train_details_22122017,
JMQ,Jamirghata,,,,,UNMATCHED,none,NONE,OGD_Train_details_22122017,
GZM,Gour Malda,,,,,UNMATCHED,none,NONE,OGD_Train_details_22122017,
SM,Samsi,,,,,UNMATCHED,none,NONE,OGD_Train_details_22122017,
BKRD,Bhaluka Road,,,,,UNMATCHED,none,NONE,OGD_Train_details_22122017,
KDPR,Kumedpur,,,,,UNMATCHED,none,NONE,OGD_Train_details_22122017,
LAV,Labha,,,,,UNMATCHED,none,NONE,OGD_Train_details_22122017,
GRH,Ghorasahan,,,,,UNMATCHED,none,NONE,OGD_Train_details_22122017,
KAN,Khana Jn.,,,,,UNMATCHED,none,NONE,OGD_Train_details_22122017,
MUW,Mathura Pur,Mathur,11.3185214,79.2061625,Q63356197,MATCHED,fuzzy_name,MEDIUM,OGD_Train_details_22122017,OSM_chennai_thoothukudi_stations_raw.geojson
TWG,Twining Ganj,,,,,UNMATCHED,none,NONE,OGD_Train_details_22122017,
CSA,Chausa,,,,,UNMATCHED,none,NONE,OGD_Train_details_22122017,
BWH,Bhadaura,,,,,UNMATCHED,none,NONE,OGD_Train_details_22122017,
DHA,Dheena,,,,,UNMATCHED,none,NONE,OGD_Train_details_22122017,
SLD,Sakaldiha,,,,,UNMATCHED,none,NONE,OGD_Train_details_22122017,
KCA,Kuchman,,,,,UNMATCHED,none,NONE,OGD_Train_details_22122017,
VYN,Vyasanagar,,,,,UNMATCHED,none,NONE,OGD_Train_details_22122017,
BRPT,Birapatti,,,,,UNMATCHED,none,NONE,OGD_Train_details_22122017,
PDRD,Pindra Road,,,,,UNMATCHED,none,NONE,OGD_Train_details_22122017,
SIQ,Sarkoni,,,,,UNMATCHED,none,NONE,OGD_Train_details_22122017,
SKN,Sri Krishna,,,,,UNMATCHED,none,NONE,OGD_Train_details_22122017,
HRPG,Harpalganj,,,,,UNMATCHED,none,NONE,OGD_Train_details_22122017,
KEPR,Koiripur,,,,,UNMATCHED,none,NONE,OGD_Train_details_22122017,
LBA,Lambhua,,,,,UNMATCHED,none,NONE,OGD_Train_details_22122017,
SHNG,Shivnagar,,,,,UNMATCHED,none,NONE,OGD_Train_details_22122017,
AKJ,Akbar Ganj,,,,,UNMATCHED,none,NONE,OGD_Train_details_22122017,
HGH,Haidergarh,,,,,UNMATCHED,none,NONE,OGD_Train_details_22122017,
AMG,Alam Nagar,,,,,UNMATCHED,none,NONE,OGD_Train_details_22122017,
AO,Aonla,,,,,UNMATCHED,none,NONE,OGD_Train_details_22122017,
CH,Chandausi Jn,,,,,UNMATCHED,none,NONE,OGD_Train_details_22122017,
RJK,Raja-Ka-Saha,,,,,UNMATCHED,none,NONE,OGD_Train_details_22122017,
GVG,Mandi Gobind,,,,,UNMATCHED,none,NONE,OGD_Train_details_22122017,
DDL,Dhandari Kal,,,,,UNMATCHED,none,NONE,OGD_Train_details_22122017,
SOP,Shiupur,,,,,UNMATCHED,none,NONE,OGD_Train_details_22122017,
SURI,Siuri,,,,,UNMATCHED,none,NONE,OGD_Train_details_22122017,
EKI,Eklakhi,,,,,UNMATCHED,none,NONE,OGD_Train_details_22122017,
GZO,Gazole,,,,,UNMATCHED,none,NONE,OGD_Train_details_22122017,
BNDP,Buniyadpur,,,,,UNMATCHED,none,NONE,OGD_Train_details_22122017,
GRMP,Gangarampur,,,,,UNMATCHED,none,NONE,OGD_Train_details_22122017,
BLGT,Balurghat,,,,,UNMATCHED,none,NONE,OGD_Train_details_22122017,
MZC,Mirza-Cheuki,,,,,UNMATCHED,none,NONE,OGD_Train_details_22122017,
SVRP,Shivnarayanp,,,,,UNMATCHED,none,NONE,OGD_Train_details_22122017,
EKC,Ekchari,,,,,UNMATCHED,none,NONE,OGD_Train_details_22122017,
GGA,Ghogha,,,,,UNMATCHED,none,NONE,OGD_Train_details_22122017,
RHA,Ranaghat Jn.,,,,,UNMATCHED,none,NONE,OGD_Train_details_22122017,
KNJ,Krishna Naga,,,,,UNMATCHED,none,NONE,OGD_Train_details_22122017,
BTY,Bethuadahari,,,,,UNMATCHED,none,NONE,OGD_Train_details_22122017,
DEB,Debagram,,,,,UNMATCHED,none,NONE,OGD_Train_details_22122017,
PLY,Plassey,,,,,UNMATCHED,none,NONE,OGD_Train_details_22122017,
REJ,Rejinagar,,,,,UNMATCHED,none,NONE,OGD_Train_details_22122017,
BEB,Beldanga,,,,,UNMATCHED,none,NONE,OGD_Train_details_22122017,
BPC,Berhampore C,,,,,UNMATCHED,none,NONE,OGD_Train_details_22122017,
CSZ,Cossimbazar,,,,,UNMATCHED,none,NONE,OGD_Train_details_22122017,
MBB,Murshidabad,,,,,UNMATCHED,none,NONE,OGD_Train_details_22122017,
JJG,Jiaganj,,,,,UNMATCHED,none,NONE,OGD_Train_details_22122017,
BQG,Bhagwangola,,,,,UNMATCHED,none,NONE,OGD_Train_details_22122017,
LGL,Lalgola,,,,,UNMATCHED,none,NONE,OGD_Train_details_22122017,
VPDA,Vidyapatinag,,,,,UNMATCHED,none,NONE,OGD_Train_details_22122017,
MOG,Mohiuddinnag,,,,,UNMATCHED,none,NONE,OGD_Train_details_22122017,
SPP,Shahpur Pato,,,,,UNMATCHED,none,NONE,OGD_Train_details_22122017,
MNO,Mehnar Road,,,,,UNMATCHED,none,NONE,OGD_Train_details_22122017,
DES,Desari,,,,,UNMATCHED,none,NONE,OGD_Train_details_22122017,
AYRN,Akshaywat Ra,,,,,UNMATCHED,none,NONE,OGD_Train_details_22122017,
STLR,Sitalpur,,,,,UNMATCHED,none,NONE,OGD_Train_details_22122017,
STW,Sahatwar,,,,,UNMATCHED,none,NONE,OGD_Train_details_22122017,
GEDE,Gede,,,,,UNMATCHED,none,NONE,OGD_Train_details_22122017,
BNXR,Bidhannagar,,,,,UNMATCHED,none,NONE,OGD_Train_details_22122017,
DAKE,Dakhineswar,,,,,UNMATCHED,none,NONE,OGD_Train_details_22122017,
KLP,Kotalpukur,,,,,UNMATCHED,none,NONE,OGD_Train_details_22122017,
TLJ,Taljhari,,,,,UNMATCHED,none,NONE,OGD_Train_details_22122017,
SLJ,Sakrigali,,,,,UNMATCHED,none,NONE,OGD_Train_details_22122017,
BKSL,Bikramshila,,,,,UNMATCHED,none,NONE,OGD_Train_details_22122017,
SBO,Sabour,,,,,UNMATCHED,none,NONE,OGD_Train_details_22122017,
NAT,Nathnagar,,,,,UNMATCHED,none,NONE,OGD_Train_details_22122017,
MPY,Murarpur Hal,,,,,UNMATCHED,none,NONE,OGD_Train_details_22122017,
RPUR,Ratanpur,,,,,UNMATCHED,none,NONE,OGD_Train_details_22122017,
DRTP,Dasharathpur,,,,,UNMATCHED,none,NONE,OGD_Train_details_22122017,
KWO,Karauta,,,,,UNMATCHED,none,NONE,OGD_Train_details_22122017,
HDE,Hardas Bigha,,,,,UNMATCHED,none,NONE,OGD_Train_details_22122017,
PAIL,Block Hut 'C,,,,,UNMATCHED,none,NONE,OGD_Train_details_22122017,
KRS,Karisath,,,,,UNMATCHED,none,NONE,OGD_Train_details_22122017,
BSBR,Banshlai Bri,,,,,UNMATCHED,none,NONE,OGD_Train_details_22122017,
CTR,Chatra,Kalpattichatram,10.5197078,78.2382799,Q63356050,MATCHED,fuzzy_name,MEDIUM,OGD_Train_details_22122017,OSM_chennai_thoothukudi_stations_raw.geojson
PTPL,Petrapole,,,,,UNMATCHED,none,NONE,OGD_Train_details_22122017,
BFM,Bhalui,,,,,UNMATCHED,none,NONE,OGD_Train_details_22122017,
RDUM,Rampur Dumra,,,,,UNMATCHED,none,NONE,OGD_Train_details_22122017,
TALL,Tall Jn.,,,,,UNMATCHED,none,NONE,OGD_Train_details_22122017,
KNHP,Kanhaipur,,,,,UNMATCHED,none,NONE,OGD_Train_details_22122017,
MMKB,Memra Memrak,,,,,UNMATCHED,none,NONE,OGD_Train_details_22122017,
TKBG,Teka Bigha,,,,,UNMATCHED,none,NONE,OGD_Train_details_22122017,
SMBH,Salimpur Bih,,,,,UNMATCHED,none,NONE,OGD_Train_details_22122017,
BKG,Banka Ghat,,,,,UNMATCHED,none,NONE,OGD_Train_details_22122017,
RSR,Rasra,,,,,UNMATCHED,none,NONE,OGD_Train_details_22122017,
AZR,Azamnagar Ro,,,,,UNMATCHED,none,NONE,OGD_Train_details_22122017,
NMX,New Maynagur,,,,,UNMATCHED,none,NONE,OGD_Train_details_22122017,
FLK,Falakata,,,,,UNMATCHED,none,NONE,OGD_Train_details_22122017,
GDX,Ghoksadanga,,,,,UNMATCHED,none,NONE,OGD_Train_details_22122017,
RGJ,Raiganj,,,,,UNMATCHED,none,NONE,OGD_Train_details_22122017,
KAJ,Kaliyaganj,,,,,UNMATCHED,none,NONE,OGD_Train_details_22122017,
RDP,Radhikapur,,,,,UNMATCHED,none,NONE,OGD_Train_details_22122017,
NMZ,New Mal Jn.,,,,,UNMATCHED,none,NONE,OGD_Train_details_22122017,
DLO,Dalgaon,,,,,UNMATCHED,none,NONE,OGD_Train_details_22122017,
HSA,Hasimara,,,,,UNMATCHED,none,NONE,OGD_Train_details_22122017,
HOJ,Hamiltonganj,,,,,UNMATCHED,none,NONE,OGD_Train_details_22122017,
APDJ,Alipur Duar,,,,,UNMATCHED,none,NONE,OGD_Train_details_22122017,
GJD,Gujhandi,,,,,UNMATCHED,none,NONE,OGD_Train_details_22122017,
GAP,Gurpa,,,,,UNMATCHED,none,NONE,OGD_Train_details_22122017,
MLD,Malihabad,,,,,UNMATCHED,none,NONE,OGD_Train_details_22122017,
CBJ,Clutterbuckg,,,,,UNMATCHED,none,NONE,OGD_Train_details_22122017,
MIL,Milak,,,,,UNMATCHED,none,NONE,OGD_Train_details_22122017,
KNT,Kanth,,,,,UNMATCHED,none,NONE,OGD_Train_details_22122017,
CNK,Chandok,,,,,UNMATCHED,none,NONE,OGD_Train_details_22122017,
RSI,Raisi,,,,,UNMATCHED,none,NONE,OGD_Train_details_22122017,
MZM,Muazzampur N,,,,,UNMATCHED,none,NONE,OGD_Train_details_22122017,
JGA,Jogiara,,,,,UNMATCHED,none,NONE,OGD_Train_details_22122017,
OMLF,Old Malda,,,,,UNMATCHED,none,NONE,OGD_Train_details_22122017,
SMO,Semapur,,,,,UNMATCHED,none,NONE,OGD_Train_details_22122017,
CRR,Karagola Roa,,,,,UNMATCHED,none,NONE,OGD_Train_details_22122017,
KUE,Kursela,,,,,UNMATCHED,none,NONE,OGD_Train_details_22122017,
THB,Thana Bihpur,,,,,UNMATCHED,none,NONE,OGD_Train_details_22122017,
NNR,Narayanpur,,,,,UNMATCHED,none,NONE,OGD_Train_details_22122017,
MSK,Mahesh Khunt,,,,,UNMATCHED,none,NONE,OGD_Train_details_22122017,
HTC,Hathras City,,,,,UNMATCHED,none,NONE,OGD_Train_details_22122017,
BNKI,Banmankhi Jn,,,,,UNMATCHED,none,NONE,OGD_Train_details_22122017,
MRIJ,Murliganj,,,,,UNMATCHED,none,NONE,OGD_Train_details_22122017,
DMH,Dauram Madhe,,,,,UNMATCHED,none,NONE,OGD_Train_details_22122017,
RJA,Rajnagar,,,,,UNMATCHED,none,NONE,OGD_Train_details_22122017,
TPF,Tarapith Roa,,,,,UNMATCHED,none,NONE,OGD_Train_details_22122017,
ARW,Ahraura Road,,,,,UNMATCHED,none,NONE,OGD_Train_details_22122017,
KYT,Kailahat,,,,,UNMATCHED,none,NONE,OGD_Train_details_22122017,
MNF,Manda Road,,,,,UNMATCHED,none,NONE,OGD_Train_details_22122017,
MJA,Meja Road,,,,,UNMATCHED,none,NONE,OGD_Train_details_22122017,
KJI,Khajauli,,,,,UNMATCHED,none,NONE,OGD_Train_details_22122017,
PDW,Pandaul,,,,,UNMATCHED,none,NONE,OGD_Train_details_22122017,
RBZ,Rambhaddarpu,,,,,UNMATCHED,none,NONE,OGD_Train_details_22122017,
NNW,Narayanpur T,,,,,UNMATCHED,none,NONE,OGD_Train_details_22122017,
BAKA,Banka,,,,,UNMATCHED,none,NONE,OGD_Train_details_22122017,
MRHA,Murahara,,,,,UNMATCHED,none,NONE,OGD_Train_details_22122017,
TELY,Telia,,,,,UNMATCHED,none,NONE,OGD_Train_details_22122017,
BHLE,Barahat,,,,,UNMATCHED,none,NONE,OGD_Train_details_22122017,
PNSA,Punsia H,,,,,UNMATCHED,none,NONE,OGD_Train_details_22122017,
DWLE,Dhauni,,,,,UNMATCHED,none,NONE,OGD_Train_details_22122017,
HPLE,Hatpuraini H,,,,,UNMATCHED,none,NONE,OGD_Train_details_22122017,
KKTA,Kollikhutha,,,,,UNMATCHED,none,NONE,OGD_Train_details_22122017,
PPN,Punpun,,,,,UNMATCHED,none,NONE,OGD_Train_details_22122017,
PFT,Pothahi,,,,,UNMATCHED,none,NONE,OGD_Train_details_22122017,
NDW,Nadwan,,,,,UNMATCHED,none,NONE,OGD_Train_details_22122017,
NDU,Nadaul,,,,,UNMATCHED,none,NONE,OGD_Train_details_22122017,
THA,Tehta,,,,,UNMATCHED,none,NONE,OGD_Train_details_22122017,
MDE,Makhdumpur G,,,,,UNMATCHED,none,NONE,OGD_Train_details_22122017,
BELA,Bela,,,,,UNMATCHED,none,NONE,OGD_Train_details_22122017,
KSTA,Kastha,,,,,UNMATCHED,none,NONE,OGD_Train_details_22122017,
PRY,Paraiya,,,,,UNMATCHED,none,NONE,OGD_Train_details_22122017,
IMGE,Ismailpur,,,,,UNMATCHED,none,NONE,OGD_Train_details_22122017,
TETA,Telta,,,,,UNMATCHED,none,NONE,OGD_Train_details_22122017,
SUD,Sudhani,,,,,UNMATCHED,none,NONE,OGD_Train_details_22122017,
KWE,Khurial,,,,,UNMATCHED,none,NONE,OGD_Train_details_22122017,
KTRH,Katareah,,,,,UNMATCHED,none,NONE,OGD_Train_details_22122017,
LKN,Lakhminia,,,,,UNMATCHED,none,NONE,OGD_Train_details_22122017,
HTZU,Hathidah Jn,,,,,UNMATCHED,none,NONE,OGD_Train_details_22122017,
RJO,Rajendra Pul,,,,,UNMATCHED,none,NONE,OGD_Train_details_22122017,
GHX,Garhara,,,,,UNMATCHED,none,NONE,OGD_Train_details_22122017,
BNV,Binnaguri,,,,,UNMATCHED,none,NONE,OGD_Train_details_22122017,
GQN,Garahani,,,,,UNMATCHED,none,NONE,OGD_Train_details_22122017,
PIRO,Piro,,,,,UNMATCHED,none,NONE,OGD_Train_details_22122017,
XBKJ,Bikram Ganj,,,,,UNMATCHED,none,NONE,OGD_Train_details_22122017,
GNK,Garhnokha,,,,,UNMATCHED,none,NONE,OGD_Train_details_22122017,
KMGE,Kumahu,,,,,UNMATCHED,none,NONE,OGD_Train_details_22122017,
ADTP,Adityapur,,,,,UNMATCHED,none,NONE,OGD_Train_details_22122017,
KND,Kandra,,,,,UNMATCHED,none,NONE,OGD_Train_details_22122017,
BURN,Burnpur,,,,,UNMATCHED,none,NONE,OGD_Train_details_22122017,
GMH,Gamharia,,,,,UNMATCHED,none,NONE,OGD_Train_details_22122017,
SDBH,Sindri B.H,,,,,UNMATCHED,none,NONE,OGD_Train_details_22122017,
PEH,Pathardih Jn,,,,,UNMATCHED,none,NONE,OGD_Train_details_22122017,
SDMD,Sudamdih,,,,,UNMATCHED,none,NONE,OGD_Train_details_22122017,
NMG,Nimiaghat,,,,,UNMATCHED,none,NONE,OGD_Train_details_22122017,
CCK,Chichaki,,,,,UNMATCHED,none,NONE,OGD_Train_details_22122017,
CBH,Chaube,,,,,UNMATCHED,none,NONE,OGD_Train_details_22122017,
SMND,Sarmatanr,,,,,UNMATCHED,none,NONE,OGD_Train_details_22122017,
HRE,Hirodih,,,,,UNMATCHED,none,NONE,OGD_Train_details_22122017,
MIH,Mihrawan,,,,,UNMATCHED,none,NONE,OGD_Train_details_22122017,
BLG,Bilhar Ghat,,,,,UNMATCHED,none,NONE,OGD_Train_details_22122017,
PTH,Patranga,,,,,UNMATCHED,none,NONE,OGD_Train_details_22122017,
BZG,Bilga,,,,,UNMATCHED,none,NONE,OGD_Train_details_22122017,
NRM,Nurmahal,,,,,UNMATCHED,none,NONE,OGD_Train_details_22122017,
NRO,Nakodar Jn.,,,,,UNMATCHED,none,NONE,OGD_Train_details_22122017,
MQS,Malsian Shah,,,,,UNMATCHED,none,NONE,OGD_Train_details_22122017,
LNK,Lohian Khas,,,,,UNMATCHED,none,NONE,OGD_Train_details_22122017,
MXH,Makhu,,,,,UNMATCHED,none,NONE,OGD_Train_details_22122017,
MWX,Mallanwala K,,,,,UNMATCHED,none,NONE,OGD_Train_details_22122017,
DGHR,Deoghar,,,,,UNMATCHED,none,NONE,OGD_Train_details_22122017,
KBQ,Kumrabad Roh,,,,,UNMATCHED,none,NONE,OGD_Train_details_22122017,
SNQ,Sankarpur,,,,,UNMATCHED,none,NONE,OGD_Train_details_22122017,
TELO,Telo,,,,,UNMATCHED,none,NONE,OGD_Train_details_22122017,
PNW,Pundag,,,,,UNMATCHED,none,NONE,OGD_Train_details_22122017,
KSX,Kotshila,,,,,UNMATCHED,none,NONE,OGD_Train_details_22122017,
SKGH,Saktesgarh,,,,,UNMATCHED,none,NONE,OGD_Train_details_22122017,
LUSA,Lusa,,,,,UNMATCHED,none,NONE,OGD_Train_details_22122017,
CUK,Churk,,,,,UNMATCHED,none,NONE,OGD_Train_details_22122017,
BHKD,Bhurkunda,,,,,UNMATCHED,none,NONE,OGD_Train_details_22122017,
KCKI,Kechki,,,,,UNMATCHED,none,NONE,OGD_Train_details_22122017,
URD,Untari Road,,,,,UNMATCHED,none,NONE,OGD_Train_details_22122017,
MDJ,Muhammadganj,,,,,UNMATCHED,none,NONE,OGD_Train_details_22122017,
HDN,Haidarnagar,,,,,UNMATCHED,none,NONE,OGD_Train_details_22122017,
ANH,Ankorah (Ako,,,,,UNMATCHED,none,NONE,OGD_Train_details_22122017,
GBX,Govindpur Ro,,,,,UNMATCHED,none,NONE,OGD_Train_details_22122017,
BANO,Bano,,,,,UNMATCHED,none,NONE,OGD_Train_details_22122017,
NXN,Nawagaon,,,,,UNMATCHED,none,NONE,OGD_Train_details_22122017,
ATS,Attabira,Pattabiram Military Siding,13.1373759,80.0601177,Q63369351,MATCHED,fuzzy_name,MEDIUM,OGD_Train_details_22122017,OSM_chennai_thoothukudi_stations_raw.geojson
GLP,Gollaprolu,,,,,UNMATCHED,none,NONE,OGD_Train_details_22122017,
CJM,Chinnaganjam,,,,,UNMATCHED,none,NONE,OGD_Train_details_22122017,
TUVR,Thuravur,,,,,UNMATCHED,none,NONE,OGD_Train_details_22122017,
MAKM,Mararikulam,,,,,UNMATCHED,none,NONE,OGD_Train_details_22122017,
GVN,Godavri,,,,,UNMATCHED,none,NONE,OGD_Train_details_22122017,
KPRD,Kalyanpur Ro,,,,,UNMATCHED,none,NONE,OGD_Train_details_22122017,
MSDN,Masudan,,,,,UNMATCHED,none,NONE,OGD_Train_details_22122017,
DNRE,Dhanauri,,,,,UNMATCHED,none,NONE,OGD_Train_details_22122017,
RMPR,Rampur  Halt,,,,,UNMATCHED,none,NONE,OGD_Train_details_22122017,
PAW,Pandabeswar,,,,,UNMATCHED,none,NONE,OGD_Train_details_22122017,
GMAN,Gumani,,,,,UNMATCHED,none,NONE,OGD_Train_details_22122017,
SBB,Sahibabad,,,,,UNMATCHED,none,NONE,OGD_Train_details_22122017,
DZKT,Durgachak To,,,,,UNMATCHED,none,NONE,OGD_Train_details_22122017,
MDF,Muradi,,,,,UNMATCHED,none,NONE,OGD_Train_details_22122017,
MDKD,Madhukunda,,,,,UNMATCHED,none,NONE,OGD_Train_details_22122017,
NDKR,Nandhakumarp,,,,,UNMATCHED,none,NONE,OGD_Train_details_22122017,
KRT,Khurahat,,,,,UNMATCHED,none,NONE,OGD_Train_details_22122017,
RUSD,Runniasaidpu,,,,,UNMATCHED,none,NONE,OGD_Train_details_22122017,
PMU,Parmanandpur,,,,,UNMATCHED,none,NONE,OGD_Train_details_22122017,
ATNR,Awatarnagar,,,,,UNMATCHED,none,NONE,OGD_Train_details_22122017,
BAGL,Bara-Gopal,,,,,UNMATCHED,none,NONE,OGD_Train_details_22122017,
DRI,Dumri Juara,,,,,UNMATCHED,none,NONE,OGD_Train_details_22122017,
GJH,Goldeenganj,,,,,UNMATCHED,none,NONE,OGD_Train_details_22122017,
CI,Chhapra Kach,,,,,UNMATCHED,none,NONE,OGD_Train_details_22122017,
SRU,Salempur Jn.,,,,,UNMATCHED,none,NONE,OGD_Train_details_22122017,
LRD,Lar Road,,,,,UNMATCHED,none,NONE,OGD_Train_details_22122017,
JKN,Jakhanian,,,,,UNMATCHED,none,NONE,OGD_Train_details_22122017,
MBS,Madhosingh,,,,,UNMATCHED,none,NONE,OGD_Train_details_22122017,
DER,Dadri,,,,,UNMATCHED,none,NONE,OGD_Train_details_22122017,
DLR,Dullahapur,,,,,UNMATCHED,none,NONE,OGD_Train_details_22122017,
NDJ,Nandganj,,,,,UNMATCHED,none,NONE,OGD_Train_details_22122017,
AMRO,Amroha,,,,,UNMATCHED,none,NONE,OGD_Train_details_22122017,
PKW,Pilkhua,,,,,UNMATCHED,none,NONE,OGD_Train_details_22122017,
KUPR,Khurdpur,,,,,UNMATCHED,none,NONE,OGD_Train_details_22122017,
HSX,Hoshiarpur,,,,,UNMATCHED,none,NONE,OGD_Train_details_22122017,
AGTL,Agartala,,,,,UNMATCHED,none,NONE,OGD_Train_details_22122017,
ABSA,Ambassa,,,,,UNMATCHED,none,NONE,OGD_Train_details_22122017,
DMR,Dharmanagar,,,,,UNMATCHED,none,NONE,OGD_Train_details_22122017,
KXJ,Karimganj Jn,,,,,UNMATCHED,none,NONE,OGD_Train_details_22122017,
DZB,Dahina-Zaina,,,,,UNMATCHED,none,NONE,OGD_Train_details_22122017,
KNNK,Kanina Khas,,,,,UNMATCHED,none,NONE,OGD_Train_details_22122017,
STNL,Satnali,,,,,UNMATCHED,none,NONE,OGD_Train_details_22122017,
SRGH,Surajgarh,,,,,UNMATCHED,none,NONE,OGD_Train_details_22122017,
CRWA,Chirawa,,,,,UNMATCHED,none,NONE,OGD_Train_details_22122017,
RSH,Ratan Sahar,,,,,UNMATCHED,none,NONE,OGD_Train_details_22122017,
JJN,Jhunjunu,,,,,UNMATCHED,none,NONE,OGD_Train_details_22122017,
NUA,Nua,,,,,UNMATCHED,none,NONE,OGD_Train_details_22122017,
DOB,Dundlod Muka,,,,,UNMATCHED,none,NONE,OGD_Train_details_22122017,
NWH,Nawalgarh,,,,,UNMATCHED,none,NONE,OGD_Train_details_22122017,
SIKR,Sikar Jn.,,,,,UNMATCHED,none,NONE,OGD_Train_details_22122017,
LHA,Lehra Gaga,,,,,UNMATCHED,none,NONE,OGD_Train_details_22122017,
GMS,Garhmuktesar,,,,,UNMATCHED,none,NONE,OGD_Train_details_22122017,
GJL,Gajraula Jn.,,,,,UNMATCHED,none,NONE,OGD_Train_details_22122017,
MNDR,Mandi Dhanau,,,,,UNMATCHED,none,NONE,OGD_Train_details_22122017,
CPS,Chandpur Sia,,,,,UNMATCHED,none,NONE,OGD_Train_details_22122017,
HLDR,Haldaur,,,,,UNMATCHED,none,NONE,OGD_Train_details_22122017,
BJO,Bijnor,,,,,UNMATCHED,none,NONE,OGD_Train_details_22122017,
KTW,Kotdwara,,,,,UNMATCHED,none,NONE,OGD_Train_details_22122017,
BOJ,Bhojo,,,,,UNMATCHED,none,NONE,OGD_Train_details_22122017,
JMK,Jamunamukh,,,,,UNMATCHED,none,NONE,OGD_Train_details_22122017,
KWM,Kampur,,,,,UNMATCHED,none,NONE,OGD_Train_details_22122017,
DGU,Digaru,,,,,UNMATCHED,none,NONE,OGD_Train_details_22122017,
NLV,Nalbari,,,,,UNMATCHED,none,NONE,OGD_Train_details_22122017,
BJF,Bijni,,,,,UNMATCHED,none,NONE,OGD_Train_details_22122017,
BNGN,Bongaigaon,,,,,UNMATCHED,none,NONE,OGD_Train_details_22122017,
GOGH,Gosai Gaon H,,,,,UNMATCHED,none,NONE,OGD_Train_details_22122017,
CSB,Shivaji Brid,,,,,UNMATCHED,none,NONE,OGD_Train_details_22122017,
KLNK,Kalanaur Kal,,,,,UNMATCHED,none,NONE,OGD_Train_details_22122017,
BWK,Bawani Khera,,,,,UNMATCHED,none,NONE,OGD_Train_details_22122017,
HNS,Hansi,,,,,UNMATCHED,none,NONE,OGD_Train_details_22122017,
STD,Satrod,,,,,UNMATCHED,none,NONE,OGD_Train_details_22122017,
ADR,Mandi Adampu,,,,,UNMATCHED,none,NONE,OGD_Train_details_22122017,
BHT,Bhattu,,,,,UNMATCHED,none,NONE,OGD_Train_details_22122017,
DING,Ding,Pattabiram Military Siding,13.1373759,80.0601177,Q63369351,MATCHED,fuzzy_name,MEDIUM,OGD_Train_details_22122017,OSM_chennai_thoothukudi_stations_raw.geojson
DKT,Dhulkot,,,,,UNMATCHED,none,NONE,OGD_Train_details_22122017,
LGO,Lalgopalganj,,,,,UNMATCHED,none,NONE,OGD_Train_details_22122017,
KHNM,Kunda Harnam,,,,,UNMATCHED,none,NONE,OGD_Train_details_22122017,
GRMR,Garhi Manikp,,,,,UNMATCHED,none,NONE,OGD_Train_details_22122017,
UCR,Unchahar Jn.,,,,,UNMATCHED,none,NONE,OGD_Train_details_22122017,
JPD,Jalalpur-Dha,,,,,UNMATCHED,none,NONE,OGD_Train_details_22122017,
DMW,Dalmau Jn.,,,,,UNMATCHED,none,NONE,OGD_Train_details_22122017,
LLJ,Lalganj,,,,,UNMATCHED,none,NONE,OGD_Train_details_22122017,
RRS,Raghuraj Sin,,,,,UNMATCHED,none,NONE,OGD_Train_details_22122017,
BQP,Bighapur,,,,,UNMATCHED,none,NONE,OGD_Train_details_22122017,
RGU,Ragaul,,,,,UNMATCHED,none,NONE,OGD_Train_details_22122017,
BSZ,Bharwa-Sumer,,,,,UNMATCHED,none,NONE,OGD_Train_details_22122017,
JSB,Yamuna South,,,,,UNMATCHED,none,NONE,OGD_Train_details_22122017,
HAR,Hamirpur Roa,,,,,UNMATCHED,none,NONE,OGD_Train_details_22122017,
GTM,Ghatampur,,,,,UNMATCHED,none,NONE,OGD_Train_details_22122017,
PTRE,Patara,,,,,UNMATCHED,none,NONE,OGD_Train_details_22122017,
KTRR,Kathara Road,,,,,UNMATCHED,none,NONE,OGD_Train_details_22122017,
RG,Rajghat Naro,,,,,UNMATCHED,none,NONE,OGD_Train_details_22122017,
BBA,Babrala,,,,,UNMATCHED,none,NONE,OGD_Train_details_22122017,
BJ,Bahjoi,,,,,UNMATCHED,none,NONE,OGD_Train_details_22122017,
KEA,Katra,,,,,UNMATCHED,none,NONE,OGD_Train_details_22122017,
GAUR,Gaur,,,,,UNMATCHED,none,NONE,OGD_Train_details_22122017,
TH,Tinich,,,,,UNMATCHED,none,NONE,OGD_Train_details_22122017,
CIL,Chilbila Jn,,,,,UNMATCHED,none,NONE,OGD_Train_details_22122017,
ANTU,Antu,,,,,UNMATCHED,none,NONE,OGD_Train_details_22122017,
KCJ,Kasimpur Hal,,,,,UNMATCHED,none,NONE,OGD_Train_details_22122017,
FTG,Fursatganj,,,,,UNMATCHED,none,NONE,OGD_Train_details_22122017,
HCP,Harchandpur,,,,,UNMATCHED,none,NONE,OGD_Train_details_22122017,
NHN,Nigohan,,,,,UNMATCHED,none,NONE,OGD_Train_details_22122017,
MEM,Mau Aimma,,,,,UNMATCHED,none,NONE,OGD_Train_details_22122017,
BTJ,Bishnath Gan,,,,,UNMATCHED,none,NONE,OGD_Train_details_22122017,
KDF,Khundaur,,,,,UNMATCHED,none,NONE,OGD_Train_details_22122017,
PPU,Piparpur,,,,,UNMATCHED,none,NONE,OGD_Train_details_22122017,
KBE,Kurbhar,,,,,UNMATCHED,none,NONE,OGD_Train_details_22122017,
KJA,Khajurhat,,,,,UNMATCHED,none,NONE,OGD_Train_details_22122017,
MEQ,Malethu Kana,,,,,UNMATCHED,none,NONE,OGD_Train_details_22122017,
BGQ,Bhongaon,,,,,UNMATCHED,none,NONE,OGD_Train_details_22122017,
MNQ,Mainpuri,,,,,UNMATCHED,none,NONE,OGD_Train_details_22122017,
SFG,Subedarganj,,,,,UNMATCHED,none,NONE,OGD_Train_details_22122017,
BMU,Bamhrauli,,,,,UNMATCHED,none,NONE,OGD_Train_details_22122017,
MRE,Manauri,,,,,UNMATCHED,none,NONE,OGD_Train_details_22122017,
SYWN,Saiyid Saraw,,,,,UNMATCHED,none,NONE,OGD_Train_details_22122017,
MNJ,Manoharganj,,,,,UNMATCHED,none,NONE,OGD_Train_details_22122017,
SJT,Shujatpur,,,,,UNMATCHED,none,NONE,OGD_Train_details_22122017,
FYZ,Faizullapur,,,,,UNMATCHED,none,NONE,OGD_Train_details_22122017,
KJY,Khurja City,,,,,UNMATCHED,none,NONE,OGD_Train_details_22122017,
BSC,Bulandshahr,,,,,UNMATCHED,none,NONE,OGD_Train_details_22122017,
BARL,Baral,,,,,UNMATCHED,none,NONE,OGD_Train_details_22122017,
DND,Dandupur,,,,,UNMATCHED,none,NONE,OGD_Train_details_22122017,
FHT,Farah Town,,,,,UNMATCHED,none,NONE,OGD_Train_details_22122017,
HDL,Hodal,,,,,UNMATCHED,none,NONE,OGD_Train_details_22122017,
NGB,Nawabganj(Go,,,,,UNMATCHED,none,NONE,OGD_Train_details_22122017,
PQN,Pariawan Kal,,,,,UNMATCHED,none,NONE,OGD_Train_details_22122017,
LMN,Lachhmanpur,,,,,UNMATCHED,none,NONE,OGD_Train_details_22122017,
RMC,Ram Chaura R,,,,,UNMATCHED,none,NONE,OGD_Train_details_22122017,
TQA,Takia,,,,,UNMATCHED,none,NONE,OGD_Train_details_22122017,
SFH,Safedabad,,,,,UNMATCHED,none,NONE,OGD_Train_details_22122017,
JRR,Jugaur,,,,,UNMATCHED,none,NONE,OGD_Train_details_22122017,
ML,Malhour,,,,,UNMATCHED,none,NONE,OGD_Train_details_22122017,
KKJ,Kakori,,,,,UNMATCHED,none,NONE,OGD_Train_details_22122017,
DIL,Dilawarnagar,,,,,UNMATCHED,none,NONE,OGD_Train_details_22122017,
RBD,Rahimabad,,,,,UNMATCHED,none,NONE,OGD_Train_details_22122017,
UTA,Umar Tali,,,,,UNMATCHED,none,NONE,OGD_Train_details_22122017,
DLQ,Dalelnagar,,,,,UNMATCHED,none,NONE,OGD_Train_details_22122017,
BGH,Baghauli,,,,,UNMATCHED,none,NONE,OGD_Train_details_22122017,
MST,Masit,,,,,UNMATCHED,none,NONE,OGD_Train_details_22122017,
KAR,Karna,,,,,UNMATCHED,none,NONE,OGD_Train_details_22122017,
KUF,Kaurah,,,,,UNMATCHED,none,NONE,OGD_Train_details_22122017,
BEG,Behtagokal,,,,,UNMATCHED,none,NONE,OGD_Train_details_22122017,
TDP,Todarpur,,,,,UNMATCHED,none,NONE,OGD_Train_details_22122017,
AIG,Aigawan,,,,,UNMATCHED,none,NONE,OGD_Train_details_22122017,
KH,Kahilia,,,,,UNMATCHED,none,NONE,OGD_Train_details_22122017,
BTRA,Banthra,,,,,UNMATCHED,none,NONE,OGD_Train_details_22122017,
MK,Miranpur Kat,,,,,UNMATCHED,none,NONE,OGD_Train_details_22122017,
BLPU,Bilpur,,,,,UNMATCHED,none,NONE,OGD_Train_details_22122017,
TSA,Tisua,,,,,UNMATCHED,none,NONE,OGD_Train_details_22122017,
RYS,Rasuiya,,,,,UNMATCHED,none,NONE,OGD_Train_details_22122017,
GRX,Gaura,,,,,UNMATCHED,none,NONE,OGD_Train_details_22122017,
MFL,Mishrauli,,,,,UNMATCHED,none,NONE,OGD_Train_details_22122017,
BLW,Balawali,,,,,UNMATCHED,none,NONE,OGD_Train_details_22122017,
ATMO,Aithal,,,,,UNMATCHED,none,NONE,OGD_Train_details_22122017,
HRW,Harrawala,,,,,UNMATCHED,none,NONE,OGD_Train_details_22122017,
LNWT,Lucknow West,,,,,UNMATCHED,none,NONE,OGD_Train_details_22122017,
SWE,Siwaith,,,,,UNMATCHED,none,NONE,OGD_Train_details_22122017,
VPO,Bhupia Mau,,,,,UNMATCHED,none,NONE,OGD_Train_details_22122017,
JGJ,Jagesharganj,,,,,UNMATCHED,none,NONE,OGD_Train_details_22122017,
TLKH,Talakhajuri,,,,,UNMATCHED,none,NONE,OGD_Train_details_22122017,
BANI,Bani,,,,,UNMATCHED,none,NONE,OGD_Train_details_22122017,
RUM,Rupamau,,,,,UNMATCHED,none,NONE,OGD_Train_details_22122017,
GANG,Gangaganj,,,,,UNMATCHED,none,NONE,OGD_Train_details_22122017,
KVG,Kundanganj,,,,,UNMATCHED,none,NONE,OGD_Train_details_22122017,
SAGR,Shrirajnagar,,,,,UNMATCHED,none,NONE,OGD_Train_details_22122017,
KKAH,Kankaha,,,,,UNMATCHED,none,NONE,OGD_Train_details_22122017,
MLJ,Mohanlalganj,,,,,UNMATCHED,none,NONE,OGD_Train_details_22122017,
UTR,Utraitia Jn,,,,,UNMATCHED,none,NONE,OGD_Train_details_22122017,
BHAW,Block Hut(A),,,,,UNMATCHED,none,NONE,OGD_Train_details_22122017,
PFR,Pachor Road,,,,,UNMATCHED,none,NONE,OGD_Train_details_22122017,
KHRJ,Khumbaraj,,,,,UNMATCHED,none,NONE,OGD_Train_details_22122017,
MKH,Malakhera,,,,,UNMATCHED,none,NONE,OGD_Train_details_22122017,
NRI,Naraina,,,,,UNMATCHED,none,NONE,OGD_Train_details_22122017,
HVD,Halvad,,,,,UNMATCHED,none,NONE,OGD_Train_details_22122017,
MALB,Maliya Miyan,,,,,UNMATCHED,none,NONE,OGD_Train_details_22122017,
DUB,Dabtara,,,,,UNMATCHED,none,NONE,OGD_Train_details_22122017,
BTO,Bhitaura,,,,,UNMATCHED,none,NONE,OGD_Train_details_22122017,
ANVR,Anand Vihar,,,,,UNMATCHED,none,NONE,OGD_Train_details_22122017,
MINA,Miyana,,,,,UNMATCHED,none,NONE,OGD_Train_details_22122017,
MDNR,Modinagar,,,,,UNMATCHED,none,NONE,OGD_Train_details_22122017,
AGA,Agra City,,,,,UNMATCHED,none,NONE,OGD_Train_details_22122017,
HSI,Harsauli,,,,,UNMATCHED,none,NONE,OGD_Train_details_22122017,
KRLR,Karaila Road,,,,,UNMATCHED,none,NONE,OGD_Train_details_22122017,
MCQ,Mirchadhorhi,,,,,UNMATCHED,none,NONE,OGD_Train_details_22122017,
AGY,Agori Khas,,,,,UNMATCHED,none,NONE,OGD_Train_details_22122017,
MQX,Meralgram,,,,,UNMATCHED,none,NONE,OGD_Train_details_22122017,
BCU,Bhuchchu,,,,,UNMATCHED,none,NONE,OGD_Train_details_22122017,
MRND,Morinda,,,,,UNMATCHED,none,NONE,OGD_Train_details_22122017,
KRLI,Kurali,,,,,UNMATCHED,none,NONE,OGD_Train_details_22122017,
LLKN,Lal Kalan,,,,,UNMATCHED,none,NONE,OGD_Train_details_22122017,
KAT,Khatauli,,,,,UNMATCHED,none,NONE,OGD_Train_details_22122017,
KNL,Kalanwali,,,,,UNMATCHED,none,NONE,OGD_Train_details_22122017,
RMN,Raman,Kumaramangalam,10.6966398,78.7240373,Q63356542,MATCHED,fuzzy_name,MEDIUM,OGD_Train_details_22122017,OSM_chennai_thoothukudi_stations_raw.geojson
BTIC,Bathinda Can,,,,,UNMATCHED,none,NONE,OGD_Train_details_22122017,
FN,Farukhnagar,,,,,UNMATCHED,none,NONE,OGD_Train_details_22122017,
STKW,Sultanpur Ka,,,,,UNMATCHED,none,NONE,OGD_Train_details_22122017,
PTNR,Patel Nagar,,,,,UNMATCHED,none,NONE,OGD_Train_details_22122017,
NOLI,Noli,,,,,UNMATCHED,none,NONE,OGD_Train_details_22122017,
GTRA,Gotra,,,,,UNMATCHED,none,NONE,OGD_Train_details_22122017,
FAP,Fakharpur Ha,,,,,UNMATCHED,none,NONE,OGD_Train_details_22122017,
KEX,Khekra,,,,,UNMATCHED,none,NONE,OGD_Train_details_22122017,
SFA,Sunehra,,,,,UNMATCHED,none,NONE,OGD_Train_details_22122017,
AHQ,Ahera,,,,,UNMATCHED,none,NONE,OGD_Train_details_22122017,
BPM,Baghpat Road,,,,,UNMATCHED,none,NONE,OGD_Train_details_22122017,
SUJR,Sujra,,,,,UNMATCHED,none,NONE,OGD_Train_details_22122017,
BTU,Baraut,,,,,UNMATCHED,none,NONE,OGD_Train_details_22122017,
KPKI,Qasimpur Khe,,,,,UNMATCHED,none,NONE,OGD_Train_details_22122017,
KQL,Kandhla,,,,,UNMATCHED,none,NONE,OGD_Train_details_22122017,
HIND,Hind,Hindu College,13.1184826,80.0744298,Q5766274,MATCHED,fuzzy_name,MEDIUM,OGD_Train_details_22122017,OSM_chennai_thoothukudi_stations_raw.geojson
THBN,Thana Bhawan,,,,,UNMATCHED,none,NONE,OGD_Train_details_22122017,
RPMN,Rampur Manih,,,,,UNMATCHED,none,NONE,OGD_Train_details_22122017,
FGSB,Fatehgarh Sa,,,,,UNMATCHED,none,NONE,OGD_Train_details_22122017,
BSPN,Bassi Pathan,,,,,UNMATCHED,none,NONE,OGD_Train_details_22122017,
GANL,Ghanauli,,,,,UNMATCHED,none,NONE,OGD_Train_details_22122017,
NNGL,Naya Nangal,,,,,UNMATCHED,none,NONE,OGD_Train_details_22122017,
MTPR,Rai Maihatpu,,,,,UNMATCHED,none,NONE,OGD_Train_details_22122017,
CHTL,Churaru Taka,,,,,UNMATCHED,none,NONE,OGD_Train_details_22122017,
AADR,Amb  Andaura,,,,,UNMATCHED,none,NONE,OGD_Train_details_22122017,
BTG,Basharatganj,,,,,UNMATCHED,none,NONE,OGD_Train_details_22122017,
NSU,Nisoi,,,,,UNMATCHED,none,NONE,OGD_Train_details_22122017,
RBK,Reoti Bahora,,,,,UNMATCHED,none,NONE,OGD_Train_details_22122017,
KEG,Karengi,,,,,UNMATCHED,none,NONE,OGD_Train_details_22122017,
AFR,Asafpur,,,,,UNMATCHED,none,NONE,OGD_Train_details_22122017,
SMBL,Simbhooli,,,,,UNMATCHED,none,NONE,OGD_Train_details_22122017,
FZP,Firozpur Cit,,,,,UNMATCHED,none,NONE,OGD_Train_details_22122017,
GHS,Guru Harsaha,,,,,UNMATCHED,none,NONE,OGD_Train_details_22122017,
JBD,Jalalabad,,,,,UNMATCHED,none,NONE,OGD_Train_details_22122017,
LDK,Ladhuka,,,,,UNMATCHED,none,NONE,OGD_Train_details_22122017,
FKA,Fazilka Jn.,,,,,UNMATCHED,none,NONE,OGD_Train_details_22122017,
KUKA,Khui Khera,,,,,UNMATCHED,none,NONE,OGD_Train_details_22122017,
CWDA,Churiwala,,,,,UNMATCHED,none,NONE,OGD_Train_details_22122017,
SLNA,Salauna,,,,,UNMATCHED,none,NONE,OGD_Train_details_22122017,
HPO,Hasanpur Roa,,,,,UNMATCHED,none,NONE,OGD_Train_details_22122017,
RKSH,Rishikesh,,,,,UNMATCHED,none,NONE,OGD_Train_details_22122017,
VRH,Virbhadra,,,,,UNMATCHED,none,NONE,OGD_Train_details_22122017,
MFJ,Muftiganj,,,,,UNMATCHED,none,NONE,OGD_Train_details_22122017,
TWB,Talwandi,,,,,UNMATCHED,none,NONE,OGD_Train_details_22122017,
BPZ,Bazpur,,,,,UNMATCHED,none,NONE,OGD_Train_details_22122017,
CWA,Chhinwara Jn,,,,,UNMATCHED,none,NONE,OGD_Train_details_22122017,
PUX,Parasia,,,,,UNMATCHED,none,NONE,OGD_Train_details_22122017,
JNO,Junnordeo,,,,,UNMATCHED,none,NONE,OGD_Train_details_22122017,
NVG,Nawegaon,,,,,UNMATCHED,none,NONE,OGD_Train_details_22122017,
BXY,Bordhai,,,,,UNMATCHED,none,NONE,OGD_Train_details_22122017,
MG,Modelgram,,,,,UNMATCHED,none,NONE,OGD_Train_details_22122017,
MLX,Mullanpur,,,,,UNMATCHED,none,NONE,OGD_Train_details_22122017,
NNKR,Nanaksar,,,,,UNMATCHED,none,NONE,OGD_Train_details_22122017,
AJL,Ajitwal,,,,,UNMATCHED,none,NONE,OGD_Train_details_22122017,
QSR,Kansrao,,,,,UNMATCHED,none,NONE,OGD_Train_details_22122017,
PRI,Pathri,,,,,UNMATCHED,none,NONE,OGD_Train_details_22122017,
IKK,Ikkar Halt,,,,,UNMATCHED,none,NONE,OGD_Train_details_22122017,
MOTC,Motichur,,,,,UNMATCHED,none,NONE,OGD_Train_details_22122017,
VKA,Verka Jn.,,,,,UNMATCHED,none,NONE,OGD_Train_details_22122017,
BAT,Batala Jn.,,,,,UNMATCHED,none,NONE,OGD_Train_details_22122017,
DHW,Dhariwal,,,,,UNMATCHED,none,NONE,OGD_Train_details_22122017,
GSP,Gurdaspur,,,,,UNMATCHED,none,NONE,OGD_Train_details_22122017,
DNN,Dinanagar,,,,,UNMATCHED,none,NONE,OGD_Train_details_22122017,
GZN,Naya Ghaziab,,,,,UNMATCHED,none,NONE,OGD_Train_details_22122017,
MUD,Muradnagar,,,,,UNMATCHED,none,NONE,OGD_Train_details_22122017,
TRS,Tarsarai,,,,,UNMATCHED,none,NONE,OGD_Train_details_22122017,
KKHT,Kakarghatti,,,,,UNMATCHED,none,NONE,OGD_Train_details_22122017,
IAA,Indara Jn.,,,,,UNMATCHED,none,NONE,OGD_Train_details_22122017,
SAA,Sathiaon,,,,,UNMATCHED,none,NONE,OGD_Train_details_22122017,
KIP,Khalilpur,,,,,UNMATCHED,none,NONE,OGD_Train_details_22122017,
BWL,Bawal,,,,,UNMATCHED,none,NONE,OGD_Train_details_22122017,
BU,Baswa,,,,,UNMATCHED,none,NONE,OGD_Train_details_22122017,
MMY,Marwar Matha,,,,,UNMATCHED,none,NONE,OGD_Train_details_22122017,
TIW,Tivari,,,,,UNMATCHED,none,NONE,OGD_Train_details_22122017,
OSN,Osiyan,,,,,UNMATCHED,none,NONE,OGD_Train_details_22122017,
MWT,Marwar Lohaw,,,,,UNMATCHED,none,NONE,OGD_Train_details_22122017,
POK,Pokaran,,,,,UNMATCHED,none,NONE,OGD_Train_details_22122017,
BANE,Basni,,,,,UNMATCHED,none,NONE,OGD_Train_details_22122017,
BLT,Balotra Jn.,,,,,UNMATCHED,none,NONE,OGD_Train_details_22122017,
BUT,Baytu,,,,,UNMATCHED,none,NONE,OGD_Train_details_22122017,
UTL,Utarlai,,,,,UNMATCHED,none,NONE,OGD_Train_details_22122017,
BME,Barmer,,,,,UNMATCHED,none,NONE,OGD_Train_details_22122017,
GKC,Gorakhpur Ca,,,,,UNMATCHED,none,NONE,OGD_Train_details_22122017,
MAAR,Malar,,,,,UNMATCHED,none,NONE,OGD_Train_details_22122017,
BAF,Bap,,,,,UNMATCHED,none,NONE,OGD_Train_details_22122017,
SIRD,Sird,,,,,UNMATCHED,none,NONE,OGD_Train_details_22122017,
NKRA,Nokhra,,,,,UNMATCHED,none,NONE,OGD_Train_details_22122017,
DTRD,Diyatra,,,,,UNMATCHED,none,NONE,OGD_Train_details_22122017,
GJN,Gajner,,,,,UNMATCHED,none,NONE,OGD_Train_details_22122017,
NAL,Nal Halt,,,,,UNMATCHED,none,NONE,OGD_Train_details_22122017,
SOS,Somesar,,,,,UNMATCHED,none,NONE,OGD_Train_details_22122017,
KLL,Kalol,,,,,UNMATCHED,none,NONE,OGD_Train_details_22122017,
LHLL,Lahli,,,,,UNMATCHED,none,NONE,OGD_Train_details_22122017,
KHRK,Kharak,,,,,UNMATCHED,none,NONE,OGD_Train_details_22122017,
BMLL,Bamla,,,,,UNMATCHED,none,NONE,OGD_Train_details_22122017,
BNWC,Bhiwani City,,,,,UNMATCHED,none,NONE,OGD_Train_details_22122017,
BRW,Bariwala,,,,,UNMATCHED,none,NONE,OGD_Train_details_22122017,
MKS,Muktsar,,,,,UNMATCHED,none,NONE,OGD_Train_details_22122017,
LKW,Lakhewali,,,,,UNMATCHED,none,NONE,OGD_Train_details_22122017,
GHNA,Gohana,,,,,UNMATCHED,none,NONE,OGD_Train_details_22122017,
IRA,Israna Halt,,,,,UNMATCHED,none,NONE,OGD_Train_details_22122017,
SZ,Salawas,,,,,UNMATCHED,none,NONE,OGD_Train_details_22122017,
HWT,Hanwant,,,,,UNMATCHED,none,NONE,OGD_Train_details_22122017,
RT,Rohat,,,,,UNMATCHED,none,NONE,OGD_Train_details_22122017,
KAI,Kairla,,,,,UNMATCHED,none,NONE,OGD_Train_details_22122017,
BOM,Bomadra,,,,,UNMATCHED,none,NONE,OGD_Train_details_22122017,
RKZ,Rajkiawas,,,,,UNMATCHED,none,NONE,OGD_Train_details_22122017,
HP,Haripur,,,,,UNMATCHED,none,NONE,OGD_Train_details_22122017,
SEU,Sendra,,,,,UNMATCHED,none,NONE,OGD_Train_details_22122017,
SSR,Sareri,,,,,UNMATCHED,none,NONE,OGD_Train_details_22122017,
HMG,Hamir Garh,,,,,UNMATCHED,none,NONE,OGD_Train_details_22122017,
GGR,Gangrar,,,,,UNMATCHED,none,NONE,OGD_Train_details_22122017,
SMP,Sambhupura,,,,,UNMATCHED,none,NONE,OGD_Train_details_22122017,
JWO,Jawad Road,,,,,UNMATCHED,none,NONE,OGD_Train_details_22122017,
MLG,Malhargarh,,,,,UNMATCHED,none,NONE,OGD_Train_details_22122017,
PIP,Piplia,,,,,UNMATCHED,none,NONE,OGD_Train_details_22122017,
DLD,Dalauda,,,,,UNMATCHED,none,NONE,OGD_Train_details_22122017,
DOD,Dhodhar,,,,,UNMATCHED,none,NONE,OGD_Train_details_22122017,
NLI,Namli,,,,,UNMATCHED,none,NONE,OGD_Train_details_22122017,
BNG,Barnagar,,,,,UNMATCHED,none,NONE,OGD_Train_details_22122017,
FTD,Fatehabad Jn,,,,,UNMATCHED,none,NONE,OGD_Train_details_22122017,
LMNR,Laxmibainaga,,,,,UNMATCHED,none,NONE,OGD_Train_details_22122017,
SID,Sidhapur,,,,,UNMATCHED,none,NONE,OGD_Train_details_22122017,
KWP,Khatipura,,,,,UNMATCHED,none,NONE,OGD_Train_details_22122017,
BAI,Bassi,,,,,UNMATCHED,none,NONE,OGD_Train_details_22122017,
DHPR,Dapper,,,,,UNMATCHED,none,NONE,OGD_Train_details_22122017,
SGF,Sangat,,,,,UNMATCHED,none,NONE,OGD_Train_details_22122017,
MBY,Mandi Dabwal,,,,,UNMATCHED,none,NONE,OGD_Train_details_22122017,
DABN,Dhaban,,,,,UNMATCHED,none,NONE,OGD_Train_details_22122017,
SGRA,Sangariya,,,,,UNMATCHED,none,NONE,OGD_Train_details_22122017,
MNSR,Manaksar,,,,,UNMATCHED,none,NONE,OGD_Train_details_22122017,
PGK,Pili Bangan,,,,,UNMATCHED,none,NONE,OGD_Train_details_22122017,
MHJ,Mahajan,,,,,UNMATCHED,none,NONE,OGD_Train_details_22122017,
DHRR,Dhirera,,,,,UNMATCHED,none,NONE,OGD_Train_details_22122017,
MBF,Munabao,,,,,UNMATCHED,none,NONE,OGD_Train_details_22122017,
HDK,Handia Khas,,,,,UNMATCHED,none,NONE,OGD_Train_details_22122017,
SANR,Sardarnagar,,,,,UNMATCHED,none,NONE,OGD_Train_details_22122017,
KHM,Kusmhi,,,,,UNMATCHED,none,NONE,OGD_Train_details_22122017,
SRNT,Sarnath,,,,,UNMATCHED,none,NONE,OGD_Train_details_22122017,
SDT,Sadat,,,,,UNMATCHED,none,NONE,OGD_Train_details_22122017,
KER,Kiriharapur,,,,,UNMATCHED,none,NONE,OGD_Train_details_22122017,
NRA,Nunkhar,,,,,UNMATCHED,none,NONE,OGD_Train_details_22122017,
DMG,Domingarh,,,,,UNMATCHED,none,NONE,OGD_Train_details_22122017,
JTB,Jagatbela,,,,,UNMATCHED,none,NONE,OGD_Train_details_22122017,
MHH,Maghar,,,,,UNMATCHED,none,NONE,OGD_Train_details_22122017,
GTNR,Gomtinagar F,,,,,UNMATCHED,none,NONE,OGD_Train_details_22122017,
LC,Lucknow City,,,,,UNMATCHED,none,NONE,OGD_Train_details_22122017,
SIPR,Sihapar (Hal,,,,,UNMATCHED,none,NONE,OGD_Train_details_22122017,
MIM,Maniram,,,,,UNMATCHED,none,NONE,OGD_Train_details_22122017,
PJ,Peppeganj,,,,,UNMATCHED,none,NONE,OGD_Train_details_22122017,
CM,Campierganj,,,,,UNMATCHED,none,NONE,OGD_Train_details_22122017,
UB,Uska Bazar,,,,,UNMATCHED,none,NONE,OGD_Train_details_22122017,
PPW,Pachperwa,,,,,UNMATCHED,none,NONE,OGD_Train_details_22122017,
BSKR,Basi Kiratpu,,,,,UNMATCHED,none,NONE,OGD_Train_details_22122017,
SGBJ,Surgaon Banj,,,,,UNMATCHED,none,NONE,OGD_Train_details_22122017,
BRUD,Barud,,,,,UNMATCHED,none,NONE,OGD_Train_details_22122017,
JSR,Jasra,,,,,UNMATCHED,none,NONE,OGD_Train_details_22122017,
SYC,Sarai Chandi,,,,,UNMATCHED,none,NONE,OGD_Train_details_22122017,
LIR,Lachmipur Ha,,,,,UNMATCHED,none,NONE,OGD_Train_details_22122017,
NTV,Nautanwa,,,,,UNMATCHED,none,NONE,OGD_Train_details_22122017,
RHN,Roshanpur,,,,,UNMATCHED,none,NONE,OGD_Train_details_22122017,
SSD,Shamsabad,,,,,UNMATCHED,none,NONE,OGD_Train_details_22122017,
KMJ,Kaimganj,,,,,UNMATCHED,none,NONE,OGD_Train_details_22122017,
RDN,Rudain,,,,,UNMATCHED,none,NONE,OGD_Train_details_22122017,
BAPR,Ballupur Fla,,,,,UNMATCHED,none,NONE,OGD_Train_details_22122017,
DRO,Daryaoganj,,,,,UNMATCHED,none,NONE,OGD_Train_details_22122017,
PTI,Patiali,,,,,UNMATCHED,none,NONE,OGD_Train_details_22122017,
GWA,Ganj Dundwar,,,,,UNMATCHED,none,NONE,OGD_Train_details_22122017,
SWRT,Sahawar Town,,,,,UNMATCHED,none,NONE,OGD_Train_details_22122017,
PBW,Pantnagar,,,,,UNMATCHED,none,NONE,OGD_Train_details_22122017,
KMBL,Khambhaliya,,,,,UNMATCHED,none,NONE,OGD_Train_details_22122017,
DWK,Dwarka,,,,,UNMATCHED,none,NONE,OGD_Train_details_22122017,
OKHA,Okha,,,,,UNMATCHED,none,NONE,OGD_Train_details_22122017,
PEP,Phephna Jn.,,,,,UNMATCHED,none,NONE,OGD_Train_details_22122017,
PPC,Pipraich,,,,,UNMATCHED,none,NONE,OGD_Train_details_22122017,
MRT,Mathura Cant,Mathur,11.3185214,79.2061625,Q63356197,MATCHED,fuzzy_name,MEDIUM,OGD_Train_details_22122017,OSM_chennai_thoothukudi_stations_raw.geojson
SKA,Sikandra Rao,,,,,UNMATCHED,none,NONE,OGD_Train_details_22122017,
SRNK,Soron Shukar,,,,,UNMATCHED,none,NONE,OGD_Train_details_22122017,
UJH,Ujhani,,,,,UNMATCHED,none,NONE,OGD_Train_details_22122017,
BEM,Badaun,,,,,UNMATCHED,none,NONE,OGD_Train_details_22122017,
BRY,Bareilly Jn,,,,,UNMATCHED,none,NONE,OGD_Train_details_22122017,
RPSC,Rudrapur Sid,,,,,UNMATCHED,none,NONE,OGD_Train_details_22122017,
GUB,Gularbhoj,,,,,UNMATCHED,none,NONE,OGD_Train_details_22122017,
BMJ,Brijmanganj,,,,,UNMATCHED,none,NONE,OGD_Train_details_22122017,
CHR,Chilkahar,,,,,UNMATCHED,none,NONE,OGD_Train_details_22122017,
RTP,Ratanpura,,,,,UNMATCHED,none,NONE,OGD_Train_details_22122017,
MHO,Mahpur,,,,,UNMATCHED,none,NONE,OGD_Train_details_22122017,
DHE,Dhobhi,,,,,UNMATCHED,none,NONE,OGD_Train_details_22122017,
ROI,Reoti,,,,,UNMATCHED,none,NONE,OGD_Train_details_22122017,
CBN,Chit Baragao,,,,,UNMATCHED,none,NONE,OGD_Train_details_22122017,
KMDR,Karimuddinpu,,,,,UNMATCHED,none,NONE,OGD_Train_details_22122017,
CHD,Chandia Road,,,,,UNMATCHED,none,NONE,OGD_Train_details_22122017,
BQR,Bhilainagar,,,,,UNMATCHED,none,NONE,OGD_Train_details_22122017,
PHLG,Pahlejaghat,,,,,UNMATCHED,none,NONE,OGD_Train_details_22122017,
PPA,Pipra,,,,,UNMATCHED,none,NONE,OGD_Train_details_22122017,
DRQ,Dharminiya,,,,,UNMATCHED,none,NONE,OGD_Train_details_22122017,
MSDH,Masnadih,,,,,UNMATCHED,none,NONE,OGD_Train_details_22122017,
CNJW,Holding Line,,,,,UNMATCHED,none,NONE,OGD_Train_details_22122017,
ICL,Ichauli,,,,,UNMATCHED,none,NONE,OGD_Train_details_22122017,
SWC,Shivrampur,,,,,UNMATCHED,none,NONE,OGD_Train_details_22122017,
KZA,Khada,,,,,UNMATCHED,none,NONE,OGD_Train_details_22122017,
GH,Ghughuli,,,,,UNMATCHED,none,NONE,OGD_Train_details_22122017,
MMB,Mahmudabad (,,,,,UNMATCHED,none,NONE,OGD_Train_details_22122017,
MJL,Majhowalia,,,,,UNMATCHED,none,NONE,OGD_Train_details_22122017,
KUMB,Kumarbagh,,,,,UNMATCHED,none,NONE,OGD_Train_details_22122017,
SAHI,Sathi,,,,,UNMATCHED,none,NONE,OGD_Train_details_22122017,
KCT,Kerakat (Hal,,,,,UNMATCHED,none,NONE,OGD_Train_details_22122017,
BRU,Bihairoganj,,,,,UNMATCHED,none,NONE,OGD_Train_details_22122017,
PNYA,Paniyahawa,,,,,UNMATCHED,none,NONE,OGD_Train_details_22122017,
TSF,Tahsil Fateh,,,,,UNMATCHED,none,NONE,OGD_Train_details_22122017,
BVN,Biswan,,,,,UNMATCHED,none,NONE,OGD_Train_details_22122017,
APD,Alipur Duar,,,,,UNMATCHED,none,NONE,OGD_Train_details_22122017,
JPZ,Jogighopa,,,,,UNMATCHED,none,NONE,OGD_Train_details_22122017,
SCE,Senchoa Jn,,,,,UNMATCHED,none,NONE,OGD_Train_details_22122017,
NGAN,Nagaon,,,,,UNMATCHED,none,NONE,OGD_Train_details_22122017,
AONI,Amoni,,,,,UNMATCHED,none,NONE,OGD_Train_details_22122017,
JKB,Jakhalabandh,,,,,UNMATCHED,none,NONE,OGD_Train_details_22122017,
SHTT,Silghat Town,,,,,UNMATCHED,none,NONE,OGD_Train_details_22122017,
PSR,Pasraha,,,,,UNMATCHED,none,NONE,OGD_Train_details_22122017,
JLS,Jalesar Road,,,,,UNMATCHED,none,NONE,OGD_Train_details_22122017,
CHL,Chola,,,,,UNMATCHED,none,NONE,OGD_Train_details_22122017,
NNGE,Narangi,,,,,UNMATCHED,none,NONE,OGD_Train_details_22122017,
SZR,Sarupathar,,,,,UNMATCHED,none,NONE,OGD_Train_details_22122017,
BXP,Barpathar,,,,,UNMATCHED,none,NONE,OGD_Train_details_22122017,
KXL,Kamarbandha,,,,,UNMATCHED,none,NONE,OGD_Train_details_22122017,
TTB,Titabar,,,,,UNMATCHED,none,NONE,OGD_Train_details_22122017,
NCH,Nakachari,,,,,UNMATCHED,none,NONE,OGD_Train_details_22122017,
AGI,Amguri,,,,,UNMATCHED,none,NONE,OGD_Train_details_22122017,
NMT,Namtiali,,,,,UNMATCHED,none,NONE,OGD_Train_details_22122017,
LXA,Lakwa,,,,,UNMATCHED,none,NONE,OGD_Train_details_22122017,
SFR,Safrai,,,,,UNMATCHED,none,NONE,OGD_Train_details_22122017,
SPK,Sapekhati,,,,,UNMATCHED,none,NONE,OGD_Train_details_22122017,
BFD,Borhat,,,,,UNMATCHED,none,NONE,OGD_Train_details_22122017,
NAM,Namrup,,,,,UNMATCHED,none,NONE,OGD_Train_details_22122017,
NHK,Naharkatiya,,,,,UNMATCHED,none,NONE,OGD_Train_details_22122017,
DJG,Duliajan,,,,,UNMATCHED,none,NONE,OGD_Train_details_22122017,
TSK,Tinsukia Jn.,,,,,UNMATCHED,none,NONE,OGD_Train_details_22122017,
MJN,Makum Jn.,,,,,UNMATCHED,none,NONE,OGD_Train_details_22122017,
DBY,Digboi,,,,,UNMATCHED,none,NONE,OGD_Train_details_22122017,
MRG,Margherita,,,,,UNMATCHED,none,NONE,OGD_Train_details_22122017,
LEDO,Ledo,,,,,UNMATCHED,none,NONE,OGD_Train_details_22122017,
GLGT,Golaghat,,,,,UNMATCHED,none,NONE,OGD_Train_details_22122017,
NMGY,Numaligarh R,,,,,UNMATCHED,none,NONE,OGD_Train_details_22122017,
KUTI,Khumtai,,,,,UNMATCHED,none,NONE,OGD_Train_details_22122017,
BLPR,Badulipar,,,,,UNMATCHED,none,NONE,OGD_Train_details_22122017,
RNGG,Rangaliting,,,,,UNMATCHED,none,NONE,OGD_Train_details_22122017,
BBGN,Barua Bamung,,,,,UNMATCHED,none,NONE,OGD_Train_details_22122017,
MOBD,Moubund,,,,,UNMATCHED,none,NONE,OGD_Train_details_22122017,
BLMR,Bhalukmara,,,,,UNMATCHED,none,NONE,OGD_Train_details_22122017,
RWH,Rowriah,,,,,UNMATCHED,none,NONE,OGD_Train_details_22122017,
CMA,Cinnamara,,,,,UNMATCHED,none,NONE,OGD_Train_details_22122017,
CGS,Changsari,,,,,UNMATCHED,none,NONE,OGD_Train_details_22122017,
GMTO,Gumto,,,,,UNMATCHED,none,NONE,OGD_Train_details_22122017,
KAMG,Kamakhyaguri,,,,,UNMATCHED,none,NONE,OGD_Train_details_22122017,
MVI,Morvi,,,,,UNMATCHED,none,NONE,OGD_Train_details_22122017,
JGJN,Jugijan,,,,,UNMATCHED,none,NONE,OGD_Train_details_22122017,
LKG,Lamsakhang,,,,,UNMATCHED,none,NONE,OGD_Train_details_22122017,
BRLF,Bar Longfer,,,,,UNMATCHED,none,NONE,OGD_Train_details_22122017,
DSR,Dhansiri,,,,,UNMATCHED,none,NONE,OGD_Train_details_22122017,
NJN,Naojan,,,,,UNMATCHED,none,NONE,OGD_Train_details_22122017,
KKA,Kanki,,,,,UNMATCHED,none,NONE,OGD_Train_details_22122017,
POT,Pothia,,,,,UNMATCHED,none,NONE,OGD_Train_details_22122017,
TBR,Taiabpur,,,,,UNMATCHED,none,NONE,OGD_Train_details_22122017,
GAGA,Galgalia,,,,,UNMATCHED,none,NONE,OGD_Train_details_22122017,
ADQ,Adhikari,,,,,UNMATCHED,none,NONE,OGD_Train_details_22122017,
BZN,Bagnan,,,,,UNMATCHED,none,NONE,OGD_Train_details_22122017,
NKB,Nagrakata,,,,,UNMATCHED,none,NONE,OGD_Train_details_22122017,
BNQ,Banarhat,,,,,UNMATCHED,none,NONE,OGD_Train_details_22122017,
MDT,Madarihat,,,,,UNMATCHED,none,NONE,OGD_Train_details_22122017,
KCF,Kalchini,,,,,UNMATCHED,none,NONE,OGD_Train_details_22122017,
ODB,Oodlabari,,,,,UNMATCHED,none,NONE,OGD_Train_details_22122017,
CLD,Chalsa,,,,,UNMATCHED,none,NONE,OGD_Train_details_22122017,
RVK,Raja Bhat Kh,,,,,UNMATCHED,none,NONE,OGD_Train_details_22122017,
CROA,Chautara,,,,,UNMATCHED,none,NONE,OGD_Train_details_22122017,
SBE,Sorbhog,,,,,UNMATCHED,none,NONE,OGD_Train_details_22122017,
PBL,Pathshala,,,,,UNMATCHED,none,NONE,OGD_Train_details_22122017,
TIHU,Tihu,,,,,UNMATCHED,none,NONE,OGD_Train_details_22122017,
KTCH,Kaithalkuchi,,,,,UNMATCHED,none,NONE,OGD_Train_details_22122017,
BRHU,Barahu,,,,,UNMATCHED,none,NONE,OGD_Train_details_22122017,
JOQ,Jorai,,,,,UNMATCHED,none,NONE,OGD_Train_details_22122017,
SPQ,Sorupeta,,,,,UNMATCHED,none,NONE,OGD_Train_details_22122017,
DKGN,Dekargaon,,,,,UNMATCHED,none,NONE,OGD_Train_details_22122017,
KDKN,Kendukana,,,,,UNMATCHED,none,NONE,OGD_Train_details_22122017,
TKC,Thakurkuchi,,,,,UNMATCHED,none,NONE,OGD_Train_details_22122017,
DMGN,Dhamalgaon,,,,,UNMATCHED,none,NONE,OGD_Train_details_22122017,
CHB,Chabua,,,,,UNMATCHED,none,NONE,OGD_Train_details_22122017,
BID,Bidadi,,,,,UNMATCHED,none,NONE,OGD_Train_details_22122017,
RMGM,Ramanagaram,,,,,UNMATCHED,none,NONE,OGD_Train_details_22122017,
CPT,Channa Patna,,,,,UNMATCHED,none,NONE,OGD_Train_details_22122017,
MAD,Maddur,,,,,UNMATCHED,none,NONE,OGD_Train_details_22122017,
PANP,Pandavapura,,,,,UNMATCHED,none,NONE,OGD_Train_details_22122017,
QRP,Kila Raipur,,,,,UNMATCHED,none,NONE,OGD_Train_details_22122017,
SFM,Sunam,,,,,UNMATCHED,none,NONE,OGD_Train_details_22122017,
BZO,Barsola,,,,,UNMATCHED,none,NONE,OGD_Train_details_22122017,
EKM,Ekambarakupp,,,,,UNMATCHED,none,NONE,OGD_Train_details_22122017,
YP,Errupalem,,,,,UNMATCHED,none,NONE,OGD_Train_details_22122017,
SDNR,Seydunganall,,,,,UNMATCHED,none,NONE,OGD_Train_details_22122017,
SVV,Srivaikuntam,,,,,UNMATCHED,none,NONE,OGD_Train_details_22122017,
NZT,Nazareth,,,,,UNMATCHED,none,NONE,OGD_Train_details_22122017,
VI,Villianur Ha,,,,,UNMATCHED,none,NONE,OGD_Train_details_22122017,
NNN,Nanguneri,,,,,UNMATCHED,none,NONE,OGD_Train_details_22122017,
AAY,Aralvaymoli,,,,,UNMATCHED,none,NONE,OGD_Train_details_22122017,
ERL,Eraniel,,,,,UNMATCHED,none,NONE,OGD_Train_details_22122017,
KZT,Kulitturai,,,,,UNMATCHED,none,NONE,OGD_Train_details_22122017,
NYY,Neyyattinkar,,,,,UNMATCHED,none,NONE,OGD_Train_details_22122017,
CRY,Chirayinkil,,,,,UNMATCHED,none,NONE,OGD_Train_details_22122017,
KVU,Kadakavur,,,,,UNMATCHED,none,NONE,OGD_Train_details_22122017,
PVU,Paravur,,,,,UNMATCHED,none,NONE,OGD_Train_details_22122017,
PNQ,Punkunnam,,,,,UNMATCHED,none,NONE,OGD_Train_details_22122017,
GUV,Guruvayur,,,,,UNMATCHED,none,NONE,OGD_Train_details_22122017,
PGR,Pugalur,,,,,UNMATCHED,none,NONE,OGD_Train_details_22122017,
KMD,Kodumudi,,,,,UNMATCHED,none,NONE,OGD_Train_details_22122017,
UKL,Uttukuli,,,,,UNMATCHED,none,NONE,OGD_Train_details_22122017,
IPL,Idappalli,,,,,UNMATCHED,none,NONE,OGD_Train_details_22122017,
NG,Nagari,,,,,UNMATCHED,none,NONE,OGD_Train_details_22122017,
TLGP,Talguppa,,,,,UNMATCHED,none,NONE,OGD_Train_details_22122017,
SRF,Sagarajambag,,,,,UNMATCHED,none,NONE,OGD_Train_details_22122017,
ANF,Anantapuram,,,,,UNMATCHED,none,NONE,OGD_Train_details_22122017,
SMET,Shimoga Town,,,,,UNMATCHED,none,NONE,OGD_Train_details_22122017,
BDVT,Bhadravati,,,,,UNMATCHED,none,NONE,OGD_Train_details_22122017,
TKE,Tarikere,,,,,UNMATCHED,none,NONE,OGD_Train_details_22122017,
MWM,Malleswaram,,,,,UNMATCHED,none,NONE,OGD_Train_details_22122017,
S,Srirangapatt,,,,,UNMATCHED,none,NONE,OGD_Train_details_22122017,
NHY,Naganahalli,,,,,UNMATCHED,none,NONE,OGD_Train_details_22122017,
CGKR,Chandagiri K,,,,,UNMATCHED,none,NONE,OGD_Train_details_22122017,
BDRL,Byadara Hall,,,,,UNMATCHED,none,NONE,OGD_Train_details_22122017,
Y,Yeliyur,,,,,UNMATCHED,none,NONE,OGD_Train_details_22122017,
HNK,Hanakere,,,,,UNMATCHED,none,NONE,OGD_Train_details_22122017,
NXH,Nidaghatta H,,,,,UNMATCHED,none,NONE,OGD_Train_details_22122017,
SET,Settihalli,,,,,UNMATCHED,none,NONE,OGD_Train_details_22122017,
KHLL,Keto Halli H,,,,,UNMATCHED,none,NONE,OGD_Train_details_22122017,
HJL,Hejjala,,,,,UNMATCHED,none,NONE,OGD_Train_details_22122017,
GNB,Jnana Bharat,,,,,UNMATCHED,none,NONE,OGD_Train_details_22122017,
NYH,Nayandahalli,,,,,UNMATCHED,none,NONE,OGD_Train_details_22122017,
KMSI,Kurusi,,,,,UNMATCHED,none,NONE,OGD_Train_details_22122017,
KNDV,Krishna Deva,,,,,UNMATCHED,none,NONE,OGD_Train_details_22122017,
CTA,Chitradurg,,,,,UNMATCHED,none,NONE,OGD_Train_details_22122017,
KLPM,Kailasapuram,,,,,UNMATCHED,none,NONE,OGD_Train_details_22122017,
DINR,Divine Nagar,,,,,UNMATCHED,none,NONE,OGD_Train_details_22122017,
PVRD,Piravam Road,,,,,UNMATCHED,none,NONE,OGD_Train_details_22122017,
ETM,Ettumanur,,,,,UNMATCHED,none,NONE,OGD_Train_details_22122017,
CYN,Cheriyanad,,,,,UNMATCHED,none,NONE,OGD_Train_details_22122017,
KPY,Karunagappal,,,,,UNMATCHED,none,NONE,OGD_Train_details_22122017,
STKT,Sasthankotta,,,,,UNMATCHED,none,NONE,OGD_Train_details_22122017,
MYY,Mayyanad,,,,,UNMATCHED,none,NONE,OGD_Train_details_22122017,
MNTT,Mulanturutti,,,,,UNMATCHED,none,NONE,OGD_Train_details_22122017,
PUK,Pudukad,,,,,UNMATCHED,none,NONE,OGD_Train_details_22122017,
TUA,Tirunnavaya,,,,,UNMATCHED,none,NONE,OGD_Train_details_22122017,
PYOL,Payyoli,,,,,UNMATCHED,none,NONE,OGD_Train_details_22122017,
VLI,Valliukunnu,,,,,UNMATCHED,none,NONE,OGD_Train_details_22122017,
PDD,Padubidri,,,,,UNMATCHED,none,NONE,OGD_Train_details_22122017,
KPQ,Kannapuram,,,,,UNMATCHED,none,NONE,OGD_Train_details_22122017,
MQO,Munroturuttu,,,,,UNMATCHED,none,NONE,OGD_Train_details_22122017,
TKQ,Trikarpur,,,,,UNMATCHED,none,NONE,OGD_Train_details_22122017,
BFR,Pallikeri Ha,,,,,UNMATCHED,none,NONE,OGD_Train_details_22122017,
KQK,Kottikulam,,,,,UNMATCHED,none,NONE,OGD_Train_details_22122017,
KMQ,Kumbla,,,,,UNMATCHED,none,NONE,OGD_Train_details_22122017,
VPZ,Valapuzha Ha,,,,,UNMATCHED,none,NONE,OGD_Train_details_22122017,
CQA,Cherukara Ha,,,,,UNMATCHED,none,NONE,OGD_Train_details_22122017,
AAM,Angadipuram,,,,,UNMATCHED,none,NONE,OGD_Train_details_22122017,
PKQ,Pattikkad Ha,,,,,UNMATCHED,none,NONE,OGD_Train_details_22122017,
MLTR,Melatur Halt,,,,,UNMATCHED,none,NONE,OGD_Train_details_22122017,
TUV,Tuvvur Halt,,,,,UNMATCHED,none,NONE,OGD_Train_details_22122017,
VNB,Vaniyambalam,,,,,UNMATCHED,none,NONE,OGD_Train_details_22122017,
NIL,Nilambur Roa,Ambur,12.784066,78.7217855,Q16868946,MATCHED,fuzzy_name,MEDIUM,OGD_Train_details_22122017,OSM_chennai_thoothukudi_stations_raw.geojson
PASA,Parassala,,,,,UNMATCHED,none,NONE,OGD_Train_details_22122017,
NMGA,Nelamangala,,,,,UNMATCHED,none,NONE,OGD_Train_details_22122017,
KIGL,Kunigal,,,,,UNMATCHED,none,NONE,OGD_Train_details_22122017,
YY,Yediyyuru,,,,,UNMATCHED,none,NONE,OGD_Train_details_22122017,
BGNR,B G Nagar,,,,,UNMATCHED,none,NONE,OGD_Train_details_22122017,
SBGA,Shravanabela,,,,,UNMATCHED,none,NONE,OGD_Train_details_22122017,
CNPA,Chennrayapat,,,,,UNMATCHED,none,NONE,OGD_Train_details_22122017,
SKLR,Sakleshpur,,,,,UNMATCHED,none,NONE,OGD_Train_details_22122017,
SBHR,Subrahmanya,,,,,UNMATCHED,none,NONE,OGD_Train_details_22122017,
KBPR,Kabaka Puttu,,,,,UNMATCHED,none,NONE,OGD_Train_details_22122017,
BNTL,Bantawala,,,,,UNMATCHED,none,NONE,OGD_Train_details_22122017,
YDM,Yedamangala,,,,,UNMATCHED,none,NONE,OGD_Train_details_22122017,
DAVM,Dhanuvachapu,,,,,UNMATCHED,none,NONE,OGD_Train_details_22122017,
KZTW,Kulitturai W,,,,,UNMATCHED,none,NONE,OGD_Train_details_22122017,
PYD,Palliyadi H.,,,,,UNMATCHED,none,NONE,OGD_Train_details_22122017,
PCH,Pachhapur,,,,,UNMATCHED,none,NONE,OGD_Train_details_22122017,
GKK,Gokak Road,,,,,UNMATCHED,none,NONE,OGD_Train_details_22122017,
CKR,Chikodi Road,,,,,UNMATCHED,none,NONE,OGD_Train_details_22122017,
KGX,Kanginhal,,,,,UNMATCHED,none,NONE,OGD_Train_details_22122017,
BNP,Bhanapur,,,,,UNMATCHED,none,NONE,OGD_Train_details_22122017,
MRB,Munirabad,,,,,UNMATCHED,none,NONE,OGD_Train_details_22122017,
JOA,Janwal,,,,,UNMATCHED,none,NONE,OGD_Train_details_22122017,
HLKT,Halakatta,,,,,UNMATCHED,none,NONE,OGD_Train_details_22122017,
VAPM,Valapattanam,,,,,UNMATCHED,none,NONE,OGD_Train_details_22122017,
MQU,Murukkampuzh,,,,,UNMATCHED,none,NONE,OGD_Train_details_22122017,
ELM,Elimala,,,,,UNMATCHED,none,NONE,OGD_Train_details_22122017,
UAA,Uppala,,,,,UNMATCHED,none,NONE,OGD_Train_details_22122017,
ULL,Ullal,,,,,UNMATCHED,none,NONE,OGD_Train_details_22122017,
NPK,N.Panakudi,,,,,UNMATCHED,none,NONE,OGD_Train_details_22122017,
PUU,Punalur,,,,,UNMATCHED,none,NONE,OGD_Train_details_22122017,
AVS,Auvaneeswara,,,,,UNMATCHED,none,NONE,OGD_Train_details_22122017,
KKZ,Kottarakkara,,,,,UNMATCHED,none,NONE,OGD_Train_details_22122017,
EKN,Ezhukone,,,,,UNMATCHED,none,NONE,OGD_Train_details_22122017,
KUV,Kundara,Mukundarayapuram,12.9782491,79.2892009,Q63355886,MATCHED,fuzzy_name,MEDIUM,OGD_Train_details_22122017,OSM_chennai_thoothukudi_stations_raw.geojson
KLQ,Kilikollur,,,,,UNMATCHED,none,NONE,OGD_Train_details_22122017,
PRND,Perinad,,,,,UNMATCHED,none,NONE,OGD_Train_details_22122017,
OCR,Ochira,,,,,UNMATCHED,none,NONE,OGD_Train_details_22122017,
KRPP,Kuruppantara,,,,,UNMATCHED,none,NONE,OGD_Train_details_22122017,
URL,Unjalur,,,,,UNMATCHED,none,NONE,OGD_Train_details_22122017,
PLMD,Pilamedu,,,,,UNMATCHED,none,NONE,OGD_Train_details_22122017,
KN,Kadalundi,,,,,UNMATCHED,none,NONE,OGD_Train_details_22122017,
KOHR,Kohir(Deccan,,,,,UNMATCHED,none,NONE,OGD_Train_details_22122017,
OPL,Uppal,,,,,UNMATCHED,none,NONE,OGD_Train_details_22122017,
PTKP,Potkapalli,,,,,UNMATCHED,none,NONE,OGD_Train_details_22122017,
KOLR,Kolnur,,,,,UNMATCHED,none,NONE,OGD_Train_details_22122017,
MMZ,Mandamari,,,,,UNMATCHED,none,NONE,OGD_Train_details_22122017,
RECH,Rechni Road,,,,,UNMATCHED,none,NONE,OGD_Train_details_22122017,
ASAF,Asifabad Roa,,,,,UNMATCHED,none,NONE,OGD_Train_details_22122017,
NKP,Nirakarpur,,,,,UNMATCHED,none,NONE,OGD_Train_details_22122017,
KBM,Kotabommali,,,,,UNMATCHED,none,NONE,OGD_Train_details_22122017,
TIU,Tilaru,,,,,UNMATCHED,none,NONE,OGD_Train_details_22122017,
PDU,Ponduru,,,,,UNMATCHED,none,NONE,OGD_Train_details_22122017,
AL,Attili,,,,,UNMATCHED,none,NONE,OGD_Train_details_22122017,
MXT,Malakpet,,,,,UNMATCHED,none,NONE,OGD_Train_details_22122017,
FM,Falaknuma,,,,,UNMATCHED,none,NONE,OGD_Train_details_22122017,
BDVL,Budvel,,,,,UNMATCHED,none,NONE,OGD_Train_details_22122017,
TMX,Timmapur,,,,,UNMATCHED,none,NONE,OGD_Train_details_22122017,
HBLN,Hbl Nagar H,,,,,UNMATCHED,none,NONE,OGD_Train_details_22122017,
SBBJ,Sri Balabrah,,,,,UNMATCHED,none,NONE,OGD_Train_details_22122017,
MUGR,Manuguru,,,,,UNMATCHED,none,NONE,OGD_Train_details_22122017,
BDCR,Bhadrachalam,,,,,UNMATCHED,none,NONE,OGD_Train_details_22122017,
BTPD,Bethampurdi,,,,,UNMATCHED,none,NONE,OGD_Train_details_22122017,
TPY,Tadakal Pudi,,,,,UNMATCHED,none,NONE,OGD_Train_details_22122017,
CMW,Chimalpahad,,,,,UNMATCHED,none,NONE,OGD_Train_details_22122017,
GHPU,Gandhipuram,,,,,UNMATCHED,none,NONE,OGD_Train_details_22122017,
KRA,Karepalli Jn,,,,,UNMATCHED,none,NONE,OGD_Train_details_22122017,
PCZ,Pocharam Hal,,,,,UNMATCHED,none,NONE,OGD_Train_details_22122017,
AKE,Akanapet,,,,,UNMATCHED,none,NONE,OGD_Train_details_22122017,
MZL,Mirzapali,,,,,UNMATCHED,none,NONE,OGD_Train_details_22122017,
WDR,Wadiaram,,,,,UNMATCHED,none,NONE,OGD_Train_details_22122017,
PDKN,Pedakakani H,,,,,UNMATCHED,none,NONE,OGD_Train_details_22122017,
NBR,Namburu,Ambur,12.784066,78.7217855,Q16868946,MATCHED,fuzzy_name,MEDIUM,OGD_Train_details_22122017,OSM_chennai_thoothukudi_stations_raw.geojson
RYP,Rayanapadu,,,,,UNMATCHED,none,NONE,OGD_Train_details_22122017,
BKL,Bona Kalu,,,,,UNMATCHED,none,NONE,OGD_Train_details_22122017,
GLA,Garla,,,,,UNMATCHED,none,NONE,OGD_Train_details_22122017,
KCC,Krishana Can,,,,,UNMATCHED,none,NONE,OGD_Train_details_22122017,
NRT,Narasaraopet,,,,,UNMATCHED,none,NONE,OGD_Train_details_22122017,
DKD,Donakonda,,,,,UNMATCHED,none,NONE,OGD_Train_details_22122017,
MRK,Markapur Roa,,,,,UNMATCHED,none,NONE,OGD_Train_details_22122017,
CBM,Cumbum,,,,,UNMATCHED,none,NONE,OGD_Train_details_22122017,
GID,Giddalur,,,,,UNMATCHED,none,NONE,OGD_Train_details_22122017,
DMT,Diguvametta,,,,,UNMATCHED,none,NONE,OGD_Train_details_22122017,
NDL,Nandyal,,,,,UNMATCHED,none,NONE,OGD_Train_details_22122017,
BMH,Betamcherla,,,,,UNMATCHED,none,NONE,OGD_Train_details_22122017,
VKN,Vinukonda,,,,,UNMATCHED,none,NONE,OGD_Train_details_22122017,
BGNP,Banagalapall,,,,,UNMATCHED,none,NONE,OGD_Train_details_22122017,
KLKA,Koilakuntla,,,,,UNMATCHED,none,NONE,OGD_Train_details_22122017,
JMDG,Jammalamadug,,,,,UNMATCHED,none,NONE,OGD_Train_details_22122017,
PRDT,Proddatur,,,,,UNMATCHED,none,NONE,OGD_Train_details_22122017,
KCD,Kurichedu,,,,,UNMATCHED,none,NONE,OGD_Train_details_22122017,
TLU,Tarlupadu,,,,,UNMATCHED,none,NONE,OGD_Train_details_22122017,
BEY,Bugganapalli,,,,,UNMATCHED,none,NONE,OGD_Train_details_22122017,
PDL,Pendekallu,,,,,UNMATCHED,none,NONE,OGD_Train_details_22122017,
MKR,Maddikera,,,,,UNMATCHED,none,NONE,OGD_Train_details_22122017,
BDPL,Bandarupalle,,,,,UNMATCHED,none,NONE,OGD_Train_details_22122017,
RGP,Raghunathpal,,,,,UNMATCHED,none,NONE,OGD_Train_details_22122017,
PQL,Pindial,,,,,UNMATCHED,none,NONE,OGD_Train_details_22122017,
HSP,Hasanparti R,,,,,UNMATCHED,none,NONE,OGD_Train_details_22122017,
BGSF,Bisugir Shar,,,,,UNMATCHED,none,NONE,OGD_Train_details_22122017,
KYOP,Kottapalli H,,,,,UNMATCHED,none,NONE,OGD_Train_details_22122017,
RGPM,Raghavapuram,,,,,UNMATCHED,none,NONE,OGD_Train_details_22122017,
PPZ,Peddampet,,,,,UNMATCHED,none,NONE,OGD_Train_details_22122017,
SRUR,Sirpur Town,,,,,UNMATCHED,none,NONE,OGD_Train_details_22122017,
MKDI,Makudi,,,,,UNMATCHED,none,NONE,OGD_Train_details_22122017,
WIRR,Wirur,,,,,UNMATCHED,none,NONE,OGD_Train_details_22122017,
VHGN,Wihirgaon,,,,,UNMATCHED,none,NONE,OGD_Train_details_22122017,
PRH,Powerpet,,,,,UNMATCHED,none,NONE,OGD_Train_details_22122017,
BMD,Bhimadolu,,,,,UNMATCHED,none,NONE,OGD_Train_details_22122017,
MCLE,Manchili,,,,,UNMATCHED,none,NONE,OGD_Train_details_22122017,
MDVL,Mandavalli,,,,,UNMATCHED,none,NONE,OGD_Train_details_22122017,
MGF,Mandagere,,,,,UNMATCHED,none,NONE,OGD_Train_details_22122017,
VDD,Vendodu,,,,,UNMATCHED,none,NONE,OGD_Train_details_22122017,
TGU,Tari Goppula,,,,,UNMATCHED,none,NONE,OGD_Train_details_22122017,
PAGM,Pennada Agra,,,,,UNMATCHED,none,NONE,OGD_Train_details_22122017,
TNR,Tanguturu,,,,,UNMATCHED,none,NONE,OGD_Train_details_22122017,
ANB,Ammanabrolu,,,,,UNMATCHED,none,NONE,OGD_Train_details_22122017,
VTM,Vetapalem,,,,,UNMATCHED,none,NONE,OGD_Train_details_22122017,
DIG,Duggirala,,,,,UNMATCHED,none,NONE,OGD_Train_details_22122017,
PVD,Peddavadlapu,,,,,UNMATCHED,none,NONE,OGD_Train_details_22122017,
PBP,Pembarti,,,,,UNMATCHED,none,NONE,OGD_Train_details_22122017,
RAG,Raigir  Halt,,,,,UNMATCHED,none,NONE,OGD_Train_details_22122017,
TSR,Tsunduru,,,,,UNMATCHED,none,NONE,OGD_Train_details_22122017,
HDGR,Hadgaon Road,,,,,UNMATCHED,none,NONE,OGD_Train_details_22122017,
PMT,Pullampet,,,,,UNMATCHED,none,NONE,OGD_Train_details_22122017,
GIN,Ginigera,,,,,UNMATCHED,none,NONE,OGD_Train_details_22122017,
CRZ,Caranzol,,,,,UNMATCHED,none,NONE,OGD_Train_details_22122017,
DDS,Dudh Sagar,,,,,UNMATCHED,none,NONE,OGD_Train_details_22122017,
LIM,Sonauilm,,,,,UNMATCHED,none,NONE,OGD_Train_details_22122017,
BSDP,Bhusandpur,,,,,UNMATCHED,none,NONE,OGD_Train_details_22122017,
KUU,Kuhuri,,,,,UNMATCHED,none,NONE,OGD_Train_details_22122017,
GNGD,Gangadharpur,,,,,UNMATCHED,none,NONE,OGD_Train_details_22122017,
CLKA,Chilka,,,,,UNMATCHED,none,NONE,OGD_Train_details_22122017,
RBA,Rambha,,,,,UNMATCHED,none,NONE,OGD_Train_details_22122017,
GAM,Ganjam,,,,,UNMATCHED,none,NONE,OGD_Train_details_22122017,
MMS,Mandasa Road,,,,,UNMATCHED,none,NONE,OGD_Train_details_22122017,
PUN,Pundi,Thiruthuraipundi Junction,10.5385545,79.6347878,Q24943216,MATCHED,fuzzy_name,MEDIUM,OGD_Train_details_22122017,OSM_chennai_thoothukudi_stations_raw.geojson
DUSI,Dusi,,,,,UNMATCHED,none,NONE,OGD_Train_details_22122017,
SGDM,Sigadam,,,,,UNMATCHED,none,NONE,OGD_Train_details_22122017,
GVI,Garividi,,,,,UNMATCHED,none,NONE,OGD_Train_details_22122017,
NPD,Nawapara Roa,,,,,UNMATCHED,none,NONE,OGD_Train_details_22122017,
KYM,Kadiyam,,,,,UNMATCHED,none,NONE,OGD_Train_details_22122017,
BVL,Bikkavolu,,,,,UNMATCHED,none,NONE,OGD_Train_details_22122017,
MPU,Medapadu,,,,,UNMATCHED,none,NONE,OGD_Train_details_22122017,
GT,Ghatkesar,,,,,UNMATCHED,none,NONE,OGD_Train_details_22122017,
PKPU,Peddakura Pa,,,,,UNMATCHED,none,NONE,OGD_Train_details_22122017,
SRPM,Siripuram,,,,,UNMATCHED,none,NONE,OGD_Train_details_22122017,
VJA,Vejandla,,,,,UNMATCHED,none,NONE,OGD_Train_details_22122017,
CIV,Chinnaravuru,,,,,UNMATCHED,none,NONE,OGD_Train_details_22122017,
VMU,Vemuru Halt,,,,,UNMATCHED,none,NONE,OGD_Train_details_22122017,
BQU,Bhattiprolu,,,,,UNMATCHED,none,NONE,OGD_Train_details_22122017,
POA,Pallikona Ha,,,,,UNMATCHED,none,NONE,OGD_Train_details_22122017,
RAL,Repalle,,,,,UNMATCHED,none,NONE,OGD_Train_details_22122017,
STPD,Sitafalmandi,,,,,UNMATCHED,none,NONE,OGD_Train_details_22122017,
GWV,Gowdavalli H,,,,,UNMATCHED,none,NONE,OGD_Train_details_22122017,
NAVI,New Amravati,,,,,UNMATCHED,none,NONE,OGD_Train_details_22122017,
WLGN,Walgaon,,,,,UNMATCHED,none,NONE,OGD_Train_details_22122017,
CNDB,Chandur Baza,,,,,UNMATCHED,none,NONE,OGD_Train_details_22122017,
ASTG,Ashtegaon,,,,,UNMATCHED,none,NONE,OGD_Train_details_22122017,
MRSH,Morshi,,,,,UNMATCHED,none,NONE,OGD_Train_details_22122017,
WOC,Warud Orange,,,,,UNMATCHED,none,NONE,OGD_Train_details_22122017,
PUSA,Pusla,,,,,UNMATCHED,none,NONE,OGD_Train_details_22122017,
MWAD,Mowad,,,,,UNMATCHED,none,NONE,OGD_Train_details_22122017,
GPD,Gummidipundi,,,,,UNMATCHED,none,NONE,OGD_Train_details_22122017,
ANK,Ankai,,,,,UNMATCHED,none,NONE,OGD_Train_details_22122017,
TR,Tarur,,,,,UNMATCHED,none,NONE,OGD_Train_details_22122017,
PSD,Parsoda,,,,,UNMATCHED,none,NONE,OGD_Train_details_22122017,
KAJG,Karanjgoan,,,,,UNMATCHED,none,NONE,OGD_Train_details_22122017,
POZ,Potul,,,,,UNMATCHED,none,NONE,OGD_Train_details_22122017,
DLB,Daulatabad,,,,,UNMATCHED,none,NONE,OGD_Train_details_22122017,
MKDD,Mukundwadi H,,,,,UNMATCHED,none,NONE,OGD_Train_details_22122017,
BDU,Badnapur,,,,,UNMATCHED,none,NONE,OGD_Train_details_22122017,
KEK,Karkheli,,,,,UNMATCHED,none,NONE,OGD_Train_details_22122017,
BZR,Bisra,,,,,UNMATCHED,none,NONE,OGD_Train_details_22122017,
PPO,Panposh,,,,,UNMATCHED,none,NONE,OGD_Train_details_22122017,
KLG,Kalunga,,,,,UNMATCHED,none,NONE,OGD_Train_details_22122017,
KXN,Kansbahal,,,,,UNMATCHED,none,NONE,OGD_Train_details_22122017,
TKRI,Tikiri,,,,,UNMATCHED,none,NONE,OGD_Train_details_22122017,
LKMR,Lakshmipur R,,,,,UNMATCHED,none,NONE,OGD_Train_details_22122017,
KKGM,Kakri Guma,,,,,UNMATCHED,none,NONE,OGD_Train_details_22122017,
DMNJ,Daman Jodi,,,,,UNMATCHED,none,NONE,OGD_Train_details_22122017,
VZR,Bhanjpur,,,,,UNMATCHED,none,NONE,OGD_Train_details_22122017,
PS,Paras,,,,,UNMATCHED,none,NONE,OGD_Train_details_22122017,
BIA,Bhilai,,,,,UNMATCHED,none,NONE,OGD_Train_details_22122017,
HCAB,Bmy H Cabin,,,,,UNMATCHED,none,NONE,OGD_Train_details_22122017,
DBEC,Devbaloda Ch,,,,,UNMATCHED,none,NONE,OGD_Train_details_22122017,
MOMU,Molakalmuru,,,,,UNMATCHED,none,NONE,OGD_Train_details_22122017,
CHKE,Challakere,,,,,UNMATCHED,none,NONE,OGD_Train_details_22122017,
GNPR,Gunupur,,,,,UNMATCHED,none,NONE,OGD_Train_details_22122017,
JRA,Jaraikela,,,,,UNMATCHED,none,NONE,OGD_Train_details_22122017,
GTST,Gautam Sthan,,,,,UNMATCHED,none,NONE,OGD_Train_details_22122017,
MHT,Manjhi F,,,,,UNMATCHED,none,NONE,OGD_Train_details_22122017,
BCD,Bansdih Road,,,,,UNMATCHED,none,NONE,OGD_Train_details_22122017,
KHOH,Khoh,,,,,UNMATCHED,none,NONE,OGD_Train_details_22122017,
MGG,Mangliyagaon,,,,,UNMATCHED,none,NONE,OGD_Train_details_22122017,
BLAX,Barlai,,,,,UNMATCHED,none,NONE,OGD_Train_details_22122017,
NRGR,Naranjipur,,,,,UNMATCHED,none,NONE,OGD_Train_details_22122017,
UDM,Undasa Madha,,,,,UNMATCHED,none,NONE,OGD_Train_details_22122017,
KDHA,Karchha,,,,,UNMATCHED,none,NONE,OGD_Train_details_22122017,
VRG,Vikram Nagar,,,,,UNMATCHED,none,NONE,OGD_Train_details_22122017,
ADTL,Adhartal,,,,,UNMATCHED,none,NONE,OGD_Train_details_22122017,
DDCE,Dundi,,,,,UNMATCHED,none,NONE,OGD_Train_details_22122017,
SNRR,Sansarpur,,,,,UNMATCHED,none,NONE,OGD_Train_details_22122017,
NWR,Niwar,,,,,UNMATCHED,none,NONE,OGD_Train_details_22122017,
JLW,Jhalwara,,,,,UNMATCHED,none,NONE,OGD_Train_details_22122017,
RPD,Rupaund,,,,,UNMATCHED,none,NONE,OGD_Train_details_22122017,
KKI,Karkeli,,,,,UNMATCHED,none,NONE,OGD_Train_details_22122017,
NRZB,Nowrozabad,,,,,UNMATCHED,none,NONE,OGD_Train_details_22122017,
CLF,Chhulha,,,,,UNMATCHED,none,NONE,OGD_Train_details_22122017,
JTI,Jaithari,,,,,UNMATCHED,none,NONE,OGD_Train_details_22122017,
NIQ,Nigaura,,,,,UNMATCHED,none,NONE,OGD_Train_details_22122017,
VKR,Venkatnagar,,,,,UNMATCHED,none,NONE,OGD_Train_details_22122017,
HRB,Harri,,,,,UNMATCHED,none,NONE,OGD_Train_details_22122017,
KOI,Khodri,,,,,UNMATCHED,none,NONE,OGD_Train_details_22122017,
BHTK,Bhanwar Tonk,,,,,UNMATCHED,none,NONE,OGD_Train_details_22122017,
KGS,Khongsara,,,,,UNMATCHED,none,NONE,OGD_Train_details_22122017,
TGQ,Tenganmada,,,,,UNMATCHED,none,NONE,OGD_Train_details_22122017,
SLKR,Salka Road,,,,,UNMATCHED,none,NONE,OGD_Train_details_22122017,
KLTR,Kalmitar,,,,,UNMATCHED,none,NONE,OGD_Train_details_22122017,
GTK,Ghutku,,,,,UNMATCHED,none,NONE,OGD_Train_details_22122017,
SNGP,Singhpur,,,,,UNMATCHED,none,NONE,OGD_Train_details_22122017,
DWG,Dewanganj,,,,,UNMATCHED,none,NONE,OGD_Train_details_22122017,
BJQ,Baghora,,,,,UNMATCHED,none,NONE,OGD_Train_details_22122017,
SMRR,Sumreri,,,,,UNMATCHED,none,NONE,OGD_Train_details_22122017,
ISH,Isarwara,,,,,UNMATCHED,none,NONE,OGD_Train_details_22122017,
LDA,Lidhora,,,,,UNMATCHED,none,NONE,OGD_Train_details_22122017,
GW,Girwar,,,,,UNMATCHED,none,NONE,OGD_Train_details_22122017,
ANA,Aslana,,,,,UNMATCHED,none,NONE,OGD_Train_details_22122017,
KYX,Karhiya Bhad,,,,,UNMATCHED,none,NONE,OGD_Train_details_22122017,
GEA,Ghatera,,,,,UNMATCHED,none,NONE,OGD_Train_details_22122017,
SAO,Sagoni,,,,,UNMATCHED,none,NONE,OGD_Train_details_22122017,
BQQ,Bakhleta,,,,,UNMATCHED,none,NONE,OGD_Train_details_22122017,
HDU,Hardua,,,,,UNMATCHED,none,NONE,OGD_Train_details_22122017,
VYK,Vilayat Kala,,,,,UNMATCHED,none,NONE,OGD_Train_details_22122017,
LOA,Lorha,,,,,UNMATCHED,none,NONE,OGD_Train_details_22122017,
GGT,Ghunghuti,,,,,UNMATCHED,none,NONE,OGD_Train_details_22122017,
BDWA,Bhadwa Para,,,,,UNMATCHED,none,NONE,OGD_Train_details_22122017,
SBRA,Sarbahara,,,,,UNMATCHED,none,NONE,OGD_Train_details_22122017,
HN,Hathbandh,,,,,UNMATCHED,none,NONE,OGD_Train_details_22122017,
BAO,Banmore,,,,,UNMATCHED,none,NONE,OGD_Train_details_22122017,
SNL,Sanahwal,,,,,UNMATCHED,none,NONE,OGD_Train_details_22122017,
CHA,Chawapail,,,,,UNMATCHED,none,NONE,OGD_Train_details_22122017,
DRLA,Daurala,,,,,UNMATCHED,none,NONE,OGD_Train_details_22122017,
GUH,Guldhar,,,,,UNMATCHED,none,NONE,OGD_Train_details_22122017,
GAD,Gevra-Road,,,,,UNMATCHED,none,NONE,OGD_Train_details_22122017,
URGA,Urga,,,,,UNMATCHED,none,NONE,OGD_Train_details_22122017,
MWRN,Madwarani,,,,,UNMATCHED,none,NONE,OGD_Train_details_22122017,
BPRH,Balpur,,,,,UNMATCHED,none,NONE,OGD_Train_details_22122017,
KPNA,Kapan  Halt,,,,,UNMATCHED,none,NONE,OGD_Train_details_22122017,
KTSH,Kotmi Sonar,,,,,UNMATCHED,none,NONE,OGD_Train_details_22122017,
MZH,Mauhari,,,,,UNMATCHED,none,NONE,OGD_Train_details_22122017,
DRSN,Dhurwasin  H,,,,,UNMATCHED,none,NONE,OGD_Train_details_22122017,
HRV,Harrad,,,,,UNMATCHED,none,NONE,OGD_Train_details_22122017,
BATL,Baihatola,,,,,UNMATCHED,none,NONE,OGD_Train_details_22122017,
BRND,Boridand,,,,,UNMATCHED,none,NONE,OGD_Train_details_22122017,
UKR,Udalkachhar,,,,,UNMATCHED,none,NONE,OGD_Train_details_22122017,
NPRD,Nagpur Road,,,,,UNMATCHED,none,NONE,OGD_Train_details_22122017,
DTL,Darritola,,,,,UNMATCHED,none,NONE,OGD_Train_details_22122017,
NGE,Nagar,Anna Nagar West,13.0985386,80.2010061,Q4767370,MATCHED,fuzzy_name,MEDIUM,OGD_Train_details_22122017,OSM_chennai_thoothukudi_stations_raw.geojson
SPDR,Sheoprasad N,,,,,UNMATCHED,none,NONE,OGD_Train_details_22122017,
SJQ,Surajpur Roa,,,,,UNMATCHED,none,NONE,OGD_Train_details_22122017,
KJZ,Karonji,,,,,UNMATCHED,none,NONE,OGD_Train_details_22122017,
KLPG,Kamalpur,,,,,UNMATCHED,none,NONE,OGD_Train_details_22122017,
CHDX,Chhada,,,,,UNMATCHED,none,NONE,OGD_Train_details_22122017,
UDR,Amdara,,,,,UNMATCHED,none,NONE,OGD_Train_details_22122017,
BGHI,Bagahai Road,,,,,UNMATCHED,none,NONE,OGD_Train_details_22122017,
TZR,Turki,,,,,UNMATCHED,none,NONE,OGD_Train_details_22122017,
LJR,Lanji Garh R,,,,,UNMATCHED,none,NONE,OGD_Train_details_22122017,
BMCK,Bissam  Cutt,,,,,UNMATCHED,none,NONE,OGD_Train_details_22122017,
JUJA,Jujomura,,,,,UNMATCHED,none,NONE,OGD_Train_details_22122017,
BAMR,Bamur,,,,,UNMATCHED,none,NONE,OGD_Train_details_22122017,
JRPD,Jarapada,,,,,UNMATCHED,none,NONE,OGD_Train_details_22122017,
ORGA,Orga,Oorgaum,12.9542839,78.2599832,Q63355421,MATCHED,fuzzy_name,MEDIUM,OGD_Train_details_22122017,OSM_chennai_thoothukudi_stations_raw.geojson
PKF,Pokla,,,,,UNMATCHED,none,NONE,OGD_Train_details_22122017,
NKM,Namkom,,,,,UNMATCHED,none,NONE,OGD_Train_details_22122017,
TIS,Tatisilwai,,,,,UNMATCHED,none,NONE,OGD_Train_details_22122017,
KYF,Kajrat Nawad,,,,,UNMATCHED,none,NONE,OGD_Train_details_22122017,
KNPS,Kendposi,,,,,UNMATCHED,none,NONE,OGD_Train_details_22122017,
KIS,Kapilas Road,,,,,UNMATCHED,none,NONE,OGD_Train_details_22122017,
BRAG,Barang Jn.,,,,,UNMATCHED,none,NONE,OGD_Train_details_22122017,
PRDP,Paradeep,,,,,UNMATCHED,none,NONE,OGD_Train_details_22122017,
BDBA,Badabandha R,,,,,UNMATCHED,none,NONE,OGD_Train_details_22122017,
RHMA,Rahama,,,,,UNMATCHED,none,NONE,OGD_Train_details_22122017,
GRKN,Gorakhnath,,,,,UNMATCHED,none,NONE,OGD_Train_details_22122017,
RCTC,Raghunathpur,,,,,UNMATCHED,none,NONE,OGD_Train_details_22122017,
KDRP,Kandarpur,,,,,UNMATCHED,none,NONE,OGD_Train_details_22122017,
DJHR,Deojhar,,,,,UNMATCHED,none,NONE,OGD_Train_details_22122017,
MMVR,Murga-Mahade,,,,,UNMATCHED,none,NONE,OGD_Train_details_22122017,
NYG,Nayagarh,,,,,UNMATCHED,none,NONE,OGD_Train_details_22122017,
PRNR,Porjanpur,,,,,UNMATCHED,none,NONE,OGD_Train_details_22122017,
GADH,Goaldih,,,,,UNMATCHED,none,NONE,OGD_Train_details_22122017,
NANR,Naranpur,,,,,UNMATCHED,none,NONE,OGD_Train_details_22122017,
BSTP,Basantapur,,,,,UNMATCHED,none,NONE,OGD_Train_details_22122017,
STBJ,Sitabanj,,,,,UNMATCHED,none,NONE,OGD_Train_details_22122017,
NKW,Nilakanthewa,,,,,UNMATCHED,none,NONE,OGD_Train_details_22122017,
HCNR,Harichandanp,,,,,UNMATCHED,none,NONE,OGD_Train_details_22122017,
CLDR,Chilikdara,,,,,UNMATCHED,none,NONE,OGD_Train_details_22122017,
SGDP,Sagadapata,,,,,UNMATCHED,none,NONE,OGD_Train_details_22122017,
TGRL,Tangiriapal,,,,,UNMATCHED,none,NONE,OGD_Train_details_22122017,
TMKA,Tomka,,,,,UNMATCHED,none,NONE,OGD_Train_details_22122017,
BGPL,Bhaguapal,,,,,UNMATCHED,none,NONE,OGD_Train_details_22122017,
JKPR,Jakhapura Jn,,,,,UNMATCHED,none,NONE,OGD_Train_details_22122017,
DJX,Dungripali,,,,,UNMATCHED,none,NONE,OGD_Train_details_22122017,
GRCP,G.Ramachandr,Puratchi Thalaivar Dr. M. G. Ramachandran Central,13.0824232,80.2759622,Q257382,MATCHED,fuzzy_name,MEDIUM,OGD_Train_details_22122017,OSM_chennai_thoothukudi_stations_raw.geojson
DPUR,Depur Ph,,,,,UNMATCHED,none,NONE,OGD_Train_details_22122017,
BWIP,Bhawanipatna,,,,,UNMATCHED,none,NONE,OGD_Train_details_22122017,
KTRK,Kuturukhamar,,,,,UNMATCHED,none,NONE,OGD_Train_details_22122017,
JNRD,Junagarh Roa,,,,,UNMATCHED,none,NONE,OGD_Train_details_22122017,
KTGA,Keutigua,,,,,UNMATCHED,none,NONE,OGD_Train_details_22122017,
SKPI,Sikripai,,,,,UNMATCHED,none,NONE,OGD_Train_details_22122017,
BLMK,Bhalumaska,,,,,UNMATCHED,none,NONE,OGD_Train_details_22122017,
LLGM,Leligumma,,,,,UNMATCHED,none,NONE,OGD_Train_details_22122017,
RUL,Ravli,,,,,UNMATCHED,none,NONE,OGD_Train_details_22122017,
SGRM,Singaram,,,,,UNMATCHED,none,NONE,OGD_Train_details_22122017,
BGUA,Baiguda,,,,,UNMATCHED,none,NONE,OGD_Train_details_22122017,
DMRT,Dummuriput,,,,,UNMATCHED,none,NONE,OGD_Train_details_22122017,
CJS,Charamula Ku,,,,,UNMATCHED,none,NONE,OGD_Train_details_22122017,
MRBL,Muri Bahal,,,,,UNMATCHED,none,NONE,OGD_Train_details_22122017,
BSYA,Barkisalaiya,,,,,UNMATCHED,none,NONE,OGD_Train_details_22122017,
SLF,Silli,,,,,UNMATCHED,none,NONE,OGD_Train_details_22122017,
RMF,Ramna,,,,,UNMATCHED,none,NONE,OGD_Train_details_22122017,
TUL,Tiraldih,,,,,UNMATCHED,none,NONE,OGD_Train_details_22122017,
SSIA,Suisa,,,,,UNMATCHED,none,NONE,OGD_Train_details_22122017,
TRAN,Torang,,,,,UNMATCHED,none,NONE,OGD_Train_details_22122017,
GRMA,Ghormara,,,,,UNMATCHED,none,NONE,OGD_Train_details_22122017,
BSKH,Basukinath,,,,,UNMATCHED,none,NONE,OGD_Train_details_22122017,
JAMA,Jama,,,,,UNMATCHED,none,NONE,OGD_Train_details_22122017,
DUMK,Dumka,,,,,UNMATCHED,none,NONE,OGD_Train_details_22122017,
CUX,Chaura Bh,,,,,UNMATCHED,none,NONE,OGD_Train_details_22122017,
DJS,Dhurant Jwas,,,,,UNMATCHED,none,NONE,OGD_Train_details_22122017,
BTV,Baitarani Ro,,,,,UNMATCHED,none,NONE,OGD_Train_details_22122017,
KRIH,Korai Halt,,,,,UNMATCHED,none,NONE,OGD_Train_details_22122017,
KNPR,Kendrapara R,,,,,UNMATCHED,none,NONE,OGD_Train_details_22122017,
PRNC,Purnea Court,,,,,UNMATCHED,none,NONE,OGD_Train_details_22122017,
JNKR,Janakinagar,,,,,UNMATCHED,none,NONE,OGD_Train_details_22122017,
DPL,Danauli Phul,,,,,UNMATCHED,none,NONE,OGD_Train_details_22122017,
SAH,Saphale,,,,,UNMATCHED,none,NONE,OGD_Train_details_22122017,
GVD,Gholvad,,,,,UNMATCHED,none,NONE,OGD_Train_details_22122017,
UBR,Umbergaon Ro,,,,,UNMATCHED,none,NONE,OGD_Train_details_22122017,
SJN,Sanjan,,,,,UNMATCHED,none,NONE,OGD_Train_details_22122017,
BLD,Bhilad,,,,,UNMATCHED,none,NONE,OGD_Train_details_22122017,
UVD,Udvada,,,,,UNMATCHED,none,NONE,OGD_Train_details_22122017,
PAD,Pardi,,,,,UNMATCHED,none,NONE,OGD_Train_details_22122017,
SYN,Sayan,,,,,UNMATCHED,none,NONE,OGD_Train_details_22122017,
PAO,Panoli,,,,,UNMATCHED,none,NONE,OGD_Train_details_22122017,
NIU,Nabipur,,,,,UNMATCHED,none,NONE,OGD_Train_details_22122017,
ITA,Itola,,,,,UNMATCHED,none,NONE,OGD_Train_details_22122017,
VDA,Vasad Jn.,,,,,UNMATCHED,none,NONE,OGD_Train_details_22122017,
KBRV,Kanjari Bori,,,,,UNMATCHED,none,NONE,OGD_Train_details_22122017,
BJD,Barejadi Nan,,,,,UNMATCHED,none,NONE,OGD_Train_details_22122017,
SBT,Sabarmati,,,,,UNMATCHED,none,NONE,OGD_Train_details_22122017,
ABD,Ambli Road,,,,,UNMATCHED,none,NONE,OGD_Train_details_22122017,
SAU,Sanand,,,,,UNMATCHED,none,NONE,OGD_Train_details_22122017,
CE,Chharodi,,,,,UNMATCHED,none,NONE,OGD_Train_details_22122017,
JKA,Jakhvada,,,,,UNMATCHED,none,NONE,OGD_Train_details_22122017,
GOP,Gop Jam,,,,,UNMATCHED,none,NONE,OGD_Train_details_22122017,
BNVD,Bhanvad,,,,,UNMATCHED,none,NONE,OGD_Train_details_22122017,
SKR,Sakhpur,,,,,UNMATCHED,none,NONE,OGD_Train_details_22122017,
RWO,Ranavav,,,,,UNMATCHED,none,NONE,OGD_Train_details_22122017,
CPN,Champaner Ro,,,,,UNMATCHED,none,NONE,OGD_Train_details_22122017,
KRSA,Kharsaliya,,,,,UNMATCHED,none,NONE,OGD_Train_details_22122017,
MAM,Mangalmaudi,,,,,UNMATCHED,none,NONE,OGD_Train_details_22122017,
BIO,Bordi,,,,,UNMATCHED,none,NONE,OGD_Train_details_22122017,
ANAS,Anas,Papanasam,10.9232734,79.2689297,Q63356875,MATCHED,fuzzy_name,MEDIUM,OGD_Train_details_22122017,OSM_chennai_thoothukudi_stations_raw.geojson
PCN,Punch Piplia,,,,,UNMATCHED,none,NONE,OGD_Train_details_22122017,
AGR,Amargarh,,,,,UNMATCHED,none,NONE,OGD_Train_details_22122017,
BOG,Bhairongarh,,,,,UNMATCHED,none,NONE,OGD_Train_details_22122017,
RTI,Raoti,,,,,UNMATCHED,none,NONE,OGD_Train_details_22122017,
BILD,Bildi,,,,,UNMATCHED,none,NONE,OGD_Train_details_22122017,
MRN,Morwani,,,,,UNMATCHED,none,NONE,OGD_Train_details_22122017,
BOD,Bangrod,,,,,UNMATCHED,none,NONE,OGD_Train_details_22122017,
RNH,Runkhera,,,,,UNMATCHED,none,NONE,OGD_Train_details_22122017,
LNR,Lun Richha,,,,,UNMATCHED,none,NONE,OGD_Train_details_22122017,
THUR,Thuria,,,,,UNMATCHED,none,NONE,OGD_Train_details_22122017,
JHW,Jhalawar Roa,,,,,UNMATCHED,none,NONE,OGD_Train_details_22122017,
GQL,Gurla,,,,,UNMATCHED,none,NONE,OGD_Train_details_22122017,
KPTN,Keshorai Pat,,,,,UNMATCHED,none,NONE,OGD_Train_details_22122017,
KPZ,Kapren,,,,,UNMATCHED,none,NONE,OGD_Train_details_22122017,
MLZ,Malarna,,,,,UNMATCHED,none,NONE,OGD_Train_details_22122017,
FSP,Fatehsinghpu,,,,,UNMATCHED,none,NONE,OGD_Train_details_22122017,
VGN,Vangaon,,,,,UNMATCHED,none,NONE,OGD_Train_details_22122017,
KTKL,Kotli Kalan,,,,,UNMATCHED,none,NONE,OGD_Train_details_22122017,
ISM,Ismaila Hary,,,,,UNMATCHED,none,NONE,OGD_Train_details_22122017,
MGLP,Mangolpuri,,,,,UNMATCHED,none,NONE,OGD_Train_details_22122017,
NDN,Nardana,,,,,UNMATCHED,none,NONE,OGD_Train_details_22122017,
DGI,Dungri,,,,,UNMATCHED,none,NONE,OGD_Train_details_22122017,
BJW,Bajva,,,,,UNMATCHED,none,NONE,OGD_Train_details_22122017,
RNO,Ranoli,,,,,UNMATCHED,none,NONE,OGD_Train_details_22122017,
RBS,Rupbas,,,,,UNMATCHED,none,NONE,OGD_Train_details_22122017,
FTS,Fatehpur-Sik,,,,,UNMATCHED,none,NONE,OGD_Train_details_22122017,
KLB,Kiraoli,,,,,UNMATCHED,none,NONE,OGD_Train_details_22122017,
BPU,Bhaupur,,,,,UNMATCHED,none,NONE,OGD_Train_details_22122017,
SNC,Swami Naraya,,,,,UNMATCHED,none,NONE,OGD_Train_details_22122017,
SSDT,Shamshabad T,,,,,UNMATCHED,none,NONE,OGD_Train_details_22122017,
GHSR,Ghasara Halt,,,,,UNMATCHED,none,NONE,OGD_Train_details_22122017,
PJY,Parjani  Hal,,,,,UNMATCHED,none,NONE,OGD_Train_details_22122017,
RMW,Roshan Mau H,,,,,UNMATCHED,none,NONE,OGD_Train_details_22122017,
BDWL,Biradhwal,,,,,UNMATCHED,none,NONE,OGD_Train_details_22122017,
CVR,Chorvad,,,,,UNMATCHED,none,NONE,OGD_Train_details_22122017,
BAH,Bhabhar,,,,,UNMATCHED,none,NONE,OGD_Train_details_22122017,
VRX,Varahi,,,,,UNMATCHED,none,NONE,OGD_Train_details_22122017,
PFL,Piprala,,,,,UNMATCHED,none,NONE,OGD_Train_details_22122017,
PDF,Padampur,,,,,UNMATCHED,none,NONE,OGD_Train_details_22122017,
COE,Chitrod,,,,,UNMATCHED,none,NONE,OGD_Train_details_22122017,
LKZ,Lakdiya,,,,,UNMATCHED,none,NONE,OGD_Train_details_22122017,
BMSB,Bhimasar,,,,,UNMATCHED,none,NONE,OGD_Train_details_22122017,
VJP,Vijaypur,,,,,UNMATCHED,none,NONE,OGD_Train_details_22122017,
PIA,Pipraigaon,,,,,UNMATCHED,none,NONE,OGD_Train_details_22122017,
LTR,Lakhtar,,,,,UNMATCHED,none,NONE,OGD_Train_details_22122017,
MOL,Moliroad,,,,,UNMATCHED,none,NONE,OGD_Train_details_22122017,
DL,Daladi,,,,,UNMATCHED,none,NONE,OGD_Train_details_22122017,
PDH,Padadhari,,,,,UNMATCHED,none,NONE,OGD_Train_details_22122017,
PPR,Pipar Road J,,,,,UNMATCHED,none,NONE,OGD_Train_details_22122017,
SQR,Sultanpur Lo,,,,,UNMATCHED,none,NONE,OGD_Train_details_22122017,
RCF,Rail Coach F,,,,,UNMATCHED,none,NONE,OGD_Train_details_22122017,
KXH,Kapurthala,,,,,UNMATCHED,none,NONE,OGD_Train_details_22122017,
BPRS,Bhogpur Sirw,,,,,UNMATCHED,none,NONE,OGD_Train_details_22122017,
MRTL,Mirthal,,,,,UNMATCHED,none,NONE,OGD_Train_details_22122017,
BHTA,Bhatia,,,,,UNMATCHED,none,NONE,OGD_Train_details_22122017,
MTHP,Mithapur,,,,,UNMATCHED,none,NONE,OGD_Train_details_22122017,
PUO,Pir Umrod,,,,,UNMATCHED,none,NONE,OGD_Train_details_22122017,
KONY,Kisoni,,,,,UNMATCHED,none,NONE,OGD_Train_details_22122017,
BLX,Bolai,,,,,UNMATCHED,none,NONE,OGD_Train_details_22122017,
JBX,Jabri,,,,,UNMATCHED,none,NONE,OGD_Train_details_22122017,
KHDB,Khodiyar,,,,,UNMATCHED,none,NONE,OGD_Train_details_22122017,
DJI,Dhoraji,,,,,UNMATCHED,none,NONE,OGD_Train_details_22122017,
BHY,Bhayavadar,,,,,UNMATCHED,none,NONE,OGD_Train_details_22122017,
PLM,Paneli Moti,,,,,UNMATCHED,none,NONE,OGD_Train_details_22122017,
WAB,Balwa,,,,,UNMATCHED,none,NONE,OGD_Train_details_22122017,
NDT,Nathdwara,,,,,UNMATCHED,none,NONE,OGD_Train_details_22122017,
NJT,Nagercoil To,,,,,UNMATCHED,none,NONE,OGD_Train_details_22122017,
MDJN,Madar Jn,,,,,UNMATCHED,none,NONE,OGD_Train_details_22122017,
CKD,Charkhi Dadr,,,,,UNMATCHED,none,NONE,OGD_Train_details_22122017,
KURJ,Khajauraho,,,,,UNMATCHED,none,NONE,OGD_Train_details_22122017,
SRPJ,Swarupganj,,,,,UNMATCHED,none,NONE,OGD_Train_details_22122017,
NANA,Nana,,,,,UNMATCHED,none,NONE,OGD_Train_details_22122017,
MOI,Mori Bera,,,,,UNMATCHED,none,NONE,OGD_Train_details_22122017,
JAL,Jawali,,,,,UNMATCHED,none,NONE,OGD_Train_details_22122017,
HDA,Hirnoda,,,,,UNMATCHED,none,NONE,OGD_Train_details_22122017,
TL,Tiloniya,,,,,UNMATCHED,none,NONE,OGD_Train_details_22122017,
BDW,Bandanwara,,,,,UNMATCHED,none,NONE,OGD_Train_details_22122017,
JHJ,Jhejhar,,,,,UNMATCHED,none,NONE,OGD_Train_details_22122017,
KLE,Kaithal,,,,,UNMATCHED,none,NONE,OGD_Train_details_22122017,
SNGN,Sanganer,,,,,UNMATCHED,none,NONE,OGD_Train_details_22122017,
GPI,Gajapati Nag,,,,,UNMATCHED,none,NONE,OGD_Train_details_22122017,
SAC,Sanichara,,,,,UNMATCHED,none,NONE,OGD_Train_details_22122017,
MLAR,Malanpur,,,,,UNMATCHED,none,NONE,OGD_Train_details_22122017,
GOA,Gohad Road H,,,,,UNMATCHED,none,NONE,OGD_Train_details_22122017,
SONI,Soni,,,,,UNMATCHED,none,NONE,OGD_Train_details_22122017,
BBTR,Barbatpur,,,,,UNMATCHED,none,NONE,OGD_Train_details_22122017,
KSWR,Kalmeshwar,,,,,UNMATCHED,none,NONE,OGD_Train_details_22122017,
HGL,Harangul,,,,,UNMATCHED,none,NONE,OGD_Train_details_22122017,
TKMG,Tikamgarh,,,,,UNMATCHED,none,NONE,OGD_Train_details_22122017,
MCSC,Maharaja Chh,,,,,UNMATCHED,none,NONE,OGD_Train_details_22122017,
UKA,Ukhra,,,,,UNMATCHED,none,NONE,OGD_Train_details_22122017,
DUJ,Dubrajpur,,,,,UNMATCHED,none,NONE,OGD_Train_details_22122017,
RMB,Rampura Beri,,,,,UNMATCHED,none,NONE,OGD_Train_details_22122017,
AUNG,Aung,,,,,UNMATCHED,none,NONE,OGD_Train_details_22122017,
SSL,Sirsaul,,,,,UNMATCHED,none,NONE,OGD_Train_details_22122017,
API,Akkaraippatt,,,,,UNMATCHED,none,NONE,OGD_Train_details_22122017,
ODC,Oddanchatram,,,,,UNMATCHED,none,NONE,OGD_Train_details_22122017,
CHPT,Chatrappatti,,,,,UNMATCHED,none,NONE,OGD_Train_details_22122017,
HISE,Hirisave,,,,,UNMATCHED,none,NONE,OGD_Train_details_22122017,
GII,Gidhni,,,,,UNMATCHED,none,NONE,OGD_Train_details_22122017,
DVM,Dalbhumgarh,,,,,UNMATCHED,none,NONE,OGD_Train_details_22122017,
NASP,Narasingapal,,,,,UNMATCHED,none,NONE,OGD_Train_details_22122017,
GUG,Garjaipur,,,,,UNMATCHED,none,NONE,OGD_Train_details_22122017,
DSPN,Deshapran Ph,,,,,UNMATCHED,none,NONE,OGD_Train_details_22122017,
PIT,Palitana,,,,,UNMATCHED,none,NONE,OGD_Train_details_22122017,
WTJ,Jamwanthali,,,,,UNMATCHED,none,NONE,OGD_Train_details_22122017,
ALB,Aliyavada,,,,,UNMATCHED,none,NONE,OGD_Train_details_22122017,
KNLS,Kanalus,,,,,UNMATCHED,none,NONE,OGD_Train_details_22122017,
ANPR,Anpara,,,,,UNMATCHED,none,NONE,OGD_Train_details_22122017,
KRSL,Krishnashila,,,,,UNMATCHED,none,NONE,OGD_Train_details_22122017,
SKTN,Shaktinagar,,,,,UNMATCHED,none,NONE,OGD_Train_details_22122017,
SNX,Saneh Road,,,,,UNMATCHED,none,NONE,OGD_Train_details_22122017,
SMPA,Shyampura,,,,,UNMATCHED,none,NONE,OGD_Train_details_22122017,
BLN,Ballygunge J,,,,,UNMATCHED,none,NONE,OGD_Train_details_22122017,
LKF,Lake Gardens,,,,,UNMATCHED,none,NONE,OGD_Train_details_22122017,
TLG,Tolly Ganj,,,,,UNMATCHED,none,NONE,OGD_Train_details_22122017,
NACC,New Alipur (,,,,,UNMATCHED,none,NONE,OGD_Train_details_22122017,
MJT,Majerhat,,,,,UNMATCHED,none,NONE,OGD_Train_details_22122017,
RMTR,Remount Road,,,,,UNMATCHED,none,NONE,OGD_Train_details_22122017,
KIRP,Khidirpur,,,,,UNMATCHED,none,NONE,OGD_Train_details_22122017,
PPGT,Princep Ghat,,,,,UNMATCHED,none,NONE,OGD_Train_details_22122017,
EDG,Eden Gardens,,,,,UNMATCHED,none,NONE,OGD_Train_details_22122017,
BBDB,Benoy Badal,,,,,UNMATCHED,none,NONE,OGD_Train_details_22122017,
BZB,Barra Bazar,,,,,UNMATCHED,none,NONE,OGD_Train_details_22122017,
SOLA,Sovabazar-Ah,,,,,UNMATCHED,none,NONE,OGD_Train_details_22122017,
BBR,Bagh Bazar,,,,,UNMATCHED,none,NONE,OGD_Train_details_22122017,
TALA,Talla,,,,,UNMATCHED,none,NONE,OGD_Train_details_22122017,
PTKR,Patipukur,,,,,UNMATCHED,none,NONE,OGD_Train_details_22122017,
DDJ,Dum Dum Jn.,,,,,UNMATCHED,none,NONE,OGD_Train_details_22122017,
BLH,Belgharia,,,,,UNMATCHED,none,NONE,OGD_Train_details_22122017,
AGP,Agarpara,,,,,UNMATCHED,none,NONE,OGD_Train_details_22122017,
SEP,Sodpur,,,,,UNMATCHED,none,NONE,OGD_Train_details_22122017,
KDH,Khardaha,,,,,UNMATCHED,none,NONE,OGD_Train_details_22122017,
TGH,Tita Garh,,,,,UNMATCHED,none,NONE,OGD_Train_details_22122017,
PTF,Palta,,,,,UNMATCHED,none,NONE,OGD_Train_details_22122017,
IP,Ichhapur,,,,,UNMATCHED,none,NONE,OGD_Train_details_22122017,
SNR,Shyam Nagar,,,,,UNMATCHED,none,NONE,OGD_Train_details_22122017,
JGDL,Jagadal,,,,,UNMATCHED,none,NONE,OGD_Train_details_22122017,
KNR,Kankinara,,,,,UNMATCHED,none,NONE,OGD_Train_details_22122017,
KLYM,Kalyani Sima,,,,,UNMATCHED,none,NONE,OGD_Train_details_22122017,
KLYG,Kalyani Ghos,,,,,UNMATCHED,none,NONE,OGD_Train_details_22122017,
KLYS,Kalyani Silp,,,,,UNMATCHED,none,NONE,OGD_Train_details_22122017,
KYI,Kalyani Jn.,,,,,UNMATCHED,none,NONE,OGD_Train_details_22122017,
KPA,Kanchrapara,,,,,UNMATCHED,none,NONE,OGD_Train_details_22122017,
HLR,Halisahar,,,,,UNMATCHED,none,NONE,OGD_Train_details_22122017,
MPJ,Madanpur,,,,,UNMATCHED,none,NONE,OGD_Train_details_22122017,
SMX,Simurali,,,,,UNMATCHED,none,NONE,OGD_Train_details_22122017,
PXR,Palpara,,,,,UNMATCHED,none,NONE,OGD_Train_details_22122017,
CDH,Chakdaha,,,,,UNMATCHED,none,NONE,OGD_Train_details_22122017,
PDX,Payra Danga,,,,,UNMATCHED,none,NONE,OGD_Train_details_22122017,
HRSR,Harish Nagar,,,,,UNMATCHED,none,NONE,OGD_Train_details_22122017,
BPN,Banpur,,,,,UNMATCHED,none,NONE,OGD_Train_details_22122017,
MIJ,Majhdia,,,,,UNMATCHED,none,NONE,OGD_Train_details_22122017,
TNX,Tarak Nagar,,,,,UNMATCHED,none,NONE,OGD_Train_details_22122017,
MYHT,Mayurhat,,,,,UNMATCHED,none,NONE,OGD_Train_details_22122017,
BGL,Bagula,,,,,UNMATCHED,none,NONE,OGD_Train_details_22122017,
BHNA,Bhaina H,,,,,UNMATCHED,none,NONE,OGD_Train_details_22122017,
BHGH,Bahirgachhi,,,,,UNMATCHED,none,NONE,OGD_Train_details_22122017,
AG,Aranghata,,,,,UNMATCHED,none,NONE,OGD_Train_details_22122017,
PNCB,Panchbheria,,,,,UNMATCHED,none,NONE,OGD_Train_details_22122017,
BNKA,Bankimnagar,,,,,UNMATCHED,none,NONE,OGD_Train_details_22122017,
KLNP,Kalinarayanp,,,,,UNMATCHED,none,NONE,OGD_Train_details_22122017,
BIJ,Birnagar,,,,,UNMATCHED,none,NONE,OGD_Train_details_22122017,
THP,Taherpur,,,,,UNMATCHED,none,NONE,OGD_Train_details_22122017,
BDZ,Badkulla,,,,,UNMATCHED,none,NONE,OGD_Train_details_22122017,
SGBA,Sir Gurudas,,,,,UNMATCHED,none,NONE,OGD_Train_details_22122017,
PQS,Park Circus,,,,,UNMATCHED,none,NONE,OGD_Train_details_22122017,
DDC,Dumdum Canto,,,,,UNMATCHED,none,NONE,OGD_Train_details_22122017,
DGNR,Durganagar,,,,,UNMATCHED,none,NONE,OGD_Train_details_22122017,
BBT,Birati,,,,,UNMATCHED,none,NONE,OGD_Train_details_22122017,
BRPK,Bisharpara-K,,,,,UNMATCHED,none,NONE,OGD_Train_details_22122017,
NBE,New Barrackp,,,,,UNMATCHED,none,NONE,OGD_Train_details_22122017,
MMG,Madhyam Gram,,,,,UNMATCHED,none,NONE,OGD_Train_details_22122017,
HHR,Hridaypur,,,,,UNMATCHED,none,NONE,OGD_Train_details_22122017,
BT,Barasat Jn.,,,,,UNMATCHED,none,NONE,OGD_Train_details_22122017,
DTK,Dattapukur,,,,,UNMATCHED,none,NONE,OGD_Train_details_22122017,
BMG,Bamangachhi,,,,,UNMATCHED,none,NONE,OGD_Train_details_22122017,
KZPR,Kazipara  Ha,,,,,UNMATCHED,none,NONE,OGD_Train_details_22122017,
KBGH,Karea Kadamb,,,,,UNMATCHED,none,NONE,OGD_Train_details_22122017,
BHKA,Bahira Kalib,,,,,UNMATCHED,none,NONE,OGD_Train_details_22122017,
SXC,Sondalia,,,,,UNMATCHED,none,NONE,OGD_Train_details_22122017,
BGRD,Beliaghata R,,,,,UNMATCHED,none,NONE,OGD_Train_details_22122017,
LBTL,Lebutala,,,,,UNMATCHED,none,NONE,OGD_Train_details_22122017,
BSLA,Bhasila,,,,,UNMATCHED,none,NONE,OGD_Train_details_22122017,
HRO,Harua Road,,,,,UNMATCHED,none,NONE,OGD_Train_details_22122017,
KMZA,Kankra Mirza,,,,,UNMATCHED,none,NONE,OGD_Train_details_22122017,
MPE,Malati Pur,,,,,UNMATCHED,none,NONE,OGD_Train_details_22122017,
GGV,Ghovarash Gh,,,,,UNMATCHED,none,NONE,OGD_Train_details_22122017,
CQR,Champapukur,,,,,UNMATCHED,none,NONE,OGD_Train_details_22122017,
BBLA,Bhyabla,,,,,UNMATCHED,none,NONE,OGD_Train_details_22122017,
BSHT,Basirhat,,,,,UNMATCHED,none,NONE,OGD_Train_details_22122017,
MPN,Madhyampur,,,,,UNMATCHED,none,NONE,OGD_Train_details_22122017,
NMDR,Nimdanri,,,,,UNMATCHED,none,NONE,OGD_Train_details_22122017,
TKF,Taki Road,,,,,UNMATCHED,none,NONE,OGD_Train_details_22122017,
HNB,Hasanabad,,,,,UNMATCHED,none,NONE,OGD_Train_details_22122017,
BIRA,Bira,Pattabiram Military Siding,13.1373759,80.0601177,Q63369351,MATCHED,fuzzy_name,MEDIUM,OGD_Train_details_22122017,OSM_chennai_thoothukudi_stations_raw.geojson
GUMA,Guma,,,,,UNMATCHED,none,NONE,OGD_Train_details_22122017,
ASKR,Ashoknagar R,,,,,UNMATCHED,none,NONE,OGD_Train_details_22122017,
HB,Habra,,,,,UNMATCHED,none,NONE,OGD_Train_details_22122017,
BNJ,Bangaon Jn.,,,,,UNMATCHED,none,NONE,OGD_Train_details_22122017,
CDP,Chandpara,,,,,UNMATCHED,none,NONE,OGD_Train_details_22122017,
TKNR,Thakurnagar,,,,,UNMATCHED,none,NONE,OGD_Train_details_22122017,
GBG,Gobardanga,,,,,UNMATCHED,none,NONE,OGD_Train_details_22122017,
MSL,Machhalandap,,,,,UNMATCHED,none,NONE,OGD_Train_details_22122017,
BNAA,Bibhuti Bhus,,,,,UNMATCHED,none,NONE,OGD_Train_details_22122017,
SNHT,Sanhati,,,,,UNMATCHED,none,NONE,OGD_Train_details_22122017,
CHT,Champahati,,,,,UNMATCHED,none,NONE,OGD_Train_details_22122017,
KLKR,Kalikapur,,,,,UNMATCHED,none,NONE,OGD_Train_details_22122017,
BDYP,Bidyadharpur,,,,,UNMATCHED,none,NONE,OGD_Train_details_22122017,
SPR,Sonarpur Jn.,,,,,UNMATCHED,none,NONE,OGD_Train_details_22122017,
NRPR,Narendrapur,,,,,UNMATCHED,none,NONE,OGD_Train_details_22122017,
GIA,Garia,,,,,UNMATCHED,none,NONE,OGD_Train_details_22122017,
BGJT,.Baghajatin,,,,,UNMATCHED,none,NONE,OGD_Train_details_22122017,
JDP,Jadabpur,,,,,UNMATCHED,none,NONE,OGD_Train_details_22122017,
DHK,Dhakuria,,,,,UNMATCHED,none,NONE,OGD_Train_details_22122017,
PLF,Piali,,,,,UNMATCHED,none,NONE,OGD_Train_details_22122017,
GQD,Gourdaha (Ha,,,,,UNMATCHED,none,NONE,OGD_Train_details_22122017,
GOF,Ghutiari Sha,,,,,UNMATCHED,none,NONE,OGD_Train_details_22122017,
SBGR,Subhasgram,,,,,UNMATCHED,none,NONE,OGD_Train_details_22122017,
MAK,Mallikpur,,,,,UNMATCHED,none,NONE,OGD_Train_details_22122017,
BRP,Baruipur Jn.,,,,,UNMATCHED,none,NONE,OGD_Train_details_22122017,
LKPR,Lakshmikanta,,,,,UNMATCHED,none,NONE,OGD_Train_details_22122017,
MDBP,Madhabpur,,,,,UNMATCHED,none,NONE,OGD_Train_details_22122017,
MPRD,Mathurapur R,Mathur,11.3185214,79.2061625,Q63356197,MATCHED,fuzzy_name,MEDIUM,OGD_Train_details_22122017,OSM_chennai_thoothukudi_stations_raw.geojson
JNM,Jaynagar Maj,,,,,UNMATCHED,none,NONE,OGD_Train_details_22122017,
BARU,Baharu F,,,,,UNMATCHED,none,NONE,OGD_Train_details_22122017,
DBT,Dakshin Bara,,,,,UNMATCHED,none,NONE,OGD_Train_details_22122017,
HGA,Hoglahalt E,,,,,UNMATCHED,none,NONE,OGD_Train_details_22122017,
GCN,Gocharan,,,,,UNMATCHED,none,NONE,OGD_Train_details_22122017,
SJPR,Surjyapur,,,,,UNMATCHED,none,NONE,OGD_Train_details_22122017,
DPDP,Dhapdhapi,,,,,UNMATCHED,none,NONE,OGD_Train_details_22122017,
KRXM,Krishnamohan,,,,,UNMATCHED,none,NONE,OGD_Train_details_22122017,
SSRD,Shasan Road,,,,,UNMATCHED,none,NONE,OGD_Train_details_22122017,
BGB,Budge Budge,,,,,UNMATCHED,none,NONE,OGD_Train_details_22122017,
NAI,Nangi,,,,,UNMATCHED,none,NONE,OGD_Train_details_22122017,
AKRA,Akra,,,,,UNMATCHED,none,NONE,OGD_Train_details_22122017,
SSP,Santosh Pur,,,,,UNMATCHED,none,NONE,OGD_Train_details_22122017,
BRJ,Brace Bridge,,,,,UNMATCHED,none,NONE,OGD_Train_details_22122017,
GFAE,Garifa,,,,,UNMATCHED,none,NONE,OGD_Train_details_22122017,
HYG,Hooghly Ghat,,,,,UNMATCHED,none,NONE,OGD_Train_details_22122017,
KLNT,Kalinagar,,,,,UNMATCHED,none,NONE,OGD_Train_details_22122017,
VSPR,Bisnupriya H,,,,,UNMATCHED,none,NONE,OGD_Train_details_22122017,
BFZ,Bhandartikur,,,,,UNMATCHED,none,NONE,OGD_Train_details_22122017,
MTFA,Mertala Phal,,,,,UNMATCHED,none,NONE,OGD_Train_details_22122017,
LKX,Lakshmipur,,,,,UNMATCHED,none,NONE,OGD_Train_details_22122017,
BQY,Belerhat,,,,,UNMATCHED,none,NONE,OGD_Train_details_22122017,
PTAE,Patuli,,,,,UNMATCHED,none,NONE,OGD_Train_details_22122017,
AGAE,Agradwip,,,,,UNMATCHED,none,NONE,OGD_Train_details_22122017,
DHAE,Dainhat,,,,,UNMATCHED,none,NONE,OGD_Train_details_22122017,
SHBA,Sahebtala  H,,,,,UNMATCHED,none,NONE,OGD_Train_details_22122017,
ADST,Adi Saptagra,,,,,UNMATCHED,none,NONE,OGD_Train_details_22122017,
MUG,Magra,,,,,UNMATCHED,none,NONE,OGD_Train_details_22122017,
TLO,Talandu,,,,,UNMATCHED,none,NONE,OGD_Train_details_22122017,
KHN,Khanyan,,,,,UNMATCHED,none,NONE,OGD_Train_details_22122017,
PDA,Pundooah,,,,,UNMATCHED,none,NONE,OGD_Train_details_22122017,
SLG,Simlagarh,,,,,UNMATCHED,none,NONE,OGD_Train_details_22122017,
BCGM,Bainchi Gram,,,,,UNMATCHED,none,NONE,OGD_Train_details_22122017,
BOI,Bainchi,,,,,UNMATCHED,none,NONE,OGD_Train_details_22122017,
DBP,Debipur,,,,,UNMATCHED,none,NONE,OGD_Train_details_22122017,
BGF,Bagila,,,,,UNMATCHED,none,NONE,OGD_Train_details_22122017,
MYM,Memari,,,,,UNMATCHED,none,NONE,OGD_Train_details_22122017,
NMF,Nimo,,,,,UNMATCHED,none,NONE,OGD_Train_details_22122017,
RSLR,Rasulpur,,,,,UNMATCHED,none,NONE,OGD_Train_details_22122017,
PLAE,Palsit,,,,,UNMATCHED,none,NONE,OGD_Train_details_22122017,
SKG,Sakti Garh J,,,,,UNMATCHED,none,NONE,OGD_Train_details_22122017,
GRP,Gangpur,,,,,UNMATCHED,none,NONE,OGD_Train_details_22122017,
KGK,Kankurgachhi,,,,,UNMATCHED,none,NONE,OGD_Train_details_22122017,
HBE,Habibpur,,,,,UNMATCHED,none,NONE,OGD_Train_details_22122017,
FLU,Phulia,,,,,UNMATCHED,none,NONE,OGD_Train_details_22122017,
BTKB,Bathna Kritt,,,,,UNMATCHED,none,NONE,OGD_Train_details_22122017,
STB,Shantipur Jn,,,,,UNMATCHED,none,NONE,OGD_Train_details_22122017,
JKL,Jalalkhali H,,,,,UNMATCHED,none,NONE,OGD_Train_details_22122017,
BPD,Bahadurpur,,,,,UNMATCHED,none,NONE,OGD_Train_details_22122017,
DHU,Dhubulia,,,,,UNMATCHED,none,NONE,OGD_Train_details_22122017,
MGM,Muragachha,,,,,UNMATCHED,none,NONE,OGD_Train_details_22122017,
SVH,Sonadanga,,,,,UNMATCHED,none,NONE,OGD_Train_details_22122017,
PCX,Pagla Chandi,,,,,UNMATCHED,none,NONE,OGD_Train_details_22122017,
BFT,Bhabta,,,,,UNMATCHED,none,NONE,OGD_Train_details_22122017,
SGV,Sargachni,,,,,UNMATCHED,none,NONE,OGD_Train_details_22122017,
KRP,Krishnapur,,,,,UNMATCHED,none,NONE,OGD_Train_details_22122017,
SRJN,Sirajnagar,,,,,UNMATCHED,none,NONE,OGD_Train_details_22122017,
NBPH,New Balrampu,,,,,UNMATCHED,none,NONE,OGD_Train_details_22122017,
SBNM,Subarnamrigi,,,,,UNMATCHED,none,NONE,OGD_Train_details_22122017,
PRTL,Pirtala,,,,,UNMATCHED,none,NONE,OGD_Train_details_22122017,
BARN,Baranagar Ro,,,,,UNMATCHED,none,NONE,OGD_Train_details_22122017,
BLYG,Bally Ghat,,,,,UNMATCHED,none,NONE,OGD_Train_details_22122017,
BLYH,Bally Halt,,,,,UNMATCHED,none,NONE,OGD_Train_details_22122017,
RCD,Rajchandrapu,,,,,UNMATCHED,none,NONE,OGD_Train_details_22122017,
DKAE,Dankuni Jn.,,,,,UNMATCHED,none,NONE,OGD_Train_details_22122017,
GBRA,Gobra,,,,,UNMATCHED,none,NONE,OGD_Train_details_22122017,
JOX,Janai Road,,,,,UNMATCHED,none,NONE,OGD_Train_details_22122017,
BPAE,Begampur,,,,,UNMATCHED,none,NONE,OGD_Train_details_22122017,
BRPA,Barui Para,,,,,UNMATCHED,none,NONE,OGD_Train_details_22122017,
CG,Canning,,,,,UNMATCHED,none,NONE,OGD_Train_details_22122017,
TLX,Taldi,,,,,UNMATCHED,none,NONE,OGD_Train_details_22122017,
BTPG,Betheria Gho,,,,,UNMATCHED,none,NONE,OGD_Train_details_22122017,
NBRN,Naba Raynaga,,,,,UNMATCHED,none,NONE,OGD_Train_details_22122017,
GGP,Gangnapur,,,,,UNMATCHED,none,NONE,OGD_Train_details_22122017,
MAJ,Majhergram,,,,,UNMATCHED,none,NONE,OGD_Train_details_22122017,
AKIP,Akaipur H,,,,,UNMATCHED,none,NONE,OGD_Train_details_22122017,
GN,Gopal Nagar,,,,,UNMATCHED,none,NONE,OGD_Train_details_22122017,
STBB,Satberiahalt,,,,,UNMATCHED,none,NONE,OGD_Train_details_22122017,
CPHT,Coopers Halt,,,,,UNMATCHED,none,NONE,OGD_Train_details_22122017,
URP,Udairampur,,,,,UNMATCHED,none,NONE,OGD_Train_details_22122017,
KLW,Kulpi-Flag,,,,,UNMATCHED,none,NONE,OGD_Train_details_22122017,
KNJI,Karanjali,,,,,UNMATCHED,none,NONE,OGD_Train_details_22122017,
NCP,Nischindapur,,,,,UNMATCHED,none,NONE,OGD_Train_details_22122017,
KHGR,Kashinagar-H,,,,,UNMATCHED,none,NONE,OGD_Train_details_22122017,
KWDP,Kwakdwip,,,,,UNMATCHED,none,NONE,OGD_Train_details_22122017,
NMKA,Namkhana,,,,,UNMATCHED,none,NONE,OGD_Train_details_22122017,
DH,Diamond Harb,,,,,UNMATCHED,none,NONE,OGD_Train_details_22122017,
BSD,Basuldanga,,,,,UNMATCHED,none,NONE,OGD_Train_details_22122017,
NTA,Netra,,,,,UNMATCHED,none,NONE,OGD_Train_details_22122017,
D,Deula,,,,,UNMATCHED,none,NONE,OGD_Train_details_22122017,
MGT,Magrahat,,,,,UNMATCHED,none,NONE,OGD_Train_details_22122017,
HT,Hotar,,,,,UNMATCHED,none,NONE,OGD_Train_details_22122017,
DKDP,Dakshin Durg,,,,,UNMATCHED,none,NONE,OGD_Train_details_22122017,
KYP,Kalyanpur,,,,,UNMATCHED,none,NONE,OGD_Train_details_22122017,
DMU,Dhamua,,,,,UNMATCHED,none,NONE,OGD_Train_details_22122017,
UTN,Uttar Radhan,,,,,UNMATCHED,none,NONE,OGD_Train_details_22122017,
GURN,Gurudas Naga,,,,,UNMATCHED,none,NONE,OGD_Train_details_22122017,
SNU,Sangrampur,,,,,UNMATCHED,none,NONE,OGD_Train_details_22122017,
BHPA,Bahirpuya Ha,,,,,UNMATCHED,none,NONE,OGD_Train_details_22122017,
KMRA,Kamnara,,,,,UNMATCHED,none,NONE,OGD_Train_details_22122017,
KSHT,Khetia,,,,,UNMATCHED,none,NONE,OGD_Train_details_22122017,
CMDG,Chamardighi,,,,,UNMATCHED,none,NONE,OGD_Train_details_22122017,
KJRA,Karjana,,,,,UNMATCHED,none,NONE,OGD_Train_details_22122017,
KJRM,Karjana Gram,,,,,UNMATCHED,none,NONE,OGD_Train_details_22122017,
ARNB,Amarun,,,,,UNMATCHED,none,NONE,OGD_Train_details_22122017,
BTRH,Bhatar,,,,,UNMATCHED,none,NONE,OGD_Train_details_22122017,
BGNA,Balgona,,,,,UNMATCHED,none,NONE,OGD_Train_details_22122017,
SOF,Saota,,,,,UNMATCHED,none,NONE,OGD_Train_details_22122017,
NGX,Negun,,,,,UNMATCHED,none,NONE,OGD_Train_details_22122017,
KCY,Kaichar,,,,,UNMATCHED,none,NONE,OGD_Train_details_22122017,
BCF,Bankapasi,,,,,UNMATCHED,none,NONE,OGD_Train_details_22122017,
SIZ,Shrikhanda,,,,,UNMATCHED,none,NONE,OGD_Train_details_22122017,
SPS,Shripat Shri,,,,,UNMATCHED,none,NONE,OGD_Train_details_22122017,
LLH,Liluah,,,,,UNMATCHED,none,NONE,OGD_Train_details_22122017,
BEQ,Belur,,,,,UNMATCHED,none,NONE,OGD_Train_details_22122017,
BZL,Bela Nagar,,,,,UNMATCHED,none,NONE,OGD_Train_details_22122017,
MBE,Mirzapur Ban,,,,,UNMATCHED,none,NONE,OGD_Train_details_22122017,
BLAE,Balarambati,,,,,UNMATCHED,none,NONE,OGD_Train_details_22122017,
MDSE,Madhusudanpu,,,,,UNMATCHED,none,NONE,OGD_Train_details_22122017,
CDAE,Chandanpur,,,,,UNMATCHED,none,NONE,OGD_Train_details_22122017,
PBZ,Pora Bazar,,,,,UNMATCHED,none,NONE,OGD_Train_details_22122017,
BMAE,Belmuri,,,,,UNMATCHED,none,NONE,OGD_Train_details_22122017,
HIH,Hajigarh,,,,,UNMATCHED,none,NONE,OGD_Train_details_22122017,
GRAE,Gurap,,,,,UNMATCHED,none,NONE,OGD_Train_details_22122017,
JPQ,Jhapandanga,,,,,UNMATCHED,none,NONE,OGD_Train_details_22122017,
JRAE,Jaugram,,,,,UNMATCHED,none,NONE,OGD_Train_details_22122017,
NBAE,Nabagram,,,,,UNMATCHED,none,NONE,OGD_Train_details_22122017,
MSAE,Masagram,,,,,UNMATCHED,none,NONE,OGD_Train_details_22122017,
SHBC,Sibaichandi,,,,,UNMATCHED,none,NONE,OGD_Train_details_22122017,
DNHL,Dhanioiakhal,,,,,UNMATCHED,none,NONE,OGD_Train_details_22122017,
CHC,Chanchai,,,,,UNMATCHED,none,NONE,OGD_Train_details_22122017,
PRAE,Palla Road,,,,,UNMATCHED,none,NONE,OGD_Train_details_22122017,
CRAE,Cheragram Bh,,,,,UNMATCHED,none,NONE,OGD_Train_details_22122017,
BLY,Bally,,,,,UNMATCHED,none,NONE,OGD_Train_details_22122017,
UPA,Uttarpara,,,,,UNMATCHED,none,NONE,OGD_Train_details_22122017,
HMZ,Hindmotor,,,,,UNMATCHED,none,NONE,OGD_Train_details_22122017,
KOG,Konnagar,,,,,UNMATCHED,none,NONE,OGD_Train_details_22122017,
RIS,Rishra,,,,,UNMATCHED,none,NONE,OGD_Train_details_22122017,
BRMH,Belurmath,,,,,UNMATCHED,none,NONE,OGD_Train_details_22122017,
BBAE,Baidyabati,,,,,UNMATCHED,none,NONE,OGD_Train_details_22122017,
BHR,Bhadreshwar,,,,,UNMATCHED,none,NONE,OGD_Train_details_22122017,
MUU,Mankundu,,,,,UNMATCHED,none,NONE,OGD_Train_details_22122017,
HGY,Hooghly,,,,,UNMATCHED,none,NONE,OGD_Train_details_22122017,
DEA,Diara,,,,,UNMATCHED,none,NONE,OGD_Train_details_22122017,
NSF,Nasibpur,,,,,UNMATCHED,none,NONE,OGD_Train_details_22122017,
SIU,Singur,,,,,UNMATCHED,none,NONE,OGD_Train_details_22122017,
KQLS,Kamarkundu H,,,,,UNMATCHED,none,NONE,OGD_Train_details_22122017,
NKL,Nalikul,,,,,UNMATCHED,none,NONE,OGD_Train_details_22122017,
MLYA,Maliya,,,,,UNMATCHED,none,NONE,OGD_Train_details_22122017,
HPL,Hari Pal,,,,,UNMATCHED,none,NONE,OGD_Train_details_22122017,
KKAE,Kaikala,,,,,UNMATCHED,none,NONE,OGD_Train_details_22122017,
BAHW,Bahir Khanda,,,,,UNMATCHED,none,NONE,OGD_Train_details_22122017,
LOK,Loknath,,,,,UNMATCHED,none,NONE,OGD_Train_details_22122017,
TAK,Tarakeshwar,,,,,UNMATCHED,none,NONE,OGD_Train_details_22122017,
MAYP,Mayapur,,,,,UNMATCHED,none,NONE,OGD_Train_details_22122017,
AMBG,Arambag,,,,,UNMATCHED,none,NONE,OGD_Train_details_22122017,
TLPH,Talpur,,,,,UNMATCHED,none,NONE,OGD_Train_details_22122017,
TKPH,Takipur Halt,,,,,UNMATCHED,none,NONE,OGD_Train_details_22122017,
PDPK,Padmapukur,,,,,UNMATCHED,none,NONE,OGD_Train_details_22122017,
TPKR,Tikiapara,,,,,UNMATCHED,none,NONE,OGD_Train_details_22122017,
DSNR,Dashnagar,,,,,UNMATCHED,none,NONE,OGD_Train_details_22122017,
RMJ,Ramrajatala,,,,,UNMATCHED,none,NONE,OGD_Train_details_22122017,
MRGM,Maurigram,,,,,UNMATCHED,none,NONE,OGD_Train_details_22122017,
SEL,Sankrail,,,,,UNMATCHED,none,NONE,OGD_Train_details_22122017,
ABB,Abada,,,,,UNMATCHED,none,NONE,OGD_Train_details_22122017,
NALR,Nalpur,,,,,UNMATCHED,none,NONE,OGD_Train_details_22122017,
BVA,Bauria Jn,,,,,UNMATCHED,none,NONE,OGD_Train_details_22122017,
CGA,Chengel,,,,,UNMATCHED,none,NONE,OGD_Train_details_22122017,
FLR,Fuleswar,,,,,UNMATCHED,none,NONE,OGD_Train_details_22122017,
BSBP,Birshibpur,,,,,UNMATCHED,none,NONE,OGD_Train_details_22122017,
KGY,Kulgachia,,,,,UNMATCHED,none,NONE,OGD_Train_details_22122017,
GGTA,Ghoraghata,,,,,UNMATCHED,none,NONE,OGD_Train_details_22122017,
DTE,Deulti,,,,,UNMATCHED,none,NONE,OGD_Train_details_22122017,
KIG,Kolaghat,,,,,UNMATCHED,none,NONE,OGD_Train_details_22122017,
NDGJ,Nandaigajan,,,,,UNMATCHED,none,NONE,OGD_Train_details_22122017,
BOP,Bhogpur,,,,,UNMATCHED,none,NONE,OGD_Train_details_22122017,
NPMR,Narayan Paku,,,,,UNMATCHED,none,NONE,OGD_Train_details_22122017,
RGX,Raghunathbar,,,,,UNMATCHED,none,NONE,OGD_Train_details_22122017,
RGA,Rajagoda,,,,,UNMATCHED,none,NONE,OGD_Train_details_22122017,
SMTG,Sahid Matang,,,,,UNMATCHED,none,NONE,OGD_Train_details_22122017,
KSBP,Keshabpur,,,,,UNMATCHED,none,NONE,OGD_Train_details_22122017,
SSPH,Satish Saman,,,,,UNMATCHED,none,NONE,OGD_Train_details_22122017,
MSDL,Mahisadal,,,,,UNMATCHED,none,NONE,OGD_Train_details_22122017,
BRDB,Barda,,,,,UNMATCHED,none,NONE,OGD_Train_details_22122017,
BYSA,Basulya Suta,,,,,UNMATCHED,none,NONE,OGD_Train_details_22122017,
DZK,Durgachak,,,,,UNMATCHED,none,NONE,OGD_Train_details_22122017,
BAAR,Bandar Ph,,,,,UNMATCHED,none,NONE,OGD_Train_details_22122017,
KHAI,Khirai,,,,,UNMATCHED,none,NONE,OGD_Train_details_22122017,
HAUR,Haur,,,,,UNMATCHED,none,NONE,OGD_Train_details_22122017,
RDU,Radhamohanpu,,,,,UNMATCHED,none,NONE,OGD_Train_details_22122017,
DUAN,Duan,,,,,UNMATCHED,none,NONE,OGD_Train_details_22122017,
BCK,Balichak,,,,,UNMATCHED,none,NONE,OGD_Train_details_22122017,
SMCK,Shyam Chak,,,,,UNMATCHED,none,NONE,OGD_Train_details_22122017,
MPD,Madpur,,,,,UNMATCHED,none,NONE,OGD_Train_details_22122017,
JPR,Jakpur,,,,,UNMATCHED,none,NONE,OGD_Train_details_22122017,
AMZ,Amta,,,,,UNMATCHED,none,NONE,OGD_Train_details_22122017,
HDC,Harishdadpur,,,,,UNMATCHED,none,NONE,OGD_Train_details_22122017,
JLI,Jalalsi Ph,,,,,UNMATCHED,none,NONE,OGD_Train_details_22122017,
MJH,Maju (Ph),,,,,UNMATCHED,none,NONE,OGD_Train_details_22122017,
MHLN,Mahendralaln,,,,,UNMATCHED,none,NONE,OGD_Train_details_22122017,
MNH,Munsirhat Ph,,,,,UNMATCHED,none,NONE,OGD_Train_details_22122017,
PTHL,Pantihal Ph,,,,,UNMATCHED,none,NONE,OGD_Train_details_22122017,
BAC,Bargachia,,,,,UNMATCHED,none,NONE,OGD_Train_details_22122017,
DKB,Dakshinbari,,,,,UNMATCHED,none,NONE,OGD_Train_details_22122017,
DJR,Domjur,,,,,UNMATCHED,none,NONE,OGD_Train_details_22122017,
DMJR,Domjur Road,,,,,UNMATCHED,none,NONE,OGD_Train_details_22122017,
MDC,Makardaha,,,,,UNMATCHED,none,NONE,OGD_Train_details_22122017,
JLBR,Jhaluarbar,,,,,UNMATCHED,none,NONE,OGD_Train_details_22122017,
DNI,Dansi Ph,,,,,UNMATCHED,none,NONE,OGD_Train_details_22122017,
KONA,Kona Ph,,,,,UNMATCHED,none,NONE,OGD_Train_details_22122017,
BKNM,Bankra Nayab,,,,,UNMATCHED,none,NONE,OGD_Train_details_22122017,
PWU,Paranur,,,,,UNMATCHED,none,NONE,OGD_Train_details_22122017,
RDY,Reddipalaiya,,,,,UNMATCHED,none,NONE,OGD_Train_details_22122017,
VB,Villiambakka,,,,,UNMATCHED,none,NONE,OGD_Train_details_22122017,
NTT,Nathapettai,,,,,UNMATCHED,none,NONE,OGD_Train_details_22122017,
MMCC,Moor Market,,,,,UNMATCHED,none,NONE,OGD_Train_details_22122017,
KAVM,Kathivakkam,,,,,UNMATCHED,none,NONE,OGD_Train_details_22122017,
ENR,Ennore,,,,,UNMATCHED,none,NONE,OGD_Train_details_22122017,
AIPP,Attipattu Pu,,,,,UNMATCHED,none,NONE,OGD_Train_details_22122017,
AIP,Attipattu,,,,,UNMATCHED,none,NONE,OGD_Train_details_22122017,
NPKM,Nandiyambakk,,,,,UNMATCHED,none,NONE,OGD_Train_details_22122017,
MJR,Minjur,,,,,UNMATCHED,none,NONE,OGD_Train_details_22122017,
APB,Anuppambattu,,,,,UNMATCHED,none,NONE,OGD_Train_details_22122017,
PON,Ponneri,,,,,UNMATCHED,none,NONE,OGD_Train_details_22122017,
KVP,Kavaraippett,,,,,UNMATCHED,none,NONE,OGD_Train_details_22122017,
ELR,Elavur,,,,,UNMATCHED,none,NONE,OGD_Train_details_22122017,
AKM,Arambakkam,,,,,UNMATCHED,none,NONE,OGD_Train_details_22122017,
TADA,Tada,Chintadaripet,13.0737952,80.2738611,Q5101294,MATCHED,fuzzy_name,MEDIUM,OGD_Train_details_22122017,OSM_chennai_thoothukudi_stations_raw.geojson
AKAT,Akkampet,,,,,UNMATCHED,none,NONE,OGD_Train_details_22122017,
VPY,Veysarpadi,,,,,UNMATCHED,none,NONE,OGD_Train_details_22122017,
PRWS,Pattabiram W,,,,,UNMATCHED,none,NONE,OGD_Train_details_22122017,
PTLR,Puttlur,,,,,UNMATCHED,none,NONE,OGD_Train_details_22122017,
SPAM,Senjipanamba,,,,,UNMATCHED,none,NONE,OGD_Train_details_22122017,
EGT,Egattur,Attur,11.595226,78.5935039,Q63371891,MATCHED,fuzzy_name,MEDIUM,OGD_Train_details_22122017,OSM_chennai_thoothukudi_stations_raw.geojson
AJJN,Arakkonam No,,,,,UNMATCHED,none,NONE,OGD_Train_details_22122017,
LKPL,Lakdi Ka Pul,,,,,UNMATCHED,none,NONE,OGD_Train_details_22122017,
KQD,Khairatabad,,,,,UNMATCHED,none,NONE,OGD_Train_details_22122017,
NLRD,Necklace Roa,,,,,UNMATCHED,none,NONE,OGD_Train_details_22122017,
NCHS,Nature Cure,,,,,UNMATCHED,none,NONE,OGD_Train_details_22122017,
FNB,Fatehnagar,,,,,UNMATCHED,none,NONE,OGD_Train_details_22122017,
BTNR,Bharatnagar,,,,,UNMATCHED,none,NONE,OGD_Train_details_22122017,
BRBD,Borabanda,,,,,UNMATCHED,none,NONE,OGD_Train_details_22122017,
HTCY,Hitech City,,,,,UNMATCHED,none,NONE,OGD_Train_details_22122017,
HFZ,Hafizpeta,,,,,UNMATCHED,none,NONE,OGD_Train_details_22122017,
CDNR,Chandanagar,,,,,UNMATCHED,none,NONE,OGD_Train_details_22122017,
HPG,Huppuguda,,,,,UNMATCHED,none,NONE,OGD_Train_details_22122017,
YKA,Yakut Pura,,,,,UNMATCHED,none,NONE,OGD_Train_details_22122017,
DQR,Dabir Pura,,,,,UNMATCHED,none,NONE,OGD_Train_details_22122017,
VAR,Vidya Nagar,,,,,UNMATCHED,none,NONE,OGD_Train_details_22122017,
JOO,Jamai-Osmani,,,,,UNMATCHED,none,NONE,OGD_Train_details_22122017,
ATC,Arts Collage,,,,,UNMATCHED,none,NONE,OGD_Train_details_22122017,
JET,James Street,,,,,UNMATCHED,none,NONE,OGD_Train_details_22122017,
SJVP,Sanjivaiah P,,,,,UNMATCHED,none,NONE,OGD_Train_details_22122017,
NIV,Nivasar,,,,,UNMATCHED,none,NONE,OGD_Train_details_22122017,
VRLI,Veravali,,,,,UNMATCHED,none,NONE,OGD_Train_details_22122017,
SUAL,Saundal,,,,,UNMATCHED,none,NONE,OGD_Train_details_22122017,
ZARP,Zarap,,,,,UNMATCHED,none,NONE,OGD_Train_details_22122017,
MADR,Madure (H),,,,,UNMATCHED,none,NONE,OGD_Train_details_22122017,
VEN,Verna,,,,,UNMATCHED,none,NONE,OGD_Train_details_22122017,
MJO,Majorde Jn.,,,,,UNMATCHED,none,NONE,OGD_Train_details_22122017,
SRVX,Suravali (H),,,,,UNMATCHED,none,NONE,OGD_Train_details_22122017,
DIVA,Diva Jn,,,,,UNMATCHED,none,NONE,OGD_Train_details_22122017,
DTVL,Dativli,,,,,UNMATCHED,none,NONE,OGD_Train_details_22122017,
NIIJ,Nilje,,,,,UNMATCHED,none,NONE,OGD_Train_details_22122017,
TPND,Talaja Panch,,,,,UNMATCHED,none,NONE,OGD_Train_details_22122017,
NVRD,Navade Road,,,,,UNMATCHED,none,NONE,OGD_Train_details_22122017,
KLMG,Kalamboli,,,,,UNMATCHED,none,NONE,OGD_Train_details_22122017,
SMNE,Somtane,,,,,UNMATCHED,none,NONE,OGD_Train_details_22122017,
RSYI,Rasayani,,,,,UNMATCHED,none,NONE,OGD_Train_details_22122017,
APTA,Apta,,,,,UNMATCHED,none,NONE,OGD_Train_details_22122017,
JITE,Jite,,,,,UNMATCHED,none,NONE,OGD_Train_details_22122017,
HMRR,Hamarapur,,,,,UNMATCHED,none,NONE,OGD_Train_details_22122017,
PEN,Pen,,,,,UNMATCHED,none,NONE,OGD_Train_details_22122017,
KASU,Kasu,,,,,UNMATCHED,none,NONE,OGD_Train_details_22122017,
NGTN,Nagothane,,,,,UNMATCHED,none,NONE,OGD_Train_details_22122017,
NIDI,Nidi,,,,,UNMATCHED,none,NONE,OGD_Train_details_22122017,
KOL,Kolad,,,,,UNMATCHED,none,NONE,OGD_Train_details_22122017,
INP,Indapur,,,,,UNMATCHED,none,NONE,OGD_Train_details_22122017,
GNO,Goregaon Roa,,,,,UNMATCHED,none,NONE,OGD_Train_details_22122017,
SAPE,Sape-Wamne (,,,,,UNMATCHED,none,NONE,OGD_Train_details_22122017,
KFD,Karanjadi,,,,,UNMATCHED,none,NONE,OGD_Train_details_22122017,
VINH,Vinhere,,,,,UNMATCHED,none,NONE,OGD_Train_details_22122017,
DWV,Diwan Khavat,,,,,UNMATCHED,none,NONE,OGD_Train_details_22122017,
ANO,Anjani,,,,,UNMATCHED,none,NONE,OGD_Train_details_22122017,
KMAH,Kamathe,,,,,UNMATCHED,none,NONE,OGD_Train_details_22122017,
UKC,Uksi,,,,,UNMATCHED,none,NONE,OGD_Train_details_22122017,
BOKE,Bhoke,,,,,UNMATCHED,none,NONE,OGD_Train_details_22122017,
ULNR,Ulhasnagar,,,,,UNMATCHED,none,NONE,OGD_Train_details_22122017,
ABH,Ambernath,,,,,UNMATCHED,none,NONE,OGD_Train_details_22122017,
BUD,Badlapur,,,,,UNMATCHED,none,NONE,OGD_Train_details_22122017,
KMST,Kamshet,,,,,UNMATCHED,none,NONE,OGD_Train_details_22122017,
DAPD,Dapodi,,,,,UNMATCHED,none,NONE,OGD_Train_details_22122017,
AKRD,Akurdi,,,,,UNMATCHED,none,NONE,OGD_Train_details_22122017,
VDN,Vadgaon,,,,,UNMATCHED,none,NONE,OGD_Train_details_22122017,
TVL,Tadwal,,,,,UNMATCHED,none,NONE,OGD_Train_details_22122017,
LHN,Lachyan,,,,,UNMATCHED,none,NONE,OGD_Train_details_22122017,
MNL,Minchnal,,,,,UNMATCHED,none,NONE,OGD_Train_details_22122017,
SGND,Shrigonda Ro,,,,,UNMATCHED,none,NONE,OGD_Train_details_22122017,
VPR,Visapur,,,,,UNMATCHED,none,NONE,OGD_Train_details_22122017,
RRI,Rahuri,,,,,UNMATCHED,none,NONE,OGD_Train_details_22122017,
BFJ,Bhoras Budru,,,,,UNMATCHED,none,NONE,OGD_Train_details_22122017,
JMD,Jamdha,,,,,UNMATCHED,none,NONE,OGD_Train_details_22122017,
RM,Rajmane,,,,,UNMATCHED,none,NONE,OGD_Train_details_22122017,
MWK,Mordad Tanda,,,,,UNMATCHED,none,NONE,OGD_Train_details_22122017,
SHF,Shirud,,,,,UNMATCHED,none,NONE,OGD_Train_details_22122017,
BRVR,Borvihir,,,,,UNMATCHED,none,NONE,OGD_Train_details_22122017,
MHAD,Mohadi Praga,,,,,UNMATCHED,none,NONE,OGD_Train_details_22122017,
DHI,Dhule,,,,,UNMATCHED,none,NONE,OGD_Train_details_22122017,
BNOD,Benoda,,,,,UNMATCHED,none,NONE,OGD_Train_details_22122017,
PAAL,Pala,Palayam.I,10.7188161,78.1292088,Q55628428,MATCHED,fuzzy_name,MEDIUM,OGD_Train_details_22122017,OSM_chennai_thoothukudi_stations_raw.geojson
SHAD,Shahad,,,,,UNMATCHED,none,NONE,OGD_Train_details_22122017,
ABY,Ambivli,,,,,UNMATCHED,none,NONE,OGD_Train_details_22122017,
TLA,Titvala,,,,,UNMATCHED,none,NONE,OGD_Train_details_22122017,
KDV,Khadavali,,,,,UNMATCHED,none,NONE,OGD_Train_details_22122017,
VSD,Vasind,,,,,UNMATCHED,none,NONE,OGD_Train_details_22122017,
ASO,Asangaon,,,,,UNMATCHED,none,NONE,OGD_Train_details_22122017,
ATG,Atgaon,,,,,UNMATCHED,none,NONE,OGD_Train_details_22122017,
KE,Khardi,,,,,UNMATCHED,none,NONE,OGD_Train_details_22122017,
GO,Ghoti,,,,,UNMATCHED,none,NONE,OGD_Train_details_22122017,
PI,Padli,,,,,UNMATCHED,none,NONE,OGD_Train_details_22122017,
AV,Asvali,,,,,UNMATCHED,none,NONE,OGD_Train_details_22122017,
LT,Lahavit,,,,,UNMATCHED,none,NONE,OGD_Train_details_22122017,
ODHA,Odha,,,,,UNMATCHED,none,NONE,OGD_Train_details_22122017,
KW,Khervadi,,,,,UNMATCHED,none,NONE,OGD_Train_details_22122017,
KBSN,Kasbe Sukene,,,,,UNMATCHED,none,NONE,OGD_Train_details_22122017,
UGN,Ugaon,,,,,UNMATCHED,none,NONE,OGD_Train_details_22122017,
SUM,Summit,,,,,UNMATCHED,none,NONE,OGD_Train_details_22122017,
PNV,Panevadi,,,,,UNMATCHED,none,NONE,OGD_Train_details_22122017,
HSL,Hisvahal,,,,,UNMATCHED,none,NONE,OGD_Train_details_22122017,
PJN,Panjhan,,,,,UNMATCHED,none,NONE,OGD_Train_details_22122017,
PKE,Pimpar Khed,,,,,UNMATCHED,none,NONE,OGD_Train_details_22122017,
NI,Naydongri,,,,,UNMATCHED,none,NONE,OGD_Train_details_22122017,
HPR,Hirapur,,,,,UNMATCHED,none,NONE,OGD_Train_details_22122017,
VGL,Vaghli,,,,,UNMATCHED,none,NONE,OGD_Train_details_22122017,
NGD,Nagardevla,,,,,UNMATCHED,none,NONE,OGD_Train_details_22122017,
GAA,Galan,,,,,UNMATCHED,none,NONE,OGD_Train_details_22122017,
PHQ,Pardhade,,,,,UNMATCHED,none,NONE,OGD_Train_details_22122017,
MYJ,Maheji,,,,,UNMATCHED,none,NONE,OGD_Train_details_22122017,
MWD,Mhasavad,,,,,UNMATCHED,none,NONE,OGD_Train_details_22122017,
SS,Shirsoli,,,,,UNMATCHED,none,NONE,OGD_Train_details_22122017,
BDI,Bhadli,,,,,UNMATCHED,none,NONE,OGD_Train_details_22122017,
DSK,Duskheda,,,,,UNMATCHED,none,NONE,OGD_Train_details_22122017,
WGA,Waghoda,,,,,UNMATCHED,none,NONE,OGD_Train_details_22122017,
AGQ,Asirgarh Roa,,,,,UNMATCHED,none,NONE,OGD_Train_details_22122017,
CDI,Chandni,,,,,UNMATCHED,none,NONE,OGD_Train_details_22122017,
MWA,Mandva,,,,,UNMATCHED,none,NONE,OGD_Train_details_22122017,
SXA,Sagphata,,,,,UNMATCHED,none,NONE,OGD_Train_details_22122017,
DGN,Dongargaon,,,,,UNMATCHED,none,NONE,OGD_Train_details_22122017,
KDK,Kohdad,,,,,UNMATCHED,none,NONE,OGD_Train_details_22122017,
BMA,Bagmar,,,,,UNMATCHED,none,NONE,OGD_Train_details_22122017,
BRGJ,Bargaon Guja,,,,,UNMATCHED,none,NONE,OGD_Train_details_22122017,
MTA,Mathela,,,,,UNMATCHED,none,NONE,OGD_Train_details_22122017,
CKKD,Charkeda Khu,,,,,UNMATCHED,none,NONE,OGD_Train_details_22122017,
DRHI,Dagarkhedi,,,,,UNMATCHED,none,NONE,OGD_Train_details_22122017,
BRI,Bhiringi,,,,,UNMATCHED,none,NONE,OGD_Train_details_22122017,
MUO,Masangaon,,,,,UNMATCHED,none,NONE,OGD_Train_details_22122017,
PAL,Palasner,,,,,UNMATCHED,none,NONE,OGD_Train_details_22122017,
CRK,Charkheda,,,,,UNMATCHED,none,NONE,OGD_Train_details_22122017,
PGL,Pagdhal,,,,,UNMATCHED,none,NONE,OGD_Train_details_22122017,
BIF,Bhaironpur,,,,,UNMATCHED,none,NONE,OGD_Train_details_22122017,
DKI,Dharam Kundi,,,,,UNMATCHED,none,NONE,OGD_Train_details_22122017,
DRA,Dulariya,,,,,UNMATCHED,none,NONE,OGD_Train_details_22122017,
ACG,Achegaon,,,,,UNMATCHED,none,NONE,OGD_Train_details_22122017,
KLHD,Kolhadi,,,,,UNMATCHED,none,NONE,OGD_Train_details_22122017,
KMKD,Khamkhed,,,,,UNMATCHED,none,NONE,OGD_Train_details_22122017,
WADO,Wadoda,,,,,UNMATCHED,none,NONE,OGD_Train_details_22122017,
BIS,Biswa Bridge,,,,,UNMATCHED,none,NONE,OGD_Train_details_22122017,
KJL,Khumgaon Bur,,,,,UNMATCHED,none,NONE,OGD_Train_details_22122017,
NGZ,Shri-Kshetra,,,,,UNMATCHED,none,NONE,OGD_Train_details_22122017,
GAO,Gaigaon,,,,,UNMATCHED,none,NONE,OGD_Train_details_22122017,
YAD,Yeulkhed,,,,,UNMATCHED,none,NONE,OGD_Train_details_22122017,
BGN,Borgaon,,,,,UNMATCHED,none,NONE,OGD_Train_details_22122017,
KTP,Katepurna,,,,,UNMATCHED,none,NONE,OGD_Train_details_22122017,
MANA,Mana,Manavur,13.096372,79.8012593,Q63355904,MATCHED,fuzzy_name,MEDIUM,OGD_Train_details_22122017,OSM_chennai_thoothukudi_stations_raw.geojson
MNDA,Mandura,,,,,UNMATCHED,none,NONE,OGD_Train_details_22122017,
KUM,Kuram,,,,,UNMATCHED,none,NONE,OGD_Train_details_22122017,
TKI,Takli,,,,,UNMATCHED,none,NONE,OGD_Train_details_22122017,
SXF,Sobhapur,,,,,UNMATCHED,none,NONE,OGD_Train_details_22122017,
JHT,Juneta,,,,,UNMATCHED,none,NONE,OGD_Train_details_22122017,
KFY,Karapgaon,,,,,UNMATCHED,none,NONE,OGD_Train_details_22122017,
GPC,Ghatpindrai,,,,,UNMATCHED,none,NONE,OGD_Train_details_22122017,
MDRR,Madhavnagar,,,,,UNMATCHED,none,NONE,OGD_Train_details_22122017,
PTWA,Patwara,,,,,UNMATCHED,none,NONE,OGD_Train_details_22122017,
PKRD,Pakariya Roa,,,,,UNMATCHED,none,NONE,OGD_Train_details_22122017,
BUU,Bhadanpur,,,,,UNMATCHED,none,NONE,OGD_Train_details_22122017,
LGCE,Lagargawan,,,,,UNMATCHED,none,NONE,OGD_Train_details_22122017,
SAGM,Sagma,,,,,UNMATCHED,none,NONE,OGD_Train_details_22122017,
KTHA,Khutha,,,,,UNMATCHED,none,NONE,OGD_Train_details_22122017,
CTHR,Chitahara,,,,,UNMATCHED,none,NONE,OGD_Train_details_22122017,
TKYR,Tikariya,,,,,UNMATCHED,none,NONE,OGD_Train_details_22122017,
MKD,Markundi,,,,,UNMATCHED,none,NONE,OGD_Train_details_22122017,
PNHI,Panhai,,,,,UNMATCHED,none,NONE,OGD_Train_details_22122017,
KTDD,Kataiya Dand,,,,,UNMATCHED,none,NONE,OGD_Train_details_22122017,
MJHR,Majhiari,,,,,UNMATCHED,none,NONE,OGD_Train_details_22122017,
LOG,Lohgara,,,,,UNMATCHED,none,NONE,OGD_Train_details_22122017,
MFX,Madaraha,,,,,UNMATCHED,none,NONE,OGD_Train_details_22122017,
IDGJ,Iradatganj,,,,,UNMATCHED,none,NONE,OGD_Train_details_22122017,
LKJN,Link Jn Cabi,,,,,UNMATCHED,none,NONE,OGD_Train_details_22122017,
CHJC,Chitoda,,,,,UNMATCHED,none,NONE,OGD_Train_details_22122017,
BPK,Bhugaon,,,,,UNMATCHED,none,NONE,OGD_Train_details_22122017,
SNN,Sonegaon,,,,,UNMATCHED,none,NONE,OGD_Train_details_22122017,
WG,Wagholi,,,,,UNMATCHED,none,NONE,OGD_Train_details_22122017,
NGI,Nagri,,,,,UNMATCHED,none,NONE,OGD_Train_details_22122017,
CKNI,Chikni Road,,,,,UNMATCHED,none,NONE,OGD_Train_details_22122017,
TAE,Tadali Jn.,,,,,UNMATCHED,none,NONE,OGD_Train_details_22122017,
BUPH,Babupeth,,,,,UNMATCHED,none,NONE,OGD_Train_details_22122017,
VVKN,Vivekananda,,,,,UNMATCHED,none,NONE,OGD_Train_details_22122017,
CPW,Chotipadoli,,,,,UNMATCHED,none,NONE,OGD_Train_details_22122017,
TMT,Timtala,,,,,UNMATCHED,none,NONE,OGD_Train_details_22122017,
MLR,Malkhed,,,,,UNMATCHED,none,NONE,OGD_Train_details_22122017,
TLN,Talni,,,,,UNMATCHED,none,NONE,OGD_Train_details_22122017,
KAOT,Kaotha,,,,,UNMATCHED,none,NONE,OGD_Train_details_22122017,
DAE,Dahegaon,,,,,UNMATCHED,none,NONE,OGD_Train_details_22122017,
DIP,Dipore,,,,,UNMATCHED,none,NONE,OGD_Train_details_22122017,
BYS,Barsali,,,,,UNMATCHED,none,NONE,OGD_Train_details_22122017,
MALK,Malkapur Roa,,,,,UNMATCHED,none,NONE,OGD_Train_details_22122017,
LLD,Lalawadi,,,,,UNMATCHED,none,NONE,OGD_Train_details_22122017,
JMV,Jambara,,,,,UNMATCHED,none,NONE,OGD_Train_details_22122017,
BCRD,Barchhi Road,,,,,UNMATCHED,none,NONE,OGD_Train_details_22122017,
BQM,Barelipar,,,,,UNMATCHED,none,NONE,OGD_Train_details_22122017,
MKDN,Markadhana,,,,,UNMATCHED,none,NONE,OGD_Train_details_22122017,
HRG,Hirdagarh,,,,,UNMATCHED,none,NONE,OGD_Train_details_22122017,
PCLI,Palachauri,,,,,UNMATCHED,none,NONE,OGD_Train_details_22122017,
IKR,Iklehra,,,,,UNMATCHED,none,NONE,OGD_Train_details_22122017,
KUX,Khirasdoh Jn,,,,,UNMATCHED,none,NONE,OGD_Train_details_22122017,
GNW,Gangiwara,,,,,UNMATCHED,none,NONE,OGD_Train_details_22122017,
VADR,Varud,,,,,UNMATCHED,none,NONE,OGD_Train_details_22122017,
SLOR,Seloo Road,,,,,UNMATCHED,none,NONE,OGD_Train_details_22122017,
BOK,Borkhedi,,,,,UNMATCHED,none,NONE,OGD_Train_details_22122017,
GMG,Gumgaon,,,,,UNMATCHED,none,NONE,OGD_Train_details_22122017,
KRI,Khapri,,,,,UNMATCHED,none,NONE,OGD_Train_details_22122017,
GNQ,Godhani,,,,,UNMATCHED,none,NONE,OGD_Train_details_22122017,
BWRA,Bharatwada,,,,,UNMATCHED,none,NONE,OGD_Train_details_22122017,
KOHL,Kohli,,,,,UNMATCHED,none,NONE,OGD_Train_details_22122017,
SNKB,Sonkhamb,,,,,UNMATCHED,none,NONE,OGD_Train_details_22122017,
MER,Metpanjra,,,,,UNMATCHED,none,NONE,OGD_Train_details_22122017,
KLBA,Kalambha,,,,,UNMATCHED,none,NONE,OGD_Train_details_22122017,
TNH,Tinkheda,,,,,UNMATCHED,none,NONE,OGD_Train_details_22122017,
DDMT,Darimeta,,,,,UNMATCHED,none,NONE,OGD_Train_details_22122017,
TEO,Teegaon,,,,,UNMATCHED,none,NONE,OGD_Train_details_22122017,
GDKP,Ghundankhapa,,,,,UNMATCHED,none,NONE,OGD_Train_details_22122017,
CCD,Chichonda,,,,,UNMATCHED,none,NONE,OGD_Train_details_22122017,
HTN,Hatnapur,,,,,UNMATCHED,none,NONE,OGD_Train_details_22122017,
JKR,Jaulkhera,,,,,UNMATCHED,none,NONE,OGD_Train_details_22122017,
PDI,Palasdari,,,,,UNMATCHED,none,NONE,OGD_Train_details_22122017,
MVL,Malavli,,,,,UNMATCHED,none,NONE,OGD_Train_details_22122017,
KNHE,Kanhe,,,,,UNMATCHED,none,NONE,OGD_Train_details_22122017,
GRWD,Ghorawadi,,,,,UNMATCHED,none,NONE,OGD_Train_details_22122017,
KSWD,Kasarwadi,,,,,UNMATCHED,none,NONE,OGD_Train_details_22122017,
BGWI,Begdaewai,,,,,UNMATCHED,none,NONE,OGD_Train_details_22122017,
HDP,Hadapsar,,,,,UNMATCHED,none,NONE,OGD_Train_details_22122017,
MJBK,Manjari Budr,,,,,UNMATCHED,none,NONE,OGD_Train_details_22122017,
LONI,Loni,,,,,UNMATCHED,none,NONE,OGD_Train_details_22122017,
YT,Yevat,,,,,UNMATCHED,none,NONE,OGD_Train_details_22122017,
KTT,Khutbav,,,,,UNMATCHED,none,NONE,OGD_Train_details_22122017,
KDTN,Kadethan,,,,,UNMATCHED,none,NONE,OGD_Train_details_22122017,
PAA,Patas,,,,,UNMATCHED,none,NONE,OGD_Train_details_22122017,
MDDG,Maladgaon,,,,,UNMATCHED,none,NONE,OGD_Train_details_22122017,
SSF,Sirsuphal,,,,,UNMATCHED,none,NONE,OGD_Train_details_22122017,
KFH,Katphal,,,,,UNMATCHED,none,NONE,OGD_Train_details_22122017,
BRMT,Baramati,,,,,UNMATCHED,none,NONE,OGD_Train_details_22122017,
KSTH,Kashti,,,,,UNMATCHED,none,NONE,OGD_Train_details_22122017,
BWD,Belvandi,,,,,UNMATCHED,none,NONE,OGD_Train_details_22122017,
RNJD,Ranjan Gaon,,,,,UNMATCHED,none,NONE,OGD_Train_details_22122017,
SRL,Sarola,,,,,UNMATCHED,none,NONE,OGD_Train_details_22122017,
AKR,Akolner,,,,,UNMATCHED,none,NONE,OGD_Train_details_22122017,
VL,Vilad,,,,,UNMATCHED,none,NONE,OGD_Train_details_22122017,
VBR,Vambori,,,,,UNMATCHED,none,NONE,OGD_Train_details_22122017,
TKMY,Taklimiya Ha,,,,,UNMATCHED,none,NONE,OGD_Train_details_22122017,
PDGN,Padhegaon,,,,,UNMATCHED,none,NONE,OGD_Train_details_22122017,
NPW,Nipani Vadga,,,,,UNMATCHED,none,NONE,OGD_Train_details_22122017,
CIT,Chitali,,,,,UNMATCHED,none,NONE,OGD_Train_details_22122017,
KNGN,Kanhegaon,,,,,UNMATCHED,none,NONE,OGD_Train_details_22122017,
SNVR,Sanvatsar,,,,,UNMATCHED,none,NONE,OGD_Train_details_22122017,
VJR,Vijaya Nagar,,,,,UNMATCHED,none,NONE,OGD_Train_details_22122017,
BGWD,Bagewadi H,,,,,UNMATCHED,none,NONE,OGD_Train_details_22122017,
PRKH,Parakanhatti,,,,,UNMATCHED,none,NONE,OGD_Train_details_22122017,
SUL,Suldhal,,,,,UNMATCHED,none,NONE,OGD_Train_details_22122017,
SBH,Sulebhavi,,,,,UNMATCHED,none,NONE,OGD_Train_details_22122017,
SXB,Sambre,,,,,UNMATCHED,none,NONE,OGD_Train_details_22122017,
TGT,Tinaighat,,,,,UNMATCHED,none,NONE,OGD_Train_details_22122017,
GRMT,Gud Market,,,,,UNMATCHED,none,NONE,OGD_Train_details_22122017,
SSV,Sasvad Road,,,,,UNMATCHED,none,NONE,OGD_Train_details_22122017,
FSG,Phursungi,,,,,UNMATCHED,none,NONE,OGD_Train_details_22122017,
ALN,Alandi,,,,,UNMATCHED,none,NONE,OGD_Train_details_22122017,
SHIV,Shindawane,,,,,UNMATCHED,none,NONE,OGD_Train_details_22122017,
RJW,Rajewadi,,,,,UNMATCHED,none,NONE,OGD_Train_details_22122017,
DNJ,Daundaj,,,,,UNMATCHED,none,NONE,OGD_Train_details_22122017,
WLH,Valha,,,,,UNMATCHED,none,NONE,OGD_Train_details_22122017,
SLP,Salpa,,,,,UNMATCHED,none,NONE,OGD_Train_details_22122017,
AKI,Adarki,,,,,UNMATCHED,none,NONE,OGD_Train_details_22122017,
PLV,Palsi,,,,,UNMATCHED,none,NONE,OGD_Train_details_22122017,
SNE,Shenoli,,,,,UNMATCHED,none,NONE,OGD_Train_details_22122017,
ANQ,Amnapur,,,,,UNMATCHED,none,NONE,OGD_Train_details_22122017,
NDE,Nandre,,,,,UNMATCHED,none,NONE,OGD_Train_details_22122017,
MDVR,Madhavnagar,,,,,UNMATCHED,none,NONE,OGD_Train_details_22122017,
BYC,Bellarycantt,,,,,UNMATCHED,none,NONE,OGD_Train_details_22122017,
KDN,Kudatini,,,,,UNMATCHED,none,NONE,OGD_Train_details_22122017,
GNR,Gadiganuru,,,,,UNMATCHED,none,NONE,OGD_Train_details_22122017,
PKL,Papinayakana,,,,,UNMATCHED,none,NONE,OGD_Train_details_22122017,
KGW,Kariganuru,,,,,UNMATCHED,none,NONE,OGD_Train_details_22122017,
HTNL,Hitnal H,,,,,UNMATCHED,none,NONE,OGD_Train_details_22122017,
BNA,Bannikoppa,,,,,UNMATCHED,none,NONE,OGD_Train_details_22122017,
SOQ,Sompur Road,,,,,UNMATCHED,none,NONE,OGD_Train_details_22122017,
RLP,Harla Pur,,,,,UNMATCHED,none,NONE,OGD_Train_details_22122017,
CTH,Chikalthan,,,,,UNMATCHED,none,NONE,OGD_Train_details_22122017,
KMV,Karmad,,,,,UNMATCHED,none,NONE,OGD_Train_details_22122017,
SVD,Sarwari,,,,,UNMATCHED,none,NONE,OGD_Train_details_22122017,
KODI,Kodi,,,,,UNMATCHED,none,NONE,OGD_Train_details_22122017,
RNE,Ranjani,,,,,UNMATCHED,none,NONE,OGD_Train_details_22122017,
PDG,Paradgaon Ha,,,,,UNMATCHED,none,NONE,OGD_Train_details_22122017,
UPR,Usmanpur,,,,,UNMATCHED,none,NONE,OGD_Train_details_22122017,
SCO,Satuna,,,,,UNMATCHED,none,NONE,OGD_Train_details_22122017,
DGPP,Dhengli Pimp,,,,,UNMATCHED,none,NONE,OGD_Train_details_22122017,
DAV,Devalganauch,,,,,UNMATCHED,none,NONE,OGD_Train_details_22122017,
PG,Pergaon,,,,,UNMATCHED,none,NONE,OGD_Train_details_22122017,
PIZ,Pingli,,,,,UNMATCHED,none,NONE,OGD_Train_details_22122017,
MQL,Mirkhal,,,,,UNMATCHED,none,NONE,OGD_Train_details_22122017,
CRU,Chudawa,,,,,UNMATCHED,none,NONE,OGD_Train_details_22122017,
LBG,Limbgaon,,,,,UNMATCHED,none,NONE,OGD_Train_details_22122017,
WNG,Wanegaon Hal,,,,,UNMATCHED,none,NONE,OGD_Train_details_22122017,
PARD,Pathrad Halt,,,,,UNMATCHED,none,NONE,OGD_Train_details_22122017,
MGC,Mugat,,,,,UNMATCHED,none,NONE,OGD_Train_details_22122017,
SVN,Sivungaon,,,,,UNMATCHED,none,NONE,OGD_Train_details_22122017,
SLGH,Shelgaon Hal,,,,,UNMATCHED,none,NONE,OGD_Train_details_22122017,
BLSA,Bolsa,,,,,UNMATCHED,none,NONE,OGD_Train_details_22122017,
SQE,Samarala Hal,,,,,UNMATCHED,none,NONE,OGD_Train_details_22122017,
FKB,Fakhrabad Ha,,,,,UNMATCHED,none,NONE,OGD_Train_details_22122017,
NVT,Navipet,,,,,UNMATCHED,none,NONE,OGD_Train_details_22122017,
JKM,Jankampet Jn,,,,,UNMATCHED,none,NONE,OGD_Train_details_22122017,
GTU,Ghatnandur,,,,,UNMATCHED,none,NONE,OGD_Train_details_22122017,
MRTY,Murti Halt,,,,,UNMATCHED,none,NONE,OGD_Train_details_22122017,
KRPR,Karepur Halt,,,,,UNMATCHED,none,NONE,OGD_Train_details_22122017,
WDLN,Wadwalnagnat,,,,,UNMATCHED,none,NONE,OGD_Train_details_22122017,
OSA,Ausa Road,,,,,UNMATCHED,none,NONE,OGD_Train_details_22122017,
MRX,Murud,,,,,UNMATCHED,none,NONE,OGD_Train_details_22122017,
DKY,Dhoki,,,,,UNMATCHED,none,NONE,OGD_Train_details_22122017,
KMRD,Kalamb Road,,,,,UNMATCHED,none,NONE,OGD_Train_details_22122017,
YSI,Yedsi,,,,,UNMATCHED,none,NONE,OGD_Train_details_22122017,
PJR,Pangri,,,,,UNMATCHED,none,NONE,OGD_Train_details_22122017,
SEI,Shendri,,,,,UNMATCHED,none,NONE,OGD_Train_details_22122017,
LAUL,Laul,,,,,UNMATCHED,none,NONE,OGD_Train_details_22122017,
WSD,Wasud,,,,,UNMATCHED,none,NONE,OGD_Train_details_22122017,
JVA,Javale,,,,,UNMATCHED,none,NONE,OGD_Train_details_22122017,
LNP,Langarpeth,,,,,UNMATCHED,none,NONE,OGD_Train_details_22122017,
AGDL,Agran Dhulga,,,,,UNMATCHED,none,NONE,OGD_Train_details_22122017,
BLNK,Belanki,,,,,UNMATCHED,none,NONE,OGD_Train_details_22122017,
BLWD,Bolwad,,,,,UNMATCHED,none,NONE,OGD_Train_details_22122017,
BMNI,Bamani,,,,,UNMATCHED,none,NONE,OGD_Train_details_22122017,
SNGR,Sangannapur,,,,,UNMATCHED,none,NONE,OGD_Train_details_22122017,
PKNS,Pokharni Nar,,,,,UNMATCHED,none,NONE,OGD_Train_details_22122017,
DNDI,Dhondi Halt,,,,,UNMATCHED,none,NONE,OGD_Train_details_22122017,
WDN,Vadgaon Nila,,,,,UNMATCHED,none,NONE,OGD_Train_details_22122017,
UKH,Ukhali Halt,,,,,UNMATCHED,none,NONE,OGD_Train_details_22122017,
RTZ,Ratona,,,,,UNMATCHED,none,NONE,OGD_Train_details_22122017,
DGD,Dangidahar,,,,,UNMATCHED,none,NONE,OGD_Train_details_22122017,
GTY,Golapatti,,,,,UNMATCHED,none,NONE,OGD_Train_details_22122017,
RTGN,Ratangaon,,,,,UNMATCHED,none,NONE,OGD_Train_details_22122017,
PTHD,Patohan,,,,,UNMATCHED,none,NONE,OGD_Train_details_22122017,
MJGP,Majhgawan Ph,,,,,UNMATCHED,none,NONE,OGD_Train_details_22122017,
MDXR,Mudaria,,,,,UNMATCHED,none,NONE,OGD_Train_details_22122017,
MDGR,Manendragarh,,,,,UNMATCHED,none,NONE,OGD_Train_details_22122017,
CHRM,Chirmiri,,,,,UNMATCHED,none,NONE,OGD_Train_details_22122017,
MDVK,Mahadeo Khed,,,,,UNMATCHED,none,NONE,OGD_Train_details_22122017,
SRKI,Semer Khedi,,,,,UNMATCHED,none,NONE,OGD_Train_details_22122017,
KXB,Kanjia,,,,,UNMATCHED,none,NONE,OGD_Train_details_22122017,
GVB,Guneru Bamor,,,,,UNMATCHED,none,NONE,OGD_Train_details_22122017,
RTWS,Rahatwas,,,,,UNMATCHED,none,NONE,OGD_Train_details_22122017,
ORR,Orr,,,,,UNMATCHED,none,NONE,OGD_Train_details_22122017,
HPKA,Hinotia-Pipa,,,,,UNMATCHED,none,NONE,OGD_Train_details_22122017,
RIKA,Ratikheda,,,,,UNMATCHED,none,NONE,OGD_Train_details_22122017,
SHDR,Shahdoragaon,,,,,UNMATCHED,none,NONE,OGD_Train_details_22122017,
PIGT,Pilighat,,,,,UNMATCHED,none,NONE,OGD_Train_details_22122017,
PGA,Pagara,,,,,UNMATCHED,none,NONE,OGD_Train_details_22122017,
MABN,Maban,,,,,UNMATCHED,none,NONE,OGD_Train_details_22122017,
CDSL,Chandresal,,,,,UNMATCHED,none,NONE,OGD_Train_details_22122017,
DXD,Digod,,,,,UNMATCHED,none,NONE,OGD_Train_details_22122017,
SKPA,Sri Kalyan P,,,,,UNMATCHED,none,NONE,OGD_Train_details_22122017,
BON,Bhonra,,,,,UNMATCHED,none,NONE,OGD_Train_details_22122017,
BJK,Bijora,,,,,UNMATCHED,none,NONE,OGD_Train_details_22122017,
SDLK,Sundlak,,,,,UNMATCHED,none,NONE,OGD_Train_details_22122017,
CJW,Chhajawa,,,,,UNMATCHED,none,NONE,OGD_Train_details_22122017,
POR,Piplod Road,,,,,UNMATCHED,none,NONE,OGD_Train_details_22122017,
ATRU,Atru,,,,,UNMATCHED,none,NONE,OGD_Train_details_22122017,
SYL,Salpura,,,,,UNMATCHED,none,NONE,OGD_Train_details_22122017,
KOLI,Kesholi,,,,,UNMATCHED,none,NONE,OGD_Train_details_22122017,
BLO,Bhulon,,,,,UNMATCHED,none,NONE,OGD_Train_details_22122017,
MTPC,Motipura Cha,,,,,UNMATCHED,none,NONE,OGD_Train_details_22122017,
DHR,Dharnaoda,,,,,UNMATCHED,none,NONE,OGD_Train_details_22122017,
CRKR,Chaurakheri,,,,,UNMATCHED,none,NONE,OGD_Train_details_22122017,
MUGA,Mahugara,,,,,UNMATCHED,none,NONE,OGD_Train_details_22122017,
KTKD,Katangi Khur,,,,,UNMATCHED,none,NONE,OGD_Train_details_22122017,
LEK,Lakhakera,,,,,UNMATCHED,none,NONE,OGD_Train_details_22122017,
SLHA,Salhana,,,,,UNMATCHED,none,NONE,OGD_Train_details_22122017,
PWK,Pipariyakela,,,,,UNMATCHED,none,NONE,OGD_Train_details_22122017,
DMYA,Damay,,,,,UNMATCHED,none,NONE,OGD_Train_details_22122017,
CTJ,Chateni,,,,,UNMATCHED,none,NONE,OGD_Train_details_22122017,
BARD,Dubrikalan,,,,,UNMATCHED,none,NONE,OGD_Train_details_22122017,
KNC,Kanchanpur R,,,,,UNMATCHED,none,NONE,OGD_Train_details_22122017,
JOBA,Joba,,,,,UNMATCHED,none,NONE,OGD_Train_details_22122017,
SKBR,Shankarpur B,,,,,UNMATCHED,none,NONE,OGD_Train_details_22122017,
BSDL,Bharsendi,,,,,UNMATCHED,none,NONE,OGD_Train_details_22122017,
SSGJ,Surasaraigha,,,,,UNMATCHED,none,NONE,OGD_Train_details_22122017,
GAJB,Gajara Bahar,,,,,UNMATCHED,none,NONE,OGD_Train_details_22122017,
DRGM,Deoragram,,,,,UNMATCHED,none,NONE,OGD_Train_details_22122017,
MHDA,Mahadiya,,,,,UNMATCHED,none,NONE,OGD_Train_details_22122017,
CHRK,Churki,,,,,UNMATCHED,none,NONE,OGD_Train_details_22122017,
KDRD,Khuldil Road,,,,,UNMATCHED,none,NONE,OGD_Train_details_22122017,
MWF,Magardaha,,,,,UNMATCHED,none,NONE,OGD_Train_details_22122017,
PPKD,Paprakund,,,,,UNMATCHED,none,NONE,OGD_Train_details_22122017,
BXLL,Billi,,,,,UNMATCHED,none,NONE,OGD_Train_details_22122017,
BBAR,Bara,Tambaram,12.9257923,80.1179194,Q7681017,MATCHED,fuzzy_name,MEDIUM,OGD_Train_details_22122017,OSM_chennai_thoothukudi_stations_raw.geojson
MZHL,Majhauli,,,,,UNMATCHED,none,NONE,OGD_Train_details_22122017,
KHA,Khaigaon,,,,,UNMATCHED,none,NONE,OGD_Train_details_22122017,
BIR,Bir,,,,,UNMATCHED,none,NONE,OGD_Train_details_22122017,
KMA,Kaima,,,,,UNMATCHED,none,NONE,OGD_Train_details_22122017,
SKAR,Sakariya,,,,,UNMATCHED,none,NONE,OGD_Train_details_22122017,
HNM,Hinota Ramba,,,,,UNMATCHED,none,NONE,OGD_Train_details_22122017,
GGGS,Garha Goods,,,,,UNMATCHED,none,NONE,OGD_Train_details_22122017,
GRG,Guwari Ghat,,,,,UNMATCHED,none,NONE,OGD_Train_details_22122017,
JPV,Jmtra Parasw,,,,,UNMATCHED,none,NONE,OGD_Train_details_22122017,
CRE,Chorghat Pip,,,,,UNMATCHED,none,NONE,OGD_Train_details_22122017,
BUQ,Bargi,,,,,UNMATCHED,none,NONE,OGD_Train_details_22122017,
SOY,Sukrimangela,,,,,UNMATCHED,none,NONE,OGD_Train_details_22122017,
KDHI,Kaladehi,,,,,UNMATCHED,none,NONE,OGD_Train_details_22122017,
DRPH,Devri P.H,,,,,UNMATCHED,none,NONE,OGD_Train_details_22122017,
SKY,Shikara,,,,,UNMATCHED,none,NONE,OGD_Train_details_22122017,
VNK,Binaiki,,,,,UNMATCHED,none,NONE,OGD_Train_details_22122017,
GNS,Ghonsor,,,,,UNMATCHED,none,NONE,OGD_Train_details_22122017,
NDNI,Nidhani,,,,,UNMATCHED,none,NONE,OGD_Train_details_22122017,
PRTR,Puttarra,,,,,UNMATCHED,none,NONE,OGD_Train_details_22122017,
PDE,Pindrai,,,,,UNMATCHED,none,NONE,OGD_Train_details_22122017,
JONR,Jeonara,,,,,UNMATCHED,none,NONE,OGD_Train_details_22122017,
NIR,Nainpur Jn.,,,,,UNMATCHED,none,NONE,OGD_Train_details_22122017,
PRDL,Paradol,,,,,UNMATCHED,none,NONE,OGD_Train_details_22122017,
HATI,Hati,,,,,UNMATCHED,none,NONE,OGD_Train_details_22122017,
MSV,Mustra,,,,,UNMATCHED,none,NONE,OGD_Train_details_22122017,
GRM,Garhmau,,,,,UNMATCHED,none,NONE,OGD_Train_details_22122017,
PIC,Paricha,,,,,UNMATCHED,none,NONE,OGD_Train_details_22122017,
PTSC,Paricha Ther,,,,,UNMATCHED,none,NONE,OGD_Train_details_22122017,
NDK,Nandkhas,,,,,UNMATCHED,none,NONE,OGD_Train_details_22122017,
ERC,Erich Road,,,,,UNMATCHED,none,NONE,OGD_Train_details_22122017,
PRN,Parauna,,,,,UNMATCHED,none,NONE,OGD_Train_details_22122017,
BHUA,Bhua,,,,,UNMATCHED,none,NONE,OGD_Train_details_22122017,
ATA,Ata,,,,,UNMATCHED,none,NONE,OGD_Train_details_22122017,
CNH,Chaunrah,,,,,UNMATCHED,none,NONE,OGD_Train_details_22122017,
MLS,Malasa,,,,,UNMATCHED,none,NONE,OGD_Train_details_22122017,
TLNH,Tilaunchi,,,,,UNMATCHED,none,NONE,OGD_Train_details_22122017,
RPGU,Rasulpur Gog,,,,,UNMATCHED,none,NONE,OGD_Train_details_22122017,
BNAR,Binaur,,,,,UNMATCHED,none,NONE,OGD_Train_details_22122017,
ORC,Orchha,,,,,UNMATCHED,none,NONE,OGD_Train_details_22122017,
MGRR,Magarpur,,,,,UNMATCHED,none,NONE,OGD_Train_details_22122017,
TKA,Teharka,,,,,UNMATCHED,none,NONE,OGD_Train_details_22122017,
RNRD,Ranipur Road,,,,,UNMATCHED,none,NONE,OGD_Train_details_22122017,
RORA,Rora,,,,,UNMATCHED,none,NONE,OGD_Train_details_22122017,
GTI,Ghutai,,,,,UNMATCHED,none,NONE,OGD_Train_details_22122017,
CRC,Charkhari Ro,,,,,UNMATCHED,none,NONE,OGD_Train_details_22122017,
BPRA,Baripura,,,,,UNMATCHED,none,NONE,OGD_Train_details_22122017,
KBR,Kabrai,,,,,UNMATCHED,none,NONE,OGD_Train_details_22122017,
DWI,Dingwai,,,,,UNMATCHED,none,NONE,OGD_Train_details_22122017,
BUS,Badausa,,,,,UNMATCHED,none,NONE,OGD_Train_details_22122017,
BIP,Bahilpurwa,,,,,UNMATCHED,none,NONE,OGD_Train_details_22122017,
OHAN,Ohan Cabin,,,,,UNMATCHED,none,NONE,OGD_Train_details_22122017,
AGD,Agasod,,,,,UNMATCHED,none,NONE,OGD_Train_details_22122017,
KOA,Karonda,,,,,UNMATCHED,none,NONE,OGD_Train_details_22122017,
MXS,Mohasa,,,,,UNMATCHED,none,NONE,OGD_Train_details_22122017,
JRO,Jiron,,,,,UNMATCHED,none,NONE,OGD_Train_details_22122017,
DWA,Dailwara,,,,,UNMATCHED,none,NONE,OGD_Train_details_22122017,
JHA,Jakhaura,,,,,UNMATCHED,none,NONE,OGD_Train_details_22122017,
BJA,Bijrotha,,,,,UNMATCHED,none,NONE,OGD_Train_details_22122017,
DLA,Daulta,,,,,UNMATCHED,none,NONE,OGD_Train_details_22122017,
MZX,Matatila,,,,,UNMATCHED,none,NONE,OGD_Train_details_22122017,
BPW,Burhpura,,,,,UNMATCHED,none,NONE,OGD_Train_details_22122017,
KHJ,Khajraha,,,,,UNMATCHED,none,NONE,OGD_Train_details_22122017,
BJI,Bijauli,,,,,UNMATCHED,none,NONE,OGD_Train_details_22122017,
CPB,Kanpur Bridg,,,,,UNMATCHED,none,NONE,OGD_Train_details_22122017,
MGW,Magarwara,,,,,UNMATCHED,none,NONE,OGD_Train_details_22122017,
SIC,Sonik,,,,,UNMATCHED,none,NONE,OGD_Train_details_22122017,
AJ,Ajgain,,,,,UNMATCHED,none,NONE,OGD_Train_details_22122017,
KVX,Kusumbhi,,,,,UNMATCHED,none,NONE,OGD_Train_details_22122017,
JTU,Jaitipur,,,,,UNMATCHED,none,NONE,OGD_Train_details_22122017,
HRN,Harauni,,,,,UNMATCHED,none,NONE,OGD_Train_details_22122017,
POF,Piparsand,,,,,UNMATCHED,none,NONE,OGD_Train_details_22122017,
AMS,Amausi,,,,,UNMATCHED,none,NONE,OGD_Train_details_22122017,
MKG,Manak Nagar,,,,,UNMATCHED,none,NONE,OGD_Train_details_22122017,
KRQ,Karari,,,,,UNMATCHED,none,NONE,OGD_Train_details_22122017,
KTRA,Kotra,,,,,UNMATCHED,none,NONE,OGD_Train_details_22122017,
SMTL,Simariatal,,,,,UNMATCHED,none,NONE,OGD_Train_details_22122017,
AEH,Anantpaith,,,,,UNMATCHED,none,NONE,OGD_Train_details_22122017,
ARI,Antri,,,,,UNMATCHED,none,NONE,OGD_Train_details_22122017,
SLV,Sandalpur,,,,,UNMATCHED,none,NONE,OGD_Train_details_22122017,
STLI,Sithouli,,,,,UNMATCHED,none,NONE,OGD_Train_details_22122017,
BLNR,Birlanagar,,,,,UNMATCHED,none,NONE,OGD_Train_details_22122017,
RRU,Rayaru,,,,,UNMATCHED,none,NONE,OGD_Train_details_22122017,
NUB,Nurabad,,,,,UNMATCHED,none,NONE,OGD_Train_details_22122017,
SIKD,Sikroda Kwan,,,,,UNMATCHED,none,NONE,OGD_Train_details_22122017,
HET,Hetampur,,,,,UNMATCHED,none,NONE,OGD_Train_details_22122017,
MIA,Mania,,,,,UNMATCHED,none,NONE,OGD_Train_details_22122017,
JJ,Jajau,,,,,UNMATCHED,none,NONE,OGD_Train_details_22122017,
BHA,Bhandai,,,,,UNMATCHED,none,NONE,OGD_Train_details_22122017,
DAYG,Dariyaganj,,,,,UNMATCHED,none,NONE,OGD_Train_details_22122017,
BSRI,Basari,,,,,UNMATCHED,none,NONE,OGD_Train_details_22122017,
ISHN,Ishanagar,,,,,UNMATCHED,none,NONE,OGD_Train_details_22122017,
RAPU,Rampura,,,,,UNMATCHED,none,NONE,OGD_Train_details_22122017,
TILA,Tila,,,,,UNMATCHED,none,NONE,OGD_Train_details_22122017,
KHGP,Khargapur,,,,,UNMATCHED,none,NONE,OGD_Train_details_22122017,
SKNP,Sarkanpur,,,,,UNMATCHED,none,NONE,OGD_Train_details_22122017,
MWAI,Mawai,,,,,UNMATCHED,none,NONE,OGD_Train_details_22122017,
UDPR,Udaipura,,,,,UNMATCHED,none,NONE,OGD_Train_details_22122017,
BRRI,Birari,,,,,UNMATCHED,none,NONE,OGD_Train_details_22122017,
JHSA,Jhansi A Cab,,,,,UNMATCHED,none,NONE,OGD_Train_details_22122017,
CHIT,Chithari Hal,,,,,UNMATCHED,none,NONE,OGD_Train_details_22122017,
RGLI,Raghouli,,,,,UNMATCHED,none,NONE,OGD_Train_details_22122017,
SPDM,Singhpurdumr,,,,,UNMATCHED,none,NONE,OGD_Train_details_22122017,
RJAK,Rajnagar K H,,,,,UNMATCHED,none,NONE,OGD_Train_details_22122017,
PRKD,Powar Kheda,,,,,UNMATCHED,none,NONE,OGD_Train_details_22122017,
BKA,Barkheda,,,,,UNMATCHED,none,NONE,OGD_Train_details_22122017,
MSO,Misrod,,,,,UNMATCHED,none,NONE,OGD_Train_details_22122017,
SUW,Sukhi Sewani,,,,,UNMATCHED,none,NONE,OGD_Train_details_22122017,
SORI,Sorai,,,,,UNMATCHED,none,NONE,OGD_Train_details_22122017,
SUMR,Sumer,,,,,UNMATCHED,none,NONE,OGD_Train_details_22122017,
PAI,Pabai,,,,,UNMATCHED,none,NONE,OGD_Train_details_22122017,
KIKA,Kurwai Ketho,,,,,UNMATCHED,none,NONE,OGD_Train_details_22122017,
MJY,Maramjhiri,,,,,UNMATCHED,none,NONE,OGD_Train_details_22122017,
DHQ,Dharakoh,,,,,UNMATCHED,none,NONE,OGD_Train_details_22122017,
MGRD,Magardoh,,,,,UNMATCHED,none,NONE,OGD_Train_details_22122017,
DOH,Dhodramohar,,,,,UNMATCHED,none,NONE,OGD_Train_details_22122017,
POX,Polapatthar,,,,,UNMATCHED,none,NONE,OGD_Train_details_22122017,
KQE,Kala Akhar,,,,,UNMATCHED,none,NONE,OGD_Train_details_22122017,
SAHL,Saheli,,,,,UNMATCHED,none,NONE,OGD_Train_details_22122017,
TAKU,Taku,,,,,UNMATCHED,none,NONE,OGD_Train_details_22122017,
KRTH,Kiratgarh,,,,,UNMATCHED,none,NONE,OGD_Train_details_22122017,
KNH,Konch,,,,,UNMATCHED,none,NONE,OGD_Train_details_22122017,
TRWT,Tarwata,,,,,UNMATCHED,none,NONE,OGD_Train_details_22122017,
RSJ,Rayser Jagir,,,,,UNMATCHED,none,NONE,OGD_Train_details_22122017,
LWS,Lukwasa,,,,,UNMATCHED,none,NONE,OGD_Train_details_22122017,
KCR,Khonkar,,,,,UNMATCHED,none,NONE,OGD_Train_details_22122017,
KAW,Khajuri,,,,,UNMATCHED,none,NONE,OGD_Train_details_22122017,
PARH,Para Kheda,,,,,UNMATCHED,none,NONE,OGD_Train_details_22122017,
MOJ,Mohana,,,,,UNMATCHED,none,NONE,OGD_Train_details_22122017,
GHAI,Ghatigaon,,,,,UNMATCHED,none,NONE,OGD_Train_details_22122017,
PNHR,Panihar,,,,,UNMATCHED,none,NONE,OGD_Train_details_22122017,
BFP,Bilochpura (,,,,,UNMATCHED,none,NONE,OGD_Train_details_22122017,
RNKA,Runkuta,,,,,UNMATCHED,none,NONE,OGD_Train_details_22122017,
KXM,Kitham,,,,,UNMATCHED,none,NONE,OGD_Train_details_22122017,
FAR,Farah,,,,,UNMATCHED,none,NONE,OGD_Train_details_22122017,
BAD,Baad,,,,,UNMATCHED,none,NONE,OGD_Train_details_22122017,
BTSR,Bhuteshwar,,,,,UNMATCHED,none,NONE,OGD_Train_details_22122017,
VRBD,Vrindaban Ro,,,,,UNMATCHED,none,NONE,OGD_Train_details_22122017,
AJH,Ajhai,,,,,UNMATCHED,none,NONE,OGD_Train_details_22122017,
BNCR,Banchari,,,,,UNMATCHED,none,NONE,OGD_Train_details_22122017,
SHLK,Sholaka,,,,,UNMATCHED,none,NONE,OGD_Train_details_22122017,
RDE,Rundhi,,,,,UNMATCHED,none,NONE,OGD_Train_details_22122017,
PYLA,Piyala Block,,,,,UNMATCHED,none,NONE,OGD_Train_details_22122017,
BHHZ,Behta Hazipu,,,,,UNMATCHED,none,NONE,OGD_Train_details_22122017,
NTG,Nusratabad K,,,,,UNMATCHED,none,NONE,OGD_Train_details_22122017,
AIH,Alawalpur Id,,,,,UNMATCHED,none,NONE,OGD_Train_details_22122017,
BADK,Barka Halt,,,,,UNMATCHED,none,NONE,OGD_Train_details_22122017,
BAOL,Bawli Halt,,,,,UNMATCHED,none,NONE,OGD_Train_details_22122017,
BDHP,Bhudpur,,,,,UNMATCHED,none,NONE,OGD_Train_details_22122017,
ASAR,Asra Halt,,,,,UNMATCHED,none,NONE,OGD_Train_details_22122017,
AILM,Ailam Halt,,,,,UNMATCHED,none,NONE,OGD_Train_details_22122017,
KZI,Khandrawali,,,,,UNMATCHED,none,NONE,OGD_Train_details_22122017,
GLBN,Gujran-Balwa,,,,,UNMATCHED,none,NONE,OGD_Train_details_22122017,
SLWR,Silawar,,,,,UNMATCHED,none,NONE,OGD_Train_details_22122017,
HHP,Harhar Fateh,,,,,UNMATCHED,none,NONE,OGD_Train_details_22122017,
TBTN,Thana Bhawan,,,,,UNMATCHED,none,NONE,OGD_Train_details_22122017,
NNX,Nanauta,,,,,UNMATCHED,none,NONE,OGD_Train_details_22122017,
SNAP,Sona Arjunpu,,,,,UNMATCHED,none,NONE,OGD_Train_details_22122017,
BNQL,Bhankala,,,,,UNMATCHED,none,NONE,OGD_Train_details_22122017,
MNZ,Manani,,,,,UNMATCHED,none,NONE,OGD_Train_details_22122017,
SMDP,Shahabad Muh,,,,,UNMATCHED,none,NONE,OGD_Train_details_22122017,
BDXT,Basai Dhanko,,,,,UNMATCHED,none,NONE,OGD_Train_details_22122017,
MROA,Mora,Morappur,12.1259048,78.394782,Q63355419,MATCHED,fuzzy_name,MEDIUM,OGD_Train_details_22122017,OSM_chennai_thoothukudi_stations_raw.geojson
GDO,Goverdhan,,,,,UNMATCHED,none,NONE,OGD_Train_details_22122017,
BEHJ,Behaj,,,,,UNMATCHED,none,NONE,OGD_Train_details_22122017,
DEEG,Deeg,,,,,UNMATCHED,none,NONE,OGD_Train_details_22122017,
BEDM,Bedham,,,,,UNMATCHED,none,NONE,OGD_Train_details_22122017,
BINR,Brij Nagar,,,,,UNMATCHED,none,NONE,OGD_Train_details_22122017,
GVH,Govindgarh,,,,,UNMATCHED,none,NONE,OGD_Train_details_22122017,
JBS,Jadoli Ka Ba,,,,,UNMATCHED,none,NONE,OGD_Train_details_22122017,
RAH,Ramgarh,,,,,UNMATCHED,none,NONE,OGD_Train_details_22122017,
OTD,Ootward,,,,,UNMATCHED,none,NONE,OGD_Train_details_22122017,
MWW,Mahwa,,,,,UNMATCHED,none,NONE,OGD_Train_details_22122017,
DGW,Dhigawara,,,,,UNMATCHED,none,NONE,OGD_Train_details_22122017,
SRRG,Surer,,,,,UNMATCHED,none,NONE,OGD_Train_details_22122017,
GLNA,Golana  Halt,,,,,UNMATCHED,none,NONE,OGD_Train_details_22122017,
ARNA,Arniya,,,,,UNMATCHED,none,NONE,OGD_Train_details_22122017,
KVGM,Kolvagram,,,,,UNMATCHED,none,NONE,OGD_Train_details_22122017,
BAK,Bhan Kari,,,,,UNMATCHED,none,NONE,OGD_Train_details_22122017,
JW,Jatwara,,,,,UNMATCHED,none,NONE,OGD_Train_details_22122017,
BSKO,Banskho,,,,,UNMATCHED,none,NONE,OGD_Train_details_22122017,
JHIR,Jhir,,,,,UNMATCHED,none,NONE,OGD_Train_details_22122017,
KUT,Kanauta,,,,,UNMATCHED,none,NONE,OGD_Train_details_22122017,
FLD,Phulad,,,,,UNMATCHED,none,NONE,OGD_Train_details_22122017,
GGO,Goram Ghat,,,,,UNMATCHED,none,NONE,OGD_Train_details_22122017,
KBK,Khamil Ghat,,,,,UNMATCHED,none,NONE,OGD_Train_details_22122017,
DOHM,Devgadh Mada,,,,,UNMATCHED,none,NONE,OGD_Train_details_22122017,
DJKR,Dalaji-Ka-Kh,,,,,UNMATCHED,none,NONE,OGD_Train_details_22122017,
KRKM,Khara-Kameri,,,,,UNMATCHED,none,NONE,OGD_Train_details_22122017,
CBG,Charbhuja Ro,,,,,UNMATCHED,none,NONE,OGD_Train_details_22122017,
LSG,Lawa Sardarg,,,,,UNMATCHED,none,NONE,OGD_Train_details_22122017,
KXA,Kunariya,,,,,UNMATCHED,none,NONE,OGD_Train_details_22122017,
KDL,Kankroli,,,,,UNMATCHED,none,NONE,OGD_Train_details_22122017,
BJN,Bejnal,,,,,UNMATCHED,none,NONE,OGD_Train_details_22122017,
TMGN,Thamla Mogan,,,,,UNMATCHED,none,NONE,OGD_Train_details_22122017,
MRWS,Marwar Ranaw,,,,,UNMATCHED,none,NONE,OGD_Train_details_22122017,
GWO,Gwalior (Ng),,,,,UNMATCHED,none,NONE,OGD_Train_details_22122017,
GOPA,Ghosipura,,,,,UNMATCHED,none,NONE,OGD_Train_details_22122017,
MTJL,Motijheel,,,,,UNMATCHED,none,NONE,OGD_Train_details_22122017,
MIAL,Milavali Hal,,,,,UNMATCHED,none,NONE,OGD_Train_details_22122017,
BMZ,Bamour Gaon,,,,,UNMATCHED,none,NONE,OGD_Train_details_22122017,
ABE,Ambikeshwar,,,,,UNMATCHED,none,NONE,OGD_Train_details_22122017,
SMV,Sumaoli,,,,,UNMATCHED,none,NONE,OGD_Train_details_22122017,
THR,Thara,,,,,UNMATCHED,none,NONE,OGD_Train_details_22122017,
JPO,Jora Alapur,,,,,UNMATCHED,none,NONE,OGD_Train_details_22122017,
SKU,Sikroda,,,,,UNMATCHED,none,NONE,OGD_Train_details_22122017,
BHAT,Bhatpura,,,,,UNMATCHED,none,NONE,OGD_Train_details_22122017,
KQS,Kailaras,,,,,UNMATCHED,none,NONE,OGD_Train_details_22122017,
SYF,Semai,,,,,UNMATCHED,none,NONE,OGD_Train_details_22122017,
PPCK,Pipalwali Ch,,,,,UNMATCHED,none,NONE,OGD_Train_details_22122017,
SBL,Sabalgarh,,,,,UNMATCHED,none,NONE,OGD_Train_details_22122017,
RMPH,Rampahari,,,,,UNMATCHED,none,NONE,OGD_Train_details_22122017,
BJPR,Bijaipur Roa,,,,,UNMATCHED,none,NONE,OGD_Train_details_22122017,
KAKN,Kaimarakalan,,,,,UNMATCHED,none,NONE,OGD_Train_details_22122017,
BIB,Birpur,,,,,UNMATCHED,none,NONE,OGD_Train_details_22122017,
SPRA,Sillipur,,,,,UNMATCHED,none,NONE,OGD_Train_details_22122017,
IKD,Ikdori,,,,,UNMATCHED,none,NONE,OGD_Train_details_22122017,
TKLN,Tarra Kalan,,,,,UNMATCHED,none,NONE,OGD_Train_details_22122017,
SEX,Seroni Road,,,,,UNMATCHED,none,NONE,OGD_Train_details_22122017,
KJP,Khojeepura,,,,,UNMATCHED,none,NONE,OGD_Train_details_22122017,
DURP,Durgapuri,,,,,UNMATCHED,none,NONE,OGD_Train_details_22122017,
GIW,Girdharpur,,,,,UNMATCHED,none,NONE,OGD_Train_details_22122017,
DTQ,Datarda Kala,,,,,UNMATCHED,none,NONE,OGD_Train_details_22122017,
SOE,Sheopur Kala,,,,,UNMATCHED,none,NONE,OGD_Train_details_22122017,
DGPI,Durgapuri,,,,,UNMATCHED,none,NONE,OGD_Train_details_22122017,
DHOA,Dholpur (Ng),,,,,UNMATCHED,none,NONE,OGD_Train_details_22122017,
NPH,Nurpura Halt,,,,,UNMATCHED,none,NONE,OGD_Train_details_22122017,
GIS,Garhi Sandra,,,,,UNMATCHED,none,NONE,OGD_Train_details_22122017,
SRTE,Soorothee,,,,,UNMATCHED,none,NONE,OGD_Train_details_22122017,
BARI,Bari,,,,,UNMATCHED,none,NONE,OGD_Train_details_22122017,
MHF,Mohari,,,,,UNMATCHED,none,NONE,OGD_Train_details_22122017,
RNB,Ranpura,,,,,UNMATCHED,none,NONE,OGD_Train_details_22122017,
AGE,Angai Halt,,,,,UNMATCHED,none,NONE,OGD_Train_details_22122017,
SRMT,Sirmuttra,,,,,UNMATCHED,none,NONE,OGD_Train_details_22122017,
BED,Baseri,,,,,UNMATCHED,none,NONE,OGD_Train_details_22122017,
BFG,Bagthar,,,,,UNMATCHED,none,NONE,OGD_Train_details_22122017,
TPO,Tantpur,,,,,UNMATCHED,none,NONE,OGD_Train_details_22122017,
PBE,Pilibhit Jn.,,,,,UNMATCHED,none,NONE,OGD_Train_details_22122017,
DYU,Diyuri  Halt,,,,,UNMATCHED,none,NONE,OGD_Train_details_22122017,
MALA,Mala,Ponmalai (Golden Rock),10.7915686,78.7104342,Q16898675,MATCHED,fuzzy_name,MEDIUM,OGD_Train_details_22122017,OSM_chennai_thoothukudi_stations_raw.geojson
SNDY,Sandai (Halt,,,,,UNMATCHED,none,NONE,OGD_Train_details_22122017,
SG,Shahgarh,,,,,UNMATCHED,none,NONE,OGD_Train_details_22122017,
PRSP,Prasadpur (H,,,,,UNMATCHED,none,NONE,OGD_Train_details_22122017,
PP,Puranpur,,,,,UNMATCHED,none,NONE,OGD_Train_details_22122017,
UDKN,Udaypur Khur,,,,,UNMATCHED,none,NONE,OGD_Train_details_22122017,
DYK,Dudhia Khurd,,,,,UNMATCHED,none,NONE,OGD_Train_details_22122017,
KRYA,Kurraiya,,,,,UNMATCHED,none,NONE,OGD_Train_details_22122017,
SW,Sehramau,,,,,UNMATCHED,none,NONE,OGD_Train_details_22122017,
ALNP,Akela Hanspu,,,,,UNMATCHED,none,NONE,OGD_Train_details_22122017,
MLN,Mailani Jn.,,,,,UNMATCHED,none,NONE,OGD_Train_details_22122017,
SZP,Shahjahanpur,,,,,UNMATCHED,none,NONE,OGD_Train_details_22122017,
SZN,Shahbaznagar,,,,,UNMATCHED,none,NONE,OGD_Train_details_22122017,
ARX,Areli (Halt),,,,,UNMATCHED,none,NONE,OGD_Train_details_22122017,
DOT,Dhakia Tiwar,,,,,UNMATCHED,none,NONE,OGD_Train_details_22122017,
NOH,Nigohi,,,,,UNMATCHED,none,NONE,OGD_Train_details_22122017,
VZPH,Vazeer Pur,,,,,UNMATCHED,none,NONE,OGD_Train_details_22122017,
ZNP,Zindpura (Ha,,,,,UNMATCHED,none,NONE,OGD_Train_details_22122017,
CKSR,Chaksafaura,,,,,UNMATCHED,none,NONE,OGD_Train_details_22122017,
MIW,Mighauna (Ha,,,,,UNMATCHED,none,NONE,OGD_Train_details_22122017,
BSUR,Bisalpur,,,,,UNMATCHED,none,NONE,OGD_Train_details_22122017,
SNZ,Sherganj (Ha,,,,,UNMATCHED,none,NONE,OGD_Train_details_22122017,
BFPA,Bhopatpur,,,,,UNMATCHED,none,NONE,OGD_Train_details_22122017,
PUF,Pauta (Halt),,,,,UNMATCHED,none,NONE,OGD_Train_details_22122017,
PTPR,Pratabpur Ha,,,,,UNMATCHED,none,NONE,OGD_Train_details_22122017,
KIE,Khiria Khurd,,,,,UNMATCHED,none,NONE,OGD_Train_details_22122017,
TQN,Tikunia,,,,,UNMATCHED,none,NONE,OGD_Train_details_22122017,
BXM,Belrayan,,,,,UNMATCHED,none,NONE,OGD_Train_details_22122017,
DDW,Dudwa,,,,,UNMATCHED,none,NONE,OGD_Train_details_22122017,
PLK,Palia Kalan,,,,,UNMATCHED,none,NONE,OGD_Train_details_22122017,
BIK,Bhira Kheri,,,,,UNMATCHED,none,NONE,OGD_Train_details_22122017,
BRK,Bahraich,,,,,UNMATCHED,none,NONE,OGD_Train_details_22122017,
RS,Risia,,,,,UNMATCHED,none,NONE,OGD_Train_details_22122017,
MT,Matera,,,,,UNMATCHED,none,NONE,OGD_Train_details_22122017,
NNP,Nanpara Jn.,,,,,UNMATCHED,none,NONE,OGD_Train_details_22122017,
RBJ,Raibojha,,,,,UNMATCHED,none,NONE,OGD_Train_details_22122017,
MIN,Mihinpurwa,,,,,UNMATCHED,none,NONE,OGD_Train_details_22122017,
KARH,Kakraha Rest,,,,,UNMATCHED,none,NONE,OGD_Train_details_22122017,
MUH,Murtiha,,,,,UNMATCHED,none,NONE,OGD_Train_details_22122017,
NSA,Nishangara,,,,,UNMATCHED,none,NONE,OGD_Train_details_22122017,
BIC,Bichia,,,,,UNMATCHED,none,NONE,OGD_Train_details_22122017,
MJPB,Manjhra Pura,,,,,UNMATCHED,none,NONE,OGD_Train_details_22122017,
KYBR,Khairatiya B,,,,,UNMATCHED,none,NONE,OGD_Train_details_22122017,
GIHT,Gaighat Halt,,,,,UNMATCHED,none,NONE,OGD_Train_details_22122017,
BBJ,Babaganj Hal,,,,,UNMATCHED,none,NONE,OGD_Train_details_22122017,
NPR,Nepalganj Ro,,,,,UNMATCHED,none,NONE,OGD_Train_details_22122017,
BOF,Barog,,,,,UNMATCHED,none,NONE,OGD_Train_details_22122017,
SML,Shimla,,,,,UNMATCHED,none,NONE,OGD_Train_details_22122017,
DMP,Dharampur Hi,,,,,UNMATCHED,none,NONE,OGD_Train_details_22122017,
KMTI,Kumarhatti D,,,,,UNMATCHED,none,NONE,OGD_Train_details_22122017,
SOL,Solan,,,,,UNMATCHED,none,NONE,OGD_Train_details_22122017,
SLR,Salogra,,,,,UNMATCHED,none,NONE,OGD_Train_details_22122017,
KDZ,Kandaghat,,,,,UNMATCHED,none,NONE,OGD_Train_details_22122017,
SGS,Shoghi,,,,,UNMATCHED,none,NONE,OGD_Train_details_22122017,
TVI,Taradevi,,,,,UNMATCHED,none,NONE,OGD_Train_details_22122017,
JTO,Jutogh,,,,,UNMATCHED,none,NONE,OGD_Train_details_22122017,
SHZ,Summer Hill,,,,,UNMATCHED,none,NONE,OGD_Train_details_22122017,
KEJ,Kathleeghat,,,,,UNMATCHED,none,NONE,OGD_Train_details_22122017,
KANO,Kanoh,,,,,UNMATCHED,none,NONE,OGD_Train_details_22122017,
TSL,Taksal,,,,,UNMATCHED,none,NONE,OGD_Train_details_22122017,
GMM,Gumman,,,,,UNMATCHED,none,NONE,OGD_Train_details_22122017,
KOTI,Koti,,,,,UNMATCHED,none,NONE,OGD_Train_details_22122017,
SWO,Sonwara,,,,,UNMATCHED,none,NONE,OGD_Train_details_22122017,
DLSR,Dalhousi Roa,,,,,UNMATCHED,none,NONE,OGD_Train_details_22122017,
KAWL,Kandwal,,,,,UNMATCHED,none,NONE,OGD_Train_details_22122017,
NUPR,Nurpur Road,,,,,UNMATCHED,none,NONE,OGD_Train_details_22122017,
TLRA,Talara,,,,,UNMATCHED,none,NONE,OGD_Train_details_22122017,
BLDL,Balle-Da-Pir,,,,,UNMATCHED,none,NONE,OGD_Train_details_22122017,
BRMR,Bharmar,,,,,UNMATCHED,none,NONE,OGD_Train_details_22122017,
JWLS,Jawanwala Sh,,,,,UNMATCHED,none,NONE,OGD_Train_details_22122017,
HRDR,Harsar Dehri,,,,,UNMATCHED,none,NONE,OGD_Train_details_22122017,
MGRP,Meghrajpura,,,,,UNMATCHED,none,NONE,OGD_Train_details_22122017,
NGRS,Nagrota Suri,,,,,UNMATCHED,none,NONE,OGD_Train_details_22122017,
BRHL,Baryal Himac,,,,,UNMATCHED,none,NONE,OGD_Train_details_22122017,
NDBT,Nandpur Bhat,,,,,UNMATCHED,none,NONE,OGD_Train_details_22122017,
GULR,Guler,,,,,UNMATCHED,none,NONE,OGD_Train_details_22122017,
LNS,Lunsu  Halt,,,,,UNMATCHED,none,NONE,OGD_Train_details_22122017,
TRPL,Tripal,,,,,UNMATCHED,none,NONE,OGD_Train_details_22122017,
JMKR,Jawalamukhi,,,,,UNMATCHED,none,NONE,OGD_Train_details_22122017,
KPLR,Koparlahar,,,,,UNMATCHED,none,NONE,OGD_Train_details_22122017,
KGRA,Kangra,,,,,UNMATCHED,none,NONE,OGD_Train_details_22122017,
KGMR,Kangra Mandi,,,,,UNMATCHED,none,NONE,OGD_Train_details_22122017,
SMLT,Samloti,,,,,UNMATCHED,none,NONE,OGD_Train_details_22122017,
NGRT,Nagrota,,,,,UNMATCHED,none,NONE,OGD_Train_details_22122017,
CMMG,Chamunda Mar,,,,,UNMATCHED,none,NONE,OGD_Train_details_22122017,
PRAR,Paror,,,,,UNMATCHED,none,NONE,OGD_Train_details_22122017,
SLHP,Sulah Himach,,,,,UNMATCHED,none,NONE,OGD_Train_details_22122017,
PLMX,Palampur Him,,,,,UNMATCHED,none,NONE,OGD_Train_details_22122017,
PHRH,Panch Rukhi,,,,,UNMATCHED,none,NONE,OGD_Train_details_22122017,
MNHL,Majhairan Hi,,,,,UNMATCHED,none,NONE,OGD_Train_details_22122017,
BJPL,Baijnath Pap,,,,,UNMATCHED,none,NONE,OGD_Train_details_22122017,
PTRJ,Patti Rajpur,,,,,UNMATCHED,none,NONE,OGD_Train_details_22122017,
BJMR,Baijnath Man,,,,,UNMATCHED,none,NONE,OGD_Train_details_22122017,
AHJU,Ahju,,,,,UNMATCHED,none,NONE,OGD_Train_details_22122017,
CTZ,Chauntra Bha,,,,,UNMATCHED,none,NONE,OGD_Train_details_22122017,
JDNX,Joginder Nag,,,,,UNMATCHED,none,NONE,OGD_Train_details_22122017,
DJ,Darjeeling,,,,,UNMATCHED,none,NONE,OGD_Train_details_22122017,
GHUM,Ghum,,,,,UNMATCHED,none,NONE,OGD_Train_details_22122017,
SAD,Sonada,,,,,UNMATCHED,none,NONE,OGD_Train_details_22122017,
TUNG,Tung,,,,,UNMATCHED,none,NONE,OGD_Train_details_22122017,
KGN,Kurseong,,,,,UNMATCHED,none,NONE,OGD_Train_details_22122017,
MHN,Mahanadi,,,,,UNMATCHED,none,NONE,OGD_Train_details_22122017,
GBE,Gayabari,,,,,UNMATCHED,none,NONE,OGD_Train_details_22122017,
TDH,Tindharia,,,,,UNMATCHED,none,NONE,OGD_Train_details_22122017,
RTG,Rangtong,,,,,UNMATCHED,none,NONE,OGD_Train_details_22122017,
SN,Sukna,,,,,UNMATCHED,none,NONE,OGD_Train_details_22122017,
RUJ,Ranuj,,,,,UNMATCHED,none,NONE,OGD_Train_details_22122017,
CSMA,Chanasma Jn.,,,,,UNMATCHED,none,NONE,OGD_Train_details_22122017,
KVH,Khambhel,,,,,UNMATCHED,none,NONE,OGD_Train_details_22122017,
BHRJ,Bechraji,,,,,UNMATCHED,none,NONE,OGD_Train_details_22122017,
DHLI,Dethli,,,,,UNMATCHED,none,NONE,OGD_Train_details_22122017,
RTJ,Rantej,,,,,UNMATCHED,none,NONE,OGD_Train_details_22122017,
DNPR,Dhanpura,,,,,UNMATCHED,none,NONE,OGD_Train_details_22122017,
KTRD,Ketosan Road,,,,,UNMATCHED,none,NONE,OGD_Train_details_22122017,
BHAN,Bhoyani,,,,,UNMATCHED,none,NONE,OGD_Train_details_22122017,
KADI,Kadi,,,,,UNMATCHED,none,NONE,OGD_Train_details_22122017,
KLLF,Kalol,,,,,UNMATCHED,none,NONE,OGD_Train_details_22122017,
KHD,Khodiyar,,,,,UNMATCHED,none,NONE,OGD_Train_details_22122017,
SBIC,Sabarmati Jn,,,,,UNMATCHED,none,NONE,OGD_Train_details_22122017,
ADIJ,Ahmedabad Jn,,,,,UNMATCHED,none,NONE,OGD_Train_details_22122017,
VRLF,Veraval Mg,,,,,UNMATCHED,none,NONE,OGD_Train_details_22122017,
SVB,Savni,,,,,UNMATCHED,none,NONE,OGD_Train_details_22122017,
TAV,Talala Jn,,,,,UNMATCHED,none,NONE,OGD_Train_details_22122017,
CTRD,Chitrawad,,,,,UNMATCHED,none,NONE,OGD_Train_details_22122017,
SASG,Sasan Gir,,,,,UNMATCHED,none,NONE,OGD_Train_details_22122017,
KANS,Kansiya Nes,,,,,UNMATCHED,none,NONE,OGD_Train_details_22122017,
STDR,Satadhar,,,,,UNMATCHED,none,NONE,OGD_Train_details_22122017,
VSW,Visavadar,,,,,UNMATCHED,none,NONE,OGD_Train_details_22122017,
JTV,Jetalvad,,,,,UNMATCHED,none,NONE,OGD_Train_details_22122017,
BADR,Bhader,,,,,UNMATCHED,none,NONE,OGD_Train_details_22122017,
DARI,Dhari,,,,,UNMATCHED,none,NONE,OGD_Train_details_22122017,
CLC,Chalala,,,,,UNMATCHED,none,NONE,OGD_Train_details_22122017,
AEP,Amreli Para,,,,,UNMATCHED,none,NONE,OGD_Train_details_22122017,
AE,Amreli,,,,,UNMATCHED,none,NONE,OGD_Train_details_22122017,
KJV,Khijadiya Jn,,,,,UNMATCHED,none,NONE,OGD_Train_details_22122017,
LAT,Lathi,,,,,UNMATCHED,none,NONE,OGD_Train_details_22122017,
DASF,Dhasa Jn (Mg,,,,,UNMATCHED,none,NONE,OGD_Train_details_22122017,
JLRF,Jetalsar Jn,,,,,UNMATCHED,none,NONE,OGD_Train_details_22122017,
JTP,Jetpur,,,,,UNMATCHED,none,NONE,OGD_Train_details_22122017,
VVD,Vavdi,,,,,UNMATCHED,none,NONE,OGD_Train_details_22122017,
VDV,Vadiya Devli,,,,,UNMATCHED,none,NONE,OGD_Train_details_22122017,
KKK,Khakhariya,,,,,UNMATCHED,none,NONE,OGD_Train_details_22122017,
KKV,Kukavav,,,,,UNMATCHED,none,NONE,OGD_Train_details_22122017,
LDU,Lunidhar,,,,,UNMATCHED,none,NONE,OGD_Train_details_22122017,
CTL,Chital,,,,,UNMATCHED,none,NONE,OGD_Train_details_22122017,
BTDF,Botad Jn (Mg,,,,,UNMATCHED,none,NONE,OGD_Train_details_22122017,
SAPR,Sarangpur Ro,,,,,UNMATCHED,none,NONE,OGD_Train_details_22122017,
JIL,Jalila Road,,,,,UNMATCHED,none,NONE,OGD_Train_details_22122017,
BNH,Bhimnath,,,,,UNMATCHED,none,NONE,OGD_Train_details_22122017,
TID,Tagdi,,,,,UNMATCHED,none,NONE,OGD_Train_details_22122017,
DCK,Dhandhuka,,,,,UNMATCHED,none,NONE,OGD_Train_details_22122017,
RY,Rayaka,,,,,UNMATCHED,none,NONE,OGD_Train_details_22122017,
DIBL,Dholi (Bhal),,,,,UNMATCHED,none,NONE,OGD_Train_details_22122017,
HLB,Hadala Bhal,,,,,UNMATCHED,none,NONE,OGD_Train_details_22122017,
LO,Loliya,,,,,UNMATCHED,none,NONE,OGD_Train_details_22122017,
LHBK,Lothal Bhurk,,,,,UNMATCHED,none,NONE,OGD_Train_details_22122017,
AEJ,Arnej,,,,,UNMATCHED,none,NONE,OGD_Train_details_22122017,
KTGD,Kothgangad,,,,,UNMATCHED,none,NONE,OGD_Train_details_22122017,
GS,Godhneshwar,,,,,UNMATCHED,none,NONE,OGD_Train_details_22122017,
DOK,Dholka,,,,,UNMATCHED,none,NONE,OGD_Train_details_22122017,
VLA,Bavla,,,,,UNMATCHED,none,NONE,OGD_Train_details_22122017,
MQA,Matoda,,,,,UNMATCHED,none,NONE,OGD_Train_details_22122017,
MORA,Moraiya,,,,,UNMATCHED,none,NONE,OGD_Train_details_22122017,
SEJ,Sarkhej,,,,,UNMATCHED,none,NONE,OGD_Train_details_22122017,
VTP,Vastrapur,,,,,UNMATCHED,none,NONE,OGD_Train_details_22122017,
GG,Gandhigram,,,,,UNMATCHED,none,NONE,OGD_Train_details_22122017,
JBB,Jambur,Ambur,12.784066,78.7217855,Q16868946,MATCHED,fuzzy_name,MEDIUM,OGD_Train_details_22122017,OSM_chennai_thoothukudi_stations_raw.geojson
GRHM,Gir Gadhada,,,,,UNMATCHED,none,NONE,OGD_Train_details_22122017,
PCC,Prachi Road,,,,,UNMATCHED,none,NONE,OGD_Train_details_22122017,
VLDR,Valadar,,,,,UNMATCHED,none,NONE,OGD_Train_details_22122017,
JVL,Jamwala,,,,,UNMATCHED,none,NONE,OGD_Train_details_22122017,
HRM,Hadmadiya,,,,,UNMATCHED,none,NONE,OGD_Train_details_22122017,
GEG,Gir Gadhara,,,,,UNMATCHED,none,NONE,OGD_Train_details_22122017,
UNA,Una,,,,,UNMATCHED,none,NONE,OGD_Train_details_22122017,
DVA,Delvada,,,,,UNMATCHED,none,NONE,OGD_Train_details_22122017,
JCN,Junichavand,,,,,UNMATCHED,none,NONE,OGD_Train_details_22122017,
BILK,Bilkha,,,,,UNMATCHED,none,NONE,OGD_Train_details_22122017,
TORA,Torniya,,,,,UNMATCHED,none,NONE,OGD_Train_details_22122017,
KODR,Kodinar,,,,,UNMATCHED,none,NONE,OGD_Train_details_22122017,
GTWD,Ghatwad,,,,,UNMATCHED,none,NONE,OGD_Train_details_22122017,
SDHR,Sandhani Dha,,,,,UNMATCHED,none,NONE,OGD_Train_details_22122017,
PTP,Patal Pani,,,,,UNMATCHED,none,NONE,OGD_Train_details_22122017,
KKD,Kala Kund,,,,,UNMATCHED,none,NONE,OGD_Train_details_22122017,
CRL,Choral,,,,,UNMATCHED,none,NONE,OGD_Train_details_22122017,
MKT,Mukhtriara B,,,,,UNMATCHED,none,NONE,OGD_Train_details_22122017,
BWW,Barawaha,,,,,UNMATCHED,none,NONE,OGD_Train_details_22122017,
OM,Omkareshwar,,,,,UNMATCHED,none,NONE,OGD_Train_details_22122017,
SWD,Sanawad,,,,,UNMATCHED,none,NONE,OGD_Train_details_22122017,
SHBL,Shiblun,,,,,UNMATCHED,none,NONE,OGD_Train_details_22122017,
GGLE,Gangatikuri,,,,,UNMATCHED,none,NONE,OGD_Train_details_22122017,
JHBN,Jhamatpur Ba,,,,,UNMATCHED,none,NONE,OGD_Train_details_22122017,
MHTR,Malihati Tal,,,,,UNMATCHED,none,NONE,OGD_Train_details_22122017,
TYAE,Tenya,,,,,UNMATCHED,none,NONE,OGD_Train_details_22122017,
CWLE,Chowrigacha,,,,,UNMATCHED,none,NONE,OGD_Train_details_22122017,
KNSN,Karna Subarn,,,,,UNMATCHED,none,NONE,OGD_Train_details_22122017,
JVT,Jibanti,,,,,UNMATCHED,none,NONE,OGD_Train_details_22122017,
MIAN,Miangram,,,,,UNMATCHED,none,NONE,OGD_Train_details_22122017,
KZPE,Kazipara Hal,,,,,UNMATCHED,none,NONE,OGD_Train_details_22122017,
KTLR,Kanthaliya R,,,,,UNMATCHED,none,NONE,OGD_Train_details_22122017,
NBKH,Naba Gram Ka,,,,,UNMATCHED,none,NONE,OGD_Train_details_22122017,
NLSF,Niyalishpara,,,,,UNMATCHED,none,NONE,OGD_Train_details_22122017,
GSGB,Gosaingram,,,,,UNMATCHED,none,NONE,OGD_Train_details_22122017,
BAA,Barala,,,,,UNMATCHED,none,NONE,OGD_Train_details_22122017,
LAP,Lohapur,,,,,UNMATCHED,none,NONE,OGD_Train_details_22122017,
TKP,Takipur,,,,,UNMATCHED,none,NONE,OGD_Train_details_22122017,
SDLE,Swadinpur,,,,,UNMATCHED,none,NONE,OGD_Train_details_22122017,
DHPD,Dhapara Dham,,,,,UNMATCHED,none,NONE,OGD_Train_details_22122017,
BDBS,Bindubasini,,,,,UNMATCHED,none,NONE,OGD_Train_details_22122017,
BDAG,Bonidanga,,,,,UNMATCHED,none,NONE,OGD_Train_details_22122017,
BKLE,Bakudi,,,,,UNMATCHED,none,NONE,OGD_Train_details_22122017,
DDX,Dhamdhamia,,,,,UNMATCHED,none,NONE,OGD_Train_details_22122017,
KXE,Kalian Chak,,,,,UNMATCHED,none,NONE,OGD_Train_details_22122017,
KPTO,Karanpurato,,,,,UNMATCHED,none,NONE,OGD_Train_details_22122017,
MJP,Moharajpur,,,,,UNMATCHED,none,NONE,OGD_Train_details_22122017,
MPLE,Mahipal  Hal,,,,,UNMATCHED,none,NONE,OGD_Train_details_22122017,
PRDG,Poradanga,,,,,UNMATCHED,none,NONE,OGD_Train_details_22122017,
NWMS,Noapara Mahi,,,,,UNMATCHED,none,NONE,OGD_Train_details_22122017,
BQZ,Ballalpure,,,,,UNMATCHED,none,NONE,OGD_Train_details_22122017,
KRMA,Karamtolla,,,,,UNMATCHED,none,NONE,OGD_Train_details_22122017,
AMPL,Ammapali,,,,,UNMATCHED,none,NONE,OGD_Train_details_22122017,
LKB,Lakshmipur B,,,,,UNMATCHED,none,NONE,OGD_Train_details_22122017,
LMM,Lailakh Mama,,,,,UNMATCHED,none,NONE,OGD_Train_details_22122017,
TIT,Talit,,,,,UNMATCHED,none,NONE,OGD_Train_details_22122017,
JTL,Jhapaterdhal,,,,,UNMATCHED,none,NONE,OGD_Train_details_22122017,
BPS,Banpas,,,,,UNMATCHED,none,NONE,OGD_Train_details_22122017,
NRX,Noadar Dhal,,,,,UNMATCHED,none,NONE,OGD_Train_details_22122017,
PCQ,Pichkurirdha,,,,,UNMATCHED,none,NONE,OGD_Train_details_22122017,
KPLE,Kopai,,,,,UNMATCHED,none,NONE,OGD_Train_details_22122017,
BSLE,Bataspur,,,,,UNMATCHED,none,NONE,OGD_Train_details_22122017,
GHLE,Gadadharpur,,,,,UNMATCHED,none,NONE,OGD_Train_details_22122017,
NGF,Nagar Nabi,,,,,UNMATCHED,none,NONE,OGD_Train_details_22122017,
TBB,Tilbhita,,,,,UNMATCHED,none,NONE,OGD_Train_details_22122017,
CTMP,Chhit Makand,,,,,UNMATCHED,none,NONE,OGD_Train_details_22122017,
MVV,Maheshi,,,,,UNMATCHED,none,NONE,OGD_Train_details_22122017,
GNNA,Gangania,,,,,UNMATCHED,none,NONE,OGD_Train_details_22122017,
BUJ,Barauni Flag,,,,,UNMATCHED,none,NONE,OGD_Train_details_22122017,
MKPR,Muktapur,,,,,UNMATCHED,none,NONE,OGD_Train_details_22122017,
KSP,Kishanpur,,,,,UNMATCHED,none,NONE,OGD_Train_details_22122017,
TLWA,Thalwara,,,,,UNMATCHED,none,NONE,OGD_Train_details_22122017,
BJIH,Bijuli Halt,,,,,UNMATCHED,none,NONE,OGD_Train_details_22122017,
SSNS,Saheed Suraj,,,,,UNMATCHED,none,NONE,OGD_Train_details_22122017,
UGNA,Ugna,,,,,UNMATCHED,none,NONE,OGD_Train_details_22122017,
LLPR,Lalit Lachmi,,,,,UNMATCHED,none,NONE,OGD_Train_details_22122017,
KRHA,Korahia,,,,,UNMATCHED,none,NONE,OGD_Train_details_22122017,
KJME,Kajora Gram,,,,,UNMATCHED,none,NONE,OGD_Train_details_22122017,
BMGA,Bhimgara Jn.,,,,,UNMATCHED,none,NONE,OGD_Train_details_22122017,
PCR,Panchra,,,,,UNMATCHED,none,NONE,OGD_Train_details_22122017,
CPLE,Chinpai,,,,,UNMATCHED,none,NONE,OGD_Train_details_22122017,
KOX,Kachujor  Fl,,,,,UNMATCHED,none,NONE,OGD_Train_details_22122017,
KPK,Kali Pahari,,,,,UNMATCHED,none,NONE,OGD_Train_details_22122017,
SLS,Salanpur,,,,,UNMATCHED,none,NONE,OGD_Train_details_22122017,
MNC,Madankata,,,,,UNMATCHED,none,NONE,OGD_Train_details_22122017,
JRW,Joramow,,,,,UNMATCHED,none,NONE,OGD_Train_details_22122017,
LHB,Lahabon Halt,,,,,UNMATCHED,none,NONE,OGD_Train_details_22122017,
NRGO,Narganjo Hal,,,,,UNMATCHED,none,NONE,OGD_Train_details_22122017,
DPX,Dadpur Bh,,,,,UNMATCHED,none,NONE,OGD_Train_details_22122017,
GLI,Galsi,,,,,UNMATCHED,none,NONE,OGD_Train_details_22122017,
PAJ,Paraj,,,,,UNMATCHED,none,NONE,OGD_Train_details_22122017,
RBH,Rajbandh,,,,,UNMATCHED,none,NONE,OGD_Train_details_22122017,
BHN,Bhuli,,,,,UNMATCHED,none,NONE,OGD_Train_details_22122017,
NPJE,Nichitpur,,,,,UNMATCHED,none,NONE,OGD_Train_details_22122017,
MRQ,Matari,,,,,UNMATCHED,none,NONE,OGD_Train_details_22122017,
RJB,Rajabera,,,,,UNMATCHED,none,NONE,OGD_Train_details_22122017,
TKB,Tupkadih,,,,,UNMATCHED,none,NONE,OGD_Train_details_22122017,
RDF,Radhagaon,,,,,UNMATCHED,none,NONE,OGD_Train_details_22122017,
THO,Tulin,,,,,UNMATCHED,none,NONE,OGD_Train_details_22122017,
KITA,Kita,,,,,UNMATCHED,none,NONE,OGD_Train_details_22122017,
GATD,Gautamdhara,,,,,UNMATCHED,none,NONE,OGD_Train_details_22122017,
GAG,Gangaghat,,,,,UNMATCHED,none,NONE,OGD_Train_details_22122017,
JON,Johna,,,,,UNMATCHED,none,NONE,OGD_Train_details_22122017,
ALPD,Adalpahari,,,,,UNMATCHED,none,NONE,OGD_Train_details_22122017,
PRGR,Pinagoria,,,,,UNMATCHED,none,NONE,OGD_Train_details_22122017,
HRNS,Harising,,,,,UNMATCHED,none,NONE,OGD_Train_details_22122017,
SKIP,Shikaripara,,,,,UNMATCHED,none,NONE,OGD_Train_details_22122017,
BRMA,Barmasia,,,,,UNMATCHED,none,NONE,OGD_Train_details_22122017,
KURV,Kurva,,,,,UNMATCHED,none,NONE,OGD_Train_details_22122017,
DHWN,Daniyawan Fl,,,,,UNMATCHED,none,NONE,OGD_Train_details_22122017,
SCY,Sachiwalaya,,,,,UNMATCHED,none,NONE,OGD_Train_details_22122017,
PRBZ,Parsa Bazar,,,,,UNMATCHED,none,NONE,OGD_Train_details_22122017,
RSMN,Ramgovindsin,,,,,UNMATCHED,none,NONE,OGD_Train_details_22122017,
PNUG,Punpun Ghat,,,,,UNMATCHED,none,NONE,OGD_Train_details_22122017,
JTDM,Jatdumri Hal,,,,,UNMATCHED,none,NONE,OGD_Train_details_22122017,
NEMA,Nema Halt,,,,,UNMATCHED,none,NONE,OGD_Train_details_22122017,
KRON,Karona Halt,,,,,UNMATCHED,none,NONE,OGD_Train_details_22122017,
JHDC,Jahanabad  C,,,,,UNMATCHED,none,NONE,OGD_Train_details_22122017,
IAM,Mai Halt,,,,,UNMATCHED,none,NONE,OGD_Train_details_22122017,
NZP,Niyazipur Ha,,,,,UNMATCHED,none,NONE,OGD_Train_details_22122017,
WW,Wanabar Halt,,,,,UNMATCHED,none,NONE,OGD_Train_details_22122017,
NERH,Ner Halt,,,,,UNMATCHED,none,NONE,OGD_Train_details_22122017,
BBHT,Barabar Halt,,,,,UNMATCHED,none,NONE,OGD_Train_details_22122017,
NYM,Neyamatpur H,,,,,UNMATCHED,none,NONE,OGD_Train_details_22122017,
OREH,Ore Halt,,,,,UNMATCHED,none,NONE,OGD_Train_details_22122017,
CKH,Chakand,,,,,UNMATCHED,none,NONE,OGD_Train_details_22122017,
TNRI,Teneri Halt,,,,,UNMATCHED,none,NONE,OGD_Train_details_22122017,
CKMI,Chhotaki Mas,,,,,UNMATCHED,none,NONE,OGD_Train_details_22122017,
JTIN,Jethian,,,,,UNMATCHED,none,NONE,OGD_Train_details_22122017,
KRJR,Karjara,,,,,UNMATCHED,none,NONE,OGD_Train_details_22122017,
MPO,Manpur Jn.,,,,,UNMATCHED,none,NONE,OGD_Train_details_22122017,
SNDT,Sindri Town,,,,,UNMATCHED,none,NONE,OGD_Train_details_22122017,
SNMY,Sindri Marsh,,,,,UNMATCHED,none,NONE,OGD_Train_details_22122017,
RKJE,Rakhitpur,,,,,UNMATCHED,none,NONE,OGD_Train_details_22122017,
AMLO,Amlo,,,,,UNMATCHED,none,NONE,OGD_Train_details_22122017,
JAN,Jarangdih,,,,,UNMATCHED,none,NONE,OGD_Train_details_22122017,
DMBR,Dumri Bihar,,,,,UNMATCHED,none,NONE,OGD_Train_details_22122017,
DNEA,Danea,,,,,UNMATCHED,none,NONE,OGD_Train_details_22122017,
JGBR,Jogeswar Bih,,,,,UNMATCHED,none,NONE,OGD_Train_details_22122017,
KMHT,Karmahat,,,,,UNMATCHED,none,NONE,OGD_Train_details_22122017,
TKS,Tokisud,,,,,UNMATCHED,none,NONE,OGD_Train_details_22122017,
HNDR,Hendegir,,,,,UNMATCHED,none,NONE,OGD_Train_details_22122017,
KOLE,Kole,,,,,UNMATCHED,none,NONE,OGD_Train_details_22122017,
MMLN,Mahuamilan,,,,,UNMATCHED,none,NONE,OGD_Train_details_22122017,
CTQ,Chetar,,,,,UNMATCHED,none,NONE,OGD_Train_details_22122017,
RCGT,Richughuta,,,,,UNMATCHED,none,NONE,OGD_Train_details_22122017,
DEMU,Demu,,,,,UNMATCHED,none,NONE,OGD_Train_details_22122017,
BFQ,Bendi,,,,,UNMATCHED,none,NONE,OGD_Train_details_22122017,
KMND,Kumendi,,,,,UNMATCHED,none,NONE,OGD_Train_details_22122017,
HHG,Hehegara Hal,,,,,UNMATCHED,none,NONE,OGD_Train_details_22122017,
MAZ,Mangra,,,,,UNMATCHED,none,NONE,OGD_Train_details_22122017,
CNF,Chianki,,,,,UNMATCHED,none,NONE,OGD_Train_details_22122017,
KFT,Kajri,,,,,UNMATCHED,none,NONE,OGD_Train_details_22122017,
RHR,Rajhaura,,,,,UNMATCHED,none,NONE,OGD_Train_details_22122017,
TRZ,Tolra,,,,,UNMATCHED,none,NONE,OGD_Train_details_22122017,
MXY,Mahuariya,,,,,UNMATCHED,none,NONE,OGD_Train_details_22122017,
JRQ,Jharokhas,,,,,UNMATCHED,none,NONE,OGD_Train_details_22122017,
MPF,Muirpur Road,,,,,UNMATCHED,none,NONE,OGD_Train_details_22122017,
JGF,Jogidih,,,,,UNMATCHED,none,NONE,OGD_Train_details_22122017,
GMX,Gurmura,,,,,UNMATCHED,none,NONE,OGD_Train_details_22122017,
SLBN,Salai Banwa,,,,,UNMATCHED,none,NONE,OGD_Train_details_22122017,
KHRY,Khairahi,,,,,UNMATCHED,none,NONE,OGD_Train_details_22122017,
DAP,Dagmagpur,,,,,UNMATCHED,none,NONE,OGD_Train_details_22122017,
PRE,Pahara,,,,,UNMATCHED,none,NONE,OGD_Train_details_22122017,
JHG,Jhingura,,,,,UNMATCHED,none,NONE,OGD_Train_details_22122017,
BEO,Birohe,,,,,UNMATCHED,none,NONE,OGD_Train_details_22122017,
GAE,Gaipura,,,,,UNMATCHED,none,NONE,OGD_Train_details_22122017,
JIA,Jigna,,,,,UNMATCHED,none,NONE,OGD_Train_details_22122017,
UND,Unchdih,,,,,UNMATCHED,none,NONE,OGD_Train_details_22122017,
BEP,Bheerpur,,,,,UNMATCHED,none,NONE,OGD_Train_details_22122017,
KCN,Karchana,,,,,UNMATCHED,none,NONE,OGD_Train_details_22122017,
SQS,Sigsigi,,,,,UNMATCHED,none,NONE,OGD_Train_details_22122017,
KRTA,Karkatta,,,,,UNMATCHED,none,NONE,OGD_Train_details_22122017,
SZF,Satbahini,,,,,UNMATCHED,none,NONE,OGD_Train_details_22122017,
KVQ,Kosiara,,,,,UNMATCHED,none,NONE,OGD_Train_details_22122017,
BCJ,Bagaha Bishn,,,,,UNMATCHED,none,NONE,OGD_Train_details_22122017,
DORD,Deo Road,,,,,UNMATCHED,none,NONE,OGD_Train_details_22122017,
BHKH,Baghoikusa,,,,,UNMATCHED,none,NONE,OGD_Train_details_22122017,
CPBH,Chirailla Pa,,,,,UNMATCHED,none,NONE,OGD_Train_details_22122017,
KWAR,Kawar,,,,,UNMATCHED,none,NONE,OGD_Train_details_22122017,
JAUA,Jamua,,,,,UNMATCHED,none,NONE,OGD_Train_details_22122017,
REMA,Rema,,,,,UNMATCHED,none,NONE,OGD_Train_details_22122017,
DNWR,Dhanwar,,,,,UNMATCHED,none,NONE,OGD_Train_details_22122017,
NWDH,Nawadih,,,,,UNMATCHED,none,NONE,OGD_Train_details_22122017,
NWSI,Nawal Sahi H,,,,,UNMATCHED,none,NONE,OGD_Train_details_22122017,
MHSA,Maheshpur 'A,,,,,UNMATCHED,none,NONE,OGD_Train_details_22122017,
KQRT,Koderma Town,,,,,UNMATCHED,none,NONE,OGD_Train_details_22122017,
PADH,Pipradih,,,,,UNMATCHED,none,NONE,OGD_Train_details_22122017,
UWAN,Urwan,,,,,UNMATCHED,none,NONE,OGD_Train_details_22122017,
BRHI,Barhi,,,,,UNMATCHED,none,NONE,OGD_Train_details_22122017,
PDMA,Padma,,,,,UNMATCHED,none,NONE,OGD_Train_details_22122017,
KAGA,Kurhagada,,,,,UNMATCHED,none,NONE,OGD_Train_details_22122017,
KAUA,Kathautia,,,,,UNMATCHED,none,NONE,OGD_Train_details_22122017,
KKAS,Katkamasandi,,,,,UNMATCHED,none,NONE,OGD_Train_details_22122017,
KSNA,Kanasar Nawa,,,,,UNMATCHED,none,NONE,OGD_Train_details_22122017,
HZBN,Hazaribagh T,,,,,UNMATCHED,none,NONE,OGD_Train_details_22122017,
BES,Bes,,,,,UNMATCHED,none,NONE,OGD_Train_details_22122017,
CHRI,Charhi,,,,,UNMATCHED,none,NONE,OGD_Train_details_22122017,
MNDU,Mandu Halt,,,,,UNMATCHED,none,NONE,OGD_Train_details_22122017,
KUJU,Kuju,,,,,UNMATCHED,none,NONE,OGD_Train_details_22122017,
ARGD,Arigada,,,,,UNMATCHED,none,NONE,OGD_Train_details_22122017,
RIKD,Rishikund,,,,,UNMATCHED,none,NONE,OGD_Train_details_22122017,
AJUG,Abjuganj,,,,,UNMATCHED,none,NONE,OGD_Train_details_22122017,
KMGH,Kamarganj,,,,,UNMATCHED,none,NONE,OGD_Train_details_22122017,
KAPP,Khariapipra,,,,,UNMATCHED,none,NONE,OGD_Train_details_22122017,
GOG,Ghorghat Hal,,,,,UNMATCHED,none,NONE,OGD_Train_details_22122017,
PATM,Patam,,,,,UNMATCHED,none,NONE,OGD_Train_details_22122017,
SRBG,Sarobag,,,,,UNMATCHED,none,NONE,OGD_Train_details_22122017,
GIBP,Ghogi Bariar,,,,,UNMATCHED,none,NONE,OGD_Train_details_22122017,
PWBN,Pawai Brohma,,,,,UNMATCHED,none,NONE,OGD_Train_details_22122017,
HSDA,Hansdiha,,,,,UNMATCHED,none,NONE,OGD_Train_details_22122017,
KADL,Kumradol,,,,,UNMATCHED,none,NONE,OGD_Train_details_22122017,
PETA,Pandetola,,,,,UNMATCHED,none,NONE,OGD_Train_details_22122017,
MDLE,Mandar Hill,,,,,UNMATCHED,none,NONE,OGD_Train_details_22122017,
PPDI,Pipradih,,,,,UNMATCHED,none,NONE,OGD_Train_details_22122017,
BELT,Bela,,,,,UNMATCHED,none,NONE,OGD_Train_details_22122017,
SJJ,Sanjha H,,,,,UNMATCHED,none,NONE,OGD_Train_details_22122017,
TKLE,Tikani,,,,,UNMATCHED,none,NONE,OGD_Train_details_22122017,
JDPT,Jagdishpur,,,,,UNMATCHED,none,NONE,OGD_Train_details_22122017,
GIF,Gani Dham Ha,,,,,UNMATCHED,none,NONE,OGD_Train_details_22122017,
PJLE,Panjwara Roa,,,,,UNMATCHED,none,NONE,OGD_Train_details_22122017,
MDVB,Mandar Vidya,,,,,UNMATCHED,none,NONE,OGD_Train_details_22122017,
MPUR,New Madanpur,,,,,UNMATCHED,none,NONE,OGD_Train_details_22122017,
BRPS,Barapalasi,,,,,UNMATCHED,none,NONE,OGD_Train_details_22122017,
NNHT,Nonihat,,,,,UNMATCHED,none,NONE,OGD_Train_details_22122017,
KUMT,Kurmahat,,,,,UNMATCHED,none,NONE,OGD_Train_details_22122017,
RJL,Rajmahal,,,,,UNMATCHED,none,NONE,OGD_Train_details_22122017,
SGPA,Sugapahari H,,,,,UNMATCHED,none,NONE,OGD_Train_details_22122017,
SAPT,Sugapahari H,,,,,UNMATCHED,none,NONE,OGD_Train_details_22122017,
JGD,Jagadispur,,,,,UNMATCHED,none,NONE,OGD_Train_details_22122017,
KBSH,Krishna Ball,,,,,UNMATCHED,none,NONE,OGD_Train_details_22122017,
MMD,Mahesha Mund,,,,,UNMATCHED,none,NONE,OGD_Train_details_22122017,
GRD,Girdih,,,,,UNMATCHED,none,NONE,OGD_Train_details_22122017,
BKAC,Barkakana Av,,,,,UNMATCHED,none,NONE,OGD_Train_details_22122017,
PHE,Pahaleja,,,,,UNMATCHED,none,NONE,OGD_Train_details_22122017,
KWD,Karwandiya,,,,,UNMATCHED,none,NONE,OGD_Train_details_22122017,
SSG,Shiu Sagar R,,,,,UNMATCHED,none,NONE,OGD_Train_details_22122017,
KVD,Khurmabad Ro,,,,,UNMATCHED,none,NONE,OGD_Train_details_22122017,
PSE,Pusauli,,,,,UNMATCHED,none,NONE,OGD_Train_details_22122017,
MTGE,Muthani,,,,,UNMATCHED,none,NONE,OGD_Train_details_22122017,
DCX,Dhaniachha,,,,,UNMATCHED,none,NONE,OGD_Train_details_22122017,
GAQ,Ganj  Khwaja,,,,,UNMATCHED,none,NONE,OGD_Train_details_22122017,
CNPI,Chandanpahar,,,,,UNMATCHED,none,NONE,OGD_Train_details_22122017,
MHUR,Mohanpur,,,,,UNMATCHED,none,NONE,OGD_Train_details_22122017,
KRTR,Karota Patri,,,,,UNMATCHED,none,NONE,OGD_Train_details_22122017,
DRV,Darauli,,,,,UNMATCHED,none,NONE,OGD_Train_details_22122017,
BHCL,Bahora Chand,,,,,UNMATCHED,none,NONE,OGD_Train_details_22122017,
TLAM,Tulsi Ashrar,,,,,UNMATCHED,none,NONE,OGD_Train_details_22122017,
SAHA,Sarahula Hal,,,,,UNMATCHED,none,NONE,OGD_Train_details_22122017,
NXR,Nagsar Halt,,,,,UNMATCHED,none,NONE,OGD_Train_details_22122017,
TRG,Tarighat,,,,,UNMATCHED,none,NONE,OGD_Train_details_22122017,
VVKP,Vivekanandpu,,,,,UNMATCHED,none,NONE,OGD_Train_details_22122017,
DBSI,Daya Basti,,,,,UNMATCHED,none,NONE,OGD_Train_details_22122017,
MQC,Mundka Halt,,,,,UNMATCHED,none,NONE,OGD_Train_details_22122017,
GHE,Ghevra,,,,,UNMATCHED,none,NONE,OGD_Train_details_22122017,
ASE,Asaudah,,,,,UNMATCHED,none,NONE,OGD_Train_details_22122017,
ROHN,Rohad Nagar,,,,,UNMATCHED,none,NONE,OGD_Train_details_22122017,
KRZ,Kharawar,,,,,UNMATCHED,none,NONE,OGD_Train_details_22122017,
ABO,Asthal Bohar,,,,,UNMATCHED,none,NONE,OGD_Train_details_22122017,
JCY,Jind City,,,,,UNMATCHED,none,NONE,OGD_Train_details_22122017,
PPDE,Pandu Pindar,,,,,UNMATCHED,none,NONE,OGD_Train_details_22122017,
SWDE,Siwaha,,,,,UNMATCHED,none,NONE,OGD_Train_details_22122017,
PKDE,Pilu Khera,,,,,UNMATCHED,none,NONE,OGD_Train_details_22122017,
BKDE,Budha Khera,,,,,UNMATCHED,none,NONE,OGD_Train_details_22122017,
SXE,Sila Kheri,,,,,UNMATCHED,none,NONE,OGD_Train_details_22122017,
SFDE,Safidon,,,,,UNMATCHED,none,NONE,OGD_Train_details_22122017,
KSDE,Karsindhu Ha,,,,,UNMATCHED,none,NONE,OGD_Train_details_22122017,
NARA,Nara Halt,,,,,UNMATCHED,none,NONE,OGD_Train_details_22122017,
MLDE,Madlauda,,,,,UNMATCHED,none,NONE,OGD_Train_details_22122017,
ASAN,Asan,Karasangal,12.3347973,79.7505125,Q63355689,MATCHED,fuzzy_name,MEDIUM,OGD_Train_details_22122017,OSM_chennai_thoothukudi_stations_raw.geojson
KURN,Khukrana Hal,,,,,UNMATCHED,none,NONE,OGD_Train_details_22122017,
BNJL,Binjhol,,,,,UNMATCHED,none,NONE,OGD_Train_details_22122017,
NLH,Naultha,,,,,UNMATCHED,none,NONE,OGD_Train_details_22122017,
DHRN,Dhurana,,,,,UNMATCHED,none,NONE,OGD_Train_details_22122017,
MDLA,Mudlana,,,,,UNMATCHED,none,NONE,OGD_Train_details_22122017,
BASN,Adra,,,,,UNMATCHED,none,NONE,OGD_Train_details_22122017,
RKX,Rukhi Halt,,,,,UNMATCHED,none,NONE,OGD_Train_details_22122017,
JSS,Jasia  Halt,,,,,UNMATCHED,none,NONE,OGD_Train_details_22122017,
MKLI,Makrauli,,,,,UNMATCHED,none,NONE,OGD_Train_details_22122017,
GSO,Ghaso,,,,,UNMATCHED,none,NONE,OGD_Train_details_22122017,
PT,Patli,,,,,UNMATCHED,none,NONE,OGD_Train_details_22122017,
TNJR,Taj Nagar,,,,,UNMATCHED,none,NONE,OGD_Train_details_22122017,
JSKA,Jataula Jori,,,,,UNMATCHED,none,NONE,OGD_Train_details_22122017,
IHP,Inchhapuri,,,,,UNMATCHED,none,NONE,OGD_Train_details_22122017,
KWMD,Kumbhawas Mu,,,,,UNMATCHED,none,NONE,OGD_Train_details_22122017,
NNU,Nangal Mundi,,,,,UNMATCHED,none,NONE,OGD_Train_details_22122017,
GRKA,Gurha Kemla,,,,,UNMATCHED,none,NONE,OGD_Train_details_22122017,
BJWS,Bojawas Halt,,,,,UNMATCHED,none,NONE,OGD_Train_details_22122017,
ZP,Zerpur Pali,,,,,UNMATCHED,none,NONE,OGD_Train_details_22122017,
NDRT,Nangal Degro,,,,,UNMATCHED,none,NONE,OGD_Train_details_22122017,
NWN,Nanwan Halt,,,,,UNMATCHED,none,NONE,OGD_Train_details_22122017,
SAWN,Sohansra,,,,,UNMATCHED,none,NONE,OGD_Train_details_22122017,
PVZ,Parvezpur,,,,,UNMATCHED,none,NONE,OGD_Train_details_22122017,
HR,Harpalu,,,,,UNMATCHED,none,NONE,OGD_Train_details_22122017,
GKG,Gokulgarh,,,,,UNMATCHED,none,NONE,OGD_Train_details_22122017,
PLHW,Palhawas,,,,,UNMATCHED,none,NONE,OGD_Train_details_22122017,
MHRI,Machhrauli,,,,,UNMATCHED,none,NONE,OGD_Train_details_22122017,
DGHL,Dighal,,,,,UNMATCHED,none,NONE,OGD_Train_details_22122017,
SMF,Samar Gopalp,,,,,UNMATCHED,none,NONE,OGD_Train_details_22122017,
KHV,Karainthi,,,,,UNMATCHED,none,NONE,OGD_Train_details_22122017,
KZH,Kila Zafarga,,,,,UNMATCHED,none,NONE,OGD_Train_details_22122017,
JJT,Jai Jai Want,,,,,UNMATCHED,none,NONE,OGD_Train_details_22122017,
KIU,Kinana,,,,,UNMATCHED,none,NONE,OGD_Train_details_22122017,
BSPH,Bishanpur Ha,,,,,UNMATCHED,none,NONE,OGD_Train_details_22122017,
DHY,Dharodi,,,,,UNMATCHED,none,NONE,OGD_Train_details_22122017,
DTN,Dhamtan Sahi,,,,,UNMATCHED,none,NONE,OGD_Train_details_22122017,
KLWN,Kalwan Halt,,,,,UNMATCHED,none,NONE,OGD_Train_details_22122017,
HMQ,Himmatpura,,,,,UNMATCHED,none,NONE,OGD_Train_details_22122017,
TNDE,Thanesar Cit,,,,,UNMATCHED,none,NONE,OGD_Train_details_22122017,
PDS,Pindarsi Hal,,,,,UNMATCHED,none,NONE,OGD_Train_details_22122017,
PBJM,Pabnawajas M,,,,,UNMATCHED,none,NONE,OGD_Train_details_22122017,
PHWR,Pehowa Road,,,,,UNMATCHED,none,NONE,OGD_Train_details_22122017,
TIK,Tik,,,,,UNMATCHED,none,NONE,OGD_Train_details_22122017,
GXG,Geong  Halt,,,,,UNMATCHED,none,NONE,OGD_Train_details_22122017,
QTP,Qutabpur,,,,,UNMATCHED,none,NONE,OGD_Train_details_22122017,
SJM,Sajuma,,,,,UNMATCHED,none,NONE,OGD_Train_details_22122017,
KIY,Kalayat,,,,,UNMATCHED,none,NONE,OGD_Train_details_22122017,
GRZ,Gurthuri,,,,,UNMATCHED,none,NONE,OGD_Train_details_22122017,
KAGR,Kahangarh Ha,,,,,UNMATCHED,none,NONE,OGD_Train_details_22122017,
DTW,Datewas,,,,,UNMATCHED,none,NONE,OGD_Train_details_22122017,
NPX,Narindarpura,,,,,UNMATCHED,none,NONE,OGD_Train_details_22122017,
SSZ,Sadda Singhw,,,,,UNMATCHED,none,NONE,OGD_Train_details_22122017,
MASK,Maisar Khana,,,,,UNMATCHED,none,NONE,OGD_Train_details_22122017,
KTF,Kot Fateh,,,,,UNMATCHED,none,NONE,OGD_Train_details_22122017,
KZW,Katar Singh,,,,,UNMATCHED,none,NONE,OGD_Train_details_22122017,
GHB,Gahri Bhagi,,,,,UNMATCHED,none,NONE,OGD_Train_details_22122017,
SGA,Shergarh,,,,,UNMATCHED,none,NONE,OGD_Train_details_22122017,
MKBH,Manwala Kot,,,,,UNMATCHED,none,NONE,OGD_Train_details_22122017,
BNLS,Bangi Nihal,,,,,UNMATCHED,none,NONE,OGD_Train_details_22122017,
RKK,Ratangarh Ka,,,,,UNMATCHED,none,NONE,OGD_Train_details_22122017,
SCV,Sukhchain,,,,,UNMATCHED,none,NONE,OGD_Train_details_22122017,
BGD,Bara Gudha,,,,,UNMATCHED,none,NONE,OGD_Train_details_22122017,
SHN,Suchan Kotli,,,,,UNMATCHED,none,NONE,OGD_Train_details_22122017,
JKHI,Jakhod Khera,,,,,UNMATCHED,none,NONE,OGD_Train_details_22122017,
CBX,Chand Bhan,,,,,UNMATCHED,none,NONE,OGD_Train_details_22122017,
RLS,Romana Albel,,,,,UNMATCHED,none,NONE,OGD_Train_details_22122017,
GZS,Giani Zail S,,,,,UNMATCHED,none,NONE,OGD_Train_details_22122017,
GHA,Golehwala,,,,,UNMATCHED,none,NONE,OGD_Train_details_22122017,
KBU,Kasu Begu,,,,,UNMATCHED,none,NONE,OGD_Train_details_22122017,
PKZ,Pipli Pakhi,,,,,UNMATCHED,none,NONE,OGD_Train_details_22122017,
AJTM,Ajit Gill Ma,,,,,UNMATCHED,none,NONE,OGD_Train_details_22122017,
BWZ,Baddowal,,,,,UNMATCHED,none,NONE,OGD_Train_details_22122017,
CKM,Chauki Man,,,,,UNMATCHED,none,NONE,OGD_Train_details_22122017,
DAU,Dagru,,,,,UNMATCHED,none,NONE,OGD_Train_details_22122017,
MSSD,Maheshri San,,,,,UNMATCHED,none,NONE,OGD_Train_details_22122017,
PHS,Ferozeshah,,,,,UNMATCHED,none,NONE,OGD_Train_details_22122017,
GRN,Gurnay,,,,,UNMATCHED,none,NONE,OGD_Train_details_22122017,
GGKR,Govindgarh K,,,,,UNMATCHED,none,NONE,OGD_Train_details_22122017,
CJL,Chajli,,,,,UNMATCHED,none,NONE,OGD_Train_details_22122017,
BZ,Bharur Halt,,,,,UNMATCHED,none,NONE,OGD_Train_details_22122017,
BSS,Bahadur Sing,,,,,UNMATCHED,none,NONE,OGD_Train_details_22122017,
HMI,Himmatana,,,,,UNMATCHED,none,NONE,OGD_Train_details_22122017,
KUP,Kup,,,,,UNMATCHED,none,NONE,OGD_Train_details_22122017,
RHW,Rohira Ghall,,,,,UNMATCHED,none,NONE,OGD_Train_details_22122017,
JSL,Jassowal Hal,,,,,UNMATCHED,none,NONE,OGD_Train_details_22122017,
GILL,Gill,,,,,UNMATCHED,none,NONE,OGD_Train_details_22122017,
LDP,Lodipur Bish,,,,,UNMATCHED,none,NONE,OGD_Train_details_22122017,
HKP,Hakimpur,,,,,UNMATCHED,none,NONE,OGD_Train_details_22122017,
CKLT,Chakkali Lai,,,,,UNMATCHED,none,NONE,OGD_Train_details_22122017,
KIV,Kailsa,,,,,UNMATCHED,none,NONE,OGD_Train_details_22122017,
KFPR,Kafurpur,,,,,UNMATCHED,none,NONE,OGD_Train_details_22122017,
MHHR,Mahesra,,,,,UNMATCHED,none,NONE,OGD_Train_details_22122017,
KHE,Kankather,,,,,UNMATCHED,none,NONE,OGD_Train_details_22122017,
GGB,Garhmuktesar,,,,,UNMATCHED,none,NONE,OGD_Train_details_22122017,
QXR,Kuchesar Roa,,,,,UNMATCHED,none,NONE,OGD_Train_details_22122017,
BBO,Babugarh,,,,,UNMATCHED,none,NONE,OGD_Train_details_22122017,
KKMB,Kastla-Kasma,,,,,UNMATCHED,none,NONE,OGD_Train_details_22122017,
DS,Dasna,,,,,UNMATCHED,none,NONE,OGD_Train_details_22122017,
AKNR,Adhyatmik Na,,,,,UNMATCHED,none,NONE,OGD_Train_details_22122017,
MFH,Mahrauli,,,,,UNMATCHED,none,NONE,OGD_Train_details_22122017,
VVB,Vivek Vihar,,,,,UNMATCHED,none,NONE,OGD_Train_details_22122017,
MAHO,Maholi,,,,,UNMATCHED,none,NONE,OGD_Train_details_22122017,
JBG,Jung Bahadur,,,,,UNMATCHED,none,NONE,OGD_Train_details_22122017,
UCH,Unchaulia,,,,,UNMATCHED,none,NONE,OGD_Train_details_22122017,
PKRA,Parsa Khera,,,,,UNMATCHED,none,NONE,OGD_Train_details_22122017,
DAN,Dhaneta,,,,,UNMATCHED,none,NONE,OGD_Train_details_22122017,
DUN,Duganpur,,,,,UNMATCHED,none,NONE,OGD_Train_details_22122017,
DAM,Dhamora,,,,,UNMATCHED,none,NONE,OGD_Train_details_22122017,
MPH,Mundha Pande,,,,,UNMATCHED,none,NONE,OGD_Train_details_22122017,
DLP,Dalpatpur,,,,,UNMATCHED,none,NONE,OGD_Train_details_22122017,
KGF,Katghar,,,,,UNMATCHED,none,NONE,OGD_Train_details_22122017,
RGB,Ramganga,,,,,UNMATCHED,none,NONE,OGD_Train_details_22122017,
PRKE,Purwa Khera,,,,,UNMATCHED,none,NONE,OGD_Train_details_22122017,
SSKA,Sisarka,,,,,UNMATCHED,none,NONE,OGD_Train_details_22122017,
GTF,Gumthal,,,,,UNMATCHED,none,NONE,OGD_Train_details_22122017,
JRJ,Jargaon,,,,,UNMATCHED,none,NONE,OGD_Train_details_22122017,
KD,Kundarkhi,,,,,UNMATCHED,none,NONE,OGD_Train_details_22122017,
MCV,Macharya,,,,,UNMATCHED,none,NONE,OGD_Train_details_22122017,
KZS,Kuakhera Hal,,,,,UNMATCHED,none,NONE,OGD_Train_details_22122017,
SPGL,Sarai Gopal,,,,,UNMATCHED,none,NONE,OGD_Train_details_22122017,
ARP,Atrampur,,,,,UNMATCHED,none,NONE,OGD_Train_details_22122017,
BHDR,Bhadri,,,,,UNMATCHED,none,NONE,OGD_Train_details_22122017,
ARKA,Arkha Halt,,,,,UNMATCHED,none,NONE,OGD_Train_details_22122017,
IDS,Ishardaspur,,,,,UNMATCHED,none,NONE,OGD_Train_details_22122017,
MNJR,Manjhlepur,,,,,UNMATCHED,none,NONE,OGD_Train_details_22122017,
BRRZ,Barara Buzur,,,,,UNMATCHED,none,NONE,OGD_Train_details_22122017,
BYQ,Bahai Halt,,,,,UNMATCHED,none,NONE,OGD_Train_details_22122017,
NHF,Nihasta Halt,,,,,UNMATCHED,none,NONE,OGD_Train_details_22122017,
BSWA,Baiswara,,,,,UNMATCHED,none,NONE,OGD_Train_details_22122017,
IDM,Indemau,,,,,UNMATCHED,none,NONE,OGD_Train_details_22122017,
KULH,Kulha Halt,,,,,UNMATCHED,none,NONE,OGD_Train_details_22122017,
TKRP,Tikauli Rawa,,,,,UNMATCHED,none,NONE,OGD_Train_details_22122017,
BAHP,Band Hamirpu,,,,,UNMATCHED,none,NONE,OGD_Train_details_22122017,
ACH,Achal Ganj,,,,,UNMATCHED,none,NONE,OGD_Train_details_22122017,
KURO,Korari,,,,,UNMATCHED,none,NONE,OGD_Train_details_22122017,
THW,Tharwai,,,,,UNMATCHED,none,NONE,OGD_Train_details_22122017,
BYHA,Barya Ram,,,,,UNMATCHED,none,NONE,OGD_Train_details_22122017,
JUA,Jarauna,,,,,UNMATCHED,none,NONE,OGD_Train_details_22122017,
BSY,Barsathi,,,,,UNMATCHED,none,NONE,OGD_Train_details_22122017,
VNN,Bhanaur,,,,,UNMATCHED,none,NONE,OGD_Train_details_22122017,
WRGN,Warigaon New,,,,,UNMATCHED,none,NONE,OGD_Train_details_22122017,
SPPR,Shudnipur,,,,,UNMATCHED,none,NONE,OGD_Train_details_22122017,
SAF,Salkhapur,,,,,UNMATCHED,none,NONE,OGD_Train_details_22122017,
KJTW,Kajgaon Terh,,,,,UNMATCHED,none,NONE,OGD_Train_details_22122017,
BHBV,Block Hut B,,,,,UNMATCHED,none,NONE,OGD_Train_details_22122017,
TLMD,Trilochan Ma,,,,,UNMATCHED,none,NONE,OGD_Train_details_22122017,
MGWN,Mahgawan Hal,,,,,UNMATCHED,none,NONE,OGD_Train_details_22122017,
MNKN,Manikalan Ha,,,,,UNMATCHED,none,NONE,OGD_Train_details_22122017,
TLGR,Tulsi Nagar,,,,,UNMATCHED,none,NONE,OGD_Train_details_22122017,
JFG,Jafarganj,,,,,UNMATCHED,none,NONE,OGD_Train_details_22122017,
KTHE,Katahri,,,,,UNMATCHED,none,NONE,OGD_Train_details_22122017,
ULN,Ulna Bhari,,,,,UNMATCHED,none,NONE,OGD_Train_details_22122017,
DRG,Darshannagar,,,,,UNMATCHED,none,NONE,OGD_Train_details_22122017,
CNBI,Chandari,,,,,UNMATCHED,none,NONE,OGD_Train_details_22122017,
CHK,Chakeri,,,,,UNMATCHED,none,NONE,OGD_Train_details_22122017,
RXM,Rooma,,,,,UNMATCHED,none,NONE,OGD_Train_details_22122017,
PMPR,Prempur,,,,,UNMATCHED,none,NONE,OGD_Train_details_22122017,
KBN,Karbigwan,,,,,UNMATCHED,none,NONE,OGD_Train_details_22122017,
KSQ,Kanspur Guga,,,,,UNMATCHED,none,NONE,OGD_Train_details_22122017,
MWH,Malwan,,,,,UNMATCHED,none,NONE,OGD_Train_details_22122017,
KKS,Kurasti Kala,,,,,UNMATCHED,none,NONE,OGD_Train_details_22122017,
DYP,Daryapur,,,,,UNMATCHED,none,NONE,OGD_Train_details_22122017,
RCP,Rama Chandra,,,,,UNMATCHED,none,NONE,OGD_Train_details_22122017,
MDA,Mandhana Jn,,,,,UNMATCHED,none,NONE,OGD_Train_details_22122017,
CBR,Chaubepur,,,,,UNMATCHED,none,NONE,OGD_Train_details_22122017,
UTP,Utri Pura,,,,,UNMATCHED,none,NONE,OGD_Train_details_22122017,
DUO,Dhaursalar H,,,,,UNMATCHED,none,NONE,OGD_Train_details_22122017,
BKTS,Bakhoti Khas,,,,,UNMATCHED,none,NONE,OGD_Train_details_22122017,
GWP,Gangwa Pur (,,,,,UNMATCHED,none,NONE,OGD_Train_details_22122017,
MNMU,Mani Mau,,,,,UNMATCHED,none,NONE,OGD_Train_details_22122017,
KJNC,Kannauj City,,,,,UNMATCHED,none,NONE,OGD_Train_details_22122017,
JPP,Jalalpur-Pan,,,,,UNMATCHED,none,NONE,OGD_Train_details_22122017,
JDA,Jasoda,,,,,UNMATCHED,none,NONE,OGD_Train_details_22122017,
KHDP,Khudlapur F,,,,,UNMATCHED,none,NONE,OGD_Train_details_22122017,
MLKP,Malikpur (Ha,,,,,UNMATCHED,none,NONE,OGD_Train_details_22122017,
KDJ,Khudaganj,,,,,UNMATCHED,none,NONE,OGD_Train_details_22122017,
SGRP,Singhirampur,,,,,UNMATCHED,none,NONE,OGD_Train_details_22122017,
YAG,Yaqutganj (H,,,,,UNMATCHED,none,NONE,OGD_Train_details_22122017,
AKW,Akona,Kumbakonam,10.954175,79.3900701,Q12420127,MATCHED,fuzzy_name,MEDIUM,OGD_Train_details_22122017,OSM_chennai_thoothukudi_stations_raw.geojson
IGTA,Lngohta,,,,,UNMATCHED,none,NONE,OGD_Train_details_22122017,
DPSR,Dapsaura,,,,,UNMATCHED,none,NONE,OGD_Train_details_22122017,
DXU,Dohru,,,,,UNMATCHED,none,NONE,OGD_Train_details_22122017,
SIRA,Sirhi Itara,,,,,UNMATCHED,none,NONE,OGD_Train_details_22122017,
SRJK,Surajkunda,,,,,UNMATCHED,none,NONE,OGD_Train_details_22122017,
UBN,Ubarni,,,,,UNMATCHED,none,NONE,OGD_Train_details_22122017,
RDV,Radha Balamp,,,,,UNMATCHED,none,NONE,OGD_Train_details_22122017,
SLRP,Salarpur,,,,,UNMATCHED,none,NONE,OGD_Train_details_22122017,
DELO,Deorakot,,,,,UNMATCHED,none,NONE,OGD_Train_details_22122017,
BNM,Baragaon,,,,,UNMATCHED,none,NONE,OGD_Train_details_22122017,
GMU,Gauriyamau,,,,,UNMATCHED,none,NONE,OGD_Train_details_22122017,
RZN,Rauzagaon,,,,,UNMATCHED,none,NONE,OGD_Train_details_22122017,
SYK,Saidkhanpur,,,,,UNMATCHED,none,NONE,OGD_Train_details_22122017,
RES,Rasauli,,,,,UNMATCHED,none,NONE,OGD_Train_details_22122017,
TRE,Tikri Halt,,,,,UNMATCHED,none,NONE,OGD_Train_details_22122017,
BRYC,Bareilly Can,,,,,UNMATCHED,none,NONE,OGD_Train_details_22122017,
HRH,Harthala,,,,,UNMATCHED,none,NONE,OGD_Train_details_22122017,
AWP,Aghwanpur,,,,,UNMATCHED,none,NONE,OGD_Train_details_22122017,
MTB,Matlabpur,,,,,UNMATCHED,none,NONE,OGD_Train_details_22122017,
MWE,Mewa Nawada,,,,,UNMATCHED,none,NONE,OGD_Train_details_22122017,
CAJ,Chakraj Mal,,,,,UNMATCHED,none,NONE,OGD_Train_details_22122017,
HBW,Habibwala,,,,,UNMATCHED,none,NONE,OGD_Train_details_22122017,
PNI,Puraini,,,,,UNMATCHED,none,NONE,OGD_Train_details_22122017,
BEK,Bundki,,,,,UNMATCHED,none,NONE,OGD_Train_details_22122017,
MSDR,Murshadpur,,,,,UNMATCHED,none,NONE,OGD_Train_details_22122017,
FZL,Fazalpur,,,,,UNMATCHED,none,NONE,OGD_Train_details_22122017,
DSNI,Dausni,,,,,UNMATCHED,none,NONE,OGD_Train_details_22122017,
LDR,Landaura,,,,,UNMATCHED,none,NONE,OGD_Train_details_22122017,
DNRA,Dandhera,,,,,UNMATCHED,none,NONE,OGD_Train_details_22122017,
IQB,Iqbalpur,,,,,UNMATCHED,none,NONE,OGD_Train_details_22122017,
CDL,Chodiala,,,,,UNMATCHED,none,NONE,OGD_Train_details_22122017,
SNKE,Sunehti Khar,,,,,UNMATCHED,none,NONE,OGD_Train_details_22122017,
BAE,Baliakheri,,,,,UNMATCHED,none,NONE,OGD_Train_details_22122017,
PRPM,Pt Ram Prasa,,,,,UNMATCHED,none,NONE,OGD_Train_details_22122017,
DHRJ,Dhirganj,,,,,UNMATCHED,none,NONE,OGD_Train_details_22122017,
SHJP,Sahajipur Ha,,,,,UNMATCHED,none,NONE,OGD_Train_details_22122017,
LOT,Lohta,,,,,UNMATCHED,none,NONE,OGD_Train_details_22122017,
NBP,Nibhapur,,,,,UNMATCHED,none,NONE,OGD_Train_details_22122017,
SWS,Suwansa,,,,,UNMATCHED,none,NONE,OGD_Train_details_22122017,
PHV,Pirthiganj,,,,,UNMATCHED,none,NONE,OGD_Train_details_22122017,
BKSA,Bakhsha,,,,,UNMATCHED,none,NONE,OGD_Train_details_22122017,
MWP,Maharani Pac,,,,,UNMATCHED,none,NONE,OGD_Train_details_22122017,
BDIN,Bhadaiyan,,,,,UNMATCHED,none,NONE,OGD_Train_details_22122017,
PKX,Pakhrauli,,,,,UNMATCHED,none,NONE,OGD_Train_details_22122017,
UWNR,Udwant Nagar,,,,,UNMATCHED,none,NONE,OGD_Train_details_22122017,
SRMN,Semraon,,,,,UNMATCHED,none,NONE,OGD_Train_details_22122017,
CRQ,Charpokhari,,,,,UNMATCHED,none,NONE,OGD_Train_details_22122017,
NON,Nonar Halt,,,,,UNMATCHED,none,NONE,OGD_Train_details_22122017,
HSB,Hasanbazar H,,,,,UNMATCHED,none,NONE,OGD_Train_details_22122017,
GAHT,Ghusia Halt,,,,,UNMATCHED,none,NONE,OGD_Train_details_22122017,
MANI,Mani Halt,,,,,UNMATCHED,none,NONE,OGD_Train_details_22122017,
BRIH,Bairi Halt,,,,,UNMATCHED,none,NONE,OGD_Train_details_22122017,
SJV,Sajhauli Hal,,,,,UNMATCHED,none,NONE,OGD_Train_details_22122017,
BMHT,Baraw More,,,,,UNMATCHED,none,NONE,OGD_Train_details_22122017,
KADH,Khairadih Ha,,,,,UNMATCHED,none,NONE,OGD_Train_details_22122017,
BDKN,Bandhua Kala,,,,,UNMATCHED,none,NONE,OGD_Train_details_22122017,
AHZ,Adhinpur,,,,,UNMATCHED,none,NONE,OGD_Train_details_22122017,
WGJ,Warisganj Ha,,,,,UNMATCHED,none,NONE,OGD_Train_details_22122017,
SYW,Sindurwa,,,,,UNMATCHED,none,NONE,OGD_Train_details_22122017,
CHBS,Chaubisi,,,,,UNMATCHED,none,NONE,OGD_Train_details_22122017,
TEG,Tribediganj,,,,,UNMATCHED,none,NONE,OGD_Train_details_22122017,
CDRL,Chhandrauli,,,,,UNMATCHED,none,NONE,OGD_Train_details_22122017,
RMNR,Rahmat Nagar,,,,,UNMATCHED,none,NONE,OGD_Train_details_22122017,
APG,Anupganj,,,,,UNMATCHED,none,NONE,OGD_Train_details_22122017,
BKKS,Bakkas,,,,,UNMATCHED,none,NONE,OGD_Train_details_22122017,
LBH,Lucknow (Dik,,,,,UNMATCHED,none,NONE,OGD_Train_details_22122017,
DAZ,Delhi-Azadpu,,,,,UNMATCHED,none,NONE,OGD_Train_details_22122017,
KHKN,Khera Kalan,,,,,UNMATCHED,none,NONE,OGD_Train_details_22122017,
HUK,Holambi Kala,,,,,UNMATCHED,none,NONE,OGD_Train_details_22122017,
HNN,Harsana Kala,,,,,UNMATCHED,none,NONE,OGD_Train_details_22122017,
SLKN,Sandal Kalan,,,,,UNMATCHED,none,NONE,OGD_Train_details_22122017,
RUG,Rajlu Garhi,,,,,UNMATCHED,none,NONE,OGD_Train_details_22122017,
BDMJ,Bhodwal Majr,,,,,UNMATCHED,none,NONE,OGD_Train_details_22122017,
DWNA,Diwana,,,,,UNMATCHED,none,NONE,OGD_Train_details_22122017,
BBDE,Babarpur,,,,,UNMATCHED,none,NONE,OGD_Train_details_22122017,
KFU,Kohand Halt,,,,,UNMATCHED,none,NONE,OGD_Train_details_22122017,
BZJT,Bazida Jatan,,,,,UNMATCHED,none,NONE,OGD_Train_details_22122017,
BZK,Bhaini Khurd,,,,,UNMATCHED,none,NONE,OGD_Train_details_22122017,
AMIN,Amin,,,,,UNMATCHED,none,NONE,OGD_Train_details_22122017,
DHKR,Dhoda Kheri,,,,,UNMATCHED,none,NONE,OGD_Train_details_22122017,
DPP,Dhirpur,,,,,UNMATCHED,none,NONE,OGD_Train_details_22122017,
DHMZ,Dhola Majra,,,,,UNMATCHED,none,NONE,OGD_Train_details_22122017,
MOY,Mohri,,,,,UNMATCHED,none,NONE,OGD_Train_details_22122017,
LLU,Lalru,,,,,UNMATCHED,none,NONE,OGD_Train_details_22122017,
GHG,Ghagghar,,,,,UNMATCHED,none,NONE,OGD_Train_details_22122017,
NGL,Nagal,,,,,UNMATCHED,none,NONE,OGD_Train_details_22122017,
THJ,Talheri Bazu,,,,,UNMATCHED,none,NONE,OGD_Train_details_22122017,
RNA,Rohana Kalan,,,,,UNMATCHED,none,NONE,OGD_Train_details_22122017,
BMHR,Bamanheri,,,,,UNMATCHED,none,NONE,OGD_Train_details_22122017,
JDW,Jarauda Nara,,,,,UNMATCHED,none,NONE,OGD_Train_details_22122017,
MSP,Mansurpur,,,,,UNMATCHED,none,NONE,OGD_Train_details_22122017,
SKF,Sakhoti Tand,,,,,UNMATCHED,none,NONE,OGD_Train_details_22122017,
PQY,Pabli Khas,,,,,UNMATCHED,none,NONE,OGD_Train_details_22122017,
PRTP,Partapur,,,,,UNMATCHED,none,NONE,OGD_Train_details_22122017,
MUZ,Mohiuddinpur,,,,,UNMATCHED,none,NONE,OGD_Train_details_22122017,
DXH,Duhai,,,,,UNMATCHED,none,NONE,OGD_Train_details_22122017,
FRD,Farhedi Halt,,,,,UNMATCHED,none,NONE,OGD_Train_details_22122017,
GAJU,Gaju Halt,,,,,UNMATCHED,none,NONE,OGD_Train_details_22122017,
ASI,Arseni,,,,,UNMATCHED,none,NONE,OGD_Train_details_22122017,
ATW,Atwa Muthia,,,,,UNMATCHED,none,NONE,OGD_Train_details_22122017,
BEJ,Beniganj,,,,,UNMATCHED,none,NONE,OGD_Train_details_22122017,
NM,Naimisharany,,,,,UNMATCHED,none,NONE,OGD_Train_details_22122017,
GHRI,Ghori  Halt,,,,,UNMATCHED,none,NONE,OGD_Train_details_22122017,
MSTH,Misrikh Tira,,,,,UNMATCHED,none,NONE,OGD_Train_details_22122017,
BRMX,Burmi  Halt,,,,,UNMATCHED,none,NONE,OGD_Train_details_22122017,
RAK,Ramkot,,,,,UNMATCHED,none,NONE,OGD_Train_details_22122017,
STRK,Sitapur Kutc,,,,,UNMATCHED,none,NONE,OGD_Train_details_22122017,
SDAM,Sundhia Mau,,,,,UNMATCHED,none,NONE,OGD_Train_details_22122017,
PPE,Paintepur F,,,,,UNMATCHED,none,NONE,OGD_Train_details_22122017,
SYU,Sarayan,,,,,UNMATCHED,none,NONE,OGD_Train_details_22122017,
RAMR,Ramaipur (Ha,,,,,UNMATCHED,none,NONE,OGD_Train_details_22122017,
PSN,Parsendi,,,,,UNMATCHED,none,NONE,OGD_Train_details_22122017,
TKUR,Tappa Khajur,,,,,UNMATCHED,none,NONE,OGD_Train_details_22122017,
SKLP,Shankerpur,,,,,UNMATCHED,none,NONE,OGD_Train_details_22122017,
BBPR,Babupur (Hal,,,,,UNMATCHED,none,NONE,OGD_Train_details_22122017,
MGPA,Munda Gopal,,,,,UNMATCHED,none,NONE,OGD_Train_details_22122017,
GSGJ,Ghausganj,,,,,UNMATCHED,none,NONE,OGD_Train_details_22122017,
ATKS,Atwa Kursath,,,,,UNMATCHED,none,NONE,OGD_Train_details_22122017,
GNTR,Gauntra,,,,,UNMATCHED,none,NONE,OGD_Train_details_22122017,
MAH,Madhoganj,,,,,UNMATCHED,none,NONE,OGD_Train_details_22122017,
FRH,Farhantnagar,,,,,UNMATCHED,none,NONE,OGD_Train_details_22122017,
MLW,Mallanwan,,,,,UNMATCHED,none,NONE,OGD_Train_details_22122017,
GJMB,Ganj Muradab,,,,,UNMATCHED,none,NONE,OGD_Train_details_22122017,
BGMU,Bangarmau,,,,,UNMATCHED,none,NONE,OGD_Train_details_22122017,
FTC,Fatehpur Cha,,,,,UNMATCHED,none,NONE,OGD_Train_details_22122017,
UGU,Ugu,,,,,UNMATCHED,none,NONE,OGD_Train_details_22122017,
SFPR,Safipur,,,,,UNMATCHED,none,NONE,OGD_Train_details_22122017,
BRDV,Baradev,,,,,UNMATCHED,none,NONE,OGD_Train_details_22122017,
METR,Methi Tikur,,,,,UNMATCHED,none,NONE,OGD_Train_details_22122017,
MKHI,Makhi,,,,,UNMATCHED,none,NONE,OGD_Train_details_22122017,
PTYR,Patiyara,,,,,UNMATCHED,none,NONE,OGD_Train_details_22122017,
HMP,Hempur,,,,,UNMATCHED,none,NONE,OGD_Train_details_22122017,
NERI,Neri,Arumuganeri,8.5794484,78.092,Q24886232,MATCHED,fuzzy_name,MEDIUM,OGD_Train_details_22122017,OSM_chennai_thoothukudi_stations_raw.geojson
JKH,Jahanikhera,,,,,UNMATCHED,none,NONE,OGD_Train_details_22122017,
SXK,Shahjahanpur,,,,,UNMATCHED,none,NONE,OGD_Train_details_22122017,
SHRM,Sharma Halt,,,,,UNMATCHED,none,NONE,OGD_Train_details_22122017,
MZGI,Manjur Gadi,,,,,UNMATCHED,none,NONE,OGD_Train_details_22122017,
HGJ,Harduaganj,,,,,UNMATCHED,none,NONE,OGD_Train_details_22122017,
SUNM,Sunmai Halt,,,,,UNMATCHED,none,NONE,OGD_Train_details_22122017,
GDHA,Godha,,,,,UNMATCHED,none,NONE,OGD_Train_details_22122017,
AUR,Atrauli Road,,,,,UNMATCHED,none,NONE,OGD_Train_details_22122017,
DMPR,Dharampur  H,,,,,UNMATCHED,none,NONE,OGD_Train_details_22122017,
DIB,Dibai,,,,,UNMATCHED,none,NONE,OGD_Train_details_22122017,
BHKL,Bhakrauli,,,,,UNMATCHED,none,NONE,OGD_Train_details_22122017,
DN,Dhanari,,,,,UNMATCHED,none,NONE,OGD_Train_details_22122017,
PHX,Pathakpur,,,,,UNMATCHED,none,NONE,OGD_Train_details_22122017,
MJHL,Majhaula Hal,,,,,UNMATCHED,none,NONE,OGD_Train_details_22122017,
BHDH,Bahadurpur,,,,,UNMATCHED,none,NONE,OGD_Train_details_22122017,
RMGJ,Ramganj,,,,,UNMATCHED,none,NONE,OGD_Train_details_22122017,
DWJ,Dwarkaganj,,,,,UNMATCHED,none,NONE,OGD_Train_details_22122017,
CHBR,Chaure Bazar,,,,,UNMATCHED,none,NONE,OGD_Train_details_22122017,
BTKD,Bharatkund,,,,,UNMATCHED,none,NONE,OGD_Train_details_22122017,
MSOD,Masodha,,,,,UNMATCHED,none,NONE,OGD_Train_details_22122017,
SEPR,Sherpur,,,,,UNMATCHED,none,NONE,OGD_Train_details_22122017,
CLKN,Chuchela Kal,,,,,UNMATCHED,none,NONE,OGD_Train_details_22122017,
BKNA,Bakaina Halt,,,,,UNMATCHED,none,NONE,OGD_Train_details_22122017,
BGRR,Bagarpur Hal,,,,,UNMATCHED,none,NONE,OGD_Train_details_22122017,
SISN,Sisauna,,,,,UNMATCHED,none,NONE,OGD_Train_details_22122017,
ARH,Amhera  Halt,,,,,UNMATCHED,none,NONE,OGD_Train_details_22122017,
KJLU,Khari - Jhal,,,,,UNMATCHED,none,NONE,OGD_Train_details_22122017,
SXQ,Suaheri Halt,,,,,UNMATCHED,none,NONE,OGD_Train_details_22122017,
JHH,Jhalra  Halt,,,,,UNMATCHED,none,NONE,OGD_Train_details_22122017,
SHTS,Sambahal Hat,,,,,UNMATCHED,none,NONE,OGD_Train_details_22122017,
SRMP,Sirsi Mukhdu,,,,,UNMATCHED,none,NONE,OGD_Train_details_22122017,
HZN,Hazratnagar,,,,,UNMATCHED,none,NONE,OGD_Train_details_22122017,
SPB,Sonekhpur Ha,,,,,UNMATCHED,none,NONE,OGD_Train_details_22122017,
MOM,Maman,,,,,UNMATCHED,none,NONE,OGD_Train_details_22122017,
CHWT,Chaprawat Ha,,,,,UNMATCHED,none,NONE,OGD_Train_details_22122017,
GLH,Gulaothi,,,,,UNMATCHED,none,NONE,OGD_Train_details_22122017,
HZR,Hafizpur,,,,,UNMATCHED,none,NONE,OGD_Train_details_22122017,
KALI,Kaili,,,,,UNMATCHED,none,NONE,OGD_Train_details_22122017,
KXK,Kharkhauda,,,,,UNMATCHED,none,NONE,OGD_Train_details_22122017,
CXA,Chandsara Ha,,,,,UNMATCHED,none,NONE,OGD_Train_details_22122017,
NRNR,Nurnagar  Ha,,,,,UNMATCHED,none,NONE,OGD_Train_details_22122017,
MWC,Mandawali Ch,,,,,UNMATCHED,none,NONE,OGD_Train_details_22122017,
CNJ,Chander Naga,,,,,UNMATCHED,none,NONE,OGD_Train_details_22122017,
SHGN,Shri Ghasi N,,,,,UNMATCHED,none,NONE,OGD_Train_details_22122017,
BW,Biwai,,,,,UNMATCHED,none,NONE,OGD_Train_details_22122017,
BJRA,Bhajera,,,,,UNMATCHED,none,NONE,OGD_Train_details_22122017,
KPO,Karanpura,,,,,UNMATCHED,none,NONE,OGD_Train_details_22122017,
BUDA,Bhuda,,,,,UNMATCHED,none,NONE,OGD_Train_details_22122017,
GOS,Ghosrana,,,,,UNMATCHED,none,NONE,OGD_Train_details_22122017,
DTF,Dantia,,,,,UNMATCHED,none,NONE,OGD_Train_details_22122017,
TBL,Tarchhera Ba,,,,,UNMATCHED,none,NONE,OGD_Train_details_22122017,
PPEA,Paparera,,,,,UNMATCHED,none,NONE,OGD_Train_details_22122017,
HK,Helak,,,,,UNMATCHED,none,NONE,OGD_Train_details_22122017,
NHB,Nohbachhamad,,,,,UNMATCHED,none,NONE,OGD_Train_details_22122017,
IK,Ikran,,,,,UNMATCHED,none,NONE,OGD_Train_details_22122017,
CIK,Chikasana,,,,,UNMATCHED,none,NONE,OGD_Train_details_22122017,
RAI,Raibha,,,,,UNMATCHED,none,NONE,OGD_Train_details_22122017,
BCP,Bichpuri,,,,,UNMATCHED,none,NONE,OGD_Train_details_22122017,
JAB,Yamuna Bridg,,,,,UNMATCHED,none,NONE,OGD_Train_details_22122017,
CHLR,Chhalesar,,,,,UNMATCHED,none,NONE,OGD_Train_details_22122017,
KBP,Kuberpur,,,,,UNMATCHED,none,NONE,OGD_Train_details_22122017,
ETUE,Etmadpur,,,,,UNMATCHED,none,NONE,OGD_Train_details_22122017,
MTI,Mitawal,,,,,UNMATCHED,none,NONE,OGD_Train_details_22122017,
BRN,Barhan Jn.,,,,,UNMATCHED,none,NONE,OGD_Train_details_22122017,
CMR,Chamrola,,,,,UNMATCHED,none,NONE,OGD_Train_details_22122017,
PORA,Pora,,,,,UNMATCHED,none,NONE,OGD_Train_details_22122017,
SNS,Sasni,,,,,UNMATCHED,none,NONE,OGD_Train_details_22122017,
DAQ,Daud Khan,,,,,UNMATCHED,none,NONE,OGD_Train_details_22122017,
SRDW,Shrimad Dwar,,,,,UNMATCHED,none,NONE,OGD_Train_details_22122017,
UGP,Ugarpur,,,,,UNMATCHED,none,NONE,OGD_Train_details_22122017,
NBUE,Nibkarori,,,,,UNMATCHED,none,NONE,OGD_Train_details_22122017,
BBLK,Baba Lakshma,,,,,UNMATCHED,none,NONE,OGD_Train_details_22122017,
PKNA,Pakhna,,,,,UNMATCHED,none,NONE,OGD_Train_details_22122017,
MOTA,Mota,,,,,UNMATCHED,none,NONE,OGD_Train_details_22122017,
TKRU,Takhrau Halt,,,,,UNMATCHED,none,NONE,OGD_Train_details_22122017,
MPUE,Mainpuri Kac,,,,,UNMATCHED,none,NONE,OGD_Train_details_22122017,
TNUE,Tindauli,,,,,UNMATCHED,none,NONE,OGD_Train_details_22122017,
KOZ,Kosma,,,,,UNMATCHED,none,NONE,OGD_Train_details_22122017,
TKHA,Takha,,,,,UNMATCHED,none,NONE,OGD_Train_details_22122017,
AON,Araon,,,,,UNMATCHED,none,NONE,OGD_Train_details_22122017,
BUBT,Buda Bhartha,,,,,UNMATCHED,none,NONE,OGD_Train_details_22122017,
MNR,Makkhanpur,,,,,UNMATCHED,none,NONE,OGD_Train_details_22122017,
HNG,Hirangaon,,,,,UNMATCHED,none,NONE,OGD_Train_details_22122017,
SWT,Shiwala Tehu,,,,,UNMATCHED,none,NONE,OGD_Train_details_22122017,
SWW,Shahanagar T,,,,,UNMATCHED,none,NONE,OGD_Train_details_22122017,
JSC,Jalesar City,,,,,UNMATCHED,none,NONE,OGD_Train_details_22122017,
KWW,Kuswa Halt,,,,,UNMATCHED,none,NONE,OGD_Train_details_22122017,
AWG,Awa Garh,,,,,UNMATCHED,none,NONE,OGD_Train_details_22122017,
JWK,Jawaharpur K,,,,,UNMATCHED,none,NONE,OGD_Train_details_22122017,
ETAH,Etah,,,,,UNMATCHED,none,NONE,OGD_Train_details_22122017,
SMU,Sambhu,,,,,UNMATCHED,none,NONE,OGD_Train_details_22122017,
KLI,Kauli,,,,,UNMATCHED,none,NONE,OGD_Train_details_22122017,
DOC,Daun Kalan,,,,,UNMATCHED,none,NONE,OGD_Train_details_22122017,
PTE,Patiala Cant,,,,,UNMATCHED,none,NONE,OGD_Train_details_22122017,
DBN,Dhablan,,,,,UNMATCHED,none,NONE,OGD_Train_details_22122017,
KKRL,Kakrala Halt,,,,,UNMATCHED,none,NONE,OGD_Train_details_22122017,
CTW,Chhintanwala,,,,,UNMATCHED,none,NONE,OGD_Train_details_22122017,
KLSX,Kaulseri,,,,,UNMATCHED,none,NONE,OGD_Train_details_22122017,
ALAL,Alal,,,,,UNMATCHED,none,NONE,OGD_Train_details_22122017,
SEQ,Sekha,,,,,UNMATCHED,none,NONE,OGD_Train_details_22122017,
HYA,Hadiaya,,,,,UNMATCHED,none,NONE,OGD_Train_details_22122017,
GUNS,Ghunas Halt,,,,,UNMATCHED,none,NONE,OGD_Train_details_22122017,
JHK,Jethuke,,,,,UNMATCHED,none,NONE,OGD_Train_details_22122017,
LHM,Lehra Muhabb,,,,,UNMATCHED,none,NONE,OGD_Train_details_22122017,
BWX,Bahman Diwan,,,,,UNMATCHED,none,NONE,OGD_Train_details_22122017,
BHX,Bulluana,,,,,UNMATCHED,none,NONE,OGD_Train_details_22122017,
FSR,Faqarsar,,,,,UNMATCHED,none,NONE,OGD_Train_details_22122017,
PKK,Pakki,,,,,UNMATCHED,none,NONE,OGD_Train_details_22122017,
BFE,Bahawal Basi,,,,,UNMATCHED,none,NONE,OGD_Train_details_22122017,
BQH,Bhanohad Pun,,,,,UNMATCHED,none,NONE,OGD_Train_details_22122017,
PMH,Parao Mahna,,,,,UNMATCHED,none,NONE,OGD_Train_details_22122017,
GKX,Ghal Kalan,,,,,UNMATCHED,none,NONE,OGD_Train_details_22122017,
SULH,Sulhani,,,,,UNMATCHED,none,NONE,OGD_Train_details_22122017,
DDK,Dhindsa,,,,,UNMATCHED,none,NONE,OGD_Train_details_22122017,
SWX,Saidanwala,,,,,UNMATCHED,none,NONE,OGD_Train_details_22122017,
LDW,Ladhowal,,,,,UNMATCHED,none,NONE,OGD_Train_details_22122017,
PPB,Partabpura,,,,,UNMATCHED,none,NONE,OGD_Train_details_22122017,
GTQ,Gumtali,,,,,UNMATCHED,none,NONE,OGD_Train_details_22122017,
SWG,Sidhwan,,,,,UNMATCHED,none,NONE,OGD_Train_details_22122017,
GNZ,Gahndran Hal,,,,,UNMATCHED,none,NONE,OGD_Train_details_22122017,
MLKH,Mulewal Khai,,,,,UNMATCHED,none,NONE,OGD_Train_details_22122017,
SDZ,Sindhar,,,,,UNMATCHED,none,NONE,OGD_Train_details_22122017,
KGKD,Kang Khurd,,,,,UNMATCHED,none,NONE,OGD_Train_details_22122017,
PH,Panoh,,,,,UNMATCHED,none,NONE,OGD_Train_details_22122017,
DNX,Dhansu,,,,,UNMATCHED,none,NONE,OGD_Train_details_22122017,
BXC,Barwala,,,,,UNMATCHED,none,NONE,OGD_Train_details_22122017,
UKN,Uklana,,,,,UNMATCHED,none,NONE,OGD_Train_details_22122017,
JPS,Jamalpur Sha,,,,,UNMATCHED,none,NONE,OGD_Train_details_22122017,
CEU,Chiheru,,,,,UNMATCHED,none,NONE,OGD_Train_details_22122017,
SRX,Sura Nussi,,,,,UNMATCHED,none,NONE,OGD_Train_details_22122017,
HMR,Hamira,,,,,UNMATCHED,none,NONE,OGD_Train_details_22122017,
DIW,Dhilwan,,,,,UNMATCHED,none,NONE,OGD_Train_details_22122017,
BBKR,Baba Bakala,,,,,UNMATCHED,none,NONE,OGD_Train_details_22122017,
BTR,Butari,,,,,UNMATCHED,none,NONE,OGD_Train_details_22122017,
TRA,Tangra,,,,,UNMATCHED,none,NONE,OGD_Train_details_22122017,
MOW,Mananwala,,,,,UNMATCHED,none,NONE,OGD_Train_details_22122017,
RPHR,Raipur Harya,,,,,UNMATCHED,none,NONE,OGD_Train_details_22122017,
CRW,Charaud,,,,,UNMATCHED,none,NONE,OGD_Train_details_22122017,
BVZ,Naloi Barwa,,,,,UNMATCHED,none,NONE,OGD_Train_details_22122017,
JUP,Jhunpa,,,,,UNMATCHED,none,NONE,OGD_Train_details_22122017,
LSE,Laseri  Halt,,,,,UNMATCHED,none,NONE,OGD_Train_details_22122017,
DULP,Daulatpur Ha,,,,,UNMATCHED,none,NONE,OGD_Train_details_22122017,
GJW,Gajuwala Hal,,,,,UNMATCHED,none,NONE,OGD_Train_details_22122017,
PLT,Pirthala Lal,,,,,UNMATCHED,none,NONE,OGD_Train_details_22122017,
KUDN,Kudni,,,,,UNMATCHED,none,NONE,OGD_Train_details_22122017,
KNG,Kathunangal,,,,,UNMATCHED,none,NONE,OGD_Train_details_22122017,
JNT,Jaintipura,,,,,UNMATCHED,none,NONE,OGD_Train_details_22122017,
CHN,Chhina,,,,,UNMATCHED,none,NONE,OGD_Train_details_22122017,
SOHL,Sohal,,,,,UNMATCHED,none,NONE,OGD_Train_details_22122017,
JHWR,Jhawar Halt,,,,,UNMATCHED,none,NONE,OGD_Train_details_22122017,
PMQ,Parmanand,,,,,UNMATCHED,none,NONE,OGD_Train_details_22122017,
JK,Jakolari,Kolar,13.123993,78.1329276,Q63361502,MATCHED,fuzzy_name,MEDIUM,OGD_Train_details_22122017,OSM_chennai_thoothukudi_stations_raw.geojson
SRM,Sarna,,,,,UNMATCHED,none,NONE,OGD_Train_details_22122017,
BATM,Batala Sugar,,,,,UNMATCHED,none,NONE,OGD_Train_details_22122017,
SCPD,Suchipind Ha,,,,,UNMATCHED,none,NONE,OGD_Train_details_22122017,
AWL,Alawal Pur,,,,,UNMATCHED,none,NONE,OGD_Train_details_22122017,
KKL,Kala Bakra,,,,,UNMATCHED,none,NONE,OGD_Train_details_22122017,
CGH,Cholang,,,,,UNMATCHED,none,NONE,OGD_Train_details_22122017,
KZX,Khudda Koral,,,,,UNMATCHED,none,NONE,OGD_Train_details_22122017,
GSB,Garna Sahib,,,,,UNMATCHED,none,NONE,OGD_Train_details_22122017,
UCB,Unchi Bassi,,,,,UNMATCHED,none,NONE,OGD_Train_details_22122017,
BNGL,Bhangala,,,,,UNMATCHED,none,NONE,OGD_Train_details_22122017,
GILA,Ghiala,,,,,UNMATCHED,none,NONE,OGD_Train_details_22122017,
KNDI,Kandrori,,,,,UNMATCHED,none,NONE,OGD_Train_details_22122017,
JJJ,Jaijon Doaba,,,,,UNMATCHED,none,NONE,OGD_Train_details_22122017,
MGWD,Mahangarwal,,,,,UNMATCHED,none,NONE,OGD_Train_details_22122017,
SQJ,Saila Khurd,,,,,UNMATCHED,none,NONE,OGD_Train_details_22122017,
SNB,Satnaur Bade,,,,,UNMATCHED,none,NONE,OGD_Train_details_22122017,
GSR,Garhshankar,,,,,UNMATCHED,none,NONE,OGD_Train_details_22122017,
NSS,Nawashahr Do,,,,,UNMATCHED,none,NONE,OGD_Train_details_22122017,
KYY,Kariha Halt,,,,,UNMATCHED,none,NONE,OGD_Train_details_22122017,
KHHJ,Khatkar Kala,,,,,UNMATCHED,none,NONE,OGD_Train_details_22122017,
BXB,Banga,Bangarpet Junction,12.9854946,78.178224,Q17049573,MATCHED,fuzzy_name,MEDIUM,OGD_Train_details_22122017,OSM_chennai_thoothukudi_stations_raw.geojson
MXP,Malupota,,,,,UNMATCHED,none,NONE,OGD_Train_details_22122017,
BHM,Bahram,,,,,UNMATCHED,none,NONE,OGD_Train_details_22122017,
KASH,Kultham Abdu,,,,,UNMATCHED,none,NONE,OGD_Train_details_22122017,
MYE,Mandhali,,,,,UNMATCHED,none,NONE,OGD_Train_details_22122017,
JKZ,Jita Kheri,,,,,UNMATCHED,none,NONE,OGD_Train_details_22122017,
BJKN,Bajekhan Hal,,,,,UNMATCHED,none,NONE,OGD_Train_details_22122017,
NAS,Nasrala,,,,,UNMATCHED,none,NONE,OGD_Train_details_22122017,
SCQ,Sham Chauras,,,,,UNMATCHED,none,NONE,OGD_Train_details_22122017,
BLND,Bolinna Doab,,,,,UNMATCHED,none,NONE,OGD_Train_details_22122017,
DAVJ,D.A.V. Colle,,,,,UNMATCHED,none,NONE,OGD_Train_details_22122017,
KWJ,Khojewala,,,,,UNMATCHED,none,NONE,OGD_Train_details_22122017,
HSQ,Husainpur,,,,,UNMATCHED,none,NONE,OGD_Train_details_22122017,
PJA,Pajian,,,,,UNMATCHED,none,NONE,OGD_Train_details_22122017,
DDY,Dudwindi,,,,,UNMATCHED,none,NONE,OGD_Train_details_22122017,
GOD,Gidarpindi,,,,,UNMATCHED,none,NONE,OGD_Train_details_22122017,
JGW,Jogiwala,,,,,UNMATCHED,none,NONE,OGD_Train_details_22122017,
BWF,Butewala,,,,,UNMATCHED,none,NONE,OGD_Train_details_22122017,
TSS,Talli Saida,,,,,UNMATCHED,none,NONE,OGD_Train_details_22122017,
MFM,Mahalam,,,,,UNMATCHED,none,NONE,OGD_Train_details_22122017,
GSW,Gurusar Sehn,,,,,UNMATCHED,none,NONE,OGD_Train_details_22122017,
BWB,Bagwali,,,,,UNMATCHED,none,NONE,OGD_Train_details_22122017,
PTRL,Pathrala,,,,,UNMATCHED,none,NONE,OGD_Train_details_22122017,
BMK,Birang Khera,,,,,UNMATCHED,none,NONE,OGD_Train_details_22122017,
NAWN,Nawan,,,,,UNMATCHED,none,NONE,OGD_Train_details_22122017,
DBI,Dabli Rathan,,,,,UNMATCHED,none,NONE,OGD_Train_details_22122017,
AMPR,Amarpura Rat,,,,,UNMATCHED,none,NONE,OGD_Train_details_22122017,
RMH,Rangmahal,,,,,UNMATCHED,none,NONE,OGD_Train_details_22122017,
RJS,Rajiyasar,,,,,UNMATCHED,none,NONE,OGD_Train_details_22122017,
AS,Arjansar,,,,,UNMATCHED,none,NONE,OGD_Train_details_22122017,
MLC,Malkisar,,,,,UNMATCHED,none,NONE,OGD_Train_details_22122017,
NTZ,Nathwana,,,,,UNMATCHED,none,NONE,OGD_Train_details_22122017,
DLC,Dulmera,,,,,UNMATCHED,none,NONE,OGD_Train_details_22122017,
BMNL,Bamanwali,,,,,UNMATCHED,none,NONE,OGD_Train_details_22122017,
JDL,Jagdevwala,,,,,UNMATCHED,none,NONE,OGD_Train_details_22122017,
JMS,Jamsar,,,,,UNMATCHED,none,NONE,OGD_Train_details_22122017,
KNSR,Kanasar,,,,,UNMATCHED,none,NONE,OGD_Train_details_22122017,
UMS,Udramsar,,,,,UNMATCHED,none,NONE,OGD_Train_details_22122017,
PAE,Palana,,,,,UNMATCHED,none,NONE,OGD_Train_details_22122017,
SPO,Surpura,,,,,UNMATCHED,none,NONE,OGD_Train_details_22122017,
CLO,Chilo,,,,,UNMATCHED,none,NONE,OGD_Train_details_22122017,
SBLJ,Shri Balaji,,,,,UNMATCHED,none,NONE,OGD_Train_details_22122017,
ALAI,Alai,Puratchi Thalaivar Dr. M. G. Ramachandran Central,13.0824232,80.2759622,Q257382,MATCHED,fuzzy_name,MEDIUM,OGD_Train_details_22122017,OSM_chennai_thoothukudi_stations_raw.geojson
BWS,Badwasi,,,,,UNMATCHED,none,NONE,OGD_Train_details_22122017,
KJW,Khajwana,,,,,UNMATCHED,none,NONE,OGD_Train_details_22122017,
DSL,Deswal  Halt,,,,,UNMATCHED,none,NONE,OGD_Train_details_22122017,
MCPE,Marwar Chhap,,,,,UNMATCHED,none,NONE,OGD_Train_details_22122017,
JOM,Jogimagra,,,,,UNMATCHED,none,NONE,OGD_Train_details_22122017,
KXG,Kharia Khang,,,,,UNMATCHED,none,NONE,OGD_Train_details_22122017,
UMED,Umed,,,,,UNMATCHED,none,NONE,OGD_Train_details_22122017,
SWF,Sathin Road,,,,,UNMATCHED,none,NONE,OGD_Train_details_22122017,
KSW,Kheri Salwa,,,,,UNMATCHED,none,NONE,OGD_Train_details_22122017,
AAS,Asaranada,,,,,UNMATCHED,none,NONE,OGD_Train_details_22122017,
JWL,Jajiwal,,,,,UNMATCHED,none,NONE,OGD_Train_details_22122017,
BNO,Banar,,,,,UNMATCHED,none,NONE,OGD_Train_details_22122017,
KGBS,Kishangarh B,,,,,UNMATCHED,none,NONE,OGD_Train_details_22122017,
JTS,Jatusana,,,,,UNMATCHED,none,NONE,OGD_Train_details_22122017,
NLQ,Nangal Patha,,,,,UNMATCHED,none,NONE,OGD_Train_details_22122017,
KSI,Kosli,,,,,UNMATCHED,none,NONE,OGD_Train_details_22122017,
SDRA,Sudhrana,,,,,UNMATCHED,none,NONE,OGD_Train_details_22122017,
JRL,Jharli,,,,,UNMATCHED,none,NONE,OGD_Train_details_22122017,
MHU,Manheru,,,,,UNMATCHED,none,NONE,OGD_Train_details_22122017,
SUI,Sui,,,,,UNMATCHED,none,NONE,OGD_Train_details_22122017,
AUN,Aurang Nagar,,,,,UNMATCHED,none,NONE,OGD_Train_details_22122017,
MAYR,Mayar,,,,,UNMATCHED,none,NONE,OGD_Train_details_22122017,
NKN,Nyolikalan,,,,,UNMATCHED,none,NONE,OGD_Train_details_22122017,
KBKN,Khabra Kalan,,,,,UNMATCHED,none,NONE,OGD_Train_details_22122017,
MHUL,Mahuwala Hal,,,,,UNMATCHED,none,NONE,OGD_Train_details_22122017,
JOK,Jodhka,,,,,UNMATCHED,none,NONE,OGD_Train_details_22122017,
PJK,Panj-Kosi,,,,,UNMATCHED,none,NONE,OGD_Train_details_22122017,
HMK,Hindumalkote,,,,,UNMATCHED,none,NONE,OGD_Train_details_22122017,
FTH,Fatuhi,,,,,UNMATCHED,none,NONE,OGD_Train_details_22122017,
KLWL,Kilanwali Pu,,,,,UNMATCHED,none,NONE,OGD_Train_details_22122017,
BKWA,Bakayanwala,,,,,UNMATCHED,none,NONE,OGD_Train_details_22122017,
KTPK,Kotha Pakki,,,,,UNMATCHED,none,NONE,OGD_Train_details_22122017,
ORKI,Orki Halt,,,,,UNMATCHED,none,NONE,OGD_Train_details_22122017,
MOPR,Mohanpura Ha,,,,,UNMATCHED,none,NONE,OGD_Train_details_22122017,
SHWL,Sahuwala,,,,,UNMATCHED,none,NONE,OGD_Train_details_22122017,
PRSR,Paharsar,,,,,UNMATCHED,none,NONE,OGD_Train_details_22122017,
HSWS,Hansiawas,,,,,UNMATCHED,none,NONE,OGD_Train_details_22122017,
KALN,Kalana,,,,,UNMATCHED,none,NONE,OGD_Train_details_22122017,
SHRG,Shri Ramgarh,,,,,UNMATCHED,none,NONE,OGD_Train_details_22122017,
BKKA,Bhukarka,,,,,UNMATCHED,none,NONE,OGD_Train_details_22122017,
SURR,Surera,,,,,UNMATCHED,none,NONE,OGD_Train_details_22122017,
SJSM,Salemgarh Ma,,,,,UNMATCHED,none,NONE,OGD_Train_details_22122017,
PUW,Patuwas Mehr,,,,,UNMATCHED,none,NONE,OGD_Train_details_22122017,
FGH,Fatehgarh Ha,,,,,UNMATCHED,none,NONE,OGD_Train_details_22122017,
DZL,Dhana Ladanp,,,,,UNMATCHED,none,NONE,OGD_Train_details_22122017,
CKLA,Chak Banwala,,,,,UNMATCHED,none,NONE,OGD_Train_details_22122017,
CKA,Chak Pakhewa,,,,,UNMATCHED,none,NONE,OGD_Train_details_22122017,
RRW,Roranwala,,,,,UNMATCHED,none,NONE,OGD_Train_details_22122017,
BSGR,Bhagsar,,,,,UNMATCHED,none,NONE,OGD_Train_details_22122017,
BDBG,Badhai Balam,,,,,UNMATCHED,none,NONE,OGD_Train_details_22122017,
CWN,Charewan Hal,,,,,UNMATCHED,none,NONE,OGD_Train_details_22122017,
JBW,Jhabelwali,,,,,UNMATCHED,none,NONE,OGD_Train_details_22122017,
WDJ,Wander Jatan,,,,,UNMATCHED,none,NONE,OGD_Train_details_22122017,
KIQ,Khai Phemeki,,,,,UNMATCHED,none,NONE,OGD_Train_details_22122017,
DODH,Dodh,,,,,UNMATCHED,none,NONE,OGD_Train_details_22122017,
JTH,Jhok Tahal S,,,,,UNMATCHED,none,NONE,OGD_Train_details_22122017,
KRSW,Kohar Singh,,,,,UNMATCHED,none,NONE,OGD_Train_details_22122017,
JWN,Jiwa Arain,,,,,UNMATCHED,none,NONE,OGD_Train_details_22122017,
DAVC,D.A.V.Colleg,,,,,UNMATCHED,none,NONE,OGD_Train_details_22122017,
BVW,Bahmniwala,,,,,UNMATCHED,none,NONE,OGD_Train_details_22122017,
TQL,Theh Qalanda,,,,,UNMATCHED,none,NONE,OGD_Train_details_22122017,
KLSP,Kushalpura,,,,,UNMATCHED,none,NONE,OGD_Train_details_22122017,
GLKN,Gugalwa Kirt,,,,,UNMATCHED,none,NONE,OGD_Train_details_22122017,
BWBN,Bewar Bhojan,,,,,UNMATCHED,none,NONE,OGD_Train_details_22122017,
KDHN,Kandharan Ha,,,,,UNMATCHED,none,NONE,OGD_Train_details_22122017,
DKWA,Dokwa,,,,,UNMATCHED,none,NONE,OGD_Train_details_22122017,
HYL,Hadyal,,,,,UNMATCHED,none,NONE,OGD_Train_details_22122017,
DKX,Dudhwakhara,,,,,UNMATCHED,none,NONE,OGD_Train_details_22122017,
SRSL,Sirsala  Hal,,,,,UNMATCHED,none,NONE,OGD_Train_details_22122017,
ASLU,Aslu,,,,,UNMATCHED,none,NONE,OGD_Train_details_22122017,
PYI,Payli,,,,,UNMATCHED,none,NONE,OGD_Train_details_22122017,
PSV,Parsneu,,,,,UNMATCHED,none,NONE,OGD_Train_details_22122017,
STNR,Sitalnagar,,,,,UNMATCHED,none,NONE,OGD_Train_details_22122017,
BGRM,Biggabas Ram,,,,,UNMATCHED,none,NONE,OGD_Train_details_22122017,
BIGA,Bigga,,,,,UNMATCHED,none,NONE,OGD_Train_details_22122017,
BS,Benisar,,,,,UNMATCHED,none,NONE,OGD_Train_details_22122017,
BLSR,Belasar  Hal,,,,,UNMATCHED,none,NONE,OGD_Train_details_22122017,
GDW,Gadhwala,,,,,UNMATCHED,none,NONE,OGD_Train_details_22122017,
PSL,Parisal,,,,,UNMATCHED,none,NONE,OGD_Train_details_22122017,
GAL,Ghatala,,,,,UNMATCHED,none,NONE,OGD_Train_details_22122017,
KNAR,Khanpur Ahir,,,,,UNMATCHED,none,NONE,OGD_Train_details_22122017,
AIA,Ajarka,,,,,UNMATCHED,none,NONE,OGD_Train_details_22122017,
MJNL,Majri Nangal,,,,,UNMATCHED,none,NONE,OGD_Train_details_22122017,
RNT,Ranthambhor,,,,,UNMATCHED,none,NONE,OGD_Train_details_22122017,
MXL,Mokholi,,,,,UNMATCHED,none,NONE,OGD_Train_details_22122017,
NMD,Nimoda,,,,,UNMATCHED,none,NONE,OGD_Train_details_22122017,
LRU,Lalpur Umril,,,,,UNMATCHED,none,NONE,OGD_Train_details_22122017,
COO,Chhoti Odai,,,,,UNMATCHED,none,NONE,OGD_Train_details_22122017,
PDZ,Piloda,,,,,UNMATCHED,none,NONE,OGD_Train_details_22122017,
DY,Dumariya,,,,,UNMATCHED,none,NONE,OGD_Train_details_22122017,
KEV,Kela Devi,,,,,UNMATCHED,none,NONE,OGD_Train_details_22122017,
PNGR,Pingora,,,,,UNMATCHED,none,NONE,OGD_Train_details_22122017,
SWAR,Sewar,,,,,UNMATCHED,none,NONE,OGD_Train_details_22122017,
DUM,Dhaurmui Jag,,,,,UNMATCHED,none,NONE,OGD_Train_details_22122017,
JJA,Jajanpatti,,,,,UNMATCHED,none,NONE,OGD_Train_details_22122017,
MSRP,Murhesi Ramp,,,,,UNMATCHED,none,NONE,OGD_Train_details_22122017,
AUWA,Auwa,,,,,UNMATCHED,none,NONE,OGD_Train_details_22122017,
BGG,Banta Rughna,,,,,UNMATCHED,none,NONE,OGD_Train_details_22122017,
BWA,Bhinwaliya,,,,,UNMATCHED,none,NONE,OGD_Train_details_22122017,
KZQ,Khimel,,,,,UNMATCHED,none,NONE,OGD_Train_details_22122017,
BRLY,Biroliya,,,,,UNMATCHED,none,NONE,OGD_Train_details_22122017,
KTR,Kothar,,,,,UNMATCHED,none,NONE,OGD_Train_details_22122017,
KVJ,Keshav Ganj,,,,,UNMATCHED,none,NONE,OGD_Train_details_22122017,
BNS,Banas,,,,,UNMATCHED,none,NONE,OGD_Train_details_22122017,
BMN,Bhimana,,,,,UNMATCHED,none,NONE,OGD_Train_details_22122017,
KWI,Kivarli,,,,,UNMATCHED,none,NONE,OGD_Train_details_22122017,
MXO,Morthala,,,,,UNMATCHED,none,NONE,OGD_Train_details_22122017,
MAA,Maval,,,,,UNMATCHED,none,NONE,OGD_Train_details_22122017,
SIM,Shri Amirgad,,,,,UNMATCHED,none,NONE,OGD_Train_details_22122017,
SZA,Sarotra Road,,,,,UNMATCHED,none,NONE,OGD_Train_details_22122017,
IQG,Iqbal Gadh,,,,,UNMATCHED,none,NONE,OGD_Train_details_22122017,
JTY,Jethi,,,,,UNMATCHED,none,NONE,OGD_Train_details_22122017,
CTT,Chitrasani,,,,,UNMATCHED,none,NONE,OGD_Train_details_22122017,
KRJD,Karjoda,,,,,UNMATCHED,none,NONE,OGD_Train_details_22122017,
UM,Umerdashi,,,,,UNMATCHED,none,NONE,OGD_Train_details_22122017,
DRW,Dharewada,,,,,UNMATCHED,none,NONE,OGD_Train_details_22122017,
KMLI,Kamli,,,,,UNMATCHED,none,NONE,OGD_Train_details_22122017,
BHU,Bhandu Moti,,,,,UNMATCHED,none,NONE,OGD_Train_details_22122017,
JDN,Jagudan,,,,,UNMATCHED,none,NONE,OGD_Train_details_22122017,
UMN,Ambliyasan J,,,,,UNMATCHED,none,NONE,OGD_Train_details_22122017,
DNW,Dangarwa,,,,,UNMATCHED,none,NONE,OGD_Train_details_22122017,
JUL,Jhulasan,,,,,UNMATCHED,none,NONE,OGD_Train_details_22122017,
CLDB,Chandlodiya(,,,,,UNMATCHED,none,NONE,OGD_Train_details_22122017,
EN,Isand,,,,,UNMATCHED,none,NONE,OGD_Train_details_22122017,
PN,Pansar,,,,,UNMATCHED,none,NONE,OGD_Train_details_22122017,
DRS,Dhareshwar,,,,,UNMATCHED,none,NONE,OGD_Train_details_22122017,
BQN,Bagri Nagar,,,,,UNMATCHED,none,NONE,OGD_Train_details_22122017,
CNL,Chandawal,,,,,UNMATCHED,none,NONE,OGD_Train_details_22122017,
GRI,Guriya,,,,,UNMATCHED,none,NONE,OGD_Train_details_22122017,
BAR,Bar,,,,,UNMATCHED,none,NONE,OGD_Train_details_22122017,
APA,Amarpura,,,,,UNMATCHED,none,NONE,OGD_Train_details_22122017,
BNGM,Bangurgram H,,,,,UNMATCHED,none,NONE,OGD_Train_details_22122017,
PPF,Piplaj,,,,,UNMATCHED,none,NONE,OGD_Train_details_22122017,
KRW,Kharwa,,,,,UNMATCHED,none,NONE,OGD_Train_details_22122017,
MLI,Mangaliyawas,,,,,UNMATCHED,none,NONE,OGD_Train_details_22122017,
MKRA,Makrera,,,,,UNMATCHED,none,NONE,OGD_Train_details_22122017,
SDH,Saradhna,,,,,UNMATCHED,none,NONE,OGD_Train_details_22122017,
DOZ,Daurai,,,,,UNMATCHED,none,NONE,OGD_Train_details_22122017,
LR,Ladpura,,,,,UNMATCHED,none,NONE,OGD_Train_details_22122017,
GEK,Gegal Akhri,,,,,UNMATCHED,none,NONE,OGD_Train_details_22122017,
GLTA,Gahlota,,,,,UNMATCHED,none,NONE,OGD_Train_details_22122017,
SALI,Saheli,,,,,UNMATCHED,none,NONE,OGD_Train_details_22122017,
SK,Sakhun,,,,,UNMATCHED,none,NONE,OGD_Train_details_22122017,
DTRA,Dantra,,,,,UNMATCHED,none,NONE,OGD_Train_details_22122017,
DHND,Dhinda,,,,,UNMATCHED,none,NONE,OGD_Train_details_22122017,
BOBS,Bobas,,,,,UNMATCHED,none,NONE,OGD_Train_details_22122017,
SHNX,Sheosinghpur,,,,,UNMATCHED,none,NONE,OGD_Train_details_22122017,
DNK,Dhanakya,,,,,UNMATCHED,none,NONE,OGD_Train_details_22122017,
SUT,Satlana,,,,,UNMATCHED,none,NONE,OGD_Train_details_22122017,
DUK,Dudia,,,,,UNMATCHED,none,NONE,OGD_Train_details_22122017,
DOR,Dundara,,,,,UNMATCHED,none,NONE,OGD_Train_details_22122017,
MNKB,Miyon Ka Bar,,,,,UNMATCHED,none,NONE,OGD_Train_details_22122017,
AJIT,Ajit,,,,,UNMATCHED,none,NONE,OGD_Train_details_22122017,
PRU,Parlu,,,,,UNMATCHED,none,NONE,OGD_Train_details_22122017,
JNE,Janiyana,,,,,UNMATCHED,none,NONE,OGD_Train_details_22122017,
KHTX,Khed Temple,,,,,UNMATCHED,none,NONE,OGD_Train_details_22122017,
TWL,Tilwara,,,,,UNMATCHED,none,NONE,OGD_Train_details_22122017,
GOLE,Gole,,,,,UNMATCHED,none,NONE,OGD_Train_details_22122017,
BMQ,Bhimarlai,,,,,UNMATCHED,none,NONE,OGD_Train_details_22122017,
BSDA,Baniya Sanda,,,,,UNMATCHED,none,NONE,OGD_Train_details_22122017,
KVA,Kavas,,,,,UNMATCHED,none,NONE,OGD_Train_details_22122017,
THM,Thaiyat Hami,,,,,UNMATCHED,none,NONE,OGD_Train_details_22122017,
JCH,Jetha Chanda,,,,,UNMATCHED,none,NONE,OGD_Train_details_22122017,
OCH,Odaniya Chac,,,,,UNMATCHED,none,NONE,OGD_Train_details_22122017,
MKHR,Marwar Khara,,,,,UNMATCHED,none,NONE,OGD_Train_details_22122017,
MBT,Marwar Bithr,,,,,UNMATCHED,none,NONE,OGD_Train_details_22122017,
STSN,Shaitan Sing,,,,,UNMATCHED,none,NONE,OGD_Train_details_22122017,
SRK,Samrau,,,,,UNMATCHED,none,NONE,OGD_Train_details_22122017,
BKC,Bhikamkor,,,,,UNMATCHED,none,NONE,OGD_Train_details_22122017,
MMC,Mahamandir,,,,,UNMATCHED,none,NONE,OGD_Train_details_22122017,
JUCT,Jodhpur Cant,,,,,UNMATCHED,none,NONE,OGD_Train_details_22122017,
PCY,Pipar City,,,,,UNMATCHED,none,NONE,OGD_Train_details_22122017,
SILR,Silari,,,,,UNMATCHED,none,NONE,OGD_Train_details_22122017,
BCW,Bhawi,,,,,UNMATCHED,none,NONE,OGD_Train_details_22122017,
BARA,Bilara,,,,,UNMATCHED,none,NONE,OGD_Train_details_22122017,
JSA,Jasai,,,,,UNMATCHED,none,NONE,OGD_Train_details_22122017,
BBC,Bhachhbar,,,,,UNMATCHED,none,NONE,OGD_Train_details_22122017,
RMX,Ramsar,,,,,UNMATCHED,none,NONE,OGD_Train_details_22122017,
GGY,Gagariya,,,,,UNMATCHED,none,NONE,OGD_Train_details_22122017,
GDD,Gadra Road,,,,,UNMATCHED,none,NONE,OGD_Train_details_22122017,
JSD,Jaisinder,,,,,UNMATCHED,none,NONE,OGD_Train_details_22122017,
CRV,Chureb,,,,,UNMATCHED,none,NONE,OGD_Train_details_22122017,
ORW,Orwara,,,,,UNMATCHED,none,NONE,OGD_Train_details_22122017,
GOVR,Govindnagar,,,,,UNMATCHED,none,NONE,OGD_Train_details_22122017,
PATI,Parsa Tiwari,,,,,UNMATCHED,none,NONE,OGD_Train_details_22122017,
BNGY,Babhanjyotiy,,,,,UNMATCHED,none,NONE,OGD_Train_details_22122017,
LKNR,Lakhpat Naga,,,,,UNMATCHED,none,NONE,OGD_Train_details_22122017,
RMBG,Ramghat  Hal,,,,,UNMATCHED,none,NONE,OGD_Train_details_22122017,
DGBH,Digha Bridge,,,,,UNMATCHED,none,NONE,OGD_Train_details_22122017,
AABH,Ambika Bhawa,,,,,UNMATCHED,none,NONE,OGD_Train_details_22122017,
PPDA,Panchpatia D,,,,,UNMATCHED,none,NONE,OGD_Train_details_22122017,
TKVR,Tek Newas,,,,,UNMATCHED,none,NONE,OGD_Train_details_22122017,
KPS,Kopa Samhota,,,,,UNMATCHED,none,NONE,OGD_Train_details_22122017,
MHRN,Mahendranath,,,,,UNMATCHED,none,NONE,OGD_Train_details_22122017,
PCK,Pachrukhi,,,,,UNMATCHED,none,NONE,OGD_Train_details_22122017,
SVC,Siwan Kacher,,,,,UNMATCHED,none,NONE,OGD_Train_details_22122017,
ALS,Amlori Sarsa,,,,,UNMATCHED,none,NONE,OGD_Train_details_22122017,
HTW,Hathua,,,,,UNMATCHED,none,NONE,OGD_Train_details_22122017,
NKBR,Narkatia Baz,,,,,UNMATCHED,none,NONE,OGD_Train_details_22122017,
SSU,Sasamusa,,,,,UNMATCHED,none,NONE,OGD_Train_details_22122017,
SPYA,Sipaya (Halt,,,,,UNMATCHED,none,NONE,OGD_Train_details_22122017,
JGP,Jalalpur,,,,,UNMATCHED,none,NONE,OGD_Train_details_22122017,
TPV,Tinpheria (H,,,,,UNMATCHED,none,NONE,OGD_Train_details_22122017,
TRJ,Tariasujan,,,,,UNMATCHED,none,NONE,OGD_Train_details_22122017,
GSRM,Gauri Shri R,,,,,UNMATCHED,none,NONE,OGD_Train_details_22122017,
CHAF,Chaf Halt,,,,,UNMATCHED,none,NONE,OGD_Train_details_22122017,
KKT,Kath Kuiyan,,,,,UNMATCHED,none,NONE,OGD_Train_details_22122017,
BAGJ,Barharaganj,,,,,UNMATCHED,none,NONE,OGD_Train_details_22122017,
LIJ,Lakshmiganj,,,,,UNMATCHED,none,NONE,OGD_Train_details_22122017,
MTBG,Mathia Bargh,,,,,UNMATCHED,none,NONE,OGD_Train_details_22122017,
BBW,Bodarwar,,,,,UNMATCHED,none,NONE,OGD_Train_details_22122017,
UNLA,Unaula,,,,,UNMATCHED,none,NONE,OGD_Train_details_22122017,
KYW,Karchhue Hal,,,,,UNMATCHED,none,NONE,OGD_Train_details_22122017,
NNPR,Nonapar F,,,,,UNMATCHED,none,NONE,OGD_Train_details_22122017,
AHLR,Ahalyapur F,,,,,UNMATCHED,none,NONE,OGD_Train_details_22122017,
BALR,Baitalpur,,,,,UNMATCHED,none,NONE,OGD_Train_details_22122017,
RVG,Revelganj Gh,,,,,UNMATCHED,none,NONE,OGD_Train_details_22122017,
BKLA,Bakulha,,,,,UNMATCHED,none,NONE,OGD_Train_details_22122017,
DCP,Dal Chapra F,,,,,UNMATCHED,none,NONE,OGD_Train_details_22122017,
CATA,Chhata-Ascha,,,,,UNMATCHED,none,NONE,OGD_Train_details_22122017,
SVI,Sagarpali,,,,,UNMATCHED,none,NONE,OGD_Train_details_22122017,
TJD,Tajpur Dehma,,,,,UNMATCHED,none,NONE,OGD_Train_details_22122017,
DDD,Dhondha Dih,,,,,UNMATCHED,none,NONE,OGD_Train_details_22122017,
SBK,Shahbaz Kuli,,,,,UNMATCHED,none,NONE,OGD_Train_details_22122017,
GZT,Ghazipur Gha,,,,,UNMATCHED,none,NONE,OGD_Train_details_22122017,
AKS,Ankuspur,,,,,UNMATCHED,none,NONE,OGD_Train_details_22122017,
SAHR,Saheri (Halt,,,,,UNMATCHED,none,NONE,OGD_Train_details_22122017,
BSCK,Basuchak Hal,,,,,UNMATCHED,none,NONE,OGD_Train_details_22122017,
TRN,Taraon,,,,,UNMATCHED,none,NONE,OGD_Train_details_22122017,
SYH,Saiyedpur Bh,,,,,UNMATCHED,none,NONE,OGD_Train_details_22122017,
RJI,Rajawari,,,,,UNMATCHED,none,NONE,OGD_Train_details_22122017,
KDQ,Kadipur,,,,,UNMATCHED,none,NONE,OGD_Train_details_22122017,
JGKS,Jigni Khas (,,,,,UNMATCHED,none,NONE,OGD_Train_details_22122017,
SNRA,Sanwara Halt,,,,,UNMATCHED,none,NONE,OGD_Train_details_22122017,
RJMP,Rajmalpur Ro,,,,,UNMATCHED,none,NONE,OGD_Train_details_22122017,
HLP,Haldharpur F,,,,,UNMATCHED,none,NONE,OGD_Train_details_22122017,
RD,Ram Dayalu N,,,,,UNMATCHED,none,NONE,OGD_Train_details_22122017,
TUR,Turki,,,,,UNMATCHED,none,NONE,OGD_Train_details_22122017,
KHI,Kurhani,,,,,UNMATCHED,none,NONE,OGD_Train_details_22122017,
BNPT,Benipatti Pi,,,,,UNMATCHED,none,NONE,OGD_Train_details_22122017,
BTHL,Bithauli F,,,,,UNMATCHED,none,NONE,OGD_Train_details_22122017,
GWH,Ghoshawar,,,,,UNMATCHED,none,NONE,OGD_Train_details_22122017,
JLHI,Jhilahi,,,,,UNMATCHED,none,NONE,OGD_Train_details_22122017,
MOTG,Motiganj,,,,,UNMATCHED,none,NONE,OGD_Train_details_22122017,
BRCK,Barua Chak,,,,,UNMATCHED,none,NONE,OGD_Train_details_22122017,
CAMU,Chamua F,,,,,UNMATCHED,none,NONE,OGD_Train_details_22122017,
KPB,Kharpokhra,,,,,UNMATCHED,none,NONE,OGD_Train_details_22122017,
AWS,Awasani,,,,,UNMATCHED,none,NONE,OGD_Train_details_22122017,
VKNR,Valmikinagar,,,,,UNMATCHED,none,NONE,OGD_Train_details_22122017,
GRRG,Gurli Ramgar,,,,,UNMATCHED,none,NONE,OGD_Train_details_22122017,
KSNR,Khushal Naga,,,,,UNMATCHED,none,NONE,OGD_Train_details_22122017,
MUUA,Mahuawa Khur,,,,,UNMATCHED,none,NONE,OGD_Train_details_22122017,
JEA,Nakaha Jungl,,,,,UNMATCHED,none,NONE,OGD_Train_details_22122017,
JKI,Kauria Jungl,,,,,UNMATCHED,none,NONE,OGD_Train_details_22122017,
RJ,Rawatganj F,,,,,UNMATCHED,none,NONE,OGD_Train_details_22122017,
MVKR,Mahawan Khor,,,,,UNMATCHED,none,NONE,OGD_Train_details_22122017,
RCRA,Ramchaura Ha,,,,,UNMATCHED,none,NONE,OGD_Train_details_22122017,
LPW,Loharpurwa (,,,,,UNMATCHED,none,NONE,OGD_Train_details_22122017,
LER,Lehra F,,,,,UNMATCHED,none,NONE,OGD_Train_details_22122017,
AHU,Ahirauli (Ha,,,,,UNMATCHED,none,NONE,OGD_Train_details_22122017,
CIH,Chilhia,,,,,UNMATCHED,none,NONE,OGD_Train_details_22122017,
MHBZ,Mahtha Bazar,,,,,UNMATCHED,none,NONE,OGD_Train_details_22122017,
PRZ,Parsa,,,,,UNMATCHED,none,NONE,OGD_Train_details_22122017,
MHBG,Mahadeva  Bu,,,,,UNMATCHED,none,NONE,OGD_Train_details_22122017,
TPB,Trilokpur (H,,,,,UNMATCHED,none,NONE,OGD_Train_details_22122017,
GIR,Gainsari Jn,,,,,UNMATCHED,none,NONE,OGD_Train_details_22122017,
LBW,Laiburwa Hal,,,,,UNMATCHED,none,NONE,OGD_Train_details_22122017,
LHNR,Lakshmanpur,,,,,UNMATCHED,none,NONE,OGD_Train_details_22122017,
KPE,Kauwapur,,,,,UNMATCHED,none,NONE,OGD_Train_details_22122017,
GAW,Gainjahwa,,,,,UNMATCHED,none,NONE,OGD_Train_details_22122017,
BWP,Bhawanipur K,,,,,UNMATCHED,none,NONE,OGD_Train_details_22122017,
ITE,Intiyathok,,,,,UNMATCHED,none,NONE,OGD_Train_details_22122017,
SUBR,Subhagpur,,,,,UNMATCHED,none,NONE,OGD_Train_details_22122017,
GDK,Gonda Kachah,,,,,UNMATCHED,none,NONE,OGD_Train_details_22122017,
KTHL,Kathola (Hal,,,,,UNMATCHED,none,NONE,OGD_Train_details_22122017,
MIR,Maijapur,,,,,UNMATCHED,none,NONE,OGD_Train_details_22122017,
KSR,Kasturi (Hal,,,,,UNMATCHED,none,NONE,OGD_Train_details_22122017,
SUJ,Sarju,,,,,UNMATCHED,none,NONE,OGD_Train_details_22122017,
GHT,Ghaghara Gha,,,,,UNMATCHED,none,NONE,OGD_Train_details_22122017,
CKG,Chowka Ghat,,,,,UNMATCHED,none,NONE,OGD_Train_details_22122017,
BUR,Bindaura,,,,,UNMATCHED,none,NONE,OGD_Train_details_22122017,
RFR,Rafinagar F,,,,,UNMATCHED,none,NONE,OGD_Train_details_22122017,
JBR,Jahangirabad,,,,,UNMATCHED,none,NONE,OGD_Train_details_22122017,
DAL,Daliganj Jn,,,,,UNMATCHED,none,NONE,OGD_Train_details_22122017,
ASH,Aishbagh,,,,,UNMATCHED,none,NONE,OGD_Train_details_22122017,
MSHW,Musharwa   H,,,,,UNMATCHED,none,NONE,OGD_Train_details_22122017,
RSWN,Rameshwar Na,,,,,UNMATCHED,none,NONE,OGD_Train_details_22122017,
PJPT,Parjapati Ha,,,,,UNMATCHED,none,NONE,OGD_Train_details_22122017,
LVR,Lok Vidyapit,,,,,UNMATCHED,none,NONE,OGD_Train_details_22122017,
PDPR,Purandarpur,,,,,UNMATCHED,none,NONE,OGD_Train_details_22122017,
JLT,Jhamat (Halt,,,,,UNMATCHED,none,NONE,OGD_Train_details_22122017,
BHGP,Bhagirathpur,,,,,UNMATCHED,none,NONE,OGD_Train_details_22122017,
NIT,Naikot F,,,,,UNMATCHED,none,NONE,OGD_Train_details_22122017,
BRSA,Barwa Kalan,,,,,UNMATCHED,none,NONE,OGD_Train_details_22122017,
BRTA,Bartara  Hal,,,,,UNMATCHED,none,NONE,OGD_Train_details_22122017,
POKL,Peokol  Halt,,,,,UNMATCHED,none,NONE,OGD_Train_details_22122017,
DRBR,Deoraha Baba,,,,,UNMATCHED,none,NONE,OGD_Train_details_22122017,
STZ,Satraon F,,,,,UNMATCHED,none,NONE,OGD_Train_details_22122017,
SSGR,Sisai Gulab,,,,,UNMATCHED,none,NONE,OGD_Train_details_22122017,
BHJ,Barhaj Bazar,,,,,UNMATCHED,none,NONE,OGD_Train_details_22122017,
TTI,Turtipar F,,,,,UNMATCHED,none,NONE,OGD_Train_details_22122017,
GOX,Gobindpur Du,,,,,UNMATCHED,none,NONE,OGD_Train_details_22122017,
CKYD,Chakra Road,,,,,UNMATCHED,none,NONE,OGD_Train_details_22122017,
PNRA,Paniara Halt,,,,,UNMATCHED,none,NONE,OGD_Train_details_22122017,
PPH,Pipridih,,,,,UNMATCHED,none,NONE,OGD_Train_details_22122017,
NAKD,Nayak Dih Ha,,,,,UNMATCHED,none,NONE,OGD_Train_details_22122017,
HMPR,Hurmujpur (H,,,,,UNMATCHED,none,NONE,OGD_Train_details_22122017,
HDT,Hardattpur F,,,,,UNMATCHED,none,NONE,OGD_Train_details_22122017,
RTB,Raja Talab,,,,,UNMATCHED,none,NONE,OGD_Train_details_22122017,
BRWH,Baherwa (Hal,,,,,UNMATCHED,none,NONE,OGD_Train_details_22122017,
NTU,Nigatpur F,,,,,UNMATCHED,none,NONE,OGD_Train_details_22122017,
KWH,Kachhwa Road,,,,,UNMATCHED,none,NONE,OGD_Train_details_22122017,
KFK,Katka,,,,,UNMATCHED,none,NONE,OGD_Train_details_22122017,
AHM,Ahimanpur,,,,,UNMATCHED,none,NONE,OGD_Train_details_22122017,
ALMW,Almaw (Halt),,,,,UNMATCHED,none,NONE,OGD_Train_details_22122017,
SJGH,Sarai Jagdis,,,,,UNMATCHED,none,NONE,OGD_Train_details_22122017,
JGG,Jangiganj,,,,,UNMATCHED,none,NONE,OGD_Train_details_22122017,
ATRR,Atraura (Hal,,,,,UNMATCHED,none,NONE,OGD_Train_details_22122017,
BYH,Bhiti,,,,,UNMATCHED,none,NONE,OGD_Train_details_22122017,
SDC,Saidabad,,,,,UNMATCHED,none,NONE,OGD_Train_details_22122017,
RTR,Ramnathpur,,,,,UNMATCHED,none,NONE,OGD_Train_details_22122017,
DRGJ,Daraganj,,,,,UNMATCHED,none,NONE,OGD_Train_details_22122017,
SDHA,Sidhari (Hal,,,,,UNMATCHED,none,NONE,OGD_Train_details_22122017,
PLGH,Paligarh (Ha,,,,,UNMATCHED,none,NONE,OGD_Train_details_22122017,
RKS,Sarai Rani,,,,,UNMATCHED,none,NONE,OGD_Train_details_22122017,
PHY,Phariha,,,,,UNMATCHED,none,NONE,OGD_Train_details_22122017,
SJER,Sanjarpur (H,,,,,UNMATCHED,none,NONE,OGD_Train_details_22122017,
DJD,Didarganj Ro,,,,,UNMATCHED,none,NONE,OGD_Train_details_22122017,
KHJA,Khanja Halt,,,,,UNMATCHED,none,NONE,OGD_Train_details_22122017,
FRDH,Faridaha,,,,,UNMATCHED,none,NONE,OGD_Train_details_22122017,
DDNA,Dudhaunda (H,,,,,UNMATCHED,none,NONE,OGD_Train_details_22122017,
GNGL,Gangauli (Ha,,,,,UNMATCHED,none,NONE,OGD_Train_details_22122017,
YDV,Yadvendranag,,,,,UNMATCHED,none,NONE,OGD_Train_details_22122017,
MGZ,Maharajganj,,,,,UNMATCHED,none,NONE,OGD_Train_details_22122017,
GOPG,Gopalganj,,,,,UNMATCHED,none,NONE,OGD_Train_details_22122017,
MJV,Manjhagarh,,,,,UNMATCHED,none,NONE,OGD_Train_details_22122017,
RTU,Ratan Sarai,,,,,UNMATCHED,none,NONE,OGD_Train_details_22122017,
SHER,Sher (Halt),,,,,UNMATCHED,none,NONE,OGD_Train_details_22122017,
SQW,Sidhwalia,,,,,UNMATCHED,none,NONE,OGD_Train_details_22122017,
BKRH,Brij Kishor,,,,,UNMATCHED,none,NONE,OGD_Train_details_22122017,
TKND,Trivikaramde,,,,,UNMATCHED,none,NONE,OGD_Train_details_22122017,
DWDI,Dighwa Dubau,,,,,UNMATCHED,none,NONE,OGD_Train_details_22122017,
KTLP,Katalpur (Ha,,,,,UNMATCHED,none,NONE,OGD_Train_details_22122017,
APRH,Alehpur,,,,,UNMATCHED,none,NONE,OGD_Train_details_22122017,
RPV,Rajapatti,,,,,UNMATCHED,none,NONE,OGD_Train_details_22122017,
MHC,Masrakh,,,,,UNMATCHED,none,NONE,OGD_Train_details_22122017,
GNDM,Gunrajpur Dh,,,,,UNMATCHED,none,NONE,OGD_Train_details_22122017,
PKRH,Parsa Kerwa,,,,,UNMATCHED,none,NONE,OGD_Train_details_22122017,
SMKR,Sham Kauria,,,,,UNMATCHED,none,NONE,OGD_Train_details_22122017,
AGTR,Agauthar Hal,,,,,UNMATCHED,none,NONE,OGD_Train_details_22122017,
TERH,Terha Halt,,,,,UNMATCHED,none,NONE,OGD_Train_details_22122017,
MEW,Marhaura,,,,,UNMATCHED,none,NONE,OGD_Train_details_22122017,
SLHI,Silhaudi,,,,,UNMATCHED,none,NONE,OGD_Train_details_22122017,
TJW,Tejpurwa (Ha,,,,,UNMATCHED,none,NONE,OGD_Train_details_22122017,
PEE,Paterhi,,,,,UNMATCHED,none,NONE,OGD_Train_details_22122017,
BURA,Bahuara(Halt,,,,,UNMATCHED,none,NONE,OGD_Train_details_22122017,
BMPT,Banni Mahamm,,,,,UNMATCHED,none,NONE,OGD_Train_details_22122017,
KYH,Khairah,,,,,UNMATCHED,none,NONE,OGD_Train_details_22122017,
TMUR,Tenua Dumari,,,,,UNMATCHED,none,NONE,OGD_Train_details_22122017,
HRNG,Harpur Nag,,,,,UNMATCHED,none,NONE,OGD_Train_details_22122017,
JDR,Jiwdhara,,,,,UNMATCHED,none,NONE,OGD_Train_details_22122017,
MCO,Motihari Cou,,,,,UNMATCHED,none,NONE,OGD_Train_details_22122017,
SRA,Semra,,,,,UNMATCHED,none,NONE,OGD_Train_details_22122017,
MHL,Mahwal,,,,,UNMATCHED,none,NONE,OGD_Train_details_22122017,
NRV,Nariyar  Hal,,,,,UNMATCHED,none,NONE,OGD_Train_details_22122017,
PPRH,Piprahan,,,,,UNMATCHED,none,NONE,OGD_Train_details_22122017,
KTI,Kanti,,,,,UNMATCHED,none,NONE,OGD_Train_details_22122017,
KVC,Kaparpura,,,,,UNMATCHED,none,NONE,OGD_Train_details_22122017,
KPCM,Kuwarchintaw,,,,,UNMATCHED,none,NONE,OGD_Train_details_22122017,
BGAR,Bangari,,,,,UNMATCHED,none,NONE,OGD_Train_details_22122017,
BKHR,Bakhri,,,,,UNMATCHED,none,NONE,OGD_Train_details_22122017,
KHQ,Kharik,,,,,UNMATCHED,none,NONE,OGD_Train_details_22122017,
GAI,Gauchhari,,,,,UNMATCHED,none,NONE,OGD_Train_details_22122017,
CDBN,Chedhabanni,,,,,UNMATCHED,none,NONE,OGD_Train_details_22122017,
LAK,Lakho,,,,,UNMATCHED,none,NONE,OGD_Train_details_22122017,
TIL,Tilrath,,,,,UNMATCHED,none,NONE,OGD_Train_details_22122017,
BRKB,Bharat Khand,,,,,UNMATCHED,none,NONE,OGD_Train_details_22122017,
BEHT,Bihat Halt,,,,,UNMATCHED,none,NONE,OGD_Train_details_22122017,
VBH,Vishnupur Ba,,,,,UNMATCHED,none,NONE,OGD_Train_details_22122017,
MPNH,Majnupur Naw,,,,,UNMATCHED,none,NONE,OGD_Train_details_22122017,
NNNL,Nandani Lagu,,,,,UNMATCHED,none,NONE,OGD_Train_details_22122017,
BDUA,Basudeopur C,,,,,UNMATCHED,none,NONE,OGD_Train_details_22122017,
SDG,Sahadai Buzu,,,,,UNMATCHED,none,NONE,OGD_Train_details_22122017,
GKHT,Gram Kharika,,,,,UNMATCHED,none,NONE,OGD_Train_details_22122017,
CSR,Chak Sikanda,,,,,UNMATCHED,none,NONE,OGD_Train_details_22122017,
CKRD,Chakmakrand,,,,,UNMATCHED,none,NONE,OGD_Train_details_22122017,
HBP,Harpur Bocha,,,,,UNMATCHED,none,NONE,OGD_Train_details_22122017,
CHRU,Chamrua,,,,,UNMATCHED,none,NONE,OGD_Train_details_22122017,
KEMR,Kemri (Halt),,,,,UNMATCHED,none,NONE,OGD_Train_details_22122017,
JLQ,Jalpur  Halt,,,,,UNMATCHED,none,NONE,OGD_Train_details_22122017,
ALJ,Aliganj,,,,,UNMATCHED,none,NONE,OGD_Train_details_22122017,
SKX,Sarkara,,,,,UNMATCHED,none,NONE,OGD_Train_details_22122017,
BRDT,Beria Daulat,,,,,UNMATCHED,none,NONE,OGD_Train_details_22122017,
GWS,Gaushala F,,,,,UNMATCHED,none,NONE,OGD_Train_details_22122017,
PRM,Pirumadara (,,,,,UNMATCHED,none,NONE,OGD_Train_details_22122017,
PAQ,Padiya Nagla,,,,,UNMATCHED,none,NONE,OGD_Train_details_22122017,
SEW,Sehal Halt,,,,,UNMATCHED,none,NONE,OGD_Train_details_22122017,
GOT,Got (Halt),,,,,UNMATCHED,none,NONE,OGD_Train_details_22122017,
HSY,Harsinghpur,,,,,UNMATCHED,none,NONE,OGD_Train_details_22122017,
SHX,Shukarullahp,,,,,UNMATCHED,none,NONE,OGD_Train_details_22122017,
BHTS,Bhatasa (Hal,,,,,UNMATCHED,none,NONE,OGD_Train_details_22122017,
KXF,Kampil Road,,,,,UNMATCHED,none,NONE,OGD_Train_details_22122017,
NHX,Narthar (Hal,,,,,UNMATCHED,none,NONE,OGD_Train_details_22122017,
GRAK,Garkha F,,,,,UNMATCHED,none,NONE,OGD_Train_details_22122017,
BHK,Badhari Kala,,,,,UNMATCHED,none,NONE,OGD_Train_details_22122017,
MHA,Marahra,,,,,UNMATCHED,none,NONE,OGD_Train_details_22122017,
AUL,Agsauli,,,,,UNMATCHED,none,NONE,OGD_Train_details_22122017,
BTRO,Bastoi (Halt,,,,,UNMATCHED,none,NONE,OGD_Train_details_22122017,
RKN,Rati-Ka-Nagl,,,,,UNMATCHED,none,NONE,OGD_Train_details_22122017,
HTJ,Hathras Road,,,,,UNMATCHED,none,NONE,OGD_Train_details_22122017,
MEU,Mendu (Halt),,,,,UNMATCHED,none,NONE,OGD_Train_details_22122017,
MSN,Mursan,,,,,UNMATCHED,none,NONE,OGD_Train_details_22122017,
SYZ,Sonai,,,,,UNMATCHED,none,NONE,OGD_Train_details_22122017,
RAYA,Raya,Rayakkottai,12.5145014,78.027275,Q23748829,MATCHED,fuzzy_name,MEDIUM,OGD_Train_details_22122017,OSM_chennai_thoothukudi_stations_raw.geojson
BSA,Bhainsa,,,,,UNMATCHED,none,NONE,OGD_Train_details_22122017,
PRK,Parkham,,,,,UNMATCHED,none,NONE,OGD_Train_details_22122017,
KHSN,Khera Sandha,,,,,UNMATCHED,none,NONE,OGD_Train_details_22122017,
AMA,Atamanda,,,,,UNMATCHED,none,NONE,OGD_Train_details_22122017,
DRN,Deoranian,,,,,UNMATCHED,none,NONE,OGD_Train_details_22122017,
RR,Richha Road,,,,,UNMATCHED,none,NONE,OGD_Train_details_22122017,
KJC,Kasganj City,,,,,UNMATCHED,none,NONE,OGD_Train_details_22122017,
GGG,Gangagarh (H,,,,,UNMATCHED,none,NONE,OGD_Train_details_22122017,
MPG,Manpur Nagar,,,,,UNMATCHED,none,NONE,OGD_Train_details_22122017,
KCO,Kachhla Brid,,,,,UNMATCHED,none,NONE,OGD_Train_details_22122017,
KCU,Kachhla,,,,,UNMATCHED,none,NONE,OGD_Train_details_22122017,
BTRI,Bitroi,,,,,UNMATCHED,none,NONE,OGD_Train_details_22122017,
SKW,Sheikhupur,,,,,UNMATCHED,none,NONE,OGD_Train_details_22122017,
MQW,Mallan Nagar,,,,,UNMATCHED,none,NONE,OGD_Train_details_22122017,
GTP,Ghatpuri,,,,,UNMATCHED,none,NONE,OGD_Train_details_22122017,
KRTL,Kartauli (Ha,,,,,UNMATCHED,none,NONE,OGD_Train_details_22122017,
MQP,Makrandpur,,,,,UNMATCHED,none,NONE,OGD_Train_details_22122017,
BMY,Bamiana,,,,,UNMATCHED,none,NONE,OGD_Train_details_22122017,
DBNR,Dibnapur  Ha,,,,,UNMATCHED,none,NONE,OGD_Train_details_22122017,
STH,Saithal (Hal,,,,,UNMATCHED,none,NONE,OGD_Train_details_22122017,
BJV,Bijauria,,,,,UNMATCHED,none,NONE,OGD_Train_details_22122017,
SSC,Shahi,,,,,UNMATCHED,none,NONE,OGD_Train_details_22122017,
LUA,Lalauri Kher,,,,,UNMATCHED,none,NONE,OGD_Train_details_22122017,
NRY,Nyoriya Huse,,,,,UNMATCHED,none,NONE,OGD_Train_details_22122017,
MJZ,Majhola Paka,,,,,UNMATCHED,none,NONE,OGD_Train_details_22122017,
ADF,Adina,,,,,UNMATCHED,none,NONE,OGD_Train_details_22122017,
MANG,Mahanagar,,,,,UNMATCHED,none,NONE,OGD_Train_details_22122017,
DOTL,Deotala,,,,,UNMATCHED,none,NONE,OGD_Train_details_22122017,
DLPH,Daulatpur Ha,,,,,UNMATCHED,none,NONE,OGD_Train_details_22122017,
MLNH,Malancha,,,,,UNMATCHED,none,NONE,OGD_Train_details_22122017,
RMPB,Rampur Bazar,,,,,UNMATCHED,none,NONE,OGD_Train_details_22122017,
MKRH,Mallickpurha,,,,,UNMATCHED,none,NONE,OGD_Train_details_22122017,
APDC,Alipur Duar,,,,,UNMATCHED,none,NONE,OGD_Train_details_22122017,
BSW,Baneswar,,,,,UNMATCHED,none,NONE,OGD_Train_details_22122017,
COB,Cooch Behar,,,,,UNMATCHED,none,NONE,OGD_Train_details_22122017,
DWT,Dewan Hat,,,,,UNMATCHED,none,NONE,OGD_Train_details_22122017,
VTG,Bhetaguri,,,,,UNMATCHED,none,NONE,OGD_Train_details_22122017,
DCH,Dinhata Coll,,,,,UNMATCHED,none,NONE,OGD_Train_details_22122017,
DHH,Dinhata,,,,,UNMATCHED,none,NONE,OGD_Train_details_22122017,
FLM,Falimari,,,,,UNMATCHED,none,NONE,OGD_Train_details_22122017,
NGTG,New Gitaldah,,,,,UNMATCHED,none,NONE,OGD_Train_details_22122017,
ABW,Abutara Halt,,,,,UNMATCHED,none,NONE,OGD_Train_details_22122017,
BXT,Bamanhat,,,,,UNMATCHED,none,NONE,OGD_Train_details_22122017,
GLMA,Gulma,,,,,UNMATCHED,none,NONE,OGD_Train_details_22122017,
SVQ,Sivok,,,,,UNMATCHED,none,NONE,OGD_Train_details_22122017,
BRQ,Bagrakot,,,,,UNMATCHED,none,NONE,OGD_Train_details_22122017,
DDM,Dam Dim,,,,,UNMATCHED,none,NONE,OGD_Train_details_22122017,
CRX,Carron,,,,,UNMATCHED,none,NONE,OGD_Train_details_22122017,
MJE,Mujnai,,,,,UNMATCHED,none,NONE,OGD_Train_details_22122017,
GRU,Garopara Hal,,,,,UNMATCHED,none,NONE,OGD_Train_details_22122017,
MGPI,Mangarpatti,,,,,UNMATCHED,none,NONE,OGD_Train_details_22122017,
SPRN,Salempur Hal,,,,,UNMATCHED,none,NONE,OGD_Train_details_22122017,
FNO,Fungo Halt,,,,,UNMATCHED,none,NONE,OGD_Train_details_22122017,
OLP,Olapur,,,,,UNMATCHED,none,NONE,OGD_Train_details_22122017,
PRGA,Paharjaganga,,,,,UNMATCHED,none,NONE,OGD_Train_details_22122017,
IMLI,Imli,,,,,UNMATCHED,none,NONE,OGD_Train_details_22122017,
DSKG,Dr Shri Kris,,,,,UNMATCHED,none,NONE,OGD_Train_details_22122017,
BAPN,Baraipura  H,,,,,UNMATCHED,none,NONE,OGD_Train_details_22122017,
NWC,Naya Nagar,,,,,UNMATCHED,none,NONE,OGD_Train_details_22122017,
MABB,Mabbi Halt,,,,,UNMATCHED,none,NONE,OGD_Train_details_22122017,
NRN,Singhiaghat,,,,,UNMATCHED,none,NONE,OGD_Train_details_22122017,
ARG,Angar Ghat,,,,,UNMATCHED,none,NONE,OGD_Train_details_22122017,
BGDS,Bhagwanpur D,,,,,UNMATCHED,none,NONE,OGD_Train_details_22122017,
SANH,Sanha Halt,,,,,UNMATCHED,none,NONE,OGD_Train_details_22122017,
LB,Lain Bazar,,,,,UNMATCHED,none,NONE,OGD_Train_details_22122017,
SRKR,Salar Khurd,,,,,UNMATCHED,none,NONE,OGD_Train_details_22122017,
PLWR,Phulwaria,,,,,UNMATCHED,none,NONE,OGD_Train_details_22122017,
BHBR,Bathua Bazar,,,,,UNMATCHED,none,NONE,OGD_Train_details_22122017,
KTNR,Kirtyanand N,,,,,UNMATCHED,none,NONE,OGD_Train_details_22122017,
SRSI,Sarsi,,,,,UNMATCHED,none,NONE,OGD_Train_details_22122017,
BDMA,Budhma,,,,,UNMATCHED,none,NONE,OGD_Train_details_22122017,
MEE,Methai F,,,,,UNMATCHED,none,NONE,OGD_Train_details_22122017,
BYP,Baijnathpur,,,,,UNMATCHED,none,NONE,OGD_Train_details_22122017,
KKNH,Karukhirharn,,,,,UNMATCHED,none,NONE,OGD_Train_details_22122017,
BIRL,Biraul,,,,,UNMATCHED,none,NONE,OGD_Train_details_22122017,
PHI,Panikhaiti,,,,,UNMATCHED,none,NONE,OGD_Train_details_22122017,
PNB,Panbari,,,,,UNMATCHED,none,NONE,OGD_Train_details_22122017,
TTLA,Tetelia,,,,,UNMATCHED,none,NONE,OGD_Train_details_22122017,
KKET,Kamrup Khetr,,,,,UNMATCHED,none,NONE,OGD_Train_details_22122017,
AJRE,Aujuri,,,,,UNMATCHED,none,NONE,OGD_Train_details_22122017,
SNBR,Sonuabari,,,,,UNMATCHED,none,NONE,OGD_Train_details_22122017,
DML,Dharamtul,,,,,UNMATCHED,none,NONE,OGD_Train_details_22122017,
TGE,Thekeraguri,,,,,UNMATCHED,none,NONE,OGD_Train_details_22122017,
LPN,Laopani,,,,,UNMATCHED,none,NONE,OGD_Train_details_22122017,
DHRY,Dhaipukhuri,,,,,UNMATCHED,none,NONE,OGD_Train_details_22122017,
HWX,Habaipur,,,,,UNMATCHED,none,NONE,OGD_Train_details_22122017,
PKB,Patharkhola,,,,,UNMATCHED,none,NONE,OGD_Train_details_22122017,
RAHA,Raha,,,,,UNMATCHED,none,NONE,OGD_Train_details_22122017,
PUY,Phulaguri,,,,,UNMATCHED,none,NONE,OGD_Train_details_22122017,
BEE,Bebejia,,,,,UNMATCHED,none,NONE,OGD_Train_details_22122017,
HBN,Haibargaon,,,,,UNMATCHED,none,NONE,OGD_Train_details_22122017,
RUP,Rupaigaon,,,,,UNMATCHED,none,NONE,OGD_Train_details_22122017,
TRBE,Tarabari,,,,,UNMATCHED,none,NONE,OGD_Train_details_22122017,
JRX,Juriagaon,,,,,UNMATCHED,none,NONE,OGD_Train_details_22122017,
DGX,Dahgaon,,,,,UNMATCHED,none,NONE,OGD_Train_details_22122017,
BKS,Balikotia,,,,,UNMATCHED,none,NONE,OGD_Train_details_22122017,
BTDR,Batadrawa Ro,,,,,UNMATCHED,none,NONE,OGD_Train_details_22122017,
DBZ,Dhing Bazar,,,,,UNMATCHED,none,NONE,OGD_Train_details_22122017,
DIU,Dhing,,,,,UNMATCHED,none,NONE,OGD_Train_details_22122017,
MBO,Mairabari,,,,,UNMATCHED,none,NONE,OGD_Train_details_22122017,
MYD,Manderdisa,,,,,UNMATCHED,none,NONE,OGD_Train_details_22122017,
HTL,Hatikhali,,,,,UNMATCHED,none,NONE,OGD_Train_details_22122017,
DBLG,Dijaobra,,,,,UNMATCHED,none,NONE,OGD_Train_details_22122017,
LGT,Langting,,,,,UNMATCHED,none,NONE,OGD_Train_details_22122017,
DKE,Dihakho,,,,,UNMATCHED,none,NONE,OGD_Train_details_22122017,
MUPA,Mupa,,,,,UNMATCHED,none,NONE,OGD_Train_details_22122017,
KQI,Kalachand,,,,,UNMATCHED,none,NONE,OGD_Train_details_22122017,
WDA,Wadrengdisa,,,,,UNMATCHED,none,NONE,OGD_Train_details_22122017,
DJA,Daotuhaja,,,,,UNMATCHED,none,NONE,OGD_Train_details_22122017,
PDJ,Phiding,,,,,UNMATCHED,none,NONE,OGD_Train_details_22122017,
MGE,Migrendisa,,,,,UNMATCHED,none,NONE,OGD_Train_details_22122017,
JGLP,Jatinga,,,,,UNMATCHED,none,NONE,OGD_Train_details_22122017,
DTC,Ditokcherra,,,,,UNMATCHED,none,NONE,OGD_Train_details_22122017,
BXK,Bandarkhal,,,,,UNMATCHED,none,NONE,OGD_Train_details_22122017,
DCA,Damchara,,,,,UNMATCHED,none,NONE,OGD_Train_details_22122017,
CNE,Chandranathp,,,,,UNMATCHED,none,NONE,OGD_Train_details_22122017,
BHZ,Bihara,,,,,UNMATCHED,none,NONE,OGD_Train_details_22122017,
HLX,Hilara,,,,,UNMATCHED,none,NONE,OGD_Train_details_22122017,
SQF,Sukritipur,,,,,UNMATCHED,none,NONE,OGD_Train_details_22122017,
PNGM,Panchgram,,,,,UNMATCHED,none,NONE,OGD_Train_details_22122017,
SCA,Salchapra,,,,,UNMATCHED,none,NONE,OGD_Train_details_22122017,
ARCL,Arunachal,,,,,UNMATCHED,none,NONE,OGD_Train_details_22122017,
MSSN,Maishashan,,,,,UNMATCHED,none,NONE,OGD_Train_details_22122017,
LGI,Longai,,,,,UNMATCHED,none,NONE,OGD_Train_details_22122017,
CGX,Chargola,,,,,UNMATCHED,none,NONE,OGD_Train_details_22122017,
BXG,Bhanga,,,,,UNMATCHED,none,NONE,OGD_Train_details_22122017,
RPB,Rupsibari,,,,,UNMATCHED,none,NONE,OGD_Train_details_22122017,
JGNR,Jogendra Nag,,,,,UNMATCHED,none,NONE,OGD_Train_details_22122017,
JRNA,Jirinia,,,,,UNMATCHED,none,NONE,OGD_Train_details_22122017,
TLMR,Teliamura,,,,,UNMATCHED,none,NONE,OGD_Train_details_22122017,
MGKM,Mangiakami,,,,,UNMATCHED,none,NONE,OGD_Train_details_22122017,
JWNR,Jawahar Naga,,,,,UNMATCHED,none,NONE,OGD_Train_details_22122017,
SKAP,Skpara,,,,,UNMATCHED,none,NONE,OGD_Train_details_22122017,
MANU,Manu,Elamanur,10.8796682,78.5738912,Q63355482,MATCHED,fuzzy_name,MEDIUM,OGD_Train_details_22122017,OSM_chennai_thoothukudi_stations_raw.geojson
NLKT,Nalkata,,,,,UNMATCHED,none,NONE,OGD_Train_details_22122017,
KUGT,Kumarghat,,,,,UNMATCHED,none,NONE,OGD_Train_details_22122017,
PEC,Pencharthal,,,,,UNMATCHED,none,NONE,OGD_Train_details_22122017,
PASG,Panisagar,,,,,UNMATCHED,none,NONE,OGD_Train_details_22122017,
NPU,Nadiapur,,,,,UNMATCHED,none,NONE,OGD_Train_details_22122017,
CBZ,Churaibari,,,,,UNMATCHED,none,NONE,OGD_Train_details_22122017,
TBX,Tilbhum,,,,,UNMATCHED,none,NONE,OGD_Train_details_22122017,
CHBN,Chand Khira,,,,,UNMATCHED,none,NONE,OGD_Train_details_22122017,
KKGT,Kalkalighat,,,,,UNMATCHED,none,NONE,OGD_Train_details_22122017,
PTKD,Patharkandi,,,,,UNMATCHED,none,NONE,OGD_Train_details_22122017,
KNBR,Kanaibazar,,,,,UNMATCHED,none,NONE,OGD_Train_details_22122017,
BRGM,Baraigram Jn,,,,,UNMATCHED,none,NONE,OGD_Train_details_22122017,
KTGM,Kayasthagram,,,,,UNMATCHED,none,NONE,OGD_Train_details_22122017,
NLBR,Nilambazar,,,,,UNMATCHED,none,NONE,OGD_Train_details_22122017,
SAKD,Suprakandi,,,,,UNMATCHED,none,NONE,OGD_Train_details_22122017,
NSCL,New Silchar,,,,,UNMATCHED,none,NONE,OGD_Train_details_22122017,
MRBD,Moinarband,,,,,UNMATCHED,none,NONE,OGD_Train_details_22122017,
RNGN,Ranigaon,,,,,UNMATCHED,none,NONE,OGD_Train_details_22122017,
SIBR,Shribar,,,,,UNMATCHED,none,NONE,OGD_Train_details_22122017,
KMNG,Kamranga,,,,,UNMATCHED,none,NONE,OGD_Train_details_22122017,
JIGT,Jirighat,,,,,UNMATCHED,none,NONE,OGD_Train_details_22122017,
JRBM,Jiribam,,,,,UNMATCHED,none,NONE,OGD_Train_details_22122017,
VNGP,Vangaichungp,,,,,UNMATCHED,none,NONE,OGD_Train_details_22122017,
ALGP,Algapur,,,,,UNMATCHED,none,NONE,OGD_Train_details_22122017,
HKD,Hailakandi,,,,,UNMATCHED,none,NONE,OGD_Train_details_22122017,
MNCR,Monacherra,,,,,UNMATCHED,none,NONE,OGD_Train_details_22122017,
LLBR,Lalabazar,,,,,UNMATCHED,none,NONE,OGD_Train_details_22122017,
MPRA,Mahamadpur-A,,,,,UNMATCHED,none,NONE,OGD_Train_details_22122017,
KLCR,Katlicherra,,,,,UNMATCHED,none,NONE,OGD_Train_details_22122017,
MOAR,Manipur Baga,,,,,UNMATCHED,none,NONE,OGD_Train_details_22122017,
JMRA,Jamira,,,,,UNMATCHED,none,NONE,OGD_Train_details_22122017,
RTRA,Ramnathpur,,,,,UNMATCHED,none,NONE,OGD_Train_details_22122017,
BHRB,Bhairabi,,,,,UNMATCHED,none,NONE,OGD_Train_details_22122017,
UDPU,Udaipur,,,,,UNMATCHED,none,NONE,OGD_Train_details_22122017,
BHRM,Bishramganj,,,,,UNMATCHED,none,NONE,OGD_Train_details_22122017,
BLGH,Bishalgarh,,,,,UNMATCHED,none,NONE,OGD_Train_details_22122017,
SKKE,Sekerkote,,,,,UNMATCHED,none,NONE,OGD_Train_details_22122017,
DLCR,Dullabcherra,,,,,UNMATCHED,none,NONE,OGD_Train_details_22122017,
APU,Anipur,,,,,UNMATCHED,none,NONE,OGD_Train_details_22122017,
RTBR,Ratabari,,,,,UNMATCHED,none,NONE,OGD_Train_details_22122017,
BZGT,Bazarghat,,,,,UNMATCHED,none,NONE,OGD_Train_details_22122017,
PKGM,Phakhoagarm,,,,,UNMATCHED,none,NONE,OGD_Train_details_22122017,
ELL,Eraligul,,,,,UNMATCHED,none,NONE,OGD_Train_details_22122017,
MBC,Mahananda Br,,,,,UNMATCHED,none,NONE,OGD_Train_details_22122017,
KMRJ,Kumarganj,,,,,UNMATCHED,none,NONE,OGD_Train_details_22122017,
SRPU,Sripur Halt,,,,,UNMATCHED,none,NONE,OGD_Train_details_22122017,
MFZ,Malahar,,,,,UNMATCHED,none,NONE,OGD_Train_details_22122017,
MQG,Milangarh,,,,,UNMATCHED,none,NONE,OGD_Train_details_22122017,
DVJ,Dillidewanga,,,,,UNMATCHED,none,NONE,OGD_Train_details_22122017,
PQD,Pranpur Road,,,,,UNMATCHED,none,NONE,OGD_Train_details_22122017,
SAJH,Sahjha Halt,,,,,UNMATCHED,none,NONE,OGD_Train_details_22122017,
KUQ,Kuretha,,,,,UNMATCHED,none,NONE,OGD_Train_details_22122017,
MIYN,Maniyan,,,,,UNMATCHED,none,NONE,OGD_Train_details_22122017,
MLFC,Malda Court,,,,,UNMATCHED,none,NONE,OGD_Train_details_22122017,
DLX,Dalimgaon,,,,,UNMATCHED,none,NONE,OGD_Train_details_22122017,
BJY,Bangalbaree,,,,,UNMATCHED,none,NONE,OGD_Train_details_22122017,
BMGR,Bamangram,,,,,UNMATCHED,none,NONE,OGD_Train_details_22122017,
JTK,Jhitkia,,,,,UNMATCHED,none,NONE,OGD_Train_details_22122017,
KAU,Kachna,,,,,UNMATCHED,none,NONE,OGD_Train_details_22122017,
DHNA,Dhachna,,,,,UNMATCHED,none,NONE,OGD_Train_details_22122017,
MFA,Mukuria,,,,,UNMATCHED,none,NONE,OGD_Train_details_22122017,
BWPB,Bhawanipur B,,,,,UNMATCHED,none,NONE,OGD_Train_details_22122017,
KMPH,Kamalpur Hal,,,,,UNMATCHED,none,NONE,OGD_Train_details_22122017,
BAHN,Babhan Gaon,,,,,UNMATCHED,none,NONE,OGD_Train_details_22122017,
SQB,Singhabad,,,,,UNMATCHED,none,NONE,OGD_Train_details_22122017,
BBCE,Bulbulchandi,,,,,UNMATCHED,none,NONE,OGD_Train_details_22122017,
SJGM,Sanjoy Gram,,,,,UNMATCHED,none,NONE,OGD_Train_details_22122017,
AHL,Ajharail,,,,,UNMATCHED,none,NONE,OGD_Train_details_22122017,
SJKL,Surjakamal,,,,,UNMATCHED,none,NONE,OGD_Train_details_22122017,
HWR,Hatwar,,,,,UNMATCHED,none,NONE,OGD_Train_details_22122017,
THED,Tauheed,,,,,UNMATCHED,none,NONE,OGD_Train_details_22122017,
GIL,Gaisal,,,,,UNMATCHED,none,NONE,OGD_Train_details_22122017,
GEOR,Gunjaria,,,,,UNMATCHED,none,NONE,OGD_Train_details_22122017,
MXJ,Mangurjan,,,,,UNMATCHED,none,NONE,OGD_Train_details_22122017,
TMH,Tin Mile Hat,,,,,UNMATCHED,none,NONE,OGD_Train_details_22122017,
DMZ,Dumdangi,,,,,UNMATCHED,none,NONE,OGD_Train_details_22122017,
CAT,Chattar Hat,,,,,UNMATCHED,none,NONE,OGD_Train_details_22122017,
NJB,Nijbari,,,,,UNMATCHED,none,NONE,OGD_Train_details_22122017,
RNI,Rangapani,,,,,UNMATCHED,none,NONE,OGD_Train_details_22122017,
NQH,New Domohani,,,,,UNMATCHED,none,NONE,OGD_Train_details_22122017,
BYXA,Betgara,,,,,UNMATCHED,none,NONE,OGD_Train_details_22122017,
ATM,Altagram,,,,,UNMATCHED,none,NONE,OGD_Train_details_22122017,
KLGR,Kolaigram,,,,,UNMATCHED,none,NONE,OGD_Train_details_22122017,
SXX,Salbari,,,,,UNMATCHED,none,NONE,OGD_Train_details_22122017,
GUZ,Gumanihat,,,,,UNMATCHED,none,NONE,OGD_Train_details_22122017,
SJRR,Sajerpar,,,,,UNMATCHED,none,NONE,OGD_Train_details_22122017,
PQZ,Pundibari,,,,,UNMATCHED,none,NONE,OGD_Train_details_22122017,
NBS,New Baneswar,,,,,UNMATCHED,none,NONE,OGD_Train_details_22122017,
SMTA,Samuktala Ro,,,,,UNMATCHED,none,NONE,OGD_Train_details_22122017,
SRPB,Srirampur (A,,,,,UNMATCHED,none,NONE,OGD_Train_details_22122017,
CPQ,Chaprakata,,,,,UNMATCHED,none,NONE,OGD_Train_details_22122017,
PTLD,Patiladaha,,,,,UNMATCHED,none,NONE,OGD_Train_details_22122017,
GOE,Ghograpar,,,,,UNMATCHED,none,NONE,OGD_Train_details_22122017,
BKTB,Bindukuri,,,,,UNMATCHED,none,NONE,OGD_Train_details_22122017,
TKTB,Thakurbari,,,,,UNMATCHED,none,NONE,OGD_Train_details_22122017,
CHOD,Charduar,,,,,UNMATCHED,none,NONE,OGD_Train_details_22122017,
GAMN,Gamani,Perugamani,10.888803,78.5475192,Q63356170,MATCHED,fuzzy_name,MEDIUM,OGD_Train_details_22122017,OSM_chennai_thoothukudi_stations_raw.geojson
BHNG,Bhalukpong,,,,,UNMATCHED,none,NONE,OGD_Train_details_22122017,
NYT,Nayatola,,,,,UNMATCHED,none,NONE,OGD_Train_details_22122017,
DNQ,Dandkhora,,,,,UNMATCHED,none,NONE,OGD_Train_details_22122017,
GRR,Gorphar,,,,,UNMATCHED,none,NONE,OGD_Train_details_22122017,
BHNP,Bishanpur Ha,,,,,UNMATCHED,none,NONE,OGD_Train_details_22122017,
JAU,Jhaua,,,,,UNMATCHED,none,NONE,OGD_Train_details_22122017,
MENP,Meenapur,,,,,UNMATCHED,none,NONE,OGD_Train_details_22122017,
DLF,Dalan,,,,,UNMATCHED,none,NONE,OGD_Train_details_22122017,
RWA,Rautara,,,,,UNMATCHED,none,NONE,OGD_Train_details_22122017,
RNX,Ranipatra,,,,,UNMATCHED,none,NONE,OGD_Train_details_22122017,
KUB,Kasba,,,,,UNMATCHED,none,NONE,OGD_Train_details_22122017,
GBN,Garh Banali,,,,,UNMATCHED,none,NONE,OGD_Train_details_22122017,
JAG,Jalalgarh,,,,,UNMATCHED,none,NONE,OGD_Train_details_22122017,
KSY,Kusiargaon,,,,,UNMATCHED,none,NONE,OGD_Train_details_22122017,
ARR,Arariya,,,,,UNMATCHED,none,NONE,OGD_Train_details_22122017,
SMH,Simraha,,,,,UNMATCHED,none,NONE,OGD_Train_details_22122017,
BTF,Bathnaha,,,,,UNMATCHED,none,NONE,OGD_Train_details_22122017,
DLZ,Dholbaza,,,,,UNMATCHED,none,NONE,OGD_Train_details_22122017,
GPE,Gogi Pothia,,,,,UNMATCHED,none,NONE,OGD_Train_details_22122017,
HOD,Haldia Bihar,,,,,UNMATCHED,none,NONE,OGD_Train_details_22122017,
SATR,Satar Halt,,,,,UNMATCHED,none,NONE,OGD_Train_details_22122017,
MOP,Mohitnagar,,,,,UNMATCHED,none,NONE,OGD_Train_details_22122017,
KDX,Kadabari Hat,,,,,UNMATCHED,none,NONE,OGD_Train_details_22122017,
MDG,Mandalghat,,,,,UNMATCHED,none,NONE,OGD_Train_details_22122017,
KSBI,Kashiabari,,,,,UNMATCHED,none,NONE,OGD_Train_details_22122017,
GSA,Guagachha,,,,,UNMATCHED,none,NONE,OGD_Train_details_22122017,
NSRH,Niz-Sariha,,,,,UNMATCHED,none,NONE,OGD_Train_details_22122017,
BIZ,Baihata,,,,,UNMATCHED,none,NONE,OGD_Train_details_22122017,
AGT,Agthori,,,,,UNMATCHED,none,NONE,OGD_Train_details_22122017,
MZQ,Majgaon-Assa,,,,,UNMATCHED,none,NONE,OGD_Train_details_22122017,
AYU,Abhayapuri A,,,,,UNMATCHED,none,NONE,OGD_Train_details_22122017,
PNVT,Panchratna,,,,,UNMATCHED,none,NONE,OGD_Train_details_22122017,
KRNI,Krishnai,,,,,UNMATCHED,none,NONE,OGD_Train_details_22122017,
DDNI,Dudhnoi,,,,,UNMATCHED,none,NONE,OGD_Train_details_22122017,
AMGA,Amjonga,,,,,UNMATCHED,none,NONE,OGD_Train_details_22122017,
RGJI,Rangjuli,,,,,UNMATCHED,none,NONE,OGD_Train_details_22122017,
DPRA,Dhupdhara,,,,,UNMATCHED,none,NONE,OGD_Train_details_22122017,
SNCA,Singra,,,,,UNMATCHED,none,NONE,OGD_Train_details_22122017,
BOKO,Boko,,,,,UNMATCHED,none,NONE,OGD_Train_details_22122017,
BMGN,Bamunigaon,,,,,UNMATCHED,none,NONE,OGD_Train_details_22122017,
CGON,Chaygaon,,,,,UNMATCHED,none,NONE,OGD_Train_details_22122017,
MRZA,Mirza,,,,,UNMATCHED,none,NONE,OGD_Train_details_22122017,
AZA,Azara,,,,,UNMATCHED,none,NONE,OGD_Train_details_22122017,
MNDP,Mendipathar,,,,,UNMATCHED,none,NONE,OGD_Train_details_22122017,
NOLB,Nolbari,,,,,UNMATCHED,none,NONE,OGD_Train_details_22122017,
LCT,Langcholiet,,,,,UNMATCHED,none,NONE,OGD_Train_details_22122017,
NLN,Nailalung,,,,,UNMATCHED,none,NONE,OGD_Train_details_22122017,
DLDE,Daldali,,,,,UNMATCHED,none,NONE,OGD_Train_details_22122017,
RXR,Rangapahar,,,,,UNMATCHED,none,NONE,OGD_Train_details_22122017,
RXRX,Rangaphar Cr,,,,,UNMATCHED,none,NONE,OGD_Train_details_22122017,
KHKT,Khotkhoti,,,,,UNMATCHED,none,NONE,OGD_Train_details_22122017,
CJA,Chongajan,,,,,UNMATCHED,none,NONE,OGD_Train_details_22122017,
BHGN,Bhilgaon,,,,,UNMATCHED,none,NONE,OGD_Train_details_22122017,
JMI,Jamguri,,,,,UNMATCHED,none,NONE,OGD_Train_details_22122017,
OTN,Oating,,,,,UNMATCHED,none,NONE,OGD_Train_details_22122017,
CFG,Chakiting,,,,,UNMATCHED,none,NONE,OGD_Train_details_22122017,
KQY,Kharikatia,,,,,UNMATCHED,none,NONE,OGD_Train_details_22122017,
LH,Lahing,,,,,UNMATCHED,none,NONE,OGD_Train_details_22122017,
SLX,Selenghat,,,,,UNMATCHED,none,NONE,OGD_Train_details_22122017,
MZA,Mezenga,,,,,UNMATCHED,none,NONE,OGD_Train_details_22122017,
NZR,Nazira,,,,,UNMATCHED,none,NONE,OGD_Train_details_22122017,
MUGN,Mahutgaon,,,,,UNMATCHED,none,NONE,OGD_Train_details_22122017,
LPTA,Longpatia,,,,,UNMATCHED,none,NONE,OGD_Train_details_22122017,
BRNR,Barua Nagar,,,,,UNMATCHED,none,NONE,OGD_Train_details_22122017,
BTZ,Balimara,,,,,UNMATCHED,none,NONE,OGD_Train_details_22122017,
BDT,Bordubi Road,,,,,UNMATCHED,none,NONE,OGD_Train_details_22122017,
CGF,Charali,,,,,UNMATCHED,none,NONE,OGD_Train_details_22122017,
DSX,Desang,,,,,UNMATCHED,none,NONE,OGD_Train_details_22122017,
KRHT,Kharahat,,,,,UNMATCHED,none,NONE,OGD_Train_details_22122017,
MHKT,Mohkhuti,,,,,UNMATCHED,none,NONE,OGD_Train_details_22122017,
SEPN,Sepon,,,,,UNMATCHED,none,NONE,OGD_Train_details_22122017,
MOX,Moran,,,,,UNMATCHED,none,NONE,OGD_Train_details_22122017,
KOWN,Khowang,,,,,UNMATCHED,none,NONE,OGD_Train_details_22122017,
LPK,Lepetkata,,,,,UNMATCHED,none,NONE,OGD_Train_details_22122017,
VT,Vellore Town,,,,,UNMATCHED,none,NONE,OGD_Train_details_22122017,
POI,Ponpadi,,,,,UNMATCHED,none,NONE,OGD_Train_details_22122017,
VKZ,Venkatanaras,,,,,UNMATCHED,none,NONE,OGD_Train_details_22122017,
VGA,Vepagunta,,,,,UNMATCHED,none,NONE,OGD_Train_details_22122017,
TDK,Taduku,,,,,UNMATCHED,none,NONE,OGD_Train_details_22122017,
PUDI,Pudi,,,,,UNMATCHED,none,NONE,OGD_Train_details_22122017,
MRM,Mamanduru,,,,,UNMATCHED,none,NONE,OGD_Train_details_22122017,
BLPE,Balapalle,,,,,UNMATCHED,none,NONE,OGD_Train_details_22122017,
SF,Settigunta,,,,,UNMATCHED,none,NONE,OGD_Train_details_22122017,
ANE,Anantarajupe,,,,,UNMATCHED,none,NONE,OGD_Train_details_22122017,
RPL,Reddipalli,,,,,UNMATCHED,none,NONE,OGD_Train_details_22122017,
HAQ,Hastavaramu,,,,,UNMATCHED,none,NONE,OGD_Train_details_22122017,
MMPL,Mantapampall,,,,,UNMATCHED,none,NONE,OGD_Train_details_22122017,
VNM,Ontimitta,,,,,UNMATCHED,none,NONE,OGD_Train_details_22122017,
BKPT,Bhakarapet,,,,,UNMATCHED,none,NONE,OGD_Train_details_22122017,
KNLP,Kanamalepall,,,,,UNMATCHED,none,NONE,OGD_Train_details_22122017,
SVF,Srivenkatape,,,,,UNMATCHED,none,NONE,OGD_Train_details_22122017,
MLPM,Arakkonam We,,,,,UNMATCHED,none,NONE,OGD_Train_details_22122017,
MNX,Manganallur,,,,,UNMATCHED,none,NONE,OGD_Train_details_22122017,
POM,Punthottam,,,,,UNMATCHED,none,NONE,OGD_Train_details_22122017,
AWT,Alwar Tiruna,,,,,UNMATCHED,none,NONE,OGD_Train_details_22122017,
TTQ,Thathankulam,,,,,UNMATCHED,none,NONE,OGD_Train_details_22122017,
PCO,Palayamkotta,,,,,UNMATCHED,none,NONE,OGD_Train_details_22122017,
CV,Cauvery,,,,,UNMATCHED,none,NONE,OGD_Train_details_22122017,
ANU,Anangur,,,,,UNMATCHED,none,NONE,OGD_Train_details_22122017,
MVPM,Mavelipalaiy,,,,,UNMATCHED,none,NONE,OGD_Train_details_22122017,
DC,Magudanchava,,,,,UNMATCHED,none,NONE,OGD_Train_details_22122017,
MCRD,Mecheri Road,,,,,UNMATCHED,none,NONE,OGD_Train_details_22122017,
MTDM,Mettur Dam,,,,,UNMATCHED,none,NONE,OGD_Train_details_22122017,
PCTM,Puduchatti,,,,,UNMATCHED,none,NONE,OGD_Train_details_22122017,
VNGL,Laddivadi,,,,,UNMATCHED,none,NONE,OGD_Train_details_22122017,
MKY,Mekkudi Halt,,,,,UNMATCHED,none,NONE,OGD_Train_details_22122017,
JPM,Jiyapuram Ha,,,,,UNMATCHED,none,NONE,OGD_Train_details_22122017,
MUQ,Marudur Halt,,,,,UNMATCHED,none,NONE,OGD_Train_details_22122017,
PAS,Pasur,,,,,UNMATCHED,none,NONE,OGD_Train_details_22122017,
CVD,Chavadipalay,Avadi,13.1182744,80.1015427,Q4827409,MATCHED,fuzzy_name,MEDIUM,OGD_Train_details_22122017,OSM_chennai_thoothukudi_stations_raw.geojson
KNNT,Kunnathur Ha,,,,,UNMATCHED,none,NONE,OGD_Train_details_22122017,
TNGR,Thonganur H,,,,,UNMATCHED,none,NONE,OGD_Train_details_22122017,
MY,Malliyam,,,,,UNMATCHED,none,NONE,OGD_Train_details_22122017,
NPT,Narasinganpe,,,,,UNMATCHED,none,NONE,OGD_Train_details_22122017,
TDR,Tiruvidaimar,,,,,UNMATCHED,none,NONE,OGD_Train_details_22122017,
TRM,Tirunagesvar,,,,,UNMATCHED,none,NONE,OGD_Train_details_22122017,
DSM,Darasuram,,,,,UNMATCHED,none,NONE,OGD_Train_details_22122017,
SWI,Swami Malai,,,,,UNMATCHED,none,NONE,OGD_Train_details_22122017,
ONR,Coonoor,,,,,UNMATCHED,none,NONE,OGD_Train_details_22122017,
WEL,Wellington,,,,,UNMATCHED,none,NONE,OGD_Train_details_22122017,
AVK,Aravankadu,,,,,UNMATCHED,none,NONE,OGD_Train_details_22122017,
KXT,Ketti,,,,,UNMATCHED,none,NONE,OGD_Train_details_22122017,
LOV,Lovedale,,,,,UNMATCHED,none,NONE,OGD_Train_details_22122017,
UAM,Udhagamandal,,,,,UNMATCHED,none,NONE,OGD_Train_details_22122017,
KAY,Karai Madai,,,,,UNMATCHED,none,NONE,OGD_Train_details_22122017,
CMNR,Chamrajanaga,,,,,UNMATCHED,none,NONE,OGD_Train_details_22122017,
BDGP,Badanaguppe,,,,,UNMATCHED,none,NONE,OGD_Train_details_22122017,
KRNU,Kananur,,,,,UNMATCHED,none,NONE,OGD_Train_details_22122017,
KVE,Kavalande,,,,,UNMATCHED,none,NONE,OGD_Train_details_22122017,
NBU,Narasambudhi,,,,,UNMATCHED,none,NONE,OGD_Train_details_22122017,
CGHD,Chinnadagudi,,,,,UNMATCHED,none,NONE,OGD_Train_details_22122017,
NTW,Nanjangud To,,,,,UNMATCHED,none,NONE,OGD_Train_details_22122017,
SJPM,Sujatapuram,,,,,UNMATCHED,none,NONE,OGD_Train_details_22122017,
TXM,Tandavapura,,,,,UNMATCHED,none,NONE,OGD_Train_details_22122017,
KDO,Kadakola,,,,,UNMATCHED,none,NONE,OGD_Train_details_22122017,
AP,Ashokapuram,,,,,UNMATCHED,none,NONE,OGD_Train_details_22122017,
CMJ,Chamarajapur,,,,,UNMATCHED,none,NONE,OGD_Train_details_22122017,
SDVL,Soldevanahal,,,,,UNMATCHED,none,NONE,OGD_Train_details_22122017,
SOLR,Solur,,,,,UNMATCHED,none,NONE,OGD_Train_details_22122017,
TASA,Tippesandra,,,,,UNMATCHED,none,NONE,OGD_Train_details_22122017,
SIDP,Siddapura,,,,,UNMATCHED,none,NONE,OGD_Train_details_22122017,
ACCI,Adichunchuna,,,,,UNMATCHED,none,NONE,OGD_Train_details_22122017,
DSVS,D Samudraval,,,,,UNMATCHED,none,NONE,OGD_Train_details_22122017,
SIGA,Shantigrama,,,,,UNMATCHED,none,NONE,OGD_Train_details_22122017,
MVC,Mavinkere,,,,,UNMATCHED,none,NONE,OGD_Train_details_22122017,
ANC,Annechakanah,,,,,UNMATCHED,none,NONE,OGD_Train_details_22122017,
SRVN,Sravanur,,,,,UNMATCHED,none,NONE,OGD_Train_details_22122017,
BRBL,Birahalli,,,,,UNMATCHED,none,NONE,OGD_Train_details_22122017,
AKK,Akkihebbalu,,,,,UNMATCHED,none,NONE,OGD_Train_details_22122017,
HAH,Hosa Agrahar,,,,,UNMATCHED,none,NONE,OGD_Train_details_22122017,
ARNH,Arjunahalli,,,,,UNMATCHED,none,NONE,OGD_Train_details_22122017,
HPA,Hampapura,,,,,UNMATCHED,none,NONE,OGD_Train_details_22122017,
DOY,Dornahalli,,,,,UNMATCHED,none,NONE,OGD_Train_details_22122017,
KLYH,Kallur Yedah,,,,,UNMATCHED,none,NONE,OGD_Train_details_22122017,
KJS,Krishnarajsa,,,,,UNMATCHED,none,NONE,OGD_Train_details_22122017,
BLGA,Belagula,,,,,UNMATCHED,none,NONE,OGD_Train_details_22122017,
KCLA,Kenchanalu,,,,,UNMATCHED,none,NONE,OGD_Train_details_22122017,
ARU,Arasalu,,,,,UNMATCHED,none,NONE,OGD_Train_details_22122017,
SPV,Sivapur,,,,,UNMATCHED,none,NONE,OGD_Train_details_22122017,
KRNH,Kornahalli,,,,,UNMATCHED,none,NONE,OGD_Train_details_22122017,
MSS,Masarahalli,,,,,UNMATCHED,none,NONE,OGD_Train_details_22122017,
SMDT,Semmandapatt,,,,,UNMATCHED,none,NONE,OGD_Train_details_22122017,
MPC,Muttampatti,,,,,UNMATCHED,none,NONE,OGD_Train_details_22122017,
SZV,Sivadi,Sivadi,12.0390657,78.1182781,Q63360814,MATCHED,fuzzy_name,MEDIUM,OGD_Train_details_22122017,OSM_chennai_thoothukudi_stations_raw.geojson
PRNT,Periyanagath,,,,,UNMATCHED,none,NONE,OGD_Train_details_22122017,
KMLM,Kelamangalam,,,,,UNMATCHED,none,NONE,OGD_Train_details_22122017,
HHT,Habanghatta,,,,,UNMATCHED,none,NONE,OGD_Train_details_22122017,
BGPA,Bageshpura,,,,,UNMATCHED,none,NONE,OGD_Train_details_22122017,
SHYP,Sakkaraya Pa,,,,,UNMATCHED,none,NONE,OGD_Train_details_22122017,
CMGR,Chikmagaluru,,,,,UNMATCHED,none,NONE,OGD_Train_details_22122017,
CHPD,Cheppad,,,,,UNMATCHED,none,NONE,OGD_Train_details_22122017,
KVTA,Karuvatta H.,,,,,UNMATCHED,none,NONE,OGD_Train_details_22122017,
TZH,Takazhi,,,,,UNMATCHED,none,NONE,OGD_Train_details_22122017,
PNPR,Punnapra,,,,,UNMATCHED,none,NONE,OGD_Train_details_22122017,
TMPY,Tumboli H.,,,,,UNMATCHED,none,NONE,OGD_Train_details_22122017,
KAVR,Kalavur H.,,,,,UNMATCHED,none,NONE,OGD_Train_details_22122017,
TRVZ,Tiruvizha,,,,,UNMATCHED,none,NONE,OGD_Train_details_22122017,
VAY,Vayalar,,,,,UNMATCHED,none,NONE,OGD_Train_details_22122017,
EZP,Ezhupunna,,,,,UNMATCHED,none,NONE,OGD_Train_details_22122017,
AROR,Arur H.,,,,,UNMATCHED,none,NONE,OGD_Train_details_22122017,
KUMM,Kumbalam,,,,,UNMATCHED,none,NONE,OGD_Train_details_22122017,
VRLR,Virani Alur,,,,,UNMATCHED,none,NONE,OGD_Train_details_22122017,
AMVA,Amaravilla H,,,,,UNMATCHED,none,NONE,OGD_Train_details_22122017,
BRAM,Balaramapura,,,,,UNMATCHED,none,NONE,OGD_Train_details_22122017,
NEM,Nemam,,,,,UNMATCHED,none,NONE,OGD_Train_details_22122017,
VELI,Veli H.,,,,,UNMATCHED,none,NONE,OGD_Train_details_22122017,
KXP,Kaniyapuram,,,,,UNMATCHED,none,NONE,OGD_Train_details_22122017,
PGZ,Perunguzhi,,,,,UNMATCHED,none,NONE,OGD_Train_details_22122017,
AMY,Akathamuri,,,,,UNMATCHED,none,NONE,OGD_Train_details_22122017,
EVA,Edavai,,,,,UNMATCHED,none,NONE,OGD_Train_details_22122017,
KFI,Kappil,,,,,UNMATCHED,none,NONE,OGD_Train_details_22122017,
IRP,Iravipuram H,,,,,UNMATCHED,none,NONE,OGD_Train_details_22122017,
CGV,Chingavanam,,,,,UNMATCHED,none,NONE,OGD_Train_details_22122017,
THX,Tovalai H.,,,,,UNMATCHED,none,NONE,OGD_Train_details_22122017,
SGLM,Sengulam,,,,,UNMATCHED,none,NONE,OGD_Train_details_22122017,
MP,Melappalayam,,,,,UNMATCHED,none,NONE,OGD_Train_details_22122017,
TAY,Talaiyuthu,,,,,UNMATCHED,none,NONE,OGD_Train_details_22122017,
SNO,Somanur,,,,,UNMATCHED,none,NONE,OGD_Train_details_22122017,
SHI,Singanallur,,,,,UNMATCHED,none,NONE,OGD_Train_details_22122017,
SUU,Sulur Road,,,,,UNMATCHED,none,NONE,OGD_Train_details_22122017,
VNJ,Vanjipalaiya,,,,,UNMATCHED,none,NONE,OGD_Train_details_22122017,
VZ,Vijayamangal,,,,,UNMATCHED,none,NONE,OGD_Train_details_22122017,
IGR,Ingur,,,,,UNMATCHED,none,NONE,OGD_Train_details_22122017,
PY,Perundurai,,,,,UNMATCHED,none,NONE,OGD_Train_details_22122017,
TPM,Totiyapalaiy,,,,,UNMATCHED,none,NONE,OGD_Train_details_22122017,
NRK,Naraikkinar,,,,,UNMATCHED,none,NONE,OGD_Train_details_22122017,
GDN,Gangaikondan,,,,,UNMATCHED,none,NONE,OGD_Train_details_22122017,
MDKI,Madukarai,,,,,UNMATCHED,none,NONE,OGD_Train_details_22122017,
ETMD,Ettimadai,,,,,UNMATCHED,none,NONE,OGD_Train_details_22122017,
WRA,Walayar,,,,,UNMATCHED,none,NONE,OGD_Train_details_22122017,
KJKD,Kanjikode,,,,,UNMATCHED,none,NONE,OGD_Train_details_22122017,
PLL,Parli,,,,,UNMATCHED,none,NONE,OGD_Train_details_22122017,
MNY,Mankarai,,,,,UNMATCHED,none,NONE,OGD_Train_details_22122017,
LDY,Lakkiti,,,,,UNMATCHED,none,NONE,OGD_Train_details_22122017,
PLPM,Palappuram H,,,,,UNMATCHED,none,NONE,OGD_Train_details_22122017,
MNUR,Mannanur,Annanur,13.1163563,80.1269127,Q4767947,MATCHED,fuzzy_name,MEDIUM,OGD_Train_details_22122017,OSM_chennai_thoothukudi_stations_raw.geojson
PUM,Pallippuram,,,,,UNMATCHED,none,NONE,OGD_Train_details_22122017,
KUL,Kallayi,,,,,UNMATCHED,none,NONE,OGD_Train_details_22122017,
NAU,Nadapuram Ro,,,,,UNMATCHED,none,NONE,OGD_Train_details_22122017,
MUKE,Mukkali Halt,,,,,UNMATCHED,none,NONE,OGD_Train_details_22122017,
CQL,Chirakkal Ha,,,,,UNMATCHED,none,NONE,OGD_Train_details_22122017,
PPNS,Pappinisseri,,,,,UNMATCHED,none,NONE,OGD_Train_details_22122017,
KLAD,Kalanad Halt,,,,,UNMATCHED,none,NONE,OGD_Train_details_22122017,
KIF,Kuri,Kurinjipadi,11.5727513,79.5964024,Q63358030,MATCHED,fuzzy_name,MEDIUM,OGD_Train_details_22122017,OSM_chennai_thoothukudi_stations_raw.geojson
KFV,Kundara East,,,,,UNMATCHED,none,NONE,OGD_Train_details_22122017,
CTPE,Chandanattop,,,,,UNMATCHED,none,NONE,OGD_Train_details_22122017,
EDN,Edamann,,,,,UNMATCHED,none,NONE,OGD_Train_details_22122017,
VTK,Vallattolnag,,,,,UNMATCHED,none,NONE,OGD_Train_details_22122017,
MUC,Mullurcarai,,,,,UNMATCHED,none,NONE,OGD_Train_details_22122017,
MGK,Mulagunnathu,,,,,UNMATCHED,none,NONE,OGD_Train_details_22122017,
OLR,Ollur,,,,,UNMATCHED,none,NONE,OGD_Train_details_22122017,
NYI,Nellayi,,,,,UNMATCHED,none,NONE,OGD_Train_details_22122017,
KRAN,Koratti Anga,,,,,UNMATCHED,none,NONE,OGD_Train_details_22122017,
KUC,Karukutty,,,,,UNMATCHED,none,NONE,OGD_Train_details_22122017,
CWR,Chovvara,,,,,UNMATCHED,none,NONE,OGD_Train_details_22122017,
KLMR,Kalamasseri,,,,,UNMATCHED,none,NONE,OGD_Train_details_22122017,
VDKS,Vadanam Kuru,,,,,UNMATCHED,none,NONE,OGD_Train_details_22122017,
KZC,Kulukalur Ha,,,,,UNMATCHED,none,NONE,OGD_Train_details_22122017,
TDPM,Todiyappulam,,,,,UNMATCHED,none,NONE,OGD_Train_details_22122017,
KFE,Kurikad,,,,,UNMATCHED,none,NONE,OGD_Train_details_22122017,
KPTM,Kanjirammita,,,,,UNMATCHED,none,NONE,OGD_Train_details_22122017,
KDTY,Kaduturutty,,,,,UNMATCHED,none,NONE,OGD_Train_details_22122017,
KFQ,Kumaranallur,,,,,UNMATCHED,none,NONE,OGD_Train_details_22122017,
NLPD,Nalla Padu J,,,,,UNMATCHED,none,NONE,OGD_Train_details_22122017,
PRCA,Perecherla,,,,,UNMATCHED,none,NONE,OGD_Train_details_22122017,
PPM,Phirangipura,,,,,UNMATCHED,none,NONE,OGD_Train_details_22122017,
NDPU,Nudurupadu,,,,,UNMATCHED,none,NONE,OGD_Train_details_22122017,
STUR,Satulur,,,,,UNMATCHED,none,NONE,OGD_Train_details_22122017,
MUK,Munumaka,,,,,UNMATCHED,none,NONE,OGD_Train_details_22122017,
SAB,Santamgalur,,,,,UNMATCHED,none,NONE,OGD_Train_details_22122017,
VLE,Vellalcheruv,,,,,UNMATCHED,none,NONE,OGD_Train_details_22122017,
SYM,Savalyapuram,,,,,UNMATCHED,none,NONE,OGD_Train_details_22122017,
CEM,Cheekateegal,,,,,UNMATCHED,none,NONE,OGD_Train_details_22122017,
GKM,Gundlakamma,,,,,UNMATCHED,none,NONE,OGD_Train_details_22122017,
POO,Potlapadu,,,,,UNMATCHED,none,NONE,OGD_Train_details_22122017,
GJJ,Gajjelakonda,,,,,UNMATCHED,none,NONE,OGD_Train_details_22122017,
JBK,Jaggambhotla,,,,,UNMATCHED,none,NONE,OGD_Train_details_22122017,
SDV,Somidevi Pal,,,,,UNMATCHED,none,NONE,OGD_Train_details_22122017,
GMA,Gudimetta Ha,,,,,UNMATCHED,none,NONE,OGD_Train_details_22122017,
KSTE,Kistamasetti,,,,,UNMATCHED,none,NONE,OGD_Train_details_22122017,
CMZ,Chalama,,,,,UNMATCHED,none,NONE,OGD_Train_details_22122017,
GZL,Gazulapalli,,,,,UNMATCHED,none,NONE,OGD_Train_details_22122017,
PNM,Panyam,,,,,UNMATCHED,none,NONE,OGD_Train_details_22122017,
KEF,Krishna Mako,,,,,UNMATCHED,none,NONE,OGD_Train_details_22122017,
RGM,Rangapuram,,,,,UNMATCHED,none,NONE,OGD_Train_details_22122017,
MLK,Malkapuram,,,,,UNMATCHED,none,NONE,OGD_Train_details_22122017,
MYL,Malliyala,,,,,UNMATCHED,none,NONE,OGD_Train_details_22122017,
LMD,Linganenidod,,,,,UNMATCHED,none,NONE,OGD_Train_details_22122017,
EDD,Edduladoddi,,,,,UNMATCHED,none,NONE,OGD_Train_details_22122017,
TGL,Tuggali,,,,,UNMATCHED,none,NONE,OGD_Train_details_22122017,
MLGT,Mallapa Gate,,,,,UNMATCHED,none,NONE,OGD_Train_details_22122017,
BLL,Bantanahal,,,,,UNMATCHED,none,NONE,OGD_Train_details_22122017,
BNL,Bevinahalu,,,,,UNMATCHED,none,NONE,OGD_Train_details_22122017,
VP,Virapur,,,,,UNMATCHED,none,NONE,OGD_Train_details_22122017,
HGI,Hagari,,,,,UNMATCHED,none,NONE,OGD_Train_details_22122017,
HDD,Haddingaundu,,,,,UNMATCHED,none,NONE,OGD_Train_details_22122017,
CSDR,Channasandra,,,,,UNMATCHED,none,NONE,OGD_Train_details_22122017,
RNN,Rajan Kunti,,,,,UNMATCHED,none,NONE,OGD_Train_details_22122017,
ORH,Oddara Halli,,,,,UNMATCHED,none,NONE,OGD_Train_details_22122017,
MKL,Makali Durga,,,,,UNMATCHED,none,NONE,OGD_Train_details_22122017,
TDV,Thonde Bhavi,,,,,UNMATCHED,none,NONE,OGD_Train_details_22122017,
SMWA,Someshwara,,,,,UNMATCHED,none,NONE,OGD_Train_details_22122017,
VWA,Viduraswatth,,,,,UNMATCHED,none,NONE,OGD_Train_details_22122017,
DPE,Devarapalle,,,,,UNMATCHED,none,NONE,OGD_Train_details_22122017,
MLU,Malugur,,,,,UNMATCHED,none,NONE,OGD_Train_details_22122017,
CPL,Chakariapall,,,,,UNMATCHED,none,NONE,OGD_Train_details_22122017,
NRYP,Narayanapura,,,,,UNMATCHED,none,NONE,OGD_Train_details_22122017,
KTCR,Katlichera,,,,,UNMATCHED,none,NONE,OGD_Train_details_22122017,
BSPL,Basampalle,,,,,UNMATCHED,none,NONE,OGD_Train_details_22122017,
CCA,Chigicheria,,,,,UNMATCHED,none,NONE,OGD_Train_details_22122017,
ZPL,Zangalapalle,,,,,UNMATCHED,none,NONE,OGD_Train_details_22122017,
PSPY,Prasannayana,,,,,UNMATCHED,none,NONE,OGD_Train_details_22122017,
TAC,Tati Cherla,,,,,UNMATCHED,none,NONE,OGD_Train_details_22122017,
GDE,Garladinne,,,,,UNMATCHED,none,NONE,OGD_Train_details_22122017,
PMD,Pamidi,,,,,UNMATCHED,none,NONE,OGD_Train_details_22122017,
RRJ,Ramarajupall,,,,,UNMATCHED,none,NONE,OGD_Train_details_22122017,
TKPY,Turkapalli,,,,,UNMATCHED,none,NONE,OGD_Train_details_22122017,
PLU,Patakottache,,,,,UNMATCHED,none,NONE,OGD_Train_details_22122017,
NKDO,Nakkanadoddi,,,,,UNMATCHED,none,NONE,OGD_Train_details_22122017,
TIM,Timmanacherl,,,,,UNMATCHED,none,NONE,OGD_Train_details_22122017,
VMP,Vallampaduga,,,,,UNMATCHED,none,NONE,OGD_Train_details_22122017,
KKTI,Kuttakudi,,,,,UNMATCHED,none,NONE,OGD_Train_details_22122017,
SRVT,Siruvattur H,Attur,11.595226,78.5935039,Q63371891,MATCHED,fuzzy_name,MEDIUM,OGD_Train_details_22122017,OSM_chennai_thoothukudi_stations_raw.geojson
MLYR,Melnariyappa,,,,,UNMATCHED,none,NONE,OGD_Train_details_22122017,
TVS,Talaivasal,,,,,UNMATCHED,none,NONE,OGD_Train_details_22122017,
HLV,Haliyuru,,,,,UNMATCHED,none,NONE,OGD_Train_details_22122017,
BTGH,Bettadanagen,,,,,UNMATCHED,none,NONE,OGD_Train_details_22122017,
AMC,Amrithapura,,,,,UNMATCHED,none,NONE,OGD_Train_details_22122017,
CKVD,Chikkadavadi,Avadi,13.1182744,80.1015427,Q4827409,MATCHED,fuzzy_name,MEDIUM,OGD_Train_details_22122017,OSM_chennai_thoothukudi_stations_raw.geojson
PEU,Perashshannu,,,,,UNMATCHED,none,NONE,OGD_Train_details_22122017,
KODN,Kodumunda Ha,,,,,UNMATCHED,none,NONE,OGD_Train_details_22122017,
KRKD,Karakad,,,,,UNMATCHED,none,NONE,OGD_Train_details_22122017,
CS,Kannur South,,,,,UNMATCHED,none,NONE,OGD_Train_details_22122017,
ETK,Ettakkot,,,,,UNMATCHED,none,NONE,OGD_Train_details_22122017,
DMD,Dharmadam Ha,,,,,UNMATCHED,none,NONE,OGD_Train_details_22122017,
JGE,Jagannath Te,,,,,UNMATCHED,none,NONE,OGD_Train_details_22122017,
IGL,Iringal Halt,,,,,UNMATCHED,none,NONE,OGD_Train_details_22122017,
TKT,Tikkotti,,,,,UNMATCHED,none,NONE,OGD_Train_details_22122017,
VEK,Vellarakkad,,,,,UNMATCHED,none,NONE,OGD_Train_details_22122017,
CMC,Chemancheri,,,,,UNMATCHED,none,NONE,OGD_Train_details_22122017,
ETR,Elattur,Melattur,12.9178774,78.8752624,Q63355622,MATCHED,fuzzy_name,MEDIUM,OGD_Train_details_22122017,OSM_chennai_thoothukudi_stations_raw.geojson
WH,West Hill,,,,,UNMATCHED,none,NONE,OGD_Train_details_22122017,
VLL,Vellayil Hal,,,,,UNMATCHED,none,NONE,OGD_Train_details_22122017,
TOK,Thokur,,,,,UNMATCHED,none,NONE,OGD_Train_details_22122017,
NAND,Nandikoor,,,,,UNMATCHED,none,NONE,OGD_Train_details_22122017,
INJ,Innanje,,,,,UNMATCHED,none,NONE,OGD_Train_details_22122017,
SEN,Senapura,,,,,UNMATCHED,none,NONE,OGD_Train_details_22122017,
SHMI,Shiroor,,,,,UNMATCHED,none,NONE,OGD_Train_details_22122017,
CTTP,Chitrapur (H,,,,,UNMATCHED,none,NONE,OGD_Train_details_22122017,
MANK,Manki,,,,,UNMATCHED,none,NONE,OGD_Train_details_22122017,
HAA,Harwada,,,,,UNMATCHED,none,NONE,OGD_Train_details_22122017,
AT,Asnoti,,,,,UNMATCHED,none,NONE,OGD_Train_details_22122017,
LOL,Loliem,,,,,UNMATCHED,none,NONE,OGD_Train_details_22122017,
BLLI,Balli,,,,,UNMATCHED,none,NONE,OGD_Train_details_22122017,
NRF,Neralakatte,,,,,UNMATCHED,none,NONE,OGD_Train_details_22122017,
BAJE,Bajakare,,,,,UNMATCHED,none,NONE,OGD_Train_details_22122017,
KDBA,Kodimbala,,,,,UNMATCHED,none,NONE,OGD_Train_details_22122017,
KNYR,Kaniyuru,,,,,UNMATCHED,none,NONE,OGD_Train_details_22122017,
NRJ,Narimogaru,,,,,UNMATCHED,none,NONE,OGD_Train_details_22122017,
CDRA,Chandera Hal,,,,,UNMATCHED,none,NONE,OGD_Train_details_22122017,
TKOT,Tokkuttu,,,,,UNMATCHED,none,NONE,OGD_Train_details_22122017,
NTVT,Nethravathi,,,,,UNMATCHED,none,NONE,OGD_Train_details_22122017,
SMDM,Samudram,Kamasamudram,12.8804954,78.2005632,Q63369898,MATCHED,fuzzy_name,MEDIUM,OGD_Train_details_22122017,OSM_chennai_thoothukudi_stations_raw.geojson
MPLY,Meppuliyur,,,,,UNMATCHED,none,NONE,OGD_Train_details_22122017,
VER,Vellur Halt,,,,,UNMATCHED,none,NONE,OGD_Train_details_22122017,
BXS,Pichchandar,,,,,UNMATCHED,none,NONE,OGD_Train_details_22122017,
VDP,Vadippatti,,,,,UNMATCHED,none,NONE,OGD_Train_details_22122017,
APE,Andanapettai,,,,,UNMATCHED,none,NONE,OGD_Train_details_22122017,
SKK,Sikkal,,,,,UNMATCHED,none,NONE,OGD_Train_details_22122017,
KYV,Koyilvenni H,,,,,UNMATCHED,none,NONE,OGD_Train_details_22122017,
KXO,Kudikadu,,,,,UNMATCHED,none,NONE,OGD_Train_details_22122017,
MAV,Mariammn Kov,,,,,UNMATCHED,none,NONE,OGD_Train_details_22122017,
RAGM,Rajagambiram,,,,,UNMATCHED,none,NONE,OGD_Train_details_22122017,
VTV,Valantaravai,,,,,UNMATCHED,none,NONE,OGD_Train_details_22122017,
MC,Mandapam Cam,Mandapam,9.280778,79.157276,Q63355261,MATCHED,fuzzy_name,MEDIUM,OGD_Train_details_22122017,OSM_chennai_thoothukudi_stations_raw.geojson
KGD,Kalligudi,,,,,UNMATCHED,none,NONE,OGD_Train_details_22122017,
VDK,Vadakannikap,,,,,UNMATCHED,none,NONE,OGD_Train_details_22122017,
ANM,Anamalai Roa,,,,,UNMATCHED,none,NONE,OGD_Train_details_22122017,
KYZ,Kizha Puliyu,,,,,UNMATCHED,none,NONE,OGD_Train_details_22122017,
PCM,Pavurchatram,,,,,UNMATCHED,none,NONE,OGD_Train_details_22122017,
MTE,Mettur,,,,,UNMATCHED,none,NONE,OGD_Train_details_22122017,
KKY,Kilakadaiyam,,,,,UNMATCHED,none,NONE,OGD_Train_details_22122017,
RVS,Ravanasamudr,,,,,UNMATCHED,none,NONE,OGD_Train_details_22122017,
AZK,Azhwarkuruch,,,,,UNMATCHED,none,NONE,OGD_Train_details_22122017,
KIB,Kizha Ambur,Ambur,12.784066,78.7217855,Q16868946,MATCHED,fuzzy_name,MEDIUM,OGD_Train_details_22122017,OSM_chennai_thoothukudi_stations_raw.geojson
ASD,Ambasamudram,,,,,UNMATCHED,none,NONE,OGD_Train_details_22122017,
KIC,Kallidaikuru,,,,,UNMATCHED,none,NONE,OGD_Train_details_22122017,
VVR,Viravanallur,,,,,UNMATCHED,none,NONE,OGD_Train_details_22122017,
KARK,Karaikkurich,,,,,UNMATCHED,none,NONE,OGD_Train_details_22122017,
SMD,Cheranmahade,,,,,UNMATCHED,none,NONE,OGD_Train_details_22122017,
PEA,Pettai,Anavardikhanpettai,13.050776,79.567244,Q63355498,MATCHED,fuzzy_name,MEDIUM,OGD_Train_details_22122017,OSM_chennai_thoothukudi_stations_raw.geojson
TYT,Tirunelveli,,,,,UNMATCHED,none,NONE,OGD_Train_details_22122017,
BJM,Bagavathipur,,,,,UNMATCHED,none,NONE,OGD_Train_details_22122017,
TY,Tulukapatti,,,,,UNMATCHED,none,NONE,OGD_Train_details_22122017,
NMN,Namanasamudr,,,,,UNMATCHED,none,NONE,OGD_Train_details_22122017,
KTYR,Kottaiyur,,,,,UNMATCHED,none,NONE,OGD_Train_details_22122017,
VKP,Varakalpattu,,,,,UNMATCHED,none,NONE,OGD_Train_details_22122017,
PUC,Puduchatiram,,,,,UNMATCHED,none,NONE,OGD_Train_details_22122017,
AYD,Ayandur,,,,,UNMATCHED,none,NONE,OGD_Train_details_22122017,
MUY,Mugaiyur Hal,,,,,UNMATCHED,none,NONE,OGD_Train_details_22122017,
MCL,Madimangalam,,,,,UNMATCHED,none,NONE,OGD_Train_details_22122017,
BUM,Bommasamudra,,,,,UNMATCHED,none,NONE,OGD_Train_details_22122017,
PYX,Peyanapalli,,,,,UNMATCHED,none,NONE,OGD_Train_details_22122017,
PTT,Putalapattu,,,,,UNMATCHED,none,NONE,OGD_Train_details_22122017,
PAM,Panapakam,,,,,UNMATCHED,none,NONE,OGD_Train_details_22122017,
KEN,Kotala Halt,,,,,UNMATCHED,none,NONE,OGD_Train_details_22122017,
CGI,Chandragiri,,,,,UNMATCHED,none,NONE,OGD_Train_details_22122017,
TPW,Tirupati Wes,,,,,UNMATCHED,none,NONE,OGD_Train_details_22122017,
TKWD,Tikekarwadi,,,,,UNMATCHED,none,NONE,OGD_Train_details_22122017,
142,Sur,,,,,UNMATCHED,none,NONE,OGD_Train_details_22122017,
BAHI,Balenahalli,,,,,UNMATCHED,none,NONE,OGD_Train_details_22122017,
THKU,Thalaku,,,,,UNMATCHED,none,NONE,OGD_Train_details_22122017,
BOMN,Bommagundana,,,,,UNMATCHED,none,NONE,OGD_Train_details_22122017,
RDG,Raya Drug,,,,,UNMATCHED,none,NONE,OGD_Train_details_22122017,
OBM,Oblapuram,,,,,UNMATCHED,none,NONE,OGD_Train_details_22122017,
KM,Kalem,,,,,UNMATCHED,none,NONE,OGD_Train_details_22122017,
CNR,Chandar,,,,,UNMATCHED,none,NONE,OGD_Train_details_22122017,
SJDA,Sanjuja-Da-A,,,,,UNMATCHED,none,NONE,OGD_Train_details_22122017,
SKVL,Sankaval,,,,,UNMATCHED,none,NONE,OGD_Train_details_22122017,
DBM,Dabolim H,,,,,UNMATCHED,none,NONE,OGD_Train_details_22122017,
CSM,Cansaulim,,,,,UNMATCHED,none,NONE,OGD_Train_details_22122017,
GUU,Gundratimadu,,,,,UNMATCHED,none,NONE,OGD_Train_details_22122017,
TAA,Tadlapusapal,,,,,UNMATCHED,none,NONE,OGD_Train_details_22122017,
INK,Intekanne,,,,,UNMATCHED,none,NONE,OGD_Train_details_22122017,
YGL,Yelgur,,,,,UNMATCHED,none,NONE,OGD_Train_details_22122017,
CLE,Cintalpalli,,,,,UNMATCHED,none,NONE,OGD_Train_details_22122017,
KZJF,Kazipet F Ca,,,,,UNMATCHED,none,NONE,OGD_Train_details_22122017,
KTK,Kyatanakeri,,,,,UNMATCHED,none,NONE,OGD_Train_details_22122017,
CHRG,Chorgi H,,,,,UNMATCHED,none,NONE,OGD_Train_details_22122017,
PDNR,Padnur H,,,,,UNMATCHED,none,NONE,OGD_Train_details_22122017,
SLGE,Sulerjavalge,,,,,UNMATCHED,none,NONE,OGD_Train_details_22122017,
AHD,Aherwadi H,,,,,UNMATCHED,none,NONE,OGD_Train_details_22122017,
TLT,Tilati,,,,,UNMATCHED,none,NONE,OGD_Train_details_22122017,
NGS,Nagansur,,,,,UNMATCHED,none,NONE,OGD_Train_details_22122017,
BOT,Boroti,,,,,UNMATCHED,none,NONE,OGD_Train_details_22122017,
KUI,Kulali,,,,,UNMATCHED,none,NONE,OGD_Train_details_22122017,
GDGN,Gaudgaon,,,,,UNMATCHED,none,NONE,OGD_Train_details_22122017,
HHD,Hunsihadgil,,,,,UNMATCHED,none,NONE,OGD_Train_details_22122017,
SVG,Sawalgi,,,,,UNMATCHED,none,NONE,OGD_Train_details_22122017,
BBD,Bablad,,,,,UNMATCHED,none,NONE,OGD_Train_details_22122017,
HQR,Hirenanduru,,,,,UNMATCHED,none,NONE,OGD_Train_details_22122017,
MR,Martur,,,,,UNMATCHED,none,NONE,OGD_Train_details_22122017,
SUH,Sulehalli,,,,,UNMATCHED,none,NONE,OGD_Train_details_22122017,
MVH,Mantatti,,,,,UNMATCHED,none,NONE,OGD_Train_details_22122017,
RMY,Rukmapur,,,,,UNMATCHED,none,NONE,OGD_Train_details_22122017,
DRR,Dharur,,,,,UNMATCHED,none,NONE,OGD_Train_details_22122017,
MWY,Mailaram,,,,,UNMATCHED,none,NONE,OGD_Train_details_22122017,
GDQ,Godamgura,,,,,UNMATCHED,none,NONE,OGD_Train_details_22122017,
CTF,Chitgidda,,,,,UNMATCHED,none,NONE,OGD_Train_details_22122017,
GGD,Gullaguda,,,,,UNMATCHED,none,NONE,OGD_Train_details_22122017,
RPK,Ravalpalli K,,,,,UNMATCHED,none,NONE,OGD_Train_details_22122017,
NPL,Nagalapalle,,,,,UNMATCHED,none,NONE,OGD_Train_details_22122017,
LGDH,Lalaguda Gat,,,,,UNMATCHED,none,NONE,OGD_Train_details_22122017,
DYE,Dayanandnaga,,,,,UNMATCHED,none,NONE,OGD_Train_details_22122017,
SFX,Safilguda Ha,,,,,UNMATCHED,none,NONE,OGD_Train_details_22122017,
RKO,Ramakista Pu,,,,,UNMATCHED,none,NONE,OGD_Train_details_22122017,
AMQ,Ammuguda Hal,,,,,UNMATCHED,none,NONE,OGD_Train_details_22122017,
CVB,Cavalry Barr,,,,,UNMATCHED,none,NONE,OGD_Train_details_22122017,
ALW,Alwal Halt,,,,,UNMATCHED,none,NONE,OGD_Train_details_22122017,
BOZ,Bolarum Baza,,,,,UNMATCHED,none,NONE,OGD_Train_details_22122017,
SPHL,Shampurhalli,,,,,UNMATCHED,none,NONE,OGD_Train_details_22122017,
TGDE,Thangundi,,,,,UNMATCHED,none,NONE,OGD_Train_details_22122017,
LGRE,Lingiri,,,,,UNMATCHED,none,NONE,OGD_Train_details_22122017,
CGTA,Chegunta,,,,,UNMATCHED,none,NONE,OGD_Train_details_22122017,
YDLP,Yadalapur,,,,,UNMATCHED,none,NONE,OGD_Train_details_22122017,
CK,Chiksugur,,,,,UNMATCHED,none,NONE,OGD_Train_details_22122017,
YS,Yermaras,,,,,UNMATCHED,none,NONE,OGD_Train_details_22122017,
MBD,Mustabada,,,,,UNMATCHED,none,NONE,OGD_Train_details_22122017,
GWM,Gannavaram,,,,,UNMATCHED,none,NONE,OGD_Train_details_22122017,
PAVP,Pedda Avutap,,,,,UNMATCHED,none,NONE,OGD_Train_details_22122017,
TOU,Telaprolu,,,,,UNMATCHED,none,NONE,OGD_Train_details_22122017,
VRVL,Vira Valli H,,,,,UNMATCHED,none,NONE,OGD_Train_details_22122017,
VAT,Vatlur,,,,,UNMATCHED,none,NONE,OGD_Train_details_22122017,
DEL,Denduluru,,,,,UNMATCHED,none,NONE,OGD_Train_details_22122017,
STPT,Sitampet Hal,,,,,UNMATCHED,none,NONE,OGD_Train_details_22122017,
PUA,Pulla,Pullampadi,10.9396803,78.9171105,Q63356188,MATCHED,fuzzy_name,MEDIUM,OGD_Train_details_22122017,OSM_chennai_thoothukudi_stations_raw.geojson
KKRM,Kaikoram,,,,,UNMATCHED,none,NONE,OGD_Train_details_22122017,
CEL,Chebrol,,,,,UNMATCHED,none,NONE,OGD_Train_details_22122017,
VGT,Unguturu,,,,,UNMATCHED,none,NONE,OGD_Train_details_22122017,
BPY,Badampudi,,,,,UNMATCHED,none,NONE,OGD_Train_details_22122017,
NBM,Navabpalem,,,,,UNMATCHED,none,NONE,OGD_Train_details_22122017,
MRPL,Maram Palli,,,,,UNMATCHED,none,NONE,OGD_Train_details_22122017,
BMGM,Brahmana Gud,,,,,UNMATCHED,none,NONE,OGD_Train_details_22122017,
CU,Chagallu,,,,,UNMATCHED,none,NONE,OGD_Train_details_22122017,
PSDA,Pasivedala H,,,,,UNMATCHED,none,NONE,OGD_Train_details_22122017,
KSVM,Kesavaram Ha,,,,,UNMATCHED,none,NONE,OGD_Train_details_22122017,
BBPM,Balabhadrapu,,,,,UNMATCHED,none,NONE,OGD_Train_details_22122017,
PBD,Pedda Brahma,,,,,UNMATCHED,none,NONE,OGD_Train_details_22122017,
GDPT,Gudaparti,,,,,UNMATCHED,none,NONE,OGD_Train_details_22122017,
DGDG,Durgada Gate,,,,,UNMATCHED,none,NONE,OGD_Train_details_22122017,
RVD,Ravikampadu,,,,,UNMATCHED,none,NONE,OGD_Train_details_22122017,
TMPM,Timmapuram H,,,,,UNMATCHED,none,NONE,OGD_Train_details_22122017,
HVM,Hamsavaram,,,,,UNMATCHED,none,NONE,OGD_Train_details_22122017,
GLU,Gullipadu,,,,,UNMATCHED,none,NONE,OGD_Train_details_22122017,
REG,Regupalem,,,,,UNMATCHED,none,NONE,OGD_Train_details_22122017,
BVM,Bayyavaram,,,,,UNMATCHED,none,NONE,OGD_Train_details_22122017,
KSK,Kasim Kota,,,,,UNMATCHED,none,NONE,OGD_Train_details_22122017,
THY,Thadi,,,,,UNMATCHED,none,NONE,OGD_Train_details_22122017,
MIPM,Marri Palem.,,,,,UNMATCHED,none,NONE,OGD_Train_details_22122017,
PCU,Putlacheruvu,,,,,UNMATCHED,none,NONE,OGD_Train_details_22122017,
UNDI,Undi,Thiruthuraipundi Junction,10.5385545,79.6347878,Q24943216,MATCHED,fuzzy_name,MEDIUM,OGD_Train_details_22122017,OSM_chennai_thoothukudi_stations_raw.geojson
VND,Vendra Halt,,,,,UNMATCHED,none,NONE,OGD_Train_details_22122017,
KLDI,Kaldhari,,,,,UNMATCHED,none,NONE,OGD_Train_details_22122017,
PPY,Papatapalli,,,,,UNMATCHED,none,NONE,OGD_Train_details_22122017,
MLMG,Mallemadugu,,,,,UNMATCHED,none,NONE,OGD_Train_details_22122017,
PNDP,Pandillapall,Pandi,10.4770734,79.6154266,Q105763915,MATCHED,fuzzy_name,MEDIUM,OGD_Train_details_22122017,OSM_chennai_thoothukudi_stations_raw.geojson
CKN,Chinta Kani,,,,,UNMATCHED,none,NONE,OGD_Train_details_22122017,
NVC,Nagalwancha,,,,,UNMATCHED,none,NONE,OGD_Train_details_22122017,
MTMI,Motumari Jn.,,,,,UNMATCHED,none,NONE,OGD_Train_details_22122017,
TNGM,Tondalagopav,,,,,UNMATCHED,none,NONE,OGD_Train_details_22122017,
GNN,Gangineni,,,,,UNMATCHED,none,NONE,OGD_Train_details_22122017,
CVV,Cheruvu Madh,,,,,UNMATCHED,none,NONE,OGD_Train_details_22122017,
NWBV,New West Blo,,,,,UNMATCHED,none,NONE,OGD_Train_details_22122017,
PEL,Polireddipal,,,,,UNMATCHED,none,NONE,OGD_Train_details_22122017,
DVR,Doravarichat,,,,,UNMATCHED,none,NONE,OGD_Train_details_22122017,
PYA,Pedapariya,,,,,UNMATCHED,none,NONE,OGD_Train_details_22122017,
ODUR,Odur,,,,,UNMATCHED,none,NONE,OGD_Train_details_22122017,
TMC,Talamanchi,,,,,UNMATCHED,none,NONE,OGD_Train_details_22122017,
KJJ,Kodavaluru,,,,,UNMATCHED,none,NONE,OGD_Train_details_22122017,
PGU,Padugupadu,,,,,UNMATCHED,none,NONE,OGD_Train_details_22122017,
NLS,Nellore Sout,,,,,UNMATCHED,none,NONE,OGD_Train_details_22122017,
VKT,Venkatachale,,,,,UNMATCHED,none,NONE,OGD_Train_details_22122017,
MBL,Manubolu,,,,,UNMATCHED,none,NONE,OGD_Train_details_22122017,
SVPM,Srivenkatesw,,,,,UNMATCHED,none,NONE,OGD_Train_details_22122017,
TTU,Tettu,,,,,UNMATCHED,none,NONE,OGD_Train_details_22122017,
UPD,Ulavapadu,,,,,UNMATCHED,none,NONE,OGD_Train_details_22122017,
SDM,Surareddipal,,,,,UNMATCHED,none,NONE,OGD_Train_details_22122017,
KRV,Karavadi,Avadi,13.1182744,80.1015427,Q4827409,MATCHED,fuzzy_name,MEDIUM,OGD_Train_details_22122017,OSM_chennai_thoothukudi_stations_raw.geojson
RPRL,Raparla Halt,,,,,UNMATCHED,none,NONE,OGD_Train_details_22122017,
UGD,Uppu Gunduru,,,,,UNMATCHED,none,NONE,OGD_Train_details_22122017,
KVDU,Kadavakuduru,,,,,UNMATCHED,none,NONE,OGD_Train_details_22122017,
KPLL,Kotta Pandil,Pandi,10.4770734,79.6154266,Q105763915,MATCHED,fuzzy_name,MEDIUM,OGD_Train_details_22122017,OSM_chennai_thoothukudi_stations_raw.geojson
JAQ,Jandrapeta H,,,,,UNMATCHED,none,NONE,OGD_Train_details_22122017,
IPPM,India Paper,,,,,UNMATCHED,none,NONE,OGD_Train_details_22122017,
SPF,Stuartpuram,,,,,UNMATCHED,none,NONE,OGD_Train_details_22122017,
APL,Appikatla,,,,,UNMATCHED,none,NONE,OGD_Train_details_22122017,
MCVM,Machavaram H,,,,,UNMATCHED,none,NONE,OGD_Train_details_22122017,
MDKU,Modukuru Hal,,,,,UNMATCHED,none,NONE,OGD_Train_details_22122017,
KLX,Kolakalur Ha,,,,,UNMATCHED,none,NONE,OGD_Train_details_22122017,
CLVR,Chiluvur,,,,,UNMATCHED,none,NONE,OGD_Train_details_22122017,
KAQ,Kolanukonda,,,,,UNMATCHED,none,NONE,OGD_Train_details_22122017,
YPD,Yerpedu,,,,,UNMATCHED,none,NONE,OGD_Train_details_22122017,
YLK,Yellakaru,,,,,UNMATCHED,none,NONE,OGD_Train_details_22122017,
NDZ,Nidigalu,,,,,UNMATCHED,none,NONE,OGD_Train_details_22122017,
KQA,Kondagunta,,,,,UNMATCHED,none,NONE,OGD_Train_details_22122017,
AXR,Allururoad,,,,,UNMATCHED,none,NONE,OGD_Train_details_22122017,
LKDU,Lankalakoder,,,,,UNMATCHED,none,NONE,OGD_Train_details_22122017,
SGKM,Srungavruksh,,,,,UNMATCHED,none,NONE,OGD_Train_details_22122017,
SCMN,Simhachalam,,,,,UNMATCHED,none,NONE,OGD_Train_details_22122017,
PDT,Pendurti,,,,,UNMATCHED,none,NONE,OGD_Train_details_22122017,
KPL,Kantakapalle,,,,,UNMATCHED,none,NONE,OGD_Train_details_22122017,
ALM,Alamanda,,,,,UNMATCHED,none,NONE,OGD_Train_details_22122017,
KUK,Koru Konda,,,,,UNMATCHED,none,NONE,OGD_Train_details_22122017,
GRBL,Garudabilli,,,,,UNMATCHED,none,NONE,OGD_Train_details_22122017,
KMX,Komatipalli,,,,,UNMATCHED,none,NONE,OGD_Train_details_22122017,
DNV,Donkinavalas,,,,,UNMATCHED,none,NONE,OGD_Train_details_22122017,
SNM,Sitanagaram,,,,,UNMATCHED,none,NONE,OGD_Train_details_22122017,
NSX,Narsipuram,,,,,UNMATCHED,none,NONE,OGD_Train_details_22122017,
GMDA,Gumada,,,,,UNMATCHED,none,NONE,OGD_Train_details_22122017,
KNRT,Kuneru,,,,,UNMATCHED,none,NONE,OGD_Train_details_22122017,
JMPT,Jimidipeta,,,,,UNMATCHED,none,NONE,OGD_Train_details_22122017,
TKBN,T.Sakibanda,,,,,UNMATCHED,none,NONE,OGD_Train_details_22122017,
JKO,Jakkalacheru,,,,,UNMATCHED,none,NONE,OGD_Train_details_22122017,
VML,Vemulapadu,,,,,UNMATCHED,none,NONE,OGD_Train_details_22122017,
JUR,Juturu,,,,,UNMATCHED,none,NONE,OGD_Train_details_22122017,
KMQA,Komali,,,,,UNMATCHED,none,NONE,OGD_Train_details_22122017,
CLPE,Challavaripa,,,,,UNMATCHED,none,NONE,OGD_Train_details_22122017,
VRN,Vanganur,,,,,UNMATCHED,none,NONE,OGD_Train_details_22122017,
RLL,Regadipalli,,,,,UNMATCHED,none,NONE,OGD_Train_details_22122017,
MUM,Mangapatnam,,,,,UNMATCHED,none,NONE,OGD_Train_details_22122017,
KMH,Kalamalla,,,,,UNMATCHED,none,NONE,OGD_Train_details_22122017,
YGD,Yerragudipad,,,,,UNMATCHED,none,NONE,OGD_Train_details_22122017,
GPY,Ganga Yapall,,,,,UNMATCHED,none,NONE,OGD_Train_details_22122017,
KPU,Krishnapuram,,,,,UNMATCHED,none,NONE,OGD_Train_details_22122017,
NSVP,Npa Sivaramp,,,,,UNMATCHED,none,NONE,OGD_Train_details_22122017,
KOTT,Kottur Halt,,,,,UNMATCHED,none,NONE,OGD_Train_details_22122017,
BRGL,Burgula Halt,,,,,UNMATCHED,none,NONE,OGD_Train_details_22122017,
BABR,Balanagar,,,,,UNMATCHED,none,NONE,OGD_Train_details_22122017,
RRGA,Rangareddigu,,,,,UNMATCHED,none,NONE,OGD_Train_details_22122017,
RJAP,Rajapur Halt,,,,,UNMATCHED,none,NONE,OGD_Train_details_22122017,
GLY,Gollapalli,,,,,UNMATCHED,none,NONE,OGD_Train_details_22122017,
DTP,Divitpalli H,,,,,UNMATCHED,none,NONE,OGD_Train_details_22122017,
YNG,Yenugonda Ha,,,,,UNMATCHED,none,NONE,OGD_Train_details_22122017,
MHBT,Mahbub Nagar,,,,,UNMATCHED,none,NONE,OGD_Train_details_22122017,
MQN,Manyam Konda,,,,,UNMATCHED,none,NONE,OGD_Train_details_22122017,
KTKA,Kotakadra Ha,,,,,UNMATCHED,none,NONE,OGD_Train_details_22122017,
DKC,Devarkadre,,,,,UNMATCHED,none,NONE,OGD_Train_details_22122017,
KQQ,Kaukuntla,,,,,UNMATCHED,none,NONE,OGD_Train_details_22122017,
KXI,Kurumurthi,,,,,UNMATCHED,none,NONE,OGD_Train_details_22122017,
KONN,Konnur Halt,,,,,UNMATCHED,none,NONE,OGD_Train_details_22122017,
AJK,Ajakollu Hal,,,,,UNMATCHED,none,NONE,OGD_Train_details_22122017,
ARPL,Arepalli Hal,,,,,UNMATCHED,none,NONE,OGD_Train_details_22122017,
PDO,Poodoor,,,,,UNMATCHED,none,NONE,OGD_Train_details_22122017,
PDNA,Peddadinne H,,,,,UNMATCHED,none,NONE,OGD_Train_details_22122017,
IKI,Itikyala,,,,,UNMATCHED,none,NONE,OGD_Train_details_22122017,
MOA,Manopad,,,,,UNMATCHED,none,NONE,OGD_Train_details_22122017,
ALPR,Alam Pur Roa,,,,,UNMATCHED,none,NONE,OGD_Train_details_22122017,
VDI,Veldurti,,,,,UNMATCHED,none,NONE,OGD_Train_details_22122017,
GDPL,Gundla Pocha,,,,,UNMATCHED,none,NONE,OGD_Train_details_22122017,
MDPD,Manda Padu,,,,,UNMATCHED,none,NONE,OGD_Train_details_22122017,
LIN,Lingam Guntl,,,,,UNMATCHED,none,NONE,OGD_Train_details_22122017,
GPDE,Gudipudi,,,,,UNMATCHED,none,NONE,OGD_Train_details_22122017,
REM,Reddi Gudem,,,,,UNMATCHED,none,NONE,OGD_Train_details_22122017,
BMKD,Bellam Konda,,,,,UNMATCHED,none,NONE,OGD_Train_details_22122017,
TMLU,Tummalacheru,,,,,UNMATCHED,none,NONE,OGD_Train_details_22122017,
GZA,Gurujala,,,,,UNMATCHED,none,NONE,OGD_Train_details_22122017,
RCA,Rentachin Ta,,,,,UNMATCHED,none,NONE,OGD_Train_details_22122017,
MCLA,Macherla,,,,,UNMATCHED,none,NONE,OGD_Train_details_22122017,
DKUR,Dokur,,,,,UNMATCHED,none,NONE,OGD_Train_details_22122017,
KOLA,Kotla,,,,,UNMATCHED,none,NONE,OGD_Train_details_22122017,
DUU,Dupadu,,,,,UNMATCHED,none,NONE,OGD_Train_details_22122017,
UKD,Ulindakonda,,,,,UNMATCHED,none,NONE,OGD_Train_details_22122017,
BVO,Bogolu,,,,,UNMATCHED,none,NONE,OGD_Train_details_22122017,
YADA,Satyavalli,,,,,UNMATCHED,none,NONE,OGD_Train_details_22122017,
RCG,Rachagunneri,,,,,UNMATCHED,none,NONE,OGD_Train_details_22122017,
SJL,Sangam Jagar,,,,,UNMATCHED,none,NONE,OGD_Train_details_22122017,
MDUN,Madhranagar,,,,,UNMATCHED,none,NONE,OGD_Train_details_22122017,
RMV,Ramavarappad,,,,,UNMATCHED,none,NONE,OGD_Train_details_22122017,
NDM,Nidamanuru,,,,,UNMATCHED,none,NONE,OGD_Train_details_22122017,
UPL,Uppalur,Palur,12.766346,79.9069065,Q87935381,MATCHED,fuzzy_name,MEDIUM,OGD_Train_details_22122017,OSM_chennai_thoothukudi_stations_raw.geojson
TNRU,Tenneru Halt,,,,,UNMATCHED,none,NONE,OGD_Train_details_22122017,
IDP,Indupalli,,,,,UNMATCHED,none,NONE,OGD_Train_details_22122017,
VPG,Ventrapragad,,,,,UNMATCHED,none,NONE,OGD_Train_details_22122017,
DPD,Dosapadu,,,,,UNMATCHED,none,NONE,OGD_Train_details_22122017,
OTR,Moturu,,,,,UNMATCHED,none,NONE,OGD_Train_details_22122017,
MVP,Mokhasa Kala,,,,,UNMATCHED,none,NONE,OGD_Train_details_22122017,
PLVA,Pallevada,,,,,UNMATCHED,none,NONE,OGD_Train_details_22122017,
MNPT,Mungilipattu,,,,,UNMATCHED,none,NONE,OGD_Train_details_22122017,
TCNR,Tiruchanur,,,,,UNMATCHED,none,NONE,OGD_Train_details_22122017,
DBV,Dabilpur Hal,,,,,UNMATCHED,none,NONE,OGD_Train_details_22122017,
KUCH,Kuchavaram H,,,,,UNMATCHED,none,NONE,OGD_Train_details_22122017,
MOB,Manoharabad,,,,,UNMATCHED,none,NONE,OGD_Train_details_22122017,
PAPM,Palatpotaram,,,,,UNMATCHED,none,NONE,OGD_Train_details_22122017,
BMPL,Brahmanpalli,,,,,UNMATCHED,none,NONE,OGD_Train_details_22122017,
ME,Masaipet,,,,,UNMATCHED,none,NONE,OGD_Train_details_22122017,
SHAN,Srinivasanag,,,,,UNMATCHED,none,NONE,OGD_Train_details_22122017,
SNKG,Sankara Gumm,,,,,UNMATCHED,none,NONE,OGD_Train_details_22122017,
SNPH,Shankapur Ha,,,,,UNMATCHED,none,NONE,OGD_Train_details_22122017,
BKU,Bhiknur,,,,,UNMATCHED,none,NONE,OGD_Train_details_22122017,
THPR,Tippapur Hal,,,,,UNMATCHED,none,NONE,OGD_Train_details_22122017,
UPW,Uppalavai,,,,,UNMATCHED,none,NONE,OGD_Train_details_22122017,
SCP,Sirnapalli,,,,,UNMATCHED,none,NONE,OGD_Train_details_22122017,
IDL,Indalvai,,,,,UNMATCHED,none,NONE,OGD_Train_details_22122017,
DHP,Dichpalli,,,,,UNMATCHED,none,NONE,OGD_Train_details_22122017,
YDP,Yedapalli  H,,,,,UNMATCHED,none,NONE,OGD_Train_details_22122017,
SKNR,Shakarnagar,,,,,UNMATCHED,none,NONE,OGD_Train_details_22122017,
BDHN,Bodhan,,,,,UNMATCHED,none,NONE,OGD_Train_details_22122017,
TMD,Talmadla,,,,,UNMATCHED,none,NONE,OGD_Train_details_22122017,
DCU,Damalacheruv,,,,,UNMATCHED,none,NONE,OGD_Train_details_22122017,
VLV,Vallivedu,,,,,UNMATCHED,none,NONE,OGD_Train_details_22122017,
MPT,Mangalampeta,,,,,UNMATCHED,none,NONE,OGD_Train_details_22122017,
PCL,Pulicherla,,,,,UNMATCHED,none,NONE,OGD_Train_details_22122017,
VLD,Vayalpadu,,,,,UNMATCHED,none,NONE,OGD_Train_details_22122017,
KBA,Kurbalakota,,,,,UNMATCHED,none,NONE,OGD_Train_details_22122017,
TAT,Tummanam Gut,,,,,UNMATCHED,none,NONE,OGD_Train_details_22122017,
BTM,Battulapuram,,,,,UNMATCHED,none,NONE,OGD_Train_details_22122017,
TKU,Tanakallu,,,,,UNMATCHED,none,NONE,OGD_Train_details_22122017,
NCE,Nlachrvuru E,,,,,UNMATCHED,none,NONE,OGD_Train_details_22122017,
NCU,Nallacheruvu,,,,,UNMATCHED,none,NONE,OGD_Train_details_22122017,
KCM,Kalasamudram,,,,,UNMATCHED,none,NONE,OGD_Train_details_22122017,
MVA,Malaka Vemal,,,,,UNMATCHED,none,NONE,OGD_Train_details_22122017,
RLX,Ramanujampal,,,,,UNMATCHED,none,NONE,OGD_Train_details_22122017,
CCI,Chinne Kunta,,,,,UNMATCHED,none,NONE,OGD_Train_details_22122017,
KDT,Khadarpett,,,,,UNMATCHED,none,NONE,OGD_Train_details_22122017,
VPL,Venkatam Pal,,,,,UNMATCHED,none,NONE,OGD_Train_details_22122017,
GPU,Gulapalayamu,,,,,UNMATCHED,none,NONE,OGD_Train_details_22122017,
HNMN,Hanuman Circ,,,,,UNMATCHED,none,NONE,OGD_Train_details_22122017,
SVW,Shivnishivap,,,,,UNMATCHED,none,NONE,OGD_Train_details_22122017,
BSQ,Barsi Takli,,,,,UNMATCHED,none,NONE,OGD_Train_details_22122017,
LHD,Lohogad,,,,,UNMATCHED,none,NONE,OGD_Train_details_22122017,
AMW,Amanvadi,,,,,UNMATCHED,none,NONE,OGD_Train_details_22122017,
JUK,Jaulka Halt,,,,,UNMATCHED,none,NONE,OGD_Train_details_22122017,
KXX,Kata Road,,,,,UNMATCHED,none,NONE,OGD_Train_details_22122017,
KKG,Kekatumar,,,,,UNMATCHED,none,NONE,OGD_Train_details_22122017,
PGG,Penganga,,,,,UNMATCHED,none,NONE,OGD_Train_details_22122017,
KNRG,Kanhargaon N,,,,,UNMATCHED,none,NONE,OGD_Train_details_22122017,
MLSU,Malsailu Hal,,,,,UNMATCHED,none,NONE,OGD_Train_details_22122017,
NVLN,Navalgoan,,,,,UNMATCHED,none,NONE,OGD_Train_details_22122017,
DNE,Dhamni Halt,,,,,UNMATCHED,none,NONE,OGD_Train_details_22122017,
KNJJ,Kannjara Hal,,,,,UNMATCHED,none,NONE,OGD_Train_details_22122017,
NDPR,Nandapur,,,,,UNMATCHED,none,NONE,OGD_Train_details_22122017,
BLC,Bolda,,,,,UNMATCHED,none,NONE,OGD_Train_details_22122017,
PNSD,Pangarshinde,,,,,UNMATCHED,none,NONE,OGD_Train_details_22122017,
SIF,Sirli,,,,,UNMATCHED,none,NONE,OGD_Train_details_22122017,
JUNX,Junona Halt,,,,,UNMATCHED,none,NONE,OGD_Train_details_22122017,
CWI,Chondi,,,,,UNMATCHED,none,NONE,OGD_Train_details_22122017,
PPLC,Pimpla Chaur,,,,,UNMATCHED,none,NONE,OGD_Train_details_22122017,
MRV,Marsul,,,,,UNMATCHED,none,NONE,OGD_Train_details_22122017,
SSPD,Sadashivapet,,,,,UNMATCHED,none,NONE,OGD_Train_details_22122017,
MRF,Marpalli,,,,,UNMATCHED,none,NONE,OGD_Train_details_22122017,
MTV,Matalkunta,,,,,UNMATCHED,none,NONE,OGD_Train_details_22122017,
CHTT,Chitta Halt,,,,,UNMATCHED,none,NONE,OGD_Train_details_22122017,
KHNP,Khanapur,,,,,UNMATCHED,none,NONE,OGD_Train_details_22122017,
HBU,Halbarga,,,,,UNMATCHED,none,NONE,OGD_Train_details_22122017,
KCP,Kalgupur,,,,,UNMATCHED,none,NONE,OGD_Train_details_22122017,
KTKR,Kumtha Khurd,,,,,UNMATCHED,none,NONE,OGD_Train_details_22122017,
HER,Her,,,,,UNMATCHED,none,NONE,OGD_Train_details_22122017,
AMBR,Ambika (Rohi,,,,,UNMATCHED,none,NONE,OGD_Train_details_22122017,
NGHW,Nageshwadi H,,,,,UNMATCHED,none,NONE,OGD_Train_details_22122017,
CKX,Chakur,,,,,UNMATCHED,none,NONE,OGD_Train_details_22122017,
JMBL,Jambhali  Ha,,,,,UNMATCHED,none,NONE,OGD_Train_details_22122017,
BMBE,Bimbari,,,,,UNMATCHED,none,NONE,OGD_Train_details_22122017,
TBU,Therban Halt,,,,,UNMATCHED,none,NONE,OGD_Train_details_22122017,
DVN,Devthana Hal,,,,,UNMATCHED,none,NONE,OGD_Train_details_22122017,
PRWA,Parwakhurd H,,,,,UNMATCHED,none,NONE,OGD_Train_details_22122017,
JLG,Julgaon(Decc,,,,,UNMATCHED,none,NONE,OGD_Train_details_22122017,
KDBR,Khadki Bazar,,,,,UNMATCHED,none,NONE,OGD_Train_details_22122017,
JXN,Jirona Halt,,,,,UNMATCHED,none,NONE,OGD_Train_details_22122017,
MHMB,Mahimba,,,,,UNMATCHED,none,NONE,OGD_Train_details_22122017,
DHNR,Dhanora (Dec,,,,,UNMATCHED,none,NONE,OGD_Train_details_22122017,
MDPJ,Madanapur Ha,,,,,UNMATCHED,none,NONE,OGD_Train_details_22122017,
ABX,Ambari,,,,,UNMATCHED,none,NONE,OGD_Train_details_22122017,
KSAE,Kosai,,,,,UNMATCHED,none,NONE,OGD_Train_details_22122017,
TLMG,Talamadugu H,,,,,UNMATCHED,none,NONE,OGD_Train_details_22122017,
UMM,Umram,,,,,UNMATCHED,none,NONE,OGD_Train_details_22122017,
MTDI,Maltekdi,,,,,UNMATCHED,none,NONE,OGD_Train_details_22122017,
WP,Wangapalli,,,,,UNMATCHED,none,NONE,OGD_Train_details_22122017,
GLE,Gajulaguden,,,,,UNMATCHED,none,NONE,OGD_Train_details_22122017,
PGP,Panduranga P,,,,,UNMATCHED,none,NONE,OGD_Train_details_22122017,
AWM,Aswapuram,,,,,UNMATCHED,none,NONE,OGD_Train_details_22122017,
MRC,Marichethal,,,,,UNMATCHED,none,NONE,OGD_Train_details_22122017,
EGU,Iranagalu,,,,,UNMATCHED,none,NONE,OGD_Train_details_22122017,
ESV,Isivi,,,,,UNMATCHED,none,NONE,OGD_Train_details_22122017,
ASP,Aspari,,,,,UNMATCHED,none,NONE,OGD_Train_details_22122017,
MGV,Molagavalli,,,,,UNMATCHED,none,NONE,OGD_Train_details_22122017,
NMLU,Nemakallu,,,,,UNMATCHED,none,NONE,OGD_Train_details_22122017,
NLA,Nancherla,,,,,UNMATCHED,none,NONE,OGD_Train_details_22122017,
VLG,Vali Gonda,,,,,UNMATCHED,none,NONE,OGD_Train_details_22122017,
SRMR,Srirampuram,,,,,UNMATCHED,none,NONE,OGD_Train_details_22122017,
TPPI,Thipparthi,,,,,UNMATCHED,none,NONE,OGD_Train_details_22122017,
PDGL,Pondugula,,,,,UNMATCHED,none,NONE,OGD_Train_details_22122017,
AKU,Angalakuduru,,,,,UNMATCHED,none,NONE,OGD_Train_details_22122017,
ZPI,Zampani Halt,,,,,UNMATCHED,none,NONE,OGD_Train_details_22122017,
PUMU,Penumarru Ha,,,,,UNMATCHED,none,NONE,OGD_Train_details_22122017,
NGRD,Nilgiri Road,,,,,UNMATCHED,none,NONE,OGD_Train_details_22122017,
KHF,Khantapara,,,,,UNMATCHED,none,NONE,OGD_Train_details_22122017,
PNPN,Panpana Ph,,,,,UNMATCHED,none,NONE,OGD_Train_details_22122017,
BNBR,Bahanaga Baz,,,,,UNMATCHED,none,NONE,OGD_Train_details_22122017,
SZZ,Sabira,,,,,UNMATCHED,none,NONE,OGD_Train_details_22122017,
RNTL,Ranital,,,,,UNMATCHED,none,NONE,OGD_Train_details_22122017,
BUDR,Baudpur,,,,,UNMATCHED,none,NONE,OGD_Train_details_22122017,
KPLD,Kapali Road,,,,,UNMATCHED,none,NONE,OGD_Train_details_22122017,
KED,Kenduapada,,,,,UNMATCHED,none,NONE,OGD_Train_details_22122017,
MZZ,Manjuri Road,,,,,UNMATCHED,none,NONE,OGD_Train_details_22122017,
DLPT,Dulakhapatna,,,,,UNMATCHED,none,NONE,OGD_Train_details_22122017,
BRMI,Brahmani,,,,,UNMATCHED,none,NONE,OGD_Train_details_22122017,
JEN,Jenapur,,,,,UNMATCHED,none,NONE,OGD_Train_details_22122017,
NGMP,New Garh Mad,,,,,UNMATCHED,none,NONE,OGD_Train_details_22122017,
HDS,Haridas Pur,,,,,UNMATCHED,none,NONE,OGD_Train_details_22122017,
BRTG,Barithen Gar,,,,,UNMATCHED,none,NONE,OGD_Train_details_22122017,
BYY,Byree,,,,,UNMATCHED,none,NONE,OGD_Train_details_22122017,
SJDR,Sri Jhadeshw,,,,,UNMATCHED,none,NONE,OGD_Train_details_22122017,
SQQ,Salagaon,,,,,UNMATCHED,none,NONE,OGD_Train_details_22122017,
CBT,Char Batia,,,,,UNMATCHED,none,NONE,OGD_Train_details_22122017,
BDPG,Bada Padagao,,,,,UNMATCHED,none,NONE,OGD_Train_details_22122017,
GJTA,Gurudijhatia,,,,,UNMATCHED,none,NONE,OGD_Train_details_22122017,
MZY,Machapur,,,,,UNMATCHED,none,NONE,OGD_Train_details_22122017,
RQP,Radha Kishor,,,,,UNMATCHED,none,NONE,OGD_Train_details_22122017,
GHNH,Ghantikal Ni,,,,,UNMATCHED,none,NONE,OGD_Train_details_22122017,
SPSR,Sarpeswar P.,,,,,UNMATCHED,none,NONE,OGD_Train_details_22122017,
LGTR,Lingaraj Tem,,,,,UNMATCHED,none,NONE,OGD_Train_details_22122017,
RTN,Retang,,,,,UNMATCHED,none,NONE,OGD_Train_details_22122017,
HPGM,Haripur Gram,,,,,UNMATCHED,none,NONE,OGD_Train_details_22122017,
MWQ,Motari Halt,,,,,UNMATCHED,none,NONE,OGD_Train_details_22122017,
JPRD,Jenapur Road,,,,,UNMATCHED,none,NONE,OGD_Train_details_22122017,
BRST,Birpurusotha,,,,,UNMATCHED,none,NONE,OGD_Train_details_22122017,
JKDP,Jankidaipur,,,,,UNMATCHED,none,NONE,OGD_Train_details_22122017,
MLT,Malatipatpur,,,,,UNMATCHED,none,NONE,OGD_Train_details_22122017,
SRJM,Sirjam,,,,,UNMATCHED,none,NONE,OGD_Train_details_22122017,
IBL,Indrabil,,,,,UNMATCHED,none,NONE,OGD_Train_details_22122017,
MYX,Metyal Sahar,,,,,UNMATCHED,none,NONE,OGD_Train_details_22122017,
GRB,Garh-Dhrubbe,,,,,UNMATCHED,none,NONE,OGD_Train_details_22122017,
BGA,Bagalia,,,,,UNMATCHED,none,NONE,OGD_Train_details_22122017,
KSU,Kustaur,,,,,UNMATCHED,none,NONE,OGD_Train_details_22122017,
CHRA,Chharra,,,,,UNMATCHED,none,NONE,OGD_Train_details_22122017,
TAO,Tamna,,,,,UNMATCHED,none,NONE,OGD_Train_details_22122017,
KTD,Kantadih,,,,,UNMATCHED,none,NONE,OGD_Train_details_22122017,
URMA,Urma,,,,,UNMATCHED,none,NONE,OGD_Train_details_22122017,
BRMD,Biramdih,,,,,UNMATCHED,none,NONE,OGD_Train_details_22122017,
NIM,Nimdih,,,,,UNMATCHED,none,NONE,OGD_Train_details_22122017,
MIK,Manikui,,,,,UNMATCHED,none,NONE,OGD_Train_details_22122017,
KZU,Kunki Bh,,,,,UNMATCHED,none,NONE,OGD_Train_details_22122017,
MMV,Mahali Marup,,,,,UNMATCHED,none,NONE,OGD_Train_details_22122017,
SNKR,Sanka,,,,,UNMATCHED,none,NONE,OGD_Train_details_22122017,
RUI,Rukni,,,,,UNMATCHED,none,NONE,OGD_Train_details_22122017,
SBW,Shewbabudih,,,,,UNMATCHED,none,NONE,OGD_Train_details_22122017,
TLE,Talgaria,,,,,UNMATCHED,none,NONE,OGD_Train_details_22122017,
JNN,Jamuniatanr,,,,,UNMATCHED,none,NONE,OGD_Train_details_22122017,
ANCR,Anchuri Ph,,,,,UNMATCHED,none,NONE,OGD_Train_details_22122017,
BERO,Bero,,,,,UNMATCHED,none,NONE,OGD_Train_details_22122017,
RKI,Ramkanali Jn,,,,,UNMATCHED,none,NONE,OGD_Train_details_22122017,
DMA,Damodar Jn.,,,,,UNMATCHED,none,NONE,OGD_Train_details_22122017,
BNB,Banstola P.H,,,,,UNMATCHED,none,NONE,OGD_Train_details_22122017,
KATB,Khatkura Ph,,,,,UNMATCHED,none,NONE,OGD_Train_details_22122017,
KNM,Kanimahuli P,,,,,UNMATCHED,none,NONE,OGD_Train_details_22122017,
KKPR,Kokpara,,,,,UNMATCHED,none,NONE,OGD_Train_details_22122017,
ASB,Asanboni,,,,,UNMATCHED,none,NONE,OGD_Train_details_22122017,
GVDP,Govindpur Ph,,,,,UNMATCHED,none,NONE,OGD_Train_details_22122017,
BIRP,Birarajpur,,,,,UNMATCHED,none,NONE,OGD_Train_details_22122017,
GDBR,Goonda (Biha,,,,,UNMATCHED,none,NONE,OGD_Train_details_22122017,
JHMR,Jhimri,,,,,UNMATCHED,none,NONE,OGD_Train_details_22122017,
HNSL,Hesalong  Fs,,,,,UNMATCHED,none,NONE,OGD_Train_details_22122017,
LTMD,Latemda,,,,,UNMATCHED,none,NONE,OGD_Train_details_22122017,
BKKI,Bakarkudi,,,,,UNMATCHED,none,NONE,OGD_Train_details_22122017,
ILO,Illoo,,,,,UNMATCHED,none,NONE,OGD_Train_details_22122017,
BLNG,Barlanga,,,,,UNMATCHED,none,NONE,OGD_Train_details_22122017,
SND,Sondimra,,,,,UNMATCHED,none,NONE,OGD_Train_details_22122017,
HRBR,Harubera,,,,,UNMATCHED,none,NONE,OGD_Train_details_22122017,
GRE,Gola Road,,,,,UNMATCHED,none,NONE,OGD_Train_details_22122017,
BRKP,Barkipona,,,,,UNMATCHED,none,NONE,OGD_Train_details_22122017,
MAEL,Mael,,,,,UNMATCHED,none,NONE,OGD_Train_details_22122017,
GTD,Gourinathdha,,,,,UNMATCHED,none,NONE,OGD_Train_details_22122017,
CAS,Chas Road Ph,,,,,UNMATCHED,none,NONE,OGD_Train_details_22122017,
BKDR,Begunkodar,,,,,UNMATCHED,none,NONE,OGD_Train_details_22122017,
SIPA,Singhpokhari,,,,,UNMATCHED,none,NONE,OGD_Train_details_22122017,
JNK,Jhinkpani,,,,,UNMATCHED,none,NONE,OGD_Train_details_22122017,
TABU,Talaburu,,,,,UNMATCHED,none,NONE,OGD_Train_details_22122017,
MLKA,Maluka,,,,,UNMATCHED,none,NONE,OGD_Train_details_22122017,
PDPH,Padapahar,,,,,UNMATCHED,none,NONE,OGD_Train_details_22122017,
BRBS,Birbans,,,,,UNMATCHED,none,NONE,OGD_Train_details_22122017,
GUA,Gua,,,,,UNMATCHED,none,NONE,OGD_Train_details_22122017,
LPH,Lotapahar,,,,,UNMATCHED,none,NONE,OGD_Train_details_22122017,
TUX,Tunia,,,,,UNMATCHED,none,NONE,OGD_Train_details_22122017,
MXW,Mahadevasal,,,,,UNMATCHED,none,NONE,OGD_Train_details_22122017,
DRWN,Derowan Ph,,,,,UNMATCHED,none,NONE,OGD_Train_details_22122017,
PST,Posoita,,,,,UNMATCHED,none,NONE,OGD_Train_details_22122017,
BUL,Bhalulata,,,,,UNMATCHED,none,NONE,OGD_Train_details_22122017,
KCAB,K-Cabin Bndm,,,,,UNMATCHED,none,NONE,OGD_Train_details_22122017,
SXN,Sonakhan,,,,,UNMATCHED,none,NONE,OGD_Train_details_22122017,
SOGR,Sogora,,,,,UNMATCHED,none,NONE,OGD_Train_details_22122017,
TGM,Tangarmunda,,,,,UNMATCHED,none,NONE,OGD_Train_details_22122017,
DIH,Dharuadihi,,,,,UNMATCHED,none,NONE,OGD_Train_details_22122017,
PNPL,Panpali  Ph,,,,,UNMATCHED,none,NONE,OGD_Train_details_22122017,
DTV,Dhutra,,,,,UNMATCHED,none,NONE,OGD_Train_details_22122017,
IB,Ib,,,,,UNMATCHED,none,NONE,OGD_Train_details_22122017,
HGR,Himgir,,,,,UNMATCHED,none,NONE,OGD_Train_details_22122017,
DAO,Daghora,,,,,UNMATCHED,none,NONE,OGD_Train_details_22122017,
JMG,Jamga,,,,,UNMATCHED,none,NONE,OGD_Train_details_22122017,
KRL,Kotarlia,,,,,UNMATCHED,none,NONE,OGD_Train_details_22122017,
KDTR,Kirodimalnag,,,,,UNMATCHED,none,NONE,OGD_Train_details_22122017,
BEF,Bhupadeopur,,,,,UNMATCHED,none,NONE,OGD_Train_details_22122017,
ROB,Robertson,,,,,UNMATCHED,none,NONE,OGD_Train_details_22122017,
JDI,Jharradih,,,,,UNMATCHED,none,NONE,OGD_Train_details_22122017,
JDDA,Jetha Halt,,,,,UNMATCHED,none,NONE,OGD_Train_details_22122017,
SGRD,Saragaon Roa,,,,,UNMATCHED,none,NONE,OGD_Train_details_22122017,
GTW,Gatora,,,,,UNMATCHED,none,NONE,OGD_Train_details_22122017,
CHBT,Chakarbhatha,,,,,UNMATCHED,none,NONE,OGD_Train_details_22122017,
NPI,Nipania,,,,,UNMATCHED,none,NONE,OGD_Train_details_22122017,
BKTH,Baikunth,,,,,UNMATCHED,none,NONE,OGD_Train_details_22122017,
MDH,Mandhar,,,,,UNMATCHED,none,NONE,OGD_Train_details_22122017,
WRC,Wrs Colony,,,,,UNMATCHED,none,NONE,OGD_Train_details_22122017,
KMI,Kumhari,,,,,UNMATCHED,none,NONE,OGD_Train_details_22122017,
GJ,Gangajhari,,,,,UNMATCHED,none,NONE,OGD_Train_details_22122017,
KWN,Kachewani,,,,,UNMATCHED,none,NONE,OGD_Train_details_22122017,
MNU,Mundikota,,,,,UNMATCHED,none,NONE,OGD_Train_details_22122017,
KHAT,Khat,,,,,UNMATCHED,none,NONE,OGD_Train_details_22122017,
RRL,Rewral,,,,,UNMATCHED,none,NONE,OGD_Train_details_22122017,
TAR,Tharsa,,,,,UNMATCHED,none,NONE,OGD_Train_details_22122017,
CHCR,Chacher,,,,,UNMATCHED,none,NONE,OGD_Train_details_22122017,
KNHN,Kanhan Jn.,,,,,UNMATCHED,none,NONE,OGD_Train_details_22122017,
KAV,Kalumna,,,,,UNMATCHED,none,NONE,OGD_Train_details_22122017,
DGS,Dagori,,,,,UNMATCHED,none,NONE,OGD_Train_details_22122017,
DPH,Dadhapara,,,,,UNMATCHED,none,NONE,OGD_Train_details_22122017,
SRWN,Saraswati Na,,,,,UNMATCHED,none,NONE,OGD_Train_details_22122017,
SZB,Sarona,,,,,UNMATCHED,none,NONE,OGD_Train_details_22122017,
CCAB,Bmy C Cabin,,,,,UNMATCHED,none,NONE,OGD_Train_details_22122017,
GCAB,Bmy G Cabin,,,,,UNMATCHED,none,NONE,OGD_Train_details_22122017,
DCAB,Bmy D Cabin,,,,,UNMATCHED,none,NONE,OGD_Train_details_22122017,
JSGR,Jharsuguda R,,,,,UNMATCHED,none,NONE,OGD_Train_details_22122017,
BXQ,Brundamal,,,,,UNMATCHED,none,NONE,OGD_Train_details_22122017,
LPG,Lapanga,,,,,UNMATCHED,none,NONE,OGD_Train_details_22122017,
SLRA,Sarla,,,,,UNMATCHED,none,NONE,OGD_Train_details_22122017,
MANE,Maneswar,,,,,UNMATCHED,none,NONE,OGD_Train_details_22122017,
HATB,Hatibari,,,,,UNMATCHED,none,NONE,OGD_Train_details_22122017,
CHAR,Charmal,,,,,UNMATCHED,none,NONE,OGD_Train_details_22122017,
SRGP,Sargipali,,,,,UNMATCHED,none,NONE,OGD_Train_details_22122017,
HNPA,Handapa,,,,,UNMATCHED,none,NONE,OGD_Train_details_22122017,
KPJG,Kerejanga,,,,,UNMATCHED,none,NONE,OGD_Train_details_22122017,
BDPK,Burha Panka,,,,,UNMATCHED,none,NONE,OGD_Train_details_22122017,
NBT,Naya Bhagira,,,,,UNMATCHED,none,NONE,OGD_Train_details_22122017,
HND,Hindol Road,,,,,UNMATCHED,none,NONE,OGD_Train_details_22122017,
MHDB,Mahadia Ph,,,,,UNMATCHED,none,NONE,OGD_Train_details_22122017,
SSPR,Sadashibapur,,,,,UNMATCHED,none,NONE,OGD_Train_details_22122017,
DNDL,Dandi Mal,,,,,UNMATCHED,none,NONE,OGD_Train_details_22122017,
SCPR,Shyama Chara,,,,,UNMATCHED,none,NONE,OGD_Train_details_22122017,
JRZ,Joranda Road,,,,,UNMATCHED,none,NONE,OGD_Train_details_22122017,
RJGR,Rajathgarh J,,,,,UNMATCHED,none,NONE,OGD_Train_details_22122017,
MACR,Manguli Chow,,,,,UNMATCHED,none,NONE,OGD_Train_details_22122017,
KTJI,Katha Jori,,,,,UNMATCHED,none,NONE,OGD_Train_details_22122017,
GBK,Gopalpur Bal,,,,,UNMATCHED,none,NONE,OGD_Train_details_22122017,
PTAB,Patia Halt,,,,,UNMATCHED,none,NONE,OGD_Train_details_22122017,
BNBH,Bani Bihar,,,,,UNMATCHED,none,NONE,OGD_Train_details_22122017,
BRMP,Birmitrapur,,,,,UNMATCHED,none,NONE,OGD_Train_details_22122017,
KRMD,Kuarmunda,,,,,UNMATCHED,none,NONE,OGD_Train_details_22122017,
DMF,Dumetra,,,,,UNMATCHED,none,NONE,OGD_Train_details_22122017,
LTK,Lathikata,,,,,UNMATCHED,none,NONE,OGD_Train_details_22122017,
CJQ,Champajharan,,,,,UNMATCHED,none,NONE,OGD_Train_details_22122017,
CPE,Chandiposhi,,,,,UNMATCHED,none,NONE,OGD_Train_details_22122017,
PSJ,Patasahi,,,,,UNMATCHED,none,NONE,OGD_Train_details_22122017,
BUF,Bimalgarh Jn,,,,,UNMATCHED,none,NONE,OGD_Train_details_22122017,
BXF,Barsuan,,,,,UNMATCHED,none,NONE,OGD_Train_details_22122017,
BLRG,Balasiring,,,,,UNMATCHED,none,NONE,OGD_Train_details_22122017,
LOM,Lodhma,,,,,UNMATCHED,none,NONE,OGD_Train_details_22122017,
KRRA,Karra,,,,,UNMATCHED,none,NONE,OGD_Train_details_22122017,
BKPR,Bakaspur,,,,,UNMATCHED,none,NONE,OGD_Train_details_22122017,
PKC,Pakra,,,,,UNMATCHED,none,NONE,OGD_Train_details_22122017,
KRKR,Kurkura,,,,,UNMATCHED,none,NONE,OGD_Train_details_22122017,
MCZ,Mahabuang,,,,,UNMATCHED,none,NONE,OGD_Train_details_22122017,
KNRN,Kanaroan,,,,,UNMATCHED,none,NONE,OGD_Train_details_22122017,
TATI,Tati,Ramapuram Railway Station,13.098106,79.1794325,Q63369910,MATCHED,fuzzy_name,MEDIUM,OGD_Train_details_22122017,OSM_chennai_thoothukudi_stations_raw.geojson
PBB,Parbatonia,,,,,UNMATCHED,none,NONE,OGD_Train_details_22122017,
BGKA,Bangurkela,,,,,UNMATCHED,none,NONE,OGD_Train_details_22122017,
LNKC,Link C-Cabin,,,,,UNMATCHED,none,NONE,OGD_Train_details_22122017,
BKTW,Baikunth Wes,,,,,UNMATCHED,none,NONE,OGD_Train_details_22122017,
KOKA,Koka,,,,,UNMATCHED,none,NONE,OGD_Train_details_22122017,
CABN,Bmy A Cabin,,,,,UNMATCHED,none,NONE,OGD_Train_details_22122017,
RVH,Raipur R-V B,,,,,UNMATCHED,none,NONE,OGD_Train_details_22122017,
MNDH,Mandir Hasau,,,,,UNMATCHED,none,NONE,OGD_Train_details_22122017,
LAE,Lakholi,,,,,UNMATCHED,none,NONE,OGD_Train_details_22122017,
ANMD,Arangmahanad,,,,,UNMATCHED,none,NONE,OGD_Train_details_22122017,
BLSN,Belsonda,,,,,UNMATCHED,none,NONE,OGD_Train_details_22122017,
ARN,Arand,Marandahalli,12.3892972,78.0173547,Q63358138,MATCHED,fuzzy_name,MEDIUM,OGD_Train_details_22122017,OSM_chennai_thoothukudi_stations_raw.geojson
BMKJ,Bhimkhoj,,,,,UNMATCHED,none,NONE,OGD_Train_details_22122017,
KMK,Komakhan,,,,,UNMATCHED,none,NONE,OGD_Train_details_22122017,
LKNA,Lakhna,,,,,UNMATCHED,none,NONE,OGD_Train_details_22122017,
TRKR,Turekala Roa,,,,,UNMATCHED,none,NONE,OGD_Train_details_22122017,
RNBT,Rahen Bata,,,,,UNMATCHED,none,NONE,OGD_Train_details_22122017,
KDLR,Kandel Road,,,,,UNMATCHED,none,NONE,OGD_Train_details_22122017,
SFK,Sikir,,,,,UNMATCHED,none,NONE,OGD_Train_details_22122017,
DFR,Deogan Road,,,,,UNMATCHED,none,NONE,OGD_Train_details_22122017,
BNRD,Balangir Roa,,,,,UNMATCHED,none,NONE,OGD_Train_details_22122017,
KHPL,Khaliapali,,,,,UNMATCHED,none,NONE,OGD_Train_details_22122017,
GBQ,Godbhaga,,,,,UNMATCHED,none,NONE,OGD_Train_details_22122017,
DKLU,Dolkallu,,,,,UNMATCHED,none,NONE,OGD_Train_details_22122017,
MTND,Mattagajpur,,,,,UNMATCHED,none,NONE,OGD_Train_details_22122017,
BDKT,Badakhandita,,,,,UNMATCHED,none,NONE,OGD_Train_details_22122017,
BNHR,Banbihari -,,,,,UNMATCHED,none,NONE,OGD_Train_details_22122017,
JSRD,Jhankad Sara,,,,,UNMATCHED,none,NONE,OGD_Train_details_22122017,
NIN,Nimkana,,,,,UNMATCHED,none,NONE,OGD_Train_details_22122017,
GNJB,Gopinathjew,,,,,UNMATCHED,none,NONE,OGD_Train_details_22122017,
BGDI,Bagadia  Ph,,,,,UNMATCHED,none,NONE,OGD_Train_details_22122017,
ARGL,Argul,,,,,UNMATCHED,none,NONE,OGD_Train_details_22122017,
KPXR,Kaipadar Roa,,,,,UNMATCHED,none,NONE,OGD_Train_details_22122017,
DLMH,Dhaulimuhan,,,,,UNMATCHED,none,NONE,OGD_Train_details_22122017,
TAP,Tapang,,,,,UNMATCHED,none,NONE,OGD_Train_details_22122017,
GLBA,Golabai,,,,,UNMATCHED,none,NONE,OGD_Train_details_22122017,
MKTP,Muketashwar,,,,,UNMATCHED,none,NONE,OGD_Train_details_22122017,
SLZ,Solari,,,,,UNMATCHED,none,NONE,OGD_Train_details_22122017,
KLJI,Kalijai,,,,,UNMATCHED,none,NONE,OGD_Train_details_22122017,
HMA,Humma,,,,,UNMATCHED,none,NONE,OGD_Train_details_22122017,
CAPC,Chartrapur C,,,,,UNMATCHED,none,NONE,OGD_Train_details_22122017,
JNP,Jagan Nathap,,,,,UNMATCHED,none,NONE,OGD_Train_details_22122017,
NEYT,National The,,,,,UNMATCHED,none,NONE,OGD_Train_details_22122017,
GTA,Golanthra,,,,,UNMATCHED,none,NONE,OGD_Train_details_22122017,
SLRD,Surla Road,,,,,UNMATCHED,none,NONE,OGD_Train_details_22122017,
JPI,Jhadupudi,,,,,UNMATCHED,none,NONE,OGD_Train_details_22122017,
BAV,Baruva,,,,,UNMATCHED,none,NONE,OGD_Train_details_22122017,
SUDV,Summa Devi,,,,,UNMATCHED,none,NONE,OGD_Train_details_22122017,
RMZ,Routhpuram H,,,,,UNMATCHED,none,NONE,OGD_Train_details_22122017,
TEK,Tekkali,,,,,UNMATCHED,none,NONE,OGD_Train_details_22122017,
PDSN,Peddasana,,,,,UNMATCHED,none,NONE,OGD_Train_details_22122017,
TMB,Temburu,,,,,UNMATCHED,none,NONE,OGD_Train_details_22122017,
GVA,Ganguwada,,,,,UNMATCHED,none,NONE,OGD_Train_details_22122017,
PHM,Patapatnam,,,,,UNMATCHED,none,NONE,OGD_Train_details_22122017,
PLH,Parlakimidi,,,,,UNMATCHED,none,NONE,OGD_Train_details_22122017,
SPRM,Sitapuram Ph,,,,,UNMATCHED,none,NONE,OGD_Train_details_22122017,
HBF,Hadobhangi P,,,,,UNMATCHED,none,NONE,OGD_Train_details_22122017,
KNGR,Kashinagar P,,,,,UNMATCHED,none,NONE,OGD_Train_details_22122017,
LRI,Lihuri Ph,,,,,UNMATCHED,none,NONE,OGD_Train_details_22122017,
BSDR,Bansadhara P,,,,,UNMATCHED,none,NONE,OGD_Train_details_22122017,
PLSG,Palasingi,,,,,UNMATCHED,none,NONE,OGD_Train_details_22122017,
KURT,Khurda Town,,,,,UNMATCHED,none,NONE,OGD_Train_details_22122017,
BYZA,Begunia,,,,,UNMATCHED,none,NONE,OGD_Train_details_22122017,
RSKA,Rajsunakhala,,,,,UNMATCHED,none,NONE,OGD_Train_details_22122017,
BORT,Bolagarh Tow,,,,,UNMATCHED,none,NONE,OGD_Train_details_22122017,
BORD,Bolagarh Roa,,,,,UNMATCHED,none,NONE,OGD_Train_details_22122017,
NYGT,Nayagarhtown,,,,,UNMATCHED,none,NONE,OGD_Train_details_22122017,
MVW,Mallividu,,,,,UNMATCHED,none,NONE,OGD_Train_details_22122017,
LVK,Lakkavarapuk,,,,,UNMATCHED,none,NONE,OGD_Train_details_22122017,
SUP,Srungavarapu,,,,,UNMATCHED,none,NONE,OGD_Train_details_22122017,
BDVR,Boddavara,,,,,UNMATCHED,none,NONE,OGD_Train_details_22122017,
SLPM,Shivalingapu,,,,,UNMATCHED,none,NONE,OGD_Train_details_22122017,
TXD,Tyada,,,,,UNMATCHED,none,NONE,OGD_Train_details_22122017,
CMDP,Chimidipalli,,,,,UNMATCHED,none,NONE,OGD_Train_details_22122017,
BGHU,Borraguhalu,,,,,UNMATCHED,none,NONE,OGD_Train_details_22122017,
KVLS,Karakavalasa,,,,,UNMATCHED,none,NONE,OGD_Train_details_22122017,
SMLG,Shimili Guda,,,,,UNMATCHED,none,NONE,OGD_Train_details_22122017,
GPJ,Gorapur,,,,,UNMATCHED,none,NONE,OGD_Train_details_22122017,
DPC,Darliput,,,,,UNMATCHED,none,NONE,OGD_Train_details_22122017,
PFU,Padua,,,,,UNMATCHED,none,NONE,OGD_Train_details_22122017,
BHJA,Bheja,,,,,UNMATCHED,none,NONE,OGD_Train_details_22122017,
MKRD,Machhakunda,,,,,UNMATCHED,none,NONE,OGD_Train_details_22122017,
PBV,Paliba,,,,,UNMATCHED,none,NONE,OGD_Train_details_22122017,
SUKU,Suku,,,,,UNMATCHED,none,NONE,OGD_Train_details_22122017,
MVF,Manabar,,,,,UNMATCHED,none,NONE,OGD_Train_details_22122017,
JRT,Jarati,,,,,UNMATCHED,none,NONE,OGD_Train_details_22122017,
MVG,Maligura,,,,,UNMATCHED,none,NONE,OGD_Train_details_22122017,
CTS,Chhatariput,,,,,UNMATCHED,none,NONE,OGD_Train_details_22122017,
DIR,Dhanapur-Ori,,,,,UNMATCHED,none,NONE,OGD_Train_details_22122017,
KDPA,Khadapa,,,,,UNMATCHED,none,NONE,OGD_Train_details_22122017,
AGB,Ambagaon,,,,,UNMATCHED,none,NONE,OGD_Train_details_22122017,
AGZ,Amagura,,,,,UNMATCHED,none,NONE,OGD_Train_details_22122017,
NKX,Nakati Semra,,,,,UNMATCHED,none,NONE,OGD_Train_details_22122017,
KMEZ,Kumar Marang,,,,,UNMATCHED,none,NONE,OGD_Train_details_22122017,
TPQ,Tokopal,,,,,UNMATCHED,none,NONE,OGD_Train_details_22122017,
BDXX,Badearapur,,,,,UNMATCHED,none,NONE,OGD_Train_details_22122017,
SZY,Silak Jhori,,,,,UNMATCHED,none,NONE,OGD_Train_details_22122017,
KMSD,Kumar Sodra,,,,,UNMATCHED,none,NONE,OGD_Train_details_22122017,
KWGN,Kawargaon,,,,,UNMATCHED,none,NONE,OGD_Train_details_22122017,
DBF,Dabpal,,,,,UNMATCHED,none,NONE,OGD_Train_details_22122017,
GIZ,Gidam,,,,,UNMATCHED,none,NONE,OGD_Train_details_22122017,
KMLR,Kamalur,,,,,UNMATCHED,none,NONE,OGD_Train_details_22122017,
BHNS,Bhansi,,,,,UNMATCHED,none,NONE,OGD_Train_details_22122017,
LDX,Ladda,,,,,UNMATCHED,none,NONE,OGD_Train_details_22122017,
GTLM,Gotlam,,,,,UNMATCHED,none,NONE,OGD_Train_details_22122017,
ULM,Urlam,,,,,UNMATCHED,none,NONE,OGD_Train_details_22122017,
DGB,Dandu Gopala,,,,,UNMATCHED,none,NONE,OGD_Train_details_22122017,
HCM,Harischandra,,,,,UNMATCHED,none,NONE,OGD_Train_details_22122017,
BTVA,Batuva. P.H.,,,,,UNMATCHED,none,NONE,OGD_Train_details_22122017,
NML,Nellimarla,,,,,UNMATCHED,none,NONE,OGD_Train_details_22122017,
BCB,Bhowra Bh,,,,,UNMATCHED,none,NONE,OGD_Train_details_22122017,
JBO,Jamadoba Ph,,,,,UNMATCHED,none,NONE,OGD_Train_details_22122017,
KRKN,Karkend Ph,,,,,UNMATCHED,none,NONE,OGD_Train_details_22122017,
LYD,Layabad,,,,,UNMATCHED,none,NONE,OGD_Train_details_22122017,
TSAH,Tatasigua,,,,,UNMATCHED,none,NONE,OGD_Train_details_22122017,
MLQ,Malkera Jn,,,,,UNMATCHED,none,NONE,OGD_Train_details_22122017,
KHRI,Kharkhari,,,,,UNMATCHED,none,NONE,OGD_Train_details_22122017,
KARO,Khario Ph,,,,,UNMATCHED,none,NONE,OGD_Train_details_22122017,
AOR,Argora  Ph,,,,,UNMATCHED,none,NONE,OGD_Train_details_22122017,
PIS,Piska Fs,,,,,UNMATCHED,none,NONE,OGD_Train_details_22122017,
ITKY,Itky Ph,,,,,UNMATCHED,none,NONE,OGD_Train_details_22122017,
TGB,Tangrabasuli,,,,,UNMATCHED,none,NONE,OGD_Train_details_22122017,
NRKP,Narkopi Fs,,,,,UNMATCHED,none,NONE,OGD_Train_details_22122017,
NJA,Nagjua Fs,,,,,UNMATCHED,none,NONE,OGD_Train_details_22122017,
AKZ,Akashi  Ph,,,,,UNMATCHED,none,NONE,OGD_Train_details_22122017,
IRN,Irgaon P.H.,,,,,UNMATCHED,none,NONE,OGD_Train_details_22122017,
LAD,Lohardaga  B,,,,,UNMATCHED,none,NONE,OGD_Train_details_22122017,
BICI,Barkichanpi,,,,,UNMATCHED,none,NONE,OGD_Train_details_22122017,
KDRI,Kendri,,,,,UNMATCHED,none,NONE,OGD_Train_details_22122017,
AVP,Abhanpur Jn.,,,,,UNMATCHED,none,NONE,OGD_Train_details_22122017,
CATD,Chataud,,,,,UNMATCHED,none,NONE,OGD_Train_details_22122017,
SIY,Sirri,,,,,UNMATCHED,none,NONE,OGD_Train_details_22122017,
KRX,Kurud,,,,,UNMATCHED,none,NONE,OGD_Train_details_22122017,
SPY,Sarsonpuri,,,,,UNMATCHED,none,NONE,OGD_Train_details_22122017,
SNKX,Sankra   Hal,,,,,UNMATCHED,none,NONE,OGD_Train_details_22122017,
DTR,Dhamtari,,,,,UNMATCHED,none,NONE,OGD_Train_details_22122017,
MCF,Manik Chauri,,,,,UNMATCHED,none,NONE,OGD_Train_details_22122017,
RIM,Rajim,,,,,UNMATCHED,none,NONE,OGD_Train_details_22122017,
KEZ,Kelzhar,,,,,UNMATCHED,none,NONE,OGD_Train_details_22122017,
TWI,Totewahi Hal,,,,,UNMATCHED,none,NONE,OGD_Train_details_22122017,
ROL,Rajoli,,,,,UNMATCHED,none,NONE,OGD_Train_details_22122017,
SYE,Sindewahi,,,,,UNMATCHED,none,NONE,OGD_Train_details_22122017,
AWH,Alewahi,,,,,UNMATCHED,none,NONE,OGD_Train_details_22122017,
TUD,Talodi,,,,,UNMATCHED,none,NONE,OGD_Train_details_22122017,
MWG,Mindala,,,,,UNMATCHED,none,NONE,OGD_Train_details_22122017,
KMMD,Kirmiti Mend,,,,,UNMATCHED,none,NONE,OGD_Train_details_22122017,
BMP,Bramhpuri,,,,,UNMATCHED,none,NONE,OGD_Train_details_22122017,
CCBG,Chicholibuzu,,,,,UNMATCHED,none,NONE,OGD_Train_details_22122017,
ARNG,Arun Nagar H,,,,,UNMATCHED,none,NONE,OGD_Train_details_22122017,
WDG,Wadegaon,,,,,UNMATCHED,none,NONE,OGD_Train_details_22122017,
BFF,Barabhati,,,,,UNMATCHED,none,NONE,OGD_Train_details_22122017,
DEW,Dewalgaon,,,,,UNMATCHED,none,NONE,OGD_Train_details_22122017,
GMI,Gond Umri,,,,,UNMATCHED,none,NONE,OGD_Train_details_22122017,
KSIH,Khodseoni,,,,,UNMATCHED,none,NONE,OGD_Train_details_22122017,
GNL,Gongali,,,,,UNMATCHED,none,NONE,OGD_Train_details_22122017,
PQH,Pindkepar Ha,,,,,UNMATCHED,none,NONE,OGD_Train_details_22122017,
HDM,Hirdamali,,,,,UNMATCHED,none,NONE,OGD_Train_details_22122017,
GKT,Gankhera Hal,,,,,UNMATCHED,none,NONE,OGD_Train_details_22122017,
RTK,Ramtek,,,,,UNMATCHED,none,NONE,OGD_Train_details_22122017,
AMDI,Amdi,,,,,UNMATCHED,none,NONE,OGD_Train_details_22122017,
DKU,Dumrikhurd,,,,,UNMATCHED,none,NONE,OGD_Train_details_22122017,
TMS,Tumsar Town,,,,,UNMATCHED,none,NONE,OGD_Train_details_22122017,
MTWN,Mitewani Ph,,,,,UNMATCHED,none,NONE,OGD_Train_details_22122017,
CCO,Chicholi,,,,,UNMATCHED,none,NONE,OGD_Train_details_22122017,
GBRI,Goberwahi,,,,,UNMATCHED,none,NONE,OGD_Train_details_22122017,
DGBZ,Dongribuzurg,,,,,UNMATCHED,none,NONE,OGD_Train_details_22122017,
MKZ,Mahkepar Roa,,,,,UNMATCHED,none,NONE,OGD_Train_details_22122017,
SKLI,Sukli,,,,,UNMATCHED,none,NONE,OGD_Train_details_22122017,
TRDI,Tirodi,,,,,UNMATCHED,none,NONE,OGD_Train_details_22122017,
ITRN,Itwari Jn.,,,,,UNMATCHED,none,NONE,OGD_Train_details_22122017,
BNWD,Bhandewadi H,,,,,UNMATCHED,none,NONE,OGD_Train_details_22122017,
DGY,Dighori Buzu,,,,,UNMATCHED,none,NONE,OGD_Train_details_22122017,
KEMP,Kempalsad Ha,,,,,UNMATCHED,none,NONE,OGD_Train_details_22122017,
TOR,Titur,,,,,UNMATCHED,none,NONE,OGD_Train_details_22122017,
MZB,Mahuli Halt,,,,,UNMATCHED,none,NONE,OGD_Train_details_22122017,
KUHI,Kuhi,,,,,UNMATCHED,none,NONE,OGD_Train_details_22122017,
MXZ,Mohdara Halt,,,,,UNMATCHED,none,NONE,OGD_Train_details_22122017,
BMW,Bamhani,,,,,UNMATCHED,none,NONE,OGD_Train_details_22122017,
URR,Umred,,,,,UNMATCHED,none,NONE,OGD_Train_details_22122017,
KRGN,Kargaon Halt,,,,,UNMATCHED,none,NONE,OGD_Train_details_22122017,
BWV,Bhiwapur,,,,,UNMATCHED,none,NONE,OGD_Train_details_22122017,
BHRH,Bhuyar,,,,,UNMATCHED,none,NONE,OGD_Train_details_22122017,
TEP,Tempa,,,,,UNMATCHED,none,NONE,OGD_Train_details_22122017,
MGLI,Mangli Halt,,,,,UNMATCHED,none,NONE,OGD_Train_details_22122017,
KTGO,Kotgaon Halt,,,,,UNMATCHED,none,NONE,OGD_Train_details_22122017,
NABN,Nagbhir Jn.,,,,,UNMATCHED,none,NONE,OGD_Train_details_22122017,
CHM,Chalthan,,,,,UNMATCHED,none,NONE,OGD_Train_details_22122017,
USD,Ukai Songhad,,,,,UNMATCHED,none,NONE,OGD_Train_details_22122017,
CPD,Chinchpada,,,,,UNMATCHED,none,NONE,OGD_Train_details_22122017,
KBH,Khandbara,,,,,UNMATCHED,none,NONE,OGD_Train_details_22122017,
TISI,Tisi,,,,,UNMATCHED,none,NONE,OGD_Train_details_22122017,
RNL,Ranala,,,,,UNMATCHED,none,NONE,OGD_Train_details_22122017,
VKH,Vikhran Road,,,,,UNMATCHED,none,NONE,OGD_Train_details_22122017,
SNSL,Shonselu,,,,,UNMATCHED,none,NONE,OGD_Train_details_22122017,
HOL,Hol,,,,,UNMATCHED,none,NONE,OGD_Train_details_22122017,
BEW,Betawad,,,,,UNMATCHED,none,NONE,OGD_Train_details_22122017,
PDP,Padse,,,,,UNMATCHED,none,NONE,OGD_Train_details_22122017,
BRTK,Bhortex,,,,,UNMATCHED,none,NONE,OGD_Train_details_22122017,
TKHE,Takarkhede,,,,,UNMATCHED,none,NONE,OGD_Train_details_22122017,
BHNE,Bhone,,,,,UNMATCHED,none,NONE,OGD_Train_details_22122017,
CHLK,Chavalkhede,,,,,UNMATCHED,none,NONE,OGD_Train_details_22122017,
PLD,Paldhi,,,,,UNMATCHED,none,NONE,OGD_Train_details_22122017,
VTN,Vaitarna,,,,,UNMATCHED,none,NONE,OGD_Train_details_22122017,
KEB,Karambeli,,,,,UNMATCHED,none,NONE,OGD_Train_details_22122017,
ATUL,Atul,,,,,UNMATCHED,none,NONE,OGD_Train_details_22122017,
KLV,Kelve Road,,,,,UNMATCHED,none,NONE,OGD_Train_details_22122017,
JRS,Jorawasan,,,,,UNMATCHED,none,NONE,OGD_Train_details_22122017,
ACL,Ancheli,,,,,UNMATCHED,none,NONE,OGD_Train_details_22122017,
VDH,Vedchha,,,,,UNMATCHED,none,NONE,OGD_Train_details_22122017,
BHET,Bhestan,,,,,UNMATCHED,none,NONE,OGD_Train_details_22122017,
BRRD,Bordi Road,,,,,UNMATCHED,none,NONE,OGD_Train_details_22122017,
BYR,Bhayandar,,,,,UNMATCHED,none,NONE,OGD_Train_details_22122017,
URN,Utran,,,,,UNMATCHED,none,NONE,OGD_Train_details_22122017,
KSE,Kosad,,,,,UNMATCHED,none,NONE,OGD_Train_details_22122017,
GTX,Gothan Gam,,,,,UNMATCHED,none,NONE,OGD_Train_details_22122017,
HAT,Hathuran,,,,,UNMATCHED,none,NONE,OGD_Train_details_22122017,
CVJ,Chavaj (Bloc,,,,,UNMATCHED,none,NONE,OGD_Train_details_22122017,
VRE,Varedia,,,,,UNMATCHED,none,NONE,OGD_Train_details_22122017,
LKD,Lakodara,,,,,UNMATCHED,none,NONE,OGD_Train_details_22122017,
KSPR,Kashipura Sa,,,,,UNMATCHED,none,NONE,OGD_Train_details_22122017,
VRM,Varnama,,,,,UNMATCHED,none,NONE,OGD_Train_details_22122017,
MPR,Makarpura,,,,,UNMATCHED,none,NONE,OGD_Train_details_22122017,
NDR,Nandesari,,,,,UNMATCHED,none,NONE,OGD_Train_details_22122017,
ADD,Adas Road,,,,,UNMATCHED,none,NONE,OGD_Train_details_22122017,
VXD,Vadod,,,,,UNMATCHED,none,NONE,OGD_Train_details_22122017,
UTD,Utarsanda,,,,,UNMATCHED,none,NONE,OGD_Train_details_22122017,
GTE,Gothaj,,,,,UNMATCHED,none,NONE,OGD_Train_details_22122017,
NEP,Nenpur,,,,,UNMATCHED,none,NONE,OGD_Train_details_22122017,
KANJ,Kanij,,,,,UNMATCHED,none,NONE,OGD_Train_details_22122017,
GER,Geratpur,,,,,UNMATCHED,none,NONE,OGD_Train_details_22122017,
VTA,Vatva,,,,,UNMATCHED,none,NONE,OGD_Train_details_22122017,
VCN,Virochannaga,,,,,UNMATCHED,none,NONE,OGD_Train_details_22122017,
BGMR,Bagumra,,,,,UNMATCHED,none,NONE,OGD_Train_details_22122017,
GGAR,Gangadhra,,,,,UNMATCHED,none,NONE,OGD_Train_details_22122017,
TBV,Timbarva,,,,,UNMATCHED,none,NONE,OGD_Train_details_22122017,
MGRL,Mangrolia,,,,,UNMATCHED,none,NONE,OGD_Train_details_22122017,
KRAI,Kaher,,,,,UNMATCHED,none,NONE,OGD_Train_details_22122017,
KKRD,Kikakui Road,,,,,UNMATCHED,none,NONE,OGD_Train_details_22122017,
DSD,Dosvada,,,,,UNMATCHED,none,NONE,OGD_Train_details_22122017,
LKKD,Lokkadkot,,,,,UNMATCHED,none,NONE,OGD_Train_details_22122017,
BBAI,Bhadbhunja,,,,,UNMATCHED,none,NONE,OGD_Train_details_22122017,
KFF,Kolde,,,,,UNMATCHED,none,NONE,OGD_Train_details_22122017,
KHTG,Khatgaon,,,,,UNMATCHED,none,NONE,OGD_Train_details_22122017,
DWD,Dhekwad,,,,,UNMATCHED,none,NONE,OGD_Train_details_22122017,
CUE,Chaupale,,,,,UNMATCHED,none,NONE,OGD_Train_details_22122017,
BETI,Bhetasi,,,,,UNMATCHED,none,NONE,OGD_Train_details_22122017,
ALV,Anklav,,,,,UNMATCHED,none,NONE,OGD_Train_details_22122017,
DOW,Davol,,,,,UNMATCHED,none,NONE,OGD_Train_details_22122017,
BO,Borsad,,,,,UNMATCHED,none,NONE,OGD_Train_details_22122017,
BCHN,Bochasan Jn.,,,,,UNMATCHED,none,NONE,OGD_Train_details_22122017,
KTNA,Kathana,,,,,UNMATCHED,none,NONE,OGD_Train_details_22122017,
PRTN,Pratap Nagar,,,,,UNMATCHED,none,NONE,OGD_Train_details_22122017,
KEP,Kelanpur,,,,,UNMATCHED,none,NONE,OGD_Train_details_22122017,
KDHL,Kundhela,,,,,UNMATCHED,none,NONE,OGD_Train_details_22122017,
BILP,Bhilupur,,,,,UNMATCHED,none,NONE,OGD_Train_details_22122017,
TWV,Thuwavi,,,,,UNMATCHED,none,NONE,OGD_Train_details_22122017,
DB,Dabhoi Jn.,,,,,UNMATCHED,none,NONE,OGD_Train_details_22122017,
VAN,Vadhvana,,,,,UNMATCHED,none,NONE,OGD_Train_details_22122017,
AMLP,Amalpur,,,,,UNMATCHED,none,NONE,OGD_Train_details_22122017,
SAK,Sankheda Bah,,,,,UNMATCHED,none,NONE,OGD_Train_details_22122017,
CCP,Chhuchhapura,,,,,UNMATCHED,none,NONE,OGD_Train_details_22122017,
JJW,Jojwa,,,,,UNMATCHED,none,NONE,OGD_Train_details_22122017,
BDE,Bodeli,,,,,UNMATCHED,none,NONE,OGD_Train_details_22122017,
JBU,Jabugam,,,,,UNMATCHED,none,NONE,OGD_Train_details_22122017,
SSKL,Suskal,,,,,UNMATCHED,none,NONE,OGD_Train_details_22122017,
PAVI,Pavi,,,,,UNMATCHED,none,NONE,OGD_Train_details_22122017,
TJH,Tejgadh,,,,,UNMATCHED,none,NONE,OGD_Train_details_22122017,
PQT,Puniyavant,,,,,UNMATCHED,none,NONE,OGD_Train_details_22122017,
CTD,Chhota Udepu,,,,,UNMATCHED,none,NONE,OGD_Train_details_22122017,
MHUA,Mahudha,,,,,UNMATCHED,none,NONE,OGD_Train_details_22122017,
BMVR,Bmvr,,,,,UNMATCHED,none,NONE,OGD_Train_details_22122017,
KTAL,Kathlal,,,,,UNMATCHED,none,NONE,OGD_Train_details_22122017,
KVNJ,Kapadvanj,,,,,UNMATCHED,none,NONE,OGD_Train_details_22122017,
VLTR,Vadali Luter,,,,,UNMATCHED,none,NONE,OGD_Train_details_22122017,
KSUA,Kashipura,,,,,UNMATCHED,none,NONE,OGD_Train_details_22122017,
BAYD,Bayad,,,,,UNMATCHED,none,NONE,OGD_Train_details_22122017,
DNUA,Dhansura,,,,,UNMATCHED,none,NONE,OGD_Train_details_22122017,
MDSA,Modasa,,,,,UNMATCHED,none,NONE,OGD_Train_details_22122017,
VTL,Vadtal Swami,,,,,UNMATCHED,none,NONE,OGD_Train_details_22122017,
AKVU,Ankleshwar U,,,,,UNMATCHED,none,NONE,OGD_Train_details_22122017,
DHM,Dadhal Inam,,,,,UNMATCHED,none,NONE,OGD_Train_details_22122017,
BII,Boridra,,,,,UNMATCHED,none,NONE,OGD_Train_details_22122017,
GME,Gumandev,,,,,UNMATCHED,none,NONE,OGD_Train_details_22122017,
NGMN,New Gumandev,,,,,UNMATCHED,none,NONE,OGD_Train_details_22122017,
JGI,Jhagadiya Jn,,,,,UNMATCHED,none,NONE,OGD_Train_details_22122017,
AVH,Avidha,,,,,UNMATCHED,none,NONE,OGD_Train_details_22122017,
RJD,Raj-Pardi,,,,,UNMATCHED,none,NONE,OGD_Train_details_22122017,
UML,Umalla,,,,,UNMATCHED,none,NONE,OGD_Train_details_22122017,
JRV,Juna Rajuvad,,,,,UNMATCHED,none,NONE,OGD_Train_details_22122017,
ALE,Amletha,,,,,UNMATCHED,none,NONE,OGD_Train_details_22122017,
TRF,Taropa,,,,,UNMATCHED,none,NONE,OGD_Train_details_22122017,
RAJ,Rajpipla,,,,,UNMATCHED,none,NONE,OGD_Train_details_22122017,
MDHA,Madhada,,,,,UNMATCHED,none,NONE,OGD_Train_details_22122017,
KNAD,Kanad,,,,,UNMATCHED,none,NONE,OGD_Train_details_22122017,
KDMR,Khodiyar Man,,,,,UNMATCHED,none,NONE,OGD_Train_details_22122017,
VTJ,Vartrej,,,,,UNMATCHED,none,NONE,OGD_Train_details_22122017,
CDA,Chuda,,,,,UNMATCHED,none,NONE,OGD_Train_details_22122017,
KDI,Kundli,,,,,UNMATCHED,none,NONE,OGD_Train_details_22122017,
LTD,Lathidad,,,,,UNMATCHED,none,NONE,OGD_Train_details_22122017,
NGA,Ningala,,,,,UNMATCHED,none,NONE,OGD_Train_details_22122017,
ALMR,Alampur,,,,,UNMATCHED,none,NONE,OGD_Train_details_22122017,
UJ,Ujalvav,,,,,UNMATCHED,none,NONE,OGD_Train_details_22122017,
SOA,Sanosara,,,,,UNMATCHED,none,NONE,OGD_Train_details_22122017,
BJUD,Bajud,,,,,UNMATCHED,none,NONE,OGD_Train_details_22122017,
JSPR,Jashapur,,,,,UNMATCHED,none,NONE,OGD_Train_details_22122017,
TRSR,Tarsai,,,,,UNMATCHED,none,NONE,OGD_Train_details_22122017,
RNBD,Rana Bordi,,,,,UNMATCHED,none,NONE,OGD_Train_details_22122017,
DXR,Digsar,,,,,UNMATCHED,none,NONE,OGD_Train_details_22122017,
RA,Ramparda,,,,,UNMATCHED,none,NONE,OGD_Train_details_22122017,
VD,Vadadiya,,,,,UNMATCHED,none,NONE,OGD_Train_details_22122017,
AXA,Amarsar,,,,,UNMATCHED,none,NONE,OGD_Train_details_22122017,
SDD,Sindhavader,,,,,UNMATCHED,none,NONE,OGD_Train_details_22122017,
KNKT,Kankot,,,,,UNMATCHED,none,NONE,OGD_Train_details_22122017,
KHC,Khorana,,,,,UNMATCHED,none,NONE,OGD_Train_details_22122017,
KHDI,Khandheri,,,,,UNMATCHED,none,NONE,OGD_Train_details_22122017,
CX,Chanol,,,,,UNMATCHED,none,NONE,OGD_Train_details_22122017,
HM,Hadmatiya,,,,,UNMATCHED,none,NONE,OGD_Train_details_22122017,
JALD,Jaliadewani,,,,,UNMATCHED,none,NONE,OGD_Train_details_22122017,
LKBL,Lakhabaval,,,,,UNMATCHED,none,NONE,OGD_Train_details_22122017,
PPLI,Pipli,,,,,UNMATCHED,none,NONE,OGD_Train_details_22122017,
MDPR,Modpur,,,,,UNMATCHED,none,NONE,OGD_Train_details_22122017,
SYQ,Sinhan,,,,,UNMATCHED,none,NONE,OGD_Train_details_22122017,
BHTL,Bhatel,,,,,UNMATCHED,none,NONE,OGD_Train_details_22122017,
MGTD,Meghpur Tito,,,,,UNMATCHED,none,NONE,OGD_Train_details_22122017,
BPKA,Bhopalka,,,,,UNMATCHED,none,NONE,OGD_Train_details_22122017,
OKD,Okhamadhi,,,,,UNMATCHED,none,NONE,OGD_Train_details_22122017,
GRJA,Gorinja,,,,,UNMATCHED,none,NONE,OGD_Train_details_22122017,
VVA,Varvala,,,,,UNMATCHED,none,NONE,OGD_Train_details_22122017,
BMRN,Bhimrana,,,,,UNMATCHED,none,NONE,OGD_Train_details_22122017,
WKRC,Wankaner Cit,,,,,UNMATCHED,none,NONE,OGD_Train_details_22122017,
IGRL,Ingorala,,,,,UNMATCHED,none,NONE,OGD_Train_details_22122017,
JA,Jaliya,,,,,UNMATCHED,none,NONE,OGD_Train_details_22122017,
DME,Damnagar,,,,,UNMATCHED,none,NONE,OGD_Train_details_22122017,
PCT,Panchtalavad,,,,,UNMATCHED,none,NONE,OGD_Train_details_22122017,
HTGR,Hathigadh,,,,,UNMATCHED,none,NONE,OGD_Train_details_22122017,
BSWD,Bhenswadi,,,,,UNMATCHED,none,NONE,OGD_Train_details_22122017,
JIR,Jira Road,,,,,UNMATCHED,none,NONE,OGD_Train_details_22122017,
GKD,Gadhakada,,,,,UNMATCHED,none,NONE,OGD_Train_details_22122017,
MRYA,Meriyana,,,,,UNMATCHED,none,NONE,OGD_Train_details_22122017,
VJD,Vijapadi Roa,,,,,UNMATCHED,none,NONE,OGD_Train_details_22122017,
VVV,Vavera,,,,,UNMATCHED,none,NONE,OGD_Train_details_22122017,
DGJ,Dungar Road,,,,,UNMATCHED,none,NONE,OGD_Train_details_22122017,
MTSK,Mota Surka,,,,,UNMATCHED,none,NONE,OGD_Train_details_22122017,
VJK,Vejalaka,,,,,UNMATCHED,none,NONE,OGD_Train_details_22122017,
BDHA,Badhada,,,,,UNMATCHED,none,NONE,OGD_Train_details_22122017,
SJF,Sajanvav Roa,,,,,UNMATCHED,none,NONE,OGD_Train_details_22122017,
AVL,Amrutvel,,,,,UNMATCHED,none,NONE,OGD_Train_details_22122017,
MQZ,Mota Jadra,,,,,UNMATCHED,none,NONE,OGD_Train_details_22122017,
RJU,Rajula City,,,,,UNMATCHED,none,NONE,OGD_Train_details_22122017,
KTLA,Katkola,,,,,UNMATCHED,none,NONE,OGD_Train_details_22122017,
SPD,Supedi,,,,,UNMATCHED,none,NONE,OGD_Train_details_22122017,
VAL,Vadal,Vadalur,11.5570545,79.5462983,Q63360866,MATCHED,fuzzy_name,MEDIUM,OGD_Train_details_22122017,OSM_chennai_thoothukudi_stations_raw.geojson
SHH,Shapur,,,,,UNMATCHED,none,NONE,OGD_Train_details_22122017,
LAL,Lushala,,,,,UNMATCHED,none,NONE,OGD_Train_details_22122017,
BDDR,Badodar,,,,,UNMATCHED,none,NONE,OGD_Train_details_22122017,
BTSD,Bhatisuda,,,,,UNMATCHED,none,NONE,OGD_Train_details_22122017,
PPG,Piploda Bagl,,,,,UNMATCHED,none,NONE,OGD_Train_details_22122017,
UNL,Unhel,,,,,UNMATCHED,none,NONE,OGD_Train_details_22122017,
PSO,Palsoramkdn,,,,,UNMATCHED,none,NONE,OGD_Train_details_22122017,
ASL,Asaloda,,,,,UNMATCHED,none,NONE,OGD_Train_details_22122017,
NKI,Nai Kheri,,,,,UNMATCHED,none,NONE,OGD_Train_details_22122017,
PLW,Pingleshwar,,,,,UNMATCHED,none,NONE,OGD_Train_details_22122017,
TJP,Tajpur,,,,,UNMATCHED,none,NONE,OGD_Train_details_22122017,
SVT,Shivpura,,,,,UNMATCHED,none,NONE,OGD_Train_details_22122017,
MQE,Mohd Kheda,,,,,UNMATCHED,none,NONE,OGD_Train_details_22122017,
CKOD,Chakrod,,,,,UNMATCHED,none,NONE,OGD_Train_details_22122017,
BKTL,Baktal,,,,,UNMATCHED,none,NONE,OGD_Train_details_22122017,
PNWN,Pachawan,,,,,UNMATCHED,none,NONE,OGD_Train_details_22122017,
PUD,Phanda,,,,,UNMATCHED,none,NONE,OGD_Train_details_22122017,
BQE,Bakanian Bha,,,,,UNMATCHED,none,NONE,OGD_Train_details_22122017,
CAZ,Chauhani,,,,,UNMATCHED,none,NONE,OGD_Train_details_22122017,
PQU,Parhana Mau,,,,,UNMATCHED,none,NONE,OGD_Train_details_22122017,
UDK,Udyankheri,,,,,UNMATCHED,none,NONE,OGD_Train_details_22122017,
SFZ,Shinduriya K,,,,,UNMATCHED,none,NONE,OGD_Train_details_22122017,
RGG,Radhogarh,,,,,UNMATCHED,none,NONE,OGD_Train_details_22122017,
BRNA,Berawanya,,,,,UNMATCHED,none,NONE,OGD_Train_details_22122017,
RLK,Rohalkhurd,,,,,UNMATCHED,none,NONE,OGD_Train_details_22122017,
TLZ,Talavli,,,,,UNMATCHED,none,NONE,OGD_Train_details_22122017,
NKH,Nathu Khedi,,,,,UNMATCHED,none,NONE,OGD_Train_details_22122017,
HNU,Hanspura,,,,,UNMATCHED,none,NONE,OGD_Train_details_22122017,
KRLS,Kurlasi,,,,,UNMATCHED,none,NONE,OGD_Train_details_22122017,
DKRA,Dhuankhedi,,,,,UNMATCHED,none,NONE,OGD_Train_details_22122017,
ARE,Arnetha,,,,,UNMATCHED,none,NONE,OGD_Train_details_22122017,
GKB,Ghatkavarana,,,,,UNMATCHED,none,NONE,OGD_Train_details_22122017,
LBN,Laban,,,,,UNMATCHED,none,NONE,OGD_Train_details_22122017,
AMLI,Amli,,,,,UNMATCHED,none,NONE,OGD_Train_details_22122017,
RWJ,Rawanjna,,,,,UNMATCHED,none,NONE,OGD_Train_details_22122017,
KTA,Kushtala,,,,,UNMATCHED,none,NONE,OGD_Train_details_22122017,
BAMA,Birambad,,,,,UNMATCHED,none,NONE,OGD_Train_details_22122017,
BR,Bandh Bareth,,,,,UNMATCHED,none,NONE,OGD_Train_details_22122017,
NGLT,Nagla Tula,,,,,UNMATCHED,none,NONE,OGD_Train_details_22122017,
BIQ,Bansi Paharp,,,,,UNMATCHED,none,NONE,OGD_Train_details_22122017,
DXK,Dhana Kherli,,,,,UNMATCHED,none,NONE,OGD_Train_details_22122017,
AED,Aulenda,,,,,UNMATCHED,none,NONE,OGD_Train_details_22122017,
SNPR,Singarpur,,,,,UNMATCHED,none,NONE,OGD_Train_details_22122017,
MIQ,Mirhakur,,,,,UNMATCHED,none,NONE,OGD_Train_details_22122017,
PTLI,Pathauli,,,,,UNMATCHED,none,NONE,OGD_Train_details_22122017,
RCJ,Ranayala,,,,,UNMATCHED,none,NONE,OGD_Train_details_22122017,
BJG,Bajranjgarh,,,,,UNMATCHED,none,NONE,OGD_Train_details_22122017,
RKY,Kothariya,,,,,UNMATCHED,none,NONE,OGD_Train_details_22122017,
RBR,Ribada,,,,,UNMATCHED,none,NONE,OGD_Train_details_22122017,
GTT,Gomta,,,,,UNMATCHED,none,NONE,OGD_Train_details_22122017,
CKE,Choki Sorath,,,,,UNMATCHED,none,NONE,OGD_Train_details_22122017,
BNTH,Bandnath,,,,,UNMATCHED,none,NONE,OGD_Train_details_22122017,
ADE,Adri Road,,,,,UNMATCHED,none,NONE,OGD_Train_details_22122017,
KEMA,Kukma,,,,,UNMATCHED,none,NONE,OGD_Train_details_22122017,
RUT,Ratnal,,,,,UNMATCHED,none,NONE,OGD_Train_details_22122017,
CHIB,Chirai,,,,,UNMATCHED,none,NONE,OGD_Train_details_22122017,
VONB,Vondh,,,,,UNMATCHED,none,NONE,OGD_Train_details_22122017,
SIA,Shivlakha,,,,,UNMATCHED,none,NONE,OGD_Train_details_22122017,
KYG,Kidiya Nagar,,,,,UNMATCHED,none,NONE,OGD_Train_details_22122017,
BUBR,Bhutkiya Bhi,,,,,UNMATCHED,none,NONE,OGD_Train_details_22122017,
LAA,Lakhpat,,,,,UNMATCHED,none,NONE,OGD_Train_details_22122017,
GM,Garmadi,,,,,UNMATCHED,none,NONE,OGD_Train_details_22122017,
CASA,Chhansara,,,,,UNMATCHED,none,NONE,OGD_Train_details_22122017,
VU,Vaghpura,,,,,UNMATCHED,none,NONE,OGD_Train_details_22122017,
PLE,Piplee,,,,,UNMATCHED,none,NONE,OGD_Train_details_22122017,
DVGM,Devgam,,,,,UNMATCHED,none,NONE,OGD_Train_details_22122017,
MITA,Mitha,,,,,UNMATCHED,none,NONE,OGD_Train_details_22122017,
DKW,Dhanakwada,,,,,UNMATCHED,none,NONE,OGD_Train_details_22122017,
JSI,Jasali,,,,,UNMATCHED,none,NONE,OGD_Train_details_22122017,
LW,Lorwada,,,,,UNMATCHED,none,NONE,OGD_Train_details_22122017,
CDS,Chandisar,,,,,UNMATCHED,none,NONE,OGD_Train_details_22122017,
BAGD,Bagwada,,,,,UNMATCHED,none,NONE,OGD_Train_details_22122017,
KDSD,Kudsad,,,,,UNMATCHED,none,NONE,OGD_Train_details_22122017,
GNST,Ghandhi Smru,,,,,UNMATCHED,none,NONE,OGD_Train_details_22122017,
PHC,Panchot,,,,,UNMATCHED,none,NONE,OGD_Train_details_22122017,
DHJ,Dhinoj,,,,,UNMATCHED,none,NONE,OGD_Train_details_22122017,
SNHR,Sankhari,,,,,UNMATCHED,none,NONE,OGD_Train_details_22122017,
PTN,Patan,,,,,UNMATCHED,none,NONE,OGD_Train_details_22122017,
VNRD,Vaniroad,,,,,UNMATCHED,none,NONE,OGD_Train_details_22122017,
SR,Sabliroad,,,,,UNMATCHED,none,NONE,OGD_Train_details_22122017,
LPR,Lilapurroad,,,,,UNMATCHED,none,NONE,OGD_Train_details_22122017,
BLRD,Balaroad,,,,,UNMATCHED,none,NONE,OGD_Train_details_22122017,
CJR,Chamaraj,,,,,UNMATCHED,none,NONE,OGD_Train_details_22122017,
LMC,Lakhamanchi,,,,,UNMATCHED,none,NONE,OGD_Train_details_22122017,
LXR,Lunseriya,,,,,UNMATCHED,none,NONE,OGD_Train_details_22122017,
BLWR,Bileshwar,,,,,UNMATCHED,none,NONE,OGD_Train_details_22122017,
LCH,Linch,,,,,UNMATCHED,none,NONE,OGD_Train_details_22122017,
JTN,Jotana,,,,,UNMATCHED,none,NONE,OGD_Train_details_22122017,
DTJ,Detroj,,,,,UNMATCHED,none,NONE,OGD_Train_details_22122017,
BKD,Bankoda,,,,,UNMATCHED,none,NONE,OGD_Train_details_22122017,
JKS,Jaksi,,,,,UNMATCHED,none,NONE,OGD_Train_details_22122017,
AHO,Adarshnagar,,,,,UNMATCHED,none,NONE,OGD_Train_details_22122017,
HTD,Hatundi,,,,,UNMATCHED,none,NONE,OGD_Train_details_22122017,
ROS,Rajosi,,,,,UNMATCHED,none,NONE,OGD_Train_details_22122017,
JWS,Jharwasa,,,,,UNMATCHED,none,NONE,OGD_Train_details_22122017,
SGW,Singwal,,,,,UNMATCHED,none,NONE,OGD_Train_details_22122017,
MAKH,Mokhampura,,,,,UNMATCHED,none,NONE,OGD_Train_details_22122017,
RPI,Rupaheli,,,,,UNMATCHED,none,NONE,OGD_Train_details_22122017,
BHAS,Bhojras,,,,,UNMATCHED,none,NONE,OGD_Train_details_22122017,
RLR,Raila Road,,,,,UNMATCHED,none,NONE,OGD_Train_details_22122017,
LMA,Lambiya,,,,,UNMATCHED,none,NONE,OGD_Train_details_22122017,
DWL,Dhuwala,,,,,UNMATCHED,none,NONE,OGD_Train_details_22122017,
MDPA,Mandpiya,,,,,UNMATCHED,none,NONE,OGD_Train_details_22122017,
SNYN,Soniyana,,,,,UNMATCHED,none,NONE,OGD_Train_details_22122017,
DET,Det,,,,,UNMATCHED,none,NONE,OGD_Train_details_22122017,
GSD,Ghosunda,,,,,UNMATCHED,none,NONE,OGD_Train_details_22122017,
NTWL,Netawal,,,,,UNMATCHED,none,NONE,OGD_Train_details_22122017,
PMO,Pandoli,,,,,UNMATCHED,none,NONE,OGD_Train_details_22122017,
BSJ,Bhupal Sagar,,,,,UNMATCHED,none,NONE,OGD_Train_details_22122017,
BIML,Bhimal,,,,,UNMATCHED,none,NONE,OGD_Train_details_22122017,
KLH,Khemli,,,,,UNMATCHED,none,NONE,OGD_Train_details_22122017,
DRB,Debari,,,,,UNMATCHED,none,NONE,OGD_Train_details_22122017,
MKWI,Makarwadi Ha,,,,,UNMATCHED,none,NONE,OGD_Train_details_22122017,
BPKH,Budha Pushka,,,,,UNMATCHED,none,NONE,OGD_Train_details_22122017,
PUHT,Pushkar Term,,,,,UNMATCHED,none,NONE,OGD_Train_details_22122017,
BSRL,Besroli,,,,,UNMATCHED,none,NONE,OGD_Train_details_22122017,
BOW,Borawar,,,,,UNMATCHED,none,NONE,OGD_Train_details_22122017,
THMR,Thathana Mit,,,,,UNMATCHED,none,NONE,OGD_Train_details_22122017,
NYK,Naya Khardia,,,,,UNMATCHED,none,NONE,OGD_Train_details_22122017,
GVMR,Govindi Marw,,,,,UNMATCHED,none,NONE,OGD_Train_details_22122017,
GA,Gudda,,,,,UNMATCHED,none,NONE,OGD_Train_details_22122017,
APH,Anupgarh,,,,,UNMATCHED,none,NONE,OGD_Train_details_22122017,
RMSR,Ramsinghpur,,,,,UNMATCHED,none,NONE,OGD_Train_details_22122017,
SBNR,Sri Vijainag,,,,,UNMATCHED,none,NONE,OGD_Train_details_22122017,
KYNT,Kalyankot  H,,,,,UNMATCHED,none,NONE,OGD_Train_details_22122017,
RGNH,Raghunathgar,,,,,UNMATCHED,none,NONE,OGD_Train_details_22122017,
BROR,Berore,,,,,UNMATCHED,none,NONE,OGD_Train_details_22122017,
BDYK,Bindayaka,,,,,UNMATCHED,none,NONE,OGD_Train_details_22122017,
PKBS,Peeplee - Ka,,,,,UNMATCHED,none,NONE,OGD_Train_details_22122017,
KNDL,Khandel,,,,,UNMATCHED,none,NONE,OGD_Train_details_22122017,
SFE,Sanodiya,,,,,UNMATCHED,none,NONE,OGD_Train_details_22122017,
BILA,Bheslana,,,,,UNMATCHED,none,NONE,OGD_Train_details_22122017,
MNHA,Mindha,,,,,UNMATCHED,none,NONE,OGD_Train_details_22122017,
PCMK,Pachar Malik,,,,,UNMATCHED,none,NONE,OGD_Train_details_22122017,
BDHL,Badhal,,,,,UNMATCHED,none,NONE,OGD_Train_details_22122017,
KMNP,Kishan-Manpu,,,,,UNMATCHED,none,NONE,OGD_Train_details_22122017,
KHRA,Kachera,,,,,UNMATCHED,none,NONE,OGD_Train_details_22122017,
KAWT,Kanwat,,,,,UNMATCHED,none,NONE,OGD_Train_details_22122017,
BAGA,Bhagega,,,,,UNMATCHED,none,NONE,OGD_Train_details_22122017,
MADA,Maonda,,,,,UNMATCHED,none,NONE,OGD_Train_details_22122017,
JLLO,Jhilo,,,,,UNMATCHED,none,NONE,OGD_Train_details_22122017,
DBLA,Dabla,,,,,UNMATCHED,none,NONE,OGD_Train_details_22122017,
NIP,Nizampur,,,,,UNMATCHED,none,NONE,OGD_Train_details_22122017,
APJ,Amarpur-Jora,,,,,UNMATCHED,none,NONE,OGD_Train_details_22122017,
MBV,Mirzapur Bac,,,,,UNMATCHED,none,NONE,OGD_Train_details_22122017,
KTWS,Kathuwas,,,,,UNMATCHED,none,NONE,OGD_Train_details_22122017,
KUND,Kund,Mukundarayapuram,12.9782491,79.2892009,Q63355886,MATCHED,fuzzy_name,MEDIUM,OGD_Train_details_22122017,OSM_chennai_thoothukudi_stations_raw.geojson
KORI,Khori,,,,,UNMATCHED,none,NONE,OGD_Train_details_22122017,
JDD,Jerthi Dadhi,,,,,UNMATCHED,none,NONE,OGD_Train_details_22122017,
BWPL,Balwantpura,,,,,UNMATCHED,none,NONE,OGD_Train_details_22122017,
NRKE,Nari-Khetri,,,,,UNMATCHED,none,NONE,OGD_Train_details_22122017,
BOTR,Bhavdhari,,,,,UNMATCHED,none,NONE,OGD_Train_details_22122017,
FPS,Fatehpur-She,,,,,UNMATCHED,none,NONE,OGD_Train_details_22122017,
LNH,Lachhmangarh,,,,,UNMATCHED,none,NONE,OGD_Train_details_22122017,
RDK,Rashidpura-K,,,,,UNMATCHED,none,NONE,OGD_Train_details_22122017,
SAS,Sheodaspura-,,,,,UNMATCHED,none,NONE,OGD_Train_details_22122017,
CKS,Chaksu,,,,,UNMATCHED,none,NONE,OGD_Train_details_22122017,
CHNN,Channani,,,,,UNMATCHED,none,NONE,OGD_Train_details_22122017,
SRAS,Siras,,,,,UNMATCHED,none,NONE,OGD_Train_details_22122017,
SURL,Sureli,,,,,UNMATCHED,none,NONE,OGD_Train_details_22122017,
DPZ,Devpura,,,,,UNMATCHED,none,NONE,OGD_Train_details_22122017,
KNDP,Khandip,,,,,UNMATCHED,none,NONE,OGD_Train_details_22122017,
BRLA,Barayla Chau,,,,,UNMATCHED,none,NONE,OGD_Train_details_22122017,
KHNR,Kachnara,,,,,UNMATCHED,none,NONE,OGD_Train_details_22122017,
HKL,Harkia Khal,,,,,UNMATCHED,none,NONE,OGD_Train_details_22122017,
BIWK,Bislawaskala,,,,,UNMATCHED,none,NONE,OGD_Train_details_22122017,
GRF,Gambhir Road,,,,,UNMATCHED,none,NONE,OGD_Train_details_22122017,
BSSL,Bassi Berisa,,,,,UNMATCHED,none,NONE,OGD_Train_details_22122017,
PSLI,Parsoli,,,,,UNMATCHED,none,NONE,OGD_Train_details_22122017,
BNDI,Barundni,,,,,UNMATCHED,none,NONE,OGD_Train_details_22122017,
URML,Uparmal,,,,,UNMATCHED,none,NONE,OGD_Train_details_22122017,
JNRI,Jalindri,,,,,UNMATCHED,none,NONE,OGD_Train_details_22122017,
SNAR,Srinagar,,,,,UNMATCHED,none,NONE,OGD_Train_details_22122017,
THEA,Thalera,,,,,UNMATCHED,none,NONE,OGD_Train_details_22122017,
BBY,Bhadroli Hal,,,,,UNMATCHED,none,NONE,OGD_Train_details_22122017,
RAKL,Rethorakalan,,,,,UNMATCHED,none,NONE,OGD_Train_details_22122017,
NNE,Nonera,,,,,UNMATCHED,none,NONE,OGD_Train_details_22122017,
RYT,Rayatpura,,,,,UNMATCHED,none,NONE,OGD_Train_details_22122017,
SCN,Sondha Road,,,,,UNMATCHED,none,NONE,OGD_Train_details_22122017,
AXK,Asokhar,,,,,UNMATCHED,none,NONE,OGD_Train_details_22122017,
AAH,Itehar,,,,,UNMATCHED,none,NONE,OGD_Train_details_22122017,
UDMR,Udi Mor,,,,,UNMATCHED,none,NONE,OGD_Train_details_22122017,
CYI,Chhayapuri,,,,,UNMATCHED,none,NONE,OGD_Train_details_22122017,
PIO,Pilol,,,,,UNMATCHED,none,NONE,OGD_Train_details_22122017,
AIR,Alindra Road,,,,,UNMATCHED,none,NONE,OGD_Train_details_22122017,
LAN,Lotana,,,,,UNMATCHED,none,NONE,OGD_Train_details_22122017,
BKRL,Bakrol,,,,,UNMATCHED,none,NONE,OGD_Train_details_22122017,
KIZ,Kansudhi,,,,,UNMATCHED,none,NONE,OGD_Train_details_22122017,
CCL,Chanchelav,,,,,UNMATCHED,none,NONE,OGD_Train_details_22122017,
USRA,Usra,,,,,UNMATCHED,none,NONE,OGD_Train_details_22122017,
JKT,Jekot,,,,,UNMATCHED,none,NONE,OGD_Train_details_22122017,
RET,Rentiya,,,,,UNMATCHED,none,NONE,OGD_Train_details_22122017,
ORDI,Ordi,,,,,UNMATCHED,none,NONE,OGD_Train_details_22122017,
SSNR,Satsang Naga,,,,,UNMATCHED,none,NONE,OGD_Train_details_22122017,
BDME,Baidyanathdh,,,,,UNMATCHED,none,NONE,OGD_Train_details_22122017,
MJM,Manjhauli Gr,,,,,UNMATCHED,none,NONE,OGD_Train_details_22122017,
PATL,Patel Halt,,,,,UNMATCHED,none,NONE,OGD_Train_details_22122017,
JMIR,Jamira Halt,,,,,UNMATCHED,none,NONE,OGD_Train_details_22122017,
JGWL,Jagjvan Halt,,,,,UNMATCHED,none,NONE,OGD_Train_details_22122017,
SKRI,Sikaria Halt,,,,,UNMATCHED,none,NONE,OGD_Train_details_22122017,
BUE,Baruna,,,,,UNMATCHED,none,NONE,OGD_Train_details_22122017,
BQW,Barakalan,,,,,UNMATCHED,none,NONE,OGD_Train_details_22122017,
KKRH,Karahiya Hal,,,,,UNMATCHED,none,NONE,OGD_Train_details_22122017,
USK,Usiakhas Hal,,,,,UNMATCHED,none,NONE,OGD_Train_details_22122017,
NEWC,New West Cab,,,,,UNMATCHED,none,NONE,OGD_Train_details_22122017,
JEP,Jeonathpur,,,,,UNMATCHED,none,NONE,OGD_Train_details_22122017,
ASJP,Amar Saheed,,,,,UNMATCHED,none,NONE,OGD_Train_details_22122017,
SXD,Siduli (Flag,,,,,UNMATCHED,none,NONE,OGD_Train_details_22122017,
KNRI,Kunuri,,,,,UNMATCHED,none,NONE,OGD_Train_details_22122017,
MWZ,Mahishadahar,,,,,UNMATCHED,none,NONE,OGD_Train_details_22122017,
BLME,Bholidih,,,,,UNMATCHED,none,NONE,OGD_Train_details_22122017,
CEME,Chegro,,,,,UNMATCHED,none,NONE,OGD_Train_details_22122017,
CDB,Chaudhuriban,,,,,UNMATCHED,none,NONE,OGD_Train_details_22122017,
KRMB,Karmabad,,,,,UNMATCHED,none,NONE,OGD_Train_details_22122017,
GRBH,Garea Bihar,,,,,UNMATCHED,none,NONE,OGD_Train_details_22122017,
BNF,Bandhua,,,,,UNMATCHED,none,NONE,OGD_Train_details_22122017,
BNSL,Bansinala Ha,,,,,UNMATCHED,none,NONE,OGD_Train_details_22122017,
YGM,Yadugram Bh,,,,,UNMATCHED,none,NONE,OGD_Train_details_22122017,
BSCP,Baskatwa Bh,,,,,UNMATCHED,none,NONE,OGD_Train_details_22122017,
NGY,Nath Ganj,,,,,UNMATCHED,none,NONE,OGD_Train_details_22122017,
DLW,Dilwa,,,,,UNMATCHED,none,NONE,OGD_Train_details_22122017,
LBZ,Lalbagh,,,,,UNMATCHED,none,NONE,OGD_Train_details_22122017,
KSHR,Keshwari Bh,,,,,UNMATCHED,none,NONE,OGD_Train_details_22122017,
DSME,Dasara,,,,,UNMATCHED,none,NONE,OGD_Train_details_22122017,
YDD,Yadudih,,,,,UNMATCHED,none,NONE,OGD_Train_details_22122017,
LRB,Larabad Bh,,,,,UNMATCHED,none,NONE,OGD_Train_details_22122017,
KEE,Kaseetar,,,,,UNMATCHED,none,NONE,OGD_Train_details_22122017,
DRGU,Damrughutu,,,,,UNMATCHED,none,NONE,OGD_Train_details_22122017,
LPNR,Lajpat Nagar,,,,,UNMATCHED,none,NONE,OGD_Train_details_22122017,
SWNR,Sewa Nagar,,,,,UNMATCHED,none,NONE,OGD_Train_details_22122017,
LDCY,Lodi Colony,,,,,UNMATCHED,none,NONE,OGD_Train_details_22122017,
SOJ,Sarojini Nag,,,,,UNMATCHED,none,NONE,OGD_Train_details_22122017,
CNKP,Chanakyapuri,,,,,UNMATCHED,none,NONE,OGD_Train_details_22122017,
SDPR,Sardar Patel,,,,,UNMATCHED,none,NONE,OGD_Train_details_22122017,
BRSQ,Brar Square,,,,,UNMATCHED,none,NONE,OGD_Train_details_22122017,
DLPI,Delhi Indrap,,,,,UNMATCHED,none,NONE,OGD_Train_details_22122017,
NRVR,Naraina Viha,,,,,UNMATCHED,none,NONE,OGD_Train_details_22122017,
KRTN,Kirtinagar H,,,,,UNMATCHED,none,NONE,OGD_Train_details_22122017,
PGMD,Pragati Maid,,,,,UNMATCHED,none,NONE,OGD_Train_details_22122017,
MWUE,Mahrawal,,,,,UNMATCHED,none,NONE,OGD_Train_details_22122017,
KLA,Kulwa,,,,,UNMATCHED,none,NONE,OGD_Train_details_22122017,
SOM,Somna,,,,,UNMATCHED,none,NONE,OGD_Train_details_22122017,
DAR,Danwar,,,,,UNMATCHED,none,NONE,OGD_Train_details_22122017,
KAMP,Kamalpur Hal,,,,,UNMATCHED,none,NONE,OGD_Train_details_22122017,
SKQ,Sikandarpur,,,,,UNMATCHED,none,NONE,OGD_Train_details_22122017,
GNRL,Gangraul Hal,,,,,UNMATCHED,none,NONE,OGD_Train_details_22122017,
WAIR,Wair,,,,,UNMATCHED,none,NONE,OGD_Train_details_22122017,
DKDE,Dankaur,,,,,UNMATCHED,none,NONE,OGD_Train_details_22122017,
AJR,Ajaibpur,,,,,UNMATCHED,none,NONE,OGD_Train_details_22122017,
BRKY,Boraki Halt,,,,,UNMATCHED,none,NONE,OGD_Train_details_22122017,
MIU,Maripat,,,,,UNMATCHED,none,NONE,OGD_Train_details_22122017,
MTO,Maitha,,,,,UNMATCHED,none,NONE,OGD_Train_details_22122017,
AAP,Ambiapur,,,,,UNMATCHED,none,NONE,OGD_Train_details_22122017,
KNS,Kanchausi,,,,,UNMATCHED,none,NONE,OGD_Train_details_22122017,
PATA,Pata,,,,,UNMATCHED,none,NONE,OGD_Train_details_22122017,
SHW,Samhon,,,,,UNMATCHED,none,NONE,OGD_Train_details_22122017,
EKL,Ekdil,,,,,UNMATCHED,none,NONE,OGD_Train_details_22122017,
SB,Sarai Bhopat,,,,,UNMATCHED,none,NONE,OGD_Train_details_22122017,
BBL,Balrai,,,,,UNMATCHED,none,NONE,OGD_Train_details_22122017,
KAA,Kaurara,,,,,UNMATCHED,none,NONE,OGD_Train_details_22122017,
SBJ,Sarai Banjar,,,,,UNMATCHED,none,NONE,OGD_Train_details_22122017,
SDY,Sadhoo Garh,,,,,UNMATCHED,none,NONE,OGD_Train_details_22122017,
NGWN,Noganwan,,,,,UNMATCHED,none,NONE,OGD_Train_details_22122017,
MNPR,Mianpur,,,,,UNMATCHED,none,NONE,OGD_Train_details_22122017,
BARJ,Bharatgarh,,,,,UNMATCHED,none,NONE,OGD_Train_details_22122017,
BTTN,Bhattian,,,,,UNMATCHED,none,NONE,OGD_Train_details_22122017,
MAUL,Maula Ali,,,,,UNMATCHED,none,NONE,OGD_Train_details_22122017,
KARR,Kharar,,,,,UNMATCHED,none,NONE,OGD_Train_details_22122017,
HRF,Hathras Qila,,,,,UNMATCHED,none,NONE,OGD_Train_details_22122017,
WSC,West Cabin T,,,,,UNMATCHED,none,NONE,OGD_Train_details_22122017,
GMC,Kanpur Goods,,,,,UNMATCHED,none,NONE,OGD_Train_details_22122017,
BDNP,Bidanpur,,,,,UNMATCHED,none,NONE,OGD_Train_details_22122017,
ASCE,Athsarai,,,,,UNMATCHED,none,NONE,OGD_Train_details_22122017,
KUW,Kunwar,,,,,UNMATCHED,none,NONE,OGD_Train_details_22122017,
KTCE,Katoghan,,,,,UNMATCHED,none,NONE,OGD_Train_details_22122017,
SNIE,Sath Naraini,,,,,UNMATCHED,none,NONE,OGD_Train_details_22122017,
RUB,Rasulabad,,,,,UNMATCHED,none,NONE,OGD_Train_details_22122017,
RAMA,Ramva,,,,,UNMATCHED,none,NONE,OGD_Train_details_22122017,
DDGA,Dugda Washar,,,,,UNMATCHED,none,NONE,OGD_Train_details_22122017,
JNNA,Jamuniatanr,,,,,UNMATCHED,none,NONE,OGD_Train_details_22122017,
SLJR,Salgajhari,,,,,UNMATCHED,none,NONE,OGD_Train_details_22122017,
LSGS,Lavan Satyag,,,,,UNMATCHED,none,NONE,OGD_Train_details_22122017,
HEN,Heria Ph,,,,,UNMATCHED,none,NONE,OGD_Train_details_22122017,
NCN,Nachinda Ph,,,,,UNMATCHED,none,NONE,OGD_Train_details_22122017,
STLB,Sitalpur (Be,,,,,UNMATCHED,none,NONE,OGD_Train_details_22122017,
SJPA,Sujalpur Ph,,,,,UNMATCHED,none,NONE,OGD_Train_details_22122017,
APRD,Ashapurna De,,,,,UNMATCHED,none,NONE,OGD_Train_details_22122017,
BDPA,Badalpur Ph,,,,,UNMATCHED,none,NONE,OGD_Train_details_22122017,
TKRA,Tikra Ph,,,,,UNMATCHED,none,NONE,OGD_Train_details_22122017,
KRCA,Karchiya Yar,,,,,UNMATCHED,none,NONE,OGD_Train_details_22122017,
SNA,Sadanapura,,,,,UNMATCHED,none,NONE,OGD_Train_details_22122017,
BAJ,Bhalej,,,,,UNMATCHED,none,NONE,OGD_Train_details_22122017,
OD,Ode,,,,,UNMATCHED,none,NONE,OGD_Train_details_22122017,
UMH,Umreth,,,,,UNMATCHED,none,NONE,OGD_Train_details_22122017,
DK,Dakor,,,,,UNMATCHED,none,NONE,OGD_Train_details_22122017,
TAS,Thasra,,,,,UNMATCHED,none,NONE,OGD_Train_details_22122017,
AGCI,Angadi,,,,,UNMATCHED,none,NONE,OGD_Train_details_22122017,
SVL,Sevaliya,,,,,UNMATCHED,none,NONE,OGD_Train_details_22122017,
TBA,Timba Road J,,,,,UNMATCHED,none,NONE,OGD_Train_details_22122017,
TUWA,Tuwa,,,,,UNMATCHED,none,NONE,OGD_Train_details_22122017,
VKG,Vavadi Khurd,Avadi,13.1182744,80.1015427,Q4827409,MATCHED,fuzzy_name,MEDIUM,OGD_Train_details_22122017,OSM_chennai_thoothukudi_stations_raw.geojson
UOI,Umroli,,,,,UNMATCHED,none,NONE,OGD_Train_details_22122017,
KHBV,Kharbao,,,,,UNMATCHED,none,NONE,OGD_Train_details_22122017,
KARD,Kaman,Adiyakkamangalam,10.7573645,79.6816603,Q63355704,MATCHED,fuzzy_name,MEDIUM,OGD_Train_details_22122017,OSM_chennai_thoothukudi_stations_raw.geojson
JCNR,Juchandra,,,,,UNMATCHED,none,NONE,OGD_Train_details_22122017,
NSP,Nalla-Sopara,,,,,UNMATCHED,none,NONE,OGD_Train_details_22122017,
THMA,Tham,Kallakkudi Palanganatham,10.9664852,78.9497032,Q63356189,MATCHED,fuzzy_name,MEDIUM,OGD_Train_details_22122017,OSM_chennai_thoothukudi_stations_raw.geojson
SAMN,Samni Jn.,,,,,UNMATCHED,none,NONE,OGD_Train_details_22122017,
VGRA,Vagra,,,,,UNMATCHED,none,NONE,OGD_Train_details_22122017,
PKJN,Pakhajan,,,,,UNMATCHED,none,NONE,OGD_Train_details_22122017,
DGFJ,Dahej,,,,,UNMATCHED,none,NONE,OGD_Train_details_22122017,
DDCL,Dombivli Ctl,,,,,UNMATCHED,none,NONE,OGD_Train_details_22122017,
BRB,Boribial,,,,,UNMATCHED,none,NONE,OGD_Train_details_22122017,
MLM,Malthan,,,,,UNMATCHED,none,NONE,OGD_Train_details_22122017,
JNTR,Jinti Road,,,,,UNMATCHED,none,NONE,OGD_Train_details_22122017,
WSB,Washimbe,,,,,UNMATCHED,none,NONE,OGD_Train_details_22122017,
PPJ,Pophlaj,,,,,UNMATCHED,none,NONE,OGD_Train_details_22122017,
BLNI,Bhalwani,,,,,UNMATCHED,none,NONE,OGD_Train_details_22122017,
DHS,Dhavalas,,,,,UNMATCHED,none,NONE,OGD_Train_details_22122017,
WDS,Wadsinge,,,,,UNMATCHED,none,NONE,OGD_Train_details_22122017,
WKA,Vakav,,,,,UNMATCHED,none,NONE,OGD_Train_details_22122017,
AAG,Angar,Bangarpet Junction,12.9854946,78.178224,Q17049573,MATCHED,fuzzy_name,MEDIUM,OGD_Train_details_22122017,OSM_chennai_thoothukudi_stations_raw.geojson
MKPT,Malikpeth,,,,,UNMATCHED,none,NONE,OGD_Train_details_22122017,
MVE,Mundhewadi,,,,,UNMATCHED,none,NONE,OGD_Train_details_22122017,
PK,Pakni,,,,,UNMATCHED,none,NONE,OGD_Train_details_22122017,
BALE,Bale,,,,,UNMATCHED,none,NONE,OGD_Train_details_22122017,
KRDN,Karaundhana,,,,,UNMATCHED,none,NONE,OGD_Train_details_22122017,
DMSR,Dhimsiri,,,,,UNMATCHED,none,NONE,OGD_Train_details_22122017,
FAB,Fatehabad,,,,,UNMATCHED,none,NONE,OGD_Train_details_22122017,
MAKP,Manikpura,,,,,UNMATCHED,none,NONE,OGD_Train_details_22122017,
BDRI,Bhadrauli,,,,,UNMATCHED,none,NONE,OGD_Train_details_22122017,
BASR,Batesar,,,,,UNMATCHED,none,NONE,OGD_Train_details_22122017,
HAB,Bah,,,,,UNMATCHED,none,NONE,OGD_Train_details_22122017,
JTKN,Jaitpur Kala,,,,,UNMATCHED,none,NONE,OGD_Train_details_22122017,
MGKP,Manisingh Ka,,,,,UNMATCHED,none,NONE,OGD_Train_details_22122017,
JATP,Jaitpura,,,,,UNMATCHED,none,NONE,OGD_Train_details_22122017,
SKJS,Krishan Janm,,,,,UNMATCHED,none,NONE,OGD_Train_details_22122017,
MSE,Masani,,,,,UNMATCHED,none,NONE,OGD_Train_details_22122017,
BDB,Vrindavan,,,,,UNMATCHED,none,NONE,OGD_Train_details_22122017,
KPJ,Kopaganj Hal,,,,,UNMATCHED,none,NONE,OGD_Train_details_22122017,
GSI,Ghosi,,,,,UNMATCHED,none,NONE,OGD_Train_details_22122017,
AMD,Amila (Halt),,,,,UNMATCHED,none,NONE,OGD_Train_details_22122017,
MRDP,Muradpur (Ha,,,,,UNMATCHED,none,NONE,OGD_Train_details_22122017,
DIT,Dohrighat,,,,,UNMATCHED,none,NONE,OGD_Train_details_22122017,
PTG,Patna Ghat,,,,,UNMATCHED,none,NONE,OGD_Train_details_22122017,
RBHT,R Block Halt,,,,,UNMATCHED,none,NONE,OGD_Train_details_22122017,
OSH,Old Sachival,,,,,UNMATCHED,none,NONE,OGD_Train_details_22122017,
BRHT,Bailey Road,,,,,UNMATCHED,none,NONE,OGD_Train_details_22122017,
PCHT,Punaichak Ha,,,,,UNMATCHED,none,NONE,OGD_Train_details_22122017,
SPHT,Shivpuri Hal,,,,,UNMATCHED,none,NONE,OGD_Train_details_22122017,
RVN,Rajiv Nagar,,,,,UNMATCHED,none,NONE,OGD_Train_details_22122017,
DDG,Digha Ghat,,,,,UNMATCHED,none,NONE,OGD_Train_details_22122017,
DDGJ,Deedar Ganj,,,,,UNMATCHED,none,NONE,OGD_Train_details_22122017,
BBI,Bara Bani,,,,,UNMATCHED,none,NONE,OGD_Train_details_22122017,
TOP,Tapasi,,,,,UNMATCHED,none,NONE,OGD_Train_details_22122017,
SSCR,Sonachara  S,,,,,UNMATCHED,none,NONE,OGD_Train_details_22122017,
NNWH,New Nawadih,,,,,UNMATCHED,none,NONE,OGD_Train_details_22122017,
CNDN,Chandan,,,,,UNMATCHED,none,NONE,OGD_Train_details_22122017,
BHAU,Bhalua,,,,,UNMATCHED,none,NONE,OGD_Train_details_22122017,
KTOR,Katoriya,,,,,UNMATCHED,none,NONE,OGD_Train_details_22122017,
KARJ,Karjhausa,,,,,UNMATCHED,none,NONE,OGD_Train_details_22122017,
KKBA,Kakbara,,,,,UNMATCHED,none,NONE,OGD_Train_details_22122017,
BRNI,Barwasni Hal,,,,,UNMATCHED,none,NONE,OGD_Train_details_22122017,
MOHR,Mohana Harya,,,,,UNMATCHED,none,NONE,OGD_Train_details_22122017,
LATH,Lath Halt,,,,,UNMATCHED,none,NONE,OGD_Train_details_22122017,
RBHR,Rabhra Haalt,,,,,UNMATCHED,none,NONE,OGD_Train_details_22122017,
KHDR,Khandari Hal,,,,,UNMATCHED,none,NONE,OGD_Train_details_22122017,
BUTN,Butana Halt,,,,,UNMATCHED,none,NONE,OGD_Train_details_22122017,
ISRI,Ishapur Kher,,,,,UNMATCHED,none,NONE,OGD_Train_details_22122017,
BHMW,Bhambhewa,,,,,UNMATCHED,none,NONE,OGD_Train_details_22122017,
LTKR,Lalit Khera,,,,,UNMATCHED,none,NONE,OGD_Train_details_22122017,
BLJA,Bhalojala  H,,,,,UNMATCHED,none,NONE,OGD_Train_details_22122017,
SPJB,Saidpur Jala,,,,,UNMATCHED,none,NONE,OGD_Train_details_22122017,
KDSB,Khadur  Sahi,,,,,UNMATCHED,none,NONE,OGD_Train_details_22122017,
GWSB,Goindwal Sah,,,,,UNMATCHED,none,NONE,OGD_Train_details_22122017,
TTO,Tarn Taran,,,,,UNMATCHED,none,NONE,OGD_Train_details_22122017,
BAHL,Banihal,,,,,UNMATCHED,none,NONE,OGD_Train_details_22122017,
HRSB,Hillar Shaha,,,,,UNMATCHED,none,NONE,OGD_Train_details_22122017,
QG,Quazigund,,,,,UNMATCHED,none,NONE,OGD_Train_details_22122017,
SDUA,Sadura,,,,,UNMATCHED,none,NONE,OGD_Train_details_22122017,
ANT,Anantnag,,,,,UNMATCHED,none,NONE,OGD_Train_details_22122017,
BJBA,Bijbiara,,,,,UNMATCHED,none,NONE,OGD_Train_details_22122017,
PJGM,Panjgam,,,,,UNMATCHED,none,NONE,OGD_Train_details_22122017,
ATPA,Awantipura,,,,,UNMATCHED,none,NONE,OGD_Train_details_22122017,
KAPE,Kakapora,,,,,UNMATCHED,none,NONE,OGD_Train_details_22122017,
PMPE,Pampora,,,,,UNMATCHED,none,NONE,OGD_Train_details_22122017,
SINA,Srinagar,,,,,UNMATCHED,none,NONE,OGD_Train_details_22122017,
BDGM,Budgam,,,,,UNMATCHED,none,NONE,OGD_Train_details_22122017,
MZMA,Mazhom,,,,,UNMATCHED,none,NONE,OGD_Train_details_22122017,
PTTN,Pattan,Ayodhyapattanam,11.6715816,78.2342048,Q63371900,MATCHED,fuzzy_name,MEDIUM,OGD_Train_details_22122017,OSM_chennai_thoothukudi_stations_raw.geojson
HME,Hamre,,,,,UNMATCHED,none,NONE,OGD_Train_details_22122017,
SXZM,Sopore,,,,,UNMATCHED,none,NONE,OGD_Train_details_22122017,
BRML,Baramulla,,,,,UNMATCHED,none,NONE,OGD_Train_details_22122017,
MJTA,Majitha,,,,,UNMATCHED,none,NONE,OGD_Train_details_22122017,
KTGN,Kotla Gujran,,,,,UNMATCHED,none,NONE,OGD_Train_details_22122017,
FGCN,Fatehgarh Ch,,,,,UNMATCHED,none,NONE,OGD_Train_details_22122017,
HDWL,Hardorawal,,,,,UNMATCHED,none,NONE,OGD_Train_details_22122017,
RDS,Ramdas,,,,,UNMATCHED,none,NONE,OGD_Train_details_22122017,
RCR,Ratar Chhatt,,,,,UNMATCHED,none,NONE,OGD_Train_details_22122017,
DBNK,Derababa Nan,,,,,UNMATCHED,none,NONE,OGD_Train_details_22122017,
CIA,Chheharta,,,,,UNMATCHED,none,NONE,OGD_Train_details_22122017,
KSA,Khasa,Mukhasa Parur,11.5661844,79.2408766,Q63371884,MATCHED,fuzzy_name,MEDIUM,OGD_Train_details_22122017,OSM_chennai_thoothukudi_stations_raw.geojson
KEMK,Khem Karan,,,,,UNMATCHED,none,NONE,OGD_Train_details_22122017,
PAX,Patti,Tinnappatti,11.8123622,78.0983321,Q63355302,MATCHED,fuzzy_name,MEDIUM,OGD_Train_details_22122017,OSM_chennai_thoothukudi_stations_raw.geojson
BGTN,Bhagtanwala,,,,,UNMATCHED,none,NONE,OGD_Train_details_22122017,
QDN,Qadian,,,,,UNMATCHED,none,NONE,OGD_Train_details_22122017,
MEC,Merta City,,,,,UNMATCHED,none,NONE,OGD_Train_details_22122017,
SURP,Suratpura Jn,,,,,UNMATCHED,none,NONE,OGD_Train_details_22122017,
BMSN,Bamsin,,,,,UNMATCHED,none,NONE,OGD_Train_details_22122017,
RHI,Rakhi,,,,,UNMATCHED,none,NONE,OGD_Train_details_22122017,
BAWA,Balwara,,,,,UNMATCHED,none,NONE,OGD_Train_details_22122017,
BISH,Bishengarh,,,,,UNMATCHED,none,NONE,OGD_Train_details_22122017,
JNX,Jagannath Ji,,,,,UNMATCHED,none,NONE,OGD_Train_details_22122017,
MBGA,Marwar Bagra,,,,,UNMATCHED,none,NONE,OGD_Train_details_22122017,
BK,Bakra Road,,,,,UNMATCHED,none,NONE,OGD_Train_details_22122017,
BIPR,Bheempura,,,,,UNMATCHED,none,NONE,OGD_Train_details_22122017,
LDM,Ladermer,,,,,UNMATCHED,none,NONE,OGD_Train_details_22122017,
KOF,Marwar Kori,,,,,UNMATCHED,none,NONE,OGD_Train_details_22122017,
MBW,Malwara,,,,,UNMATCHED,none,NONE,OGD_Train_details_22122017,
MSQ,Marwar Ratan,,,,,UNMATCHED,none,NONE,OGD_Train_details_22122017,
DGQ,Dugdol Halt,,,,,UNMATCHED,none,NONE,OGD_Train_details_22122017,
JARI,Jari,,,,,UNMATCHED,none,NONE,OGD_Train_details_22122017,
RXN,Ramsan,,,,,UNMATCHED,none,NONE,OGD_Train_details_22122017,
JNZ,Jenal,,,,,UNMATCHED,none,NONE,OGD_Train_details_22122017,
NOA,Nosaria  Hal,,,,,UNMATCHED,none,NONE,OGD_Train_details_22122017,
GOZ,Golsar,,,,,UNMATCHED,none,NONE,OGD_Train_details_22122017,
MELH,Melusar,,,,,UNMATCHED,none,NONE,OGD_Train_details_22122017,
KLYN,Khileriyan,,,,,UNMATCHED,none,NONE,OGD_Train_details_22122017,
DUS,Dulrasar,,,,,UNMATCHED,none,NONE,OGD_Train_details_22122017,
UDS,Udasar,,,,,UNMATCHED,none,NONE,OGD_Train_details_22122017,
SRDR,Sardarsahar,,,,,UNMATCHED,none,NONE,OGD_Train_details_22122017,
QMRS,Kayamsar,,,,,UNMATCHED,none,NONE,OGD_Train_details_22122017,
RSWT,Ramgarh Shek,,,,,UNMATCHED,none,NONE,OGD_Train_details_22122017,
MWR,Mahansar,,,,,UNMATCHED,none,NONE,OGD_Train_details_22122017,
BUB,Bissau,,,,,UNMATCHED,none,NONE,OGD_Train_details_22122017,
MHP,Muhammadpur,,,,,UNMATCHED,none,NONE,OGD_Train_details_22122017,
BJT,Bajpatti,,,,,UNMATCHED,none,NONE,OGD_Train_details_22122017,
PSZ,Parsauni,,,,,UNMATCHED,none,NONE,OGD_Train_details_22122017,
DUMR,Dumara,,,,,UNMATCHED,none,NONE,OGD_Train_details_22122017,
GARA,Garha,,,,,UNMATCHED,none,NONE,OGD_Train_details_22122017,
NRSD,New Runnisai,,,,,UNMATCHED,none,NONE,OGD_Train_details_22122017,
BPGR,Benipurgram,,,,,UNMATCHED,none,NONE,OGD_Train_details_22122017,
PATR,Paramjeevar,,,,,UNMATCHED,none,NONE,OGD_Train_details_22122017,
JUBS,Jubbasahani,,,,,UNMATCHED,none,NONE,OGD_Train_details_22122017,
RIGA,Riga,,,,,UNMATCHED,none,NONE,OGD_Train_details_22122017,
DAG,Dhang,,,,,UNMATCHED,none,NONE,OGD_Train_details_22122017,
KWC,Kundwa Chain,,,,,UNMATCHED,none,NONE,OGD_Train_details_22122017,
CAO,Chauradano,,,,,UNMATCHED,none,NONE,OGD_Train_details_22122017,
ADX,Adapur,Varadapura,12.9224513,78.1914439,Q63369896,MATCHED,fuzzy_name,MEDIUM,OGD_Train_details_22122017,OSM_chennai_thoothukudi_stations_raw.geojson
SHEO,Shisho H,,,,,UNMATCHED,none,NONE,OGD_Train_details_22122017,
TQR,Tektar F,,,,,UNMATCHED,none,NONE,OGD_Train_details_22122017,
MRTA,Muraitha  Ha,,,,,UNMATCHED,none,NONE,OGD_Train_details_22122017,
DBLI,Debrabandhau,,,,,UNMATCHED,none,NONE,OGD_Train_details_22122017,
CNX,Chandauna Ha,,,,,UNMATCHED,none,NONE,OGD_Train_details_22122017,
BHSA,Bhisa Halt,,,,,UNMATCHED,none,NONE,OGD_Train_details_22122017,
AWPR,Awapur F,,,,,UNMATCHED,none,NONE,OGD_Train_details_22122017,
BCPR,Bachharpur H,,,,,UNMATCHED,none,NONE,OGD_Train_details_22122017,
PPTN,Piprithan,,,,,UNMATCHED,none,NONE,OGD_Train_details_22122017,
BTSI,Batasi,,,,,UNMATCHED,none,NONE,OGD_Train_details_22122017,
MTRA,Matigara,,,,,UNMATCHED,none,NONE,OGD_Train_details_22122017,
MLBZ,Mal Bazar,,,,,UNMATCHED,none,NONE,OGD_Train_details_22122017,
BDS,Boradighi,,,,,UNMATCHED,none,NONE,OGD_Train_details_22122017,
NOR,Neoranadi,,,,,UNMATCHED,none,NONE,OGD_Train_details_22122017,
LTG,Lataguri Jn,,,,,UNMATCHED,none,NONE,OGD_Train_details_22122017,
DOI,Domohni,,,,,UNMATCHED,none,NONE,OGD_Train_details_22122017,
CBD,Changrabandh,,,,,UNMATCHED,none,NONE,OGD_Train_details_22122017,
PUQ,Puranigudam,,,,,UNMATCHED,none,NONE,OGD_Train_details_22122017,
SMGR,Samaguri,,,,,UNMATCHED,none,NONE,OGD_Train_details_22122017,
SLON,Salona,,,,,UNMATCHED,none,NONE,OGD_Train_details_22122017,
TNPR,Teznarayanpu,,,,,UNMATCHED,none,NONE,OGD_Train_details_22122017,
KTKS,Kantakosh Ha,,,,,UNMATCHED,none,NONE,OGD_Train_details_22122017,
MHI,Manihari,,,,,UNMATCHED,none,NONE,OGD_Train_details_22122017,
BHMA,Baghmara Hal,,,,,UNMATCHED,none,NONE,OGD_Train_details_22122017,
MHPR,Mahiyarpur,,,,,UNMATCHED,none,NONE,OGD_Train_details_22122017,
KRMP,Kumaripur Ha,,,,,UNMATCHED,none,NONE,OGD_Train_details_22122017,
MNS,Manshahi,,,,,UNMATCHED,none,NONE,OGD_Train_details_22122017,
BGLI,Bargolai,,,,,UNMATCHED,none,NONE,OGD_Train_details_22122017,
TII,Tingrai,,,,,UNMATCHED,none,NONE,OGD_Train_details_22122017,
PNT,Panitola,,,,,UNMATCHED,none,NONE,OGD_Train_details_22122017,
DKM,Dikom,,,,,UNMATCHED,none,NONE,OGD_Train_details_22122017,
LHL,Lahoal,,,,,UNMATCHED,none,NONE,OGD_Train_details_22122017,
CKW,Chalkhowa,,,,,UNMATCHED,none,NONE,OGD_Train_details_22122017,
BPJ,Bara Hapjan,,,,,UNMATCHED,none,NONE,OGD_Train_details_22122017,
HNR,Hansara,,,,,UNMATCHED,none,NONE,OGD_Train_details_22122017,
DUT,Dum Duma Tow,,,,,UNMATCHED,none,NONE,OGD_Train_details_22122017,
RPY,Rupai,,,,,UNMATCHED,none,NONE,OGD_Train_details_22122017,
TLL,Talap,,,,,UNMATCHED,none,NONE,OGD_Train_details_22122017,
DNGI,Dangari,,,,,UNMATCHED,none,NONE,OGD_Train_details_22122017,
AVT,Avatihalli,,,,,UNMATCHED,none,NONE,OGD_Train_details_22122017,
VTE,Venkatagirik,,,,,UNMATCHED,none,NONE,OGD_Train_details_22122017,
NDY,Nandi,,,,,UNMATCHED,none,NONE,OGD_Train_details_22122017,
CBP,Chikballapur,,,,,UNMATCHED,none,NONE,OGD_Train_details_22122017,
GDH,Gidanahalli,,,,,UNMATCHED,none,NONE,OGD_Train_details_22122017,
IDT,Sidlaghatta,,,,,UNMATCHED,none,NONE,OGD_Train_details_22122017,
HUN,Hunsenahalli,,,,,UNMATCHED,none,NONE,OGD_Train_details_22122017,
CMY,Chintamani,,,,,UNMATCHED,none,NONE,OGD_Train_details_22122017,
DTT,Doddaghatta,,,,,UNMATCHED,none,NONE,OGD_Train_details_22122017,
SVS,Srinivaspur,,,,,UNMATCHED,none,NONE,OGD_Train_details_22122017,
DNU,Dalsanur,,,,,UNMATCHED,none,NONE,OGD_Train_details_22122017,
GJT,Jannaghatta,,,,,UNMATCHED,none,NONE,OGD_Train_details_22122017,
MAND,Mandurai Hal,,,,,UNMATCHED,none,NONE,OGD_Train_details_22122017,
CTPR,Chinta Parru,,,,,UNMATCHED,none,NONE,OGD_Train_details_22122017,
CKV,Cherukuvada,,,,,UNMATCHED,none,NONE,OGD_Train_details_22122017,
PSLP,Pasalapudi,,,,,UNMATCHED,none,NONE,OGD_Train_details_22122017,
GUK,Guntakoduru,,,,,UNMATCHED,none,NONE,OGD_Train_details_22122017,
LKSH,Lakshminaray,,,,,UNMATCHED,none,NONE,OGD_Train_details_22122017,
AVLI,Aravalli,,,,,UNMATCHED,none,NONE,OGD_Train_details_22122017,
RLG,Relangi,,,,,UNMATCHED,none,NONE,OGD_Train_details_22122017,
VPU,Velpuru Halt,,,,,UNMATCHED,none,NONE,OGD_Train_details_22122017,
STVA,Satyavada Ha,,,,,UNMATCHED,none,NONE,OGD_Train_details_22122017,
KZJE,Kazipet E Ca,,,,,UNMATCHED,none,NONE,OGD_Train_details_22122017,
STBD,Sultanabad H,,,,,UNMATCHED,none,NONE,OGD_Train_details_22122017,
LPJL,Jagityal,,,,,UNMATCHED,none,NONE,OGD_Train_details_22122017,
GDRA,Gangadhara,,,,,UNMATCHED,none,NONE,OGD_Train_details_22122017,
ARMU,Armoor,,,,,UNMATCHED,none,NONE,OGD_Train_details_22122017,
MRTD,Mortad,,,,,UNMATCHED,none,NONE,OGD_Train_details_22122017,
MTPI,Metpalli,,,,,UNMATCHED,none,NONE,OGD_Train_details_22122017,
KRLA,Koratla,,,,,UNMATCHED,none,NONE,OGD_Train_details_22122017,
KOVH,Kovvada Halt,,,,,UNMATCHED,none,NONE,OGD_Train_details_22122017,
AKAH,Artalakatta,,,,,UNMATCHED,none,NONE,OGD_Train_details_22122017,
KRAP,Krappa Halt,,,,,UNMATCHED,none,NONE,OGD_Train_details_22122017,
VH,Vakada Halt,,,,,UNMATCHED,none,NONE,OGD_Train_details_22122017,
VGH,Velangi Halt,,,,,UNMATCHED,none,NONE,OGD_Train_details_22122017,
NSPH,Narasapurapu,,,,,UNMATCHED,none,NONE,OGD_Train_details_22122017,
RBCS,Ramachandrap,,,,,UNMATCHED,none,NONE,OGD_Train_details_22122017,
DKSA,Draksharama,,,,,UNMATCHED,none,NONE,OGD_Train_details_22122017,
KDUH,Kunduru,,,,,UNMATCHED,none,NONE,OGD_Train_details_22122017,
GVMH,Gangavaram H,,,,,UNMATCHED,none,NONE,OGD_Train_details_22122017,
KPLH,Kotipalli,,,,,UNMATCHED,none,NONE,OGD_Train_details_22122017,
MADU,Madduru,,,,,UNMATCHED,none,NONE,OGD_Train_details_22122017,
SJMA,Sanjamala,,,,,UNMATCHED,none,NONE,OGD_Train_details_22122017,
NOSM,Nossam,,,,,UNMATCHED,none,NONE,OGD_Train_details_22122017,
SUPP,Suppalapadu,,,,,UNMATCHED,none,NONE,OGD_Train_details_22122017,
GGNP,Ganganpalle,,,,,UNMATCHED,none,NONE,OGD_Train_details_22122017,
PDMI,Pendlimarri,,,,,UNMATCHED,none,NONE,OGD_Train_details_22122017,
NGM,Nagasamudram,,,,,UNMATCHED,none,NONE,OGD_Train_details_22122017,
MKJ,Makkajipalli,,,,,UNMATCHED,none,NONE,OGD_Train_details_22122017,
MRKL,Marikal,,,,,UNMATCHED,none,NONE,OGD_Train_details_22122017,
JKAR,Jaklair,,,,,UNMATCHED,none,NONE,OGD_Train_details_22122017,
HLKH,Hallikhed,,,,,UNMATCHED,none,NONE,OGD_Train_details_22122017,
HMBD,Humnabad,,,,,UNMATCHED,none,NONE,OGD_Train_details_22122017,
HLKK,Hallikherk,,,,,UNMATCHED,none,NONE,OGD_Train_details_22122017,
KMLK,Kamalapur,,,,,UNMATCHED,none,NONE,OGD_Train_details_22122017,
SLTP,Sultanpur,,,,,UNMATCHED,none,NONE,OGD_Train_details_22122017,
STDB,Sitafalmandi,,,,,UNMATCHED,none,NONE,OGD_Train_details_22122017,
PJPR,Pjp Road Hal,,,,,UNMATCHED,none,NONE,OGD_Train_details_22122017,
PASR,Panduranga S,,,,,UNMATCHED,none,NONE,OGD_Train_details_22122017,
CDBH,Candrabanda,,,,,UNMATCHED,none,NONE,OGD_Train_details_22122017,
RJLK,Rajalukah,,,,,UNMATCHED,none,NONE,OGD_Train_details_22122017,
BWO,Buramara,,,,,UNMATCHED,none,NONE,OGD_Train_details_22122017,
HLD,Haludpukur,,,,,UNMATCHED,none,NONE,OGD_Train_details_22122017,
BDO,Bahalda Road,,,,,UNMATCHED,none,NONE,OGD_Train_details_22122017,
GUMI,Gorumahisani,,,,,UNMATCHED,none,NONE,OGD_Train_details_22122017,
OND,Aunlajori Jn,,,,,UNMATCHED,none,NONE,OGD_Train_details_22122017,
RRP,Rairangpur,,,,,UNMATCHED,none,NONE,OGD_Train_details_22122017,
KIJ,Kuldiha,,,,,UNMATCHED,none,NONE,OGD_Train_details_22122017,
CHHU,Chhanua,,,,,UNMATCHED,none,NONE,OGD_Train_details_22122017,
BMPR,Badampahar,,,,,UNMATCHED,none,NONE,OGD_Train_details_22122017,
GMMG,Gram Masagra,,,,,UNMATCHED,none,NONE,OGD_Train_details_22122017,
GMDP,Gramdadpur,,,,,UNMATCHED,none,NONE,OGD_Train_details_22122017,
BUGM,Berugram,,,,,UNMATCHED,none,NONE,OGD_Train_details_22122017,
MTIP,Mathnanhipur,,,,,UNMATCHED,none,NONE,OGD_Train_details_22122017,
RNGR,Rainagar Ph,,,,,UNMATCHED,none,NONE,OGD_Train_details_22122017,
SHMR,Shyamsundar,,,,,UNMATCHED,none,NONE,OGD_Train_details_22122017,
GOR,Gopinathpur,,,,,UNMATCHED,none,NONE,OGD_Train_details_22122017,
SRBZ,Sehara Bazar,,,,,UNMATCHED,none,NONE,OGD_Train_details_22122017,
KYB,Kaiyar Ph,,,,,UNMATCHED,none,NONE,OGD_Train_details_22122017,
GSQ,Guir Sarang,,,,,UNMATCHED,none,NONE,OGD_Train_details_22122017,
BWCN,Bowaichandi,,,,,UNMATCHED,none,NONE,OGD_Train_details_22122017,
SHKL,Shankrul Ph,,,,,UNMATCHED,none,NONE,OGD_Train_details_22122017,
INS,Indas Ph,,,,,UNMATCHED,none,NONE,OGD_Train_details_22122017,
KMRL,Kumrui Ph,,,,,UNMATCHED,none,NONE,OGD_Train_details_22122017,
BTRB,Betur Ph,,,,,UNMATCHED,none,NONE,OGD_Train_details_22122017,
PSF,Patrasayer P,,,,,UNMATCHED,none,NONE,OGD_Train_details_22122017,
DGF,Dhangaria Ph,,,,,UNMATCHED,none,NONE,OGD_Train_details_22122017,
DIM,Dhansimla Ph,,,,,UNMATCHED,none,NONE,OGD_Train_details_22122017,
SONA,Sonamukhi Ph,,,,,UNMATCHED,none,NONE,OGD_Train_details_22122017,
HAM,Hamiratti Ph,,,,,UNMATCHED,none,NONE,OGD_Train_details_22122017,
BDPR,Brindabanpur,,,,,UNMATCHED,none,NONE,OGD_Train_details_22122017,
BZC,Beliator Ph,,,,,UNMATCHED,none,NONE,OGD_Train_details_22122017,
BEX,Belboni Ph,,,,,UNMATCHED,none,NONE,OGD_Train_details_22122017,
NOB,Nobanda Ph,,,,,UNMATCHED,none,NONE,OGD_Train_details_22122017,
BKNO,Biknaph,,,,,UNMATCHED,none,NONE,OGD_Train_details_22122017,
NRSP,Narasimhapur,,,,,UNMATCHED,none,NONE,OGD_Train_details_22122017,
NGJA,Narayanappav,,,,,UNMATCHED,none,NONE,OGD_Train_details_22122017,
RML,Rompalle Ph,,,,,UNMATCHED,none,NONE,OGD_Train_details_22122017,
SALR,Salur,,,,,UNMATCHED,none,NONE,OGD_Train_details_22122017,
NGDM,Nagra Dham P,,,,,UNMATCHED,none,NONE,OGD_Train_details_22122017,
PRBG,Pratap Bagh,,,,,UNMATCHED,none,NONE,OGD_Train_details_22122017,
GRJ,Gatra Halt,,,,,UNMATCHED,none,NONE,OGD_Train_details_22122017,
BRA,Birsoal,,,,,UNMATCHED,none,NONE,OGD_Train_details_22122017,
KRXA,Khara,,,,,UNMATCHED,none,NONE,OGD_Train_details_22122017,
HTT,Hatta Road,,,,,UNMATCHED,none,NONE,OGD_Train_details_22122017,
KNDG,Kanhadgaon,,,,,UNMATCHED,none,NONE,OGD_Train_details_22122017,
BTC,Balaghat Jn.,,,,,UNMATCHED,none,NONE,OGD_Train_details_22122017,
GRHX,Garra,,,,,UNMATCHED,none,NONE,OGD_Train_details_22122017,
KAYI,Kaydi Halt,,,,,UNMATCHED,none,NONE,OGD_Train_details_22122017,
WRI,Waraseoni,,,,,UNMATCHED,none,NONE,OGD_Train_details_22122017,
SGC,Saongi,,,,,UNMATCHED,none,NONE,OGD_Train_details_22122017,
KFX,Kochewahi,,,,,UNMATCHED,none,NONE,OGD_Train_details_22122017,
LNW,Lakhanwara,,,,,UNMATCHED,none,NONE,OGD_Train_details_22122017,
KGE,Katangi,,,,,UNMATCHED,none,NONE,OGD_Train_details_22122017,
MXA,Marauda,,,,,UNMATCHED,none,NONE,OGD_Train_details_22122017,
PUWA,Pauwara  Hal,,,,,UNMATCHED,none,NONE,OGD_Train_details_22122017,
RSA,Risama,,,,,UNMATCHED,none,NONE,OGD_Train_details_22122017,
GDZ,Gundardehi,,,,,UNMATCHED,none,NONE,OGD_Train_details_22122017,
SKSO,Sikosa,,,,,UNMATCHED,none,NONE,OGD_Train_details_22122017,
LBO,Latabor,,,,,UNMATCHED,none,NONE,OGD_Train_details_22122017,
BXA,Balod,,,,,UNMATCHED,none,NONE,OGD_Train_details_22122017,
KYS,Kusumkasa,,,,,UNMATCHED,none,NONE,OGD_Train_details_22122017,
DRZ,Dalli-Rajhar,,,,,UNMATCHED,none,NONE,OGD_Train_details_22122017,
GUDM,Gudum,,,,,UNMATCHED,none,NONE,OGD_Train_details_22122017,
RAU,Rau,,,,,UNMATCHED,none,NONE,OGD_Train_details_22122017,
RJQ,Rajendranaga,,,,,UNMATCHED,none,NONE,OGD_Train_details_22122017,
LKMN,Lokmanya Nag,,,,,UNMATCHED,none,NONE,OGD_Train_details_22122017,
SFNR,Saifee Nagar,,,,,UNMATCHED,none,NONE,OGD_Train_details_22122017,
PLA,Palia,,,,,UNMATCHED,none,NONE,OGD_Train_details_22122017,
BLDK,Belakoba,,,,,UNMATCHED,none,NONE,OGD_Train_details_22122017,
AJN,Ajnod,,,,,UNMATCHED,none,NONE,OGD_Train_details_22122017,
OSRA,Osra,,,,,UNMATCHED,none,NONE,OGD_Train_details_22122017,
GPX,Gautampura R,,,,,UNMATCHED,none,NONE,OGD_Train_details_22122017,
PJH,Pirjhalar,,,,,UNMATCHED,none,NONE,OGD_Train_details_22122017,
SNBD,Sunderabad,,,,,UNMATCHED,none,NONE,OGD_Train_details_22122017,
RNJ,Runija,,,,,UNMATCHED,none,NONE,OGD_Train_details_22122017,
PRNG,Pritamnagar,,,,,UNMATCHED,none,NONE,OGD_Train_details_22122017,
NGW,Nauganwan,,,,,UNMATCHED,none,NONE,OGD_Train_details_22122017,
VLYN,Vallabh Vidh,,,,,UNMATCHED,none,NONE,OGD_Train_details_22122017,
KRYR,Karamsad,,,,,UNMATCHED,none,NONE,OGD_Train_details_22122017,
AGAS,Agas,Agastiyampalli,10.3550473,79.8502088,Q104534578,MATCHED,fuzzy_name,MEDIUM,OGD_Train_details_22122017,OSM_chennai_thoothukudi_stations_raw.geojson
BHAL,Bhatiel,,,,,UNMATCHED,none,NONE,OGD_Train_details_22122017,
PTD,Petlad Jn.,,,,,UNMATCHED,none,NONE,OGD_Train_details_22122017,
PNDR,Pandori,,,,,UNMATCHED,none,NONE,OGD_Train_details_22122017,
NTN,Nar Town,,,,,UNMATCHED,none,NONE,OGD_Train_details_22122017,
TRP,Tarapur,,,,,UNMATCHED,none,NONE,OGD_Train_details_22122017,
YVP,Yawarpura,,,,,UNMATCHED,none,NONE,OGD_Train_details_22122017,
SAY,Sayama,,,,,UNMATCHED,none,NONE,OGD_Train_details_22122017,
KLWD,Kalitalavadi,Avadi,13.1182744,80.1015427,Q4827409,MATCHED,fuzzy_name,MEDIUM,OGD_Train_details_22122017,OSM_chennai_thoothukudi_stations_raw.geojson
CBY,Khambhat,,,,,UNMATCHED,none,NONE,OGD_Train_details_22122017,
CDK,Chandkheda R,,,,,UNMATCHED,none,NONE,OGD_Train_details_22122017,
MU,Makansar,,,,,UNMATCHED,none,NONE,OGD_Train_details_22122017,
RF,Rafaleshwar,,,,,UNMATCHED,none,NONE,OGD_Train_details_22122017,
NZG,Nazarbag,,,,,UNMATCHED,none,NONE,OGD_Train_details_22122017,
DV,Dhuva,,,,,UNMATCHED,none,NONE,OGD_Train_details_22122017,
KKR,Khakhrala Ro,,,,,UNMATCHED,none,NONE,OGD_Train_details_22122017,
BRL,Barwalaroad,,,,,UNMATCHED,none,NONE,OGD_Train_details_22122017,
PPS,Pipliya Road,,,,,UNMATCHED,none,NONE,OGD_Train_details_22122017,
DAC,Dahinsara,,,,,UNMATCHED,none,NONE,OGD_Train_details_22122017,
WWA,Vavaniya,,,,,UNMATCHED,none,NONE,OGD_Train_details_22122017,
VJF,Vijapur,,,,,UNMATCHED,none,NONE,OGD_Train_details_22122017,
AJM,Adraj Moti,,,,,UNMATCHED,none,NONE,OGD_Train_details_22122017,
UMNF,Ambliyasan J,,,,,UNMATCHED,none,NONE,OGD_Train_details_22122017,
CCG,Churchgate,,,,,UNMATCHED,none,NONE,OGD_Train_details_22122017,
RVJ,Ravli Jn,,,,,UNMATCHED,none,NONE,OGD_Train_details_22122017,
BCL,Mumbai Centr,,,,,UNMATCHED,none,NONE,OGD_Train_details_22122017,
BA,Bandra,,,,,UNMATCHED,none,NONE,OGD_Train_details_22122017,
VLDI,Vithalwadi,,,,,UNMATCHED,none,NONE,OGD_Train_details_22122017,
VGI,Vangani,,,,,UNMATCHED,none,NONE,OGD_Train_details_22122017,
BVS,Bhivpuri Roa,,,,,UNMATCHED,none,NONE,OGD_Train_details_22122017,
THS,Thansit,,,,,UNMATCHED,none,NONE,OGD_Train_details_22122017,
OMB,Umbermalli,,,,,UNMATCHED,none,NONE,OGD_Train_details_22122017,
BY,Mumbai (Bycu,,,,,UNMATCHED,none,NONE,OGD_Train_details_22122017,
CLA,Kurla,,,,,UNMATCHED,none,NONE,OGD_Train_details_22122017,
DI,Dombivli,,,,,UNMATCHED,none,NONE,OGD_Train_details_22122017,
THK,Thakurli,,,,,UNMATCHED,none,NONE,OGD_Train_details_22122017,
KOPR,Kopar,,,,,UNMATCHED,none,NONE,OGD_Train_details_22122017,
MBQ,Mumbra,,,,,UNMATCHED,none,NONE,OGD_Train_details_22122017,
KLVA,Kalva,,,,,UNMATCHED,none,NONE,OGD_Train_details_22122017,
MLND,Mulund,,,,,UNMATCHED,none,NONE,OGD_Train_details_22122017,
BND,Bhandup,,,,,UNMATCHED,none,NONE,OGD_Train_details_22122017,
VK,Vikhroli,,,,,UNMATCHED,none,NONE,OGD_Train_details_22122017,
GC,Ghat Kopar,,,,,UNMATCHED,none,NONE,OGD_Train_details_22122017,
MTN,Mumbai (Matu,,,,,UNMATCHED,none,NONE,OGD_Train_details_22122017,
PR,Mumbai(Parel,,,,,UNMATCHED,none,NONE,OGD_Train_details_22122017,
NHU,Nahur,,,,,UNMATCHED,none,NONE,OGD_Train_details_22122017,
VVH,Vidyavihar,,,,,UNMATCHED,none,NONE,OGD_Train_details_22122017,
CRD,Mumbai Curre,,,,,UNMATCHED,none,NONE,OGD_Train_details_22122017,
CHG,Mumbai (Chin,,,,,UNMATCHED,none,NONE,OGD_Train_details_22122017,
SNRD,Mumbai Sandh,,,,,UNMATCHED,none,NONE,OGD_Train_details_22122017,
MSD,Mumbai (Masj,,,,,UNMATCHED,none,NONE,OGD_Train_details_22122017,
VSH,Vashi,,,,,UNMATCHED,none,NONE,OGD_Train_details_22122017,
VDLR,Mumbai Vadal,,,,,UNMATCHED,none,NONE,OGD_Train_details_22122017,
BEPR,Belapur C.B.,,,,,UNMATCHED,none,NONE,OGD_Train_details_22122017,
MNKD,Mankhurd,,,,,UNMATCHED,none,NONE,OGD_Train_details_22122017,
CMBR,Chembur,,,,,UNMATCHED,none,NONE,OGD_Train_details_22122017,
NEU,Nerul,,,,,UNMATCHED,none,NONE,OGD_Train_details_22122017,
